block_num,tx_hash,from,to,detect_time,attack_signals,selector,has_asset_impact
25739364,0x5edd19f6942a27fedbecbcb3dcd9322470e4e533151acbfef7e5bd44d938d424,0x59aab1bd0d26290274398c07b55955c15425e16b,0x00fe78205f5f0e63b8ad2b2ae5337f538a610e04,2026-08-12T22:00:00,repeated_internal_token_drain;dense_internal_fund_flow;complex_trace;high_gas_used_context;token_activity_burst;repeated_risky_internal_calls,0x34fcd5be,true
25739364,0x54a2bd1e74b9e3dc689317d8b3acc342b857830567e94f39a54954a09a21f97c,0x4838b106fce9647bdf1e7877bf73ce8b0bad5f97,0xfeeeeee44046c3f61a8cc081e0918ef0de0a7ffc,2026-08-12T22:00:01,selfdestruct_context,0x6a7c7be7,true
25739365,0x05ebe2108d5734b3a2c1b4276698270903f58113be865d846b9f1c30178cf72a,0x2fe6520635f011daeb3474404c2bdd191c9846cd,0xace0fabed501e819ecc15e67c7ed3a67c2f67e91,2026-08-12T22:00:12,large_erc20_asset_flow;complex_trace,0x0288e6a0,true
25739365,0xdd31b75f151dfa1afa4a07e8ee8754365f5261eae9da0959351d896af2792930,0x7830c87c02e56aff27fa8ab1241711331fa86f43,0xa9d1e08c7793af67e9d92fe308d5697fb81d3e43,2026-08-12T22:00:12,dense_internal_fund_flow,0x1a1da075,true
25739365,0xdaaf7279a379b400876b86c18acfd8c39b985bb2fb07c680edf7d55319c38e4d,0x677fb77c40fc2d8e4cce00841038dfe5710bb78f,0xabe418cc8c06d265e4eb009c02ea4b265eca7240,2026-08-12T22:00:13,large_erc20_asset_flow,0xac9650d8,true
25739365,0x129184a9d6544d20bb4d618b8c3d42103ecad68dce36233a4ce2213b3fc478a8,0x09cfee647fa339133380191c8db6b44f24500c9d,0x77b85afbcd336993ac1c65057531c5a5b33b76b8,2026-08-12T22:00:16,high_gas_used_context;token_activity_burst,0xa9059cbb,false
25739365,0x79d6e8395b5d9fa06cefd0b405f4caf7facb4f04172052238b6d802e664cb975,0x35a31744530bf5963c83998344567965969b8f11,0x8090a9db6aca56ffa186c75ca0787b18af1058a0,2026-08-12T22:00:16,large_erc20_asset_flow;complex_trace,0xd85064c2,true
25739365,0x82c8b7d345f1e0a678dd9cbac620c00a61788c06d5fd409adce9d3f426c4eda1,0xd6e7f896833c4367b2b4db6f1768e4cf7d205abf,0x87b65c4aaffa76881f9e96f3e7ed945ddfc3cd7a,2026-08-12T22:00:16,large_erc20_asset_flow;complex_trace,0x107703ab,true
25739365,0x9cda6c8bd3b56d347b43bb55f4f4313c64c9c3c61f3446065142325a22cf0568,0x49e1bf431e9bbbd8e57afcd21ccac3f30e7d98d3,0x28b1dc1a5e3699a428bc51d234dfab7c9cb2a183,2026-08-12T22:00:16,complex_trace;high_gas_used_context;token_activity_burst;approval_burst,0xf2c42696,true
25739365,0xc7d6e5683ca283f14948c87b1931bdf79db0d80c4f052eabc55a581c4179f590,0x18d3d1beb50bb1e0f7edd1a1189622a34ca7bb63,0xc0d626efba75d74d6c50e3b1dadbb41d32169748,2026-08-12T22:00:16,large_erc20_asset_flow;complex_trace,0xc7c7f5b3,true
25739365,0xe064387bb0876611721d7b51a6be59b313bae65496a32626dfc14826117065e2,0x4ae8f9294dcf802d22af1ccb1e05e8fc7ac26bb2,0x18978ce2fe296a11830928dab00cc2b160ad7099,2026-08-12T22:00:16,complex_trace;high_gas_used_context,0x9265bb9d,false
25739366,0x0596e316206cd24daa3f628959d8efeac29e58ca436dae7b9490ba2977d2e44c,0xe93685f3bba03016f02bd1828badd6195988d950,0x173272739bd7aa6e4e214714048a9fe699453059,2026-08-12T22:00:23,complex_trace;high_gas_used_context,0x7cd44734,false
25739366,0x0b97269186cfd9758bcac50c673a8d0190a185a8457ecdd8bf1dcf8efb06e80e,0x59aab1bd0d26290274398c07b55955c15425e16b,0x00fe78205f5f0e63b8ad2b2ae5337f538a610e04,2026-08-12T22:00:23,repeated_internal_token_drain;dense_internal_fund_flow;complex_trace;high_gas_used_context;token_activity_burst;repeated_risky_internal_calls,0x34fcd5be,true
25739366,0x3aca1092d7ebc99d83cfc85f7fb7c985ea1a035e97e9cd7d6caccb5738f003c1,0x1584a8ee67789d1fe161065388657ad2f2a3c7dd,0x77eb52e44db06777bce478159f25c0d55a295314,2026-08-12T22:00:23,repeated_internal_token_drain;dense_internal_fund_flow;complex_trace;high_gas_used_context;token_activity_burst;repeated_risky_internal_calls,0xa9059cbb,true
25739366,0x5ed2606c3d21f29cef067cb0aa4e3764a5c18c5cea42d1dd349def62663384a3,0x5a9ce6113eb1a3d6cb3ee9739b438c6f0c8d32c7,0x91ff8bbd8ebb07893010d50a48a1609e5ebd8e34,2026-08-12T22:00:23,complex_trace;high_gas_used_context,0x069d1525,false
25739366,0x957b540911782e8760ecfc22ae4bf1621563aeb913a0c6a79c5a43b59949787f,0x8a487b81be516430a27752631d84f59870ad796f,0xc36442b4a4522e871399cd717abdd847ab11fe88,2026-08-12T22:00:23,large_erc20_asset_flow,0x88316456,true
25739366,0xa267bf8395e4a9ed570b00436e8d7b98db0724a159d4896b5c093d5dd2425981,0xa3ab2b10bf2508a9e4455a35e2f4a9d0ced18464,0x91ff8bbd8ebb07893010d50a48a1609e5ebd8e34,2026-08-12T22:00:23,complex_trace;high_gas_used_context,0x069d1525,false
25739366,0xe2d2d77e507b171d9caa8363c9b40717e714434c2dba2b8758d89d15ef59af90,0x3f6f53ffd7975e37d3f6cf8886de60c8ab0ab4d2,0xc36442b4a4522e871399cd717abdd847ab11fe88,2026-08-12T22:00:23,dense_internal_fund_flow,0xac9650d8,true
25739366,0xbbd3b409a8cd6c9fd7751090dcfcbdba98e31ff57a984c3f2848141a910dfdae,0x4838b106fce9647bdf1e7877bf73ce8b0bad5f97,0xfeeeeee44046c3f61a8cc081e0918ef0de0a7ffc,2026-08-12T22:00:24,selfdestruct_context,0x6a7c7bff,true
25739367,0x5313c35418f54cbc040eb4e9796a17cfa55296e9e2c1966bffd4e2694fb141ec,0x0c27f5bd5a2a616fe90237b955eaef575159754e,0xe3cc16cffa085c78e5d8144c74fa97e4fe53d68d,2026-08-12T22:00:34,large_erc20_asset_flow,0x1ba0e812,true
25739367,0xeb0be61e04fc4e844a0e0d2b42dcfc7a87008ef8fb3d0dd6f50693dbebcaa21f,0x1ec8c4266c3d17f427bbcc4a738b146192eed4be,0xe45572dff1865af5f12208b09ce7506847f628bd,2026-08-12T22:00:34,complex_trace;high_gas_used_context,0x00000000,false
25739368,0x0603711cd8b4344f729142249d572af2df370b5814821a8731a0e8eb46125fbc,0x865166dca4519a0aee3fe30db27dd5de799d7c5c,0xacddac6c77318b615f7f6fb9bb67c6833e9c05f1,2026-08-12T22:00:43,large_erc20_asset_flow;complex_trace,0x571d3dc7,true
25739368,0x11dc545028a4e403fe184fa0446fc49cd21bb0649b4bc75515d025b6db2c98d9,0xd05e923f833c548dd4820f8927d0e9626c4d54d8,0x4c82d1fbfe28c977cbb58d8c7ff8fcf9f70a2cca,2026-08-12T22:00:43,large_erc20_profit_to_sender;large_erc20_asset_flow;complex_trace,0x3593564c,true
25739368,0x20a8a83fdd78d1002862a015c9bbe8ce39d448b0570308f4ed92a8503cd82615,0x4838b106fce9647bdf1e7877bf73ce8b0bad5f97,0xfeeeeee44046c3f61a8cc081e0918ef0de0a7ffc,2026-08-12T22:00:43,selfdestruct_context,0x6a7c7c17,true
25739368,0x57728348339d1cce1d6227ca361f0eb36b0b52412ae845abbd75e18053a24c95,0x2b3fed49557bd88f78b898684f82fbb355305dbb,0x09c30cdcdd971423cb3ba757a47d56c35d06d818,2026-08-12T22:00:43,dense_internal_fund_flow,0x318adb8b,true
25739368,0x751d582ca656f32f9e8a40313cf0c2ea92592d469f43467f7872e3c914aea0bf,0xb093f06aa297e8b962a0af5987d51f1999982ac5,0xd90e2f925da726b50c4ed8d0fb90ad053324f31b,2026-08-12T22:00:43,dense_internal_fund_flow,0x13d98d13,true
25739368,0x89226c254a1ee76b9abee13ae4db5b7d0a6aa8521a4dfdf6d67a3d2044277a8e,0x00000027f490acee7f11ab5fdd47209d6422c5a7,0x42e213a3ad048e899b89ea8cb11d21bc97b84748,2026-08-12T22:00:43,large_erc20_asset_flow;complex_trace;token_activity_burst;approval_burst,0x2bd0a0b8,true
25739368,0x0a9b8072c0328814844505b3a3ea9357e4ac92ff0acd30aefea42145b1c83108,0xa33e1f748754d2d624638ab335100d92fcbe62a2,0x6566194141eefa99af43bb5aa71460ca2dc90245,2026-08-12T22:00:44,large_erc20_asset_flow,0x374f435d,true
25739368,0x18400f2123ded1a60ba48b25e83e2919a04505db1672f9a405db3e87be23835e,0x294a7bf5b2568185619254c266805584df56a57d,0xfa7093cdd9ee6932b4eb2c9e1cde7ce00b1fa4b9,2026-08-12T22:00:44,large_erc20_asset_flow;high_gas_used_context,0xd8ae136a,true
25739368,0x41912f34c5e2ed2929635edcf0acf360f677ad6fbcc0e123e73fef7e6198f1f7,0x92fbb21d1e72f7f7f291a38d54f28b6ca81ca15c,0xc0d626efba75d74d6c50e3b1dadbb41d32169748,2026-08-12T22:00:44,large_erc20_asset_flow;complex_trace,0xc7c7f5b3,true
25739368,0xc60b800083faf0fbe8ac8a3d507c1b9828af341feca3060610153ecdbd315d76,0x4838b106fce9647bdf1e7877bf73ce8b0bad5f97,0xfeeeeee44046c3f61a8cc081e0918ef0de0a7ffc,2026-08-12T22:00:44,selfdestruct_context,0x6a7c7c17,true
25739369,0x972ee60aa43edc63ff7229a8fddb917881b88c733a3115db868c74c967db7003,0xb093f06aa297e8b962a0af5987d51f1999982ac5,0xd90e2f925da726b50c4ed8d0fb90ad053324f31b,2026-08-12T22:00:53,dense_internal_fund_flow,0x13d98d13,true
25739369,0x778b6225827de9c01ed8cab151fc524ab73076e38a821a33989ff3f9b1fa0f8e,0x70e59f9c304e4d5096bd408b571e2dcd99c3120b,0xad3b67bca8935cb510c8d18bd45f0b94f54a968f,2026-08-12T22:00:54,complex_trace;high_gas_used_context;token_activity_burst;approval_burst,0x146ee74d,false
25739369,0x0b6fb7b7471a09152cbcda4266711f5d4f6a2f8a3fdb3fd45468c0804bf10edd,0x1e060fb7847ab8de0e05e898c16714c9dcc9de6d,0x91ff8bbd8ebb07893010d50a48a1609e5ebd8e34,2026-08-12T22:00:55,complex_trace;high_gas_used_context,0x069d1525,false
25739369,0x3fdf7f94b853da9ca891076df344e6815e0b0ce5198dc8d0b16e868de601988d,0x4838b106fce9647bdf1e7877bf73ce8b0bad5f97,0xfeeeeee44046c3f61a8cc081e0918ef0de0a7ffc,2026-08-12T22:00:55,selfdestruct_context,0x6a7c7c23,true
25739369,0x5b34f37f798473bbf3011cf5f98023c2b8deadb6e45d0cae2840928fee3c5d8e,0x4838b106fce9647bdf1e7877bf73ce8b0bad5f97,0xfeeeeee44046c3f61a8cc081e0918ef0de0a7ffc,2026-08-12T22:00:55,selfdestruct_context,0x6a7c7c23,true
25739369,0x5d059a7f6d554042337cfb292a59d84a5f93d8458854a786cfe1caa055cfcba1,0x1584a8ee67789d1fe161065388657ad2f2a3c7dd,0x77eb52e44db06777bce478159f25c0d55a295314,2026-08-12T22:00:55,repeated_internal_token_drain;dense_internal_fund_flow;complex_trace;token_activity_burst;repeated_risky_internal_calls,0xa9059cbb,true
25739369,0x8af4c26cc1541d5eed0b04396dbbd5d7eb497c2f0b264bdd5def7b67a18ee640,0x4838b106fce9647bdf1e7877bf73ce8b0bad5f97,0xfeeeeee44046c3f61a8cc081e0918ef0de0a7ffc,2026-08-12T22:00:55,selfdestruct_context,0x6a7c7c23,true
25739369,0xe4cf9e40a37afa28b7f9073e2a0e5e9fb867849fec59d032269d876c8d974d98,0x80d04079ffc53eb14edbeeb37279d126f45552df,0xff9e96e75390a90db7a4d71389f841718f1a069f,2026-08-12T22:00:55,complex_trace;token_activity_burst,0x8aaa8f3b,false
25739370,0x26b9a634fc1d6d7958208da8d23def3156afd99a83c48a442dfcd929b7ff55ae,0xb093f06aa297e8b962a0af5987d51f1999982ac5,0xd90e2f925da726b50c4ed8d0fb90ad053324f31b,2026-08-12T22:01:04,dense_internal_fund_flow,0x13d98d13,true
25739370,0x498ca250e2e25604ddcb838e940e6ec07c5dd4fce180d8d9d088da2c5f4597a0,0x7830c87c02e56aff27fa8ab1241711331fa86f43,0xa9d1e08c7793af67e9d92fe308d5697fb81d3e43,2026-08-12T22:01:04,dense_internal_fund_flow,0x1a1da075,true
25739370,0xbf307cd7e99a996d209a67eaad078527418c0ece498cfeddee7077f6c13dfe1e,0x7830c87c02e56aff27fa8ab1241711331fa86f43,0xa9d1e08c7793af67e9d92fe308d5697fb81d3e43,2026-08-12T22:01:04,large_erc20_asset_flow;token_activity_burst,0xca350aa6,true
25739370,0xec21f1dcff3ee60283abc27e962b588961c29f92ad03b59bb4fcbc76e3b8f8df,0x4838b106fce9647bdf1e7877bf73ce8b0bad5f97,0xfeeeeee44046c3f61a8cc081e0918ef0de0a7ffc,2026-08-12T22:01:04,selfdestruct_context,0x6a7c7c2f,true
25739370,0x06962c0aabe56f4517961f7e68906febc326be65a5677c68daa7f21b42b4c454,0x41d209d275027e3dcf5ddc4d0c30cd6c6ece1ffd,0x91ff8bbd8ebb07893010d50a48a1609e5ebd8e34,2026-08-12T22:01:05,complex_trace;high_gas_used_context,0x069d1525,false
25739370,0x0cca10ae6a01423493181153daf09ccb565bf8822570517bb40f64cfbc2aadfd,0x61193d978c9ce5ba69293da96a56113be8de981c,0x91ff8bbd8ebb07893010d50a48a1609e5ebd8e34,2026-08-12T22:01:05,complex_trace;high_gas_used_context,0x069d1525,false
25739370,0x590ab548cb6c3eea44d36123a307644e8073cf3377aa61d5e88e27ec3fdaac9f,0x6572d9dbd1e4a1a1a81760dcc4310269b59950c7,0x91ff8bbd8ebb07893010d50a48a1609e5ebd8e34,2026-08-12T22:01:05,complex_trace;high_gas_used_context,0x069d1525,false
25739370,0xbdb21642bc1d4ce5ecff73becac4c2890a7ad3be78276e7576c27a6dc8e936d8,0x7f56302966ef91afb0d7baddc92b793efa8da7d9,0x91ff8bbd8ebb07893010d50a48a1609e5ebd8e34,2026-08-12T22:01:05,complex_trace;high_gas_used_context,0x069d1525,false
25739370,0xc5cfe367443d62db0c0c69aa122ce64fcb8810ad92c04e36799a8b8fbaf2ab00,0x72663ec3f3dcf59beff5d20594fd5777e05d9c17,0x91ff8bbd8ebb07893010d50a48a1609e5ebd8e34,2026-08-12T22:01:05,complex_trace;high_gas_used_context,0x069d1525,false
25739370,0xc6108a7f0d648ff80fefa637f89014e1961531ba6177868a2e69cb525f4bcd02,0xe9fce949e03ed55426471dbdb33847a248a83573,0x91ff8bbd8ebb07893010d50a48a1609e5ebd8e34,2026-08-12T22:01:05,complex_trace;high_gas_used_context,0x069d1525,false
25739370,0xef55ebe82b6a289403ba6348e6a83ff15481d8bda6bab2c7dbbc388d937a01f9,0x4337015333e7c8a3c5af4acd2c4aa4befb0d663c,0x0000000071727de22e5e9d8baf0edac6f37da032,2026-08-12T22:01:06,large_erc20_asset_flow,0x765e827f,true
25739370,0xac66d16a1a972e074c7301771b53ee7aad7f5ced538ff12710a5448b363121df,0x4838b106fce9647bdf1e7877bf73ce8b0bad5f97,0xfeeeeee44046c3f61a8cc081e0918ef0de0a7ffc,2026-08-12T22:01:08,selfdestruct_context,0x6a7c7c2f,true
25739371,0x017b5cb71d2de5af7ec5c191bc71458f3bb75bd1adfec059d6551d3f4fcc137c,0x70e59f9c304e4d5096bd408b571e2dcd99c3120b,0xad3b67bca8935cb510c8d18bd45f0b94f54a968f,2026-08-12T22:01:15,dense_internal_fund_flow;complex_trace;high_gas_used_context;token_activity_burst;approval_burst,0x146ee74d,true
25739371,0x19b29962c6725e9dd396b48af9ba39b50c60e4ff7339dc28157a8bb8b7df8e37,0xdd2d158a5083ef7d32f059c312eebb788867ad24,0xcb0151ac9479a6a0261622baa63ae843c9793d45,2026-08-12T22:01:15,dense_internal_fund_flow;complex_trace;approval_burst,0x64cd187f,true
25739371,0x8c5079e15ad85081cf40df335910614202af2f46e581976672e84098622b73b6,0x7aea63dabfc184b146ef61ac56072702d3146dbd,0x881d40237659c251811cec9c364ef91dc08d300c,2026-08-12T22:01:15,dense_internal_fund_flow;complex_trace,0x5f575529,true
25739371,0x2830b405f5a3459da61bc47ecd71c9c78e65e4d5c67708edc5dec33362ff7a47,0x64b9edd67c96c76bc3f9472c5a9e83547cfd4380,0x91ff8bbd8ebb07893010d50a48a1609e5ebd8e34,2026-08-12T22:01:17,complex_trace;high_gas_used_context,0x069d1525,false
25739371,0xcb5c69ccab602eae7a769649bae5317692a6fd6db9e71ea8708d2092268979b3,0x7c26c7b4187a571ba223d8fad67e6a7a00b71aff,0xe862bc39b8d5f12d8c4117d3e2d493dc20051ec6,2026-08-12T22:01:17,large_erc20_asset_flow;complex_trace,0x24cbd36c,true
25739372,0x16cc2ff6f6289bd5b0deba1f9a6a41add556da7426e253ec134e408de247715a,0x754dcfb2861547015b221e963b4133a71dbdc024,0xd78d199f8c402e7b5cc2abe278df0412400a3bae,2026-08-12T22:01:20,large_erc20_asset_flow,0x19535a54,true
25739372,0x2105cfae0b82724d9a2dbc79d5fb18b9f6041e7b6a97e05a3518cc2687a464f1,0xdbdacf54bcb6da86da90b1329bec35ce6c80c513,0x459d87d54808fac136ddcf439fcc1d8a238311c7,2026-08-12T22:01:20,very_complex_trace;high_gas_used_context,0x5eac6239,true
25739372,0xc8c95eed18d80b0a3c96b2f418bd621c10f79e97d33afd2f15ee55d72f903f71,0x0f6d91fbafa15c3f20e72a4cbf16ed65dd96323d,0x91ff8bbd8ebb07893010d50a48a1609e5ebd8e34,2026-08-12T22:01:21,complex_trace;high_gas_used_context,0x069d1525,false
25739373,0x105ef12be2d5cb774c99e5fa26f74cbe3c3da65aedf7fe0179d458cd41f3a740,0x942b41d990133d8d9989bf3bb2f89f9aa1d127fd,0x05898436b412f23d339df2f9fe5d34f12e394d92,2026-08-12T22:01:29,dense_internal_fund_flow;complex_trace;high_gas_used_context;token_activity_burst,0x9e79d47a,true
25739373,0x6f81c18fdcf94f47ac87d1447236a9e36adf29f31edadf74d8e8a70e53d61152,0xbc4afa99a86cec67ff901b61c02145513397bd75,0x28b1dc1a5e3699a428bc51d234dfab7c9cb2a183,2026-08-12T22:01:30,complex_trace;high_gas_used_context;token_activity_burst,0x0c307f76,true
25739373,0x8599e8460d67ea6df9eadff747cc50a9984d96bb0f033a48f5e8da32012e0fd4,0x43b2f01186fda9814c5f40770554ac68fd8304bd,0xc855882b1bcbd844cb6f1743d54c5516f4365faa,2026-08-12T22:01:30,dense_internal_fund_flow;token_activity_burst,0x7111a994,true
25739373,0x923b3fe704bd0d4aa5714f0fb176850a138abf80303aec9bc0cf52b5c6457537,0xb093f06aa297e8b962a0af5987d51f1999982ac5,0xd90e2f925da726b50c4ed8d0fb90ad053324f31b,2026-08-12T22:01:30,dense_internal_fund_flow,0x13d98d13,true
25739373,0xf096abddad8edf55689008b82311c8149b38a7f93698acce9415f67003a9e5bf,0x4d9644d05fe2123b4eafa8d7fd31b0ea430726f3,0x4313c378cc91ea583c91387b9216e2c03096b27f,2026-08-12T22:01:30,dense_internal_fund_flow,0xeffbec13,true
25739373,0xfa885444feda2bd4b8d7ab3b3de58a3705ba67e8bb128f3b02135fb1f9fa54e6,0xcae214dcc97572152a667d7c9c06b39d7790efea,0xacddac6c77318b615f7f6fb9bb67c6833e9c05f1,2026-08-12T22:01:30,large_erc20_asset_flow;complex_trace,0x571d3dc7,true
25739373,0xfd3a93eb40ecfee5e2c62e4a63f23e6b7f35962c29d5677dd3ecea0097038038,0x5e7a3d68e919237dc551e134de36da4ef654f1ea,0x0000000000000068f116a894984e2db1123eb395,2026-08-12T22:01:31,very_complex_trace;high_gas_used_context;token_activity_burst,0x87201b41,false
25739374,0x9588eb6c587d916428b08be123e7eeb8a576783e9e36eb10520c15b798c08e8e,0xb093f06aa297e8b962a0af5987d51f1999982ac5,0xd90e2f925da726b50c4ed8d0fb90ad053324f31b,2026-08-12T22:01:40,dense_internal_fund_flow,0x13d98d13,true
25739374,0xae433c5088c2f95923056b15ff1fb7f6614b61ccc475bbc1205551640dd33a64,0x5b43453fce04b92e190f391a83136bfbecedefd1,0xbdb3ba9ffe392549e1f8658dd2630c141fdf47b6,2026-08-12T22:01:40,large_erc20_asset_flow;complex_trace;high_gas_used_context;token_activity_burst,0x000000c3,true
25739374,0xf5563d5effa7bf68ee4a45ae55f76f2d604d47c233dfadfa3edc49b01c3be7a6,0x77412291569d2ea793d05a51e54403f2018c3277,0x9c2ff3c21945ddaef4605b7721e01832fd2f4a41,2026-08-12T22:01:40,large_erc20_asset_flow;complex_trace,0xc8f53c6d,true
25739374,0x97274a89be70410fe2f9430c740ed46aca49290e3469683acd81e23f1ff5e6ff,0xa18e06065811fafaae952919a5c409892dfdfd46,0xd731ef0321851431918fc3b085fd025a888576d5,2026-08-12T22:01:41,dense_internal_fund_flow;complex_trace;high_gas_used_context;token_activity_burst;approval_burst,0x601881f3,true
25739374,0xec927d01c6d5d66f8046a618d047bf5dbb803af2aba2bc372f70dec18aeb0fec,0xe99bd1c2dd70cd58e5efd47887991700e7318ce2,0xad3b67bca8935cb510c8d18bd45f0b94f54a968f,2026-08-12T22:01:41,complex_trace;high_gas_used_context;token_activity_burst;approval_burst,0x146ee74d,false
25739374,0x25acab5235738be5fd2c228587fcadc2940e363de8811378aad4f184559c9dec,0xfb076e0b813cc205a2d032b639f6d10f500dd9b7,0x000000ae384600d7252543855e3b0400f6008d00,2026-08-12T22:01:42,large_erc20_asset_flow;complex_trace;high_gas_used_context,0x00000000,true
25739374,0x27d278ac127707525cef7a843394c133b94c55da632c25024dbe0f0e2dbe8ec5,0x61bd00790e0f8c9c06f6dbaef92e7f1f2a882391,0xcfc6d9bd7411962bfe7145451a7ef71a24b6a7a2,2026-08-12T22:01:42,dense_internal_fund_flow;complex_trace,0xef54591d,true
25739374,0x9aa5a5a64d6ef9ee639b0bf451f02f0ba540360bb27b045fb3570d32cd94b228,0x9fc3da866e7df3a1c57ade1a97c9f00a70f010c8,0xfeeeeee44046c3f61a8cc081e0918ef0de0a7ffc,2026-08-12T22:01:42,selfdestruct_context,0x6a7c7c5f,true
25739374,0xf912d04accca14b1bf8b3e029579ba6f88b678dc6676d52c56c47beb441457cf,0x1da3dd644dceab11e08e0b31b2eeafea59cddaa4,0xc5184cccf85b81eddc661330acb3e41bd89f34a1,2026-08-12T22:01:42,large_erc20_asset_flow;complex_trace;high_gas_used_context,0xd41ddc96,true
25739375,0xbb762ff09fc47ce4d1ea085325ebac53649007fab550cb16363b922d9cb9a044,0x2b97aacd4320734ceb04c9a7494db086e9288d95,0x1b9937221bf5f76440987fd6ff754e7f62384117,2026-08-12T22:01:53,complex_trace;high_gas_used_context;token_activity_burst;approval_burst,0x601881f3,false
25739375,0x6fed2e709d5ec85475ee6451068a04eb5614fb8bac8bc8dc99f87bb7b21a58b2,0x45acfb2f5eb788d85af5d2354c72864aa1f0dff0,0x337685fdab40d39bd02028545a4ffa7d287cc3e2,2026-08-12T22:01:54,dense_internal_fund_flow,0x30dedc57,true
25739376,0x8a84649f5672e35591794f467b9eb2448b9f2617ab29f6461f456e83a5f87f30,0x83a86b883fbec513fb43774f21ab27f3369f9102,0xb4769e9c5be31199a25ecd1b0c6609183fa72521,2026-08-12T22:02:00,dense_internal_fund_flow;complex_trace;high_gas_used_context;token_activity_burst,0xa11b1198,true
25739376,0x171380958845742fba59979a82827b731e1551c14d0be683c4570947395962bf,0xbeea3fc7f306cbba9b292f247455b92ad66b3500,0xbeef02961503351625926ea9a11ae13b29f5c555,2026-08-12T22:02:01,dense_internal_fund_flow;complex_trace,0x64f5e9e7,true
25739376,0x1d48dfc55fabf50f3d6df983b60167f3a57075d0f3e3be833fb49c0bb06b8ab0,0xbe0b407782a7599380fa726db315340126d62229,0x4d2fb5f8ec243fde4df1a9678b82238570c7e0e4,2026-08-12T22:02:02,repeated_internal_token_drain;dense_internal_fund_flow;complex_trace;high_gas_used_context;token_activity_burst;repeated_risky_internal_calls,0x6a761202,true
25739376,0x1d0fb49aac9aa11a5b377b48fed76db9cb48b91f71b3c7ee5466f1bd4d342ffe,0x96c4af8a6634f1dd8d50d7e373a44852a511487b,0xbf53ee1460b9ae3d46ca46a5f2a00aa2d3b9c9ca,2026-08-12T22:02:03,privileged_execution_context,0xc6fe8747,false
25739376,0xb730c87a84478744c496fa9ed8fd9ec1c4a9478587b2efb0b733a922e03c4e22,0x09cfee647fa339133380191c8db6b44f24500c9d,0x77b85afbcd336993ac1c65057531c5a5b33b76b8,2026-08-12T22:02:03,repeated_internal_token_drain;dense_internal_fund_flow;complex_trace;high_gas_used_context;token_activity_burst;repeated_risky_internal_calls,0xa9059cbb,true
25739376,0x333a0df56629944818835fcdbfa9f46eff856b8c4334aa154d036a9b20cbd48d,0x4838b106fce9647bdf1e7877bf73ce8b0bad5f97,0xfeeeeee44046c3f61a8cc081e0918ef0de0a7ffc,2026-08-12T22:02:04,selfdestruct_context,0x6a7c7c77,true
25739376,0x3c8f7e60b5291dcf3b7a2fff4c4794b9776eac316212dbbb5cb44d0249a24d86,0xa1a63d47003ec2ccc8500fcd0db49a077ee65f23,0x66a9893cc07d91d95644aedd05d03f95e1dba8af,2026-08-12T22:02:04,dense_internal_fund_flow;complex_trace,0x3593564c,true
25739376,0x5b684606479e5343ea8c6ae6ee27fa101ec99f606538a3eae6ba3d135f17891b,0x4337038429b76948ee97eb2d8115513277c3abf5,0x0000000071727de22e5e9d8baf0edac6f37da032,2026-08-12T22:02:04,privileged_execution_context;complex_trace,0x765e827f,false
25739376,0xdd6164ac591a4584a181ca5612a5e639bc4322ac081f87b62329edc9d86542f1,0x4838b106fce9647bdf1e7877bf73ce8b0bad5f97,0xfeeeeee44046c3f61a8cc081e0918ef0de0a7ffc,2026-08-12T22:02:04,selfdestruct_context,0x6a7c7c77,true
25739377,0x0f5fc25112d406d40d8e4829c54f39a6581294cb5e6fb11fd88f1b6f45b2f195,0xf70da97812cb96acdf810712aa562db8dfa3dbef,0xccc88a9d1b4ed6b0eaba998850414b24f1c315be,2026-08-12T22:02:22,dense_internal_fund_flow,0x0a2b8f36,true
25739377,0x11bfb7df4d1c97dec979bf3d63a1653253719b9281d0ca69f5a88d863aa3b166,0x00000027f490acee7f11ab5fdd47209d6422c5a7,0x42e213a3ad048e899b89ea8cb11d21bc97b84748,2026-08-12T22:02:22,complex_trace;approval_burst,0x2bd0dac1,false
25739377,0x15ff7ee1cff212692d3088e233a49aad41063b9d239a96e6a9ceba780615cd45,0x0e0052a184fd59c6b7e1e99d739802ecb3aec0e4,0xd82461784eb72d4b67cbab077989eb215315e272,2026-08-12T22:02:22,complex_trace;approval_burst,0x805f7b65,false
25739377,0x265b7857bcd65c4aa976044adc4cae7f5e74fb0b8395095531daea18779cab96,0xbc4afa99a86cec67ff901b61c02145513397bd75,0x28b1dc1a5e3699a428bc51d234dfab7c9cb2a183,2026-08-12T22:02:22,complex_trace;high_gas_used_context;token_activity_burst,0x0c307f76,false
25739377,0x576d6af72ab68591b64ad84ee51edd42fba930f46e4822e2b4524f4de715b22c,0x96c4af8a6634f1dd8d50d7e373a44852a511487b,0xbf53ee1460b9ae3d46ca46a5f2a00aa2d3b9c9ca,2026-08-12T22:02:22,privileged_execution_context;complex_trace,0xc6fe8747,false
25739377,0xb0ecfc661f3e88d4e13c345ba7bc288faf8b692e9924e57ebc39abd3c998e2c8,0x4838b106fce9647bdf1e7877bf73ce8b0bad5f97,0xfeeeeee44046c3f61a8cc081e0918ef0de0a7ffc,2026-08-12T22:02:22,selfdestruct_context,0x6a7c7c83,true
25739377,0xecae229e901a561714e788748102ed0e0b3c6ee3869cf1958340d3e76ab16c1f,0x0bde59981fdeac219ce9e618d27f193438bff786,0x81463b0f960f247f704377661ec81c1fd65b5128,2026-08-12T22:02:22,complex_trace;high_gas_used_context;token_activity_burst,0x712c1718,false
25739377,0xf7a82a8fb90c511a1255028e9cfa92327eaa25a027717f880065a6d77c8c14ac,0x5b43453fce04b92e190f391a83136bfbecedefd1,0xbdb3ba9ffe392549e1f8658dd2630c141fdf47b6,2026-08-12T22:02:22,complex_trace;high_gas_used_context;token_activity_burst,0x000000c3,false
25739377,0x4991729421296175b45608460be035b1a8b4988eb119a717db955d4407addeb1,0x1584a8ee67789d1fe161065388657ad2f2a3c7dd,0x77eb52e44db06777bce478159f25c0d55a295314,2026-08-12T22:02:24,repeated_internal_token_drain;dense_internal_fund_flow;complex_trace;high_gas_used_context;token_activity_burst;repeated_risky_internal_calls,0xa9059cbb,true
25739377,0xa5220147668fb3349b8e8e13d305fec4a2fb7d9d9a8bc51318fa93d9ccda8de1,0x9c4cc9ae584d5a51368cf7c90008602abfb4fb08,0x89163e4cd81619019e22e8a62f0c96d86c89c984,2026-08-12T22:02:24,complex_trace;high_gas_used_context,0x7ae7cfb5,false
25739377,0x0b6de20a198d42a55b3fd7cb147b082bd0f5c46cfc189d713d6e37abeb45d4b3,0x4838b106fce9647bdf1e7877bf73ce8b0bad5f97,0xfeeeeee44046c3f61a8cc081e0918ef0de0a7ffc,2026-08-12T22:02:28,selfdestruct_context,0x6a7c7c83,true
25739378,0x66185b2fc4f4e88e74aa7d501d8b522b5a1c352a794297230caafd016f55925c,0x2133b08238b8dd0d752f071a1b796a80dff85198,0xb442b0b79ee370547205be9ce0f61d8438c2673a,2026-08-12T22:02:43,repeated_internal_token_drain;dense_internal_fund_flow;complex_trace;high_gas_used_context;token_activity_burst;repeated_risky_internal_calls,0xa9059cbb,true
25739378,0x68baa1b513cf5dadd9d45373b4d3c25cd782db9d2f3ec38b24a9ee61ca5aca92,0xa67d7eb4dc68fa6ce8e34ef8cadaf075b9893fbb,0xccc88a9d1b4ed6b0eaba998850414b24f1c315be,2026-08-12T22:02:43,dense_internal_fund_flow;complex_trace,0x0a2b8f36,true
25739378,0xf71460ba36728b5de40b6b1ead2099baa999ebbab9f1a48e8ec5d43da08f0d56,0x7d79bd0e4b3dc90665a3ed30aa6c6c06c89d224e,0x00000000000e56073987eaf8694fe54fca2f53de,2026-08-12T22:02:43,dense_internal_fund_flow;complex_trace;high_gas_used_context;token_activity_burst,0x3fdef701,true
25739379,0xd77b39b61259f2580a9ce47c08a45733754edf80a0e3d5fd7990df471bcb21b8,0x4337034c17597470b36ce40a761f2e9f55a2df48,0x0000000071727de22e5e9d8baf0edac6f37da032,2026-08-12T22:02:50,privileged_execution_context;complex_trace;high_gas_used_context,0x765e827f,false
25739379,0x5df3f91a23eed8116a7bcfe9abbaf1b956b8ab28ff0c25c175e37796a1665bd9,0x4838b106fce9647bdf1e7877bf73ce8b0bad5f97,0xfeeeeee44046c3f61a8cc081e0918ef0de0a7ffc,2026-08-12T22:02:52,selfdestruct_context,0x6a7c7c9b,true
25739380,0xbe601653d79adfb07ec993f34750f120ecb7bb65c34ce81bea023f0c66af4a71,0x1584a8ee67789d1fe161065388657ad2f2a3c7dd,0x77eb52e44db06777bce478159f25c0d55a295314,2026-08-12T22:02:59,repeated_internal_token_drain;dense_internal_fund_flow;complex_trace;token_activity_burst;repeated_risky_internal_calls,0xa9059cbb,true
25739380,0xc619cff7dc7e2856744df1a62a9d1b35ef0bf29eb85e5958d8b3347956d65ea5,0x43370250bfc02c7f085cb105558da41e9cdb2d79,0x4337084d9e255ff0702461cf8895ce9e3b5ff108,2026-08-12T22:03:00,dense_internal_fund_flow;complex_trace;high_gas_used_context,0x765e827f,true
25739380,0xe8dc3dcd17d4827f79525fea5a09957ad29f94a6d8444f4a1581446e901a53f8,0x4838b106fce9647bdf1e7877bf73ce8b0bad5f97,0xfeeeeee44046c3f61a8cc081e0918ef0de0a7ffc,2026-08-12T22:03:00,selfdestruct_context,0x6a7c7ca7,true
25739381,0x37485f9df673edbde6e13c6adffb347389ce4dcc9d56f4b60d3a1496132c61cb,0x000000ffa51e8fd8dc15c5b77990234810a640e8,0x0a8accba63f42e743a31f33c44b87be0c83fe230,2026-08-12T22:03:08,complex_trace;token_activity_burst,0x99000000,false
25739381,0xb9137a177e91d281f5fe24da17d9b700fecd429c5f409e06b9f0f7dd1914328b,0xb0391f935209b0072af82ad6fb0ff17663898179,0x61230b10cf353774ba086c126064efa813b5fd6f,2026-08-12T22:03:08,dense_internal_fund_flow;complex_trace,0x00000000,true
25739381,0xc1a5198b418e27015530d8b1c0a8e24f2745208db7725d903eafb84d5d4a591f,0x87edc5258c6436e239ad851d05c52802ea27c19e,0x52b335fd4d229c4b4ffa6190526e4b5fb8e3fb09,2026-08-12T22:03:08,dense_internal_fund_flow;complex_trace,0x085c8c5e,true
25739381,0x2e77b0b44abc959262473d24dfebd858409bf6388371ba9fc2169ccbba5ec9fa,0x4838b106fce9647bdf1e7877bf73ce8b0bad5f97,0xfeeeeee44046c3f61a8cc081e0918ef0de0a7ffc,2026-08-12T22:03:10,selfdestruct_context,0x6a7c7cb3,true
25739381,0xaa3aea98de661b82725878ba7bf1770d586063f830d8ffedda14afc5f5c1195f,0x3431172c887cf150d9fdaba9876273d9db566367,0x64f5aad0e38e2ff9f50f2e51e813e49c05aca41a,2026-08-12T22:03:10,complex_trace;high_gas_used_context;token_activity_burst,0xa9059cbb,false
25739381,0xf8f74cd8dbda780e307ee59d58bb34841e0c87580be8b2bf290ac96b2330e9a2,0x59aab1bd0d26290274398c07b55955c15425e16b,0x00fe78205f5f0e63b8ad2b2ae5337f538a610e04,2026-08-12T22:03:10,repeated_internal_token_drain;dense_internal_fund_flow;complex_trace;high_gas_used_context;token_activity_burst;repeated_risky_internal_calls,0x34fcd5be,true
25739381,0xf97e4048eb94d9e844d984e57c0772fc9ee9dbcc0e9e08261bc6f5fba3369ec7,0xa3714d5a468c1140d3fd6285ac3c2a3856a03ab9,0x4313c378cc91ea583c91387b9216e2c03096b27f,2026-08-12T22:03:10,dense_internal_fund_flow,0xeffbec13,true
25739382,0x731fd96a7d4df4c67a2311c2f01cda4738a672564c79cf749be5ed71617b5e8b,0xb08720c8998af8d4a43db3d0e36854d5375d9ddd,0x37f6387084f9654ab6099fc68eb1790e83d4bf28,2026-08-12T22:03:17,privileged_execution_context;complex_trace,0xefd17e53,false
25739382,0x1d55ab539b8e6d22dadfd04a143ad7704ef6136fa4fcef84880aaf6f00577b96,0x9919820b06b75c14e2a205089485621dc9b0fefc,0x28b1dc1a5e3699a428bc51d234dfab7c9cb2a183,2026-08-12T22:03:18,complex_trace;high_gas_used_context,0x0c307f76,false
25739382,0x184fe1c1b63e2f336a45386565d7a361c5df017f9dcc7b8c7a5bfa07393d68cb,0x4838b106fce9647bdf1e7877bf73ce8b0bad5f97,0xfeeeeee44046c3f61a8cc081e0918ef0de0a7ffc,2026-08-12T22:03:19,selfdestruct_context,0x6a7c7cbf,true
25739383,0x11829fd71219944981575c319d87e3adcbc98fe7fe7952cdc0c16b81b7288249,0x41ee29fba72ecd1e815f2cb58bda833bddb6a1cb,0xd90e2f925da726b50c4ed8d0fb90ad053324f31b,2026-08-12T22:03:21,dense_internal_fund_flow,0x13d98d13,true
25739384,0x8dcc5f4f19c97c99d0d970cbe2cc4788e7bbeefc8cbb8c4018c7ab3258f5ea77,0x9fc3da866e7df3a1c57ade1a97c9f00a70f010c8,0xfeeeeee44046c3f61a8cc081e0918ef0de0a7ffc,2026-08-12T22:03:25,selfdestruct_context,0x6a7c7cd7,true
25739384,0x9077bd1f7e65b1c1b68efc373608ef8b953b7d976eb4ef149caa657de7274d08,0x30fde0477b73c793d60489d692e11d21ad262ea1,0xd152f549545093347a162dce210e7293f1452150,2026-08-12T22:03:25,complex_trace;high_gas_used_context,0xe63d38ed,false
25739385,0x6fa768eaaa8bf4faa88e74268e70f6cef7433217acba4fbf098b67c44329472e,0x8e89564670087fb951c79c03c0d68055693c7aa8,0x4b47d7291664beb43e03588e2698e10ba2cd21b3,2026-08-12T22:03:29,repeated_internal_token_drain;dense_internal_fund_flow;very_complex_trace;high_gas_used_context;token_activity_burst;approval_burst,0x9eb723c7,true
25739385,0xb3a519d33a246d2381f9a962950a8b99df0d44e64864f36653068d916763a12f,0x4838b106fce9647bdf1e7877bf73ce8b0bad5f97,0xfeeeeee44046c3f61a8cc081e0918ef0de0a7ffc,2026-08-12T22:03:29,selfdestruct_context,0x6a7c7ce3,true
25739385,0xbefd05de203d9a741e30b43afeaea4f4a960c0dd76dfe4afc4d6f7a73d6c4934,0xf27bcacc72b4e3b5498ce3c7420e774bc87420be,0xf0b28f39c83be9d04e54be972705426a9593ff51,2026-08-12T22:03:29,dense_internal_fund_flow;complex_trace;high_gas_used_context;token_activity_burst,0x601881f3,true
25739386,0x3a0f93fb71ced0787472e8e7a55f58b814a69180d5cc0d861bfd62db385c088b,0x43b2f01186fda9814c5f40770554ac68fd8304bd,0x7cd9fdda6eedb56fae9c5a50fe07360a46cd9885,2026-08-12T22:03:43,dense_internal_fund_flow;token_activity_burst,0x7111a994,true
25739386,0x7ba47ee2f84449edfbd4f0800024b37690fb80d9d3df73d115fbe3c1ae3f94a9,0xbc9f3d253e0e4fa7970da8a1d01fece566ea3fa1,0x28b1dc1a5e3699a428bc51d234dfab7c9cb2a183,2026-08-12T22:03:43,dense_internal_fund_flow,0x0c307f76,true
25739386,0xae40537e6def89ee552fa69dd16e8665a09d4a1b617cab911a47acce4430e6bd,0x2c4aeff11a0c0e1973cae3809b145d35798c6521,0x91ff8bbd8ebb07893010d50a48a1609e5ebd8e34,2026-08-12T22:03:43,complex_trace;high_gas_used_context,0x069d1525,false
25739387,0xcff0fad14b73e2c78733bc269181db33ff456752483be60db3591b9c3f32cd64,0x7556699aa8e6a7c9c69bcfaf9debd05f8192b063,0x84cab37995229530d9e6e5cff2f8f4ebe4517d66,2026-08-12T22:03:51,dense_internal_fund_flow;complex_trace;high_gas_used_context,0xe587456a,true
25739387,0x132d203c219df2234606d84eeb5d0b3cf0d1c47b12a93656db293b480f0d1d2f,0x4337006f33e2940fcbebd899bf2396117e65df9b,0x0000000071727de22e5e9d8baf0edac6f37da032,2026-08-12T22:03:52,privileged_execution_context;complex_trace,0x765e827f,false
25739387,0x1b66399301d337aff79fc748c2919ed3b99908bec74f6bca05cb96648784255f,0x0413d4296cd1300dfc5a931d0acf4f0630cde08a,0x881d40237659c251811cec9c364ef91dc08d300c,2026-08-12T22:03:52,dense_internal_fund_flow;complex_trace,0x5f575529,true
25739387,0x6445de26f393947a85f9b3dd41ff40c34a0d9592f46befde5173e6e2b9a50bc1,0x0773fd9894ebc0aac1196c340d8a41a7ab14a7ae,0xf3cd1e9326d1965935b287b1ee75c7183359a88a,2026-08-12T22:03:54,privileged_execution_context,0x66b7f9e7,false
25739387,0xa3e755ab5b6300b5305e1444a8f31ceda5f6d5ef025964f6968d04195a4e1d96,0x834d10cef4e5a75d3edddcbb1c5a94f8094e5713,0xd226997439ecfbeff8e110c8c78c8a7eefd19f89,2026-08-12T22:03:54,complex_trace;high_gas_used_context;token_activity_burst,0x99999999,false
25739388,0x6945f8ba6bfac0078d86d95208f6be8d9570af404c968c98d03f5c15d0e87136,0xbe98d04a328fcb20fa552079a4b494a2e87dfb35,0xded21def8a9ce6da534851958e53f1405e19c9f4,2026-08-12T22:03:58,dense_internal_fund_flow;complex_trace;high_gas_used_context;token_activity_burst;approval_burst,0x601881f3,true
25739388,0xcd394e188b0c286c8c9e35cb21d066072ff4eefb927b8e129d1a4ec182e2050c,0x361e6649e2686846c8ebbdb1e9994e024d46a0f8,,2026-08-12T22:03:58,privileged_execution_context;contract_creation_context,0x60406080,false
25739388,0x2ac5468b187bd1450dc659fcb33ea5ec17b287b16615ee7af0d2e1fbd0138fb9,0xfc9928f6590d853752824b0b403a6ae36785e535,0xe2536231fc1512babc8c856ad7499830a936bdd9,2026-08-12T22:03:59,dense_internal_fund_flow;very_complex_trace;high_gas_used_context;token_activity_burst,0x03fb13d5,true
25739388,0xc5abcd270d6c88a70a5c90c7963042ec6009e0dba919840d509715018aa3541e,0x4838b106fce9647bdf1e7877bf73ce8b0bad5f97,0xfeeeeee44046c3f61a8cc081e0918ef0de0a7ffc,2026-08-12T22:03:59,selfdestruct_context,0x6a7c7d07,true
25739389,0x4b469b03f50b05c077197737d9193363e0463ffc4ef9ba25b5642a336fc3f88a,0x5b43453fce04b92e190f391a83136bfbecedefd1,0xbdb3ba9ffe392549e1f8658dd2630c141fdf47b6,2026-08-12T22:04:09,dense_internal_fund_flow,0x000000cc,true
25739389,0x6f9a1cb1096426b43a0b2eeb35145bb7d0a3f11cbc1df4c9591e286d9f905d5b,0x5b43453fce04b92e190f391a83136bfbecedefd1,0xbdb3ba9ffe392549e1f8658dd2630c141fdf47b6,2026-08-12T22:04:09,repeated_internal_token_drain;dense_internal_fund_flow;very_complex_trace;high_gas_used_context;token_activity_burst;repeated_risky_internal_calls,0x000000c3,true
25739389,0xe816f32484fb800cd7a8f44de45cdf961f36cf3f696f10cbf7950870d8102d6e,0x0da9c6f1e7c62734b495d65f3e2ab7c02de53f44,0xc9482c957b439086cec652098336639aad4b0825,2026-08-12T22:04:11,privileged_execution_context;complex_trace,0xefd17e53,false
25739389,0xbc5fda97b0777398c16cd7b48d3c19c10685e8abc078716fdd4f2610dda9527f,0x9fc3da866e7df3a1c57ade1a97c9f00a70f010c8,0xfeeeeee44046c3f61a8cc081e0918ef0de0a7ffc,2026-08-12T22:04:13,selfdestruct_context,0x6a7c7d13,true
25739390,0x4a6e7cde11dc31519f7519c6e3ec864561c2da8646a0bea90848825e863b126f,0xe99bd1c2dd70cd58e5efd47887991700e7318ce2,0xad3b67bca8935cb510c8d18bd45f0b94f54a968f,2026-08-12T22:04:19,dense_internal_fund_flow;complex_trace;high_gas_used_context;token_activity_burst;approval_burst,0x146ee74d,true
25739390,0xb285b0116e368dc35224129f1029ea6785bec0f4d91aea94eb1dec0d2b3bbc5e,0xb52dae80b2ce64715d50ff3dfe4edd337f3d29bf,0x68f9dd5ba38250b9f1653c5e119f72b54f61092c,2026-08-12T22:04:19,dense_internal_fund_flow;complex_trace,0x111966f6,true
25739390,0xb5d3683509a6776b8ef25f47d02c9674188ed0511346c0747d4fc3295a895808,0xbb39f22748c544c9a238382033bd991ced2bb22c,0x2b5bc1e4e271571cbd36996a8d105b19624cdcea,2026-08-12T22:04:19,dense_internal_fund_flow;complex_trace;high_gas_used_context;token_activity_burst;approval_burst,0x601881f3,true
25739390,0xdca454d1b46d3ff863c40b8f970e6e76fb9bb8694579daaf5e570b154ed05828,0xbd554f774bc3101201a380ea03cc2bef18135a07,0x4b47d7291664beb43e03588e2698e10ba2cd21b3,2026-08-12T22:04:19,dense_internal_fund_flow;complex_trace;high_gas_used_context;token_activity_burst,0x9eb723c7,true
25739390,0x553de33634286f838abd81446e9f0dbbcc236268662f18cdd6d0ad63a3cf1c84,0x7f881d3ea884051dfa36dcf68fa879dc83a9fc85,0x00000f91109c4d0007e90000d9facad5298a0cac,2026-08-12T22:04:23,large_erc20_asset_flow;complex_trace;high_gas_used_context;token_activity_burst,0x0053be41,true
25739390,0x32abe6ecc177c69ef25853a545c89d164844ae1087ccb87fa7dbc92b3899a979,0xf41c1f8d4ca7f619286efcef3a5bf4925ef569f1,0x71d5dcd76fb9ca8fe92b4952f13eaad149a955e0,2026-08-12T22:04:52,complex_trace;high_gas_used_context,0x99000000,false
25739390,0xa6925ca1bd886b3c2c1c05bfa7b12b6140277ddda33e4bb708b4c6d683c481dd,0x9dcee0508f3c6f5f11b2da95fe6dfdb517ebd1db,0x97caca78ac2a94c67643d07843f85afaa44a3ea5,2026-08-12T22:04:52,dense_internal_fund_flow;complex_trace,0xc02409ba,true
25739390,0x4f75f35e343400dbc5d9104f259a3a2f7df95fc5cb371a60c8a6ab0aaa658ac3,0x7b34ccf06bc0b4bf4ad3e801890634cde6a7057c,0x07964f135f276412b3182a3b2407b8dd45000000,2026-08-12T22:04:53,dense_internal_fund_flow;complex_trace,0x6b3ec416,true
25739390,0xa2624565e0d5c16aa725eeec3dd8c944c3f9e062d65491f8e05d4f98efaf1e68,0x4838b106fce9647bdf1e7877bf73ce8b0bad5f97,0xfeeeeee44046c3f61a8cc081e0918ef0de0a7ffc,2026-08-12T22:04:53,selfdestruct_context,0x6a7c7d1f,true
25739390,0xafc1bd2e361b567c5f4559d90e7f51038d482a96504a0cc8f79b46992197ff48,0x70dfd3ebb6952bf9264379af40f2293bda9361fe,0x7832a0698f88a4cfd0fa24712aa6c8a7263f68f0,2026-08-12T22:04:53,dense_internal_fund_flow,0x01256a78,true
25739391,0x098a0ba86cbdf46f996030689cdfd1e2fa3aebac3b1a7c40455bdcd7fd535a8b,0x7b49bc3ebbdf7322f31c6449320382bbec3be1b6,0xad3b67bca8935cb510c8d18bd45f0b94f54a968f,2026-08-12T22:05:02,complex_trace;high_gas_used_context;token_activity_burst;approval_burst,0x146ee74d,false
25739391,0x55b9a46c0221cba0b419d94f560674615695ef58e688faa03edb533f3da863ac,0xb633d9b6763b4c7d8773992d4233686da8079df9,0xe2ab7086a930105513eb18c07db364c3ba47b5a1,2026-08-12T22:05:07,dense_internal_fund_flow,0x1cff79cd,true
25739392,0xb18b0998e6576d10d7744f0750c14485051d2fc40f3a9312213360e90aecf674,0x30fde0477b73c793d60489d692e11d21ad262ea1,0xd152f549545093347a162dce210e7293f1452150,2026-08-12T22:05:13,complex_trace;high_gas_used_context,0xe63d38ed,false
25739392,0xc4631f1129fb665304dd2b449db5f243cbcd6e4b8220df5cfab4c6a641c5593c,0x43370308b53e3611521ba48e2f7632a5644d7b1f,0x0000000071727de22e5e9d8baf0edac6f37da032,2026-08-12T22:05:17,privileged_execution_context;complex_trace,0x765e827f,false
25739392,0x9e7ee2a72e9490b85b0b3826123ec17dabc2c870da5eb1de65e0b4bea945892f,0x4337011463ef6bd863e47e7b5e743d2522261131,0x0000000071727de22e5e9d8baf0edac6f37da032,2026-08-12T22:05:18,privileged_execution_context;complex_trace,0x765e827f,false
25739392,0xc02eac94ccb4d52446c7fac509a8eb7edce32c87250f06d05aebaf9e7eb723b6,0x4838b106fce9647bdf1e7877bf73ce8b0bad5f97,0xfeeeeee44046c3f61a8cc081e0918ef0de0a7ffc,2026-08-12T22:05:18,selfdestruct_context,0x6a7c7d37,true
25739393,0x481fac45c5d5b9374517aea35c5ac18943ad3778ed6b342427aba80abf84b85b,0xb3262968cb039f9460632ec1fdd7f6b381018ebb,0xa8c1c98aaf99a5dfc907d61b892b2ad624901185,2026-08-12T22:05:28,large_erc20_asset_flow,0x0970a5a0,true
25739393,0x67500c7374cfd8e470e3d894d59db56dedccdb69806df1043f706ef6149af5fd,0x4838b106fce9647bdf1e7877bf73ce8b0bad5f97,0xfeeeeee44046c3f61a8cc081e0918ef0de0a7ffc,2026-08-12T22:05:29,selfdestruct_context,0x6a7c7d43,true
25739393,0xbbbf01a68da8c6b76d8a5f83e52c49b67d867c7037e9e69d2ef939ff00d85552,0x486f7cbe195e9ec59e28e9012977bdd70c57d403,0x03f34be1bf910116595db1b11e9d1b2ca5d59659,2026-08-12T22:05:29,dense_internal_fund_flow;complex_trace,0xe47d166c,true
25739393,0x0a79d2168d27040ac90c916887a2dee320fe724c70a7277ca1b1302f68d39a93,0x04c1f3adfe75e7a568d23564ce1771fca1c206bb,0xbc1d9760bd6ca468ca9fb5ff2cfbeac35d86c973,2026-08-12T22:05:30,dense_internal_fund_flow,0xd984396a,true
25739393,0x5a07e302d6b06b30e4a80dbcdc5ff8c3e48a5ebe3f24674e774907e036cadb61,0x433702948d7be4201a2bcee6c349ad807c547a5d,0x0000000071727de22e5e9d8baf0edac6f37da032,2026-08-12T22:05:30,privileged_execution_context;complex_trace,0x765e827f,false
25739393,0x92ee10109730da8c232212eddd899597bbeac8d540d638d273075ee266a4eed2,0x28d59e2e8d87b4b272a75b384f6f593a41b4df4a,0x0889e9327b98d7d1be3c301a4585ff3330502c9a,2026-08-12T22:05:30,dense_internal_fund_flow;complex_trace;high_gas_used_context;token_activity_burst,0x1fff991f,true
25739393,0xc6cc1a1bd21500b949b2d60907d97ba7c3f1bf97ccba7cdceb7280c522a4f5ef,0x0370046d62e8ee03d4f7773868fa67028f561f6b,0x6131b5fae19ea4f9d964eac0408e4408b66337b5,2026-08-12T22:05:31,large_erc20_profit_to_sender;large_erc20_asset_flow;complex_trace,0xe21fd0e9,true
25739393,0xac9b2128a80592caa758794faf9f3cf781b460641054b6b5fc9fbd1511a11cb9,0x0e0052a184fd59c6b7e1e99d739802ecb3aec0e4,0xd82461784eb72d4b67cbab077989eb215315e272,2026-08-12T22:05:32,complex_trace;approval_burst,0xbad401db,false
25739393,0xb6a4b6f985aecf0673a87abf12165be1234c9893029312861228bbd6804d9845,0xc0ffeebabe5d496b2dde509f9fa189c25cf29671,0xe08d97e151473a848c3d9ca3f323cb720472d015,2026-08-12T22:05:33,complex_trace;token_activity_burst,0x8cbf8566,false
25739393,0x1c4c9a8a7ebe1d7006377d03e2ed0233dee96a8ab3353c4ed842d23fc1005e28,0xc700da9a80e30a8e3590f89ca55792d1939584d8,0x337685fdab40d39bd02028545a4ffa7d287cc3e2,2026-08-12T22:05:34,complex_trace;high_gas_used_context;token_activity_burst,0x30dedc57,false
25739393,0x3f2e4f5486d8d9a2c30cb48954a86e82b2eda25b41674d831abd1648b537bce5,0x49e1bf431e9bbbd8e57afcd21ccac3f30e7d98d3,0x28b1dc1a5e3699a428bc51d234dfab7c9cb2a183,2026-08-12T22:05:34,complex_trace;high_gas_used_context,0xf2c42696,true
25739393,0x88b9b43c8deb2428363f90862dfb2346f8b0744634190a94fffe09391d727615,0x4838b106fce9647bdf1e7877bf73ce8b0bad5f97,0xfeeeeee44046c3f61a8cc081e0918ef0de0a7ffc,2026-08-12T22:05:34,selfdestruct_context,0x6a7c7d43,true
25739394,0x10bd5e8535dd82b08193289cd98dafe4ea58ef97af16443cda08dd0f533a6b78,0x408d3cfbcb3b8b391b3badddfa8fa4626eb56f4d,0x111111125421ca6dc452d289314280a0f8842a65,2026-08-12T22:05:47,dense_internal_fund_flow;complex_trace,0x07ed2379,true
25739394,0x220247ec024fd3455d45f5e138694d0c99103eecfa353487ad7ed4fdc4878187,0xe28660e51e08f988aef28e46421305e83eb479e8,0xd01607c3c5ecaba394d8be377a08590149325722,2026-08-12T22:05:47,dense_internal_fund_flow;complex_trace,0xe74f7b85,true
25739394,0x3a75cd21249ca359730e832bdad508b4495422f46f598b4337015b57f89d0e7e,0x9a2c32a4ae95538d42b8b860fdc7d674f68bf159,0x20f6ee51340adeed01a59b0e65cb3703f3dc860c,2026-08-12T22:05:47,dense_internal_fund_flow;complex_trace,0x46ec278a,true
25739394,0x68a4f7650a2b6c8abdfa0a887bab14773b3ccc0afcb358a77f1d075992b66d20,0x7bf090b97f896fb77e852cc98aa52a8cb7dc02ec,0xa4a7bb3831958463b3fe3e27a6a160f764341953,2026-08-12T22:05:47,complex_trace;high_gas_used_context,0xac9650d8,false
25739394,0x6c22a868004d2f2671b4dfd81597ad7e355ef8a4c319842d3c09e1ac02dee1b9,0xba9bc9a8aa87872f7b990031bde984a00b9ced49,0xf57f9e622bc12da707db20a9e21cd88f212effc1,2026-08-12T22:05:47,complex_trace;high_gas_used_context,0x82ad56cb,false
25739394,0x7a326d6db9075f653cff5033957134ae1e3a3d8389c5914b365b3c2db59edbf9,0x59aab1bd0d26290274398c07b55955c15425e16b,0x00fe78205f5f0e63b8ad2b2ae5337f538a610e04,2026-08-12T22:05:47,high_gas_used_context;token_activity_burst,0x34fcd5be,false
25739394,0x8c174d3801db0aef70831db267ecfb3b476a94778ab4ab5200b8efb9e094f668,0x161643f280b09be8e0271eef8efc6c264d125003,0xece3541b96f401268bdbf36d0c698325c4653610,2026-08-12T22:05:47,dense_internal_fund_flow;token_activity_burst,0xa9059cbb,true
25739394,0x9254e820d70826909e30fc5fc1c5f2b87cf246bb5242713931ee173005992af8,0x5448e23433181de702cc0d3855601c05ca243bee,0x0000000000001ff3684f28c67538d4d072c22734,2026-08-12T22:05:47,complex_trace;high_gas_used_context;token_activity_burst,0x2213bc0b,false
25739394,0xa0271d37dd4b5dd8caa6ae6392be8230af1eddfb3045da289e11732bd79315ab,0xe91bcae4a2d7b951304695f93cf1b9a1837cfe43,0x7ec8a30a34b86927dc77b302603d1d53e640bef7,2026-08-12T22:05:47,repeated_internal_token_drain;dense_internal_fund_flow;complex_trace;high_gas_used_context;token_activity_burst;repeated_risky_internal_calls,0xa9059cbb,true
25739394,0xd43d278b2c3a616a7f873aab2b7ad34d1fce5ab2529ede6cd28f916c2a389b93,0xc6acbee42e9e323140c1ed060c2f6ea9cc3b4b75,0x7c5a71c9fefbc7691f9d4ac7baf70c743792f716,2026-08-12T22:05:47,selfdestruct_context,0xf3fef3a3,false
25739394,0xd62e4eb8bf3b107439f37a60f5c359ad301cdc630cea8ce631d98b50e6c5eda8,0x59aab1bd0d26290274398c07b55955c15425e16b,0x00fe78205f5f0e63b8ad2b2ae5337f538a610e04,2026-08-12T22:05:47,high_gas_used_context;token_activity_burst,0x34fcd5be,false
25739394,0xdbf5fdabeb35d472680fad23ee7ae88b9c81f408f29352edbd465b1c1fe26051,0x5609bb231ec547c727d65eb6811ccd0c731339de,0xf4e147db314947fc1275a8cbb6cde48c510cd8cf,2026-08-12T22:05:47,privileged_execution_context,0x760d0f9d,false
25739394,0xdd410ad36dd2954b004fabe603c06d002d018cd61f1cee0e13580c4e2cae6e31,0x1584a8ee67789d1fe161065388657ad2f2a3c7dd,0x77eb52e44db06777bce478159f25c0d55a295314,2026-08-12T22:05:47,repeated_internal_token_drain;dense_internal_fund_flow;complex_trace;token_activity_burst;repeated_risky_internal_calls,0xa9059cbb,true
25739394,0xe54dfaa5de46d2eb4cf6e8779a7c61803048e597756702100e46b22329f9c857,0x4838b106fce9647bdf1e7877bf73ce8b0bad5f97,0xfeeeeee44046c3f61a8cc081e0918ef0de0a7ffc,2026-08-12T22:05:47,selfdestruct_context,0x6a7c7d4f,true
25739394,0xf8806da308ebaed6e4b34ea5e216891ce157ea981eb463e53e836203215080d3,0xa7eccdb9be08178f896c26b7bbd8c3d4e844d9ba,,2026-08-12T22:05:47,privileged_execution_context;high_gas_used_context;contract_creation_context,0x61012060,false
25739395,0x45749480851c9ec01d68817361a90ef7803a30db877d79a2b14c6aec4e6ce30f,0x7830c87c02e56aff27fa8ab1241711331fa86f43,0xa9d1e08c7793af67e9d92fe308d5697fb81d3e43,2026-08-12T22:05:56,dense_internal_fund_flow,0x1a1da075,true
25739395,0xf48f8869e183cd20b7982131bc1a5f8471e2985f46ac80d9f0df69de802a7161,0x370a7e2d300c14d79d4a7ee07aaca46c4b3012cf,0xb92fe925dc43a0ecde6c8b1a2709c170ec4fff4f,2026-08-12T22:05:56,dense_internal_fund_flow,0xcd6e13f7,true
25739395,0x20d6ffae547d66aaedafea6b28454dc30596a3495a41f66119788bc25c61bcaa,0x17726dd0a3502137cb539bb4a3a4b00f1f1f9746,0x1231deb6f5749ef6ce6943a275a1d3e7486f4eae,2026-08-12T22:05:57,dense_internal_fund_flow;complex_trace,0x80c65808,true
25739395,0x2e42628e723e9cdd3cd42c4f4c73117a1920bdd92ed388cf9299c49e745b2cf9,0xe0850282fa00b3f07d5f5d5837aa9bffc2a69f4c,0xccc88a9d1b4ed6b0eaba998850414b24f1c315be,2026-08-12T22:05:57,dense_internal_fund_flow;complex_trace;high_gas_used_context;token_activity_burst,0xf9e4bab4,true
25739395,0x54351795a2c85b21883dd9fdcc8d2ff06eafd5476b58f350a78c97a50de4d181,0xfb5e703dae21c594246f0311ae0361d1dfe250b1,0xf4e147db314947fc1275a8cbb6cde48c510cd8cf,2026-08-12T22:05:57,privileged_execution_context,0x760d0f9d,false
25739395,0xc553413e81bf417f7e106c3be03b394a8d47e25cc85f48dc5c776c45c125803b,0x0e0052a184fd59c6b7e1e99d739802ecb3aec0e4,0xd82461784eb72d4b67cbab077989eb215315e272,2026-08-12T22:05:57,complex_trace;approval_burst,0x805f7b65,false
25739395,0xce8ba8525248a67e20b069c872ac033931a15d1398ef9d027deb455cdcb971b6,0xc6acbee42e9e323140c1ed060c2f6ea9cc3b4b75,0x7c5a71c9fefbc7691f9d4ac7baf70c743792f716,2026-08-12T22:05:57,selfdestruct_context,0xf3fef3a3,false
25739395,0x3aec1c4c44268ce3b8f8d9877d3363e88757cb93cd6d63ce0b4341eb57b594f9,0x59aab1bd0d26290274398c07b55955c15425e16b,0x00fe78205f5f0e63b8ad2b2ae5337f538a610e04,2026-08-12T22:05:58,repeated_internal_token_drain;dense_internal_fund_flow;complex_trace;high_gas_used_context;token_activity_burst;repeated_risky_internal_calls,0x34fcd5be,true
25739395,0x8ce1d4864ff5f9e1fd82a788cc6025aaf806fa08638c090a5157b38e980d15b5,0x3ae682b484f92b0752997a688ed0ef29e6ebd132,0xccc88a9d1b4ed6b0eaba998850414b24f1c315be,2026-08-12T22:05:58,dense_internal_fund_flow;complex_trace,0xf9e4bab4,true
25739395,0xad93f0a668654ba7af7203e8b2b3a57bad90ef2fd3a6dc9422b73a8b5c4f1f96,0x4838b106fce9647bdf1e7877bf73ce8b0bad5f97,0xfeeeeee44046c3f61a8cc081e0918ef0de0a7ffc,2026-08-12T22:05:58,selfdestruct_context,0x6a7c7d5b,true
25739396,0x04b1d99ed1f1ea7ea4080fb8dc5bc13bffe610efcde8e3df360d76e5a8442b05,0xc6acbee42e9e323140c1ed060c2f6ea9cc3b4b75,0x7c5a71c9fefbc7691f9d4ac7baf70c743792f716,2026-08-12T22:06:10,selfdestruct_context,0xf3fef3a3,false
25739396,0x13b140fdaab6f3c745fd76e25d54ff8c58c881863280c868327821e4dde30b58,0xff83ff3c264a2619e02cde56d17fa0bd7ab5ee3f,0x03f34be1bf910116595db1b11e9d1b2ca5d59659,2026-08-12T22:06:10,dense_internal_fund_flow;complex_trace,0xe47d166c,true
25739396,0x1c98c68feda3bc68e9435fc66ab1edb2ac31765604f4da9cab1adf2295b9528c,0x29ebbc872ce1af08508a65053b725beadba43c48,0xf4e147db314947fc1275a8cbb6cde48c510cd8cf,2026-08-12T22:06:11,privileged_execution_context,0x760d0f9d,false
25739396,0xd79b69689382765cc4386f184fb242a66625b9d91e9237c8f791b49f98a4495b,0x4337006f33e2940fcbebd899bf2396117e65df9b,0x0000000071727de22e5e9d8baf0edac6f37da032,2026-08-12T22:06:11,privileged_execution_context;complex_trace,0x765e827f,false
25739396,0xa4e3cd925f7513246358de8ef7c335895adcd5c71058665dcccdf52edd3f3976,0x4838b106fce9647bdf1e7877bf73ce8b0bad5f97,0xfeeeeee44046c3f61a8cc081e0918ef0de0a7ffc,2026-08-12T22:06:12,selfdestruct_context,0x6a7c7d67,true
25739396,0xc30fe9b84e0b6b6121bb03c0c45a63dcbc7b1ef7eba4f1a8588deb93b68b5362,0x3cfdc212769c890907bce93d3d8c2c53de6a7a89,0x0000000071727de22e5e9d8baf0edac6f37da032,2026-08-12T22:06:12,privileged_execution_context;complex_trace,0x765e827f,false
25739397,0xf9cb96c51f14f31c537f92374d954a21a0b748db75eee8c47e3e699d70e5efc5,0xc6acbee42e9e323140c1ed060c2f6ea9cc3b4b75,0x7c5a71c9fefbc7691f9d4ac7baf70c743792f716,2026-08-12T22:06:22,selfdestruct_context,0xf3fef3a3,false
25739397,0x48a37a244de0debcca29a5e5c98af31dd0e6363c7b4c7ffcc958e4e21621ee19,0x967311f0f14856fba9616349a990c1096ad529d9,0xee0319cf0bca5d09333f9f6277743e8de31bd69a,2026-08-12T22:06:24,complex_trace;high_gas_used_context,0x119b8248,true
25739397,0x6bf5d8bea1c0110e4e0cd40ba2c2291580db2fdc4bc299eb3f6d6765090f00cf,0xd4433f4e95088cfe50704340f006e26c41d43093,0x1231deb6f5749ef6ce6943a275a1d3e7486f4eae,2026-08-12T22:06:24,dense_internal_fund_flow;complex_trace,0x736eac0b,true
25739397,0x426fc1d6fb5fab43c06b592c9878f0e999ddceaae1c221e7af48fedfab929489,0x0e0052a184fd59c6b7e1e99d739802ecb3aec0e4,0xd82461784eb72d4b67cbab077989eb215315e272,2026-08-12T22:06:28,complex_trace;approval_burst,0xbad401db,false
25739397,0x9994676076b847bb5fdb0f6778a76348a4a345cd3dfdbd4c2b2705b199ad14b2,0xa7eccdb9be08178f896c26b7bbd8c3d4e844d9ba,,2026-08-12T22:06:28,privileged_execution_context;high_gas_used_context;contract_creation_context,0x61012060,false
25739397,0xa58ed60e9337a99c0feb5bb17e766fa1be0bb4341d55b988d615ee22ccf81f9e,0x80d04079ffc53eb14edbeeb37279d126f45552df,0xff9e96e75390a90db7a4d71389f841718f1a069f,2026-08-12T22:06:28,repeated_internal_token_drain;dense_internal_fund_flow;complex_trace;token_activity_burst;repeated_risky_internal_calls,0x8aaa8f3b,true
25739397,0xdd595e645df3a47349824bf675e0a6f808365e1b8b3a8cb4a413e7c7402ac7ca,0x4838b106fce9647bdf1e7877bf73ce8b0bad5f97,0xfeeeeee44046c3f61a8cc081e0918ef0de0a7ffc,2026-08-12T22:06:28,selfdestruct_context,0x6a7c7d73,true
25739398,0xf2c7ab7d238e5f6385905d1f849943b1477ef0eb0022b37f41e354ae9de85b81,0x5c5615cebca370f3db5a3f83bca47bb4697a112c,0xd8b444ac665b0de3a9135ad7be1a45f88ac97b3c,2026-08-12T22:06:44,large_erc20_asset_flow;complex_trace,0xba087652,true
25739398,0xc48628e9f60385242c46e53a5fa3c07cfde4dc3689558b155995cc8e30af027b,0xc6acbee42e9e323140c1ed060c2f6ea9cc3b4b75,0x7c5a71c9fefbc7691f9d4ac7baf70c743792f716,2026-08-12T22:06:45,selfdestruct_context,0xf3fef3a3,false
25739398,0x7b50c5cf7aeb69e9ed672afc93b3232540b1ef84be2af1ee2357709665754046,0x1584a8ee67789d1fe161065388657ad2f2a3c7dd,0x77eb52e44db06777bce478159f25c0d55a295314,2026-08-12T22:06:46,repeated_internal_token_drain;dense_internal_fund_flow;complex_trace;token_activity_burst;repeated_risky_internal_calls,0xa9059cbb,true
25739399,0x38b2e31db5bfb7ef573d2a8b461ebd944b112ba0d7121b9c00296ed44ceed319,0x4838b106fce9647bdf1e7877bf73ce8b0bad5f97,0xfeeeeee44046c3f61a8cc081e0918ef0de0a7ffc,2026-08-12T22:06:57,selfdestruct_context,0x6a7c7d8b,true
25739399,0xb79eee97d9c6e02ba463f120761488b28b1c18cfee90df8de76fee797be03508,0xf25dadf841518a2cb516307876ce44f416661085,0x0439e60f02a8900a951603950d8d4527f400c3f1,2026-08-12T22:06:57,dense_internal_fund_flow;complex_trace,0x3ce33bff,true
25739399,0x7e5bee5a406bd57995ea23849f961defca52051c168a6bc9e9052331687d1a93,0x062ce42cae04c51d04e77e3d64cc8953a2296ffe,0x8a25a24ede9482c4fc0738f99611be58f1c839ab,2026-08-12T22:06:58,complex_trace;high_gas_used_context;token_activity_burst,0x6a761202,false
25739399,0xb24bf0c6a9f53ad7ebe839aa84f63ed75303c84cdeaa1af0a48daf342feb5248,0xaa880f3ebd86be36e9d63e88e75b41583f9567de,0x6131b5fae19ea4f9d964eac0408e4408b66337b5,2026-08-12T22:06:59,complex_trace;high_gas_used_context;token_activity_burst,0xe21fd0e9,false
25739399,0x4e2cd3e89bc86b7483835b869f29e3624aa2064ab995ae2d550f650e8bbceeeb,0xd9f0834e7ca9b9262df3189b850ebf9514027e82,0x66a9893cc07d91d95644aedd05d03f95e1dba8af,2026-08-12T22:07:28,dense_internal_fund_flow;complex_trace,0x3593564c,true
25739399,0xc8c928d26f836c221f61ac230be73fdaeae9cf5f64acfb35d1047ea07dc236b3,0x4838b106fce9647bdf1e7877bf73ce8b0bad5f97,0xfeeeeee44046c3f61a8cc081e0918ef0de0a7ffc,2026-08-12T22:07:28,selfdestruct_context,0x6a7c7d8b,true
25739400,0x94bd83f39620d1efeed67b3fa018d5093ef5986d9f204ede9f721a79f1e128ae,0xc6acbee42e9e323140c1ed060c2f6ea9cc3b4b75,0x7c5a71c9fefbc7691f9d4ac7baf70c743792f716,2026-08-12T22:07:31,selfdestruct_context,0xf3fef3a3,false
25739400,0xe5d74c7b6f9cbc5ed4d9ef31496e4ee5059024083826d2f4b24a9a03d1a89196,0x5b43453fce04b92e190f391a83136bfbecedefd1,0xbdb3ba9ffe392549e1f8658dd2630c141fdf47b6,2026-08-12T22:07:31,repeated_internal_token_drain;dense_internal_fund_flow;very_complex_trace;high_gas_used_context;token_activity_burst;repeated_risky_internal_calls,0x000000c3,true
25739400,0xf710916a43965519b37a83e6570ff8b0049c20f4f2593644ef2452bf7076bc1c,0x5b43453fce04b92e190f391a83136bfbecedefd1,0xbdb3ba9ffe392549e1f8658dd2630c141fdf47b6,2026-08-12T22:07:31,dense_internal_fund_flow,0x000000cc,true
25739400,0xfb4a54d130d9d70f99b6fff589adbf880bbac86bfc7ed7fc797d76fb39d214fe,0x7b49bc3ebbdf7322f31c6449320382bbec3be1b6,0xad3b67bca8935cb510c8d18bd45f0b94f54a968f,2026-08-12T22:07:31,complex_trace;high_gas_used_context;token_activity_burst;approval_burst,0x146ee74d,false
25739400,0x659d8b135e6f55f6c267a8e32113c88301a1801fdb7efff1c39eff0e3dabd369,0x4838b106fce9647bdf1e7877bf73ce8b0bad5f97,0xfeeeeee44046c3f61a8cc081e0918ef0de0a7ffc,2026-08-12T22:07:32,selfdestruct_context,0x6a7c7d97,true
25739401,0x0fc79926edffc7d88969bf564d87f7a4d5f304c7d9fae2025727d4279b787ac2,0x4838b106fce9647bdf1e7877bf73ce8b0bad5f97,0xfeeeeee44046c3f61a8cc081e0918ef0de0a7ffc,2026-08-12T22:07:37,selfdestruct_context,0x6a7c7da3,true
25739401,0x2329872b8b8fcb9fe2c6da40a6fe586320542f09d110452ccc05c19ecad3c652,0xd03833c09a55416365c553316aabfeefa04de3bf,0x1295f63fc70e239353fcbdb863737ea316f073d1,2026-08-12T22:07:37,complex_trace;high_gas_used_context;token_activity_burst,0x00000000,false
25739401,0x619e9163f23a5bdfa5ca774c161c6b1e7f383cd37c8bd3d25ffff704b520f76c,0xbe0b407782a7599380fa726db315340126d62229,0x4d2fb5f8ec243fde4df1a9678b82238570c7e0e4,2026-08-12T22:07:37,repeated_internal_token_drain;dense_internal_fund_flow;complex_trace;high_gas_used_context;token_activity_burst;repeated_risky_internal_calls,0x6a761202,true
25739401,0x91866439d81558ab996e5b7c193d3bc1c10f69f0a08bfe2859a26212c64f67af,0xeeb65da7e686bc6a7073fa24a889667ba2636966,0x436694596c6ba3ed8a2facf785880c8f57f9ca95,2026-08-12T22:07:37,dense_internal_fund_flow;complex_trace,0x4b000000,true
25739401,0x9d3738513c9cb9028732d6b90acdce25bfd4c66cc242b1d7c6b72c1e028b7e6c,0x883a95fdf8df78e7128fced0e9d931a687ff542f,0x4ebc36dcee3ca916ff4157b51c2a16105a3774b5,2026-08-12T22:07:37,complex_trace;high_gas_used_context,0x1749e1e3,false
25739401,0xdce26f03d33bad1f287ddbf1fd428c6ddbd5b20376e0e82998a9e6e1e2f72055,0x4838b106fce9647bdf1e7877bf73ce8b0bad5f97,0xfeeeeee44046c3f61a8cc081e0918ef0de0a7ffc,2026-08-12T22:07:37,selfdestruct_context,0x6a7c7da3,true
25739402,0xaf9cf29a8da3bf64b5d5351b721e13a12cd2d270b33bf7b94edc77c1ab484261,0xc6acbee42e9e323140c1ed060c2f6ea9cc3b4b75,0x7c5a71c9fefbc7691f9d4ac7baf70c743792f716,2026-08-12T22:07:48,selfdestruct_context,0xf3fef3a3,false
25739402,0x032b649366cc298d24a02bc83eda909e4c540b2f2b923cd7124fc04937233ca7,0x4337013ef5cd421cef649fc58c1b0defd37bbeb1,0x0000000071727de22e5e9d8baf0edac6f37da032,2026-08-12T22:07:51,privileged_execution_context;complex_trace,0x765e827f,false
25739402,0x5032a8d363ac52a6f2368d978cf8189446b9bbcdd5be1f164a793a84d7418390,0x7556699aa8e6a7c9c69bcfaf9debd05f8192b063,0x84cab37995229530d9e6e5cff2f8f4ebe4517d66,2026-08-12T22:07:51,complex_trace;high_gas_used_context,0xe587456a,false
25739402,0xcb0ca6a74d9bece6e913e0cf90f268a4c7819b239bed671f2f5e101b325a5dec,0x93381637ed88f9ac4ff116fb022a208e38a59477,0x0439e60f02a8900a951603950d8d4527f400c3f1,2026-08-12T22:07:51,dense_internal_fund_flow;complex_trace,0x3ce33bff,true
25739402,0x1f75e3a0b5aa5d6a743491e1c0b9cd5c997adfb1677c00143d60078598b16bb9,0x8b5606469e21c75edd7c74d1c7a65824675d9aff,0x9ccc2f3ecde026230e11a5c8799ac7524f2bb294,2026-08-12T22:07:54,dense_internal_fund_flow;complex_trace,0x1bc74526,true
25739402,0xd828d0a7cc085cb409ddf0458cbbc8f172f30fcab8e193e645cf9ac3d796e6b9,0x0e0052a184fd59c6b7e1e99d739802ecb3aec0e4,0xd82461784eb72d4b67cbab077989eb215315e272,2026-08-12T22:07:54,complex_trace;approval_burst,0x805f7b65,false
25739403,0x14eac5a2d8069d7f0b4a21c8e9c1a085ead582cdd4843d1d3f97758e162827af,0x7f881d3ea884051dfa36dcf68fa879dc83a9fc85,0x00000f91109c4d0007e90000d9facad5298a0cac,2026-08-12T22:08:07,complex_trace;high_gas_used_context;token_activity_burst,0x0053be41,false
25739403,0x187b635258aa8adc39a873cb91c521e88e84cb7d78a971e9f97d630c2393dec9,0xd6434d157f254276d69ede3bd9fc805482206908,0x7ec8a30a34b86927dc77b302603d1d53e640bef7,2026-08-12T22:08:07,repeated_internal_token_drain;dense_internal_fund_flow;complex_trace;high_gas_used_context;token_activity_burst;repeated_risky_internal_calls,0xa9059cbb,true
25739403,0x87395acdeabbf5ca465d74741863f08a38c5d845c631528a34d5f7bc0a91e744,0x3cfdc212769c890907bce93d3d8c2c53de6a7a89,0x0000000071727de22e5e9d8baf0edac6f37da032,2026-08-12T22:08:10,privileged_execution_context;complex_trace,0x765e827f,false
25739404,0x068cefc629125d1a28421e32e49dd617169105823b74b28d134e3a52762f471c,0x7d344a2d90efb4544df07b5c510fee99b81915d4,0x81463b0f960f247f704377661ec81c1fd65b5128,2026-08-12T22:08:17,dense_internal_fund_flow;complex_trace;high_gas_used_context;token_activity_burst,0x8c2c1720,true
25739404,0x448d5506ae8bcdd69407ad75aa0763a84c35e0d4ead3fa1a126c71477463726a,0x3cfdc212769c890907bce93d3d8c2c53de6a7a89,0x0000000071727de22e5e9d8baf0edac6f37da032,2026-08-12T22:08:17,privileged_execution_context;complex_trace,0x765e827f,false
25739404,0x5e18320795d071403067142150bc88d2ac6b95d81315c79e0db7d7f0d441a44f,0x70e59f9c304e4d5096bd408b571e2dcd99c3120b,0xad3b67bca8935cb510c8d18bd45f0b94f54a968f,2026-08-12T22:08:17,dense_internal_fund_flow;complex_trace;high_gas_used_context;token_activity_burst;approval_burst,0x146ee74d,true
25739404,0x7de185227dc2d89eccc8a652023a138c720a25cf8879d564923e58d234c9480f,0x4838b106fce9647bdf1e7877bf73ce8b0bad5f97,0xfeeeeee44046c3f61a8cc081e0918ef0de0a7ffc,2026-08-12T22:08:17,selfdestruct_context,0x6a7c7dc7,true
25739404,0x2d6b1d772e2843136d992361440c92da4013b26b29401e9340c96299e414f996,0x4838b106fce9647bdf1e7877bf73ce8b0bad5f97,0xfeeeeee44046c3f61a8cc081e0918ef0de0a7ffc,2026-08-12T22:08:19,selfdestruct_context,0x6a7c7dc7,true
25739404,0x6d1a68ded0b5af53403819ebae6fefb5edb863274045016c388ff3d8a3bc7c56,0x3836c415ced9a0c1ca552ed7b8df230357bc194e,0x28b1dc1a5e3699a428bc51d234dfab7c9cb2a183,2026-08-12T22:08:19,dense_internal_fund_flow;complex_trace;high_gas_used_context,0x0c307f76,true
25739404,0xf1715b67adf27f156575e9ac5f6277a9bc1183eb2165ae980a84713860822c11,0xb5d9042c4ef97101228f95d98714a60efabfd7c4,0x663dc15d3c1ac63ff12e45ab68fea3f0a883c251,2026-08-12T22:08:19,dense_internal_fund_flow;complex_trace;high_gas_used_context;token_activity_burst,0x4d8160ba,true
25739404,0x8426fbc75bf9d2e456f0335a23319b0009f9b638dcd07ae03de1070697b86cbb,0x4838b106fce9647bdf1e7877bf73ce8b0bad5f97,0xfeeeeee44046c3f61a8cc081e0918ef0de0a7ffc,2026-08-12T22:08:20,selfdestruct_context,0x6a7c7dc7,true
25739406,0x383893bb251999a7a34edd72c55329a0ef193c44453fd6201dd5b3396a8cf327,0xc6acbee42e9e323140c1ed060c2f6ea9cc3b4b75,0x7c5a71c9fefbc7691f9d4ac7baf70c743792f716,2026-08-12T22:08:34,selfdestruct_context,0xf3fef3a3,false
25739406,0xee99ef09b62e063109e42b5c7c90ac1c10b32a1b6c958630affba6f9c6b0596e,0xd0a6db95f52d2a0285bf2f920c9bd527407b47a8,0xa9d635ef85bc37eb9ff9d6165481ea230ed32392,2026-08-12T22:08:34,complex_trace;high_gas_used_context;token_activity_burst,0xe7c438c9,false
25739406,0x43561caa22f12e3a1bf4da2a269bd4e7a90100bf9520bda852e1f270b9ff5827,0xcbe6fbf5e3c427013688e04d0fde56705890c4be,0xfaae2946e846133af314d1df13684c89fa7d83dd,2026-08-12T22:08:35,complex_trace;high_gas_used_context,0x538f9406,false
25739406,0x77e9f51e1041d1ad54ae3611565e54e183a7fdc47addfaa5e9ca696f2906a1db,0x0e0052a184fd59c6b7e1e99d739802ecb3aec0e4,0xd82461784eb72d4b67cbab077989eb215315e272,2026-08-12T22:08:39,complex_trace;approval_burst,0x805f7b65,false
25739406,0xe7b4ce4635d9067276d65c631204dfba640ae507f24c9cd206100de7cea72ba1,0x4838b106fce9647bdf1e7877bf73ce8b0bad5f97,0xfeeeeee44046c3f61a8cc081e0918ef0de0a7ffc,2026-08-12T22:08:39,selfdestruct_context,0x6a7c7ddf,true
25739406,0x3c7ec078115fbf579796b788fc2c0c127061d224531cdf528d35179236d23b0c,0xde5ce22a56ed76bf7054121500b23a718399feb7,0x43de2d77bf8027e25dbd179b491e8d64f38398aa,2026-08-12T22:08:41,dense_internal_fund_flow;complex_trace,0xc280c905,true
25739406,0xdf71d32260f15eb4ac273b261d7e7c6a031a84359fa99cfc7c43bd4d74fd4294,0x4838b106fce9647bdf1e7877bf73ce8b0bad5f97,0xfeeeeee44046c3f61a8cc081e0918ef0de0a7ffc,2026-08-12T22:08:41,selfdestruct_context,0x6a7c7ddf,true
25739407,0x76e85433b9f0a0a8a3afff228873cb35e3026fbcc26bd13715680846192d9690,0x70e59f9c304e4d5096bd408b571e2dcd99c3120b,0xad3b67bca8935cb510c8d18bd45f0b94f54a968f,2026-08-12T22:08:49,complex_trace;high_gas_used_context;token_activity_burst;approval_burst,0x146ee74d,false
25739407,0x7542265af4f24c449cbd2ec515eae733c07e36f7131fc017051873c761244523,0x4838b106fce9647bdf1e7877bf73ce8b0bad5f97,0xfeeeeee44046c3f61a8cc081e0918ef0de0a7ffc,2026-08-12T22:08:51,selfdestruct_context,0x6a7c7deb,true
25739408,0x531d27203b21e18369fef59a3e84756fa4b832c7601e9870405892e5394dc501,0xe31844680f0cdc47384d3fb7488364c5e5858508,0x50c4e75a512f2a14a7b304787adf79c4531a5909,2026-08-12T22:08:57,dense_internal_fund_flow;complex_trace,0x2213bc0b,true
25739408,0xdadda8c168e8d425bc7864edf7f4a3ae7c745abb5a42b75ab438f9c5b36706bc,0x1584a8ee67789d1fe161065388657ad2f2a3c7dd,0x77eb52e44db06777bce478159f25c0d55a295314,2026-08-12T22:08:59,repeated_internal_token_drain;dense_internal_fund_flow;complex_trace;high_gas_used_context;token_activity_burst;repeated_risky_internal_calls,0xa9059cbb,true
25739409,0x98dc65541b5ef732e4ffc1d8fccac9b5a3e15b0da69b6cf3436775d86aa97d41,0xace0000086ad143e668a24741cd9407acdfc26f1,0xb8a22be3d948803f490787758ca525136007bd7d,2026-08-12T22:09:08,complex_trace;high_gas_used_context,0xd2fca68a,false
25739409,0x1bc0fd09688071b29cc602261f4b1d8adaf3f8cf5b5fa2c2b1979ce747646a16,0x74b090c0d0da607da7f0a062812db84e58bcfaa1,0x1231deb6f5749ef6ce6943a275a1d3e7486f4eae,2026-08-12T22:09:09,complex_trace;high_gas_used_context,0x80c65808,false
25739409,0xf2d540b90e1c94e57690ef247848b81d6f81e94f1cb0ca5f3d3f82922f65390f,0x4838b106fce9647bdf1e7877bf73ce8b0bad5f97,0xfeeeeee44046c3f61a8cc081e0918ef0de0a7ffc,2026-08-12T22:09:10,selfdestruct_context,0x6a7c7e03,true
25739410,0x3072a1ac49abd223be74b3fffbad8c0257bc42e72313470670b4adb65ff554fb,0x04e3378748337fd0da1786b5793b52181cd63152,0x91ff8bbd8ebb07893010d50a48a1609e5ebd8e34,2026-08-12T22:09:17,complex_trace;high_gas_used_context,0x069d1525,false
25739410,0xbc564c37aaffccc637a6b8a00b5feb1f092ac18549808e601c054c87bb9e5b6d,0x327c062a42348561313da6e38da8b6d0da4e7279,0x91ff8bbd8ebb07893010d50a48a1609e5ebd8e34,2026-08-12T22:09:17,complex_trace;high_gas_used_context,0x069d1525,false
25739410,0xe226eee02c0281be5447c9a65c1d1d768eab07ea02d00b5c6f0586e3039c5fab,0x7830c87c02e56aff27fa8ab1241711331fa86f43,0xa9d1e08c7793af67e9d92fe308d5697fb81d3e43,2026-08-12T22:09:17,dense_internal_fund_flow,0x1a1da075,true
25739410,0x1be9b166244063656270734f6ce5e9bf3daf6c666539bd16d658124501be5d72,0x3cfdc212769c890907bce93d3d8c2c53de6a7a89,0x0000000071727de22e5e9d8baf0edac6f37da032,2026-08-12T22:09:18,privileged_execution_context;complex_trace,0x765e827f,false
25739410,0x1fcb0a510392f911f3954efca27718eb0dbd8799c8555bdfbbb948bba0a1a800,0x5f9acf4e85aa7283e0c16dd94cbc942f9d625151,0xf7c04d03efdc876cc8cb59f0ad58290388edd004,2026-08-12T22:09:18,selfdestruct_context,0xf3fef3a3,false
25739410,0x4a59784b18e90a7a9aabfcf0a1700fedcab7d58d9882ccf2702852fbec610cd9,0x0e0052a184fd59c6b7e1e99d739802ecb3aec0e4,0xd82461784eb72d4b67cbab077989eb215315e272,2026-08-12T22:09:18,complex_trace;token_activity_burst;approval_burst,0xac9650d8,false
25739410,0xd02a2668456e320c7a99d4cf11aff2a10da3916720dff52e781312b970e1b1dd,0x73cce01b83a802d822b5199cf06e9950bb8f09eb,0x337685fdab40d39bd02028545a4ffa7d287cc3e2,2026-08-12T22:09:18,dense_internal_fund_flow;complex_trace,0xfa74fd43,true
25739410,0x113f0e23adeced09b90d9b420a1a433c9e6468b146c2680bad8ddd6ede1ddbca,0x161643f280b09be8e0271eef8efc6c264d125003,0xece3541b96f401268bdbf36d0c698325c4653610,2026-08-12T22:09:19,dense_internal_fund_flow;token_activity_burst,0xa9059cbb,true
25739410,0x1f0d14fa4dae3a02998d3191304455e0533100358245452ef566f157b567a4e7,0x4838b106fce9647bdf1e7877bf73ce8b0bad5f97,0xfeeeeee44046c3f61a8cc081e0918ef0de0a7ffc,2026-08-12T22:09:19,selfdestruct_context,0x6a7c7e0f,true
25739411,0x06f220f348dfb9dec96e41ed35f40a2d380be000e05eff3f0b36bc8025819af1,0xe99bd1c2dd70cd58e5efd47887991700e7318ce2,0xad3b67bca8935cb510c8d18bd45f0b94f54a968f,2026-08-12T22:09:25,complex_trace;high_gas_used_context;token_activity_burst;approval_burst,0x146ee74d,false
25739411,0x33da2dfb7e23401e124e4e54ed072228e56f05f90dbecd8d9ba84715badc5290,0xc6acbee42e9e323140c1ed060c2f6ea9cc3b4b75,0x7c5a71c9fefbc7691f9d4ac7baf70c743792f716,2026-08-12T22:09:25,selfdestruct_context,0xf3fef3a3,false
25739411,0x976ff334d7c8c0b1b7fb659fceb506c5522fc683c55e4951e3d7574f98f169b9,0xf5e626185b794b57622f31ac7fd70fb85348d462,0x3d90f66b534dd8482b181e24655a9e8265316be9,2026-08-12T22:09:25,dense_internal_fund_flow;complex_trace;high_gas_used_context;token_activity_burst;approval_burst,0x47ee97ff,true
25739411,0x0c930c2aa630b501469630883e6789d9aab19599d0e27120545d4e62a9422f58,0xce54f65abb8b61b83c14cbe97de97fce75bbf556,0x0000000071727de22e5e9d8baf0edac6f37da032,2026-08-12T22:09:26,complex_trace;high_gas_used_context,0x765e827f,false
25739411,0xc5b7ff98762a4358410bc17c92cca42384f192d379ae81758566541b111170c8,0x433702873e33d4846d399a75aaf96eacf181d0b2,0x0000000071727de22e5e9d8baf0edac6f37da032,2026-08-12T22:09:26,privileged_execution_context;complex_trace,0x765e827f,false
25739411,0xca26e3ae05594eb9248956cd7d3b729dc509538cff55ee9fbd92b2b03308e6a7,0x4838b106fce9647bdf1e7877bf73ce8b0bad5f97,0xfeeeeee44046c3f61a8cc081e0918ef0de0a7ffc,2026-08-12T22:09:27,selfdestruct_context,0x6a7c7e1b,true
25739411,0x7be087abfca79987150ce19423a78da28dd2a6aedcd2fd0e6a762e645222e092,0x80d04079ffc53eb14edbeeb37279d126f45552df,0x8c3666e688cfdeb29f1597c71dc59a59b5bb7f58,2026-08-12T22:09:29,repeated_internal_token_drain;dense_internal_fund_flow;complex_trace;token_activity_burst;repeated_risky_internal_calls,0x8aaa8f3b,true
25739411,0xd3269e0e694ebdad3c054aa992497c9a054c2c46d98368e68edf0c8d5e926760,0x4838b106fce9647bdf1e7877bf73ce8b0bad5f97,0xfeeeeee44046c3f61a8cc081e0918ef0de0a7ffc,2026-08-12T22:09:29,selfdestruct_context,0x6a7c7e1b,true
25739412,0x7eda27235afc91b67fbe482406285dba51dc1704f1e9e649addbcfc2f8dd6288,0xc6acbee42e9e323140c1ed060c2f6ea9cc3b4b75,0x7c5a71c9fefbc7691f9d4ac7baf70c743792f716,2026-08-12T22:09:36,selfdestruct_context,0xf3fef3a3,false
25739412,0x158e6a2c35bc295fcb995c3d5ad5a48fc8ba2e6dc4095de23e0e8be3fbf314a1,0xcbe6fbf5e3c427013688e04d0fde56705890c4be,0xfaae2946e846133af314d1df13684c89fa7d83dd,2026-08-12T22:09:37,complex_trace;high_gas_used_context,0x538f9406,false
25739412,0x3c0177d14667a8443cc8da38103a4aaef82bc75ed0d8b2d191ba4e62ad689e7c,0x1da3dd644dceab11e08e0b31b2eeafea59cddaa4,0x3de37c38739dfb83b7a902842bf5393040f7bf50,2026-08-12T22:09:38,large_erc20_profit_to_sender;large_erc20_asset_flow,0xd14ff5b6,true
25739413,0x399f3678fc0fe45df3da22d4cfac342e30e248b7f60a11fd0832f623b0b1e2b0,0x70e59f9c304e4d5096bd408b571e2dcd99c3120b,0xad3b67bca8935cb510c8d18bd45f0b94f54a968f,2026-08-12T22:09:45,complex_trace;high_gas_used_context;token_activity_burst;approval_burst,0x146ee74d,false
25739413,0x19c91374a18d184f4ca6c038ecea56ce310cfa81201679f25df05e6f178e9038,0x80d04079ffc53eb14edbeeb37279d126f45552df,0x8c3666e688cfdeb29f1597c71dc59a59b5bb7f58,2026-08-12T22:09:48,repeated_internal_token_drain;dense_internal_fund_flow;complex_trace;token_activity_burst;repeated_risky_internal_calls,0x8aaa8f3b,true
25739413,0x3186e607a0ac6e4edf777d9d0f09e2b687b27652168f1e8e683c6f6f37238834,0xfeed4c53d827aebebed6066788065ea1027c7e70,0x7583d7f36635e5642713accbded717ca59fdad07,2026-08-12T22:09:48,privileged_execution_context;very_complex_trace;high_gas_used_context;token_activity_burst;approval_burst,0x0af210a1,false
25739414,0x80756f1a8ff653a41c540076c325c309940ad278f8d6bba7d44a85b332d26c93,0x4337006f33e2940fcbebd899bf2396117e65df9b,0x4337084d9e255ff0702461cf8895ce9e3b5ff108,2026-08-12T22:09:54,dense_internal_fund_flow;complex_trace;high_gas_used_context;token_activity_burst,0x765e827f,true
25739414,0xdcafe3d037a3aabc6e79f83d2f9ae8eb9deb0a34ac2d1ac6db4c6cfb85a427bd,0x340fd3b164ce979b103684ee74dc66ca6d5782ba,0xa53638218aa1f6336feea1a7f65facf2866b90a8,2026-08-12T22:09:54,selfdestruct_context,0xf3fef3a3,true
25739414,0x15f73c92ec2aa44d20895dff0249b2de779e7f5ebfd7b08d1d6b870180528d3b,0x1feed341f68ae6812b30e139ab074182ea4e3830,0x9e9110cfd24cd851ea5bc73a27975b33e308f9e1,2026-08-12T22:09:55,complex_trace;high_gas_used_context,0xeb7499cf,false
25739414,0x2c2f15c5c42325eb8b696ca6cdf9430c6940cf4f2c1d22b8b4d6ca47e4b23e39,0x896214c50a25e81f2c4327fa82de22ce3e734693,0xcfbfac74c26f8647cbdb8c5caf80bb5b32e43134,2026-08-12T22:09:56,privileged_execution_context,0x4515641a,false
25739414,0x910551e74c69f6530df05f9a634536d08f4dac13f0faab399cba00877dc7b8bb,0x8b5606469e21c75edd7c74d1c7a65824675d9aff,0x9ccc2f3ecde026230e11a5c8799ac7524f2bb294,2026-08-12T22:09:56,dense_internal_fund_flow;complex_trace,0x1bc74526,true
25739414,0xe1e157e261720bd0bbc9fdb1d5c5a6872e630702b9386cd7b28169ba457fc345,0x4838b106fce9647bdf1e7877bf73ce8b0bad5f97,0xfeeeeee44046c3f61a8cc081e0918ef0de0a7ffc,2026-08-12T22:09:57,selfdestruct_context,0x6a7c7e3f,true
25739415,0x002650abfbf1be06976d6d37b847563873c539d2a489ab39550c0c022a4c18c7,0x77746d6ffa0bf81eda08b16826d9b1e3068b593c,0x555ce236c0220695b68341bc48c68d52210cc35b,2026-08-12T22:10:05,dense_internal_fund_flow;complex_trace,0xc3c16ee4,true
25739415,0x0d2b238d5959a00f4f58f374c45889f770fe3360931075907dd5f1574833a2d4,0xe93685f3bba03016f02bd1828badd6195988d950,0x173272739bd7aa6e4e214714048a9fe699453059,2026-08-12T22:10:05,complex_trace;high_gas_used_context,0x7cd44734,false
25739415,0x59d836d2a53f30b05beccfa5c2521896e14fbf9df9cb2c299a98b93be1597ade,0x5b43453fce04b92e190f391a83136bfbecedefd1,0xbdb3ba9ffe392549e1f8658dd2630c141fdf47b6,2026-08-12T22:10:05,complex_trace;token_activity_burst,0x000000c3,false
25739415,0x6890a09c4a1d3ad518828c0f9c8ed2ed96d1de62ebe5bee483c0403814f53fbe,0xcbe6fbf5e3c427013688e04d0fde56705890c4be,0xfaae2946e846133af314d1df13684c89fa7d83dd,2026-08-12T22:10:05,complex_trace;high_gas_used_context,0x538f9406,false
25739415,0xd2b6826e656f4e7098ce027e804049a029ded63f4ff8cecb21ffc8fd8786b119,0x7830c87c02e56aff27fa8ab1241711331fa86f43,0xa9d1e08c7793af67e9d92fe308d5697fb81d3e43,2026-08-12T22:10:05,dense_internal_fund_flow,0x1a1da075,true
25739415,0xdd713e5cea11d13beb3e27139eb6482d33d1fd81bbfd721d11d474036a277f12,0x8b5606469e21c75edd7c74d1c7a65824675d9aff,0x9ccc2f3ecde026230e11a5c8799ac7524f2bb294,2026-08-12T22:10:05,dense_internal_fund_flow;complex_trace,0x1bc74526,true
25739415,0x55f93b614b8f2aa9495b434f27ca2da1fd690bc15544d0a99ea54f267f01ddaa,0x0e0052a184fd59c6b7e1e99d739802ecb3aec0e4,0x0b8a49d816cc709b6eadb09498030ae3416b66dc,2026-08-12T22:10:06,complex_trace;approval_burst,0xf497df75,false
25739415,0x9f445685bf375c040795d8814f45117230c7e65ea27112f5809752e9a39a06b6,0x4838b106fce9647bdf1e7877bf73ce8b0bad5f97,0xfeeeeee44046c3f61a8cc081e0918ef0de0a7ffc,2026-08-12T22:10:06,selfdestruct_context,0x6a7c7e4b,true
25739416,0x03a392cde801a375409d1c6ccef72a2b2914dab58b32c1094c94ea9e252d9448,0x8b5606469e21c75edd7c74d1c7a65824675d9aff,0x9ccc2f3ecde026230e11a5c8799ac7524f2bb294,2026-08-12T22:10:14,dense_internal_fund_flow;complex_trace,0x1bc74526,true
25739416,0xc5c60cfa08a7e342dd5e51a43b3c827049cf87f5bbf0862ed18551b7d9dde427,0x13b5f7c38da2f6d22c48b69feadab8bf2397bfe6,0xcec1caa28ebc876d0883a0c492831e06e167b8b3,2026-08-12T22:10:14,selfdestruct_context,0xf3fef3a3,false
25739416,0x742d883de08c6b1f1754ea725a78d8a80d89c8c0dc11f7cba82fd8512404c6ab,0xf4eba7fec4ed0d37008a1e5fe0b7484f4fa3edb2,0x8589aacd4a1660a30af67716137f82cf36305e5d,2026-08-12T22:10:15,privileged_execution_context,0xf2fde38b,false
25739416,0x1ff19dc07dd2881031ad67077996773119122cf3b41dbba5d8b7810a2e736520,0x0e0052a184fd59c6b7e1e99d739802ecb3aec0e4,0x0b8a49d816cc709b6eadb09498030ae3416b66dc,2026-08-12T22:10:16,complex_trace;high_gas_used_context;token_activity_burst;approval_burst,0xf497df75,false
25739416,0x7b1ecbb987fc31c7811d78ec69c6c7c3db1e1c3049251bca7b50290c6e102664,0x3431172c887cf150d9fdaba9876273d9db566367,0x64f5aad0e38e2ff9f50f2e51e813e49c05aca41a,2026-08-12T22:10:17,complex_trace;high_gas_used_context;token_activity_burst,0xa9059cbb,false
25739417,0xc1cd7b4862fb2c76649b6f282e5545d9156383e1dac2cf43d31f7cc0acabe14d,0x67b94473d81d0cd00849d563c94d0432ac988b49,0x86e4dc95c7fbdbf52e33d563bbdb00823894c287,2026-08-12T22:10:24,complex_trace;high_gas_used_context,0x4e43e495,false
25739417,0xdf513d645dcf79a9b3473b26855d933648baff595209f691b68b0d3f25bed101,0x433700890211c1c776c391d414cffd38efdd1811,0x0000000071727de22e5e9d8baf0edac6f37da032,2026-08-12T22:10:24,privileged_execution_context;complex_trace,0x765e827f,false
25739418,0x3a4fee1030e285398551b6b63f8eb41742855592b4d7587a697b2694d8678a2f,0x0e0052a184fd59c6b7e1e99d739802ecb3aec0e4,0xd82461784eb72d4b67cbab077989eb215315e272,2026-08-12T22:10:33,complex_trace;approval_burst,0x805f7b65,false
25739419,0x21ace95742888b1db2f6dfef86d9161553deeda7f66cb77981d3d491d447df09,0xdedb0e722e69d7794cbae19bac32da650849490a,0x99c9fc46f92e8a1c0dec1b1747d010903e884be1,2026-08-12T22:10:40,dense_internal_fund_flow;complex_trace,0x09fc8843,true
25739419,0x8c4ed6f17ca9be756669285f3d630523a9f81671c422f4c5e711f79c78eaf5c1,0x4838b106fce9647bdf1e7877bf73ce8b0bad5f97,0xfeeeeee44046c3f61a8cc081e0918ef0de0a7ffc,2026-08-12T22:10:40,selfdestruct_context,0x6a7c7e7b,true
25739420,0x35dd3aed792e41d6581685acd30058654087289214f2986a74ef56ae212f5b9c,0x7830c87c02e56aff27fa8ab1241711331fa86f43,0xa9d1e08c7793af67e9d92fe308d5697fb81d3e43,2026-08-12T22:10:49,dense_internal_fund_flow,0x1a1da075,true
25739420,0xcb364c39ce3970792050e3a47cef2cd8f3b9721f3f83d58ed982fe418cf9c9f4,0x7c52a2836bb70d54779db14a3c78672b7cb877fc,0xb222da0f9c22ad2addcb0b0d6b150f398e44157a,2026-08-12T22:10:50,complex_trace;approval_burst,0xef4d7b75,false
25739420,0x54bde749632806b7719d74496bdece5ae84fd38d7bd2925d2d0785ccc163f8c5,0x8b5606469e21c75edd7c74d1c7a65824675d9aff,0x9ccc2f3ecde026230e11a5c8799ac7524f2bb294,2026-08-12T22:10:51,dense_internal_fund_flow;complex_trace,0x1bc74526,true
25739420,0x79eec7a9a8c27f41d9fcfce066b7df1b198699570d6f2ddd236b8da5ae6216ca,0x4838b106fce9647bdf1e7877bf73ce8b0bad5f97,0xfeeeeee44046c3f61a8cc081e0918ef0de0a7ffc,2026-08-12T22:10:52,selfdestruct_context,0x6a7c7e87,true
25739420,0x80d7e1b0d83aa122bd3a7ad9f35a9656b0934b53f1628a7160ffed76a8c035dd,0x59aab1bd0d26290274398c07b55955c15425e16b,0x00fe78205f5f0e63b8ad2b2ae5337f538a610e04,2026-08-12T22:10:52,complex_trace;high_gas_used_context;token_activity_burst,0x34fcd5be,false
25739421,0x0cba282f2e742fcac88d02aa8f8abd9872a07b6c9e65b2d6a719a8b6013a95c3,0xe44799ef334df157e0f8e2855e5ebebdbc02b299,0x19ed0b6125bc0f13db2728d79a6b0f4a26a47197,2026-08-12T22:10:59,complex_trace;high_gas_used_context,0x6758f59a,false
25739421,0x298e795fbd041b17272dc3620db62c1f130e60922382631341d01b26efd0ce90,0x2b3fed49557bd88f78b898684f82fbb355305dbb,0x09c30cdcdd971423cb3ba757a47d56c35d06d818,2026-08-12T22:10:59,dense_internal_fund_flow,0x318adb8b,true
25739421,0x436aeb58df603731091803c43c19107ef87d8d36931d2933331a11c9aa49ef84,0xa1a63d47003ec2ccc8500fcd0db49a077ee65f23,0x6131b5fae19ea4f9d964eac0408e4408b66337b5,2026-08-12T22:10:59,dense_internal_fund_flow;complex_trace,0xe21fd0e9,true
25739421,0x9a2f16a2b6d801a069d8c0a806f8b0da884dae9df0ec32f4f0ab27e267605555,0xa67d7eb4dc68fa6ce8e34ef8cadaf075b9893fbb,0xccc88a9d1b4ed6b0eaba998850414b24f1c315be,2026-08-12T22:10:59,complex_trace;high_gas_used_context,0x0a2b8f36,false
25739421,0xcd749e64dd965912879dae61443ada3b85f8cb8a9eecc060edb8c7ba9d6ad6a1,0x7b49bc3ebbdf7322f31c6449320382bbec3be1b6,0xad3b67bca8935cb510c8d18bd45f0b94f54a968f,2026-08-12T22:10:59,complex_trace;high_gas_used_context;token_activity_burst;approval_burst,0x146ee74d,false
25739421,0x3942a121dd15448d224efa627bbf9528f65cbf2a1fb5c3ed990fc1476f290590,0x4337019d937ebcbd73dd750072d86c1ce664b350,0x0000000071727de22e5e9d8baf0edac6f37da032,2026-08-12T22:11:00,privileged_execution_context;complex_trace,0x765e827f,false
25739421,0x67e4fcfffc6e4aa773d45ceebaf4adaf49fecebee4e634cf5f976920b2653785,0x4337031ade3a53d10121f350369907076b6d32a4,0x4337084d9e255ff0702461cf8895ce9e3b5ff108,2026-08-12T22:11:00,dense_internal_fund_flow;complex_trace,0x765e827f,true
25739421,0xfcb8bf7b45282267baa02045a3bf0aaee7d41aa1aa3d50609bce99c5adfd04ba,0x0e0052a184fd59c6b7e1e99d739802ecb3aec0e4,0x0b8a49d816cc709b6eadb09498030ae3416b66dc,2026-08-12T22:11:00,complex_trace;high_gas_used_context;token_activity_burst;approval_burst,0xf497df75,false
25739421,0x4037a437a0e4a756be9247a4610f5abe25abeaf376e0687690a4ac8ea2cc21e3,0x1584a8ee67789d1fe161065388657ad2f2a3c7dd,0x77eb52e44db06777bce478159f25c0d55a295314,2026-08-12T22:11:02,repeated_internal_token_drain;dense_internal_fund_flow;very_complex_trace;high_gas_used_context;token_activity_burst;repeated_risky_internal_calls,0xa9059cbb,true
25739421,0x61bc468a1af80b68af76309249a00ad438ed129565f201894facd9f44c77849e,0x9fc3da866e7df3a1c57ade1a97c9f00a70f010c8,0xfeeeeee44046c3f61a8cc081e0918ef0de0a7ffc,2026-08-12T22:11:02,selfdestruct_context,0x6a7c7e93,true
25739421,0xee9ac5aed5ccd6341bb705521b3ab33cbd54895ec2ec941287688dfc19630b12,0x4838b106fce9647bdf1e7877bf73ce8b0bad5f97,0xfeeeeee44046c3f61a8cc081e0918ef0de0a7ffc,2026-08-12T22:11:02,selfdestruct_context,0x6a7c7e93,true
25739422,0x4f2f56b684181e5b93d3f09096a9ba6d5986d1b40ec4025cd597077f1c6e52b8,0xacab2c12c78de7404c21d3b71b0cf011e872b62c,0x6a000f20005980200259b80c5102003040001068,2026-08-12T22:11:09,dense_internal_fund_flow;complex_trace,0x0d893d62,true
25739422,0x72bd8e150b6e0c477e12a9125216756daaf207662474f149851dc3b9b04ce196,0x6667cfe4698500cec4ed2cf22a9d6dbf15aec81d,0x2c158bc456e027b2affccadf1bdbd9f5fc4c5c8c,2026-08-12T22:11:10,large_erc20_asset_flow;complex_trace,0x6eefea49,true
25739422,0x5d016e40b5650d19f1419a7facbbf8a109057cd5a718310ff5b1f57dd9dba406,0x9919820b06b75c14e2a205089485621dc9b0fefc,0x28b1dc1a5e3699a428bc51d234dfab7c9cb2a183,2026-08-12T22:11:11,complex_trace;high_gas_used_context,0x0c307f76,false
25739422,0x5d75fc757a1b5e5e1512ca12c64427bf3c6e238c98dc5867aab10ba4bf4f7a00,0x9fc3da866e7df3a1c57ade1a97c9f00a70f010c8,0xfeeeeee44046c3f61a8cc081e0918ef0de0a7ffc,2026-08-12T22:11:11,selfdestruct_context,0x6a7c7e9f,true
25739422,0x859a8c0c9e649403bd26c8bab0f4d949662eae6a1788083440886985bd7d8fe5,0x0e0052a184fd59c6b7e1e99d739802ecb3aec0e4,0x0b8a49d816cc709b6eadb09498030ae3416b66dc,2026-08-12T22:11:11,complex_trace;approval_burst,0xf497df75,false
25739423,0xbc1e2ef184f8b64cda2b6e52bdb42e2dec063d5c76de7284b8ade667df5dac28,0xc6d9862115d144cf210f0a121db69dd7a0dbf115,0x7a250d5630b4cf539739df2c5dacb4c659f2488d,2026-08-12T22:11:20,dense_internal_fund_flow,0xf305d719,true
25739424,0x6067d253cc11a008369062a57bf44969740350ab7abfda9a261bde86fe7d4737,0x7b49bc3ebbdf7322f31c6449320382bbec3be1b6,0xad3b67bca8935cb510c8d18bd45f0b94f54a968f,2026-08-12T22:11:26,complex_trace;high_gas_used_context;token_activity_burst;approval_burst,0x146ee74d,false
25739424,0x2e59fe843af3fe8c200597eff3333931b65725ddb87831d910e4bc05a3769c68,0xc6acbee42e9e323140c1ed060c2f6ea9cc3b4b75,0x7c5a71c9fefbc7691f9d4ac7baf70c743792f716,2026-08-12T22:11:28,selfdestruct_context,0xf3fef3a3,false
25739424,0x9a5d4d0c3ba9def6344c2144398deec56c699b05443d6e08d26f4a878f0dacc9,0x1da3dd644dceab11e08e0b31b2eeafea59cddaa4,0x3cd4d86a2c65e57ce4b4121b67e2d2224ba41bbe,2026-08-12T22:11:28,large_erc20_asset_flow;complex_trace,0x24049e57,true
25739424,0xdffbb00eb702fa1fc0400e1ab3b4fc59a7e7e873fc72b43154cbbeca0d751e94,0xfeed4c53d827aebebed6066788065ea1027c7e70,0x7583d7f36635e5642713accbded717ca59fdad07,2026-08-12T22:11:28,privileged_execution_context;very_complex_trace;high_gas_used_context;token_activity_burst;approval_burst,0x0af210a1,false
25739424,0xebbe9bf5b6685f86edf3a590ce763d8f63c39b20b3a3ee2152a30110515ec99e,0x4838b106fce9647bdf1e7877bf73ce8b0bad5f97,0xfeeeeee44046c3f61a8cc081e0918ef0de0a7ffc,2026-08-12T22:11:28,selfdestruct_context,0x6a7c7eb7,true
25739425,0x560dce4dede7c9ba49ca195bf34c1ac5304af81bc636655f13d839e882d22d54,0x09efa4777a855eb946df013c8f3e51fc553aa81d,0xd90e2f925da726b50c4ed8d0fb90ad053324f31b,2026-08-12T22:11:36,dense_internal_fund_flow;complex_trace,0xb438689f,true
25739425,0xa7e06208ca34a4b0dc76e89cf83cd927ec2d6b21dbb4ed61c252261130b1c820,0x883a95fdf8df78e7128fced0e9d931a687ff542f,0x6f714629052538051c41d5965369bec0eea594e3,2026-08-12T22:11:36,complex_trace;high_gas_used_context,0x586146e0,false
25739425,0x10672f17ecc01e8ad62e8258879e62f817eb996046a2d57ac81455e9289f1b53,0xafe782c8b5eae987182addd8454782547b5bfca3,0x862493fe14399f9c645d5788475edb6a91876a1b,2026-08-12T22:11:38,privileged_execution_context;complex_trace;high_gas_used_context,0x00774360,false
25739425,0x8a70a0c4154b9941cabee66cb1c21a6edbc3bfa83e1c07b5522cb646c806eff3,0x1584a8ee67789d1fe161065388657ad2f2a3c7dd,0x77eb52e44db06777bce478159f25c0d55a295314,2026-08-12T22:11:39,repeated_internal_token_drain;dense_internal_fund_flow;complex_trace;high_gas_used_context;token_activity_burst;repeated_risky_internal_calls,0xa9059cbb,true
25739425,0xaa25c6054646e091e405524a3e7e6c52429061db4dbad5f7de45c3d915bb552c,0x4838b106fce9647bdf1e7877bf73ce8b0bad5f97,0xfeeeeee44046c3f61a8cc081e0918ef0de0a7ffc,2026-08-12T22:11:40,selfdestruct_context,0x6a7c7ec3,true
25739426,0x06dccd2d7a848779d2fc44944cb67f2a6d91f9f2942dffe4061d4d9aedd3630a,0xbe0b407782a7599380fa726db315340126d62229,0x4d2fb5f8ec243fde4df1a9678b82238570c7e0e4,2026-08-12T22:11:44,repeated_internal_token_drain;dense_internal_fund_flow;complex_trace;high_gas_used_context;token_activity_burst;repeated_risky_internal_calls,0x6a761202,true
25739426,0x193b55c7afb308a5ae5e12e929356c5d3bde71b713b6733bea4573464f1796a3,0x5b43453fce04b92e190f391a83136bfbecedefd1,0xbdb3ba9ffe392549e1f8658dd2630c141fdf47b6,2026-08-12T22:11:44,dense_internal_fund_flow;complex_trace;high_gas_used_context;token_activity_burst,0x000000c3,true
25739426,0x21f48e63c2bfb566816578de690f712ef6ac8173d67ab35ec5a0286a0f862c6a,0xc6acbee42e9e323140c1ed060c2f6ea9cc3b4b75,0x7c5a71c9fefbc7691f9d4ac7baf70c743792f716,2026-08-12T22:11:44,selfdestruct_context,0xf3fef3a3,false
25739426,0x54a3a2239c24e27d1fe625a477130eb69359ff58beb37f98c294769eba0af1a5,0x883a95fdf8df78e7128fced0e9d931a687ff542f,0x6f714629052538051c41d5965369bec0eea594e3,2026-08-12T22:11:44,complex_trace;high_gas_used_context,0x586146e0,false
25739426,0x928141682a1aaa184da2c10b798592a76efa1e52465a33ee818097bf69712c12,0x5b43453fce04b92e190f391a83136bfbecedefd1,0xbdb3ba9ffe392549e1f8658dd2630c141fdf47b6,2026-08-12T22:11:44,dense_internal_fund_flow;complex_trace,0x000000cc,true
25739426,0x92909b398862475f2d996d05504cbf760538e472d8aabe22a4b1ab18c56bcbb0,0x0b4c4b47be3d31c274d082fd83106d6fbf7e07d2,0x1231deb6f5749ef6ce6943a275a1d3e7486f4eae,2026-08-12T22:11:44,dense_internal_fund_flow;complex_trace,0xa3443faa,true
25739426,0xd1a12a9bd34596f6911aa4a478df4881e2bb62af755461a29da21bc1de2cb994,0x126cf991a5156e0e98c4bee3ed8e80957baaa10e,0x87870bca3f3fd6335c3f4ce8392d69350b4fa4e2,2026-08-12T22:11:45,large_erc20_asset_flow;complex_trace,0x02c205f0,true
25739426,0x133fae210d30aa581f5c2b2f6b32ddf406a0a277d17493a8d6bd92a0efd73ffd,0xe99bd1c2dd70cd58e5efd47887991700e7318ce2,0xad3b67bca8935cb510c8d18bd45f0b94f54a968f,2026-08-12T22:11:46,complex_trace;high_gas_used_context;token_activity_burst;approval_burst,0x146ee74d,false
25739426,0x6f425b29d3dd1f58b88de05d6040791b3c46b846261b00024ef76a47b13c4c66,0x9fc3da866e7df3a1c57ade1a97c9f00a70f010c8,0xfeeeeee44046c3f61a8cc081e0918ef0de0a7ffc,2026-08-12T22:11:46,selfdestruct_context,0x6a7c7ecf,true
25739427,0xd193145ed0e42c9e6af34fa655ff3258a6ca81b6f0e2a72663c1073c8ab6c57c,0x752ed5f0c9bbc1e21434643376dff133c1ac933c,0xcd2924503493c8f113b24689e68fdfaf0dc39734,2026-08-12T22:11:52,complex_trace;high_gas_used_context;token_activity_burst,0x601881f3,false
25739427,0x0ce17cf696c5d3a182f9154bdcf2942811abc0c2f7085fe4f93804650cc1b66c,0x0e0052a184fd59c6b7e1e99d739802ecb3aec0e4,0xd82461784eb72d4b67cbab077989eb215315e272,2026-08-12T22:11:53,complex_trace;approval_burst,0x805f7b65,false
25739427,0x84bb170aadeb315fa223df276b29dcfd54f712626e7df1385a1ba21806ee9045,0xc7f8278721c86ea7a5b5a08ce47359a1f6601c8d,0xd90e2f925da726b50c4ed8d0fb90ad053324f31b,2026-08-12T22:11:54,dense_internal_fund_flow;complex_trace,0xb438689f,true
25739427,0xc570733f5396183e693a61a279a4436a544d33aa62aebe15324dfe3a5bfd330e,0x223aaa35b52dfd3d2f39afb334fdf4eb59517b35,0x20f6ee51340adeed01a59b0e65cb3703f3dc860c,2026-08-12T22:11:54,dense_internal_fund_flow;complex_trace,0x46ec278a,true
25739428,0x6e3be74b72d3f7fca1030bba05cbfe58aa3ff3913a18b9def5efbd2fd76318f4,0x4337026d731283f9917fa3c9194d74809bfbec26,0x0000000071727de22e5e9d8baf0edac6f37da032,2026-08-12T22:12:05,privileged_execution_context;complex_trace,0x765e827f,false
25739428,0x78143ac3d073463de0e1f6927b9dbbc7cc941c447beeaeb98fef387b213ca7c2,0x0e0052a184fd59c6b7e1e99d739802ecb3aec0e4,0xd82461784eb72d4b67cbab077989eb215315e272,2026-08-12T22:12:05,complex_trace;approval_burst,0x805f7b65,false
25739430,0x6fbab2792555aa88319faefddf29fb2432849ef7a40628d6535b1d0e8366bce3,0x7830c87c02e56aff27fa8ab1241711331fa86f43,0xa9d1e08c7793af67e9d92fe308d5697fb81d3e43,2026-08-12T22:12:19,dense_internal_fund_flow,0x1a1da075,true
25739430,0x5ab38120e71870efd86b4f0593f897a75096e4bc399d9bfb1347ae5e15d90bd6,0x161643f280b09be8e0271eef8efc6c264d125003,0xece3541b96f401268bdbf36d0c698325c4653610,2026-08-12T22:12:22,dense_internal_fund_flow;token_activity_burst,0xa9059cbb,true
25739431,0x158be7983934fdf86fc608fb8f85e9cec0056e6874b8663aeaa69e2424f08a95,0xe90486ad8b3c3cfb4f8065064c855279018f0ac7,0xcd2924503493c8f113b24689e68fdfaf0dc39734,2026-08-12T22:12:23,complex_trace;high_gas_used_context;token_activity_burst,0x601881f3,false
25739431,0x1f9bfd5582a0a3ab8a84be724860f627a209d1d876f806db24c465056ec26306,0x70e59f9c304e4d5096bd408b571e2dcd99c3120b,0xad3b67bca8935cb510c8d18bd45f0b94f54a968f,2026-08-12T22:12:23,complex_trace;high_gas_used_context;token_activity_burst;approval_burst,0x146ee74d,false
25739432,0x83ac8bc2c4e63105fd8a64363673f9895131b20e3e0c650b7dd6b1a179ed6ac5,0xbee12bd9a3b777b29fecf6097f18aec13db6e013,0xbee3211ab312a8d065c4fef0247448e17a8da000,2026-08-12T22:12:32,complex_trace;high_gas_used_context;token_activity_burst,0x4cf3fe9c,false
25739432,0x1443c153ae0fb92f2dd14555095cee813e110c240f6988a31c20b46ed740d332,0x54632df3db2f9203caeffe46dd9ae9360b1eb200,0x75d9ef48e30bcb0b658c1d387233fb52ebf9a4fe,2026-08-12T22:12:33,complex_trace;high_gas_used_context,0xf6dbcb18,false
25739432,0x142bf64a17fda7e7ecffc3cade6f53be6c1d8694dc0a9f0e36f5e42adfaef659,0xfeed46c11f57b7126a773eec6ae9ca7ae1c03c9a,0xbeeff2c5bf38f90e3482a8b19f12e5a6d2fca757,2026-08-12T22:12:35,complex_trace;high_gas_used_context;token_activity_burst,0xac9650d8,false
25739432,0x27a349d4a725050890a139490358e4ed680cc627e1aa65ebfb42e783516984eb,0x00bc203d37f6891965797f728119c38137f06d30,0x888888888889758f76e7103c6cbf23abbf58f946,2026-08-12T22:12:35,complex_trace;token_activity_burst,0x05eb5327,true
25739432,0x3b3402207eaf259b7c9ad253a5255723a3baa69261a1904cdffa7470e5a23329,0x1584a8ee67789d1fe161065388657ad2f2a3c7dd,0x77eb52e44db06777bce478159f25c0d55a295314,2026-08-12T22:12:36,repeated_internal_token_drain;dense_internal_fund_flow;complex_trace;token_activity_burst;repeated_risky_internal_calls,0xa9059cbb,true
25739433,0x656dbfb9f9655c1ab38ddf0fd11ca9ca63ed25b41f44384a3329e84707c71141,0x5b43453fce04b92e190f391a83136bfbecedefd1,0xbdb3ba9ffe392549e1f8658dd2630c141fdf47b6,2026-08-12T22:12:40,dense_internal_fund_flow;complex_trace,0x000000cc,true
25739433,0x74fec892b33f8f15983d647cea6e62dad00908699996555ee9995af9263d4ee5,0x5b43453fce04b92e190f391a83136bfbecedefd1,0xbdb3ba9ffe392549e1f8658dd2630c141fdf47b6,2026-08-12T22:12:40,repeated_internal_token_drain;dense_internal_fund_flow;very_complex_trace;high_gas_used_context;token_activity_burst;repeated_risky_internal_calls,0x000000c3,true
25739433,0xdb9452454a9c17a3d06cbddfb250fffbcdf589335e9eb170dd2f04a365c95af6,0x9fc3da866e7df3a1c57ade1a97c9f00a70f010c8,0xfeeeeee44046c3f61a8cc081e0918ef0de0a7ffc,2026-08-12T22:12:40,selfdestruct_context,0x6a7c7f23,true
25739433,0xfbf18ade801cf6d20b9838ebd3f1cc5f0301a62af9fad1cf836f7af48806c4eb,0x4838b106fce9647bdf1e7877bf73ce8b0bad5f97,0xfeeeeee44046c3f61a8cc081e0918ef0de0a7ffc,2026-08-12T22:12:40,selfdestruct_context,0x6a7c7f23,true
25739434,0x891a0dd3b1dcfcd4857bceaecba2023a651aaa534588320fbedda124483e345b,0x54632df3db2f9203caeffe46dd9ae9360b1eb200,0x75d9ef48e30bcb0b658c1d387233fb52ebf9a4fe,2026-08-12T22:12:52,complex_trace;high_gas_used_context,0xf6dbcb18,false
25739434,0x8ea79c499a88b264f25a5a99e3e43aec270bd92633b664df855fe353a3917d03,0x0e0052a184fd59c6b7e1e99d739802ecb3aec0e4,0xd82461784eb72d4b67cbab077989eb215315e272,2026-08-12T22:12:52,complex_trace;approval_burst,0x805f7b65,false
25739434,0xa8f99e75535590bf828995efa1f29378658edbb85b7e4f9de939909bc8786616,0x30a1b724c9dfe2e12a19ed84878312d199d1519e,0x50d3865a63d52c0a54e4679949647ea752107390,2026-08-12T22:12:52,dense_internal_fund_flow;complex_trace;high_gas_used_context;token_activity_burst,0x00000000,true
25739434,0xc48b9b1ac7cffb8cb6a45ae1d0b21546aeb7d1542df56af2cdaa232362b6a191,0x0e3e838ae9e69293860bca1921a7853b2774c306,0x0e032b535a16b9235a3603bd11cc901cdbdd23a7,2026-08-12T22:12:53,complex_trace;high_gas_used_context,0x0f042243,false
25739434,0x143b21e55b49487ffb0b21de790b9a95d84c6ed8a6eacfb21cbb058379f95d95,0x50bf934781f63028c5c8ef49c4affe19a86d99b6,0x8d04cc7e86e687854eb41d9d43512b655b93184b,2026-08-12T22:12:54,selfdestruct_context,0xb5291b32,false
25739434,0x7ddb04d878a86233a4a3274cadf2bfb0b99c791a6a66da4c96123940cfc16f6a,0x0e0052a184fd59c6b7e1e99d739802ecb3aec0e4,0xd82461784eb72d4b67cbab077989eb215315e272,2026-08-12T22:12:55,complex_trace;approval_burst,0x805f7b65,false
25739434,0x8f31d5c38d3c0e4d771345f4806af7dde28ec8218bcb7c735d29bc2202bdc9a4,0xc7f8278721c86ea7a5b5a08ce47359a1f6601c8d,0xd90e2f925da726b50c4ed8d0fb90ad053324f31b,2026-08-12T22:12:56,dense_internal_fund_flow;complex_trace,0xb438689f,true
25739435,0x9b1fcca6f60f3b8958f8292aa8a2ec3c4e34206489c254e87171d1a00bb60e33,0x9d6f0633223bd2c782fb413e9603f6dbfda3e772,0x2a66f992bf227d2e50ef19edd21503c3c4f3f682,2026-08-12T22:13:08,large_erc20_asset_flow;complex_trace,0x7bde82f2,true
25739435,0xc59b3c1bd65883bc4709788843545342a2174b3c9b0cac368d54f3cf364ece95,0xe2da6685ad46153f68b45d6378cf965f6cdb94f7,0x28b1dc1a5e3699a428bc51d234dfab7c9cb2a183,2026-08-12T22:13:08,dense_internal_fund_flow;complex_trace,0x0c307f76,true
25739435,0xd802082d5dd45148c85ed695807996a940b711c745d4dd91506043272f90278f,0x4838b106fce9647bdf1e7877bf73ce8b0bad5f97,0xfeeeeee44046c3f61a8cc081e0918ef0de0a7ffc,2026-08-12T22:13:08,selfdestruct_context,0x6a7c7f3b,true
25739435,0x415a7e88f4454dd2d1fc8d9bba1a439dd08931e4f2004019f849249bee93cd45,0x0e0052a184fd59c6b7e1e99d739802ecb3aec0e4,0xd82461784eb72d4b67cbab077989eb215315e272,2026-08-12T22:13:09,complex_trace;approval_burst,0x805f7b65,false
25739435,0xabf6922f651ba4082305a88a9b4b1471058dc8a6168f01fe9e21976b0403b872,0x83a4d7354d8ff0e570184b2a3d25a98c6e8b4479,0xd458a2a95cc172addb6c3a02682f9ac39203f00d,2026-08-12T22:13:09,complex_trace;high_gas_used_context;token_activity_burst,0x601881f3,false
25739435,0xc0c63297b956d182450e66ece50b8340be29901f0aa963eecc6486af5ddb7638,0x80d04079ffc53eb14edbeeb37279d126f45552df,0x8c3666e688cfdeb29f1597c71dc59a59b5bb7f58,2026-08-12T22:13:10,repeated_internal_token_drain;dense_internal_fund_flow;complex_trace;token_activity_burst;repeated_risky_internal_calls,0x8aaa8f3b,true
25739435,0xd23575fc9ff74451d68121dd9132327ea007e73bab039f2e2dff05a8ba798ab8,0x1053ec0d66c4d1678099521b07f19a4532d33578,0x3057fe9ce0785055d546e974befa47b5e9f0cccc,2026-08-12T22:13:10,complex_trace;high_gas_used_context;token_activity_burst,0x07ed2379,false
25739435,0xef45a5d3af8263ab1b346206061cf0bb01c92a2240e55363cebf908bf5845140,0x7c0db1be671517f97974664f7ac4f0b6ca8c36dc,0xad15dfa37904c38a861b047639559ce1d56e4c5b,2026-08-12T22:13:10,complex_trace;high_gas_used_context;approval_burst,0x280de3b3,false
25739435,0x03454a5f71c7fbb6bddb1ff69d785131cbe1cde7d9cd3f8e401915dd45ec2a32,0x3431172c887cf150d9fdaba9876273d9db566367,0x64f5aad0e38e2ff9f50f2e51e813e49c05aca41a,2026-08-12T22:13:40,complex_trace;high_gas_used_context;token_activity_burst,0xa9059cbb,false
25739435,0xc2274dee86f23854d75a0edc78d488765131c311e969005fa08027600d7bd0b9,0x4838b106fce9647bdf1e7877bf73ce8b0bad5f97,0xfeeeeee44046c3f61a8cc081e0918ef0de0a7ffc,2026-08-12T22:13:40,selfdestruct_context,0x6a7c7f3b,true
25739436,0xae5cba0c401aec2d6df0a3e4121b672e5b8cbd9411e43186de0662f534bc9368,0x5b43453fce04b92e190f391a83136bfbecedefd1,0xbdb3ba9ffe392549e1f8658dd2630c141fdf47b6,2026-08-12T22:13:47,dense_internal_fund_flow,0x000000c3,true
25739436,0x4db2d6e7938ec5bc1d294b8d526e43af47ae86633626fdcbbbfa2a330072a858,0xa0b8bea007983e6dcd5f17e32b6b7d297c755ac3,0x4c82d1fbfe28c977cbb58d8c7ff8fcf9f70a2cca,2026-08-12T22:13:49,dense_internal_fund_flow;complex_trace,0x3593564c,true
25739436,0x6772173570aaa1a8535396926103362d009decf4f283bb3bf1a2ff10d24e08d5,0x1584a8ee67789d1fe161065388657ad2f2a3c7dd,0x77eb52e44db06777bce478159f25c0d55a295314,2026-08-12T22:13:49,repeated_internal_token_drain;dense_internal_fund_flow;complex_trace;high_gas_used_context;token_activity_burst;repeated_risky_internal_calls,0xa9059cbb,true
25739436,0x68a00878159dbae87aa609b5fdc869a01a333539ee2b6bd8b8f3788e8635e3e6,0x4838b106fce9647bdf1e7877bf73ce8b0bad5f97,0xfeeeeee44046c3f61a8cc081e0918ef0de0a7ffc,2026-08-12T22:13:49,selfdestruct_context,0x6a7c7f47,true
25739436,0x976e3cee0a42b8a2274ee65d8381b633bf00b4f9d4a932cd4e79fc57a61d51b6,0x025080f14aa3305049f9ce08d7b92368d54cb9b6,0xcb0151ac9479a6a0261622baa63ae843c9793d45,2026-08-12T22:13:49,large_erc20_asset_flow;complex_trace;high_gas_used_context;token_activity_burst;approval_burst,0x64cd187f,true
25739436,0xc4ffad244a9744eff6fc948fe6c7c79311bd08514bf47a0e97076409711f57dd,0xda458dac866affcc77574182a50de980139c983a,0x28b1dc1a5e3699a428bc51d234dfab7c9cb2a183,2026-08-12T22:13:49,complex_trace;high_gas_used_context;token_activity_burst,0x0c307f76,false
25739436,0xd5c01f64f72397e7be08220d18a95d4cbc1b38554fcdc337b59c5b584ff3854f,0x4838b106fce9647bdf1e7877bf73ce8b0bad5f97,0xfeeeeee44046c3f61a8cc081e0918ef0de0a7ffc,2026-08-12T22:13:49,selfdestruct_context,0x6a7c7f47,true
25739436,0x73d96b028921b02f1cd8942aa99de9bded14bb747324113acbd52f9f1de48588,0x225dcd944204a08d20d70eb0485a144e39fe270b,0x3d90f66b534dd8482b181e24655a9e8265316be9,2026-08-12T22:13:51,dense_internal_fund_flow;complex_trace;high_gas_used_context;token_activity_burst,0x47ee97ff,true
25739436,0x98244bc5ebd15ee940dc2cb710f805db2730119cf09ce8163ed998250ded53a2,0x90763ff599f3ddd169057d3051fad56a246665f1,0x87870bca3f3fd6335c3f4ce8392d69350b4fa4e2,2026-08-12T22:13:51,large_erc20_asset_flow;complex_trace,0x02c205f0,true
25739436,0x07f359f7ba59ba11d6d405181e11f95a9e6070133617a14d6d4e80ab799caa1e,0x4838b106fce9647bdf1e7877bf73ce8b0bad5f97,0xfeeeeee44046c3f61a8cc081e0918ef0de0a7ffc,2026-08-12T22:13:52,selfdestruct_context,0x6a7c7f47,true
25739436,0xf45f5e3e7c61cf7ebe39188f971ff7fc46c2432d457af83de70bb9c156cc7be3,0xd6434d157f254276d69ede3bd9fc805482206908,0x7ec8a30a34b86927dc77b302603d1d53e640bef7,2026-08-12T22:13:52,repeated_internal_token_drain;dense_internal_fund_flow;complex_trace;high_gas_used_context;token_activity_burst;repeated_risky_internal_calls,0xa9059cbb,true
25739437,0x8bc1905646bc78053e79a50564bfbef7aaab5e79e6745d7cba1f18de817d64cd,0x70e59f9c304e4d5096bd408b571e2dcd99c3120b,0xad3b67bca8935cb510c8d18bd45f0b94f54a968f,2026-08-12T22:13:56,complex_trace;high_gas_used_context;token_activity_burst;approval_burst,0x146ee74d,false
25739437,0xc85f6e1476b247e61e0147296adb79a909ca3ab447c60ceb7575e3be73197035,0x0e0052a184fd59c6b7e1e99d739802ecb3aec0e4,0xd82461784eb72d4b67cbab077989eb215315e272,2026-08-12T22:13:56,complex_trace;approval_burst,0x805f7b65,false
25739437,0x5eeff7fe1faf4433a372aafd536cb35fa58d07309047322d4fbc83540c0f0ea5,0xefc185984ef640a0fb6587afd01694736134ce9b,0x03f34be1bf910116595db1b11e9d1b2ca5d59659,2026-08-12T22:13:57,dense_internal_fund_flow;complex_trace,0xa32fe0a1,true
25739437,0x60951479f413f99f01c3aed694d714e41caf1debc2513095a026c405d0406fcb,0x0e14a3e9af1afdfc60554e3e2a40c8284d647093,0x28b1dc1a5e3699a428bc51d234dfab7c9cb2a183,2026-08-12T22:13:57,complex_trace;high_gas_used_context;token_activity_burst,0x0c307f76,false
25739437,0x6a2e2084f55e5af3494d8bcc119977e146b61a84b8cc38d8204862762e84e7b1,0x2c4aeff11a0c0e1973cae3809b145d35798c6521,0x91ff8bbd8ebb07893010d50a48a1609e5ebd8e34,2026-08-12T22:13:57,complex_trace;high_gas_used_context,0x069d1525,false
25739438,0xeadc4bd40bdf996105ba3e31daa5b8e6821f655ceb59b67969471a57a26b200c,0x59aab1bd0d26290274398c07b55955c15425e16b,0x00fe78205f5f0e63b8ad2b2ae5337f538a610e04,2026-08-12T22:14:04,complex_trace;high_gas_used_context;token_activity_burst,0x34fcd5be,false
25739439,0x12d60fcd7057075516d0f7c6609592eb0b1ca811a2e4160948e366ff8a4cd317,0xea7a52a5ad884a4ab9cca811e45d8641e77025bc,0x03f34be1bf910116595db1b11e9d1b2ca5d59659,2026-08-12T22:14:12,dense_internal_fund_flow;complex_trace,0xa32fe0a1,true
25739439,0xd5c7db93172e7ca539ba1da8c126b79ffd86a9653e0e7a82bb2455f3c25549ee,0x70e59f9c304e4d5096bd408b571e2dcd99c3120b,0xad3b67bca8935cb510c8d18bd45f0b94f54a968f,2026-08-12T22:14:12,complex_trace;high_gas_used_context;token_activity_burst;approval_burst,0x146ee74d,false
25739439,0x0714e2eae9f895e2271a3ead07cb136c7c7b46c683df0e8bc9baef1596e89ebb,0x0e0052a184fd59c6b7e1e99d739802ecb3aec0e4,0xd82461784eb72d4b67cbab077989eb215315e272,2026-08-12T22:14:13,complex_trace;token_activity_burst;approval_burst,0xac9650d8,false
25739439,0x4ef9b4c2e94090370c509206fdf00dff9fb0b585ff5966946426893a9150bb80,0xf279dfcdd57e1571c95e2c5b7e2ee453cbcdf77f,0x5ff137d4b0fdcd49dca30c7cf57e578a026d2789,2026-08-12T22:14:13,dense_internal_fund_flow;complex_trace;high_gas_used_context,0x1fad948c,true
25739439,0xeeaa06eef1480856641062e29fc59fc7a96e44e8ee5cc81ea84247fc800e8d2d,0xf6ceef471f71f2ffc63d90254f694c538cfd751f,0xac9f360ae85469b27aeddeafc579ef2d052ad405,2026-08-12T22:14:13,dense_internal_fund_flow,0xe4899c13,true
25739440,0x7ce29ab64a5722477d21216390b74f9fe7cc0619c323c2daa8bca7ac73e52393,0x281d85576672bf5c925b01936744e3415331dbc9,0xccc88a9d1b4ed6b0eaba998850414b24f1c315be,2026-08-12T22:14:26,dense_internal_fund_flow;complex_trace,0xf9e4bab4,true
25739440,0xd3306f346395d79992768d6873ae48a83b9b23ec1414615c0efe8352785cd403,0x5b43453fce04b92e190f391a83136bfbecedefd1,0xbdb3ba9ffe392549e1f8658dd2630c141fdf47b6,2026-08-12T22:14:26,complex_trace;token_activity_burst,0x000000c3,false
25739440,0x2d17352409ad7b1735d16a97421916cc6c780169aa08f12687c84190ce1728e7,0x31d7c314fd203a8109d45a3c675febffbc65328a,,2026-08-12T22:14:27,privileged_execution_context;high_gas_used_context;contract_creation_context,0x60a03461,false
25739440,0x38ca24f4e0fd767d537390dc8af8b9abf60a70b67d3d6634bcebdd8432a5512d,0x50bf934781f63028c5c8ef49c4affe19a86d99b6,0x8d04cc7e86e687854eb41d9d43512b655b93184b,2026-08-12T22:14:28,complex_trace;selfdestruct_context,0x4a1bf18a,false
25739440,0x6a9c6497c2d82923d6facc945fec2f341642c38b363a64ddf325aa731b255cdf,0x11a0849cf6f13afeab77674839357c0f212cabf1,0x1231deb6f5749ef6ce6943a275a1d3e7486f4eae,2026-08-12T22:14:28,dense_internal_fund_flow;complex_trace,0xa8f66666,true
25739440,0xb3258e6123a0974d8b5cb0952aedbecbe7d40cba93eccb09caa6f09d8b544bb3,0x4838b106fce9647bdf1e7877bf73ce8b0bad5f97,0xfeeeeee44046c3f61a8cc081e0918ef0de0a7ffc,2026-08-12T22:14:29,selfdestruct_context,0x6a7c7f77,true
25739442,0x781e9f305d798cdc7181548e43cd42178a7f65cb680073b50967b2b790ee71bf,0x4838b106fce9647bdf1e7877bf73ce8b0bad5f97,0xfeeeeee44046c3f61a8cc081e0918ef0de0a7ffc,2026-08-12T22:14:43,selfdestruct_context,0x6a7c7f8f,true
25739442,0xa9e661c45c3db3b8e1a6172864d450171f0b875501c6d576e6aadacab8fe885e,0xc6acbee42e9e323140c1ed060c2f6ea9cc3b4b75,0x7c5a71c9fefbc7691f9d4ac7baf70c743792f716,2026-08-12T22:14:43,selfdestruct_context,0xf3fef3a3,false
25739442,0xeb415b08c2e65e073f0ecae4aaf41f4bb6da8f9884297fa421cf72aca9620d76,0x13b5f7c38da2f6d22c48b69feadab8bf2397bfe6,0xcec1caa28ebc876d0883a0c492831e06e167b8b3,2026-08-12T22:14:43,selfdestruct_context,0xf3fef3a3,false
25739442,0xc092cd84da101a89edf226fb0e3b7cb8e4b99a68644413edaa59472e7a34bd32,0x754dcfb2861547015b221e963b4133a71dbdc024,0x3e07be15370d8b12d80a159a7ef14b9e51869497,2026-08-12T22:14:45,complex_trace;high_gas_used_context,0x21af54c6,false
25739442,0x55df0abd758ee6dd9844dd2f5a3f82e1a6599fb6250759fc41066def58bde742,0x4838b106fce9647bdf1e7877bf73ce8b0bad5f97,0xfeeeeee44046c3f61a8cc081e0918ef0de0a7ffc,2026-08-12T22:14:46,selfdestruct_context,0x6a7c7f8f,true
25739442,0x6f2c1374e8df4e0b7bf9f06565dc734225063259cee6ea905916949034050de6,0x0e0052a184fd59c6b7e1e99d739802ecb3aec0e4,0xd82461784eb72d4b67cbab077989eb215315e272,2026-08-12T22:14:46,complex_trace;approval_burst,0x805f7b65,false
25739442,0x8810083886c775ea420ec54eb5a98593222e4cd80ea55a9609c3abc070762700,0x4838b106fce9647bdf1e7877bf73ce8b0bad5f97,0xfeeeeee44046c3f61a8cc081e0918ef0de0a7ffc,2026-08-12T22:14:46,selfdestruct_context,0x6a7c7f8f,true
25739442,0xa4c87b4fb204d8f1e5aa3f26ffce3d27ef70066cef2cba533aab2ef8c2ab57f2,0x4838b106fce9647bdf1e7877bf73ce8b0bad5f97,0xfeeeeee44046c3f61a8cc081e0918ef0de0a7ffc,2026-08-12T22:14:46,selfdestruct_context,0x6a7c7f8f,true
25739442,0xa104f98fdfdf54af5534ec6eeb22056bcf250b6367e87226ca9d73540df891eb,0x126cf991a5156e0e98c4bee3ed8e80957baaa10e,0x87870bca3f3fd6335c3f4ce8392d69350b4fa4e2,2026-08-12T22:14:47,large_erc20_asset_flow;complex_trace,0x02c205f0,true
25739442,0xe924137559e0a41bf1dd163dbce7f0affb7ee7b3f508e82ea216d6513a8c5cec,0xf279dfcdd57e1571c95e2c5b7e2ee453cbcdf77f,0x5ff137d4b0fdcd49dca30c7cf57e578a026d2789,2026-08-12T22:14:47,dense_internal_fund_flow;complex_trace,0x1fad948c,true
25739442,0x22d8afcd74228576b2fc266fb6e11551aa3e24ed0e39c4a74bbbf0e96e96ab2c,0x4838b106fce9647bdf1e7877bf73ce8b0bad5f97,0xfeeeeee44046c3f61a8cc081e0918ef0de0a7ffc,2026-08-12T22:14:48,selfdestruct_context,0x6a7c7f8f,true
25739442,0x25ce0ea573ac064b175a48cf3ad3643d7954abe2079ac695b328af58ec1cdaa6,0x96c4af8a6634f1dd8d50d7e373a44852a511487b,0x07a05e2709ddb88c64581d90716a4814eb8b9a5c,2026-08-12T22:14:48,privileged_execution_context;complex_trace,0xc6fe8747,false
25739442,0x6a5dd82a64a0afc24e70ea1532ea85970c6bc5320eff3ab60fb5bf92484f6764,0x96c4af8a6634f1dd8d50d7e373a44852a511487b,0x07a05e2709ddb88c64581d90716a4814eb8b9a5c,2026-08-12T22:14:48,privileged_execution_context;complex_trace,0xc6fe8747,false
25739442,0xbeac63420ed8e711050027b10f722f39d2401b8e5061935c609d645ef277f283,0x96c4af8a6634f1dd8d50d7e373a44852a511487b,0x07a05e2709ddb88c64581d90716a4814eb8b9a5c,2026-08-12T22:14:48,privileged_execution_context;complex_trace,0xc6fe8747,false
25739443,0x4d4faddf27bdf83a448649d50eae227be429acbdca9f1d8006ae5b98ce3b3a03,0x6c42a0b5d13059fa36d5567ab04f83bab57bbf0e,0xfeeeeee44046c3f61a8cc081e0918ef0de0a7ffc,2026-08-12T22:14:54,selfdestruct_context,0x6a7c7f9b,true
