block_num,tx_hash,from,to,detect_time,attack_signals,selector,has_asset_impact
25739139,0x001e7f6512ae266d2e1b12042c4056a48f54cc50bc9ee46fc41d38c6b8ca8c1d,0x1105afaf3002a48a305afd631e3cb57277ceb0ea,0xb2c72a665c08c4a619d888ea3d5cfeb6601a9dc2,2026-08-12T21:30:06,complex_trace;high_gas_used_context;token_activity_burst;approval_burst,0x0fed9b39,false
25739139,0x564f8515e956e97527635279c7f3df8cf2656583f4d5db0e5ceb493b48d2ffd1,0xada5bb90d0de0bd1b6f3938708f49295a8d1f7cb,0xccc88a9d1b4ed6b0eaba998850414b24f1c315be,2026-08-12T21:30:06,dense_internal_fund_flow;complex_trace,0x0a2b8f36,true
25739139,0x99ae00cd983b41c5c89fe923f20f60dee5e8a2de82ba2b1cf4eac7e23c34e322,0xdeed889efaaff02f72aad928ce4a7b51773ca563,0xc88fd3c032406f64c70a6c1aac9831602362ee04,2026-08-12T21:30:06,dense_internal_fund_flow;complex_trace;high_gas_used_context;token_activity_burst,0x1fa32640,true
25739139,0xe16b52c41dd26ed0514e05e25726f22b07f0eb42564bd1d00dfb5c914f1facb8,0xcb0f8e62a219381a144fef9e80236da0cba8beca,0x0000000071727de22e5e9d8baf0edac6f37da032,2026-08-12T21:30:06,complex_trace;high_gas_used_context;token_activity_burst,0x765e827f,false
25739139,0x2b31a07712180be5dc1a036cb26730bae81b85d9d651f24133faa308e6e4e970,0xe99bd1c2dd70cd58e5efd47887991700e7318ce2,0xad3b67bca8935cb510c8d18bd45f0b94f54a968f,2026-08-12T21:30:09,complex_trace;approval_burst,0x146ee74d,false
25739139,0x9e5399f451d936090b7d9278a29cdf5a0a6c0cf2822b8a871e25eb35d5ad7694,0xd6434d157f254276d69ede3bd9fc805482206908,0x7ec8a30a34b86927dc77b302603d1d53e640bef7,2026-08-12T21:30:09,repeated_internal_token_drain;dense_internal_fund_flow;complex_trace;high_gas_used_context;token_activity_burst;repeated_risky_internal_calls,0xa9059cbb,true
25739139,0xa54a299d03644ba6fb13d247ef9db41ab03b658ef6350ed4405eca82e74c267b,0x7bf6e86eea9b360a49066d7fdf12c9d2f3bc6c29,0xacddac6c77318b615f7f6fb9bb67c6833e9c05f1,2026-08-12T21:30:09,large_erc20_asset_flow;complex_trace,0x571d3dc7,true
25739139,0xb7cc37be1b6336609ad4f619b4426936b6b0784bc0719a1015e293ba776cb962,0xc8be49a9b1ca1a1cc654491a7cbbd27abfa06a81,0x337685fdab40d39bd02028545a4ffa7d287cc3e2,2026-08-12T21:30:09,large_erc20_asset_flow,0xe4269fc4,true
25739139,0xc881ba3c2644910a3c3f82767915f7ab44742b9c65df949b6c8ab86f91a02241,0x09cfee647fa339133380191c8db6b44f24500c9d,0x77b85afbcd336993ac1c65057531c5a5b33b76b8,2026-08-12T21:30:09,high_gas_used_context;token_activity_burst,0xa9059cbb,false
25739139,0xf94bb81823c99581fbd8eea517aeed5e720f9242bc0cdcc2b14bc24c40f2da9d,0x251f12f23a65418b9af9051389db53770e1ac387,0x7ba61c8e19414dcb8fe769a7be63b508c8062bba,2026-08-12T21:30:09,large_erc20_asset_flow;complex_trace,0xdabeaecf,true
25739139,0x38fe16f0ac7f5da3fffe80ed93fa4715e6354bac85fdb425732fcc25ff1029ba,0x59aab1bd0d26290274398c07b55955c15425e16b,0x00fe78205f5f0e63b8ad2b2ae5337f538a610e04,2026-08-12T21:30:10,complex_trace;high_gas_used_context,0x34fcd5be,false
25739140,0x3c10349082a006c4428824e35bf586689ff3582f426e24a70283c8c9a8567040,0xf70da97812cb96acdf810712aa562db8dfa3dbef,0xccc88a9d1b4ed6b0eaba998850414b24f1c315be,2026-08-12T21:30:16,large_erc20_profit_to_sender;large_erc20_asset_flow;complex_trace,0x0a2b8f36,true
25739140,0x727346399c069862bcf104fe8ac46c29bb53a72ddd22b51e370fd8a243df6e4a,0xac8fb30fe6869862c9689c3bbde93ad318cd39a5,0xf52a897441511d7df252dd784c6ea1dd0a6181b3,2026-08-12T21:30:16,privileged_execution_context;high_gas_used_context,0xe34b5896,false
25739140,0xb09bd983f1f51f9db6eaee2948bbd05ef5aea44c8d1b9abd8ebc37e96f82c376,0x6eee6b3cf1b76aeca673eb14b1f107ea7d74cc52,0x8f5835e9d756c9bd934bce527157a4b0ef3c5cb7,2026-08-12T21:30:16,dense_internal_fund_flow;large_erc20_asset_flow,0x4a7cf362,true
25739140,0xe8f3a21a6aa2b5fae451f2c506b4bb6f7eb0feef2823db867a1069203b5ca19b,0x70e59f9c304e4d5096bd408b571e2dcd99c3120b,0xad3b67bca8935cb510c8d18bd45f0b94f54a968f,2026-08-12T21:30:16,complex_trace;high_gas_used_context;token_activity_burst;approval_burst,0x146ee74d,false
25739140,0x4a546d893a6e646056a6e5a4957be1313efe1d93be39a0044baa6943e8f58b7b,0x6fa249126267e975046fe886821e2a4b40c93c2a,0x1231deb6f5749ef6ce6943a275a1d3e7486f4eae,2026-08-12T21:30:18,large_erc20_asset_flow;complex_trace,0x5fd9ae2e,true
25739140,0x61a9f03dcb9aec35aeb44c3e1566826c1399a62c6e5f378b170226c9c151783a,0x1105afaf3002a48a305afd631e3cb57277ceb0ea,0xb2c72a665c08c4a619d888ea3d5cfeb6601a9dc2,2026-08-12T21:30:18,complex_trace;high_gas_used_context;token_activity_burst;approval_burst,0x0fed9b39,false
25739140,0x879734ba8bfbd64988b425512c2acf8a8138a58d1bbb492900209697df7d1b57,0x7ad275f6ae5e6740fffc7dc7eafa59dd9e6dfc38,0xcfc6d9bd7411962bfe7145451a7ef71a24b6a7a2,2026-08-12T21:30:18,dense_internal_fund_flow;complex_trace,0xef54591d,true
25739140,0xb394864ad2ce8997c93e6c29e6f3d6ddc1a7753bb3c214d57efc1b2c4e1b2e23,0x7830c87c02e56aff27fa8ab1241711331fa86f43,0xa9d1e08c7793af67e9d92fe308d5697fb81d3e43,2026-08-12T21:30:18,large_erc20_asset_flow;token_activity_burst,0xca350aa6,true
25739140,0xe899d3ed5622cadede76f7a31e6049f27a12a6f85c1f643fea792c4268d52881,0x4838b106fce9647bdf1e7877bf73ce8b0bad5f97,0xfeeeeee44046c3f61a8cc081e0918ef0de0a7ffc,2026-08-12T21:30:18,selfdestruct_context,0x6a7c715b,true
25739141,0xee2e499a9c4ade8770081d0a2f580c23a6339e00e887259e7212c709fa319043,0xf70da97812cb96acdf810712aa562db8dfa3dbef,0xb92fe925dc43a0ecde6c8b1a2709c170ec4fff4f,2026-08-12T21:30:33,dense_internal_fund_flow,0xcd6e13f7,true
25739141,0x5157f816a04b12a02d66a292f669c0519d5a1367d6deff1e13d0c9aa866a8406,0xc6acbee42e9e323140c1ed060c2f6ea9cc3b4b75,0x7c5a71c9fefbc7691f9d4ac7baf70c743792f716,2026-08-12T21:30:34,selfdestruct_context,0xf3fef3a3,false
25739141,0xae77e1f560485acb753c37320a4a4628e7fd880313ad59bca623c5bb2525c7bc,0x39c945a0da1075fd46b3fc4279e0449b56299362,0x0ba6d224169bbfad4eb2d38c500d2c8e8ede696c,2026-08-12T21:30:34,dense_internal_fund_flow;complex_trace;high_gas_used_context;token_activity_burst,0x5742f567,true
25739141,0x338b2cd1804473eafd3285ce49afb6a165609d375c4a07d00b8e94cdf16a8cd9,0x59aab1bd0d26290274398c07b55955c15425e16b,0x00fe78205f5f0e63b8ad2b2ae5337f538a610e04,2026-08-12T21:31:04,complex_trace;high_gas_used_context,0x34fcd5be,false
25739141,0x6aa7412b17b1ce21306bbdf3e96acf12ad2ae69472d8633c6415827399a54c73,0x1584a8ee67789d1fe161065388657ad2f2a3c7dd,0x77eb52e44db06777bce478159f25c0d55a295314,2026-08-12T21:31:04,repeated_internal_token_drain;dense_internal_fund_flow;complex_trace;token_activity_burst;repeated_risky_internal_calls,0xa9059cbb,true
25739141,0x9e132d2469e684ec5208507a752a84ea15187071c263710474ad9ac8f7a45a61,0x70e59f9c304e4d5096bd408b571e2dcd99c3120b,0xad3b67bca8935cb510c8d18bd45f0b94f54a968f,2026-08-12T21:31:04,complex_trace;token_activity_burst;approval_burst,0x146ee74d,false
25739141,0xae05cff4a7fa27579cc2d7e956b14e2c50d20f1e945dfeea18bff8dbe9b69ecc,0xb514443af4fd443a7826f72393149f98a9e8d736,0x86e4dc95c7fbdbf52e33d563bbdb00823894c287,2026-08-12T21:31:04,complex_trace;high_gas_used_context,0x4e43e495,false
25739141,0xaea0968184b644214a8fe1539cb135e1bf971f38fca1a07786d28835b5491121,0xba2c1df4652df1f1df2c8fab9e25d7ce5a2e34fb,0x6131b5fae19ea4f9d964eac0408e4408b66337b5,2026-08-12T21:31:04,dense_internal_fund_flow;complex_trace;high_gas_used_context;token_activity_burst,0xe21fd0e9,true
25739141,0xbc5ad25d0129327028a4863cd6a598d58d64ad8038bc96edeaea461f35ea4cc6,0x59aab1bd0d26290274398c07b55955c15425e16b,0x00fe78205f5f0e63b8ad2b2ae5337f538a610e04,2026-08-12T21:31:04,complex_trace;high_gas_used_context,0x34fcd5be,false
25739141,0xc4decc68bca2cb15ad3b06fd8c05c4dd76a0c83c13996d340e106bdb53865b35,0x66ed924143d3a20382cd70bf73813070fffe7d8c,0x26d3681dfc9e4c8c79cfbf461adec8a21d5d73c5,2026-08-12T21:31:04,large_erc20_asset_flow,0xf58e03fc,true
25739141,0xe092aa74116a045aed1a118a20a1e91235b5852dc8c5ef1d37606e87549dba7b,0xbe0b407782a7599380fa726db315340126d62229,0x4d2fb5f8ec243fde4df1a9678b82238570c7e0e4,2026-08-12T21:31:04,large_erc20_asset_flow;complex_trace,0x6a761202,true
25739141,0xe16a56ca7eca13f1a4544e55cdfdef6aa8cb0400ff57678d426eac697f495cde,0xd6434d157f254276d69ede3bd9fc805482206908,0x7ec8a30a34b86927dc77b302603d1d53e640bef7,2026-08-12T21:31:04,repeated_internal_token_drain;dense_internal_fund_flow;complex_trace;high_gas_used_context;token_activity_burst;repeated_risky_internal_calls,0xa9059cbb,true
25739142,0x972a1ed300a7003af2989500a016c7aed93fb0f16b10f55ccb82dcc905bb92b8,0x13b5f7c38da2f6d22c48b69feadab8bf2397bfe6,0xcec1caa28ebc876d0883a0c492831e06e167b8b3,2026-08-12T21:31:16,selfdestruct_context,0xf3fef3a3,false
25739142,0x09e94862f603ff5df457ff2c7a7557ad8845b15737f1a36070f35c9868c7e4d3,0x1105afaf3002a48a305afd631e3cb57277ceb0ea,0xb2c72a665c08c4a619d888ea3d5cfeb6601a9dc2,2026-08-12T21:31:17,complex_trace;high_gas_used_context;token_activity_burst;approval_burst,0x0fed9b39,false
25739142,0x113247875fc16a6af612acb9573ee2bb56fdbc1f410f3967e3ca723848cb2231,0x43b2f01186fda9814c5f40770554ac68fd8304bd,0xc855882b1bcbd844cb6f1743d54c5516f4365faa,2026-08-12T21:31:17,dense_internal_fund_flow;token_activity_burst,0x7111a994,true
25739142,0x612291e0c75a1f147d6761caf488ca7315c642b7c7de02179a52bec9c109b40b,0xf70da97812cb96acdf810712aa562db8dfa3dbef,0xc026395860db2d07ee33e05fe50ed7bd583189c7,2026-08-12T21:31:17,large_erc20_asset_flow;complex_trace,0xc7c7f5b3,true
25739142,0x83564044cf39532ee78186eb9bb3bcbf84a8caf25d07b846471683fcec15ec53,0xd6434d157f254276d69ede3bd9fc805482206908,0x7ec8a30a34b86927dc77b302603d1d53e640bef7,2026-08-12T21:31:18,repeated_internal_token_drain;dense_internal_fund_flow;complex_trace;high_gas_used_context;token_activity_burst;repeated_risky_internal_calls,0xa9059cbb,true
25739142,0x12c093c13d43dd61903e4264ac307ca8fafdad6a655a0e326d9c4181bbae47fb,0x59aab1bd0d26290274398c07b55955c15425e16b,0x00fe78205f5f0e63b8ad2b2ae5337f538a610e04,2026-08-12T21:31:19,complex_trace;high_gas_used_context,0x34fcd5be,false
25739142,0x715e5b789e3749a16477c47889c41172fc308604f7ed312022b10a2d11fac99c,0x4838b106fce9647bdf1e7877bf73ce8b0bad5f97,0xfeeeeee44046c3f61a8cc081e0918ef0de0a7ffc,2026-08-12T21:31:19,selfdestruct_context,0x6a7c7173,true
25739142,0x95b16a39669fb54c1353bf3564d4402fe7f931bbe05816a9003c59ba8a725095,0xe91bcae4a2d7b951304695f93cf1b9a1837cfe43,0x7ec8a30a34b86927dc77b302603d1d53e640bef7,2026-08-12T21:31:19,repeated_internal_token_drain;dense_internal_fund_flow;complex_trace;high_gas_used_context;token_activity_burst;repeated_risky_internal_calls,0xa9059cbb,true
25739143,0x87ae79240fc1cbb16c5b02acae10f6e09cedcb0d19e2ce82c1c45a703ef8b02d,0xbc0420185a23222ff74991c9e9d4146f673362c3,0x03f34be1bf910116595db1b11e9d1b2ca5d59659,2026-08-12T21:31:26,dense_internal_fund_flow;complex_trace,0xe47d166c,true
25739143,0x1c5b4366a5f399c3730910ffaf9a94325f3a3e9d3135cc8fbc90c4cb799e6d5d,0xc13c1c0b5919e2fca746df2e4a25257dab245b67,0x6566194141eefa99af43bb5aa71460ca2dc90245,2026-08-12T21:31:27,large_erc20_asset_flow,0x374f435d,true
25739143,0x465620e4090e2d342398d0bca5fde71aa7945670e004a9786e5fbb8635d7085a,0xdb57fdf5fd24a9d0e1ea94552eb2c7bdcb28fa27,0x6a000f20005980200259b80c5102003040001068,2026-08-12T21:31:28,large_erc20_asset_flow;complex_trace;high_gas_used_context;token_activity_burst,0xe3ead59e,true
25739143,0x370c8ed8f7e69650338d2f4309d5e5846081e060fcbb9ff17cd26a7b682b6bd4,0x4838b106fce9647bdf1e7877bf73ce8b0bad5f97,0xfeeeeee44046c3f61a8cc081e0918ef0de0a7ffc,2026-08-12T21:31:29,selfdestruct_context,0x6a7c717f,true
25739144,0xce96e4b15c4721273a58be8fa1f90c97e745f2326576c9058d175f475c25296d,0xc821d3d24c27c713a9e2758086bd29b23f7381e2,0x28b1dc1a5e3699a428bc51d234dfab7c9cb2a183,2026-08-12T21:31:41,dense_internal_fund_flow;complex_trace;high_gas_used_context;token_activity_burst,0x0c307f76,true
25739144,0x3e86f90e070b119db7fa4136b360031c171053fbe95e741f479da15efca56d4e,0xd6434d157f254276d69ede3bd9fc805482206908,0x7ec8a30a34b86927dc77b302603d1d53e640bef7,2026-08-12T21:31:42,repeated_internal_token_drain;dense_internal_fund_flow;complex_trace;high_gas_used_context;token_activity_burst;repeated_risky_internal_calls,0xa9059cbb,true
25739144,0x7df3677df91a85f678f8567defb3c78498015386a09dfa06f195094e49a4100c,0x1105afaf3002a48a305afd631e3cb57277ceb0ea,0xb2c72a665c08c4a619d888ea3d5cfeb6601a9dc2,2026-08-12T21:31:42,complex_trace;high_gas_used_context;token_activity_burst;approval_burst,0x0fed9b39,false
25739144,0xa07ceb458118ff71b3d8b0d2e196c9a9a204a951e8090f8b4f0b560a1e04173b,0x74aa3cae008c3148e8bafe0ea0ff18e4182be2c9,0xfef5ad3223c0dc9294e616c67210f489c974979a,2026-08-12T21:31:42,large_erc20_asset_flow;complex_trace,0x6a761202,true
25739144,0xbfeee76cf877c1ca27a6e71e3017af191c00e2db8eae91aeb73c5b7b05e83b68,0xeb73e55348ec9c1caf94c6dc519160af92769a39,0xf4e147db314947fc1275a8cbb6cde48c510cd8cf,2026-08-12T21:31:43,privileged_execution_context,0x760d0f9d,false
25739144,0x07e51dea4955a45b5d32cb8f7629c59ef0bfbeee357d52773c055df824bb3e89,0x59aab1bd0d26290274398c07b55955c15425e16b,0x00fe78205f5f0e63b8ad2b2ae5337f538a610e04,2026-08-12T21:31:44,complex_trace;high_gas_used_context,0x34fcd5be,false
25739145,0x5347a762f0960d408194029438bca914a60637761d8f8e56d7f2b0c49dd631b4,0x331d9a049d496385998067abf6cbb6371c8d2466,0xca11bde05977b3631167028862be2a173976ca11,2026-08-12T21:31:55,dense_internal_fund_flow;complex_trace;high_gas_used_context;token_activity_burst,0x174dea71,true
25739145,0x9bfb226ab7b683bb6069e50bf4d1d8c10e6dd0eeb12eee2a7eb1774e24242f9e,0xe20446cccbfd5f9038e747f1dea8016ecbd94ae5,0x442be06bb5d13711a22ccd3fa382b72a874c5135,2026-08-12T21:31:55,privileged_execution_context;complex_trace;high_gas_used_context;token_activity_burst,0xf7b5c341,false
25739145,0xc3522c67ed0e2a22b59b9c8587e2f9f749ebcb60d9afc739a130b9eef08244a0,0xce269e6ce7e1ba8bd5c1b11c3933c3ebe95742d9,0xcb0151ac9479a6a0261622baa63ae843c9793d45,2026-08-12T21:31:55,repeated_internal_token_drain;dense_internal_fund_flow;very_complex_trace;high_gas_used_context;token_activity_burst;approval_burst;repeated_risky_internal_calls,0x64cd187f,true
25739145,0xeb87adf4010fbc035021ccf6e3082e6ec5cb402692785786787f791fa80a9deb,0x4838b106fce9647bdf1e7877bf73ce8b0bad5f97,0xfeeeeee44046c3f61a8cc081e0918ef0de0a7ffc,2026-08-12T21:31:55,selfdestruct_context,0x6a7c7197,true
25739145,0x0e1088266ab58ee64ee04aec92c6bed5020145c9f736695983235a0299de711a,0x370a7e2d300c14d79d4a7ee07aaca46c4b3012cf,0xb92fe925dc43a0ecde6c8b1a2709c170ec4fff4f,2026-08-12T21:31:57,dense_internal_fund_flow,0xcd6e13f7,true
25739145,0x4999f1d6cfe38660de5276302d79ac2b2bc680a249bfa869d5ac57806f32c8c3,0x4838b106fce9647bdf1e7877bf73ce8b0bad5f97,0xfeeeeee44046c3f61a8cc081e0918ef0de0a7ffc,2026-08-12T21:31:57,selfdestruct_context,0x6a7c7197,true
25739145,0x91274c6c503b47bed163a31307af197727d9941db16ffa6454fe42dba634bfea,0x4838b106fce9647bdf1e7877bf73ce8b0bad5f97,0xfeeeeee44046c3f61a8cc081e0918ef0de0a7ffc,2026-08-12T21:31:57,selfdestruct_context,0x6a7c7197,true
25739145,0xec38aa0e9a844ff8d7ac2ed88f91ea59b25029c8b409bf8a0d2db9e562eefa12,0x1584a8ee67789d1fe161065388657ad2f2a3c7dd,0x77eb52e44db06777bce478159f25c0d55a295314,2026-08-12T21:31:57,repeated_internal_token_drain;dense_internal_fund_flow;complex_trace;high_gas_used_context;token_activity_burst;repeated_risky_internal_calls,0xa9059cbb,true
25739146,0x2639476159234c0fd90da08bd017a56ad9cb4fed944a32794f6f4c22ac24251e,0x1105afaf3002a48a305afd631e3cb57277ceb0ea,0xb2c72a665c08c4a619d888ea3d5cfeb6601a9dc2,2026-08-12T21:32:12,complex_trace;high_gas_used_context;token_activity_burst;approval_burst,0x0fed9b39,false
25739146,0x52a52c0d6c883234d3eb6b08e0c88ab24e5a1fa6aa67d236b7a7deb6e616a0e6,0x5b43453fce04b92e190f391a83136bfbecedefd1,0xbdb3ba9ffe392549e1f8658dd2630c141fdf47b6,2026-08-12T21:32:12,large_erc20_asset_flow;complex_trace;high_gas_used_context;token_activity_burst,0x000000c3,true
25739146,0xc57c976a05a5ee45a624bb7bbe733b1001526d6c42e1301c43e0e905decea457,0x37b776425f7f01e9ae72440ddcd8e7885393f597,0x78ace9b2ee9a31737fad748015266a59f32dc79a,2026-08-12T21:32:12,dense_internal_fund_flow;complex_trace,0x9265bb9d,true
25739146,0x6a09a712a93c195e70fe5070fb0fa96e34bd22ec5ccd52fd4a51e9e52dc2ec1b,0xf70da97812cb96acdf810712aa562db8dfa3dbef,0xb92fe925dc43a0ecde6c8b1a2709c170ec4fff4f,2026-08-12T21:32:13,dense_internal_fund_flow,0xcd6e13f7,true
25739146,0x6f876647eac12a1993b83e579e8a23698e294cf7ac0f8645462e54e2f1d2c423,0x43b2f01186fda9814c5f40770554ac68fd8304bd,0x7cd9fdda6eedb56fae9c5a50fe07360a46cd9885,2026-08-12T21:32:13,dense_internal_fund_flow;token_activity_burst,0x7111a994,true
25739146,0xb0cf508593c54139deaaeda72a9574c23fe22b344e55f1a13995e0978bf2d7d2,0xd6434d157f254276d69ede3bd9fc805482206908,0x7ec8a30a34b86927dc77b302603d1d53e640bef7,2026-08-12T21:32:15,repeated_internal_token_drain;dense_internal_fund_flow;complex_trace;high_gas_used_context;token_activity_burst;repeated_risky_internal_calls,0xa9059cbb,true
25739146,0x56ffa350b4b6f5371147ce4809d0a2de5907eec81f7da7e0945d3464cd6abd39,0x3cfdc212769c890907bce93d3d8c2c53de6a7a89,0x0000000071727de22e5e9d8baf0edac6f37da032,2026-08-12T21:32:16,privileged_execution_context;complex_trace,0x765e827f,false
25739146,0xb9b6d8fa1109dbdf91da0418bc0829ae2c58737e6101ebcfa318ce2ab72cacca,0x59aab1bd0d26290274398c07b55955c15425e16b,0x00fe78205f5f0e63b8ad2b2ae5337f538a610e04,2026-08-12T21:32:16,complex_trace;high_gas_used_context;token_activity_burst,0x34fcd5be,false
25739146,0xfd0791033e35a126d17fdab27cdb02deccf02ac8c6be242143533a7daf59c612,0x4838b106fce9647bdf1e7877bf73ce8b0bad5f97,0xfeeeeee44046c3f61a8cc081e0918ef0de0a7ffc,2026-08-12T21:32:17,selfdestruct_context,0x6a7c71a3,true
25739147,0x20823037209dbbd4caa76c0b66cee30d8e56b45dfd0e22d6354a0c10c465d62b,0xc036cafb7f9840fe932db4272b6ad24b815ac481,0x03f34be1bf910116595db1b11e9d1b2ca5d59659,2026-08-12T21:32:24,dense_internal_fund_flow;complex_trace,0xe47d166c,true
25739147,0x5c076c555a945d1dd775ad50efb6778b48a5386190b4c7e97844b6ca93faf854,0x4838b106fce9647bdf1e7877bf73ce8b0bad5f97,0xfeeeeee44046c3f61a8cc081e0918ef0de0a7ffc,2026-08-12T21:32:24,selfdestruct_context,0x6a7c71af,true
25739147,0x5e6b3078f8b1e10efd3e1c11d08763ca8d504beb2270d0e4ecfe99677ad500c2,0xe99bd1c2dd70cd58e5efd47887991700e7318ce2,0xad3b67bca8935cb510c8d18bd45f0b94f54a968f,2026-08-12T21:32:25,complex_trace;high_gas_used_context;token_activity_burst;approval_burst,0x146ee74d,false
25739147,0x3c6f80140ff25ba682f85010a26f26cecbcbcf05e00b360760eb2370444eb832,0xce54f65abb8b61b83c14cbe97de97fce75bbf556,0x5ff137d4b0fdcd49dca30c7cf57e578a026d2789,2026-08-12T21:32:26,dense_internal_fund_flow;complex_trace,0x1fad948c,true
25739147,0xa6bb44a004eda2adc9658edeb3bbac6850ec52e916185f47ce45bb5f92dde344,0x1105afaf3002a48a305afd631e3cb57277ceb0ea,0xb2c72a665c08c4a619d888ea3d5cfeb6601a9dc2,2026-08-12T21:32:26,complex_trace;high_gas_used_context;token_activity_burst;approval_burst,0x0fed9b39,false
25739147,0xc71f853ce7b8b849ff468efff7b89e5ede723ed2d374588d05aca65963bb9414,0xe49384e6aca6a26c82eaa161a9211fa60feee3ef,0x43664447e88f8b1e7e5656c992310e71d47336b6,2026-08-12T21:32:56,complex_trace;high_gas_used_context,0x6a761202,false
25739147,0xcb5def0b0776bb6d209988213c59fc64c27d608a0fb79b12f501328fe30cba83,0x4838b106fce9647bdf1e7877bf73ce8b0bad5f97,0xfeeeeee44046c3f61a8cc081e0918ef0de0a7ffc,2026-08-12T21:32:56,selfdestruct_context,0x6a7c71af,true
25739148,0xa5ef91e32450e41302e7deb1b69187fef937217d1ed4cf1db0e16099d4a2d201,0x3d17b0a2fc4c93f38cdf1419e294a30e6a5ea4d2,0x1231deb6f5749ef6ce6943a275a1d3e7486f4eae,2026-08-12T21:33:07,dense_internal_fund_flow;complex_trace,0xaf7060fd,true
25739148,0xdc046246a6aa20308fa76241754e6c0d385a7d8eca1929910e9222e9d6c86b1f,0x1105afaf3002a48a305afd631e3cb57277ceb0ea,0xb2c72a665c08c4a619d888ea3d5cfeb6601a9dc2,2026-08-12T21:33:07,complex_trace;high_gas_used_context;token_activity_burst;approval_burst,0x0fed9b39,false
25739148,0x5df8b1f00b73d1577274dbb17d95364fa204c08216044998aedd4eda20bda748,0x14d0a6bf9e7e162226f2563ea787809217a79033,0x8090a9db6aca56ffa186c75ca0787b18af1058a0,2026-08-12T21:33:08,large_erc20_asset_flow;complex_trace;high_gas_used_context,0xd85064c2,true
25739148,0xd88b219d824c3948b91fae9de0a33e14c4f5cb4d68b2a539124e3180c4d5fdc8,0xe85091501587b32a323be2512b36fab392d7c6bc,0x68f9dd5ba38250b9f1653c5e119f72b54f61092c,2026-08-12T21:33:08,complex_trace;high_gas_used_context,0x111966f6,false
25739148,0xef6270ded70aa243d47cb4df4851da7359e3927156a094d38bad71e37bec2a30,0x80d04079ffc53eb14edbeeb37279d126f45552df,0xff9e96e75390a90db7a4d71389f841718f1a069f,2026-08-12T21:33:08,repeated_internal_token_drain;dense_internal_fund_flow;complex_trace;token_activity_burst;repeated_risky_internal_calls,0x8aaa8f3b,true
25739148,0xf4e4791a60a23ab02e26ba9d7f0a2778cd2d595c764a48dfacff61da3480ae61,0x7a20bf10659202afda190aeda36ffc5c3746feae,0x6131b5fae19ea4f9d964eac0408e4408b66337b5,2026-08-12T21:33:08,large_erc20_asset_flow;complex_trace;high_gas_used_context,0xe21fd0e9,true
25739149,0x344ddce2cb6b263a3817d8544df2b43be59644552779e1808868cb7e723c794d,0x9948f4d61c520f04eebdf48022f7b6ff60316e8f,0x0439e60f02a8900a951603950d8d4527f400c3f1,2026-08-12T21:33:16,dense_internal_fund_flow;complex_trace,0x3ce33bff,true
25739149,0x5398e82c50796c92ade46e43cad3c1754280f940e607cb5e03e8628a50641939,0x50bf934781f63028c5c8ef49c4affe19a86d99b6,0x8d04cc7e86e687854eb41d9d43512b655b93184b,2026-08-12T21:33:16,complex_trace;selfdestruct_context,0x4a1bf18a,false
25739150,0x40a62ed742f8f03ef596c99efa6ec5700091eee9173fbc993c3310cce8f70987,0x7830c87c02e56aff27fa8ab1241711331fa86f43,0xa9d1e08c7793af67e9d92fe308d5697fb81d3e43,2026-08-12T21:33:28,large_erc20_asset_flow,0xca350aa6,true
25739150,0x429130c964046c06997554c0befc6dff276738ba1badc94775a1a3ec87667799,0x4838b106fce9647bdf1e7877bf73ce8b0bad5f97,0xfeeeeee44046c3f61a8cc081e0918ef0de0a7ffc,2026-08-12T21:33:28,selfdestruct_context,0x6a7c71d3,true
25739150,0x56be1779925d0e16be664ab047813b6bd459402684aaf1ee05d34f4e6393767c,0x6d955d32713abaa10c34f27d9f5608bb73711984,0x26d3681dfc9e4c8c79cfbf461adec8a21d5d73c5,2026-08-12T21:33:28,large_erc20_asset_flow,0xf58e03fc,true
25739150,0x8aada9d2a35af989e3c22ae8772ea7246c95fb9b3a7baffa0a936a2dcca771c0,0x5b43453fce04b92e190f391a83136bfbecedefd1,0xbdb3ba9ffe392549e1f8658dd2630c141fdf47b6,2026-08-12T21:33:28,large_erc20_asset_flow;complex_trace;high_gas_used_context;token_activity_burst,0x000000c3,true
25739150,0xa2e99b492bc93effd2cbce9284a3816a32e2785ea805b91ee68a3dde97ccc4d8,0x1105afaf3002a48a305afd631e3cb57277ceb0ea,0xb2c72a665c08c4a619d888ea3d5cfeb6601a9dc2,2026-08-12T21:33:29,complex_trace;high_gas_used_context;token_activity_burst;approval_burst,0x0fed9b39,false
25739150,0x29538850ff72d7ed59e00d26d4311a773987c7b35be3c726307dd2bd57e7b3a6,0x09cfee647fa339133380191c8db6b44f24500c9d,0x77b85afbcd336993ac1c65057531c5a5b33b76b8,2026-08-12T21:33:30,high_gas_used_context;token_activity_burst,0xa9059cbb,false
25739150,0x9c50427158d8e72a69cdccf054903b2963f4e80a08e39842a06e218bb5c4162a,0x3e5dee3957e7b87e0952f7a0f4aab45361391650,0x28b1dc1a5e3699a428bc51d234dfab7c9cb2a183,2026-08-12T21:33:30,complex_trace;token_activity_burst,0x0c307f76,true
25739150,0xa43a90f72017f708c789b24d7827e9940aacd9041e56e61a469c9c25a693f5c7,0xaade20c9578063ac7fd1c32292fef55e5eb13dd4,0x4ef6900770bc0042bbfc408c90142fd2f6d63103,2026-08-12T21:33:30,dense_internal_fund_flow,0x1cff79cd,true
25739150,0xfcef469c6c4ee7e34bc324fe93befe7d5496797f73acb8c239f4c2fdcb084d5e,0x9fc3da866e7df3a1c57ade1a97c9f00a70f010c8,0xfeeeeee44046c3f61a8cc081e0918ef0de0a7ffc,2026-08-12T21:33:30,selfdestruct_context,0x6a7c71d3,true
25739151,0xc9a0ff06823739fa8bc2cfaebf28c8927fd5e7aebfd9f1be17a6ddf542dc63ab,0x7830c87c02e56aff27fa8ab1241711331fa86f43,0xa9d1e08c7793af67e9d92fe308d5697fb81d3e43,2026-08-12T21:33:35,dense_internal_fund_flow,0x1a1da075,true
25739151,0x4f4d5edeee94bc64b70ed70eb13c1771898f960217b92cb8deb7fd762d8e720d,0x96c4af8a6634f1dd8d50d7e373a44852a511487b,0xbf53ee1460b9ae3d46ca46a5f2a00aa2d3b9c9ca,2026-08-12T21:33:36,privileged_execution_context;complex_trace,0xc6fe8747,false
25739151,0x5b96aef3d8d8226c806b94c35f869938a187576f34db440a7507c1075ddd876f,0x4838b106fce9647bdf1e7877bf73ce8b0bad5f97,0xfeeeeee44046c3f61a8cc081e0918ef0de0a7ffc,2026-08-12T21:33:36,selfdestruct_context,0x6a7c71df,true
25739151,0x807c79cd248e11ece26602a5988492ff9644a286292866a6fc3b0705f3213c35,0xdf390dc2b548af71a0cb58625bd461c9ab99f781,,2026-08-12T21:33:36,large_mint_to_sender;contract_creation_context,0x60806040,true
25739151,0xe3ddcc5b980667ec1e51a80682b4e6ea574a2d07689aa069964dd921ebc98f30,0xdd50ba75cc55b0cddca5ba84ac1c634a873392d8,0xb300000b72deaeb607a12d5f54773d1c19c7028d,2026-08-12T21:33:36,dense_internal_fund_flow;complex_trace,0x810c705b,true
25739151,0x425c9771f11ff35ed5d2ebc4e14fd7fed822d9af846aeedecd179111117c00e9,0x9642b23ed1e01df1092b92641051881a322f5d4e,0xfaf17849fb05a11a4e233f221bac99ca43fc83f8,2026-08-12T21:33:37,large_erc20_asset_flow,0x6b13fcb1,true
25739151,0xd007b169c8f80ebf3c20f9880dc93e5ad3cb579580a7ef6ae784d3c3648cf121,0xf70da97812cb96acdf810712aa562db8dfa3dbef,0xccc88a9d1b4ed6b0eaba998850414b24f1c315be,2026-08-12T21:33:37,dense_internal_fund_flow,0x0a2b8f36,true
25739151,0xa5b6a9bbecf7a58db28495a71f232fc2813d58f4b396b334ea77289e85832f9e,0x70e59f9c304e4d5096bd408b571e2dcd99c3120b,0xad3b67bca8935cb510c8d18bd45f0b94f54a968f,2026-08-12T21:33:38,complex_trace;approval_burst,0x146ee74d,false
25739151,0xb36e2f82528234368a3e70a8a04bf301657d6d998295158ed1fcaad8f797737b,0x4838b106fce9647bdf1e7877bf73ce8b0bad5f97,0xfeeeeee44046c3f61a8cc081e0918ef0de0a7ffc,2026-08-12T21:33:39,selfdestruct_context,0x6a7c71df,true
25739152,0x3c5ff36d1afbfb845ab32d5c9ca4e2e2c6ec2af3ffb25c1dbbf4a803b27c40ff,0xbe0b407782a7599380fa726db315340126d62229,0x4d2fb5f8ec243fde4df1a9678b82238570c7e0e4,2026-08-12T21:33:42,repeated_internal_token_drain;dense_internal_fund_flow;complex_trace;high_gas_used_context;token_activity_burst;repeated_risky_internal_calls,0x6a761202,true
25739153,0x58715cc4a8d7d8f37a8a2cd25902eee8fbd60c34919bbd413589c356555d2cc3,0x27821eabd6a2cb1421b058530e80d8726c6bdfb5,0x6566194141eefa99af43bb5aa71460ca2dc90245,2026-08-12T21:33:52,large_erc20_asset_flow,0x374f435d,true
25739153,0x5cb967b0144daa8484fc2866eaed5ebca412465d3b198a2c50f13c7a374d395f,0x250c974b073e13f9ca677798aef589ad531e1f6f,0xbc1e043c8cc9033eceda964a479cdaeff62ce033,2026-08-12T21:33:52,large_erc20_asset_flow;complex_trace;token_activity_burst,0x91ec4f77,true
25739153,0xfb1107516f34a43d7c3a70cfdc5129b9a0012fc189eaefd9cd02b6e1f28616c3,0x9123b39058c5bcd00d4b0b9142fe9f527ddb562f,0x093272c07700d3ca5301c3bf9b3a392624179e2f,2026-08-12T21:33:52,large_erc20_asset_flow,0xac9650d8,true
25739153,0x480bb348bec325aa613a50e071dc50e627646d789c8f021b4b696c44368833e3,0x6c45b0a56a451a86f67e65ffb090bcde940933cf,0x91ff8bbd8ebb07893010d50a48a1609e5ebd8e34,2026-08-12T21:33:53,complex_trace;high_gas_used_context,0x069d1525,false
25739153,0x94a67c52ad73ed740d9ccb60bda56d8e7b1195711bdf60ea361a4677940ff0a4,0xe99bd1c2dd70cd58e5efd47887991700e7318ce2,0xad3b67bca8935cb510c8d18bd45f0b94f54a968f,2026-08-12T21:33:53,dense_internal_fund_flow;complex_trace;token_activity_burst;approval_burst,0x146ee74d,true
25739153,0xfde279f64ef592c81e7af67c0c53fb325e9b1ea08f54d45360f0a7c49708f8cb,0x1105afaf3002a48a305afd631e3cb57277ceb0ea,0xb2c72a665c08c4a619d888ea3d5cfeb6601a9dc2,2026-08-12T21:33:53,complex_trace;high_gas_used_context;token_activity_burst;approval_burst,0x0fed9b39,false
25739154,0x5c4d90b6e91ddcc28be50e354d883661cc087fb424c5037f966bde4f2a21db1e,0xc6acbee42e9e323140c1ed060c2f6ea9cc3b4b75,0x7c5a71c9fefbc7691f9d4ac7baf70c743792f716,2026-08-12T21:34:01,selfdestruct_context,0xf3fef3a3,false
25739154,0x688884b5f182adcbf52e866cb37a638fa736cde23ff8c639524e2047374cf561,0x9585f0f40d779487f15028c0a451c4b7d646e9ad,0x3d90f66b534dd8482b181e24655a9e8265316be9,2026-08-12T21:34:03,dense_internal_fund_flow;complex_trace,0x47ee97ff,true
25739154,0x9c576bcf8fd8c7160558f914d983be1304fe87d95c06bc8520287df098073709,0x617ccb6d070f08953c2fc481fb19674162e672f1,0x91ff8bbd8ebb07893010d50a48a1609e5ebd8e34,2026-08-12T21:34:03,complex_trace;high_gas_used_context,0x069d1525,false
25739154,0x0b8cb1960bf3a89ea456562429ec3e735cfda04b58a2571aa1f0df9e4d088bf7,0x4337009be43c7ecc9bfbde0f1780553aa065187e,0x0000000071727de22e5e9d8baf0edac6f37da032,2026-08-12T21:34:04,privileged_execution_context;complex_trace,0x765e827f,false
25739154,0x100021c1a0630d4ef74b8bba5e5e8f452021a18e55038b6e38c554b0f724167a,0x1105afaf3002a48a305afd631e3cb57277ceb0ea,0xb2c72a665c08c4a619d888ea3d5cfeb6601a9dc2,2026-08-12T21:34:04,complex_trace;high_gas_used_context;token_activity_burst;approval_burst,0x0fed9b39,false
25739154,0x43e70328b983ab333ebe3391235da16bcb4bd565c76f463e3210ecb49e0e1402,0xb23360ccdd9ed1b15d45e5d3824bb409c8d7c460,0x09c30cdcdd971423cb3ba757a47d56c35d06d818,2026-08-12T21:34:04,dense_internal_fund_flow,0x318adb8b,true
25739154,0x4695add9670bf7b017a704b2fdd2b8eb7c0db3a7c903db3913de983a1cdde4b2,0xb08b2c3099193bcf05f742ccb7f206635fe243b3,0x91ff8bbd8ebb07893010d50a48a1609e5ebd8e34,2026-08-12T21:34:04,complex_trace;high_gas_used_context,0x069d1525,false
25739154,0x0c60be1e0f7d621ac9cd0998d29dd193d8663ffc25cf6c229ca74b47310e4334,0x1584a8ee67789d1fe161065388657ad2f2a3c7dd,0x77eb52e44db06777bce478159f25c0d55a295314,2026-08-12T21:34:05,repeated_internal_token_drain;dense_internal_fund_flow;complex_trace;high_gas_used_context;token_activity_burst;repeated_risky_internal_calls,0xa9059cbb,true
25739154,0x4c3bd96395a4df9e9a6c02302859e94f92a1dde66c61ef652dec0782bdbd4c9a,0x646c51d77af2ce6f1f5ad779044b8932a315dc89,0x90744243d2038bd4765180f8fa5fc8fd9794a150,2026-08-12T21:34:05,privileged_execution_context;complex_trace,0xc6fe8747,false
25739154,0xc6b51c0ca31d4ca8461f8308e7869903494b30ef8981ffb70280122f3f05dd0a,0xdda3b51e29f9d6fad865c5dd7070d5f7eb57663e,0x8d8210a0252a706cb5de0c6f8e46b6d3692afc19,2026-08-12T21:34:05,complex_trace;high_gas_used_context,0xffc3a769,false
25739155,0x88c44006458ab11fe19822d92aadaf7a6580b7c360dfb7e0c83d757dd54ceb27,0xe99bd1c2dd70cd58e5efd47887991700e7318ce2,0xad3b67bca8935cb510c8d18bd45f0b94f54a968f,2026-08-12T21:34:09,complex_trace;high_gas_used_context;token_activity_burst;approval_burst,0x146ee74d,false
25739156,0x1f1c29ee4e922bf391d616dedaa5f0d1517e768fe876967d5749e1a804eeb04e,0x1105afaf3002a48a305afd631e3cb57277ceb0ea,0xb2c72a665c08c4a619d888ea3d5cfeb6601a9dc2,2026-08-12T21:34:29,complex_trace;high_gas_used_context;token_activity_burst;approval_burst,0x0fed9b39,false
25739156,0x632ed9c3a4af8aec22e734c2ae7f6f2029498311f887602c41405fd155bb108b,0x7830c87c02e56aff27fa8ab1241711331fa86f43,0xa9d1e08c7793af67e9d92fe308d5697fb81d3e43,2026-08-12T21:34:29,large_erc20_asset_flow,0xca350aa6,true
25739156,0x7960ff6c026ce2b7c885ef176d256aca85fd4bee16d83dc769a9384dc1850609,0x8450cf769ccf7fd060936ba2b023ca8f9903f9c4,0x0000000000000068f116a894984e2db1123eb395,2026-08-12T21:34:29,complex_trace;high_gas_used_context,0x87201b41,false
25739156,0x2b63a21a1222d70f5b98234d9500e3f2f92450832e09cc5b1ebd7f4249d2a49c,0xce10c23561dce134ae20b32f8166a131c741f463,0x888888888889758f76e7103c6cbf23abbf58f946,2026-08-12T21:34:30,complex_trace;high_gas_used_context,0xed48907e,false
25739156,0x82199af7a11f4e4857a94176ce3e9633c7f91fb060212d720f9512fcc523ace9,0x370a7e2d300c14d79d4a7ee07aaca46c4b3012cf,0xccc88a9d1b4ed6b0eaba998850414b24f1c315be,2026-08-12T21:34:30,dense_internal_fund_flow;complex_trace,0x0a2b8f36,true
25739156,0x044cf78263811dea523cdc884dac158c41ad11e9d75fb12aaf0d3ab71f71cb68,0xdda3b51e29f9d6fad865c5dd7070d5f7eb57663e,0x8d8210a0252a706cb5de0c6f8e46b6d3692afc19,2026-08-12T21:34:32,complex_trace;high_gas_used_context,0xffc3a769,false
25739156,0x46fe059c35eb20fa45aa36d46a12d0f06ddcd45a0ef4a36b61aeed2881c412de,0x4838b106fce9647bdf1e7877bf73ce8b0bad5f97,0xfeeeeee44046c3f61a8cc081e0918ef0de0a7ffc,2026-08-12T21:34:32,selfdestruct_context,0x6a7c721b,true
25739156,0x56825fec75338fa6eb2cc66176447a173cd38dd1dea3c80af19d011ad1474c0b,0x4838b106fce9647bdf1e7877bf73ce8b0bad5f97,0xfeeeeee44046c3f61a8cc081e0918ef0de0a7ffc,2026-08-12T21:34:32,selfdestruct_context,0x6a7c721b,true
25739156,0x74cc2b7826ef362bae55950b820e33423bf4986d4d96a2dc9afbd4c5ac29b0c5,0x04d9634df20aa66b23f114d37c45fa6c6ab76d56,0xc1062b7c5dc8e4b1df9f200fe360cdc0ed6e7741,2026-08-12T21:34:32,complex_trace;token_activity_burst,0xdccedc74,true
25739156,0x8bf108defc4c0cde4a5f4f084704306b35a8d4069f52aec737d8833d4a905d0e,0x07ae8551be970cb1cca11dd7a11f47ae82e70e67,0x6c96de32cea08842dcc4058c14d3aaad7fa41dee,2026-08-12T21:34:32,large_erc20_asset_flow;complex_trace,0xc7c7f5b3,true
25739156,0x9cdd1af83ff19dd6dbc6e7fbadf6a5afe296db8b012b1ee6eff82b06309ff9fe,0xd6434d157f254276d69ede3bd9fc805482206908,0x7ec8a30a34b86927dc77b302603d1d53e640bef7,2026-08-12T21:34:32,high_gas_used_context;token_activity_burst,0xa9059cbb,false
25739156,0xa5043ab9c26c9ce5fbb6428c19ba7a250170c12d745aaddf871f33585a20e502,0x5b600937dbe6c55a647c93022f70bd5fc1794f88,0xb3fa262d0fb521cc93be83d87b322b8a23daf3f0,2026-08-12T21:34:32,large_erc20_asset_flow;complex_trace,0x53a39028,true
25739156,0xb759249a4045dc884090ba5a69ca9a6e98de70978afdd3d813b63d2a28165f8e,0x2ed0c5eedc30985feecbaa446fbc80e34742d217,0x26d3681dfc9e4c8c79cfbf461adec8a21d5d73c5,2026-08-12T21:34:32,large_erc20_asset_flow,0xf58e03fc,true
25739156,0xd45dca0a73721de4b25a2eb535cdf0703029c163e9c0fb2c5139a77ab641d667,0xc6acbee42e9e323140c1ed060c2f6ea9cc3b4b75,0x7c5a71c9fefbc7691f9d4ac7baf70c743792f716,2026-08-12T21:34:32,selfdestruct_context,0xf3fef3a3,false
25739156,0xec53e85e80de726d5e296b342d3dd233a2f53cf8c703e5f3fe10933735da5fb3,0x7a20bf10659202afda190aeda36ffc5c3746feae,0x888888888889758f76e7103c6cbf23abbf58f946,2026-08-12T21:34:32,large_erc20_asset_flow;complex_trace;high_gas_used_context,0xd0f42385,true
25739157,0x645dfc8546384885910d88947d5c2bbc9eb467e9d63872ecca19cc08f2437f3b,0xa5c7857bf8c8220403caf189066ce5bac4462705,0x91ff8bbd8ebb07893010d50a48a1609e5ebd8e34,2026-08-12T21:34:42,complex_trace;high_gas_used_context,0x069d1525,false
25739157,0x0227aa57265d85d2a3b59cfb7a715b9856e8c050ae6d37a0d962c75bee37179f,0x7b49bc3ebbdf7322f31c6449320382bbec3be1b6,0xad3b67bca8935cb510c8d18bd45f0b94f54a968f,2026-08-12T21:34:43,complex_trace;high_gas_used_context;token_activity_burst;approval_burst,0x146ee74d,false
25739157,0x19bc9a23784078313b0565f3f17e9f570643091e483e80d10273efb9e4e4567b,0x6b063481f8216b5624ec496dd72376bef00faffd,0xa9d635ef85bc37eb9ff9d6165481ea230ed32392,2026-08-12T21:34:43,dense_internal_fund_flow;complex_trace,0x13d79a0b,true
25739157,0x30856964e5d0e2ec09fc86b0b821cd66c3b0175ca50ea5f8feac1f775d9778ed,0x062ce42cae04c51d04e77e3d64cc8953a2296ffe,0x8a25a24ede9482c4fc0738f99611be58f1c839ab,2026-08-12T21:34:43,large_erc20_asset_flow;complex_trace,0x6a761202,true
25739157,0x3d9bfe760f60bf77e1bfd5df0dad3280731d5679f1ea594dcc97de6e2e264ffe,0x4ae91dc10b687913ea2ae62d7a6e4c39d8c0e6f6,0x6131b5fae19ea4f9d964eac0408e4408b66337b5,2026-08-12T21:34:43,large_erc20_asset_flow;complex_trace,0xe21fd0e9,true
25739157,0x3b3532f667947d5e6ee6012c431e01c69d20b7c74105e87a3a4058a1225a4d42,0x09cfee647fa339133380191c8db6b44f24500c9d,0x77b85afbcd336993ac1c65057531c5a5b33b76b8,2026-08-12T21:34:44,high_gas_used_context;token_activity_burst,0xa9059cbb,false
25739157,0x50e67dc79c78041b52a799ea28b01d6b0a1cead140c248011ae1a9841cc02277,0x4ce1c843a3addf1e3e771a8b0b49596932ad99d6,0x40ffe85a28dc9993541449464d7529a922142960,2026-08-12T21:34:44,large_erc20_asset_flow,0x119abf67,true
25739157,0xadbee51ac5feffb553d5436c72dc1a4367b15d74f0b4edbbedbbe6a53f3f4b74,0x4838b106fce9647bdf1e7877bf73ce8b0bad5f97,0xfeeeeee44046c3f61a8cc081e0918ef0de0a7ffc,2026-08-12T21:34:45,selfdestruct_context,0x6a7c7227,true
25739158,0x47aef728343a413b9e8673066c1075475d5e375008f7f9eba8402be3d7c39d36,0xb011fec9695686cf9a592f2fb6736e37e5314b1b,0x28b1dc1a5e3699a428bc51d234dfab7c9cb2a183,2026-08-12T21:34:59,complex_trace;high_gas_used_context;token_activity_burst,0xf2c42696,false
25739158,0x72a09796a7f5eabe15469a776071ef16396aa99ed515d992ace673e8173b9144,0x1105afaf3002a48a305afd631e3cb57277ceb0ea,0xb2c72a665c08c4a619d888ea3d5cfeb6601a9dc2,2026-08-12T21:34:59,complex_trace;high_gas_used_context;token_activity_burst;approval_burst,0x0fed9b39,false
25739158,0xcfa5872c9d3f0d18eec49d8ce6bc5682b68b1c1bd85703f6711da0e5d658b5e7,0x0816cfde9980c2f2296213cf35a9e8c5f2c6b2d9,0x91ff8bbd8ebb07893010d50a48a1609e5ebd8e34,2026-08-12T21:35:00,complex_trace;high_gas_used_context,0x069d1525,false
25739158,0xc492ce50318cdbd2e9d5232d894d7f9d5daf76d9242d40b93bd8f3683bed3370,0x4838b106fce9647bdf1e7877bf73ce8b0bad5f97,0xfeeeeee44046c3f61a8cc081e0918ef0de0a7ffc,2026-08-12T21:35:04,selfdestruct_context,0x6a7c7233,true
25739159,0x69ee37730a4f37c1c82ae523517a3d2081c5002c8da39faaa4d869950755112b,0x00c501a744b3db320f1eb5675f9a606bd298d2b9,0x91ff8bbd8ebb07893010d50a48a1609e5ebd8e34,2026-08-12T21:35:11,complex_trace;high_gas_used_context,0x069d1525,false
25739159,0x9dd16084c9d0bf029b3587459c25789113b0529a52daf74ec54c6638b4269699,0xdedb0e722e69d7794cbae19bac32da650849490a,0x0555e30da8f98308edb960aa94c0db47230d2b9c,2026-08-12T21:35:14,large_erc20_asset_flow;complex_trace,0xc7c7f5b3,true
25739159,0xe3471d5c1181aaabe78a59adcc5a917a9d678ee0f2e9ffdc37ce3b294077e68a,0x59aab1bd0d26290274398c07b55955c15425e16b,0x00fe78205f5f0e63b8ad2b2ae5337f538a610e04,2026-08-12T21:35:15,complex_trace;high_gas_used_context,0x34fcd5be,false
25739159,0x7272e0d07fd6fbcf76a89ef16d7a8e9c78c34a18a8859c814b986eb8b855b294,0x4838b106fce9647bdf1e7877bf73ce8b0bad5f97,0xfeeeeee44046c3f61a8cc081e0918ef0de0a7ffc,2026-08-12T21:35:16,selfdestruct_context,0x6a7c723f,true
25739159,0xdc4a95224b208a390c5bd8a7ab5153a1322b9353f42ad21b91f4be0d6eff54c5,0x1105afaf3002a48a305afd631e3cb57277ceb0ea,0xb2c72a665c08c4a619d888ea3d5cfeb6601a9dc2,2026-08-12T21:35:16,complex_trace;high_gas_used_context;token_activity_burst;approval_burst,0x0fed9b39,false
25739160,0x155fe71581a4b0e2e36a2796436b8ffe1e48cb771b23c81b0ae47f2b1696a630,0x77746d6ffa0bf81eda08b16826d9b1e3068b593c,0x555ce236c0220695b68341bc48c68d52210cc35b,2026-08-12T21:35:22,dense_internal_fund_flow;complex_trace,0xc3c16ee4,true
25739160,0xec65a9622e84f37dbf471f6640a58ec5ae3f7383748bbfde7e149cb72dcaf488,0x1105afaf3002a48a305afd631e3cb57277ceb0ea,0xb2c72a665c08c4a619d888ea3d5cfeb6601a9dc2,2026-08-12T21:35:22,complex_trace;high_gas_used_context;token_activity_burst;approval_burst,0x0fed9b39,false
25739160,0x3436d77354db7ac24e709fcc6f273497c6aa5da1e685af124821de7ddb6f9d6c,0x1584a8ee67789d1fe161065388657ad2f2a3c7dd,0x77eb52e44db06777bce478159f25c0d55a295314,2026-08-12T21:35:23,repeated_internal_token_drain;dense_internal_fund_flow;complex_trace;high_gas_used_context;token_activity_burst;repeated_risky_internal_calls,0xa9059cbb,true
25739160,0x5e6f6f98a7e109ea974f5ef52164198bf966d9e73e9a8dfc95cfdac1595d6abb,0x59aab1bd0d26290274398c07b55955c15425e16b,0x00fe78205f5f0e63b8ad2b2ae5337f538a610e04,2026-08-12T21:35:23,complex_trace;high_gas_used_context,0x34fcd5be,false
25739160,0xb16b8dce6a54b474dda343852e04152a306187538331301fab97d29a05455c9a,0x4838b106fce9647bdf1e7877bf73ce8b0bad5f97,0xfeeeeee44046c3f61a8cc081e0918ef0de0a7ffc,2026-08-12T21:35:24,selfdestruct_context,0x6a7c724b,true
25739161,0x29546d50e6ccf2e742fb9221f69efd6d9d3e79d7a7494cc6ec792dafd1981b49,0x1105afaf3002a48a305afd631e3cb57277ceb0ea,0xb2c72a665c08c4a619d888ea3d5cfeb6601a9dc2,2026-08-12T21:35:31,complex_trace;high_gas_used_context;token_activity_burst;approval_burst,0x0fed9b39,false
25739161,0xb82781093e962f963e6fc63bfb7bb0adeeb1d777ac1b5d6fe974ead6ee2f132d,0x1fb443c35ca039edfe7a4d43f676d8815ced4d5d,0x06fd4eb2f2def33c1820444981b81c96f45df0fb,2026-08-12T21:35:31,large_erc20_asset_flow;complex_trace,0xd0f2d8ac,true
25739161,0xf36f1a89269d779c3f2b50b402fe4c19c17cc00e9fc71d78179346701aae0667,0x7830c87c02e56aff27fa8ab1241711331fa86f43,0xa9d1e08c7793af67e9d92fe308d5697fb81d3e43,2026-08-12T21:35:31,dense_internal_fund_flow,0x1a1da075,true
25739161,0x3232c0d016919de6435465c58c315e68d2f3f5adfc77f12bc330a5de6c274293,0x9d9e5233e399c84cfff5b080f0012987a25a045a,0x91ff8bbd8ebb07893010d50a48a1609e5ebd8e34,2026-08-12T21:35:32,complex_trace;high_gas_used_context,0x069d1525,false
25739161,0x252d0e9462a9931a56b3c62c9922d5dfdc373aac5efc485aa6ff3e2e92ca4aa3,0x20a685f4915c9801313e07bf43a9a4c1eb80aadc,0x39d167fe676efc3be49be874a37349a5d89f9058,2026-08-12T21:35:33,large_erc20_asset_flow;complex_trace;high_gas_used_context,0xc9f7e596,true
25739161,0x03c7d90c56c903d309615f2c450337729f08f390bba64225dacc84f8d97abb70,0x59aab1bd0d26290274398c07b55955c15425e16b,0x00fe78205f5f0e63b8ad2b2ae5337f538a610e04,2026-08-12T21:35:34,complex_trace;high_gas_used_context,0x34fcd5be,false
25739161,0x8c029298e84a2aa198f60cf19df772337f122d4b2b5cb705df34274988e6bb7d,0x9fc3da866e7df3a1c57ade1a97c9f00a70f010c8,0xfeeeeee44046c3f61a8cc081e0918ef0de0a7ffc,2026-08-12T21:35:34,selfdestruct_context,0x6a7c7257,true
25739162,0x6ea9727e58845cca5626a4991873adb63cd31b15fdfa8c587386952588d35b42,0x250c974b073e13f9ca677798aef589ad531e1f6f,0xbc1e043c8cc9033eceda964a479cdaeff62ce033,2026-08-12T21:35:38,complex_trace;token_activity_burst,0x91ec4f77,false
25739162,0xa4863c721ae12a908340c3848cffa5ba881e982888bef48272e118f77b5dbad7,0x1105afaf3002a48a305afd631e3cb57277ceb0ea,0xb2c72a665c08c4a619d888ea3d5cfeb6601a9dc2,2026-08-12T21:35:39,complex_trace;high_gas_used_context;token_activity_burst,0x0fed9b39,false
25739162,0x2c3255159c6367cdf2bd5106a7ad0dafd92e5000c11f268d6212753667bb709f,0xc6acbee42e9e323140c1ed060c2f6ea9cc3b4b75,0x7c5a71c9fefbc7691f9d4ac7baf70c743792f716,2026-08-12T21:35:40,selfdestruct_context,0xf3fef3a3,false
25739162,0xc0d783914321f96f7bb3a1165f20be05e21bffbacb2e26a29a58acac1578bb09,0xb876842bb8405f34e1cefe497d0d85d39f83badf,0x91ff8bbd8ebb07893010d50a48a1609e5ebd8e34,2026-08-12T21:35:40,complex_trace;high_gas_used_context,0x069d1525,false
25739162,0xc794fbd45e980a369158c264c8e67f28fbc56168e1aeb867de6089f4c885d861,0x16d41ca2a2f6225035cc682f1b65bc25780cba96,0x1ccb19560eb33aaf5d00a95282f6eec5a4d1db3c,2026-08-12T21:35:40,complex_trace;high_gas_used_context,0x9265bb9d,false
25739163,0x015714ac925494f6aac775ff56fc60cab7e6947bcf9deb393f75a477bc7c49da,0xce10c23561dce134ae20b32f8166a131c741f463,0x888888888889758f76e7103c6cbf23abbf58f946,2026-08-12T21:35:48,complex_trace;token_activity_burst,0xed48907e,false
25739163,0x7d76d402d3b6ca13b147a0aa77deacc9e980ffd7062debf34313151cf3acca32,0x50bf934781f63028c5c8ef49c4affe19a86d99b6,0x8d04cc7e86e687854eb41d9d43512b655b93184b,2026-08-12T21:35:48,selfdestruct_context,0xb5291b32,false
25739163,0x93e4ff18b6dd13c816dea45dd8a51748759b2bdd5cfae875e961cecb54276754,0x7a20bf10659202afda190aeda36ffc5c3746feae,0x6566194141eefa99af43bb5aa71460ca2dc90245,2026-08-12T21:35:48,large_erc20_asset_flow,0x374f435d,true
25739163,0xc5a75dea447765ddedb9cfa596b74222362e2915c404f1594a525056e811d070,0x654ed144754b88877fe6899b2fb148375638f701,0xb92fe925dc43a0ecde6c8b1a2709c170ec4fff4f,2026-08-12T21:35:48,dense_internal_fund_flow;complex_trace,0xcd6e13f7,true
25739163,0xd41957e99ddc84d41bc2ec03f34007f1ee17447d92e9d1ceaef39dd0c7c79828,0x7b49bc3ebbdf7322f31c6449320382bbec3be1b6,0xad3b67bca8935cb510c8d18bd45f0b94f54a968f,2026-08-12T21:35:48,complex_trace;token_activity_burst;approval_burst,0x146ee74d,false
25739163,0xec423200248516f70dbc08113c5357526593cbb7675dc708aa705dad9dbc6c48,0x1105afaf3002a48a305afd631e3cb57277ceb0ea,0xb2c72a665c08c4a619d888ea3d5cfeb6601a9dc2,2026-08-12T21:35:48,complex_trace;high_gas_used_context;token_activity_burst,0x0fed9b39,false
25739163,0x219f78cc342c2127eef172f192ada4736667e16c1d5fb6f5d2855127bafe1494,0x1584a8ee67789d1fe161065388657ad2f2a3c7dd,0x77eb52e44db06777bce478159f25c0d55a295314,2026-08-12T21:35:49,repeated_internal_token_drain;dense_internal_fund_flow;complex_trace;high_gas_used_context;token_activity_burst;repeated_risky_internal_calls,0xa9059cbb,true
25739163,0x31e68a751e2ccaea2ea55faabed6cbec59599ef9a303fde6015cf1df927e428d,0x4838b106fce9647bdf1e7877bf73ce8b0bad5f97,0xfeeeeee44046c3f61a8cc081e0918ef0de0a7ffc,2026-08-12T21:35:49,selfdestruct_context,0x6a7c726f,true
25739163,0x38994153d765e837cfeeb3ae84aaa01f060e6d9d5395f2537798fe5b6532a34c,0xa8787116ed6129f669aec925bf6a5ddd98a92412,0x1231deb6f5749ef6ce6943a275a1d3e7486f4eae,2026-08-12T21:35:49,dense_internal_fund_flow;complex_trace,0xc46059b2,true
25739164,0x78c07f1d131abe0ce3bd3ac07dc0cda80859281c8cfd84c09c1f3c8166957e32,0x7830c87c02e56aff27fa8ab1241711331fa86f43,0xa9d1e08c7793af67e9d92fe308d5697fb81d3e43,2026-08-12T21:35:55,large_erc20_asset_flow,0xca350aa6,true
25739164,0x535d8bf83e12c5b473cac64583f3f4489d11c972c06b3f2d0a54b2c2610c9884,0x37e24c86f1a3fba1831d43f24bdbedcc2ae23a95,0xf33e750336e9c0d4e2f4c0d450d753030693cc71,2026-08-12T21:35:56,large_erc20_asset_flow,0xd77d6ec0,true
25739164,0x5592a42776368706990bbc733cc0179d553e511e5c0dc32203e1da48e115144f,0xf5b99c98e5f4b5a99fe61d97533cdd408d5bfd43,0x069662d2588fcac24b5c209456db965d151556f0,2026-08-12T21:35:56,large_erc20_asset_flow,0xac9650d8,true
25739164,0x58c98111cd2907a3ea1da610beb9e25d6bf9ba28c70406b15010030d686811a4,0x1105afaf3002a48a305afd631e3cb57277ceb0ea,0xb2c72a665c08c4a619d888ea3d5cfeb6601a9dc2,2026-08-12T21:35:56,complex_trace;high_gas_used_context;token_activity_burst,0x0fed9b39,false
25739164,0xabee040af227a90fd28aba3a289f882023f0c0a7c96dfdd94fd5080ec6672959,0xc6acbee42e9e323140c1ed060c2f6ea9cc3b4b75,0x7c5a71c9fefbc7691f9d4ac7baf70c743792f716,2026-08-12T21:35:56,selfdestruct_context,0xf3fef3a3,false
25739164,0xd5afde0e3951a1301103275cfe13b326d1e35de4a93f885e694a0e9f30556501,0xb02f2165c81a1371cbd70571ee55c7f4b7a0ac06,0x50461744cb3dea4d678be82b8f1b9cead383065d,2026-08-12T21:35:56,large_mint_to_sender;complex_trace,0x6e553f65,true
25739164,0x8918dbb1c30d19d68f6dc1cc7f9caaeb67d68a9bcb37a043d9685c826c3b7396,0x4337005db25dbad41da5692ba1188751ee5d98b6,0x0000000071727de22e5e9d8baf0edac6f37da032,2026-08-12T21:35:57,privileged_execution_context;complex_trace,0x765e827f,false
25739164,0xefd567b202166c5d35af4f7745714c25f1e5ee40d5b7474b20896850125c7ea4,0x4838b106fce9647bdf1e7877bf73ce8b0bad5f97,0xfeeeeee44046c3f61a8cc081e0918ef0de0a7ffc,2026-08-12T21:35:57,selfdestruct_context,0x6a7c727b,true
25739165,0x2ffb54d5eea576004fe7e5ff971e653f8a0086ebe865b8f881edb01f955363c3,0x5b7bcd2a84465151d0f0509e4a4d134cd78a1db8,0xa8c1c98aaf99a5dfc907d61b892b2ad624901185,2026-08-12T21:36:06,dense_internal_fund_flow,0x0970a5a0,true
25739165,0x5234edd334ff4c33450d7917284be195af94bce429baa74fbad10dffcdebd729,0x43b2f01186fda9814c5f40770554ac68fd8304bd,0x7cd9fdda6eedb56fae9c5a50fe07360a46cd9885,2026-08-12T21:36:07,dense_internal_fund_flow;token_activity_burst,0x7111a994,true
25739165,0x651d263672a2a1a7e6603fe02716fff6a36a89132eb8ed5e9d9d16a3b82cf0d5,0x5e6e835ec4e69fdaf9cad50cedafc687976d6a22,0x91ff8bbd8ebb07893010d50a48a1609e5ebd8e34,2026-08-12T21:36:07,complex_trace;high_gas_used_context,0x069d1525,false
25739165,0xd67a81d038b978d7581354731dfccc9188e2e81098121056570132b093a46ea0,0x1105afaf3002a48a305afd631e3cb57277ceb0ea,0xb2c72a665c08c4a619d888ea3d5cfeb6601a9dc2,2026-08-12T21:36:07,complex_trace;high_gas_used_context;token_activity_burst,0x0fed9b39,false
25739165,0xf3e35520a958a73e3479b453cc533b3f9e034beb730872a9b1e2ed856aacf2af,0x4838b106fce9647bdf1e7877bf73ce8b0bad5f97,0xfeeeeee44046c3f61a8cc081e0918ef0de0a7ffc,2026-08-12T21:36:07,selfdestruct_context,0x6a7c7287,true
25739165,0xa183ac400bc599718e0ab4741e11d4880f8c69046d3f1729ab2ee6ed6a00fc68,0x4838b106fce9647bdf1e7877bf73ce8b0bad5f97,0xfeeeeee44046c3f61a8cc081e0918ef0de0a7ffc,2026-08-12T21:36:08,selfdestruct_context,0x6a7c7287,true
25739165,0xad9f3365803e4411f099eb99ec77b93864830624ff2ec6213ebd387e8991e6c4,0xb4c5355f35e0fc4a3dafc55f64319416e154fb11,0xf993aef0fe2018d01ec10cbdffeb1836de9c196e,2026-08-12T21:36:08,complex_trace;high_gas_used_context;token_activity_burst,0x111c3113,false
25739166,0x13b7976ac8f49d1d2c2a5633a763f533c3c52f9fc88f1cdc2f8f0a5aa3b729fb,0x1105afaf3002a48a305afd631e3cb57277ceb0ea,0xb2c72a665c08c4a619d888ea3d5cfeb6601a9dc2,2026-08-12T21:36:20,complex_trace;high_gas_used_context;token_activity_burst,0x0fed9b39,false
25739166,0x356526bd900310d0e6ca744e14b804b91497cc093bc1543341be51f6f1def2a8,0x7830c87c02e56aff27fa8ab1241711331fa86f43,0xa9d1e08c7793af67e9d92fe308d5697fb81d3e43,2026-08-12T21:36:20,dense_internal_fund_flow,0x1a1da075,true
25739166,0xc6ae1c73b74d1aeab34817f606bb920c26b323f120c74596f53dd41914c7f7f8,0xde7a849216aa3884d53d84ecb02c19eb67e5dae2,0x7d9f4ca54131e588fc1fe577973b55fb11231e76,2026-08-12T21:36:20,repeated_internal_token_drain;dense_internal_fund_flow;complex_trace;high_gas_used_context;token_activity_burst;repeated_risky_internal_calls,0x6aac3a0b,true
25739167,0x1929df82d6ba2b5b1518801b9208b40f8902fab45e04eaec125094bce58380c4,0x1105afaf3002a48a305afd631e3cb57277ceb0ea,0xb2c72a665c08c4a619d888ea3d5cfeb6601a9dc2,2026-08-12T21:36:34,complex_trace;high_gas_used_context;token_activity_burst,0x0fed9b39,false
25739167,0xa5a57ae673201ba186c13655617470b56044b6c8330574955ac62a7a339e10a7,0x0e3cd0614d3a08bb7fee3f02fa20933b021705b6,0x9e08c5499f953c6297a7755bcbced383b606896b,2026-08-12T21:36:34,complex_trace;high_gas_used_context;token_activity_burst,0x8328af2f,false
25739167,0xdde0c74606fa5a872e4c1340a9d4214af4030df715113382a302ec13fb774dd7,0x4337005db25dbad41da5692ba1188751ee5d98b6,0x0000000071727de22e5e9d8baf0edac6f37da032,2026-08-12T21:36:34,privileged_execution_context;complex_trace,0x765e827f,false
25739167,0xf660d7068eb10be1712a099f31214c8c4f0a3d50987e60974e777284ad4db084,0x7b49bc3ebbdf7322f31c6449320382bbec3be1b6,0xad3b67bca8935cb510c8d18bd45f0b94f54a968f,2026-08-12T21:36:34,complex_trace;high_gas_used_context;token_activity_burst;approval_burst,0x146ee74d,false
25739167,0x1193ead0797c1d81b5a5de4f7792aea2b016e02fbe6dfcccddbf276f98106171,0xaade20c9578063ac7fd1c32292fef55e5eb13dd4,0x4ef6900770bc0042bbfc408c90142fd2f6d63103,2026-08-12T21:36:35,dense_internal_fund_flow,0x1cff79cd,true
25739167,0x7fc27951900e4a61f26e6145e730e228e427e61f848292da78af049601e5e7da,0xfb076e0b813cc205a2d032b639f6d10f500dd9b7,0x000000ae384600d7252543855e3b0400f6008d00,2026-08-12T21:36:35,large_erc20_asset_flow;complex_trace;high_gas_used_context,0x00000000,true
25739167,0x0f4db634c4010fcc55d326cec66bba2dc0c32ac9181d8de5fd3e5e1a81578b52,0x4838b106fce9647bdf1e7877bf73ce8b0bad5f97,0xfeeeeee44046c3f61a8cc081e0918ef0de0a7ffc,2026-08-12T21:36:37,selfdestruct_context,0x6a7c729f,true
25739167,0x86563db607c118f0e876e9f9fc85b2ddc50fd5575b972109381981b640a53894,0x161643f280b09be8e0271eef8efc6c264d125003,0xece3541b96f401268bdbf36d0c698325c4653610,2026-08-12T21:36:37,dense_internal_fund_flow;token_activity_burst,0xa9059cbb,true
25739168,0x0120cecdce027ed10be22a12e266bf55d7b1c5992f91f15647f3caecbec96a37,0x4337006f33e2940fcbebd899bf2396117e65df9b,0x0000000071727de22e5e9d8baf0edac6f37da032,2026-08-12T21:36:47,privileged_execution_context;complex_trace,0x765e827f,false
25739168,0x1f50fca60911973ca7e8d4840f1ae927252cebe92d9f63613df31439e0b8174f,0x43b2f01186fda9814c5f40770554ac68fd8304bd,0xc855882b1bcbd844cb6f1743d54c5516f4365faa,2026-08-12T21:36:47,dense_internal_fund_flow;token_activity_burst,0x7111a994,true
25739168,0x52255a7577cedbd29f2175d7cb680fe9e8dab9e9fed031e4510147b6c8c5b057,0xdda3b51e29f9d6fad865c5dd7070d5f7eb57663e,0x8d8210a0252a706cb5de0c6f8e46b6d3692afc19,2026-08-12T21:36:47,complex_trace;high_gas_used_context,0xffc3a769,false
25739168,0x76a5ff5a408e9ba7106ed90f9cbe6a73f169e211ca28e9ee9d4128dd903f6913,0x1105afaf3002a48a305afd631e3cb57277ceb0ea,0xb2c72a665c08c4a619d888ea3d5cfeb6601a9dc2,2026-08-12T21:36:47,complex_trace;high_gas_used_context;token_activity_burst,0x0fed9b39,false
25739168,0x88b03659763443a7ebf16edd67858a5813ad4f478b88bc04b30b47f0b0d5dd95,0xb1ca4a18aff443656f407fa8be3533ff27dde911,0x9008d19f58aabd9ed0d60971565aa8510560ab41,2026-08-12T21:36:47,large_erc20_asset_flow,0x13d79a0b,true
25739169,0x7b9ba484480cf43dc75f6237bcb780f041b8eeb43b4f70d7d901464f4050ea52,0x1105afaf3002a48a305afd631e3cb57277ceb0ea,0xb2c72a665c08c4a619d888ea3d5cfeb6601a9dc2,2026-08-12T21:37:14,complex_trace;high_gas_used_context;token_activity_burst,0x0fed9b39,false
25739169,0x16cb94a30d471848219230d839e6109e05641ace1f0b567f73b2ef3255c93c9e,0xf7bac63fc7ceacf0589f25454ecf5c2ce904997c,0xca11bde05977b3631167028862be2a173976ca11,2026-08-12T21:37:15,dense_internal_fund_flow;complex_trace;high_gas_used_context;token_activity_burst,0x252dba42,true
25739169,0x9d4fb655978c92a67576cece0ec746fd9bffb5f14fd8fdceb2da65f240289760,0x2b3fed49557bd88f78b898684f82fbb355305dbb,0x09c30cdcdd971423cb3ba757a47d56c35d06d818,2026-08-12T21:37:15,dense_internal_fund_flow,0x318adb8b,true
25739169,0xefd9c78560ae0977936e30b36040b4ab0fb44a152bec7f7f3b8c883992f95fa4,0x6f5470fd2713f272a35a6683ae1e60b1bffc0470,0x28b1dc1a5e3699a428bc51d234dfab7c9cb2a183,2026-08-12T21:37:15,complex_trace;high_gas_used_context;token_activity_burst,0x0c307f76,true
25739170,0x336dbfc8795a4b30ea545dbe8b333f41fa7f173ed501197b3ca9c370f423eb7b,0x05a3079b3d506954c00d7dbcca3e409f85bf4b68,0x03f34be1bf910116595db1b11e9d1b2ca5d59659,2026-08-12T21:37:26,dense_internal_fund_flow;large_erc20_asset_flow;complex_trace,0xe47d166c,true
25739170,0x833fa3c40bf016755979c57dfcf7053cf9d79be8f0094ba060eefcf52b785958,0x70e59f9c304e4d5096bd408b571e2dcd99c3120b,0xad3b67bca8935cb510c8d18bd45f0b94f54a968f,2026-08-12T21:37:28,complex_trace;high_gas_used_context;token_activity_burst;approval_burst,0x146ee74d,false
25739170,0xb6f146abd50096afa1db30a8f766e45a7eff0a8739fdceec8b5aebdc8b3acb08,0xb2860e52a68c01a31aa03810208b069d72359563,0x91ff8bbd8ebb07893010d50a48a1609e5ebd8e34,2026-08-12T21:37:28,complex_trace;high_gas_used_context,0x069d1525,false
25739170,0x3c4841f879c513a769b7b7f364857d561763a800fd4d2d1b22e5e9b3e12e2e2c,0x80d04079ffc53eb14edbeeb37279d126f45552df,0xff9e96e75390a90db7a4d71389f841718f1a069f,2026-08-12T21:37:30,repeated_internal_token_drain;dense_internal_fund_flow;complex_trace;token_activity_burst;repeated_risky_internal_calls,0x8aaa8f3b,true
25739170,0xca52449b7702e919d2976c75676121b8592e8d89c57e157858f68e3dcad0927d,0xbcc102eb5bd0e3dfc281c590b3be67d346537c54,0x00a0be1bbc0c99898df7e6524bf16e893c1e3bb9,2026-08-12T21:37:30,dense_internal_fund_flow;complex_trace;high_gas_used_context,0xced12659,true
25739171,0x2137d689b5630ab6d2cc145f77aa379da2ea5afcca001b7bc9856b88d4f0c2b7,0x35328cc696ea69b5d8f6b005bfc555856190180f,0x1111111254eeb25477b68fb85ed929f73a960582,2026-08-12T21:38:13,dense_internal_fund_flow,0x12aa3caf,true
25739171,0x8b53a1b595dfdb7dac120c16ae7da97e2d5d23bed46500e3d6d38fae17f2ae19,0xc6acbee42e9e323140c1ed060c2f6ea9cc3b4b75,0x7c5a71c9fefbc7691f9d4ac7baf70c743792f716,2026-08-12T21:38:13,selfdestruct_context,0xf3fef3a3,false
25739171,0xc970f9e98e8d02f892fa99cafb7179a3305f8f6f1b456f473900d68d8f61acb0,0xdda3b51e29f9d6fad865c5dd7070d5f7eb57663e,0x8d8210a0252a706cb5de0c6f8e46b6d3692afc19,2026-08-12T21:38:13,complex_trace;high_gas_used_context,0xffc3a769,false
25739172,0x12a2c17ae7e25a16bcfbb470eac67ee038eddea55e31f247088d020904a1b578,0x5e8381077866763692f151ca44cce0435a76d78c,0xcb0151ac9479a6a0261622baa63ae843c9793d45,2026-08-12T21:38:26,large_erc20_asset_flow;complex_trace,0x64cd187f,true
25739172,0x25d0bc8c50b14f58ddfe311266625c430b13334a324c67c503cbe999d2150e4e,0xdf8adfe10d4a4d9f0fc4d3e377a6e8d5730eb40c,0x06cff7088619c7178f5e14f0b119458d08d2f5ef,2026-08-12T21:38:28,dense_internal_fund_flow;complex_trace,0x99999999,true
25739172,0x416207293b12f09683e55f3c949e2612ca8623ca89dfa1e249057cef48f7547a,0x59aab1bd0d26290274398c07b55955c15425e16b,0x00fe78205f5f0e63b8ad2b2ae5337f538a610e04,2026-08-12T21:38:28,complex_trace;high_gas_used_context,0x34fcd5be,false
25739172,0x584e4bd052112926b01da45c760171c939543f99fb2bb6cf4bebee28f8d35207,0x50bf934781f63028c5c8ef49c4affe19a86d99b6,0x8d04cc7e86e687854eb41d9d43512b655b93184b,2026-08-12T21:38:28,selfdestruct_context,0xb5291b32,false
25739172,0x5d3a60f20bd092e7e2fd9efcbd8256916e4d30cdedd6b7ad7dfa330e8aa0293c,0x1bb53ea08b78e08a34de69f7ef0d636a99804708,0x337685fdab40d39bd02028545a4ffa7d287cc3e2,2026-08-12T21:38:28,dense_internal_fund_flow;complex_trace,0xfa74fd43,true
25739172,0x87c9a88a18944f22a1ec82b3377bf1cbf9ba992da72ce1c84231dfaa2e7eac45,0x6722b2c28d7d299b56a5febedbbe865a84ee0d7d,0x85a4d86e61a38458eb8be5546cbf95af039a1dec,2026-08-12T21:38:28,complex_trace;high_gas_used_context,0x0b1ada19,false
25739172,0xec34e918f4ae78d6cc74fc743439c9ed47d3d07079fb3a005ff05c5b732aa51f,0x4838b106fce9647bdf1e7877bf73ce8b0bad5f97,0xfeeeeee44046c3f61a8cc081e0918ef0de0a7ffc,2026-08-12T21:38:28,selfdestruct_context,0x6a7c72db,true
25739173,0x8d83f8a2dded45481d28012d6eaddaa6010c907cc25d668950a56db5a7e4f62a,0xdf390dc2b548af71a0cb58625bd461c9ab99f781,0x7a250d5630b4cf539739df2c5dacb4c659f2488d,2026-08-12T21:38:42,dense_internal_fund_flow,0x02751cec,true
25739173,0xbf122bc1d2e36c7a0e287b7e6d1149ccb5d32f412e761e9619a3b160ab10c173,0x8c9b4db8b2118906c11cf668c1a03dde62715aea,0x111111125421ca6dc452d289314280a0f8842a65,2026-08-12T21:38:42,dense_internal_fund_flow;complex_trace,0x07ed2379,true
25739173,0xbe17ee0cb4b6210fc1a21e2a2a91feddaace5fe00c122e9972e40bb91bf8a1b0,0xa7b6296945906d190fc0ddfdc0fa1da03382b891,0x87870bca3f3fd6335c3f4ce8392d69350b4fa4e2,2026-08-12T21:38:43,large_erc20_asset_flow;complex_trace,0x02c205f0,true
25739173,0x248b866b79857f0c0598265b3d304f52a447d1c77b8be06d60f1fd751bbb3cf0,0x43b2f01186fda9814c5f40770554ac68fd8304bd,0x7cd9fdda6eedb56fae9c5a50fe07360a46cd9885,2026-08-12T21:38:44,dense_internal_fund_flow;token_activity_burst,0x7111a994,true
25739173,0xa311f302c010987447843e59488e8227c30dcb0bd301c3d0d074082d2089c1b8,0xe99bd1c2dd70cd58e5efd47887991700e7318ce2,0xad3b67bca8935cb510c8d18bd45f0b94f54a968f,2026-08-12T21:38:44,complex_trace;high_gas_used_context;token_activity_burst;approval_burst,0x146ee74d,false
25739173,0xb2916e3cae48edd7e52776545e09772d36eab4561c4bedefdb5060a18cb31ba8,0x062ce42cae04c51d04e77e3d64cc8953a2296ffe,0x8a25a24ede9482c4fc0738f99611be58f1c839ab,2026-08-12T21:38:44,large_erc20_asset_flow;complex_trace,0x6a761202,true
25739174,0x7f3ae6fcafa1f6d2862aabb79304c60b4f25021cb86485de6b59ab1bdcac6383,0xe99bd1c2dd70cd58e5efd47887991700e7318ce2,0xad3b67bca8935cb510c8d18bd45f0b94f54a968f,2026-08-12T21:38:52,complex_trace;high_gas_used_context;token_activity_burst;approval_burst,0x146ee74d,false
25739174,0x36b6e6733b3a4b1cb3e2f7c772a6ee78632e88451f36ed8a27353a5e245d4156,0x36cfb70a36d008908cd5af5a94ea282872abae88,0xf4e147db314947fc1275a8cbb6cde48c510cd8cf,2026-08-12T21:38:54,large_erc20_asset_flow;complex_trace,0x0bf5d35e,true
25739174,0x4444172d535c4c90e11805f6141ff8daf12902d01209735663c697fd254a3079,0x59aab1bd0d26290274398c07b55955c15425e16b,0x00fe78205f5f0e63b8ad2b2ae5337f538a610e04,2026-08-12T21:38:54,complex_trace;high_gas_used_context,0x34fcd5be,false
25739174,0x73e53b5f08702d3c421a030c1d12fc34d8318cd75285d0b47d0d124855044e34,0xb02a6874c6ecab15d74886624d62c10718b8bdf7,0x6a000f20005980200259b80c5102003040001068,2026-08-12T21:38:54,dense_internal_fund_flow;large_erc20_asset_flow;complex_trace,0x0d893d62,true
25739174,0xb6593272390fd7c70ae3ab3858652ba9a08f588103fa27c25db950554f248b5a,0xdbae2404e4a6a7ebe08ba9be1ffa688839edaf4a,0x8931ae11800eef5c3e2046f9dcb5b0e98579c495,2026-08-12T21:38:54,complex_trace;high_gas_used_context,0x2afaca20,false
25739174,0xddadb18c5efa5e8c8435ed49089cbb8f46299fa0e0d138e2668796659e989d34,0x50bf934781f63028c5c8ef49c4affe19a86d99b6,0x8d04cc7e86e687854eb41d9d43512b655b93184b,2026-08-12T21:38:54,selfdestruct_context,0xb5291b32,false
25739174,0xedb56b1892568cc4135d6be29d388cfdfe3fe22bd7f185784ad9a3531aafa5b9,0x1584a8ee67789d1fe161065388657ad2f2a3c7dd,0x77eb52e44db06777bce478159f25c0d55a295314,2026-08-12T21:38:54,repeated_internal_token_drain;dense_internal_fund_flow;complex_trace;high_gas_used_context;token_activity_burst;repeated_risky_internal_calls,0xa9059cbb,true
25739175,0x21f0e353181b07138fb1d506c9bd9130447724ce7cc475540b1a766ad9bd1dfd,0xc6acbee42e9e323140c1ed060c2f6ea9cc3b4b75,0x7c5a71c9fefbc7691f9d4ac7baf70c743792f716,2026-08-12T21:38:58,selfdestruct_context,0xf3fef3a3,false
25739175,0x9000d8a71433e0275b82b112d03590338cb80920cbec41212405d2104888c3c7,0xec3a31a6417e6a88b3d03f5c4e9a5886d28a4920,0xd90e2f925da726b50c4ed8d0fb90ad053324f31b,2026-08-12T21:38:58,dense_internal_fund_flow,0x13d98d13,true
25739175,0x98df5fc54ed9d84837559c15bf3a0f3ef48279fb0a2ebebff4bf4c3e94116f9c,0x3a0aed8732131ff06f0f6238343e56f72895b79b,0x0000000000c2d145a2526bd8c716263bfebe1a72,2026-08-12T21:38:59,high_gas_used_context;token_activity_burst,0x32389b71,false
25739175,0xb80587c5b1ca32b591cbe7efc67166e075d7c4727214144831cb281ea3ab0293,0xe99bd1c2dd70cd58e5efd47887991700e7318ce2,0xad3b67bca8935cb510c8d18bd45f0b94f54a968f,2026-08-12T21:38:59,complex_trace;high_gas_used_context;approval_burst,0x146ee74d,false
25739175,0x4cc8d00caccf854bdd11de0f85ec96f2a9af71e150ddf4a942840455c558a9b3,0x59aab1bd0d26290274398c07b55955c15425e16b,0x00fe78205f5f0e63b8ad2b2ae5337f538a610e04,2026-08-12T21:39:00,complex_trace;high_gas_used_context,0x34fcd5be,false
25739176,0x035b8b2547f87f65ada628c1dff9fed489dd92bcc26a530fce8797a288ee6a8f,0xfcb4d15477541166c8cb54ea320cdd360a23d9b0,0x03f34be1bf910116595db1b11e9d1b2ca5d59659,2026-08-12T21:39:08,dense_internal_fund_flow;large_erc20_asset_flow;complex_trace,0xa32fe0a1,true
25739176,0x444766917ea5f7c55f9150bb57eb33347621ff178b5b4ea4a5e3fa0b311d674f,0x9642b23ed1e01df1092b92641051881a322f5d4e,0xfaf17849fb05a11a4e233f221bac99ca43fc83f8,2026-08-12T21:39:08,large_erc20_asset_flow,0x6b13fcb1,true
25739176,0x455a7d4de013e26a633daeb9b6bf04a6d9f049aca825d4f6fc1e6ce7e14f3ce1,0x5a9ce6113eb1a3d6cb3ee9739b438c6f0c8d32c7,0x91ff8bbd8ebb07893010d50a48a1609e5ebd8e34,2026-08-12T21:39:09,complex_trace;high_gas_used_context,0x069d1525,false
25739176,0xc1a5a29b043ed0d711a6771698d59634cfc503b9c9816f3e44572e11f3131447,0x4838b106fce9647bdf1e7877bf73ce8b0bad5f97,0xfeeeeee44046c3f61a8cc081e0918ef0de0a7ffc,2026-08-12T21:39:09,selfdestruct_context,0x6a7c730b,true
25739176,0xfdee829dcafe8bde7a37388b35b4aff3ec188a94e07593206946157730ff0b18,0x59aab1bd0d26290274398c07b55955c15425e16b,0x00fe78205f5f0e63b8ad2b2ae5337f538a610e04,2026-08-12T21:39:09,complex_trace;high_gas_used_context,0x34fcd5be,false
25739177,0x226c9dbad83ee7d6e907598bea1d04f2b076d13abcdfec1f4241f48d58f51bbf,0xbe0b407782a7599380fa726db315340126d62229,0x4d2fb5f8ec243fde4df1a9678b82238570c7e0e4,2026-08-12T21:39:19,repeated_internal_token_drain;dense_internal_fund_flow;complex_trace;high_gas_used_context;token_activity_burst;repeated_risky_internal_calls,0x6a761202,true
25739177,0xdb1577c5363dbd36279603dcd0e7ba89bde57c2ea61f974b8f215f721007d6c7,0x40074ed3469873dfa95edbb8c28ee72c572c6815,0x52b335fd4d229c4b4ffa6190526e4b5fb8e3fb09,2026-08-12T21:39:19,dense_internal_fund_flow;complex_trace;high_gas_used_context,0x085c8c5e,true
25739177,0x9ab4c97c14f2c5b63aa459767862f7231a783540ef65d55863bfadb551ed8d81,0xa3ab2b10bf2508a9e4455a35e2f4a9d0ced18464,0x91ff8bbd8ebb07893010d50a48a1609e5ebd8e34,2026-08-12T21:39:20,complex_trace;high_gas_used_context,0x069d1525,false
25739177,0x5e07d478058be746f034d4ebcf0ddae17775d32e8c8daa4057ca620f635dae51,0x05545602fe13456865b70839b3083b5e16dd467b,0x28b1dc1a5e3699a428bc51d234dfab7c9cb2a183,2026-08-12T21:39:21,complex_trace;high_gas_used_context,0xf2c42696,true
25739177,0xa25bcd9e2dc01e2f9ea500805f3e20aba4fd9d9da55a0554559fef54afd0d06e,0x09cfee647fa339133380191c8db6b44f24500c9d,0x77b85afbcd336993ac1c65057531c5a5b33b76b8,2026-08-12T21:39:21,high_gas_used_context;token_activity_burst,0xa9059cbb,false
25739178,0x28407e9a9eb8d563adebc06192d0efb49394390f6b2562164cf60170c0a2ebe6,0x13b5f7c38da2f6d22c48b69feadab8bf2397bfe6,0xcec1caa28ebc876d0883a0c492831e06e167b8b3,2026-08-12T21:39:26,selfdestruct_context,0xf3fef3a3,true
25739179,0x3de6aadb6545ca1ffd711c329bb6083c56c46639cba3108936a2475dffc874d1,0x43b2f01186fda9814c5f40770554ac68fd8304bd,0x7cd9fdda6eedb56fae9c5a50fe07360a46cd9885,2026-08-12T21:39:32,dense_internal_fund_flow;token_activity_burst,0x7111a994,true
25739179,0xcb54e27ae66f78d9213d20bc42bece3fe134390262c2027d9dceaa3ed50f243f,0xa61b09c97de5f5bad6bb27010ef9d6ab86bc508e,,2026-08-12T21:39:32,large_mint_to_sender;contract_creation_context,0x60806040,true
25739180,0x44a2c9158e007c208a437dab3b58425a265396542fc2d4f9543961e2e7ba2582,0xe99bd1c2dd70cd58e5efd47887991700e7318ce2,0xad3b67bca8935cb510c8d18bd45f0b94f54a968f,2026-08-12T21:39:45,complex_trace;high_gas_used_context;token_activity_burst;approval_burst,0x146ee74d,false
25739180,0x6344e561b2027b03d99bb384721912fdc01a5fa7ba6de5d3a831a99d9f3c7c8d,0xa66ffc655c7370aaa80d684845f036219a5343bf,0x950fd558f47e234a2fde23b7d61f7ccdbcb4a86f,2026-08-12T21:39:45,large_erc20_asset_flow;complex_trace,0xdd225095,true
25739180,0xb29a79953f1fb5cf041150a936f98ffed086ee8b8aa9071e6e7b83835ab2e0b3,0xadbd938e15af8fa8afca3e54a5b0170e92860b9b,0x03f34be1bf910116595db1b11e9d1b2ca5d59659,2026-08-12T21:39:45,dense_internal_fund_flow;large_erc20_asset_flow;complex_trace,0xe47d166c,true
25739180,0xb3a5549d97bed6ca90636584c7c6fc0d9d428ba6c1e18250a33d24223aea946d,0x4838b106fce9647bdf1e7877bf73ce8b0bad5f97,0xfeeeeee44046c3f61a8cc081e0918ef0de0a7ffc,2026-08-12T21:39:45,selfdestruct_context,0x6a7c733b,true
25739180,0xc243b9fc5e8e3a0358223d8f4f6bdce46547a301e31209bb9b5f780d062bf1f7,0x2f0f35765563ba038ba80ffb80d76eb6106b946a,,2026-08-12T21:39:45,large_mint_to_sender;privileged_execution_context;high_gas_used_context;contract_creation_context,0x60806040,true
25739180,0x11a7bdef6b0d321fbeadff6c2cc895e2a096194128e16a4f5ca59d88be1a3d31,0xfabab546e33dcdc1c7c5e1e41085f5cd0c2c9ec2,0x0000000000000068f116a894984e2db1123eb395,2026-08-12T21:39:47,complex_trace;high_gas_used_context,0x87201b41,false
25739180,0x237018f126369555fc8efafd7d1fc063b834c76830f3a79164f1531b9c95da4f,0x41d209d275027e3dcf5ddc4d0c30cd6c6ece1ffd,0x91ff8bbd8ebb07893010d50a48a1609e5ebd8e34,2026-08-12T21:39:47,complex_trace;high_gas_used_context,0x069d1525,false
25739180,0x6540a9cf7e1d677bc6c3ad101648e1eb32e2bef64cc52bb5dea6dd78f3968cd0,0xe9fce949e03ed55426471dbdb33847a248a83573,0x91ff8bbd8ebb07893010d50a48a1609e5ebd8e34,2026-08-12T21:39:47,complex_trace;high_gas_used_context,0x069d1525,false
25739180,0x686717fe115cc0b205c3cdae103a4c71aadd896c149b910df367ceea535e6f99,0x6572d9dbd1e4a1a1a81760dcc4310269b59950c7,0x91ff8bbd8ebb07893010d50a48a1609e5ebd8e34,2026-08-12T21:39:47,complex_trace;high_gas_used_context,0x069d1525,false
25739180,0x7d2be2e79cf6ae7575c8ae861960224b501d9e366ea0596e92c01a2e913b2247,0x43370368dccceb147c89d1d78f14589225220290,0x4337084d9e255ff0702461cf8895ce9e3b5ff108,2026-08-12T21:39:47,large_erc20_asset_flow,0x765e827f,true
25739180,0xbec9face19a72086a94dc55d005db7d8e7a815fa84223056c550f76bd25c4bc6,0x61193d978c9ce5ba69293da96a56113be8de981c,0x91ff8bbd8ebb07893010d50a48a1609e5ebd8e34,2026-08-12T21:39:47,complex_trace;high_gas_used_context,0x069d1525,false
25739180,0xd85cd9462bb3ecf1576cd40784b7652bd3120e5fb35e7c757df246e83004cb1e,0x1e060fb7847ab8de0e05e898c16714c9dcc9de6d,0x91ff8bbd8ebb07893010d50a48a1609e5ebd8e34,2026-08-12T21:39:47,complex_trace;high_gas_used_context,0x069d1525,false
25739180,0xf813cb380368b1424c4cc458154d6ede75871fb5a6be544c937360f5d7236da9,0x062ce42cae04c51d04e77e3d64cc8953a2296ffe,0x8a25a24ede9482c4fc0738f99611be58f1c839ab,2026-08-12T21:39:47,large_erc20_asset_flow;complex_trace,0x6a761202,true
25739180,0xc692aa38e186df792612242aadcfd28a2d1dc0f5092b29f2b727e7fb57ca0311,0x35328cc696ea69b5d8f6b005bfc555856190180f,0x1111111254eeb25477b68fb85ed929f73a960582,2026-08-12T21:39:48,dense_internal_fund_flow,0x12aa3caf,true
25739180,0x1300a36907e90a3c38351e223ba0bd9329fac638c7cbee4ae97de6a0e9a6ba25,0x1584a8ee67789d1fe161065388657ad2f2a3c7dd,0x77eb52e44db06777bce478159f25c0d55a295314,2026-08-12T21:39:49,repeated_internal_token_drain;dense_internal_fund_flow;complex_trace;high_gas_used_context;token_activity_burst;repeated_risky_internal_calls,0xa9059cbb,true
25739180,0x71cb87640e91b93f87451df25418c9e8622b34c7d5ff2faea6d5d8bd7c46c746,0xe50fede239b079f5b180f5c39020ee05c9512171,0xee100c0405021be2ce2a263780a0f16f9fcdf35e,2026-08-12T21:39:49,dense_internal_fund_flow;complex_trace;token_activity_burst,0xa9059cbb,true
25739180,0x7ea9fcf0e5f7563c9429ff7ef3c898bcfb7de8c9ab7200fc74e9f1c0418856d7,0x4838b106fce9647bdf1e7877bf73ce8b0bad5f97,0xfeeeeee44046c3f61a8cc081e0918ef0de0a7ffc,2026-08-12T21:39:51,selfdestruct_context,0x6a7c733b,true
25739181,0x1060c898dd1ab0c025b8cce45995ed13269c690877a99d9117a76617dc2cf858,0xe981319e1c5f23b200086cdddc517a75dbba36aa,0x0000000000001ff3684f28c67538d4d072c22734,2026-08-12T21:40:03,dense_internal_fund_flow,0x2213bc0b,true
25739181,0x47ccab2a4eba7b652a90cd6c0ffa9c5c4911d7152fbd9f0d7dbf8ef4bb41389d,0xae2fc483527b8ef99eb5d9b44875f005ba1fae13,0x1f2f10d1c40777ae1da742455c65828ff36df387,2026-08-12T21:40:03,dense_internal_fund_flow;large_erc20_asset_flow,0x2b60e6ff,true
25739181,0x606454408f4dc24e5b577016cc78bd97907beadc74402280517bc025e70eee12,0x7830c87c02e56aff27fa8ab1241711331fa86f43,0xa9d1e08c7793af67e9d92fe308d5697fb81d3e43,2026-08-12T21:40:03,dense_internal_fund_flow,0x1a1da075,true
25739181,0x5759315653cb807ad680c8d320c234cf9aa58eb79e4156cf98b313d83f492d3b,0x7f56302966ef91afb0d7baddc92b793efa8da7d9,0x91ff8bbd8ebb07893010d50a48a1609e5ebd8e34,2026-08-12T21:40:04,complex_trace;high_gas_used_context,0x069d1525,false
25739181,0x8ab7813154a59fd03718771ebd7bab156f59b3c783b86da96aafecce22518296,0x72663ec3f3dcf59beff5d20594fd5777e05d9c17,0x91ff8bbd8ebb07893010d50a48a1609e5ebd8e34,2026-08-12T21:40:04,complex_trace;high_gas_used_context,0x069d1525,false
25739181,0xc33126797548c62cce023cbb37c6cb3c625624ece630ca78f14e2b31f5af29e3,0x8da3547931fee5f11c8ed8efc5766cb5d1dbdab4,0xdee50018dfddac5d03ebd27cfd7e425bb54e1571,2026-08-12T21:40:04,large_erc20_asset_flow;complex_trace,0x6a761202,true
25739181,0xe16983970de344ab6b643069a9c023f0617be3bca72308c23b15131b47471ef1,0x64b9edd67c96c76bc3f9472c5a9e83547cfd4380,0x91ff8bbd8ebb07893010d50a48a1609e5ebd8e34,2026-08-12T21:40:04,complex_trace;high_gas_used_context,0x069d1525,false
25739181,0x9b8fbbac71e8a826adbb6596e960f222a0e9453119948d9a06515e1256a48ff5,0x4838b106fce9647bdf1e7877bf73ce8b0bad5f97,0xfeeeeee44046c3f61a8cc081e0918ef0de0a7ffc,2026-08-12T21:40:05,selfdestruct_context,0x6a7c7347,true
25739181,0xba07ff8c6eaa07734881f810a768ba953f45bbfabef9d25a3f4e1d55eb867533,0x0b6dcfbab5e90831750505e3c955b3b8300d53e3,0x8931ae11800eef5c3e2046f9dcb5b0e98579c495,2026-08-12T21:40:06,complex_trace;high_gas_used_context;token_activity_burst,0x2afaca20,false
25739181,0xd0896efef55abe391ea6369c4417405c92b3395dccd8a46957cb4377cc3ef445,0x4838b106fce9647bdf1e7877bf73ce8b0bad5f97,0xfeeeeee44046c3f61a8cc081e0918ef0de0a7ffc,2026-08-12T21:40:06,selfdestruct_context,0x6a7c7347,true
25739182,0xf7a906b7d37daec739dca8052111a7c2633b9845b860c9fc005c66ee45bf5763,0xc6acbee42e9e323140c1ed060c2f6ea9cc3b4b75,0x7c5a71c9fefbc7691f9d4ac7baf70c743792f716,2026-08-12T21:40:13,selfdestruct_context,0xf3fef3a3,true
25739182,0x72a34b98654fdc02abe8c3809084ad58b1311b169ca4ca0f7a03a0c53f2bde10,0xf52d162e234fc794720703615e0a1db08c81ef6b,0x1231deb6f5749ef6ce6943a275a1d3e7486f4eae,2026-08-12T21:40:18,dense_internal_fund_flow;complex_trace,0x80c65808,true
25739182,0x9ad4185f2b762134c905659bbd760388405cb7eb4b3527da7ac7a7cec7fee1cb,0x1584a8ee67789d1fe161065388657ad2f2a3c7dd,0x77eb52e44db06777bce478159f25c0d55a295314,2026-08-12T21:40:18,repeated_internal_token_drain;dense_internal_fund_flow;complex_trace;high_gas_used_context;token_activity_burst;repeated_risky_internal_calls,0xa9059cbb,true
25739182,0xf5e56e6de84072674e6c8751a90525db9f7947d1393a92c59af3948ae6cb6895,0x0f6d91fbafa15c3f20e72a4cbf16ed65dd96323d,0x91ff8bbd8ebb07893010d50a48a1609e5ebd8e34,2026-08-12T21:40:18,complex_trace;high_gas_used_context,0x069d1525,false
25739183,0x2c6413abeb7a6abcdab9e71ac8f03cf6f5db9bc4dee03adbc47d92ee4e9ce085,0x20011fa1a83bba9c8357f852ec667d8439a7da4a,0x111111125421ca6dc452d289314280a0f8842a65,2026-08-12T21:40:31,dense_internal_fund_flow;large_erc20_asset_flow;complex_trace,0x07ed2379,true
25739183,0x224579c87608159747dfb58350fe07267094c3099253d5945bb5ccf9076ea1cf,0x43b2f01186fda9814c5f40770554ac68fd8304bd,0xc855882b1bcbd844cb6f1743d54c5516f4365faa,2026-08-12T21:40:32,dense_internal_fund_flow;token_activity_burst,0x7111a994,true
25739183,0x25f445a2c23b7d3525793936c607e52b8a132c54e5b35935892c1a39e255003a,0xde992badd92adaf9146255e9bde6a70770973664,0x3d0f22bf11636cc9cb129e2b261eed35a487455c,2026-08-12T21:40:32,complex_trace;high_gas_used_context,0xa9059cbb,false
25739183,0x4413f4d1f57ca10d6a0bc12bc3a616132037c4adb58a48057d38d76b82a66343,0xf70da97812cb96acdf810712aa562db8dfa3dbef,0xc026395860db2d07ee33e05fe50ed7bd583189c7,2026-08-12T21:40:33,large_erc20_asset_flow;complex_trace,0xc7c7f5b3,true
25739183,0x366a6409d8ed5d8cca41ab534861ab510a7a6e8f4489c8a5b20cc1d52cfe8a00,0x80d04079ffc53eb14edbeeb37279d126f45552df,0xff9e96e75390a90db7a4d71389f841718f1a069f,2026-08-12T21:40:34,repeated_internal_token_drain;dense_internal_fund_flow;complex_trace;high_gas_used_context;token_activity_burst;repeated_risky_internal_calls,0x8aaa8f3b,true
25739183,0x3b26c844972fa9d37dfdbe99bd277a1680ab16cc4dcd345011019dda91ec1051,0x7b49bc3ebbdf7322f31c6449320382bbec3be1b6,0xad3b67bca8935cb510c8d18bd45f0b94f54a968f,2026-08-12T21:40:34,complex_trace;high_gas_used_context;token_activity_burst;approval_burst,0x146ee74d,false
25739183,0x0c71ce61758eb8c390e4993ba2d69fb20bb41ae87c36cf2dc9c43515ef1d89d1,0x4838b106fce9647bdf1e7877bf73ce8b0bad5f97,0xfeeeeee44046c3f61a8cc081e0918ef0de0a7ffc,2026-08-12T21:40:35,selfdestruct_context,0x6a7c735f,true
25739183,0xe13cd5900a12a5958f0a9c4fe13e8202aaef0d83658c8a81628f470467fe9e9c,0x5780c07e8de5bfc0502fa08c28b6558d57a6d34d,0x28b1dc1a5e3699a428bc51d234dfab7c9cb2a183,2026-08-12T21:40:35,complex_trace;high_gas_used_context;token_activity_burst,0xf2c42696,true
25739184,0x22a059f0debb317d2fc3d5f64a0c21d7951c5681e5cd6c8092bd36d63fa14bda,0xf07b4d27cae6571857e51ab3fb209f5226de2d88,0x06cff7088619c7178f5e14f0b119458d08d2f5ef,2026-08-12T21:40:43,dense_internal_fund_flow;complex_trace,0x99999999,true
25739184,0x770cf2d6ded49ff80e6290f74ad2a123bb3368040c18f45eb7e50d171547da02,0xe52d92ce2cfff2edf81ea8bf0b7e840588e26999,0xb4769e9c5be31199a25ecd1b0c6609183fa72521,2026-08-12T21:40:44,large_erc20_asset_flow;complex_trace;high_gas_used_context;token_activity_burst,0xa11b1198,true
25739184,0xdbdd139a619c41cf9ebc6651047e831a1c19dca5d792d2d59550d70805dbcd98,0x7830c87c02e56aff27fa8ab1241711331fa86f43,0xa9d1e08c7793af67e9d92fe308d5697fb81d3e43,2026-08-12T21:40:44,large_erc20_asset_flow;token_activity_burst,0xca350aa6,true
25739184,0x01b4298c72640063cd9a522db74c60369907511d2f79c34ff97489062601d622,0xee9535a8a408e13acc8b65cf4163257af240e39e,0x889edc2edab5f40e902b864ad4d7ade8e412f9b1,2026-08-12T21:40:45,dense_internal_fund_flow,0xe3afe0a3,true
25739184,0x2e1219777bc0691b79627cdd28dadcbe728084fa5f74a8caff01351a2377c647,0x59aab1bd0d26290274398c07b55955c15425e16b,0x00fe78205f5f0e63b8ad2b2ae5337f538a610e04,2026-08-12T21:40:46,complex_trace;high_gas_used_context;token_activity_burst,0x34fcd5be,false
25739184,0xf72d466b937923b1e69b9a512c63f0af4f94f036925f5c3acffdc5d154a91275,0x161643f280b09be8e0271eef8efc6c264d125003,0xece3541b96f401268bdbf36d0c698325c4653610,2026-08-12T21:40:46,dense_internal_fund_flow;token_activity_burst,0xa9059cbb,true
25739185,0x520e8ecc5c5f8e7d9ef7568bbea909c644eb6be7cf8b1c4598d6b7539a7d427c,0x1fb443c35ca039edfe7a4d43f676d8815ced4d5d,0x06fd4eb2f2def33c1820444981b81c96f45df0fb,2026-08-12T21:40:59,large_erc20_asset_flow;complex_trace,0xd0f2d8ac,true
25739185,0xf1ebc15096d43695a1c3d232802f7747cfe1748ba3c4ff332291150c40252314,0x9d3c73222f2a4c0f9ced848d669393340db7d623,0x0000000000001ff3684f28c67538d4d072c22734,2026-08-12T21:40:59,large_erc20_asset_flow;complex_trace,0x2213bc0b,true
25739185,0x76ad2bbb2fa6a80a268f17f37b9f037edbfe08a0b76d2550f1b12234367e9db2,0xe99bd1c2dd70cd58e5efd47887991700e7318ce2,0xad3b67bca8935cb510c8d18bd45f0b94f54a968f,2026-08-12T21:41:00,complex_trace;high_gas_used_context;token_activity_burst;approval_burst,0x146ee74d,false
25739185,0xec7562012557b09d097c972210916d506f0738dd678b5b65538a091fb8273d77,0xaade20c9578063ac7fd1c32292fef55e5eb13dd4,0x4ef6900770bc0042bbfc408c90142fd2f6d63103,2026-08-12T21:41:01,dense_internal_fund_flow,0x1cff79cd,true
25739185,0x16319016c351c13c9c71fb3e4cbf942e8c10bf26c38fcd6f176d6fea3e089500,0x09167b592b68a5cdf39bb4c1881b1025aee9e3e8,0x0000000000000068f116a894984e2db1123eb395,2026-08-12T21:41:03,complex_trace;high_gas_used_context;token_activity_burst,0x87201b41,false
25739185,0x49ee68705e0b24b5eaddca3a0f5d23932be78a0efa7564ac5f02c292c2f6dd21,0x1584a8ee67789d1fe161065388657ad2f2a3c7dd,0x77eb52e44db06777bce478159f25c0d55a295314,2026-08-12T21:41:05,repeated_internal_token_drain;dense_internal_fund_flow;complex_trace;high_gas_used_context;token_activity_burst;repeated_risky_internal_calls,0xa9059cbb,true
25739185,0x791b3ad47aa3213672cac429afea099c313788e21632467417c74e863bb31980,0x4838b106fce9647bdf1e7877bf73ce8b0bad5f97,0xfeeeeee44046c3f61a8cc081e0918ef0de0a7ffc,2026-08-12T21:41:05,selfdestruct_context,0x6a7c7377,true
25739185,0xf3c8f93f3edf40e4c0aaae76bdf26b3035870279c860016d7b033cd432a4efc2,0x0fbdd6ec06a2ef26197b0bb3b7211bff682bf924,0x00b19a5200a100e5fc4c9800772f4d002f218400,2026-08-12T21:41:05,privileged_execution_context,0x7e734c5a,false
25739186,0x06ac51e0593818733421e7882543412e24619d3ff344c6ddbb3237e7b20cb1d2,0x4838b106fce9647bdf1e7877bf73ce8b0bad5f97,0xfeeeeee44046c3f61a8cc081e0918ef0de0a7ffc,2026-08-12T21:41:11,selfdestruct_context,0x6a7c7383,true
25739186,0x23c4551e58d1dd69f61b98971221dc0e9df47e741f6f10b49ea3df63ec20b272,0x4838b106fce9647bdf1e7877bf73ce8b0bad5f97,0xfeeeeee44046c3f61a8cc081e0918ef0de0a7ffc,2026-08-12T21:41:11,selfdestruct_context,0x6a7c7383,true
25739186,0x5b03d92b9dca2f0607c68beb111cdbe77f8e6029c8f8b1fc497440380e3fd53d,0x4838b106fce9647bdf1e7877bf73ce8b0bad5f97,0xfeeeeee44046c3f61a8cc081e0918ef0de0a7ffc,2026-08-12T21:41:11,selfdestruct_context,0x6a7c7383,true
25739186,0x6280ce041698c4f93a37901bb8faee8b43885c708dea17704ccbccd4abc8b756,0x4838b106fce9647bdf1e7877bf73ce8b0bad5f97,0xfeeeeee44046c3f61a8cc081e0918ef0de0a7ffc,2026-08-12T21:41:11,selfdestruct_context,0x6a7c7383,true
25739186,0x66178427addfeea0b6164c6de08c06d9dce0dcff62f53a233d65e9678aed1bb6,0x4838b106fce9647bdf1e7877bf73ce8b0bad5f97,0xfeeeeee44046c3f61a8cc081e0918ef0de0a7ffc,2026-08-12T21:41:11,selfdestruct_context,0x6a7c7383,true
25739186,0x889b6238dc13bd0294d167e4bd1b541fe5a11dc23e67d03f1befab055bd1e824,0x4838b106fce9647bdf1e7877bf73ce8b0bad5f97,0xfeeeeee44046c3f61a8cc081e0918ef0de0a7ffc,2026-08-12T21:41:11,selfdestruct_context,0x6a7c7383,true
25739186,0xa280f45d9c177238a1edd38f2229ae12a2a01d4822788733360da5c90b1a69d3,0x4838b106fce9647bdf1e7877bf73ce8b0bad5f97,0xfeeeeee44046c3f61a8cc081e0918ef0de0a7ffc,2026-08-12T21:41:11,selfdestruct_context,0x6a7c7383,true
25739186,0xf18e40e174cd614bfc9aaf786277bcf5de01d7e10aae896d57f3de7c914a1540,0x4838b106fce9647bdf1e7877bf73ce8b0bad5f97,0xfeeeeee44046c3f61a8cc081e0918ef0de0a7ffc,2026-08-12T21:41:11,selfdestruct_context,0x6a7c7383,true
25739186,0xfcbb33329b9dc5a83cccd8497c591f9656821f622d2e3a88d96a6a2964f6b814,0x4838b106fce9647bdf1e7877bf73ce8b0bad5f97,0xfeeeeee44046c3f61a8cc081e0918ef0de0a7ffc,2026-08-12T21:41:11,selfdestruct_context,0x6a7c7383,true
25739186,0x26ca592338c537d188c5701943b632f6399164420d5eb9c22c9f69fdf58c0ecb,0x4838b106fce9647bdf1e7877bf73ce8b0bad5f97,0xfeeeeee44046c3f61a8cc081e0918ef0de0a7ffc,2026-08-12T21:41:12,selfdestruct_context,0x6a7c7383,true
25739186,0x85f03d64776c511f4c0d57ef45b98a372e08d37d0200909feefaf0e63926d199,0x59aab1bd0d26290274398c07b55955c15425e16b,0x00fe78205f5f0e63b8ad2b2ae5337f538a610e04,2026-08-12T21:41:12,complex_trace;high_gas_used_context,0x34fcd5be,false
25739186,0x88466b747a3f2f90fbca43c0e4a45aa895ea54393003865ae9e7b3748658c90a,0xbeebdeada7eb5bbb16bc0144e489be48a2081505,0xbeef02961503351625926ea9a11ae13b29f5c555,2026-08-12T21:41:12,large_erc20_asset_flow;complex_trace,0x64f5e9e7,true
25739186,0x8d6c57dfe8020e7cd3cd409a77b9ec833b634c3dfde4f20b52b22c3b0d1a14d6,0x9fc3da866e7df3a1c57ade1a97c9f00a70f010c8,0xfeeeeee44046c3f61a8cc081e0918ef0de0a7ffc,2026-08-12T21:41:12,selfdestruct_context,0x6a7c7383,true
25739187,0x3d19b54ece6db61c2049d0dda807f412067ee9c71ea877e2916e9a3b86b1ea72,0x7b49bc3ebbdf7322f31c6449320382bbec3be1b6,0xad3b67bca8935cb510c8d18bd45f0b94f54a968f,2026-08-12T21:41:34,complex_trace;token_activity_burst;approval_burst,0x146ee74d,false
25739187,0xa81aa2813089b2672746ea355112c0a3ed903fbf3b9fbd0ebf197a7c6ac52975,0x317c421fbb43c2ef167e80d316f282787421c9df,,2026-08-12T21:41:34,large_mint_to_sender;high_gas_used_context;contract_creation_context,0x60806040,true
25739187,0xf8278f377b71e3833f03c742db0004c6ab4f40dff40f18ca794490eb1ba30d8b,0x39419e2f124a2bff928c64494bff67bae96c83d3,0x2d5805a423d6ce771f06972ad4499f120902631a,2026-08-12T21:41:34,large_erc20_asset_flow;complex_trace,0xf497df75,true
25739187,0xc46211c2eeb58e520230c3483ec7a13f5a0ae860391f169ac6846f0956e58d01,0xd6434d157f254276d69ede3bd9fc805482206908,0x7ec8a30a34b86927dc77b302603d1d53e640bef7,2026-08-12T21:41:35,repeated_internal_token_drain;dense_internal_fund_flow;complex_trace;high_gas_used_context;token_activity_burst;approval_burst;repeated_risky_internal_calls,0xa9059cbb,true
25739187,0x19f953fa3e70f2f0f99e97ef3739e0a152f38c1ee55d81c75b13b7f73829b4fc,0xde992badd92adaf9146255e9bde6a70770973664,0x3d0f22bf11636cc9cb129e2b261eed35a487455c,2026-08-12T21:41:36,complex_trace;high_gas_used_context,0xa9059cbb,false
25739187,0x3a2f41d63096d75ef9ebecd94d4b09f173e54fb19d8d6d7a865bd6aaa91dc956,0x7830c87c02e56aff27fa8ab1241711331fa86f43,0xa9d1e08c7793af67e9d92fe308d5697fb81d3e43,2026-08-12T21:41:36,large_erc20_asset_flow;token_activity_burst,0xca350aa6,true
25739187,0xec237d8c2f1e255378433cee476a0d5a18acd14bbabaa040cb49e81a650453c0,0x250c974b073e13f9ca677798aef589ad531e1f6f,0xbc1e043c8cc9033eceda964a479cdaeff62ce033,2026-08-12T21:41:36,repeated_internal_token_drain;dense_internal_fund_flow;complex_trace;token_activity_burst;repeated_risky_internal_calls,0x91ec4f77,true
25739187,0xf5ea82e96ff7f82231cdf5e78fe9d4c97ed76e81317c815afaf6a7f8e6ad48e6,0x3ec69c24d28e9ce0e1fe0ab607e41727a5e1b64b,0x1231deb6f5749ef6ce6943a275a1d3e7486f4eae,2026-08-12T21:41:36,dense_internal_fund_flow;complex_trace,0x736eac0b,true
25739188,0x8db75384f3f9ff3d89db216feae4e3e94f1470e02206ae7b973501c70fbf86af,0x1e01767ad877dc4482961c8c533278fef5b58075,0x4691c475be804fa85f91c2d6d0adf03114de3093,2026-08-12T21:41:53,large_erc20_asset_flow,0x0efe6a8b,true
25739188,0xfba6b5c6bfcb2bb451dc613441333877f6b6b2c42d13d7689f8b45aa77973292,0xae0cc0d6e76c2b13451ab90cd13a5fa71a5c59ba,0xd226997439ecfbeff8e110c8c78c8a7eefd19f89,2026-08-12T21:41:53,large_erc20_asset_flow;complex_trace,0x99999999,true
25739188,0x7fec5a97ba801039325908d97621543dda37aff2850eca2907fa1c028826d717,0x729e0b4677ba618ec08f7bad11893ff8f3832ee3,0x8931ae11800eef5c3e2046f9dcb5b0e98579c495,2026-08-12T21:41:54,complex_trace;high_gas_used_context;token_activity_burst,0x2afaca20,false
25739188,0xedbc5de64251edc97c36e790cde2cffa0e103eb9237b4d3d628e2053219e23cd,0x09cfee647fa339133380191c8db6b44f24500c9d,0x77b85afbcd336993ac1c65057531c5a5b33b76b8,2026-08-12T21:41:54,high_gas_used_context;token_activity_burst,0xa9059cbb,false
25739189,0x4b499646b7dec85db0d80583657def16432a08ebbd0a723ecc5895688bfa7871,0xde992badd92adaf9146255e9bde6a70770973664,0x3d0f22bf11636cc9cb129e2b261eed35a487455c,2026-08-12T21:41:58,complex_trace;high_gas_used_context,0xa9059cbb,false
25739189,0xcc651850328f95de770946afbf95dc356a5394143c6adf5c9f16479f31330a61,0xde992badd92adaf9146255e9bde6a70770973664,0x3d0f22bf11636cc9cb129e2b261eed35a487455c,2026-08-12T21:41:58,complex_trace;high_gas_used_context,0xa9059cbb,false
25739190,0x8d270506df3a11280ddb7d854c13d81014a45c011b8eb0df54fd5e5a5058acc4,0xc6acbee42e9e323140c1ed060c2f6ea9cc3b4b75,0x7c5a71c9fefbc7691f9d4ac7baf70c743792f716,2026-08-12T21:42:06,selfdestruct_context,0xf3fef3a3,false
25739190,0x207759cf74e8f3c10ea64f0acd06de4335e34dcaa2f69be109a21c5807e946c9,0xa5a5491bca93dd4c076e4906e79e7673f4a5a142,0xccc88a9d1b4ed6b0eaba998850414b24f1c315be,2026-08-12T21:42:07,dense_internal_fund_flow;complex_trace,0x0a2b8f36,true
25739190,0x13e9c756fff64433bb2d046dd9c58f9895e3c45b00d5ced59c430ae2717a5ed2,0x2c4aeff11a0c0e1973cae3809b145d35798c6521,0x91ff8bbd8ebb07893010d50a48a1609e5ebd8e34,2026-08-12T21:42:08,complex_trace;high_gas_used_context,0x069d1525,false
25739190,0x54740c16f9e986ade1a59c1a3ce82a92386d318f0716828ea16b2cb03f503221,0x43b2f01186fda9814c5f40770554ac68fd8304bd,0x7cd9fdda6eedb56fae9c5a50fe07360a46cd9885,2026-08-12T21:42:08,dense_internal_fund_flow;token_activity_burst,0x7111a994,true
25739191,0x60bd32397ac8c4ba008c216d02c35fc45b1b8be463654e71abf494d62ff42469,0xd99ac0681b904991169a4f398b9043781adbe0c3,0x5523985926aa12ba58dc5ad00ddca99678d7227e,2026-08-12T21:42:41,large_erc20_asset_flow;complex_trace,0x84d61c97,true
25739191,0x6940cf995560bd25ae2af75b4d5f25f4be71824f637d4c2b223b095debdc59d2,0x11b6f1c32a723f75f20b6e4e20f99ca0151892c4,0xc36442b4a4522e871399cd717abdd847ab11fe88,2026-08-12T21:42:41,large_erc20_profit_to_sender;large_erc20_asset_flow,0xac9650d8,true
25739191,0x975ddfaa660616a1cc1a7e2d0824dd0f08c43bf1c25ab4ab318f413f871a3a69,0x78b1094269465e61b08fe6040db5cb754e85a159,0x66a9893cc07d91d95644aedd05d03f95e1dba8af,2026-08-12T21:42:41,dense_internal_fund_flow;complex_trace,0x3593564c,true
25739191,0xb8f1cf391a970dd1b9fd358fb0067e106dd7626b0a168c3a03e9087f874b9661,0x7830c87c02e56aff27fa8ab1241711331fa86f43,0xa9d1e08c7793af67e9d92fe308d5697fb81d3e43,2026-08-12T21:42:41,large_erc20_asset_flow,0xca350aa6,true
25739191,0x1a77be3e6f0fd6f0b543cb13dfa222a16f444a84575ec9ac2516aa1807d33abc,0x4838b106fce9647bdf1e7877bf73ce8b0bad5f97,0xfeeeeee44046c3f61a8cc081e0918ef0de0a7ffc,2026-08-12T21:42:42,selfdestruct_context,0x6a7c73bf,true
25739191,0x726b03bdadc02a9e84a63359bf700f261fb6fedcae856ef797d05c0c432ddbff,0xd6434d157f254276d69ede3bd9fc805482206908,0x7ec8a30a34b86927dc77b302603d1d53e640bef7,2026-08-12T21:42:42,repeated_internal_token_drain;dense_internal_fund_flow;complex_trace;high_gas_used_context;token_activity_burst;repeated_risky_internal_calls,0xa9059cbb,true
25739191,0x8b41a65c37c0a2c2956d284fb7ee5fdd1abc7238103b72af0cff8ae99b34c4db,0x1584a8ee67789d1fe161065388657ad2f2a3c7dd,0x77eb52e44db06777bce478159f25c0d55a295314,2026-08-12T21:42:42,repeated_internal_token_drain;dense_internal_fund_flow;complex_trace;token_activity_burst;repeated_risky_internal_calls,0xa9059cbb,true
25739191,0xca75062450b1a1707aadc2a08082559c42fa62abee6e9c0ee3be930b1d3d55b4,0xe91bcae4a2d7b951304695f93cf1b9a1837cfe43,0x7ec8a30a34b86927dc77b302603d1d53e640bef7,2026-08-12T21:42:42,repeated_internal_token_drain;dense_internal_fund_flow;complex_trace;high_gas_used_context;token_activity_burst;repeated_risky_internal_calls,0xa9059cbb,true
25739191,0x176bf59db9b99b91ab37a8b2c1058dd97d1322397288c0a5c6aedc069f4065aa,0x59aab1bd0d26290274398c07b55955c15425e16b,0x00fe78205f5f0e63b8ad2b2ae5337f538a610e04,2026-08-12T21:42:43,complex_trace;high_gas_used_context,0x34fcd5be,false
25739191,0xef8c4fd2908712ee5ad9169c468e55d4b8e2a0731c3a84fd7acf3c675a7eeb2a,0x59aab1bd0d26290274398c07b55955c15425e16b,0x00fe78205f5f0e63b8ad2b2ae5337f538a610e04,2026-08-12T21:42:43,complex_trace;high_gas_used_context,0x34fcd5be,false
25739191,0x4e4a158e0ee38aa824ebca09af13d851ad325e11a016790faee646f890526327,0x4838b106fce9647bdf1e7877bf73ce8b0bad5f97,0xfeeeeee44046c3f61a8cc081e0918ef0de0a7ffc,2026-08-12T21:42:44,selfdestruct_context,0x6a7c73bf,true
25739193,0x3c136c06ebfe183e6b639ea21c62a32a98651816a0c53cfacff00ef377c9f1ae,0x4838b106fce9647bdf1e7877bf73ce8b0bad5f97,0xfeeeeee44046c3f61a8cc081e0918ef0de0a7ffc,2026-08-12T21:42:58,selfdestruct_context,0x6a7c73d7,true
25739193,0x8effee21e2b3613cc0154535e2ab2ae33a33ead6ed8bd51a77697cf38a11ce39,0xae2fc483527b8ef99eb5d9b44875f005ba1fae13,0x1f2f10d1c40777ae1da742455c65828ff36df387,2026-08-12T21:42:58,dense_internal_fund_flow,0x2bd0bd21,true
25739193,0xed3f7a8cf0545e328f573102a2d2374664a9c3086e8008f6e221c817bd002d6b,0xae2fc483527b8ef99eb5d9b44875f005ba1fae13,0x1f2f10d1c40777ae1da742455c65828ff36df387,2026-08-12T21:42:58,dense_internal_fund_flow;complex_trace,0x2bad1c01,true
25739193,0x4f76be0f63fb8fafccfedb58e05db5a746a822f0c533defe595cb281d2273254,0xe99bd1c2dd70cd58e5efd47887991700e7318ce2,0xad3b67bca8935cb510c8d18bd45f0b94f54a968f,2026-08-12T21:42:59,complex_trace;high_gas_used_context;token_activity_burst;approval_burst,0x146ee74d,false
25739193,0x58c79dcda957ca23108d9aefc868349bc197fd1f09fa8f2371fc07fc2b20944b,0x1e01767ad877dc4482961c8c533278fef5b58075,0x0000000000001ff3684f28c67538d4d072c22734,2026-08-12T21:42:59,large_erc20_asset_flow;complex_trace,0x2213bc0b,true
25739193,0x1e53cb4f836593864ef9d6388bd400213258003558f2d4adbfd927a2369410ac,0x56c262027e0de4aea31d2489529cb25d23e58a8b,0xca11bde05977b3631167028862be2a173976ca11,2026-08-12T21:43:02,dense_internal_fund_flow;complex_trace,0x174dea71,true
25739193,0x8e139cd1652c2c40805fa3693a25f939edd0df4b8b47bac7971e20853c6d967e,0x1584a8ee67789d1fe161065388657ad2f2a3c7dd,0x77eb52e44db06777bce478159f25c0d55a295314,2026-08-12T21:43:05,repeated_internal_token_drain;dense_internal_fund_flow;complex_trace;token_activity_burst;repeated_risky_internal_calls,0xa9059cbb,true
25739193,0xbe5b56ed93c454155affe122b34907441ea182689aae83ba6a74ab0690472529,0xa68e1fd6dc5fadbf7a42ddf4e60c1a9f9963ebde,0x0000000000000068f116a894984e2db1123eb395,2026-08-12T21:43:06,complex_trace;high_gas_used_context,0x87201b41,false
25739193,0xc50fa0c0d45612da0cb358a00a6782e3b1f946ec7b28ad5b90d70e5768a6ecde,0x4838b106fce9647bdf1e7877bf73ce8b0bad5f97,0xfeeeeee44046c3f61a8cc081e0918ef0de0a7ffc,2026-08-12T21:43:06,selfdestruct_context,0x6a7c73d7,true
25739194,0x47e7f26de0892771c4d55837c70f52e87303c1e6807fb5726bfbbc2f52adce4c,0x80d04079ffc53eb14edbeeb37279d126f45552df,0xff9e96e75390a90db7a4d71389f841718f1a069f,2026-08-12T21:43:21,repeated_internal_token_drain;dense_internal_fund_flow;complex_trace;token_activity_burst;repeated_risky_internal_calls,0x8aaa8f3b,true
25739194,0x5cc55dcad4949dabb7d5ed5057d996672c0dea559ae533ce4e020b401c6db55a,0xfb5e703dae21c594246f0311ae0361d1dfe250b1,0xf4e147db314947fc1275a8cbb6cde48c510cd8cf,2026-08-12T21:43:21,privileged_execution_context,0x760d0f9d,false
25739194,0xd3866e7a268704ae4e073ee06af43e749301360a3446ea87b46fb1675ab02253,0xd6c757043e7d59088969b188923c62fa960afe9b,0x6a000f20005980200259b80c5102003040001068,2026-08-12T21:43:21,large_erc20_asset_flow;complex_trace,0xe3ead59e,true
25739195,0x30af03362f4265537d5f243f100a4f2166b0ec252b4f9da54c4954bd99215d20,0x7b49bc3ebbdf7322f31c6449320382bbec3be1b6,0xad3b67bca8935cb510c8d18bd45f0b94f54a968f,2026-08-12T21:43:38,complex_trace;high_gas_used_context;token_activity_burst;approval_burst,0x146ee74d,false
25739195,0x4ee50c90d8c6be56acea047c6fda24f1355f8b6140c67575493894849db38c6f,0xca7ded7e4f4ba8ab3b10009236ae6d1b95094589,0xb92fe925dc43a0ecde6c8b1a2709c170ec4fff4f,2026-08-12T21:43:38,dense_internal_fund_flow;complex_trace,0xcd6e13f7,true
25739195,0xd51a567abe5b911e20d0f5a1e95fdec59328be3cff93b487ac720189d308d0a3,0xa67d7eb4dc68fa6ce8e34ef8cadaf075b9893fbb,0xca11bde05977b3631167028862be2a173976ca11,2026-08-12T21:43:38,dense_internal_fund_flow;complex_trace,0x174dea71,true
25739195,0xfc2d97b68a486173f5cef5280c08487da9d156d3c2eb22222a8b74a27793ff53,0xced372d2dc756fdedf12b8b6bf4efa794af917a7,0x1921e0ff550c09066edd4df05d304151c45e77de,2026-08-12T21:43:39,large_erc20_asset_flow;complex_trace,0x13d79a0b,true
25739195,0x4d248a29542c52c46119c6bc53a62771c42aee95394ceaa642a1f2d21126a749,0x77b35947d508012589a91ca4c9d168824376cc7d,0xca11bde05977b3631167028862be2a173976ca11,2026-08-12T21:43:40,dense_internal_fund_flow,0x252dba42,true
25739195,0x58ef3a37d94784d2c833f819d8dc4710b59405f5633b9bcb4ddcc94fbf73966c,0x09cfee647fa339133380191c8db6b44f24500c9d,0x77b85afbcd336993ac1c65057531c5a5b33b76b8,2026-08-12T21:43:40,high_gas_used_context;token_activity_burst,0xa9059cbb,false
25739195,0x773f1bc86b5170b5ce736a6e8cfe913bbbdfb4fee0ef0dea9ffedd4906a54e67,0x59aab1bd0d26290274398c07b55955c15425e16b,0x00fe78205f5f0e63b8ad2b2ae5337f538a610e04,2026-08-12T21:43:40,complex_trace;high_gas_used_context;token_activity_burst,0x34fcd5be,false
25739195,0x936e82e729c8039ae114b47cf27afbeae7074c7b0814981bc69b498eb0af4c11,0x3a0aed8732131ff06f0f6238343e56f72895b79b,0x0000000000c2d145a2526bd8c716263bfebe1a72,2026-08-12T21:43:40,high_gas_used_context;token_activity_burst,0x32389b71,false
25739195,0xddec663e2504027b4a26f3c9df2c9e229541e1830992c12d4af7a69c3846a6f7,0x59aab1bd0d26290274398c07b55955c15425e16b,0x00fe78205f5f0e63b8ad2b2ae5337f538a610e04,2026-08-12T21:43:40,complex_trace;high_gas_used_context,0x34fcd5be,false
25739195,0xf1df103e089a5d5c3a7af21d81d93a76430a46d114b4cc2a6c4363e5958beba3,0x1e01767ad877dc4482961c8c533278fef5b58075,0x4691c475be804fa85f91c2d6d0adf03114de3093,2026-08-12T21:43:40,large_erc20_asset_flow,0x0efe6a8b,true
25739196,0x17b47f71902b7a2354d2134d75e5f6ef0fbd8597672e14055ca522a4f05df31a,0xc6acbee42e9e323140c1ed060c2f6ea9cc3b4b75,0x7c5a71c9fefbc7691f9d4ac7baf70c743792f716,2026-08-12T21:43:53,selfdestruct_context,0xf3fef3a3,false
25739196,0x2cbc95a6bb52bdac27ed5e37947adcec733cbb9acb51234917bb57e0a7286416,0x7830c87c02e56aff27fa8ab1241711331fa86f43,0xa9d1e08c7793af67e9d92fe308d5697fb81d3e43,2026-08-12T21:43:53,dense_internal_fund_flow,0x1a1da075,true
25739196,0x4b7d8fcf87f08f50ca41fca8cbfbad33ed3be0517ea867f42cbf5ad4b2110adf,0x250c974b073e13f9ca677798aef589ad531e1f6f,0xbc1e043c8cc9033eceda964a479cdaeff62ce033,2026-08-12T21:43:53,repeated_internal_token_drain;dense_internal_fund_flow;complex_trace;token_activity_burst;repeated_risky_internal_calls,0x91ec4f77,true
25739196,0x4ff716f3b0183c36ccd302bea3d7a4328261b69c4e2e998e422d2a8c9a4369d7,0xde7a849216aa3884d53d84ecb02c19eb67e5dae2,0x7d9f4ca54131e588fc1fe577973b55fb11231e76,2026-08-12T21:43:53,repeated_internal_token_drain;dense_internal_fund_flow;complex_trace;high_gas_used_context;token_activity_burst;repeated_risky_internal_calls,0x6aac3a0b,true
25739196,0x69884dfc3504691b8ec237c13f0a06d4efe02830a6ed467c326e1b76a1d8e16e,0x70daa14ba6e7691815b10ff27bef779ca94de823,0x0000000000000068f116a894984e2db1123eb395,2026-08-12T21:43:54,complex_trace;token_activity_burst,0x87201b41,false
25739196,0x77e2a3482ea76184e22143131f7f2b5214a7f8e1d8e1fb3a3b7ff4d045935a5b,0xde992badd92adaf9146255e9bde6a70770973664,0x3d0f22bf11636cc9cb129e2b261eed35a487455c,2026-08-12T21:43:54,complex_trace;high_gas_used_context,0xa9059cbb,false
25739196,0xda4f0f9f9c7cb250e74df115ea753a8d0487945dd870c2db1a9f92b19d8720e6,0x4838b106fce9647bdf1e7877bf73ce8b0bad5f97,0xfeeeeee44046c3f61a8cc081e0918ef0de0a7ffc,2026-08-12T21:43:54,selfdestruct_context,0x6a7c73fb,true
25739196,0xffc2e8a7eb93cf22bfc0ec01a1903666455dd2916d14cd3f7192d349f7c955ee,0x936932c42fc737ac03ce35aee2be38e5ad94226d,0xe68ab4f90fe026b9873f5f276ed2d7efbbbe42be,2026-08-12T21:43:54,dense_internal_fund_flow,0x614b3341,true
25739197,0xc45bd0a0435d8dcad80790de31ec4f5c4d2da6ac606525fbe293ed4cd27de57e,0xe2da046340e00264c4f0443243a0565007ae08ac,0xe85bc6df4bce507fc789bcbefd6471abe5b93df2,2026-08-12T21:44:06,complex_trace;high_gas_used_context,0x380db829,false
25739197,0xc67b4cf85ae6927b852105a2e1f5ed2a2c26f9c42ae8faf03383fcb3d4041e61,0xe2da046340e00264c4f0443243a0565007ae08ac,0xa6d85f3b3be6ff6dc52c3aabe9a35d0ce252b79f,2026-08-12T21:44:06,complex_trace;high_gas_used_context,0x380db829,false
25739197,0xcb6cffd4e9270f4a5f8132813314d4b2a17b8fd18e4b40d1bfd1011c9a35d398,0xe2da046340e00264c4f0443243a0565007ae08ac,0x39b7f514c199e4beb1739576a2dbd4de7414981b,2026-08-12T21:44:06,complex_trace;high_gas_used_context,0x380db829,false
25739197,0x37fbb42ff4afb0bb879b1681d6abaa45a41220df786fb889bb4fc22668bd80d3,0x70e59f9c304e4d5096bd408b571e2dcd99c3120b,0xad3b67bca8935cb510c8d18bd45f0b94f54a968f,2026-08-12T21:44:08,complex_trace;token_activity_burst;approval_burst,0x146ee74d,false
25739197,0xdbfef823d1dc610faf5f737f2b6c98b0fd7853e96df76b559babf93916ddb7ef,0x1584a8ee67789d1fe161065388657ad2f2a3c7dd,0x77eb52e44db06777bce478159f25c0d55a295314,2026-08-12T21:44:08,repeated_internal_token_drain;dense_internal_fund_flow;complex_trace;high_gas_used_context;token_activity_burst;repeated_risky_internal_calls,0xa9059cbb,true
25739197,0xfeea1a238af47367af1ad633dbc25753c142e2ac321add04a267a3ebee614528,0xdda3b51e29f9d6fad865c5dd7070d5f7eb57663e,0x8d8210a0252a706cb5de0c6f8e46b6d3692afc19,2026-08-12T21:44:08,complex_trace;high_gas_used_context,0xffc3a769,false
25739198,0x00ea8b526c25998cad3e057e46dc944f374c5ba25f99eec92bd5ba96e19ccb96,0x41ee29fba72ecd1e815f2cb58bda833bddb6a1cb,0xd90e2f925da726b50c4ed8d0fb90ad053324f31b,2026-08-12T21:44:17,dense_internal_fund_flow,0x13d98d13,true
25739198,0x214952323546a33911cd735bbace3a77d27ad61887424ec828f53df2ecc82069,0xc6acbee42e9e323140c1ed060c2f6ea9cc3b4b75,0x7c5a71c9fefbc7691f9d4ac7baf70c743792f716,2026-08-12T21:44:18,selfdestruct_context,0xf3fef3a3,true
25739198,0x702d630dd313495ac2495a20f2f38938609a5b79657e0a3663b4424659f7eb30,0x3a0aed8732131ff06f0f6238343e56f72895b79b,0x0000000000c2d145a2526bd8c716263bfebe1a72,2026-08-12T21:44:18,high_gas_used_context;token_activity_burst,0x32389b71,false
25739198,0x34425828e585ef2f9bc9769026cf947e53b32f9717f6ee9f0f9e8ed3f9a1a6f3,0xe2a4d7bf48f84353bf9b82cc64fd4ddea310c684,0x337685fdab40d39bd02028545a4ffa7d287cc3e2,2026-08-12T21:44:19,dense_internal_fund_flow;complex_trace,0xfa74fd43,true
25739198,0x36109b6cd57a68b02e9499478e41f58e8962de93078e03f6a4fdfb8f46744b0e,0x59aab1bd0d26290274398c07b55955c15425e16b,0x00fe78205f5f0e63b8ad2b2ae5337f538a610e04,2026-08-12T21:44:19,complex_trace;high_gas_used_context,0x34fcd5be,false
25739198,0x6f8f73c5fc0fb89cb4001647645890bc38c000d1f6ec6103460cb0d5b9c78eac,0xc6c6f5e9f8fad41f4bd8d181b28404d5bafaaa35,0x1231deb6f5749ef6ce6943a275a1d3e7486f4eae,2026-08-12T21:44:19,dense_internal_fund_flow;complex_trace,0x2c57e884,true
25739198,0xb06ffc4d33f64eb3d17b4d1225016679dff4004eb237c5ee168f59280c50bd51,0x4838b106fce9647bdf1e7877bf73ce8b0bad5f97,0xfeeeeee44046c3f61a8cc081e0918ef0de0a7ffc,2026-08-12T21:44:20,selfdestruct_context,0x6a7c7413,true
25739199,0x4bfa793b92bac630cba707962c150bb5d757f9b8621a3bb63ab0135e80f8644c,0x43b2f01186fda9814c5f40770554ac68fd8304bd,0x7cd9fdda6eedb56fae9c5a50fe07360a46cd9885,2026-08-12T21:44:33,dense_internal_fund_flow;token_activity_burst,0x7111a994,true
25739199,0x6b9a1d55ba3724cdacb251f49987fa17ad3a2c2c05395879f49c43ae4ea31681,0xed0896aaa00b60387f22647278b8cddf2f3ee00d,0xd15e62e64c1265dfb753ed6e7c76cb5ff8f276c7,2026-08-12T21:44:33,large_erc20_asset_flow;complex_trace,0xe9ae5c53,true
25739199,0x9e0fb58a2b1dee68c60322e2b06397f1bde0ffb28033d6c1b8a75a66feadbfa3,0x331d9a049d496385998067abf6cbb6371c8d2466,0xb92fe925dc43a0ecde6c8b1a2709c170ec4fff4f,2026-08-12T21:44:33,dense_internal_fund_flow;complex_trace,0xcd6e13f7,true
25739199,0xb13da12ed445beadff3fd77da3376b46c229ae895016be140fcc667a6288fb97,0x1eda738c90fb3f80067a2e420a1e2f81b75ecaf5,0x4c175ee61c3c1da847e339e1158d61bbd2537046,2026-08-12T21:44:33,complex_trace;high_gas_used_context,0x380db829,false
25739200,0x953dd85f9300f1bf104128b619af0f5d23cdf23f43b326433e02d8f33674d0a4,0x7830c87c02e56aff27fa8ab1241711331fa86f43,0xa9d1e08c7793af67e9d92fe308d5697fb81d3e43,2026-08-12T21:44:43,large_erc20_asset_flow,0xca350aa6,true
25739200,0x0849aae167f7a1c2420cd86fe2bdd3c75d60c5bdaac120fa440fc941f0d5957d,0x13b5f7c38da2f6d22c48b69feadab8bf2397bfe6,0xcec1caa28ebc876d0883a0c492831e06e167b8b3,2026-08-12T21:44:44,selfdestruct_context,0xf3fef3a3,false
25739200,0x1a178679e55f7ff0987ac2a8431be853e52da94b56be2caa82c63ab704e61083,0x9026cc3bc65fc0df2534c3bde00418780fec02ac,0x28b1dc1a5e3699a428bc51d234dfab7c9cb2a183,2026-08-12T21:44:44,dense_internal_fund_flow,0x08298b5a,true
25739200,0x2a891fd8216e35930f001105febe127466961ae583eb474f8f91a992537b1651,0x80d04079ffc53eb14edbeeb37279d126f45552df,0xff9e96e75390a90db7a4d71389f841718f1a069f,2026-08-12T21:44:44,repeated_internal_token_drain;dense_internal_fund_flow;complex_trace;token_activity_burst;repeated_risky_internal_calls,0x8aaa8f3b,true
25739200,0x51cede392717a1698eb697daac93ad783ef47ffd61f1ae2d9f6a77b8da495fc8,0x59aab1bd0d26290274398c07b55955c15425e16b,0x00fe78205f5f0e63b8ad2b2ae5337f538a610e04,2026-08-12T21:44:44,complex_trace;high_gas_used_context,0x34fcd5be,false
25739200,0xc0da67cad2845ccf3d2390bd450829ef3c44f001253bd486c44adbc8036611e1,0xed0896aaa00b60387f22647278b8cddf2f3ee00d,0xd15e62e64c1265dfb753ed6e7c76cb5ff8f276c7,2026-08-12T21:44:44,large_erc20_asset_flow;complex_trace,0xe9ae5c53,true
25739200,0xb950820d595dad1c708e06ec4e5f01eb53d01cd980122e86cf98496bcda20f7f,0x4838b106fce9647bdf1e7877bf73ce8b0bad5f97,0xfeeeeee44046c3f61a8cc081e0918ef0de0a7ffc,2026-08-12T21:44:45,selfdestruct_context,0x6a7c742b,true
25739200,0xc85d3a5c7b8d7de5464e10de1c714b8946bcdd80534679896d6c56ca72582c73,0x4838b106fce9647bdf1e7877bf73ce8b0bad5f97,0xfeeeeee44046c3f61a8cc081e0918ef0de0a7ffc,2026-08-12T21:44:45,selfdestruct_context,0x6a7c742b,true
25739201,0xc13823ab2a425d6e33e6f88222dfa7aac8d04e4a23ac56a887478cbd85f6a639,0x7830c87c02e56aff27fa8ab1241711331fa86f43,0xa9d1e08c7793af67e9d92fe308d5697fb81d3e43,2026-08-12T21:44:52,dense_internal_fund_flow,0x1a1da075,true
25739201,0x167b51fd23822662aafb1c1589effc93c9074664b0bf31a5b8bf73251a5e91b5,0x43b2f01186fda9814c5f40770554ac68fd8304bd,0xc855882b1bcbd844cb6f1743d54c5516f4365faa,2026-08-12T21:44:53,dense_internal_fund_flow;token_activity_burst,0x7111a994,true
25739202,0x1de4ac38864f16d8a094b3b96fdcfdab8c55a35b8a9b7f14252e6160b9b82d62,0x4838b106fce9647bdf1e7877bf73ce8b0bad5f97,0xfeeeeee44046c3f61a8cc081e0918ef0de0a7ffc,2026-08-12T21:44:57,selfdestruct_context,0x6a7c7443,true
25739202,0x8e5c06545adfebac2b5df45fbc60d310122c98ff03b904797c0981cb0eaae4ea,0x13b5f7c38da2f6d22c48b69feadab8bf2397bfe6,0xcec1caa28ebc876d0883a0c492831e06e167b8b3,2026-08-12T21:44:57,selfdestruct_context,0xf3fef3a3,false
25739202,0x042ab21f8f1d3cec4ba248b2b96746e07e2ebbcad32080fda27c97256e3fd42b,0x7b49bc3ebbdf7322f31c6449320382bbec3be1b6,0xad3b67bca8935cb510c8d18bd45f0b94f54a968f,2026-08-12T21:44:58,complex_trace;high_gas_used_context;token_activity_burst;approval_burst,0x146ee74d,false
25739202,0x9981667ef825c30a881d652aed964f04476ee2e8eb76c83d2dcd2825f7ed3ee2,0x4838b106fce9647bdf1e7877bf73ce8b0bad5f97,0xfeeeeee44046c3f61a8cc081e0918ef0de0a7ffc,2026-08-12T21:44:58,selfdestruct_context,0x6a7c7443,true
25739202,0xf42680b79add0221df5f1e1e1f7214ddb353fd18050279b019b7139443526648,0x4838b106fce9647bdf1e7877bf73ce8b0bad5f97,0xfeeeeee44046c3f61a8cc081e0918ef0de0a7ffc,2026-08-12T21:44:58,selfdestruct_context,0x6a7c7443,true
