block_num,tx_hash,from,to,detect_time,attack_signals,selector,has_asset_impact
25736219,0xd13f594ca8946c7c218302cd66170dfed525978d6f4bd9b8f860d52497365288,0xada5bb90d0de0bd1b6f3938708f49295a8d1f7cb,0xccc88a9d1b4ed6b0eaba998850414b24f1c315be,2026-08-12T11:30:04,dense_internal_fund_flow;complex_trace,0x0a2b8f36,true
25736219,0x19eda0a389679769bcc3d04083cbd2a471801b4f553cd1c332996251b383f9e7,0x76513487abb1d045b9020815f08144890c0effde,0xd152f549545093347a162dce210e7293f1452150,2026-08-12T11:30:05,repeated_internal_token_drain;dense_internal_fund_flow;complex_trace;high_gas_used_context;token_activity_burst;repeated_risky_internal_calls,0x51ba162c,true
25736219,0xbe1ae16f0e4a4c919a4bb4be7184a7a5850296ffe95dd0297ba30fe756eca4be,0x76513487abb1d045b9020815f08144890c0effde,0xd152f549545093347a162dce210e7293f1452150,2026-08-12T11:30:05,repeated_internal_token_drain;dense_internal_fund_flow;complex_trace;high_gas_used_context;token_activity_burst;repeated_risky_internal_calls,0x51ba162c,true
25736219,0x04cb59ee065c4e8cdf68b931ee4df7eb190c33341192afd0a918cc0a63fccac8,0x8ec85901f390dc55a848561ed1bbb062f64ebf78,0xc5184cccf85b81eddc661330acb3e41bd89f34a1,2026-08-12T11:30:07,large_erc20_asset_flow;complex_trace;high_gas_used_context,0xd41ddc96,true
25736220,0x673e6120891b967bf29e3b3c52cfdb6bcdede7469384b533facc0692d4a84379,0x7830c87c02e56aff27fa8ab1241711331fa86f43,0xa9d1e08c7793af67e9d92fe308d5697fb81d3e43,2026-08-12T11:30:10,dense_internal_fund_flow,0x1a1da075,true
25736220,0x67b8d81aad48b85c06c13db66719adfe50215c86233d97da694e08ccc8604bef,0xabbeb9cf3f856ee282a13aa0b05ba48f81bcf691,0x89c6340b1a1f4b25d36cd8b063d49045caf3f818,2026-08-12T11:30:10,dense_internal_fund_flow;complex_trace,0x0193b9fc,true
25736220,0x4a579ee028dfbb88b70341e57d379793320896cfa8b3ea9c6d79a4a2cfd083a8,0x05854d0c70d2f696fb3d9c0863100956b795e2ff,0x0fb6e8ecd8ca55c79122f4e114fb46afe1924089,2026-08-12T11:30:11,complex_trace;approval_burst,0x9d83fd7f,false
25736220,0x78dc4272eb1c4d510c344125a82356ef103f2c266f74e38918796ba36398435f,0xbe3c8989e165c9f45e01abaae43605f9c7d337c7,0x6131b5fae19ea4f9d964eac0408e4408b66337b5,2026-08-12T11:30:11,large_erc20_asset_flow;complex_trace,0xe21fd0e9,true
25736220,0xc6a5731cdb87581010e30f518583ab0c180d1bcd34b59d1228d799ef01826477,0x60a518fbbc32d1bedcc02c7d6c7dff5f477e1aec,0x7156b23feaf295e109d69148665bff737809cea4,2026-08-12T11:30:11,dense_internal_fund_flow,0xded9382a,true
25736221,0x246e561cb26f2d5b9c330c349b97b4c9559f7a826ef0fa0008506a29f46a93aa,0x42657c74d0fc99baf2b313cfa245a1c8e4ce1afb,0x9168765ee952de7c6f8fc6fad5ec209b960b7622,2026-08-12T11:30:18,dense_internal_fund_flow;complex_trace,0x8c3152e9,true
25736221,0x5717389d6fe294027335b26cf8e5ffac7cee183f8ae4153cef3b790242482673,0x76513487abb1d045b9020815f08144890c0effde,0xd152f549545093347a162dce210e7293f1452150,2026-08-12T11:30:18,repeated_internal_token_drain;dense_internal_fund_flow;complex_trace;high_gas_used_context;token_activity_burst;repeated_risky_internal_calls,0x51ba162c,true
25736221,0x8fc74559778afd13dc91d10a911cedde643d81856814832b195cd4356e8e6899,0x8ec85901f390dc55a848561ed1bbb062f64ebf78,0x0837e20d15585b4ca5c1a3fcedccf8f72855cb56,2026-08-12T11:30:18,large_erc20_asset_flow;complex_trace;high_gas_used_context,0xd6bda0c0,true
25736221,0xd6878189869020d065a31de55b2ff31489c1348f9c72cf107b406099b1658249,0xbe9536bef1137915dcb047bb7a915ee9b0961de4,,2026-08-12T11:30:18,privileged_execution_context;contract_creation_context,0x60806040,false
25736221,0xe7bf7530a3503affda6d1c531e502315b819aceff60aab89ffc64b917eae8a93,0x76513487abb1d045b9020815f08144890c0effde,0xd152f549545093347a162dce210e7293f1452150,2026-08-12T11:30:18,repeated_internal_token_drain;dense_internal_fund_flow;complex_trace;high_gas_used_context;token_activity_burst;repeated_risky_internal_calls,0x51ba162c,true
25736221,0xf25c185e4d86b9002070f230f7301100219661a20c628741626adf5c320dd9d3,0x76513487abb1d045b9020815f08144890c0effde,0xd152f549545093347a162dce210e7293f1452150,2026-08-12T11:30:18,repeated_internal_token_drain;dense_internal_fund_flow;complex_trace;high_gas_used_context;token_activity_burst;repeated_risky_internal_calls,0x51ba162c,true
25736222,0x951194517072525ab8c91678d4977de31459727e9b869e06da147e0b0328a3bf,0x1584a8ee67789d1fe161065388657ad2f2a3c7dd,0x77eb52e44db06777bce478159f25c0d55a295314,2026-08-12T11:30:24,repeated_internal_token_drain;dense_internal_fund_flow;very_complex_trace;high_gas_used_context;token_activity_burst;repeated_risky_internal_calls,0xa9059cbb,true
25736223,0x5acf48c3a56c7c1e1ca87fd2dd4fd4e07eff8ff8b66d1efaf1139e50e03d76a7,0x161643f280b09be8e0271eef8efc6c264d125003,0x133c04b636930a9217bc43c14b37791ef00b0a1f,2026-08-12T11:30:31,dense_internal_fund_flow;token_activity_burst,0xa9059cbb,true
25736223,0x8a7bbf271c23627e51492e53a880f8dc25430e60b0a1614e446545ec5f4528a4,0x80d04079ffc53eb14edbeeb37279d126f45552df,0x5028411219ed41237eb48676abb132d565a96a97,2026-08-12T11:30:31,repeated_internal_token_drain;dense_internal_fund_flow;complex_trace;token_activity_burst;repeated_risky_internal_calls,0x8aaa8f3b,true
25736225,0x266ad7c1de056528ec5e86c138b9c5e1d42ccd98a0df0cf7274fba079c624196,0x7830c87c02e56aff27fa8ab1241711331fa86f43,0xa9d1e08c7793af67e9d92fe308d5697fb81d3e43,2026-08-12T11:30:41,dense_internal_fund_flow,0x1a1da075,true
25736225,0x6a3f8966b309f9b496db467fa5e29e79666a6269efe5d7da69602cd58597247a,0x80d04079ffc53eb14edbeeb37279d126f45552df,0x5028411219ed41237eb48676abb132d565a96a97,2026-08-12T11:30:41,repeated_internal_token_drain;dense_internal_fund_flow;complex_trace;token_activity_burst;repeated_risky_internal_calls,0x8aaa8f3b,true
25736226,0x33ee4f2013475b562f6e5c4bb3d8af6628356e991e5b7340570262aaf10930c0,0x5b43453fce04b92e190f391a83136bfbecedefd1,0xbdb3ba9ffe392549e1f8658dd2630c141fdf47b6,2026-08-12T11:30:48,dense_internal_fund_flow;complex_trace;high_gas_used_context;token_activity_burst,0x000000c3,true
25736226,0x0715342f2495ddd293609024443c6346eaaf01e84aeaf81970dea0585dda2217,0xca7ded7e4f4ba8ab3b10009236ae6d1b95094589,0xb92fe925dc43a0ecde6c8b1a2709c170ec4fff4f,2026-08-12T11:30:51,dense_internal_fund_flow,0xcd6e13f7,true
25736226,0xda3154e793a3f3d51f658b3e6217695f2897db5ddf2fa64657ede1529b7bd03d,0xf70da97812cb96acdf810712aa562db8dfa3dbef,0xccc88a9d1b4ed6b0eaba998850414b24f1c315be,2026-08-12T11:30:51,dense_internal_fund_flow,0x0a2b8f36,true
25736226,0x1cd246320b644f0ebf0137ef0f2e60d89f0a71b879238b3f83fcce786cc9b7ad,0x09cfee647fa339133380191c8db6b44f24500c9d,0x77b85afbcd336993ac1c65057531c5a5b33b76b8,2026-08-12T11:30:53,high_gas_used_context;token_activity_burst,0xa9059cbb,false
25736226,0x52de5f25e5c9f89c0ebf0e9a4bb36a01f8c49719f81d76c8db7b524f02292708,0x1584a8ee67789d1fe161065388657ad2f2a3c7dd,0x77eb52e44db06777bce478159f25c0d55a295314,2026-08-12T11:30:53,repeated_internal_token_drain;dense_internal_fund_flow;very_complex_trace;high_gas_used_context;token_activity_burst;repeated_risky_internal_calls,0xa9059cbb,true
25736226,0x660204de156e717be32520a53b536789a85e0bf59e1cfe8c747f4ab10cd9bf39,0x09cfee647fa339133380191c8db6b44f24500c9d,0x77b85afbcd336993ac1c65057531c5a5b33b76b8,2026-08-12T11:30:53,high_gas_used_context;token_activity_burst,0xa9059cbb,false
25736226,0xaa43e01fe458402c21322a37ace5bf8604cae04ad13ba7a552df858abdbf7eaa,0x09cfee647fa339133380191c8db6b44f24500c9d,0x77b85afbcd336993ac1c65057531c5a5b33b76b8,2026-08-12T11:30:53,high_gas_used_context;token_activity_burst,0xa9059cbb,false
25736226,0xaef08634ebc4b14e5cbe1a56935d3ff33cfe410abd2494a8a7cf38af337999cc,0x09cfee647fa339133380191c8db6b44f24500c9d,0x77b85afbcd336993ac1c65057531c5a5b33b76b8,2026-08-12T11:30:53,high_gas_used_context;token_activity_burst,0xa9059cbb,false
25736226,0xc2884e40c2cde506e41d1433d5480453646ad7bbff04671e699a663923823ace,0x80d04079ffc53eb14edbeeb37279d126f45552df,0x5028411219ed41237eb48676abb132d565a96a97,2026-08-12T11:30:53,repeated_internal_token_drain;dense_internal_fund_flow;complex_trace;token_activity_burst;repeated_risky_internal_calls,0x8aaa8f3b,true
25736227,0xbed4c19317090e88b9b1ad9ad4ba0fb39a81cf502294d9a82b8fe40d52734bbe,0x70e59f9c304e4d5096bd408b571e2dcd99c3120b,0xad3b67bca8935cb510c8d18bd45f0b94f54a968f,2026-08-12T11:30:57,complex_trace;high_gas_used_context;token_activity_burst;approval_burst,0x146ee74d,false
25736227,0x1447ced07f2fd63f81087f77652e6163d896108593fc14786d2c2985ab3bd93a,0x76513487abb1d045b9020815f08144890c0effde,0xd152f549545093347a162dce210e7293f1452150,2026-08-12T11:30:58,repeated_internal_token_drain;dense_internal_fund_flow;complex_trace;high_gas_used_context;token_activity_burst;repeated_risky_internal_calls,0x51ba162c,true
25736227,0x26aed093137e4b17ba5493cc2292ee0a1d9cdec34f5e0a9ea913d94d55155f42,0x76513487abb1d045b9020815f08144890c0effde,0xd152f549545093347a162dce210e7293f1452150,2026-08-12T11:30:58,repeated_internal_token_drain;dense_internal_fund_flow;complex_trace;high_gas_used_context;token_activity_burst;repeated_risky_internal_calls,0x51ba162c,true
25736227,0x9ab8ac1cceb0d7146a07f8395a86ef64a8e15733bd10030369708139934662bd,0x76513487abb1d045b9020815f08144890c0effde,0xd152f549545093347a162dce210e7293f1452150,2026-08-12T11:30:58,repeated_internal_token_drain;dense_internal_fund_flow;complex_trace;high_gas_used_context;token_activity_burst;repeated_risky_internal_calls,0x51ba162c,true
25736227,0xf53a1c062eb8cbb72f5933b51437a670023c72275669c1ed6a49dfc479544bba,0x76513487abb1d045b9020815f08144890c0effde,0xd152f549545093347a162dce210e7293f1452150,2026-08-12T11:30:58,repeated_internal_token_drain;dense_internal_fund_flow;complex_trace;high_gas_used_context;token_activity_burst;repeated_risky_internal_calls,0x51ba162c,true
25736228,0xbcc2bfb690f5793432b9eef31a7677bf2fbcc5e97cb70919c59e61e5711d62df,0x8ec85901f390dc55a848561ed1bbb062f64ebf78,0xc5184cccf85b81eddc661330acb3e41bd89f34a1,2026-08-12T11:31:05,large_erc20_asset_flow;complex_trace;high_gas_used_context,0xd41ddc96,true
25736228,0xfe31d66fea4a353a25228e017ae7f63a36aacaf29f9382be82298bd967b12ab1,0x76513487abb1d045b9020815f08144890c0effde,0xd152f549545093347a162dce210e7293f1452150,2026-08-12T11:31:05,repeated_internal_token_drain;dense_internal_fund_flow;complex_trace;high_gas_used_context;token_activity_burst;repeated_risky_internal_calls,0x51ba162c,true
25736228,0x163ae21638c80e0dc1a2be43191bf95f6958cfbd28ecf3945bed2ac172373747,0x80d04079ffc53eb14edbeeb37279d126f45552df,0x5028411219ed41237eb48676abb132d565a96a97,2026-08-12T11:31:07,complex_trace;token_activity_burst,0x8aaa8f3b,false
25736228,0x265be75b4f24f2f076f9ae033a830d6a14f4ea2f57b73a4f33fe2df22b372845,0x9fc3da866e7df3a1c57ade1a97c9f00a70f010c8,0xfeeeeee44046c3f61a8cc081e0918ef0de0a7ffc,2026-08-12T11:31:07,selfdestruct_context,0x6a7be803,true
25736229,0x06ffc620ce8050e61a53f07642fec5ff0cdf4c4963cf7a83484eda45b0f952d5,0x1584a8ee67789d1fe161065388657ad2f2a3c7dd,0x77eb52e44db06777bce478159f25c0d55a295314,2026-08-12T11:31:11,repeated_internal_token_drain;dense_internal_fund_flow;very_complex_trace;high_gas_used_context;token_activity_burst;repeated_risky_internal_calls,0xa9059cbb,true
25736229,0x1f2a6ec39ec5a0466ebe7f89dbde998515aaae6ddea7ba222b0eb6832f92b041,0x76513487abb1d045b9020815f08144890c0effde,0xd152f549545093347a162dce210e7293f1452150,2026-08-12T11:31:11,repeated_internal_token_drain;dense_internal_fund_flow;complex_trace;high_gas_used_context;token_activity_burst;repeated_risky_internal_calls,0x51ba162c,true
25736229,0xf63a59ea5c2e74db983cb2f31b29309e2cf18b6707fbc00d671a205f4d1fd7cb,0x3cfdc212769c890907bce93d3d8c2c53de6a7a89,0x0000000071727de22e5e9d8baf0edac6f37da032,2026-08-12T11:31:12,privileged_execution_context;complex_trace,0x765e827f,false
25736231,0x66b5e4a60a3069d7222a9fe7d0c11724d063acb1a2a1840d76de9006573694ec,0x4549fbf04c84aac0d6ab50fb6e19b2c231415390,0x0000000071727de22e5e9d8baf0edac6f37da032,2026-08-12T11:31:21,complex_trace;high_gas_used_context,0x765e827f,false
25736231,0x3213d2eb11dc7d454d11cf8106d4c7a0340f9c7f7c1e083d3ccef46d1ff8a7ca,0x76513487abb1d045b9020815f08144890c0effde,0xd152f549545093347a162dce210e7293f1452150,2026-08-12T11:31:22,repeated_internal_token_drain;dense_internal_fund_flow;complex_trace;high_gas_used_context;token_activity_burst;repeated_risky_internal_calls,0x51ba162c,true
25736231,0xac2a6c01c1251255f9be9f3de43795da7540e9fdd4701ce2b8c6d1c9c097301a,0x76513487abb1d045b9020815f08144890c0effde,0xd152f549545093347a162dce210e7293f1452150,2026-08-12T11:31:22,repeated_internal_token_drain;dense_internal_fund_flow;complex_trace;high_gas_used_context;token_activity_burst;repeated_risky_internal_calls,0x51ba162c,true
25736231,0xcd275692b402313a6b3772eefc6e1faa00199585af308bdedb2187b2e87d3500,0xcef99ab15ef93ba9f523e57bf8039a19f1cea636,0x0000000000000068f116a894984e2db1123eb395,2026-08-12T11:31:22,complex_trace;high_gas_used_context;token_activity_burst,0x87201b41,false
25736231,0x2584a66f0b09a7cc429963980272d6ce753220f1f060ec21fb66b3fae2140ad9,0x09cfee647fa339133380191c8db6b44f24500c9d,0x77b85afbcd336993ac1c65057531c5a5b33b76b8,2026-08-12T11:31:23,repeated_internal_token_drain;dense_internal_fund_flow;complex_trace;high_gas_used_context;token_activity_burst;repeated_risky_internal_calls,0xa9059cbb,true
25736231,0xb051d77a37c0933d81a996d827b61806e08a7d27575a90e38ba11b129be21e4a,0x1584a8ee67789d1fe161065388657ad2f2a3c7dd,0x77eb52e44db06777bce478159f25c0d55a295314,2026-08-12T11:31:23,repeated_internal_token_drain;dense_internal_fund_flow;very_complex_trace;high_gas_used_context;token_activity_burst;repeated_risky_internal_calls,0xa9059cbb,true
25736232,0x7c3741c38d84407271c971980682f49cc2c5f755a06c96cb1f7fd0200c0287d0,0x59aab1bd0d26290274398c07b55955c15425e16b,0x00fe78205f5f0e63b8ad2b2ae5337f538a610e04,2026-08-12T11:31:29,complex_trace;high_gas_used_context;token_activity_burst,0x34fcd5be,false
25736233,0x2e4a8b28cf69d55171d51bddba65f8fbf14a38ee61fa22ab9184b7b42bb1af67,0xe3baeb0c0d24cad80dc5d0883ad984b0370eee7b,0xb300000b72deaeb607a12d5f54773d1c19c7028d,2026-08-12T11:31:34,dense_internal_fund_flow;complex_trace,0x810c705b,true
25736233,0x4b794386111de46763efd251fde06388863c309459a25e508aafd4c7af36883b,0xb3afb6db38a8e72905165c1fbb96772e63560790,0x9e0a538749a486bbf127f8848a6f2cf4e1e92dbd,2026-08-12T11:31:34,privileged_execution_context;complex_trace,0xd05c2c94,false
25736233,0xabfb3bec20541c8284cc7b050da98f30f8cd57fd08952610e0da074cfbba8d12,0x5b43453fce04b92e190f391a83136bfbecedefd1,0xbdb3ba9ffe392549e1f8658dd2630c141fdf47b6,2026-08-12T11:31:34,complex_trace;high_gas_used_context;token_activity_burst,0x000000c3,false
25736233,0x0a6ea790ce4c71388d6310e7497c9e51b39057b96f60a390acd26a85e683972f,0x76513487abb1d045b9020815f08144890c0effde,0xd152f549545093347a162dce210e7293f1452150,2026-08-12T11:31:36,repeated_internal_token_drain;dense_internal_fund_flow;complex_trace;high_gas_used_context;token_activity_burst;repeated_risky_internal_calls,0x51ba162c,true
25736233,0xe8bf5ea898b5cc518974b276b1bd2384ed0e182833869379496ff0ed24ed6a39,0x76513487abb1d045b9020815f08144890c0effde,0xd152f549545093347a162dce210e7293f1452150,2026-08-12T11:31:36,repeated_internal_token_drain;dense_internal_fund_flow;complex_trace;high_gas_used_context;token_activity_burst;repeated_risky_internal_calls,0x51ba162c,true
25736233,0x17201db751484e9ac411c8c0902056aa7e25a60ed60779dbf116cf3c0e078c42,0x76513487abb1d045b9020815f08144890c0effde,0xd152f549545093347a162dce210e7293f1452150,2026-08-12T11:31:37,repeated_internal_token_drain;dense_internal_fund_flow;complex_trace;high_gas_used_context;token_activity_burst;repeated_risky_internal_calls,0x51ba162c,true
25736234,0x2165f71e2364c7e2411f78848945690c03ab25a26977a424f5e68f36c70ac101,0xed7c6f4d33fa8734fa47092287fcec3fafd1bcdf,0x28b1dc1a5e3699a428bc51d234dfab7c9cb2a183,2026-08-12T11:31:42,dense_internal_fund_flow,0x0c307f76,true
25736234,0x57b69ce6e5b7c46d30ed3cbaa26d886dbcba20ab39e410de7e9cc3e1713f29b2,0x76513487abb1d045b9020815f08144890c0effde,0xd152f549545093347a162dce210e7293f1452150,2026-08-12T11:31:42,repeated_internal_token_drain;dense_internal_fund_flow;complex_trace;high_gas_used_context;token_activity_burst;repeated_risky_internal_calls,0x51ba162c,true
25736234,0x5ab4d3d6e7eead821423d4ea6af5b34a0af3ced04e04bbed8291c1a96e3f8d55,0xe99bd1c2dd70cd58e5efd47887991700e7318ce2,0xad3b67bca8935cb510c8d18bd45f0b94f54a968f,2026-08-12T11:31:42,complex_trace;approval_burst,0x146ee74d,false
25736234,0x84669a7a2623582762a22279847405f2437801a6865f98fe8061fd71e4e22084,0x76513487abb1d045b9020815f08144890c0effde,0xd152f549545093347a162dce210e7293f1452150,2026-08-12T11:31:42,repeated_internal_token_drain;dense_internal_fund_flow;complex_trace;high_gas_used_context;token_activity_burst;repeated_risky_internal_calls,0x51ba162c,true
25736234,0xef46ad633f760959f23be3ce9d7b0fc362b4532955b307dc783632b572cdd6ce,0xe487832018fbd594c84f1db3dfac61cde98a5f36,0x91ff8bbd8ebb07893010d50a48a1609e5ebd8e34,2026-08-12T11:31:42,complex_trace;high_gas_used_context,0x069d1525,false
25736234,0xfbbb3638e8f0bb32426695a1c07d9d7a3f7a567f7bd6d75e76168e2fb96bfa8a,0x76513487abb1d045b9020815f08144890c0effde,0xd152f549545093347a162dce210e7293f1452150,2026-08-12T11:31:42,repeated_internal_token_drain;dense_internal_fund_flow;complex_trace;high_gas_used_context;token_activity_burst;repeated_risky_internal_calls,0x51ba162c,true
25736234,0xc9a3f848f4e371c6a9e059c6edb8fe0a927cd21733f869f4eaaaf0812e99198a,0x1584a8ee67789d1fe161065388657ad2f2a3c7dd,0x77eb52e44db06777bce478159f25c0d55a295314,2026-08-12T11:31:43,repeated_internal_token_drain;dense_internal_fund_flow;very_complex_trace;high_gas_used_context;token_activity_burst;repeated_risky_internal_calls,0xa9059cbb,true
25736235,0x26619b692793005d061e74bf60872e114daf2b3c0b7b4fe3269f7951d21740ea,0xe487832018fbd594c84f1db3dfac61cde98a5f36,0x91ff8bbd8ebb07893010d50a48a1609e5ebd8e34,2026-08-12T11:31:48,complex_trace;high_gas_used_context,0x069d1525,false
25736235,0x69e383ba0df22593c4d3447fd8fd916fb765d0b059d025a6472719d824b94112,0x4e23424b3c635ec2cad284787467b1700517421d,0x0000000071727de22e5e9d8baf0edac6f37da032,2026-08-12T11:31:48,complex_trace;high_gas_used_context,0x765e827f,false
25736235,0xf23638ce8dd0673c09b31a97c571c83c3ee8f56736b3ecc26c1a3aab7bf65c77,0x0e3cd0614d3a08bb7fee3f02fa20933b021705b6,0x9e08c5499f953c6297a7755bcbced383b606896b,2026-08-12T11:31:48,complex_trace;high_gas_used_context;token_activity_burst,0x8328af2f,false
25736236,0x5a27c902a09085ea81f9923a3e71a8f2c03da5e08fc33618dca7dddc03aeb7e7,0xe487832018fbd594c84f1db3dfac61cde98a5f36,0x91ff8bbd8ebb07893010d50a48a1609e5ebd8e34,2026-08-12T11:31:54,complex_trace;high_gas_used_context,0x069d1525,false
25736237,0x6f57cb108cc4290e0b59bef06af151d65ad97c02a6cb79da41bec9ec8a243871,0xbad000006db10503589262b55d09bb7b3c5e1472,0xbbbbb048b1a85ca221058c45525095b6a68bbbbb,2026-08-12T11:32:00,repeated_internal_token_drain;dense_internal_fund_flow;complex_trace;high_gas_used_context;token_activity_burst;repeated_risky_internal_calls,0xa9059cbb,true
25736237,0x73e8040f5a69b76b8f284eb1b677a927972be0884acb9287fd98687020c59c8c,0xe487832018fbd594c84f1db3dfac61cde98a5f36,0x91ff8bbd8ebb07893010d50a48a1609e5ebd8e34,2026-08-12T11:32:00,complex_trace;high_gas_used_context,0x069d1525,false
25736237,0x7a10d9942326fe1f9c5186c5e4e3a362dc51cf913c5c3838c7df36fd2e0e48e6,0x80d04079ffc53eb14edbeeb37279d126f45552df,0x5028411219ed41237eb48676abb132d565a96a97,2026-08-12T11:32:00,repeated_internal_token_drain;dense_internal_fund_flow;complex_trace;token_activity_burst;repeated_risky_internal_calls,0x8aaa8f3b,true
25736237,0x9dc1d1e7f8d36c9e2391149350a34e4b1b757a9d64c7aa60e3c5d15a0b3a6e39,0x76513487abb1d045b9020815f08144890c0effde,0xd152f549545093347a162dce210e7293f1452150,2026-08-12T11:32:00,repeated_internal_token_drain;dense_internal_fund_flow;complex_trace;high_gas_used_context;token_activity_burst;repeated_risky_internal_calls,0x51ba162c,true
25736237,0xc2b0db959eca228b6d520f2f4e1de040e8441260ac6a622142194e96a69c8945,0x1584a8ee67789d1fe161065388657ad2f2a3c7dd,0x77eb52e44db06777bce478159f25c0d55a295314,2026-08-12T11:32:00,repeated_internal_token_drain;dense_internal_fund_flow;very_complex_trace;high_gas_used_context;token_activity_burst;repeated_risky_internal_calls,0xa9059cbb,true
25736237,0xec765c7e245329661a0c3d247382a592f285e3ba4b7d2dbad5eae06364904f35,0x76513487abb1d045b9020815f08144890c0effde,0xd152f549545093347a162dce210e7293f1452150,2026-08-12T11:32:00,repeated_internal_token_drain;dense_internal_fund_flow;complex_trace;high_gas_used_context;token_activity_burst;repeated_risky_internal_calls,0x51ba162c,true
25736239,0x19586a376ff9dd93294b9ce9b66ab825e8bebade54bbac135c169645fdcff5ea,0x76513487abb1d045b9020815f08144890c0effde,0xd152f549545093347a162dce210e7293f1452150,2026-08-12T11:32:12,repeated_internal_token_drain;dense_internal_fund_flow;complex_trace;high_gas_used_context;token_activity_burst;repeated_risky_internal_calls,0x51ba162c,true
25736239,0x3065a202098656537d532e2f35c0a6b20bb16d04b7976c6b4d2bbe0d0831e44b,0x11a72036c116ba7fc68004318bf1766071a0ad4b,0xb300000b72deaeb607a12d5f54773d1c19c7028d,2026-08-12T11:32:12,large_erc20_asset_flow;complex_trace,0x810c705b,true
25736239,0x433f70cc316ba3226a2f6c00ce117bcec83f218a813549dc62de30820df2dcc6,0x7830c87c02e56aff27fa8ab1241711331fa86f43,0xa9d1e08c7793af67e9d92fe308d5697fb81d3e43,2026-08-12T11:32:12,dense_internal_fund_flow,0x1a1da075,true
25736239,0x471c6390594a9bfcc91f4aa87a75f2cb2c847bd7d37b4e87ed9101d1b6ef3c69,0x76513487abb1d045b9020815f08144890c0effde,0xd152f549545093347a162dce210e7293f1452150,2026-08-12T11:32:12,repeated_internal_token_drain;dense_internal_fund_flow;complex_trace;high_gas_used_context;token_activity_burst;repeated_risky_internal_calls,0x51ba162c,true
25736239,0x556f774afb4da6625e2b3fc8420ead308fbcf217049c50248c21bbfcbc521602,0x76513487abb1d045b9020815f08144890c0effde,0xd152f549545093347a162dce210e7293f1452150,2026-08-12T11:32:12,repeated_internal_token_drain;dense_internal_fund_flow;complex_trace;high_gas_used_context;token_activity_burst;repeated_risky_internal_calls,0x51ba162c,true
25736239,0x604e6ec8b9d7fffb516765cefa944679b0d546cc53decc411856b67e870fcae2,0xe487832018fbd594c84f1db3dfac61cde98a5f36,0x91ff8bbd8ebb07893010d50a48a1609e5ebd8e34,2026-08-12T11:32:12,complex_trace;high_gas_used_context,0x069d1525,false
25736239,0xb19f00654c8b71e7670294fc7b67e076abad8abbda673c42c73115e4c521a506,0x02fc9d060cd9b0e9c9621712ec7c55d378872017,0x888888888889758f76e7103c6cbf23abbf58f946,2026-08-12T11:32:12,large_erc20_asset_flow;complex_trace,0xc81f847a,true
25736239,0xd1b754281242f970434fe183ac5cf2ec9cb950ca1ab92fdde8aac4845a760cce,0xe487832018fbd594c84f1db3dfac61cde98a5f36,0x91ff8bbd8ebb07893010d50a48a1609e5ebd8e34,2026-08-12T11:32:12,complex_trace;high_gas_used_context,0x069d1525,false
25736239,0xeb0aeb23a3310de41e14169f7e487fa008564dd14e0756463fba9287ff4223d5,0x7830c87c02e56aff27fa8ab1241711331fa86f43,0xa9d1e08c7793af67e9d92fe308d5697fb81d3e43,2026-08-12T11:32:12,large_erc20_asset_flow,0xca350aa6,true
25736240,0x4f28fc552542d3db303b47bd9bf15fb099e624b83c491a1e1bb7fa7c99548aa6,0xe487832018fbd594c84f1db3dfac61cde98a5f36,0x91ff8bbd8ebb07893010d50a48a1609e5ebd8e34,2026-08-12T11:32:17,complex_trace;high_gas_used_context,0x069d1525,false
25736240,0x04b8db629b7f0fb41aaa1dd57db16980a2a2d7c1b63279648355385e53392754,0x1584a8ee67789d1fe161065388657ad2f2a3c7dd,0x77eb52e44db06777bce478159f25c0d55a295314,2026-08-12T11:32:18,repeated_internal_token_drain;dense_internal_fund_flow;very_complex_trace;high_gas_used_context;token_activity_burst;repeated_risky_internal_calls,0xa9059cbb,true
25736240,0x757e604a65423ccada033fea2d0eae57bd8adad736321e08d8b4bb6caa2f4efc,0x80d04079ffc53eb14edbeeb37279d126f45552df,0x5028411219ed41237eb48676abb132d565a96a97,2026-08-12T11:32:18,repeated_internal_token_drain;dense_internal_fund_flow;complex_trace;token_activity_burst;repeated_risky_internal_calls,0x8aaa8f3b,true
25736241,0xe0368ca88ec0b27b96484700acc2c82cd722a37c546e5cafae7b804948ab6524,0x754dcfb2861547015b221e963b4133a71dbdc024,0x3e07be15370d8b12d80a159a7ef14b9e51869497,2026-08-12T11:32:23,dense_internal_fund_flow;complex_trace,0x21af54c6,true
25736241,0x0813f88e219eed24e93870c47edbe12b03d4797b521ab3a9d7ffa9ba230022c3,0xdda3b51e29f9d6fad865c5dd7070d5f7eb57663e,0x8d8210a0252a706cb5de0c6f8e46b6d3692afc19,2026-08-12T11:32:24,complex_trace;high_gas_used_context,0xffc3a769,false
25736241,0x13c3e7241b4e18dc9bb39c4da448af7d694d7f0744771f8f07ec5458eb5669fe,0x7b49bc3ebbdf7322f31c6449320382bbec3be1b6,0xad3b67bca8935cb510c8d18bd45f0b94f54a968f,2026-08-12T11:32:24,complex_trace;high_gas_used_context;token_activity_burst;approval_burst,0x146ee74d,false
25736241,0x5287ac361dcbb4f1d1f49a49175f811ef1b37afd1e24f19696db74a2a1221940,0x3cfdc212769c890907bce93d3d8c2c53de6a7a89,0x0000000071727de22e5e9d8baf0edac6f37da032,2026-08-12T11:32:24,privileged_execution_context;complex_trace,0x765e827f,false
25736241,0xf33dd4f94ddef18ed3f4b7967020493279c97a1e0babedefc6dcbf51017cbedd,0xe487832018fbd594c84f1db3dfac61cde98a5f36,0x91ff8bbd8ebb07893010d50a48a1609e5ebd8e34,2026-08-12T11:32:24,complex_trace;high_gas_used_context,0x069d1525,false
25736242,0xe1933c0b935a0fabfd3f3ab843599b2ac2387cb029286f969e6f03654a413e85,0x76513487abb1d045b9020815f08144890c0effde,0xd152f549545093347a162dce210e7293f1452150,2026-08-12T11:32:40,repeated_internal_token_drain;dense_internal_fund_flow;complex_trace;high_gas_used_context;token_activity_burst;repeated_risky_internal_calls,0x51ba162c,true
25736242,0xeb0a0065e8af41718aa4f22f06f54d4347b0b1d3c3373950e7a8d5382afd42fa,0xe487832018fbd594c84f1db3dfac61cde98a5f36,0x91ff8bbd8ebb07893010d50a48a1609e5ebd8e34,2026-08-12T11:32:40,complex_trace;high_gas_used_context,0x069d1525,false
25736242,0x07371d3ebb6339a7862f8132849723f387328d9c642768d429c10668353757dd,0x3cfdc212769c890907bce93d3d8c2c53de6a7a89,0x0000000071727de22e5e9d8baf0edac6f37da032,2026-08-12T11:32:41,privileged_execution_context;complex_trace,0x765e827f,false
25736242,0x2932f63c584da747c5e3054bff805ff1765d90667502eb27317daab2572cf7a6,0x76513487abb1d045b9020815f08144890c0effde,0xd152f549545093347a162dce210e7293f1452150,2026-08-12T11:32:41,repeated_internal_token_drain;dense_internal_fund_flow;complex_trace;high_gas_used_context;token_activity_burst;repeated_risky_internal_calls,0x51ba162c,true
25736242,0xd7c42785e6ae7cd5f1f8b71c56c80364d2300cf91ac7edac82fa47b61542712a,0x09cfee647fa339133380191c8db6b44f24500c9d,0x77b85afbcd336993ac1c65057531c5a5b33b76b8,2026-08-12T11:32:41,high_gas_used_context;token_activity_burst,0xa9059cbb,false
25736243,0x6e184cc7dc58434c2670e9f03cf910bec22c2556609c228bf9147c67d759e87d,0x49e1bf431e9bbbd8e57afcd21ccac3f30e7d98d3,0x28b1dc1a5e3699a428bc51d234dfab7c9cb2a183,2026-08-12T11:32:49,complex_trace;high_gas_used_context,0xf2c42696,true
25736243,0xbc34ea0ccccf22d9e92b696aefa99714e713a0d556266d35dd8f9161f981808a,0xc7fa100c56d08c84a58e01b2de88f186a5f61138,0x03f34be1bf910116595db1b11e9d1b2ca5d59659,2026-08-12T11:32:49,dense_internal_fund_flow;complex_trace,0xe47d166c,true
25736243,0x3f4e7d8e518a564f643193e99b270ff26ab032b5bb54f1d8555eaacc07b3981a,0xe487832018fbd594c84f1db3dfac61cde98a5f36,0x91ff8bbd8ebb07893010d50a48a1609e5ebd8e34,2026-08-12T11:32:50,complex_trace;high_gas_used_context,0x069d1525,false
25736243,0x637f9324523ef24d61fdb44f006f597a085d513b8cfd1ccc5a5705cec7897f5c,0xabf2c0d89e85bfa8587c5cedc39cd7a89289fb9a,0x3d90f66b534dd8482b181e24655a9e8265316be9,2026-08-12T11:32:50,complex_trace;high_gas_used_context;token_activity_burst,0x47ee97ff,true
25736243,0x28311a46094090ac22a47f5cbed0faf6fbaf0cd9dab2ce25084358a7ee1d3359,0xdda3b51e29f9d6fad865c5dd7070d5f7eb57663e,0x8d8210a0252a706cb5de0c6f8e46b6d3692afc19,2026-08-12T11:32:51,complex_trace;high_gas_used_context,0xffc3a769,false
25736243,0x50ee40791637e865f2c3cee602b9659c2443e3bc53ccf55d19523b6d8115e500,0x1584a8ee67789d1fe161065388657ad2f2a3c7dd,0x77eb52e44db06777bce478159f25c0d55a295314,2026-08-12T11:32:51,repeated_internal_token_drain;dense_internal_fund_flow;very_complex_trace;high_gas_used_context;token_activity_burst;repeated_risky_internal_calls,0xa9059cbb,true
25736243,0x81fcf952fdff1d53aee80d42a535806237ebf4b854e66b4f0a7a7a0a042e90e1,0x59aab1bd0d26290274398c07b55955c15425e16b,0x00fe78205f5f0e63b8ad2b2ae5337f538a610e04,2026-08-12T11:32:51,repeated_internal_token_drain;dense_internal_fund_flow;complex_trace;high_gas_used_context;token_activity_burst;repeated_risky_internal_calls,0x34fcd5be,true
25736243,0xb854613171fb3c80ff7c013f1928e590eeec2d631b4148d7d2714420bdc5d80a,0x80d04079ffc53eb14edbeeb37279d126f45552df,0x5028411219ed41237eb48676abb132d565a96a97,2026-08-12T11:32:52,complex_trace;token_activity_burst,0x8aaa8f3b,false
25736244,0x29ce6198b479e85097fd3abec3f6ba4f38492bf2f1a1a4e5b334f67ff0d073a1,0x883a95fdf8df78e7128fced0e9d931a687ff542f,0x6f714629052538051c41d5965369bec0eea594e3,2026-08-12T11:33:00,complex_trace;high_gas_used_context,0x586146e0,false
25736244,0xdc380bfd4277f35ebce8f61f15210467bd606225e1e2499c96eb7e2908c875e3,0x4833a79946cdaa89c830d12372d209233edaa5a0,0xb4769e9c5be31199a25ecd1b0c6609183fa72521,2026-08-12T11:33:00,dense_internal_fund_flow;complex_trace;high_gas_used_context,0xa11b1198,true
25736244,0x39f25973c8b9fb9c0e89290297a4a47bf4481853097e214f84ab1e832cb2d628,0xe487832018fbd594c84f1db3dfac61cde98a5f36,0x91ff8bbd8ebb07893010d50a48a1609e5ebd8e34,2026-08-12T11:33:02,complex_trace;high_gas_used_context,0x069d1525,false
25736244,0xeb9f8296d2d0936169fe5d9fcce250f674ce9c816b382919ce49fae3057da91f,0x7830c87c02e56aff27fa8ab1241711331fa86f43,0xa9d1e08c7793af67e9d92fe308d5697fb81d3e43,2026-08-12T11:33:02,large_erc20_asset_flow,0xca350aa6,true
25736245,0x6b77b07eb10437bfeeba5442861a9aedaaf60512598f94c722a6e914b7c842a6,0xe487832018fbd594c84f1db3dfac61cde98a5f36,0x91ff8bbd8ebb07893010d50a48a1609e5ebd8e34,2026-08-12T11:33:15,complex_trace;high_gas_used_context,0x069d1525,false
25736245,0xcbad33d01998b829466cc9caa5334f7c75c4781455812edbf55de46934898270,0x8ec85901f390dc55a848561ed1bbb062f64ebf78,0x0837e20d15585b4ca5c1a3fcedccf8f72855cb56,2026-08-12T11:33:15,large_erc20_asset_flow;complex_trace;high_gas_used_context,0xd6bda0c0,true
25736245,0x1d43a0824e95f02e26dbe70652647517a9bbd4d5084c48635b935cc894d388e5,0x1584a8ee67789d1fe161065388657ad2f2a3c7dd,0x77eb52e44db06777bce478159f25c0d55a295314,2026-08-12T11:33:16,repeated_internal_token_drain;dense_internal_fund_flow;very_complex_trace;high_gas_used_context;token_activity_burst;repeated_risky_internal_calls,0xa9059cbb,true
25736245,0x34105964bdc6239ea9dd28b3029c9b4cb4406344911676892c08085aeb92c177,0x80d04079ffc53eb14edbeeb37279d126f45552df,0x5028411219ed41237eb48676abb132d565a96a97,2026-08-12T11:33:16,repeated_internal_token_drain;dense_internal_fund_flow;complex_trace;token_activity_burst;repeated_risky_internal_calls,0x8aaa8f3b,true
25736245,0x5b2deda2ae46f18c4d0b1b0b1ae0024797d342ba266f359e3d926c0ba2148622,0xcdc5906f97878b1f40fd7f6c9c2fac0d7da93976,0xbeef047a543e45807105e51a8bbefcc5950fcfba,2026-08-12T11:33:16,large_erc20_asset_flow,0xba087652,true
25736246,0x61da7f8ca56b1475a270a7faf38c73686e4b932e33959135272e4a40e87b7e8f,0xdda3b51e29f9d6fad865c5dd7070d5f7eb57663e,0x8d8210a0252a706cb5de0c6f8e46b6d3692afc19,2026-08-12T11:33:26,complex_trace;high_gas_used_context,0xffc3a769,false
25736246,0x8118191e16d8636d63639211f2bb8906c07b8cf891a938edc752cf6283f2db12,0xe487832018fbd594c84f1db3dfac61cde98a5f36,0x91ff8bbd8ebb07893010d50a48a1609e5ebd8e34,2026-08-12T11:33:26,complex_trace;high_gas_used_context,0x069d1525,false
25736246,0x21961c6b4b25cd8b7d74100ab3ab574816a6e7c8d56fd8f06f9b26d22027db7b,0x3cfdc212769c890907bce93d3d8c2c53de6a7a89,0x0000000071727de22e5e9d8baf0edac6f37da032,2026-08-12T11:33:27,privileged_execution_context;complex_trace,0x765e827f,false
25736246,0x91657c1f654adb21a2c590c0df3dc4bf5e102b205cdfde930fba79da40fb26c1,0x59aab1bd0d26290274398c07b55955c15425e16b,0x00fe78205f5f0e63b8ad2b2ae5337f538a610e04,2026-08-12T11:33:27,complex_trace;high_gas_used_context,0x34fcd5be,false
25736247,0xf94990874c90ea2169926b0706b5cde43dc98baba5dc0c65c282b4222e0196da,0x95c0af87596f9552ffb507a25f2d76b52a4397db,0xb300000b72deaeb607a12d5f54773d1c19c7028d,2026-08-12T11:33:34,large_erc20_asset_flow;very_complex_trace;high_gas_used_context;token_activity_burst;approval_burst,0x810c705b,true
25736247,0x387d2be0d7dbcceca48dee7a8e75d96cc231610227d1532a15488b35cfe00235,0xe487832018fbd594c84f1db3dfac61cde98a5f36,0x91ff8bbd8ebb07893010d50a48a1609e5ebd8e34,2026-08-12T11:33:35,complex_trace;high_gas_used_context,0x069d1525,false
25736247,0xeb204bd3b7be5cff5663c1bc5322e02ed2e0c03d36ca87979f73053573c950e0,0x1584a8ee67789d1fe161065388657ad2f2a3c7dd,0x77eb52e44db06777bce478159f25c0d55a295314,2026-08-12T11:33:35,repeated_internal_token_drain;dense_internal_fund_flow;very_complex_trace;high_gas_used_context;token_activity_burst;repeated_risky_internal_calls,0xa9059cbb,true
25736248,0x7d3e6ebe9e8be2a56ce27a47c90b837d360c7fedc72b9aa4697fc488ffddf528,0xe487832018fbd594c84f1db3dfac61cde98a5f36,0x91ff8bbd8ebb07893010d50a48a1609e5ebd8e34,2026-08-12T11:33:46,complex_trace;high_gas_used_context,0x069d1525,false
25736248,0xbccd964b62f01cb38f3d75f3439daab04d2ab7dff33c891d0b0c413f7251c88c,0xdda3b51e29f9d6fad865c5dd7070d5f7eb57663e,0x8d8210a0252a706cb5de0c6f8e46b6d3692afc19,2026-08-12T11:33:46,complex_trace;high_gas_used_context,0xffc3a769,false
25736249,0x0e1d4b0717a883758536798a5e96c2bab213c19a4f35d1ecddb64ebbdab4d6e2,0x8ec85901f390dc55a848561ed1bbb062f64ebf78,0xc5184cccf85b81eddc661330acb3e41bd89f34a1,2026-08-12T11:33:54,large_erc20_asset_flow;complex_trace;high_gas_used_context,0xd41ddc96,true
25736249,0xb1af0b63b6732e193c58ab2f0e14078be64637b0b0d8d336d3e0e690f181a314,0x7830c87c02e56aff27fa8ab1241711331fa86f43,0xa9d1e08c7793af67e9d92fe308d5697fb81d3e43,2026-08-12T11:33:54,dense_internal_fund_flow,0x1a1da075,true
25736249,0x26c9eeb8f256e22d7f8388d9aa0394c06251f8dbf7c7c127bd75a6b10fd0273e,0xe487832018fbd594c84f1db3dfac61cde98a5f36,0x91ff8bbd8ebb07893010d50a48a1609e5ebd8e34,2026-08-12T11:33:55,complex_trace;high_gas_used_context,0x069d1525,false
25736249,0x3762d679a4ba7377f9e8f0c38f3f84adebaf06caa9cf5e03f163dc3ea769de20,0x1584a8ee67789d1fe161065388657ad2f2a3c7dd,0x77eb52e44db06777bce478159f25c0d55a295314,2026-08-12T11:33:55,repeated_internal_token_drain;dense_internal_fund_flow;very_complex_trace;high_gas_used_context;token_activity_burst;repeated_risky_internal_calls,0xa9059cbb,true
25736251,0x9558743a1193daad13d5bf88b952582cb674d68eb9a109ef64dd5525c0743c7b,0x59aab1bd0d26290274398c07b55955c15425e16b,0x00fe78205f5f0e63b8ad2b2ae5337f538a610e04,2026-08-12T11:34:03,complex_trace;high_gas_used_context,0x34fcd5be,false
25736252,0x057e7dfa6ab0c2a55e8a0f5bf4bbd0fed51e730414cd77f55d9b0f193fe89ec8,0xe487832018fbd594c84f1db3dfac61cde98a5f36,0x91ff8bbd8ebb07893010d50a48a1609e5ebd8e34,2026-08-12T11:34:19,complex_trace;high_gas_used_context,0x069d1525,false
25736252,0x59f44237e25c8901bff59c80810cce51c0852fec36a969fc8a90cdb470937e21,0x8ec85901f390dc55a848561ed1bbb062f64ebf78,0x0837e20d15585b4ca5c1a3fcedccf8f72855cb56,2026-08-12T11:34:19,large_erc20_asset_flow;complex_trace;high_gas_used_context,0xd6bda0c0,true
25736252,0x75a92efb5805793dfcc38f9a3dba377e46cf1038d25f593cb12397245b992a4c,0xca7ded7e4f4ba8ab3b10009236ae6d1b95094589,0xccc88a9d1b4ed6b0eaba998850414b24f1c315be,2026-08-12T11:34:19,dense_internal_fund_flow;complex_trace,0x0a2b8f36,true
25736252,0xd4d8a3be405bef1a9625e33639dd96b237511b484e6b7f6736f367393d0a2b77,0xe487832018fbd594c84f1db3dfac61cde98a5f36,0x91ff8bbd8ebb07893010d50a48a1609e5ebd8e34,2026-08-12T11:34:19,complex_trace;high_gas_used_context,0x069d1525,false
25736252,0xf6d8e5ba32c7268ad478c5d591b5398c0f55fd396aec72149c6fa6d657f6a04c,0xdda3b51e29f9d6fad865c5dd7070d5f7eb57663e,0x8d8210a0252a706cb5de0c6f8e46b6d3692afc19,2026-08-12T11:34:19,complex_trace;high_gas_used_context,0xffc3a769,false
25736252,0x3985cabe201b4ba20281efb9bc671108c783ab45a86d91663ef5286459b54051,0x2f35823ed15f5501e885de10bf6ea0c1ee6c7c93,0xb300000b72deaeb607a12d5f54773d1c19c7028d,2026-08-12T11:34:20,large_erc20_asset_flow;complex_trace;high_gas_used_context;token_activity_burst;approval_burst,0x810c705b,true
25736253,0x70c9c3d72dc16a69e171b8e02b974050351bdd0f0bd50e031abf3b126bc206af,0xe487832018fbd594c84f1db3dfac61cde98a5f36,0x91ff8bbd8ebb07893010d50a48a1609e5ebd8e34,2026-08-12T11:34:30,complex_trace;high_gas_used_context,0x069d1525,false
25736253,0x759b79a7e0150d550b679210a9b9fb34503417abda36b3fc7ebabaec51b63349,0x1584a8ee67789d1fe161065388657ad2f2a3c7dd,0x77eb52e44db06777bce478159f25c0d55a295314,2026-08-12T11:34:30,repeated_internal_token_drain;dense_internal_fund_flow;very_complex_trace;high_gas_used_context;token_activity_burst;repeated_risky_internal_calls,0xa9059cbb,true
25736253,0x83b72f5fbb466e510c9dd773f2605a7c99ed1e148f2c8b5032009dc480e51b6f,0xc6acbee42e9e323140c1ed060c2f6ea9cc3b4b75,0x7c5a71c9fefbc7691f9d4ac7baf70c743792f716,2026-08-12T11:34:30,selfdestruct_context,0xf3fef3a3,false
25736253,0xbfeadbae472a206e7a8d5ccd8262e93b043967644046097a2530c162d619b720,0x43370146366cfea21302962ae3a558d72bbcc487,0x4337084d9e255ff0702461cf8895ce9e3b5ff108,2026-08-12T11:34:30,complex_trace;high_gas_used_context;approval_burst,0x765e827f,false
25736254,0x71dc2417175066e7fc9699b507067e627a139b2e7c0b0383ffee6fa0e0d7e085,0x7830c87c02e56aff27fa8ab1241711331fa86f43,0xa9d1e08c7793af67e9d92fe308d5697fb81d3e43,2026-08-12T11:34:33,dense_internal_fund_flow,0x1a1da075,true
25736255,0x7d0c014e13b75b3406391ec26a08fdc58377d32648230677ce55227a55f50e67,0xc912027e7143b98ae64aedaa8f60cecb641bc247,0x52b335fd4d229c4b4ffa6190526e4b5fb8e3fb09,2026-08-12T11:34:49,dense_internal_fund_flow;complex_trace,0x085c8c5e,true
25736255,0x14b70bdd05db01e388a0ba2f5057416184224f707a7150677408083e70997150,0xc3489c9782131460d77c1e8b71ab47bfd27ff8e7,0x100daa78fc509db39ef7d04de0c1abd299f4c6ce,2026-08-12T11:34:50,complex_trace;high_gas_used_context,0x2e4af52a,true
25736255,0x55a2971f9c1a5fa3fc860eb0cf9086cd001554c0aaf9280a5e7ff72e71b6cb12,0x30a12471c8585da2240b5fed145f4bc68f8fe478,0xf9280799c85d376e0425f6fb38e4a674e8bedb56,2026-08-12T11:34:50,dense_internal_fund_flow,0x39ecce49,true
25736255,0xfb86d4d0a2ebf2c7891bce403d845d58a39f8d63b432e9a7f4f131b1dd283ff7,0xc6acbee42e9e323140c1ed060c2f6ea9cc3b4b75,0x7c5a71c9fefbc7691f9d4ac7baf70c743792f716,2026-08-12T11:34:50,selfdestruct_context,0xf3fef3a3,true
25736255,0x03f0643766914796a145c3dccaa2ac487360165cc0e68e0554bc2bc03e88d582,0xaa25d23af9903a93fdee91c0457c67812276370d,,2026-08-12T11:34:53,privileged_execution_context;high_gas_used_context;contract_creation_context,0x60a06040,false
25736255,0x18edeebb6d2c0b811d792d95bac930fca9784cf2c958f098a3826b72988ab574,0x3cfdc212769c890907bce93d3d8c2c53de6a7a89,0x0000000071727de22e5e9d8baf0edac6f37da032,2026-08-12T11:34:53,privileged_execution_context;complex_trace,0x765e827f,false
25736255,0x6ec08482fd422546bddd1989a12b05a7ed1943a377d42784745b0c665a591304,0xba887c8e396f24e0817be13839850de454ac7e45,0xca11bde05977b3631167028862be2a173976ca11,2026-08-12T11:34:53,large_erc20_asset_flow;privileged_execution_context;complex_trace;high_gas_used_context,0x252dba42,true
25736255,0x91c7946557a5c13fd5a0958b86272fa42c246d6ab2608ebf16c9e25508ab91e8,0xdda3b51e29f9d6fad865c5dd7070d5f7eb57663e,0x8d8210a0252a706cb5de0c6f8e46b6d3692afc19,2026-08-12T11:34:53,complex_trace;high_gas_used_context,0xffc3a769,false
25736255,0xc7efed0e14154f5245cb89f3da24f732b704148eeab189b006d784060efc6016,0xe487832018fbd594c84f1db3dfac61cde98a5f36,0x91ff8bbd8ebb07893010d50a48a1609e5ebd8e34,2026-08-12T11:34:53,complex_trace;high_gas_used_context,0x069d1525,false
25736256,0x81090259653b086366727c4205d3f9700d9c4f32e055b55c620a536e34b7a482,0x59aab1bd0d26290274398c07b55955c15425e16b,0x00fe78205f5f0e63b8ad2b2ae5337f538a610e04,2026-08-12T11:35:05,complex_trace;high_gas_used_context,0x34fcd5be,false
25736256,0xb70159151dab798bcc96fbc8f3a89c9dd1cf605d218a2bf61fce7ff6b95ab2f8,0x1584a8ee67789d1fe161065388657ad2f2a3c7dd,0x77eb52e44db06777bce478159f25c0d55a295314,2026-08-12T11:35:05,repeated_internal_token_drain;dense_internal_fund_flow;very_complex_trace;high_gas_used_context;token_activity_burst;repeated_risky_internal_calls,0xa9059cbb,true
25736257,0xfd9a43fa23f16e187d023b17758010628818129b60e20bfd478cde51073f854f,0x1584a8ee67789d1fe161065388657ad2f2a3c7dd,0x77eb52e44db06777bce478159f25c0d55a295314,2026-08-12T11:35:19,repeated_internal_token_drain;dense_internal_fund_flow;very_complex_trace;high_gas_used_context;token_activity_burst;repeated_risky_internal_calls,0xa9059cbb,true
25736258,0x2485469dc50ec453156be1fd7b2113ec976dea214363b923d327e9376f1caa55,0xdda3b51e29f9d6fad865c5dd7070d5f7eb57663e,0x8d8210a0252a706cb5de0c6f8e46b6d3692afc19,2026-08-12T11:35:28,complex_trace;high_gas_used_context,0xffc3a769,false
25736259,0xf23efb4981edcd3c3693dc27665f5ba31f7555a463e50fcdb04a1b09a41cdf9a,0xc6acbee42e9e323140c1ed060c2f6ea9cc3b4b75,0x7c5a71c9fefbc7691f9d4ac7baf70c743792f716,2026-08-12T11:35:36,selfdestruct_context,0xf3fef3a3,false
25736259,0x68e1decee58fcf649de033508216a1e5c5176f601d137a9ae18f3d70dc2fa0d4,0x1584a8ee67789d1fe161065388657ad2f2a3c7dd,0x77eb52e44db06777bce478159f25c0d55a295314,2026-08-12T11:35:38,repeated_internal_token_drain;dense_internal_fund_flow;very_complex_trace;high_gas_used_context;token_activity_burst;repeated_risky_internal_calls,0xa9059cbb,true
25736259,0xa1af2549e71d18a11180d7cffcbd6de89b5871109f4e1366363e30b1bca5990b,0x59aab1bd0d26290274398c07b55955c15425e16b,0x00fe78205f5f0e63b8ad2b2ae5337f538a610e04,2026-08-12T11:35:38,complex_trace;high_gas_used_context,0x34fcd5be,false
25736259,0xe571b94db296e4b6d67e55b471dc7f0031cde0b6bd6ccf3d24fd6152397f7ad8,0x331d9a049d496385998067abf6cbb6371c8d2466,0xb92fe925dc43a0ecde6c8b1a2709c170ec4fff4f,2026-08-12T11:35:38,dense_internal_fund_flow,0xcd6e13f7,true
25736260,0x286271a2684267d35476a57275ad197394390135a3a1f643d6d3a23b507c1818,0xd046914857af068e61a08b965d0459d26cc145af,0xd523794c879d9ec028960a231f866758e405be34,2026-08-12T11:35:47,dense_internal_fund_flow;complex_trace,0x76ec871c,true
25736260,0x9ffa0822c0780e8a5dcae1c34ca6905226321229044dd589cca921a8c064db27,0x943810707e090f1bdc486c4c990d43da3b162e52,0xa9d635ef85bc37eb9ff9d6165481ea230ed32392,2026-08-12T11:35:47,complex_trace;high_gas_used_context,0x13d79a0b,false
25736260,0xc8ab751961d6e979a44ca80a43b61f9e8fc3053d056ad0dfa752b65d2180d28b,0x2f35823ed15f5501e885de10bf6ea0c1ee6c7c93,0xb300000b72deaeb607a12d5f54773d1c19c7028d,2026-08-12T11:35:47,large_erc20_asset_flow;complex_trace;high_gas_used_context;token_activity_burst;approval_burst,0x810c705b,true
25736260,0x1410ba9b1d6dd2af7883fdb6e111562676b4a344b2a650404a93634fb1c94844,0x76513487abb1d045b9020815f08144890c0effde,0xd152f549545093347a162dce210e7293f1452150,2026-08-12T11:35:49,repeated_internal_token_drain;dense_internal_fund_flow;complex_trace;high_gas_used_context;token_activity_burst;repeated_risky_internal_calls,0x51ba162c,true
25736260,0xa2f571aa38ec1a728c79319dfcda7de21a28fb65e0fa7140f34915ed6c24c2ec,0xfb1e0720cae259c6169f5a52db7572acc872e67b,0x33636d49fbefbe798e15e7f356e8dbef543cc708,2026-08-12T11:35:49,complex_trace;high_gas_used_context;token_activity_burst,0xe8e9fc2a,false
25736260,0xc3d7eab048c674a9aceee1b2865a01edfab79ba701234dbd8c1caa7e07e617d1,0x76513487abb1d045b9020815f08144890c0effde,0xd152f549545093347a162dce210e7293f1452150,2026-08-12T11:35:49,repeated_internal_token_drain;dense_internal_fund_flow;complex_trace;high_gas_used_context;token_activity_burst;repeated_risky_internal_calls,0x51ba162c,true
25736260,0xc40b60ac4a124730e74c16af4bbd75151fb6fd2341af9c9f67b8854f6356cdf7,0x76513487abb1d045b9020815f08144890c0effde,0xd152f549545093347a162dce210e7293f1452150,2026-08-12T11:35:49,repeated_internal_token_drain;dense_internal_fund_flow;complex_trace;high_gas_used_context;token_activity_burst;repeated_risky_internal_calls,0x51ba162c,true
25736261,0xdd39e713e1fde361ef4e26e536de841ce8f714e218f1a8e2ac44c5ad9eef136d,0x5b43453fce04b92e190f391a83136bfbecedefd1,0xbdb3ba9ffe392549e1f8658dd2630c141fdf47b6,2026-08-12T11:35:55,dense_internal_fund_flow;complex_trace;high_gas_used_context;token_activity_burst,0x000000c3,true
25736261,0x1a26b7dd2c0a21e66905f7a36e1c1c4b78284ca7ca6072efe28a4b14e3a75bf4,0xdda3b51e29f9d6fad865c5dd7070d5f7eb57663e,0x8d8210a0252a706cb5de0c6f8e46b6d3692afc19,2026-08-12T11:35:56,complex_trace;high_gas_used_context,0xffc3a769,false
25736261,0x867454a6455520c40a4b7d3e0b222055f5ea8dde5218bb1f745b44b7cd9eb75e,0x1584a8ee67789d1fe161065388657ad2f2a3c7dd,0x77eb52e44db06777bce478159f25c0d55a295314,2026-08-12T11:35:56,repeated_internal_token_drain;dense_internal_fund_flow;very_complex_trace;high_gas_used_context;token_activity_burst;repeated_risky_internal_calls,0xa9059cbb,true
25736261,0x9a479bb61bedfb93a5ceb4987151b1d5b70174b8cab837a69f87edaee3a9ab54,0x09cfee647fa339133380191c8db6b44f24500c9d,0x77b85afbcd336993ac1c65057531c5a5b33b76b8,2026-08-12T11:35:56,complex_trace;high_gas_used_context;token_activity_burst,0xa9059cbb,false
25736262,0x30e79c23a1843d4540ef3c08d877c6e802b8ce4193a778b48e4dd50447e6f884,0x80d04079ffc53eb14edbeeb37279d126f45552df,0x5028411219ed41237eb48676abb132d565a96a97,2026-08-12T11:36:01,repeated_internal_token_drain;dense_internal_fund_flow;complex_trace;token_activity_burst;repeated_risky_internal_calls,0x8aaa8f3b,true
25736262,0x6a858eecd72808481445ec48f6268055bda796363933c9e9eee142ff237ad701,0x59aab1bd0d26290274398c07b55955c15425e16b,0x00fe78205f5f0e63b8ad2b2ae5337f538a610e04,2026-08-12T11:36:01,complex_trace;high_gas_used_context,0x34fcd5be,false
25736262,0x7265b1305ee8c76b1c0515dba73666ebce1e989da24bd31f77b4eb10770392ef,0xce54f65abb8b61b83c14cbe97de97fce75bbf556,0x0000000071727de22e5e9d8baf0edac6f37da032,2026-08-12T11:36:03,complex_trace;high_gas_used_context;token_activity_burst,0x765e827f,false
25736262,0xda47c745bafb772dcdf2865488e12c449494f7e109875ef476b9b492ffa5968a,0x50bf934781f63028c5c8ef49c4affe19a86d99b6,0x8d04cc7e86e687854eb41d9d43512b655b93184b,2026-08-12T11:36:03,selfdestruct_context,0xb5291b32,false
25736262,0xf75dffdb12fed4902b029ecf962777544a13ac1e6d198c49a6697329eca760cf,0x9fc3da866e7df3a1c57ade1a97c9f00a70f010c8,0xfeeeeee44046c3f61a8cc081e0918ef0de0a7ffc,2026-08-12T11:36:04,selfdestruct_context,0x6a7be99b,true
25736263,0x2f27dcf92055ef007b864b8abd2b04241940ea60f6c6d7df2b955eaebd83d74e,0x59aab1bd0d26290274398c07b55955c15425e16b,0x00fe78205f5f0e63b8ad2b2ae5337f538a610e04,2026-08-12T11:36:20,complex_trace;high_gas_used_context,0x34fcd5be,false
25736263,0x3f74c1423c704efcdb097a4150b15a03abf11789c0d6f421447a3ed777fcc844,0x1584a8ee67789d1fe161065388657ad2f2a3c7dd,0x77eb52e44db06777bce478159f25c0d55a295314,2026-08-12T11:36:20,repeated_internal_token_drain;dense_internal_fund_flow;very_complex_trace;high_gas_used_context;token_activity_burst;repeated_risky_internal_calls,0xa9059cbb,true
25736263,0x3f857d11c15f0dfbb49e8ed7094db23e8625ec3b295807ac83151c148069deba,0xacfd483623275e605aff38ac784babd2d3e27c6d,0x28b1dc1a5e3699a428bc51d234dfab7c9cb2a183,2026-08-12T11:36:20,complex_trace;high_gas_used_context,0x0c307f76,true
25736263,0x739496eac53f41c60559b805f4dda6eebdae7157aa1958d7e1016d397d952829,0x5fb1543726021edc069c3f5015fadf0bde9c8dcf,0x28b1dc1a5e3699a428bc51d234dfab7c9cb2a183,2026-08-12T11:36:20,complex_trace;high_gas_used_context;token_activity_burst,0x0c307f76,false
25736263,0xb7ee8578f7d23cffbcaf7bb3e08c05960232eab913ab6211b6b97e08db293d81,0xdda3b51e29f9d6fad865c5dd7070d5f7eb57663e,0x8d8210a0252a706cb5de0c6f8e46b6d3692afc19,2026-08-12T11:36:20,complex_trace;high_gas_used_context,0xffc3a769,false
25736263,0xd7ceb9405ede3b6cf3f389a3a509646d5e9c622dff15a3806a5862d6ee000523,0x8ec85901f390dc55a848561ed1bbb062f64ebf78,0xc5184cccf85b81eddc661330acb3e41bd89f34a1,2026-08-12T11:36:20,large_erc20_asset_flow;complex_trace;high_gas_used_context,0xd41ddc96,true
25736264,0x14850f593a5057f8146f73b1456414880d2fdc8b8b363bf36d1f54063eb16566,0xc6acbee42e9e323140c1ed060c2f6ea9cc3b4b75,0x7c5a71c9fefbc7691f9d4ac7baf70c743792f716,2026-08-12T11:36:32,selfdestruct_context,0xf3fef3a3,false
25736264,0x9f6308b3570275d9230835bc74cb1a97029142feb3cfa00be320e94507049c42,0xbbec1e624f65c6426305da9dd4b1c2abf5d5d56a,0xd6c1b15716742689c5b33c19c78d9d2a1494bf33,2026-08-12T11:36:32,complex_trace;high_gas_used_context,0x5f974be9,false
25736264,0xf4d14edb6322ea610f5eae7596ccabdec1cc83bc0b32929e5658edebe270a889,0x1584a8ee67789d1fe161065388657ad2f2a3c7dd,0x77eb52e44db06777bce478159f25c0d55a295314,2026-08-12T11:36:32,repeated_internal_token_drain;dense_internal_fund_flow;very_complex_trace;high_gas_used_context;token_activity_burst;repeated_risky_internal_calls,0xa9059cbb,true
25736265,0x0f12a89b1254f9b4deb6f1fe1b0ecd8983c5f8582c2ed99a34753e61b89b0557,0x4897e542ef9722f4aea7f16308682cf14c2f68a4,0x5c8d0c48810fd37a0a824d074ee290e64f7a8fa2,2026-08-12T11:36:40,large_erc20_asset_flow;complex_trace,0xc7c7f5b3,true
25736265,0x3fa74711ecd424143045efdbf37b75d877cd307d5a81347fc3f61e8b59a9c524,0xdda3b51e29f9d6fad865c5dd7070d5f7eb57663e,0x8d8210a0252a706cb5de0c6f8e46b6d3692afc19,2026-08-12T11:36:40,complex_trace;high_gas_used_context,0xffc3a769,false
25736265,0xecdb35719b1a446ef6700c501914223ba3e47c3cec701111d96d8303219ff8e7,0x4bcbfbd16bfb3dfe53f625d8813cc6be36042f2c,0xccc88a9d1b4ed6b0eaba998850414b24f1c315be,2026-08-12T11:36:40,dense_internal_fund_flow,0xf9e4bab4,true
25736265,0xf28397b7c0cb2d8c31d71e66195d7dc14b56126030329123d554e60539381b86,0x8ec85901f390dc55a848561ed1bbb062f64ebf78,0x0837e20d15585b4ca5c1a3fcedccf8f72855cb56,2026-08-12T11:36:40,large_erc20_asset_flow;complex_trace;high_gas_used_context,0xd6bda0c0,true
25736265,0xf8c78121f90a8085ee69047aa51de2c7c9310cd9a90b70825fb21d63edb43fb7,0xda80613a6368d9fe273c98c6f9a0b25b7bc88975,0xf9280799c85d376e0425f6fb38e4a674e8bedb56,2026-08-12T11:36:40,complex_trace;high_gas_used_context,0x39ecce49,false
25736266,0x0e5e142f2b8ff89d55d9c02992f08e787cb89a2a97d8fe6aa2919f831e3b0fd2,0x17a9aa3f7945fb00c2eb16857baa4adb63da59db,0x0000000071727de22e5e9d8baf0edac6f37da032,2026-08-12T11:36:51,dense_internal_fund_flow;complex_trace,0x765e827f,true
25736266,0x5b9dbc617e2193fa2a61d17de397a6ced268e8ab400750ea22578044c775bd3c,0x1584a8ee67789d1fe161065388657ad2f2a3c7dd,0x77eb52e44db06777bce478159f25c0d55a295314,2026-08-12T11:36:51,repeated_internal_token_drain;dense_internal_fund_flow;very_complex_trace;high_gas_used_context;token_activity_burst;repeated_risky_internal_calls,0xa9059cbb,true
25736266,0x9e20ef215c4c6c891683d7b1652ec0a45a3fd3316851f5dccaa0b979777696a1,0x0cd7e1660d63a6aebda782a2eb7f2875716ac3e8,0x6a000f20005980200259b80c5102003040001068,2026-08-12T11:36:51,large_erc20_asset_flow,0x1a01c532,true
25736267,0x00485cad57ebcc9e6de84fce304fd649f712076aa3bd727c738ca6573809a399,0x76513487abb1d045b9020815f08144890c0effde,0xd152f549545093347a162dce210e7293f1452150,2026-08-12T11:36:55,repeated_internal_token_drain;dense_internal_fund_flow;complex_trace;high_gas_used_context;token_activity_burst;repeated_risky_internal_calls,0x51ba162c,true
25736267,0x0984fc3212d5fb45cb8df7f8bcaff7d7170a0f4ab52c36b52cba55167d2698f1,0xe20446cccbfd5f9038e747f1dea8016ecbd94ae5,0x442be06bb5d13711a22ccd3fa382b72a874c5135,2026-08-12T11:36:55,privileged_execution_context,0xf7b5c341,false
25736267,0x13809600846ed5c3cf03217021f58b32aacf905404cb9b44672bdcff2d8897c8,0x76513487abb1d045b9020815f08144890c0effde,0xd152f549545093347a162dce210e7293f1452150,2026-08-12T11:36:55,repeated_internal_token_drain;dense_internal_fund_flow;complex_trace;high_gas_used_context;token_activity_burst;repeated_risky_internal_calls,0x51ba162c,true
25736267,0x430d134aa02149e518af5cf321c91ae34eeed311fc4cc8083b761f129146f7b1,0x76513487abb1d045b9020815f08144890c0effde,0xd152f549545093347a162dce210e7293f1452150,2026-08-12T11:36:55,repeated_internal_token_drain;dense_internal_fund_flow;complex_trace;high_gas_used_context;token_activity_burst;repeated_risky_internal_calls,0x51ba162c,true
25736267,0x490232952b0d21796cd0319c31de74f6aa2c0466a88ef0cba4b6e4f7030f75e5,0x062ce42cae04c51d04e77e3d64cc8953a2296ffe,0x8a25a24ede9482c4fc0738f99611be58f1c839ab,2026-08-12T11:36:55,large_erc20_asset_flow;complex_trace;high_gas_used_context,0x6a761202,true
25736267,0x607b436c305c222ded128a39e41d5598c46fac55c13a4f075df81ba9d6680dc8,0x76513487abb1d045b9020815f08144890c0effde,0xd152f549545093347a162dce210e7293f1452150,2026-08-12T11:36:55,repeated_internal_token_drain;dense_internal_fund_flow;complex_trace;high_gas_used_context;token_activity_burst;repeated_risky_internal_calls,0x51ba162c,true
25736268,0x021106d03592eb1355d340cf51a79e79645c0b351ed6a8cb4f95fdaa75c75f9c,0x8ec85901f390dc55a848561ed1bbb062f64ebf78,0x45312ea0eff7e09c83cbe249fa1d7598c4c8cd4e,2026-08-12T11:37:11,large_erc20_asset_flow;complex_trace,0x5c9c18e2,true
25736268,0x76ccf29bff681a91f9756261930703e38d2b287b66f3e3c704107dd38c71726c,0x76513487abb1d045b9020815f08144890c0effde,0xd152f549545093347a162dce210e7293f1452150,2026-08-12T11:37:11,repeated_internal_token_drain;dense_internal_fund_flow;complex_trace;high_gas_used_context;token_activity_burst;repeated_risky_internal_calls,0x51ba162c,true
25736268,0x808830017762978e14b3d81a4f95f1ff89af43495cd8afe01d46519e8a339597,0x7abfe03949efa657e717f16d7eddc44ee94d702e,0xb222da0f9c22ad2addcb0b0d6b150f398e44157a,2026-08-12T11:37:11,large_erc20_asset_flow;complex_trace,0xef4d7b75,true
25736268,0xa4eaa8cb6f9e2af82ba557199290b549519b41e55049ed9f1998a81af436515f,0xdda3b51e29f9d6fad865c5dd7070d5f7eb57663e,0x8d8210a0252a706cb5de0c6f8e46b6d3692afc19,2026-08-12T11:37:11,complex_trace;high_gas_used_context,0xffc3a769,false
25736268,0xd18b09b21bff1c2b0129f6bbaa74cceb65bda66f42ccdc50cce1d5888beb6c97,0x59aab1bd0d26290274398c07b55955c15425e16b,0x00fe78205f5f0e63b8ad2b2ae5337f538a610e04,2026-08-12T11:37:11,complex_trace;high_gas_used_context,0x34fcd5be,false
25736268,0xdae87640e1e3e76ea3c00e7c36b8e4d371bc2c2ef9ea7584b511421638674c89,0x1584a8ee67789d1fe161065388657ad2f2a3c7dd,0x77eb52e44db06777bce478159f25c0d55a295314,2026-08-12T11:37:11,repeated_internal_token_drain;dense_internal_fund_flow;very_complex_trace;high_gas_used_context;token_activity_burst;repeated_risky_internal_calls,0xa9059cbb,true
25736268,0x30f73a24c65fcaf6bbc9e8be160ae1d1b701f26fb854cf75cd07c0c5f4bae7bd,0x09cfee647fa339133380191c8db6b44f24500c9d,0x77b85afbcd336993ac1c65057531c5a5b33b76b8,2026-08-12T11:37:12,high_gas_used_context;token_activity_burst,0xa9059cbb,false
25736269,0x2c6f13cdb6c220aa04a0c21de769e269e2234bddd2f0fa3fc4308840f709c0c6,0xfd3b30b795acbc2db5ffb985e1f530e03f6d33f2,0x80a64c6d7f12c47b7c66c5b4e20e72bc1fcd5d9e,2026-08-12T11:37:23,dense_internal_fund_flow,0x3d0e3ec5,true
25736269,0x9f8394fef9395d5ffcc92ae04a6657b148c36b0e4636d598b6b73e6776063887,0x9642b23ed1e01df1092b92641051881a322f5d4e,0xfaf17849fb05a11a4e233f221bac99ca43fc83f8,2026-08-12T11:37:23,large_erc20_asset_flow,0x6b13fcb1,true
25736269,0xbc342390fe292384a3b8744291c1424d38c64193da6d1241c7e3b801f8d99793,0x883a95fdf8df78e7128fced0e9d931a687ff542f,0x6f714629052538051c41d5965369bec0eea594e3,2026-08-12T11:37:23,complex_trace;high_gas_used_context,0x586146e0,false
25736270,0x96d0fcf07b3bf2eafe06c3aa028a45e689af6cc7c8c0c57f754b5fb05145d89d,0x40074ed3469873dfa95edbb8c28ee72c572c6815,0x52b335fd4d229c4b4ffa6190526e4b5fb8e3fb09,2026-08-12T11:37:30,dense_internal_fund_flow;complex_trace;high_gas_used_context,0x085c8c5e,true
25736270,0xa74271a351eeffaa9f9f7aee4360778f5698812e184f2a701b756cc598a9f15e,0x3e00d14c2fc4bada34f57fdadb8e2fb2341eae90,0x1399bb39c241f3b0755a8584205a2f99bdb15bf7,2026-08-12T11:37:30,dense_internal_fund_flow;complex_trace,0x60642803,true
25736270,0x23f891a192a41be279227ba2322967ec13bd068e8e329fd81c15e39299202d66,0x76513487abb1d045b9020815f08144890c0effde,0xd152f549545093347a162dce210e7293f1452150,2026-08-12T11:37:31,repeated_internal_token_drain;dense_internal_fund_flow;complex_trace;high_gas_used_context;token_activity_burst;repeated_risky_internal_calls,0x51ba162c,true
25736270,0x462926cb6d75972b609507c9ba7a0034478ec9e487f810c7d859b4035c07f9d0,0x59aab1bd0d26290274398c07b55955c15425e16b,0x00fe78205f5f0e63b8ad2b2ae5337f538a610e04,2026-08-12T11:37:31,complex_trace;high_gas_used_context,0x34fcd5be,false
25736272,0x007935f1d30905149af82dc3ff0843f15688b79b2e246bd67212b6661d52441c,0x8ec85901f390dc55a848561ed1bbb062f64ebf78,0x2fdd3c0a682e5774205f0f6d3ed3c9d1b9cb9413,2026-08-12T11:37:42,large_erc20_asset_flow;complex_trace;high_gas_used_context,0xd6bda0c0,true
25736272,0x426bf679649eef13db8ec44a3ae6cd5efc52cd1e3dd7b3033ea18cb2e29f5f0d,0x76513487abb1d045b9020815f08144890c0effde,0xd152f549545093347a162dce210e7293f1452150,2026-08-12T11:37:42,repeated_internal_token_drain;dense_internal_fund_flow;complex_trace;high_gas_used_context;token_activity_burst;repeated_risky_internal_calls,0x51ba162c,true
25736272,0x9530864c96a3222d5afbf2395744fb2010ad8fa09358ff4c22a9c05c603449d6,0x76513487abb1d045b9020815f08144890c0effde,0xd152f549545093347a162dce210e7293f1452150,2026-08-12T11:37:42,repeated_internal_token_drain;dense_internal_fund_flow;complex_trace;high_gas_used_context;token_activity_burst;repeated_risky_internal_calls,0x51ba162c,true
25736272,0x9fb22181d97155423f43fbc9b07c26150628c7f0e2912c84d70db3c0c90f67e0,0x76513487abb1d045b9020815f08144890c0effde,0xd152f549545093347a162dce210e7293f1452150,2026-08-12T11:37:42,repeated_internal_token_drain;dense_internal_fund_flow;complex_trace;high_gas_used_context;token_activity_burst;repeated_risky_internal_calls,0x51ba162c,true
25736272,0xf53fa4aff2c7bde585a2fe67d2a0eb69261d6205377c4a43254a12720dc57656,0x76513487abb1d045b9020815f08144890c0effde,0xd152f549545093347a162dce210e7293f1452150,2026-08-12T11:37:42,repeated_internal_token_drain;dense_internal_fund_flow;complex_trace;high_gas_used_context;token_activity_burst;repeated_risky_internal_calls,0x51ba162c,true
25736273,0x29ffcf62814f2590689440b740c10141eb776ffc890209b20c7c4062728bf4cd,0x340fd3b164ce979b103684ee74dc66ca6d5782ba,0xa53638218aa1f6336feea1a7f65facf2866b90a8,2026-08-12T11:37:46,selfdestruct_context,0xf3fef3a3,false
25736273,0x64170a72856fb1891459b661b5b6a673c2940a53437bc0dc13ac6b6c1d567d1e,0x69a47ca9b99414c602dd1ffb2fdb6d6305301676,0xf9280799c85d376e0425f6fb38e4a674e8bedb56,2026-08-12T11:37:46,dense_internal_fund_flow,0x39ecce49,true
25736273,0x9255b341113a056d1f83d9b30b5ad0cb1e7537409de6ba2eb3190abeb642afaf,0x77746d6ffa0bf81eda08b16826d9b1e3068b593c,0x555ce236c0220695b68341bc48c68d52210cc35b,2026-08-12T11:37:46,dense_internal_fund_flow;complex_trace;high_gas_used_context,0xc3c16ee4,true
25736273,0x97d63e627d85b1915543d9f9ca7234a9d7ed9451c8b1e36f348198670daabb6c,0x59aab1bd0d26290274398c07b55955c15425e16b,0x00fe78205f5f0e63b8ad2b2ae5337f538a610e04,2026-08-12T11:37:47,complex_trace;high_gas_used_context,0x34fcd5be,false
25736273,0xd3d9f12e86ec96b12c515194949f5bf874260ed7ea7fd8275642f9bef8144919,0x3cfdc212769c890907bce93d3d8c2c53de6a7a89,0x0000000071727de22e5e9d8baf0edac6f37da032,2026-08-12T11:37:47,privileged_execution_context;complex_trace,0x765e827f,false
25736273,0xe6ac18d569214ef7343a4647e1938b9122c6f340a6ef945d5297356b9a913b2d,0x09cfee647fa339133380191c8db6b44f24500c9d,0x77b85afbcd336993ac1c65057531c5a5b33b76b8,2026-08-12T11:37:47,high_gas_used_context;token_activity_burst,0xa9059cbb,false
25736275,0x4f936e1611f5ae8959d545e6f6dd98e75c9c2e42112bd3188384ddc38f5fbf9f,0x59aab1bd0d26290274398c07b55955c15425e16b,0x00fe78205f5f0e63b8ad2b2ae5337f538a610e04,2026-08-12T11:37:58,complex_trace;high_gas_used_context,0x34fcd5be,false
25736275,0x6c15b2c3bb82fe79bcb8fcd06f680113302ebb066962a16538bc04d76fd1b25f,0xf50ef13e5c29f9cf52b6476997d7d9a9352587e7,0xd90e2f925da726b50c4ed8d0fb90ad053324f31b,2026-08-12T11:37:58,dense_internal_fund_flow;complex_trace,0xb438689f,true
25736276,0x048bf6ea9894a8e3e3cecd43a8c903537da509d7e7310b6e2e3a25e34c0b9dd7,0x76513487abb1d045b9020815f08144890c0effde,0xd152f549545093347a162dce210e7293f1452150,2026-08-12T11:38:02,repeated_internal_token_drain;dense_internal_fund_flow;complex_trace;high_gas_used_context;token_activity_burst;repeated_risky_internal_calls,0x51ba162c,true
25736276,0x25339f11e2b737ad96f533f69bcbe2625e5d8b258dd873f3d736de76957da5d7,0x76513487abb1d045b9020815f08144890c0effde,0xd152f549545093347a162dce210e7293f1452150,2026-08-12T11:38:02,repeated_internal_token_drain;dense_internal_fund_flow;complex_trace;high_gas_used_context;token_activity_burst;repeated_risky_internal_calls,0x51ba162c,true
25736276,0x6a763178174834b00c0acb3cd4173c50b19f6fe613b923b80a892b2275341fd0,0x76513487abb1d045b9020815f08144890c0effde,0xd152f549545093347a162dce210e7293f1452150,2026-08-12T11:38:02,repeated_internal_token_drain;dense_internal_fund_flow;complex_trace;high_gas_used_context;token_activity_burst;repeated_risky_internal_calls,0x51ba162c,true
25736276,0xcb9c6a03fcc0f9539549a2003614427bc876a1c5eb471f2bbfd4678752f8d7e7,0x76513487abb1d045b9020815f08144890c0effde,0xd152f549545093347a162dce210e7293f1452150,2026-08-12T11:38:02,repeated_internal_token_drain;dense_internal_fund_flow;complex_trace;high_gas_used_context;token_activity_burst;repeated_risky_internal_calls,0x51ba162c,true
25736276,0xb2188c1b2bf66ffc6cd475f4a7ca27c318ead435f9654c5595631a94f342a534,0x0cd7e1660d63a6aebda782a2eb7f2875716ac3e8,0x39ea8e7f44e9303a7441b1e1a4f5731f1028505c,2026-08-12T11:38:03,large_erc20_asset_flow;complex_trace;high_gas_used_context,0xd6bda0c0,true
25736277,0x158c2af7f810d2d3c66726f0eb7ae0eef33f50d22748351eae3bb140beefadd0,0x7830c87c02e56aff27fa8ab1241711331fa86f43,0xa9d1e08c7793af67e9d92fe308d5697fb81d3e43,2026-08-12T11:38:12,large_erc20_asset_flow,0xca350aa6,true
25736277,0x21984452c7700f14702d12f4e2c28b741621209a57fbfb3ca7a54a44468f5c98,0xf279dfcdd57e1571c95e2c5b7e2ee453cbcdf77f,0x0000000071727de22e5e9d8baf0edac6f37da032,2026-08-12T11:38:12,dense_internal_fund_flow;complex_trace,0x765e827f,true
25736277,0x3b0f9086306d7b53e08e3f85bbb90d8ae77223c85b5e9ff30d80ddb3ddf4fdaa,0x8ec85901f390dc55a848561ed1bbb062f64ebf78,0xc5184cccf85b81eddc661330acb3e41bd89f34a1,2026-08-12T11:38:12,large_erc20_asset_flow;complex_trace;high_gas_used_context,0xd41ddc96,true
25736277,0x220410d0532d6c42a6e2d3afcb1575d7b9d0d3c6e93b52c6a807a2e9ee2ccf94,0x9fc3da866e7df3a1c57ade1a97c9f00a70f010c8,0xfeeeeee44046c3f61a8cc081e0918ef0de0a7ffc,2026-08-12T11:38:13,selfdestruct_context,0x6a7bea4f,true
25736277,0x368a83e8d1d14f098ac3cc66d8971380b5fb8b91b29233f31100f6967e362614,0x59aab1bd0d26290274398c07b55955c15425e16b,0x00fe78205f5f0e63b8ad2b2ae5337f538a610e04,2026-08-12T11:38:13,complex_trace;high_gas_used_context,0x34fcd5be,false
25736277,0xd098fa560050bacd7a33bdaac77b65883bd7c14b82fa969e164b7560e9af5851,0x1584a8ee67789d1fe161065388657ad2f2a3c7dd,0x77eb52e44db06777bce478159f25c0d55a295314,2026-08-12T11:38:13,repeated_internal_token_drain;dense_internal_fund_flow;very_complex_trace;high_gas_used_context;token_activity_burst;repeated_risky_internal_calls,0xa9059cbb,true
25736278,0x17bec2faa00edd649a76607722b1347737305a7ade9db158069a4e810d448b70,0xa0b8bea007983e6dcd5f17e32b6b7d297c755ac3,0x28b1dc1a5e3699a428bc51d234dfab7c9cb2a183,2026-08-12T11:38:18,dense_internal_fund_flow;complex_trace,0x0c307f76,true
25736278,0x49d4ab3a14787f4e10d70d5efa4853d09936a12786563f77d337ec32ce73de27,0x1584a8ee67789d1fe161065388657ad2f2a3c7dd,0x77eb52e44db06777bce478159f25c0d55a295314,2026-08-12T11:38:18,repeated_internal_token_drain;dense_internal_fund_flow;very_complex_trace;high_gas_used_context;token_activity_burst;repeated_risky_internal_calls,0xa9059cbb,true
25736278,0xc6ecef3b6f980823fa85bd239a8d2368f28577e545e4e7ed5b133659010f2758,0x2f35823ed15f5501e885de10bf6ea0c1ee6c7c93,0xb300000b72deaeb607a12d5f54773d1c19c7028d,2026-08-12T11:38:18,large_erc20_asset_flow;complex_trace;token_activity_burst,0x810c705b,true
25736278,0xd6edba64fd719ab6c66240cab9962d7047f32e5bd69f2f7b2d3ea6ceed34270e,0x3cfdc212769c890907bce93d3d8c2c53de6a7a89,0x0000000071727de22e5e9d8baf0edac6f37da032,2026-08-12T11:38:18,privileged_execution_context;complex_trace,0x765e827f,false
25736279,0x1fac51e8984d4d99801cf33924d94baf1be80a279e5369dc079fdcbdbd96d74d,0x9642b23ed1e01df1092b92641051881a322f5d4e,0xfaf17849fb05a11a4e233f221bac99ca43fc83f8,2026-08-12T11:38:24,large_erc20_asset_flow,0x6b13fcb1,true
25736279,0x7f610a366915eee8a32d57bb713fe9d90aa4a15a2de6422b54136aa2706294ba,0x8ec85901f390dc55a848561ed1bbb062f64ebf78,0x2fdd3c0a682e5774205f0f6d3ed3c9d1b9cb9413,2026-08-12T11:38:24,large_erc20_asset_flow;complex_trace;high_gas_used_context,0xd6bda0c0,true
25736279,0xb5bd204d440ce4cf82a178e7d7fd137bb2a58ed3548989929149c643296779b0,0x2e01cd4db62d9cfd7f2c6c3e6674e91ca2444e97,0x28b1dc1a5e3699a428bc51d234dfab7c9cb2a183,2026-08-12T11:38:24,dense_internal_fund_flow;complex_trace,0xf2c42696,true
25736279,0xc7611dbebdf0f19dcc82502efb5306b8d9b2456042f69636511ecb3795856d4f,0xc351f507c1dfb1d27956024af6ddccb2f1e8176c,0x26d3681dfc9e4c8c79cfbf461adec8a21d5d73c5,2026-08-12T11:38:24,large_erc20_asset_flow;complex_trace,0xf58e03fc,true
25736279,0x93cbc9c90bd6277c5dba5929a7c864f9d90862d84f5bd82f12eadcbe31585d62,0x59aab1bd0d26290274398c07b55955c15425e16b,0x00fe78205f5f0e63b8ad2b2ae5337f538a610e04,2026-08-12T11:38:25,complex_trace;high_gas_used_context,0x34fcd5be,false
25736280,0x7dcbb62fb0a9ffbeaec148de429e4f58908f4e39d206770669d01cc573429fc9,0x76513487abb1d045b9020815f08144890c0effde,0xd152f549545093347a162dce210e7293f1452150,2026-08-12T11:38:30,repeated_internal_token_drain;dense_internal_fund_flow;complex_trace;high_gas_used_context;token_activity_burst;repeated_risky_internal_calls,0x51ba162c,true
25736280,0x88b5c30912459f1444b3e1c787ab5fe8b35f42acf4eaf6175008ee04d7a91dca,0x76513487abb1d045b9020815f08144890c0effde,0xd152f549545093347a162dce210e7293f1452150,2026-08-12T11:38:30,repeated_internal_token_drain;dense_internal_fund_flow;complex_trace;high_gas_used_context;token_activity_burst;repeated_risky_internal_calls,0x51ba162c,true
25736280,0xa775aff0229783d8df99650305fd7bc8c1550ffa704d2a81165d32e37795a208,0x76513487abb1d045b9020815f08144890c0effde,0xd152f549545093347a162dce210e7293f1452150,2026-08-12T11:38:30,repeated_internal_token_drain;dense_internal_fund_flow;complex_trace;high_gas_used_context;token_activity_burst;repeated_risky_internal_calls,0x51ba162c,true
25736280,0xead899935537070f881deaa20df8035ac5c23db0ab8b5a50f04d6bb1842424a2,0x32b3dac3a7fc1aa32caf94a608b4db6b52a62264,0x9d3b78563397395cedf1d3a80e68f32ce37bf38f,2026-08-12T11:38:31,large_mint_to_sender;high_gas_used_context,0x2b85ba38,true
25736280,0x1694cc9c2dea8aa3c18ace8860cdafbbf0b7961c8d246b4e6f6b208e9de6dfe7,0x0e0052a184fd59c6b7e1e99d739802ecb3aec0e4,0xd82461784eb72d4b67cbab077989eb215315e272,2026-08-12T11:38:32,complex_trace;approval_burst,0x805f7b65,false
25736280,0x176fbdaa17e7d9baec1738dba32f2b19b4e2ccb34519e8dc53cbb7cc2cf5b152,0x59aab1bd0d26290274398c07b55955c15425e16b,0x00fe78205f5f0e63b8ad2b2ae5337f538a610e04,2026-08-12T11:38:32,complex_trace;high_gas_used_context,0x34fcd5be,false
25736280,0xf5d0c2a690827b231ab33b8f3f3b4caf49046f6423cd1d1ca2e660b077bd99b7,0x1584a8ee67789d1fe161065388657ad2f2a3c7dd,0x77eb52e44db06777bce478159f25c0d55a295314,2026-08-12T11:38:32,repeated_internal_token_drain;dense_internal_fund_flow;very_complex_trace;high_gas_used_context;token_activity_burst;repeated_risky_internal_calls,0xa9059cbb,true
25736281,0x63a2faf4f0d38737316ef415370d61db350110b8f6c3d5e5eea6f8f5319d960c,0x59aab1bd0d26290274398c07b55955c15425e16b,0x00fe78205f5f0e63b8ad2b2ae5337f538a610e04,2026-08-12T11:38:36,complex_trace;high_gas_used_context,0x34fcd5be,false
25736281,0xb78a2a1b55eb1159e5bfbc4ee5933946d06e986ae61192372f57c5f3f8374823,0x50bf934781f63028c5c8ef49c4affe19a86d99b6,0x8d04cc7e86e687854eb41d9d43512b655b93184b,2026-08-12T11:38:36,complex_trace;selfdestruct_context,0x4a1bf18a,false
25736281,0xee10afa8f93c64e81db3319f24256fcb9f2d7a75592d93e320ce7b6eded00dd5,0x09cfee647fa339133380191c8db6b44f24500c9d,0x77b85afbcd336993ac1c65057531c5a5b33b76b8,2026-08-12T11:38:36,repeated_internal_token_drain;dense_internal_fund_flow;complex_trace;high_gas_used_context;token_activity_burst;repeated_risky_internal_calls,0xa9059cbb,true
25736282,0x48b00a10278f81d7760c10b0cf6400d228b59a02e09b7c0854de35aa91d68b18,0x1206204292d706d6e684cf6f425bd89f179041b2,0x514b9e5467b9eb811519e316263c9099eae546ca,2026-08-12T11:38:42,dense_internal_fund_flow;very_complex_trace;high_gas_used_context;token_activity_burst,0x095ea7b3,true
25736282,0x65b714203a3d725c3cabffa21d12429319d8cb904704187747d1215a577740a1,0x6f22ad44339925ee77ea0cf7c7a87ad6dfe98fbb,0xb300000b72deaeb607a12d5f54773d1c19c7028d,2026-08-12T11:38:44,large_erc20_asset_flow;complex_trace;high_gas_used_context;token_activity_burst,0x810c705b,true
25736282,0xbdc1c70c53725ae4dbe4ac867ab927328b1a769ca5084646fed812eb9780378d,0x59aab1bd0d26290274398c07b55955c15425e16b,0x00fe78205f5f0e63b8ad2b2ae5337f538a610e04,2026-08-12T11:38:44,complex_trace;high_gas_used_context,0x34fcd5be,false
25736283,0xfe36124612ca862b6c480a40aba7fa0f9369f60d94fe3dde1c18c3cdbc7bfb13,0x80d04079ffc53eb14edbeeb37279d126f45552df,0x5028411219ed41237eb48676abb132d565a96a97,2026-08-12T11:38:47,repeated_internal_token_drain;dense_internal_fund_flow;complex_trace;token_activity_burst;repeated_risky_internal_calls,0x8aaa8f3b,true
25736283,0x4f9201372bafa39ad43552972629d0d3520e876ff6281dc8ee57008c79abbb67,0x59aab1bd0d26290274398c07b55955c15425e16b,0x00fe78205f5f0e63b8ad2b2ae5337f538a610e04,2026-08-12T11:38:48,complex_trace;high_gas_used_context;token_activity_burst,0x34fcd5be,false
25736283,0xecebff7826e2970c101930763fa5c0a8cccdbd03e9840b0747b3b240ba4557e4,0x9fc3da866e7df3a1c57ade1a97c9f00a70f010c8,0xfeeeeee44046c3f61a8cc081e0918ef0de0a7ffc,2026-08-12T11:38:48,selfdestruct_context,0x6a7bea97,true
25736284,0x52f5fccedf805be43d68106662538def0eeaf3477c869f8ecaf6894ce9471386,0x8ec85901f390dc55a848561ed1bbb062f64ebf78,0xc5184cccf85b81eddc661330acb3e41bd89f34a1,2026-08-12T11:38:53,large_erc20_asset_flow;complex_trace;high_gas_used_context,0xd41ddc96,true
25736284,0xdd4c9f58acb93676c87e7e3f08a7dae7dd88d3e6069180f65bb241db1d7a4fcc,0x7b49bc3ebbdf7322f31c6449320382bbec3be1b6,0xad3b67bca8935cb510c8d18bd45f0b94f54a968f,2026-08-12T11:38:53,dense_internal_fund_flow;complex_trace;high_gas_used_context;token_activity_burst,0x146ee74d,true
25736284,0xf139021d3a010c26cc51718c50b769dcee4f289187539ba366c1e8c61c242e1f,0x7830c87c02e56aff27fa8ab1241711331fa86f43,0xa9d1e08c7793af67e9d92fe308d5697fb81d3e43,2026-08-12T11:38:53,dense_internal_fund_flow,0x1a1da075,true
25736284,0x78d690c17b535847e96e3a76bb81b55298de54d25582f539385a1f6008b39bd3,0x76513487abb1d045b9020815f08144890c0effde,0xd152f549545093347a162dce210e7293f1452150,2026-08-12T11:38:54,repeated_internal_token_drain;dense_internal_fund_flow;complex_trace;high_gas_used_context;token_activity_burst;repeated_risky_internal_calls,0x51ba162c,true
25736284,0xb321039a81d23de450f4195756662ea8b2c3e87434bf1d3226e0631a99023279,0x59aab1bd0d26290274398c07b55955c15425e16b,0x00fe78205f5f0e63b8ad2b2ae5337f538a610e04,2026-08-12T11:38:54,complex_trace;high_gas_used_context,0x34fcd5be,false
25736284,0xff7cafc6c7b9e03929b3e03a0ca95235aee7c2ef8ebf833b1dcc177508e39eb1,0x1584a8ee67789d1fe161065388657ad2f2a3c7dd,0x77eb52e44db06777bce478159f25c0d55a295314,2026-08-12T11:38:54,repeated_internal_token_drain;dense_internal_fund_flow;very_complex_trace;high_gas_used_context;token_activity_burst;repeated_risky_internal_calls,0xa9059cbb,true
25736285,0x6f987513ea4dc6e2becde47d25b43072f06618b9c4aa2da26e50b0d74d8b5302,0xcbe6fbf5e3c427013688e04d0fde56705890c4be,0xfaae2946e846133af314d1df13684c89fa7d83dd,2026-08-12T11:39:30,complex_trace;high_gas_used_context,0x538f9406,false
25736285,0x21e7e11c901ec4a3571166eecd94ece4202ef0b380d83d6e1e2b33d3b71f9242,0xf062b2882fec6035ab8388d858a3970df25cd7ea,0x6a000f20005980200259b80c5102003040001068,2026-08-12T11:39:31,dense_internal_fund_flow,0x876a02f6,true
25736286,0x1c333f920667f1c397fb582000cac58e99025a2db70ddd95984027d8a73531d4,0x72691247c848177f9cf13f7c3594ad0634981c8d,0x97f021f8d1cb43b35d65be276bbedcf6ef7dbc2d,2026-08-12T11:39:36,complex_trace;high_gas_used_context;approval_burst,0x10404af4,true
25736287,0x4e93069dd311f942b33c51c87a2fb9d77eb50131fdeb1bbff84a609112a886e5,0x7d0779ea1815750213570db47b21afedc0f8776a,0x276748a7c1dcbb824ea6e393962840a50c1021fb,2026-08-12T11:39:42,complex_trace;high_gas_used_context,0x142d5582,false
25736287,0x730c3552aac0fcf1942e8462cd1d6ecce9d7364166e55a75e21068d828292237,0x1206204292d706d6e684cf6f425bd89f179041b2,0x514b9e5467b9eb811519e316263c9099eae546ca,2026-08-12T11:39:42,dense_internal_fund_flow;very_complex_trace;high_gas_used_context;token_activity_burst,0x095ea7b3,true
25736287,0xde3403743b5132e08e5d1902c01d651b67da2b4b7cbaa109148a999c41ac757c,0x5b43453fce04b92e190f391a83136bfbecedefd1,0xbdb3ba9ffe392549e1f8658dd2630c141fdf47b6,2026-08-12T11:39:42,dense_internal_fund_flow,0x000000c3,true
25736287,0x82664b9f536fc00682d186e8d830749a2ca665a7bc86c0988e6614a233ce1516,0x9fe567ecbbea448074a34260d116b6e5411f8a9b,0x881d40237659c251811cec9c364ef91dc08d300c,2026-08-12T11:39:43,dense_internal_fund_flow,0x5f575529,true
25736287,0x8c73b6a3dc94ecdd716c70a5dd92aa75fc52170b155392ba4ab2a6d6a1dbb289,0x654fae4aa229d104cabead47e56703f58b174be4,0x000000000035b5e5ad9019092c665357240f594e,2026-08-12T11:39:43,large_erc20_asset_flow;complex_trace,0x00000004,true
25736287,0x9261d1aefa5eedb16af3899afc1cb71b7f559ef07f58119639b3502db5f64192,0x188a1916cfdd34e4445b6a70bc8a29bfac17c936,,2026-08-12T11:39:43,privileged_execution_context;high_gas_used_context;contract_creation_context,0x60806040,false
25736287,0xc44c90cfa99e5e9e9c98829e1a79c3e7bb24308ec2bfc39a934ddad8695289e8,0xd411d428a63cf4c7029bc53f0e0f56c4933fdbb7,0x6131b5fae19ea4f9d964eac0408e4408b66337b5,2026-08-12T11:39:43,large_erc20_asset_flow;complex_trace,0xe21fd0e9,true
25736287,0xef2c9c06cbd9d96c13ba9e305e87329ce68e0e839fa05830a248ab6d094a8744,0x654fae4aa229d104cabead47e56703f58b174be4,0x000000000035b5e5ad9019092c665357240f594e,2026-08-12T11:39:43,large_erc20_asset_flow;complex_trace,0x00000004,true
25736288,0x5d09ce1701117b964ee724b2a30328fc7f5e6672f87dfc1a1ecdf8aa01e1f4e4,0x76513487abb1d045b9020815f08144890c0effde,0xd152f549545093347a162dce210e7293f1452150,2026-08-12T11:39:48,repeated_internal_token_drain;dense_internal_fund_flow;complex_trace;high_gas_used_context;token_activity_burst;repeated_risky_internal_calls,0x51ba162c,true
25736288,0x6ed7a2a12a7714034e39bcbc7f458b9c06b09e343fac47c3935094909e7b9f4c,0x76513487abb1d045b9020815f08144890c0effde,0xd152f549545093347a162dce210e7293f1452150,2026-08-12T11:39:48,repeated_internal_token_drain;dense_internal_fund_flow;complex_trace;high_gas_used_context;token_activity_burst;repeated_risky_internal_calls,0x51ba162c,true
25736288,0x9da6a883a4173ee4e3f120ba491735600c425d0065755f44ee71cf0e57c1a5db,0x76513487abb1d045b9020815f08144890c0effde,0xd152f549545093347a162dce210e7293f1452150,2026-08-12T11:39:48,repeated_internal_token_drain;dense_internal_fund_flow;complex_trace;high_gas_used_context;token_activity_burst;repeated_risky_internal_calls,0x51ba162c,true
25736288,0xce74704f9dddd955c931839e23088bd21f16a7a9465c39f87f0d3949305970fe,0x76513487abb1d045b9020815f08144890c0effde,0xd152f549545093347a162dce210e7293f1452150,2026-08-12T11:39:48,repeated_internal_token_drain;dense_internal_fund_flow;complex_trace;high_gas_used_context;token_activity_burst;repeated_risky_internal_calls,0x51ba162c,true
25736288,0xcf8a9e9913612d0e9e2acaf8f21d65534503cc54bf832317dff90d83990997ae,0xcbe6fbf5e3c427013688e04d0fde56705890c4be,0xfaae2946e846133af314d1df13684c89fa7d83dd,2026-08-12T11:39:48,complex_trace;high_gas_used_context,0x538f9406,false
25736288,0x483e38eb73cc8cfac744aff85fb3fe49cd66fb52d79ea03fbb3b5c85787846ec,0x80d04079ffc53eb14edbeeb37279d126f45552df,0x5028411219ed41237eb48676abb132d565a96a97,2026-08-12T11:39:49,repeated_internal_token_drain;dense_internal_fund_flow;complex_trace;high_gas_used_context;token_activity_burst;repeated_risky_internal_calls,0x8aaa8f3b,true
25736289,0x1f0fb9730e05004665061b99ba1e0dc2736d65782f468c208cfbe094656d9746,0xc6acbee42e9e323140c1ed060c2f6ea9cc3b4b75,0x7c5a71c9fefbc7691f9d4ac7baf70c743792f716,2026-08-12T11:39:54,selfdestruct_context,0xf3fef3a3,true
25736289,0x226cad8d753bfdb55ad02b83be6110bb5a1cadcf62199fbd4117416c9b0a5939,0xe2da046340e00264c4f0443243a0565007ae08ac,0x0939726264f2667429ef68e2b3734ecfbbad3abb,2026-08-12T11:39:54,complex_trace;high_gas_used_context,0x380db829,false
25736289,0xd08b250d68b7765404bc01f7287f93b9837a6b0a852b318c357c963b8b643834,0xe2da046340e00264c4f0443243a0565007ae08ac,0x595ca88510a9101bd40a244ae92d2a6fc860ea75,2026-08-12T11:39:54,complex_trace;high_gas_used_context,0x380db829,false
25736289,0x1249c529815b96393f8a393090ccda79242c460484dfd7ca58e1fe3d0659a020,0x8ec85901f390dc55a848561ed1bbb062f64ebf78,0x0837e20d15585b4ca5c1a3fcedccf8f72855cb56,2026-08-12T11:39:55,large_erc20_asset_flow;complex_trace;high_gas_used_context;token_activity_burst;approval_burst,0xa053db68,true
25736289,0x6bcee15456ac491951e2573cf5919bf2f97b2ac3ae67292398d388ae133ab685,0x09cfee647fa339133380191c8db6b44f24500c9d,0x77b85afbcd336993ac1c65057531c5a5b33b76b8,2026-08-12T11:39:55,high_gas_used_context;token_activity_burst,0xa9059cbb,false
25736290,0x65f02edc99abdecce7c49c5ef3c7c4405f2502720db0a56645e556244e91465f,0x1584a8ee67789d1fe161065388657ad2f2a3c7dd,0x77eb52e44db06777bce478159f25c0d55a295314,2026-08-12T11:40:00,repeated_internal_token_drain;dense_internal_fund_flow;very_complex_trace;high_gas_used_context;token_activity_burst;repeated_risky_internal_calls,0xa9059cbb,true
25736291,0xc772954d3c46abbaf74467744c4f5450cbc5a435f244b9952054904e708ed715,0xb66310b58c2eae408ce27f5a0f43136770936082,0x111111125421ca6dc452d289314280a0f8842a65,2026-08-12T11:40:06,dense_internal_fund_flow;complex_trace;high_gas_used_context;token_activity_burst,0x07ed2379,true
25736291,0x07828b36591e4b2486eaa75d76f989cd8a0b277bc709226a8aa18cd848c70b84,0x76513487abb1d045b9020815f08144890c0effde,0xd152f549545093347a162dce210e7293f1452150,2026-08-12T11:40:07,repeated_internal_token_drain;dense_internal_fund_flow;complex_trace;high_gas_used_context;token_activity_burst;repeated_risky_internal_calls,0x51ba162c,true
25736291,0x794b28b427293d6594434a5dd221714a87b3791d662945f5ecf1267a38ca6ba0,0xf279dfcdd57e1571c95e2c5b7e2ee453cbcdf77f,0x0000000071727de22e5e9d8baf0edac6f37da032,2026-08-12T11:40:07,dense_internal_fund_flow;complex_trace,0x765e827f,true
25736292,0x52c5d3d2771c8d3d8cb3b65211d346eab4c5e020bfcb42792a8121267db04fa4,0x76513487abb1d045b9020815f08144890c0effde,0xd152f549545093347a162dce210e7293f1452150,2026-08-12T11:40:11,repeated_internal_token_drain;dense_internal_fund_flow;complex_trace;high_gas_used_context;token_activity_burst;repeated_risky_internal_calls,0x51ba162c,true
25736292,0x6ae7af31520690d89f952beb11f13dedaa02c1137f9d803941d20069d69fd531,0x76513487abb1d045b9020815f08144890c0effde,0xd152f549545093347a162dce210e7293f1452150,2026-08-12T11:40:11,repeated_internal_token_drain;dense_internal_fund_flow;complex_trace;high_gas_used_context;token_activity_burst;repeated_risky_internal_calls,0x51ba162c,true
25736292,0xea11235331f42fea76fab44b310664f7b4a58541a4c316436c1af4bdf635f022,0x76513487abb1d045b9020815f08144890c0effde,0xd152f549545093347a162dce210e7293f1452150,2026-08-12T11:40:11,repeated_internal_token_drain;dense_internal_fund_flow;complex_trace;high_gas_used_context;token_activity_burst;repeated_risky_internal_calls,0x51ba162c,true
25736292,0xec01f5a9e31ab76c3233817a54c9a1af5d0375f68f289fc0b23d7a2253b97364,0x76513487abb1d045b9020815f08144890c0effde,0xd152f549545093347a162dce210e7293f1452150,2026-08-12T11:40:11,repeated_internal_token_drain;dense_internal_fund_flow;complex_trace;high_gas_used_context;token_activity_burst;repeated_risky_internal_calls,0x51ba162c,true
25736293,0x6fada817d353b9c0e920c53f57234cfbd16e0b814ba8b280a5311fbe48def7c4,0x8ec85901f390dc55a848561ed1bbb062f64ebf78,0xc5184cccf85b81eddc661330acb3e41bd89f34a1,2026-08-12T11:40:16,large_erc20_asset_flow;very_complex_trace;high_gas_used_context;token_activity_burst,0x0cab937d,true
25736293,0xe516a3279965f4800b62ba03d4c2479e6e1fc5e1d3078d0e3ce227a1562ccc11,0xc3489c9782131460d77c1e8b71ab47bfd27ff8e7,0x0889e9327b98d7d1be3c301a4585ff3330502c9a,2026-08-12T11:40:17,complex_trace;token_activity_burst,0x1fff991f,true
25736293,0xeda2ca9818b19b9b8051f78271e117d0520f99a3ef0c9eb9008499d9aeb0dae0,0x80d04079ffc53eb14edbeeb37279d126f45552df,0x5028411219ed41237eb48676abb132d565a96a97,2026-08-12T11:40:17,repeated_internal_token_drain;dense_internal_fund_flow;complex_trace;high_gas_used_context;token_activity_burst;repeated_risky_internal_calls,0x8aaa8f3b,true
25736293,0xf332fde6ea9ba765941fe98ddc468712c9d2b6ca2bcb82919506835b058bdeb9,0x80d04079ffc53eb14edbeeb37279d126f45552df,0x5028411219ed41237eb48676abb132d565a96a97,2026-08-12T11:40:17,repeated_internal_token_drain;dense_internal_fund_flow;complex_trace;high_gas_used_context;token_activity_burst;repeated_risky_internal_calls,0x8aaa8f3b,true
25736294,0x5d9bd96d28a69738433d3c5b155e6845b3c1029739bcd513bf1be99fbe520d81,0x7830c87c02e56aff27fa8ab1241711331fa86f43,0xa9d1e08c7793af67e9d92fe308d5697fb81d3e43,2026-08-12T11:40:21,dense_internal_fund_flow,0x1a1da075,true
25736294,0xcd5dcd80e5ad1bfc651f286457def055b8c4127aedbc38e26cb933265dfd6077,0xf1da8bdd81d1652d6184de0a1f86f47ae3b57b7a,0x28b1dc1a5e3699a428bc51d234dfab7c9cb2a183,2026-08-12T11:40:21,dense_internal_fund_flow;complex_trace,0x0c307f76,true
25736295,0x10f654b996a30f74481ba56233d8b489276b4b7312584ecd44ea28143a99c88f,0xc2a9d9b3fe872695b8647bc81627d803de0983d2,0x1231deb6f5749ef6ce6943a275a1d3e7486f4eae,2026-08-12T11:40:31,dense_internal_fund_flow,0x1794958f,true
25736295,0x57081ee61c8940c52c881089583367d5a13911ce4d5fa6fc2904ed1678682aef,0xf42a1fccad3fb61da1d4c8168e9b9934dbab2836,0x97caca78ac2a94c67643d07843f85afaa44a3ea5,2026-08-12T11:40:31,dense_internal_fund_flow;complex_trace,0xc02409ba,true
25736295,0xefb7296a6c9b3de68db190a5cf94123c0f8be87fbdd4aea0b292a44cab9c723f,0xf279dfcdd57e1571c95e2c5b7e2ee453cbcdf77f,0x5ff137d4b0fdcd49dca30c7cf57e578a026d2789,2026-08-12T11:40:31,dense_internal_fund_flow;complex_trace,0x1fad948c,true
25736295,0xae98e979dd96f4f3744534f8df8b9647a5a3841935aac367383b627b13d8c5b1,0x6c45b0a56a451a86f67e65ffb090bcde940933cf,0x91ff8bbd8ebb07893010d50a48a1609e5ebd8e34,2026-08-12T11:40:32,complex_trace;high_gas_used_context,0x069d1525,false
25736295,0xcbe6af7150def7961130dd469ca96fdba8fcc5a9bbeae2a520c70a03fbb61294,0x617ccb6d070f08953c2fc481fb19674162e672f1,0x91ff8bbd8ebb07893010d50a48a1609e5ebd8e34,2026-08-12T11:40:32,complex_trace;high_gas_used_context,0x069d1525,false
25736295,0xd51d845282e1589fb3841a335ea649b100a05b9c624849da58a98af09d49f7a7,0x1584a8ee67789d1fe161065388657ad2f2a3c7dd,0x77eb52e44db06777bce478159f25c0d55a295314,2026-08-12T11:40:32,repeated_internal_token_drain;dense_internal_fund_flow;very_complex_trace;high_gas_used_context;token_activity_burst;repeated_risky_internal_calls,0xa9059cbb,true
25736295,0xeedeb5a1b3a3ade7365f1bc6ca60c261be3ffc8da13f6a0d4179d8b0982d136f,0x519727ba7ec956450b4391c88eefbd643fa77b0e,0x89c6340b1a1f4b25d36cd8b063d49045caf3f818,2026-08-12T11:40:32,large_erc20_asset_flow;complex_trace;high_gas_used_context,0x0193b9fc,true
25736296,0xeac1cf1132144d3f3efee84681064a7cbc67bda31d9673d5849c1e0e347d96b1,0x97ef80130ae4683495a03bbefc89790c452ec0c5,0x663dc15d3c1ac63ff12e45ab68fea3f0a883c251,2026-08-12T11:40:41,dense_internal_fund_flow;complex_trace,0x4d8160ba,true
25736296,0x84f7a540af34043bfce5f2d3b9623a2a1d9e59b81128ef9bec463d45b4eb09e0,0x09cfee647fa339133380191c8db6b44f24500c9d,0x77b85afbcd336993ac1c65057531c5a5b33b76b8,2026-08-12T11:40:42,complex_trace;high_gas_used_context;token_activity_burst,0xa9059cbb,false
25736296,0xace27203b8f3b903a59215ed27a23b1176eaca9e87bc675bfadab67524c39394,0x80d04079ffc53eb14edbeeb37279d126f45552df,0x5028411219ed41237eb48676abb132d565a96a97,2026-08-12T11:40:42,repeated_internal_token_drain;dense_internal_fund_flow;complex_trace;high_gas_used_context;token_activity_burst;repeated_risky_internal_calls,0x8aaa8f3b,true
25736297,0x03560c733edecab236e4687e91bf826748f04cc8eb78f4f2b0f138602e9394b4,0xb08b2c3099193bcf05f742ccb7f206635fe243b3,0x91ff8bbd8ebb07893010d50a48a1609e5ebd8e34,2026-08-12T11:40:56,complex_trace;high_gas_used_context,0x069d1525,false
25736297,0x240f3e73e9b6dcfd947e565933366e946b1e104ea55099ba8c70715de42e8766,0x1584a8ee67789d1fe161065388657ad2f2a3c7dd,0x77eb52e44db06777bce478159f25c0d55a295314,2026-08-12T11:40:56,repeated_internal_token_drain;dense_internal_fund_flow;very_complex_trace;high_gas_used_context;token_activity_burst;repeated_risky_internal_calls,0xa9059cbb,true
25736297,0xa4e7d5de61606348dee070a2368408a6132ff9d165f93b533ba02ca6fe363148,0x8ec85901f390dc55a848561ed1bbb062f64ebf78,0xc5184cccf85b81eddc661330acb3e41bd89f34a1,2026-08-12T11:40:56,large_erc20_asset_flow;complex_trace;high_gas_used_context,0xd41ddc96,true
25736297,0x78154a30d96699c2e088e308301dfe189fb125b643b81c36d3cae271dd2a8c92,0x80d04079ffc53eb14edbeeb37279d126f45552df,0x5028411219ed41237eb48676abb132d565a96a97,2026-08-12T11:40:57,repeated_internal_token_drain;dense_internal_fund_flow;complex_trace;token_activity_burst;repeated_risky_internal_calls,0x8aaa8f3b,true
25736298,0x3cf957798deabbcca9769f7f1d09f04fd453353cadddde3526bd47d61ab6a49e,0x76513487abb1d045b9020815f08144890c0effde,0xd152f549545093347a162dce210e7293f1452150,2026-08-12T11:41:05,repeated_internal_token_drain;dense_internal_fund_flow;complex_trace;high_gas_used_context;token_activity_burst;repeated_risky_internal_calls,0x51ba162c,true
25736298,0x86cb7ec57ba59293eadab8767aeca67b5ac4acf76dc0a6a0e62004782dc8bc9b,0x76513487abb1d045b9020815f08144890c0effde,0xd152f549545093347a162dce210e7293f1452150,2026-08-12T11:41:05,repeated_internal_token_drain;dense_internal_fund_flow;complex_trace;high_gas_used_context;token_activity_burst;repeated_risky_internal_calls,0x51ba162c,true
25736298,0x88dace615c5ec2e9bb9604862b34c029e80ad541599e0b57c9f24012df7394a7,0x76513487abb1d045b9020815f08144890c0effde,0xd152f549545093347a162dce210e7293f1452150,2026-08-12T11:41:05,repeated_internal_token_drain;dense_internal_fund_flow;complex_trace;high_gas_used_context;token_activity_burst;repeated_risky_internal_calls,0x51ba162c,true
25736298,0xc5a8d1f58425fd1af51023bd1036168ffe096006a387e43e26899a421564ee24,0x6b063481f8216b5624ec496dd72376bef00faffd,0xa9d635ef85bc37eb9ff9d6165481ea230ed32392,2026-08-12T11:41:05,complex_trace;high_gas_used_context;token_activity_burst,0x13d79a0b,false
25736298,0xd617bc54429d2e45524fb41b1b5966d86dde53374623772a03fcea8919e307ed,0x76513487abb1d045b9020815f08144890c0effde,0xd152f549545093347a162dce210e7293f1452150,2026-08-12T11:41:05,repeated_internal_token_drain;dense_internal_fund_flow;complex_trace;high_gas_used_context;token_activity_burst;repeated_risky_internal_calls,0x51ba162c,true
25736299,0x6624677e24738e3a47ca9e6be216155eec5232391854c3473bf667f79de06e37,0xc2768bf1d837f38e99150d3892648ae1e9e280cf,,2026-08-12T11:41:21,privileged_execution_context;high_gas_used_context;contract_creation_context,0x61018080,false
25736299,0xc387447826966c344d33fcd67343857d41cb7bc229c4a912300e6b386c2167dd,0x6663fdc240cb812353a0bd007a84057ec71980e6,0x144f3f78749ed76a6e16045109643c68f773154e,2026-08-12T11:41:21,complex_trace;high_gas_used_context;token_activity_burst,0x89d7cd93,false
25736299,0xc9d0794e23073d602b9fc8947e0368d6e3054eb30c54f4ff1351740b665d1c78,0x8ec85901f390dc55a848561ed1bbb062f64ebf78,0x2fdd3c0a682e5774205f0f6d3ed3c9d1b9cb9413,2026-08-12T11:41:21,large_erc20_asset_flow;complex_trace;high_gas_used_context;token_activity_burst;approval_burst,0xa053db68,true
25736300,0x121f677b994488326081916ec453cafb21944c9f701dcf6641f4f705ee06f7b5,0xc6acbee42e9e323140c1ed060c2f6ea9cc3b4b75,0x7c5a71c9fefbc7691f9d4ac7baf70c743792f716,2026-08-12T11:41:31,selfdestruct_context,0xf3fef3a3,true
25736300,0xfe71291ebc33e8933f6677bf8326a81a40467be92e06637f3931c6c7d7687824,0xa5c7857bf8c8220403caf189066ce5bac4462705,0x91ff8bbd8ebb07893010d50a48a1609e5ebd8e34,2026-08-12T11:41:31,complex_trace;high_gas_used_context,0x069d1525,false
25736300,0x3d75eff9f837baa2db74b8c25ff5844e7c38bf64a5ba2b010b6ff78fe4df2de8,0x80d04079ffc53eb14edbeeb37279d126f45552df,0x5028411219ed41237eb48676abb132d565a96a97,2026-08-12T11:41:32,complex_trace;token_activity_burst,0x8aaa8f3b,false
25736300,0xdb44741f68100f3584b4ce8fa4ce755737222db2d9604cfd8b68e4369dd2a030,0xc3489c9782131460d77c1e8b71ab47bfd27ff8e7,0x100daa78fc509db39ef7d04de0c1abd299f4c6ce,2026-08-12T11:41:32,complex_trace;high_gas_used_context,0x37671f93,false
25736301,0x792eecff13fd4f7a0df4e66d1177c10ff54e5c60d2c0044673982c777d7f28ec,0x0816cfde9980c2f2296213cf35a9e8c5f2c6b2d9,0x91ff8bbd8ebb07893010d50a48a1609e5ebd8e34,2026-08-12T11:41:40,complex_trace;high_gas_used_context,0x069d1525,false
25736303,0x07764ba71fdb42c0e4e7883f706a6a4efa444b6513b20025beb58405b230364e,0x9eb42f017e793512e4734f8785de605c4cb3a24e,0x4313c378cc91ea583c91387b9216e2c03096b27f,2026-08-12T11:42:09,dense_internal_fund_flow;complex_trace,0xeffbec13,true
25736303,0x383c043ff1542cd77841a458e7a9f82a2df1fbf0e59d9c91deaef0ccf9c4803f,0x76513487abb1d045b9020815f08144890c0effde,0xd152f549545093347a162dce210e7293f1452150,2026-08-12T11:42:10,repeated_internal_token_drain;dense_internal_fund_flow;complex_trace;high_gas_used_context;token_activity_burst;repeated_risky_internal_calls,0x51ba162c,true
25736303,0x3b9dc303fe29979bb66f05b9856fb1e5efc5a038c349010cd1ee3d8871387fbe,0xfe808dbde8d0c71208630798fb4ca958a5a817af,0x337685fdab40d39bd02028545a4ffa7d287cc3e2,2026-08-12T11:42:10,dense_internal_fund_flow;complex_trace,0xfa74fd43,true
25736303,0xc327decb1158809058c7dfaf7ffbbc0a3cd8fca399460763ee910bbee02950c1,0x76513487abb1d045b9020815f08144890c0effde,0xd152f549545093347a162dce210e7293f1452150,2026-08-12T11:42:10,repeated_internal_token_drain;dense_internal_fund_flow;complex_trace;high_gas_used_context;token_activity_burst;repeated_risky_internal_calls,0x51ba162c,true
25736304,0x02f5e45b97e39c48e9906be0d025a7af0eec3c48609f94dd78dc696abb4943dc,0x7830c87c02e56aff27fa8ab1241711331fa86f43,0xa9d1e08c7793af67e9d92fe308d5697fb81d3e43,2026-08-12T11:42:19,dense_internal_fund_flow,0x1a1da075,true
25736304,0x040e79b1aec58ad8c52bbf4a008c87f3388a042a361d616fb640bbede5edec69,0x76513487abb1d045b9020815f08144890c0effde,0xd152f549545093347a162dce210e7293f1452150,2026-08-12T11:42:20,repeated_internal_token_drain;dense_internal_fund_flow;complex_trace;high_gas_used_context;token_activity_burst;repeated_risky_internal_calls,0x51ba162c,true
25736304,0x19e099914a80b6d6b3eecc8119d58f038cbee8dcb20fc7e0ecb6cb18d9dc7cce,0x76513487abb1d045b9020815f08144890c0effde,0xd152f549545093347a162dce210e7293f1452150,2026-08-12T11:42:20,repeated_internal_token_drain;dense_internal_fund_flow;complex_trace;high_gas_used_context;token_activity_burst;repeated_risky_internal_calls,0x51ba162c,true
25736304,0x345f64c8c96064395b8f2f6fbc5da3b93d1ed8b31c3fb89d2e8a97469309742f,0x76513487abb1d045b9020815f08144890c0effde,0xd152f549545093347a162dce210e7293f1452150,2026-08-12T11:42:20,repeated_internal_token_drain;dense_internal_fund_flow;complex_trace;high_gas_used_context;token_activity_burst;repeated_risky_internal_calls,0x51ba162c,true
25736304,0x6732ada274d66b1cbd65df28bf18e98e787aea255f2f5e10079b3c76d1f8cc1c,0x1584a8ee67789d1fe161065388657ad2f2a3c7dd,0x77eb52e44db06777bce478159f25c0d55a295314,2026-08-12T11:42:21,repeated_internal_token_drain;dense_internal_fund_flow;very_complex_trace;high_gas_used_context;token_activity_burst;repeated_risky_internal_calls,0xa9059cbb,true
25736305,0x0d0316a52589dc7de64099d63629d1f39f06333e931f8fc10c16821872f136aa,0x76513487abb1d045b9020815f08144890c0effde,0xd152f549545093347a162dce210e7293f1452150,2026-08-12T11:42:32,repeated_internal_token_drain;dense_internal_fund_flow;complex_trace;high_gas_used_context;token_activity_burst;repeated_risky_internal_calls,0x51ba162c,true
25736305,0x14c33fbc62e0a24dc7b28f1c917b4a4cf03a73fa78b87c323b521bb98bc55696,0x76513487abb1d045b9020815f08144890c0effde,0xd152f549545093347a162dce210e7293f1452150,2026-08-12T11:42:32,repeated_internal_token_drain;dense_internal_fund_flow;complex_trace;high_gas_used_context;token_activity_burst;repeated_risky_internal_calls,0x51ba162c,true
25736305,0x20fddc00f76e292c29416a5a1a15f2cefcf6ec4c324506814c974631bdb3217f,0xc3489c9782131460d77c1e8b71ab47bfd27ff8e7,0x100daa78fc509db39ef7d04de0c1abd299f4c6ce,2026-08-12T11:42:32,complex_trace;high_gas_used_context,0x2e4af52a,true
25736305,0x2fc8b3868c51295e4fd4a1af7a7f7da24351a811d94a295ed7d51eea08e5a921,0xebcbf637ee4a69bf595d135942aa8929a0fc9964,0x28b1dc1a5e3699a428bc51d234dfab7c9cb2a183,2026-08-12T11:42:32,dense_internal_fund_flow;complex_trace;high_gas_used_context;token_activity_burst,0x0c307f76,true
25736305,0xd01449e9f6a8f515f7e7ad93e091823044176690ba45954597f1f04d759f293b,0x76513487abb1d045b9020815f08144890c0effde,0xd152f549545093347a162dce210e7293f1452150,2026-08-12T11:42:32,repeated_internal_token_drain;dense_internal_fund_flow;complex_trace;high_gas_used_context;token_activity_burst;repeated_risky_internal_calls,0x51ba162c,true
25736306,0x3442ce16ee1cb466b6ece1d8a5461a57d50dd7614582f2c94a365fb95256f6a8,0xdda3b51e29f9d6fad865c5dd7070d5f7eb57663e,0x8d8210a0252a706cb5de0c6f8e46b6d3692afc19,2026-08-12T11:42:46,complex_trace;high_gas_used_context,0xffc3a769,false
25736306,0x80f9680cbf97b900b68ee2cc751623d8d9f90bc9b7f6460b2367c90def74a371,0x9d9e5233e399c84cfff5b080f0012987a25a045a,0x91ff8bbd8ebb07893010d50a48a1609e5ebd8e34,2026-08-12T11:42:46,complex_trace;high_gas_used_context,0x069d1525,false
25736306,0xf226f4de908879f6f70ee494d7b5dab1cca38846942fe6431d276769cc2c2f07,0x8ec85901f390dc55a848561ed1bbb062f64ebf78,0x2fdd3c0a682e5774205f0f6d3ed3c9d1b9cb9413,2026-08-12T11:42:46,large_erc20_asset_flow;complex_trace;high_gas_used_context,0xd41ddc96,true
25736307,0xd930387ce5d6d853607b8ef33c5225395f13f06a81c7c2b15395252f0db9679d,0x0cd7e1660d63a6aebda782a2eb7f2875716ac3e8,0x6a000f20005980200259b80c5102003040001068,2026-08-12T11:43:02,large_erc20_asset_flow,0x1a01c532,true
25736307,0xaaae25dfd0c34067ed9732db1f13700ef716cec09cd21b46eded7bbaa6f0eed4,0x1584a8ee67789d1fe161065388657ad2f2a3c7dd,0x77eb52e44db06777bce478159f25c0d55a295314,2026-08-12T11:43:03,repeated_internal_token_drain;dense_internal_fund_flow;very_complex_trace;high_gas_used_context;token_activity_burst;repeated_risky_internal_calls,0xa9059cbb,true
25736307,0xb67df48ea0f3f9dfb15bded3519a3b134608e6c8c17d5a912b3669a03fea4a03,0xdebfa650cd25c549ce78a3be01b7428d83a27d02,0x7a250d5630b4cf539739df2c5dacb4c659f2488d,2026-08-12T11:43:03,dense_internal_fund_flow,0x02751cec,true
25736308,0x3ae3aff10ed7cceff6022c33545274a0f73aae59b5caf1fee67d420073a497b9,0x281343d03766aa9bf7522258702db8e03506162e,0x28b1dc1a5e3699a428bc51d234dfab7c9cb2a183,2026-08-12T11:43:07,complex_trace;high_gas_used_context,0x0c307f76,true
25736309,0xf4b510db98a16a5dd0bd6c24a4ace320b0dee0af406f94ed97f28fe416c2389a,0x59e8d6f220ca9b63b5183b0e034fae81d4c25d93,0xe45572dff1865af5f12208b09ce7506847f628bd,2026-08-12T11:43:25,complex_trace;high_gas_used_context,0x00000000,false
25736309,0x18033ba7ce03c8cb0f3d254cd0deb681c92abdd080480fcc432ae59eea0a67a5,0x76513487abb1d045b9020815f08144890c0effde,0xd152f549545093347a162dce210e7293f1452150,2026-08-12T11:43:26,repeated_internal_token_drain;dense_internal_fund_flow;complex_trace;high_gas_used_context;token_activity_burst;repeated_risky_internal_calls,0x51ba162c,true
25736309,0x6b09f405d77849c0205af5223d17a07ec1b0e862a1865786b182a4c19073bdc7,0x76513487abb1d045b9020815f08144890c0effde,0xd152f549545093347a162dce210e7293f1452150,2026-08-12T11:43:26,repeated_internal_token_drain;dense_internal_fund_flow;complex_trace;high_gas_used_context;token_activity_burst;repeated_risky_internal_calls,0x51ba162c,true
25736309,0xcd7002ed1647127e74efd2891dbe6f117304047f8c566e38d95370e45944a78e,0x76513487abb1d045b9020815f08144890c0effde,0xd152f549545093347a162dce210e7293f1452150,2026-08-12T11:43:26,repeated_internal_token_drain;dense_internal_fund_flow;complex_trace;high_gas_used_context;token_activity_burst;repeated_risky_internal_calls,0x51ba162c,true
25736310,0x5ba65fa32c47449a200446948aaa499c11fb3d00bcae34e3160c67490dbad71d,0xf4893329eee962c531956b7aa948801f05f05095,0x6131b5fae19ea4f9d964eac0408e4408b66337b5,2026-08-12T11:43:29,dense_internal_fund_flow;complex_trace,0xe21fd0e9,true
25736310,0x6551cc42c26287738c6ff2aa0976d9a0136fd9f59fb0e4e15e477ba79fb0ed65,0xc6acbee42e9e323140c1ed060c2f6ea9cc3b4b75,0x7c5a71c9fefbc7691f9d4ac7baf70c743792f716,2026-08-12T11:43:29,selfdestruct_context,0xf3fef3a3,false
25736310,0x7c91c1cb454687f6d16fdbe1b15da9fcb0d58351c8a3f1cdb0a142db8f5dc70b,0x5b43453fce04b92e190f391a83136bfbecedefd1,0xbdb3ba9ffe392549e1f8658dd2630c141fdf47b6,2026-08-12T11:43:29,dense_internal_fund_flow;large_erc20_asset_flow,0x000000c3,true
25736310,0x75447f354d6b6fb59c5b03b9862acb995742e23b16ba648f08d7c49d173e6541,0x1584a8ee67789d1fe161065388657ad2f2a3c7dd,0x77eb52e44db06777bce478159f25c0d55a295314,2026-08-12T11:43:30,repeated_internal_token_drain;dense_internal_fund_flow;complex_trace;high_gas_used_context;token_activity_burst;repeated_risky_internal_calls,0xa9059cbb,true
25736310,0x8522d82f5827d673921ec3796aff92ce35831de63b274ab6e4fd567a925c44f2,0x76513487abb1d045b9020815f08144890c0effde,0xd152f549545093347a162dce210e7293f1452150,2026-08-12T11:43:30,repeated_internal_token_drain;dense_internal_fund_flow;complex_trace;high_gas_used_context;token_activity_burst;repeated_risky_internal_calls,0x51ba162c,true
25736310,0xa7b941b12ba7aa408f23b8fcce9ed8eb77656b7e92bf6d09972ff1c72357d060,0xfeed46c11f57b7126a773eec6ae9ca7ae1c03c9a,0xbeeffabcd0db09589dd21854aa760c52ab4bf04f,2026-08-12T11:43:30,large_erc20_asset_flow;complex_trace;high_gas_used_context;token_activity_burst,0xac9650d8,true
25736310,0xe3ae750a9219353ffa313a0b2945999ce43e8c106fc6121d4b6a355999019373,0x76513487abb1d045b9020815f08144890c0effde,0xd152f549545093347a162dce210e7293f1452150,2026-08-12T11:43:30,repeated_internal_token_drain;dense_internal_fund_flow;complex_trace;high_gas_used_context;token_activity_burst;repeated_risky_internal_calls,0x51ba162c,true
25736310,0xfa2d5a580360ae5355036d1119466b779d5b00f00d1fea35f6fac883f18c8002,0x8ec85901f390dc55a848561ed1bbb062f64ebf78,0x0837e20d15585b4ca5c1a3fcedccf8f72855cb56,2026-08-12T11:43:30,large_erc20_asset_flow;complex_trace;high_gas_used_context,0xd6bda0c0,true
25736311,0x231a67e9ab367bd9c4fb36ff398c5d08920f86e25c58db1078b8e4f61c880c19,0x09cfee647fa339133380191c8db6b44f24500c9d,0x77b85afbcd336993ac1c65057531c5a5b33b76b8,2026-08-12T11:43:47,high_gas_used_context;token_activity_burst,0xa9059cbb,false
25736311,0x2841bb9e5ac6f6c907f2ba5d9abd33c68e805b25e0e8ed7ac69f035cc70ca240,0x5e6e835ec4e69fdaf9cad50cedafc687976d6a22,0x91ff8bbd8ebb07893010d50a48a1609e5ebd8e34,2026-08-12T11:43:47,complex_trace;high_gas_used_context,0x069d1525,false
25736311,0x6487297eb1386bc2f387ccd2fb22319a5e981886de7fe8e99e305f88e504966f,0xdb15831ace6b99f9e4e653c74073c3ab4929f789,0x334f5d28a71432f8fc21c7b2b6f5dbbcd8b32a7b,2026-08-12T11:43:47,large_erc20_asset_flow;complex_trace;high_gas_used_context,0x6e553f65,true
25736311,0xd1ad5be6e46510ceb846f332ee3e5023384b2f41331ca4d2999dc07a8ea95692,0x16b58403d2768988c82eada42330785e1c1aa4e2,0x80ac24aa929eaf5013f6436cda2a7ba190f5cc0b,2026-08-12T11:43:47,large_erc20_asset_flow;complex_trace,0x107703ab,true
25736311,0x8e4aeb20aef50d40b2cf0c1b193e5e4661e752589b9524ce0555c1a4b5e0746b,0x80d04079ffc53eb14edbeeb37279d126f45552df,0x5028411219ed41237eb48676abb132d565a96a97,2026-08-12T11:43:48,repeated_internal_token_drain;dense_internal_fund_flow;complex_trace;token_activity_burst;repeated_risky_internal_calls,0x8aaa8f3b,true
25736311,0xdfd2e0270f7ff5b69d815fe0d2348feeaaec8520155639e46979ce7387da0145,0x80d04079ffc53eb14edbeeb37279d126f45552df,0x5028411219ed41237eb48676abb132d565a96a97,2026-08-12T11:43:48,repeated_internal_token_drain;dense_internal_fund_flow;complex_trace;token_activity_burst;repeated_risky_internal_calls,0x8aaa8f3b,true
25736313,0x0b4037203e609a6e5b3043a9453fcd0e2fc163b612da07120d23a2f4c8e1287b,0x76513487abb1d045b9020815f08144890c0effde,0xd152f549545093347a162dce210e7293f1452150,2026-08-12T11:44:07,repeated_internal_token_drain;dense_internal_fund_flow;complex_trace;high_gas_used_context;token_activity_burst;repeated_risky_internal_calls,0x51ba162c,true
25736313,0x72e33d0531057bffe5b0f0a4f4b05ef7eb8726b02b6f5e7861faa830bb8620e1,0x76513487abb1d045b9020815f08144890c0effde,0xd152f549545093347a162dce210e7293f1452150,2026-08-12T11:44:07,repeated_internal_token_drain;dense_internal_fund_flow;complex_trace;high_gas_used_context;token_activity_burst;repeated_risky_internal_calls,0x51ba162c,true
25736313,0x75bc27bb64c41fb8d5c303a8c02bdd94d49a1bf9e1e8d532a5f1ca185908c1c8,0xace0000086ad143e668a24741cd9407acdfc26f1,0xb8a22be3d948803f490787758ca525136007bd7d,2026-08-12T11:44:07,dense_internal_fund_flow;complex_trace;high_gas_used_context;token_activity_burst,0xd2fca68a,true
25736313,0x879283f948164e7ba9b9ea4327fc60e708acbbcfb29ea85c08d5979772df60f6,0x76513487abb1d045b9020815f08144890c0effde,0xd152f549545093347a162dce210e7293f1452150,2026-08-12T11:44:07,repeated_internal_token_drain;dense_internal_fund_flow;complex_trace;high_gas_used_context;token_activity_burst;repeated_risky_internal_calls,0x51ba162c,true
25736313,0xe31d543a53a03ae19745271b442a1d247a8f86eccf30ddb573d09f2502e30c7f,0x78b595f3853bcb0ae76d8ac61529d36c60f53751,0xc36442b4a4522e871399cd717abdd847ab11fe88,2026-08-12T11:44:07,large_erc20_asset_flow,0x88316456,true
25736313,0x1b0741509b513d9fc2879e1f1b87d50db324fccddba3f0af853c770052d50d0e,0x23f2c14706c8bc510887b2f74d0d640e03a37529,0xb300000b72deaeb607a12d5f54773d1c19c7028d,2026-08-12T11:44:08,dense_internal_fund_flow,0x810c705b,true
25736313,0x21e57e3c3abd847a8d2ffec1c6f9a31b7efb5abd2687250769516bdeb0060362,0xc5e2420f682b155471f2f40df4b99d98ad1ee21c,0xb300000b72deaeb607a12d5f54773d1c19c7028d,2026-08-12T11:44:08,complex_trace;high_gas_used_context;token_activity_burst,0x810c705b,false
25736313,0x3792dad03f97f48b19e5eadd6f2a397d79b236fc1aea7f7f0a60c4e13c5e3f81,0xe93685f3bba03016f02bd1828badd6195988d950,0x173272739bd7aa6e4e214714048a9fe699453059,2026-08-12T11:44:08,complex_trace;high_gas_used_context,0x7cd44734,false
25736313,0x6cb9cc96f574aecd13b9e856ed866394c9b9eea28af8f612e19d70b4cf16a597,0x346d25338f3cbd5a102011ca33a47d26b9400b90,0xacddac6c77318b615f7f6fb9bb67c6833e9c05f1,2026-08-12T11:44:08,large_erc20_asset_flow;complex_trace,0x571d3dc7,true
25736313,0xd97123e2e2759d869af81c25b7d6013573c0c29e7529ad293f709a36bc3b13c0,0x062ce42cae04c51d04e77e3d64cc8953a2296ffe,0x8a25a24ede9482c4fc0738f99611be58f1c839ab,2026-08-12T11:44:08,large_erc20_asset_flow;complex_trace,0x6a761202,true
25736314,0x6071f9516b36b54d5dab1068f35377605bcb8e883e29d3fd16b1c594228a99d3,0x7830c87c02e56aff27fa8ab1241711331fa86f43,0xa9d1e08c7793af67e9d92fe308d5697fb81d3e43,2026-08-12T11:44:21,dense_internal_fund_flow,0x1a1da075,true
25736314,0x431ee3bf23a1f478d870547a50f9701f60e22779053b29de6c27cd031d734d09,0xf4893329eee962c531956b7aa948801f05f05095,0x6131b5fae19ea4f9d964eac0408e4408b66337b5,2026-08-12T11:44:22,dense_internal_fund_flow;complex_trace;high_gas_used_context;token_activity_burst,0xe21fd0e9,true
25736314,0xdd52f7927b7f9994a69b870334c0b74285b029708dfe8a972e423f8dfb09b79a,0xa3ab2b10bf2508a9e4455a35e2f4a9d0ced18464,0x91ff8bbd8ebb07893010d50a48a1609e5ebd8e34,2026-08-12T11:44:22,complex_trace;high_gas_used_context,0x069d1525,false
25736314,0x5aa04525bd920454cdc842c30eb40d904dee5d33b375eb3e1bb2e272263423a4,0x3cfdc212769c890907bce93d3d8c2c53de6a7a89,0x5ff137d4b0fdcd49dca30c7cf57e578a026d2789,2026-08-12T11:44:23,privileged_execution_context;complex_trace,0x1fad948c,false
25736314,0x8f1de4391b7c756286be706af2969f2bc1191fd8306e8975235cbfea9aef5399,0x1584a8ee67789d1fe161065388657ad2f2a3c7dd,0x77eb52e44db06777bce478159f25c0d55a295314,2026-08-12T11:44:23,repeated_internal_token_drain;dense_internal_fund_flow;complex_trace;high_gas_used_context;token_activity_burst;repeated_risky_internal_calls,0xa9059cbb,true
25736314,0x92bc624937cbd1a4161dce5ae5358989d60494b95c85eddf6a93193832a458d8,0x311bf07ee3958c5f5666eb0c7c0d7cbd61dae9ad,0x28b1dc1a5e3699a428bc51d234dfab7c9cb2a183,2026-08-12T11:44:23,dense_internal_fund_flow;complex_trace;high_gas_used_context;token_activity_burst,0x0c307f76,true
25736315,0x1a7cdd6e796add184a518aee07ccf8749dd8bd377a41adf3885aabc200940a7c,0xc6acbee42e9e323140c1ed060c2f6ea9cc3b4b75,0x7c5a71c9fefbc7691f9d4ac7baf70c743792f716,2026-08-12T11:44:31,selfdestruct_context,0xf3fef3a3,false
25736315,0x9740157b19f91d7300ff395877a377f43b323086fe98953a0f1a9306920c14f0,0x76513487abb1d045b9020815f08144890c0effde,0xd152f549545093347a162dce210e7293f1452150,2026-08-12T11:44:32,repeated_internal_token_drain;dense_internal_fund_flow;complex_trace;high_gas_used_context;token_activity_burst;repeated_risky_internal_calls,0x51ba162c,true
25736315,0xc405b62f565a4a5966339433ad431af40fb7b4624599ff46b517dfa67a1aae90,0x76513487abb1d045b9020815f08144890c0effde,0xd152f549545093347a162dce210e7293f1452150,2026-08-12T11:44:32,repeated_internal_token_drain;dense_internal_fund_flow;complex_trace;high_gas_used_context;token_activity_burst;repeated_risky_internal_calls,0x51ba162c,true
25736315,0xd31c6889d3ed239b7b99c60ab8a445ed503b783f7e38de70ebfd6236bc9a5d4c,0x2d85ad3c53f404a40dcc3516e2342252587bf9cd,,2026-08-12T11:44:32,large_mint_to_sender;contract_creation_context,0x60806040,true
25736315,0xdbb52da8ddfb41bef950a66737b4452b14ba15af90818e0c0c87723f04720cce,0x50bf934781f63028c5c8ef49c4affe19a86d99b6,0x8d04cc7e86e687854eb41d9d43512b655b93184b,2026-08-12T11:44:32,selfdestruct_context,0xb5291b32,false
25736315,0xedd311dc3be4da3e8f6b4a973c0641804ab7a2d002bf072974bb0bb4fc9eaf5c,0x5a9ce6113eb1a3d6cb3ee9739b438c6f0c8d32c7,0x91ff8bbd8ebb07893010d50a48a1609e5ebd8e34,2026-08-12T11:44:32,complex_trace;high_gas_used_context,0x069d1525,false
25736316,0x30aeb50711ab0d220dce6e6e788ba8ef95c79720c185c41c789d4999d23a006c,0xc021e1e995f49baf0a7c31e5f0364092063c40d8,0x50c4e75a512f2a14a7b304787adf79c4531a5909,2026-08-12T11:44:43,dense_internal_fund_flow;complex_trace,0x2213bc0b,true
25736316,0x36da5815e94bc3d68e01a077020f31cfe4efc548ab208c43173006cb360c675d,0x09cfee647fa339133380191c8db6b44f24500c9d,0x77b85afbcd336993ac1c65057531c5a5b33b76b8,2026-08-12T11:44:43,high_gas_used_context;token_activity_burst,0xa9059cbb,false
25736317,0x27267560df80e37d0887caf94c6a9ee35279d86fced0189de31a6acaa7abc9e3,0x76513487abb1d045b9020815f08144890c0effde,0xd152f549545093347a162dce210e7293f1452150,2026-08-12T11:44:58,repeated_internal_token_drain;dense_internal_fund_flow;complex_trace;high_gas_used_context;token_activity_burst;repeated_risky_internal_calls,0x51ba162c,true
25736317,0x32eb61dd49213e70a35a792a121cc4096198ffc59615064e75f2aa3672af7a63,0x76513487abb1d045b9020815f08144890c0effde,0xd152f549545093347a162dce210e7293f1452150,2026-08-12T11:44:58,repeated_internal_token_drain;dense_internal_fund_flow;complex_trace;high_gas_used_context;token_activity_burst;repeated_risky_internal_calls,0x51ba162c,true
25736317,0x5cc406ea834d8407c160426c6ea22861a87529832a522e0ee1614c06f613c414,0x76513487abb1d045b9020815f08144890c0effde,0xd152f549545093347a162dce210e7293f1452150,2026-08-12T11:44:58,repeated_internal_token_drain;dense_internal_fund_flow;complex_trace;high_gas_used_context;token_activity_burst;repeated_risky_internal_calls,0x51ba162c,true
25736317,0x960c29a4da7f8f9f61ad38a00adf59ea53d3959a7237e5bc0f145b61cefed2e8,0xb876842bb8405f34e1cefe497d0d85d39f83badf,0x91ff8bbd8ebb07893010d50a48a1609e5ebd8e34,2026-08-12T11:44:58,complex_trace;high_gas_used_context,0x069d1525,false
25736317,0x60d61d042066a55f15173286fb8710bbb45a0a75dd3317a114888f0c44c1bf2e,0xe93685f3bba03016f02bd1828badd6195988d950,0x173272739bd7aa6e4e214714048a9fe699453059,2026-08-12T11:44:59,complex_trace;high_gas_used_context,0x7cd44734,false
