block_num,tx_hash,from,to,detect_time,attack_signals,selector,has_asset_impact
25724221,0x25b68a0785087fdf29496d480c8a19b09c000af1e92422a6861c5519b5c8e1a0,0x8f61ee081111e6bce0301a4bd5567d02322c8f9f,0xb300000b72deaeb607a12d5f54773d1c19c7028d,2026-08-10T19:15:07,dense_internal_fund_flow;complex_trace;high_gas_used_context;token_activity_burst;approval_burst,0x810c705b,true
25724221,0x27face78730bf58f0b63e884b9245fc913ab834a0358f562e7f731ade94c3686,0x70e59f9c304e4d5096bd408b571e2dcd99c3120b,0xad3b67bca8935cb510c8d18bd45f0b94f54a968f,2026-08-10T19:15:07,complex_trace;high_gas_used_context;token_activity_burst;approval_burst,0x146ee74d,false
25724221,0x139542e57c6e97f5168e9af366e5e06ce3f81f1858494ae93fda1eff7ff8b7d6,0x80d04079ffc53eb14edbeeb37279d126f45552df,0x228d63c7fa15771fec9256ff89c6ead4e2a126fd,2026-08-10T19:15:08,repeated_internal_token_drain;dense_internal_fund_flow;complex_trace;token_activity_burst;repeated_risky_internal_calls,0x8aaa8f3b,true
25724221,0x49fadfb8a5c29f545e09f784ad4a9ef5f7d9c5ecde2992d807cc3724579f1df8,0x59aab1bd0d26290274398c07b55955c15425e16b,0x00fe78205f5f0e63b8ad2b2ae5337f538a610e04,2026-08-10T19:15:08,complex_trace;high_gas_used_context;token_activity_burst,0x34fcd5be,false
25724221,0x9a49ab589dbc9213e00c16ca1ec3228fce275262a1099b1bf19e5ceb88426d22,0x1584a8ee67789d1fe161065388657ad2f2a3c7dd,0x77eb52e44db06777bce478159f25c0d55a295314,2026-08-10T19:15:08,repeated_internal_token_drain;dense_internal_fund_flow;complex_trace;high_gas_used_context;token_activity_burst;repeated_risky_internal_calls,0xa9059cbb,true
25724221,0xae6389247496cc1f539ae7fd3481498c9fd0075ec4ff47f34d781c9c2f609fa2,0x24e671c4be31f19dde3b02fac62ca467f61d4b8c,0xa4a7bb3831958463b3fe3e27a6a160f764341953,2026-08-10T19:15:08,very_complex_trace;high_gas_used_context,0xac9650d8,false
25724222,0x50f695386104e9c5b4cd063931b04ecfd9fad7b9e4196779100ad17334119d87,0x85c76ae89c5c212151c574cc733e3aa1d5a6bba8,0x03f34be1bf910116595db1b11e9d1b2ca5d59659,2026-08-10T19:15:19,dense_internal_fund_flow;complex_trace,0xe47d166c,true
25724222,0x408bd2b3ef8e9f2d1c4451bb9fd23b4ab73026300d4d05234f317f84321c4453,0x59aab1bd0d26290274398c07b55955c15425e16b,0x00fe78205f5f0e63b8ad2b2ae5337f538a610e04,2026-08-10T19:15:20,repeated_internal_token_drain;dense_internal_fund_flow;complex_trace;high_gas_used_context;token_activity_burst;repeated_risky_internal_calls,0x34fcd5be,true
25724223,0x44be43cf85cc2373c98cd015dc60a84134c0d132fdd0de6a23113df904e5fff8,0x110fd1e52ec70578eaeec0e514eed4b63a5846b8,0x3d90f66b534dd8482b181e24655a9e8265316be9,2026-08-10T19:15:30,complex_trace;high_gas_used_context;token_activity_burst,0x47ee97ff,false
25724223,0xfb79715c4a94b94775c67a5ae010982801ff5d627153bfbfbce067cdb1a7ec1c,0xc6acbee42e9e323140c1ed060c2f6ea9cc3b4b75,0x7c5a71c9fefbc7691f9d4ac7baf70c743792f716,2026-08-10T19:15:30,selfdestruct_context,0xf3fef3a3,false
25724223,0x270842c40274a6802187371439184437ab2557d212bb38325e63cfe4fcbd3cab,0x3e932a1326a09c4c80499ccdcff20e3543487345,0x82aafcc90340877f2a24e9d3d1e8c8f1bbee1570,2026-08-10T19:15:33,dense_internal_fund_flow;high_gas_used_context;token_activity_burst,0x983bc41b,true
25724223,0x8abc8154913e003490b5b2cb1fe1c2e4330d78336c3a3564b50c27bfd6c64829,0xde992badd92adaf9146255e9bde6a70770973664,0x3d0f22bf11636cc9cb129e2b261eed35a487455c,2026-08-10T19:15:33,complex_trace;high_gas_used_context,0xa9059cbb,false
25724224,0x5242742c6415aee4ce749bdeb2d43e50f71ff67d3b1ef089a93925b305d0c0f3,0xeef62e0e9cfb6b83f8186cecc9b582dbc30818d0,0x0000000000001ff3684f28c67538d4d072c22734,2026-08-10T19:16:11,dense_internal_fund_flow;complex_trace;high_gas_used_context,0x2213bc0b,true
25724224,0xf88b28b749aad5b4e9ee6db4662fc29898ecb08155759adcfa3ac647d9bce82a,0xc6acbee42e9e323140c1ed060c2f6ea9cc3b4b75,0x7c5a71c9fefbc7691f9d4ac7baf70c743792f716,2026-08-10T19:16:11,selfdestruct_context,0xf3fef3a3,true
25724224,0x1fa8f8f383dc6deea1e92db857e2b7eeedc01fb2f66ccb72af7c5f850013d9ca,0xb1ca4a18aff443656f407fa8be3533ff27dde911,0x9da8b48441583a2b93e2ef8213aad0ec0b392c69,2026-08-10T19:16:12,complex_trace;high_gas_used_context,0xe7c438c9,false
25724224,0x7eb4870f923ea3c4ae36a5ecdf48a4295d5995632902397c96201dcdb1d609ba,0x7830c87c02e56aff27fa8ab1241711331fa86f43,0xa9d1e08c7793af67e9d92fe308d5697fb81d3e43,2026-08-10T19:16:12,large_erc20_asset_flow,0xca350aa6,true
25724224,0xe2dc23edbce49ff70b10fd54327a097e5401df98cde3aca11720aa2a41bcf416,0x44843edfa46857e68801b43f5c04a06229a72de2,0x4c82d1fbfe28c977cbb58d8c7ff8fcf9f70a2cca,2026-08-10T19:16:12,dense_internal_fund_flow;complex_trace,0x3593564c,true
25724224,0x04b347dc03d1d8b469e51b129e45986c68b897d2876c086bd6453dc1e67ae1b5,0x7b49bc3ebbdf7322f31c6449320382bbec3be1b6,0xad3b67bca8935cb510c8d18bd45f0b94f54a968f,2026-08-10T19:16:13,complex_trace;high_gas_used_context;token_activity_burst;approval_burst,0x146ee74d,false
25724224,0x562250adec823b1e6a84d43856e76bff2c88ee68c42a42c2c1802e9ddf326365,0x5afc100a7c7ff0a58d1a6e0eddcb435969c6963a,0xcfbfac74c26f8647cbdb8c5caf80bb5b32e43134,2026-08-10T19:16:13,privileged_execution_context,0x4515641a,false
25724224,0x9a8c7119e1110ef4a47fdbf3aeb4372862b1a55ea3863bd88b579a7e15094d65,0x8f61ee081111e6bce0301a4bd5567d02322c8f9f,0xb300000b72deaeb607a12d5f54773d1c19c7028d,2026-08-10T19:16:13,complex_trace;high_gas_used_context;token_activity_burst,0x810c705b,false
25724224,0xb14ee0ab59ca805839acd7f41ce1784695a62322e8c9e637a540cb7ab3115695,0x59aab1bd0d26290274398c07b55955c15425e16b,0x00fe78205f5f0e63b8ad2b2ae5337f538a610e04,2026-08-10T19:16:14,complex_trace;high_gas_used_context,0x34fcd5be,false
25724224,0xb8c13ea6a9feefffe7924e7b545cc1cf3b8e2a93d1bc7a2cc748527d9540ba9a,0x09cfee647fa339133380191c8db6b44f24500c9d,0x77b85afbcd336993ac1c65057531c5a5b33b76b8,2026-08-10T19:16:14,high_gas_used_context;token_activity_burst,0xa9059cbb,false
25724225,0x93f0173fbbec60be46fb4012d93769f11cadd0e927a4705f3d8cfffbf0eb1a56,0x59aab1bd0d26290274398c07b55955c15425e16b,0x00fe78205f5f0e63b8ad2b2ae5337f538a610e04,2026-08-10T19:16:21,complex_trace;high_gas_used_context,0x34fcd5be,false
25724225,0x9ceaf1b386d5d35837c30b9b8477a2bde72b0cd90d8d86901315e401172b5788,0x3cfdc212769c890907bce93d3d8c2c53de6a7a89,0x0000000071727de22e5e9d8baf0edac6f37da032,2026-08-10T19:16:21,privileged_execution_context;complex_trace,0x765e827f,false
25724225,0xc1d839d6856128cbf3078f08baa057aa75e787207c7fe9f431698b86111ec0e5,0xde7a849216aa3884d53d84ecb02c19eb67e5dae2,0x7d9f4ca54131e588fc1fe577973b55fb11231e76,2026-08-10T19:16:21,complex_trace;high_gas_used_context;token_activity_burst,0x6aac3a0b,false
25724225,0xddf40f403a21bffde5fd18eef0a35cc6cc512c9a5d520dffff454206b6a3ea12,0x7b49bc3ebbdf7322f31c6449320382bbec3be1b6,0xad3b67bca8935cb510c8d18bd45f0b94f54a968f,2026-08-10T19:16:21,complex_trace;high_gas_used_context;token_activity_burst;approval_burst,0x146ee74d,false
25724226,0x5d5aea801cb19d863df402658a91eab544baaf3655a06587c1ccb479879c25f6,0xf279dfcdd57e1571c95e2c5b7e2ee453cbcdf77f,0x0000000071727de22e5e9d8baf0edac6f37da032,2026-08-10T19:16:28,dense_internal_fund_flow;complex_trace,0x765e827f,true
25724226,0x22033a15ea9bd408e142997ea4fa37ad1066449b6c2ca6d0ef4a8a0fd2104f03,0xa154b98e53fc35e1bad1ff758acbc8c629bdcd2b,0x19917386eeae67b6ff7ddf07de4019fca40aa4ec,2026-08-10T19:16:29,complex_trace;high_gas_used_context;token_activity_burst,0xa9059cbb,false
25724226,0xe9291071f81bfc7a8fb8b110bb0fef7a50488ac2887864158898cca7c6c15f22,0x59aab1bd0d26290274398c07b55955c15425e16b,0x00fe78205f5f0e63b8ad2b2ae5337f538a610e04,2026-08-10T19:16:29,complex_trace;high_gas_used_context,0x34fcd5be,false
25724227,0x97a2796d987209f50e9936840df6d3ec896836099f24f5e227f36a9a3c54207d,0x35a958858d46bcd9984360911bbaae44f4ef8f50,0x0000000000000068f116a894984e2db1123eb395,2026-08-10T19:16:37,repeated_internal_token_drain;dense_internal_fund_flow;complex_trace;high_gas_used_context;token_activity_burst;repeated_risky_internal_calls,0x87201b41,true
25724227,0x0b44337ffa621a1683cac6258b32be20a918de996ab8f3f4870ce19bdcb21b23,0xd6434d157f254276d69ede3bd9fc805482206908,0x7ec8a30a34b86927dc77b302603d1d53e640bef7,2026-08-10T19:16:39,repeated_internal_token_drain;dense_internal_fund_flow;complex_trace;high_gas_used_context;token_activity_burst;repeated_risky_internal_calls,0xa9059cbb,true
25724227,0x50469d74f5741a2c960327e7dbda2064237233160650ba5ec3d8380f82ae3eb2,0xf70da97812cb96acdf810712aa562db8dfa3dbef,0xb92fe925dc43a0ecde6c8b1a2709c170ec4fff4f,2026-08-10T19:16:39,dense_internal_fund_flow,0xcd6e13f7,true
25724228,0x3c2f1d387d5f1a487e8bf8e3f86ab6a5b9193070caf410a06437d18ed5667532,0xde992badd92adaf9146255e9bde6a70770973664,0x3d0f22bf11636cc9cb129e2b261eed35a487455c,2026-08-10T19:16:46,complex_trace;high_gas_used_context,0xa9059cbb,false
25724228,0xa9d7a8305478890f0ec55b7b68488b52a9949235111df7ef781e929c2ea67ea1,0x43370368dccceb147c89d1d78f14589225220290,0x4337084d9e255ff0702461cf8895ce9e3b5ff108,2026-08-10T19:16:46,complex_trace;high_gas_used_context,0x765e827f,false
25724228,0x9a5ad33a3995160509af302770f16853551b88aeb48c0fb8940f3fb01526c8be,0xd6434d157f254276d69ede3bd9fc805482206908,0x7ec8a30a34b86927dc77b302603d1d53e640bef7,2026-08-10T19:16:47,repeated_internal_token_drain;dense_internal_fund_flow;complex_trace;high_gas_used_context;token_activity_burst;repeated_risky_internal_calls,0xa9059cbb,true
25724228,0xec3e2c40da43d3b5e2de094c9dc896dbcb44e326915d011f3a5da5d6ee416809,0xdda3b51e29f9d6fad865c5dd7070d5f7eb57663e,0x8d8210a0252a706cb5de0c6f8e46b6d3692afc19,2026-08-10T19:16:47,complex_trace;high_gas_used_context,0xffc3a769,false
25724229,0xe12195182f65088f2512c6c3a9664acf1e1eedb3174f969c6a8782ae20f82a1b,0x669daf2cd1600c0a4a390969799ea1245c700e07,0x111111125421ca6dc452d289314280a0f8842a65,2026-08-10T19:17:00,dense_internal_fund_flow;complex_trace,0x07ed2379,true
25724230,0x5cd6b98233694348ac26273ea57c3b22fe0176f1850ba2b7b526b37b21c53570,0x7830c87c02e56aff27fa8ab1241711331fa86f43,0xa9d1e08c7793af67e9d92fe308d5697fb81d3e43,2026-08-10T19:17:18,dense_internal_fund_flow,0x1a1da075,true
25724230,0xc8706e6db19ea29c3de098fa621c15c8c22713dab0620ad7fad4198e626c5040,0x59aab1bd0d26290274398c07b55955c15425e16b,0x00fe78205f5f0e63b8ad2b2ae5337f538a610e04,2026-08-10T19:17:20,complex_trace;high_gas_used_context;token_activity_burst,0x34fcd5be,false
25724231,0x79292849d7ca938a9c486ab2c5ca1dc6fc19407f67e568ff0afee660e118181d,0x04d9634df20aa66b23f114d37c45fa6c6ab76d56,0xc1062b7c5dc8e4b1df9f200fe360cdc0ed6e7741,2026-08-10T19:17:21,dense_internal_fund_flow;complex_trace;high_gas_used_context;token_activity_burst,0xdccedc74,true
25724232,0x602b223830bf8a008fb7e25072976348dd04fcc58656f8063b1b8ce43e2eb49f,0x6d3be3f86fb1139d0c9668bd552f05fcb643e6e6,0xb8a451107a9f87fde481d4d686247d6e43ed715e,2026-08-10T19:17:37,large_erc20_asset_flow;very_complex_trace;high_gas_used_context;approval_burst,0xbaae8abf,true
25724232,0x37bac22ef8928c78b6d15a22d39b264639b8c894e50e29476dcb50e0598b5c6e,0x59aab1bd0d26290274398c07b55955c15425e16b,0x00fe78205f5f0e63b8ad2b2ae5337f538a610e04,2026-08-10T19:17:38,complex_trace;high_gas_used_context;token_activity_burst,0x34fcd5be,false
25724232,0xc5a32c454dc494dcbc923f78a0bc29c513c4fa80869ec08100ac8063d78bf521,0x1584a8ee67789d1fe161065388657ad2f2a3c7dd,0x77eb52e44db06777bce478159f25c0d55a295314,2026-08-10T19:17:38,repeated_internal_token_drain;dense_internal_fund_flow;complex_trace;token_activity_burst;repeated_risky_internal_calls,0xa9059cbb,true
25724232,0xcda69c231f1ace08ecbd57332e119bb81c138da0d162bfaae24b64134e582e62,0x59aab1bd0d26290274398c07b55955c15425e16b,0x00fe78205f5f0e63b8ad2b2ae5337f538a610e04,2026-08-10T19:17:38,complex_trace;high_gas_used_context,0x34fcd5be,false
25724233,0x645469b0b4be67e65997c73f32acba34240df31e7df58c6d1934267f76685d7e,0xfb1a3203fdf812a973d743ea633d7169a7c61e3d,0x87870bca3f3fd6335c3f4ce8392d69350b4fa4e2,2026-08-10T19:17:47,large_erc20_asset_flow;complex_trace,0xa415bcad,true
25724233,0xd878f3255327b500b99044b97458770780e26721b731872ee2a5dde58191070d,0x6722b2c28d7d299b56a5febedbbe865a84ee0d7d,0x85a4d86e61a38458eb8be5546cbf95af039a1dec,2026-08-10T19:17:47,complex_trace;high_gas_used_context;token_activity_burst,0x66cc712c,false
25724233,0xe0109b95577b17b46bb6b0643a3c8a3c58274f8f91170ac9c0766456e5a3636b,0x0a0e05b6375a61d345173d90cf7c8bd81e76445c,0x7cb60446d7635c68edf1c568cac74a1f98c1cfa4,2026-08-10T19:17:47,complex_trace;high_gas_used_context,0x50fe69df,false
25724233,0x0c1541ec524bffa9453789acee9941099936b72b88d4dd5d12fe8f0a796a0ec5,0x5afc100a7c7ff0a58d1a6e0eddcb435969c6963a,0xcfbfac74c26f8647cbdb8c5caf80bb5b32e43134,2026-08-10T19:17:48,privileged_execution_context,0x4515641a,false
25724233,0x20651dc1f2a464bfeb3285f1cd7ad9a99fb71f862fa8f1bd90714ba3c962faee,0x59aab1bd0d26290274398c07b55955c15425e16b,0x00fe78205f5f0e63b8ad2b2ae5337f538a610e04,2026-08-10T19:17:48,complex_trace;high_gas_used_context,0x34fcd5be,false
25724234,0x1de595d0bdb1689f628ddd9df44106c4ebf87406cf8e3106f222094505f98db5,0x0fd9a7fc8db9f309a442076403c1295de4de9b8d,0xb300000b72deaeb607a12d5f54773d1c19c7028d,2026-08-10T19:17:55,dense_internal_fund_flow;complex_trace,0x810c705b,true
25724234,0x652796a1a654c6d0a06e6abd225be4532d7db4ac8c773a238e2693c5dd68c974,0xab9b0c00c81ca20d6d5d421e47295e6c52a3ca95,0x0de8bf93da2f7eecb3d9169422413a9bef4ef628,2026-08-10T19:17:55,dense_internal_fund_flow;large_mint_to_sender;very_complex_trace;high_gas_used_context;token_activity_burst,0xc2580804,true
25724234,0xa0f1c283708922d94f24265237d793be929ce2b9fc8d648e16bfeabb0d1e28a1,0xe99bd1c2dd70cd58e5efd47887991700e7318ce2,0xad3b67bca8935cb510c8d18bd45f0b94f54a968f,2026-08-10T19:17:55,complex_trace;high_gas_used_context;token_activity_burst;approval_burst,0x146ee74d,false
25724234,0xd93fdf73154b7a3a4c0a142a112f3c5c5f3f9f8b45cfdd630f3eb6fcb9ea8698,0x92347298eeddfda7ef2b8787b05eca6e96ee86c2,0xd01607c3c5ecaba394d8be377a08590149325722,2026-08-10T19:17:55,dense_internal_fund_flow;complex_trace,0x80500d20,true
25724234,0x907805d6c74fd2501cd0c4416be17f42d13767962f1298972ae2539d764b6cfd,0x000000000018a93b59a5e1e3115d28788ea61444,0x00000000000762339537bd0fd01e44f661bd8f67,2026-08-10T19:17:57,very_complex_trace;high_gas_used_context;token_activity_burst,0x00010000,false
25724235,0x052ccb5365f1a958f5b6f0ce412da176d24a3aa181c495898c83e2281967ae7a,0xab9b0c00c81ca20d6d5d421e47295e6c52a3ca95,0x0de8bf93da2f7eecb3d9169422413a9bef4ef628,2026-08-10T19:18:04,dense_internal_fund_flow;large_mint_to_sender;very_complex_trace;high_gas_used_context;token_activity_burst,0xc2580804,true
25724235,0xd62fe31441292fdcebd8067289c60a929046b67c69692c18e9ee10c08e381380,0xde7a849216aa3884d53d84ecb02c19eb67e5dae2,0x7d9f4ca54131e588fc1fe577973b55fb11231e76,2026-08-10T19:18:04,complex_trace;high_gas_used_context;token_activity_burst,0x6aac3a0b,false
25724235,0xc1567fc342702d41443e9078d7616208389ccf142de081f85990ca6a643f3503,0x59aab1bd0d26290274398c07b55955c15425e16b,0x00fe78205f5f0e63b8ad2b2ae5337f538a610e04,2026-08-10T19:18:05,complex_trace;high_gas_used_context;token_activity_burst,0x34fcd5be,false
25724236,0x0534ec7a3c62770ec070fca7b44547db71a2b15bf965c177b87be30a085a8a94,0xa599766c54a3695160e24a5e6b3c9fe79a463f61,0x03f34be1bf910116595db1b11e9d1b2ca5d59659,2026-08-10T19:18:10,dense_internal_fund_flow;complex_trace,0xe47d166c,true
25724236,0x3926e63c9129152b0461c3b8923064e3b854306c84b2945d62f9a59f4629e088,0xb1bcca2ac714a6eed7742866a2ec772394e9ea1a,0x0000000071727de22e5e9d8baf0edac6f37da032,2026-08-10T19:18:10,complex_trace;high_gas_used_context;approval_burst,0x765e827f,false
25724236,0xd93a467a038b791d7b8718bb25738fbe49027d051c63d61d3a3de1577bc8b4ca,0xdda3b51e29f9d6fad865c5dd7070d5f7eb57663e,0x8d8210a0252a706cb5de0c6f8e46b6d3692afc19,2026-08-10T19:18:10,complex_trace;high_gas_used_context,0xffc3a769,false
25724236,0xf5a1cd99ab1006d0a12a793cc223ed448bcf72e20963946801f3ecbd38cadeb5,0x433702948d7be4201a2bcee6c349ad807c547a5d,0x4337084d9e255ff0702461cf8895ce9e3b5ff108,2026-08-10T19:18:10,complex_trace;high_gas_used_context,0x765e827f,false
25724236,0xf9701de4bf8422b2c0424f910079ed81b37d3a3dfee227e6ab5b2ce979d11ba4,0x59aab1bd0d26290274398c07b55955c15425e16b,0x00fe78205f5f0e63b8ad2b2ae5337f538a610e04,2026-08-10T19:18:10,complex_trace;high_gas_used_context,0x34fcd5be,false
25724237,0x0126065e002f6bebe8fb6ab6c0ddd6ea3f8b08690212534404f95a4370b6051e,0xe99bd1c2dd70cd58e5efd47887991700e7318ce2,0xad3b67bca8935cb510c8d18bd45f0b94f54a968f,2026-08-10T19:18:51,complex_trace;high_gas_used_context;token_activity_burst;approval_burst,0x146ee74d,false
25724237,0x42961cb0528bf05e27bef51114a09d41c11dbe173089aed5cdde787709a74327,0xab9b0c00c81ca20d6d5d421e47295e6c52a3ca95,0x0de8bf93da2f7eecb3d9169422413a9bef4ef628,2026-08-10T19:18:51,dense_internal_fund_flow;large_mint_to_sender;very_complex_trace;high_gas_used_context;token_activity_burst,0xc2580804,true
25724237,0xbc71a5a153bc234a504ecc735cb15e7e829ee5bbc03dc93c8f7f1b0a1c7a2deb,0xce47a2bb65a063d164a14cce8ae84c60c40ed9cf,0xee030ec6f4307411607e55acd08e628ae6655b86,2026-08-10T19:18:51,dense_internal_fund_flow;complex_trace,0x6e1537da,true
25724237,0x993ae5e2941547dd40305b740e9b81d2d33ff5bd26c5bc9d0053f6094b733125,0x09cfee647fa339133380191c8db6b44f24500c9d,0x77b85afbcd336993ac1c65057531c5a5b33b76b8,2026-08-10T19:18:53,repeated_internal_token_drain;dense_internal_fund_flow;complex_trace;high_gas_used_context;token_activity_burst;repeated_risky_internal_calls,0xa9059cbb,true
25724237,0xfaa4a61ca377cd2b21a6432f4a77f0f00ddd733ceac4ad23f51a7aacbe131c2c,0x12df8a95a324cf0df73444469a16a504389a6f10,0x28b1dc1a5e3699a428bc51d234dfab7c9cb2a183,2026-08-10T19:18:53,complex_trace;high_gas_used_context;token_activity_burst,0x0c307f76,true
25724237,0xfeeeec50d27e09e1336af777afacfcc403f2fe9292494075fd55cebd291e74cc,0xc6acbee42e9e323140c1ed060c2f6ea9cc3b4b75,0x7c5a71c9fefbc7691f9d4ac7baf70c743792f716,2026-08-10T19:18:53,selfdestruct_context,0xf3fef3a3,false
25724238,0x378da32b78e4e93f5e57244d6981955e1b96400c43ffc5240cac522299c84280,0x5b43453fce04b92e190f391a83136bfbecedefd1,0xbdb3ba9ffe392549e1f8658dd2630c141fdf47b6,2026-08-10T19:19:04,dense_internal_fund_flow;complex_trace;high_gas_used_context;token_activity_burst,0x000000c3,true
25724238,0xd75ea455f5b0a54236f53fe589e12e10d357925abdbee5aae9d5a54ad110d46c,0xab9b0c00c81ca20d6d5d421e47295e6c52a3ca95,0x0de8bf93da2f7eecb3d9169422413a9bef4ef628,2026-08-10T19:19:04,dense_internal_fund_flow;large_mint_to_sender;very_complex_trace;high_gas_used_context;token_activity_burst,0xc2580804,true
25724238,0x20b1a04bd8f77ac8adf0d01f2f35c7c174b6a3a8e42dd480c06e7279647ba7f1,0xd6434d157f254276d69ede3bd9fc805482206908,0x7ec8a30a34b86927dc77b302603d1d53e640bef7,2026-08-10T19:19:05,repeated_internal_token_drain;dense_internal_fund_flow;complex_trace;high_gas_used_context;token_activity_burst;repeated_risky_internal_calls,0xa9059cbb,true
25724238,0x74b9541f74965b1dce5dbf76a91e432ed076c7349fc7908baac75c149e8a1fdc,0xdda3b51e29f9d6fad865c5dd7070d5f7eb57663e,0x8d8210a0252a706cb5de0c6f8e46b6d3692afc19,2026-08-10T19:19:05,complex_trace;high_gas_used_context,0xffc3a769,false
25724238,0x94e46019d51d988a0c2b2b1b216d0d5240a87667614e3faa9b7b28c5d2ef0baa,0x33db8bb4d33fed988ce7a3d2022e59a6143c57cc,0x774b9655413c34809c1f1b16b654465a89ebe989,2026-08-10T19:19:05,large_erc20_asset_flow;complex_trace,0xac9650d8,true
25724238,0xd31a79d8b4013adfa03fafdb6e0ac7dfc8a62658118bf2309f31ebf8062d7041,0x35641673a0ce64f644ad2f395be19668a06a5616,0xd01607c3c5ecaba394d8be377a08590149325722,2026-08-10T19:19:05,dense_internal_fund_flow;complex_trace,0xe74f7b85,true
25724238,0x5e5f3d38de82be4fb8a99e3edac3d62fd35ac01ece2ca6334c611bf6f4dd0c95,0x09cfee647fa339133380191c8db6b44f24500c9d,0x77b85afbcd336993ac1c65057531c5a5b33b76b8,2026-08-10T19:19:06,repeated_internal_token_drain;dense_internal_fund_flow;complex_trace;high_gas_used_context;token_activity_burst;repeated_risky_internal_calls,0xa9059cbb,true
25724239,0xb3d8ccbd84a158d1f3817ce5cb00b643b883f827c6176e08e8a53bbc8f0f40f2,0x5f9acf4e85aa7283e0c16dd94cbc942f9d625151,0xf7c04d03efdc876cc8cb59f0ad58290388edd004,2026-08-10T19:19:09,selfdestruct_context,0xf3fef3a3,false
25724239,0xf976615d726f111ea12abe919bf2beefcc11c9ffc257bba2ce75f04eb8d73e5d,0xab9b0c00c81ca20d6d5d421e47295e6c52a3ca95,0x0de8bf93da2f7eecb3d9169422413a9bef4ef628,2026-08-10T19:19:09,dense_internal_fund_flow;large_mint_to_sender;very_complex_trace;high_gas_used_context;token_activity_burst,0xc2580804,true
25724239,0x4f7ded5ffb317537eb700d6f3aafad205448ba2d14910dff1aa85f512c50d52c,0xd6434d157f254276d69ede3bd9fc805482206908,0x7ec8a30a34b86927dc77b302603d1d53e640bef7,2026-08-10T19:19:10,repeated_internal_token_drain;dense_internal_fund_flow;complex_trace;high_gas_used_context;token_activity_burst;repeated_risky_internal_calls,0xa9059cbb,true
25724239,0x719ae85778aadf008670eab9462fb96d6a28f145873ddd0003675393738654dd,0x1584a8ee67789d1fe161065388657ad2f2a3c7dd,0x77eb52e44db06777bce478159f25c0d55a295314,2026-08-10T19:19:10,repeated_internal_token_drain;dense_internal_fund_flow;complex_trace;high_gas_used_context;token_activity_burst;repeated_risky_internal_calls,0xa9059cbb,true
25724240,0x40e4e49772137ac7043177d1f08be79e58e7da267ad818a2058c6d271dea0e97,0x18dea58e755a734485e9b4a89fac37098d27efc8,0x337685fdab40d39bd02028545a4ffa7d287cc3e2,2026-08-10T19:19:32,complex_trace;token_activity_burst,0x30dedc57,false
25724240,0x6cbd3ebffd0f7c80d52306b5ca68775009aba0794efda856ce591eedf4fdbfdd,0x93bc4559582068a20c92193d95fed53c88aaa9ed,0x89c6340b1a1f4b25d36cd8b063d49045caf3f818,2026-08-10T19:19:32,complex_trace;token_activity_burst,0x0193b9fc,true
25724240,0x7c41c694927a6472547e4c5a91094dc6e23c81e3f49fedeae3733c99ba2910a3,0xe0afd3de39656622b61bcd87b8b1db456954694c,0x0de8bf93da2f7eecb3d9169422413a9bef4ef628,2026-08-10T19:19:32,dense_internal_fund_flow;large_mint_to_sender;very_complex_trace;high_gas_used_context;token_activity_burst,0xc2580804,true
25724240,0x9543f787db73c19be31bbee461f0ecce6d5522b1c83604733dfd302ee57042d5,0xe0afd3de39656622b61bcd87b8b1db456954694c,0x0de8bf93da2f7eecb3d9169422413a9bef4ef628,2026-08-10T19:19:32,dense_internal_fund_flow;large_mint_to_sender;very_complex_trace;high_gas_used_context;token_activity_burst,0xc2580804,true
25724240,0xc1ecc74c33614421adbd06e6d5ed1f4d361a7a6a8ec14e000efd16ed101390b0,0xf70da97812cb96acdf810712aa562db8dfa3dbef,0xb92fe925dc43a0ecde6c8b1a2709c170ec4fff4f,2026-08-10T19:19:32,dense_internal_fund_flow,0xcd6e13f7,true
25724240,0xddf7825929859da5ad6980ec9fb6d139b7401d94e67c86b03d6b315c226bdc15,0xe0afd3de39656622b61bcd87b8b1db456954694c,0x0de8bf93da2f7eecb3d9169422413a9bef4ef628,2026-08-10T19:19:32,dense_internal_fund_flow;large_mint_to_sender;very_complex_trace;high_gas_used_context;token_activity_burst,0xc2580804,true
25724241,0xab61f236ccb434a7a353b5a286b7d49d0b3465ee3898aa13b125ce3fe3831c06,0x7830c87c02e56aff27fa8ab1241711331fa86f43,0xa9d1e08c7793af67e9d92fe308d5697fb81d3e43,2026-08-10T19:19:39,large_erc20_asset_flow,0xca350aa6,true
25724241,0x9afd307b1527e7c0356332e02683d7bd4fcc6e2bc7f40fd53b6f240043a1e5aa,0x09cfee647fa339133380191c8db6b44f24500c9d,0x77b85afbcd336993ac1c65057531c5a5b33b76b8,2026-08-10T19:19:41,high_gas_used_context;token_activity_burst,0xa9059cbb,false
25724241,0xbc22ee793776a4e8d26d568e2c3afd684f97325857eb6eb99c8c9265ab53c6ce,0x09cfee647fa339133380191c8db6b44f24500c9d,0x77b85afbcd336993ac1c65057531c5a5b33b76b8,2026-08-10T19:19:41,repeated_internal_token_drain;dense_internal_fund_flow;complex_trace;high_gas_used_context;token_activity_burst;repeated_risky_internal_calls,0xa9059cbb,true
25724241,0x1da8fbbc2dbaa25c00c1bbb087151605251ac22a54a8657c128e7aedd841b40e,0x59aab1bd0d26290274398c07b55955c15425e16b,0x00fe78205f5f0e63b8ad2b2ae5337f538a610e04,2026-08-10T19:19:42,complex_trace;high_gas_used_context;token_activity_burst,0x34fcd5be,false
25724241,0x937735a5a42d5960ad1fe1926af24d9374653ebb741787926027b954ee6ad916,0x59aab1bd0d26290274398c07b55955c15425e16b,0x00fe78205f5f0e63b8ad2b2ae5337f538a610e04,2026-08-10T19:19:42,complex_trace;high_gas_used_context;token_activity_burst,0x34fcd5be,false
25724241,0x939fcdaaec0a110f90a19a745032a6f348494f0336e151abf67f725b489f0217,0x161643f280b09be8e0271eef8efc6c264d125003,0x0a6b4eb9992edd87d015371680ca8747c622439d,2026-08-10T19:19:42,dense_internal_fund_flow;token_activity_burst,0xa9059cbb,true
25724242,0xb03cecdbaa21ffc9d7b3e795fec5ed9d156431f847ab3b87123d1d85b76dced0,0x7b49bc3ebbdf7322f31c6449320382bbec3be1b6,0xad3b67bca8935cb510c8d18bd45f0b94f54a968f,2026-08-10T19:19:47,dense_internal_fund_flow;complex_trace;high_gas_used_context;token_activity_burst;approval_burst,0x146ee74d,true
25724242,0x49b186995eb1d0bd3d3dcb9109b1764a3ee43d91effd9c14a2648ebac7371ee4,0x09cfee647fa339133380191c8db6b44f24500c9d,0x77b85afbcd336993ac1c65057531c5a5b33b76b8,2026-08-10T19:19:50,repeated_internal_token_drain;dense_internal_fund_flow;complex_trace;high_gas_used_context;token_activity_burst;repeated_risky_internal_calls,0xa9059cbb,true
25724242,0x7a09b53b011a32007b8769ab53443308e87bb256a1d49860faef7d8c98d1797d,0x924d7bcfd62596220ba7841f238a3b416e521254,0xc36442b4a4522e871399cd717abdd847ab11fe88,2026-08-10T19:19:50,dense_internal_fund_flow,0xac9650d8,true
25724242,0xbedfd859a8ed6a06583e5668d7674bc864797cede820845b9c79e4458652a09f,0xde992badd92adaf9146255e9bde6a70770973664,0x3d0f22bf11636cc9cb129e2b261eed35a487455c,2026-08-10T19:19:50,complex_trace;high_gas_used_context,0xa9059cbb,false
25724242,0xdef270ddbe053bcdad122958a994a529256b1cec048189dc400ffbaf2893033f,0x70e59f9c304e4d5096bd408b571e2dcd99c3120b,0xad3b67bca8935cb510c8d18bd45f0b94f54a968f,2026-08-10T19:19:50,complex_trace;high_gas_used_context;token_activity_burst;approval_burst,0x146ee74d,false
25724243,0x9bca469a58d1537cfd31522e50115e508bb1fb0b636b9f26956d67defa03ee96,0x8b5606469e21c75edd7c74d1c7a65824675d9aff,0x9ccc2f3ecde026230e11a5c8799ac7524f2bb294,2026-08-10T19:20:05,dense_internal_fund_flow;complex_trace,0x1bc74526,true
25724243,0x6cd26a0610af51b6dd5f77836e93b6bb12b71f539fbcb21f15279b705726d958,0xa599766c54a3695160e24a5e6b3c9fe79a463f61,0x03f34be1bf910116595db1b11e9d1b2ca5d59659,2026-08-10T19:20:06,dense_internal_fund_flow;complex_trace,0xa32fe0a1,true
25724243,0x04699479b216a3387a8b75c6a1fc969c881d3f21018898f457fbb7cba539f300,0x9de5ce320bfb9ba6d3531bdd123d960971e77355,0x888888888889758f76e7103c6cbf23abbf58f946,2026-08-10T19:20:09,large_erc20_asset_flow;complex_trace,0xed48907e,true
25724243,0x12d0c9d0dd83be6180408aa7a063c269b1249915c2a80f999aef2dc47b7c6742,0xdedb7b018b3c0412c60ba038a1b3dcb0522cf181,0x337685fdab40d39bd02028545a4ffa7d287cc3e2,2026-08-10T19:20:09,dense_internal_fund_flow;complex_trace,0xfa74fd43,true
25724243,0x6d99eee0ab8ac922b2204d4105204b23f03361fe854718008411b2b89f3850f4,0x59aab1bd0d26290274398c07b55955c15425e16b,0x00fe78205f5f0e63b8ad2b2ae5337f538a610e04,2026-08-10T19:20:09,complex_trace;high_gas_used_context,0x34fcd5be,false
25724244,0x9406211a3abdffc7be86fdbd07a3c1a78dafe27444ff549cb5d24e5a0bc3595c,0xc6acbee42e9e323140c1ed060c2f6ea9cc3b4b75,0x7c5a71c9fefbc7691f9d4ac7baf70c743792f716,2026-08-10T19:20:16,selfdestruct_context,0xf3fef3a3,false
25724244,0x40beeff5b234c0fcfdaccd1b2c0e1be2d6fa9f2c3e778ff28df4f4d8c313195a,0xe1d4f6b99bb61cf895b49d8512e969fcf3d3c414,0x4bebe8c3bb0cad75ce25803367aa5600e7ad39b9,2026-08-10T19:20:17,complex_trace;high_gas_used_context,0x98a658a7,false
25724244,0x4735c73079e9341ce080661343c6e421415c04a9de5b061b768201ba692ae3c9,0xde7a849216aa3884d53d84ecb02c19eb67e5dae2,0x7d9f4ca54131e588fc1fe577973b55fb11231e76,2026-08-10T19:20:17,high_gas_used_context;token_activity_burst,0x6aac3a0b,false
25724244,0x802cbdd29221b66ab87c0224c30344a5c7084089b5528373c7bc1f3124da30fe,0x80d04079ffc53eb14edbeeb37279d126f45552df,0x228d63c7fa15771fec9256ff89c6ead4e2a126fd,2026-08-10T19:20:17,complex_trace;token_activity_burst,0x8aaa8f3b,false
25724244,0x83f7958894cf46741d9ab7595eb6587388769d25b7351a8e54b3e4296159372a,0x2b3fed49557bd88f78b898684f82fbb355305dbb,0x09c30cdcdd971423cb3ba757a47d56c35d06d818,2026-08-10T19:20:17,dense_internal_fund_flow,0x318adb8b,true
25724244,0xc2b9523f757c2ea08539bd2e1fef471753a204396a1c75d32a5a3b9dc490b0d4,0x59aab1bd0d26290274398c07b55955c15425e16b,0x00fe78205f5f0e63b8ad2b2ae5337f538a610e04,2026-08-10T19:20:17,complex_trace;high_gas_used_context;token_activity_burst,0x34fcd5be,false
25724245,0x0648ac40d036a39e626045898b051403bd0f2b895ce15978bf5f167c230a5198,0x4337016838785634c63fce393bfc6222564436c4,0x4337084d9e255ff0702461cf8895ce9e3b5ff108,2026-08-10T19:20:22,dense_internal_fund_flow;complex_trace,0x765e827f,true
25724245,0x3d9b1169bf54e397491012989c4af0c56436b75734e33c02d541f2fe1a19e2e4,0xe99bd1c2dd70cd58e5efd47887991700e7318ce2,0xad3b67bca8935cb510c8d18bd45f0b94f54a968f,2026-08-10T19:20:22,complex_trace;high_gas_used_context;token_activity_burst;approval_burst,0x146ee74d,false
25724245,0xa97aec3fa380c638435b4507c25103850b135abab8d5563396bfd72b96d57546,0x59aab1bd0d26290274398c07b55955c15425e16b,0x00fe78205f5f0e63b8ad2b2ae5337f538a610e04,2026-08-10T19:20:23,repeated_internal_token_drain;dense_internal_fund_flow;complex_trace;high_gas_used_context;token_activity_burst;repeated_risky_internal_calls,0x34fcd5be,true
25724246,0x199d6605fd00ac04823e56b683f53281aa044ccdc7fdf31d3aa33045967fd714,0x08b2cbf90d29e567a57b943eeb2a3479ffcc5d94,0xbf7a7b6300efef494cfe81f6c06818673f7e09d0,2026-08-10T19:20:28,dense_internal_fund_flow;complex_trace,0x5fcf83fd,true
25724246,0xa56450123a132be5e737c745c60668e4397fb3d3bdecb963d9b004b847559918,0xfaf2e4087f1b7e9863adb05392522c1f1d12d4b4,0xca11bde05977b3631167028862be2a173976ca11,2026-08-10T19:20:28,complex_trace;high_gas_used_context,0x82ad56cb,false
25724246,0xd5744549990d938d549dbcb407b5263bb59d4ee9ec872917ac04a3d04f1bd929,0x7a668e24054178f7dc565edab0616eb42179463e,0x881d40237659c251811cec9c364ef91dc08d300c,2026-08-10T19:20:28,dense_internal_fund_flow;complex_trace,0x5f575529,true
25724246,0x0b0f038b2796901e4614baf152b43b206d429dc5b0a5e85bb448469b1973b70e,0x1584a8ee67789d1fe161065388657ad2f2a3c7dd,0x77eb52e44db06777bce478159f25c0d55a295314,2026-08-10T19:20:29,repeated_internal_token_drain;dense_internal_fund_flow;complex_trace;token_activity_burst;repeated_risky_internal_calls,0xa9059cbb,true
25724246,0x2f0bf6bd6e42ded107e3f32eb349570a71c9bce9ded0e617914379d9f611a477,0xbad000006db10503589262b55d09bb7b3c5e1472,0xbbbbb048b1a85ca221058c45525095b6a68bbbbb,2026-08-10T19:20:29,repeated_internal_token_drain;dense_internal_fund_flow;complex_trace;high_gas_used_context;token_activity_burst;repeated_risky_internal_calls,0xa9059cbb,true
25724246,0x7b79c733e0ba836507c13d87829a0e65560090da6911d33bc4f073dd73289099,0x59aab1bd0d26290274398c07b55955c15425e16b,0x00fe78205f5f0e63b8ad2b2ae5337f538a610e04,2026-08-10T19:20:29,complex_trace;high_gas_used_context,0x34fcd5be,false
25724247,0x0e9f2a50c5f0594eee18bf0443ad39fe9ddc8ce7bb47605391df0ebe7fbd6297,0x7b49bc3ebbdf7322f31c6449320382bbec3be1b6,0xad3b67bca8935cb510c8d18bd45f0b94f54a968f,2026-08-10T19:20:35,complex_trace;token_activity_burst;approval_burst,0x146ee74d,false
25724247,0x10f4ed4404c814be10c4110e02482c87a14ed7705ad2dc5e42fe98498ada254b,0xab9b0c00c81ca20d6d5d421e47295e6c52a3ca95,0x0de8bf93da2f7eecb3d9169422413a9bef4ef628,2026-08-10T19:20:35,dense_internal_fund_flow;large_mint_to_sender;very_complex_trace;high_gas_used_context;token_activity_burst,0xc2580804,true
25724247,0x16bc75e6d6809ffee4f7766f9ee8d14618b7080f802570ba59d5c617b5fa0b09,0xe0afd3de39656622b61bcd87b8b1db456954694c,0x0de8bf93da2f7eecb3d9169422413a9bef4ef628,2026-08-10T19:20:35,dense_internal_fund_flow;large_mint_to_sender;very_complex_trace;high_gas_used_context;token_activity_burst,0xc2580804,true
25724247,0x35b3cb31bb7229720e5b31d7c433f092f54b8489b52d0975cccbcbe762ee9d4c,0xe0afd3de39656622b61bcd87b8b1db456954694c,0x0de8bf93da2f7eecb3d9169422413a9bef4ef628,2026-08-10T19:20:35,dense_internal_fund_flow;large_mint_to_sender;very_complex_trace;high_gas_used_context;token_activity_burst,0xc2580804,true
25724247,0x5609c099cd8af1b83f0cf62b55ea98b819da891c33a700b07b47ec00af78152e,0xe0afd3de39656622b61bcd87b8b1db456954694c,0x0de8bf93da2f7eecb3d9169422413a9bef4ef628,2026-08-10T19:20:35,dense_internal_fund_flow;large_mint_to_sender;very_complex_trace;high_gas_used_context;token_activity_burst,0xc2580804,true
25724247,0xfdd84a5f30cb8e70a21db1396f568d9d656eda1862e402add29cf844f9f4f084,0xab9b0c00c81ca20d6d5d421e47295e6c52a3ca95,0x0de8bf93da2f7eecb3d9169422413a9bef4ef628,2026-08-10T19:20:35,dense_internal_fund_flow;large_mint_to_sender;very_complex_trace;high_gas_used_context;token_activity_burst,0xc2580804,true
25724247,0x2f1e799452e061ebccb3d2274c83ecdeab9066c7eefa6bf69c745d843921a73f,0x6c2693f5a936f37ed03cfa8465bf2d8beff19a0f,0xae163a3865e839a75297e3ef739d2f061322b89a,2026-08-10T19:20:36,privileged_execution_context;complex_trace,0x6e553f65,false
25724247,0xf4cbc97602860e93865d2c4631e1a8fc9016c003f64e57e5a462b96d5b4d754d,0x1053ec0d66c4d1678099521b07f19a4532d33578,0x3057fe9ce0785055d546e974befa47b5e9f0cccc,2026-08-10T19:20:36,complex_trace;token_activity_burst,0x07ed2379,false
25724248,0xda741bb5875dad9f253beb776a32986c93c6cca32d60bac4e0e1718fccd7327b,0x5c5742a9869e99226c64eeb7d03b90a952670d36,0x28b1dc1a5e3699a428bc51d234dfab7c9cb2a183,2026-08-10T19:20:43,complex_trace;token_activity_burst,0x0c307f76,false
25724249,0x0e8ed02f751fc776d09975c28e17fbf72bfeb48ca27206be4f0700bc27534284,0x6b063481f8216b5624ec496dd72376bef00faffd,0xa9d635ef85bc37eb9ff9d6165481ea230ed32392,2026-08-10T19:20:48,complex_trace;high_gas_used_context,0x13d79a0b,false
25724249,0x26b65e64e9f44f3d9315120f294ebdc630bb13b5dae0a9eab3a0dc5e2be8a6df,0xd6434d157f254276d69ede3bd9fc805482206908,0x7ec8a30a34b86927dc77b302603d1d53e640bef7,2026-08-10T19:20:49,repeated_internal_token_drain;dense_internal_fund_flow;complex_trace;high_gas_used_context;token_activity_burst;repeated_risky_internal_calls,0xa9059cbb,true
25724249,0xd620a3ea81eebfd1146f3479e56b9e1a87d406591d78d4e6af6fa0b3a6af249e,0xaa5a775c603ff0f2be82ab96b248c4f0be94eb08,0x337685fdab40d39bd02028545a4ffa7d287cc3e2,2026-08-10T19:20:49,dense_internal_fund_flow;complex_trace,0xfa74fd43,true
25724249,0x7ad31cfe8aa5ec0fe5ad8cb30810193a5db489e3cccb143ace58cd07a8150138,0x59aab1bd0d26290274398c07b55955c15425e16b,0x00fe78205f5f0e63b8ad2b2ae5337f538a610e04,2026-08-10T19:20:50,complex_trace;high_gas_used_context;token_activity_burst,0x34fcd5be,false
25724249,0x97c0c6bb0e5d0292569b3f53617e6726cc4ead04f6f074421eb16e8abc74140a,0x09cfee647fa339133380191c8db6b44f24500c9d,0x77b85afbcd336993ac1c65057531c5a5b33b76b8,2026-08-10T19:20:50,repeated_internal_token_drain;dense_internal_fund_flow;complex_trace;high_gas_used_context;token_activity_burst;repeated_risky_internal_calls,0xa9059cbb,true
25724250,0xb07a9b685bbe52ff1df883a489a1aca19148a5940f3ec91ca927189ddf3c6778,0x9c6236baadf7ed2abbb61a6d47068fb9a20e96ca,0x66a9893cc07d91d95644aedd05d03f95e1dba8af,2026-08-10T19:20:54,dense_internal_fund_flow;complex_trace,0x3593564c,true
25724250,0x1171d30b953f0c6200eabce4b420cdd24991068ff6b5cb52db3070f5f142190a,0xd15141879000651e3cdfef06b051145b66825a66,0xb300000b72deaeb607a12d5f54773d1c19c7028d,2026-08-10T19:20:56,complex_trace;high_gas_used_context;token_activity_burst;approval_burst,0x810c705b,false
25724251,0x5ba5c1b1e4b053aa89c72c9f4be4f27f94ccd7123d21c48a1c2a3732a4b040d6,0xa154b98e53fc35e1bad1ff758acbc8c629bdcd2b,0x19917386eeae67b6ff7ddf07de4019fca40aa4ec,2026-08-10T19:20:59,complex_trace;high_gas_used_context;token_activity_burst,0xa9059cbb,false
25724251,0x715505a35e56457f3337d2121dc6a95301375c6a8eddb25dd1281635817aa71d,0x771a428b865a3984085ed49a0ca550dd222bb60b,0x10ee0af996da1e206d96402b4f16fa00818083e0,2026-08-10T19:20:59,repeated_internal_token_drain;dense_internal_fund_flow;complex_trace;high_gas_used_context;token_activity_burst;repeated_risky_internal_calls,0x6a761202,true
25724252,0x8b2de396f0a78c514058e2dea8b45e1b82bb81911607860ebdc4c248207106e6,0x4337015333e7c8a3c5af4acd2c4aa4befb0d663c,0x4337084d9e255ff0702461cf8895ce9e3b5ff108,2026-08-10T19:21:06,complex_trace;approval_burst,0x765e827f,false
25724252,0xb52b4d8d68e01221826745f51e33987050fa049a4b2248a5b62edc444bd13343,0x5b43453fce04b92e190f391a83136bfbecedefd1,0xbdb3ba9ffe392549e1f8658dd2630c141fdf47b6,2026-08-10T19:21:06,dense_internal_fund_flow;complex_trace;high_gas_used_context;token_activity_burst,0x000000c3,true
25724252,0x0a7bfe1c0aa4546f26145d97466469bb0ae927a1f53b78541fdb632027a1ef8a,0xdda3b51e29f9d6fad865c5dd7070d5f7eb57663e,0x8d8210a0252a706cb5de0c6f8e46b6d3692afc19,2026-08-10T19:21:07,complex_trace;high_gas_used_context,0xffc3a769,false
25724252,0x21370ea4b3488bbc8f8711e0b0e956a51e9b6db46b45a83120b372cb3038946e,0xc73019f991dcbcc899d6b76000fdccc99a208235,0xf4e147db314947fc1275a8cbb6cde48c510cd8cf,2026-08-10T19:21:07,privileged_execution_context,0x760d0f9d,false
25724252,0xa608d5ec9727e22c0cd0d0633ed0aed21e02995ce62782c33b8b94ab06358391,0x67b94473d81d0cd00849d563c94d0432ac988b49,0x86e4dc95c7fbdbf52e33d563bbdb00823894c287,2026-08-10T19:21:07,complex_trace;high_gas_used_context,0x4e43e495,false
25724252,0xc230bc9029b5ce883b31a3079813f1bfce5c616f147e6f687dfcb11d914c1788,0x1584a8ee67789d1fe161065388657ad2f2a3c7dd,0x77eb52e44db06777bce478159f25c0d55a295314,2026-08-10T19:21:07,repeated_internal_token_drain;dense_internal_fund_flow;complex_trace;token_activity_burst;repeated_risky_internal_calls,0xa9059cbb,true
25724252,0xe6e50b372dc7ece7451472c5b09d5176465589ab10c1dc24cdeee529ca6b5bd5,0xee7c2767610888944233398b4c036eb762b6c6ad,0x62de59c08eb5dae4b7e6f7a8cad3006d6965ec16,2026-08-10T19:21:07,complex_trace;high_gas_used_context,0xc5a67b01,false
25724252,0xf8b512e0484ac2a4bd4ab871b73c68b9e16a45c6443260772a27b9b504f3ba33,0x2eb6ffcfc1591349a1983aad3e80d8fb3cec1df2,0x70e60fbfe09caaad444d6c489ef865bfaabbefc8,2026-08-10T19:21:07,privileged_execution_context;complex_trace;high_gas_used_context;token_activity_burst,0x01200000,false
25724252,0x61e27c8e0ba5e65eef2549644100cd21f6db8d2dbf7e81b9a264df6dd5f5b873,0xd6434d157f254276d69ede3bd9fc805482206908,0x7ec8a30a34b86927dc77b302603d1d53e640bef7,2026-08-10T19:21:08,repeated_internal_token_drain;dense_internal_fund_flow;complex_trace;high_gas_used_context;token_activity_burst;repeated_risky_internal_calls,0xa9059cbb,true
25724252,0x8cfa24a7c2d667dbf33bba2d848b63c2fcbd2f4934e736d8e983c3cbbf058902,0xe99bd1c2dd70cd58e5efd47887991700e7318ce2,0xad3b67bca8935cb510c8d18bd45f0b94f54a968f,2026-08-10T19:21:09,complex_trace;token_activity_burst;approval_burst,0x146ee74d,false
25724252,0xb7e309ef0722b4683aa2bee0a4800e56ae57bd43f086d2764412062a295eb7f5,0xd386f8f1e31550d8a55a6baf921168b06c8716fb,0x547b5ad9f71ac50efd8755bc144767ac1768fc3d,2026-08-10T19:21:09,complex_trace;token_activity_burst,0x214bc20e,false
25724252,0xf086cd9f49dc34677810809eac335852dcfc51753d5cd8cfc2d11eb836e6db68,0xe91bcae4a2d7b951304695f93cf1b9a1837cfe43,0x7ec8a30a34b86927dc77b302603d1d53e640bef7,2026-08-10T19:21:09,repeated_internal_token_drain;dense_internal_fund_flow;complex_trace;high_gas_used_context;token_activity_burst;repeated_risky_internal_calls,0xa9059cbb,true
25724253,0x8126dfcf91f7bec8f6896ba690229eccbcfd14188603fde09ce100b59f423faf,0x5896610d9a23c91ec3dd9a30f44814ef28a378ea,0x111111125421ca6dc452d289314280a0f8842a65,2026-08-10T19:21:12,dense_internal_fund_flow,0x07ed2379,true
25724253,0xa0242dd761a536b7774147cc07f13c0ded8a04c6f17047a7f517093ed01dde67,0xc6acbee42e9e323140c1ed060c2f6ea9cc3b4b75,0x7c5a71c9fefbc7691f9d4ac7baf70c743792f716,2026-08-10T19:21:12,selfdestruct_context,0xf3fef3a3,false
25724253,0xa1aa79f6fb8c3f8de5c0587c4fa3f771e6377a502ec90fb8af8c18d26528b0ca,0xe0afd3de39656622b61bcd87b8b1db456954694c,0x0de8bf93da2f7eecb3d9169422413a9bef4ef628,2026-08-10T19:21:12,dense_internal_fund_flow;large_mint_to_sender;very_complex_trace;high_gas_used_context;token_activity_burst,0xc2580804,true
25724253,0xbd22e009502d99ef752d5f3bb3a99f6f2269164985f493843243beea0273167b,0xe0afd3de39656622b61bcd87b8b1db456954694c,0x0de8bf93da2f7eecb3d9169422413a9bef4ef628,2026-08-10T19:21:12,dense_internal_fund_flow;large_mint_to_sender;very_complex_trace;high_gas_used_context;token_activity_burst,0xc2580804,true
25724253,0xc9d19656b9fb710bd70a15c38e1e1f88a81e8f7f721d195fd951157abf4669c6,0xe0afd3de39656622b61bcd87b8b1db456954694c,0x0de8bf93da2f7eecb3d9169422413a9bef4ef628,2026-08-10T19:21:12,dense_internal_fund_flow;large_mint_to_sender;very_complex_trace;high_gas_used_context;token_activity_burst,0xc2580804,true
25724253,0x702a014711d9cf1494fce5b6a358c1cb6dbf211e3aa3f503470e113d0d6af4fb,0xe0afd3de39656622b61bcd87b8b1db456954694c,0x0de8bf93da2f7eecb3d9169422413a9bef4ef628,2026-08-10T19:21:13,dense_internal_fund_flow;large_mint_to_sender;very_complex_trace;high_gas_used_context;token_activity_burst,0xc2580804,true
25724253,0x9c1bc3f3ab19db7bbdf66307313352efedf414a090836f9cc81d4273990eedc9,0xe0afd3de39656622b61bcd87b8b1db456954694c,0x0de8bf93da2f7eecb3d9169422413a9bef4ef628,2026-08-10T19:21:13,dense_internal_fund_flow;large_mint_to_sender;very_complex_trace;high_gas_used_context;token_activity_burst,0xc2580804,true
25724253,0xadb2e2faa15f1fc2786de6c878a1d12088c9f0d00b97a1e3d66cefe7f272fcac,0xe0afd3de39656622b61bcd87b8b1db456954694c,0x0de8bf93da2f7eecb3d9169422413a9bef4ef628,2026-08-10T19:21:13,dense_internal_fund_flow;large_mint_to_sender;very_complex_trace;high_gas_used_context;token_activity_burst,0xc2580804,true
25724253,0xf40b31edb4d64f7a99e2fc8a97027392153b09a8c4074498abda8e060fcf0415,0xe0afd3de39656622b61bcd87b8b1db456954694c,0x0de8bf93da2f7eecb3d9169422413a9bef4ef628,2026-08-10T19:21:13,dense_internal_fund_flow;large_mint_to_sender;very_complex_trace;high_gas_used_context;token_activity_burst,0xc2580804,true
25724254,0x044537d593add5190c8a182495c74c6d6db12983c5e13daca015bfef7fe3143c,0x1584a8ee67789d1fe161065388657ad2f2a3c7dd,0x77eb52e44db06777bce478159f25c0d55a295314,2026-08-10T19:21:30,repeated_internal_token_drain;dense_internal_fund_flow;complex_trace;high_gas_used_context;token_activity_burst;repeated_risky_internal_calls,0xa9059cbb,true
25724254,0x898245afeab00412d1f318c7acc72757e9b279152826623d055d4ee0b5586f1c,0xbad000006db10503589262b55d09bb7b3c5e1472,0xbbbbb048b1a85ca221058c45525095b6a68bbbbb,2026-08-10T19:21:30,repeated_internal_token_drain;dense_internal_fund_flow;complex_trace;high_gas_used_context;token_activity_burst;repeated_risky_internal_calls,0xa9059cbb,true
25724254,0xc8e59dc1f906c5b168d7953301a8fdd0e34d77e5cb305629ca3519876370240b,0xe99bd1c2dd70cd58e5efd47887991700e7318ce2,0xad3b67bca8935cb510c8d18bd45f0b94f54a968f,2026-08-10T19:21:30,complex_trace;token_activity_burst;approval_burst,0x146ee74d,false
25724255,0x33c5eecea568624735a7d3a23a08d6bb04d5807227bb728ab0be4fe6b35f2e59,0xde7a849216aa3884d53d84ecb02c19eb67e5dae2,0x7d9f4ca54131e588fc1fe577973b55fb11231e76,2026-08-10T19:21:45,complex_trace;high_gas_used_context;token_activity_burst,0x6aac3a0b,false
25724255,0x770c3ca863394d22c59b56a29bc267f3412ed6368be35444beb34e16bf85f685,0x617ccb6d070f08953c2fc481fb19674162e672f1,0x91ff8bbd8ebb07893010d50a48a1609e5ebd8e34,2026-08-10T19:21:45,complex_trace;high_gas_used_context,0x069d1525,false
25724255,0x8057b0e0b4c7b516428fb3be88a0f7c17ed4a83dccdb5230cf4b56ca7830ccee,0xde992badd92adaf9146255e9bde6a70770973664,0x3d0f22bf11636cc9cb129e2b261eed35a487455c,2026-08-10T19:21:45,complex_trace;high_gas_used_context,0xa9059cbb,false
25724257,0x20e90e6d05fd173dbc1def028f444f786cc3cfb1a8818f95ecd0c74e6f0fbf40,0xb1ca4a18aff443656f407fa8be3533ff27dde911,0x9da8b48441583a2b93e2ef8213aad0ec0b392c69,2026-08-10T19:22:00,complex_trace;high_gas_used_context,0xe7c438c9,false
25724257,0x7e3a3d2821ffeb40738a913db79d78c6336a14b7ac6474a83eebab11c90d4044,0xe99bd1c2dd70cd58e5efd47887991700e7318ce2,0xad3b67bca8935cb510c8d18bd45f0b94f54a968f,2026-08-10T19:22:00,complex_trace;high_gas_used_context;token_activity_burst;approval_burst,0x146ee74d,false
25724257,0x36939d27280223ae714b415392f96c67e98d8bd7ffc3e11a831e1085ee4bb5c0,0xe0afd3de39656622b61bcd87b8b1db456954694c,0x0de8bf93da2f7eecb3d9169422413a9bef4ef628,2026-08-10T19:22:01,dense_internal_fund_flow;large_mint_to_sender;very_complex_trace;high_gas_used_context;token_activity_burst,0xc2580804,true
25724257,0x6223ea8b9dfca00c7be5d4a7ac54fb2ee241ab68e8dab0675b4ec28bf22e1751,0x43370250bfc02c7f085cb105558da41e9cdb2d79,0x5ff137d4b0fdcd49dca30c7cf57e578a026d2789,2026-08-10T19:22:01,privileged_execution_context;complex_trace,0x1fad948c,false
25724257,0xc8c09cff16700e7cadebf1c89f4de477810c6f9e8009c420b526a316cb8b059a,0x9452ed6da616783786c6d8aaf73047ecad126c57,0x03db430d830601db368991ee55daa9a708df7912,2026-08-10T19:22:01,dense_internal_fund_flow;complex_trace,0xbe2fa910,true
25724257,0xfd86538abe3c0afd689679d9c11118970b8cd1512797fad0513b0d0bed5edc14,0xb08b2c3099193bcf05f742ccb7f206635fe243b3,0x91ff8bbd8ebb07893010d50a48a1609e5ebd8e34,2026-08-10T19:22:01,complex_trace;high_gas_used_context,0x069d1525,false
25724257,0xa54d89cd6ef31a77c1b3cf0857e3b4d8607b9b45b049d4c67a8498a01482e34a,0xc53376985f98a7d9fa25b3b53a22492179b802da,0xf8f226da66244f89e70c5b5d1a5c5b0d505eb1d8,2026-08-10T19:22:02,complex_trace;high_gas_used_context;token_activity_burst;approval_burst,0xbaae8abf,false
25724257,0xf3c4a2f4df70775f6996db6e00b140aa7efe482455f16f7ddda0cec6212173f4,0x59aab1bd0d26290274398c07b55955c15425e16b,0x00fe78205f5f0e63b8ad2b2ae5337f538a610e04,2026-08-10T19:22:02,repeated_internal_token_drain;dense_internal_fund_flow;complex_trace;high_gas_used_context;token_activity_burst;repeated_risky_internal_calls,0x34fcd5be,true
25724258,0x005e4241fb35deff29b80581ee6e1b2ed2dece74e17b87e95bc7b67da4023a19,0x1fee0d6bbdd046daf9797c3b1b650243ac01a69f,0x111631619f8a9f4c96db7427c5dd658976483102,2026-08-10T19:22:12,very_complex_trace;high_gas_used_context;token_activity_burst;approval_burst,0x21dce5d5,false
25724258,0x2e55013cb976a4985cb2874c3cbdf18936234ee363daba226b4f5ef759b7546e,0xdd2d158a5083ef7d32f059c312eebb788867ad24,0xcb0151ac9479a6a0261622baa63ae843c9793d45,2026-08-10T19:22:12,complex_trace;approval_burst,0x64cd187f,false
25724258,0xb78684b1dbdf329b1b7adccf0629590b2088eecce592a312b8c80c3ce2e5b3a5,0xb876842bb8405f34e1cefe497d0d85d39f83badf,0x91ff8bbd8ebb07893010d50a48a1609e5ebd8e34,2026-08-10T19:22:12,complex_trace;high_gas_used_context,0x069d1525,false
25724258,0xbc486b9d0682af8823f9f5308c49d15c97d58d41cb9a18746a7197acca004b46,0x1b8461b314f35743147c2eddd3ac4fda63b4e0aa,0x6131b5fae19ea4f9d964eac0408e4408b66337b5,2026-08-10T19:22:12,dense_internal_fund_flow;complex_trace,0xe21fd0e9,true
25724258,0xd20c8f9582fe912056e247b9ea22b8b02a0136be00149309e3073594a0c921fc,0xe487832018fbd594c84f1db3dfac61cde98a5f36,0x91ff8bbd8ebb07893010d50a48a1609e5ebd8e34,2026-08-10T19:22:12,complex_trace;high_gas_used_context,0x069d1525,false
25724258,0x676830de5a1e73849d3b8ae7c9060e0efad8d6bad03fbb298edba8453b383588,0x59aab1bd0d26290274398c07b55955c15425e16b,0x00fe78205f5f0e63b8ad2b2ae5337f538a610e04,2026-08-10T19:22:15,complex_trace;high_gas_used_context,0x34fcd5be,false
25724258,0x78097c83a2425987e40a29d0e8e95f79325b541026e6992aa3f419b8c30945e2,0x161643f280b09be8e0271eef8efc6c264d125003,0x0a6b4eb9992edd87d015371680ca8747c622439d,2026-08-10T19:22:17,dense_internal_fund_flow;token_activity_burst,0xa9059cbb,true
25724259,0x8b9968de491063fce9f68926fee17a6cbc01c9694746254986123c6cba3f664a,0xc6acbee42e9e323140c1ed060c2f6ea9cc3b4b75,0x7c5a71c9fefbc7691f9d4ac7baf70c743792f716,2026-08-10T19:22:22,selfdestruct_context,0xf3fef3a3,false
25724259,0x888b8e93179a5e947d72ace4cdf1ce26407d398bee8e8b0a3bf0dd3b75e6c741,0xc443e318493f98dc95beca1dec7ca14dc48655eb,0xcb31c5a97eca16d0bfdcd1195a59003715769d6a,2026-08-10T19:22:23,complex_trace;high_gas_used_context,0x873f371c,false
25724260,0x14577e6fa05151dceda361b9229e3632a15a1bf24527a2cc14b10cac2bd6f5a4,0xb23360ccdd9ed1b15d45e5d3824bb409c8d7c460,0x09c30cdcdd971423cb3ba757a47d56c35d06d818,2026-08-10T19:22:29,dense_internal_fund_flow,0x318adb8b,true
25724260,0x2a779f4a8c711c70418cf0fa75dd2d1d65fe6876bb3cb5f411e6fda6a3b5fa74,0x5b43453fce04b92e190f391a83136bfbecedefd1,0xbdb3ba9ffe392549e1f8658dd2630c141fdf47b6,2026-08-10T19:22:29,dense_internal_fund_flow,0x000000c3,true
25724260,0x436b5838c95c57c9638189683605947ad3d2176bf5c06a9e4d22f8f4a145237a,0xe99bd1c2dd70cd58e5efd47887991700e7318ce2,0xad3b67bca8935cb510c8d18bd45f0b94f54a968f,2026-08-10T19:22:29,complex_trace;high_gas_used_context;token_activity_burst;approval_burst,0x146ee74d,false
25724260,0x64dc08ca225753b3e4e885155e24a6b2f694d912d3a9bf05731484ef3ef2ff1c,0x7830c87c02e56aff27fa8ab1241711331fa86f43,0xa9d1e08c7793af67e9d92fe308d5697fb81d3e43,2026-08-10T19:22:29,dense_internal_fund_flow,0x1a1da075,true
25724260,0x7e88395d29ce33ffdd4e5a3b1866c1d50de9817eb692cc3c42a5f00ed6b24a11,0x1584a8ee67789d1fe161065388657ad2f2a3c7dd,0x77eb52e44db06777bce478159f25c0d55a295314,2026-08-10T19:22:29,repeated_internal_token_drain;dense_internal_fund_flow;complex_trace;token_activity_burst;repeated_risky_internal_calls,0xa9059cbb,true
25724260,0xc6bd1da35a217afd82e8d39b7c59be13c7d291daac47b8cdc01d8fb303430cef,0x8a9e18a68e60000001fa129a0a5f2be8a205ad36,0x0a8accba63f42e743a31f33c44b87be0c83fe230,2026-08-10T19:22:29,dense_internal_fund_flow;complex_trace,0x99000000,true
25724260,0xf4399c6810f48d8ec8eeb59032ad3a5b12c9f550dac5875f8251d7f13c656e5f,0xa5c7857bf8c8220403caf189066ce5bac4462705,0x91ff8bbd8ebb07893010d50a48a1609e5ebd8e34,2026-08-10T19:22:29,complex_trace;high_gas_used_context,0x069d1525,false
25724260,0x2340139d32842457be76c97c6c05737ca3877f4e939903903ffdfb38aef55225,0x0e3eb60df4d14b213dc4de53316ed7bcd4aadc87,0x0000000071727de22e5e9d8baf0edac6f37da032,2026-08-10T19:22:30,complex_trace;high_gas_used_context;token_activity_burst,0x765e827f,false
25724260,0x2943984bbaa1bc6ae36a8821c14005ad38fe5404180b206972a31ddafca90707,0x0816cfde9980c2f2296213cf35a9e8c5f2c6b2d9,0x91ff8bbd8ebb07893010d50a48a1609e5ebd8e34,2026-08-10T19:22:30,complex_trace;high_gas_used_context,0x069d1525,false
25724260,0x43baf2f6f0e1abf382f657cd488ec91f30d534a2eb893b535a86f150b0a65371,0x6c45b0a56a451a86f67e65ffb090bcde940933cf,0x91ff8bbd8ebb07893010d50a48a1609e5ebd8e34,2026-08-10T19:22:30,complex_trace;high_gas_used_context,0x069d1525,false
25724260,0x6c320fafdfa96075e83abbac8169510ba6a400a0a885e06dacbba19acb914462,0x508146d72c8e32e1ae342fb5ba025ceac2b1d205,0xf8c786b1064889ffd3c8a08b48d5e0c159f4cbe3,2026-08-10T19:22:30,complex_trace;high_gas_used_context;token_activity_burst,0x4ba96d46,false
25724260,0x03f3867acc74f96b88a16c4524095da25e943b1f9005c72d07be3984f4321803,0x0e0052a184fd59c6b7e1e99d739802ecb3aec0e4,0x0b8a49d816cc709b6eadb09498030ae3416b66dc,2026-08-10T19:22:31,complex_trace;high_gas_used_context;token_activity_burst;approval_burst,0xf497df75,false
25724260,0x70c143c50da31826b006e6122db07100bfad49bebae8a6890fc14d378dd86e45,0xd6434d157f254276d69ede3bd9fc805482206908,0x7ec8a30a34b86927dc77b302603d1d53e640bef7,2026-08-10T19:22:31,repeated_internal_token_drain;dense_internal_fund_flow;complex_trace;high_gas_used_context;token_activity_burst;repeated_risky_internal_calls,0xa9059cbb,true
25724260,0xa1eea376f7202977ebb7363cecc936d14b855ed983e7276d829f02b107464ab9,0x59aab1bd0d26290274398c07b55955c15425e16b,0x00fe78205f5f0e63b8ad2b2ae5337f538a610e04,2026-08-10T19:22:32,complex_trace;high_gas_used_context;token_activity_burst,0x34fcd5be,false
25724261,0xa7f0014ec42c66a76c7bf444937a6ab8407e301825c27010d5026537b55275f2,0x7556699aa8e6a7c9c69bcfaf9debd05f8192b063,0x84cab37995229530d9e6e5cff2f8f4ebe4517d66,2026-08-10T19:22:38,complex_trace;high_gas_used_context,0xe587456a,false
25724261,0x50201b4234a5e9debb7d9891ea104faf228440aa939cf2411cb39166f76b7834,0x48016a2ee65758ea0adf560ba35ac18c827610e5,0x91ff8bbd8ebb07893010d50a48a1609e5ebd8e34,2026-08-10T19:22:39,complex_trace;high_gas_used_context,0x069d1525,false
25724261,0x0aed188b021e2bedef441a33da835b4b4b74041fc2dc5d7a0eb3cf5611996ede,0xd13674ef90c4ef8da43f3fe90aba61a2aa43c1f6,0x91ff8bbd8ebb07893010d50a48a1609e5ebd8e34,2026-08-10T19:22:40,complex_trace;high_gas_used_context,0x069d1525,false
25724261,0xebc493833e6a58e6c8e675830a5faaffb0863c67c074c81a7b8d2922bde3c975,0x00c501a744b3db320f1eb5675f9a606bd298d2b9,0x91ff8bbd8ebb07893010d50a48a1609e5ebd8e34,2026-08-10T19:22:40,complex_trace;high_gas_used_context,0x069d1525,false
25724261,0x471921112595a5b104792a7068fe218e3d92df88b496cf1c2c0e5d1429cfd0a2,0x59aab1bd0d26290274398c07b55955c15425e16b,0x00fe78205f5f0e63b8ad2b2ae5337f538a610e04,2026-08-10T19:22:42,complex_trace;high_gas_used_context;token_activity_burst,0x34fcd5be,false
25724261,0x96fd0065bed0aeee8d9656181aa1e2d3503df67ce01f75ad096fbca3cfcc1916,0x4cbc4bac934f00c6b60b76dc63afd7d2e0c0ae7f,0x7c24805454f7972d36bee9d139bd93423aa29f3f,2026-08-10T19:22:42,privileged_execution_context,0xd83c1138,false
25724261,0xdbc8555ddab3ae36cb4bd622de62bd5ad1aac49fc8db736ecd2e8a0c6605f440,0xd6434d157f254276d69ede3bd9fc805482206908,0x7ec8a30a34b86927dc77b302603d1d53e640bef7,2026-08-10T19:22:42,repeated_internal_token_drain;dense_internal_fund_flow;complex_trace;high_gas_used_context;token_activity_burst;repeated_risky_internal_calls,0xa9059cbb,true
25724261,0xfb35c2c854c6a8fbe7955a7af0a745da59603a0df589ddc75c35c9cebd9bf52c,0xdda3b51e29f9d6fad865c5dd7070d5f7eb57663e,0x8d8210a0252a706cb5de0c6f8e46b6d3692afc19,2026-08-10T19:22:42,complex_trace;high_gas_used_context,0xffc3a769,false
25724262,0x772621230f5d89bd91a3b3d6a54165fef7c2a9c56580c461bd0027783cb3708c,0x8567b56b8f4d8faf369990cb060c7a9d164d377d,0x49f1a5e86f1ef5b0e2cb7a51d106b5eba440bf58,2026-08-10T19:22:56,complex_trace;high_gas_used_context,0xd44d2ddc,false
25724262,0xdd89a2f0c72601d522ec48c606fe68e4bfb018b53666d9af314ef75e41a7c6b6,0xe30bde3e441342b820be9f0b865f7d9d5234cc82,0x290909806740b70d97efb2c530870053ec5d6304,2026-08-10T19:22:56,dense_internal_fund_flow;complex_trace;high_gas_used_context,0x0319027a,true
25724263,0x23856556dca8efc85c555e2d7cafe378021462f685f05350c5b366777f306a56,0x18dd3c14e34c1bc379f7538068c59160d9f68e25,0xb92fe925dc43a0ecde6c8b1a2709c170ec4fff4f,2026-08-10T19:23:08,dense_internal_fund_flow,0xcd6e13f7,true
25724263,0x2a51f5f99e0d655c6426a3ee09c1c3ef64f4bec9335515236e6a46e93a66ac7f,0x0000000000000792b907283999351c9587689a82,0x0000000000efa780a8e6f50fc5de9c1497bfd175,2026-08-10T19:23:08,dense_internal_fund_flow,0x3f204bf1,true
25724263,0xff5ad109c54cc96f01469e7127d83c8a4f770538fcbef61ddd35d04c94c9e49f,0xbbd81097c8ca69116f6d88c69bfd68c309f6da47,0xd90e2f925da726b50c4ed8d0fb90ad053324f31b,2026-08-10T19:23:08,dense_internal_fund_flow,0x13d98d13,true
25724263,0x403394e65248a0d7a2717d09c248f779b4758b291ed7c040bff4d567899723fa,0x3f6feb230a5f400000003b83b5264935181bc219,0x0a8accba63f42e743a31f33c44b87be0c83fe230,2026-08-10T19:23:09,dense_internal_fund_flow;complex_trace;high_gas_used_context,0x99000000,true
25724263,0x67eaa79e7ebbd02c83efea287086a1ed2977b39fe0a46e3517af9625c027bbcc,0xdda3b51e29f9d6fad865c5dd7070d5f7eb57663e,0x8d8210a0252a706cb5de0c6f8e46b6d3692afc19,2026-08-10T19:23:09,complex_trace;high_gas_used_context,0xffc3a769,false
25724263,0x9bbc324997e2096e07c72f70d6dc041ac4f70f1e678ef02e08c805c0124f90a1,0x340fd3b164ce979b103684ee74dc66ca6d5782ba,0xa53638218aa1f6336feea1a7f65facf2866b90a8,2026-08-10T19:23:09,selfdestruct_context,0xf3fef3a3,false
25724263,0xe0a694cb83b8118ca0d09868e8daf423a4e04136414e8d806b758b3fdf337e2b,0x09cfee647fa339133380191c8db6b44f24500c9d,0x77b85afbcd336993ac1c65057531c5a5b33b76b8,2026-08-10T19:23:09,high_gas_used_context;token_activity_burst,0xa9059cbb,false
25724263,0xc70108ac78ccbd0986fda0a8fefe880e141ac1f7b6cfb0f2e31a11515d4d024a,0x05854d0c70d2f696fb3d9c0863100956b795e2ff,0x0fb6e8ecd8ca55c79122f4e114fb46afe1924089,2026-08-10T19:23:11,complex_trace;high_gas_used_context;token_activity_burst,0x9d83fd7f,false
25724263,0xd46c02aa697287aceedba47e7e231b998f3927bf784b855285c4e8ee5ee80615,0xc53376985f98a7d9fa25b3b53a22492179b802da,0xf8f226da66244f89e70c5b5d1a5c5b0d505eb1d8,2026-08-10T19:23:11,complex_trace;high_gas_used_context,0xbaae8abf,false
25724264,0xefff55719f26cff63edbc7dd26c32e43939a901226114b23cab3db688aea1e67,0xb1b2d032aa2f52347fbcfd08e5c3cc55216e8404,0xb44446b0c8e56988c34f7ff73ae904982b5fdda5,2026-08-10T19:23:17,dense_internal_fund_flow;complex_trace,0xad43f73d,true
25724265,0x8f20ea615b51328830847a93979e55293ecf00e55bcd1a6871204fed6ec52214,0xdbafcbeef0355f4c8380d7fe9a36eb85c4959a89,0x0a8accba63f42e743a31f33c44b87be0c83fe230,2026-08-10T19:23:22,dense_internal_fund_flow;complex_trace,0x88000000,true
25724265,0x9312cd801c48286281905aa4d29fc041933d76c21d86822264d016becd12f238,0xbcaccc1a2b839f713bc9f6c4a6372bc3984bcc0b,0x0a8accba63f42e743a31f33c44b87be0c83fe230,2026-08-10T19:23:22,dense_internal_fund_flow;complex_trace,0x99000000,true
25724265,0xdb5d88e4e1b3b1acee68dbf66970371f857023d8fb88f685881e802ae16bb6eb,0xde7a849216aa3884d53d84ecb02c19eb67e5dae2,0x7d9f4ca54131e588fc1fe577973b55fb11231e76,2026-08-10T19:23:22,complex_trace;high_gas_used_context;token_activity_burst,0x6aac3a0b,false
25724265,0x062ffb2ba6f7993344ee5f67aa998aa0e6677b85244acdeb18a2667f308c44b2,0x43627ed313b783200d7fd4b0622aaf7117700fdc,0x6131b5fae19ea4f9d964eac0408e4408b66337b5,2026-08-10T19:23:23,dense_internal_fund_flow;complex_trace,0xe21fd0e9,true
25724265,0xa2988bdedd86ca890ad8bd7c585b615a3353de48ba55ec833f952cf701c8abf3,0x7915ef232060bc117a7890122ace455cbad894e8,0xbadc0de76438f9524d42c219b390636196bfbdfc,2026-08-10T19:23:23,dense_internal_fund_flow,0x69277b67,true
25724265,0xf794c2e0725522c00f95825ec2d284572865a95cec59d67f0ca08e917acfc843,0xf4b8ae5104ad0bdd5552334267a3ec38bbb675b5,0x881d40237659c251811cec9c364ef91dc08d300c,2026-08-10T19:23:23,dense_internal_fund_flow;complex_trace;high_gas_used_context;token_activity_burst,0x5f575529,true
25724265,0xe3d77e90b8f9b24073f41bf68d0b3fa5161f0cefa8993afd0277b860ea26b990,0x06cb553e44086138c170338adc7fc163a9c6b6b2,0x28b1dc1a5e3699a428bc51d234dfab7c9cb2a183,2026-08-10T19:23:24,complex_trace;high_gas_used_context,0x0c307f76,true
25724266,0x2bb605b27b860332a2a0cd637f31129c7fccd1d562b8fe377ce8fe2da38c1c88,0xb1b2d032aa2f52347fbcfd08e5c3cc55216e8404,0x925b332d6c56558fa207881c44ca613857534b04,2026-08-10T19:23:28,large_erc20_asset_flow,0xc97c5479,true
25724266,0x80a99dc7e75818087597587fb9d34c92650992568f3b702324ff02fb079e1156,0xae2fc483527b8ef99eb5d9b44875f005ba1fae13,0x1f2f10d1c40777ae1da742455c65828ff36df387,2026-08-10T19:23:28,complex_trace;high_gas_used_context;token_activity_burst,0x2b8e2e47,false
25724266,0x8d8cb84f80be48cad4be247bbb0a46d6bfa1b767bd2486432c8bd5708c7c6534,0xbbd81097c8ca69116f6d88c69bfd68c309f6da47,0xd90e2f925da726b50c4ed8d0fb90ad053324f31b,2026-08-10T19:23:28,dense_internal_fund_flow,0x13d98d13,true
25724266,0xa1667f633c039637d29a58b1e8ce2b4f4103f98f30de0b0053ad4c45defabeb1,0xae2fc483527b8ef99eb5d9b44875f005ba1fae13,0x1f2f10d1c40777ae1da742455c65828ff36df387,2026-08-10T19:23:28,dense_internal_fund_flow;complex_trace;high_gas_used_context;token_activity_burst;approval_burst,0x2b782e47,true
25724266,0xd17f17d05d6df6f02b0a79eacd0a1794912e62045cb9b35ce6b16b572680cb26,0x36675cb19cb6c796b02d3b842595c72e7da4aea8,0x6131b5fae19ea4f9d964eac0408e4408b66337b5,2026-08-10T19:23:29,complex_trace;high_gas_used_context,0xe21fd0e9,false
25724266,0x00513df860a61a0e44dcc26f494ee8cd4c59dac1f2c90f2bc5658a7cdd251ce7,0x7f641072c54ac30a4e6a5f3d9b7263a985256e5d,0x69460570c93f9de5e2edbc3052bf10125f0ca22d,2026-08-10T19:23:31,dense_internal_fund_flow;complex_trace,0x14d08fca,true
25724266,0x270bff10d207cd4339d6b8aa19982797ea27a91e933d6241eb4a67ccd67e9d3a,0x9d9e5233e399c84cfff5b080f0012987a25a045a,0x91ff8bbd8ebb07893010d50a48a1609e5ebd8e34,2026-08-10T19:23:31,complex_trace;high_gas_used_context,0x069d1525,false
25724266,0x3a79729be251640f931316fbcdee49cecef570e2db63840dfc0a761e75294ea9,0x051c42ee7a529410a10e5ec11b9e9b8ba7cbb795,0x3f7c15d053ab332d194d0040815e466d34387e40,2026-08-10T19:23:31,large_erc20_asset_flow;complex_trace,0xa11beb30,true
25724266,0x8843d30999f855fe2222bf88aa653f3647a5bb7a3107b3f1bc3830c98df42c4f,0x6f8b3e110995daf3c3b48b10e106a7860f3ecaca,0x888888888889758f76e7103c6cbf23abbf58f946,2026-08-10T19:23:31,complex_trace;high_gas_used_context,0xed48907e,false
25724266,0xba8eb07c849143f34fdc3f942143645211866f37aa557e802b14727dba3239ce,0x5720f64a1ac37c442d1ef3c93c92a15c29f93cbf,0xb300000b72deaeb607a12d5f54773d1c19c7028d,2026-08-10T19:23:31,dense_internal_fund_flow;complex_trace,0x810c705b,true
25724267,0x3949ef60397c244217625c1cdf31351f0d8186a848bca9dc009cf7318e761685,0x930feae1b277ff60b836d2ce27f162555a5b98b9,0xf708e11a7c94abde8f6217b13e6fe39c8b9cc0a6,2026-08-10T19:23:46,complex_trace;high_gas_used_context;token_activity_burst,0x8d44ea24,false
25724267,0xb0a2684649edd3d26b65bc56aacd205599cc703690d1b91721f786a72e23dc64,0xe99bd1c2dd70cd58e5efd47887991700e7318ce2,0xad3b67bca8935cb510c8d18bd45f0b94f54a968f,2026-08-10T19:23:46,complex_trace;high_gas_used_context;token_activity_burst;approval_burst,0x146ee74d,false
25724267,0x3da52c61a7784ba67f5e250002b9db730d38a6da362e9fc129687980bf0e6579,0xdda3b51e29f9d6fad865c5dd7070d5f7eb57663e,0x8d8210a0252a706cb5de0c6f8e46b6d3692afc19,2026-08-10T19:23:47,complex_trace;high_gas_used_context,0xffc3a769,false
25724267,0x34898b4e35e509c507d984d21305fe6317b5c7cbd6f3f3a5031a65f0d5b1dbe3,0x9642b23ed1e01df1092b92641051881a322f5d4e,0xfaf17849fb05a11a4e233f221bac99ca43fc83f8,2026-08-10T19:23:48,large_erc20_asset_flow,0x6b13fcb1,true
25724268,0x26cc993b5ebef3553bfc55f3b7365a874eb658dc53a773c6bf327daf9a94e93c,0x8bf44b00436d41fef72474bb0fa0778f7bf956ac,0x1103fc560de8b710983e7f3ec09d587f3f848566,2026-08-10T19:23:57,dense_internal_fund_flow,0x0287fe26,true
25724268,0x424238d9117e5d68baa5de342719fe5692cf5344b09b77c602304dd8e6949dae,0x879642dc5e5ff7b7af3a6542e3c94e49a812f97a,0x28b1dc1a5e3699a428bc51d234dfab7c9cb2a183,2026-08-10T19:23:57,dense_internal_fund_flow,0x08298b5a,true
25724268,0x500cc130326841a6b8e8aa749a2feba068b72c78a455d14e8551af44b68687bd,0x834d10cef4e5a75d3edddcbb1c5a94f8094e5713,0xd226997439ecfbeff8e110c8c78c8a7eefd19f89,2026-08-10T19:23:57,complex_trace;high_gas_used_context,0x99999999,false
25724268,0xe3f8e97ed241a1ac72ea428ae7cd1365de2cf3985be67ac45ee6153ce9140d9e,0xe99bd1c2dd70cd58e5efd47887991700e7318ce2,0xad3b67bca8935cb510c8d18bd45f0b94f54a968f,2026-08-10T19:23:57,complex_trace;high_gas_used_context;token_activity_burst;approval_burst,0x146ee74d,false
25724269,0x0236a6f22478a26f48e79ab0b4f736b2507d1b500d99a30fb4f2a04f017d154d,0x5e6e835ec4e69fdaf9cad50cedafc687976d6a22,0x91ff8bbd8ebb07893010d50a48a1609e5ebd8e34,2026-08-10T19:24:07,complex_trace;high_gas_used_context,0x069d1525,false
25724269,0x04dcbd75cbcc2613dd95ad17799efd89e9459d42a1b825a3cf04f34bb501deb4,0x7b02e757a86264acf2a4a7059ba38a84be052e59,0xbca3039a18c0d2f2f84ba8a028c67290bc045afa,2026-08-10T19:24:07,dense_internal_fund_flow,0x2090d831,true
25724269,0x82b9bf9ba0244f8c94cccc07be3d9ba228373aac6ed7411a2d14672a72035e1d,0xbbd81097c8ca69116f6d88c69bfd68c309f6da47,0xd90e2f925da726b50c4ed8d0fb90ad053324f31b,2026-08-10T19:24:07,dense_internal_fund_flow,0x13d98d13,true
25724269,0x9df7d84fd3160c9eea3c932255bcbf699f1151bbd1cddc9934de7d33af1e806f,0x09efa4777a855eb946df013c8f3e51fc553aa81d,0xd90e2f925da726b50c4ed8d0fb90ad053324f31b,2026-08-10T19:24:07,dense_internal_fund_flow;complex_trace,0xb438689f,true
25724269,0xdbfdae7998da574232d1d320e809c7a9f2857082d1292e65eb8af356aedd6124,0x7b02e757a86264acf2a4a7059ba38a84be052e59,0xbca3039a18c0d2f2f84ba8a028c67290bc045afa,2026-08-10T19:24:07,dense_internal_fund_flow,0x2090d831,true
25724269,0xe510fd41fe520c4c5d00bb33c6bcbb1ca42c4c6804e9f0dad82573cd9b60c8b2,0xd076c5a6c7cd4e1bb69177ac5892aefb0abb1f7d,0x1399bb39c241f3b0755a8584205a2f99bdb15bf7,2026-08-10T19:24:07,dense_internal_fund_flow;complex_trace,0x60642803,true
25724269,0xf4b3fa38a49052e1fed5ded817d03a30eec33736ec6087c72178f6b2e233e27a,0x8385c09eff88cabb3523988010c4ca0c5c7a54e3,0x45312ea0eff7e09c83cbe249fa1d7598c4c8cd4e,2026-08-10T19:24:07,dense_internal_fund_flow,0xc872a3c5,true
25724269,0xf6e9dc19acb5a7940fe00401b8491376416ebe27b9539a0b3279dad0369cacf1,0x6572d9dbd1e4a1a1a81760dcc4310269b59950c7,0x91ff8bbd8ebb07893010d50a48a1609e5ebd8e34,2026-08-10T19:24:07,complex_trace;high_gas_used_context,0x069d1525,false
25724269,0x01c5489a49e5e880766b1adf58e41068763b95d27412888bdeb3611391524e36,0xde992badd92adaf9146255e9bde6a70770973664,0x3d0f22bf11636cc9cb129e2b261eed35a487455c,2026-08-10T19:24:08,complex_trace;high_gas_used_context,0xa9059cbb,false
25724269,0x4e214fea22bdc4b3f93847b0f8c22a1718377811e88b7bedf5a8c486b2ee2a73,0x00d9fe085d99b33ab2aae8063180c63e23bf2e69,0x75884f3ada15c953529abaac6549d5204135ec36,2026-08-10T19:24:09,repeated_internal_token_drain;dense_internal_fund_flow;complex_trace;high_gas_used_context;token_activity_burst;repeated_risky_internal_calls,0xa9059cbb,true
25724269,0x7557fe011f586f0a37d7f76b1a4133d8fab9d3438e40ab1a3f2c1fcff82c2ca1,0xd714e1d25067c2421ea58b962d900732f77ab23b,0xcd2bdb8af031d29d2bc38ef08b842d31e344384c,2026-08-10T19:24:09,repeated_internal_token_drain;dense_internal_fund_flow;complex_trace;high_gas_used_context;token_activity_burst;repeated_risky_internal_calls,0xa9059cbb,true
25724269,0xace0a9a19a7b461c14fab67dd65b345c270e79af499e87d9fb9ba032d7ed9fa3,0x3d4e12d540cf67a9c38da66a20943acac075725d,0x1eeda6359b726f7e5a662288ed7f1793ed6788b9,2026-08-10T19:24:09,repeated_internal_token_drain;dense_internal_fund_flow;complex_trace;high_gas_used_context;token_activity_burst;repeated_risky_internal_calls,0xa9059cbb,true
25724269,0xe9e3ae37d621b0d939e7b2623a7adcb24010eecaf04e1807d3a5b0ea15f9d584,0x5f8769281662a4af0175f7efe521892c52850ac6,0x40a6700b99115cda7b12bd0e21db1be8ae524bf2,2026-08-10T19:24:09,repeated_internal_token_drain;dense_internal_fund_flow;complex_trace;high_gas_used_context;token_activity_burst;repeated_risky_internal_calls,0xa9059cbb,true
25724269,0xf4414adc21c00fa990a02ad2202dd63035a5518df84907936ae95990ff40022d,0xff43e4330beebc11b87e60175a5c571187b1daf7,0xb300000b72deaeb607a12d5f54773d1c19c7028d,2026-08-10T19:24:09,dense_internal_fund_flow;complex_trace,0x810c705b,true
25724270,0x81b502921b88c0c51a869d8100d69792a6ff82e22b9c3bbda5d514d3d6d2468e,0xc6275245f84c794617d78692ffd1be73720ba81a,0x111111125421ca6dc452d289314280a0f8842a65,2026-08-10T19:24:15,dense_internal_fund_flow;large_erc20_asset_flow;complex_trace,0x07ed2379,true
25724270,0xa688100faae901ec62fd695df10d820bc21173bbd95e9e3323ad63c9b00c2b6a,0x7830c87c02e56aff27fa8ab1241711331fa86f43,0xa9d1e08c7793af67e9d92fe308d5697fb81d3e43,2026-08-10T19:24:15,large_erc20_asset_flow,0xca350aa6,true
25724270,0x270464f667199a88211696f8bd779fa0e133345e12092d358e24d6b1eb0e6892,0xe217a722d15cffe975cf2f543e7be08660d77573,0x96b22eb7178d116797e57197e586b70fedae8fdd,2026-08-10T19:24:16,large_erc20_asset_flow;complex_trace;high_gas_used_context,0x6e553f65,true
25724270,0x563944b2d56c244c43e809a618023b3e31aeb168a2b82785e409d359a349b714,0x3bdb03ad7363152dfbc185ee23ebc93f0cf93fd1,0xc741900276cd598060b0fe6594fbe977392928f4,2026-08-10T19:24:16,dense_internal_fund_flow,0x52346412,true
25724270,0x6fda8ebc5709c4d4701a5dac94591ff6bfd65a8a0676001c2e91b8f2a609882f,0x49254defe60ee6d28fa0f75d48e514158ce738cd,0xd90e2f925da726b50c4ed8d0fb90ad053324f31b,2026-08-10T19:24:16,dense_internal_fund_flow,0x13d98d13,true
25724270,0xc71694fe12989f10a949c3e5148db2ce8cabf216b58fe9067cafd807d067743d,0x7b49bc3ebbdf7322f31c6449320382bbec3be1b6,0xad3b67bca8935cb510c8d18bd45f0b94f54a968f,2026-08-10T19:24:16,complex_trace;high_gas_used_context;token_activity_burst;approval_burst,0x146ee74d,false
25724270,0xf08e80f011314c8818090eb55f0d22059221d36fa70527b4bb70b6e143ee6472,0xb3d2117ffcf641951d261be3822db6bb42240483,0x28b1dc1a5e3699a428bc51d234dfab7c9cb2a183,2026-08-10T19:24:16,complex_trace;high_gas_used_context,0x0c307f76,false
25724271,0x6bbd2dd28c957e3a727bc722b12da9d0a1d137c0905920e92bd17f7c58ca0e77,0x8567b56b8f4d8faf369990cb060c7a9d164d377d,0x49f1a5e86f1ef5b0e2cb7a51d106b5eba440bf58,2026-08-10T19:24:19,complex_trace;high_gas_used_context,0x24f6ddcf,false
25724271,0x65e1d2448655a0dcab9bc42ba17dcab4bb4c728277e761cea853eec17e11ec21,0xd714e1d25067c2421ea58b962d900732f77ab23b,0xcd2bdb8af031d29d2bc38ef08b842d31e344384c,2026-08-10T19:24:20,repeated_internal_token_drain;dense_internal_fund_flow;complex_trace;high_gas_used_context;token_activity_burst;repeated_risky_internal_calls,0xa9059cbb,true
25724272,0x1c84e1dec2e193730ef9ad3f8a015298dd9f922356dd2d5e1dc0cfb32241a82b,0xe91bcae4a2d7b951304695f93cf1b9a1837cfe43,0x7ec8a30a34b86927dc77b302603d1d53e640bef7,2026-08-10T19:24:46,repeated_internal_token_drain;dense_internal_fund_flow;complex_trace;high_gas_used_context;token_activity_burst;repeated_risky_internal_calls,0xa9059cbb,true
25724272,0x7003faa5ac550ca5de419c102299a63fc8173c564ba5c129e1e06716221cd5b0,0xe99bd1c2dd70cd58e5efd47887991700e7318ce2,0xad3b67bca8935cb510c8d18bd45f0b94f54a968f,2026-08-10T19:24:46,complex_trace;token_activity_burst;approval_burst,0x146ee74d,false
25724272,0x7bf6284fb7a3b304191dc10d70fe5bcf3371e6c66811e16ea202a44bde9028d6,0xd6434d157f254276d69ede3bd9fc805482206908,0x7ec8a30a34b86927dc77b302603d1d53e640bef7,2026-08-10T19:24:46,repeated_internal_token_drain;dense_internal_fund_flow;complex_trace;high_gas_used_context;token_activity_burst;repeated_risky_internal_calls,0xa9059cbb,true
25724272,0x8962197792c8a07de9fb8bc75c80ee88359844d200e09809fa5c9dcd109c7b95,0x1584a8ee67789d1fe161065388657ad2f2a3c7dd,0x77eb52e44db06777bce478159f25c0d55a295314,2026-08-10T19:24:46,repeated_internal_token_drain;dense_internal_fund_flow;complex_trace;high_gas_used_context;token_activity_burst;repeated_risky_internal_calls,0xa9059cbb,true
25724272,0x920f4191c3eab8385d2030ba8078e8e4f7dcf5e24bbcb3b078cd89c13ab61bd3,0x433700890211c1c776c391d414cffd38efdd1811,0x0000000071727de22e5e9d8baf0edac6f37da032,2026-08-10T19:24:46,privileged_execution_context;complex_trace,0x765e827f,false
25724272,0xa13ab7f87b523ad4975ef2baf8535437b168712f263d3b4a3d27fcc8a3d23198,0x13b5f7c38da2f6d22c48b69feadab8bf2397bfe6,0xcec1caa28ebc876d0883a0c492831e06e167b8b3,2026-08-10T19:24:46,selfdestruct_context,0xf3fef3a3,false
25724272,0xded59b47bb8b2c20a30ce4804451c5bb6ba33d9c9f8234baeb1a74c254e28d97,0x8385c09eff88cabb3523988010c4ca0c5c7a54e3,0x45312ea0eff7e09c83cbe249fa1d7598c4c8cd4e,2026-08-10T19:24:46,dense_internal_fund_flow,0xc872a3c5,true
25724272,0x804655b832307eb91b6339db7be0da2344f25e27ccb73377cafbfae7ddf51917,0xa154b98e53fc35e1bad1ff758acbc8c629bdcd2b,0x19917386eeae67b6ff7ddf07de4019fca40aa4ec,2026-08-10T19:24:47,complex_trace;token_activity_burst,0xa9059cbb,false
25724272,0x890f0aa7260ae7091f84795c65a93275fb4722aff86fdb2084f4d1cbd61b5398,0x59aab1bd0d26290274398c07b55955c15425e16b,0x00fe78205f5f0e63b8ad2b2ae5337f538a610e04,2026-08-10T19:24:47,complex_trace;high_gas_used_context,0x34fcd5be,false
25724272,0x93d507d5ebe89a95aa3f03e67fa74a60f16d0238afede2a4dc19bedac6cd65ef,0x78185e6309670d2567447a9b46cf53dda995a11b,,2026-08-10T19:24:47,privileged_execution_context;high_gas_used_context;contract_creation_context,0x61012034,false
25724272,0xee308d91866315d8dda5fe75d81864092dad5c99d8d3e8b33c9ce6a283a797d6,0x59aab1bd0d26290274398c07b55955c15425e16b,0x00fe78205f5f0e63b8ad2b2ae5337f538a610e04,2026-08-10T19:24:47,complex_trace;high_gas_used_context,0x34fcd5be,false
25724273,0x013d477b559806b7c9e37d8c1fcc0e9378a75092730085c9a8f8f9a3a0051c78,0x7556699aa8e6a7c9c69bcfaf9debd05f8192b063,0x84cab37995229530d9e6e5cff2f8f4ebe4517d66,2026-08-10T19:25:09,complex_trace;high_gas_used_context;token_activity_burst,0xe587456a,false
25724273,0x68b85af3b31e2b63205949efdde4c46545c249f637462018344d9a439094edfc,0xae2fc483527b8ef99eb5d9b44875f005ba1fae13,0x1f2f10d1c40777ae1da742455c65828ff36df387,2026-08-10T19:25:09,dense_internal_fund_flow,0x2bad1b01,true
25724273,0x7f6636d87de501e11b1f7ef37210a5fbdf938b69f666dcfe411bf19e8b6221c3,0xfb076e0b813cc205a2d032b639f6d10f500dd9b7,0x000000ae384600d7252543855e3b0400f6008d00,2026-08-10T19:25:09,complex_trace;high_gas_used_context,0x00000000,false
25724273,0x81ba9b1f5ae6d27b761f7981cc8364445dc4576b1870645ee348c146707d0325,0xd718a3fdb03c0baf4243c30c5493c91497fcdec6,0x4c82d1fbfe28c977cbb58d8c7ff8fcf9f70a2cca,2026-08-10T19:25:09,dense_internal_fund_flow;complex_trace,0x3593564c,true
25724273,0x9448340c45d2c3f75a6135e0a33478865c9742039be632e3cbb335f063dc60ec,0x5b43453fce04b92e190f391a83136bfbecedefd1,0xbdb3ba9ffe392549e1f8658dd2630c141fdf47b6,2026-08-10T19:25:09,complex_trace;high_gas_used_context;token_activity_burst,0x000000c3,false
25724273,0x9ffc91fe5501f5c7c5d2b1d24eb243cb607565fbc67c61488de00696a7a759ee,0x18dd3c14e34c1bc379f7538068c59160d9f68e25,0xb92fe925dc43a0ecde6c8b1a2709c170ec4fff4f,2026-08-10T19:25:09,complex_trace;high_gas_used_context,0xcd6e13f7,false
25724273,0xab6780ae884c2fb82fb47ba77d5a933af66c02eb21e373242d2a9e159dcf8a3f,0xae2fc483527b8ef99eb5d9b44875f005ba1fae13,0x1f2f10d1c40777ae1da742455c65828ff36df387,2026-08-10T19:25:09,dense_internal_fund_flow,0x2bd0bd21,true
25724273,0xc1285698527d5757115a33a0e506cce4526a7ac1a07564c948bb72447c34b1b3,0xcb515ce5c1f0dee2ee4fcf484336b48b96a0b415,0xd96ad61aa7d509a5dc4f26e44e9120fdaa3f322e,2026-08-10T19:25:09,very_complex_trace;high_gas_used_context,0x3c905b70,false
25724273,0xc1c7fbb943360932b866b1299274c1e327195d6a9e943d2ab319b7985ada111c,0xa154b98e53fc35e1bad1ff758acbc8c629bdcd2b,0x19917386eeae67b6ff7ddf07de4019fca40aa4ec,2026-08-10T19:25:09,repeated_internal_token_drain;dense_internal_fund_flow;complex_trace;high_gas_used_context;token_activity_burst;repeated_risky_internal_calls,0xa9059cbb,true
25724273,0xe086be432174c5f530ca942517da8ade18112e02fcfe4010bb195c97c53b5dd9,0xde992badd92adaf9146255e9bde6a70770973664,0x3d0f22bf11636cc9cb129e2b261eed35a487455c,2026-08-10T19:25:09,complex_trace;high_gas_used_context,0xa9059cbb,false
25724273,0xfb8e4b917c7499053ac2d4c63fea37926bdf070a95831799d01fea31777195b4,0x8cedfc2f758f71642e924a7b4dc8cb2b4e558b68,0x69460570c93f9de5e2edbc3052bf10125f0ca22d,2026-08-10T19:25:09,dense_internal_fund_flow;complex_trace,0x14d08fca,true
25724273,0x5071aedf06cad7bad05fd70795bd59e060a30ee8c5338fe712ef6c38aebe783e,0x59aab1bd0d26290274398c07b55955c15425e16b,0x00fe78205f5f0e63b8ad2b2ae5337f538a610e04,2026-08-10T19:25:10,complex_trace;high_gas_used_context;token_activity_burst,0x34fcd5be,false
25724273,0x5018653d50b8879af75a511dd4aae6ff8849a6c5052760e50ecc73ea0d211471,0x0d16c59c603443b4639087ac16bd11aa89e6decc,0x7a250d5630b4cf539739df2c5dacb4c659f2488d,2026-08-10T19:25:12,dense_internal_fund_flow,0x02751cec,true
25724274,0x447fb9b9c7c41089dddca917c9d4dd0386ee72c5c78560c648abc20ad8529a4f,0x754dcfb2861547015b221e963b4133a71dbdc024,0x3e07be15370d8b12d80a159a7ef14b9e51869497,2026-08-10T19:25:26,dense_internal_fund_flow;complex_trace;high_gas_used_context;token_activity_burst,0x21af54c6,true
25724274,0x4683830121c034e5e6a72abd11e79d372700210aeffbc995272a4e83c6e78dee,0x18dd3c14e34c1bc379f7538068c59160d9f68e25,0xb92fe925dc43a0ecde6c8b1a2709c170ec4fff4f,2026-08-10T19:25:26,dense_internal_fund_flow,0xcd6e13f7,true
25724274,0x02ba3d5574f5679fcc2fa3974c2cc5f24732c9dcd59db5ffb5fe502fef975c80,0xdb8c5950e09809c4d20823fe31c75b34a77301b1,0x66bf74e96900d1a19c7070d939d124f2f565c458,2026-08-10T19:25:27,complex_trace;high_gas_used_context,0xde642119,false
25724274,0x03a89302be932a14747f0eceab6ad3adb44b1fa194dbced66f5414af4159f6e2,0x59aab1bd0d26290274398c07b55955c15425e16b,0x00fe78205f5f0e63b8ad2b2ae5337f538a610e04,2026-08-10T19:25:27,complex_trace;high_gas_used_context;token_activity_burst,0x34fcd5be,false
25724274,0x656c12dfc2352675526e957ca0b410e8c5649a0fc17594e841dd5c9926afae31,0x09cfee647fa339133380191c8db6b44f24500c9d,0x77b85afbcd336993ac1c65057531c5a5b33b76b8,2026-08-10T19:25:27,repeated_internal_token_drain;dense_internal_fund_flow;complex_trace;high_gas_used_context;token_activity_burst;repeated_risky_internal_calls,0xa9059cbb,true
25724275,0x2ab1443c45514458307681eac1216ff9f516df8abe1648af38accd6c7ffb7be2,0xbeeba31f8ca3349c3ed24a5146e6b20d233ad540,0xbeef02961503351625926ea9a11ae13b29f5c555,2026-08-10T19:25:33,complex_trace;high_gas_used_context;token_activity_burst,0x64f5e9e7,false
25724275,0x91a728c2c93570a511270803450c0b6cae213b48c916acbf1b4976a251461297,0x50bf934781f63028c5c8ef49c4affe19a86d99b6,0x8d04cc7e86e687854eb41d9d43512b655b93184b,2026-08-10T19:25:33,complex_trace;selfdestruct_context,0x4a1bf18a,false
25724275,0xc770921b6ae19a82918b0688b2aeba7b2863a863beecca694b67fb1fe94740cb,0x3e5ebd4acb6f0ff20395f2328aa1099bf6e88bf7,0xb300000b72deaeb607a12d5f54773d1c19c7028d,2026-08-10T19:25:33,dense_internal_fund_flow;complex_trace;high_gas_used_context,0x810c705b,true
25724275,0x98edc87018b2560da10f5d1f2134573c5023f69fae02ab837e5a8764df95eb44,0x7b49bc3ebbdf7322f31c6449320382bbec3be1b6,0xad3b67bca8935cb510c8d18bd45f0b94f54a968f,2026-08-10T19:25:34,complex_trace;token_activity_burst;approval_burst,0x146ee74d,false
25724275,0x557025702cae944a705395132c2388d0bceccb24ff58d4ded9b62d998dddcf16,0x80d04079ffc53eb14edbeeb37279d126f45552df,0x228d63c7fa15771fec9256ff89c6ead4e2a126fd,2026-08-10T19:25:37,repeated_internal_token_drain;dense_internal_fund_flow;complex_trace;token_activity_burst;repeated_risky_internal_calls,0x8aaa8f3b,true
25724275,0xb1131a115e3c5b0e370354c6ffb308c0fbf311f5e9702353281207a780c823ab,0x1584a8ee67789d1fe161065388657ad2f2a3c7dd,0x77eb52e44db06777bce478159f25c0d55a295314,2026-08-10T19:25:37,repeated_internal_token_drain;dense_internal_fund_flow;complex_trace;token_activity_burst;repeated_risky_internal_calls,0xa9059cbb,true
25724275,0xb37051d56e39567c6a1cacc6d6d28de6a580d7f6ff106968578556d148a1a751,0x59aab1bd0d26290274398c07b55955c15425e16b,0x00fe78205f5f0e63b8ad2b2ae5337f538a610e04,2026-08-10T19:25:37,complex_trace;high_gas_used_context,0x34fcd5be,false
25724276,0x341da02df3ebb9a5ceddab249b330289fb61dc3ee571c6149e4fd84c640ea070,0xa3ab2b10bf2508a9e4455a35e2f4a9d0ced18464,0x91ff8bbd8ebb07893010d50a48a1609e5ebd8e34,2026-08-10T19:25:42,complex_trace;high_gas_used_context,0x069d1525,false
25724276,0x7827a1479c5bcfe8c03fb605c7bd3dc9348cb74c1a49f0f7444fafcd91aadf72,0x50bf934781f63028c5c8ef49c4affe19a86d99b6,0x8d04cc7e86e687854eb41d9d43512b655b93184b,2026-08-10T19:25:42,selfdestruct_context,0xd20b83bb,false
25724276,0xe0bbf2aa9472b2a989bad0eba1236e953c94d0f9cf7c27fbc3a6cbd9f6188ad1,0x5a9ce6113eb1a3d6cb3ee9739b438c6f0c8d32c7,0x91ff8bbd8ebb07893010d50a48a1609e5ebd8e34,2026-08-10T19:25:42,complex_trace;high_gas_used_context,0x069d1525,false
25724276,0xfbb98c3eb7c14ba9ca39d8eaac2b1ed3554c905a0df1769ffa82baee0e3e6d67,0x2b3fed49557bd88f78b898684f82fbb355305dbb,0x09c30cdcdd971423cb3ba757a47d56c35d06d818,2026-08-10T19:25:42,dense_internal_fund_flow,0x318adb8b,true
25724276,0x885c799417befbb9e17882c786ef76f5249866b53549fda8c3c0133e4073b21a,0x59aab1bd0d26290274398c07b55955c15425e16b,0x00fe78205f5f0e63b8ad2b2ae5337f538a610e04,2026-08-10T19:25:43,complex_trace;high_gas_used_context;token_activity_burst,0x34fcd5be,false
25724277,0xe017773f407a2ca5904379a1b4f78892a82c23761df93ecc525c34c15670f850,0x72663ec3f3dcf59beff5d20594fd5777e05d9c17,0x91ff8bbd8ebb07893010d50a48a1609e5ebd8e34,2026-08-10T19:25:47,complex_trace;high_gas_used_context,0x069d1525,false
25724277,0x16f6082361b00c2b3b4aeed68e8eef495829a377bb405ced623500b1de0927c9,0x2156f29d64f81701b58877129006e8b1964149b6,0x0c9a3dd6b8f28529d72d7f9ce918d493519ee383,2026-08-10T19:25:48,large_erc20_asset_flow;complex_trace,0xc16ae7a4,true
25724277,0x272be6459378d2694cf6bf07212739ff572f0148344e9dd1873775566c5245f3,0x4337031ade3a53d10121f350369907076b6d32a4,0x4337084d9e255ff0702461cf8895ce9e3b5ff108,2026-08-10T19:25:48,dense_internal_fund_flow;complex_trace,0x765e827f,true
25724277,0x6023615b1a699667c832bcce668c78bb73ab369cdfea460dcb2bedafb681490d,0xc6acbee42e9e323140c1ed060c2f6ea9cc3b4b75,0x7c5a71c9fefbc7691f9d4ac7baf70c743792f716,2026-08-10T19:25:48,selfdestruct_context,0xf3fef3a3,false
25724277,0x7933a88e63bb50da3278731ee045ba16382dfb0430551f91ee62c49723ce3129,0x7b49bc3ebbdf7322f31c6449320382bbec3be1b6,0xad3b67bca8935cb510c8d18bd45f0b94f54a968f,2026-08-10T19:25:48,dense_internal_fund_flow;complex_trace;high_gas_used_context;token_activity_burst;approval_burst,0x146ee74d,true
25724277,0xb128fda728e6d7dcf3eb7b2b0823cefbdf39fb063b54d281b8be06cf0dfefb72,0x7556699aa8e6a7c9c69bcfaf9debd05f8192b063,0x84cab37995229530d9e6e5cff2f8f4ebe4517d66,2026-08-10T19:25:48,complex_trace;high_gas_used_context;token_activity_burst;approval_burst,0xe587456a,false
25724277,0xf7b69039081ad597b5b9763e2a7edb72de6e9c6d3edf92fb0162e551fa4c7baa,0xbad000006db10503589262b55d09bb7b3c5e1472,0xbbbbb048b1a85ca221058c45525095b6a68bbbbb,2026-08-10T19:25:48,repeated_internal_token_drain;dense_internal_fund_flow;very_complex_trace;high_gas_used_context;token_activity_burst;repeated_risky_internal_calls,0xa9059cbb,true
25724277,0x7e1487eec524e40349ca59ddf0cdc77789145278e4bc57a9db7d2bc7ff151b30,0x59aab1bd0d26290274398c07b55955c15425e16b,0x00fe78205f5f0e63b8ad2b2ae5337f538a610e04,2026-08-10T19:25:49,complex_trace;high_gas_used_context;token_activity_burst,0x34fcd5be,false
25724278,0x0ca40f7de29924c5782395ad6a5a59192828643f59753baf27b20aaaf278671d,0xe9fce949e03ed55426471dbdb33847a248a83573,0x91ff8bbd8ebb07893010d50a48a1609e5ebd8e34,2026-08-10T19:25:55,complex_trace;high_gas_used_context,0x069d1525,false
25724278,0x901e81cd863ef3ee9768ef2f669d862b208c987f341b81b9fd943870b6f9037e,0xe2da046340e00264c4f0443243a0565007ae08ac,0x923c7ae586b748da0fbea964c7a6089569bad61c,2026-08-10T19:25:55,complex_trace;high_gas_used_context,0x380db829,false
25724278,0xa57805c7816c5ea7494c2b24d7229c040786f70f010aa76645e415eabd9cb9dd,0x8bf44b00436d41fef72474bb0fa0778f7bf956ac,0x1103fc560de8b710983e7f3ec09d587f3f848566,2026-08-10T19:25:55,dense_internal_fund_flow,0x02fffe26,true
25724278,0xf86e2a035e01e540b94257ac88dda243b5d653af784b971a97efc2c50d541d7e,0x4337015333e7c8a3c5af4acd2c4aa4befb0d663c,0x0000000071727de22e5e9d8baf0edac6f37da032,2026-08-10T19:25:55,privileged_execution_context;complex_trace,0x765e827f,false
25724278,0xfb471559f4f1a4c94999954fa2175b997811ff50dc3347030a118fbffcd334f2,0x55653fa68699131cc11b7ef49042015c6f177b5f,0x0000000000000068f116a894984e2db1123eb395,2026-08-10T19:25:55,complex_trace;high_gas_used_context,0x87201b41,false
25724278,0x6cca30c06ad2ff35e6f9ed428dd262d5a1d47fa94347298d68246391aa7dcf45,0x1584a8ee67789d1fe161065388657ad2f2a3c7dd,0x77eb52e44db06777bce478159f25c0d55a295314,2026-08-10T19:25:56,repeated_internal_token_drain;dense_internal_fund_flow;complex_trace;token_activity_burst;repeated_risky_internal_calls,0xa9059cbb,true
25724278,0xd0070eaa3b8b5c877687e29d9a06a6c3402a4c4a7a33cee2b9d13831268160de,0x59aab1bd0d26290274398c07b55955c15425e16b,0x00fe78205f5f0e63b8ad2b2ae5337f538a610e04,2026-08-10T19:25:57,complex_trace;high_gas_used_context;token_activity_burst,0x34fcd5be,false
25724279,0xaf15d1f5a9b18c54794997d79ec1be10ad6eb2f86455aedd242eaf20ebfc0f12,0x8385c09eff88cabb3523988010c4ca0c5c7a54e3,0x45312ea0eff7e09c83cbe249fa1d7598c4c8cd4e,2026-08-10T19:26:01,dense_internal_fund_flow,0xc872a3c5,true
25724279,0x07f58a594861c6c09985dab246f4f14bb98d2a7d069b68c6d1d38c65a6d6ae9b,0x7556699aa8e6a7c9c69bcfaf9debd05f8192b063,0x84cab37995229530d9e6e5cff2f8f4ebe4517d66,2026-08-10T19:26:02,complex_trace;high_gas_used_context,0xe587456a,false
25724279,0x393dc1b2fd507ad89603255aa47e56f80b2bb2e7230ed718046c4650ddab36f9,0x61193d978c9ce5ba69293da96a56113be8de981c,0x91ff8bbd8ebb07893010d50a48a1609e5ebd8e34,2026-08-10T19:26:03,complex_trace;high_gas_used_context,0x069d1525,false
25724279,0xc2bdc838edf0d8f96ac71788b18bc6e8921f696efab9746ad6d2771d134dc57d,0xbad000006db10503589262b55d09bb7b3c5e1472,0xbbbbb048b1a85ca221058c45525095b6a68bbbbb,2026-08-10T19:26:03,repeated_internal_token_drain;dense_internal_fund_flow;complex_trace;high_gas_used_context;token_activity_burst;repeated_risky_internal_calls,0xa9059cbb,true
25724279,0xed6843b74629371ec51a17a93f2df0a81e1f9963a70a022b13d074582e94f2fc,0x7f56302966ef91afb0d7baddc92b793efa8da7d9,0x91ff8bbd8ebb07893010d50a48a1609e5ebd8e34,2026-08-10T19:26:03,complex_trace;high_gas_used_context,0x069d1525,false
25724280,0x23453121acae52d91c0fddad6c84c36fbcd28b1ed34d610964f3a692e5800f6c,0x64b9edd67c96c76bc3f9472c5a9e83547cfd4380,0x91ff8bbd8ebb07893010d50a48a1609e5ebd8e34,2026-08-10T19:26:08,complex_trace;high_gas_used_context,0x069d1525,false
25724280,0x3c0480f5a3432a66399cb4a6b6371dd99d5dce7582dabea4321583c4b7816b12,0x1e060fb7847ab8de0e05e898c16714c9dcc9de6d,0x91ff8bbd8ebb07893010d50a48a1609e5ebd8e34,2026-08-10T19:26:08,complex_trace;high_gas_used_context,0x069d1525,false
25724281,0x1a7b7d494d79a58a8b27a3578c26b386f55fafe248c8b14a370a5f183062825f,0x000000ffa51e8fd8dc15c5b77990234810a640e8,0x0a8accba63f42e743a31f33c44b87be0c83fe230,2026-08-10T19:26:16,complex_trace;token_activity_burst,0x99000000,false
25724281,0x2b346ec4d486d6b07c4ef7846af8900aafb5835b28097b51d2e711fb6baa7d94,0x5b43453fce04b92e190f391a83136bfbecedefd1,0xbdb3ba9ffe392549e1f8658dd2630c141fdf47b6,2026-08-10T19:26:16,dense_internal_fund_flow;complex_trace;high_gas_used_context;token_activity_burst,0x000000c3,true
25724281,0x30a55e5b6748931e47ad2d686713eabcc7eab8def70d8fa0121f00d48e107e35,0x0f6d91fbafa15c3f20e72a4cbf16ed65dd96323d,0x91ff8bbd8ebb07893010d50a48a1609e5ebd8e34,2026-08-10T19:26:16,complex_trace;high_gas_used_context,0x069d1525,false
25724281,0x82725c12426c9628944d4ae04f6004b739094668ecf28016fd2bb27b988799eb,0x41d209d275027e3dcf5ddc4d0c30cd6c6ece1ffd,0x91ff8bbd8ebb07893010d50a48a1609e5ebd8e34,2026-08-10T19:26:16,complex_trace;high_gas_used_context,0x069d1525,false
25724281,0xd54abac7f5817346bb41f994b74a2d23be8df27fe93f43459f3de009816e08ea,0xf279dfcdd57e1571c95e2c5b7e2ee453cbcdf77f,0x0000000071727de22e5e9d8baf0edac6f37da032,2026-08-10T19:26:16,complex_trace;high_gas_used_context,0x765e827f,false
25724281,0x92111663b414b813aa574ae4933e4b4f268aef784b3bac65befa682fe4bd997c,0xd6434d157f254276d69ede3bd9fc805482206908,0x7ec8a30a34b86927dc77b302603d1d53e640bef7,2026-08-10T19:26:17,repeated_internal_token_drain;dense_internal_fund_flow;complex_trace;high_gas_used_context;token_activity_burst;repeated_risky_internal_calls,0xa9059cbb,true
25724281,0x09a7975cfed0d2f7a3caf339102d30bbcd552f129c000bfb5017b95752b7fc2b,0x09cfee647fa339133380191c8db6b44f24500c9d,0x77b85afbcd336993ac1c65057531c5a5b33b76b8,2026-08-10T19:26:18,high_gas_used_context;token_activity_burst,0xa9059cbb,false
25724281,0x18ad14fd5d71d565d347c1b66a19624fb3f64cf5d0d233975f6f841af4d0d77f,0xee2cd9f436a65d3c0b8b2cc2b2ba290d9d7fec5c,,2026-08-10T19:26:18,large_mint_to_sender;contract_creation_context,0x60806040,true
25724282,0x84444753855342e0e441d2fc25960f44d8d59599c9cb184dfc7c2d0a21ae2753,0xdda3b51e29f9d6fad865c5dd7070d5f7eb57663e,0x8d8210a0252a706cb5de0c6f8e46b6d3692afc19,2026-08-10T19:26:24,complex_trace;high_gas_used_context,0xffc3a769,false
25724282,0x0955512140b1c7690d8b3da86e6f011a994e5d98071859357e9e1ec0868fa60b,0xd6434d157f254276d69ede3bd9fc805482206908,0x7ec8a30a34b86927dc77b302603d1d53e640bef7,2026-08-10T19:26:25,repeated_internal_token_drain;dense_internal_fund_flow;complex_trace;high_gas_used_context;token_activity_burst;repeated_risky_internal_calls,0xa9059cbb,true
25724282,0x684b8b3c3a505c25b61f8eddcc391a20060f9408b387cbe417f49d9d439b2ee5,0x70e59f9c304e4d5096bd408b571e2dcd99c3120b,0xad3b67bca8935cb510c8d18bd45f0b94f54a968f,2026-08-10T19:26:26,complex_trace;token_activity_burst;approval_burst,0x146ee74d,false
25724283,0x44e980d0579f76ef26ca5c38bebb28d8bee52cb6c514d4486175b63106dad095,0x8385c09eff88cabb3523988010c4ca0c5c7a54e3,0x45312ea0eff7e09c83cbe249fa1d7598c4c8cd4e,2026-08-10T19:26:38,dense_internal_fund_flow,0xc872a3c5,true
25724283,0xab45eecc4b0ec7a662bb6a86c6ff3cb507cef0b85bd92bafd249f4d49d5faaa6,0x7556699aa8e6a7c9c69bcfaf9debd05f8192b063,0x84cab37995229530d9e6e5cff2f8f4ebe4517d66,2026-08-10T19:26:39,repeated_internal_token_drain;dense_internal_fund_flow;very_complex_trace;high_gas_used_context;token_activity_burst;approval_burst;repeated_risky_internal_calls,0xe587456a,true
25724283,0x31cea00f1fb88ec643615a8e3dd8ef3a4344333e3e4c56e021a2c51c6d46ed5a,0x4337002c5702ce424cb62a56ca038e31e1d4a93d,0x0000000071727de22e5e9d8baf0edac6f37da032,2026-08-10T19:26:40,privileged_execution_context;complex_trace,0x765e827f,false
25724283,0xf57403fd583cf0ac809dacc8e5bbc14b793cb93345cb277912cc497051b9c482,0x6722b2c28d7d299b56a5febedbbe865a84ee0d7d,0x28b1dc1a5e3699a428bc51d234dfab7c9cb2a183,2026-08-10T19:26:40,complex_trace;high_gas_used_context,0xf2c42696,true
25724283,0xf981ddae605068d2547943b4844c1efd464c80c0277afaefc8f90b74e1d0986f,0xc53376985f98a7d9fa25b3b53a22492179b802da,0xf8f226da66244f89e70c5b5d1a5c5b0d505eb1d8,2026-08-10T19:26:40,complex_trace;high_gas_used_context;token_activity_burst;approval_burst,0xbaae8abf,false
25724284,0xa88b6a8bb0bc8c03b9fa761d87a91501f7b9876e0f727abe93b8e42b4fa43abd,0x340fd3b164ce979b103684ee74dc66ca6d5782ba,0xa53638218aa1f6336feea1a7f65facf2866b90a8,2026-08-10T19:26:47,selfdestruct_context,0xf3fef3a3,true
25724284,0x1d94ea8afb53fdd98f6ad005dbb51dc72ab9096287fb6734b8f1979791ceeb3f,0x7b49bc3ebbdf7322f31c6449320382bbec3be1b6,0xad3b67bca8935cb510c8d18bd45f0b94f54a968f,2026-08-10T19:26:48,complex_trace;high_gas_used_context;token_activity_burst;approval_burst,0x146ee74d,false
25724285,0xdbd5c62606bffb1a016fc8ac0a5151d6cfc44a73867b5085443ddf0c04ee74c9,0x8c426f281234966d950d0f9478ec91b6be50e9fa,0x29b36904cc33dcfdf9457f1f694b343a1cdcb72d,2026-08-10T19:26:57,large_mint_to_sender;high_gas_used_context,0x2b85ba38,true
25724286,0x0493ab69c1c613340743582271fc32c6d30bf9b5103f910934ff206fdb81cd3e,0xe99bd1c2dd70cd58e5efd47887991700e7318ce2,0xad3b67bca8935cb510c8d18bd45f0b94f54a968f,2026-08-10T19:27:07,complex_trace;high_gas_used_context;token_activity_burst;approval_burst,0x146ee74d,false
25724286,0x29d1dcf73883fc21857d037f3d9a68a027df2a321b1f52049422be18b506b5b9,0x4850f40311c9e2f57137954b86668a66a405c3b5,0x6a000f20005980200259b80c5102003040001068,2026-08-10T19:27:08,dense_internal_fund_flow;complex_trace,0x0d893d62,true
25724286,0x696ebe372f447ae2950ba2c28d394b6db9f5c570fc372e50756c6ce058123bcc,0x0d993d49b095c5db676d4c1568ccc10fa5e7262e,,2026-08-10T19:27:08,privileged_execution_context;high_gas_used_context;contract_creation_context,0x60a06040,false
25724286,0x93d5c22e7adad4779351e421ff5d28ba0e86e5467ca0452c218b519530b8b09a,0x59aab1bd0d26290274398c07b55955c15425e16b,0x00fe78205f5f0e63b8ad2b2ae5337f538a610e04,2026-08-10T19:27:08,complex_trace;high_gas_used_context,0x34fcd5be,false
25724287,0xb2f6f5e8e8b330a249b2192d186b4dad623a3064cc4fae88a8d20c5cf8f4b67f,0x7556699aa8e6a7c9c69bcfaf9debd05f8192b063,0x84cab37995229530d9e6e5cff2f8f4ebe4517d66,2026-08-10T19:27:15,repeated_internal_token_drain;dense_internal_fund_flow;very_complex_trace;high_gas_used_context;token_activity_burst;approval_burst,0xe587456a,true
25724287,0x613b2dd3399281b426e4e114b0d0b5c04c94c11b74bad659f534f5c48c806a70,0x7a78c0d018edb4f41b76c0cb8ae1ec6c6e11c57c,0x64b09db4f71e6ea0667fb6d60347081ee528c942,2026-08-10T19:27:16,large_erc20_asset_flow;complex_trace,0x07d1774e,true
25724287,0xb45c52d17976d2f55f30d085f23437a1603b9a37fea24b15a6a1feec5a2565c5,0xf50ef13e5c29f9cf52b6476997d7d9a9352587e7,0xd90e2f925da726b50c4ed8d0fb90ad053324f31b,2026-08-10T19:27:16,dense_internal_fund_flow;complex_trace,0xb438689f,true
25724287,0xcadd549e8c839c08071bd5d5a77bcdea16065021cf2cb2f6f4a190e332479558,0x1e2012e21086c96256cc32f5939ad8b5e7489afb,0x2c158bc456e027b2affccadf1bdbd9f5fc4c5c8c,2026-08-10T19:27:16,large_erc20_asset_flow;complex_trace,0x6eefea49,true
25724287,0xf9703685f97e0e00760a56d2880fa2c8385907ee58b5e745df2926e8cabcb389,0x3e932a1326a09c4c80499ccdcff20e3543487345,0x82aafcc90340877f2a24e9d3d1e8c8f1bbee1570,2026-08-10T19:27:16,dense_internal_fund_flow;high_gas_used_context;token_activity_burst,0x983bc41b,true
25724288,0xe19629807d18f3bf041f8a8391990b5d2d4d4bddfed1ab32e734b393efd6b354,0x89b438f6b093833ba1513dce1b31e47040e3f5e0,0x6a000f20005980200259b80c5102003040001068,2026-08-10T19:27:23,dense_internal_fund_flow;complex_trace,0x0d893d62,true
25724288,0x08c6461b9e2f27e5263d7c4e940117588fdff59fdb966a576fd1fbb27fc584a7,0x1c53b02ddb0c853ff2d861001853a4a0f32ac584,0x28b1dc1a5e3699a428bc51d234dfab7c9cb2a183,2026-08-10T19:27:24,complex_trace;high_gas_used_context,0xf2c42696,false
25724289,0x4f4e498babe50437b412466e02a814b49bed1bdeca469d046d3ca3315b12e301,0xc5abd1f59d633d94a8b7a7aaeb953e2e29ecd151,0x881d40237659c251811cec9c364ef91dc08d300c,2026-08-10T19:27:31,dense_internal_fund_flow;complex_trace,0x5f575529,true
25724289,0x59d251740c5d2ae8a47132f5a9e9b7070d69bc9c29f263405fc0f7792c7365b4,0xb1ca4a18aff443656f407fa8be3533ff27dde911,0x9da8b48441583a2b93e2ef8213aad0ec0b392c69,2026-08-10T19:27:31,complex_trace;high_gas_used_context,0xe7c438c9,false
25724289,0xc219b53b317e3684eacf9f07dc1f7950355e953f407a3ee48829ddae4c8f0300,0x7556699aa8e6a7c9c69bcfaf9debd05f8192b063,0x84cab37995229530d9e6e5cff2f8f4ebe4517d66,2026-08-10T19:27:31,dense_internal_fund_flow;complex_trace;high_gas_used_context;token_activity_burst;approval_burst,0xe587456a,true
25724289,0x7891239368c92bc7c95bb10c624701e8c8587431051c52de25795a976f0a3bb8,0x4337023cce7419f20db4057b4dc3e2ea0c2151e0,0x0000000071727de22e5e9d8baf0edac6f37da032,2026-08-10T19:27:32,privileged_execution_context;complex_trace,0x765e827f,false
25724289,0x0889837f280a44bca3b9a72beb241a27d39adf7c5b7aa51fb212661f28b1f253,0xdda3b51e29f9d6fad865c5dd7070d5f7eb57663e,0x8d8210a0252a706cb5de0c6f8e46b6d3692afc19,2026-08-10T19:27:33,complex_trace;high_gas_used_context,0xffc3a769,false
25724289,0x2b2b33c60372c46c42f596a5857098b2c6cec5bbcc12ae3ab777966b6cb64728,0x59aab1bd0d26290274398c07b55955c15425e16b,0x00fe78205f5f0e63b8ad2b2ae5337f538a610e04,2026-08-10T19:27:33,complex_trace;high_gas_used_context,0x34fcd5be,false
25724289,0xc3517c7f6ee9a5077ef4faee03d23f489fa3f7953af06a30da694fd163c7d5bc,0x8c5ff004d2bc097a507082f195929c95ebf0d790,0x28b1dc1a5e3699a428bc51d234dfab7c9cb2a183,2026-08-10T19:27:33,complex_trace;high_gas_used_context;token_activity_burst,0xf2c42696,false
25724290,0x4f21081108c8c6ff0b6ea82a8ecbea8739e08dae4433c5690647f671f37ae5c7,0x49254defe60ee6d28fa0f75d48e514158ce738cd,0xd90e2f925da726b50c4ed8d0fb90ad053324f31b,2026-08-10T19:27:45,dense_internal_fund_flow,0x13d98d13,true
25724291,0xb8a9954f6dbc6950a76605040836dac70a41e09e4df6e6fecd64dbc472f4997d,0x4337032d9c9291f05bebded166d947f22b25fa00,0x0000000071727de22e5e9d8baf0edac6f37da032,2026-08-10T19:28:00,complex_trace;high_gas_used_context;token_activity_burst,0x765e827f,false
25724291,0x5a3ef0a5e72d0842496647c6036107342a5247bf24f1a509d4c07bc09b29882b,0xd6434d157f254276d69ede3bd9fc805482206908,0x7ec8a30a34b86927dc77b302603d1d53e640bef7,2026-08-10T19:28:01,repeated_internal_token_drain;dense_internal_fund_flow;complex_trace;token_activity_burst;repeated_risky_internal_calls,0xa9059cbb,true
25724292,0xde61f8f382f70f8b0e89bd83ff33d1cf991d0f173db8cd3425a9b5195738468b,0x18fc2ced19b4e8c2d7676346d0b4fc20847974e7,0x03f34be1bf910116595db1b11e9d1b2ca5d59659,2026-08-10T19:28:11,dense_internal_fund_flow;complex_trace,0xe47d166c,true
25724292,0x1099181b6c9eaccb6f1132cb0fb550b93cf516b406d131a024bfd88219f0f8bc,0x1584a8ee67789d1fe161065388657ad2f2a3c7dd,0x77eb52e44db06777bce478159f25c0d55a295314,2026-08-10T19:28:12,repeated_internal_token_drain;dense_internal_fund_flow;complex_trace;token_activity_burst;repeated_risky_internal_calls,0xa9059cbb,true
25724292,0x0d5bbeb5e970c7595fd977f12a2e8330c75fc96eeadcf1cbb90a310b37605ebb,0x161643f280b09be8e0271eef8efc6c264d125003,0x0a6b4eb9992edd87d015371680ca8747c622439d,2026-08-10T19:28:13,dense_internal_fund_flow;token_activity_burst,0xa9059cbb,true
25724292,0xd79fe49857827e363b230c87645a967c431362bd6cf25952f75ebe4c4a454d19,0x3431172c887cf150d9fdaba9876273d9db566367,0x64f5aad0e38e2ff9f50f2e51e813e49c05aca41a,2026-08-10T19:28:13,complex_trace;high_gas_used_context;token_activity_burst,0xa9059cbb,false
25724293,0x42775376de5560aab80078c39b42151274a225c24a8d67693336e9ef2554c2cc,0x49254defe60ee6d28fa0f75d48e514158ce738cd,0xd90e2f925da726b50c4ed8d0fb90ad053324f31b,2026-08-10T19:28:21,dense_internal_fund_flow,0x13d98d13,true
25724293,0x898472f324d0c5dec9ef711ee5c1d87ad4734a92f0c9ed262164e2f464025a0b,0x006657683def27a645f2da80b634405408c12241,0x888888888889758f76e7103c6cbf23abbf58f946,2026-08-10T19:28:21,dense_internal_fund_flow;complex_trace;high_gas_used_context;token_activity_burst,0x05eb5327,true
25724293,0xbb82cb50179014048f6332d2e9e56ef177ed0515208fdbc04b7b0381accadd44,0xb23360ccdd9ed1b15d45e5d3824bb409c8d7c460,0x09c30cdcdd971423cb3ba757a47d56c35d06d818,2026-08-10T19:28:21,dense_internal_fund_flow,0x318adb8b,true
25724293,0xbbdecd9adcc485d95bdbb570c5e50411e892d5bd4ccde6b69d85a3f12ea738f2,0xe99bd1c2dd70cd58e5efd47887991700e7318ce2,0xad3b67bca8935cb510c8d18bd45f0b94f54a968f,2026-08-10T19:28:21,complex_trace;high_gas_used_context;token_activity_burst;approval_burst,0x146ee74d,false
25724293,0xde8368db63cae3673ae8448019abee2d4b011a1b32a60bc34f156fc0d361eeea,0x59aab1bd0d26290274398c07b55955c15425e16b,0x00fe78205f5f0e63b8ad2b2ae5337f538a610e04,2026-08-10T19:28:22,complex_trace;high_gas_used_context,0x34fcd5be,false
25724294,0x1097cdc75db7f52ac39e11b7e6d93baec8b5323a363c287db7b6e7bcdaf4cf18,0x49254defe60ee6d28fa0f75d48e514158ce738cd,0xd90e2f925da726b50c4ed8d0fb90ad053324f31b,2026-08-10T19:28:28,dense_internal_fund_flow,0x13d98d13,true
25724294,0x17f907334d4457e6780225c90a6bf9e7e6645e956602ac786d8226266fac1c83,0x59aab1bd0d26290274398c07b55955c15425e16b,0x00fe78205f5f0e63b8ad2b2ae5337f538a610e04,2026-08-10T19:28:29,complex_trace;high_gas_used_context,0x34fcd5be,false
25724294,0x3385ee66abe3e25c18262fc1b0b1f8601c69092c924aea68f022c49fe5e89e7d,0x09cfee647fa339133380191c8db6b44f24500c9d,0x77b85afbcd336993ac1c65057531c5a5b33b76b8,2026-08-10T19:28:29,high_gas_used_context;token_activity_burst,0xa9059cbb,false
25724295,0x4133d232b3ff24a9dbf652ce1d74e182bcefb929d02649de563517c173564219,0x7556699aa8e6a7c9c69bcfaf9debd05f8192b063,0x84cab37995229530d9e6e5cff2f8f4ebe4517d66,2026-08-10T19:28:37,dense_internal_fund_flow;complex_trace;high_gas_used_context;token_activity_burst;approval_burst,0xe587456a,true
25724295,0x723883d7519da725ba38413ace85a3c8cf7d0add483f1f5bd4c3c2a9e8b15dce,0x50bf934781f63028c5c8ef49c4affe19a86d99b6,0x8d04cc7e86e687854eb41d9d43512b655b93184b,2026-08-10T19:28:37,complex_trace;selfdestruct_context,0x4a1bf18a,false
25724295,0x85c4c6b63fa91c9fb31a74709e84cf3c4d9a914ff454859e374ccf8b31d5245e,0x4337015333e7c8a3c5af4acd2c4aa4befb0d663c,0x0000000071727de22e5e9d8baf0edac6f37da032,2026-08-10T19:28:37,privileged_execution_context;complex_trace,0x765e827f,false
25724295,0xef7ad6e24f083fab599f8ef2e13a6d8c962871169b3f413f0224593992556216,0xf279dfcdd57e1571c95e2c5b7e2ee453cbcdf77f,0x0000000071727de22e5e9d8baf0edac6f37da032,2026-08-10T19:28:37,complex_trace;high_gas_used_context;token_activity_burst,0x765e827f,false
25724295,0x18e0d9d35d393c6823b5497f991fdfcbe095069c893f49cd91d8c8a545fbe274,0xde7a849216aa3884d53d84ecb02c19eb67e5dae2,0x7d9f4ca54131e588fc1fe577973b55fb11231e76,2026-08-10T19:28:39,repeated_internal_token_drain;dense_internal_fund_flow;complex_trace;high_gas_used_context;token_activity_burst;repeated_risky_internal_calls,0x6aac3a0b,true
25724295,0xaeec4b9a96794d302e7741c91c274cc1c3ff7e87adfab569b42f3def532819d2,0x8f61ee081111e6bce0301a4bd5567d02322c8f9f,0xb300000b72deaeb607a12d5f54773d1c19c7028d,2026-08-10T19:28:39,dense_internal_fund_flow;complex_trace;high_gas_used_context;approval_burst,0x810c705b,true
25724295,0x529b317f3e8eeb003d13a95746195e1b1687df5b1af2c5e6e268fd1345a563e4,0x59aab1bd0d26290274398c07b55955c15425e16b,0x00fe78205f5f0e63b8ad2b2ae5337f538a610e04,2026-08-10T19:28:41,repeated_internal_token_drain;dense_internal_fund_flow;complex_trace;high_gas_used_context;token_activity_burst;repeated_risky_internal_calls,0x34fcd5be,true
25724296,0xbd4199157fc931e9e694fe3cc8d10d108549c7ad75a327cd20df0a56f4e7711a,0x70e59f9c304e4d5096bd408b571e2dcd99c3120b,0xad3b67bca8935cb510c8d18bd45f0b94f54a968f,2026-08-10T19:28:45,complex_trace;approval_burst,0x146ee74d,false
25724296,0x36fbed7088954da8069d2633dbbd8dfb50662ff3c543203e2ab5b541363330cd,0xd74c325186afb8f40fb00981d90ca8ac72e0f0f0,0xd90e2f925da726b50c4ed8d0fb90ad053324f31b,2026-08-10T19:28:46,dense_internal_fund_flow,0x13d98d13,true
25724297,0x530faa8594a6646f37d3bd0c07964fd3ec3fda132da7131df8d3d153d73e0074,0x49254defe60ee6d28fa0f75d48e514158ce738cd,0xd90e2f925da726b50c4ed8d0fb90ad053324f31b,2026-08-10T19:28:56,dense_internal_fund_flow,0x13d98d13,true
25724297,0xf3da4be79a19e9ddedd04afbb1def38c17472e967645b8bbfd8a3522f4493878,0x4337004ec9c1417f1c7a26ebd4b4fbed6acf9e5d,0x0000000071727de22e5e9d8baf0edac6f37da032,2026-08-10T19:28:56,privileged_execution_context;complex_trace,0x765e827f,false
25724298,0x78f4f4aedab1c8b31d5f907607834e9fa2f7175957a31ddf3602ee52ccbaa054,0x7b49bc3ebbdf7322f31c6449320382bbec3be1b6,0xad3b67bca8935cb510c8d18bd45f0b94f54a968f,2026-08-10T19:29:03,complex_trace;approval_burst,0x146ee74d,false
25724298,0x39dc2a22bda12930f739ef8ba310caf243f95ff9c791c5580576a59e1aea6735,0x43370277ecaab8cb1f98622138efc679f9ac3063,0x0000000071727de22e5e9d8baf0edac6f37da032,2026-08-10T19:29:04,privileged_execution_context;complex_trace,0x765e827f,false
25724298,0x34526ec89caeec7169561fe0bfc9151c7716970669e0303b492cbca9a31a91c3,0xdda3b51e29f9d6fad865c5dd7070d5f7eb57663e,0x8d8210a0252a706cb5de0c6f8e46b6d3692afc19,2026-08-10T19:29:05,complex_trace;high_gas_used_context,0xffc3a769,false
25724299,0x02a2f63e187bd721cc44713d9364f8d4739ba68e32fe58ebdd39764c137a6dbd,0x4fa78d074539f877bf5fd9078c2170cc22fbc7f2,0xb4769e9c5be31199a25ecd1b0c6609183fa72521,2026-08-10T19:29:21,dense_internal_fund_flow;complex_trace,0xa11b1198,true
25724299,0xe6efb0c817a91f29060ba0b2138002056ce9774a5188d64cc1f6291201a315b2,0x7556699aa8e6a7c9c69bcfaf9debd05f8192b063,0x84cab37995229530d9e6e5cff2f8f4ebe4517d66,2026-08-10T19:29:21,complex_trace;high_gas_used_context;token_activity_burst,0xe587456a,false
25724299,0x6cad3c748239ba04df6fe16fbd793665fb0bd9ac5f449a34d2614176063873f8,0x80d80653cfd0edf0439dc5ebc7cc86a66d9c204c,0x3cb085b9e975e95e11cada75deaed70802248d91,2026-08-10T19:29:22,extreme_dex_price_manipulation,0xbb51ea92,true
25724299,0xd9c36ed4b180656aca95cb2fef07246699b0d3f8308cf0e1d2a86df34c857c6c,0x1584a8ee67789d1fe161065388657ad2f2a3c7dd,0x77eb52e44db06777bce478159f25c0d55a295314,2026-08-10T19:29:23,repeated_internal_token_drain;dense_internal_fund_flow;complex_trace;token_activity_burst;repeated_risky_internal_calls,0xa9059cbb,true
25724300,0x3cbcfc8d86b1677b1a39026c2c0f70cb841d1ef4fbb1665830e98ec36449868a,0x43370188473a398394e4ba4a7c7cbb2c6265e22a,0x0000000071727de22e5e9d8baf0edac6f37da032,2026-08-10T19:29:39,privileged_execution_context;complex_trace,0x765e827f,false
25724300,0x5b359a8ce00116671c1103f833e4e0831862c1a4bdcafe6f29775d9dba666032,0xdda3b51e29f9d6fad865c5dd7070d5f7eb57663e,0x8d8210a0252a706cb5de0c6f8e46b6d3692afc19,2026-08-10T19:29:40,complex_trace;high_gas_used_context,0xffc3a769,false
25724300,0x73af6d918d5cdf814b05ef1f462ddf3c6a4ecd0996fdf409444740d38e647325,0xa154b98e53fc35e1bad1ff758acbc8c629bdcd2b,0x19917386eeae67b6ff7ddf07de4019fca40aa4ec,2026-08-10T19:29:40,complex_trace;high_gas_used_context;token_activity_burst,0xa9059cbb,false
25724300,0xd45eb003b55e18a51405b46946cf3413d20766ee18124f88f8daad50dfbb79f1,0x42061fbe1684bf6156ed3be2c15689165583b046,0xf5f5d32ba9ba91e0dd6fd57ea71241d3c5801713,2026-08-10T19:29:40,privileged_execution_context,0xc76b2591,false
25724301,0x6c541ab50d13b2b482e7400ab5f76f642ed9db2332c8aae6b39de33d76e13608,0x5f8769281662a4af0175f7efe521892c52850ac6,0x40a6700b99115cda7b12bd0e21db1be8ae524bf2,2026-08-10T19:29:56,repeated_internal_token_drain;dense_internal_fund_flow;complex_trace;high_gas_used_context;token_activity_burst;repeated_risky_internal_calls,0xa9059cbb,true
25724301,0x8c049c1f681b75c7ed74d1ba842bc7865f7e7782547de4dede96940850a4fbf1,0x43370277ecaab8cb1f98622138efc679f9ac3063,0x0000000071727de22e5e9d8baf0edac6f37da032,2026-08-10T19:29:56,privileged_execution_context;complex_trace,0x765e827f,false
25724301,0xa1bf82bbd05a58e2ad899476cb82ed7c54225ea80904df82b62733332c08335e,0x7556699aa8e6a7c9c69bcfaf9debd05f8192b063,0x84cab37995229530d9e6e5cff2f8f4ebe4517d66,2026-08-10T19:29:56,dense_internal_fund_flow;very_complex_trace;high_gas_used_context;repeated_risky_internal_calls,0xe587456a,true
25724301,0xbc2d1294b06a9f9dff69a36320ed378e35cc49d99fdc7bbed7f61040b081c333,0xf70da97812cb96acdf810712aa562db8dfa3dbef,0xb92fe925dc43a0ecde6c8b1a2709c170ec4fff4f,2026-08-10T19:29:56,dense_internal_fund_flow;complex_trace,0xcd6e13f7,true
25724301,0xcdac027f25b54e1bf9af80a10119b2415d15639289d4eb2396aa2a1d2f73712c,0xe91bcae4a2d7b951304695f93cf1b9a1837cfe43,0x7ec8a30a34b86927dc77b302603d1d53e640bef7,2026-08-10T19:29:56,repeated_internal_token_drain;dense_internal_fund_flow;complex_trace;high_gas_used_context;token_activity_burst;repeated_risky_internal_calls,0xa9059cbb,true
25724301,0xe41d338154bd89e0d57a059a3a926a77e502e593a6d8b8654618409232162c66,0xd6434d157f254276d69ede3bd9fc805482206908,0x7ec8a30a34b86927dc77b302603d1d53e640bef7,2026-08-10T19:29:56,repeated_internal_token_drain;dense_internal_fund_flow;complex_trace;high_gas_used_context;token_activity_burst;repeated_risky_internal_calls,0xa9059cbb,true
