block_num,tx_hash,from,to,detect_time,attack_signals,selector,has_asset_impact
25690225,0x2cde7539aeef7a4d77d92899a582b1c93da82c4cadaff715d9d240d6a8caf766,0xa8ac9222ff80d5fa9074deec1de507a69ceb36e1,0x28b1dc1a5e3699a428bc51d234dfab7c9cb2a183,2026-08-06T01:30:04,dense_internal_fund_flow;complex_trace,0xf2c42696,true
25690225,0x8a4db1ffcf4515f6f988183baac30749e7cc563cfd68e8e232482687ad695cbc,0xabb2acd3be814a80e502575d6c1dc5f789e9cd10,0xccc88a9d1b4ed6b0eaba998850414b24f1c315be,2026-08-06T01:30:04,dense_internal_fund_flow;complex_trace,0x0a2b8f36,true
25690225,0x07e075cee8a297f22b9c38c46f166804f5393981d08a50df38b313f0e2414728,0xb876842bb8405f34e1cefe497d0d85d39f83badf,0x91ff8bbd8ebb07893010d50a48a1609e5ebd8e34,2026-08-06T01:30:06,complex_trace;high_gas_used_context,0x069d1525,false
25690225,0x29b2a82a000e51c9ef2f1ed88016b62e746b667fcd702684476c8a54bb44b603,0x00568594ac34b321ba41a27318ed306cce21f880,0x2f6f4b01bbcf6568eab372f9305a6044c47029cb,2026-08-06T01:30:06,very_complex_trace;high_gas_used_context,0x3d546218,false
25690225,0x6ab4ae77357203aca378192465e78dba5d5f29ed72efc7d5c6062d557853dd3a,0x0e0052a184fd59c6b7e1e99d739802ecb3aec0e4,0xd82461784eb72d4b67cbab077989eb215315e272,2026-08-06T01:30:06,complex_trace;approval_burst,0x805f7b65,false
25690225,0xdbba3452fba4e7d7f61af4a53457f7d5c70621c1bfbda92541e9d0af884957bc,0x59aab1bd0d26290274398c07b55955c15425e16b,0x00fe78205f5f0e63b8ad2b2ae5337f538a610e04,2026-08-06T01:30:06,complex_trace;high_gas_used_context,0x34fcd5be,false
25690225,0xf4f595b540f9eec6c52c046634dbc48b651f482f236e89cdf1f6ca0035405de0,0x1584a8ee67789d1fe161065388657ad2f2a3c7dd,0x77eb52e44db06777bce478159f25c0d55a295314,2026-08-06T01:30:06,repeated_internal_token_drain;dense_internal_fund_flow;complex_trace;token_activity_burst;repeated_risky_internal_calls,0xa9059cbb,true
25690226,0x6602a2d00c4650a18fd4065837432c1a09e334ec28b6c1c27b3d3c83e009e255,0x43370240c309f6cc0815929a176609267971224f,0x0000000071727de22e5e9d8baf0edac6f37da032,2026-08-06T01:30:12,large_erc20_asset_flow,0x765e827f,true
25690226,0x68bf553f967a8558e66d5517b5d31d957654b1e9d1d62a3fef9b18c159d13d27,0xe20446cccbfd5f9038e747f1dea8016ecbd94ae5,0x442be06bb5d13711a22ccd3fa382b72a874c5135,2026-08-06T01:30:12,privileged_execution_context,0xf7b5c341,false
25690226,0x815126b295998d47c0c3577a37f20b397ff62f1ac2fd179d666cc27d1fa0f792,0xc6acbee42e9e323140c1ed060c2f6ea9cc3b4b75,0x7c5a71c9fefbc7691f9d4ac7baf70c743792f716,2026-08-06T01:30:12,selfdestruct_context,0xf3fef3a3,false
25690226,0xb4d2fd6883ae07e15c450a1861bbc3c6fd6346f49aa70d9c42ba90d0c7b13ee1,0x43370351c9a297bf8377ca1e46576401a9ac4bba,0x0000000071727de22e5e9d8baf0edac6f37da032,2026-08-06T01:30:12,privileged_execution_context;complex_trace,0x765e827f,false
25690226,0x80d525e04e371df1ad5bbe4c4878273371570e908ed730479a5bec2d4a68996d,0x41d209d275027e3dcf5ddc4d0c30cd6c6ece1ffd,0x91ff8bbd8ebb07893010d50a48a1609e5ebd8e34,2026-08-06T01:30:14,complex_trace;high_gas_used_context,0x069d1525,false
25690226,0x0ea078e188680715b991acea8adab304c2b21484df004051663030a1474c5db3,0x59aab1bd0d26290274398c07b55955c15425e16b,0x00fe78205f5f0e63b8ad2b2ae5337f538a610e04,2026-08-06T01:30:15,complex_trace;high_gas_used_context,0x34fcd5be,false
25690227,0x6c9665e43dd67347e38718dc69dfc7aa397f7ea570596c9a4cf7c6f1ae6e8e8a,0x81e8a1301b354d44da6b63e4fa1b73780a37d2b6,0xd90e2f925da726b50c4ed8d0fb90ad053324f31b,2026-08-06T01:30:23,dense_internal_fund_flow,0x13d98d13,true
25690227,0x072239fdb81d1725f2b38e5085dde61733c2baebfaa0146f0efda0b66a1bccf3,0xbc2e7f640f713dbe1d3d99fba75e61c81b5e82b0,0xb4769e9c5be31199a25ecd1b0c6609183fa72521,2026-08-06T01:30:24,dense_internal_fund_flow;complex_trace,0xa11b1198,true
25690227,0x5caf869cf4d7ecc9f2ed0acb3175c238c6fc6b627f81b957bc294507d0c99950,0xae2fc483527b8ef99eb5d9b44875f005ba1fae13,0x1f2f10d1c40777ae1da742455c65828ff36df387,2026-08-06T01:30:24,dense_internal_fund_flow;large_erc20_asset_flow;complex_trace,0x2bad1b01,true
25690227,0x65733d9c10deece324175f72a832946d21ada159b9b9a5bdaa8ce8b0df9beba3,0x59aab1bd0d26290274398c07b55955c15425e16b,0x00fe78205f5f0e63b8ad2b2ae5337f538a610e04,2026-08-06T01:30:24,complex_trace;high_gas_used_context;token_activity_burst,0x34fcd5be,false
25690227,0x7c414ae1d0a4779f8396b684389922c87e026907dd3fd4f6d11fdbb4e0405207,0x880e7a637300236f028a289b6e942a829ffefeaf,0x5ff137d4b0fdcd49dca30c7cf57e578a026d2789,2026-08-06T01:30:24,complex_trace;high_gas_used_context,0x1fad948c,false
25690227,0x7fb767df0add308458c6944bc5fa888aa405a4f837b74d98fe45621d44f0f110,0xae2fc483527b8ef99eb5d9b44875f005ba1fae13,0x1f2f10d1c40777ae1da742455c65828ff36df387,2026-08-06T01:30:24,dense_internal_fund_flow;large_erc20_asset_flow;complex_trace,0x2bd0dac1,true
25690227,0x93d38ad53148569a9d3d43e03dde019bf47c206ceed8cb71d6b1e8db38b22be1,0xc0ffeebabe5d496b2dde509f9fa189c25cf29671,0xe08d97e151473a848c3d9ca3f323cb720472d015,2026-08-06T01:30:25,complex_trace;token_activity_burst,0x1d23a9c4,false
25690227,0xea6a08254a6f7b5eba4d9d52a7d5b32a01afbe599762e39dc86a13491fcde7f7,0xc0ffeebabe5d496b2dde509f9fa189c25cf29671,0xe08d97e151473a848c3d9ca3f323cb720472d015,2026-08-06T01:30:25,complex_trace;token_activity_burst,0x1d23a9c4,false
25690227,0x7ba65df7312df3bde715656991dcccb77b250db3567e96b5ee502edf7f0635e4,0x834d10cef4e5a75d3edddcbb1c5a94f8094e5713,0xd226997439ecfbeff8e110c8c78c8a7eefd19f89,2026-08-06T01:30:28,large_erc20_asset_flow;complex_trace,0x99999999,true
25690228,0x4f60fd8dfa3e45bb257529e0e25a8835b3875e55404d7ecb453d249ea02969a6,0xbb48b590e5cd875a723591fc11176987eb56bf29,0x4c82d1fbfe28c977cbb58d8c7ff8fcf9f70a2cca,2026-08-06T01:30:34,dense_internal_fund_flow;large_erc20_asset_flow;complex_trace,0x3593564c,true
25690228,0x92a1de94498518a613d3273e78fd6eb9f5cf1897700c711229743d6b48110133,0x5b43453fce04b92e190f391a83136bfbecedefd1,0xbdb3ba9ffe392549e1f8658dd2630c141fdf47b6,2026-08-06T01:30:34,complex_trace;high_gas_used_context;token_activity_burst,0x000000c3,false
25690228,0xf5f8a736897fd6faa5eeded7f9fddb391faa7592ec5ed3d20513f88f2d215b8a,0x43b6a64445552fcfdc26b062dc7c6dbd22f4757f,0x1231deb6f5749ef6ce6943a275a1d3e7486f4eae,2026-08-06T01:30:34,dense_internal_fund_flow;complex_trace;high_gas_used_context,0x482c6a85,true
25690228,0x7bfb0365a87ab08433dab628a6bf73b7238933cb03ff2b77bcbe90fbdaace018,0xf073a21f0d68adacfff34d5b8df04550c944e348,0x00000f91109c4d0007e90000d9facad5298a0cac,2026-08-06T01:30:36,complex_trace;token_activity_burst,0x03f00aa7,false
25690229,0x32086fe6f3d76ac57c3a2bacd1fd7cc5a26755b7ea62b1f937764117423c140d,0x4337021d22bcd0775a0fd1b4a6665051dc15d995,0x0000000071727de22e5e9d8baf0edac6f37da032,2026-08-06T01:30:48,privileged_execution_context;complex_trace,0x765e827f,false
25690229,0x86d0e63fae2269761fcb94c3a01940c76233cc4027ab61b04746034bb80e8814,0x7b49bc3ebbdf7322f31c6449320382bbec3be1b6,0xad3b67bca8935cb510c8d18bd45f0b94f54a968f,2026-08-06T01:30:48,repeated_internal_token_drain;dense_internal_fund_flow;very_complex_trace;high_gas_used_context;token_activity_burst;approval_burst;repeated_risky_internal_calls,0x146ee74d,true
25690229,0xab90159471f2708919f19b08be88ef0b7274f28d0b5b2d48e830ad640e4d178d,0x7f56302966ef91afb0d7baddc92b793efa8da7d9,0x91ff8bbd8ebb07893010d50a48a1609e5ebd8e34,2026-08-06T01:30:50,complex_trace;high_gas_used_context,0x069d1525,false
25690230,0x5d647092d06f6aee41172ea9104e33aba1c288ab17b6154461396dd3f33a3468,0x497a16b962a7f4dfac5d5049a7abbcc878e4a6fe,0xd90e2f925da726b50c4ed8d0fb90ad053324f31b,2026-08-06T01:31:00,dense_internal_fund_flow,0xb438689f,true
25690230,0x7a718c20f76a0101ccb576c9cec6c87a998e82aa9368323d93713875eace80cf,0xe9fce949e03ed55426471dbdb33847a248a83573,0x91ff8bbd8ebb07893010d50a48a1609e5ebd8e34,2026-08-06T01:31:01,complex_trace;high_gas_used_context,0x069d1525,false
25690230,0xbca37970c927c4f096cc6e9445915d9dd192609cfd23a58c31421cf807a823f9,0x3d7098bf88675f09fb0c1c746dbe41af2686387a,0x22a8fe0109b5457ae5c9e916838e807dd8b0a5b6,2026-08-06T01:31:01,large_erc20_asset_flow,0x605acecc,true
25690230,0x43c3cc2d9ddf776648c478fd3c2d8a0a751582cc48a201749c396bb2647ca692,0x1584a8ee67789d1fe161065388657ad2f2a3c7dd,0x77eb52e44db06777bce478159f25c0d55a295314,2026-08-06T01:31:02,repeated_internal_token_drain;dense_internal_fund_flow;complex_trace;high_gas_used_context;token_activity_burst;repeated_risky_internal_calls,0xa9059cbb,true
25690230,0xfadc872f9e27d6864d4a06ac742b7e2ae4915486755793490a971a8e67189298,0x1cda83fe97a2e0a8f94a9cf32da947c23b72ba02,0x5f829b1b473cba86838e1b7bb7e144dbde228e21,2026-08-06T01:31:02,large_erc20_asset_flow,0xac9650d8,true
25690231,0x0191e8adef97bf6f0728ab43b3490052175ffa01d0b10087b233e5612292b3d8,0xe99bd1c2dd70cd58e5efd47887991700e7318ce2,0xad3b67bca8935cb510c8d18bd45f0b94f54a968f,2026-08-06T01:31:13,repeated_internal_token_drain;dense_internal_fund_flow;very_complex_trace;high_gas_used_context;token_activity_burst;approval_burst;repeated_risky_internal_calls,0x146ee74d,true
25690231,0x83015b0c0d785c4d5cf6d2cb514f3e369eee7ac30c2e6f79c219f8116ef2dd7e,0x7830c87c02e56aff27fa8ab1241711331fa86f43,0xa9d1e08c7793af67e9d92fe308d5697fb81d3e43,2026-08-06T01:31:13,large_erc20_asset_flow,0xca350aa6,true
25690231,0x255e72c0405e7ef90465ecebca9c5ab324c1ece9a5f0f664b7d39834fca2bd72,0x72663ec3f3dcf59beff5d20594fd5777e05d9c17,0x91ff8bbd8ebb07893010d50a48a1609e5ebd8e34,2026-08-06T01:31:16,complex_trace;high_gas_used_context,0x069d1525,false
25690231,0x74c5303a26d3bdf0d0a978ada44103d268cd01a3bb154d602b10325f42581fc3,0x61193d978c9ce5ba69293da96a56113be8de981c,0x91ff8bbd8ebb07893010d50a48a1609e5ebd8e34,2026-08-06T01:31:16,complex_trace;high_gas_used_context,0x069d1525,false
25690232,0x078f62d714af1c079017f85212451dd5474f8af0e5531e5f6508e2561dc4f099,0x64b9edd67c96c76bc3f9472c5a9e83547cfd4380,0x91ff8bbd8ebb07893010d50a48a1609e5ebd8e34,2026-08-06T01:31:23,complex_trace;high_gas_used_context,0x069d1525,false
25690232,0x0113e3fea5f7a9be42b0147497a97ff57a78070ce3cb3b8c2658e19b27428eb5,0x7830c87c02e56aff27fa8ab1241711331fa86f43,0xa9d1e08c7793af67e9d92fe308d5697fb81d3e43,2026-08-06T01:31:24,large_erc20_asset_flow;token_activity_burst,0xca350aa6,true
25690232,0xf7f93c6c500b73a3fc17ec28b9c680ce09fb6748904bdd99c0cbabaf5538c075,0x7830c87c02e56aff27fa8ab1241711331fa86f43,0xa9d1e08c7793af67e9d92fe308d5697fb81d3e43,2026-08-06T01:31:24,dense_internal_fund_flow,0x1a1da075,true
25690232,0x5ffab39347a84b4005476c3b2114be8e7e6ac04d1b2febd800d27fedb6a43dba,0x99407c84e1e5913811bb7ffcb804fe3f4b58664f,0x0000000000000068f116a894984e2db1123eb395,2026-08-06T01:31:26,complex_trace;high_gas_used_context;token_activity_burst,0x87201b41,true
25690233,0xd8100fde3c60729a5b2dd3752bf0e84f2e9927c472edb2f83b99840d6eba65fb,0x5b43453fce04b92e190f391a83136bfbecedefd1,0xbdb3ba9ffe392549e1f8658dd2630c141fdf47b6,2026-08-06T01:31:37,complex_trace;high_gas_used_context;token_activity_burst,0x000000c3,false
25690233,0x81df6fe4be292af012371365c41d9263f7801644e25fb3951052056e71921124,0x9c97ee995ee9d19f5afbb2bd979c6ede03000e7f,0x0000000071727de22e5e9d8baf0edac6f37da032,2026-08-06T01:31:39,complex_trace;high_gas_used_context;token_activity_burst,0x765e827f,false
25690233,0x8a246248bfcac1b2ce09d677721de1656ec0e83cd48c196d4d6201c074b4705b,0x1e060fb7847ab8de0e05e898c16714c9dcc9de6d,0x91ff8bbd8ebb07893010d50a48a1609e5ebd8e34,2026-08-06T01:31:39,complex_trace;high_gas_used_context,0x069d1525,false
25690233,0x95eb022004febeebf1628174c67c88582307d9fe6ba0960a0939ff5fb648f334,0x0f6d91fbafa15c3f20e72a4cbf16ed65dd96323d,0x91ff8bbd8ebb07893010d50a48a1609e5ebd8e34,2026-08-06T01:31:39,complex_trace;high_gas_used_context,0x069d1525,false
25690233,0x967c35ce9362011843cabca1ed946499e3e9d885526fd5a69c832418b373b1eb,0x1cda83fe97a2e0a8f94a9cf32da947c23b72ba02,0xe0181090c22579b6a217f1522cbf8c9f1f0c1965,2026-08-06T01:31:39,large_erc20_asset_flow,0xac9650d8,true
25690234,0x89387e956b42325c713d536ce91750808142a4fd983953bbb7c4a2c86335ad37,0x7b49bc3ebbdf7322f31c6449320382bbec3be1b6,0xad3b67bca8935cb510c8d18bd45f0b94f54a968f,2026-08-06T01:31:46,complex_trace;high_gas_used_context;token_activity_burst;approval_burst,0x146ee74d,false
25690234,0xe365859ced4caf553ed6b7a4c8b77e2198d3a37599574feee398b0adf13ba3b3,0xb32b84494df2b99cae50683a4273cce4a21429bf,0x6566194141eefa99af43bb5aa71460ca2dc90245,2026-08-06T01:31:46,large_erc20_asset_flow;complex_trace,0x374f435d,true
25690234,0xcdd58e27a728d821c12081addf4fdb83e7a18f558c2b0408317933afc2e13263,0x3ac7ea29d8d5ec7aa218809cda81a90033a7a48e,0x28b1dc1a5e3699a428bc51d234dfab7c9cb2a183,2026-08-06T01:31:47,complex_trace;high_gas_used_context,0x0c307f76,true
25690234,0xf6d39e25d174ee14c8e3c8dfb256b9849231bb159e1c6028bf44176e21be6400,0x59aab1bd0d26290274398c07b55955c15425e16b,0x00fe78205f5f0e63b8ad2b2ae5337f538a610e04,2026-08-06T01:31:47,complex_trace;high_gas_used_context;token_activity_burst,0x34fcd5be,false
25690235,0x9e534add2d0fb71c7f2dc0e0e10969dfe6dee8c5ca967a698db4707728043904,0x5934e06498db785ff26807161ce9d09063231321,0xbdb3ba9ffe392549e1f8658dd2630c141fdf47b6,2026-08-06T01:32:00,large_erc20_asset_flow,0x00000069,true
25690235,0x2337fa1a5d5a8134cb863f32b280032ca2c4cd4113518f088bc35558f12acce3,0x64b7e3d3c632cc7fcdbb4b2f3a19cb69b4b7f5c2,0x1231deb6f5749ef6ce6943a275a1d3e7486f4eae,2026-08-06T01:32:01,large_erc20_asset_flow;complex_trace,0x4f3b0759,true
25690235,0xb18112d0a1fe1c921cfce8776b6344e8381dc6a7b6804adf072665d43eff1332,0x0e0052a184fd59c6b7e1e99d739802ecb3aec0e4,0xd82461784eb72d4b67cbab077989eb215315e272,2026-08-06T01:32:01,complex_trace;approval_burst,0x805f7b65,false
25690235,0x02a426c23e8fa3c4dc1126e66607ec58e55113b85ccedcecd682268111481326,0x9d9e5233e399c84cfff5b080f0012987a25a045a,0x91ff8bbd8ebb07893010d50a48a1609e5ebd8e34,2026-08-06T01:32:02,complex_trace;high_gas_used_context,0x069d1525,false
25690235,0x72c1a07fa1c7ea364f3ab6f3dc975477c627f262e667021563178830d3db7d61,0x0107bf2923aaaecffc90a7c686fe3725adafcb88,0xe4db1c5a1b709ce4d2ada6985d9d506e58f73829,2026-08-06T01:32:02,large_erc20_asset_flow,0xb460af94,true
25690235,0xa9cb058f3e4d7cace3444d1623a10496f192784fd011c08103a5e6706ca53f42,0x161643f280b09be8e0271eef8efc6c264d125003,0x44d634202014285775197a914be8b4fd7895d32f,2026-08-06T01:32:03,dense_internal_fund_flow;token_activity_burst,0xa9059cbb,true
25690236,0x02b48e51ed21b6da94677ab54b0744646b04c27e66fc151eb94895cf68024cd5,0x50bf934781f63028c5c8ef49c4affe19a86d99b6,0x8d04cc7e86e687854eb41d9d43512b655b93184b,2026-08-06T01:32:10,complex_trace;selfdestruct_context,0x4a1bf18a,false
25690236,0x27f063a34ce2bda093195eb0fd66d614e8009dc16a6f0da55b9478476ecd954e,0x1584a8ee67789d1fe161065388657ad2f2a3c7dd,0x77eb52e44db06777bce478159f25c0d55a295314,2026-08-06T01:32:11,repeated_internal_token_drain;dense_internal_fund_flow;complex_trace;high_gas_used_context;token_activity_burst;repeated_risky_internal_calls,0xa9059cbb,true
25690236,0xe5314c60993db0f9f4e1115a0c1cb1bf6a15f2d0c7e0acdc945304da9f87558a,0xfb2c579c1d5f82c7b0f2a3479e5f9bc26bd22b62,0x1bc47a0dd0fdab96e9ef982fdf1f34dc6207cfe3,2026-08-06T01:32:11,large_erc20_asset_flow;complex_trace,0xb4dc8294,true
25690237,0x6212627c1bdadd3f202b76dc9e8c7f9e8218abd09356f395adb5ed10f601ca53,0x7830c87c02e56aff27fa8ab1241711331fa86f43,0xa9d1e08c7793af67e9d92fe308d5697fb81d3e43,2026-08-06T01:32:21,large_erc20_asset_flow;token_activity_burst,0xca350aa6,true
25690237,0xa4460978d1f8b461e468a8534dac34693ee2be3c9c2eaf1b7b20175ed7c6c39a,0x7830c87c02e56aff27fa8ab1241711331fa86f43,0xa9d1e08c7793af67e9d92fe308d5697fb81d3e43,2026-08-06T01:32:21,dense_internal_fund_flow,0x1a1da075,true
25690237,0xa129126fa1d3682b9eb5241cec49a8d3137cf7baf0222724eacfc2d1fe83b841,0xa690308421f6160273983fd86e3f82919e6cda21,0x8c106eedad96553e64287a5a6839c3cc78afa3d0,2026-08-06T01:32:22,large_erc20_asset_flow,0xac9650d8,true
25690238,0x3377a1465467721f924334d529624674a3f35b4f662f4a20cf5c279cd3db630a,0x70e59f9c304e4d5096bd408b571e2dcd99c3120b,0xad3b67bca8935cb510c8d18bd45f0b94f54a968f,2026-08-06T01:32:31,complex_trace;high_gas_used_context;token_activity_burst;approval_burst,0x146ee74d,false
25690238,0x84a5d654574402488ce204de916b67795ea4887d30e7e8e567174ae728907f88,0x3c14786ac1d3a77bda4aa9f368edf2d19160879e,0x4313c378cc91ea583c91387b9216e2c03096b27f,2026-08-06T01:32:31,dense_internal_fund_flow;complex_trace,0xeffbec13,true
25690239,0x34ad8151478eb2de296ba8f6ff84033c5c34ada2817947c3adc31667d0cd7768,0xdf8adfe10d4a4d9f0fc4d3e377a6e8d5730eb40c,0x06cff7088619c7178f5e14f0b119458d08d2f5ef,2026-08-06T01:32:50,large_erc20_asset_flow;complex_trace,0x99999999,true
25690239,0xdbfd8233e280372794ceceeef87ec9b5732ff6dde10d8d25231faa4bbee1076a,0x754dcfb2861547015b221e963b4133a71dbdc024,0x3e07be15370d8b12d80a159a7ef14b9e51869497,2026-08-06T01:32:50,complex_trace;high_gas_used_context;token_activity_burst,0x21af54c6,false
25690239,0x46d4254b1669b50597aa4726592acda27aa8b66d9a7b8c681b0cd7e9751b740e,0x1584a8ee67789d1fe161065388657ad2f2a3c7dd,0x77eb52e44db06777bce478159f25c0d55a295314,2026-08-06T01:32:51,repeated_internal_token_drain;dense_internal_fund_flow;complex_trace;token_activity_burst;repeated_risky_internal_calls,0xa9059cbb,true
25690239,0x00d1c39bd2680b7187b5885a74d421d8af722eca40ae4e3260d4a48bc9bdc7a7,0xa54dc4425190570cb5c841adf445bbecf3b249f5,0xe742f9df04a61ac0a6aea0b87d3c3b96ac6eea88,2026-08-06T01:32:53,dense_internal_fund_flow,0x87614bb9,true
25690239,0x3f90334e99e8fe4ab6cd4c478090043ece99a0b10f263bea13b9797a4d21eeee,0xce54f65abb8b61b83c14cbe97de97fce75bbf556,0x0000000071727de22e5e9d8baf0edac6f37da032,2026-08-06T01:32:53,dense_internal_fund_flow;complex_trace,0x765e827f,true
25690239,0x6c6505b4f65f4550f8b82f7d61328afb25ccdb33a0883035db6a681a71cff6c8,0x4337002c5702ce424cb62a56ca038e31e1d4a93d,0x0000000071727de22e5e9d8baf0edac6f37da032,2026-08-06T01:32:53,large_erc20_asset_flow,0x765e827f,true
25690239,0xb652a95718222296c7905e5ff270d6136411484e502cb580b299332360089560,0x17a9aa3f7945fb00c2eb16857baa4adb63da59db,0x0000000071727de22e5e9d8baf0edac6f37da032,2026-08-06T01:32:53,dense_internal_fund_flow;complex_trace,0x765e827f,true
25690240,0x2131ea48bc8771b3953f2afd875c32c6d71ef694c97f586b784e578c42829f0b,0xe487832018fbd594c84f1db3dfac61cde98a5f36,0x91ff8bbd8ebb07893010d50a48a1609e5ebd8e34,2026-08-06T01:33:01,complex_trace;high_gas_used_context,0x069d1525,false
25690241,0x2a02780751559727e1ce04e1efb963a85f11370c904b427c9fbcfaf9071884a8,0x710f68e90465b857337f45f19d8f2312d7a532ca,0xb773bcc5b325ad9ac6b36e1a046ad4466833a16e,2026-08-06T01:33:10,large_erc20_asset_flow,0xd421c105,true
25690241,0x24a3a39830a8ae9d1926783b27eefec11af13252d1189fe4d2312b53c8aedae7,0x7184d1a5a90c9a410bb7f597c12fc37a83d97dbc,0xf4e147db314947fc1275a8cbb6cde48c510cd8cf,2026-08-06T01:33:11,privileged_execution_context,0x760d0f9d,false
25690241,0xe843f435987977988c8d0c3ef0c02d3a39062f54b36e56ad3927a5458993b809,0xa0c85ffaff895c0cf5aed1993dc6e3195adf593b,0x9b6eda8460ac664287493038b23f25b03dfbbdb1,2026-08-06T01:33:11,large_erc20_asset_flow;complex_trace,0x469f504f,true
25690241,0xfab048e85ddaf7160b20c9cd09e6532681cfd3780b2e7cf98a18e2a6ba2132f0,0xe487832018fbd594c84f1db3dfac61cde98a5f36,0x91ff8bbd8ebb07893010d50a48a1609e5ebd8e34,2026-08-06T01:33:11,complex_trace;high_gas_used_context,0x069d1525,false
25690242,0x09e85881a0a5dc08e2728faf0a192734136acdc2acc1f3a5a9ea1a72174dff0a,0x7830c87c02e56aff27fa8ab1241711331fa86f43,0xa9d1e08c7793af67e9d92fe308d5697fb81d3e43,2026-08-06T01:33:21,dense_internal_fund_flow,0x1a1da075,true
25690242,0xa694ee619529ee3acd2815fb3d3205e74940f7acae46a855c59de2b7f452a847,0x5b43453fce04b92e190f391a83136bfbecedefd1,0xbdb3ba9ffe392549e1f8658dd2630c141fdf47b6,2026-08-06T01:33:21,complex_trace;high_gas_used_context;token_activity_burst,0x000000c3,false
25690242,0xf8400878e0085a43ea1164e64f7f905c59b70077688fbb0bab902daa7742f039,0xe99bd1c2dd70cd58e5efd47887991700e7318ce2,0xad3b67bca8935cb510c8d18bd45f0b94f54a968f,2026-08-06T01:33:21,repeated_internal_token_drain;dense_internal_fund_flow;complex_trace;high_gas_used_context;token_activity_burst;approval_burst;repeated_risky_internal_calls,0x146ee74d,true
25690242,0x754d0efac7e3c66659a4f688073f2df93a6ec358905cb90512588c9c3676ee10,0xd3e0d660d8fab05b34ccb7fe7681628d9a46c675,0x6566194141eefa99af43bb5aa71460ca2dc90245,2026-08-06T01:33:22,large_erc20_profit_to_sender;large_erc20_asset_flow,0x374f435d,true
25690242,0x2331df407beaf7e5c9a39c101870753f284974b221c3c81ee8372956e6a28f00,0xe487832018fbd594c84f1db3dfac61cde98a5f36,0x91ff8bbd8ebb07893010d50a48a1609e5ebd8e34,2026-08-06T01:33:23,complex_trace;high_gas_used_context,0x069d1525,false
25690242,0x57f6a6a8b40a81a6481248e0d6902ac3e5ea7db1cfa47d4a41ac5c2e059c1024,0x327c062a42348561313da6e38da8b6d0da4e7279,0x91ff8bbd8ebb07893010d50a48a1609e5ebd8e34,2026-08-06T01:33:23,complex_trace;high_gas_used_context,0x069d1525,false
25690242,0xfde9219cce2a501316b4f83678c338322636ae98975ea6ff4659a55a651d1370,0xea7c228def6e373cd521eae2a4ec0cf8c7a80ba0,0xf4e147db314947fc1275a8cbb6cde48c510cd8cf,2026-08-06T01:33:24,privileged_execution_context,0x760d0f9d,false
25690243,0x2b1d6a50578567d23800bb7757bb3d4817710f4a3fb12ff73ae007a188f582ea,0xe2da046340e00264c4f0443243a0565007ae08ac,0x0939726264f2667429ef68e2b3734ecfbbad3abb,2026-08-06T01:33:33,complex_trace;high_gas_used_context,0x380db829,false
25690243,0x77ffd6eeae827d095c078057cf2e4e2c27e0f4aa949c1ce0c3b7a7c22e86eb48,0xe2da046340e00264c4f0443243a0565007ae08ac,0x595ca88510a9101bd40a244ae92d2a6fc860ea75,2026-08-06T01:33:33,complex_trace;high_gas_used_context,0x380db829,false
25690243,0x81e050ed41f69dcdc950e204e56fd473eb3d230cde0eaf82966e6c5abb8eda4a,0xe2da046340e00264c4f0443243a0565007ae08ac,0x39b7f514c199e4beb1739576a2dbd4de7414981b,2026-08-06T01:33:34,complex_trace;high_gas_used_context,0x380db829,false
25690243,0x9bca92f5f6d871c6ba1512635746834f1810832dacbb89174d744cf6c3bf23fc,0x4f3315ff608bc10ad2a3e487761aec318ed40f53,0xb300000b72deaeb607a12d5f54773d1c19c7028d,2026-08-06T01:33:34,dense_internal_fund_flow;complex_trace,0x810c705b,true
25690243,0x4cdaefeed6f775ab3581a38579b95985e2c09bfdd62750765acba528e187009c,0xe487832018fbd594c84f1db3dfac61cde98a5f36,0x91ff8bbd8ebb07893010d50a48a1609e5ebd8e34,2026-08-06T01:33:35,complex_trace;high_gas_used_context,0x069d1525,false
25690243,0x1d9148a9b152f95b5f982abdc893bbadb3e6eb0110e38ee90cc66fc4f414f8f0,0x7d344a2d90efb4544df07b5c510fee99b81915d4,0x81463b0f960f247f704377661ec81c1fd65b5128,2026-08-06T01:33:38,complex_trace;high_gas_used_context;token_activity_burst,0x832b7d23,false
25690244,0xfad0f5292b2ef822a0cd414862c6645a7ee0074e8a02d9c7672d317c75f3ffca,0x2b3fed49557bd88f78b898684f82fbb355305dbb,0x09c30cdcdd971423cb3ba757a47d56c35d06d818,2026-08-06T01:33:41,dense_internal_fund_flow,0x318adb8b,true
25690245,0x34ee8b226dcbeb3f6259e892910184abbb159d17bad29856cab465d786723f19,0xe2da046340e00264c4f0443243a0565007ae08ac,0xe85bc6df4bce507fc789bcbefd6471abe5b93df2,2026-08-06T01:33:59,complex_trace;high_gas_used_context,0x380db829,false
25690245,0x66eb43eebf90a977185b5e8edf4fb6e93797f9b407bef3a5343c5e255dc5efb3,0x5b43453fce04b92e190f391a83136bfbecedefd1,0xbdb3ba9ffe392549e1f8658dd2630c141fdf47b6,2026-08-06T01:33:59,dense_internal_fund_flow;complex_trace;high_gas_used_context;token_activity_burst,0x000000c3,true
25690245,0x90ecabb39a45781c2e8a430ac71aca71e4d3d005f71dd363e0beba9be54233f4,0xe2da046340e00264c4f0443243a0565007ae08ac,0xa6d85f3b3be6ff6dc52c3aabe9a35d0ce252b79f,2026-08-06T01:33:59,complex_trace;high_gas_used_context,0x380db829,false
25690245,0x68fd4ee4f5a1f9cc2eb8576d7a500bf78a3db3f13f447a646840271fcb0a888c,0x7b49bc3ebbdf7322f31c6449320382bbec3be1b6,0xad3b67bca8935cb510c8d18bd45f0b94f54a968f,2026-08-06T01:34:00,repeated_internal_token_drain;dense_internal_fund_flow;very_complex_trace;high_gas_used_context;token_activity_burst;approval_burst;repeated_risky_internal_calls,0x146ee74d,true
25690245,0xc28c61da62e2aee53be19099077dcb00b44b2264427d79c1e368b10e69b20a00,0xc6acbee42e9e323140c1ed060c2f6ea9cc3b4b75,0x7c5a71c9fefbc7691f9d4ac7baf70c743792f716,2026-08-06T01:34:00,selfdestruct_context,0xf3fef3a3,false
25690245,0x007206abd62f6e85b52a36731e578b9924493ed9de4d432246a84c784de66ff7,0xe487832018fbd594c84f1db3dfac61cde98a5f36,0x91ff8bbd8ebb07893010d50a48a1609e5ebd8e34,2026-08-06T01:34:01,complex_trace;high_gas_used_context,0x069d1525,false
25690245,0x31ab832d59cd3eef669b7d29fb8e497bbc672c229e5b2ec1974a6edbdb449321,0x3f4e1a3f21a90af960acc652e9bf8dd7a21f3964,0x5ff137d4b0fdcd49dca30c7cf57e578a026d2789,2026-08-06T01:34:03,dense_internal_fund_flow;complex_trace,0x1fad948c,true
25690245,0x4478d767112749118d4dfb26b005975e55227a2da41ba3c156167a4c39bd34bc,0x7f881d3ea884051dfa36dcf68fa879dc83a9fc85,0x00000f91109c4d0007e90000d9facad5298a0cac,2026-08-06T01:34:04,very_complex_trace;high_gas_used_context;token_activity_burst,0x0053be41,false
25690245,0x55f1443f64d138ed9852ddde39f900d3adc241701c608748322e0d943067c9f9,0x370a7e2d300c14d79d4a7ee07aaca46c4b3012cf,0xb92fe925dc43a0ecde6c8b1a2709c170ec4fff4f,2026-08-06T01:34:04,dense_internal_fund_flow,0xcd6e13f7,true
25690245,0x237037fd61c745077841d35f224c0fea457748c77751a71c90ae4d51ef9a3e09,0x59aab1bd0d26290274398c07b55955c15425e16b,0x00fe78205f5f0e63b8ad2b2ae5337f538a610e04,2026-08-06T01:34:05,complex_trace;high_gas_used_context;token_activity_burst,0x34fcd5be,false
25690245,0xa328c58dbc9c36cf3a53aa2756cb549e6ed912b46b377e0e8e7e79967ec7de97,0xb514443af4fd443a7826f72393149f98a9e8d736,0x86e4dc95c7fbdbf52e33d563bbdb00823894c287,2026-08-06T01:34:05,complex_trace;high_gas_used_context,0x4e43e495,false
25690246,0x01cd01e7929e66452c12baa0861fe6f16ae236a3c4fa3ce93eafb1f5c37c3242,0x9a8a3c602846911c51362cce3d0138c8b294fbd0,0x00000000075d9aed2e32de0aec3d7fe316514e79,2026-08-06T01:34:10,complex_trace;high_gas_used_context;token_activity_burst,0x00000002,false
25690246,0x8e62de947aa375139c8c9916cd26c795798f8c2f838de37f524d304b04aa08e7,0x1fc3c0730161ddafcb20f14ad46babe5318da7e5,0xccc88a9d1b4ed6b0eaba998850414b24f1c315be,2026-08-06T01:34:10,dense_internal_fund_flow;complex_trace,0xf9e4bab4,true
25690246,0xbc787346467ddfc2d81179bc672b90b2394562f62ef97472e88fe13a5de37711,0xe487832018fbd594c84f1db3dfac61cde98a5f36,0x91ff8bbd8ebb07893010d50a48a1609e5ebd8e34,2026-08-06T01:34:10,complex_trace;high_gas_used_context,0x069d1525,false
25690246,0x4a29acbfd7b143d8f7fe78575cde2acfd414552a83794714fd7b868ee93872ec,0x1584a8ee67789d1fe161065388657ad2f2a3c7dd,0x77eb52e44db06777bce478159f25c0d55a295314,2026-08-06T01:34:11,repeated_internal_token_drain;dense_internal_fund_flow;complex_trace;high_gas_used_context;token_activity_burst;repeated_risky_internal_calls,0xa9059cbb,true
25690246,0xf8415ba1e30d82e8202734d5b6e9f5606c5c70972e57bc7216dd050f13af71ee,0x00008004f94cfede26393adb288001f1c987bb52,0x0000c94a3aadb903f436bb1000521c0023516000,2026-08-06T01:34:13,complex_trace;high_gas_used_context;token_activity_burst;approval_burst,0xe5b53a12,false
25690247,0xb4173c21bafb8709f7e195a0ec2e2b2203e0fc5dbcd212044eb8a2a49d7b517e,0x80b7c453a86bc6654f851fb840273edb836edab3,,2026-08-06T01:34:27,large_mint_to_sender;privileged_execution_context;contract_creation_context,0x60806040,true
25690247,0x87604f742aba5afb0a506b380bc85070fc1ccba7d3840d78d9b5896111f4fe68,0x7830c87c02e56aff27fa8ab1241711331fa86f43,0xa9d1e08c7793af67e9d92fe308d5697fb81d3e43,2026-08-06T01:34:29,large_erc20_asset_flow,0xca350aa6,true
25690247,0xa056a72c0f9766f0c147e4a7a04225efcdbc8c6dcfc55a218c2e7418e93fd257,0xe487832018fbd594c84f1db3dfac61cde98a5f36,0x91ff8bbd8ebb07893010d50a48a1609e5ebd8e34,2026-08-06T01:34:29,complex_trace;high_gas_used_context,0x069d1525,false
25690247,0xbb7e21512620b8b78ea3e1d2244352335e41d5d5045a50d748d47b1d7790d4b1,0x6ec79f88fef67777c967084eded5cd0b368386fa,0xc36442b4a4522e871399cd717abdd847ab11fe88,2026-08-06T01:34:29,large_erc20_profit_to_sender;large_erc20_asset_flow,0xb88d4fde,true
25690247,0xc75dc1da9bfc11acfff7c5e3f7e13f62ec8e90f3d057103fd4d8d1d883dc4941,0x7d260305b937242200b13da96f2d2efc5e36bef8,0x06c4486694a85d3e2d69fa6c8ae7906312569541,2026-08-06T01:34:29,large_erc20_asset_flow,0x6a761202,true
25690247,0xeaa7b573ed6dc9b133c67edd9844ca8ce93e4032de1e91eccc96c9e142c9fc7a,0x7830c87c02e56aff27fa8ab1241711331fa86f43,0xa9d1e08c7793af67e9d92fe308d5697fb81d3e43,2026-08-06T01:34:29,dense_internal_fund_flow,0x1a1da075,true
25690247,0xfd332dc63848bf252d8e722ef2965ed33095526992d81ca7cb37f0858a2c1dc5,0x75abcdb4a38a38e1c046438a9ae9506a1951fcb7,0xd09931d9a7a320b5d0d407d47f28a269c08ce04d,2026-08-06T01:34:29,complex_trace;high_gas_used_context;token_activity_burst,0xf6f26b5e,false
25690247,0x44e0906a52b345bd15e1d688b6842cf2bf837c84cd6bde8e1a7055a1652d5035,0x87edc5258c6436e239ad851d05c52802ea27c19e,0x52b335fd4d229c4b4ffa6190526e4b5fb8e3fb09,2026-08-06T01:34:30,complex_trace;high_gas_used_context;token_activity_burst,0x085c8c5e,false
25690249,0xa55fa8a2434750bdf5b483a9140bd337135208c6f24169be3a64be7e4040faa5,0x6f395b1fd6b0bd91150baff9812205ace8c7ffc0,0x8f0f12ccea1f331d6525249946a368e550906b74,2026-08-06T01:35:24,large_erc20_asset_flow;complex_trace,0x79be55f7,true
25690249,0x40068e2127533b87e852580ca3c135cfd64fea91743cbc478f7304765f2c3feb,0x0e3eb60df4d14b213dc4de53316ed7bcd4aadc87,0x0000000071727de22e5e9d8baf0edac6f37da032,2026-08-06T01:35:25,complex_trace;high_gas_used_context,0x765e827f,false
25690249,0x5c7f5aa6c6a59df1907e94b8a98addfa4526bf3e3f3500a7032aed398a9f6e6a,0x324dbd8d8dd71ea0a87030aa92be508cb0c62770,0x0000000000001ff3684f28c67538d4d072c22734,2026-08-06T01:35:26,dense_internal_fund_flow;complex_trace,0x2213bc0b,true
25690249,0x1445244c14bfabac806dab7cf1734d2e9c37638b4cdd8ceb9ea82fd5bd733d05,0xe487832018fbd594c84f1db3dfac61cde98a5f36,0x91ff8bbd8ebb07893010d50a48a1609e5ebd8e34,2026-08-06T01:35:27,complex_trace;high_gas_used_context,0x069d1525,false
25690249,0xe4d7d32984a3aa644a86a8227d9e7aa01d8bea166b2b6187c50ae820d73cf67c,0x8d1d5a29afe6c02fab7959385673d35a8e88fc23,0xfb60cd0b36ad4bd839b91767a6ad9055ab6ad825,2026-08-06T01:35:27,complex_trace;high_gas_used_context,0x171f9e3e,false
25690250,0x29b6891a96c9e5605e47dbe9c4ad7e4e9d8240805f5a12ca54d03215dd0b8f01,0x6c45b0a56a451a86f67e65ffb090bcde940933cf,0x91ff8bbd8ebb07893010d50a48a1609e5ebd8e34,2026-08-06T01:35:35,complex_trace;high_gas_used_context,0x069d1525,false
25690250,0xf3545d752a563962582299226b9499065b5660d14a71d7abeb08decfc49f5c4f,0x1feed341f68ae6812b30e139ab074182ea4e3830,0x9e9110cfd24cd851ea5bc73a27975b33e308f9e1,2026-08-06T01:35:35,large_erc20_asset_flow,0xeb7499cf,true
25690250,0x04e993676ba3bd88bf417ed1bfac0fa21e5d1deac4b7a6adcf37e51837a7c09f,0xe487832018fbd594c84f1db3dfac61cde98a5f36,0x91ff8bbd8ebb07893010d50a48a1609e5ebd8e34,2026-08-06T01:35:36,complex_trace;high_gas_used_context,0x069d1525,false
25690250,0xae103dad2ac0caed4413415cfe0412aaead76f451b606004d59d637d36f780aa,0x4c8701c14b802b4b0eae3df4074fd68a457ce507,0x91ff8bbd8ebb07893010d50a48a1609e5ebd8e34,2026-08-06T01:35:36,complex_trace;high_gas_used_context,0x069d1525,false
25690250,0xfc4fb011113152289e6c2f670766541baf0d8ed6ed48a4653992a0384a7b831c,0x1eda738c90fb3f80067a2e420a1e2f81b75ecaf5,0x4c175ee61c3c1da847e339e1158d61bbd2537046,2026-08-06T01:35:36,complex_trace;high_gas_used_context,0x380db829,false
25690250,0x25c978760bb4853b8b60e214da3d9d0c4f32830ecf41b802d47b560bba8d802f,0x59aab1bd0d26290274398c07b55955c15425e16b,0x00fe78205f5f0e63b8ad2b2ae5337f538a610e04,2026-08-06T01:35:37,complex_trace;high_gas_used_context,0x34fcd5be,false
25690250,0xd63a029661c047667842e8a35c536fe5777b9e6bc671a6a26617eaffbab568aa,0x1584a8ee67789d1fe161065388657ad2f2a3c7dd,0x77eb52e44db06777bce478159f25c0d55a295314,2026-08-06T01:35:37,repeated_internal_token_drain;dense_internal_fund_flow;very_complex_trace;high_gas_used_context;token_activity_burst;repeated_risky_internal_calls,0xa9059cbb,true
25690251,0x478d60d04eefee7d3d10fd1a4043a81eb67fe2510997af79984af8c13002f432,0xe487832018fbd594c84f1db3dfac61cde98a5f36,0x91ff8bbd8ebb07893010d50a48a1609e5ebd8e34,2026-08-06T01:35:45,complex_trace;high_gas_used_context,0x069d1525,false
25690251,0x792f327734da889f884173667c888132435a5331be761df9a73679940f7655b2,0xde992badd92adaf9146255e9bde6a70770973664,0x3d0f22bf11636cc9cb129e2b261eed35a487455c,2026-08-06T01:35:45,complex_trace;high_gas_used_context,0xa9059cbb,false
25690251,0x8966d13bdd05aca57c78b876bc16cd4be04bb32910c2d2a3499f8564311d3238,0xde992badd92adaf9146255e9bde6a70770973664,0x3d0f22bf11636cc9cb129e2b261eed35a487455c,2026-08-06T01:35:45,complex_trace;high_gas_used_context,0xa9059cbb,false
25690251,0xad33cb070dd82aa999fbdf167e1e2538ea3bc769c845e7616bd1979187736a6f,0x9cae00a0f160f0e555db1c2aa5ed06034e45f9a5,0xdbd24b092f686b12650ec1450e3a7138f714506c,2026-08-06T01:35:45,privileged_execution_context;complex_trace,0xde792d5f,false
25690251,0xda7c34a45d59eebc8f9e40484ae4b42092e633ef51007eb9a6dcf3d1918c005c,0xdd647ce113505b34c62412d2a804ce1bfbcfc737,0x973a023a77420ba610f06b3858ad991df6d85a08,2026-08-06T01:35:45,large_erc20_asset_flow;complex_trace,0xac9650d8,true
25690252,0xfedfce646ab638b8cd0e20e6d95b088ce2c43ceb6cd4029c7e18bbab0a276d68,0x5b43453fce04b92e190f391a83136bfbecedefd1,0xbdb3ba9ffe392549e1f8658dd2630c141fdf47b6,2026-08-06T01:36:04,large_erc20_asset_flow;complex_trace;high_gas_used_context;token_activity_burst,0x000000c3,true
25690252,0xd3009e47d5bef2004df209fdf51e62a55818471f3d25c9c6c1367b6e2459860b,0x161643f280b09be8e0271eef8efc6c264d125003,0x44d634202014285775197a914be8b4fd7895d32f,2026-08-06T01:36:05,dense_internal_fund_flow;token_activity_burst,0xa9059cbb,true
25690252,0x2e42941138f450a0b28722be7e7941e90a76e89b4a844e46ae1ab8e4ce8a5837,0xf279dfcdd57e1571c95e2c5b7e2ee453cbcdf77f,0x0000000071727de22e5e9d8baf0edac6f37da032,2026-08-06T01:36:06,large_erc20_asset_flow;complex_trace,0x765e827f,true
25690252,0x4e6f7671562d85e795cb1f659b1706c9805d2656d8df55da63b5fcc8b74fb8af,0x64ddc0430eec16dbf928e985177b5a93f4cb3d27,0xdeadc0de0000e54725ad1bf220324717043e02bf,2026-08-06T01:36:06,complex_trace;high_gas_used_context;token_activity_burst,0x2f09b372,false
25690252,0x64dd4d7d8c93af9fe3304b747a1fd8843dfbf2d461c87800d19164fec9347942,0x59aab1bd0d26290274398c07b55955c15425e16b,0x00fe78205f5f0e63b8ad2b2ae5337f538a610e04,2026-08-06T01:36:06,complex_trace;high_gas_used_context,0x34fcd5be,false
25690252,0x6f08408ecae802c8f4af54905fb0e8200a030df20e2aece5d3e960c9398b8808,0x9cae00a0f160f0e555db1c2aa5ed06034e45f9a5,0xdbd24b092f686b12650ec1450e3a7138f714506c,2026-08-06T01:36:06,privileged_execution_context;complex_trace,0xde792d5f,false
25690252,0x3d6c62804760c32f57662e7efadb8161ea2135c018a140ac3606b4084a4574ee,0xe487832018fbd594c84f1db3dfac61cde98a5f36,0x91ff8bbd8ebb07893010d50a48a1609e5ebd8e34,2026-08-06T01:36:07,complex_trace;high_gas_used_context,0x069d1525,false
25690252,0x947ad056e261897f50dd8a857a0d4f350e6ef833cdee8c62101d94dc9cd804d0,0x8b5606469e21c75edd7c74d1c7a65824675d9aff,0x9ccc2f3ecde026230e11a5c8799ac7524f2bb294,2026-08-06T01:36:07,large_erc20_asset_flow;complex_trace,0x1bc74526,true
25690253,0x34accd099793a01712f26482bd136c3a9a36165be6fa25e49c9223c9d2fb9fc8,0x433702948d7be4201a2bcee6c349ad807c547a5d,0x0000000071727de22e5e9d8baf0edac6f37da032,2026-08-06T01:36:11,privileged_execution_context;complex_trace,0x765e827f,false
25690253,0x41683590eed1f892e072f44747283a42370fc9b71863f6038c7029870263f0b4,0x56e2893d8898a89450e5c9e35112f87bca7fc9cc,0x28b1dc1a5e3699a428bc51d234dfab7c9cb2a183,2026-08-06T01:36:11,complex_trace;high_gas_used_context,0x0c307f76,true
25690253,0x6b97d01be6ffbc463154d94418643aed60d42681d81cfd256074c9bb66607f78,0x56c262027e0de4aea31d2489529cb25d23e58a8b,0xccc88a9d1b4ed6b0eaba998850414b24f1c315be,2026-08-06T01:36:11,dense_internal_fund_flow;complex_trace,0x0a2b8f36,true
25690254,0x4742ded79a04d860046dc24b4ac1b3aa689ce11075929027c7eed4d385f2f8a1,0x1584a8ee67789d1fe161065388657ad2f2a3c7dd,0x77eb52e44db06777bce478159f25c0d55a295314,2026-08-06T01:36:21,repeated_internal_token_drain;dense_internal_fund_flow;complex_trace;high_gas_used_context;token_activity_burst;repeated_risky_internal_calls,0xa9059cbb,true
25690254,0x57f995b05d06e0310ed4b3faf4844fa3f25837f3c03a7435c595ec43152ba3dd,0xe487832018fbd594c84f1db3dfac61cde98a5f36,0x91ff8bbd8ebb07893010d50a48a1609e5ebd8e34,2026-08-06T01:36:21,complex_trace;high_gas_used_context,0x069d1525,false
25690254,0x7349512eae75a04805c12ba1ac531a1410042b66a2a57cf328ac69321f64bdef,0xae2fc483527b8ef99eb5d9b44875f005ba1fae13,0x1f2f10d1c40777ae1da742455c65828ff36df387,2026-08-06T01:36:21,large_erc20_asset_flow;complex_trace;high_gas_used_context;token_activity_burst;approval_burst,0x2b8e2c22,true
25690254,0x826010f14e1b064d40e220ef228efdfa577a896f2f3d37bd545d33e05dc8d32e,0x6f22ad44339925ee77ea0cf7c7a87ad6dfe98fbb,0xb300000b72deaeb607a12d5f54773d1c19c7028d,2026-08-06T01:36:21,large_erc20_profit_to_sender;large_erc20_asset_flow;complex_trace;high_gas_used_context;token_activity_burst,0x810c705b,true
25690254,0xe36647c45c15a58d567fd53d5c1d694dfd6c861af9dfd944b6fe34bc059cf1c5,0x9cae00a0f160f0e555db1c2aa5ed06034e45f9a5,0xdbd24b092f686b12650ec1450e3a7138f714506c,2026-08-06T01:36:21,privileged_execution_context;complex_trace,0xde792d5f,false
25690255,0x208266eb26ca549de87c137dba7fc53bfe746965d26d4fcf74439cb409c1c49d,0x03d66f95d2dd7092f7ce20b89ec2708f3e1e63d4,0xd90e2f925da726b50c4ed8d0fb90ad053324f31b,2026-08-06T01:36:25,dense_internal_fund_flow,0x13d98d13,true
25690255,0x31b8649cfbb2f3be3dc803a529ac6287ba5e6cfc78d7460e7cb2650dc5d96443,0x9db750c491d54c5c80b2f40c14132a697000ec20,0xd90e2f925da726b50c4ed8d0fb90ad053324f31b,2026-08-06T01:36:25,dense_internal_fund_flow,0x13d98d13,true
25690255,0x320e0f3846eaea9334bc1e8670b69ffd5271c3b6e983719bc51966400dcb107f,0xf54d0a8de71eb8108dd9f0d2ea8607c3ff1b81ca,0xd90e2f925da726b50c4ed8d0fb90ad053324f31b,2026-08-06T01:36:25,dense_internal_fund_flow,0x13d98d13,true
25690255,0x6437884317c1ca67dc6193d75b4f1419f4c600926e142551dfcffd8357355ea9,0xd3ff34fbe635e294eb29810a9edbef0bbae52a63,0xa5d87aab3b1818ba74875db0e69ae91588de004f,2026-08-06T01:36:25,large_erc20_asset_flow;complex_trace,0x61461954,true
25690255,0xb7e37ec749b8ee3ff333813c4d4a4346e86e1977a161e99396eb793cb783d980,0xb297dd463e03dbb4c2497b458973d3cf711763c2,0xd90e2f925da726b50c4ed8d0fb90ad053324f31b,2026-08-06T01:36:25,dense_internal_fund_flow,0x13d98d13,true
25690255,0xd524a99171a3b300e8f0b6a40071608e66662fbbd2c16cb8a4c537cfcf59f772,0x03d66f95d2dd7092f7ce20b89ec2708f3e1e63d4,0xd90e2f925da726b50c4ed8d0fb90ad053324f31b,2026-08-06T01:36:25,dense_internal_fund_flow,0x13d98d13,true
25690255,0xd756d98319efa203d78e1b5c67e2f1e956c5e684f9f26290375f938fadef4083,0xf54d0a8de71eb8108dd9f0d2ea8607c3ff1b81ca,0xd90e2f925da726b50c4ed8d0fb90ad053324f31b,2026-08-06T01:36:25,dense_internal_fund_flow,0x13d98d13,true
25690255,0x1a29ec18584d903e6bdef59413508ad77db8064fdd48c0b99297a1bbe9211201,0xada5bb90d0de0bd1b6f3938708f49295a8d1f7cb,0xccc88a9d1b4ed6b0eaba998850414b24f1c315be,2026-08-06T01:36:26,dense_internal_fund_flow;complex_trace,0x0a2b8f36,true
25690255,0x8686b78ab865a6dd0a5fe8eedb6e3e42d47937032b4dcf3420d98047d8990924,0xac8c841635aae0337559ee17afd754d0da87d75e,0x33024d4791413438aa1de6a8b6cb7cceb25459b1,2026-08-06T01:36:26,large_mint_to_sender;complex_trace,0x6e553f65,true
25690255,0xc55a5d53f48f301e0b0061197fd4a1966b974c8c329327a6035795fcd322b0a5,0x03d66f95d2dd7092f7ce20b89ec2708f3e1e63d4,0xd90e2f925da726b50c4ed8d0fb90ad053324f31b,2026-08-06T01:36:26,dense_internal_fund_flow,0x13d98d13,true
25690256,0x6c23a7216c82c50f67d1c7feca8a146b089c6ff9132cd67bc88804fe8c823631,0x80d04079ffc53eb14edbeeb37279d126f45552df,0x527e81cfe36ea1cbb1bb67da21ad669acef163bf,2026-08-06T01:36:33,repeated_internal_token_drain;dense_internal_fund_flow;very_complex_trace;high_gas_used_context;token_activity_burst;repeated_risky_internal_calls,0x8aaa8f3b,true
25690256,0x7918beebc14df3f689b38f5b32c121e56d62c3b138ca864a6a6f4a5ff850fa0d,0x59aab1bd0d26290274398c07b55955c15425e16b,0x00fe78205f5f0e63b8ad2b2ae5337f538a610e04,2026-08-06T01:36:33,complex_trace;high_gas_used_context,0x34fcd5be,false
25690256,0x821726e31f2f7b4013a0282186264b27b2e98b28d9cc80dfb76a0d0b1ae0cb10,0x59aab1bd0d26290274398c07b55955c15425e16b,0x00fe78205f5f0e63b8ad2b2ae5337f538a610e04,2026-08-06T01:36:33,complex_trace;high_gas_used_context,0x34fcd5be,false
25690257,0x21116448b0adf29e3e988e0524902dbb0d0f2fa3de385205fae4bd5e26d214c0,0x7830c87c02e56aff27fa8ab1241711331fa86f43,0xa9d1e08c7793af67e9d92fe308d5697fb81d3e43,2026-08-06T01:36:37,large_erc20_asset_flow,0xca350aa6,true
25690257,0x516835bfa6892ce1bd1a7dba7ff73a3b8f94b7ac743d68c2485cb28103eba19d,0x36bd6221c2016371c3af00071726578b91acb007,0x0c2705cf48e49cc896252dd16dc8c5d31df753b2,2026-08-06T01:36:39,privileged_execution_context;high_gas_used_context,0x8e29b73d,false
25690258,0x2b37d73f638afb1a19071907c950ff6c3763ecbb452fd52a1a5eb0c7dd1ef390,0x64ddc0430eec16dbf928e985177b5a93f4cb3d27,0xdeadc0de0000e54725ad1bf220324717043e02bf,2026-08-06T01:36:49,large_erc20_asset_flow;complex_trace,0x2f09b372,true
25690258,0x32279d4b08f9b0d5d7d0bfc19e08585d19eeb8330d2aea890885f3a61d019609,0xe487832018fbd594c84f1db3dfac61cde98a5f36,0x91ff8bbd8ebb07893010d50a48a1609e5ebd8e34,2026-08-06T01:36:52,complex_trace;high_gas_used_context,0x069d1525,false
25690258,0x389a68a309824cab59818438a33c6b7fd47495ee3f4c03443df04a86688741fb,0x5d2ddd8f998f95eaa77742907744149a7b16f9a7,0x4e8a4894275780f571aad53122e641d9f50ff04f,2026-08-06T01:36:52,large_erc20_asset_flow;complex_trace,0x6a761202,true
25690258,0x68f6892de9ff3d957fc7f265dda4de51b041b6f81fa73b455164555e4a85ac7b,0x3f4e1a3f21a90af960acc652e9bf8dd7a21f3964,0x5ff137d4b0fdcd49dca30c7cf57e578a026d2789,2026-08-06T01:36:52,large_erc20_asset_flow,0x1fad948c,true
25690258,0xb02b9dc05f12172dff1e5444846639034051af3661d81d5ae9e09af74c0eb340,0x66dd7b6e57dbe92823c033eb68cb746a00e4de2b,0x28b1dc1a5e3699a428bc51d234dfab7c9cb2a183,2026-08-06T01:36:52,large_erc20_asset_flow;complex_trace,0xf2c42696,true
25690258,0xb5b47d242ed164dc9d1980b7d53f0fbf502b45874b6555758463b2a03188a7ac,0x7b49bc3ebbdf7322f31c6449320382bbec3be1b6,0xad3b67bca8935cb510c8d18bd45f0b94f54a968f,2026-08-06T01:36:52,complex_trace;high_gas_used_context;token_activity_burst;approval_burst,0x146ee74d,false
25690259,0x50e172ea2fb82ff02410cd57f6254a49a8749af0e8be77aefcc4ce465925f360,0x1b878f3af0a7420ef87899696caad92e63e5c4ae,0xa0f1c3ad83e07d97b5e7030e177718be175275ea,2026-08-06T01:36:59,large_erc20_asset_flow;complex_trace,0x12aa3caf,true
25690259,0x8281928bf0d0404a3d040c98f98ba5eca4c4b8dce17f009f0df2531f6ca020e0,0xd99ac0681b904991169a4f398b9043781adbe0c3,0x5523985926aa12ba58dc5ad00ddca99678d7227e,2026-08-06T01:36:59,large_erc20_asset_flow;complex_trace,0x84d61c97,true
25690259,0x36fbbc83d5bb4333640afec6464dac41fac5557ef19846701d8a505f0fceb68d,0xe20446cccbfd5f9038e747f1dea8016ecbd94ae5,0x442be06bb5d13711a22ccd3fa382b72a874c5135,2026-08-06T01:37:00,privileged_execution_context;complex_trace;high_gas_used_context,0xf7b5c341,false
25690259,0x4c72f16ebae5b807737dd350cda7c5004984db05a757f79d5cb23810cd645c5d,0xf70da97812cb96acdf810712aa562db8dfa3dbef,0xb92fe925dc43a0ecde6c8b1a2709c170ec4fff4f,2026-08-06T01:37:01,dense_internal_fund_flow,0xcd6e13f7,true
25690259,0x74145095ebca16fcab8b9f5054f4494ad9eb29f1269f8bb9e9c526ef8094e886,0xe487832018fbd594c84f1db3dfac61cde98a5f36,0x91ff8bbd8ebb07893010d50a48a1609e5ebd8e34,2026-08-06T01:37:01,complex_trace;high_gas_used_context,0x069d1525,false
25690259,0x765bb43a00de98875f176a4675aafe2f807ba7b28228fc945520abf634543a38,0x9cae00a0f160f0e555db1c2aa5ed06034e45f9a5,0xdbd24b092f686b12650ec1450e3a7138f714506c,2026-08-06T01:37:32,privileged_execution_context;complex_trace,0xde792d5f,false
25690259,0xc9a44ef0372431942afff3efc80ae91d0debaf2bc9e872f788dc5b0e3751b5d4,0x944f8646918b17011a91257a9ff3da31b845ffad,0xf4e147db314947fc1275a8cbb6cde48c510cd8cf,2026-08-06T01:37:32,privileged_execution_context,0x760d0f9d,false
25690259,0xe09c064e3ca8f271b5d0b9e55f56bdcfbbdedff4c30ca5c191f8952be0df6483,0x3cfdc212769c890907bce93d3d8c2c53de6a7a89,0x0000000071727de22e5e9d8baf0edac6f37da032,2026-08-06T01:37:32,privileged_execution_context;complex_trace,0x765e827f,false
25690260,0x54ef5c817642c92dc3ed625b1445ada9958e54b0c4be83eb89f8f8e74d2df26f,0x497a16b962a7f4dfac5d5049a7abbcc878e4a6fe,0xd90e2f925da726b50c4ed8d0fb90ad053324f31b,2026-08-06T01:37:40,dense_internal_fund_flow,0xb438689f,true
25690260,0x27cbf2e5470a3049fe729ea5ac84a107e31721aae085df470b313f99ae8c122f,0xe487832018fbd594c84f1db3dfac61cde98a5f36,0x91ff8bbd8ebb07893010d50a48a1609e5ebd8e34,2026-08-06T01:37:41,complex_trace;high_gas_used_context,0x069d1525,false
25690260,0x63647c20592d6fa02df46b98110843e40565e3dc6fa6b7e3bc576aba8bd36778,0x2b3fed49557bd88f78b898684f82fbb355305dbb,0x09c30cdcdd971423cb3ba757a47d56c35d06d818,2026-08-06T01:37:41,dense_internal_fund_flow,0x318adb8b,true
25690260,0x67e34c5c87c0b01bc6ed5e1bce60d070f13b4841867fba3117478420d46f680c,0x0b12c2964e559ffd140c0dabd6fdf2722426dc81,0x0000000000000068f116a894984e2db1123eb395,2026-08-06T01:37:41,complex_trace;high_gas_used_context,0x87201b41,false
25690260,0xe278faafb4b2b440973ae2126d89aa194621fb38050f427073aea877992aca8d,0x779c8e07b291aa1407858e5bd77083bad7cfe23a,0xf4e147db314947fc1275a8cbb6cde48c510cd8cf,2026-08-06T01:37:41,privileged_execution_context,0x760d0f9d,false
25690260,0xd51000236322289915c7208c5f8abf31727a7c4241e4586d764b24e381de17c5,0x9cae00a0f160f0e555db1c2aa5ed06034e45f9a5,0xdbd24b092f686b12650ec1450e3a7138f714506c,2026-08-06T01:37:42,privileged_execution_context;complex_trace,0xde792d5f,false
25690261,0x409c77e5ee6d60852e5eadfd07a983828b4902e47225b1333abfb391d987c3c7,0xd04adf49c197e9308f3c9ff265ffd82ed90a1141,0x881d40237659c251811cec9c364ef91dc08d300c,2026-08-06T01:37:46,dense_internal_fund_flow;complex_trace;high_gas_used_context;token_activity_burst,0x5f575529,true
25690261,0x844727ae70323fa012e7a65d84c9322873813f37e697238d3fc18d0364461233,0x32fc6486139fa5f46250e3d1831c0f9b1ea1fb5b,0xb300000b72deaeb607a12d5f54773d1c19c7028d,2026-08-06T01:37:46,large_erc20_asset_flow;complex_trace,0x810c705b,true
25690261,0x66bbfc7ab97d85e939297d6995d7d16d0a7d37da92e3b4b08c189af4bf13e622,0xb32b84494df2b99cae50683a4273cce4a21429bf,0x6566194141eefa99af43bb5aa71460ca2dc90245,2026-08-06T01:37:48,large_erc20_asset_flow;complex_trace,0x374f435d,true
25690261,0x6e4756ed72c44c8b45b937f7a25d852a39d34c73521aa04651df20c058f960a6,0x9cae00a0f160f0e555db1c2aa5ed06034e45f9a5,0xdbd24b092f686b12650ec1450e3a7138f714506c,2026-08-06T01:37:48,privileged_execution_context;complex_trace,0xde792d5f,false
25690261,0x701fe15a8bbab0a25cdc4dd51a88636ec2c73157995190c053764419e24be3dc,0x40a2c443f415f1323a03ac9684ebe7d7845b4b2e,0x0000000000000068f116a894984e2db1123eb395,2026-08-06T01:37:48,dense_internal_fund_flow;complex_trace,0x87201b41,true
25690261,0x723fac594e66b231e071efbd76c89ce51c6d26280cc9e5b84dd7b47e2c969000,0xbe3780013a58020ea3f549d39adce64400d46f9d,0x1231deb6f5749ef6ce6943a275a1d3e7486f4eae,2026-08-06T01:37:48,dense_internal_fund_flow;complex_trace,0x1794958f,true
25690261,0xa9414c596f63ff6bf97111249de04f2e24bf337daf5145d8556411c7b8c10be1,0x94c9ccd55f509e4f212c3204cab8aeddea1da9c2,0x337685fdab40d39bd02028545a4ffa7d287cc3e2,2026-08-06T01:37:48,complex_trace;high_gas_used_context;token_activity_burst,0x30dedc57,false
25690261,0xf04119a2df6786e521db04c14b892fe3b92ab1ed833692c601c361e9f4ffebb5,0xe487832018fbd594c84f1db3dfac61cde98a5f36,0x91ff8bbd8ebb07893010d50a48a1609e5ebd8e34,2026-08-06T01:37:48,complex_trace;high_gas_used_context,0x069d1525,false
25690262,0x2f3489f9cd333fafd43b13bba693806720bf7a3b6eacf4c8b5b45abbfead6acc,0xe99bd1c2dd70cd58e5efd47887991700e7318ce2,0xad3b67bca8935cb510c8d18bd45f0b94f54a968f,2026-08-06T01:37:54,complex_trace;high_gas_used_context;token_activity_burst;approval_burst,0x146ee74d,false
25690262,0x9f5e9e9643d16774f977036a09abe4d4117e9b8bb32384f0ebf23f78c2bdd887,0xe487832018fbd594c84f1db3dfac61cde98a5f36,0x91ff8bbd8ebb07893010d50a48a1609e5ebd8e34,2026-08-06T01:37:54,complex_trace;high_gas_used_context,0x069d1525,false
25690262,0x30560be1b3d22f6ac722c3a60519ca3dba13200fa3e56fa6dc64938624c2f9b7,0x1584a8ee67789d1fe161065388657ad2f2a3c7dd,0x77eb52e44db06777bce478159f25c0d55a295314,2026-08-06T01:37:55,repeated_internal_token_drain;dense_internal_fund_flow;very_complex_trace;high_gas_used_context;token_activity_burst;repeated_risky_internal_calls,0xa9059cbb,true
25690262,0x738856b7028bc7092cfa01ae0f60bf94892c191330c705076a2d2c2ccb169a33,0xdda3b51e29f9d6fad865c5dd7070d5f7eb57663e,0x8d8210a0252a706cb5de0c6f8e46b6d3692afc19,2026-08-06T01:37:55,complex_trace;high_gas_used_context,0xffc3a769,false
25690262,0x46af802e733c2a7ee4a7ea929c0eeb42ab0d69bfac7b374244e90cca69f8b96c,0x36cfb70a36d008908cd5af5a94ea282872abae88,0xf4e147db314947fc1275a8cbb6cde48c510cd8cf,2026-08-06T01:37:56,privileged_execution_context,0x760d0f9d,false
25690262,0x54469c686b0f556fa8b0cc9cf8402acc8049c98ecd639a7f6b80a465f143a64a,0x9cae00a0f160f0e555db1c2aa5ed06034e45f9a5,0xdbd24b092f686b12650ec1450e3a7138f714506c,2026-08-06T01:37:56,privileged_execution_context;complex_trace,0xde792d5f,false
25690262,0x8c28c4aad8ddad52df2472989e7706d9194c9e985786e116f31b2dd5f326f047,0x82ab9b3eea855edebcae33b20fac3cc6800f3597,0xf4e147db314947fc1275a8cbb6cde48c510cd8cf,2026-08-06T01:37:56,privileged_execution_context,0x760d0f9d,false
25690262,0xef22c46c2ed085f3f912c6dc7fdf488626e7b1fd08092e2cc2d6da1f6a8ebb23,0x09cfee647fa339133380191c8db6b44f24500c9d,0x77b85afbcd336993ac1c65057531c5a5b33b76b8,2026-08-06T01:37:56,high_gas_used_context;token_activity_burst,0xa9059cbb,false
25690263,0xbce64a7dbce4a7316c9a63f21c04147b9d22cd535ebc0be08b938acb1221635d,0x56c262027e0de4aea31d2489529cb25d23e58a8b,0xccc88a9d1b4ed6b0eaba998850414b24f1c315be,2026-08-06T01:38:08,dense_internal_fund_flow;complex_trace,0x0a2b8f36,true
25690263,0xc2a7313573e4db391a34f4dcbb1a7458f8515ded7f2d3a919119fecbd7b7bb18,0xe487832018fbd594c84f1db3dfac61cde98a5f36,0x91ff8bbd8ebb07893010d50a48a1609e5ebd8e34,2026-08-06T01:38:08,complex_trace;high_gas_used_context,0x069d1525,false
25690263,0x799b99f9a8d73ab254d65c4a5e6083af68ef3243947ca0247b3eb7dfd19df8da,0xa70fa50332f02c38f34d1a4d79ea75b078df1486,0x6a000f20005980200259b80c5102003040001068,2026-08-06T01:38:09,dense_internal_fund_flow;complex_trace,0x0d893d62,true
25690263,0xd40593cce964bcbe146f52ab562f9284d5c8074ad577aa9385d6e5768c2a6565,0x7a757c964343e364fba3204aebcf66c857ecb9d0,0x6566194141eefa99af43bb5aa71460ca2dc90245,2026-08-06T01:38:09,large_erc20_asset_flow;complex_trace,0x374f435d,true
25690263,0x0c053c6f9138fe8572de98c42cf8473b1a56b5f5f80477aecb900c7891c8284e,0xca188e6eedb2027e93900fb783de6981651764a0,0xf4e147db314947fc1275a8cbb6cde48c510cd8cf,2026-08-06T01:38:10,privileged_execution_context,0x760d0f9d,false
25690263,0x1d3dc79209b51c99e7f0da0ba3188c107befcf2e67c1c36646437fa6fda7f722,0xdda3b51e29f9d6fad865c5dd7070d5f7eb57663e,0x8d8210a0252a706cb5de0c6f8e46b6d3692afc19,2026-08-06T01:38:10,complex_trace;high_gas_used_context,0xffc3a769,false
25690263,0x9c24b94137d41907eb7982fe29ae0372dcec3d96085671cabc3cae4da9efa6d1,0x9cae00a0f160f0e555db1c2aa5ed06034e45f9a5,0xdbd24b092f686b12650ec1450e3a7138f714506c,2026-08-06T01:38:10,privileged_execution_context;complex_trace,0xde792d5f,false
25690264,0x5b416f4e698ff4b978440b720dacd0a2ee9ea6741a717088a45c049a6ddac7af,0xf54d0a8de71eb8108dd9f0d2ea8607c3ff1b81ca,0xd90e2f925da726b50c4ed8d0fb90ad053324f31b,2026-08-06T01:38:21,dense_internal_fund_flow,0x13d98d13,true
25690264,0x6ebe6098845b878d311fc3df38ec3c473b7583c2b348b3ff86df01aef8e56f4e,0xa67d7eb4dc68fa6ce8e34ef8cadaf075b9893fbb,0xccc88a9d1b4ed6b0eaba998850414b24f1c315be,2026-08-06T01:38:21,dense_internal_fund_flow;complex_trace,0x0a2b8f36,true
25690264,0x075f6c3f67def000d2ffcc779c85f1f300685c74ab2d44a873587a734577fd13,0x70e59f9c304e4d5096bd408b571e2dcd99c3120b,0xad3b67bca8935cb510c8d18bd45f0b94f54a968f,2026-08-06T01:38:22,complex_trace;high_gas_used_context;token_activity_burst;approval_burst,0x146ee74d,false
25690264,0x264798e042309def31e8e6689a97e402af7499a49e229ae0e6d8c7bec6409946,0xe487832018fbd594c84f1db3dfac61cde98a5f36,0x91ff8bbd8ebb07893010d50a48a1609e5ebd8e34,2026-08-06T01:38:22,complex_trace;high_gas_used_context,0x069d1525,false
25690264,0x6b330b29ef2d7edb357fe6b475ffd7fad666b312d3d3c7a4fbefd968e371ad9c,0xdda3b51e29f9d6fad865c5dd7070d5f7eb57663e,0x8d8210a0252a706cb5de0c6f8e46b6d3692afc19,2026-08-06T01:38:22,complex_trace;high_gas_used_context,0xffc3a769,false
25690265,0x5658ab8da0038e69b6786ef5c40ea8ccaa7612322aed48885f4f87cb4900bc93,0x56c262027e0de4aea31d2489529cb25d23e58a8b,0xccc88a9d1b4ed6b0eaba998850414b24f1c315be,2026-08-06T01:38:29,dense_internal_fund_flow;complex_trace;high_gas_used_context;token_activity_burst,0x0a2b8f36,true
25690265,0x62038d16ce3600f82f01ab33749e5b59cd7cf8736c40337ba8f7d34d3ac1df47,0xdda3b51e29f9d6fad865c5dd7070d5f7eb57663e,0x8d8210a0252a706cb5de0c6f8e46b6d3692afc19,2026-08-06T01:38:29,complex_trace;high_gas_used_context,0xffc3a769,false
25690265,0x69230765bd8e8b3ce2255480802290fe98ec55ba1b17206f29dfbfb55ffe20ec,0x654fae4aa229d104cabead47e56703f58b174be4,0x000000000035b5e5ad9019092c665357240f594e,2026-08-06T01:38:29,large_erc20_asset_flow;complex_trace,0x00000004,true
25690265,0x7d84eef924f28b6917e4c157f33930915659c1467db42da281b3b2c0e03be32f,0x9db750c491d54c5c80b2f40c14132a697000ec20,0xd90e2f925da726b50c4ed8d0fb90ad053324f31b,2026-08-06T01:38:29,dense_internal_fund_flow,0x13d98d13,true
25690265,0x7da0151d3b314fbd940587802557e9c033a4f4cb032ca4b4c8bc6199b5efbbe0,0x654fae4aa229d104cabead47e56703f58b174be4,0x000000000035b5e5ad9019092c665357240f594e,2026-08-06T01:38:29,large_erc20_asset_flow;complex_trace,0x00000004,true
25690265,0x49c7a5c749d0e8be3ab3fb241016ab6cbcc321c7d65e50eef899aec1aa394309,0x1584a8ee67789d1fe161065388657ad2f2a3c7dd,0x77eb52e44db06777bce478159f25c0d55a295314,2026-08-06T01:38:31,repeated_internal_token_drain;dense_internal_fund_flow;complex_trace;high_gas_used_context;token_activity_burst;repeated_risky_internal_calls,0xa9059cbb,true
25690265,0xe4ec6fa35c041a3042457a778eb7693592371c5a13d8d09212f3245932ab3cde,0x80d04079ffc53eb14edbeeb37279d126f45552df,0x527e81cfe36ea1cbb1bb67da21ad669acef163bf,2026-08-06T01:38:31,repeated_internal_token_drain;dense_internal_fund_flow;complex_trace;high_gas_used_context;token_activity_burst;repeated_risky_internal_calls,0x8aaa8f3b,true
25690266,0xc946f90824e58ebc49e1f5af01cbbf0a6c7bb2cc56e6305019ca5b26a3eccf5a,0x595caa1ce7d8cb5df54c017d07d86ed0e24a3b2c,0x18428a1ee4dc771f40b68d4f496b9dc653351a13,2026-08-06T01:38:37,large_erc20_asset_flow,0xbc73ddf0,true
25690266,0xe0a560f166e8c95eb67067b6522a373d8f26e2029e1f64a6756a9ee995f4d494,0x7b49bc3ebbdf7322f31c6449320382bbec3be1b6,0xad3b67bca8935cb510c8d18bd45f0b94f54a968f,2026-08-06T01:38:37,complex_trace;high_gas_used_context;token_activity_burst;approval_burst,0x146ee74d,false
25690266,0xfc903bf2f3eecd0fe93ff912fef796e727a620396b180ca6a503511ae44582a9,0x595caa1ce7d8cb5df54c017d07d86ed0e24a3b2c,0x18428a1ee4dc771f40b68d4f496b9dc653351a13,2026-08-06T01:38:37,large_erc20_asset_flow,0xbc73ddf0,true
25690266,0x99357a127b1d186b734b635c4f47f2927548848b4b77a07ee3850b2c1c1b9ea5,0xdda3b51e29f9d6fad865c5dd7070d5f7eb57663e,0x8d8210a0252a706cb5de0c6f8e46b6d3692afc19,2026-08-06T01:38:38,complex_trace;high_gas_used_context,0xffc3a769,false
25690266,0xada49e3a0148817c205d4590ec837f13bb6b63632c9156fb47b598fc0fecfa7b,0x4d87c67d47f59b35a2ee0c31c915000d59296257,0x7a250d5630b4cf539739df2c5dacb4c659f2488d,2026-08-06T01:38:38,dense_internal_fund_flow,0xaf2979eb,true
25690266,0xda862ee26ee0ae2312d44c46f528cc6514e9f819f0d19cd33ab97489e361facc,0xc8634c0eb88ec5ca424a1cd8b044a3310337040a,0x6131b5fae19ea4f9d964eac0408e4408b66337b5,2026-08-06T01:38:38,large_erc20_asset_flow;complex_trace,0xe21fd0e9,true
25690267,0x3611d6d754a550b00a33a794c4e1196f11f257bc23155d2da6dec506f9cf94d4,0xb23360ccdd9ed1b15d45e5d3824bb409c8d7c460,0x09c30cdcdd971423cb3ba757a47d56c35d06d818,2026-08-06T01:38:50,large_erc20_asset_flow,0x4c9591ef,true
25690267,0x3bcaa1bfc599e8436f982cc6df93e9ac92621ddd007bba158ea13e22f5d7d394,0x3431172c887cf150d9fdaba9876273d9db566367,0x64f5aad0e38e2ff9f50f2e51e813e49c05aca41a,2026-08-06T01:38:51,repeated_internal_token_drain;dense_internal_fund_flow;complex_trace;high_gas_used_context;token_activity_burst;repeated_risky_internal_calls,0xa9059cbb,true
25690267,0x6a87cac74d2db4c4366064db13248039297d5f5962837df5a5b8760e77f3e331,0xc7fe45977df16d39603814745e74e60674a49537,0x28b1dc1a5e3699a428bc51d234dfab7c9cb2a183,2026-08-06T01:38:53,complex_trace;high_gas_used_context,0xf2c42696,true
25690267,0xda0823622e8c5bb909eba041518ba0825910e556963f8c56eea3fe40c42b9704,0x4337001fff419768e088ce247456c1b892888084,0x0000000071727de22e5e9d8baf0edac6f37da032,2026-08-06T01:38:53,privileged_execution_context;complex_trace,0x765e827f,false
25690267,0x457d339242a6f034fedcb5174266f40ed8afeef5a1df0cf153c388a1462a1966,0x6c2693f5a936f37ed03cfa8465bf2d8beff19a0f,0x3f04b65ddbd87f9ce0a2e7eb24d80e7fb87625b5,2026-08-06T01:38:55,complex_trace;high_gas_used_context,0xc2a672e0,true
25690267,0xd84b1cfae4e26a265f9c11a37409bd37fcb5ee56c56db6090b84b7163bde28c8,0xc0ffeebabe5d496b2dde509f9fa189c25cf29671,0xe08d97e151473a848c3d9ca3f323cb720472d015,2026-08-06T01:38:55,complex_trace;token_activity_burst,0x1d23a9c4,false
25690268,0x273843f340484e56acbb90ab5a18758bb5cc6f18f766f9683c8d371414d3f3f6,0xda87a28fcd476d42385b07dfc1d4da7af2aa1775,0x4337084d9e255ff0702461cf8895ce9e3b5ff108,2026-08-06T01:38:59,large_erc20_asset_flow,0x765e827f,true
25690268,0x3a8cb5e643e1c84bb3603120fae1074eefbffe2862af861e28f39528a36da36b,0xdda3b51e29f9d6fad865c5dd7070d5f7eb57663e,0x8d8210a0252a706cb5de0c6f8e46b6d3692afc19,2026-08-06T01:38:59,complex_trace;high_gas_used_context,0xffc3a769,false
25690268,0x5d2d558708a1b6f8774b3b895b5abbe4fa0fb28d164f5befc8d068bfdf7b8f09,0xcea0ba6513977efaeb339752c5541372964f5d83,0x5c3593481cba011737e36ded62f1797c9f6afce1,2026-08-06T01:38:59,large_erc20_asset_flow;complex_trace;high_gas_used_context;token_activity_burst,0x1cff79cd,true
25690269,0x0ad0ba9c278f62dd7ddf9974ef1aa876923c31a95a9364ac65afefa83ddf1e1f,0x5b43453fce04b92e190f391a83136bfbecedefd1,0xbdb3ba9ffe392549e1f8658dd2630c141fdf47b6,2026-08-06T01:39:04,repeated_internal_token_drain;dense_internal_fund_flow;complex_trace;high_gas_used_context;token_activity_burst;repeated_risky_internal_calls,0x000000c3,true
25690269,0x2d272a752ff6a6266414c2cf0a9f917a8e6ecd4cabc632eb642190a3c91afa38,0x5b43453fce04b92e190f391a83136bfbecedefd1,0xbdb3ba9ffe392549e1f8658dd2630c141fdf47b6,2026-08-06T01:39:04,dense_internal_fund_flow;large_erc20_asset_flow;complex_trace,0x000000cc,true
25690269,0x9f6c2c4d8d14fbd58be65938754a7f59d1e51921a6e498d225cf1951a1bf7efd,0x5b43453fce04b92e190f391a83136bfbecedefd1,0xbdb3ba9ffe392549e1f8658dd2630c141fdf47b6,2026-08-06T01:39:04,repeated_internal_token_drain;dense_internal_fund_flow;very_complex_trace;high_gas_used_context;token_activity_burst;approval_burst;repeated_risky_internal_calls,0x000000c3,true
25690269,0x79eb4bbdc322df17d1e7a431438f414dff0b9b5718fcec86c6c8b28ddf393364,0xb85ddbf4ad35abb714a46a0f9efe658bec457693,0x459d87d54808fac136ddcf439fcc1d8a238311c7,2026-08-06T01:39:05,very_complex_trace;high_gas_used_context,0x5eac6239,true
25690269,0xda34b382cfc0885ca611a20e56b5b7286e3b5544035fbc027f7d1372d591edbc,0xdda3b51e29f9d6fad865c5dd7070d5f7eb57663e,0x8d8210a0252a706cb5de0c6f8e46b6d3692afc19,2026-08-06T01:39:05,complex_trace;high_gas_used_context,0xffc3a769,false
25690269,0xfca3a3e6d26532eb15a6bc0a3acfb589e228cc99b00f623186994328aaae4ea6,0x59141edd718e1061d54c1b7e914c0e8e1170318a,0xbf0f4fe601e099994728be3796a948d928df578b,2026-08-06T01:39:05,dense_internal_fund_flow;complex_trace;high_gas_used_context;token_activity_burst,0x601881f3,true
25690269,0x3ea18185960c408869d383b1b533ea563f6b1b042c749c3e09080ee90840fdf9,0xc2e16e407f0fccdd5946c241521e98c62c3bd725,0x6b259c06a63674a72de1359cb9540b38bbaf881f,2026-08-06T01:39:07,dense_internal_fund_flow;complex_trace;high_gas_used_context;token_activity_burst;approval_burst,0x601881f3,true
25690269,0x3f0ce0fe8f96335be67dfb5399078bd81b14e84b3b94ee743d4c45411b649a88,0x668001289b9da5a23840a6d4fa195d977f23bb3b,0x0000000071727de22e5e9d8baf0edac6f37da032,2026-08-06T01:39:07,complex_trace;high_gas_used_context;token_activity_burst,0x765e827f,false
25690269,0x69215e4191650206e3ee2f675602038869fcc12648b06770d11a7c065e9962d5,0x9ff7aace86894b2144e94a73daa8fd053f7e3da5,0xefe510c45037566171d6d80ca0a986e94e73c86a,2026-08-06T01:39:07,large_erc20_asset_flow;complex_trace;high_gas_used_context;token_activity_burst,0x601881f3,true
25690269,0x7d3186ad4a980e219ab8111c447c5a2ea3816c5d8c447219c88741c879f82de4,0xcd77f4e7621be8fd6e6c9dc37b3924f5844f1b4b,0x2204973719eeccf51a9378da6eb622bdceabc9c5,2026-08-06T01:39:07,large_erc20_asset_flow;complex_trace;high_gas_used_context;token_activity_burst,0x601881f3,true
25690269,0xe773521ffd53b058a63f5a75c46f1483d71e37f86ead048db21eb6e6857fd801,0xcb515ce5c1f0dee2ee4fcf484336b48b96a0b415,0xd96ad61aa7d509a5dc4f26e44e9120fdaa3f322e,2026-08-06T01:39:07,complex_trace;high_gas_used_context,0x45173057,false
25690269,0xe7a47e5e7489e3292f02694274b54b8c7ab38ce4ea47152c607d240af2b68693,0x4f3ddee53824aa9df7484a3b066c6aa190916153,0xe3433779a17531e2e5081fe0b75b41f9059e1eac,2026-08-06T01:39:07,dense_internal_fund_flow;complex_trace;high_gas_used_context;token_activity_burst,0x601881f3,true
25690270,0x1f8b93087380ff612031e2e7aaa75c9424ea1d379f35204d6eb88221da856ae6,0x65b693a444c2e9b92f4936ad93e2c1870c7ed282,0xce8b69d410e3241280ea8d0b1f71ba6840c4528b,2026-08-06T01:39:09,large_erc20_asset_flow;complex_trace;high_gas_used_context,0xce5937d7,true
25690270,0x31060f9113b31ee13f9ebdd43d85c345d4a9d11ef0a89565f2afeb077e7c0775,0xbb2922dfd09fb1d35a39a389263f7694a07865ff,0x4f8fa73d0a0e2b9b34a1b98839b7dd625b06263f,2026-08-06T01:39:09,dense_internal_fund_flow;complex_trace;high_gas_used_context;token_activity_burst,0x601881f3,true
25690270,0x395ec875739ae64b5eab7fbb85f584bdcc9fb70330a591162128071786ae0b6d,0x652a9ea4aa9d367495a5bb643c1b4805f5bfec34,0xc801ffc3f9f1b5a034a8a3697192f9ccc9fb853a,2026-08-06T01:39:09,dense_internal_fund_flow;complex_trace;high_gas_used_context;token_activity_burst;approval_burst,0x601881f3,true
25690270,0x73147c928ae2e4b4f024b0a76e1dcb5eb77a150afcb3bfb9ccbdd64c042575d7,0xbb1a1a2773a799d83078ae4d59d9f4b2b6ac50ff,0x9bac2bae9ed87a56c20fdad502b6f0fe1ed4591b,2026-08-06T01:39:09,large_erc20_asset_flow;complex_trace;high_gas_used_context,0x68283975,true
25690270,0xaf515f72f33df63c4ccc95850a018fdcdd53f74b17845e99efa67cf2981436ce,0x2ee36e41387f87b7e6f678a86d1e575b23b996f5,0x50d3865a63d52c0a54e4679949647ea752107390,2026-08-06T01:39:09,repeated_internal_token_drain;dense_internal_fund_flow;very_complex_trace;high_gas_used_context;token_activity_burst;repeated_risky_internal_calls,0x00000000,true
25690270,0xbe2860fde43851932c1ed05929c4f4cdcb3c185fb05897a84764adae668e8219,0x2d1caf6d813670de0d8712c3a8dde59931358c61,0x0a8accba63f42e743a31f33c44b87be0c83fe230,2026-08-06T01:39:09,dense_internal_fund_flow;complex_trace;high_gas_used_context,0x99000000,true
25690270,0xbf0cdaa631a439b8ca4a949dda134908397d76ad9379f6f41ac94c45e8b05ba8,0xbee234bba62bbea4358ee787a264105f1b07f543,0xbeef02961503351625926ea9a11ae13b29f5c555,2026-08-06T01:39:09,dense_internal_fund_flow;complex_trace,0x64f5e9e7,true
25690270,0x63fa772b8a6e5497ecac889af87a961715d85a97b3e9149cc4aa881c8c4f1118,0x942b41d990133d8d9989bf3bb2f89f9aa1d127fd,0x05898436b412f23d339df2f9fe5d34f12e394d92,2026-08-06T01:39:10,dense_internal_fund_flow;complex_trace;high_gas_used_context;token_activity_burst,0x9e79d47a,true
25690270,0xd1cb85b1389c3dd0ace092001ca69e0a0832a5744d912c478040a6693552e5e8,0xe99bd1c2dd70cd58e5efd47887991700e7318ce2,0xad3b67bca8935cb510c8d18bd45f0b94f54a968f,2026-08-06T01:39:10,complex_trace;high_gas_used_context;approval_burst,0x146ee74d,false
25690270,0xf2e641a0d97978a0c89e90aae6f1e10569d51cdccc37f304494eeaac020b3603,0xc6acbee42e9e323140c1ed060c2f6ea9cc3b4b75,0x7c5a71c9fefbc7691f9d4ac7baf70c743792f716,2026-08-06T01:39:11,selfdestruct_context,0xf3fef3a3,false
25690271,0x030c55268ebf1b66c9f103ebd68eb1d117edcb916cbba00cf5e9f2b6ce933249,0x9519aa9fca284c8fc051e97817a3a0d1936f25f5,0x4e59b44847b379578588920ca78fbf26c0b4956c,2026-08-06T01:39:18,privileged_execution_context;high_gas_used_context,0x00000000,false
25690271,0x0be5e703c7743622413cc06be2324be71d69edda1d1822acc6855d684da53154,0xbee2a0be64fbf551424c9a66f837a28aefc97014,0xbee3211ab312a8d065c4fef0247448e17a8da000,2026-08-06T01:39:18,large_erc20_asset_flow;complex_trace;high_gas_used_context;token_activity_burst,0x4cf3fe9c,true
25690271,0x22e5537a59d13a195159304255bc169426a456ff9cbf94c03cde6bc2dade43be,0x45025953f738aede23a6b12503372166bc45c8b2,0x3d90f66b534dd8482b181e24655a9e8265316be9,2026-08-06T01:39:18,dense_internal_fund_flow;complex_trace;high_gas_used_context;token_activity_burst,0x47ee97ff,true
25690271,0x639ea1b092e159c7956babc8748ec1334b289385c826194e7de1066818226f8e,0xae2fc483527b8ef99eb5d9b44875f005ba1fae13,0x1f2f10d1c40777ae1da742455c65828ff36df387,2026-08-06T01:39:18,complex_trace;high_gas_used_context;token_activity_burst;approval_burst,0x2b2f5db8,false
25690271,0x8593279f5349493469e4190c9c5aa42e39a366db4686224c71a3b5e3e42e1760,0xc7fe45977df16d39603814745e74e60674a49537,0x28b1dc1a5e3699a428bc51d234dfab7c9cb2a183,2026-08-06T01:39:18,dense_internal_fund_flow;complex_trace;high_gas_used_context,0xf2c42696,true
25690271,0xb2de3c957a5f25a579916ff1936f18bc3d4a62776c12b7181720b216b629e9e4,0x09df642e9001c2020bac1c9f5e0b15ff44b8e86b,0x950fd558f47e234a2fde23b7d61f7ccdbcb4a86f,2026-08-06T01:39:18,large_erc20_asset_flow;complex_trace,0xdd225095,true
25690271,0xbacde672702c799f63528bcefdaf35eb9f97b81296d0d35305284f4dfdbcb069,0x84e03f3b74b10c70db109cae6523c09a01552186,0x06cff7088619c7178f5e14f0b119458d08d2f5ef,2026-08-06T01:39:18,large_erc20_asset_flow;complex_trace,0x99999999,true
25690271,0xd57479a52dedb47ffb6ad702bfb039bb0ccccb724fbc26978ac59ad916c49fdf,0xdda3b51e29f9d6fad865c5dd7070d5f7eb57663e,0x8d8210a0252a706cb5de0c6f8e46b6d3692afc19,2026-08-06T01:39:18,complex_trace;high_gas_used_context,0xffc3a769,false
25690271,0xefa7945379026d4645111de3e7bd10fc5eee52929bffd82baaf5055fbb16ddb1,0x945f59693b50fa8e2b08e3d93c7c6084166f5db4,0x950fd558f47e234a2fde23b7d61f7ccdbcb4a86f,2026-08-06T01:39:18,large_erc20_asset_flow;complex_trace,0xdd225095,true
25690272,0x01949bb1061a0a9fa607e09b311ac3a83d047932efaa3840c1099c5f72c1354b,0xace0000086ad143e668a24741cd9407acdfc26f1,0xbe80844f0a2708b564a2708311165bb2a54cfa61,2026-08-06T01:39:26,dense_internal_fund_flow;complex_trace,0xd2fca68a,true
25690272,0x387d13660943d0d56bdf9641ac4a5d7fa84f8aa8b5091c3efa6c5fb1ac1da558,0x0c56adbd41f05970a54816b182ae4f61286eab5f,0x4ecef7bd1ed0c9f64a3a5c1a785a3bb39dc5df6a,2026-08-06T01:39:26,large_erc20_asset_flow;complex_trace,0x87e05e5a,true
25690272,0xa42bdcde93c2b206389bb0dc5fb78698559c42584693e24c9193bf8785d8dd53,0xf33cdbef0e61b0cd5f74a2ad2bfa297b4224a14a,0x339c0db4a0030c88b4a48aafe56cdba23c8d4338,2026-08-06T01:39:26,repeated_internal_token_drain;dense_internal_fund_flow;complex_trace;high_gas_used_context;token_activity_burst;repeated_risky_internal_calls,0x9f0f0981,true
25690272,0xc724c03807747dfb99c3634bd132440bda36221ac4360a8f6af9d6709a9a9c20,0x5934e06498db785ff26807161ce9d09063231321,0xbdb3ba9ffe392549e1f8658dd2630c141fdf47b6,2026-08-06T01:39:26,large_erc20_asset_flow,0x00000069,true
25690272,0xea2a1dc7115a7421a02a9a0bd836a2534e7581b766e26b07d624429e5f4933e2,0xace00000a77b2d4f503692f4c6c9e0b1d5469c42,0xbe80844f0a2708b564a2708311165bb2a54cfa61,2026-08-06T01:39:26,large_erc20_asset_flow;complex_trace,0xd2fca68a,true
25690272,0x15aee1f4edbdacfee0f2771a00bbd4f91fd74bde74f39d0e49e0e3e40b464208,0xe20446cccbfd5f9038e747f1dea8016ecbd94ae5,0x442be06bb5d13711a22ccd3fa382b72a874c5135,2026-08-06T01:39:28,privileged_execution_context,0xf7b5c341,false
25690272,0x2ab7fb12080e4c90647b0c3c673bf80ed7951cd40482743e934948fcd2e2d36e,0x7830c87c02e56aff27fa8ab1241711331fa86f43,0xa9d1e08c7793af67e9d92fe308d5697fb81d3e43,2026-08-06T01:39:28,dense_internal_fund_flow,0x1a1da075,true
25690272,0x489b2f1f7bfe49a94f495cfeb04d61d76ef74d05d7270160b9f8cac4aecfb514,0x801fa94ce22f74702b22a346be40f483e25c8b15,0x4f8fa73d0a0e2b9b34a1b98839b7dd625b06263f,2026-08-06T01:39:28,large_erc20_asset_flow;complex_trace,0x601881f3,true
25690272,0x8e2f89f60582fc5b993de08a8869582743a3291e4cf104f41c790caeab51b7f2,0x09a591f0e4fa0abac08f05bc0916c51ee34c1a1b,0x5cb16a393b9b43c590953b51058edab1bde0f5fa,2026-08-06T01:39:28,dense_internal_fund_flow,0x501d976c,true
25690272,0xf3b15141a6582151d01bf266384edbdf52a1e69b3ddb417a99e239f59beeb96e,0xde992badd92adaf9146255e9bde6a70770973664,0x3d0f22bf11636cc9cb129e2b261eed35a487455c,2026-08-06T01:39:28,complex_trace;high_gas_used_context,0xa9059cbb,false
25690273,0x1359687764382fa1e4386dd7fdf8ef6f51a122c7f84458744b6bedb6a5d979cb,0xdd9ca63877441e0000003bed4379836d147978a4,0x71d5dcd76fb9ca8fe92b4952f13eaad149a955e0,2026-08-06T01:39:40,dense_internal_fund_flow;complex_trace;high_gas_used_context,0x99000000,true
25690273,0x5ec97706f306af6c0397e40eb65600c24910c17336c85d9f19e510716de5fc43,0x2f4e1a92dd8d3a57328c5a87cd6dcdb49ac8be7b,0xa0f1c3ad83e07d97b5e7030e177718be175275ea,2026-08-06T01:39:43,large_erc20_asset_flow;complex_trace;high_gas_used_context,0x12aa3caf,true
25690273,0x8b4d04f8ecbe5df6e754a402a7541daa86a45c1ad4b1d5c334ca07effee3aa26,0xe487832018fbd594c84f1db3dfac61cde98a5f36,0x91ff8bbd8ebb07893010d50a48a1609e5ebd8e34,2026-08-06T01:39:43,complex_trace;high_gas_used_context,0x069d1525,false
25690273,0xaeefab18092668e0e855f1933b110b377a8ee3d57562341e15fbb0b3e546b291,0x00351365832397c461114387d8edc4c30238f68e,0xb222da0f9c22ad2addcb0b0d6b150f398e44157a,2026-08-06T01:39:43,dense_internal_fund_flow;complex_trace;high_gas_used_context;token_activity_burst,0xef4d7b75,true
25690273,0xe7ec8430aae063a214bf7698808aabaac37d52a91cf181fdb4768de6b7f66024,0x4d16ebd8a910425aa05d52385cf4ec3a05e1be30,0xa0f1c3ad83e07d97b5e7030e177718be175275ea,2026-08-06T01:39:43,large_erc20_asset_flow;complex_trace;high_gas_used_context,0x12aa3caf,true
25690274,0x1c8985fe1dbf0c8641f2ac83428f42cda3c8d6c0faf02fbe6bf29f57bc78dc2e,0x18e92faead9e7ba45ca96665033ae5f99dcd82f2,0xccc88a9d1b4ed6b0eaba998850414b24f1c315be,2026-08-06T01:39:48,complex_trace;high_gas_used_context;token_activity_burst,0xf9e4bab4,true
25690274,0x2fdb8290f7478181a178cabdbe25b2d6c49f49c48639387814f7bb45a5bd22a2,0x48b8470fd956b5778fded969cfa8e0fefd24c55e,0xcb0151ac9479a6a0261622baa63ae843c9793d45,2026-08-06T01:39:48,large_erc20_asset_flow;complex_trace,0x64cd187f,true
25690274,0x8050166bba774c5769d06eaeef31254d57ef565bb672f0df899e8b77917f2924,0x7830c87c02e56aff27fa8ab1241711331fa86f43,0xa9d1e08c7793af67e9d92fe308d5697fb81d3e43,2026-08-06T01:39:48,dense_internal_fund_flow,0x1a1da075,true
25690274,0xcc828f3204b8ffde413480a5244714399cbf0b400b177e3c459799c6bdda9f25,0x20188b46a5b57a5e0d967df685df3925143bcb7d,0x6131b5fae19ea4f9d964eac0408e4408b66337b5,2026-08-06T01:39:49,dense_internal_fund_flow;complex_trace,0xe21fd0e9,true
25690274,0xe5b1d53d92e31acad089c47f45f7fd26e43d9ee86e723e4ffac5b581b1e646b4,0x7556699aa8e6a7c9c69bcfaf9debd05f8192b063,0x84cab37995229530d9e6e5cff2f8f4ebe4517d66,2026-08-06T01:39:49,large_erc20_asset_flow;complex_trace;high_gas_used_context,0xe587456a,true
25690274,0xaeaa71ffa8e531237806ff51bb4723db6d4d1603df2252ede96f55f4ee754e83,0x7049477e4d95b612805813d6bed048c781c49632,0x950fd558f47e234a2fde23b7d61f7ccdbcb4a86f,2026-08-06T01:39:51,dense_internal_fund_flow;complex_trace,0xdd225095,true
25690274,0x7fc324866938aae1f44cfe20034cf870168991ba2e8820d6aefff16883518ef8,0x6f69e1170f37a7ac0b370bee81c5388994a5276b,0x0000000000001ff3684f28c67538d4d072c22734,2026-08-06T01:39:52,dense_internal_fund_flow,0x2213bc0b,true
25690275,0x375da79db1ebbf585c8e75fae5d9f9a5aa4abc4e81c177c22209058d746bec27,0x59aab1bd0d26290274398c07b55955c15425e16b,0x00fe78205f5f0e63b8ad2b2ae5337f538a610e04,2026-08-06T01:39:59,repeated_internal_token_drain;dense_internal_fund_flow;complex_trace;high_gas_used_context;token_activity_burst;repeated_risky_internal_calls,0x34fcd5be,true
25690276,0x0c435ef3433ea3e2120a0c8708ff689c39c0618c88572c62ca0da32ee0f8cc7a,0x70e59f9c304e4d5096bd408b571e2dcd99c3120b,0xad3b67bca8935cb510c8d18bd45f0b94f54a968f,2026-08-06T01:40:10,complex_trace;high_gas_used_context;token_activity_burst;approval_burst,0x146ee74d,false
25690276,0x4be1095f2c5e3411ae5458b02ef5ac98602d62e24760e84840c363634f97848a,0x7d344a2d90efb4544df07b5c510fee99b81915d4,0x81463b0f960f247f704377661ec81c1fd65b5128,2026-08-06T01:40:10,dense_internal_fund_flow;complex_trace;high_gas_used_context;token_activity_burst,0xa42af200,true
25690276,0xe972c532b4c5413d5ddc549113475ff9faf37dc71dd640b318a05f5efd7335e8,0x7556699aa8e6a7c9c69bcfaf9debd05f8192b063,0x84cab37995229530d9e6e5cff2f8f4ebe4517d66,2026-08-06T01:40:10,repeated_internal_token_drain;dense_internal_fund_flow;very_complex_trace;high_gas_used_context;token_activity_burst;repeated_risky_internal_calls,0xe587456a,true
25690276,0x11368e79334d9997f374f900a603c6a02f965d7bf1b5f54685b1a3957108e254,0x12ceae28a372231f8bf3cace2d5eea3923481487,0x88649f4743a758171077b98ee2003f1989b1615a,2026-08-06T01:40:11,dense_internal_fund_flow;complex_trace,0x3271ba8d,true
25690276,0x525f0bf05ebb844f40f3d9f314367cf8db20971e65edb9f4bb8ab4881cf4f111,0x622704015884a6972617589d7163dcfc86982cf2,0x950fd558f47e234a2fde23b7d61f7ccdbcb4a86f,2026-08-06T01:40:11,large_erc20_asset_flow;complex_trace,0xdd225095,true
25690276,0xabd204bd60dfda6057f1770b4d51fae084686d65dda0d1e5cd4e392638b156c2,0xc7fe45977df16d39603814745e74e60674a49537,0x28b1dc1a5e3699a428bc51d234dfab7c9cb2a183,2026-08-06T01:40:11,dense_internal_fund_flow;complex_trace;high_gas_used_context,0xf2c42696,true
25690276,0x096d5402af4eec75d9e78af3b12aeaafd1177c7b8cd07ba103c64ed5ddab0086,0x7c52a2836bb70d54779db14a3c78672b7cb877fc,0xb222da0f9c22ad2addcb0b0d6b150f398e44157a,2026-08-06T01:40:12,complex_trace;high_gas_used_context,0xef4d7b75,false
25690276,0x32e0780552da535c5a8a5f32c7245081df22c22b1a92b77370f5b3792533eeb5,0x8c612efcca6a5677d60c378ab308d2513ec822cb,0x69460570c93f9de5e2edbc3052bf10125f0ca22d,2026-08-06T01:40:12,dense_internal_fund_flow;complex_trace,0xb25b1c31,true
25690276,0xf31841d044a286f7b2db71ca4cfa7e68aeb9145f72e274dd1214be93febb8b0c,0xb9ed955fc3a389229a1873f631669a40c345f5f4,0xbf319ddc2edc1eb6fdf9910e39b37be221c8805f,2026-08-06T01:40:13,large_erc20_asset_flow;complex_trace;high_gas_used_context,0xba087652,true
25690277,0xc222e6a72dfbdf2c41d3dfcb2ce0510daa9d7dece619381c1ae3732020c9cb4e,0xe75ed6f453c602bd696ce27af11565edc9b46b0d,0x81463b0f960f247f704377661ec81c1fd65b5128,2026-08-06T01:40:20,dense_internal_fund_flow;complex_trace;high_gas_used_context;token_activity_burst,0xa52c1720,true
25690277,0x27886ec3f724fb2c167bcd45b3d97a23891499a9f2b8a89d0470e8c8ba0bd687,0x68f25065fdbb62982df75cd43250b058d5f8d054,,2026-08-06T01:40:21,large_mint_to_sender;contract_creation_context,0x60a03461,true
25690277,0xbf81043c47c96d1f23a73327536d145047b122a6715b21d8783d05c3f3fce897,0x0cdba2d310752d4b7a455b1619c074ea84ffeac7,0xb4c9b9494e5069fa49327230aff6587d80a44096,2026-08-06T01:40:21,dense_internal_fund_flow;complex_trace;high_gas_used_context;token_activity_burst;approval_burst,0x601881f3,true
25690277,0xf9e16cb06c5bacfe74c2979b4f4354722e05941e53ca9511779e1f33c2651b7a,0xb81a25997047a737545e7f9ad538c61262a99303,0xb300000b72deaeb607a12d5f54773d1c19c7028d,2026-08-06T01:40:21,dense_internal_fund_flow;complex_trace;high_gas_used_context;token_activity_burst,0x810c705b,true
25690277,0x43c6b27fd04e0a0c59695e5085b6c5c1e1500eea6250e808db7ac2d6a0b8e3e4,0x95c93d3e0d387d0bf0bd3c1861092ca85b219826,0x4337084d9e255ff0702461cf8895ce9e3b5ff108,2026-08-06T01:40:22,large_erc20_asset_flow,0x765e827f,true
25690277,0xc5e9329e15a89101dcd51b0569aaae86e909eab8eccc2a939ace84c88081d39d,0xdda3b51e29f9d6fad865c5dd7070d5f7eb57663e,0x8d8210a0252a706cb5de0c6f8e46b6d3692afc19,2026-08-06T01:40:22,complex_trace;high_gas_used_context,0xffc3a769,false
25690278,0x82133dcf43f7389ed55a74c37ebb4b2d2d18e30e7209e304f356fb040dda9e45,0x7bf30399dba8051c2bf191afe2cd07ea4e064625,0xbdb3ba9ffe392549e1f8658dd2630c141fdf47b6,2026-08-06T01:40:35,large_erc20_asset_flow,0x00000069,true
25690278,0x388a047d247ef7ebd39130603da8cc01a4dd56592a661bd607bbc5ea458586d2,0x7448689c64c64cd022c03c7594bd77e24a37757c,0x28b1dc1a5e3699a428bc51d234dfab7c9cb2a183,2026-08-06T01:40:37,complex_trace;high_gas_used_context;token_activity_burst,0x0c307f76,true
25690278,0x6462055be1be6ccf735217897ec5df7493bd4277ba55fba99b8b7c53c24746e3,0x7556699aa8e6a7c9c69bcfaf9debd05f8192b063,0x84cab37995229530d9e6e5cff2f8f4ebe4517d66,2026-08-06T01:40:37,repeated_internal_token_drain;dense_internal_fund_flow;very_complex_trace;high_gas_used_context;token_activity_burst;repeated_risky_internal_calls,0xe587456a,true
25690278,0x7069f1ff2e6047d33431f3b069f58a2aec72b2d55cf01ab15e6e89a1ac240dbf,0x036565cae111f02912812b27fc5fae0290f50dc1,0x514b9e5467b9eb811519e316263c9099eae546ca,2026-08-06T01:40:37,complex_trace;high_gas_used_context;token_activity_burst,0xa9059cbb,false
25690278,0xccd47eb55eb94c5f8d2dfec6b0a68df477c8a85cc1d988683a46c2004045bd90,0xca7ded7e4f4ba8ab3b10009236ae6d1b95094589,0xb92fe925dc43a0ecde6c8b1a2709c170ec4fff4f,2026-08-06T01:40:37,dense_internal_fund_flow,0xcd6e13f7,true
25690278,0x9de1e76a5215ebad65a07e8d295fa57e052bce4f152517a964e44cc242905b17,0x0e0052a184fd59c6b7e1e99d739802ecb3aec0e4,0xd82461784eb72d4b67cbab077989eb215315e272,2026-08-06T01:40:38,complex_trace;approval_burst,0x805f7b65,false
25690279,0x65dd718e9c15b70e734d701609d2a5211e34576e72b90d357cd07f216cc1166e,0x7b49bc3ebbdf7322f31c6449320382bbec3be1b6,0xad3b67bca8935cb510c8d18bd45f0b94f54a968f,2026-08-06T01:40:54,repeated_internal_token_drain;dense_internal_fund_flow;complex_trace;high_gas_used_context;token_activity_burst;approval_burst;repeated_risky_internal_calls,0x146ee74d,true
25690279,0xa7f9a3986650503799ba8c9b122d6ce4d412792832a32a6c699f37fe9c75b4db,0x7a757c964343e364fba3204aebcf66c857ecb9d0,0x6566194141eefa99af43bb5aa71460ca2dc90245,2026-08-06T01:40:54,large_erc20_asset_flow;complex_trace,0x374f435d,true
25690279,0xad9eac944f0ddb062054ff7d546d3df850cee43723b171d82dfb5d7f35e022c8,0x5b43453fce04b92e190f391a83136bfbecedefd1,0xbdb3ba9ffe392549e1f8658dd2630c141fdf47b6,2026-08-06T01:40:54,dense_internal_fund_flow;complex_trace;high_gas_used_context;token_activity_burst,0x000000c3,true
25690279,0x82f080cbac982fa6224afc25f1e218113daf5394f8c125b97efa91e854102ea3,0xdd647ce113505b34c62412d2a804ce1bfbcfc737,0x973a023a77420ba610f06b3858ad991df6d85a08,2026-08-06T01:40:55,large_erc20_profit_to_sender;large_erc20_asset_flow;complex_trace,0x0ad58d2f,true
25690279,0xa539d154222d171fd2bb92ce509af0626c429183aae49c8d52991d241c0cdb64,0xdda3b51e29f9d6fad865c5dd7070d5f7eb57663e,0x8d8210a0252a706cb5de0c6f8e46b6d3692afc19,2026-08-06T01:40:55,complex_trace;high_gas_used_context,0xffc3a769,false
25690279,0xf177703d0ba3556ca34520a958e3c3a5411d3ed42ca4310e276ec3a42afac192,0x180c9b035428c48249ef3f82d0e1ef77eeb2e3d9,0x881d40237659c251811cec9c364ef91dc08d300c,2026-08-06T01:40:55,dense_internal_fund_flow;complex_trace,0x5f575529,true
25690279,0xf7b76a1f6498513ba74a3d30e4fc96d35571607343ce1e2cfa95fa5b372b8f94,0x4883282094755c01cd0d15dfe74753c9e189d194,0x8978a76f9fb3dd443bfad8d88ed9712b6aae6301,2026-08-06T01:40:55,complex_trace;high_gas_used_context,0x9a9c1121,false
25690280,0x08240a52d3cfa3c2f8c05adc6e923a135c8548c5006faf3fc28f275331c64d70,0xe7e7ca0e19f023d09542bfebe4fe0b8ae8ea5d03,0x00000f91109c4d0007e90000d9facad5298a0cac,2026-08-06T01:41:32,complex_trace;token_activity_burst,0x0053be41,false
25690280,0x126c0bba651344fe93085de323940064ddc35019187c492711aeec0b03ed2da4,0xe7e7ca0e19f023d09542bfebe4fe0b8ae8ea5d03,0x00000f91109c4d0007e90000d9facad5298a0cac,2026-08-06T01:41:32,complex_trace;token_activity_burst,0x0053be41,false
25690280,0x249aede757f13f14e8aab2d01dc20c0f12cfb0d8ee2fe8b266da9a443dac98e8,0x6c2693f5a936f37ed03cfa8465bf2d8beff19a0f,0x3f04b65ddbd87f9ce0a2e7eb24d80e7fb87625b5,2026-08-06T01:41:32,complex_trace;high_gas_used_context,0xc2a672e0,true
25690280,0x33a4ac2f57c006306ad62700387f999d2265911ee994be96e33a8f06ed02f626,0xe7e7ca0e19f023d09542bfebe4fe0b8ae8ea5d03,0x00000f91109c4d0007e90000d9facad5298a0cac,2026-08-06T01:41:32,complex_trace;token_activity_burst,0x0053be41,false
25690280,0x378fdb290f516da15e1ff172c18e7a7ab835e81cb7ab9c436823129e58eb51f8,0xe7e7ca0e19f023d09542bfebe4fe0b8ae8ea5d03,0x00000f91109c4d0007e90000d9facad5298a0cac,2026-08-06T01:41:32,complex_trace;token_activity_burst,0x0053be41,false
25690280,0x40f917d109ddc5838a65b28cf603defae35f80c8094ea760b164d49206d76247,0xe7e7ca0e19f023d09542bfebe4fe0b8ae8ea5d03,0x00000f91109c4d0007e90000d9facad5298a0cac,2026-08-06T01:41:32,complex_trace;token_activity_burst,0x0053be41,false
25690280,0x44ab62957e0dcede5b943cb401e905e31f9e0f4088bf66b9f45f820cb85b0b7e,0xe7e7ca0e19f023d09542bfebe4fe0b8ae8ea5d03,0x00000f91109c4d0007e90000d9facad5298a0cac,2026-08-06T01:41:32,complex_trace;token_activity_burst,0x0053be41,false
25690280,0x6587d5351fd8e72bf72bd134cc88ba6ca5415297faf5defaebaf93d6184b5c3a,0xe7e7ca0e19f023d09542bfebe4fe0b8ae8ea5d03,0x00000f91109c4d0007e90000d9facad5298a0cac,2026-08-06T01:41:32,complex_trace;token_activity_burst,0x0053be41,false
25690280,0x67201f0e5564b7ffa3ab6728d2486ecf4e9161b233b4cc7e8ad85b5bba94dcef,0x00003f0b7045822689ce3a6118846218a2c22cfd,0x111111125421ca6dc452d289314280a0f8842a65,2026-08-06T01:41:32,dense_internal_fund_flow;large_erc20_asset_flow;complex_trace,0x07ed2379,true
25690280,0x97b83bf618455644ecf9efa0a8bf525c908378fbf5d9e4ed5298cff43fef177c,0xe7e7ca0e19f023d09542bfebe4fe0b8ae8ea5d03,0x00000f91109c4d0007e90000d9facad5298a0cac,2026-08-06T01:41:32,complex_trace;token_activity_burst,0x0053be41,false
25690280,0xc94a6b8203098d5c8aa9e4b9e459102b368b803599ba04063f0855ab113d69ca,0xe7e7ca0e19f023d09542bfebe4fe0b8ae8ea5d03,0x00000f91109c4d0007e90000d9facad5298a0cac,2026-08-06T01:41:32,complex_trace;token_activity_burst,0x0053be41,false
25690280,0xeb6a0a7b32de18376896927212a1bb924b91b42d43beb1c5d2e4c03d2f676c67,0xe7e7ca0e19f023d09542bfebe4fe0b8ae8ea5d03,0x00000f91109c4d0007e90000d9facad5298a0cac,2026-08-06T01:41:32,complex_trace;token_activity_burst,0x0053be41,false
25690280,0xeb99d5bdf8988525f3c8fff46671c6aed796478966b8c4c61c978c67a0eef7a8,0xe7e7ca0e19f023d09542bfebe4fe0b8ae8ea5d03,0x00000f91109c4d0007e90000d9facad5298a0cac,2026-08-06T01:41:32,complex_trace;token_activity_burst,0x0053be41,false
25690280,0xec8579b001b441136e20b5b88e187523be0859bd1cb6f22fa995de5955bb2b57,0xe7e7ca0e19f023d09542bfebe4fe0b8ae8ea5d03,0x00000f91109c4d0007e90000d9facad5298a0cac,2026-08-06T01:41:32,complex_trace;token_activity_burst,0x0053be41,false
25690280,0x53589bdd1c4318b006fbb636f00c8d6c1ce20af2c2376960dc8171bedbf445d0,0xd411d428a63cf4c7029bc53f0e0f56c4933fdbb7,0x87870bca3f3fd6335c3f4ce8392d69350b4fa4e2,2026-08-06T01:41:33,large_erc20_asset_flow;complex_trace,0x69328dec,true
25690280,0xe6b713101eb3ccd545421cf5e0a4522700af1b717e4575878ca68cd740cb4abb,0x43370308b53e3611521ba48e2f7632a5644d7b1f,0x0000000071727de22e5e9d8baf0edac6f37da032,2026-08-06T01:41:33,large_erc20_asset_flow,0x765e827f,true
25690281,0x1b2ccf8c337c694c32f4118b42351c4f779a8b759dd4c6f9d7b8cb167d273c33,0xdda3b51e29f9d6fad865c5dd7070d5f7eb57663e,0x8d8210a0252a706cb5de0c6f8e46b6d3692afc19,2026-08-06T01:41:43,complex_trace;high_gas_used_context,0xffc3a769,false
25690281,0x9d3586854fa3bd3d4c74f0f70790edb3c30bd23821797a81d5d3eb10cfeb67ec,0xd292bf4ba983476f3cd6a99ce843e727001b8a51,0x93c30e6e09f698cfea99b09b5166ed90cfaedd17,2026-08-06T01:41:43,dense_internal_fund_flow,0x0fe20a3f,true
25690281,0x8225011d792fd77e474aee7db34f0a79831f2ad9329dcc8d74003c94e1f1ee45,0x0235921ab370c25bd9d9bf20443e963f71afb3c6,0xbc1d9760bd6ca468ca9fb5ff2cfbeac35d86c973,2026-08-06T01:41:44,dense_internal_fund_flow,0xd984396a,true
25690282,0xff83e77cf02ff9707b8c71e13ac718062267bb7fd6b2c423fd8af063812a76bd,0xdda3b51e29f9d6fad865c5dd7070d5f7eb57663e,0x8d8210a0252a706cb5de0c6f8e46b6d3692afc19,2026-08-06T01:41:54,complex_trace;high_gas_used_context,0xffc3a769,false
25690282,0x3d54edbdb8b28150222737736d2aa09cd30c04a9808a845dad1d54e488e33ab8,0x7830c87c02e56aff27fa8ab1241711331fa86f43,0xa9d1e08c7793af67e9d92fe308d5697fb81d3e43,2026-08-06T01:41:55,dense_internal_fund_flow,0x1a1da075,true
25690282,0x03b04780f94b8492548b789c80ef70e0dd7b2796d0f6e53c54b6424e9afe54cb,0xe836ef5abbcde8c2a22c299f639cc9480aa52219,0xd226997439ecfbeff8e110c8c78c8a7eefd19f89,2026-08-06T01:41:56,large_erc20_asset_flow;complex_trace,0x99999999,true
25690282,0x83bad15007983e8c2194e8623b3f41b59d24cb4b0d31872fd45fd77acd2ccc58,0x7830c87c02e56aff27fa8ab1241711331fa86f43,0xa9d1e08c7793af67e9d92fe308d5697fb81d3e43,2026-08-06T01:41:56,large_erc20_asset_flow;token_activity_burst,0xca350aa6,true
25690282,0xa5ddb8a881e0dd45a451d958f133cba244f637905eb5fb09af8cb18182d70f05,0xe99bd1c2dd70cd58e5efd47887991700e7318ce2,0xad3b67bca8935cb510c8d18bd45f0b94f54a968f,2026-08-06T01:41:56,complex_trace;high_gas_used_context;token_activity_burst;approval_burst,0x146ee74d,false
25690282,0x35bb6656e4a02c667cb914f5b7521ee97da33ba59585abacd7db4fde345f1c5d,0x7b49bc3ebbdf7322f31c6449320382bbec3be1b6,0xad3b67bca8935cb510c8d18bd45f0b94f54a968f,2026-08-06T01:41:57,complex_trace;high_gas_used_context;token_activity_burst;approval_burst,0x146ee74d,false
25690282,0x58d4310cd6bbde87fa5b747a9a46fec6ca4a7c702a0d8433eacbcc55b4ccf5e2,0xaa1444bc78a57aa2f4157364cb4495a2ed328df0,0xf4e147db314947fc1275a8cbb6cde48c510cd8cf,2026-08-06T01:41:57,privileged_execution_context,0x760d0f9d,false
25690282,0x950d4ae1c65541e57d9cceeaa9a13679deb7d3f5e21ead66d0f7d9f3440df1a0,0xb9882e96036fbb6e1071e621c667974b5317f5f4,0x97a01dff88641a8b850d51f8fe1e752ff0da67b4,2026-08-06T01:41:57,dense_internal_fund_flow;complex_trace;high_gas_used_context;token_activity_burst,0x601881f3,true
25690282,0x9d6678286cc18d6014fb3cae85f27d3d748d42f1c1a3b21d397a2db7b39de2fb,0x1584a8ee67789d1fe161065388657ad2f2a3c7dd,0x77eb52e44db06777bce478159f25c0d55a295314,2026-08-06T01:41:57,repeated_internal_token_drain;dense_internal_fund_flow;complex_trace;token_activity_burst;repeated_risky_internal_calls,0xa9059cbb,true
25690282,0xc8777f02f125a2d79f3dfe266afc58baf2bac0f00d7c59de28cf29cd0cef7a1d,0xa154b98e53fc35e1bad1ff758acbc8c629bdcd2b,0x19917386eeae67b6ff7ddf07de4019fca40aa4ec,2026-08-06T01:41:57,complex_trace;high_gas_used_context;token_activity_burst,0xa9059cbb,false
25690283,0x9be7af6af1804eaff8b19add0aa0f3fd700f9c1ecc33d3ca4a7b7449c133f8fb,0xc14c987f9922e9457a2d9c04f72daeafd4080a61,0x93c30e6e09f698cfea99b09b5166ed90cfaedd17,2026-08-06T01:42:02,dense_internal_fund_flow,0x0fe20a3f,true
25690283,0x0c45366992cc55fd77a1bfa5f53c04f30f7e2cf594a2e81667863ece9abe53c1,0x1ba19a80879707faa0feba895546b50afa341b2a,0x4313c378cc91ea583c91387b9216e2c03096b27f,2026-08-06T01:42:05,dense_internal_fund_flow;complex_trace,0xeffbec13,true
25690283,0x200873b0e437c73719edb068390e61269928ea9cefa6d0be2497d3a08ed83c82,0xdda3b51e29f9d6fad865c5dd7070d5f7eb57663e,0x8d8210a0252a706cb5de0c6f8e46b6d3692afc19,2026-08-06T01:42:05,complex_trace;high_gas_used_context,0xffc3a769,false
25690283,0x9cc6a385269afcc9e5a3dc2c4da3c338ce6e42af149896a184bf686429a83c46,0xdd647ce113505b34c62412d2a804ce1bfbcfc737,0x889edc2edab5f40e902b864ad4d7ade8e412f9b1,2026-08-06T01:42:05,large_erc20_asset_flow,0x7951b76f,true
25690283,0xe10fd7543ab9aa1b10416b09b089e2e31640a43bfc096b87bebc1b7e4f973e8f,0xe75ed6f453c602bd696ce27af11565edc9b46b0d,0x81463b0f960f247f704377661ec81c1fd65b5128,2026-08-06T01:42:05,complex_trace;high_gas_used_context;token_activity_burst,0xab2c1720,false
25690283,0xe50a5f20a3d246f31173b33597ccc92229ab643ee2fc79fe18186ac13453d4db,0xb9ed955fc3a389229a1873f631669a40c345f5f4,0x3de37c38739dfb83b7a902842bf5393040f7bf50,2026-08-06T01:42:05,large_erc20_asset_flow,0xb4440df4,true
25690284,0x395e7b45c4908c5db7a09d6442f3a916f56bc9cb8d0344ba72eca63b1751892d,0x5884b2faa9ad6f38010831e2290e515af17a7d47,0x06cff7088619c7178f5e14f0b119458d08d2f5ef,2026-08-06T01:42:14,dense_internal_fund_flow;large_erc20_asset_flow;complex_trace,0x99999999,true
25690284,0x892bcf20987442c6963299497a87026573c2c67976fec354d8a681053e569185,0x20188b46a5b57a5e0d967df685df3925143bcb7d,0x3ee18b2214aff97000d974cf647e7c347e8fa585,2026-08-06T01:42:16,large_erc20_asset_flow,0xc6878519,true
25690284,0x6174d3ff820ea1313730be3119af1e198f4ce2dc42304484c9f25e932a84f206,0xfeed46c11f57b7126a773eec6ae9ca7ae1c03c9a,0xbeef003c68896c7d2c3c60d363e8d71a49ab2bf9,2026-08-06T01:42:17,large_erc20_asset_flow;high_gas_used_context,0xac9650d8,true
25690284,0x92ff76d92b4f4df2b98fe7692eace3fbd67a79b8641da022d376dfc879c40b6a,0x85113e3dfdfedb1dd19c33976c2a5e7056c4cb9d,0x07964f135f276412b3182a3b2407b8dd45000000,2026-08-06T01:42:17,dense_internal_fund_flow;complex_trace,0x6b3ec416,true
25690284,0x522bdfc0caa57d11ac650f1287417485ef8f0adcbcb146b587dfad44b20f6306,0x0bc38c00b264911b12939d4abbb88f66a4240c63,0xf5c4604ca505e13dcdb001b91257f1d166113f16,2026-08-06T01:42:18,large_erc20_asset_flow;privileged_execution_context;complex_trace,0xc6fe8747,true
25690284,0x866b30471441fad46a3218b04c8145d4ba564fc72793fe5c21eab68c91acccc4,0x44b8b8e5ca0c8f16eef957a744b9c5c8b899e402,0x0000000000000068f116a894984e2db1123eb395,2026-08-06T01:42:18,complex_trace;high_gas_used_context,0x87201b41,false
25690284,0xa0e9ab578de2d3cd6de2a7016d04c78dd377d6282e95e8c9812eed6ba38ca915,0xd0d08887e8a5b16049534a7f3fc1de92848f5bea,0x6131b5fae19ea4f9d964eac0408e4408b66337b5,2026-08-06T01:42:18,large_erc20_asset_flow;complex_trace,0xe21fd0e9,true
25690284,0xc3f26173f68c3eb951ee62a1f9f940122f0888ad1fef289ae32dcdfae5087bc2,0xdda3b51e29f9d6fad865c5dd7070d5f7eb57663e,0x8d8210a0252a706cb5de0c6f8e46b6d3692afc19,2026-08-06T01:42:18,complex_trace;high_gas_used_context,0xffc3a769,false
25690284,0xf055a5d2b4ab0f4a3d6f7f63de01c8676875c324affcc8c31aef68b955def17b,0xa154b98e53fc35e1bad1ff758acbc8c629bdcd2b,0x19917386eeae67b6ff7ddf07de4019fca40aa4ec,2026-08-06T01:42:18,repeated_internal_token_drain;dense_internal_fund_flow;complex_trace;high_gas_used_context;token_activity_burst;repeated_risky_internal_calls,0xa9059cbb,true
25690285,0x02f8017a6cc3eec27b4cd1488d7597eb0957878a71786f97e7085de6c3202b33,0x22d6961dd40b59e8c859d4b8928bfc09471c4463,0x28b1dc1a5e3699a428bc51d234dfab7c9cb2a183,2026-08-06T01:42:29,dense_internal_fund_flow;complex_trace,0x0c307f76,true
25690285,0x10a1e796d4f1035d43967e794b361326a4e6ab3f476ade6986a34ac7d3688c41,0x5afec0de001999766fb883860cae06f5932e6f32,0xe27baebd7b14602de3797974db9f5f4f8dcb6679,2026-08-06T01:42:29,extreme_dex_price_manipulation;complex_trace,0x00000000,true
25690285,0x4ae7ec60a197617b69a7f0707a48795180bb2feee6d63692b7816abc866df787,0x3f704192849ad500d4085d2c96c2fb4bf82dbcdd,0x5b61db1e82ee0ee94a5c1fed019c1ff5bbb9e837,2026-08-06T01:42:29,privileged_execution_context,0x0ecaea73,false
25690285,0x9a70bfe18c88e0857147a8bf4bb34d1bb17e74c822199361f06944a6b2dc1edb,0xdda3b51e29f9d6fad865c5dd7070d5f7eb57663e,0x8d8210a0252a706cb5de0c6f8e46b6d3692afc19,2026-08-06T01:42:29,complex_trace;high_gas_used_context,0xffc3a769,false
25690285,0xf405fe402a60ff567fb0f83da7bcf50ee0493d25dc427a5618538077039b5b96,0xa5b2a355766ef892633205d0f1854e6f4251c778,0x6a000f20005980200259b80c5102003040001068,2026-08-06T01:42:29,dense_internal_fund_flow;complex_trace,0xe3ead59e,true
25690286,0x979eb9ac951bb6d285de6190d64be761c38acfb8035492cde0bd8b74693a4adb,0x654fae4aa229d104cabead47e56703f58b174be4,0x000000000035b5e5ad9019092c665357240f594e,2026-08-06T01:42:33,large_erc20_asset_flow;complex_trace,0x00000004,true
25690286,0x2fb9bc6cb9e25d75deb2daab94de168351f5679e40ed0e18ebfd04bcea71e01c,0xbee898bca98a5b6de7323eeca168a775c566b008,0xbee3211ab312a8d065c4fef0247448e17a8da000,2026-08-06T01:42:34,large_erc20_asset_flow;complex_trace,0x4cf3fe9c,true
25690286,0xef9adc569db3d46869e55c8e693216fd5a877b9c6a48db1644697cdc0a5dbd5f,0x04d9634df20aa66b23f114d37c45fa6c6ab76d56,0xc1062b7c5dc8e4b1df9f200fe360cdc0ed6e7741,2026-08-06T01:42:34,repeated_internal_token_drain;dense_internal_fund_flow;very_complex_trace;high_gas_used_context;token_activity_burst;repeated_risky_internal_calls,0xdccedc74,true
25690286,0xf365effb108f790cd9b2450193c8422c091ad4ccf5583fc7794ee7f82d9f1b5e,0x654fae4aa229d104cabead47e56703f58b174be4,0x000000000035b5e5ad9019092c665357240f594e,2026-08-06T01:42:34,large_erc20_asset_flow;complex_trace,0x00000004,true
25690286,0x06de333294b7e707e654f451f31a6a8e60e8ecfc5ea6e39ddf3588686ce401f7,0xbf594079923b574873e15b386c46df474fd6e01d,0x28b1dc1a5e3699a428bc51d234dfab7c9cb2a183,2026-08-06T01:42:35,complex_trace;high_gas_used_context;token_activity_burst,0xf2c42696,true
25690286,0x5649382423a29fe3e3a8940dc2467607199b67eb09f6d30de878b610bc74611a,0xfeed46c11f57b7126a773eec6ae9ca7ae1c03c9a,0xbeeff2c5bf38f90e3482a8b19f12e5a6d2fca757,2026-08-06T01:42:35,large_erc20_asset_flow;complex_trace;high_gas_used_context;token_activity_burst,0xac9650d8,true
25690286,0xe978ff9ec8a56d5b4cc31324abc3b98b302818174adad513a9ac37f2c6a15948,0xdda3b51e29f9d6fad865c5dd7070d5f7eb57663e,0x8d8210a0252a706cb5de0c6f8e46b6d3692afc19,2026-08-06T01:42:35,complex_trace;high_gas_used_context,0xffc3a769,false
25690286,0xfaf83f877f0b5755e2ba00f9e269d9e5bc5c295137eef3cac4f5c195a069559f,0x7b49bc3ebbdf7322f31c6449320382bbec3be1b6,0xad3b67bca8935cb510c8d18bd45f0b94f54a968f,2026-08-06T01:42:35,complex_trace;approval_burst,0x146ee74d,false
25690287,0xc24449ed1a62b0c95a526a58af6e1b42827dcf72a067a1e4bc52af289d8131f2,0x7830c87c02e56aff27fa8ab1241711331fa86f43,0xa9d1e08c7793af67e9d92fe308d5697fb81d3e43,2026-08-06T01:42:48,dense_internal_fund_flow,0x1a1da075,true
25690287,0x2a6a72dab560aeed6fd2f3bd6fef4988bab1638998e05670cf5bb54bba7406db,0xdda3b51e29f9d6fad865c5dd7070d5f7eb57663e,0x8d8210a0252a706cb5de0c6f8e46b6d3692afc19,2026-08-06T01:42:49,complex_trace;high_gas_used_context,0xffc3a769,false
25690287,0x305061b83aad16493119edfb992fef5ccef13433de14dc9febbd6d959b66044e,0x2ddff588417d365133869ffee5c74fb610d9d404,0x1921e0ff550c09066edd4df05d304151c45e77de,2026-08-06T01:42:49,large_erc20_asset_flow;complex_trace,0x13d79a0b,true
25690287,0x3c3a5396202156b78cde442575bdad6ac496101771c44491136158eaa030199b,0x8a2a3d6fcefd9427ac46b07c91d21207aaa0e168,0x4313c378cc91ea583c91387b9216e2c03096b27f,2026-08-06T01:42:49,dense_internal_fund_flow,0xeffbec13,true
25690287,0xc6d41801ef2fb276a6c0c063f96614438bc31962a1e4f34c8c63481e5dbb2410,0x6c2693f5a936f37ed03cfa8465bf2d8beff19a0f,0x3f04b65ddbd87f9ce0a2e7eb24d80e7fb87625b5,2026-08-06T01:42:49,large_erc20_asset_flow;very_complex_trace;high_gas_used_context;token_activity_burst,0x2b83cccd,true
25690287,0xfc6925f209c66329ab68e6d398109cdb25d52ee18cf56996f3cec0493caa88e3,0xdeb73aae87c0ffbab82d568987cb4a73861efd71,0x28b1dc1a5e3699a428bc51d234dfab7c9cb2a183,2026-08-06T01:42:49,dense_internal_fund_flow;complex_trace;high_gas_used_context;token_activity_burst,0xf2c42696,true
25690287,0x14ca9881da055b6b9e37e676ce7d43542fda3ee30a27a29aa2d31cf8af73cc57,0x0595accca29654c43bd67e18578b30a405265234,0x535e01f948458e0b64f9db2a01da6f32e240140f,2026-08-06T01:42:50,large_erc20_asset_flow;complex_trace,0xbd150131,true
25690287,0x75832042859710953c5e75374fbe00d60a569cc75757a77f8d8700f0109e56b1,0x59aab1bd0d26290274398c07b55955c15425e16b,0x00fe78205f5f0e63b8ad2b2ae5337f538a610e04,2026-08-06T01:42:50,repeated_internal_token_drain;dense_internal_fund_flow;complex_trace;high_gas_used_context;token_activity_burst;repeated_risky_internal_calls,0x34fcd5be,true
25690287,0xc41e405f3eb560a3fa913456517e93ee414ac0c7d7f3812bf7fdf7e64a83314c,0x502d222e8e4daef69032f55f0c1a999effd78fb3,0xacddac6c77318b615f7f6fb9bb67c6833e9c05f1,2026-08-06T01:42:50,large_erc20_asset_flow;complex_trace,0x571d3dc7,true
25690288,0x2a70e05e70f8f8190d80db085a5391b25e885f03d7ce55d7c322adde24f18ea0,0x59aab1bd0d26290274398c07b55955c15425e16b,0x00fe78205f5f0e63b8ad2b2ae5337f538a610e04,2026-08-06T01:42:53,complex_trace;high_gas_used_context,0x34fcd5be,false
25690289,0xb443400d639605a6cbe0abfcc9947c2177e5402c3873857b460f1f7ec37c868e,0x49e1bf431e9bbbd8e57afcd21ccac3f30e7d98d3,0x28b1dc1a5e3699a428bc51d234dfab7c9cb2a183,2026-08-06T01:42:59,complex_trace;high_gas_used_context,0xf2c42696,true
25690290,0x4ac0284337f6fbd01a697b07bff3f5c468799c81987f3a0975914f1eed06e4c2,0xa2e33e6473022769bae94c7b574a981f98f4a028,0x93c30e6e09f698cfea99b09b5166ed90cfaedd17,2026-08-06T01:43:05,dense_internal_fund_flow,0x0fe20a3f,true
25690290,0x076f85b85fb46d3cbe39f8014322fa2fe3d17b909d3b9da78c60493cbb35c640,0x8c34e28615b9637d6c139442fdec501ac405dbf9,0x28b1dc1a5e3699a428bc51d234dfab7c9cb2a183,2026-08-06T01:43:07,complex_trace;high_gas_used_context,0x0c307f76,true
25690290,0xaba66f60706c38bd5839e54941fc90882428fc58319df4b10be77bdfb5facf83,0xfb076e0b813cc205a2d032b639f6d10f500dd9b7,0x000000ae384600d7252543855e3b0400f6008d00,2026-08-06T01:43:07,large_erc20_asset_flow;complex_trace;high_gas_used_context;token_activity_burst,0x00000000,true
25690291,0x07c4e73c1992897ac48f4d9a715e08a3ee6bbffab668f344fb63f25198f1775a,0x5934e06498db785ff26807161ce9d09063231321,0xbdb3ba9ffe392549e1f8658dd2630c141fdf47b6,2026-08-06T01:43:14,large_erc20_asset_flow,0x00000069,true
25690291,0x5e11233d98812ce5c79fab1f18d4945a952e37fbd3ae84516e4e02aa5398704c,0x70e59f9c304e4d5096bd408b571e2dcd99c3120b,0xad3b67bca8935cb510c8d18bd45f0b94f54a968f,2026-08-06T01:43:16,complex_trace;high_gas_used_context;token_activity_burst;approval_burst,0x146ee74d,false
25690291,0xa10e83cffc6042575d564e7d58920de913998cf6b2e560739970adb6c4232e1a,0x7830c87c02e56aff27fa8ab1241711331fa86f43,0xa9d1e08c7793af67e9d92fe308d5697fb81d3e43,2026-08-06T01:43:16,large_erc20_asset_flow;token_activity_burst,0xca350aa6,true
25690291,0x32ab4eb5f958220f39486835082f3aba1c0ec6459a90295aa0a1b46ba8143115,0x80b7c453a86bc6654f851fb840273edb836edab3,,2026-08-06T01:43:17,large_mint_to_sender;privileged_execution_context;contract_creation_context,0x60806040,true
25690292,0x599b18b6f30307b89d720011c9e12469a36fea52f4d84da3afba0cd8c41be626,0x5b43453fce04b92e190f391a83136bfbecedefd1,0xbdb3ba9ffe392549e1f8658dd2630c141fdf47b6,2026-08-06T01:43:20,repeated_internal_token_drain;dense_internal_fund_flow;very_complex_trace;high_gas_used_context;token_activity_burst;approval_burst;repeated_risky_internal_calls,0x000000c3,true
25690292,0x78c9e76f690d262e05dae8d618f108852bfd1b5e15ebc9bb2588806611397dc6,0x5b43453fce04b92e190f391a83136bfbecedefd1,0xbdb3ba9ffe392549e1f8658dd2630c141fdf47b6,2026-08-06T01:43:20,dense_internal_fund_flow;complex_trace,0x000000cc,true
25690292,0x7c8e919fa81d6e462105be8b6526706a4a72161598b6ccc28824f71932d31450,0x7830c87c02e56aff27fa8ab1241711331fa86f43,0xa9d1e08c7793af67e9d92fe308d5697fb81d3e43,2026-08-06T01:43:20,dense_internal_fund_flow,0x1a1da075,true
25690292,0xafe5a4b2a14b5f3bfd75251d7834c826059a981c071248ff106146245eb75985,0x842f821739d0b25a5c009ca3097b4dcb2d9ca6cf,0x5c3593481cba011737e36ded62f1797c9f6afce1,2026-08-06T01:43:20,large_erc20_asset_flow;complex_trace;high_gas_used_context;token_activity_burst,0x1cff79cd,true
25690292,0xd450912e7860cf5d1848fd6cc122bc6bcfc23a590fa33eca0ee3bff237d546dd,0x7b49bc3ebbdf7322f31c6449320382bbec3be1b6,0xad3b67bca8935cb510c8d18bd45f0b94f54a968f,2026-08-06T01:43:20,large_erc20_asset_flow;complex_trace;high_gas_used_context;token_activity_burst;approval_burst,0x146ee74d,true
25690293,0x90bd17ea2494fb14a4520fa8bcc7bad0435e6c387e70e73de358743efbf3d06f,0x5b43453fce04b92e190f391a83136bfbecedefd1,0xbdb3ba9ffe392549e1f8658dd2630c141fdf47b6,2026-08-06T01:44:08,dense_internal_fund_flow;complex_trace;high_gas_used_context;token_activity_burst,0x000000c3,true
25690293,0xb6edc3b476e371bc7024b19f89ab3d76f60bc59c9c59f4a32a175ea1d465bb09,0xaaaaa11120784c31adb462bbc15e750b9d46b325,0x00000000008d5f1200332af8a6813cb8377b5bfd,2026-08-06T01:44:09,dense_internal_fund_flow;large_erc20_asset_flow;complex_trace,0x00000011,true
25690293,0xb53393a5d8dd1223d6ca79234ee579ec9702781ef11da29d2e6e270c7f4cb42f,0x6c2693f5a936f37ed03cfa8465bf2d8beff19a0f,0x6a000f20005980200259b80c5102003040001068,2026-08-06T01:44:10,dense_internal_fund_flow;complex_trace,0xe3ead59e,true
25690293,0xfffeb90772dc2d88473838b17c5ba238052bbad3afade0af82430e10836d3a37,0xf50ef13e5c29f9cf52b6476997d7d9a9352587e7,0xd90e2f925da726b50c4ed8d0fb90ad053324f31b,2026-08-06T01:44:10,dense_internal_fund_flow;complex_trace,0xb438689f,true
25690294,0x27d029b7202d91e8439c3b3945de9c01e412f96030002a09be22baf0ba99814e,0xae2fc483527b8ef99eb5d9b44875f005ba1fae13,0x1f2f10d1c40777ae1da742455c65828ff36df387,2026-08-06T01:44:31,large_erc20_asset_flow;complex_trace,0x2bd0a0b8,true
25690294,0x5eb921cbd8dcda52a0fed93a7aa7ca8fdfe980fa65d44ad57e78ad1b162f85ef,0xdda3b51e29f9d6fad865c5dd7070d5f7eb57663e,0x8d8210a0252a706cb5de0c6f8e46b6d3692afc19,2026-08-06T01:44:31,complex_trace;high_gas_used_context,0xffc3a769,false
25690294,0xe322e181b711c68b3939144225fd9efa1c65050775793307a57c067dc3e8aed0,0x93813265b06027908ae82f34284ae25eaa33e3f2,0xc705dd049380fae041bf8f570482fb0188a86a11,2026-08-06T01:44:32,large_erc20_asset_flow;complex_trace;high_gas_used_context;token_activity_burst,0x601881f3,true
25690295,0xc4bdddf9481b1d417ff1536f4da262c427c844cf409a360fa966678edacbb380,0x9d8db5701d00852f84c56b67c86e85a9d17ae244,0x0000000000c2d145a2526bd8c716263bfebe1a72,2026-08-06T01:44:55,high_gas_used_context;token_activity_burst,0x32389b71,false
25690295,0xdf5a24a499cc7369e7a6b7e15816b7328db99223832433a7b91c3e5796ae3da1,0x8f46f36d780a8ca1fdc5aa55c4c1c1ed9f8deb3a,0xb300000b72deaeb607a12d5f54773d1c19c7028d,2026-08-06T01:44:55,dense_internal_fund_flow;complex_trace,0x810c705b,true
25690295,0xfffdd955b440901aa99be20480ed95cf30b439ad0f8e0c4de67932a6ac9241c8,0x435cff6ab4866e6067ad0d585a1c7f88da6d17bb,0x41b38a7647da43c0696d29a2bcd05428131faa82,2026-08-06T01:44:55,large_erc20_asset_flow;complex_trace;high_gas_used_context;token_activity_burst,0x601881f3,true
25690295,0x26fb7518fe89d68079cf361545f3ffa17c404e741a1f819c5a66a7ce43457e81,0x22539a0ccea56b1404b6ef6e5ee24048100787aa,0x6566194141eefa99af43bb5aa71460ca2dc90245,2026-08-06T01:44:56,large_erc20_asset_flow;complex_trace,0x374f435d,true
25690295,0xf2b5d373bcfe2b58292880d8bbf9fb558d6c5dae262fd3b323e9b4af3776bc4f,0x7d003e85d0f9775cf28aa08d335e18d464c691a3,0x0889e9327b98d7d1be3c301a4585ff3330502c9a,2026-08-06T01:44:56,dense_internal_fund_flow,0x1fff991f,true
25690295,0x513ab7c0bac0f2ebc83339900f692f44804c7dd0aa410dfbe6c52f51de902fd1,0xb9fcfd7bda0da0761d1ab36f7c85ba3b628fbb99,0x28b1dc1a5e3699a428bc51d234dfab7c9cb2a183,2026-08-06T01:44:57,complex_trace;high_gas_used_context,0xf2c42696,false
25690295,0xa20c56a39e239a29c3e26889c5d31f034aba4f829871e945cc7e2849e6c55836,0x36b6bd60091e417299da9550385f93d9f4bcea07,0xd90e2f925da726b50c4ed8d0fb90ad053324f31b,2026-08-06T01:44:57,dense_internal_fund_flow,0x13d98d13,true
25690295,0xe033bd35674fa58286770a91f2f394fbbff3752d9afb7a23f8514e648a2cfc85,0xe32880feb39b94ce1ab2d698de7fb8889b9edeb8,0x1f748c76de468e9d11bd340fa9d5cbadf315dfb0,2026-08-06T01:44:57,large_erc20_asset_flow;complex_trace,0xc7c7f5b3,true
