block_num,tx_hash,from,to,detect_time,attack_signals,selector,has_asset_impact
25696404,0x1595b437a55e79dbaab6db1c86efe9b8e8e380b03f7d0b8706c88fcf55aa1a60,0x48317c8a6565a865b3d6063becb110536a89cf2c,0x1921e0ff550c09066edd4df05d304151c45e77de,2026-08-06T22:15:07,large_erc20_asset_flow;complex_trace,0x13d79a0b,true
25696404,0x607251a3438fc29998131f9bed194841ec09bc90436495d3051c57985ff25443,0x161643f280b09be8e0271eef8efc6c264d125003,0x929fe4e69f03227365baf6de902595a3920b73dc,2026-08-06T22:15:07,dense_internal_fund_flow;token_activity_burst,0xa9059cbb,true
25696404,0x63ef6054ca56097f13f7d60ef6566ac06eb00898e53be9d6674edae2f9dcbcf5,0x5b43453fce04b92e190f391a83136bfbecedefd1,0xbdb3ba9ffe392549e1f8658dd2630c141fdf47b6,2026-08-06T22:15:07,complex_trace;token_activity_burst,0x000000c3,false
25696404,0xb11604d6c6e9cd85a6609c9801bd9a39074ac34c4f4999067470ab200e51ea78,0x930b88a592a045c428f3d99f7f3e5f95e3967508,0x1103fc560de8b710983e7f3ec09d587f3f848566,2026-08-06T22:15:07,dense_internal_fund_flow,0x011bfe26,true
25696404,0xb44fcd582faf2b7619da286e4f5bd7be2d20bfdcd7a1349fa081691202243214,0x3431172c887cf150d9fdaba9876273d9db566367,0x64f5aad0e38e2ff9f50f2e51e813e49c05aca41a,2026-08-06T22:15:07,repeated_internal_token_drain;dense_internal_fund_flow;complex_trace;high_gas_used_context;token_activity_burst;repeated_risky_internal_calls,0xa9059cbb,true
25696405,0x98de968ed5aca120d26092036125389095774f1068dc8ea9df8d7b9ffc5878c1,0x51a62a8dce68402518f0bc785a6f9d2aedd22437,0x03f34be1bf910116595db1b11e9d1b2ca5d59659,2026-08-06T22:15:13,dense_internal_fund_flow;complex_trace,0xa32fe0a1,true
25696405,0x70847609e0462c07178e86a5149c099b017aee0cec430c08fec608854304be3f,0x902cabc83daf98bdc457c09a150fe62e2261063b,0x6131b5fae19ea4f9d964eac0408e4408b66337b5,2026-08-06T22:15:17,dense_internal_fund_flow;large_erc20_asset_flow;complex_trace,0xe21fd0e9,true
25696406,0x083a57420c8c83a1bdce461831c902d9c8e3a10371eada03be250debccb759b7,0x7830c87c02e56aff27fa8ab1241711331fa86f43,0xa9d1e08c7793af67e9d92fe308d5697fb81d3e43,2026-08-06T22:15:25,large_erc20_asset_flow,0xca350aa6,true
25696406,0x37cba449d215a56479456cf65ed80b6e9132232960f14c8517f8c62f6d185d0a,0xf2547bdbb1a0d1f3c13ab7d36cf8b95453316dd8,0x7da4e68469ac0a87ffd146b559851ec5a56eda8d,2026-08-06T22:15:27,large_erc20_asset_flow;high_gas_used_context;token_activity_burst,0x6a761202,true
25696406,0x535d1a0188693c51c147f89bead2c0c99ff03cd173ed0a043794aa4cfca91af7,0x59aab1bd0d26290274398c07b55955c15425e16b,0x00fe78205f5f0e63b8ad2b2ae5337f538a610e04,2026-08-06T22:15:28,complex_trace;high_gas_used_context,0x34fcd5be,false
25696406,0x98968cc7243b8bb5a7aa17fe6f8b786d5994bcedfbeddaf0955b7f863c1b1805,0xe487832018fbd594c84f1db3dfac61cde98a5f36,0x91ff8bbd8ebb07893010d50a48a1609e5ebd8e34,2026-08-06T22:15:28,complex_trace;high_gas_used_context,0x069d1525,false
25696406,0xb774b67bf1f75f25fd8e88eccc65e8856738dd7eb2e473c9fab0501bd7ba7034,0xc73019f991dcbcc899d6b76000fdccc99a208235,0xf4e147db314947fc1275a8cbb6cde48c510cd8cf,2026-08-06T22:15:28,privileged_execution_context,0x760d0f9d,false
25696406,0xfa02492299dfe6bd148e33f5c467321471f74d615324ffc1fbbe8159d0ab86fc,0x0e0052a184fd59c6b7e1e99d739802ecb3aec0e4,0x0b8a49d816cc709b6eadb09498030ae3416b66dc,2026-08-06T22:15:28,complex_trace;token_activity_burst;approval_burst,0xf497df75,false
25696407,0x13e84cd458f37fa9f01d52921d2e09e3a282b544b216ae692b5d3ec318ff97b1,0x650a10c5bb6511f31796bd7c139df7de3d938e56,0x881d40237659c251811cec9c364ef91dc08d300c,2026-08-06T22:15:34,large_erc20_asset_flow;complex_trace,0x5f575529,true
25696407,0x6aa1d34c8d51a35423890c9126600865d5479eb45829bbf49538bf0e9ab0c4f2,0xf70da97812cb96acdf810712aa562db8dfa3dbef,0xb92fe925dc43a0ecde6c8b1a2709c170ec4fff4f,2026-08-06T22:15:34,dense_internal_fund_flow;complex_trace,0xcd6e13f7,true
25696407,0xe81c4cc521380a92b340bcacb23d80352971ce818012538045ac2074c2559af1,0x6beb61c5eee8a1b0ddb881ae767b38ee6ad2f743,0x51f9bf6a1d99d3c38ff1aa55879307b604cb0199,2026-08-06T22:15:34,selfdestruct_context,0xf3fef3a3,false
25696407,0x2de01b1bb32a5274ec035f59a3353963251bad455d29aa2cecfdb0f113ca7bdf,0x80d04079ffc53eb14edbeeb37279d126f45552df,0x6be35f189cae4608243c7aaa2b5a6dcfe51e58b5,2026-08-06T22:15:35,repeated_internal_token_drain;dense_internal_fund_flow;complex_trace;token_activity_burst;repeated_risky_internal_calls,0x8aaa8f3b,true
25696407,0xa49c034e727c627e5a2fb1cff249ac8c00c4c73fd928b30fd09c02f666c2007b,0x59aab1bd0d26290274398c07b55955c15425e16b,0x00fe78205f5f0e63b8ad2b2ae5337f538a610e04,2026-08-06T22:15:35,repeated_internal_token_drain;dense_internal_fund_flow;complex_trace;high_gas_used_context;token_activity_burst;repeated_risky_internal_calls,0x34fcd5be,true
25696407,0xbab90d3628bb20cca9570fa70c5be3af13e86434e02a57fa82f4ed9ef77735e6,0x0fa0df0e305d9eb9e39156ac2859486b98bc2939,0x86e4dc95c7fbdbf52e33d563bbdb00823894c287,2026-08-06T22:15:35,complex_trace;high_gas_used_context,0x4e43e495,false
25696408,0xbd3519c70dbd2e2af1dc47c2d988f6618bd6ca836ce0d9fd83fb6e2b71636f67,0x7830c87c02e56aff27fa8ab1241711331fa86f43,0xa9d1e08c7793af67e9d92fe308d5697fb81d3e43,2026-08-06T22:15:44,dense_internal_fund_flow,0x1a1da075,true
25696408,0x2a2b165206860ea4fce4573af4123f03aede2c4bf0575c21a15dc34043ae94e7,0x1584a8ee67789d1fe161065388657ad2f2a3c7dd,0x77eb52e44db06777bce478159f25c0d55a295314,2026-08-06T22:15:46,repeated_internal_token_drain;dense_internal_fund_flow;complex_trace;high_gas_used_context;token_activity_burst;repeated_risky_internal_calls,0xa9059cbb,true
25696408,0x4ce3e0c976bc31e54c2645fa74bd5249d4b53f69affdb03b1a7aa3cef556ecf8,0xed8f393d2582c9b2ef57559fa5c49f5e5b6d543a,0x28b1dc1a5e3699a428bc51d234dfab7c9cb2a183,2026-08-06T22:15:46,complex_trace;high_gas_used_context,0x0c307f76,true
25696408,0x8f6d76fe66ca0fd3a83bc007fa5e860603b945920ae39ecdf2bcb0032f69824a,0x0e0052a184fd59c6b7e1e99d739802ecb3aec0e4,0xd82461784eb72d4b67cbab077989eb215315e272,2026-08-06T22:15:46,complex_trace;approval_burst,0x805f7b65,false
25696408,0xbd466adedcbf083e036dcd7ced8dc59e19bee2963a3a9244560a709205f561fc,0x3260cbcab630da929353427bf1d250da9186b0a0,0x6a000f20005980200259b80c5102003040001068,2026-08-06T22:15:46,dense_internal_fund_flow;complex_trace,0xe3ead59e,true
25696408,0xc1d5a3237e81c8a18da9689cd39cc7390feedb3e6696106ac25b535b22ef9786,0x43370371e0bb085d04d02a815230aaf67b35ef25,0x0000000071727de22e5e9d8baf0edac6f37da032,2026-08-06T22:15:46,large_erc20_asset_flow;complex_trace,0x765e827f,true
25696408,0xcb18fa57b6e23ab163f44005b9ac6216ecf3ae8a0c162ade076af05bd2a81513,0x9642b23ed1e01df1092b92641051881a322f5d4e,0xfaf17849fb05a11a4e233f221bac99ca43fc83f8,2026-08-06T22:15:46,large_erc20_asset_flow,0x6b13fcb1,true
25696409,0x4927846dd2090b6009376220dd12fb64d0adc8cc3c55f6cd831f4343ee59f662,0x0e0052a184fd59c6b7e1e99d739802ecb3aec0e4,0xd82461784eb72d4b67cbab077989eb215315e272,2026-08-06T22:15:54,complex_trace;approval_burst,0x805f7b65,false
25696409,0x60f91b46e80777c586ef51920ac94ff3edff6982dd06c9ecf4f5fab13cf251a2,0x0e0052a184fd59c6b7e1e99d739802ecb3aec0e4,0x0b8a49d816cc709b6eadb09498030ae3416b66dc,2026-08-06T22:15:57,complex_trace;token_activity_burst;approval_burst,0xf497df75,false
25696409,0x70cf1d0dd5b987152809e9ef8eec6873dad689532ff3bb4f77c36e782b587514,0xd78910c72ad46747dfef5d11bf837637c1074a2a,0x888888888889758f76e7103c6cbf23abbf58f946,2026-08-06T22:15:57,complex_trace;high_gas_used_context;token_activity_burst,0x60fc8466,true
25696409,0x712f0fbd90bc5e316cafc632c746ea2ea7552b91eec43698e8b4b51311ccdbe0,0x17a9aa3f7945fb00c2eb16857baa4adb63da59db,0x0000000071727de22e5e9d8baf0edac6f37da032,2026-08-06T22:15:57,dense_internal_fund_flow;complex_trace,0x765e827f,true
25696410,0xa975e229ce2ca691b833d944deed9ed5fdc5d698bb32ad1963a9794121e598d4,0x5b43453fce04b92e190f391a83136bfbecedefd1,0xbdb3ba9ffe392549e1f8658dd2630c141fdf47b6,2026-08-06T22:16:04,complex_trace;token_activity_burst,0x000000c3,false
25696410,0x209ce39c2595a4d6cd4dc77d418342e1bffe801a1cdf3dd21fefcd874d533b0d,0x93a3ef00c8fe6c22957f4f0590ab64dc9cdbbac8,0xfe463b55dad2f2a145a7ec5293ba6a1e17ce24af,2026-08-06T22:16:06,large_erc20_asset_flow;complex_trace,0x6a761202,true
25696410,0xc12fc1cf05d6d8cfe994a13da4defa9c86b8f3372b3fee1c5c3eb53a7a334588,0xa8f0b71aed70b06c1ebca8b09659b6db471cc851,0xb300000b72deaeb607a12d5f54773d1c19c7028d,2026-08-06T22:16:06,complex_trace;high_gas_used_context;token_activity_burst,0x810c705b,true
25696411,0x1448fac9d51a6b42c2287cbd6590bddedbc7582d1f52de9a24beba8026d4ea83,0xc6acbee42e9e323140c1ed060c2f6ea9cc3b4b75,0x7c5a71c9fefbc7691f9d4ac7baf70c743792f716,2026-08-06T22:16:14,selfdestruct_context,0xf3fef3a3,false
25696411,0x437a110efba50c489fe206106dffd6d1bc51b3d9aef40a8346151407f8c2bfa5,0x4337021d22bcd0775a0fd1b4a6665051dc15d995,0x0000000071727de22e5e9d8baf0edac6f37da032,2026-08-06T22:16:14,privileged_execution_context;complex_trace,0x765e827f,false
25696411,0x9afb98b1450eacb8044a238b14ee13ae18915eb1d25f0e11ac2d46981ba3156f,0x0e0052a184fd59c6b7e1e99d739802ecb3aec0e4,0x0b8a49d816cc709b6eadb09498030ae3416b66dc,2026-08-06T22:16:14,large_erc20_asset_flow;complex_trace;token_activity_burst;approval_burst,0xf497df75,true
25696411,0x9dc2acedd118e93496c5d98853b3b04040eeac8aefcfc726b17183fc61a735b3,0x9662d4214a1cf4c71356712fd168ce6e293128e5,0x9ca0dafa3acc172a37b5cca26ff7962117b5965b,2026-08-06T22:16:14,dense_internal_fund_flow;large_erc20_asset_flow;complex_trace,0x6a761202,true
25696411,0xa06b3b5e3b10c30d8ead78ec3d8156c8b1dbd601b78fd0956d9795494dc8b97c,0xe837770fc477522360cf620bc15ba34cb9e4a6d0,0x0000000000001ff3684f28c67538d4d072c22734,2026-08-06T22:16:14,large_erc20_asset_flow;complex_trace;high_gas_used_context;token_activity_burst,0x2213bc0b,true
25696411,0xf15a9d39e6b6de0ca34c42fdf1023838047145066a809ae0a34c7ad15d735a9a,0x433702948d7be4201a2bcee6c349ad807c547a5d,0x0000000071727de22e5e9d8baf0edac6f37da032,2026-08-06T22:16:14,large_erc20_asset_flow;complex_trace,0x765e827f,true
25696412,0x54d4eb8cf54904db9dd14fc65a470aea5247bb61b943f5c37da62d5467253f49,0xa5a5491bca93dd4c076e4906e79e7673f4a5a142,0xb92fe925dc43a0ecde6c8b1a2709c170ec4fff4f,2026-08-06T22:16:23,complex_trace;high_gas_used_context,0xcd6e13f7,false
25696412,0xe9fa57cf228b656ee94d8dd51413198ba8d519a3a8b46e4fb5800b183ebf20d0,0x8243c2021fb560f92b027aca8999b5069873c341,0x28b1dc1a5e3699a428bc51d234dfab7c9cb2a183,2026-08-06T22:16:23,complex_trace;high_gas_used_context,0xf2c42696,true
25696412,0x061f55d2e95934d882c61ccd9ab3e42b7cdfb71f23436dad098c8ac75650bd7e,0xbad000006db10503589262b55d09bb7b3c5e1472,0xbbbbb048b1a85ca221058c45525095b6a68bbbbb,2026-08-06T22:16:24,complex_trace;high_gas_used_context;token_activity_burst,0xa9059cbb,false
25696412,0x79f2ff69f809d7db94d27b2e7cd31df12606f4d10e95ecdd0aaf122018c24e24,0x2b3fed49557bd88f78b898684f82fbb355305dbb,0x09c30cdcdd971423cb3ba757a47d56c35d06d818,2026-08-06T22:16:24,dense_internal_fund_flow,0x318adb8b,true
25696412,0xf20eb7b12510db1b5a7971139383a2c6eb00fe7702e073e105ee39e8f2ad5616,0x4dac875b9a35048c38689a1c4e89c8eb2e7236ef,0x1fde2ecc1df422be840f5eb29afb555b2fe1360a,2026-08-06T22:16:24,privileged_execution_context;complex_trace,0xb460af94,false
25696412,0xd998c9e23f04e9c6e3a52d97f0b9a69e604e6a93e563570e7a54fcee186f1477,0xe8aacac49c4645a92ec2232ea33a8175c865a6bc,0xf4e147db314947fc1275a8cbb6cde48c510cd8cf,2026-08-06T22:16:25,privileged_execution_context,0x760d0f9d,false
25696413,0x964a3a989a03dc57a426b55b6bdca70b281d36af81833484eabbe326ef8fb988,0xcdf480fd1b07b604554b75c0d873a62a1d0e1e88,0xb300000b72deaeb607a12d5f54773d1c19c7028d,2026-08-06T22:16:33,complex_trace;high_gas_used_context;token_activity_burst,0x810c705b,true
25696413,0x9eca40cf013aaef492bec01d48b9cc193bf60e02ad7df34c3aeb4c9f057d056a,0x769d895320f5dccdcac2356ec1c764a727ab5592,0x96b22eb7178d116797e57197e586b70fedae8fdd,2026-08-06T22:16:33,complex_trace;high_gas_used_context,0x6e553f65,false
25696413,0xcbaa08ba01198dff8cec9d55df10662ff17c0f0900f0b52719cae5d4758b64aa,0xf095e71886efaaa1d2ce66c3f9aa4cd4e8467ca9,0xf4e147db314947fc1275a8cbb6cde48c510cd8cf,2026-08-06T22:16:34,privileged_execution_context,0x760d0f9d,false
25696413,0xf8861256a88265b7e64bb84199c86d25280bdb47df00dc43402d47020a7cd099,0x0e0052a184fd59c6b7e1e99d739802ecb3aec0e4,0x0b8a49d816cc709b6eadb09498030ae3416b66dc,2026-08-06T22:16:34,complex_trace;token_activity_burst;approval_burst,0xf497df75,false
25696414,0x87db996f8bd64f743f886c0363f59315e2e3a6716fbf752662bc8d1ea24cbec3,0x2d494399a5c2ec04239455d92df197af607e7399,0x28b1dc1a5e3699a428bc51d234dfab7c9cb2a183,2026-08-06T22:16:46,complex_trace;high_gas_used_context,0xf2c42696,false
25696414,0xeb3c28aa85ab687f9073e96dd559aed885fc711bfe3b0c167fd0f23bf5e3c578,0x751dce30e2cf174191fa0e4261ddae9ca45a0243,0x7c6eda316fc4abf1efaba8015e6ff04b241fcb35,2026-08-06T22:16:46,complex_trace;high_gas_used_context;token_activity_burst,0x6a761202,false
25696414,0xf834712c77ebdc438b183ded0c97a12f629225f4b67fe1044be633aadcf36342,0xc6acbee42e9e323140c1ed060c2f6ea9cc3b4b75,0x7c5a71c9fefbc7691f9d4ac7baf70c743792f716,2026-08-06T22:16:46,selfdestruct_context,0xf3fef3a3,false
25696415,0x0e6cf22631acceb4ec18e98811c168c5a38c978f6a9847d4763db1e3f8b0ee60,0x59aab1bd0d26290274398c07b55955c15425e16b,0x00fe78205f5f0e63b8ad2b2ae5337f538a610e04,2026-08-06T22:16:50,repeated_internal_token_drain;dense_internal_fund_flow;complex_trace;high_gas_used_context;token_activity_burst;repeated_risky_internal_calls,0x34fcd5be,true
25696416,0x61fa718c14a171cc8c330f681e144786dcf5087e830378f1549ec1cf14feecd1,0xcdf480fd1b07b604554b75c0d873a62a1d0e1e88,0xb300000b72deaeb607a12d5f54773d1c19c7028d,2026-08-06T22:16:58,complex_trace;high_gas_used_context;token_activity_burst,0x810c705b,true
25696416,0x9506152e07ec64b3f1d03bb198e5af80d15ce0177fe21ca4ee9d5ae9c97b7c27,0xf70da97812cb96acdf810712aa562db8dfa3dbef,0xccc88a9d1b4ed6b0eaba998850414b24f1c315be,2026-08-06T22:16:58,large_erc20_profit_to_sender;large_erc20_asset_flow;complex_trace,0x0a2b8f36,true
25696416,0xc72cea77e32a7d50344bbf8b55cf361397a26b1894b5df21a93602c3d9e86426,0x9662d4214a1cf4c71356712fd168ce6e293128e5,0x9ca0dafa3acc172a37b5cca26ff7962117b5965b,2026-08-06T22:16:58,dense_internal_fund_flow;complex_trace;high_gas_used_context,0x6a761202,true
25696417,0x3738e0159f1b279dd2131c1434de2f5a1ca17f3a35aa30019bcbb8aa64ec6afc,0xae2fc483527b8ef99eb5d9b44875f005ba1fae13,0x1f2f10d1c40777ae1da742455c65828ff36df387,2026-08-06T22:17:07,large_erc20_asset_flow;complex_trace;high_gas_used_context,0x2b60c7bb,true
25696417,0x75c510e03dc78cc84852e3a4e266ee55f8cd2963c710da47772e589f1dae88dc,0xae2fc483527b8ef99eb5d9b44875f005ba1fae13,0x1f2f10d1c40777ae1da742455c65828ff36df387,2026-08-06T22:17:07,dense_internal_fund_flow;large_erc20_asset_flow;complex_trace,0x2b78c7bb,true
25696417,0x0cf061fa8863a8115f0b0266e5c733277fcdcb8e70b6e22f1f46552f7ab2cbe2,0xf70da97812cb96acdf810712aa562db8dfa3dbef,0x147bde4f997f0d4c7544ed0c55eacf1e5e6bf9c4,2026-08-06T22:17:08,large_erc20_asset_flow;complex_trace,0xc7c7f5b3,true
25696417,0x33b15edc4aa3efc8597d78639c13bad3fa8857c52464327cd2f799b7134be51b,0xa67d7eb4dc68fa6ce8e34ef8cadaf075b9893fbb,0xccc88a9d1b4ed6b0eaba998850414b24f1c315be,2026-08-06T22:17:08,dense_internal_fund_flow;complex_trace,0x0a2b8f36,true
25696417,0x6e099080de17b4c99e5b34470f3e9e8538e2cf5fd0dc148bd03317d0a47aa712,0xed8f393d2582c9b2ef57559fa5c49f5e5b6d543a,0x28b1dc1a5e3699a428bc51d234dfab7c9cb2a183,2026-08-06T22:17:08,complex_trace;high_gas_used_context,0x0c307f76,true
25696417,0xa506122e573407be9c8b7d549dabf034a05b09507b11f8a985748bf17e50b85e,0xf235487c57a61172c88f7952d813ffa3fa9704d4,0x28b1dc1a5e3699a428bc51d234dfab7c9cb2a183,2026-08-06T22:17:08,complex_trace;token_activity_burst,0x0c307f76,false
25696417,0x0390c0ac7672f07e3eb16f4d4820e20fac2532de7f92152019b2e338191ba4b5,0xc6acbee42e9e323140c1ed060c2f6ea9cc3b4b75,0x7c5a71c9fefbc7691f9d4ac7baf70c743792f716,2026-08-06T22:17:10,selfdestruct_context,0xf3fef3a3,false
25696417,0x54dc1cb83e5ed9197b822cd00a3d30a6f8ae24b9e41e2e135a579113137a0388,0x080ccea8654fd4ff80b81e46cff2278689d88fb0,0x6566194141eefa99af43bb5aa71460ca2dc90245,2026-08-06T22:17:10,large_erc20_asset_flow;complex_trace,0x374f435d,true
25696417,0x738cbe4f40b62b3d80f2e5f39eaf68b172bf5f87a4657e720b64fd90a2d7b774,0x1c53b02ddb0c853ff2d861001853a4a0f32ac584,0x28b1dc1a5e3699a428bc51d234dfab7c9cb2a183,2026-08-06T22:17:10,large_erc20_asset_flow;complex_trace;high_gas_used_context,0xf2c42696,true
25696417,0x7aa011256a48a5d14f2413f8f641986ca6381e4406e9d2626146be5c7aae9622,0xde992badd92adaf9146255e9bde6a70770973664,0x3d0f22bf11636cc9cb129e2b261eed35a487455c,2026-08-06T22:17:10,complex_trace;high_gas_used_context,0xa9059cbb,false
25696417,0x7cf4925c40611828c32ab6efd308844f9bc2eef4825fc36419cbaa6a7b4941a7,0xe7488e7f5c60bfa81d38965c02b4cc5aa6249a11,0x000000000004598d17aad017bf0734a364c5588b,2026-08-06T22:17:10,complex_trace;high_gas_used_context,0x0fbb12dc,false
25696417,0x9d14d700c892268c865bcbaaa74fb05386108c7905572d4d698b43e1ec663186,0xde992badd92adaf9146255e9bde6a70770973664,0x3d0f22bf11636cc9cb129e2b261eed35a487455c,2026-08-06T22:17:10,complex_trace;high_gas_used_context,0xa9059cbb,false
25696417,0xbdc9c186f436d76e9a9a415e6ca4d6ccab8df7a77d24af91825fd2780e28057f,0xde992badd92adaf9146255e9bde6a70770973664,0x3d0f22bf11636cc9cb129e2b261eed35a487455c,2026-08-06T22:17:10,complex_trace;high_gas_used_context,0xa9059cbb,false
25696417,0xf39fe3f8f821ca9bb83d27e8dad954e8a7da4089807711c6ec5895d45bbc5b7f,0xde992badd92adaf9146255e9bde6a70770973664,0x3d0f22bf11636cc9cb129e2b261eed35a487455c,2026-08-06T22:17:10,complex_trace;high_gas_used_context,0xa9059cbb,false
25696417,0xf5f88e75e3008380c754fc2fcca992e890b36a199e0905361756e8342276e31b,0xde992badd92adaf9146255e9bde6a70770973664,0x3d0f22bf11636cc9cb129e2b261eed35a487455c,2026-08-06T22:17:10,complex_trace;high_gas_used_context,0xa9059cbb,false
25696417,0xfa80f407d32ee9e8582e8bde7922860a35238f901cc21cab7462a1c06daf38fd,0xde992badd92adaf9146255e9bde6a70770973664,0x3d0f22bf11636cc9cb129e2b261eed35a487455c,2026-08-06T22:17:10,complex_trace;high_gas_used_context,0xa9059cbb,false
25696418,0x31c063397f9f7471e48a92eb969c6cb37c7b4c4900cbf217c85e9724703dd643,0x7830c87c02e56aff27fa8ab1241711331fa86f43,0xa9d1e08c7793af67e9d92fe308d5697fb81d3e43,2026-08-06T22:17:42,dense_internal_fund_flow,0x1a1da075,true
25696418,0x5494c65b0c8dbdd6776e74ad9bb160fa35919cb8d08abf7f731eee0be4568f99,0x05854d0c70d2f696fb3d9c0863100956b795e2ff,0x0fb6e8ecd8ca55c79122f4e114fb46afe1924089,2026-08-06T22:17:43,complex_trace;approval_burst,0x9d83fd7f,false
25696418,0x722c109cf9fdba1936f1dc329367fe3397e654558322195b0a21fd11da8044dd,0xe074c79346fc23c2dfba5e08f32afee4f7a40cc7,0x07964f135f276412b3182a3b2407b8dd45000000,2026-08-06T22:17:43,dense_internal_fund_flow;complex_trace;high_gas_used_context,0x6b3ec416,true
25696418,0x95b59cc7fc9a58b92ec9cd6d18b3143cd300470bd61f3e7bbfdaf2ccfc50cdd7,0xfab5ff477752cda65315440e9e570c1acf569a05,0x1231deb6f5749ef6ce6943a275a1d3e7486f4eae,2026-08-06T22:17:43,complex_trace;high_gas_used_context,0x80c65808,true
25696418,0xbbbc27f14607e3b84606cdd85b783af2c166959e17720252dd5fbb16dd2ee586,0x6fedfdb4249cd5dca3030fd09e0e1368f23cb4f8,0x0889e9327b98d7d1be3c301a4585ff3330502c9a,2026-08-06T22:17:43,dense_internal_fund_flow;complex_trace;token_activity_burst,0x1fff991f,true
25696418,0x0d3f1bffb8ba2f1586c4797b754dd5e31255cb7d312a8594df8e5913220a171a,0x902cabc83daf98bdc457c09a150fe62e2261063b,0x99c9fc46f92e8a1c0dec1b1747d010903e884be1,2026-08-06T22:17:44,dense_internal_fund_flow;complex_trace,0xe11013dd,true
25696418,0xb380bb9ad3d8f86c1b4c80929fbd2895ae3b005279f493207c736aad4d376ad7,0x1584a8ee67789d1fe161065388657ad2f2a3c7dd,0x77eb52e44db06777bce478159f25c0d55a295314,2026-08-06T22:17:44,repeated_internal_token_drain;dense_internal_fund_flow;complex_trace;high_gas_used_context;token_activity_burst;repeated_risky_internal_calls,0xa9059cbb,true
25696418,0xcfd1aa21ec3e29c5b30600fe8930672c3a8711a2ea79410a8b2ba24371d576d0,0x59aab1bd0d26290274398c07b55955c15425e16b,0x00fe78205f5f0e63b8ad2b2ae5337f538a610e04,2026-08-06T22:17:44,complex_trace;high_gas_used_context;token_activity_burst,0x34fcd5be,false
25696419,0xbf63bbbf52ebf812e984df11a1fc80b6bc3e98e225980d96aa020977ba001ad3,0xf078969e55cabf9ae3f26afeb5ec627b4430f19e,0x6131b5fae19ea4f9d964eac0408e4408b66337b5,2026-08-06T22:18:35,repeated_internal_token_drain;dense_internal_fund_flow;very_complex_trace;high_gas_used_context;token_activity_burst,0xe21fd0e9,true
25696419,0xd3d362e1e06e2a755462f0f9079da7f91c3e2feab6eced94cd1ccb50e05c28d1,0xfb05502b9cd8e54ddaa866c88b1a3bc6d6364ff0,0xcb0151ac9479a6a0261622baa63ae843c9793d45,2026-08-06T22:18:35,large_erc20_asset_flow;complex_trace,0x64cd187f,true
25696419,0xf63f59b265155bfde7de9ba89965dc8f44d9ba26a8db74e0df9f60313e5a8bd9,0xc6acbee42e9e323140c1ed060c2f6ea9cc3b4b75,0x7c5a71c9fefbc7691f9d4ac7baf70c743792f716,2026-08-06T22:18:35,selfdestruct_context,0xf3fef3a3,false
25696419,0x17a67054925d2dc97c062e0c2a0cf68f66c16b2c6f23feace5e8361daa077ef1,0x4c8701c14b802b4b0eae3df4074fd68a457ce507,0x91ff8bbd8ebb07893010d50a48a1609e5ebd8e34,2026-08-06T22:18:36,complex_trace;high_gas_used_context,0x069d1525,false
25696419,0xbca3c60c67d83d7a49eb48f4cf7f4e814f3dbb35cc4e8723dfe145dec0d4e135,0xdf8adfe10d4a4d9f0fc4d3e377a6e8d5730eb40c,0x06cff7088619c7178f5e14f0b119458d08d2f5ef,2026-08-06T22:18:36,large_erc20_asset_flow;complex_trace,0x99999999,true
25696419,0xc4b61d16c570ea9590b68fdf066d1513aed1fd2c40ed4c2072f84278ea151f8a,0xd79fb5e39aaebb1321980e6feab259a5c080f470,0x1231deb6f5749ef6ce6943a275a1d3e7486f4eae,2026-08-06T22:18:36,dense_internal_fund_flow,0x80c65808,true
25696419,0xdc8b42f4342f314cf94aac60a6ce2d61f26490f0d5227c9bcf5ad0685f67e80c,0xde992badd92adaf9146255e9bde6a70770973664,0x3d0f22bf11636cc9cb129e2b261eed35a487455c,2026-08-06T22:18:36,complex_trace;high_gas_used_context,0xa9059cbb,false
25696419,0xc54c4fe875d5ff71488a4fab4917e94cf056b8d1a6e6f679c5977b53126a32fe,0xdda3b51e29f9d6fad865c5dd7070d5f7eb57663e,0x8d8210a0252a706cb5de0c6f8e46b6d3692afc19,2026-08-06T22:18:37,complex_trace;high_gas_used_context,0xffc3a769,false
25696419,0xeb5dfe3d95f485e3e8561f222b43bbece7b5237fd43fcb2bc94ff9271a2336a1,0xc3c14cddabba96e414b095606f3bdc0f530b6786,0x6131b5fae19ea4f9d964eac0408e4408b66337b5,2026-08-06T22:18:37,large_erc20_profit_to_sender;large_erc20_asset_flow;complex_trace,0xe21fd0e9,true
25696419,0x6c7e1bd3ddc08bc3b681db61cf0534ce8a5a44e949f16c278fdfe368dd154408,0x1584a8ee67789d1fe161065388657ad2f2a3c7dd,0x77eb52e44db06777bce478159f25c0d55a295314,2026-08-06T22:18:38,repeated_internal_token_drain;dense_internal_fund_flow;complex_trace;token_activity_burst;repeated_risky_internal_calls,0xa9059cbb,true
25696420,0x0380d58d58ac10aedb89bd5a496627de6170f3c3c57fbba7114e2c5d02c7f0bf,0xae2fc483527b8ef99eb5d9b44875f005ba1fae13,0x1f2f10d1c40777ae1da742455c65828ff36df387,2026-08-06T22:18:48,large_erc20_asset_flow;complex_trace,0x2bd0a0b8,true
25696420,0xaf8e8154c4a26410255b7ecc69d868fb81d9a8447b5cf354d9c9fd320de68768,0xae2fc483527b8ef99eb5d9b44875f005ba1fae13,0x1f2f10d1c40777ae1da742455c65828ff36df387,2026-08-06T22:18:48,large_erc20_asset_flow;complex_trace;approval_burst,0x2bd0bd21,true
25696420,0xcb90a5b45eb6fbeb89b4bdf005b94cad365bcf7da8c3140f86f679a24482d5ca,0xfeed46c11f57b7126a773eec6ae9ca7ae1c03c9a,0xbeef0c075da5d01112ae5cf34d257074fb5ddb2f,2026-08-06T22:18:48,large_erc20_asset_flow;complex_trace;high_gas_used_context,0xac9650d8,true
25696420,0xe60b4ff5b26aa22f540f41ecdd0d7a170e189b4bd4481f6f52062e383d4c311a,0x515cc41a9b9a0e040082d027b72230ecdf0b41a1,0x0000000000001ff3684f28c67538d4d072c22734,2026-08-06T22:18:48,large_erc20_profit_to_sender;large_erc20_asset_flow;complex_trace;high_gas_used_context;token_activity_burst,0x2213bc0b,true
25696420,0x60ea7e66862305c04aebfa05494244eee0a8c657e110ecfcfcf9ff38b1cc67b9,0x161643f280b09be8e0271eef8efc6c264d125003,0x929fe4e69f03227365baf6de902595a3920b73dc,2026-08-06T22:18:51,dense_internal_fund_flow;token_activity_burst,0xa9059cbb,true
25696420,0xa3945c5a3d47d7b209425045cc18128cf906ca915c5388e60bf9076f93edb3d8,0x3431172c887cf150d9fdaba9876273d9db566367,0x64f5aad0e38e2ff9f50f2e51e813e49c05aca41a,2026-08-06T22:18:51,repeated_internal_token_drain;dense_internal_fund_flow;complex_trace;high_gas_used_context;token_activity_burst;repeated_risky_internal_calls,0xa9059cbb,true
25696420,0xae1484dde757847afdc346218593d97734ff29c0be922a5676bf518860aed0fc,0x03d9964f4d93a24b58c0fc3a8df3474b59ba8557,0x5654f9b89ac6952f09043c1282114dbd32bcc2e5,2026-08-06T22:18:51,complex_trace;high_gas_used_context;token_activity_burst,0x0e5c011e,true
25696420,0xd35ed6d8218ac33775a743c64f2b69f99b6664b2b0e86eafb75e0b5a5e006387,0x9662d4214a1cf4c71356712fd168ce6e293128e5,0x9ca0dafa3acc172a37b5cca26ff7962117b5965b,2026-08-06T22:18:51,large_erc20_asset_flow;complex_trace,0x6a761202,true
25696420,0xff6252cd9cc6499f950688afdc2fb080e1fb2aceb90c3f515679d99362a98761,0xb1f1000b4fcae7cd07370ce1a3e3b11270cac0de,0x5cc9400ffb4da168cf271e912f589462c3a00d1f,2026-08-06T22:18:51,complex_trace;high_gas_used_context;token_activity_burst,0xf41b2db6,false
25696421,0xc0fe5fd4c4b46a2ddd544acdb3e619a89669bdcc21c42e4aa3ee8f911cd269d1,0xcde89f2f6ee755ef007e0d5eb312fd9a6c2ce193,0x9640c8dd3b96fc35e08ddeba4d04637ba096c426,2026-08-06T22:19:10,large_erc20_asset_flow;complex_trace,0x00000000,true
25696421,0x9d282068f250379e2d35189378f09b8f27362377c59826f558a8e2e8700bbe23,0x7b3d5355714850cdd44b9f0e2b87035a5cd61adc,0x69460570c93f9de5e2edbc3052bf10125f0ca22d,2026-08-06T22:19:11,complex_trace;token_activity_burst,0x14d08fca,true
25696421,0xa43e518943e5b41a6b5f5147c8758905672016c25c46058e64222c84c02eb452,0x0e0052a184fd59c6b7e1e99d739802ecb3aec0e4,0xd82461784eb72d4b67cbab077989eb215315e272,2026-08-06T22:19:11,complex_trace;approval_burst,0x805f7b65,false
25696421,0x22797fa4dcadd0b1f912ba9a27808926e8bc8f0cc427766fd4a361fb4c425776,0x59aab1bd0d26290274398c07b55955c15425e16b,0x00fe78205f5f0e63b8ad2b2ae5337f538a610e04,2026-08-06T22:19:42,complex_trace;high_gas_used_context,0x34fcd5be,false
25696421,0x4bb2c055621ed3114dc4f7d867d334d462808e7fc955a2a697cddf42426af6ac,0xfb2c579c1d5f82c7b0f2a3479e5f9bc26bd22b62,0x86ebdf902d800f2a82038290b6dbb2a5ee29eb8c,2026-08-06T22:19:42,large_erc20_asset_flow;complex_trace,0xb4dc8294,true
25696421,0xe422fe0fe170aa945ec65894a4ab6f2b959e5e4242bc7cb96458d45e2a89bd8c,0x80d04079ffc53eb14edbeeb37279d126f45552df,0x6be35f189cae4608243c7aaa2b5a6dcfe51e58b5,2026-08-06T22:19:42,repeated_internal_token_drain;dense_internal_fund_flow;complex_trace;token_activity_burst;repeated_risky_internal_calls,0x8aaa8f3b,true
25696421,0xecbf5442993d3ae21852ea4f5609d7df4db51c55b43c1a317c3c6109c466e733,0xae5db57873bb542afc3c25419da4c6211c4f3ea8,0x0ba6d224169bbfad4eb2d38c500d2c8e8ede696c,2026-08-06T22:19:42,dense_internal_fund_flow;complex_trace,0x5742f567,true
25696421,0xf5b816b8ad5b87699ccc1a77e353e7ab6dc8e46ebc55a8dc7670e89ce0f3f5b3,0x80fbefbee7e2bb2ac085f082674dc8c0bccfa135,0xec2c96e75b09e29b66bf2ee5c37fa749ef9aa7c7,2026-08-06T22:19:42,large_erc20_asset_flow;complex_trace,0xdb5c7e88,true
25696422,0x81bdd4868dc94b56d6845ef4ab6f37b16e47aac5d88710ee0c63c441f970c19d,0x7830c87c02e56aff27fa8ab1241711331fa86f43,0xa9d1e08c7793af67e9d92fe308d5697fb81d3e43,2026-08-06T22:19:48,large_erc20_asset_flow,0xca350aa6,true
25696422,0xdbf89985059451f0712cb37bf0d5d5e300c8f82a89c95b14ced364cdd9b12d52,0x4337006f33e2940fcbebd899bf2396117e65df9b,0x5ff137d4b0fdcd49dca30c7cf57e578a026d2789,2026-08-06T22:19:48,large_erc20_asset_flow;complex_trace,0x1fad948c,true
25696422,0xe24afc9ee1987eebaf210cdc963f1d81716fa9236cdec12b811a8c4c157248f5,0x6c45b0a56a451a86f67e65ffb090bcde940933cf,0x91ff8bbd8ebb07893010d50a48a1609e5ebd8e34,2026-08-06T22:19:48,complex_trace;high_gas_used_context,0x069d1525,false
25696422,0x68b0552f3dc560970946f30c118ebcaecb41d1cfa57c242eacd4fd8332558b76,0x59aab1bd0d26290274398c07b55955c15425e16b,0x00fe78205f5f0e63b8ad2b2ae5337f538a610e04,2026-08-06T22:19:49,complex_trace;high_gas_used_context,0x34fcd5be,false
25696422,0xd955979b764a1d26e3d23b133b7dc1154629c712bf41b53878b4a4332051f81a,0x1584a8ee67789d1fe161065388657ad2f2a3c7dd,0x77eb52e44db06777bce478159f25c0d55a295314,2026-08-06T22:19:49,repeated_internal_token_drain;dense_internal_fund_flow;complex_trace;token_activity_burst;repeated_risky_internal_calls,0xa9059cbb,true
25696423,0x5975f8a47ccb7053f45eb1593b0fb89bc4740fd91178b77207a725052f1f87e8,0xba47dd38a366a11ef25f25429a61918941c46712,0x80a98aba7adc8b43d839c4547519a02a01b93c3d,2026-08-06T22:19:51,large_erc20_asset_flow;complex_trace;high_gas_used_context;token_activity_burst;approval_burst,0x601881f3,true
25696423,0x7c6f2d14cc3586690bc20a864aac2fd5dd3c868eba6177f026519c2bef327f15,0x1bf0b6850d8fe855bd5b13691bbae21896b16585,0x7cb008fe0a5884f9554d3543359067eebc5f9d2e,2026-08-06T22:19:51,large_erc20_asset_flow;complex_trace;high_gas_used_context;token_activity_burst,0x601881f3,true
25696424,0x22f5a9097fe927f12080a2fe0f051d2078fff61bd671ff22730de53f99cc67ca,0x7830c87c02e56aff27fa8ab1241711331fa86f43,0xa9d1e08c7793af67e9d92fe308d5697fb81d3e43,2026-08-06T22:19:59,dense_internal_fund_flow,0x1a1da075,true
25696424,0xecdd5b33852952924e74dd837705520c592cab0d2d34ef013e97acf0e5932b88,0xfb05502b9cd8e54ddaa866c88b1a3bc6d6364ff0,0xcb0151ac9479a6a0261622baa63ae843c9793d45,2026-08-06T22:19:59,large_erc20_asset_flow;complex_trace;approval_burst,0x64cd187f,true
25696424,0xe41b5f1612fbdf86c48c3b50c91412c57082ce327fd60f488148db0ecc1598c4,0x5343b904bf837befb2f5a256b0cd5fbf30503d38,0x367c1eaf14aa06b78ce76bd0243297de79d85270,2026-08-06T22:20:00,very_complex_trace;high_gas_used_context;token_activity_burst,0xb8cdbd27,false
25696424,0x145a0a449fcf0f3e0183862244b839f7c24c76118101fecc232f7ac1b1dc8870,0x43370398500dae4ba10669646a1fd1577407f637,0x5ff137d4b0fdcd49dca30c7cf57e578a026d2789,2026-08-06T22:20:03,large_erc20_asset_flow;complex_trace,0x1fad948c,true
25696424,0x3a772870f75565f0ec66bfd28d051cabfa64ed59131c5ce9f3de75860046c845,0x4337023cce7419f20db4057b4dc3e2ea0c2151e0,0x4337084d9e255ff0702461cf8895ce9e3b5ff108,2026-08-06T22:20:03,large_erc20_asset_flow;complex_trace,0x765e827f,true
25696424,0x843f696f1047ee27e72015cbab864f7398d9c109be19956261d396e8fbb2befc,0x0e0052a184fd59c6b7e1e99d739802ecb3aec0e4,0xd82461784eb72d4b67cbab077989eb215315e272,2026-08-06T22:20:03,complex_trace;approval_burst,0x805f7b65,false
25696424,0xb7c9b83cb9cf47cb39ddadc9a64c1a5c8ef2086da77f1cb8f5abf44d0bc832cb,0xa505815a526f1200c17b7ffae0067318d734b9d8,0x8263a07504d93cb95e0a74f3627bb15faaf140e2,2026-08-06T22:20:03,large_erc20_asset_flow;complex_trace,0x137fba4e,true
25696424,0x89d6aa2da9672235dfe7ad9986eecac7a645afd95b48e80d3ed60d5b43682646,0x0cabab9e55b49f1754d5c8b0a92219939d8e5e3f,0xa06890a40940fdc71a2853cb07e81b4df77ef8aa,2026-08-06T22:20:05,large_erc20_asset_flow;complex_trace,0x8c56c940,true
25696424,0xd58feb03c99f775ab3d9c639e92dffcb009784354c26e1da58b414df78e25ffd,0x59aab1bd0d26290274398c07b55955c15425e16b,0x00fe78205f5f0e63b8ad2b2ae5337f538a610e04,2026-08-06T22:20:05,complex_trace;high_gas_used_context;token_activity_burst,0x34fcd5be,false
25696424,0xf7d01d70ce000bb72bca8f26d059387a65ff7758b05028a834af8162a97848e8,0x59aab1bd0d26290274398c07b55955c15425e16b,0x00fe78205f5f0e63b8ad2b2ae5337f538a610e04,2026-08-06T22:20:05,complex_trace;high_gas_used_context;token_activity_burst,0x34fcd5be,false
25696425,0x1ff64f0d926060fefc17f8e8b3c2cf9c8aded184123ba5c039b726200d63b866,0xcb7acec96bb62c739e3950697559cb34f5c5385e,0x0e3a42763cc09b41a3e8c5e683f5fa7d3806f76d,2026-08-06T22:20:14,large_erc20_asset_flow;complex_trace;high_gas_used_context;token_activity_burst;approval_burst,0x601881f3,true
25696425,0x285d5690a6c1ee72acb059c5c12be3e44ba7b43308ccdab43593a2c14d073235,0x70d94aa3ad899b5456e8b1199049f98e2ab36a55,0x4313c378cc91ea583c91387b9216e2c03096b27f,2026-08-06T22:20:14,dense_internal_fund_flow,0xeffbec13,true
25696425,0x6cadfa818385512c2a323f67c50630d12f56674ec4fed35d47014dbffcfccf9b,0x943810707e090f1bdc486c4c990d43da3b162e52,0xa9d635ef85bc37eb9ff9d6165481ea230ed32392,2026-08-06T22:20:14,dense_internal_fund_flow;complex_trace,0x13d79a0b,true
25696425,0x3249a6060a45f2e2b160390cac40485ac46e4c50fe171a64ffa851162acd698b,0xe20446cccbfd5f9038e747f1dea8016ecbd94ae5,0x442be06bb5d13711a22ccd3fa382b72a874c5135,2026-08-06T22:20:15,privileged_execution_context,0xf7b5c341,false
25696425,0x54373add380e14cfad4896d898c37717025c606652d8e5ca8100ea663da96c17,0xf279dfcdd57e1571c95e2c5b7e2ee453cbcdf77f,0x5ff137d4b0fdcd49dca30c7cf57e578a026d2789,2026-08-06T22:20:15,dense_internal_fund_flow;large_erc20_asset_flow;complex_trace,0x1fad948c,true
25696425,0x7e2415b65f8cbc7b279641047f19343a193b125d7fd9dcf66ad20876f247177a,0xde992badd92adaf9146255e9bde6a70770973664,0x3d0f22bf11636cc9cb129e2b261eed35a487455c,2026-08-06T22:20:16,complex_trace;high_gas_used_context,0xa9059cbb,false
25696425,0xb9ece63e68557221a81f806d73f79c80f0e115e2327bd81fdf63d073100d1121,0x59aab1bd0d26290274398c07b55955c15425e16b,0x00fe78205f5f0e63b8ad2b2ae5337f538a610e04,2026-08-06T22:20:16,complex_trace;high_gas_used_context;token_activity_burst,0x34fcd5be,false
25696426,0x5a75950f19276717aafe0bb25cfe995b68ecb2618caac0a88a89a3721fb9ab7b,0x2ddff588417d365133869ffee5c74fb610d9d404,0x1921e0ff550c09066edd4df05d304151c45e77de,2026-08-06T22:20:32,dense_internal_fund_flow;complex_trace,0x13d79a0b,true
25696426,0x91778255479ebb9bd0aaa8bbf443a610d8029e254f154968e1875d021183735e,0x3ee92cd00993a4488ae153ab41ac7947cbcbc1de,0x9205a569b0ff45df1e4f5ae48e21bc7f0656f0bb,2026-08-06T22:20:32,large_erc20_asset_flow;complex_trace,0x8b578ac6,true
25696426,0xe78cd2adfbcbf4400309cf2a8c153f830c1137642e2caf09dde4846c2e3641c7,0x72f48504dba5e71443f34f7e0402c743fc594a44,0x28b1dc1a5e3699a428bc51d234dfab7c9cb2a183,2026-08-06T22:20:32,dense_internal_fund_flow;complex_trace;high_gas_used_context,0x0c307f76,true
25696426,0xf6859761ce93956b99c9e678e5223a628e2d49c53df022832fb11925bf3771ff,0x3ee92cd00993a4488ae153ab41ac7947cbcbc1de,0x9205a569b0ff45df1e4f5ae48e21bc7f0656f0bb,2026-08-06T22:20:32,large_erc20_asset_flow;complex_trace,0x8b578ac6,true
25696426,0x084d000d722e84bd4c44e743fe02223727cb65ed3292a97ab2172bf630a78169,0x4b2540985403f2cfa708cd159cfc9a1fd919f2f2,0x69460570c93f9de5e2edbc3052bf10125f0ca22d,2026-08-06T22:20:33,complex_trace;high_gas_used_context;token_activity_burst,0xb25b1c31,false
25696426,0x47822f8a2570a738db51a6ff79b50c30da0ae0f4ad1e550147080ff1292c4617,0xd6434d157f254276d69ede3bd9fc805482206908,0x7ec8a30a34b86927dc77b302603d1d53e640bef7,2026-08-06T22:20:34,high_gas_used_context;token_activity_burst,0xa9059cbb,false
25696426,0x4956fc3d661b0a4959704fbd437d9308b55b4574ba78acebabad4e5b2e331ee8,0x59aab1bd0d26290274398c07b55955c15425e16b,0x00fe78205f5f0e63b8ad2b2ae5337f538a610e04,2026-08-06T22:20:34,complex_trace;high_gas_used_context;token_activity_burst,0x34fcd5be,false
25696426,0x653b61cb10a64f5382364e4b0f85e95de720469c515e38111dec40b65f58f7fb,0x1584a8ee67789d1fe161065388657ad2f2a3c7dd,0x77eb52e44db06777bce478159f25c0d55a295314,2026-08-06T22:20:34,repeated_internal_token_drain;dense_internal_fund_flow;complex_trace;token_activity_burst;repeated_risky_internal_calls,0xa9059cbb,true
25696426,0xa9f94163c98c5339ab426fee98d81971a26b71ed323c8721d18db01573921065,0x1dfff1c520a74a1c81bd1f20e08912b27314b2f6,0x337685fdab40d39bd02028545a4ffa7d287cc3e2,2026-08-06T22:20:34,dense_internal_fund_flow,0xfa74fd43,true
25696427,0x2515372bcf3021be37c123086ca21cc5eeced30313c78fc2be4b7f6a30f2d071,0xcb22999a452b26bfb24e39bc2b87a9a3921cef23,0x3154cf16ccdb4c6d922629664174b904d80f2c35,2026-08-06T22:20:44,large_erc20_asset_flow;complex_trace,0x540abf73,true
25696427,0xe2f34784a6e67e214b5d405622132343fa4388d12b7ef3011b357d8004799f7c,0x59aab1bd0d26290274398c07b55955c15425e16b,0x00fe78205f5f0e63b8ad2b2ae5337f538a610e04,2026-08-06T22:20:44,complex_trace;high_gas_used_context;token_activity_burst,0x34fcd5be,false
25696428,0x1f1efb87dcacf5ee311658ce4573773de2952bd63dff970937dca39d4bdd51c1,0x5b43453fce04b92e190f391a83136bfbecedefd1,0xbdb3ba9ffe392549e1f8658dd2630c141fdf47b6,2026-08-06T22:20:49,dense_internal_fund_flow;complex_trace;high_gas_used_context;token_activity_burst,0x000000c3,true
25696428,0x399d10e25ca0c967b7638f1cd98a47b7e5a2f65e5ad0c8e0e24ac0b03aebd1bb,0xaa208a41fadcd06443466e7b9fcc7a9bd3f35f2d,0x888888888889758f76e7103c6cbf23abbf58f946,2026-08-06T22:20:51,large_erc20_asset_flow;complex_trace;high_gas_used_context;token_activity_burst,0xa373cf1a,true
25696428,0x58c398a5bc4d5a6d80a4522da059a6d3f80cd6054958be64c0cf67b3906dc344,0xc6acbee42e9e323140c1ed060c2f6ea9cc3b4b75,0x7c5a71c9fefbc7691f9d4ac7baf70c743792f716,2026-08-06T22:20:51,selfdestruct_context,0xf3fef3a3,false
25696428,0x655c8dac464c21d41bb3dfc65b58602cdd8a4b9e6da149ba3de81c8f7634c6ae,0x4d3b5fcef016c29d33213e1e696487d58ecea333,0x1231deb6f5749ef6ce6943a275a1d3e7486f4eae,2026-08-06T22:20:51,dense_internal_fund_flow;complex_trace,0x80c65808,true
25696428,0x6b5dc02bea2465b5eafd2fb8db5e2bb99f4fd6d596968e98ef5e4a3406294b43,0xd6f00b7a4d98d6f2f2c78aa436ff0699b70482bc,0xe25fb378b2d98e6320cac3b32dcff2b2ae710879,2026-08-06T22:20:51,large_erc20_asset_flow;complex_trace,0x7ae7cfb5,true
25696428,0x6f1bbe8c71222ca72124213c0e3b1b53d1d9ed912fe09b26314df824a40bf7a5,0x8873e590a918b4b72517c84c7f9e6201c79a1ace,0xd3a08068bc0f2dce70ee7e361b7e5b6f4c343284,2026-08-06T22:20:51,large_erc20_asset_flow;complex_trace,0x6a761202,true
25696428,0x99beaf3a98392fce06fe6803e97f8028d215225ef7deeffda72b8d0996d3534e,0x7830c87c02e56aff27fa8ab1241711331fa86f43,0xa9d1e08c7793af67e9d92fe308d5697fb81d3e43,2026-08-06T22:20:51,dense_internal_fund_flow,0x1a1da075,true
25696429,0x30823f1d96d7e822805b50ee9467264fb96a48347cc9fec7d67d29bde41f1894,0x5b43453fce04b92e190f391a83136bfbecedefd1,0xbdb3ba9ffe392549e1f8658dd2630c141fdf47b6,2026-08-06T22:20:58,dense_internal_fund_flow;complex_trace;high_gas_used_context;token_activity_burst,0x000000c3,true
25696429,0x96d23f9675ce8b175f4ec36ba35031377535c7846943349a60d4902c554f2c54,0xc6acbee42e9e323140c1ed060c2f6ea9cc3b4b75,0x7c5a71c9fefbc7691f9d4ac7baf70c743792f716,2026-08-06T22:20:58,selfdestruct_context,0xf3fef3a3,false
25696429,0x5af93479fe5639ea253c7e18eaf48e91cabf3abf3f3295d0223df786eff12b34,0xcbcb97907eb9daf329de438d7fc522e9e6983f5f,0xbd216513d74c8cf14cf4747e6aaa6420ff64ee9e,2026-08-06T22:20:59,large_erc20_asset_flow,0xdd46508f,true
25696429,0xf6f80e6379c9f9d32711fb8cbe432a80ea4b11c159a076df5293903bd76e0820,0x211d98242e4c58e9eb17e3cc135a165bd59dd172,0x5ff137d4b0fdcd49dca30c7cf57e578a026d2789,2026-08-06T22:20:59,large_erc20_asset_flow;complex_trace,0x1fad948c,true
25696429,0xfe82cb7da40d293594e5a8dd5dcf5bae72e004285aa1a81c689ea614fcbcedd0,0xd6f00b7a4d98d6f2f2c78aa436ff0699b70482bc,0xe25fb378b2d98e6320cac3b32dcff2b2ae710879,2026-08-06T22:20:59,large_erc20_asset_flow;complex_trace,0x7ae7cfb5,true
25696429,0x0099f6ede7cc9d6dc0d68fcea6b9e7bcac876d67eed8dc5b8e49369a56549a54,0xa154b98e53fc35e1bad1ff758acbc8c629bdcd2b,0x19917386eeae67b6ff7ddf07de4019fca40aa4ec,2026-08-06T22:21:00,repeated_internal_token_drain;dense_internal_fund_flow;complex_trace;high_gas_used_context;token_activity_burst;repeated_risky_internal_calls,0xa9059cbb,true
25696429,0x926c892341f83596cee2ca8f6543f7085c1c906ebb773867275ad80cd250a503,0xb66f376f3699c8e87c115de85575be49ae29a20c,0x0000000000001ff3684f28c67538d4d072c22734,2026-08-06T22:21:00,large_erc20_profit_to_sender;large_erc20_asset_flow;complex_trace;high_gas_used_context;token_activity_burst,0x2213bc0b,true
25696429,0xc28d6154496f0826ecc766ea6ccc2685199a9f3469588a1265f017a8984192c0,0x59aab1bd0d26290274398c07b55955c15425e16b,0x00fe78205f5f0e63b8ad2b2ae5337f538a610e04,2026-08-06T22:21:00,complex_trace;high_gas_used_context,0x34fcd5be,false
25696430,0x21e1da74481fb6edcec72296027964568b62877be9ce6c7e50a24c7630065ad3,0x7830c87c02e56aff27fa8ab1241711331fa86f43,0xa9d1e08c7793af67e9d92fe308d5697fb81d3e43,2026-08-06T22:21:07,large_erc20_asset_flow;token_activity_burst,0xca350aa6,true
25696430,0x27575ceedbd8bad4a439c1f2e02eff0dbe9525d998ab270d5e6f46435416b9bd,0xbcd63668336546725b79fa792da0bdaa00831e7d,0xaba01d24e219f1b15c2207bd316bd3850eaf9850,2026-08-06T22:21:07,complex_trace;high_gas_used_context,0x84c7dae6,false
25696430,0x2fc992b7ea46eb476f4004f1f62a918be7ae2a43eae2c0ef9352cb63e6191909,0x441e69aad29f1c80311ab28d1901adaae58fce78,0x28b1dc1a5e3699a428bc51d234dfab7c9cb2a183,2026-08-06T22:21:07,complex_trace;high_gas_used_context;token_activity_burst,0x0c307f76,true
25696430,0x6a15d22252fba76205cbc28132cf268f069fc40f93e9a12069ae3e530dd7bc37,0xd6f00b7a4d98d6f2f2c78aa436ff0699b70482bc,0xe25fb378b2d98e6320cac3b32dcff2b2ae710879,2026-08-06T22:21:07,large_erc20_asset_flow;complex_trace;high_gas_used_context,0x7ae7cfb5,true
25696430,0x8b006cc2c1b9467b6313d54a574dd5542802561ee6a7963c0c01d75c18bea081,0x14ec6e640878f08108869fb380e76afad67b9e3a,0x28b1dc1a5e3699a428bc51d234dfab7c9cb2a183,2026-08-06T22:21:07,complex_trace;high_gas_used_context,0xf2c42696,true
25696430,0x9b9f337f4ded26a56637ac7ff5a75876a7e2672288bfbe1dd6508c0c4bf15a34,0xa04418cd0d9867781f42027332d14133e57f540a,0xee030ec6f4307411607e55acd08e628ae6655b86,2026-08-06T22:21:07,dense_internal_fund_flow;complex_trace,0x6e1537da,true
25696430,0x1e1b06df1fda65bea1f5a9b3a5db699109267a8a77e0d1b7aae3881e2d0b0ed5,0x59aab1bd0d26290274398c07b55955c15425e16b,0x00fe78205f5f0e63b8ad2b2ae5337f538a610e04,2026-08-06T22:21:08,complex_trace;high_gas_used_context,0x34fcd5be,false
25696430,0x90ac4153c0a34ce4ac3226a2f362c86378bd103aff74a619968c20ee9d2ef57c,0x0e0052a184fd59c6b7e1e99d739802ecb3aec0e4,0x0b8a49d816cc709b6eadb09498030ae3416b66dc,2026-08-06T22:21:08,complex_trace;approval_burst,0xf497df75,false
25696431,0x54421cbb4b21aec143484da052c1d53142a78b257dc5d113a188f433a1d792e8,0x654fae4aa229d104cabead47e56703f58b174be4,0x000000000035b5e5ad9019092c665357240f594e,2026-08-06T22:21:14,large_erc20_asset_flow;complex_trace,0x00000004,true
25696431,0xa2c4edb5d03da28b5a8847458d8c40a1eec8c28c69f4aa680419e0ade46aff78,0x654fae4aa229d104cabead47e56703f58b174be4,0x000000000035b5e5ad9019092c665357240f594e,2026-08-06T22:21:14,large_erc20_asset_flow;complex_trace,0x00000004,true
25696431,0x1d57bd6665c0ebe42b7456f310a5f6146b925b07048722c86989082165e63a38,0xc60464fd5317bcd10f52e849db271a2bc5a0e057,0x03f34be1bf910116595db1b11e9d1b2ca5d59659,2026-08-06T22:21:15,dense_internal_fund_flow;complex_trace,0xe47d166c,true
25696431,0x4a87d19b2a17ad258f96394b94a210ca90ef91e8fdea8faac823b348bd697d66,0xa278c06b880ce14e217e65b9f0869a035f23d678,0x881d40237659c251811cec9c364ef91dc08d300c,2026-08-06T22:21:15,complex_trace;high_gas_used_context;token_activity_burst,0x5f575529,true
25696431,0xab6dc8de39aa06a627aebd3556f705fe790735c9db566495db22894495d48911,0xbcd63668336546725b79fa792da0bdaa00831e7d,0xaba01d24e219f1b15c2207bd316bd3850eaf9850,2026-08-06T22:21:15,complex_trace;high_gas_used_context,0x84c7dae6,false
25696431,0xb37ba0f01a9e61aefe8611d60bd760ead2989367e2387a93478be9eccd4c2d8f,0xcd992cfb025014c01ebc2f2311c3f87aa8411d9c,0xe3490297a08d6fc8da46edb7b6142e4f461b62d3,2026-08-06T22:21:15,large_erc20_asset_flow,0x75c890dc,true
25696431,0xe142b7aba15a9ee4c85458d4b5db52ff417b76357577a1ed693ef0e65e69a605,0x0e0052a184fd59c6b7e1e99d739802ecb3aec0e4,0xd82461784eb72d4b67cbab077989eb215315e272,2026-08-06T22:21:15,complex_trace;approval_burst,0x805f7b65,false
25696432,0x2900272c0295839f3712fddd71e57aacd17d60c5602c289e213cf2f43f56774b,0x48d12e0e7ff746c1a84ad1b23939faa1806e1505,0x6131b5fae19ea4f9d964eac0408e4408b66337b5,2026-08-06T22:21:25,large_erc20_profit_to_sender;large_erc20_asset_flow;complex_trace;high_gas_used_context,0xe21fd0e9,true
25696432,0x42b642b8c8fe8f06c92e4fa946e4f1f17acc72cdc96e2b965cfcb035058706ce,0x1d48112936a20e24422c869cd70f66240c4811f6,0x9640c8dd3b96fc35e08ddeba4d04637ba096c426,2026-08-06T22:21:25,large_erc20_asset_flow;complex_trace,0x00000000,true
25696432,0x9f4279a0764a42e268bb4cb6daf35a98c369094d2f2686a049cf384319802414,0x82fa7facf74a8afda946bcdda8f5a478e6c776d2,0x06450dee7fd2fb8e39061434babcfc05599a6fb8,2026-08-06T22:21:26,large_mint_to_sender,0x3ccfd60b,true
25696432,0x7a1dc54393ed9a608182c7be25047f097eb5f3e0a93b57fe5015c589d67a2963,0x289c204b35859bfb924b9c0759a4fe80f610671c,0x6a000f20005980200259b80c5102003040001068,2026-08-06T22:21:27,large_erc20_profit_to_sender;large_erc20_asset_flow;complex_trace,0xe3ead59e,true
25696432,0x83c46c7fffca63259add2b9e530aac61c54ce987556d7ef855117dd9bcf2b9fc,0x1584a8ee67789d1fe161065388657ad2f2a3c7dd,0x77eb52e44db06777bce478159f25c0d55a295314,2026-08-06T22:21:27,repeated_internal_token_drain;dense_internal_fund_flow;complex_trace;token_activity_burst;repeated_risky_internal_calls,0xa9059cbb,true
25696432,0x1f0c76bffefcbfdbe1c251c04fb7c55f5d683412514da2be6ee811a36406c9c4,0x59aab1bd0d26290274398c07b55955c15425e16b,0x00fe78205f5f0e63b8ad2b2ae5337f538a610e04,2026-08-06T22:21:28,repeated_internal_token_drain;dense_internal_fund_flow;complex_trace;high_gas_used_context;token_activity_burst;repeated_risky_internal_calls,0x34fcd5be,true
25696433,0x6c24c8a3ecd3226e434996813b2a4fde8b92c5485b4c86574a24ea52494fef54,0x7830c87c02e56aff27fa8ab1241711331fa86f43,0xa9d1e08c7793af67e9d92fe308d5697fb81d3e43,2026-08-06T22:21:36,dense_internal_fund_flow;high_gas_used_context,0x1a1da075,true
25696433,0x2d768d44ceaf49a523fc64e8f4e2e0df6dc043aec930a5b2262d0510eaf1299b,0x6fedfdb4249cd5dca3030fd09e0e1368f23cb4f8,0x0889e9327b98d7d1be3c301a4585ff3330502c9a,2026-08-06T22:21:37,dense_internal_fund_flow;complex_trace,0x1fff991f,true
25696433,0x302cce7525898246af5b49cdc06efd09d3cbbd66614f33345fc290fdeb511109,0x0e0052a184fd59c6b7e1e99d739802ecb3aec0e4,0xd82461784eb72d4b67cbab077989eb215315e272,2026-08-06T22:21:37,complex_trace;token_activity_burst;approval_burst,0xac9650d8,false
25696433,0xbcc02956e4b290e63bc0963aa9c6f970028535cea5dfc7c22e056332288e4861,0x11c9c9a8e439e3049e9fe7fe4d59d8713bc48046,0xb5b7b8ea681b9be5cd036b81d7366299f112f852,2026-08-06T22:21:37,complex_trace;high_gas_used_context,0x922b79e7,false
25696433,0xde789fcae0a83521206e7cd68d5d8559dc13aaecbd75a7d26f332f974f543556,0x17a9aa3f7945fb00c2eb16857baa4adb63da59db,0x0000000071727de22e5e9d8baf0edac6f37da032,2026-08-06T22:21:37,privileged_execution_context;complex_trace,0x765e827f,false
25696433,0x6cbcf01d1180c59b7564cdde7b3f6b8304540bc7bfd0915399cd248aceb59e99,0x35f74aab2bb462fd59bc27adecf526af5e646f1e,0xf4e147db314947fc1275a8cbb6cde48c510cd8cf,2026-08-06T22:21:39,privileged_execution_context,0x760d0f9d,false
25696434,0x0fc104d10f56f13eab163db9678c23384b850644f29c3741646bfa090935f1ba,0xa278c06b880ce14e217e65b9f0869a035f23d678,0x881d40237659c251811cec9c364ef91dc08d300c,2026-08-06T22:21:46,complex_trace;high_gas_used_context;token_activity_burst,0x5f575529,true
25696434,0x58869034260cba5639e4b8a9ea6a5e44f847f675ff7d1a406bc427c2c6b4439e,0x4ae8f9294dcf802d22af1ccb1e05e8fc7ac26bb2,0x91ac62ff04effe6ca0af12c3da84770fcd32f875,2026-08-06T22:21:47,dense_internal_fund_flow;complex_trace,0x9265bb9d,true
25696434,0x5fe999a45d564a44290e7ef86775ff517cf1de1f098e6d48aafa39b4fe147cc8,0x9081a61b7fcfd59e4b72cc44b6454221c7365c4f,,2026-08-06T22:21:47,large_mint_to_sender;high_gas_used_context;contract_creation_context,0x60806040,true
25696434,0xb1591b60520d65f39d44f795907a0b70263433fbb99600d2dabcf6c16887c2aa,0x27c2a1733f14e1247c5feb1c37cd52ae7d0d2bf2,0x140022b7000081000001094700609300d2187dab,2026-08-06T22:21:47,large_erc20_asset_flow;complex_trace,0xd00262d6,true
25696435,0x9339f09472b5cf2a470389e3c4144b2b302d06c0a1366a2e2cf35c0c3aec1964,0x95a791477613b547e904a7be8ce8683ca1da00fb,0xb5b7b8ea681b9be5cd036b81d7366299f112f852,2026-08-06T22:21:54,complex_trace;high_gas_used_context,0x922b79e7,false
25696435,0x4e7c88546e953ebd5be05d3477180851e85612b80dc56a4f0ea7465b888b1501,0x43370398500dae4ba10669646a1fd1577407f637,0x0000000071727de22e5e9d8baf0edac6f37da032,2026-08-06T22:21:55,privileged_execution_context;complex_trace,0x765e827f,false
25696435,0xc1f7da7782e4c06137511f840030ad74c0a3f152a9391d1a7e0cfe73f90b6342,0x9d5de7440a9a0b29882ee7c96783bb4e75a811a1,0x61fa6471f695f434de83c29b0c4cd06f26d36be0,2026-08-06T22:21:55,large_erc20_asset_flow;complex_trace,0xe329f86b,true
25696435,0xdbf5940b25fab0a785d4f158bd5498a545bcbf2b20dc8cb440644c8806c51fb2,0x46ef4e0c99af23ae475b9e2da926d4def32d2b18,0x0000000000001ff3684f28c67538d4d072c22734,2026-08-06T22:21:55,large_erc20_asset_flow;complex_trace,0x2213bc0b,true
25696435,0xee948d21387405cc26df25b875b393426900ef48c4ea8de7759243089181bbaa,0xf7bac63fc7ceacf0589f25454ecf5c2ce904997c,0xca11bde05977b3631167028862be2a173976ca11,2026-08-06T22:21:55,dense_internal_fund_flow;complex_trace;high_gas_used_context;token_activity_burst,0x252dba42,true
25696435,0x872fde0477d2c49f0cc0ff81208fb4de3ad4389a1abf98e758eae1cddb5fa60e,0x43370250bfc02c7f085cb105558da41e9cdb2d79,0x4337084d9e255ff0702461cf8895ce9e3b5ff108,2026-08-06T22:21:56,dense_internal_fund_flow;complex_trace,0x765e827f,true
25696436,0x03cfe1387fbc76329640843673c6bdfe76ec3fb0f8d6852cf2fbaafb72a94615,0x7830c87c02e56aff27fa8ab1241711331fa86f43,0xa9d1e08c7793af67e9d92fe308d5697fb81d3e43,2026-08-06T22:22:33,dense_internal_fund_flow,0x1a1da075,true
25696436,0x3f1b1ef0165967f28edcfb6ca24b30950794bd6fdd5ede6304397c494fc56134,0x754dcfb2861547015b221e963b4133a71dbdc024,0x40ffe85a28dc9993541449464d7529a922142960,2026-08-06T22:22:33,large_erc20_asset_flow,0x2d67b5ea,true
25696436,0x78f4badbbdfb63d9472857e5c51d7756475899931d7b69a9d74211dd993d9ae5,0x7830c87c02e56aff27fa8ab1241711331fa86f43,0xa9d1e08c7793af67e9d92fe308d5697fb81d3e43,2026-08-06T22:22:33,large_erc20_asset_flow;token_activity_burst,0xca350aa6,true
25696436,0xcd532db89e6f7f0ae9952739c1b113207981f3b0b6570f8426b3724a942290de,0x7a4b19c2f1cc045e8084d95f6afa2c2bcc14adae,0xf0bc39fc911f6437c84d16188dd8294f7110f451,2026-08-06T22:22:33,large_erc20_asset_flow;complex_trace,0x49c0fb89,true
25696436,0xfee7da7af614894af51562d99af0dfa7ebfff8285e8d7ecaddb1532665dc4562,0x433702948d7be4201a2bcee6c349ad807c547a5d,0x4337084d9e255ff0702461cf8895ce9e3b5ff108,2026-08-06T22:22:33,dense_internal_fund_flow;complex_trace,0x765e827f,true
25696437,0x29bc8d513c549431fddcb07492129eb654933e80a56bb59adc6e9ee2d338bbfe,0x9307514e06a07b149471ccfd690d0e3e6ace8df2,0x06cff7088619c7178f5e14f0b119458d08d2f5ef,2026-08-06T22:22:39,large_erc20_asset_flow;complex_trace,0x99999999,true
25696437,0x5f6dbc39ac3f5030daada87d89afb92bb5064ae661e2001b2fcb206b5d51857c,0xa509cae29c94cf76a4698859d4c6b862b920ea96,0x49e55995ef73717895a638074de5af89fa1e301c,2026-08-06T22:22:39,large_erc20_asset_flow;complex_trace;high_gas_used_context;token_activity_burst,0x55f86501,true
25696437,0x9159ffce17d909f05cfd83863d5d0709c4c49d1b5a481538a28e70935df67558,0xf078969e55cabf9ae3f26afeb5ec627b4430f19e,0x6131b5fae19ea4f9d964eac0408e4408b66337b5,2026-08-06T22:22:39,large_erc20_profit_to_sender;large_erc20_asset_flow;very_complex_trace;high_gas_used_context;token_activity_burst,0xe21fd0e9,true
25696437,0x1d526c7602ba1a4d30388ad2e6a4992cf4601f5d67ab962d74722d347b8f9b50,0xe836ef5abbcde8c2a22c299f639cc9480aa52219,0xd226997439ecfbeff8e110c8c78c8a7eefd19f89,2026-08-06T22:22:40,large_erc20_asset_flow;complex_trace,0x99999999,true
25696437,0xa2eb03fecab57c8f011b8fca2463683e8b33a47d94b11ff5b2f84b442e7ee260,0x480a15f9fdb1757d1db6cedc620772553f496637,0xd226997439ecfbeff8e110c8c78c8a7eefd19f89,2026-08-06T22:22:40,large_erc20_asset_flow;complex_trace,0x99999999,true
25696437,0x194faa0d17e6e50fa94f29e2d7539767aca3a1570467ac2a250e0c44d65e3e58,0xe99bd1c2dd70cd58e5efd47887991700e7318ce2,0xad3b67bca8935cb510c8d18bd45f0b94f54a968f,2026-08-06T22:22:42,complex_trace;approval_burst,0x146ee74d,false
25696437,0x52274197ac6d962364d6d083239ed1eda28551af1953adb1ebb830c5dbdca7bb,0xdc26e03525400b120f21d33f87e25eab8c084d73,0x7cf772f60a51563898af5f9cdbc0bcc6c626baaa,2026-08-06T22:22:42,large_erc20_asset_flow;complex_trace;high_gas_used_context,0x00000000,true
25696437,0x773591c338e30909c593903c50ba062ef941076e655e8451db2f854c804ebdbb,0x690a990e1b03905587cd25762cd574501d312bff,0x55c3337d3564aa839b34e38fba291eaaaacb890e,2026-08-06T22:22:42,large_erc20_asset_flow;very_complex_trace;high_gas_used_context,0xfa9a9f80,true
25696437,0x89d0b54e051b5cce4034270cb51217eb688ac8520f93ca4d9242f68472db09a0,0xda2a8e091fb0a9527ec5ef8f4c18b27f847c4b91,0x28b1dc1a5e3699a428bc51d234dfab7c9cb2a183,2026-08-06T22:22:42,dense_internal_fund_flow;complex_trace,0x0c307f76,true
25696437,0xb6dd0d1af809f449ba5c3a88b70cdf9bb62b78cc251dacfe2cf186874e70487b,0x8a33658fc12ac4ee452619aefb2bb0bb07f44210,0x9cfa7fde0361bb6bcbbe33c1dd1b550da508d546,2026-08-06T22:22:42,large_erc20_asset_flow;complex_trace;high_gas_used_context,0x781bde3e,true
25696437,0xf142aed2d447064c15fee909a9fb8e3f615332dff4eefa22d15d91cb508328bf,0xf41933066baff34cf3652acc94e5cc153db28571,0xbd6ad649a16060d26b7c1d97f1e2ecb12375e5a7,2026-08-06T22:22:42,very_complex_trace;high_gas_used_context,0x401d4f73,false
25696437,0xf37aabd96d1c72bf8f8a5d20859511173662b07a0e829b78f8da9f2f6c471952,0xfc4852253407c685f8bda910cd1159939b989a59,0xe45572dff1865af5f12208b09ce7506847f628bd,2026-08-06T22:22:42,large_erc20_asset_flow;complex_trace;high_gas_used_context,0x00000000,true
25696437,0xf5c849f764828fc5506bb747731f47e349105d12136ca0d8402c02e3bbe589ca,0x834d10cef4e5a75d3edddcbb1c5a94f8094e5713,0xd226997439ecfbeff8e110c8c78c8a7eefd19f89,2026-08-06T22:22:42,large_erc20_asset_flow;complex_trace,0x99999999,true
25696438,0x4ea2963bfd619e9d49501493e9a35851427be5391429527d39fc7572d9f0c099,0x352a678dab962d388f18817c7114b696028a5d03,0xbf7af9dab71a4a402347b21a4e531ec114ba2a04,2026-08-06T22:22:45,large_erc20_asset_flow;complex_trace,0x8119c065,true
25696438,0xa3605e2fb84bdfa1b00b5b8dc788c1695f133abb76d202ac45ac2497018f9143,0x515cc41a9b9a0e040082d027b72230ecdf0b41a1,0x0000000000001ff3684f28c67538d4d072c22734,2026-08-06T22:22:45,large_erc20_profit_to_sender;large_erc20_asset_flow;complex_trace;high_gas_used_context;token_activity_burst,0x2213bc0b,true
25696439,0x1f2a847c1b954c3cec67bfb641d16fafeef046ff29be010f1ad1f1489b67fc1a,0x025080f14aa3305049f9ce08d7b92368d54cb9b6,0xcb0151ac9479a6a0261622baa63ae843c9793d45,2026-08-06T22:22:54,large_erc20_asset_flow;very_complex_trace;high_gas_used_context;token_activity_burst;approval_burst,0x64cd187f,true
25696439,0x0b0d17d45d9583d2c0d0516d7712b95874a673bec67de82119b59a2b22b14d49,0x9d5de7440a9a0b29882ee7c96783bb4e75a811a1,0x61fa6471f695f434de83c29b0c4cd06f26d36be0,2026-08-06T22:22:55,large_erc20_asset_flow;complex_trace,0xe329f86b,true
25696439,0x28d64cd1c5ec4e2c8a35f891c923c13d20ea3d2a042233feac8d2c94622b67ca,0x1584a8ee67789d1fe161065388657ad2f2a3c7dd,0x77eb52e44db06777bce478159f25c0d55a295314,2026-08-06T22:22:55,repeated_internal_token_drain;dense_internal_fund_flow;complex_trace;token_activity_burst;repeated_risky_internal_calls,0xa9059cbb,true
25696439,0x681c66e598d39cf190dd673ae7b26d6d1e2d10c9232656eda9e638bcbae6a944,0x188f88455df530b9f154ed72d6fcd6a2cea6a09f,0x3980daa7eaad0b7e0c53cfc5c2760037270da54d,2026-08-06T22:22:55,large_erc20_asset_flow;complex_trace,0x13d79a0b,true
25696439,0x969b132508e37102494475637116a0bc9d9ea66dae03a93b5b6e172aa5fe8112,0x791b483527d78fc7b4efa5236aa6e8e520810285,0x0000000000001ff3684f28c67538d4d072c22734,2026-08-06T22:22:55,dense_internal_fund_flow,0x2213bc0b,true
25696439,0xb32bbc5e92f33a51455b4d966df60c0c12ab64c1409e197952379e21347ed95a,0xdda3b51e29f9d6fad865c5dd7070d5f7eb57663e,0x8d8210a0252a706cb5de0c6f8e46b6d3692afc19,2026-08-06T22:22:55,complex_trace;high_gas_used_context,0xffc3a769,false
25696439,0xc8c603f647f7166b734170a6651205e7076f6a8ac190a74c62077de61c29f4be,0x82e09995c4cb3a74a5d094cb4d08566c8c00e47a,0x6a2e3a1e16fc29f27ce61429746d558d656975bb,2026-08-06T22:22:55,dense_internal_fund_flow;large_erc20_asset_flow;complex_trace,0xd2ce7d65,true
25696439,0xcc42e65b3273bda6227e9ee50a26643b42a1b3215dcc37cc3da97f5b57f7021f,0xbee584df29c8223df7347ada7d4de76175efcccf,0xbee162fa5ae892be74f3f3e01c23da89adbccccc,2026-08-06T22:22:55,large_erc20_asset_flow;complex_trace,0x6d7b7040,true
25696439,0xe36c81092224b3cdef99ab28c5062430885d9a67ba94f7a4f3b02f26777c3d45,0x22face80f43b857141e9752c3bae8c3309fcdd0f,0xa1368d53a26b6f7aacf97575a94b286527f6cf6d,2026-08-06T22:22:55,selfdestruct_context,0xf3fef3a3,false
25696439,0x2f9bba67ea3d3a707704804a901e4856aab4e8c212dd7d0437431e8785b127f1,0x289c204b35859bfb924b9c0759a4fe80f610671c,0xacddac6c77318b615f7f6fb9bb67c6833e9c05f1,2026-08-06T22:22:56,large_erc20_asset_flow,0x571d3dc7,true
25696439,0x85e69d130ed4c4dd5fa3c50c62e7976379b041dbb668cbb6fed09a7520abc072,0x9380c09530758fb212799d914bc52217fc17af60,0x3980daa7eaad0b7e0c53cfc5c2760037270da54d,2026-08-06T22:22:56,large_erc20_asset_flow;complex_trace;token_activity_burst,0xe7c438c9,true
25696440,0x9a9acdc715297af4f7cbc5b726caed5845696820dd4a1a16f35954e58bff32af,0x515cc41a9b9a0e040082d027b72230ecdf0b41a1,0x0000000000001ff3684f28c67538d4d072c22734,2026-08-06T22:23:04,large_erc20_profit_to_sender;large_erc20_asset_flow;complex_trace,0x2213bc0b,true
25696440,0x9cb2844eb5503e32c6a5f17397427979a187c0c0e524c9e4bd003a5356d30d05,0x124ce844fab46dc12183dc35c82ccc9bc83fddd5,0x95480d3f27658e73b2785d30beb0c847d78294c7,2026-08-06T22:23:04,large_erc20_asset_flow;complex_trace;high_gas_used_context;token_activity_burst,0x13d79a0b,true
25696440,0x9cbb97924119e29ccb2693ceecd433bdf44fd617e64fb2b0d80e013dcfdc737d,0xae2fc483527b8ef99eb5d9b44875f005ba1fae13,0x1f2f10d1c40777ae1da742455c65828ff36df387,2026-08-06T22:23:04,large_erc20_asset_flow;complex_trace;approval_burst,0x2bd04c9e,true
25696440,0xa4075ddba4024d446d610e664d6294e8fca83fea41207926b791223c678db37a,0x571b01c14d4b5ebb9cef01c9d41b6a2fc930c0f8,0x0a8accba63f42e743a31f33c44b87be0c83fe230,2026-08-06T22:23:04,large_erc20_asset_flow;complex_trace,0x99000000,true
25696440,0xef49b083dc780ff75a264ac7f32335dd1b149cbb279137eb832715fcfa34d0a0,0xae2fc483527b8ef99eb5d9b44875f005ba1fae13,0x1f2f10d1c40777ae1da742455c65828ff36df387,2026-08-06T22:23:04,large_erc20_asset_flow;complex_trace,0x2bd0a0b8,true
25696440,0x48990bede7e4aa4d04b9b0cd257252c849a6185b62b9f634d52a6562093f2056,0xf974284da64a74c8ff7e1c8ecfa4703cdb89c8e1,0x71d5dcd76fb9ca8fe92b4952f13eaad149a955e0,2026-08-06T22:23:05,large_erc20_asset_flow;complex_trace,0x88000000,true
25696440,0x91a0705b439dc2b884bf984cdab514ad999c7f49c7de34ba6e308b5a01ee790c,0x0e0052a184fd59c6b7e1e99d739802ecb3aec0e4,0xd82461784eb72d4b67cbab077989eb215315e272,2026-08-06T22:23:05,complex_trace;token_activity_burst;approval_burst,0xac9650d8,false
25696440,0xc52626fd10b8a699838b76484342bd6aebc4554bdd2d112b2174422d2849a87b,0xf9ad3a3f0a49d0b489211dc98960b2da016cc08a,0x9640c8dd3b96fc35e08ddeba4d04637ba096c426,2026-08-06T22:23:05,large_erc20_asset_flow;complex_trace,0x00000000,true
25696440,0x75a705e40918afd7191f4ae2897408d7fd3f1076e4ed096f58657427bc5ee041,0xf2fab860188876df18b644b4005becad7f523c8f,0x201b2bd176821eacfb3801f4aa3b1060afb1f76c,2026-08-06T22:23:06,large_erc20_asset_flow;complex_trace,0xa2ccc578,true
25696441,0x31393f80dc0292e39d483fc048588cdaa82b03e96995dbd7e59b18236520fe8f,0x000001ac4e512d670c34fedf6c71ce2f49fb160a,0x4691c475be804fa85f91c2d6d0adf03114de3093,2026-08-06T22:23:20,large_erc20_asset_flow,0x0efe6a8b,true
25696441,0x1152b2a3c4f3dec9acd4debded9a79e376c330c52191eae73cf0aecfe8036ba6,0x35a31744530bf5963c83998344567965969b8f11,0x8090a9db6aca56ffa186c75ca0787b18af1058a0,2026-08-06T22:23:22,large_erc20_asset_flow;complex_trace,0xd85064c2,true
25696441,0x1471a745e14dea7fd66b2194bde2f9d9941c7ea2803a1f787056dff511a342a4,0x22face80f43b857141e9752c3bae8c3309fcdd0f,0xa1368d53a26b6f7aacf97575a94b286527f6cf6d,2026-08-06T22:23:22,selfdestruct_context,0xf3fef3a3,false
25696441,0x7d99ed00740977fbac3ba6fb3488affed83c5e46dd6c808f3a3961112d113cf1,0x935c5559e2f8c8db93b546e72fef4ec820c81287,0xe2221aa07ec3266da87763e2b1e28d07a8a4e53b,2026-08-06T22:23:22,large_erc20_asset_flow,0xac9650d8,true
25696441,0x8971f05a245e385a057262a19ffa213627378ffe0bddc12026f4cd46638f9afe,0xfeed46c11f57b7126a773eec6ae9ca7ae1c03c9a,0xbeeff07d991c04cd640de9f15c08ba59c4fedeb7,2026-08-06T22:23:22,large_erc20_asset_flow;complex_trace;high_gas_used_context;token_activity_burst,0xac9650d8,true
25696442,0x9c08dda91fe59bcff4b29760b1b151a0f9bd34d3500de92aa9649c720b479afc,0xb66f376f3699c8e87c115de85575be49ae29a20c,0x0000000000001ff3684f28c67538d4d072c22734,2026-08-06T22:23:29,large_erc20_profit_to_sender;large_erc20_asset_flow;complex_trace;high_gas_used_context;token_activity_burst,0x2213bc0b,true
25696442,0x4271006f1ea2bfbc9c10bafd3ab571a51774bca98a1abb9ddfd3fa7332367d2c,0x46ef4e0c99af23ae475b9e2da926d4def32d2b18,0xacddac6c77318b615f7f6fb9bb67c6833e9c05f1,2026-08-06T22:23:30,large_erc20_asset_flow;complex_trace,0x571d3dc7,true
25696442,0xa977bd407d5f58690b3f31073e251f1d912c7de5f2636bd728c8c03f642a9386,0xb1f1000b4fcae7cd07370ce1a3e3b11270cac0de,0x5cc9400ffb4da168cf271e912f589462c3a00d1f,2026-08-06T22:23:30,complex_trace;high_gas_used_context;token_activity_burst,0xf41b2db6,true
25696442,0xf9ff4f985d1bd8c05af810987aa816d298eabf8ad294ada5b9831f07e5a5d5a1,0x0e0052a184fd59c6b7e1e99d739802ecb3aec0e4,0xd82461784eb72d4b67cbab077989eb215315e272,2026-08-06T22:23:30,complex_trace;approval_burst,0x805f7b65,false
25696443,0x0e32d6d867757de3f0e3d7a03d3b0ea44aa47a053b793a603ba37aab5286a14b,0xb61b165d336d39bad96642fcf56b4d3d8093070b,0x28b1dc1a5e3699a428bc51d234dfab7c9cb2a183,2026-08-06T22:23:39,complex_trace;high_gas_used_context;token_activity_burst,0x0c307f76,true
25696443,0x1175fbb706ac00c666ef66f1a48c4fc27111bb017e9c49d2956676f0edeacc9f,0x240d6ce8edf36fdc534c920238512b9c0ca96606,0x888888888889758f76e7103c6cbf23abbf58f946,2026-08-06T22:23:39,large_erc20_asset_flow;complex_trace;token_activity_burst,0xc81f847a,true
25696443,0x3e85fbfb1921fe75b30f189eb26b0d68f56396d0e9d6270ef004f8f22dba71b7,0x5f8d74fcfe0b42a3a4d5646c0f5d9124059817a2,0x52b335fd4d229c4b4ffa6190526e4b5fb8e3fb09,2026-08-06T22:23:39,dense_internal_fund_flow;complex_trace,0x085c8c5e,true
25696443,0x5edd68e1086d1f9e23f2a5bed73dbde2829110ad03cc10f45c59038261e51403,0x59aab1bd0d26290274398c07b55955c15425e16b,0x00fe78205f5f0e63b8ad2b2ae5337f538a610e04,2026-08-06T22:23:39,complex_trace;high_gas_used_context,0x34fcd5be,false
25696443,0x8c66afb2c1662329cd0c8a3654694e30311b3048a3dfda6a807edc65b33fcd5b,0x4901782dd31781f5f9b48a0d8f42283a44633086,0x87870bca3f3fd6335c3f4ce8392d69350b4fa4e2,2026-08-06T22:23:39,large_erc20_asset_flow;complex_trace,0x02c205f0,true
25696443,0xc76006849ee8fd3677a6bbd6e609d9708fe910e8dfefb4555363fa761fcfcffc,0xc6acbee42e9e323140c1ed060c2f6ea9cc3b4b75,0x7c5a71c9fefbc7691f9d4ac7baf70c743792f716,2026-08-06T22:23:39,selfdestruct_context,0xf3fef3a3,false
25696443,0xc762aba8f1a9a60af942d5d69560f7d7b1710f80d95927d4da6546e0740c3b97,0x7830c87c02e56aff27fa8ab1241711331fa86f43,0xa9d1e08c7793af67e9d92fe308d5697fb81d3e43,2026-08-06T22:23:39,dense_internal_fund_flow,0x1a1da075,true
25696443,0xd0fa6a24a7ddb5f35378ccb650fef96c5c20e87e4d668fa0dba4c809cac0e315,0x7830c87c02e56aff27fa8ab1241711331fa86f43,0xa9d1e08c7793af67e9d92fe308d5697fb81d3e43,2026-08-06T22:23:39,large_erc20_asset_flow;token_activity_burst,0xca350aa6,true
25696443,0xe5f05a244ccefd4d01ca884c5e57b2566b5abdb24e3a4ea158a22c1f5c529fcb,0x4dac875b9a35048c38689a1c4e89c8eb2e7236ef,0x2b5a321c3cb1f33e1abecd047c2649d0b4c47eba,2026-08-06T22:23:39,large_mint_to_sender,0xb6b55f25,true
25696443,0xf9330cde2ba3bdf1e19711c8e6a1b5b319565458c1195fe1df238b7bf065f0bc,0xd135c4649fc76315c82d9770ff9d3d2af24d59c0,0x28b1dc1a5e3699a428bc51d234dfab7c9cb2a183,2026-08-06T22:23:39,dense_internal_fund_flow;complex_trace,0x0c307f76,true
25696443,0x8230612ddc272eddf9c85644a547a726fa93624ee88a9b3e5ee72d88d0192c77,0xeb73e55348ec9c1caf94c6dc519160af92769a39,0xf4e147db314947fc1275a8cbb6cde48c510cd8cf,2026-08-06T22:24:10,privileged_execution_context,0x760d0f9d,false
25696443,0xb7fc545ef7450e71eb90811838d4f19a284b260f7cb15d241a59e50184169c29,0xb09972f590a2490b6232ccbfe6f31a08f652c24f,0xb6b7ccbbb70d0f5389ddd39fcdc4faaeb62e8998,2026-08-06T22:24:10,privileged_execution_context;complex_trace,0xc6fe8747,false
25696444,0xf8a02814b3ee6a2fb969d18158ed0c2df10fdb8bd602c797abb6fbde0b29b376,0x8797f372e0720e0e1c6179c1e780d074a5861fe6,0x6131b5fae19ea4f9d964eac0408e4408b66337b5,2026-08-06T22:24:17,large_erc20_asset_flow;complex_trace,0xe21fd0e9,true
25696444,0x7656009e6e244c16f70ac6eb425c9b02eb2416977dd9f2bef1411bdf342b4c9e,0x0e0052a184fd59c6b7e1e99d739802ecb3aec0e4,0xd82461784eb72d4b67cbab077989eb215315e272,2026-08-06T22:24:18,complex_trace;approval_burst,0xbad401db,false
25696444,0x5b399f4dc0b76bd7b72f933d3c82fe5128007df17a0e5d27f1c876ebb0834002,0xb09972f590a2490b6232ccbfe6f31a08f652c24f,0xb6b7ccbbb70d0f5389ddd39fcdc4faaeb62e8998,2026-08-06T22:24:19,privileged_execution_context;complex_trace,0xc6fe8747,false
25696444,0xf5fd3a1a962fb53c356cbed67c4f8c9bc1344e1f525ba63afa2aae637d9d270c,0x59aab1bd0d26290274398c07b55955c15425e16b,0x00fe78205f5f0e63b8ad2b2ae5337f538a610e04,2026-08-06T22:24:19,complex_trace;high_gas_used_context,0x34fcd5be,false
25696445,0x6ee8b3e5d9a402e1658fbb73e9167aa1ad651d1bf2c1c90e53c6257789f581e9,0x83c51916f4bb73d50ccf435f3df39eb6a9a7d12f,0x881d40237659c251811cec9c364ef91dc08d300c,2026-08-06T22:24:27,large_erc20_asset_flow;complex_trace,0x5f575529,true
25696445,0x07070d7fe6dbd2e5c01a6aeeefa8bd33c3cca0051da33470e131e5b13b02ee1d,0xde992badd92adaf9146255e9bde6a70770973664,0x3d0f22bf11636cc9cb129e2b261eed35a487455c,2026-08-06T22:24:29,complex_trace;high_gas_used_context,0xa9059cbb,false
25696445,0x0a9d3851b19ed75b06460b37589631c146bf60bbe63769b7fbe5d1c8dee4622d,0x6667cfe4698500cec4ed2cf22a9d6dbf15aec81d,0x2c158bc456e027b2affccadf1bdbd9f5fc4c5c8c,2026-08-06T22:24:29,large_erc20_asset_flow;complex_trace,0x6eefea49,true
25696445,0x2064c29c293195df219504bae7021a81d38773a8f7a3df86085dbd51ab46b7ca,0xf70da97812cb96acdf810712aa562db8dfa3dbef,0xb92fe925dc43a0ecde6c8b1a2709c170ec4fff4f,2026-08-06T22:24:29,dense_internal_fund_flow;complex_trace,0xcd6e13f7,true
25696446,0x11fbec31661912bd1ec5c2e151a97f501123493489335d43364950c64780435c,0x17a9aa3f7945fb00c2eb16857baa4adb63da59db,0x5ff137d4b0fdcd49dca30c7cf57e578a026d2789,2026-08-06T22:24:39,large_erc20_asset_flow;complex_trace;high_gas_used_context,0x1fad948c,true
25696446,0x14025ffac33be23f419ed3e2de3879bc062948836081532c20968ddbb056d180,0x5b43453fce04b92e190f391a83136bfbecedefd1,0xbdb3ba9ffe392549e1f8658dd2630c141fdf47b6,2026-08-06T22:24:39,complex_trace;high_gas_used_context;token_activity_burst,0x000000c3,false
25696446,0x09743d94cd5f7c3d3601740187e21dcd9ebe1aadabc1f919f2490fa66332009d,0x1584a8ee67789d1fe161065388657ad2f2a3c7dd,0x77eb52e44db06777bce478159f25c0d55a295314,2026-08-06T22:24:41,repeated_internal_token_drain;dense_internal_fund_flow;complex_trace;token_activity_burst;repeated_risky_internal_calls,0xa9059cbb,true
25696446,0x29c9f9ca8c1c16e94e66186d498cfa1e41b721fdf2bead4b7a996f495d199774,0x59aab1bd0d26290274398c07b55955c15425e16b,0x00fe78205f5f0e63b8ad2b2ae5337f538a610e04,2026-08-06T22:24:42,complex_trace;high_gas_used_context;token_activity_burst,0x34fcd5be,false
25696447,0x94cc15323a735dc3a21339e7062a2b0737c1276aa682209960bc64f04ab7cf39,0xc60464fd5317bcd10f52e849db271a2bc5a0e057,0x03f34be1bf910116595db1b11e9d1b2ca5d59659,2026-08-06T22:24:49,dense_internal_fund_flow;complex_trace,0xe47d166c,true
25696447,0xc8454b9e09e21db3512597a0acaa3ca7afb121780306d77af7e35f6d0985d67c,0x9a435f4c999511c27854b8975b65dc07fadddf22,0x28b1dc1a5e3699a428bc51d234dfab7c9cb2a183,2026-08-06T22:24:49,complex_trace;high_gas_used_context,0x0c307f76,false
25696447,0xd8dcba9e825804c893c4b16719412830521d18119ed8e2591ac36023e38c2317,0xde5ce22a56ed76bf7054121500b23a718399feb7,0x43de2d77bf8027e25dbd179b491e8d64f38398aa,2026-08-06T22:24:50,large_erc20_asset_flow;complex_trace,0xc280c905,true
25696447,0xe181e071fda9ac8420ccd245dbfb106e52501ea3440f8536212bc80b29774f9d,0x754dcfb2861547015b221e963b4133a71dbdc024,0x337685fdab40d39bd02028545a4ffa7d287cc3e2,2026-08-06T22:24:50,large_erc20_asset_flow;complex_trace,0xe4269fc4,true
25696448,0xbc1e99741da7ba267b3bc5941298544cbb7e5ee7fff40c8cae7e65da02881f32,0x7830c87c02e56aff27fa8ab1241711331fa86f43,0xa9d1e08c7793af67e9d92fe308d5697fb81d3e43,2026-08-06T22:24:55,dense_internal_fund_flow,0x1a1da075,true
25696448,0x2203bd6f894294c92d385f631702017868bf06ec970b79239d70809eb18f1490,0x754dcfb2861547015b221e963b4133a71dbdc024,0x337685fdab40d39bd02028545a4ffa7d287cc3e2,2026-08-06T22:24:56,large_erc20_asset_flow;complex_trace,0xe4269fc4,true
25696448,0xb253117f3e81c6ae732f686e9536cffc6edab513e477b3c3cd6e9e3e4cd7eb6a,0xb23360ccdd9ed1b15d45e5d3824bb409c8d7c460,0x09c30cdcdd971423cb3ba757a47d56c35d06d818,2026-08-06T22:24:56,dense_internal_fund_flow,0x318adb8b,true
25696448,0xf587eed7668dd8c9c6df8c289e2f050da90555fccb8b89e0733a84aaabf4f6c2,0x07ae8551be970cb1cca11dd7a11f47ae82e70e67,0x6a2e3a1e16fc29f27ce61429746d558d656975bb,2026-08-06T22:24:56,dense_internal_fund_flow;large_erc20_asset_flow;complex_trace,0xd2ce7d65,true
25696449,0xb580a84e86d5465e4d505efde69ae1e3285e08876a0b248f958946a6bb46cf73,0x40074ed3469873dfa95edbb8c28ee72c572c6815,0x52b335fd4d229c4b4ffa6190526e4b5fb8e3fb09,2026-08-06T22:25:03,large_erc20_asset_flow;complex_trace;high_gas_used_context;token_activity_burst,0x085c8c5e,true
25696449,0x67072bc54135d2950d01215fa077e6e1a26e2dbeebe5dff4337aa0cb57de015d,0x05854d0c70d2f696fb3d9c0863100956b795e2ff,0x0fb6e8ecd8ca55c79122f4e114fb46afe1924089,2026-08-06T22:25:05,complex_trace;approval_burst,0x9d83fd7f,false
25696449,0x19f296d18b93be497955c0da6eb15a78af374a364ac8960d3a5eaf6e684f4000,0x3876b01aa51d08e954f5d8e9be23087aa47aea15,0xf8b2c637a68cf6a17b1df9f8992eebeff63d2dff,2026-08-06T22:25:07,large_erc20_asset_flow;complex_trace,0xcc8832d9,true
25696449,0x8267189a761032e7bdf1f635d0460f37f99b144b0d747fc863e96c13abac9285,0x8c05d61c5ac6bcf4f617ceff8edc64f166a9cd0d,0x66a9893cc07d91d95644aedd05d03f95e1dba8af,2026-08-06T22:25:07,large_erc20_asset_flow;complex_trace,0x3593564c,true
25696450,0x46e051e44599b8d0371c094d87d398c309db9eeda397ed793ab90371ac44d660,0xf70da97812cb96acdf810712aa562db8dfa3dbef,0xb92fe925dc43a0ecde6c8b1a2709c170ec4fff4f,2026-08-06T22:25:18,dense_internal_fund_flow;complex_trace,0xcd6e13f7,true
25696450,0xccbd18088ee1dd88599523c9eb6c22a1e9b4f1f5d470425a494c88f0d22006cd,0x8873e590a918b4b72517c84c7f9e6201c79a1ace,0xd3a08068bc0f2dce70ee7e361b7e5b6f4c343284,2026-08-06T22:25:18,large_erc20_asset_flow;complex_trace,0x6a761202,true
25696450,0xf327228e3cee12a9115a963b3bc6e0734fed0f0c7c1f7eddecf722ad0c78999c,0x240d6ce8edf36fdc534c920238512b9c0ca96606,0x6566194141eefa99af43bb5aa71460ca2dc90245,2026-08-06T22:25:18,large_erc20_asset_flow;complex_trace,0x374f435d,true
25696450,0xfe7e9386f57566f5325fd5350cdcd48ea3f748e993781eca7a749771b03737ed,0xd6f00b7a4d98d6f2f2c78aa436ff0699b70482bc,0xe25fb378b2d98e6320cac3b32dcff2b2ae710879,2026-08-06T22:25:18,large_erc20_asset_flow;complex_trace,0x7ae7cfb5,true
25696450,0x23412dfb57797aed11b726cbe5422841b89126a49dddc57a49ae8e086ddb0e7a,0x4337001fff419768e088ce247456c1b892888084,0x4337084d9e255ff0702461cf8895ce9e3b5ff108,2026-08-06T22:25:19,dense_internal_fund_flow;complex_trace,0x765e827f,true
25696450,0x2e587122f6ba4835c16dcff2aa2c29bc92a44a6171ab80adc7dc34a05c27b70e,0x8e7db84e610a6ccecbcf67a366ef7df0279f1158,0xb300000b72deaeb607a12d5f54773d1c19c7028d,2026-08-06T22:25:19,dense_internal_fund_flow,0x810c705b,true
25696450,0xef9f25929db79367343542e96ed9e9a7a77fb7513fff18aef22b91dc4d2c7496,0x0a5b2bf3ccfb44c1d22f07eed9553ecba752d4ad,0xd90e2f925da726b50c4ed8d0fb90ad053324f31b,2026-08-06T22:25:19,dense_internal_fund_flow;complex_trace,0xb438689f,true
25696450,0x11f80294df713c5daa70fe2752a255f75e1723f823399ed8312b148fe3bc9ba5,0x59aab1bd0d26290274398c07b55955c15425e16b,0x00fe78205f5f0e63b8ad2b2ae5337f538a610e04,2026-08-06T22:25:20,complex_trace;high_gas_used_context,0x34fcd5be,false
25696451,0xbf0a42d7f9fc44a02ac082d50dcae37efd0e69501def69d89e3543bf34fe4190,0xc0819e1e01204bcb9cb5a0a3be826afedad6edef,0x0000000000000068f116a894984e2db1123eb395,2026-08-06T22:25:29,complex_trace;high_gas_used_context,0x87201b41,true
25696451,0xdf228ff27b20d18c9880bf3704d8e1ba00a9dff2d615c8e823d9ddf2cd668431,0x40a88150427465cca3911358edc96cf16f06e431,0x6131b5fae19ea4f9d964eac0408e4408b66337b5,2026-08-06T22:25:29,complex_trace;high_gas_used_context,0xe21fd0e9,true
25696451,0x5cc1235e1a4bf757de0fe21d4aea198b5fa881d554bb098a0d2cb785ddcff150,0xd6f00b7a4d98d6f2f2c78aa436ff0699b70482bc,0xe25fb378b2d98e6320cac3b32dcff2b2ae710879,2026-08-06T22:25:31,large_erc20_asset_flow;complex_trace,0x7ae7cfb5,true
25696451,0xd9225a16c11dc096d3052ea01a1f4ddd43988597735b1ca8721a8c483102dbac,0xb09972f590a2490b6232ccbfe6f31a08f652c24f,0xb6b7ccbbb70d0f5389ddd39fcdc4faaeb62e8998,2026-08-06T22:25:31,privileged_execution_context;complex_trace,0xc6fe8747,false
25696451,0xdd12f4039e3cf85f00c84f4f84082b8c3b025008fcb10b8e4c0a4b81f96ff287,0x14d0a6bf9e7e162226f2563ea787809217a79033,0x8090a9db6aca56ffa186c75ca0787b18af1058a0,2026-08-06T22:25:31,large_erc20_asset_flow;privileged_execution_context;complex_trace,0xd85064c2,true
25696451,0xe6ec4c74c6d602c4b38b1d5c660668f6f5d245a9c88821e92d35d8c6e6bfc4ff,0x0e0052a184fd59c6b7e1e99d739802ecb3aec0e4,0xd82461784eb72d4b67cbab077989eb215315e272,2026-08-06T22:25:31,complex_trace;approval_burst,0x805f7b65,false
25696451,0xf46a70fbf68de8d46a40f7bfcf9a50a2f2908c49e43d16d1367267a78fdaab4a,0x73b254db9cb71a129c4e73af087d71ac7d34a8d7,0x9641d764fc13c8b624c04430c7356c1c7c8102e2,2026-08-06T22:25:31,large_erc20_asset_flow;complex_trace;high_gas_used_context;token_activity_burst,0x8d80ff0a,true
25696452,0x29f8b9059cb820b8080cca69b06564088559d00527f8e29ec249f4c58e726724,0x7556699aa8e6a7c9c69bcfaf9debd05f8192b063,0x84cab37995229530d9e6e5cff2f8f4ebe4517d66,2026-08-06T22:25:40,large_erc20_asset_flow;complex_trace,0xe587456a,true
25696452,0x266308a842463264592a14c335cc3836946ebb772f0b6049ca8d6cfda1bdfca2,0xd1959a9634c0b54b7433756bbd20d8744e895278,0xe7e68d336f90f98d22a479253eafa5f2424acad8,2026-08-06T22:25:41,dense_internal_fund_flow;complex_trace;high_gas_used_context,0x21c69a19,true
25696452,0x651f04ea14ce61de19ab52d385c59e15f49767056365a2d8796103540b596ab0,0xd6f00b7a4d98d6f2f2c78aa436ff0699b70482bc,0xe25fb378b2d98e6320cac3b32dcff2b2ae710879,2026-08-06T22:25:41,large_erc20_asset_flow;complex_trace;high_gas_used_context,0x7ae7cfb5,true
25696452,0x9f74e9abb70c2c49979938b71da505c515760d8db1b8c9d70f771eb53498c376,0xd411d428a63cf4c7029bc53f0e0f56c4933fdbb7,0xacddac6c77318b615f7f6fb9bb67c6833e9c05f1,2026-08-06T22:25:41,large_erc20_asset_flow;complex_trace,0x571d3dc7,true
25696452,0x64eefe540d83d2d7a33f5d368210cce1a6e2d6ec439b42f5e122e1acce4c08bf,0xd6434d157f254276d69ede3bd9fc805482206908,0x7ec8a30a34b86927dc77b302603d1d53e640bef7,2026-08-06T22:25:42,repeated_internal_token_drain;dense_internal_fund_flow;complex_trace;high_gas_used_context;token_activity_burst;repeated_risky_internal_calls,0xa9059cbb,true
25696452,0xb8b403202d61b180c962532e845ec0e904ed994dc8e251afe03873c393a6c53e,0x8e3e4ade909fc019e2e3f456e07c20bd0d0e8576,0x781cdf8805e01f016fc39204a94e4382c48bcbb4,2026-08-06T22:25:42,very_complex_trace;high_gas_used_context,0x873f371c,false
25696452,0x00abb43479b672dbbf9a91ab8d40ba03fb1dfb6a025832cdc1302cfd2961deb0,0xb09972f590a2490b6232ccbfe6f31a08f652c24f,0xb6b7ccbbb70d0f5389ddd39fcdc4faaeb62e8998,2026-08-06T22:25:43,privileged_execution_context;complex_trace,0xc6fe8747,false
25696452,0x53e0639e4dd772960cf79c09a06b3a07499529877c6daa31cfcd23026430031d,0x779c8e07b291aa1407858e5bd77083bad7cfe23a,0xf4e147db314947fc1275a8cbb6cde48c510cd8cf,2026-08-06T22:25:43,privileged_execution_context,0x760d0f9d,false
25696452,0xeeedf8c309513939da4496b798665dcb2cf83fe4ae96aee5ce70125282b8d12c,0x0cabab9e55b49f1754d5c8b0a92219939d8e5e3f,0x96d3120ef659f765b8e8efc71c2eeb0a1d440282,2026-08-06T22:25:43,large_erc20_asset_flow;complex_trace,0x8c56c940,true
25696453,0xbffe5f6364561095ecf92fc998fdff36137514d127ee622bcfb2f2c86083d807,0x5b43453fce04b92e190f391a83136bfbecedefd1,0xbdb3ba9ffe392549e1f8658dd2630c141fdf47b6,2026-08-06T22:25:46,repeated_internal_token_drain;dense_internal_fund_flow;complex_trace;high_gas_used_context;token_activity_burst;repeated_risky_internal_calls,0x000000c3,true
25696453,0xdf6b78f83d09b31f31e032961ebf7766527662c0843a597f1c13d7deb1f53ce2,0xfe283eb1179d45fa7c77a59cb06dd104c225a2af,0x3154cf16ccdb4c6d922629664174b904d80f2c35,2026-08-06T22:25:46,large_erc20_asset_flow;complex_trace,0x58a997f6,true
25696453,0xeb3e74fc1b1334261e5169acff53c37cf472099f2671ca2aac974f3d150b6484,0x75b970261382bad9ec08ba56f75ca084699a16d6,0x3154cf16ccdb4c6d922629664174b904d80f2c35,2026-08-06T22:25:46,large_erc20_asset_flow;complex_trace,0x58a997f6,true
25696453,0xbcfea27471f8c5f909820a18d3a17735edd57c66224210d0b65af7ade544aa01,0xc6acbee42e9e323140c1ed060c2f6ea9cc3b4b75,0x7c5a71c9fefbc7691f9d4ac7baf70c743792f716,2026-08-06T22:25:47,selfdestruct_context,0xf3fef3a3,false
25696453,0xf8502ad7ee0411e8bb39c9ccee3d17c8ddfc5317e6c95f969842d3b7e2eeaa32,0x7830c87c02e56aff27fa8ab1241711331fa86f43,0xa9d1e08c7793af67e9d92fe308d5697fb81d3e43,2026-08-06T22:25:47,large_erc20_asset_flow;token_activity_burst,0xca350aa6,true
25696454,0x79bf6a4882856b6efc7c76d073c98134c24cbe20522ff1d9839678f51a577b5d,0x5b43453fce04b92e190f391a83136bfbecedefd1,0xbdb3ba9ffe392549e1f8658dd2630c141fdf47b6,2026-08-06T22:25:58,large_erc20_asset_flow;token_activity_burst,0x000000c3,true
25696454,0x24dc03c90160ef37696839cfbd0f964ecae5aeb66c5d16f77afe5ee1361f44cf,0x02ab37c415d9bc1641509347a37cc5104dab4d38,0x6131b5fae19ea4f9d964eac0408e4408b66337b5,2026-08-06T22:25:59,complex_trace;high_gas_used_context,0xe21fd0e9,true
25696454,0xef4b37feacc88b8deb5c41c7b219233c90a0af9887cb780961894c6795be6a9c,0x1584a8ee67789d1fe161065388657ad2f2a3c7dd,0x77eb52e44db06777bce478159f25c0d55a295314,2026-08-06T22:26:00,repeated_internal_token_drain;dense_internal_fund_flow;complex_trace;token_activity_burst;repeated_risky_internal_calls,0xa9059cbb,true
25696454,0xc40c15ce23d4e58a4e14b65bbf1dc383d42800ebc44b0c66fbd936dc7c52a825,0x3431172c887cf150d9fdaba9876273d9db566367,0x64f5aad0e38e2ff9f50f2e51e813e49c05aca41a,2026-08-06T22:26:01,complex_trace;high_gas_used_context;token_activity_burst,0xa9059cbb,false
25696454,0xa3b327c33ce5effc2a48fbd323bc4884e8bde54836142cd5ef678752e7849023,0xb09972f590a2490b6232ccbfe6f31a08f652c24f,0xb6b7ccbbb70d0f5389ddd39fcdc4faaeb62e8998,2026-08-06T22:26:02,large_erc20_asset_flow;privileged_execution_context;complex_trace,0xc6fe8747,true
25696454,0xd4b13a949bb814d53db59bdd1e0cb0f8b8c8a841ae3797ac4a7dcaf8109095d7,0x161643f280b09be8e0271eef8efc6c264d125003,0x929fe4e69f03227365baf6de902595a3920b73dc,2026-08-06T22:26:02,dense_internal_fund_flow;token_activity_burst,0xa9059cbb,true
25696455,0x718cab61ea0cfce4479dd1f7cf286e28de094c75199a25aa3a3af3f1121acbd2,0x8c05d61c5ac6bcf4f617ceff8edc64f166a9cd0d,0x6131b5fae19ea4f9d964eac0408e4408b66337b5,2026-08-06T22:26:10,large_erc20_asset_flow;complex_trace;high_gas_used_context,0xe21fd0e9,true
25696455,0x498c6cdc1d8b418d71a2a83dcb4e963e60fa5e6609a45c6d6a5b2b2adb41b553,0x87376f16268a0b93055a6fbcbe94f093cb589b81,0xf06016d822943c42e3cb7fc3a6a3b1889c1045f8,2026-08-06T22:26:12,complex_trace;high_gas_used_context;token_activity_burst,0x6a761202,false
25696455,0x54918fd1af7c58c6716f35e042cca1e58e335e2178c65ba2206cde265a45fbe3,0xae29f85a93cdee2822a8268b37a494a2c4f29c03,0x66a9893cc07d91d95644aedd05d03f95e1dba8af,2026-08-06T22:26:12,dense_internal_fund_flow;complex_trace,0x3593564c,true
25696455,0x5b9540f898d4242689261ec871fedff7627ac5a7dbc916fd1773d53ea272fb33,0x88993d5b3dc0b6e86115108c4dd3dd73b685cf3a,0x7e960ed5c012dbd72951c210ecc80077c4b844f6,2026-08-06T22:26:12,dense_internal_fund_flow,0x39125215,true
25696455,0x6009057126ea4211b21804394e6c9a3b237e137ff27d5c95af2dd3cf33a14861,0x169092d6aea8b7c6fe4c8f0e68ee3de8db92fd4c,0xf9280799c85d376e0425f6fb38e4a674e8bedb56,2026-08-06T22:26:12,dense_internal_fund_flow,0x39ecce49,true
25696455,0x6043bcd620993f76a44514d0432f3b1f8a1058c852f310cc1c5e0ed2adb12c55,0x04aed92feecdd42d9cbf1639539db81f76468fb6,0x6e8ca8b6aebbd5b1da69cb56fba6cd94c41f46f4,2026-08-06T22:26:12,large_erc20_asset_flow;high_gas_used_context;token_activity_burst,0x6a761202,true
25696455,0xef02cf67dec839a7ce1ec20ad3a0a01c7137da12773e74c2e0744f2c17b56e7c,0xbad000006db10503589262b55d09bb7b3c5e1472,0xbbbbb048b1a85ca221058c45525095b6a68bbbbb,2026-08-06T22:26:12,high_gas_used_context;token_activity_burst,0xa9059cbb,false
25696457,0xe84099af208967d8682bf6d13b5993ddef7e1858b2054aaf44f73ed168883975,0x59aab1bd0d26290274398c07b55955c15425e16b,0x00fe78205f5f0e63b8ad2b2ae5337f538a610e04,2026-08-06T22:26:26,complex_trace;high_gas_used_context;token_activity_burst,0x34fcd5be,false
25696457,0xfa90a1e892778552066f85e6cacbbc7d8fbb0d83948e2cbdc9f03bd872a9b497,0x80d04079ffc53eb14edbeeb37279d126f45552df,0x6be35f189cae4608243c7aaa2b5a6dcfe51e58b5,2026-08-06T22:26:26,repeated_internal_token_drain;dense_internal_fund_flow;complex_trace;token_activity_burst;repeated_risky_internal_calls,0x8aaa8f3b,true
25696457,0x38810e705221693b4c5b242cbac19a29ea48192b4f3bbab71fcef348f3def34c,0x3e00d14c2fc4bada34f57fdadb8e2fb2341eae90,0x1399bb39c241f3b0755a8584205a2f99bdb15bf7,2026-08-06T22:26:29,dense_internal_fund_flow,0x60642803,true
25696457,0xaa7a896ff5cd3358dfb80759f25b6a9aaded637582da77ab68eab5dba0019ec7,0xde12af1121d3801ebed672d0d01910378c8cb4d4,0x28b1dc1a5e3699a428bc51d234dfab7c9cb2a183,2026-08-06T22:26:30,complex_trace;high_gas_used_context;token_activity_burst,0xf2c42696,true
25696457,0x2a2f01cac1a849667623a3d58d39ee97f57efa3ed7840ee63550c58e1cfbb24c,0x0e0052a184fd59c6b7e1e99d739802ecb3aec0e4,0x0b8a49d816cc709b6eadb09498030ae3416b66dc,2026-08-06T22:26:31,complex_trace;token_activity_burst;approval_burst,0xf497df75,false
25696457,0x8d58d78623fb1cba99a5110ea94ce7e88bb5ccc93dc48beb883d36aa51e172be,0x7830c87c02e56aff27fa8ab1241711331fa86f43,0xa9d1e08c7793af67e9d92fe308d5697fb81d3e43,2026-08-06T22:26:31,large_erc20_asset_flow;token_activity_burst,0xca350aa6,true
25696457,0xa5a6823e40c80f39fe826d383b1f9690f2deb2d30f4dcbccf1f010313715b07d,0x347c26de1daedd8417919bbe133566b93feab19e,0xca11bde05977b3631167028862be2a173976ca11,2026-08-06T22:26:31,complex_trace;high_gas_used_context,0x174dea71,false
25696457,0xf4f6785dfc8f57ab9bdec69f064724fb0ee43a268141d036971ac509785905df,0x7830c87c02e56aff27fa8ab1241711331fa86f43,0xa9d1e08c7793af67e9d92fe308d5697fb81d3e43,2026-08-06T22:26:31,dense_internal_fund_flow,0x1a1da075,true
25696458,0x4c53872257003a3ee24a0fea5676aa2325374a644b9ea1249fb8bd9b80fe8061,0x6e255ee487ecc0f0a1a242949b1096b533c8409b,0xb7c2f4c212e83c9503beb0cbe53013bfbdb51f2e,2026-08-06T22:26:41,large_erc20_asset_flow;complex_trace,0x21f515c1,true
25696458,0x530cce0de36d91932f44e86bd08381159d245883f16eae7555b44d44e45984a9,0x028cd459311204e4b467a8be3616331410c978f1,0x7cf772f60a51563898af5f9cdbc0bcc6c626baaa,2026-08-06T22:26:41,large_erc20_asset_flow;complex_trace;high_gas_used_context,0x00000000,true
25696458,0xa38ed38796d48cad649a3d0cb8ea3ffccfcc2d7e823b74a20fdd4ac9ff33bfcf,0x754dcfb2861547015b221e963b4133a71dbdc024,0x3e07be15370d8b12d80a159a7ef14b9e51869497,2026-08-06T22:26:41,dense_internal_fund_flow;complex_trace;high_gas_used_context;token_activity_burst,0x21af54c6,true
25696458,0xf05bcc4164cf422996e58d70c2b669225d005d0ce28131607fe6278c258def1b,0x690a990e1b03905587cd25762cd574501d312bff,0x55c3337d3564aa839b34e38fba291eaaaacb890e,2026-08-06T22:26:41,very_complex_trace;high_gas_used_context,0xf376e398,false
25696458,0x00790a3de32e2cfbec8b99319d67659dafc870aeb3891f5f94f2decb72e14f33,0x20d501f81341de698df6df659d425e634892f8a0,0x498f35e3485136fb5ef702f57c8bbea8b1f856fd,2026-08-06T22:26:43,large_erc20_asset_flow;complex_trace;high_gas_used_context,0x255b89ef,true
25696458,0x142ebf9a756bc3ec44bcf76571633796488a3487d7025ebebf779fad1a245220,0x34bda6dcea4aaaeba604c2545f1a197bea695bcc,0xb618f58dad2bd9b2b5223da38462245a70aa0c44,2026-08-06T22:26:43,large_erc20_asset_flow;complex_trace;high_gas_used_context,0x601881f3,true
25696458,0x512669333794784098c80e2f59372f3be353603c917095eafc286edd588a9cc8,0x43370188473a398394e4ba4a7c7cbb2c6265e22a,0x0000000071727de22e5e9d8baf0edac6f37da032,2026-08-06T22:26:43,large_erc20_asset_flow,0x765e827f,true
25696458,0xb3e51ce23b5dae21f000f5bfd29b6d4ab3ca65918036a1274e0b3bb1385a5c94,0xf0da4f6a56183a518bf6bd3baa6c5fa2237511fa,0x290909806740b70d97efb2c530870053ec5d6304,2026-08-06T22:26:43,dense_internal_fund_flow;complex_trace;high_gas_used_context;token_activity_burst,0x03370292,true
25696458,0xee899aeeff8330ea904cfc22e56df0a26e23e04e754f13e8cf732f6917548163,0xc8a544371ed1054acdb6ff04910c7fa7bfae0aae,0x6566194141eefa99af43bb5aa71460ca2dc90245,2026-08-06T22:26:43,large_erc20_asset_flow,0x374f435d,true
25696458,0xef2492333fab8c8d9c809bc978293006e8735f569d5f640c2a4266421220d0bd,0xfc3006d2e4d3bcd1984bd2d393f213850dbc6322,0x3b67dea05f18b7090b2d7e0e890095fe9be3ec86,2026-08-06T22:26:43,large_erc20_asset_flow;complex_trace;high_gas_used_context,0x601881f3,true
25696458,0x7c6c1d8725f92c66f4d435adb9f70163f436795de3c1603b728c4db6a57a0d63,0x88a55fae721b8422b4f836335b0c8a18cbeff7d4,0x2377a9febe8325b1def13655ea30b7747c2d6b92,2026-08-06T22:26:45,complex_trace;high_gas_used_context;token_activity_burst,0x6d5b337a,false
25696458,0x2990d50d773d2cf28158b8aa0c9e87716f81bd973bba90d7e0a1fcebbea1a8c4,0x74cae0ecc47b02ed9b9d32e000fd70b9417970c5,0xc005dc82818d67af737725bd4bf75435d065d239,2026-08-06T22:26:46,large_erc20_asset_flow;complex_trace,0x7c39d130,true
25696459,0xe0082aff6073e957220a2fe53874baf0fc822d5677e733241a41f7f76a82da5a,0x13b5f7c38da2f6d22c48b69feadab8bf2397bfe6,0xcec1caa28ebc876d0883a0c492831e06e167b8b3,2026-08-06T22:26:48,selfdestruct_context,0xf3fef3a3,false
25696460,0xdbb7ac27f7c765275d6bf0f5fef2f3d374bbdfabaf003ea7bb7c7c75f9fefe14,0x5b43453fce04b92e190f391a83136bfbecedefd1,0xbdb3ba9ffe392549e1f8658dd2630c141fdf47b6,2026-08-06T22:26:53,repeated_internal_token_drain;dense_internal_fund_flow;very_complex_trace;high_gas_used_context;token_activity_burst;repeated_risky_internal_calls,0x000000c3,true
25696460,0x6f20e0da439249d31983c7d27dbfc490e294ffb06ff494c03129c54c227e3135,0x668001289b9da5a23840a6d4fa195d977f23bb3b,0x0000000071727de22e5e9d8baf0edac6f37da032,2026-08-06T22:26:55,complex_trace;high_gas_used_context;token_activity_burst,0x765e827f,false
25696460,0xdd2810c113e3d5833174c362d6518725817e3a8bc2b923da7f228c86ad49da6a,0x78cc562d740f44cca18aa74126c6dd23f8cfcd38,0x28b82dd1f1858135e92882fd0ae2a6935f37354b,2026-08-06T22:26:55,very_complex_trace;high_gas_used_context;token_activity_burst,0x6a761202,false
25696461,0x2eb59d42a81045b6362021a5468998c3729f27db6c16a9232583b16088cf0333,0xf078969e55cabf9ae3f26afeb5ec627b4430f19e,0x6131b5fae19ea4f9d964eac0408e4408b66337b5,2026-08-06T22:27:03,repeated_internal_token_drain;dense_internal_fund_flow;very_complex_trace;high_gas_used_context;token_activity_burst,0xe21fd0e9,true
25696461,0x52a3770cd3a26aa614758e59fdc530aca5b204cfc719be3254149b2e4f41271b,0x4e459fa33a6c8871893b6df45072d34dd9f2c28c,0x950fd558f47e234a2fde23b7d61f7ccdbcb4a86f,2026-08-06T22:27:03,large_erc20_asset_flow;complex_trace,0xdd225095,true
25696461,0x7116b6c7bc1015d4dc286cb8cda33511eea556c5abd6cc311345e13542571805,0xe836ef5abbcde8c2a22c299f639cc9480aa52219,0xd226997439ecfbeff8e110c8c78c8a7eefd19f89,2026-08-06T22:27:03,large_erc20_asset_flow;complex_trace,0x99999999,true
25696461,0x8c73d20ee1040609884e41a870d5babae30d728af2b751a325de2a97bd9aeb32,0x9c82b458fde221f200000069ce8122469fc9f1a3,0x71d5dcd76fb9ca8fe92b4952f13eaad149a955e0,2026-08-06T22:27:03,large_erc20_asset_flow;complex_trace,0x99000000,true
25696461,0xb8c56f2731a8f4e098043b189bba146d4aec79d2e41c793ab484863a7cc5673f,0xe99bd1c2dd70cd58e5efd47887991700e7318ce2,0xad3b67bca8935cb510c8d18bd45f0b94f54a968f,2026-08-06T22:27:03,dense_internal_fund_flow;complex_trace;high_gas_used_context;token_activity_burst;approval_burst,0x146ee74d,true
25696461,0xd6940beffc683b3cd3848c631b52e3dcaa1b1f0557a98053d124c0310de6ebcc,0xba95c4da0864eb0a16bc5b3745fe88322903faec,0x11d37051ba4a154e4375fc31694b3aeb74123563,2026-08-06T22:27:03,large_erc20_asset_flow;complex_trace;high_gas_used_context,0xfb2af70f,true
25696461,0xdd903e0fb76429b1f7c8e8840f0aec52d249d5d9bc610cdeae4e53e96fd78b29,0x37daac112338a7dee15e3ef397c12a473612203b,0x66a9893cc07d91d95644aedd05d03f95e1dba8af,2026-08-06T22:27:03,dense_internal_fund_flow;complex_trace,0x3593564c,true
25696461,0xe11d30fc63ed607248a31990178ef9ebdc744d077446a7efacdeb307098be39d,0x761ee338b0f4c0ebb72f84cf51dd9090e27b23c3,0x99e66f3ce49266bd04a64d989ea63df0b8f43b80,2026-08-06T22:27:03,large_erc20_asset_flow;complex_trace;high_gas_used_context,0x03500350,true
25696461,0xe6f92d02c3231a811713499d20751976923409ec56c4cdabf6639632d6fdd4d1,0x754dcfb2861547015b221e963b4133a71dbdc024,0x3e07be15370d8b12d80a159a7ef14b9e51869497,2026-08-06T22:27:03,dense_internal_fund_flow;complex_trace,0x21af54c6,true
25696461,0x080cd500408beac65b94f7a5645a92b142260c9285536f8e7cbffd39a12031ac,0xcbfd54ca2243edee455a54909e57a335529076bf,0xff88af4a15b75b8865a2b6070932cb9a344df7ed,2026-08-06T22:27:04,large_erc20_asset_flow;complex_trace;high_gas_used_context,0xc0020edf,true
25696461,0x08d3666d2778ee5f97ad3a61473f2218422af2ae944ba5805e4b5d90505d5a91,0xae2fc483527b8ef99eb5d9b44875f005ba1fae13,0x1f2f10d1c40777ae1da742455c65828ff36df387,2026-08-06T22:27:04,complex_trace;high_gas_used_context,0x2b66cfec,false
25696461,0x1fc352456ce662eff3dcce551bf5861878a134c0b8244acf66104051422555f3,0x612511ea2945c045b892e67d4802c865abb21ac1,0x71d5dcd76fb9ca8fe92b4952f13eaad149a955e0,2026-08-06T22:27:04,large_erc20_asset_flow;complex_trace;high_gas_used_context;token_activity_burst,0x99000000,true
25696461,0x08c192b9df1b4ab08417276047185d75d315369ac2f4e8fcb19ee6a57fbcf850,0x834d10cef4e5a75d3edddcbb1c5a94f8094e5713,0xd226997439ecfbeff8e110c8c78c8a7eefd19f89,2026-08-06T22:27:05,large_erc20_asset_flow;complex_trace,0x99999999,true
25696461,0x2e1965c928882184b3a84e1baa65c2d07a54c1c1dc8fdb68e074b379bf58b273,0xbd5458281982003fc487e9957514406ea373022e,0x3f04b65ddbd87f9ce0a2e7eb24d80e7fb87625b5,2026-08-06T22:27:05,large_erc20_asset_flow;complex_trace;high_gas_used_context,0xc2a672e0,true
25696461,0x3b615f2eb5d122f2bc99720b5cc71e228f9e009e75885ffd48057cee3ac9dac0,0x4dac875b9a35048c38689a1c4e89c8eb2e7236ef,0x2dd8ca44f76603cf751f19377af64313ee1a501e,2026-08-06T22:27:05,large_mint_to_sender;privileged_execution_context;complex_trace,0x6e553f65,true
25696461,0x3ea4c27333ca00d6a3f71deefd43de4799036ae72771ca9835ec766575c50a4d,0x480a15f9fdb1757d1db6cedc620772553f496637,0xd226997439ecfbeff8e110c8c78c8a7eefd19f89,2026-08-06T22:27:05,large_erc20_asset_flow;complex_trace,0x99999999,true
25696461,0x90abd7d1db797923b92fe3f25c55543f6ef6719900a60975a5785ab758f95e36,0x991530f1c27dedffce60517d2a4852b2255a74dc,0x459d87d54808fac136ddcf439fcc1d8a238311c7,2026-08-06T22:27:05,complex_trace;high_gas_used_context,0x5eac6239,true
25696462,0xa99586038fff9d9ed464185d03c75c5aa30b74e3fcdac305572071d1a7815ca0,0xbee0330ead7ec2a81da3a34c05a1ba86a0c95012,0xbee3211ab312a8d065c4fef0247448e17a8da000,2026-08-06T22:27:13,large_erc20_asset_flow;complex_trace,0x4cf3fe9c,true
25696462,0x4874c6955a99d6eea5cddc2368332d78a39b91c3be0a9431f35254ad2ac92482,0x124ce844fab46dc12183dc35c82ccc9bc83fddd5,0x95480d3f27658e73b2785d30beb0c847d78294c7,2026-08-06T22:27:14,large_erc20_asset_flow;complex_trace;high_gas_used_context,0x13d79a0b,true
25696462,0xe3ad5cb97fd42153bb44de5f53f3a247785c28ee0ef70ead3ae28314ffc2efa2,0x180629cb7ad55853c5f6eb7f55c150182f00bace,0x275c9c9f7358d7c7c658eeb7000ef844f2d9db7e,2026-08-06T22:27:14,large_erc20_asset_flow;complex_trace;high_gas_used_context;token_activity_burst,0x601881f3,true
25696462,0x5598884912dc5f58160148830a16b5f93a7eebd2b5be25964ccffcbdc99da32e,0xb23360ccdd9ed1b15d45e5d3824bb409c8d7c460,0x09c30cdcdd971423cb3ba757a47d56c35d06d818,2026-08-06T22:27:15,dense_internal_fund_flow,0x318adb8b,true
25696462,0x828c8aecf5662649656f91ff579c18adb01afad2c258f4dc4a2c955970df8ee3,0xf70da97812cb96acdf810712aa562db8dfa3dbef,0xccc88a9d1b4ed6b0eaba998850414b24f1c315be,2026-08-06T22:27:15,dense_internal_fund_flow;large_erc20_asset_flow,0x0a2b8f36,true
25696462,0xd94e9063b28d2817d6e03aad5fb46653ec69a5cf572eee6de53fcc738fbadd08,0x44131d370de5c867650700da01646ce5b50ea329,0x5c574153b195ae284c063a84fb9c73d9fd37955f,2026-08-06T22:27:15,large_erc20_asset_flow;complex_trace,0x51905636,true
25696463,0x4d222d6bc755cd24bf6798bda4eb169da37ba961c8dd811798cb96e3f18b7f66,0xae2fc483527b8ef99eb5d9b44875f005ba1fae13,0x1f2f10d1c40777ae1da742455c65828ff36df387,2026-08-06T22:27:23,large_erc20_asset_flow,0x2bd0dac1,true
25696463,0x53f06fd1f5d9d36d8a618e21424aac72eaa61a5ead9a5f7addd1b8b2db8195f7,0x515cc41a9b9a0e040082d027b72230ecdf0b41a1,0x0000000000001ff3684f28c67538d4d072c22734,2026-08-06T22:27:23,large_erc20_profit_to_sender;large_erc20_asset_flow;complex_trace;high_gas_used_context;token_activity_burst,0x2213bc0b,true
25696463,0x91c2e970ac482618529f86c838416a8cad229e3b84fcb6868d182c8988c5f4cd,0xae2fc483527b8ef99eb5d9b44875f005ba1fae13,0x1f2f10d1c40777ae1da742455c65828ff36df387,2026-08-06T22:27:23,large_erc20_asset_flow;complex_trace;high_gas_used_context;token_activity_burst;approval_burst,0x2bd0bd21,true
25696463,0xff9ac4aa7c5cbf45cf21fb100bc07df3e9dcd7b57a999b5e227aa57d57d55a87,0xa9028c7a809488d6fe93e358ae0e9eb5d6cd88fa,0xccc88a9d1b4ed6b0eaba998850414b24f1c315be,2026-08-06T22:27:23,complex_trace;high_gas_used_context,0xf9e4bab4,false
25696463,0x64edf10288fb07cc2485d00e4d7866fbb114ee689db031845ae1349be5a08c84,0xece2d90a7276f767883b335a25df77e2620497b1,0xf9280799c85d376e0425f6fb38e4a674e8bedb56,2026-08-06T22:27:24,dense_internal_fund_flow,0x39ecce49,true
25696463,0x7f8e4df53f43b79471f5d1645d95388ce5e76023e0495ec837271a33188814b4,0x834d10cef4e5a75d3edddcbb1c5a94f8094e5713,0xd226997439ecfbeff8e110c8c78c8a7eefd19f89,2026-08-06T22:27:24,large_erc20_asset_flow;complex_trace,0x99999999,true
25696463,0xabe82ab01749d864bcd54f0c5a8b8a7d5f92c4b741a8cc702196c96b21db03bc,0x1d48112936a20e24422c869cd70f66240c4811f6,0x9640c8dd3b96fc35e08ddeba4d04637ba096c426,2026-08-06T22:27:24,large_erc20_asset_flow;complex_trace,0x00000000,true
25696463,0xd9ef1da527ba6d9532183d750f6d92647eabdae4079069dd5490fa9abcf8c1c8,0x78c91e58b0ee58b5e5f37f5b5925454911314199,0x87be3fc3edfe10cb8ce1244d6a1969fc55f9f83c,2026-08-06T22:27:24,large_erc20_asset_flow,0xfa98a33f,true
25696463,0x735f494ab43e0ef488e42d9b08e2edaab1d1d56187abcc88431c46dd4c732202,0x500f6a008c52afd69faa15dcbf8f632aba02e704,0xc95f529f34cae611da066bb96eee5b62e027414b,2026-08-06T22:27:25,large_erc20_asset_flow;complex_trace,0xe9ae5c53,true
25696463,0x54a3e7a217284e8916d8713aac7f08314411e40399b5a829f0e50cf878b8c95c,0xa560c3ff66ac52e1a082f2019752ea0abf7d9b14,0x33024d4791413438aa1de6a8b6cb7cceb25459b1,2026-08-06T22:27:27,large_mint_to_sender;complex_trace,0x6e553f65,true
25696463,0x10401914dd01d133d6873f903f802c23d330ea703351433f19e5cd397d697851,0x4337017d2e3f5e4160a27f6fdbdc38719343c62f,0x5ff137d4b0fdcd49dca30c7cf57e578a026d2789,2026-08-06T22:27:28,large_erc20_asset_flow;privileged_execution_context;complex_trace,0x1fad948c,true
25696463,0x7c3cc7d5df5abf7ef171666d4ea75cabea37226a80c02d2a3ad8c9f9cf1594c6,0x38cd789981b92db8e831178d96aa8576d27f75f3,0xb4769e9c5be31199a25ecd1b0c6609183fa72521,2026-08-06T22:27:28,dense_internal_fund_flow;complex_trace,0xa11b1198,true
25696463,0xb7b952a7255a9301ca0853b6aeba85f5036f82dc80b62fb4d332a4172196c11b,0x43370108f30ee5ed54a9565f37af3be8502903f5,0x0000000071727de22e5e9d8baf0edac6f37da032,2026-08-06T22:27:28,privileged_execution_context;complex_trace,0x765e827f,false
25696463,0x20372ce18718b045916ee7afad7cfdaec5927a6ba51cc73b06898318725d5337,0x480a15f9fdb1757d1db6cedc620772553f496637,0xd226997439ecfbeff8e110c8c78c8a7eefd19f89,2026-08-06T22:27:29,large_erc20_asset_flow;complex_trace,0x99999999,true
25696465,0x03e679c092eda80120fc9050e5ba451b9ae8ec4737b7930a5474ad84172414db,0x000001ac4e512d670c34fedf6c71ce2f49fb160a,0x6131b5fae19ea4f9d964eac0408e4408b66337b5,2026-08-06T22:27:41,large_erc20_asset_flow;complex_trace,0xe21fd0e9,true
25696465,0x4b0e03b3c230bb08ea85fe8be61e79ff1722887ae10410b24ccbca44001dbaa3,0x8a4cb49c9316f99a6a5f0acdb06003da31f807fb,0x950fd558f47e234a2fde23b7d61f7ccdbcb4a86f,2026-08-06T22:27:41,large_erc20_asset_flow;complex_trace,0xdd225095,true
25696465,0x6148b5aeab0bc38fcddc3fc39cbef626fcf6e01bfc6f5d596b2599214da35656,0x5b43453fce04b92e190f391a83136bfbecedefd1,0xbdb3ba9ffe392549e1f8658dd2630c141fdf47b6,2026-08-06T22:27:41,high_gas_used_context;token_activity_burst,0x000000c3,false
25696465,0x7a468bdea727ee621bcaa7fa7ac2ea2f7fe12a484d1aa54eeaa0a1d5418aaa1a,0x7b49bc3ebbdf7322f31c6449320382bbec3be1b6,0xad3b67bca8935cb510c8d18bd45f0b94f54a968f,2026-08-06T22:27:41,complex_trace;high_gas_used_context;token_activity_burst;approval_burst,0x146ee74d,false
25696465,0x892043046719f47e5c43d490dd863ae5d706efa247e85e91861dd014cf2b4bac,0xf85ef88f1cea99f0ca624b1055cce2b59dfc09f3,0x66a9893cc07d91d95644aedd05d03f95e1dba8af,2026-08-06T22:27:41,dense_internal_fund_flow;complex_trace,0x3593564c,true
25696465,0x970d2fb7b38257375ab20735e10df2f9967fdc55b77c2f8e7c10eed21e5474cc,0x000001ac4e512d670c34fedf6c71ce2f49fb160a,0x4691c475be804fa85f91c2d6d0adf03114de3093,2026-08-06T22:27:41,large_erc20_asset_flow,0x0efe6a8b,true
25696465,0xc28186681f847e338813459510d208b33aa9adcbcc8dc8f194080fcf9e90186b,0xba8c22847ea773cab402d2c6b3489fb1a9ca9313,0xacddac6c77318b615f7f6fb9bb67c6833e9c05f1,2026-08-06T22:27:44,large_erc20_asset_flow;complex_trace,0x571d3dc7,true
25696465,0x6484201f6243d6f3889cf71f4afe2dd2c288cd76a65ccea4ab5595eb3f6bcba2,0x1c53b02ddb0c853ff2d861001853a4a0f32ac584,0x28b1dc1a5e3699a428bc51d234dfab7c9cb2a183,2026-08-06T22:27:45,large_erc20_asset_flow;complex_trace,0xf2c42696,true
25696465,0x7ec4f1f9a3c917e5c8789c92ebdb88f89cbcbb55df7592d80c46910f95c317fe,0x03711e1fa84ae3814e00bdf9f219cd75fb500b60,,2026-08-06T22:27:45,dense_internal_fund_flow;privileged_execution_context;complex_trace;high_gas_used_context;contract_creation_context,0x61012060,true
25696466,0xb5ea460c9b1d6cd3628b41f0a810737e80b2d32d5235a454c4e4f6e2bea011a8,0x8be78a8f791b25a512d43b6b2d0ad9c59dd02cfb,0xd90e2f925da726b50c4ed8d0fb90ad053324f31b,2026-08-06T22:27:51,dense_internal_fund_flow,0x13d98d13,true
25696466,0xf6cb1ab00e3ec4400935bfe971fff57d3556aa7c4fd37acc84d2e8415bff0cc2,0xae2fc483527b8ef99eb5d9b44875f005ba1fae13,0x1f2f10d1c40777ae1da742455c65828ff36df387,2026-08-06T22:27:51,large_erc20_asset_flow;complex_trace,0x2bd0a0b8,true
25696466,0xadee1798251ebfde5d679632b66426f3aa55b4d4efbc33560e27e6e067562ca1,0xae2fc483527b8ef99eb5d9b44875f005ba1fae13,0x1f2f10d1c40777ae1da742455c65828ff36df387,2026-08-06T22:27:52,large_erc20_asset_flow;complex_trace;high_gas_used_context;token_activity_burst;approval_burst,0x2bd0bd21,true
25696466,0xc8ee7a6627ecdcab8e44ebe9f2a878718b69fcb44a8aad654377ac00e935b17e,0x7753a5b81e0add2d6965bcf94616d83d8af53192,0x9640c8dd3b96fc35e08ddeba4d04637ba096c426,2026-08-06T22:27:52,large_erc20_asset_flow;complex_trace,0x00000000,true
25696466,0x3c2c7850d957a3b8ea6fa6b8f31329912a26f217fa5f3adfa91d9753612910b4,0x75ce9d9c53f08b96d88f8fd6494d0b664be16878,0x87da8bd5cda76174c63ac03b6aa3443652c968ab,2026-08-06T22:27:53,dense_internal_fund_flow;complex_trace,0x6a761202,true
25696466,0xbf80d635ae5a225d765607ea357e2840a1cc7a7bde41bd543630393f46d9a495,0xbad000006db10503589262b55d09bb7b3c5e1472,0xbbbbb048b1a85ca221058c45525095b6a68bbbbb,2026-08-06T22:28:23,complex_trace;high_gas_used_context;token_activity_burst,0xa9059cbb,false
25696466,0xc85bcc0803437e7c2c3d52e6b201c69ce90e0a359c24f2f3c399423446c17f98,0x1584a8ee67789d1fe161065388657ad2f2a3c7dd,0x77eb52e44db06777bce478159f25c0d55a295314,2026-08-06T22:28:23,repeated_internal_token_drain;dense_internal_fund_flow;complex_trace;token_activity_burst;repeated_risky_internal_calls,0xa9059cbb,true
25696467,0xefcf526c0d374d01f22a7eacd743b239f8e861df1fc0665d5fc3b11d99e92e13,0xae46a804806827a7a4eeaf685bf6bd8a55e627a5,0x66a9893cc07d91d95644aedd05d03f95e1dba8af,2026-08-06T22:28:33,dense_internal_fund_flow;complex_trace,0x3593564c,true
25696467,0x2c43fa31e1ce6ad4029c9f5de55ad46ba1901f699a545bd8b44b29a6a0f95b38,0x5a61b1af7093477f0bc60bca15fb95639eb90a45,0x89c6340b1a1f4b25d36cd8b063d49045caf3f818,2026-08-06T22:28:34,dense_internal_fund_flow;complex_trace;high_gas_used_context;token_activity_burst,0x0193b9fc,true
25696467,0xb9f0528d2279e87e3ae327da1f0b92d98077fa61ce4feef868c3eb8dd4a2cded,0xc8111d00351765c64d301cdfc1848bf5ff2e23a2,0x7b57ad1a0aa89583130acfad024241170d24c13c,2026-08-06T22:28:34,large_erc20_asset_flow;complex_trace,0x244b0f6a,true
25696467,0xfd3d46262e7947ef5d00f62ee5e982f8422f83f8b74ee2def601c0e278cb378b,0x0e0052a184fd59c6b7e1e99d739802ecb3aec0e4,0xd82461784eb72d4b67cbab077989eb215315e272,2026-08-06T22:28:34,complex_trace;approval_burst,0x805f7b65,false
25696468,0x05e7065caff0fb2242a6b5d8f1694e19b5dbc71f3c53c28c0c9b718fe076f0ba,0xbd5458281982003fc487e9957514406ea373022e,0x3f04b65ddbd87f9ce0a2e7eb24d80e7fb87625b5,2026-08-06T22:28:50,large_erc20_asset_flow;very_complex_trace;high_gas_used_context;token_activity_burst,0x2b83cccd,true
25696468,0x18e0748162361691ceedbb8e8f18f08ab48f24060fd285bce2374217384a25a4,0x7830c87c02e56aff27fa8ab1241711331fa86f43,0xa9d1e08c7793af67e9d92fe308d5697fb81d3e43,2026-08-06T22:28:50,dense_internal_fund_flow,0x1a1da075,true
25696468,0x9987d02fd7f3a84937b59e2f9ff05f9e083253d125d318e04f914c32be09ea45,0x02f1b31db486a97beeb3ef7a89fed19cfebc41ff,0xf2e6ed63bb255e51b64337c67fb4898aa979da6b,2026-08-06T22:28:51,large_erc20_asset_flow,0xc4b06ece,true
25696468,0x3f11252dd68796b14e22f46a7c665a66fb3df76b99fd6d1895548269c16c2ddd,0x6d3be3f86fb1139d0c9668bd552f05fcb643e6e6,0xabab980f0ecb232d52f422c6b68d25c3d0c18e3e,2026-08-06T22:28:53,large_erc20_asset_flow;complex_trace,0xbaae8abf,true
25696469,0x257c3f598d581185bbe53609b1e345b945365ea05c21b478f4fbe4a887cd930f,0x2102c32a09cbced4146c3db2d27ae21a185bda43,0xb82bbf2780c4c5bc8f135ee1d4a7e33ef21ac6b5,2026-08-06T22:28:59,large_erc20_asset_flow;complex_trace,0x49160658,true
25696469,0x9557c79c95362dfbc16514478a25a881c92faebb3cfbf492d82553b116976b68,0xce54f65abb8b61b83c14cbe97de97fce75bbf556,0x0000000071727de22e5e9d8baf0edac6f37da032,2026-08-06T22:28:59,large_erc20_asset_flow;complex_trace,0x765e827f,true
25696469,0x260d7506239615ba54c345f21376b3bb45b8688d8e416a2f07e3d533c2abe751,0x86c8c62ba1fb79e233bfb977cf0f6c9686e45d12,0x0000000000000068f116a894984e2db1123eb395,2026-08-06T22:29:00,complex_trace;high_gas_used_context;token_activity_burst,0x87201b41,true
25696469,0x6a29dbb8f3ada0d6dd67da81a58b40154c9423e6f984eb4d5e91e90b34ff2f93,0x66e2cafb1339c9c390bb15a0e654540caaa41b7d,0x4c82d1fbfe28c977cbb58d8c7ff8fcf9f70a2cca,2026-08-06T22:29:00,large_erc20_asset_flow;complex_trace,0x3593564c,true
25696469,0xa63a741690a7d903ce67fa65a55f4f9d8bb10362286cb0f895faa710819e827e,0x80fbefbee7e2bb2ac085f082674dc8c0bccfa135,0xec2c96e75b09e29b66bf2ee5c37fa749ef9aa7c7,2026-08-06T22:29:00,large_erc20_asset_flow;complex_trace,0xdb5c7e88,true
25696469,0x51843dbffa23a6ec4bc8d40bd0ccc4ea236947797126faa5ab5293ee046a33ad,0x59aab1bd0d26290274398c07b55955c15425e16b,0x00fe78205f5f0e63b8ad2b2ae5337f538a610e04,2026-08-06T22:29:01,complex_trace;high_gas_used_context;token_activity_burst,0x34fcd5be,false
25696469,0x7a09c94a8547ebf5338b967f62a21c51b1cc5c1d9d5cec6129bb348ecc4f55de,0x5f9acf4e85aa7283e0c16dd94cbc942f9d625151,0xf7c04d03efdc876cc8cb59f0ad58290388edd004,2026-08-06T22:29:01,selfdestruct_context,0xf3fef3a3,false
25696469,0xb1157e553f4fd092a289a2489c5af7d68411f5838312b50fda2647f20b31e5fd,0xec9057d94405611e363631822a20432788de471b,0x337685fdab40d39bd02028545a4ffa7d287cc3e2,2026-08-06T22:29:01,dense_internal_fund_flow;complex_trace,0x30dedc57,true
25696470,0x094ca43e8858ca7772482273062fadf08ecce1cb49f3db67c88eebe14cbaedac,0x7830c87c02e56aff27fa8ab1241711331fa86f43,0xa9d1e08c7793af67e9d92fe308d5697fb81d3e43,2026-08-06T22:29:07,large_erc20_asset_flow;token_activity_burst,0xca350aa6,true
25696470,0xae8cd3ccf08593ab93b32393aaf83d0080c62fbf5a9efecc83fe1965ecaeb45d,0xa560c3ff66ac52e1a082f2019752ea0abf7d9b14,0x33024d4791413438aa1de6a8b6cb7cceb25459b1,2026-08-06T22:29:08,large_mint_to_sender;complex_trace,0x6e553f65,true
25696470,0x2544af0924d01cf19500efe33810316e5ce0d3f68664a75a633c68bdd6bb2a34,0x59aab1bd0d26290274398c07b55955c15425e16b,0x00fe78205f5f0e63b8ad2b2ae5337f538a610e04,2026-08-06T22:29:09,complex_trace;high_gas_used_context;token_activity_burst,0x34fcd5be,false
25696470,0xce0771d3f5e8c7a354f602c81bb6d6d305de77ece5298ed8897c9789140d8da8,0x1584a8ee67789d1fe161065388657ad2f2a3c7dd,0x77eb52e44db06777bce478159f25c0d55a295314,2026-08-06T22:29:09,repeated_internal_token_drain;dense_internal_fund_flow;complex_trace;token_activity_burst;repeated_risky_internal_calls,0xa9059cbb,true
25696470,0xe162bc68f19f873c903c37a00372a8f0527a0a53eb217ff84da4022742edc4fc,0x161643f280b09be8e0271eef8efc6c264d125003,0x929fe4e69f03227365baf6de902595a3920b73dc,2026-08-06T22:29:09,dense_internal_fund_flow;token_activity_burst,0xa9059cbb,true
25696471,0x8f16346ba70d97ed062f79f3fc936c582f81f1fe1b7b8db706e7893a0231e6e2,0x59aab1bd0d26290274398c07b55955c15425e16b,0x00fe78205f5f0e63b8ad2b2ae5337f538a610e04,2026-08-06T22:29:13,complex_trace;high_gas_used_context,0x34fcd5be,false
25696472,0x9a5dd9ccd8c36764ac525b698f5704c7fd001602ebe63fd9459fccb33da85d28,0xf70da97812cb96acdf810712aa562db8dfa3dbef,0xb92fe925dc43a0ecde6c8b1a2709c170ec4fff4f,2026-08-06T22:29:21,dense_internal_fund_flow;complex_trace,0xcd6e13f7,true
25696472,0xfa06441fb4d4d216bb622a79fce56449115e4df1bb5c493ca8f5318881f3c32e,0xf70da97812cb96acdf810712aa562db8dfa3dbef,0xb92fe925dc43a0ecde6c8b1a2709c170ec4fff4f,2026-08-06T22:29:21,dense_internal_fund_flow;complex_trace,0xcd6e13f7,true
25696472,0x0dc52140a793951471b0832b5b1ef477634be710420f8ff355d60edc1e7596b2,0x00351365832397c461114387d8edc4c30238f68e,0xb222da0f9c22ad2addcb0b0d6b150f398e44157a,2026-08-06T22:29:22,large_erc20_asset_flow;complex_trace;high_gas_used_context,0xef4d7b75,true
25696472,0x7fc292178df9dbbc6be3602b1d2ff66676a69017cfbcb0253e2712060c34c611,0x74337131b63ede23a2e355086ffa985bbbd48f1b,0x96b22eb7178d116797e57197e586b70fedae8fdd,2026-08-06T22:29:22,complex_trace;high_gas_used_context,0xba087652,true
25696472,0xf5318d97529394ee0a86d0af8ba784a0e94b487d2adce32f87a23ef8122b0ba6,0xd756acb18e2922c81ccca695d9a6f85cfdb8c420,0x1f748c76de468e9d11bd340fa9d5cbadf315dfb0,2026-08-06T22:29:22,large_erc20_asset_flow;complex_trace,0xc7c7f5b3,true
25696472,0x64597f6e1e1e7bb1f43e7f98c9ab2731216ebf094e06ce45fb46a5d02c8d3d2d,0x739212d5bafe6aac8be49a60b7d003bd41dbf38b,0x85b78aca6deae198fbf201c82daf6ca21942acc6,2026-08-06T22:29:23,large_erc20_asset_flow;complex_trace,0xabaa9916,true
25696472,0x7ff8ba4f3deb4b664296f5f9a5499d85f2aef40d2d88cf1de984d8a67d44432e,0xe7488e7f5c60bfa81d38965c02b4cc5aa6249a11,0x000000000004598d17aad017bf0734a364c5588b,2026-08-06T22:29:23,complex_trace;high_gas_used_context,0x0fbb12dc,false
25696472,0x940d2130a2f26bfcf9ad2d55d4685c5e9411e0ca91523709789db969e6eaeec0,0xb2b6a2b2611e0e64ae5042ec20a31158f5ce89c3,0x28b1dc1a5e3699a428bc51d234dfab7c9cb2a183,2026-08-06T22:29:23,dense_internal_fund_flow;complex_trace;high_gas_used_context,0x0c307f76,true
25696472,0xdd945019828e2371bee73b13347526a0b24c63138a4ea735d269384728e488fd,0xb8e0062efe8f2beeddcad9fe99a99d8136ac13f7,0xee030ec6f4307411607e55acd08e628ae6655b86,2026-08-06T22:29:23,dense_internal_fund_flow;complex_trace;high_gas_used_context,0x6e1537da,true
25696472,0x2d290d28ed192df9ba08118af13eea00c36d4324e8b52f893ef3ce785855f969,0x3260cbcab630da929353427bf1d250da9186b0a0,0x6a000f20005980200259b80c5102003040001068,2026-08-06T22:29:24,dense_internal_fund_flow;complex_trace,0xe3ead59e,true
25696472,0xa775d644c6e87825d6d0146ecab340cb8908870430d73141aa7f639f9076b153,0xd6f05b19bf2c05c264a646b7757057d774661c5c,0x0000000000001ff3684f28c67538d4d072c22734,2026-08-06T22:29:24,large_erc20_asset_flow;complex_trace,0x2213bc0b,true
25696472,0x9bf6e8d4c267c9f01e52cbd81343d18ae7b0449183207b3447d048448341b175,0xaa1444bc78a57aa2f4157364cb4495a2ed328df0,0xf4e147db314947fc1275a8cbb6cde48c510cd8cf,2026-08-06T22:29:25,privileged_execution_context,0x760d0f9d,false
25696472,0xa22b1b047b2ff8ec846e0cd1f499fb710a6377b9975b1469309eab7f95747508,0x6862c008316768b08c8009f1312ac4d94931e0e0,0x50c4e75a512f2a14a7b304787adf79c4531a5909,2026-08-06T22:29:25,dense_internal_fund_flow;complex_trace;high_gas_used_context,0x2213bc0b,true
25696472,0xb7fd206423824f1f9260e64b491b61a4fce64b72483ba0d28dbdb7459e889d7b,0x203847fbc212987f83680e0682e45e930eb11b0e,0x86e4dc95c7fbdbf52e33d563bbdb00823894c287,2026-08-06T22:29:25,complex_trace;high_gas_used_context,0x4e43e495,false
25696473,0xa379ea82924e00bae133843ea5bbd0d858604eaec7ba677fbc97ef3eaff7bd54,0xc6acbee42e9e323140c1ed060c2f6ea9cc3b4b75,0x7c5a71c9fefbc7691f9d4ac7baf70c743792f716,2026-08-06T22:29:34,selfdestruct_context,0xf3fef3a3,false
25696473,0xe23d966ecab8ace113c963af665b55e7575314f2fe6eb28bf36d654d23c22d5f,0x7830c87c02e56aff27fa8ab1241711331fa86f43,0xa9d1e08c7793af67e9d92fe308d5697fb81d3e43,2026-08-06T22:29:34,dense_internal_fund_flow,0x1a1da075,true
25696473,0x80bb2d368ff94e4411096d13e6b21bb022e20a12cb95ee801c396e171514ab49,0x5d36de2356697bae0fdc27b6bf1792ab33b12298,0x6352a56caadc4f1e25cd6c75970fa768a3304e64,2026-08-06T22:29:35,large_erc20_asset_flow;complex_trace,0x90411a32,true
25696473,0x12f9c5741ef52011abc50e8fa3bb88b30647764933a11425189cc436cf5f6299,0x59aab1bd0d26290274398c07b55955c15425e16b,0x00fe78205f5f0e63b8ad2b2ae5337f538a610e04,2026-08-06T22:29:36,complex_trace;high_gas_used_context;token_activity_burst,0x34fcd5be,false
25696473,0x6e0ae71b17e04dd0f0776d0afeb26dc2ea90a637e20dc54b72d60c3054d3c894,0xf3fd89e24333298bcb83a5df45134f1ba58449fc,0x7832a0698f88a4cfd0fa24712aa6c8a7263f68f0,2026-08-06T22:29:36,dense_internal_fund_flow,0x01256a78,true
25696473,0xab2dd2205aa0a6fbad496025877e8d8e019637e1d60179f665b46e7f75c944a1,0x80d04079ffc53eb14edbeeb37279d126f45552df,0x6be35f189cae4608243c7aaa2b5a6dcfe51e58b5,2026-08-06T22:29:36,repeated_internal_token_drain;dense_internal_fund_flow;complex_trace;token_activity_burst;repeated_risky_internal_calls,0x8aaa8f3b,true
25696473,0xd2e4cdee570dca9a915bfa2c2ca1b0f4600480007b633d996712156dac181bb9,0xfb076e0b813cc205a2d032b639f6d10f500dd9b7,0x000000ae384600d7252543855e3b0400f6008d00,2026-08-06T22:29:36,large_erc20_asset_flow;complex_trace;high_gas_used_context,0x00000000,true
25696474,0x02d2e6544874fe90cd23e81e42e2d43578d07ac46deeb56baebb4ff6f15e962a,0xd6f00b7a4d98d6f2f2c78aa436ff0699b70482bc,0xe25fb378b2d98e6320cac3b32dcff2b2ae710879,2026-08-06T22:29:45,large_erc20_asset_flow;complex_trace,0x7ae7cfb5,true
25696474,0x093c60e6dd75201bb142e020ba4d0f588644b51542ef7dae9cf567cbe25f94c7,0x557ac04697de072b4a741803e91bd1e1839f8040,0x337685fdab40d39bd02028545a4ffa7d287cc3e2,2026-08-06T22:29:45,dense_internal_fund_flow,0x30dedc57,true
25696474,0x6d5c1cd155790dab6a9bbecc5260321a70bb075cb49e948412d99624c37ff717,0x739212d5bafe6aac8be49a60b7d003bd41dbf38b,0xceda2d856238aa0d12f6329de20b9115f07c366d,2026-08-06T22:29:45,large_erc20_asset_flow;complex_trace,0xabaa9916,true
