block_num,tx_hash,from,to,detect_time,attack_signals,selector,has_asset_impact
26136745,0x0474233a391305bdc1aa806230ba6b645692ef07f1a682ae2b354875ae24f9a2,0x02ba3f9a5c9a8e957e4ac234c848af3b9521f65c,0x950fd558f47e234a2fde23b7d61f7ccdbcb4a86f,2026-10-07T08:00:39,complex_trace;high_gas_used_context;token_activity_burst,0xdd225095,false
26136745,0x1e6eb8c27801d86446c4172f22b9000f07f92d5b1debc04a8f39efb6329925a9,0xfb74767c1ce1aada0a0e114441173b57f8c1571b,0xfeeeeee44046c3f61a8cc081e0918ef0de0a7ffc,2026-10-07T08:00:39,selfdestruct_context,0x6ac589b7,true
26136745,0x2502f5342314764e5c1f360c0d6d595aa20b1841302b92972f77501d2a20b7d6,0x50bf934781f63028c5c8ef49c4affe19a86d99b6,0x8d04cc7e86e687854eb41d9d43512b655b93184b,2026-10-07T08:00:39,selfdestruct_context,0xd20b83bb,false
26136745,0x29ec9ba292d59d6743d1bc0d0693f55610d333631f80533fd744a2641ac02cf0,0x5506c849822d6275701dbe69583be80ee6fe504c,0x4313c378cc91ea583c91387b9216e2c03096b27f,2026-10-07T08:00:39,dense_internal_fund_flow;complex_trace,0xeffbec13,true
26136745,0x4664a25dd1fd5ddfb10ec4992121614a5bd7b5e80fcf0dfcf203e49c7b84f262,0xa5a5491bca93dd4c076e4906e79e7673f4a5a142,0xccc88a9d1b4ed6b0eaba998850414b24f1c315be,2026-10-07T08:00:39,dense_internal_fund_flow;complex_trace;high_gas_used_context;token_activity_burst,0x0a2b8f36,true
26136745,0x5adb30e569fda83733b1b9b923fd680f8cacf9a738498e8d23cab91a0bf830cf,0xfb74767c1ce1aada0a0e114441173b57f8c1571b,0xfeeeeee44046c3f61a8cc081e0918ef0de0a7ffc,2026-10-07T08:00:39,selfdestruct_context,0x6ac589b7,true
26136745,0x69d04f3a9510cd707d60e3ec2e806f33412b39fa512ad48fc861f2312fbfdba2,0xd8c2f71a46f94348c90381adbbf84f565e36cf5d,0x663dc15d3c1ac63ff12e45ab68fea3f0a883c251,2026-10-07T08:00:39,dense_internal_fund_flow;complex_trace,0x4d8160ba,true
26136745,0x9255162160a2b0063f3752c2ecf8031c55951c097033f8671c19a4889cfc8040,0xfb74767c1ce1aada0a0e114441173b57f8c1571b,0xfeeeeee44046c3f61a8cc081e0918ef0de0a7ffc,2026-10-07T08:00:39,selfdestruct_context,0x6ac589b7,true
26136745,0x978851e5db6147dcad1483cf7ddeb937889e72ba747c98b6d1dd89f0f282a503,0xbc233da762760b64781a38ec6f609e25dabbc5be,0xa2233dbf022f6ee1026976691d0c4fc23937d2d2,2026-10-07T08:00:39,repeated_internal_token_drain;dense_internal_fund_flow;complex_trace;high_gas_used_context;token_activity_burst;selfdestruct_context,0x28472417,true
26136745,0xc11ec0306749eac60dbae2ecd4ed847efbfb8becbbd3b4842b1c81ae39ee6fea,0x4337009be43c7ecc9bfbde0f1780553aa065187e,0x4337084d9e255ff0702461cf8895ce9e3b5ff108,2026-10-07T08:00:39,complex_trace;high_gas_used_context,0x765e827f,false
26136745,0xf05b8cca3cdc05c313a0faa1dbb77bc40270e09801632457616b645b208af87c,0xfb74767c1ce1aada0a0e114441173b57f8c1571b,0xfeeeeee44046c3f61a8cc081e0918ef0de0a7ffc,2026-10-07T08:00:39,selfdestruct_context,0x6ac589b7,true
26136746,0x0f4f94bc47a8754f165915abe7864c95336e32b8913e75178546c680f1933128,0x4838b106fce9647bdf1e7877bf73ce8b0bad5f97,0xfeeeeee44046c3f61a8cc081e0918ef0de0a7ffc,2026-10-07T08:00:41,selfdestruct_context,0x6ac589c3,true
26136746,0x2c1683caadd600108649bcdf6781d05dc3296a9835ca60f1c38ab56fa938403d,0x3af24b14590917bf0d07b03bf1114cec3b69ae94,0xa0f1c3ad83e07d97b5e7030e177718be175275ea,2026-10-07T08:00:41,dense_internal_fund_flow;complex_trace,0x12aa3caf,true
26136746,0x3a68cdc0e105d82ff03c55eb107b56416d62b62de63722920baf4b6bd3c818d5,0x4838b106fce9647bdf1e7877bf73ce8b0bad5f97,0xfeeeeee44046c3f61a8cc081e0918ef0de0a7ffc,2026-10-07T08:00:41,selfdestruct_context,0x6ac589c3,true
26136746,0x465b5a4cda6f9817e7ca605dbd0e9579fc12c33446f3ee7e326d9134e0dc69d9,0xc801ce5d3e2df2303fffefc60b6c783f19e0ba56,0xb516107c1e8b2af3c226d616fdfafec333abcf00,2026-10-07T08:00:41,dense_internal_fund_flow;very_complex_trace;high_gas_used_context,0xd9fc4aab,true
26136746,0x858a76b3d08fe49311ab41eab39b9ba652547c2fc0b1861a11e022bb0df0f414,0x43370250bfc02c7f085cb105558da41e9cdb2d79,0x4337084d9e255ff0702461cf8895ce9e3b5ff108,2026-10-07T08:00:41,complex_trace;high_gas_used_context,0x765e827f,false
26136746,0x92e3fabd54b65acaac4bdb9eec5a6d54ba14e6526789e7155d3c2a861b1b4c8d,0x433702256b464248dcbe403c1334757be4ed9f26,0x4337084d9e255ff0702461cf8895ce9e3b5ff108,2026-10-07T08:00:41,complex_trace;high_gas_used_context,0x765e827f,false
26136746,0x9919fa3f713854c6f68f261f5c5ac1faef90bdb6107a0609030718889af58693,0xca7ded7e4f4ba8ab3b10009236ae6d1b95094589,0xccc88a9d1b4ed6b0eaba998850414b24f1c315be,2026-10-07T08:00:41,dense_internal_fund_flow;complex_trace;high_gas_used_context;token_activity_burst,0x0a2b8f36,true
26136746,0x998021bcfa72a2d078d12992d901af22067b473dfc0d72bd1384a28a07bf9801,0xc29eb41be9a829affba6da5fbd86caa5df28ca0f,0x4313c378cc91ea583c91387b9216e2c03096b27f,2026-10-07T08:00:41,dense_internal_fund_flow;complex_trace,0xeffbec13,true
26136746,0x9df1c6fb2728615eeb00d78cb7ed9580da708d5b54561484153ba8c3365043d0,0x4337015333e7c8a3c5af4acd2c4aa4befb0d663c,0x4337084d9e255ff0702461cf8895ce9e3b5ff108,2026-10-07T08:00:41,complex_trace;high_gas_used_context,0x765e827f,false
26136746,0xa746441e5f5d2412eda9e8d34a0764cbe5790ff9ea2f2ee43876c883b7d2310d,0x051c42ee7a529410a10e5ec11b9e9b8ba7cbb795,0x3f7c15d053ab332d194d0040815e466d34387e40,2026-10-07T08:00:41,complex_trace;high_gas_used_context,0x4d58ad8a,false
26136746,0xe1c91c64b9ba52c1f09fbc561a1a7489e871fd77354b62ece470203333fe869c,0x9079291009eca1e8f3bd3604402a588803237f95,0xa2233dbf022f6ee1026976691d0c4fc23937d2d2,2026-10-07T08:00:41,complex_trace;token_activity_burst;selfdestruct_context,0x28472417,true
26136746,0x03098c7c0ef34fcaea190494af6913a5a450ab1474bcd283fd5ea9eb50e88d4f,0x80d04079ffc53eb14edbeeb37279d126f45552df,0xe95cb8a060ac797f9444eeb42d671fcb482d4a6a,2026-10-07T08:01:12,repeated_internal_token_drain;dense_internal_fund_flow;complex_trace;token_activity_burst;repeated_risky_internal_calls,0x8aaa8f3b,true
26136746,0x445a2b94d6aecced8db2ee0ea1db73e6e14f4d1335a9a872d375da3732961999,0x8a95ce124c623df5d54eab2e063e941f8db0ba24,0x3ecb500ffa36dee3347fa3a1be09b5db8110a979,2026-10-07T08:01:12,very_complex_trace;high_gas_used_context,0xeff004ec,false
26136746,0x550cbab65eed3a7e50e844e339fc017ac92693b07916dfe7a84acc5f2c75287c,0xe487832018fbd594c84f1db3dfac61cde98a5f36,0x91ff8bbd8ebb07893010d50a48a1609e5ebd8e34,2026-10-07T08:01:12,complex_trace;high_gas_used_context,0x069d1525,false
26136746,0x93c0fc39ab0acb886f71899e9c2ae3923167aa8f1c56b102a3c86585f18eb72a,0x80d04079ffc53eb14edbeeb37279d126f45552df,0xe95cb8a060ac797f9444eeb42d671fcb482d4a6a,2026-10-07T08:01:12,repeated_internal_token_drain;dense_internal_fund_flow;complex_trace;token_activity_burst;repeated_risky_internal_calls,0x8aaa8f3b,true
26136746,0xc093fa4bebdcc7a17f754cae7aa01533b5e063cfe3382353010da0e5b5f4d5a9,0x4838b106fce9647bdf1e7877bf73ce8b0bad5f97,0xfeeeeee44046c3f61a8cc081e0918ef0de0a7ffc,2026-10-07T08:01:12,selfdestruct_context,0x6ac589c3,true
26136746,0xd95ce3d1b5ced0544032ded5ec28f292ed68eafc35783733b8e0a03e30b32717,0x4838b106fce9647bdf1e7877bf73ce8b0bad5f97,0xfeeeeee44046c3f61a8cc081e0918ef0de0a7ffc,2026-10-07T08:01:12,selfdestruct_context,0x6ac589c3,true
26136748,0x0498bce1d1412ddf21eacbee904be40e305407fc06bab8cdb9a22dadfb200bde,0x18c0f63dcbf237775d579a7655ef757ba1e39083,0x5228ed975c6bcb53d2e221ba737362fd9add0b60,2026-10-07T08:01:46,dense_internal_fund_flow;complex_trace,0xeffbec13,true
26136748,0x1a1ab6d3f24243110050924c62bed78c4da20572a26874bc7a1579c1c58b2335,0x4337021d22bcd0775a0fd1b4a6665051dc15d995,0x4337084d9e255ff0702461cf8895ce9e3b5ff108,2026-10-07T08:01:46,complex_trace;high_gas_used_context,0x765e827f,false
26136748,0x26a718a82fc542b46a4cd155d546a45fb93125f17072b358c96991bac670712f,0x2ee7a685bedf18bb2667e4cd7848595e92d68587,0x0000000000001ff3684f28c67538d4d072c22734,2026-10-07T08:01:46,very_complex_trace;high_gas_used_context;token_activity_burst,0x2213bc0b,false
26136748,0x4f92835dd314f9520d6ec1d02458ee1278ecdea37256018edeaa68bd035b9892,0x9079291009eca1e8f3bd3604402a588803237f95,0xa2233dbf022f6ee1026976691d0c4fc23937d2d2,2026-10-07T08:01:46,complex_trace;high_gas_used_context;token_activity_burst;selfdestruct_context,0x28472417,true
26136748,0x5ddd6f5b4b8d3c32ce12af18151963b3be8def68226a693658be515f18328fee,0x0add02d828c1097072a8eb629078ce269ffab827,0xdfa8ead9129d2053f307e9370570a33118619ea0,2026-10-07T08:01:46,dense_internal_fund_flow,0x414bf389,true
26136748,0x6636fb1f56e3719905bba0511eb49dba8e059d967060cdd4381a0eadf909eb18,0x7049477e4d95b612805813d6bed048c781c49632,0x950fd558f47e234a2fde23b7d61f7ccdbcb4a86f,2026-10-07T08:01:46,complex_trace;high_gas_used_context;token_activity_burst,0xdd225095,false
26136748,0x7c339e2ff6652b61acf57e8501590bb74f1d35143a76b1d9aaf04f7d3af8206d,0x4337005db25dbad41da5692ba1188751ee5d98b6,0x4337084d9e255ff0702461cf8895ce9e3b5ff108,2026-10-07T08:01:46,dense_internal_fund_flow;complex_trace;high_gas_used_context;token_activity_burst,0x765e827f,true
26136748,0x828d162230bc425c39524da77429ab0368b528f6236af26238f1e57ad9bc90e5,0xe2272fbdd718071720ff13b8ce8b9213e24b3e9f,0x0f1a896633b9f52c2ac63b6b6f06277581dfa9e8,2026-10-07T08:01:46,dense_internal_fund_flow,0x3e12cc2e,true
26136748,0xa1c05f6d6af0f9383b07f3e0efd2ce251c1bbe44c7fb4114b9d64c928ea31c7f,0x739212d5bafe6aac8be49a60b7d003bd41dbf38b,0x25e1d468b14005716111d5e8464573e5135275f4,2026-10-07T08:01:46,very_complex_trace,0x1a1a1571,false
26136748,0xba2f3f767266291d8d6ae36c451a5fe2305f88caa38a0d5702f9aca188cf070b,0xa67d7eb4dc68fa6ce8e34ef8cadaf075b9893fbb,0xccc88a9d1b4ed6b0eaba998850414b24f1c315be,2026-10-07T08:01:46,complex_trace;high_gas_used_context,0x0a2b8f36,false
26136748,0xf2af7fd936c0130a041c585fbc9ff71c1a6698bfd4edf2aeeeadad6075d228f2,0x2ce282a2cba2da33fcba23582e4c4506375d8790,0x950fd558f47e234a2fde23b7d61f7ccdbcb4a86f,2026-10-07T08:01:46,complex_trace;high_gas_used_context;token_activity_burst,0xdd225095,false
26136748,0xf99964c8a0db7c18b006e3957cdb937f4947efe4ee4cade8f702cfdc7f31eade,0x4337015333e7c8a3c5af4acd2c4aa4befb0d663c,0x4337084d9e255ff0702461cf8895ce9e3b5ff108,2026-10-07T08:01:46,complex_trace;high_gas_used_context,0x765e827f,false
26136748,0xfb7175fb0650a40a1057c1537cd2bd7da7bb5cb11bc522e2078a2f7d970c87f3,0x4838b106fce9647bdf1e7877bf73ce8b0bad5f97,0xfeeeeee44046c3f61a8cc081e0918ef0de0a7ffc,2026-10-07T08:01:46,selfdestruct_context,0x6ac589db,true
26136748,0x530f491ca6da61b7cd5944afb679e440177f6be2618ddadd2d6c9dc8ee29945e,0x4838b106fce9647bdf1e7877bf73ce8b0bad5f97,0xfeeeeee44046c3f61a8cc081e0918ef0de0a7ffc,2026-10-07T08:01:47,selfdestruct_context,0x6ac589db,true
26136748,0x87f0a5a5c26021eeccf2ef5aa627df86de03f7eac630047a3ec45053c12658f4,0x91355870a334ffc33e84503327773259e3030366,0x5b697fc0d86578bd3d48f5b5aa9b9b3049d9cdae,2026-10-07T08:01:47,dense_internal_fund_flow;token_activity_burst,0xa9059cbb,true
26136749,0x8090120e827a917873cfc67a7c523a7f7d5c8ac3f456b24ae4049f8f75b5b583,0x56c262027e0de4aea31d2489529cb25d23e58a8b,0xccc88a9d1b4ed6b0eaba998850414b24f1c315be,2026-10-07T08:01:48,dense_internal_fund_flow;complex_trace,0x0a2b8f36,true
26136749,0x08f12d1fd089bfe910d2635f084306673ce97db3c70a8dbd4780149f7149707e,0x4aae9eec4ed0ee85c266376f5474d381430ad636,0x7a250d5630b4cf539739df2c5dacb4c659f2488d,2026-10-07T08:01:49,dense_internal_fund_flow,0x791ac947,true
26136749,0x26828f81387b7f887f6665ca2b481e27a2394c73f3fd252fe197998e01fa6057,0xdadb0d80178819f2319190d340ce9a924f783711,0xfeeeeee44046c3f61a8cc081e0918ef0de0a7ffc,2026-10-07T08:01:49,selfdestruct_context,0x6ac589e7,true
26136749,0x3997b915dd433b8ba0717486b53f325aad497cbd22655c5310090dc97baa18cf,0x4337026d731283f9917fa3c9194d74809bfbec26,0x4337084d9e255ff0702461cf8895ce9e3b5ff108,2026-10-07T08:01:49,complex_trace;high_gas_used_context,0x765e827f,false
26136749,0x3d93dad840262be363091e294cd003c156e178c2f93c071cd60f07916adf2a09,0xdadb0d80178819f2319190d340ce9a924f783711,0xfeeeeee44046c3f61a8cc081e0918ef0de0a7ffc,2026-10-07T08:01:49,selfdestruct_context,0x6ac589e7,true
26136749,0x60ef89633780fa568f499ebee1751ffd518d9a805faec693e977d0a3f320350f,0xdadb0d80178819f2319190d340ce9a924f783711,0xfeeeeee44046c3f61a8cc081e0918ef0de0a7ffc,2026-10-07T08:01:49,selfdestruct_context,0x6ac589e7,true
26136750,0x079eb16a2aafadfaeb8a76d7d02773cbd27281117b4c80fa3bb4a720acf43dde,0x4838b106fce9647bdf1e7877bf73ce8b0bad5f97,0xfeeeeee44046c3f61a8cc081e0918ef0de0a7ffc,2026-10-07T08:01:51,selfdestruct_context,0x6ac589f3,true
26136750,0x626355cb814ba12809cda7b3f75a3e92cc1415435ce4df44e46c7cf3505d091e,0x91355870a334ffc33e84503327773259e3030366,0x5b697fc0d86578bd3d48f5b5aa9b9b3049d9cdae,2026-10-07T08:01:51,dense_internal_fund_flow;token_activity_burst,0xa9059cbb,true
26136750,0x6ececf881fc28232df752a507844eb81a067baca9ad45bee076033b63b8c91de,0x433702948d7be4201a2bcee6c349ad807c547a5d,0x4337084d9e255ff0702461cf8895ce9e3b5ff108,2026-10-07T08:01:51,complex_trace;high_gas_used_context,0x765e827f,false
26136750,0xafa158c3ce4a7e07815e60fe7ff179efa824720b9c4dff86d1b55f134c9f6704,0x6d0c96f4919a5efe9347742da55c3c05bfadc459,0xa2233dbf022f6ee1026976691d0c4fc23937d2d2,2026-10-07T08:01:51,complex_trace;selfdestruct_context,0x28472417,true
26136750,0xbfcef0a6f4706bd638d96b935f63e8345a76192c09c707744b319742fc79779c,0xe20446cccbfd5f9038e747f1dea8016ecbd94ae5,0x442be06bb5d13711a22ccd3fa382b72a874c5135,2026-10-07T08:01:51,privileged_execution_context,0xf7b5c341,false
26136750,0xc66f8548a44addb458ba7ff065110beec05ed993a619b68e80bd65b36fff766d,0x80d04079ffc53eb14edbeeb37279d126f45552df,0xe95cb8a060ac797f9444eeb42d671fcb482d4a6a,2026-10-07T08:01:51,repeated_internal_token_drain;dense_internal_fund_flow;complex_trace;token_activity_burst;repeated_risky_internal_calls,0x8aaa8f3b,true
26136750,0xc725b8522df63a7a60616be8fa04dbdf875859ce1b87d883c7d549c5798628d1,0x4337019d937ebcbd73dd750072d86c1ce664b350,0x4337084d9e255ff0702461cf8895ce9e3b5ff108,2026-10-07T08:01:51,complex_trace;high_gas_used_context,0x765e827f,false
26136751,0x034cf478b14e85d0df54457508fdfa9375c180b6fc898df4419746686282e5b7,0xdadb0d80178819f2319190d340ce9a924f783711,0xfeeeeee44046c3f61a8cc081e0918ef0de0a7ffc,2026-10-07T08:02:55,selfdestruct_context,0x6ac589ff,true
26136751,0x0b574bb9c0dc0e8cf75502f2727da6e5c0e50ece85d5f257ba0c96e4d8bcbc86,0xdadb0d80178819f2319190d340ce9a924f783711,0xfeeeeee44046c3f61a8cc081e0918ef0de0a7ffc,2026-10-07T08:02:55,selfdestruct_context,0x6ac589ff,true
26136751,0x11d908844804c4405726bef8e3ad5c59f19c1b41209c50c845fd1181023fa91e,0xdadb0d80178819f2319190d340ce9a924f783711,0xfeeeeee44046c3f61a8cc081e0918ef0de0a7ffc,2026-10-07T08:02:55,selfdestruct_context,0x6ac589ff,true
26136751,0x28ea9cf86f4730a0e794a4a4bdabf426c5ef7ec101738e9334e5985f2b594da0,0x9079291009eca1e8f3bd3604402a588803237f95,0xa2233dbf022f6ee1026976691d0c4fc23937d2d2,2026-10-07T08:02:55,complex_trace;token_activity_burst;selfdestruct_context,0x28472417,true
26136751,0xa6236e2fea24b23cffb6c61c5d87fed73726ae677eef65a39cd1f8929f1434c9,0x5a9ce6113eb1a3d6cb3ee9739b438c6f0c8d32c7,0x91ff8bbd8ebb07893010d50a48a1609e5ebd8e34,2026-10-07T08:02:55,complex_trace;high_gas_used_context,0x069d1525,false
26136751,0xf5ebbbfe7cfb1945017335b5b279b7e058ae1755490e76a47ff65f67cb078e1f,0x08674c1bf562d5630f08f308c3e2f00cba33be5c,0x1231deb6f5749ef6ce6943a275a1d3e7486f4eae,2026-10-07T08:02:55,dense_internal_fund_flow,0xee3314a1,true
26136752,0x89fd7b16906fb913444ba8334aa26d21e806f63ee8788a0787a2201e90e52fe3,0xa5a5491bca93dd4c076e4906e79e7673f4a5a142,0xccc88a9d1b4ed6b0eaba998850414b24f1c315be,2026-10-07T08:02:57,dense_internal_fund_flow;complex_trace,0x0a2b8f36,true
26136752,0xad823aba7be2e7220428d8a1dfea4d63e672f14da357d11e4113341764c39c10,0x396343362be2a4da1ce0c1c210945346fb82aa49,0xfeeeeee44046c3f61a8cc081e0918ef0de0a7ffc,2026-10-07T08:02:57,selfdestruct_context,0x6ac58a0b,true
26136752,0xb2c05ca793196a36ede59eeb0cb320ce897580e78ba76f1a193b708c58700eac,0x396343362be2a4da1ce0c1c210945346fb82aa49,0xfeeeeee44046c3f61a8cc081e0918ef0de0a7ffc,2026-10-07T08:02:57,selfdestruct_context,0x6ac58a0b,true
26136753,0x47cb8e6bbed8c250b627b1e9dfae25f25d1a3c94147619ac089ae995ce744c04,0x396343362be2a4da1ce0c1c210945346fb82aa49,0xfeeeeee44046c3f61a8cc081e0918ef0de0a7ffc,2026-10-07T08:02:58,selfdestruct_context,0x6ac58a17,true
26136753,0x95d0370eb0cc807c091fa9622c040096d2d3c331a63c11df8f62696c18392f42,0x4337006f33e2940fcbebd899bf2396117e65df9b,0x4337084d9e255ff0702461cf8895ce9e3b5ff108,2026-10-07T08:02:58,complex_trace;high_gas_used_context,0x765e827f,false
26136753,0x97fdf7d2ba609747618bb87e761ef4f3e1cdaa85307631768e2231c9d0acb98b,0x396343362be2a4da1ce0c1c210945346fb82aa49,0xfeeeeee44046c3f61a8cc081e0918ef0de0a7ffc,2026-10-07T08:02:58,selfdestruct_context,0x6ac58a17,true
26136753,0xbc075e2b848da7b58e307ecaae5e33feab895f4054e5685f23766d768f32d6a4,0x80d04079ffc53eb14edbeeb37279d126f45552df,0xe95cb8a060ac797f9444eeb42d671fcb482d4a6a,2026-10-07T08:02:58,repeated_internal_token_drain;dense_internal_fund_flow;complex_trace;token_activity_burst;repeated_risky_internal_calls,0x8aaa8f3b,true
26136753,0xea11c084c8a53131e96462561f2333e7f5b684cdf0fe092cc9142bf11d38527a,0x6d0c96f4919a5efe9347742da55c3c05bfadc459,0xa2233dbf022f6ee1026976691d0c4fc23937d2d2,2026-10-07T08:02:58,complex_trace;token_activity_burst;selfdestruct_context,0x28472417,true
26136754,0x05d8585fd228e3d00f9e0efc02656b8c93e55e79d20d5392eda3e5fb7ea3cc47,0x834613fc5f01f5e2fe019a93b6f3efc7d5aa2476,0xdfa8ead9129d2053f307e9370570a33118619ea0,2026-10-07T08:02:59,dense_internal_fund_flow,0x414bf389,true
26136754,0x331ab5cf34281a2f7946ae222158aa67631d2c7fe43a73317db972ae6a76afb9,0x0bfdacccf2c2ae1e1a88453e1f9bbba045bcf904,0x8feab81d36e7576107d5de0758c1b839be31b4f6,2026-10-07T08:02:59,dense_internal_fund_flow;complex_trace;high_gas_used_context,0x0c307f76,true
26136754,0x8bb03a6b4858ac5831eea6c95053fcf7a6042dadc34274d209a9d15f21876a39,0x396343362be2a4da1ce0c1c210945346fb82aa49,0xfeeeeee44046c3f61a8cc081e0918ef0de0a7ffc,2026-10-07T08:02:59,selfdestruct_context,0x6ac58a23,true
26136754,0x9d30bd41aa4978d4f18fb19fc62ea4fc8e8b1347863335b936255f20dd66e809,0x396343362be2a4da1ce0c1c210945346fb82aa49,0xfeeeeee44046c3f61a8cc081e0918ef0de0a7ffc,2026-10-07T08:02:59,selfdestruct_context,0x6ac58a23,true
26136754,0xd2f3639a160694fcd036256b88c656de4e64217c1a8534c08f6f7873d5e62dca,0x396343362be2a4da1ce0c1c210945346fb82aa49,0xfeeeeee44046c3f61a8cc081e0918ef0de0a7ffc,2026-10-07T08:02:59,selfdestruct_context,0x6ac58a23,true
26136755,0x0f355dc8588c7caa0434f4642e7c597a5dca329494d018aadea567bcad9b4185,0x4337026d731283f9917fa3c9194d74809bfbec26,0x4337084d9e255ff0702461cf8895ce9e3b5ff108,2026-10-07T08:03:01,complex_trace;high_gas_used_context,0x765e827f,false
26136755,0x0fc59ff1ad24dff66c50005d973a9f478a9c96b5445615709ffd9ae2b8e7cb87,0x788e953548e5193676574c600c990bec0e0ba627,0x78ace9b2ee9a31737fad748015266a59f32dc79a,2026-10-07T08:03:01,dense_internal_fund_flow;complex_trace,0x9265bb9d,true
26136755,0x3e2851231fd3644bd953f664002962aac8d359d0ab0c7ab80afa5fa0da4eac63,0x403e2365e5b2ac777cb857fe655f5f6a5dc4f212,0x6131b5fae19ea4f9d964eac0408e4408b66337b5,2026-10-07T08:03:01,dense_internal_fund_flow;complex_trace;high_gas_used_context;token_activity_burst,0xe21fd0e9,true
26136755,0x75ee1e14674de5a50eb67f6f9550583216ff17eaafa864d5278ff506117d5bba,0x4838b106fce9647bdf1e7877bf73ce8b0bad5f97,0xfeeeeee44046c3f61a8cc081e0918ef0de0a7ffc,2026-10-07T08:03:01,selfdestruct_context,0x6ac58a2f,true
26136755,0x88a1d4eda6ed9e05491bde874ab3ff997f0308fb0c920d023aa1971f3b0a4474,0x4337011463ef6bd863e47e7b5e743d2522261131,0x4337084d9e255ff0702461cf8895ce9e3b5ff108,2026-10-07T08:03:01,complex_trace;high_gas_used_context,0x765e827f,false
26136755,0x8978e115d10d17a9a4ad8a598e4b14aefd37d72d63db865eea859609f671c937,0xbc233da762760b64781a38ec6f609e25dabbc5be,0xa2233dbf022f6ee1026976691d0c4fc23937d2d2,2026-10-07T08:03:01,complex_trace;token_activity_burst;selfdestruct_context,0x28472417,true
26136755,0x9450727e891402c93b8abd8fb1a742e0d7d88896b32cd3dbe6fb139624500b2b,0x1ac54fd2749c920e8374a1937c5a83624a8c4b6e,0x8feab81d36e7576107d5de0758c1b839be31b4f6,2026-10-07T08:03:01,complex_trace;high_gas_used_context,0x0c307f76,false
26136755,0xa661cff0a4f34f9351181e4685f9eb729a79d877eff4ea646fa291a57ce91b93,0xd1ce29ea5b68dc88e7b878bafbb54fb57e393e4c,,2026-10-07T08:03:01,selfdestruct_context;contract_creation_context,0x60806040,false
26136755,0xbf4cdff98ebaca88ee8f93f955f2ead0f06993c23500165bba3fcada68c76e40,0x8b5606469e21c75edd7c74d1c7a65824675d9aff,0x9ccc2f3ecde026230e11a5c8799ac7524f2bb294,2026-10-07T08:03:01,dense_internal_fund_flow;complex_trace,0x1bc74526,true
26136755,0xeb22ce1a8afb643130eb73adddcd2afada3d9bf64c998008e72eeca7de1cd903,0x4a76cff1268f67ee8b8eaf8eaca179c60bc31e07,0x8622dd5bab44185f2a458ac90384ac99248f8d56,2026-10-07T08:03:01,complex_trace;high_gas_used_context,0xe5f6b8cd,false
26136756,0x06f82f50c9fe5e0fa52e251f3e933557191438df78e5047bb22f8115488649c7,0x814bc226372585db7e9a8bd4b8e7c46db530e393,0x66a9893cc07d91d95644aedd05d03f95e1dba8af,2026-10-07T08:04:04,dense_internal_fund_flow;high_gas_used_context,0x24856bc3,true
26136756,0x47a5c4c54031ca938b2f6fd03fe72246033c846ce3a701f6f6a7d17fa0504ecc,0x396343362be2a4da1ce0c1c210945346fb82aa49,0xfeeeeee44046c3f61a8cc081e0918ef0de0a7ffc,2026-10-07T08:04:04,selfdestruct_context,0x6ac58a3b,true
26136756,0x87b5e2ae755b12a5d71c1cd8a44f30fbe1f411d508dab9f94aeb88fd21914921,0xa5a5491bca93dd4c076e4906e79e7673f4a5a142,0xccc88a9d1b4ed6b0eaba998850414b24f1c315be,2026-10-07T08:04:04,dense_internal_fund_flow;complex_trace,0x0a2b8f36,true
26136756,0xc2a2c096bfdb17a19ae4111e94b1ae1162b2276fc29d36a739d47497baf7d8fa,0xb3d4518cadc7054ec43c61a668c21c3772353f9d,0xd64ef1417eb047ed0b54736a5a41f01178c391c6,2026-10-07T08:04:04,very_complex_trace;high_gas_used_context,0x10c07082,false
26136756,0xd09ba48e603311043853408a29aba3d250e073a6b92a6c4c0173aeba8b1496e0,0xa67d7eb4dc68fa6ce8e34ef8cadaf075b9893fbb,0xccc88a9d1b4ed6b0eaba998850414b24f1c315be,2026-10-07T08:04:04,complex_trace;high_gas_used_context,0x0a2b8f36,false
26136756,0xd34de83e341ecda80c1d798998b25780e0148ba024d577626a281928f42a57c7,0xd78c36b4de336c6ef4f1cd9050e52bf5ef7cb670,0xb92fe925dc43a0ecde6c8b1a2709c170ec4fff4f,2026-10-07T08:04:04,dense_internal_fund_flow;complex_trace,0xcd6e13f7,true
26136756,0xe21616d85198e33080f3926fa6f2004aea0b593f4975e962f35a76131f619380,0x396343362be2a4da1ce0c1c210945346fb82aa49,0xfeeeeee44046c3f61a8cc081e0918ef0de0a7ffc,2026-10-07T08:04:04,selfdestruct_context,0x6ac58a3b,true
26136756,0xff99aaa8dbb737e73f0fdd1e6ce031bd3b2ed37e338912445662490238fda5b7,0x91355870a334ffc33e84503327773259e3030366,0x5b697fc0d86578bd3d48f5b5aa9b9b3049d9cdae,2026-10-07T08:04:04,dense_internal_fund_flow;token_activity_burst,0xa9059cbb,true
26136757,0x080c7f033866928090ef59b00522f9aedf3c778a1b6548d5a3e270b58a2edf01,0x396343362be2a4da1ce0c1c210945346fb82aa49,0xfeeeeee44046c3f61a8cc081e0918ef0de0a7ffc,2026-10-07T08:04:06,selfdestruct_context,0x6ac58a47,true
26136757,0x5d2a5abe7b7a17a6bfc255167ee319b3af74fdc2e3bd04440af1c133981cd9dd,0xc29eb41be9a829affba6da5fbd86caa5df28ca0f,0x4313c378cc91ea583c91387b9216e2c03096b27f,2026-10-07T08:04:06,dense_internal_fund_flow;complex_trace,0xeffbec13,true
26136757,0x7c21209324d1c08b7c8d6a2e30c3478d15187fcd1d349681b1a3b01e2a2d7509,0xc29eb41be9a829affba6da5fbd86caa5df28ca0f,0x4313c378cc91ea583c91387b9216e2c03096b27f,2026-10-07T08:04:06,dense_internal_fund_flow;complex_trace,0xeffbec13,true
26136757,0xe6c5d7a93148c7ab4fdedeceec39a1032e0db7c4c57534020993cfdbdcec9824,0x396343362be2a4da1ce0c1c210945346fb82aa49,0xfeeeeee44046c3f61a8cc081e0918ef0de0a7ffc,2026-10-07T08:04:06,selfdestruct_context,0x6ac58a47,true
26136758,0x34e634931fd61959d964f1f6fe35eb0dd0747a4e7756231d06889ab1e2168c38,0x4337016838785634c63fce393bfc6222564436c4,0x4337084d9e255ff0702461cf8895ce9e3b5ff108,2026-10-07T08:04:08,complex_trace;high_gas_used_context,0x765e827f,false
26136758,0xa614d570fc9ea78f2fd00e5669f9a41742c08131e60a3b4f0d131568949e79ab,0xbe0b407782a7599380fa726db315340126d62229,0x4d2fb5f8ec243fde4df1a9678b82238570c7e0e4,2026-10-07T08:04:08,repeated_internal_token_drain;dense_internal_fund_flow;complex_trace;high_gas_used_context;token_activity_burst;repeated_risky_internal_calls,0x6a761202,true
26136758,0xfc8b96e62cc58dad36ce2f7bb73c85f34e2fce3e00159976a8934735022a1f85,0x7830c87c02e56aff27fa8ab1241711331fa86f43,0xa9d1e08c7793af67e9d92fe308d5697fb81d3e43,2026-10-07T08:04:08,dense_internal_fund_flow,0x1a1da075,true
26136758,0x225e9ef7cc08f8e641bcab36dead2a35762322ab4f908dfd592552386a5e1363,0xaf78b069b6d85649fc76437a3d6a539f95cdbe26,0xe68ab4f90fe026b9873f5f276ed2d7efbbbe42be,2026-10-07T08:04:09,dense_internal_fund_flow,0x614b3341,true
26136758,0x700141774d6329a058519734af4a82972b9b1fcede78d94b18aa9bfe64fee764,0x91355870a334ffc33e84503327773259e3030366,0x5b697fc0d86578bd3d48f5b5aa9b9b3049d9cdae,2026-10-07T08:04:09,dense_internal_fund_flow;token_activity_burst,0xa9059cbb,true
26136758,0x847f466f8088af2a2249d3a02b93ebda6047fce9683186d1af042cb4c9f92f3d,0x396343362be2a4da1ce0c1c210945346fb82aa49,0xfeeeeee44046c3f61a8cc081e0918ef0de0a7ffc,2026-10-07T08:04:09,selfdestruct_context,0x6ac58a5f,true
26136758,0x9906e041138922e3b2dac8d976d50054534187b7f969bdf3f7b9a68106cc149d,0x396343362be2a4da1ce0c1c210945346fb82aa49,0xfeeeeee44046c3f61a8cc081e0918ef0de0a7ffc,2026-10-07T08:04:09,selfdestruct_context,0x6ac58a5f,true
26136758,0xc5d221a84616b919b5612eb29d3b4a6a81df2c1e07c1ccd487f137eabaf6d1e0,0x396343362be2a4da1ce0c1c210945346fb82aa49,0xfeeeeee44046c3f61a8cc081e0918ef0de0a7ffc,2026-10-07T08:04:09,selfdestruct_context,0x6ac58a5f,true
26136758,0xf1ba809c8df1a49af4ecfdfdecf878622dd8111ff26777b61d25a6202d972c1f,0xbe893b64326fa0a2814ce15798bcd36743315532,0xd52c765872067bf6bf487f5c8a559fcd38553a12,2026-10-07T08:04:09,privileged_execution_context,0x3f965e56,false
26136759,0x10d373276afb265da5d2d803941251065fed383da2ed5ec0e0a106cbe69f46c8,0x388a501588f2f1d6c6f61d99a7375409b130068b,0xb222da0f9c22ad2addcb0b0d6b150f398e44157a,2026-10-07T08:04:10,complex_trace;high_gas_used_context,0xef4d7b75,false
26136759,0x35b424a67f9de303ad092a25c0c4be20ae20cfd52de3a19816d159a7ed9073e0,0xa66ffc655c7370aaa80d684845f036219a5343bf,0x950fd558f47e234a2fde23b7d61f7ccdbcb4a86f,2026-10-07T08:04:10,complex_trace;high_gas_used_context,0xdd225095,false
26136759,0x4009811e026e7b848d267a35f2bb3cdeed4f91f58be16fe4f950ef8153049967,0x4838b106fce9647bdf1e7877bf73ce8b0bad5f97,0xfeeeeee44046c3f61a8cc081e0918ef0de0a7ffc,2026-10-07T08:04:10,selfdestruct_context,0x6ac58a6b,true
26136759,0x405667a8193b0f442e579f4f091dbf1e76cf7cb36438455a3f26bfb68d2ccc9f,0x4838b106fce9647bdf1e7877bf73ce8b0bad5f97,0xfeeeeee44046c3f61a8cc081e0918ef0de0a7ffc,2026-10-07T08:04:10,selfdestruct_context,0x6ac58a6b,true
26136759,0x7873e900cc196ea94a7c671f7f299fe6842412e6048fac07411655e1161ec9cf,0x07ae8551be970cb1cca11dd7a11f47ae82e70e67,0x998d7c178a1f9607b47ea3a8e22426451b3ce707,2026-10-07T08:04:10,dense_internal_fund_flow;complex_trace,0xe3a64e34,true
26136759,0xb6dd9ec2c4dd118c344d2ab5c6da3c971ba56078308129994115db4745736af8,0x4337015333e7c8a3c5af4acd2c4aa4befb0d663c,0x4337084d9e255ff0702461cf8895ce9e3b5ff108,2026-10-07T08:04:10,complex_trace;high_gas_used_context,0x765e827f,false
26136759,0xe00a4699a862e5ca20bd525e5f6826d78dd7fa2a7bf837e49aaab62e09bedfbb,0x4838b106fce9647bdf1e7877bf73ce8b0bad5f97,0xfeeeeee44046c3f61a8cc081e0918ef0de0a7ffc,2026-10-07T08:04:10,selfdestruct_context,0x6ac58a6b,true
26136759,0xe5d119a36e27ce09f83e3d48a7880fa1b48972823593d3e936b22675b3b24336,0x09a591f0e4fa0abac08f05bc0916c51ee34c1a1b,0x5cb16a393b9b43c590953b51058edab1bde0f5fa,2026-10-07T08:04:10,dense_internal_fund_flow,0x501d976c,true
26136759,0xeb8a814dc2ae8f2fa29a129c1f71e77ef629d53ddebf51231acfef75f55ff7c5,0x80d04079ffc53eb14edbeeb37279d126f45552df,0xe95cb8a060ac797f9444eeb42d671fcb482d4a6a,2026-10-07T08:04:10,repeated_internal_token_drain;dense_internal_fund_flow;complex_trace;token_activity_burst;repeated_risky_internal_calls,0x8aaa8f3b,true
26136759,0xecde9a5f517420acc3674ef76cb2c3a96ba32edf8bd4451190d56b3800f5285a,0xbb9ef587a05d4ad0d8c363658f2c076fac830234,0xa2233dbf022f6ee1026976691d0c4fc23937d2d2,2026-10-07T08:04:10,complex_trace;high_gas_used_context;token_activity_burst;selfdestruct_context,0x28472417,true
26136760,0xa704f83e573645fecdb34d1bd000440c0c904abe923280e9712e7f9570eadcb6,0x18c0f63dcbf237775d579a7655ef757ba1e39083,0x5228ed975c6bcb53d2e221ba737362fd9add0b60,2026-10-07T08:04:11,dense_internal_fund_flow;complex_trace,0xeffbec13,true
26136760,0xb90971f05fe0e5e526acbfd6d35e0aaae4c9eb8da2efbc416ed1fb0ed7b97311,0x396343362be2a4da1ce0c1c210945346fb82aa49,0xfeeeeee44046c3f61a8cc081e0918ef0de0a7ffc,2026-10-07T08:04:11,selfdestruct_context,0x6ac58a77,true
26136760,0xd29ecebbd2e1e18e6ffbb1768ed928230d1c072c85d3efedfee67e9a9c3f256d,0x396343362be2a4da1ce0c1c210945346fb82aa49,0xfeeeeee44046c3f61a8cc081e0918ef0de0a7ffc,2026-10-07T08:04:11,selfdestruct_context,0x6ac58a77,true
26136761,0x08d81e3b97ea099e3ce25edf4d3a5f9761c2b43f7ea4f20d5d7ea9cb57c698b8,0x6dc62197d68e59c2c882fee469e32ab7fc82a11c,0x7a250d5630b4cf539739df2c5dacb4c659f2488d,2026-10-07T08:05:14,dense_internal_fund_flow,0x791ac947,true
26136761,0x1c3f6e0814b23cea19a5bd4dbe88de2fe4a13e8e7b74560fc4d39a5a0d030df4,0x80d04079ffc53eb14edbeeb37279d126f45552df,0xe95cb8a060ac797f9444eeb42d671fcb482d4a6a,2026-10-07T08:05:14,repeated_internal_token_drain;dense_internal_fund_flow;complex_trace;token_activity_burst;repeated_risky_internal_calls,0x8aaa8f3b,true
26136761,0x794649aaa990c10f12c40b94d4d198280abb2645e134bf5a4fcede4cb098a405,0x07ae8551be970cb1cca11dd7a11f47ae82e70e67,0x998d7c178a1f9607b47ea3a8e22426451b3ce707,2026-10-07T08:05:14,dense_internal_fund_flow;complex_trace,0xe3a64e34,true
26136761,0x8ebe467b2fd7f2763abf38a3efb18cf53c287d3e7798ec9d688ed56ecfa401fb,0xa67d7eb4dc68fa6ce8e34ef8cadaf075b9893fbb,0xccc88a9d1b4ed6b0eaba998850414b24f1c315be,2026-10-07T08:05:14,dense_internal_fund_flow;complex_trace;high_gas_used_context,0x0a2b8f36,true
26136761,0x98b045826c6bcbec5fd9e36a3d3f4e79e09123b17820e1c95d685077813a878f,0xca7ded7e4f4ba8ab3b10009236ae6d1b95094589,0xca11bde05977b3631167028862be2a173976ca11,2026-10-07T08:05:14,complex_trace;high_gas_used_context,0x174dea71,false
26136761,0xc1492100b80990a0810d752be4b1fa866324d4ddf69b496a9a05e0077c092652,0xdadb0d80178819f2319190d340ce9a924f783711,0xfeeeeee44046c3f61a8cc081e0918ef0de0a7ffc,2026-10-07T08:05:14,selfdestruct_context,0x6ac58a83,true
26136761,0xc8e9e5f3e3933f0c231df5df313bc041a6e42cec0a41709a30dce212acc6169c,0xdadb0d80178819f2319190d340ce9a924f783711,0xfeeeeee44046c3f61a8cc081e0918ef0de0a7ffc,2026-10-07T08:05:14,selfdestruct_context,0x6ac58a83,true
26136761,0xf4eefe70d4da3f344f9043032fde2e3c40bacc71da152109292bdc0e1ac5ec2b,0xdadb0d80178819f2319190d340ce9a924f783711,0xfeeeeee44046c3f61a8cc081e0918ef0de0a7ffc,2026-10-07T08:05:14,selfdestruct_context,0x6ac58a83,true
26136762,0x0fed7854a2505d660f6e304501c58028044ec9049a843d6d0e3aa8bd8e7718d6,0xdadb0d80178819f2319190d340ce9a924f783711,0xfeeeeee44046c3f61a8cc081e0918ef0de0a7ffc,2026-10-07T08:05:15,selfdestruct_context,0x6ac58a8f,true
26136762,0x149ba340d2ab6dd6f316fd64037df36fe9e12b240b16d556829cb4bac4585f80,0xdadb0d80178819f2319190d340ce9a924f783711,0xfeeeeee44046c3f61a8cc081e0918ef0de0a7ffc,2026-10-07T08:05:15,selfdestruct_context,0x6ac58a8f,true
26136762,0x283dea25cccab5bf503aedfe177a69589d14ee834ae0d01e24f19714c11a0e08,0xdadb0d80178819f2319190d340ce9a924f783711,0xfeeeeee44046c3f61a8cc081e0918ef0de0a7ffc,2026-10-07T08:05:15,selfdestruct_context,0x6ac58a8f,true
26136762,0x2e1d1606853a13a95a4f7396162a04d4ec20f521edd65b2df82c01e172b1f4fa,0xe487832018fbd594c84f1db3dfac61cde98a5f36,0x82c89d6ba0881a8b9e804aadfa0955d9acf7ba1f,2026-10-07T08:05:15,very_complex_trace;high_gas_used_context,0x656a7675,false
26136762,0x455cda19c84818fce7472c04b834cb0f9410657c9408472b90c207ffd9921bdf,0xdadb0d80178819f2319190d340ce9a924f783711,0xfeeeeee44046c3f61a8cc081e0918ef0de0a7ffc,2026-10-07T08:05:15,selfdestruct_context,0x6ac58a8f,true
26136762,0xb481515090a4473509023234e2fba334d07eeb384efba3d7597f45e2162a255d,0x4337006f33e2940fcbebd899bf2396117e65df9b,0x4337084d9e255ff0702461cf8895ce9e3b5ff108,2026-10-07T08:05:15,dense_internal_fund_flow;complex_trace,0x765e827f,true
26136763,0x47521492a7f03e74fe96165b70cd8f4b9b6fbe8d77227ca8de2f30f54cca34fa,0xcdd5ec3d95b3d9acbddb6ce6dda69d3f5e350135,0xb82aac6aecc9a8edf12345a3b1ec874575da97d4,2026-10-07T08:05:16,complex_trace;high_gas_used_context,0x00000000,false
26136763,0x5b7ecc8d87c9d0aebbe1128c10cf14137b17529da015ca11644116ee63a1cb61,0x4838b106fce9647bdf1e7877bf73ce8b0bad5f97,0xfeeeeee44046c3f61a8cc081e0918ef0de0a7ffc,2026-10-07T08:05:16,selfdestruct_context,0x6ac58a9b,true
26136763,0x73db3692a145786ed00ac814b78f309b20bd3059488f068f9f5cd8c5dbe9d290,0xe487832018fbd594c84f1db3dfac61cde98a5f36,0x91ff8bbd8ebb07893010d50a48a1609e5ebd8e34,2026-10-07T08:05:16,complex_trace;high_gas_used_context,0x069d1525,false
26136763,0x74f1e4bf24e277c509750d713870f6872b99ded174cadb09c0a67b25aedc58cd,0x7830c87c02e56aff27fa8ab1241711331fa86f43,0xa9d1e08c7793af67e9d92fe308d5697fb81d3e43,2026-10-07T08:05:16,dense_internal_fund_flow,0x1a1da075,true
26136763,0x09a0cdda08d56b3edf5093221dedc5b26f74bed1358fbecf67d85e930fd0d718,0x403e2365e5b2ac777cb857fe655f5f6a5dc4f212,0x6131b5fae19ea4f9d964eac0408e4408b66337b5,2026-10-07T08:05:17,dense_internal_fund_flow;complex_trace;high_gas_used_context,0xe21fd0e9,true
26136763,0x666c1f8a921fa7e6a763efe3e6bf1078da03220000110a2de9804fb0b127c4ae,0x9cf2b94caba0ab5ea0709c9aaa68716908236195,0xf82ef4080a53b71093f9c470676fc80e2adc4263,2026-10-07T08:05:17,complex_trace;high_gas_used_context,0x4b9ad8c7,false
26136763,0x749c27b5d48cb1f9150dc701120d150a683e29bf55e63892db810dc565078fab,0x4838b106fce9647bdf1e7877bf73ce8b0bad5f97,0xfeeeeee44046c3f61a8cc081e0918ef0de0a7ffc,2026-10-07T08:05:17,selfdestruct_context,0x6ac58a9b,true
26136763,0xbe9ab768f369427f2e6e0fd3c41586ddad568d1b8c7c8dce001ab65ea7d6fe63,0xabb2acd3be814a80e502575d6c1dc5f789e9cd10,0xccc88a9d1b4ed6b0eaba998850414b24f1c315be,2026-10-07T08:05:17,complex_trace;high_gas_used_context,0x0a2b8f36,false
26136763,0xcbc7cf6175c9205914b00b642b22dd579fc346081fd359daa7b0ff497960401b,0x2e8d14cc3b77f338608ae48b9f95ec181d9077f9,0xdfa8ead9129d2053f307e9370570a33118619ea0,2026-10-07T08:05:17,dense_internal_fund_flow,0x414bf389,true
26136764,0x1610baec9a6b16b28ad46e4ee3bb11e62c187905a1a757d5f967cd785adfe6ac,0x396343362be2a4da1ce0c1c210945346fb82aa49,0xfeeeeee44046c3f61a8cc081e0918ef0de0a7ffc,2026-10-07T08:05:19,selfdestruct_context,0x6ac58aa7,true
26136764,0x41f2a27b8269c16937f8bbbafbb574dc4d81f5cf80379075ce203d2b6c0d5084,0x936e847b56fa0b3edf3516c73edabc68eca1f299,0x70270c228c5b4279d1578799926873aa72446ccd,2026-10-07T08:05:19,dense_internal_fund_flow;complex_trace,0x2db897d0,true
26136764,0x5a95dbdb06a961e4906ebaa5daf7f5e8e530f729708bf9ec3f1191fa736802d0,0x9cf2b94caba0ab5ea0709c9aaa68716908236195,0xf82ef4080a53b71093f9c470676fc80e2adc4263,2026-10-07T08:05:19,complex_trace;high_gas_used_context;token_activity_burst,0x4b9ad8c7,false
26136764,0xd14dc676ce3c50d9ded6680c18eac56e334e75fc4af440f2fbab8550376fd646,0xa67d7eb4dc68fa6ce8e34ef8cadaf075b9893fbb,0xccc88a9d1b4ed6b0eaba998850414b24f1c315be,2026-10-07T08:05:19,complex_trace;high_gas_used_context,0x0a2b8f36,false
26136764,0xf114342fa8921c4cfdecc0b8c8542b2ac9b04fcf0b7b374c97f0d31a9be2b365,0x396343362be2a4da1ce0c1c210945346fb82aa49,0xfeeeeee44046c3f61a8cc081e0918ef0de0a7ffc,2026-10-07T08:05:19,selfdestruct_context,0x6ac58aa7,true
26136765,0x318f045f2535ab0f8edca7806dd21822dfd928fc174e728947f2d7572b17ca34,0x0d3199856425732cc407c6c0e85d871cc791c848,0x1231deb6f5749ef6ce6943a275a1d3e7486f4eae,2026-10-07T08:05:20,dense_internal_fund_flow;complex_trace,0x1794958f,true
26136765,0x40060867dc743ea7306615345442c49d587d441c28afe9909c3e2b8344da5037,0xdadb0d80178819f2319190d340ce9a924f783711,0xfeeeeee44046c3f61a8cc081e0918ef0de0a7ffc,2026-10-07T08:05:20,selfdestruct_context,0x6ac58ab3,true
26136765,0x5959ca9cae90cf8799441eec5608c6c9396711078b31280af33d111d2d024838,0x68f142a1a0d4e1515f21d28a2e1ab3ab5c0ca4ae,0x542298e710b32b49883577883b75b39ef18883ce,2026-10-07T08:05:20,dense_internal_fund_flow;complex_trace,0x1cff79cd,true
26136765,0x99cd66cc6c90eef97a2845d87e5313b397196c01affb3e6bb2662f4515f1219e,0xcc2cfff9d225a2ac8c5bc3a40ab9675052753f8a,0x6131b5fae19ea4f9d964eac0408e4408b66337b5,2026-10-07T08:05:20,complex_trace;high_gas_used_context,0xe21fd0e9,false
26136765,0xafe0a7b400ae49b02989bd714a736ef000cba39d1a18f28b7543db8cf6bd3a74,0x433700890211c1c776c391d414cffd38efdd1811,0x4337084d9e255ff0702461cf8895ce9e3b5ff108,2026-10-07T08:05:20,complex_trace;high_gas_used_context,0x765e827f,false
26136765,0xc01a49b5b8e0a340ecc0f5ab76ccf4cf791d5b8554edcd2efa008b977f14752a,0x377296dca10f8a0711fbb3d7c3a850d6d3c23928,0xe68ab4f90fe026b9873f5f276ed2d7efbbbe42be,2026-10-07T08:05:20,dense_internal_fund_flow;complex_trace,0xa994a998,true
26136765,0xc6c2af71a4277d2017e8b7c994d068f257e97a92458ce858b2ac172ae9774d09,0xdadb0d80178819f2319190d340ce9a924f783711,0xfeeeeee44046c3f61a8cc081e0918ef0de0a7ffc,2026-10-07T08:05:20,selfdestruct_context,0x6ac58ab3,true
26136765,0xce33aaa513bb4f9452694e1c95dfb8352dbb4516754ac8884656f77465c1fc8a,0x9cf2b94caba0ab5ea0709c9aaa68716908236195,0xf82ef4080a53b71093f9c470676fc80e2adc4263,2026-10-07T08:05:20,complex_trace;high_gas_used_context;token_activity_burst,0x4b9ad8c7,false
26136765,0xdb5d03f9974a5816f08c96355d36f04fc96ee12276f444967cf441e7f6108176,0x1b2e668df159c7e06fec46bfc5949d0f7029ec04,0x9008d19f58aabd9ed0d60971565aa8510560ab41,2026-10-07T08:05:20,complex_trace;high_gas_used_context,0x13d79a0b,false
26136765,0xe32e80cb4d904eb24a2bbe53d8b5b628ed2d2ff83b360607917d74076dff7c27,0xa3b3f26de89fe2670aca5c5a4477f9d37b5cc806,0x4313c378cc91ea583c91387b9216e2c03096b27f,2026-10-07T08:05:20,dense_internal_fund_flow;complex_trace,0xeffbec13,true
26136766,0x0077a92ceebcb85a96c880e08c2c5ae20e0ea050026e7926b4aeb5a10764e4ae,0x85c2e985a4fb5c3ff25ee27ee424abd851e4cb33,0xfeeeeee44046c3f61a8cc081e0918ef0de0a7ffc,2026-10-07T08:06:23,selfdestruct_context,0x6ac58abf,true
26136766,0x039aa753ac2ca477c747acadf353294b8d19dcafecd6258954f2021c504f7848,0x85c2e985a4fb5c3ff25ee27ee424abd851e4cb33,0xfeeeeee44046c3f61a8cc081e0918ef0de0a7ffc,2026-10-07T08:06:23,selfdestruct_context,0x6ac58abf,true
26136766,0x0c05b32d37e137a5e658e1218d8b242676ff1ac94b380e984cef817ec4e737c8,0x85c2e985a4fb5c3ff25ee27ee424abd851e4cb33,0xfeeeeee44046c3f61a8cc081e0918ef0de0a7ffc,2026-10-07T08:06:23,selfdestruct_context,0x6ac58abf,true
26136766,0x0ddded5d3f6b58b8b00b51fef74cb3cd77cfb7479516597fca98c75a160fb138,0xada5bb90d0de0bd1b6f3938708f49295a8d1f7cb,0xccc88a9d1b4ed6b0eaba998850414b24f1c315be,2026-10-07T08:06:23,complex_trace;high_gas_used_context,0x0a2b8f36,false
26136766,0x15f14abb0130d18ecd259f2372b406ee60b6dac6860db35aa822e8fb3278df88,0x85c2e985a4fb5c3ff25ee27ee424abd851e4cb33,0xfeeeeee44046c3f61a8cc081e0918ef0de0a7ffc,2026-10-07T08:06:23,selfdestruct_context,0x6ac58abf,true
26136766,0x17f7bbc391692abdc85cfa3c621c963f9d6e064e920e0b70fe425b09e1031f30,0x85c2e985a4fb5c3ff25ee27ee424abd851e4cb33,0xfeeeeee44046c3f61a8cc081e0918ef0de0a7ffc,2026-10-07T08:06:23,selfdestruct_context,0x6ac58abf,true
26136766,0x1962e6a80cd07792b4d147279bcc1fbcba835a3c7b9f3a94ed017b76ab8be7bb,0x85c2e985a4fb5c3ff25ee27ee424abd851e4cb33,0xfeeeeee44046c3f61a8cc081e0918ef0de0a7ffc,2026-10-07T08:06:23,selfdestruct_context,0x6ac58abf,true
26136766,0x1eb1eb789f23040e9f88857e3583f4993dd851ff45dc476783127b3a8b8a1fe0,0x85c2e985a4fb5c3ff25ee27ee424abd851e4cb33,0xfeeeeee44046c3f61a8cc081e0918ef0de0a7ffc,2026-10-07T08:06:23,selfdestruct_context,0x6ac58abf,true
26136766,0x209ede5d3fa8b9e15013a937c97ebb992ec3c5c40ba4f664b09d92c4ee17b415,0x85c2e985a4fb5c3ff25ee27ee424abd851e4cb33,0xfeeeeee44046c3f61a8cc081e0918ef0de0a7ffc,2026-10-07T08:06:23,selfdestruct_context,0x6ac58abf,true
26136766,0x23a3b4c9833f1b2b79656e3c0a6c56ed92df94a5f8dbb1e5b38ad7fd33547d07,0x85c2e985a4fb5c3ff25ee27ee424abd851e4cb33,0xfeeeeee44046c3f61a8cc081e0918ef0de0a7ffc,2026-10-07T08:06:23,selfdestruct_context,0x6ac58abf,true
26136766,0x263762316b4848a8db0ec9f2587c75fc5a558f45d36950f5e9fef01bc09c995b,0x85c2e985a4fb5c3ff25ee27ee424abd851e4cb33,0xfeeeeee44046c3f61a8cc081e0918ef0de0a7ffc,2026-10-07T08:06:23,selfdestruct_context,0x6ac58abf,true
26136766,0x2ab1d30a4424ecf0ce6921015a08c7076d68a9f2eb3078fb57affddebdc8c215,0x85c2e985a4fb5c3ff25ee27ee424abd851e4cb33,0xfeeeeee44046c3f61a8cc081e0918ef0de0a7ffc,2026-10-07T08:06:23,selfdestruct_context,0x6ac58abf,true
26136766,0x2ac16934a4428694c5eceed572b6f69da7c8b0a13de40510807d8f5bea614c67,0xe487832018fbd594c84f1db3dfac61cde98a5f36,0x91ff8bbd8ebb07893010d50a48a1609e5ebd8e34,2026-10-07T08:06:23,complex_trace;high_gas_used_context,0x069d1525,false
26136766,0x2d872f4615d201f2b258ae4cfb158538330d4e3bf618c3be6b957c9004f89ca4,0x4337003fcd2f56de3977ccb806383e9161628d0e,0x4337084d9e255ff0702461cf8895ce9e3b5ff108,2026-10-07T08:06:23,complex_trace;high_gas_used_context,0x765e827f,false
26136766,0x344f4b19fb46e539aec5cc10942c8c44c0efb1ebaedf4d840ab72fa109bffc5e,0x85c2e985a4fb5c3ff25ee27ee424abd851e4cb33,0xfeeeeee44046c3f61a8cc081e0918ef0de0a7ffc,2026-10-07T08:06:23,selfdestruct_context,0x6ac58abf,true
26136766,0x44def11493c06f801c7fd8d5ddbb370135357c4f437d93f60a5d9762389dc0f4,0x9a50a078d80f36e38edfae85affa2b8ab458e2c9,0x8d271f5196dd19e9c4a117ff8053285134582895,2026-10-07T08:06:23,complex_trace;high_gas_used_context,0xce97408f,false
26136766,0x48a2ada82af3c2e6c9dc0e5ef459c946702e753e6c166dafc67865bfcea64201,0x370a7e2d300c14d79d4a7ee07aaca46c4b3012cf,0xccc88a9d1b4ed6b0eaba998850414b24f1c315be,2026-10-07T08:06:23,dense_internal_fund_flow;complex_trace,0x0a2b8f36,true
26136766,0x495d0d86524bdeb8f64ac81efe9e855d2650af7778f83166400585f889182463,0x85c2e985a4fb5c3ff25ee27ee424abd851e4cb33,0xfeeeeee44046c3f61a8cc081e0918ef0de0a7ffc,2026-10-07T08:06:23,selfdestruct_context,0x6ac58abf,true
26136766,0x4b4251a032086728e7f8c9b2bed5325119c7e6430b330c4558b847ee1676ab6b,0x85c2e985a4fb5c3ff25ee27ee424abd851e4cb33,0xfeeeeee44046c3f61a8cc081e0918ef0de0a7ffc,2026-10-07T08:06:23,selfdestruct_context,0x6ac58abf,true
26136766,0x4d9acb5348199c2bd901d3a885ef8bc47c5d44d26706145d6ea7cfb87c77d069,0x85c2e985a4fb5c3ff25ee27ee424abd851e4cb33,0xfeeeeee44046c3f61a8cc081e0918ef0de0a7ffc,2026-10-07T08:06:23,selfdestruct_context,0x6ac58abf,true
26136766,0x4fa5251f827e6f6ddc03a649ce278bab73e3e0a77b3635a15a9cc017c060e090,0xa5a5491bca93dd4c076e4906e79e7673f4a5a142,0xccc88a9d1b4ed6b0eaba998850414b24f1c315be,2026-10-07T08:06:23,complex_trace;high_gas_used_context,0x0a2b8f36,false
26136766,0x4ff25605bc301a45a661e40000b59c256ac5aa5923c0d507f92de93e3cad3e84,0x85c2e985a4fb5c3ff25ee27ee424abd851e4cb33,0xfeeeeee44046c3f61a8cc081e0918ef0de0a7ffc,2026-10-07T08:06:23,selfdestruct_context,0x6ac58abf,true
26136766,0x5f3433d328338f48c2ebcb7723d5592529065b35d116abf047f463c2647be92a,0x85c2e985a4fb5c3ff25ee27ee424abd851e4cb33,0xfeeeeee44046c3f61a8cc081e0918ef0de0a7ffc,2026-10-07T08:06:23,selfdestruct_context,0x6ac58abf,true
26136766,0x61c40d30ad2a67038734e618462f7d23a1b09a05da39cb9a8b07db6d3933b521,0x85c2e985a4fb5c3ff25ee27ee424abd851e4cb33,0xfeeeeee44046c3f61a8cc081e0918ef0de0a7ffc,2026-10-07T08:06:23,selfdestruct_context,0x6ac58abf,true
26136766,0x6b8926d5ad8d609447918fd715d77c08a78c73cd25f57ab8be5603cb6c58d3f3,0x85c2e985a4fb5c3ff25ee27ee424abd851e4cb33,0xfeeeeee44046c3f61a8cc081e0918ef0de0a7ffc,2026-10-07T08:06:23,selfdestruct_context,0x6ac58abf,true
26136766,0x701f46f201c6eb29a55c4252dcab4c70a6fb53a79ae9498b1730bcb505280b81,0x85c2e985a4fb5c3ff25ee27ee424abd851e4cb33,0xfeeeeee44046c3f61a8cc081e0918ef0de0a7ffc,2026-10-07T08:06:23,selfdestruct_context,0x6ac58abf,true
26136766,0x72100d05854e7a705f8a548338ad3a7b0569700c47a77b351e8d5f225709dc92,0x0ea8affcc3335881389175ce6869207007f744b7,0xd01607c3c5ecaba394d8be377a08590149325722,2026-10-07T08:06:23,dense_internal_fund_flow;complex_trace,0xbcc3c255,true
26136766,0x74618cc30f70d0fc9ee1a7aee8c08d981a6d67ac9c5a65cace80a4fc088068ba,0x85c2e985a4fb5c3ff25ee27ee424abd851e4cb33,0xfeeeeee44046c3f61a8cc081e0918ef0de0a7ffc,2026-10-07T08:06:23,selfdestruct_context,0x6ac58abf,true
26136766,0x77383929b63312cbdf2fb84b66d8aaea692d786591486cde3648740707edf3bb,0x85c2e985a4fb5c3ff25ee27ee424abd851e4cb33,0xfeeeeee44046c3f61a8cc081e0918ef0de0a7ffc,2026-10-07T08:06:23,selfdestruct_context,0x6ac58abf,true
26136766,0x7917a2f9be27ad68ab47f31d13220da334bbb86b1164e01d584c2c8cd06ce6f9,0xf664d7b5f23755c74606d4b4ecfc2dd8aa2926a4,0x4313c378cc91ea583c91387b9216e2c03096b27f,2026-10-07T08:06:23,dense_internal_fund_flow;complex_trace,0xeffbec13,true
26136766,0x792869d337566e4d33aa09d3144eee6893a4852483e1265689c0699f1f1dd989,0x85c2e985a4fb5c3ff25ee27ee424abd851e4cb33,0xfeeeeee44046c3f61a8cc081e0918ef0de0a7ffc,2026-10-07T08:06:23,selfdestruct_context,0x6ac58abf,true
26136766,0x7eab726dbb6361f07b8bcbd9d70fd8f37ee4c82bf1d1825ccff096a9880467d0,0x85c2e985a4fb5c3ff25ee27ee424abd851e4cb33,0xfeeeeee44046c3f61a8cc081e0918ef0de0a7ffc,2026-10-07T08:06:23,selfdestruct_context,0x6ac58abf,true
26136766,0x7f91c3fb2464dd3759dcff6b160d7082345f1c1255194d8eae7f195cc4c246ef,0xc9eddf31f1b8d7c2a9c0b4907e0d1948e4a2e045,,2026-10-07T08:06:23,privileged_execution_context;very_complex_trace;high_gas_used_context;contract_creation_context,0x60c08060,false
26136766,0x8f308b988fc8f1627946c93468f3577f448894595561f282bcef1283ece11034,0xabb2acd3be814a80e502575d6c1dc5f789e9cd10,0xccc88a9d1b4ed6b0eaba998850414b24f1c315be,2026-10-07T08:06:23,complex_trace;high_gas_used_context,0x0a2b8f36,false
26136766,0x9066eb8d4272d39f4cd05ccb6c3a76b918879ae23b0a9ccd6cbb9db82cc1a7db,0x85c2e985a4fb5c3ff25ee27ee424abd851e4cb33,0xfeeeeee44046c3f61a8cc081e0918ef0de0a7ffc,2026-10-07T08:06:23,selfdestruct_context,0x6ac58abf,true
26136766,0x923466d8ed4524dd94535d0b23285a242728f44490cad2392cb83092ca852bd6,0x85c2e985a4fb5c3ff25ee27ee424abd851e4cb33,0xfeeeeee44046c3f61a8cc081e0918ef0de0a7ffc,2026-10-07T08:06:23,selfdestruct_context,0x6ac58abf,true
26136766,0x93a673ea6dd47fe7a48a23988f053c87691a42be66941b9c14a7cb4a402e0ffe,0x56913b32671184ddc60d4f127ecd69c835aa02f3,0xfeeeeee44046c3f61a8cc081e0918ef0de0a7ffc,2026-10-07T08:06:23,selfdestruct_context,0x6ac58abf,true
26136766,0x9a5dfc6bdfbc8d35e2b107915ca365c292c424f0621d8eb083664835cbb1304c,0x85c2e985a4fb5c3ff25ee27ee424abd851e4cb33,0xfeeeeee44046c3f61a8cc081e0918ef0de0a7ffc,2026-10-07T08:06:23,selfdestruct_context,0x6ac58abf,true
26136766,0x9e3e79dc4ec41e3273cf85b7c45c07f0bfa6f503b65af051cad0b1f06c238425,0x85c2e985a4fb5c3ff25ee27ee424abd851e4cb33,0xfeeeeee44046c3f61a8cc081e0918ef0de0a7ffc,2026-10-07T08:06:23,selfdestruct_context,0x6ac58abf,true
26136766,0xae88d78e324a4ffb5d5cb43b51a135e4a45d119d84a20b0e94f28479c109a944,0x85c2e985a4fb5c3ff25ee27ee424abd851e4cb33,0xfeeeeee44046c3f61a8cc081e0918ef0de0a7ffc,2026-10-07T08:06:23,selfdestruct_context,0x6ac58abf,true
26136766,0xaec227d735ae7147e21c4faf33c7c8f7851f45438acb9d82d2a8652686090ac1,0x85c2e985a4fb5c3ff25ee27ee424abd851e4cb33,0xfeeeeee44046c3f61a8cc081e0918ef0de0a7ffc,2026-10-07T08:06:23,selfdestruct_context,0x6ac58abf,true
26136766,0xb4881238ddcf482efb8032afd42a27efe7fbf2f048645c57c980da88b917a33b,0x85c2e985a4fb5c3ff25ee27ee424abd851e4cb33,0xfeeeeee44046c3f61a8cc081e0918ef0de0a7ffc,2026-10-07T08:06:23,selfdestruct_context,0x6ac58abf,true
26136766,0xb5813e055410812a694e27a692b0b05b305396dcc266c47249f7515d2f6b0a72,0x85c2e985a4fb5c3ff25ee27ee424abd851e4cb33,0xfeeeeee44046c3f61a8cc081e0918ef0de0a7ffc,2026-10-07T08:06:23,selfdestruct_context,0x6ac58abf,true
26136766,0xbab20f4ec83e0a4fe6e0152d72fc226eb21fb649e50d951e22a2c38defb5706c,0x85c2e985a4fb5c3ff25ee27ee424abd851e4cb33,0xfeeeeee44046c3f61a8cc081e0918ef0de0a7ffc,2026-10-07T08:06:23,selfdestruct_context,0x6ac58abf,true
26136766,0xbeb107da33fe30764b6ca7d12b9ad5bec83a4d6dd0d2bb3a0be551ebb3d9f26c,0x85c2e985a4fb5c3ff25ee27ee424abd851e4cb33,0xfeeeeee44046c3f61a8cc081e0918ef0de0a7ffc,2026-10-07T08:06:23,selfdestruct_context,0x6ac58abf,true
26136766,0xc21741106ba46453b6f814f0717fb5aa2868052849ee582c1ab08a5e3218beda,0x85c2e985a4fb5c3ff25ee27ee424abd851e4cb33,0xfeeeeee44046c3f61a8cc081e0918ef0de0a7ffc,2026-10-07T08:06:23,selfdestruct_context,0x6ac58abf,true
26136766,0xc3a60edf3359ec0915021946d80e843edc95fa2937360cafbd0623132012fb35,0x85c2e985a4fb5c3ff25ee27ee424abd851e4cb33,0xfeeeeee44046c3f61a8cc081e0918ef0de0a7ffc,2026-10-07T08:06:23,selfdestruct_context,0x6ac58abf,true
26136766,0xc3b3888a19b5b105c46e9a9759ba229622762cb33ba3d781b21ed0fa16b7d773,0x85c2e985a4fb5c3ff25ee27ee424abd851e4cb33,0xfeeeeee44046c3f61a8cc081e0918ef0de0a7ffc,2026-10-07T08:06:23,selfdestruct_context,0x6ac58abf,true
26136766,0xcf6f518d88c1b7eeb82fb844c6e986d99926377b735040108a4ee396ae223510,0x85c2e985a4fb5c3ff25ee27ee424abd851e4cb33,0xfeeeeee44046c3f61a8cc081e0918ef0de0a7ffc,2026-10-07T08:06:23,selfdestruct_context,0x6ac58abf,true
26136766,0xd8043b73c422d26ed33c1693b4e35d2b6244a8c07fea9cbc7737a20e8c2e68a7,0x85c2e985a4fb5c3ff25ee27ee424abd851e4cb33,0xfeeeeee44046c3f61a8cc081e0918ef0de0a7ffc,2026-10-07T08:06:23,selfdestruct_context,0x6ac58abf,true
26136766,0xd8e83a96dbb3f0b9e11e7b8e8014912542d56772fdb0aad4af6d4ab62a4e0bce,0x9cf2b94caba0ab5ea0709c9aaa68716908236195,0xf82ef4080a53b71093f9c470676fc80e2adc4263,2026-10-07T08:06:23,complex_trace;high_gas_used_context;token_activity_burst,0x4b9ad8c7,false
26136766,0xe1c5c85dd3713547a0db91a0871abcf4c3cd0e599b7c777ebac750700574c14c,0x1f93110dcb2b9b3960a2d8233a698849875413a3,,2026-10-07T08:06:23,privileged_execution_context;high_gas_used_context;contract_creation_context,0x61010060,false
26136766,0xe3fdb0d784d32bd2c4e14885c5690455a0eb7801ebc69b02005617c33c475526,0x9079291009eca1e8f3bd3604402a588803237f95,0xa2233dbf022f6ee1026976691d0c4fc23937d2d2,2026-10-07T08:06:23,complex_trace;high_gas_used_context;token_activity_burst;selfdestruct_context,0x28472417,true
26136766,0xed07e89be66e0e66c4f02676b0e1f400ead734d277abf9187c49a4bace3c0ce9,0x85c2e985a4fb5c3ff25ee27ee424abd851e4cb33,0xfeeeeee44046c3f61a8cc081e0918ef0de0a7ffc,2026-10-07T08:06:23,selfdestruct_context,0x6ac58abf,true
26136766,0xf940350ce77a5dfaf19a1b0cf69b82da310f712039fd22c6df8a958c471f8ee1,0x85c2e985a4fb5c3ff25ee27ee424abd851e4cb33,0xfeeeeee44046c3f61a8cc081e0918ef0de0a7ffc,2026-10-07T08:06:23,selfdestruct_context,0x6ac58abf,true
26136767,0x49021b0af3888e3b18c9f98a505636e6b801750a7ef8d581da2d1423f2317fd6,0x396343362be2a4da1ce0c1c210945346fb82aa49,0xfeeeeee44046c3f61a8cc081e0918ef0de0a7ffc,2026-10-07T08:06:25,selfdestruct_context,0x6ac58acb,true
26136767,0x7fe6fac091237ef418e2cd49c53fae918a37832f848ac117c14db735e216a851,0xcece6d1495479ea5f4a2c473e9b353aeac457924,0x8feab81d36e7576107d5de0758c1b839be31b4f6,2026-10-07T08:06:25,dense_internal_fund_flow;complex_trace,0x0c307f76,true
26136767,0x954919479f8072de6ada9e1989d9512658aacc1238c98ec024c91ae31fd10052,0x331d9a049d496385998067abf6cbb6371c8d2466,0xccc88a9d1b4ed6b0eaba998850414b24f1c315be,2026-10-07T08:06:25,complex_trace;high_gas_used_context,0x0a2b8f36,false
26136767,0xac3cdcccd070d179b4216a0ab94df6ecb3a8f7fec15e62e4e154380f252844e8,0xf78a5239c4aaf5e6b8b4d5376de215d0e04a299f,0x7a250d5630b4cf539739df2c5dacb4c659f2488d,2026-10-07T08:06:25,dense_internal_fund_flow,0x791ac947,true
26136767,0xb16001d9bea691a9a22b94cc54681aa46aa2c7368283ef486d0eab2bf1114800,0x9cf2b94caba0ab5ea0709c9aaa68716908236195,0xf82ef4080a53b71093f9c470676fc80e2adc4263,2026-10-07T08:06:25,complex_trace;high_gas_used_context;token_activity_burst,0x4b9ad8c7,false
26136767,0xcaf3c87752d3e58d36405f84618c6589bcd9dbb21a686a160f2940ae499d3b70,0x396343362be2a4da1ce0c1c210945346fb82aa49,0xfeeeeee44046c3f61a8cc081e0918ef0de0a7ffc,2026-10-07T08:06:25,selfdestruct_context,0x6ac58acb,true
26136768,0x14cdd8daef26da7932b40ff3784f8b28eed47d420465af26e493ee2d78595f16,0x9cf2b94caba0ab5ea0709c9aaa68716908236195,0xf82ef4080a53b71093f9c470676fc80e2adc4263,2026-10-07T08:06:26,complex_trace;high_gas_used_context;token_activity_burst,0x4b9ad8c7,false
26136768,0xb534ab6d69c935ef52a1bb006fc2eb115787ba10270e7e92a41270d98cebdbce,0x7830c87c02e56aff27fa8ab1241711331fa86f43,0xa9d1e08c7793af67e9d92fe308d5697fb81d3e43,2026-10-07T08:06:26,dense_internal_fund_flow,0x1a1da075,true
26136768,0xc47a9e640fafd2b8666d9cf26120f384f0645c560431eefda75e829fac20807f,0x91fc4ba20685339781888eca3e9e1c12d40f0e13,0x8a6e34a7860dd9c46770635fe3da4073c56f8131,2026-10-07T08:06:26,complex_trace;high_gas_used_context,0xd6dd7680,false
26136769,0xff893a4f0990e909e394f6b750fcdc72a63e9cfcee69a763003bda7ab432f0f7,0x24389cb07fae2a77881fee65ca8d7af6857d8ef5,0x4313c378cc91ea583c91387b9216e2c03096b27f,2026-10-07T08:06:27,dense_internal_fund_flow;complex_trace,0xeffbec13,true
26136769,0x0d3538c3a5215c459ea8e44c23ae8fefc812e7f48028326a175bcf349677cb91,0x85c2e985a4fb5c3ff25ee27ee424abd851e4cb33,0xfeeeeee44046c3f61a8cc081e0918ef0de0a7ffc,2026-10-07T08:06:28,selfdestruct_context,0x6ac58ae3,true
26136769,0x0e06095ebd5a3ab0eb787e35a8b409184171580728d91ea6a9c88ee5ceb1bd26,0x85c2e985a4fb5c3ff25ee27ee424abd851e4cb33,0xfeeeeee44046c3f61a8cc081e0918ef0de0a7ffc,2026-10-07T08:06:28,selfdestruct_context,0x6ac58ae3,true
26136769,0x146d15f2bd9502b7a9829a44e6264bef0f0ee5222570ba967243280ef0eeb9f1,0x85c2e985a4fb5c3ff25ee27ee424abd851e4cb33,0xfeeeeee44046c3f61a8cc081e0918ef0de0a7ffc,2026-10-07T08:06:28,selfdestruct_context,0x6ac58ae3,true
26136769,0x1769dcf2a17df3cab52677f18ba7460a68cc9ae525fee483e00593f43642b11b,0x85c2e985a4fb5c3ff25ee27ee424abd851e4cb33,0xfeeeeee44046c3f61a8cc081e0918ef0de0a7ffc,2026-10-07T08:06:28,selfdestruct_context,0x6ac58ae3,true
26136769,0x1c408354d4f0a4e39ce888c4594c71215e9a888d9adead7d4d44a8fdc9f0b0d4,0x85c2e985a4fb5c3ff25ee27ee424abd851e4cb33,0xfeeeeee44046c3f61a8cc081e0918ef0de0a7ffc,2026-10-07T08:06:28,selfdestruct_context,0x6ac58ae3,true
26136769,0x1f6f7627e23dc31f8b74ce1e0fa69a2a04f5dad7984572893b57f570a8e716d2,0x85c2e985a4fb5c3ff25ee27ee424abd851e4cb33,0xfeeeeee44046c3f61a8cc081e0918ef0de0a7ffc,2026-10-07T08:06:28,selfdestruct_context,0x6ac58ae3,true
26136769,0x245fcffed4653a8242ac01e10258f9e5652cdbec743efebcee6797ea8d0e0fb6,0x56913b32671184ddc60d4f127ecd69c835aa02f3,0xfeeeeee44046c3f61a8cc081e0918ef0de0a7ffc,2026-10-07T08:06:28,selfdestruct_context,0x6ac58ae3,true
26136769,0x2b015e9b8749fc9f266b40d829611d118ea2325ae67859ded891aa8bfba5edc0,0x18dd3c14e34c1bc379f7538068c59160d9f68e25,0xccc88a9d1b4ed6b0eaba998850414b24f1c315be,2026-10-07T08:06:28,complex_trace;high_gas_used_context,0x0a2b8f36,false
26136769,0x2e512843ed51cf3deaa599f9079e45f71789a8411d8d5df06bc359575f8a998a,0x85c2e985a4fb5c3ff25ee27ee424abd851e4cb33,0xfeeeeee44046c3f61a8cc081e0918ef0de0a7ffc,2026-10-07T08:06:28,selfdestruct_context,0x6ac58ae3,true
26136769,0x2f3a442c3e1aa011cf8e465a33191b9c112b677c015137853c45b327314f72e3,0x85c2e985a4fb5c3ff25ee27ee424abd851e4cb33,0xfeeeeee44046c3f61a8cc081e0918ef0de0a7ffc,2026-10-07T08:06:28,selfdestruct_context,0x6ac58ae3,true
26136769,0x359c510abcd8d22eb537ed0d73c70abe12bed938e29e0b2a017558fbf407d684,0x85c2e985a4fb5c3ff25ee27ee424abd851e4cb33,0xfeeeeee44046c3f61a8cc081e0918ef0de0a7ffc,2026-10-07T08:06:28,selfdestruct_context,0x6ac58ae3,true
26136769,0x3db949eaf4eddb12711bd1e3a404948996d1c70a42273c041fa1c1ac50cce2f8,0x85c2e985a4fb5c3ff25ee27ee424abd851e4cb33,0xfeeeeee44046c3f61a8cc081e0918ef0de0a7ffc,2026-10-07T08:06:28,selfdestruct_context,0x6ac58ae3,true
26136769,0x3ff4746b87bab08364183928f6941f8d7fded238672b267e417cdb88a14fc151,0x85c2e985a4fb5c3ff25ee27ee424abd851e4cb33,0xfeeeeee44046c3f61a8cc081e0918ef0de0a7ffc,2026-10-07T08:06:28,selfdestruct_context,0x6ac58ae3,true
26136769,0x44e909f8a2853bbf2a408bb75e344e179aa87eb495db43414c37cdeb0ec40b60,0x85c2e985a4fb5c3ff25ee27ee424abd851e4cb33,0xfeeeeee44046c3f61a8cc081e0918ef0de0a7ffc,2026-10-07T08:06:28,selfdestruct_context,0x6ac58ae3,true
26136769,0x4c4c2505e7ed51849d1c599c18c1faf916994d54a7ba5246c7fae0a04b4b10df,0x85c2e985a4fb5c3ff25ee27ee424abd851e4cb33,0xfeeeeee44046c3f61a8cc081e0918ef0de0a7ffc,2026-10-07T08:06:28,selfdestruct_context,0x6ac58ae3,true
26136769,0x52094702f6751965c444eb7056968f81590e52b17cc43ab1f78a9c1db1669002,0x85c2e985a4fb5c3ff25ee27ee424abd851e4cb33,0xfeeeeee44046c3f61a8cc081e0918ef0de0a7ffc,2026-10-07T08:06:28,selfdestruct_context,0x6ac58ae3,true
26136769,0x5477001e052bacb611145f9f43ad76b00115f4f29c73eb8ab5b3df92014ba566,0x85c2e985a4fb5c3ff25ee27ee424abd851e4cb33,0xfeeeeee44046c3f61a8cc081e0918ef0de0a7ffc,2026-10-07T08:06:28,selfdestruct_context,0x6ac58ae3,true
26136769,0x5b1af52c50b35021ecc872b0ccf92bddec67371e78785a173dc11b1e80e02971,0x85c2e985a4fb5c3ff25ee27ee424abd851e4cb33,0xfeeeeee44046c3f61a8cc081e0918ef0de0a7ffc,2026-10-07T08:06:28,selfdestruct_context,0x6ac58ae3,true
26136769,0x5b727d16bc61a3abf7ca2576b6e2e06d735cc7cef9b0eaaf5074536651187b72,0x85c2e985a4fb5c3ff25ee27ee424abd851e4cb33,0xfeeeeee44046c3f61a8cc081e0918ef0de0a7ffc,2026-10-07T08:06:28,selfdestruct_context,0x6ac58ae3,true
26136769,0x5d9ccc184be8f8df08c11c327caa683213e6c356db786ec2da3c2c72d3ab6a8b,0x85c2e985a4fb5c3ff25ee27ee424abd851e4cb33,0xfeeeeee44046c3f61a8cc081e0918ef0de0a7ffc,2026-10-07T08:06:28,selfdestruct_context,0x6ac58ae3,true
26136769,0x60fa407141daf52609e1c5ee2610890bb823e1545020efc7f9f7617391c4a456,0x85c2e985a4fb5c3ff25ee27ee424abd851e4cb33,0xfeeeeee44046c3f61a8cc081e0918ef0de0a7ffc,2026-10-07T08:06:28,selfdestruct_context,0x6ac58ae3,true
26136769,0x6260256aa109edc0bfdb1f51b7e8ae257364b4b3720c808419185fefa6a36fa4,0x85c2e985a4fb5c3ff25ee27ee424abd851e4cb33,0xfeeeeee44046c3f61a8cc081e0918ef0de0a7ffc,2026-10-07T08:06:28,selfdestruct_context,0x6ac58ae3,true
26136769,0x6a4525fc55935789f3dc724676d17c80fb470cd6cb857466f6b604bb183eb8cb,0x85c2e985a4fb5c3ff25ee27ee424abd851e4cb33,0xfeeeeee44046c3f61a8cc081e0918ef0de0a7ffc,2026-10-07T08:06:28,selfdestruct_context,0x6ac58ae3,true
26136769,0x6efa8d9e54fadb3836a721df7b2c6d2c7aaf1a3ed77f1fc329fc057a5d141212,0x85c2e985a4fb5c3ff25ee27ee424abd851e4cb33,0xfeeeeee44046c3f61a8cc081e0918ef0de0a7ffc,2026-10-07T08:06:28,selfdestruct_context,0x6ac58ae3,true
26136769,0x73f0010592613b4823db7769b12cba8b2d70d06e67a8d082fdfa04750b9546fc,0x9cf2b94caba0ab5ea0709c9aaa68716908236195,0xf82ef4080a53b71093f9c470676fc80e2adc4263,2026-10-07T08:06:28,complex_trace;high_gas_used_context;token_activity_burst,0x4b9ad8c7,false
26136769,0x775248a4c1cd73602a7cacf4aae817bd3cf0d8d04618d1f123d8b2aecde004ce,0x85c2e985a4fb5c3ff25ee27ee424abd851e4cb33,0xfeeeeee44046c3f61a8cc081e0918ef0de0a7ffc,2026-10-07T08:06:28,selfdestruct_context,0x6ac58ae3,true
26136769,0x7874e04ba26092bcfe0e48a081b863ef331cf0d86fb248157a4979f129dedabe,0x85c2e985a4fb5c3ff25ee27ee424abd851e4cb33,0xfeeeeee44046c3f61a8cc081e0918ef0de0a7ffc,2026-10-07T08:06:28,selfdestruct_context,0x6ac58ae3,true
26136769,0x78cdfe88bd55fdf69f509f19c8cb5c0cc0b2c6ba8f2629255ee3f55d96e9a1f9,0x85c2e985a4fb5c3ff25ee27ee424abd851e4cb33,0xfeeeeee44046c3f61a8cc081e0918ef0de0a7ffc,2026-10-07T08:06:28,selfdestruct_context,0x6ac58ae3,true
26136769,0x795e179a5662cdeda1fd91d531f713c46c43578c06256d7ce33d7b0e84047248,0x85c2e985a4fb5c3ff25ee27ee424abd851e4cb33,0xfeeeeee44046c3f61a8cc081e0918ef0de0a7ffc,2026-10-07T08:06:28,selfdestruct_context,0x6ac58ae3,true
26136769,0x848245f1a2afdd4e14b4198327c66cf0e40ac6d4f444d0a2ba18f18fe55706af,0x85c2e985a4fb5c3ff25ee27ee424abd851e4cb33,0xfeeeeee44046c3f61a8cc081e0918ef0de0a7ffc,2026-10-07T08:06:28,selfdestruct_context,0x6ac58ae3,true
26136769,0x8a1eed9b9e5c535b543fc6e3a8182581eaaa8253015f7f5b134f968c311e718b,0x85c2e985a4fb5c3ff25ee27ee424abd851e4cb33,0xfeeeeee44046c3f61a8cc081e0918ef0de0a7ffc,2026-10-07T08:06:28,selfdestruct_context,0x6ac58ae3,true
26136769,0x8b93b89909221fd421d1a4713222448ea90e4112d393bad4d9b04932e3d9d4e4,0x85c2e985a4fb5c3ff25ee27ee424abd851e4cb33,0xfeeeeee44046c3f61a8cc081e0918ef0de0a7ffc,2026-10-07T08:06:28,selfdestruct_context,0x6ac58ae3,true
26136769,0x97dd4cba356f8d1e2bfabf0824456e3777b565f0bb1f0824cb098785ccb25086,0x85c2e985a4fb5c3ff25ee27ee424abd851e4cb33,0xfeeeeee44046c3f61a8cc081e0918ef0de0a7ffc,2026-10-07T08:06:28,selfdestruct_context,0x6ac58ae3,true
26136769,0x9bcd42c9efc9b5ce1aea00edf4c0a95fce5a935628bf097a3cbf00718d556d7f,0x85c2e985a4fb5c3ff25ee27ee424abd851e4cb33,0xfeeeeee44046c3f61a8cc081e0918ef0de0a7ffc,2026-10-07T08:06:28,selfdestruct_context,0x6ac58ae3,true
26136769,0x9fd1a127ea313277227162940d7874eecfa53b5110624a1cbe36f8f5ee979c85,0x85c2e985a4fb5c3ff25ee27ee424abd851e4cb33,0xfeeeeee44046c3f61a8cc081e0918ef0de0a7ffc,2026-10-07T08:06:28,selfdestruct_context,0x6ac58ae3,true
26136769,0xa87ae575bd497c0f3ecf285bc74977d07b3bba1fe9fba660e2f4417380571d99,0x85c2e985a4fb5c3ff25ee27ee424abd851e4cb33,0xfeeeeee44046c3f61a8cc081e0918ef0de0a7ffc,2026-10-07T08:06:28,selfdestruct_context,0x6ac58ae3,true
26136769,0xad2cedf084df7b6416aed788a6b3606d17a3f1ed75d12615e4758a11c79b93e8,0x85c2e985a4fb5c3ff25ee27ee424abd851e4cb33,0xfeeeeee44046c3f61a8cc081e0918ef0de0a7ffc,2026-10-07T08:06:28,selfdestruct_context,0x6ac58ae3,true
26136769,0xadd00f8b05cc3518ab93e884be79e36a573220e79571c10106201390fff133a8,0x85c2e985a4fb5c3ff25ee27ee424abd851e4cb33,0xfeeeeee44046c3f61a8cc081e0918ef0de0a7ffc,2026-10-07T08:06:28,selfdestruct_context,0x6ac58ae3,true
26136769,0xae2c198682342665f744e757cd52e82d39448820f9e6a8168c80d8a4bf87778d,0x85c2e985a4fb5c3ff25ee27ee424abd851e4cb33,0xfeeeeee44046c3f61a8cc081e0918ef0de0a7ffc,2026-10-07T08:06:28,selfdestruct_context,0x6ac58ae3,true
26136769,0xaf2dcf8496d26fb1f826dd31cce899b4da013a401bf04fb9d4723ff5b9e5ad3e,0x85c2e985a4fb5c3ff25ee27ee424abd851e4cb33,0xfeeeeee44046c3f61a8cc081e0918ef0de0a7ffc,2026-10-07T08:06:28,selfdestruct_context,0x6ac58ae3,true
26136769,0xb1b781fed7d8d569cd1e9fd98d6a03f7446c803d7468d8aa68a39e913c44d56d,0x85c2e985a4fb5c3ff25ee27ee424abd851e4cb33,0xfeeeeee44046c3f61a8cc081e0918ef0de0a7ffc,2026-10-07T08:06:28,selfdestruct_context,0x6ac58ae3,true
26136769,0xb22996fafefad30750f181f05c9e57169587415eb59c913aefd1868298df8b9c,0x85c2e985a4fb5c3ff25ee27ee424abd851e4cb33,0xfeeeeee44046c3f61a8cc081e0918ef0de0a7ffc,2026-10-07T08:06:28,selfdestruct_context,0x6ac58ae3,true
26136769,0xb38b068ab5039807ba6381130ce1513fd73fab602ace9598e1868e495797bd58,0x85c2e985a4fb5c3ff25ee27ee424abd851e4cb33,0xfeeeeee44046c3f61a8cc081e0918ef0de0a7ffc,2026-10-07T08:06:28,selfdestruct_context,0x6ac58ae3,true
26136769,0xb5df1999c6a63e1a5354a4b1bded62523f39ef67c117b30da28bc267f39b70e3,0x85c2e985a4fb5c3ff25ee27ee424abd851e4cb33,0xfeeeeee44046c3f61a8cc081e0918ef0de0a7ffc,2026-10-07T08:06:28,selfdestruct_context,0x6ac58ae3,true
26136769,0xca99d34315bdd3b8ae16a3de7cee56137ac56ac1c8747b1f64efa3a4d8ac6f42,0x85c2e985a4fb5c3ff25ee27ee424abd851e4cb33,0xfeeeeee44046c3f61a8cc081e0918ef0de0a7ffc,2026-10-07T08:06:28,selfdestruct_context,0x6ac58ae3,true
26136769,0xd20160ee12c27e0339176d814be0c5a03c4f2e4e99d2bb1476c458e11c773520,0x85c2e985a4fb5c3ff25ee27ee424abd851e4cb33,0xfeeeeee44046c3f61a8cc081e0918ef0de0a7ffc,2026-10-07T08:06:28,selfdestruct_context,0x6ac58ae3,true
26136769,0xd3b9b0aee90c64b22281f54dba5df0a0ebd6e3e482ad094cfb911bb256c667a4,0x85c2e985a4fb5c3ff25ee27ee424abd851e4cb33,0xfeeeeee44046c3f61a8cc081e0918ef0de0a7ffc,2026-10-07T08:06:28,selfdestruct_context,0x6ac58ae3,true
26136769,0xd94b057a746ab12bb4de28951c70bbfb69a4300c05837606b90259944d4dbdfa,0x85c2e985a4fb5c3ff25ee27ee424abd851e4cb33,0xfeeeeee44046c3f61a8cc081e0918ef0de0a7ffc,2026-10-07T08:06:28,selfdestruct_context,0x6ac58ae3,true
26136769,0xd98544ab74c846cec7f74300f9f8f40fc74959308f12b1f6c8f08e8edc292562,0x85c2e985a4fb5c3ff25ee27ee424abd851e4cb33,0xfeeeeee44046c3f61a8cc081e0918ef0de0a7ffc,2026-10-07T08:06:28,selfdestruct_context,0x6ac58ae3,true
26136769,0xe0df39d5537fde1b80a711cfa342a7eeb4162254bbf45383612b21a19e2c17c8,0x85c2e985a4fb5c3ff25ee27ee424abd851e4cb33,0xfeeeeee44046c3f61a8cc081e0918ef0de0a7ffc,2026-10-07T08:06:28,selfdestruct_context,0x6ac58ae3,true
26136769,0xe31bf778da6a6500e71973195b2453e0430e54a8d5c1916cf189960657ea6276,0x85c2e985a4fb5c3ff25ee27ee424abd851e4cb33,0xfeeeeee44046c3f61a8cc081e0918ef0de0a7ffc,2026-10-07T08:06:28,selfdestruct_context,0x6ac58ae3,true
26136769,0xe337d3dd167367adffc5611a92e3715c76b7b953546b193c5c0244bb25da3796,0x85c2e985a4fb5c3ff25ee27ee424abd851e4cb33,0xfeeeeee44046c3f61a8cc081e0918ef0de0a7ffc,2026-10-07T08:06:28,selfdestruct_context,0x6ac58ae3,true
26136769,0xe626cd0caa287450e8aadb15cb00d59bf60f5459e77809681130f6c4cb97b747,0x85c2e985a4fb5c3ff25ee27ee424abd851e4cb33,0xfeeeeee44046c3f61a8cc081e0918ef0de0a7ffc,2026-10-07T08:06:28,selfdestruct_context,0x6ac58ae3,true
26136769,0xe7de2e408eb6d7901828729f75fda4e1ec9830f7f3f3d7848e5258198554b0fc,0x85c2e985a4fb5c3ff25ee27ee424abd851e4cb33,0xfeeeeee44046c3f61a8cc081e0918ef0de0a7ffc,2026-10-07T08:06:28,selfdestruct_context,0x6ac58ae3,true
26136769,0xeb695ac288caa575216d6d26e21485b72792dee3eee787809cda9d69c10b7225,0x85c2e985a4fb5c3ff25ee27ee424abd851e4cb33,0xfeeeeee44046c3f61a8cc081e0918ef0de0a7ffc,2026-10-07T08:06:28,selfdestruct_context,0x6ac58ae3,true
26136769,0xf5a049f30aa9cb80d2144dd0b28c81675ce4f9878f5e5568cf0c7b435bb78eb6,0x85c2e985a4fb5c3ff25ee27ee424abd851e4cb33,0xfeeeeee44046c3f61a8cc081e0918ef0de0a7ffc,2026-10-07T08:06:28,selfdestruct_context,0x6ac58ae3,true
26136770,0x0a3d85a15ac4e89b928c6eb0b01c3fec10f6c4c6a02f742ef7688628c8a08846,0xe487832018fbd594c84f1db3dfac61cde98a5f36,0x91ff8bbd8ebb07893010d50a48a1609e5ebd8e34,2026-10-07T08:06:30,complex_trace;high_gas_used_context,0x069d1525,false
26136770,0x3b55306138fd68b7a3863aa8ac29cdf786f4807deb4e36ed237671b59220d988,0x07ae8551be970cb1cca11dd7a11f47ae82e70e67,0x998d7c178a1f9607b47ea3a8e22426451b3ce707,2026-10-07T08:06:30,dense_internal_fund_flow;complex_trace,0xe3a64e34,true
26136770,0x4167ea3df9a4bfdcd65f86f20e90ea87f71287f700bc4106aabceb950f742e68,0x396343362be2a4da1ce0c1c210945346fb82aa49,0xfeeeeee44046c3f61a8cc081e0918ef0de0a7ffc,2026-10-07T08:06:30,selfdestruct_context,0x6ac58aef,true
26136770,0x93a59bf53c67a45db5b59e09a8b61502dc3851afabe4bce6c0553cb7d51229d2,0x396343362be2a4da1ce0c1c210945346fb82aa49,0xfeeeeee44046c3f61a8cc081e0918ef0de0a7ffc,2026-10-07T08:06:30,selfdestruct_context,0x6ac58aef,true
26136770,0xd4ea98221602c7d6c8a114b13c2072dd27ca822a8f7858aa76842f9c550deba3,0x396343362be2a4da1ce0c1c210945346fb82aa49,0xfeeeeee44046c3f61a8cc081e0918ef0de0a7ffc,2026-10-07T08:06:30,selfdestruct_context,0x6ac58aef,true
26136770,0xe67615293d09ce0f4aa90ba2de0cc6bca746d3329a8709e49c7376a94c4da778,0x9cf2b94caba0ab5ea0709c9aaa68716908236195,0xf82ef4080a53b71093f9c470676fc80e2adc4263,2026-10-07T08:06:30,complex_trace;high_gas_used_context;token_activity_burst,0x4b9ad8c7,false
26136770,0xf245fdc6a08957df6edfe2b6868741f8c257a64dcaa9692d71a6145611e05bbd,0x18dd3c14e34c1bc379f7538068c59160d9f68e25,0xccc88a9d1b4ed6b0eaba998850414b24f1c315be,2026-10-07T08:06:30,complex_trace;high_gas_used_context,0x0a2b8f36,false
26136771,0x02d6cd9afe60ecae15c7f04896c5dd7a2e6b188ddf69c05fd06f19534c859281,0x5f75af8616f40df2430d81a40d97a2051e66774d,0x8af93908607eca799c05210e271ee4da3c9da20c,2026-10-07T08:07:33,complex_trace;high_gas_used_context;token_activity_burst,0x32144807,false
26136771,0x24cf701aa6410d5d837e6ac44495a6093d04105b4c838caa37d7c86ad2f36aca,0xdadb0d80178819f2319190d340ce9a924f783711,0xfeeeeee44046c3f61a8cc081e0918ef0de0a7ffc,2026-10-07T08:07:33,selfdestruct_context,0x6ac58afb,true
26136771,0x934ef6f3e6c744205ed1f74378e17228c8e2bd1852d2ceff9b8db0f65f8c4c76,0x768fb85fe1c89502e49440c54ade996930c49604,0x88cc0800464fcef3e643a369e8a0532990995eee,2026-10-07T08:07:33,dense_internal_fund_flow;complex_trace,0xedbc849a,true
26136771,0xac9e62e0ac957116cf0c54ae4f2752f530f2f9dfc305ab9bf5933b28e72e0231,0x9cf2b94caba0ab5ea0709c9aaa68716908236195,0xf82ef4080a53b71093f9c470676fc80e2adc4263,2026-10-07T08:07:33,complex_trace;high_gas_used_context;token_activity_burst,0x4b9ad8c7,false
26136771,0xb579477ab616bd933c07c20bb25678f52a4125f15d6eed83bcb5febb38212354,0xdadb0d80178819f2319190d340ce9a924f783711,0xfeeeeee44046c3f61a8cc081e0918ef0de0a7ffc,2026-10-07T08:07:33,selfdestruct_context,0x6ac58afb,true
26136771,0xd737bfc2f6ef0e967994450dd9fce1c7debc36b8b9c5f06a7d6a31bbce34280e,0xdadb0d80178819f2319190d340ce9a924f783711,0xfeeeeee44046c3f61a8cc081e0918ef0de0a7ffc,2026-10-07T08:07:33,selfdestruct_context,0x6ac58afb,true
26136771,0xde67b1cb2847a97f3cae34ba6a5028cad26f80db66f828930440c913e8e9cf30,0x2ee7a685bedf18bb2667e4cd7848595e92d68587,0x0000000000001ff3684f28c67538d4d072c22734,2026-10-07T08:07:33,complex_trace;high_gas_used_context;token_activity_burst,0x2213bc0b,false
26136772,0x06c89bde4e4ba54b1c345a94fdd2c8b132b72a50c0a69f2bf7812069b308851c,0x4838b106fce9647bdf1e7877bf73ce8b0bad5f97,0xfeeeeee44046c3f61a8cc081e0918ef0de0a7ffc,2026-10-07T08:07:35,selfdestruct_context,0x6ac58b07,true
26136772,0x2b422b1831483eb9158ef56d9faed48e150d907e5773e4b97f6d8147cc5204c3,0x07ae8551be970cb1cca11dd7a11f47ae82e70e67,0x998d7c178a1f9607b47ea3a8e22426451b3ce707,2026-10-07T08:07:35,dense_internal_fund_flow;complex_trace,0xe3a64e34,true
26136772,0x49e000a1a4a8252136260bcf5e40d440f4a03ad1dccc3b6d4a83eda9dcb3954d,0x5b902a47d3818ace94fcc1eca708dc971ffdaa32,0x7a250d5630b4cf539739df2c5dacb4c659f2488d,2026-10-07T08:07:35,dense_internal_fund_flow,0x791ac947,true
26136772,0x878d4e18cbbef1e4820d3fb2263c0b16b899e36f6c3e5b25bd478795d5438bc6,0xabb2acd3be814a80e502575d6c1dc5f789e9cd10,0xccc88a9d1b4ed6b0eaba998850414b24f1c315be,2026-10-07T08:07:35,complex_trace;high_gas_used_context,0x0a2b8f36,false
26136772,0x937764c495b2d54e7ceb7c95823222848a49cc4d9afd86cb051463ad95c9513a,0x9cf2b94caba0ab5ea0709c9aaa68716908236195,0xf82ef4080a53b71093f9c470676fc80e2adc4263,2026-10-07T08:07:35,complex_trace;high_gas_used_context;token_activity_burst,0x4b9ad8c7,false
26136772,0xa1b676abe8e66dba682b5daa74619ff153732c714f4f79de2722c821b31bb15a,0x5b43453fce04b92e190f391a83136bfbecedefd1,0xbdb3ba9ffe392549e1f8658dd2630c141fdf47b6,2026-10-07T08:07:35,complex_trace;token_activity_burst,0x000000c3,false
26136772,0xb185395cd9bbe6aab1071789bd7e4949e56cc5e01825031e59f1166732fbae06,0xca7ded7e4f4ba8ab3b10009236ae6d1b95094589,0xccc88a9d1b4ed6b0eaba998850414b24f1c315be,2026-10-07T08:07:35,complex_trace;high_gas_used_context,0x0a2b8f36,false
26136772,0xdd9fb9d33886a5536f63a7a924fd17f0822f8f7d98a60b3281eed0f08c8dd277,0x5e4a575a7d5f10269a0a8625905262e23069257b,0x4a00d2e63732932d00f3005c006141fe85000000,2026-10-07T08:07:35,complex_trace;high_gas_used_context;token_activity_burst,0x4b042451,false
26136772,0xea6eed55c54aa1309f065f3a972cff894583874e97de694606da1c13944d6daa,0x4838b106fce9647bdf1e7877bf73ce8b0bad5f97,0xfeeeeee44046c3f61a8cc081e0918ef0de0a7ffc,2026-10-07T08:07:35,selfdestruct_context,0x6ac58b07,true
26136772,0xec54ce23506ca25ee7e559a4f6de2dad44aa34b03042257f491f2586a1dfe511,0x370a7e2d300c14d79d4a7ee07aaca46c4b3012cf,0xccc88a9d1b4ed6b0eaba998850414b24f1c315be,2026-10-07T08:07:35,complex_trace;high_gas_used_context,0x0a2b8f36,false
26136772,0xef575abbc10a1fb9638d10b18b314ac237a22810ffd71f314574273e58e8c692,0x403e2365e5b2ac777cb857fe655f5f6a5dc4f212,0x6131b5fae19ea4f9d964eac0408e4408b66337b5,2026-10-07T08:07:35,dense_internal_fund_flow;complex_trace,0xe21fd0e9,true
26136773,0x2ef72a44660cdca376f2abd36099041c2396ea136a3751d834c58b940dc344b7,0xc29eb41be9a829affba6da5fbd86caa5df28ca0f,0x4313c378cc91ea583c91387b9216e2c03096b27f,2026-10-07T08:07:36,dense_internal_fund_flow;complex_trace,0xeffbec13,true
26136773,0x8894a8a5a2a109a03f85eede59be797900fb27ded44e7808a84388194c622add,0xae2fc483527b8ef99eb5d9b44875f005ba1fae13,0x1f2f10d1c40777ae1da742455c65828ff36df387,2026-10-07T08:07:36,dense_internal_fund_flow,0x2bad1b03,true
26136773,0x8c50c4279746246346928d178818b31e725ed3e7d8beca8380b5f319400c43f2,0xabb2acd3be814a80e502575d6c1dc5f789e9cd10,0xccc88a9d1b4ed6b0eaba998850414b24f1c315be,2026-10-07T08:07:36,complex_trace;high_gas_used_context,0x0a2b8f36,false
26136773,0x9b0681d131f133b69d560074c3dc06bf34bfa54ef4218a3571faee5051563ee6,0xc29eb41be9a829affba6da5fbd86caa5df28ca0f,0x4313c378cc91ea583c91387b9216e2c03096b27f,2026-10-07T08:07:36,dense_internal_fund_flow;complex_trace,0xeffbec13,true
26136773,0xb53d6a7eaec0ee58944d9542d83df2f7b8249d8d3d79b2ac2f4ac5ddd511e2ef,0xa67d7eb4dc68fa6ce8e34ef8cadaf075b9893fbb,0xccc88a9d1b4ed6b0eaba998850414b24f1c315be,2026-10-07T08:07:36,dense_internal_fund_flow;complex_trace;high_gas_used_context,0x0a2b8f36,true
26136773,0x0dd0dc0df1e42ef8e2e985ead8b787bee06dae33b865863886c420f1c56a6f4c,0xe487832018fbd594c84f1db3dfac61cde98a5f36,0x91ff8bbd8ebb07893010d50a48a1609e5ebd8e34,2026-10-07T08:07:37,complex_trace;high_gas_used_context,0x069d1525,false
26136773,0x22b710b0ee7198f0f5a0200aa86fc8d00a8b2ed6b96d63987892bc970930b450,0x5f0b8e99ccba3b0dfe8afaa53d31e69763ea9676,0xdfa8ead9129d2053f307e9370570a33118619ea0,2026-10-07T08:07:37,dense_internal_fund_flow,0x414bf389,true
26136773,0xe9ec6d8d6b16e83fe1a00e76e5b49e00540a90170a30380faffa7cc41d835cb1,0x4838b106fce9647bdf1e7877bf73ce8b0bad5f97,0xfeeeeee44046c3f61a8cc081e0918ef0de0a7ffc,2026-10-07T08:07:37,selfdestruct_context,0x6ac58b13,true
26136774,0x1393734141f8d90a28b5d1a325111116b7cfd8a381ae9f9348403064357bfb54,0x0afa3a877055f93c87381a7407db9c3d8c1bff47,0x976fa9f4d8aabdac3cfb7c357d69f620e8f86caf,2026-10-07T08:07:38,dense_internal_fund_flow;complex_trace,0x88b97778,true
26136774,0x2eb902d400450d9b9849cfaac1147cd3fb6d25d502ab1f9a9d0e7bcfcd97a60e,0x331d9a049d496385998067abf6cbb6371c8d2466,0xccc88a9d1b4ed6b0eaba998850414b24f1c315be,2026-10-07T08:07:38,dense_internal_fund_flow;complex_trace,0x0a2b8f36,true
26136774,0xb89a3d63bcdf6d81b7227ab86c483d2130e3421401ad0be2f5bdc1b6457798d4,0x56c262027e0de4aea31d2489529cb25d23e58a8b,0xccc88a9d1b4ed6b0eaba998850414b24f1c315be,2026-10-07T08:07:38,complex_trace;high_gas_used_context,0x0a2b8f36,false
26136774,0xe17ba06c1c4081e962a2070ce1d75898cbb447b71cf7bcd6dc2694d535bd4fb2,0xca7ded7e4f4ba8ab3b10009236ae6d1b95094589,0xccc88a9d1b4ed6b0eaba998850414b24f1c315be,2026-10-07T08:07:38,dense_internal_fund_flow;complex_trace,0x0a2b8f36,true
26136774,0x7768d5b0506bf88fbc4c5d94f51eb8fff49dc67d55fd1d632811f8ce78087b8c,0x07ae8551be970cb1cca11dd7a11f47ae82e70e67,0x998d7c178a1f9607b47ea3a8e22426451b3ce707,2026-10-07T08:08:09,dense_internal_fund_flow;complex_trace,0xe3a64e34,true
26136774,0x9601b9b8769332cf3f7a0e6f38077cd2ffeec4911efc53ab2f0ecd644bceaeea,0xc4abfc7c8098ddf9ce9ac661686db62adcc65d2e,,2026-10-07T08:08:09,large_mint_to_sender;contract_creation_context,0x60116080,true
26136775,0x122caeedb119de08aa4854b0895011fc92dc25af917b7382f60e31ef8f5316b2,0x18dd3c14e34c1bc379f7538068c59160d9f68e25,0xccc88a9d1b4ed6b0eaba998850414b24f1c315be,2026-10-07T08:08:10,complex_trace;high_gas_used_context,0x0a2b8f36,false
26136775,0xb52516774929beb9487296293e73d60db967ccec6aab98f338750378df92ee4b,0xd9c98c5c9f6de1e7f1925a3ecc1db9ec40c80ff8,0x90c496dea71307da373ea6fbca54b24bf5025de3,2026-10-07T08:08:10,dense_internal_fund_flow;complex_trace,0x08c1284c,true
26136775,0x35a45a0004a197feb9ed8279f40a2a2b0587941ed688947edfe96093bb958514,0x0b5309791b33b395bffb0cabdf1d113157dec1b2,0x1231deb6f5749ef6ce6943a275a1d3e7486f4eae,2026-10-07T08:08:11,dense_internal_fund_flow,0xee3314a1,true
26136775,0x8ed34964f2f902e7f9f5b653176362ca03dd875ad69327bb1598cd83265da8b9,0x7a47e5d23e375f9bc36437d381fe946d874ff1be,0x7a250d5630b4cf539739df2c5dacb4c659f2488d,2026-10-07T08:08:11,dense_internal_fund_flow,0xaf2979eb,true
26136775,0x9eb4c34ee4e71205c8684aabf385c097c62df0e116f90933d4ed4b0a5528856c,0x48d12e0e7ff746c1a84ad1b23939faa1806e1505,0x6131b5fae19ea4f9d964eac0408e4408b66337b5,2026-10-07T08:08:11,complex_trace;high_gas_used_context;token_activity_burst,0xe21fd0e9,false
26136775,0xf7c7e3293c6c4f453797ed1dfe19d8f3d4c6ad3fd929cf11db16809a18bd20f3,0xfcda38e654014b4e72670ec52fa7b9efd2b986ee,0x69460570c93f9de5e2edbc3052bf10125f0ca22d,2026-10-07T08:08:11,dense_internal_fund_flow;complex_trace,0x14d08fca,true
26136775,0x3d417a0ebec865a9889dd5469fd14532a48a0b36c3a145e54230364532944252,0x07ae8551be970cb1cca11dd7a11f47ae82e70e67,0x998d7c178a1f9607b47ea3a8e22426451b3ce707,2026-10-07T08:08:42,dense_internal_fund_flow;complex_trace,0xe3a64e34,true
26136775,0x737b96696c168801fa6f0428debdceb219a8eeec0a0c55b4d1130114d780c80f,0xdadb0d80178819f2319190d340ce9a924f783711,0xfeeeeee44046c3f61a8cc081e0918ef0de0a7ffc,2026-10-07T08:08:42,selfdestruct_context,0x6ac58b2b,true
26136775,0x855a20046a30fccf9261f6de7a5fb61f4b51877be814f5d93085a3f3bb7fb91d,0xdadb0d80178819f2319190d340ce9a924f783711,0xfeeeeee44046c3f61a8cc081e0918ef0de0a7ffc,2026-10-07T08:08:42,selfdestruct_context,0x6ac58b2b,true
26136775,0xdccdd1e426b59aa7dbb41726a112372bfbe1b76839e79a89ba5303ddc81914cc,0xdadb0d80178819f2319190d340ce9a924f783711,0xfeeeeee44046c3f61a8cc081e0918ef0de0a7ffc,2026-10-07T08:08:42,selfdestruct_context,0x6ac58b2b,true
26136776,0x0449f86d70a29ba5ea65bb69242d82c3627ecf8c573c766a223d0e027519259a,0xd9c98c5c9f6de1e7f1925a3ecc1db9ec40c80ff8,0x90c496dea71307da373ea6fbca54b24bf5025de3,2026-10-07T08:08:43,dense_internal_fund_flow;complex_trace,0x08c1284c,true
26136776,0xc791f3f20d98e26210bd19db404212f70cfc3330b5bab5c008b38bad0a34ed49,0x5b43453fce04b92e190f391a83136bfbecedefd1,0xbdb3ba9ffe392549e1f8658dd2630c141fdf47b6,2026-10-07T08:08:43,dense_internal_fund_flow;complex_trace;token_activity_burst,0x000000c3,true
26136776,0x82baf0241ef2cbaa4d05cf1a5279705a330ec2cb27054f782f3b602697475d8f,0x07ae8551be970cb1cca11dd7a11f47ae82e70e67,0x998d7c178a1f9607b47ea3a8e22426451b3ce707,2026-10-07T08:08:44,dense_internal_fund_flow;complex_trace,0xe3a64e34,true
26136776,0xb4b408b9cb88f037d4bf73f963856a9bd7f72a94eb6721caa3cba314ef7ff467,0x4838b106fce9647bdf1e7877bf73ce8b0bad5f97,0xfeeeeee44046c3f61a8cc081e0918ef0de0a7ffc,2026-10-07T08:08:44,selfdestruct_context,0x6ac58b37,true
26136777,0x2318032fbdab8ad2c93b39943a98e6f7c0d8a8692e88b081f491d85586c0e4a8,0xdadb0d80178819f2319190d340ce9a924f783711,0xfeeeeee44046c3f61a8cc081e0918ef0de0a7ffc,2026-10-07T08:09:16,selfdestruct_context,0x6ac58b43,true
26136777,0x57d2f2d28578d8fd372a00da7d43251726abccec50c2e72be16c879888d0b3b8,0xca7ded7e4f4ba8ab3b10009236ae6d1b95094589,0xccc88a9d1b4ed6b0eaba998850414b24f1c315be,2026-10-07T08:09:16,dense_internal_fund_flow;complex_trace;high_gas_used_context,0x0a2b8f36,true
26136777,0x95d5c7c83823dd6e1a923d58a9384489be545c06bc577b56e8be2273fd42e5ae,0x754dcfb2861547015b221e963b4133a71dbdc024,0x3e07be15370d8b12d80a159a7ef14b9e51869497,2026-10-07T08:09:16,dense_internal_fund_flow;complex_trace,0x21af54c6,true
26136777,0xbaf8fb98df31b6defea9a505f70323d03fdc4a1921494d75c0a6f0ea493de38f,0xdadb0d80178819f2319190d340ce9a924f783711,0xfeeeeee44046c3f61a8cc081e0918ef0de0a7ffc,2026-10-07T08:09:16,selfdestruct_context,0x6ac58b43,true
26136777,0xe30c01c3f9b2fe2db170669f1619f3662e09061a5a680c0be993d4497264e5fc,0xca7ded7e4f4ba8ab3b10009236ae6d1b95094589,0xccc88a9d1b4ed6b0eaba998850414b24f1c315be,2026-10-07T08:09:16,complex_trace;high_gas_used_context,0x0a2b8f36,false
26136777,0xeec1e5bc47812fe6ebbd106e799ebcb1c0953c7ac971c88c43481b94c7039fc2,0xe487832018fbd594c84f1db3dfac61cde98a5f36,0x91ff8bbd8ebb07893010d50a48a1609e5ebd8e34,2026-10-07T08:09:16,complex_trace;high_gas_used_context,0x069d1525,false
26136778,0x22c7fc4cd9c504bd13f5911bb49cd2a1154a31548c7bbbd99c6b53ac270e359c,0xd9c98c5c9f6de1e7f1925a3ecc1db9ec40c80ff8,0x90c496dea71307da373ea6fbca54b24bf5025de3,2026-10-07T08:09:48,dense_internal_fund_flow;complex_trace,0x08c1284c,true
26136778,0x3a8db2b81135f961c61f654062b11d97e38b2e7d6ddd2b27a2de420114753f05,0x6cc149b5f9ffcc44c46eb4502989e3f724030053,0xfeeeeee44046c3f61a8cc081e0918ef0de0a7ffc,2026-10-07T08:09:48,selfdestruct_context,0x6ac58b4f,true
26136778,0x3f07d8969b2ade2a6c34a6523dec2a983e7aee390291ba7d21d54756bbb4255b,0x794e44d1334a56fea7f4df12633b88820d0c5888,0x86e4dc95c7fbdbf52e33d563bbdb00823894c287,2026-10-07T08:09:48,complex_trace;high_gas_used_context,0x4e43e495,false
26136778,0x469f9f2f5e1cc3314bf90cd7164faa2f31ea27d170d508f3c7ebe63374c15620,0x7830c87c02e56aff27fa8ab1241711331fa86f43,0xa9d1e08c7793af67e9d92fe308d5697fb81d3e43,2026-10-07T08:09:48,dense_internal_fund_flow,0x1a1da075,true
26136778,0x495ba2a97cfc3fc0a52f504b8ac22e5cea5563c19f30c5226b9e78235dd44ce7,0x3bd6d828f72a87b7a06796341c770932a16d5e8f,0x6a3d7d74953fc1bb5cea625d2a81775fd51b518d,2026-10-07T08:09:48,large_mint_to_sender;high_gas_used_context,0x33a23b4f,true
26136778,0x5102d37fc2e89aec007d36ec3e781ed5a62a1d7e828a34d2827ac7684113c520,0x396343362be2a4da1ce0c1c210945346fb82aa49,0xfeeeeee44046c3f61a8cc081e0918ef0de0a7ffc,2026-10-07T08:09:48,selfdestruct_context,0x6ac58b4f,true
26136778,0x9ed5b7ecb8b81b9f19c53f0822217168afaaeac2ceecfa889cb28471720fa912,0xad126e59fa0f5db292816893d2ecb7c888a3c50b,0x7a250d5630b4cf539739df2c5dacb4c659f2488d,2026-10-07T08:09:48,dense_internal_fund_flow,0x791ac947,true
26136779,0x81d29db11800189a1d0036f444a068a78b1c1212e85d0cb90a856dc0727921d1,0x4838b106fce9647bdf1e7877bf73ce8b0bad5f97,0xfeeeeee44046c3f61a8cc081e0918ef0de0a7ffc,2026-10-07T08:09:50,selfdestruct_context,0x6ac58b5b,true
26136779,0x83d1ef59d6b2df9c3b934dfb94f100e3b59b147366b04c16d9fffab1c9e2476e,0x91355870a334ffc33e84503327773259e3030366,0x5b697fc0d86578bd3d48f5b5aa9b9b3049d9cdae,2026-10-07T08:09:50,dense_internal_fund_flow;token_activity_burst,0xa9059cbb,true
26136780,0x6a74d897acd7ade2f9247ebe90bbb6a826ac93b7e4119892ac063fea85d09431,0x42c2c71953d3ba18a56749d77ca35ad1c60dba42,0x97caca78ac2a94c67643d07843f85afaa44a3ea5,2026-10-07T08:09:52,dense_internal_fund_flow;complex_trace,0xc02409ba,true
26136780,0xce372e5ec689405e3a3d9e95f2eedb334288a1355c019edb9d867859a21a0a81,0x43370308b53e3611521ba48e2f7632a5644d7b1f,0x4337084d9e255ff0702461cf8895ce9e3b5ff108,2026-10-07T08:09:52,complex_trace;high_gas_used_context,0x765e827f,false
26136780,0x43921b98ae21b10d49c531769a80ff71a3606643b52b6dc2e599d1ca60bdf17f,0xb3d4518cadc7054ec43c61a668c21c3772353f9d,0xd64ef1417eb047ed0b54736a5a41f01178c391c6,2026-10-07T08:10:22,very_complex_trace;high_gas_used_context,0x10c07082,false
26136780,0xeee270c64b0bbb401a996be0c6b4b9fbc56571e43458e6aa7b05ea53e5c0f182,0xd5e87f1f003f222188cc8c5aeefc8b285738b7e7,0xbc6dbe2c5f172bbb736aa58cfa9bfcb20c85ffe2,2026-10-07T08:10:22,complex_trace;high_gas_used_context;token_activity_burst,0x09c5eabe,false
26136780,0x00001b5e104f1426e2a85038aba9bae145aad7487a32095b07cb0b32b65622fe,0x396343362be2a4da1ce0c1c210945346fb82aa49,0xfeeeeee44046c3f61a8cc081e0918ef0de0a7ffc,2026-10-07T08:10:23,selfdestruct_context,0x6ac58b67,true
26136780,0x06c51000ac8ee548e77fb3ee64a23ec4e33b19d86f233f922164f5707f936dd4,0x3cfdc212769c890907bce93d3d8c2c53de6a7a89,0x0000000071727de22e5e9d8baf0edac6f37da032,2026-10-07T08:10:23,privileged_execution_context;complex_trace,0x765e827f,false
26136780,0x3e522644c1fffaaabceb9ca15dac0f8ddf282b5a6cfa3559a8de49a7131bc708,0x396343362be2a4da1ce0c1c210945346fb82aa49,0xfeeeeee44046c3f61a8cc081e0918ef0de0a7ffc,2026-10-07T08:10:23,selfdestruct_context,0x6ac58b67,true
26136780,0x6401dcc52f04b8b17e7c2040047f79c3835a90fdbd1c5f490433d563eb8bb1f5,0x396343362be2a4da1ce0c1c210945346fb82aa49,0xfeeeeee44046c3f61a8cc081e0918ef0de0a7ffc,2026-10-07T08:10:23,selfdestruct_context,0x6ac58b67,true
26136780,0xe627a328915985cd00a451f72ffbf9ab76b46858df964e6476e8a5ea0e77294e,0x396343362be2a4da1ce0c1c210945346fb82aa49,0xfeeeeee44046c3f61a8cc081e0918ef0de0a7ffc,2026-10-07T08:10:23,selfdestruct_context,0x6ac58b67,true
26136781,0x2d807d1597c1016ab4a688e5f6d44895fadd6f4feec432adc085daf8a66a8139,0x4838b106fce9647bdf1e7877bf73ce8b0bad5f97,0xfeeeeee44046c3f61a8cc081e0918ef0de0a7ffc,2026-10-07T08:10:55,selfdestruct_context,0x6ac58b73,true
26136781,0x57d7cbb1c6ff58f5657d4d04646c0012cc6f8c5c28424e3ba143b039fdb4c42b,0xae2fc483527b8ef99eb5d9b44875f005ba1fae13,0x1f2f10d1c40777ae1da742455c65828ff36df387,2026-10-07T08:10:55,dense_internal_fund_flow;complex_trace,0x2bad1c64,true
26136781,0xeeff34291308e60be1d39a6c1420e2368858c66050ab4e7eacab722b95220655,0xddbbc661d9810544e65f02d104bd56bd762df62a,0x5228ed975c6bcb53d2e221ba737362fd9add0b60,2026-10-07T08:10:55,dense_internal_fund_flow;complex_trace,0xeffbec13,true
26136781,0x994c55978b1434f06025b6fb51fa88193e3c70277f86dcdd1ab655b42ab54d20,0x4838b106fce9647bdf1e7877bf73ce8b0bad5f97,0xfeeeeee44046c3f61a8cc081e0918ef0de0a7ffc,2026-10-07T08:10:56,selfdestruct_context,0x6ac58b73,true
26136781,0xf7738bf53b568076b7360e6cc41e2238f2dd90eee9788962c0892effa64759d1,0xe487832018fbd594c84f1db3dfac61cde98a5f36,0x91ff8bbd8ebb07893010d50a48a1609e5ebd8e34,2026-10-07T08:10:56,complex_trace;high_gas_used_context,0x069d1525,false
26136782,0x4152244a1c7bc0ad91ef2d3bb3a1b8de117a926711d8d408150d49d3ca309b7e,0x396343362be2a4da1ce0c1c210945346fb82aa49,0xfeeeeee44046c3f61a8cc081e0918ef0de0a7ffc,2026-10-07T08:10:58,selfdestruct_context,0x6ac58b7f,true
26136782,0x9eaad65959d57e84367042be81bf7417f6fd1de2ad7c6e60fbe528442f02ad62,0x80d04079ffc53eb14edbeeb37279d126f45552df,0xe95cb8a060ac797f9444eeb42d671fcb482d4a6a,2026-10-07T08:10:58,repeated_internal_token_drain;dense_internal_fund_flow;complex_trace;token_activity_burst;repeated_risky_internal_calls,0x8aaa8f3b,true
26136782,0xa53361fe930920e3bed68c032eb85c50beb8b818af10918e5cbf699775945483,0x6d0c96f4919a5efe9347742da55c3c05bfadc459,0xa2233dbf022f6ee1026976691d0c4fc23937d2d2,2026-10-07T08:10:58,selfdestruct_context,0x7a4f5e02,true
26136782,0xaceaf793fdd3dfc7005cf41969a6d67cd65e409ea9c4431ecb2308b635568aa4,0xd9af4455b56f8c703b63392f25a66e083b26c379,0x52b335fd4d229c4b4ffa6190526e4b5fb8e3fb09,2026-10-07T08:10:58,dense_internal_fund_flow;complex_trace;high_gas_used_context,0x085c8c5e,true
26136782,0xc6e18ee1fd869bd0dbc7be52d4626a90674dfda848909fb74dc1fa9b581a3f73,0x834613fc5f01f5e2fe019a93b6f3efc7d5aa2476,0xdfa8ead9129d2053f307e9370570a33118619ea0,2026-10-07T08:10:58,dense_internal_fund_flow,0x414bf389,true
26136782,0xeafbcffc5e693b50af4230267fa12dbcfe23edcee56107f593718f614cf3764a,0x396343362be2a4da1ce0c1c210945346fb82aa49,0xfeeeeee44046c3f61a8cc081e0918ef0de0a7ffc,2026-10-07T08:10:58,selfdestruct_context,0x6ac58b7f,true
26136783,0x52154e50967cfba01816fbade77291bf38ba9c614106ca473fbcad80099ec801,0x880fcc236bf42d5035bf583dfe2b07dbceb53759,0x4313c378cc91ea583c91387b9216e2c03096b27f,2026-10-07T08:12:01,dense_internal_fund_flow;complex_trace,0xeffbec13,true
26136783,0xd2b8358b188dbdd5c9420b38e6626f47caa6707b8239c0530ab27d95ba66d22b,0x11bf6fedfdddd108930c2394df6a44c94d1a62bb,0x75fbe3ba7b2ae1803549997ca94f2b636433670b,2026-10-07T08:12:01,complex_trace;high_gas_used_context,0xbb93ad85,false
26136783,0xe65af2742320997f95b5e35bf73ff87a11bf8c6d00e3138754c74a135290a2e6,0xa67d7eb4dc68fa6ce8e34ef8cadaf075b9893fbb,0xca11bde05977b3631167028862be2a173976ca11,2026-10-07T08:12:01,complex_trace;high_gas_used_context,0x174dea71,false
26136783,0x4508a34b81704b0290e162c83a4a9cb434fd7f61936aee1a8221fbd1ed79a576,0x67622164dbb8d0a9ec3ffc51785736e290c5823d,0x4563b9378b4ed1f35b3107d1d8e14c25a05898a4,2026-10-07T08:12:02,dense_internal_fund_flow;complex_trace,0xfd3ad6d4,true
26136783,0x67d876d0e71832063410c5e254d12d512b73c137355ecc968d4bcd1b093c331d,0x53b0bf6c48cc82245f01753f0b93c990b966ae2c,0xf18c55d67936951b90141b4804051be88c4796fb,2026-10-07T08:12:02,repeated_internal_token_drain;dense_internal_fund_flow;complex_trace;high_gas_used_context;token_activity_burst;repeated_risky_internal_calls,0x28200c71,true
26136783,0x87c242a0b93d5a6c320c5a3d1f6174778611a951a9df8f721c48ac8208be1e9b,0x1030da041ee6883d0ec2dc7834da2de0d17a868d,0x97caca78ac2a94c67643d07843f85afaa44a3ea5,2026-10-07T08:12:02,dense_internal_fund_flow;complex_trace,0xc02409ba,true
26136783,0xa16386dc5a6f4d5e0d54e19c99d280a491c4b9381b92ec180caea96c772bace8,0x9079291009eca1e8f3bd3604402a588803237f95,0xa2233dbf022f6ee1026976691d0c4fc23937d2d2,2026-10-07T08:12:02,repeated_internal_token_drain;dense_internal_fund_flow;complex_trace;high_gas_used_context;token_activity_burst;selfdestruct_context,0x28472417,true
26136783,0xa2953c9d3ffee406c91211f30d7cf9af468ea1b69e15b71b4b2644da54cbc0d4,0x4838b106fce9647bdf1e7877bf73ce8b0bad5f97,0xfeeeeee44046c3f61a8cc081e0918ef0de0a7ffc,2026-10-07T08:12:02,selfdestruct_context,0x6ac58b8b,true
26136783,0xe72f2dc7a6544eedb5234b63295bb37e2fddee97826cb711e007067752718883,0xe57fc71c539fb931d63462968809851baaff471e,0x535a4fac62be60f26b05565c3290122e89ed77ba,2026-10-07T08:12:02,privileged_execution_context;complex_trace,0x4f6b7df0,false
26136783,0xed12865768a450ee86aba79194036d0dfe925fd33126ff910445a9b2e12145c4,0xb0999731f7c2581844658a9d2ced1be0077b7397,0x2ff99ee6b22aedaefd8fd12497e504b18983cb14,2026-10-07T08:12:02,dense_internal_fund_flow,0xb9e9a5ef,true
26136784,0x230ea1f18881f493e4426eda521bef524a307a52838a52a206e7654e3006f9ae,0xbe0b407782a7599380fa726db315340126d62229,0x4d2fb5f8ec243fde4df1a9678b82238570c7e0e4,2026-10-07T08:12:04,repeated_internal_token_drain;dense_internal_fund_flow;complex_trace;high_gas_used_context;token_activity_burst;repeated_risky_internal_calls,0x6a761202,true
26136785,0x3513bc5d7ce747a2e0df7bc7b4855827bd3523384e2c81760898e403a721227a,0x4337002c5702ce424cb62a56ca038e31e1d4a93d,0x0000000071727de22e5e9d8baf0edac6f37da032,2026-10-07T08:12:06,privileged_execution_context,0x765e827f,false
26136785,0x49f4e09cb2862dcc335ca83f9391feb3080549c0b9ec5405aef4f18e09e349f8,0x4e23424b3c635ec2cad284787467b1700517421d,0x0000000071727de22e5e9d8baf0edac6f37da032,2026-10-07T08:12:06,dense_internal_fund_flow;complex_trace,0x765e827f,true
26136785,0x9ea32ec81ae19c08422d9cf40d6deabeab0fa9c8611ddc4fde1adc7a045f9938,0xd9c98c5c9f6de1e7f1925a3ecc1db9ec40c80ff8,0x90c496dea71307da373ea6fbca54b24bf5025de3,2026-10-07T08:12:06,dense_internal_fund_flow;complex_trace,0x08c1284c,true
26136785,0xaaef61f07def3d3e5eddc511591514bf1dd4916ee7cfcd1bcd0b11f75bc3060c,0x77f760412fbaad863fe833898ea69c7f801e0076,0xd523794c879d9ec028960a231f866758e405be34,2026-10-07T08:12:06,dense_internal_fund_flow;complex_trace,0x3a29dbae,true
26136785,0xbdbbbfa5c678da5457964de1e96f4d8a2a696b765ae6537320055be276a8df90,0xa6a5506484f4d81d00ecfe3a741f316c43ead551,0xc4f6a288374bf4d17b3b09ab3d5115d4d5db6380,2026-10-07T08:12:06,complex_trace;high_gas_used_context,0x41dc012d,false
26136785,0xd259287394ba4ad113dc61534d68b13066f00920f1fa7a04907af887db77d2d1,0x0e331a293bb22e93e2e5e417d84d755ae185da02,0x663dc15d3c1ac63ff12e45ab68fea3f0a883c251,2026-10-07T08:12:06,dense_internal_fund_flow;complex_trace,0x258c16ee,true
26136785,0xdaf173bf309a987c4a4bd1754d12bd77e178a999ebae427f9c63305f0ecbb3f0,0xf5b77b30ef47f56e4ab7d6d28fbe3e91f894b9a9,0x934d7ea36718bdfe529ab88ba54299535f112838,2026-10-07T08:12:06,dense_internal_fund_flow;complex_trace;high_gas_used_context,0x32bb9270,true
26136785,0x014e90feb6ada367379448ef07f045578e6d7147716a4e28e87f23d620b6758d,0xd1ce29ea5b68dc88e7b878bafbb54fb57e393e4c,,2026-10-07T08:12:07,selfdestruct_context;contract_creation_context,0x60806040,false
26136785,0x3aeb6f9f954966d205e4595b075513a6f9809e395bdda85e6e95f6ae7a0684d9,0xe487832018fbd594c84f1db3dfac61cde98a5f36,0x91ff8bbd8ebb07893010d50a48a1609e5ebd8e34,2026-10-07T08:12:07,complex_trace;high_gas_used_context,0x069d1525,false
26136785,0x735c9eb4816546ffa6b587e39cb0784af1ac5f605fc097489ac964f8bc8018ca,0xa6a72698da0da28852275aa43f5cca5226fe3b74,0x7a250d5630b4cf539739df2c5dacb4c659f2488d,2026-10-07T08:12:07,dense_internal_fund_flow,0x791ac947,true
26136785,0xd55fd927af293dc932cbb786c0fbb68bc262f411f73d452792856f387c7c3310,0x9235910f410478b89f86e06be0e4535335af6dea,0x00000f91109c4d0007e90000d9facad5298a0cac,2026-10-07T08:12:07,extreme_dex_price_manipulation,0x00000000,true
26136785,0xe6c8202cc41aefa7786dadde3b0ff06b125a4872691a6b4f7f5b4c9815261341,0x4838b106fce9647bdf1e7877bf73ce8b0bad5f97,0xfeeeeee44046c3f61a8cc081e0918ef0de0a7ffc,2026-10-07T08:12:07,selfdestruct_context,0x6ac58ba3,true
26136787,0xd8f645955e5c18fa8f95d2f541545e2bb72b571a9ed5c153833bb54a3be78e63,0xd9c98c5c9f6de1e7f1925a3ecc1db9ec40c80ff8,0x90c496dea71307da373ea6fbca54b24bf5025de3,2026-10-07T08:13:12,dense_internal_fund_flow;complex_trace,0x08c1284c,true
26136787,0x26abe5895a37b33a49da4956ea3a2ffac9224984aab682978c9961e53e124f15,0xe487832018fbd594c84f1db3dfac61cde98a5f36,0x91ff8bbd8ebb07893010d50a48a1609e5ebd8e34,2026-10-07T08:13:42,complex_trace;high_gas_used_context,0x069d1525,false
26136787,0xb3a421c071f402cd940ba4c24987600267334a2ea89bc05f47220487a1a49473,0x331d9a049d496385998067abf6cbb6371c8d2466,0xccc88a9d1b4ed6b0eaba998850414b24f1c315be,2026-10-07T08:13:43,complex_trace;high_gas_used_context,0x0a2b8f36,false
26136787,0x9bdc69dacd03dfc1c20223b144571032e6d492d81598dff8b3033856226427d3,0x433702873e33d4846d399a75aaf96eacf181d0b2,0x4337084d9e255ff0702461cf8895ce9e3b5ff108,2026-10-07T08:13:44,complex_trace;high_gas_used_context,0x765e827f,false
26136787,0xf1387d118028b30162e5e921628ca23bee424b3bbc6c35540483b2c98cece955,0x4838b106fce9647bdf1e7877bf73ce8b0bad5f97,0xfeeeeee44046c3f61a8cc081e0918ef0de0a7ffc,2026-10-07T08:13:44,selfdestruct_context,0x6ac58bbb,true
26136788,0x9cd7502c992bd5da0bc731f8f6b7f0bf7da825202f9d428ea092c8aa036281ae,0x7830c87c02e56aff27fa8ab1241711331fa86f43,0xa9d1e08c7793af67e9d92fe308d5697fb81d3e43,2026-10-07T08:13:45,dense_internal_fund_flow,0x1a1da075,true
26136788,0x03a28060ec88c566dc3e0d49e30ef5fde531ad7f4bac8692fd31a6341ac22f6b,0x85c2e985a4fb5c3ff25ee27ee424abd851e4cb33,0xfeeeeee44046c3f61a8cc081e0918ef0de0a7ffc,2026-10-07T08:14:47,selfdestruct_context,0x6ac58bc7,true
26136788,0x0d58ef73b4162f9c521e1e29900bd4c06da55eaa0e985a04fa52ae8a6cc7b682,0x85c2e985a4fb5c3ff25ee27ee424abd851e4cb33,0xfeeeeee44046c3f61a8cc081e0918ef0de0a7ffc,2026-10-07T08:14:47,selfdestruct_context,0x6ac58bc7,true
26136788,0x119f29d99282ee68be4fdcef003ede735ff4d44e3b54c8403af83e60c0cfed26,0x85c2e985a4fb5c3ff25ee27ee424abd851e4cb33,0xfeeeeee44046c3f61a8cc081e0918ef0de0a7ffc,2026-10-07T08:14:47,selfdestruct_context,0x6ac58bc7,true
26136788,0x132583a597098535152479cf30827d771d76bf1fcdf9fa329e33ae0316fa93cb,0x85c2e985a4fb5c3ff25ee27ee424abd851e4cb33,0xfeeeeee44046c3f61a8cc081e0918ef0de0a7ffc,2026-10-07T08:14:47,selfdestruct_context,0x6ac58bc7,true
26136788,0x13ff22f44fe6bd7565de4d56a2c4b9167a37693c2679e4407107a05280d66e2d,0x85c2e985a4fb5c3ff25ee27ee424abd851e4cb33,0xfeeeeee44046c3f61a8cc081e0918ef0de0a7ffc,2026-10-07T08:14:47,selfdestruct_context,0x6ac58bc7,true
26136788,0x14d9656afa7ff92fd9c0d93384ce2e1aca78a29caf909e3776224e22831976b2,0x85c2e985a4fb5c3ff25ee27ee424abd851e4cb33,0xfeeeeee44046c3f61a8cc081e0918ef0de0a7ffc,2026-10-07T08:14:47,selfdestruct_context,0x6ac58bc7,true
26136788,0x160e568e8653b8a00e70a95d811270236d1bb687f067ed441624614c207989a5,0x85c2e985a4fb5c3ff25ee27ee424abd851e4cb33,0xfeeeeee44046c3f61a8cc081e0918ef0de0a7ffc,2026-10-07T08:14:47,selfdestruct_context,0x6ac58bc7,true
26136788,0x1afd2e1d4aa7690c5171cbaec288c62d7ebe4a35736266393f481dba9018c66e,0x85c2e985a4fb5c3ff25ee27ee424abd851e4cb33,0xfeeeeee44046c3f61a8cc081e0918ef0de0a7ffc,2026-10-07T08:14:47,selfdestruct_context,0x6ac58bc7,true
26136788,0x221f6b6fd4b9ba3a97c1e07db2a23e00a1158975836e7fda3f7e330c4050b775,0x85c2e985a4fb5c3ff25ee27ee424abd851e4cb33,0xfeeeeee44046c3f61a8cc081e0918ef0de0a7ffc,2026-10-07T08:14:47,selfdestruct_context,0x6ac58bc7,true
26136788,0x2c1b1a8b1a91e2d3fa6f80b1167050b484515e41dbf5b745e243e60e5a84111d,0x85c2e985a4fb5c3ff25ee27ee424abd851e4cb33,0xfeeeeee44046c3f61a8cc081e0918ef0de0a7ffc,2026-10-07T08:14:47,selfdestruct_context,0x6ac58bc7,true
26136788,0x2d42fcc69652ccc1b8a5d0aa22db239f759629b3f06af44ed234f874a5a30544,0x85c2e985a4fb5c3ff25ee27ee424abd851e4cb33,0xfeeeeee44046c3f61a8cc081e0918ef0de0a7ffc,2026-10-07T08:14:47,selfdestruct_context,0x6ac58bc7,true
26136788,0x2e8184a816197883196ad11dc703228382bb1f003fee54a4a0d8ed5f9a9c2901,0x85c2e985a4fb5c3ff25ee27ee424abd851e4cb33,0xfeeeeee44046c3f61a8cc081e0918ef0de0a7ffc,2026-10-07T08:14:47,selfdestruct_context,0x6ac58bc7,true
26136788,0x34366d7d653047f958888e80a40423ff0aea17f9d715506d5b43c926840cba15,0x85c2e985a4fb5c3ff25ee27ee424abd851e4cb33,0xfeeeeee44046c3f61a8cc081e0918ef0de0a7ffc,2026-10-07T08:14:47,selfdestruct_context,0x6ac58bc7,true
26136788,0x3858d612b9ae03f8929ad6f017de105f21c5dbae6f99ce29f37965b40f62b40d,0xa67d7eb4dc68fa6ce8e34ef8cadaf075b9893fbb,0xccc88a9d1b4ed6b0eaba998850414b24f1c315be,2026-10-07T08:14:47,dense_internal_fund_flow;complex_trace,0x0a2b8f36,true
26136788,0x38aed3aae9df8a876978754a7aec8954f597e70026ea692efeabbbc9f80f6e47,0x85c2e985a4fb5c3ff25ee27ee424abd851e4cb33,0xfeeeeee44046c3f61a8cc081e0918ef0de0a7ffc,2026-10-07T08:14:47,selfdestruct_context,0x6ac58bc7,true
26136788,0x443b9cb555c4a8e6cd55792a78ddaaa2298299e0987e43ae724150d8dbc394b3,0x85c2e985a4fb5c3ff25ee27ee424abd851e4cb33,0xfeeeeee44046c3f61a8cc081e0918ef0de0a7ffc,2026-10-07T08:14:47,selfdestruct_context,0x6ac58bc7,true
26136788,0x44b9500aad37de813b0778fc77b86fedb1b70ac848ee0db9d523f6465e94fbd3,0x85c2e985a4fb5c3ff25ee27ee424abd851e4cb33,0xfeeeeee44046c3f61a8cc081e0918ef0de0a7ffc,2026-10-07T08:14:47,selfdestruct_context,0x6ac58bc7,true
26136788,0x4890fd06d09f3992b7e314b070a478bb2ddda434bbe9abf59ac1a5b75900f557,0x85c2e985a4fb5c3ff25ee27ee424abd851e4cb33,0xfeeeeee44046c3f61a8cc081e0918ef0de0a7ffc,2026-10-07T08:14:47,selfdestruct_context,0x6ac58bc7,true
26136788,0x4aa78194f9f1d5e2d6cffb5d13d757d295ea02b88c40d90e0e8d8ac492d927b1,0x85c2e985a4fb5c3ff25ee27ee424abd851e4cb33,0xfeeeeee44046c3f61a8cc081e0918ef0de0a7ffc,2026-10-07T08:14:47,selfdestruct_context,0x6ac58bc7,true
26136788,0x4e04b18a9a048b4bbff27d8b41f41bb9d46c6f6189ed11198daad30bff8cd1ee,0x85c2e985a4fb5c3ff25ee27ee424abd851e4cb33,0xfeeeeee44046c3f61a8cc081e0918ef0de0a7ffc,2026-10-07T08:14:47,selfdestruct_context,0x6ac58bc7,true
26136788,0x4e64aba21945725f7897f4ef9628f25627e40a876dcbcf083acb754b4a267c62,0x85c2e985a4fb5c3ff25ee27ee424abd851e4cb33,0xfeeeeee44046c3f61a8cc081e0918ef0de0a7ffc,2026-10-07T08:14:47,selfdestruct_context,0x6ac58bc7,true
26136788,0x529de3773226f37ae9f88125c6004776264e745555a4a0da276929fefd4ad739,0x85c2e985a4fb5c3ff25ee27ee424abd851e4cb33,0xfeeeeee44046c3f61a8cc081e0918ef0de0a7ffc,2026-10-07T08:14:47,selfdestruct_context,0x6ac58bc7,true
26136788,0x5528b0fe05ff0e5c4be00beb1f2a8305016503abd784086751ed53fc3e675b23,0x85c2e985a4fb5c3ff25ee27ee424abd851e4cb33,0xfeeeeee44046c3f61a8cc081e0918ef0de0a7ffc,2026-10-07T08:14:47,selfdestruct_context,0x6ac58bc7,true
26136788,0x5681e37940f08fcf30744f8fd2f7d223d6ad02d5309ffc972e5dccb9703ae1cc,0x85c2e985a4fb5c3ff25ee27ee424abd851e4cb33,0xfeeeeee44046c3f61a8cc081e0918ef0de0a7ffc,2026-10-07T08:14:47,selfdestruct_context,0x6ac58bc7,true
26136788,0x5c9655df9c3973a620402840ae57db2fd20325790b5b451fda618e80ce4c69be,0x85c2e985a4fb5c3ff25ee27ee424abd851e4cb33,0xfeeeeee44046c3f61a8cc081e0918ef0de0a7ffc,2026-10-07T08:14:47,selfdestruct_context,0x6ac58bc7,true
26136788,0x61b7d9b132f7dd0e9e0cfadaaba8cdac4512069df8b2471ec1d1859d6016135e,0x85c2e985a4fb5c3ff25ee27ee424abd851e4cb33,0xfeeeeee44046c3f61a8cc081e0918ef0de0a7ffc,2026-10-07T08:14:47,selfdestruct_context,0x6ac58bc7,true
26136788,0x66b64d113a6d89197acf6a4e1657edcd60f68e2a374d36f9c78824f661704ebe,0x85c2e985a4fb5c3ff25ee27ee424abd851e4cb33,0xfeeeeee44046c3f61a8cc081e0918ef0de0a7ffc,2026-10-07T08:14:47,selfdestruct_context,0x6ac58bc7,true
26136788,0x68a7306a5d30a7c14cef5840b90306c1971c0738317fca1ff8baffd66c5fca81,0x85c2e985a4fb5c3ff25ee27ee424abd851e4cb33,0xfeeeeee44046c3f61a8cc081e0918ef0de0a7ffc,2026-10-07T08:14:47,selfdestruct_context,0x6ac58bc7,true
26136788,0x694446d55a574f939bb321fb8784cbb4b16092a03ff9258d3516abd8e882ec9a,0x85c2e985a4fb5c3ff25ee27ee424abd851e4cb33,0xfeeeeee44046c3f61a8cc081e0918ef0de0a7ffc,2026-10-07T08:14:47,selfdestruct_context,0x6ac58bc7,true
26136788,0x6d3fa91918d907eff1f184a29ee789503358b410a04258b4a7051d9a4e595a5e,0x85c2e985a4fb5c3ff25ee27ee424abd851e4cb33,0xfeeeeee44046c3f61a8cc081e0918ef0de0a7ffc,2026-10-07T08:14:47,selfdestruct_context,0x6ac58bc7,true
26136788,0x7121dade4f4f78f6ac7bd6859a801cc783fd378dbeff95d1d3a7b2d41f4c673f,0x9e6125ee16da039cd99a72842ce0374fcbc9fafc,0xad2eae16157002a97e11b4201d111e6cd4c977ca,2026-10-07T08:14:47,dense_internal_fund_flow;complex_trace,0x3e9714c1,true
26136788,0x75380423289002325871ce90914b0e4fbcd27b940c1aa5b657bafa4e23063080,0x85c2e985a4fb5c3ff25ee27ee424abd851e4cb33,0xfeeeeee44046c3f61a8cc081e0918ef0de0a7ffc,2026-10-07T08:14:47,selfdestruct_context,0x6ac58bc7,true
26136788,0x7770561a8f341804a7f1369e87b150f63d7baee9b1b89e94dccb65449389b0e2,0x85c2e985a4fb5c3ff25ee27ee424abd851e4cb33,0xfeeeeee44046c3f61a8cc081e0918ef0de0a7ffc,2026-10-07T08:14:47,selfdestruct_context,0x6ac58bc7,true
26136788,0x78110737cbfef4b2badca3ed4b312df9c583523f3aef97780e2f8ef1209f1e00,0x85c2e985a4fb5c3ff25ee27ee424abd851e4cb33,0xfeeeeee44046c3f61a8cc081e0918ef0de0a7ffc,2026-10-07T08:14:47,selfdestruct_context,0x6ac58bc7,true
26136788,0x8b1a0a1994ed5ed5425c7b35fdd38d9c777f05c49157c2dd6f26ce3e4626fa2a,0x85c2e985a4fb5c3ff25ee27ee424abd851e4cb33,0xfeeeeee44046c3f61a8cc081e0918ef0de0a7ffc,2026-10-07T08:14:47,selfdestruct_context,0x6ac58bc7,true
26136788,0x94e0d2cbb6332837774c8c466690f90d31e995f817d974d7cb889df8947576c0,0x85c2e985a4fb5c3ff25ee27ee424abd851e4cb33,0xfeeeeee44046c3f61a8cc081e0918ef0de0a7ffc,2026-10-07T08:14:47,selfdestruct_context,0x6ac58bc7,true
26136788,0xa81fb9892adbb1f96a7e67a10dceef45fc69533548d22c04e56aca119b438d06,0x61ec714f81c6266eadb8ef911dbaa5ae373ca0c8,0xa1130e0ed3af133b392aa11d38c480ae5a6180be,2026-10-07T08:14:47,very_complex_trace;high_gas_used_context,0x13a237df,false
26136788,0xbad444ced6f736da51037d3d9a6497e559c2867707feaa591c3f2d8495735712,0x85c2e985a4fb5c3ff25ee27ee424abd851e4cb33,0xfeeeeee44046c3f61a8cc081e0918ef0de0a7ffc,2026-10-07T08:14:47,selfdestruct_context,0x6ac58bc7,true
26136788,0xc0900806e6caf210810a16971daab2ecf5199cec0b39bd64e2024502d6867718,0x56913b32671184ddc60d4f127ecd69c835aa02f3,0xfeeeeee44046c3f61a8cc081e0918ef0de0a7ffc,2026-10-07T08:14:47,selfdestruct_context,0x6ac58bc7,true
26136788,0xc54c384c024a83102a1732eeeb510c5a0369a11a807f6a7364ed8891987ad137,0x85c2e985a4fb5c3ff25ee27ee424abd851e4cb33,0xfeeeeee44046c3f61a8cc081e0918ef0de0a7ffc,2026-10-07T08:14:47,selfdestruct_context,0x6ac58bc7,true
26136788,0xca39b6578eb9ebccae5bc7ff7491e67ef8f1aec73f276808b8066a4d60d104d7,0x85c2e985a4fb5c3ff25ee27ee424abd851e4cb33,0xfeeeeee44046c3f61a8cc081e0918ef0de0a7ffc,2026-10-07T08:14:47,selfdestruct_context,0x6ac58bc7,true
26136788,0xd43eff9e1e84d08925e7341143fe7566efd3df618cb62b0d08df1f1dc0a7b288,0x85c2e985a4fb5c3ff25ee27ee424abd851e4cb33,0xfeeeeee44046c3f61a8cc081e0918ef0de0a7ffc,2026-10-07T08:14:47,selfdestruct_context,0x6ac58bc7,true
26136788,0xdb44660068fcd666a0d871b0ac273fcd219db9f123b3c3793b923ded79991983,0x85c2e985a4fb5c3ff25ee27ee424abd851e4cb33,0xfeeeeee44046c3f61a8cc081e0918ef0de0a7ffc,2026-10-07T08:14:47,selfdestruct_context,0x6ac58bc7,true
26136788,0xdcff885448cab7ff0a9593e41fbeaa1351ab43811866f9e20176be2280590910,0x85c2e985a4fb5c3ff25ee27ee424abd851e4cb33,0xfeeeeee44046c3f61a8cc081e0918ef0de0a7ffc,2026-10-07T08:14:47,selfdestruct_context,0x6ac58bc7,true
26136788,0xe78a5a7bd578f5edb6992033ff816d1ac42505e345950e422630d0f1e73dba7a,0x85c2e985a4fb5c3ff25ee27ee424abd851e4cb33,0xfeeeeee44046c3f61a8cc081e0918ef0de0a7ffc,2026-10-07T08:14:47,selfdestruct_context,0x6ac58bc7,true
26136788,0xe7aa47644687ad3a747dbe6b2bca67a808a4ba804793ffc2a50e76baa31ffddc,0x85c2e985a4fb5c3ff25ee27ee424abd851e4cb33,0xfeeeeee44046c3f61a8cc081e0918ef0de0a7ffc,2026-10-07T08:14:47,selfdestruct_context,0x6ac58bc7,true
26136788,0xeabb93092d48795d215d1e5c0e853f1e38f84a16234e0b307bd9dee5a7628922,0x85c2e985a4fb5c3ff25ee27ee424abd851e4cb33,0xfeeeeee44046c3f61a8cc081e0918ef0de0a7ffc,2026-10-07T08:14:47,selfdestruct_context,0x6ac58bc7,true
26136788,0xefdffa8fcdfcae56892fe7e775d356c7b34d98957c7025038048d54b15a6b421,0x85c2e985a4fb5c3ff25ee27ee424abd851e4cb33,0xfeeeeee44046c3f61a8cc081e0918ef0de0a7ffc,2026-10-07T08:14:47,selfdestruct_context,0x6ac58bc7,true
26136788,0xf53365feccba951bea59fff03f4685823ec8a99ec7b101b4d594a62d710ec97b,0x85c2e985a4fb5c3ff25ee27ee424abd851e4cb33,0xfeeeeee44046c3f61a8cc081e0918ef0de0a7ffc,2026-10-07T08:14:47,selfdestruct_context,0x6ac58bc7,true
26136788,0xfe95a722d5dfdfc61d85834922bb15e86549a6609f0261be19196beccc5bbee8,0x85c2e985a4fb5c3ff25ee27ee424abd851e4cb33,0xfeeeeee44046c3f61a8cc081e0918ef0de0a7ffc,2026-10-07T08:14:47,selfdestruct_context,0x6ac58bc7,true
26136789,0x765844cc4b6d3c04c8ddb57072d768fdc4b957a94381c3531330af80a7cc8ca4,0x4838b106fce9647bdf1e7877bf73ce8b0bad5f97,0xfeeeeee44046c3f61a8cc081e0918ef0de0a7ffc,2026-10-07T08:14:49,selfdestruct_context,0x6ac58bd3,true
26136789,0x776dadd02511e4992f8262ac70866dd032ace96649251c198e6f745498712d25,0x370a7e2d300c14d79d4a7ee07aaca46c4b3012cf,0xccc88a9d1b4ed6b0eaba998850414b24f1c315be,2026-10-07T08:14:49,complex_trace;high_gas_used_context,0x0a2b8f36,false
26136789,0x86685c7f6ab67768c499484c0cd810ccc8bf8ba001dcce77f593d3b1b2ee143e,0x5b258a01a442e4f982c6fd0d50d4b9a75b63a736,0x000000000022d473030f116ddee9f6b43ac78ba3,2026-10-07T08:14:49,repeated_internal_token_drain;dense_internal_fund_flow;complex_trace;token_activity_burst;repeated_risky_internal_calls,0x0d58b1db,true
26136789,0x8fa8b1d6428efc82742cb94c11ebf7e77b7653f9bf208e395e483b30d43878af,0xaf6ea2e2ce363d1edd60d0a280df3f2b992ae6cc,0x7a250d5630b4cf539739df2c5dacb4c659f2488d,2026-10-07T08:14:49,dense_internal_fund_flow,0x791ac947,true
26136789,0xd2aeaeacf08fa2f08a57bb0c55b7d873b75294c0f08a3027df41087eebc936d2,0xc29eb41be9a829affba6da5fbd86caa5df28ca0f,0x4313c378cc91ea583c91387b9216e2c03096b27f,2026-10-07T08:14:49,dense_internal_fund_flow;complex_trace,0xeffbec13,true
