block_num,tx_hash,from,to,detect_time,attack_signals,selector,has_asset_impact
25697127,0x14cfef3074de6aee9bf836f590b12bdf7438575904691f84dc1de7faadc87d48,0x59aab1bd0d26290274398c07b55955c15425e16b,0x00fe78205f5f0e63b8ad2b2ae5337f538a610e04,2026-08-07T00:45:00,complex_trace;high_gas_used_context,0x34fcd5be,false
25697127,0x22df457caa6da7c64b6448337a89c8c9c41c33ab95984965607e33150836f6bf,0x59aab1bd0d26290274398c07b55955c15425e16b,0x00fe78205f5f0e63b8ad2b2ae5337f538a610e04,2026-08-07T00:45:00,complex_trace;high_gas_used_context,0x34fcd5be,false
25697127,0xc53c539c98d3982b73a3102ff7ccd551f8e1cc2c7acb2f391f68c4100eedcfd6,0x7830c87c02e56aff27fa8ab1241711331fa86f43,0xa9d1e08c7793af67e9d92fe308d5697fb81d3e43,2026-08-07T00:45:01,dense_internal_fund_flow,0x1a1da075,true
25697128,0x8fae58cc0477d4cee008447d4f7962f04cc60e0fdc8fd7b12cc382f53d028853,0x7830c87c02e56aff27fa8ab1241711331fa86f43,0xa9d1e08c7793af67e9d92fe308d5697fb81d3e43,2026-08-07T00:45:09,large_erc20_asset_flow,0xca350aa6,true
25697128,0x985fcd18abee5363e8b7da38580e613f88e0762855f72d90754b9cfc972f6e13,0x70e59f9c304e4d5096bd408b571e2dcd99c3120b,0xad3b67bca8935cb510c8d18bd45f0b94f54a968f,2026-08-07T00:45:10,large_erc20_asset_flow;complex_trace,0x146ee74d,true
25697128,0xcacfbe922adeb17e2e8b6271e6c5bf24034228cf21eed9ccd204bf185c7a1106,0x0816cfde9980c2f2296213cf35a9e8c5f2c6b2d9,0x91ff8bbd8ebb07893010d50a48a1609e5ebd8e34,2026-08-07T00:45:10,complex_trace;high_gas_used_context,0x069d1525,false
25697128,0xff82392fc8a211ad87c8bb1699c4e401c5beb3c3dc3c94215f1e1daef067ecae,0xdf8adfe10d4a4d9f0fc4d3e377a6e8d5730eb40c,0x06cff7088619c7178f5e14f0b119458d08d2f5ef,2026-08-07T00:45:10,large_erc20_asset_flow;complex_trace,0x99999999,true
25697128,0x8b56caa33ef434fd7bb1221f1272490a0d7f2af64eb7b656caf4659f9d8b6190,0x80d04079ffc53eb14edbeeb37279d126f45552df,0x2f0cd4600375ba9d2bf22209cbd4b044a5532223,2026-08-07T00:45:11,repeated_internal_token_drain;dense_internal_fund_flow;complex_trace;token_activity_burst;repeated_risky_internal_calls,0x8aaa8f3b,true
25697129,0xfb8dc81aa2a52368bcd5a474a6d451260d791b8f524b94d9cbe312f5af00eded,0x5a9ce6113eb1a3d6cb3ee9739b438c6f0c8d32c7,0x91ff8bbd8ebb07893010d50a48a1609e5ebd8e34,2026-08-07T00:45:20,complex_trace;high_gas_used_context,0x069d1525,false
25697129,0xf76ac51fee7e479f818324c67bd1873ad483c4b46b1953feb6d015c856f5b4be,0xa3ab2b10bf2508a9e4455a35e2f4a9d0ced18464,0x91ff8bbd8ebb07893010d50a48a1609e5ebd8e34,2026-08-07T00:45:21,complex_trace;high_gas_used_context,0x069d1525,false
25697129,0x2eb1ed59eec4476800f0be1e156e6988d3ab06c3d31f913c64836e336e771121,0x3cfdc212769c890907bce93d3d8c2c53de6a7a89,0x0000000071727de22e5e9d8baf0edac6f37da032,2026-08-07T00:45:22,privileged_execution_context;complex_trace,0x765e827f,false
25697130,0x3a29722b6f2ec9604b58e19457e4420fed9b08de6bdedecb53d4a0ba8264471d,0xae0cc0d6e76c2b13451ab90cd13a5fa71a5c59ba,0xd226997439ecfbeff8e110c8c78c8a7eefd19f89,2026-08-07T00:45:31,large_erc20_asset_flow;complex_trace,0x99999999,true
25697130,0x3e2bc50a126d046098fb0483910283034d31581fe52edc330085541a632ea8c3,0xfa6825039674eb77aaa3d223f87c84e49121abbc,0x6a000f20005980200259b80c5102003040001068,2026-08-07T00:45:31,large_erc20_asset_flow;complex_trace,0xe3ead59e,true
25697130,0x434b0bbff20d5fbaea700b038b3aee796e053aeb8bb0f9b9f2f2edebedb7eebd,0x05854d0c70d2f696fb3d9c0863100956b795e2ff,0x0fb6e8ecd8ca55c79122f4e114fb46afe1924089,2026-08-07T00:45:31,complex_trace;approval_burst,0x9d83fd7f,false
25697130,0xba2b8f59da6aabab8af9bd30c136f8963d6ffe9c39a804d241d982bcbdec01b2,0xa154b98e53fc35e1bad1ff758acbc8c629bdcd2b,0x19917386eeae67b6ff7ddf07de4019fca40aa4ec,2026-08-07T00:45:32,repeated_internal_token_drain;dense_internal_fund_flow;complex_trace;high_gas_used_context;token_activity_burst;repeated_risky_internal_calls,0xa9059cbb,true
25697130,0xe6ab629b3fe134b2bea263d50c5c7695055e1e2b9b6935c001d050f48623706e,0x59aab1bd0d26290274398c07b55955c15425e16b,0x00fe78205f5f0e63b8ad2b2ae5337f538a610e04,2026-08-07T00:45:32,complex_trace;high_gas_used_context,0x34fcd5be,false
25697131,0x1f265613baf6ca3c5dfa06b05d2cd56d25f7044bec7ecbbf102098053fcb7e0d,0xa57e3e178e41201b05b4e4aa6dde347fdcd5614e,0xd226997439ecfbeff8e110c8c78c8a7eefd19f89,2026-08-07T00:45:37,large_erc20_asset_flow;complex_trace,0x99999999,true
25697131,0x3c5281a85a20dff7cbadcdac55dbda8b6be54639ab0cf9fb90b1a19eec931fac,0x832ca2eab96328179dba7a6522dfaf6f0512a7ce,0x6a000f20005980200259b80c5102003040001068,2026-08-07T00:45:37,dense_internal_fund_flow;large_erc20_asset_flow;complex_trace,0x0d893d62,true
25697131,0x7b2fdb42fb4368ce7ea05885d3f936b41d0f7104968dcafc8e96b677e18be1b1,0xa57e3e178e41201b05b4e4aa6dde347fdcd5614e,0xd226997439ecfbeff8e110c8c78c8a7eefd19f89,2026-08-07T00:45:37,large_erc20_asset_flow;complex_trace,0x99999999,true
25697131,0x910340593ca9f9e6476755f748313a77fbe3852117e60e949ac68ed580bcfe44,0xf70da97812cb96acdf810712aa562db8dfa3dbef,0xccc88a9d1b4ed6b0eaba998850414b24f1c315be,2026-08-07T00:45:37,large_erc20_profit_to_sender;large_erc20_asset_flow;complex_trace,0x0a2b8f36,true
25697131,0xb9d7406150a3d8d4c3108470f02dc8d94398004956bb3f8170de23c1bb00df35,0x70e59f9c304e4d5096bd408b571e2dcd99c3120b,0xad3b67bca8935cb510c8d18bd45f0b94f54a968f,2026-08-07T00:45:37,complex_trace;high_gas_used_context;token_activity_burst;approval_burst,0x146ee74d,false
25697131,0xf481cba48db2550368fd3ebc9ef7d1cbe66753cad48bd870e9884e1b09eb4a72,0xb308b330ab6f2a9137a67fd922494c0f2856b47a,0xd15fe25ed0dba12fe05e7029c88b10c25e8880e3,2026-08-07T00:45:37,high_gas_used_context;token_activity_burst,0xc73a2d60,false
25697131,0x462b1666f837b83b9146b8f5d0e84fff0b82f6e4ce1f8d3de821aabb2cb84ef3,0x59aab1bd0d26290274398c07b55955c15425e16b,0x00fe78205f5f0e63b8ad2b2ae5337f538a610e04,2026-08-07T00:45:38,complex_trace;high_gas_used_context,0x34fcd5be,false
25697131,0x4ced23e2284cf303a7c50cebf94ce90ed139cb9e094d79cab7d69f1edf2107bf,0xba9bc9a8aa87872f7b990031bde984a00b9ced49,0xf57f9e622bc12da707db20a9e21cd88f212effc1,2026-08-07T00:45:38,complex_trace;high_gas_used_context,0x82ad56cb,false
25697131,0x87039e09436b720c5a2db98cbb0f03bd8ac6d5fc0b63c2798ff1f5fcae122d04,0x49e1bf431e9bbbd8e57afcd21ccac3f30e7d98d3,0x28b1dc1a5e3699a428bc51d234dfab7c9cb2a183,2026-08-07T00:45:38,complex_trace;high_gas_used_context,0xf2c42696,true
25697132,0x080dae8cfa252884acb56daa61e78cafe25da7cd5b59609aad83055c6240507e,0xf70da97812cb96acdf810712aa562db8dfa3dbef,0xccc88a9d1b4ed6b0eaba998850414b24f1c315be,2026-08-07T00:45:44,large_erc20_profit_to_sender;large_erc20_asset_flow;complex_trace,0x0a2b8f36,true
25697132,0xc3ba61d7e911e28d678d1dc34a5c555a6fcb44e60d8dd1101f5a54d07430bc9f,0xae0cc0d6e76c2b13451ab90cd13a5fa71a5c59ba,0xd226997439ecfbeff8e110c8c78c8a7eefd19f89,2026-08-07T00:45:44,large_erc20_asset_flow;complex_trace,0x99999999,true
25697132,0xbdc1f00aa07c88e67a808908f83a397ed62618f8f6e09eb14b0f524612a2e819,0x8567b56b8f4d8faf369990cb060c7a9d164d377d,0x49f1a5e86f1ef5b0e2cb7a51d106b5eba440bf58,2026-08-07T00:45:46,dense_internal_fund_flow;complex_trace;high_gas_used_context,0x5f8e919b,true
25697132,0xdb3525870f4bcad3f7fcda252da833dcab25549449b5c818172b3e25a920c6bb,0x8f685493fb75af04542d4df7b50c395dc7e8e85b,,2026-08-07T00:45:46,privileged_execution_context;high_gas_used_context;contract_creation_context,0x60c06040,false
25697133,0x242c5408601f13a9b4e6199b132c2b906c899c69915135f55becbbba8a3dd1ef,0x00000027f490acee7f11ab5fdd47209d6422c5a7,0x42e213a3ad048e899b89ea8cb11d21bc97b84748,2026-08-07T00:45:55,large_erc20_asset_flow;complex_trace,0x2bd0a0b8,true
25697133,0x9905c5ec78414214fdfe6cd57fca603cb6a04ecf73955e319dbe8b37ed91aa82,0x6e2c8549ecc8615f14351889066a4ef196a688cd,0xa0f1c3ad83e07d97b5e7030e177718be175275ea,2026-08-07T00:45:55,dense_internal_fund_flow;complex_trace,0x12aa3caf,true
25697133,0xe1fcf6e6b0f2a17f44162f76371db79263be14dcd3467c6529adf4aaca49e3e6,0x13b5f7c38da2f6d22c48b69feadab8bf2397bfe6,0xcec1caa28ebc876d0883a0c492831e06e167b8b3,2026-08-07T00:45:55,selfdestruct_context,0xf3fef3a3,false
25697133,0x2d56f6379a50f30e5e9acb749c6a7afa7ad4f599ac6c35e7e7b9be30deb0d505,0x59aab1bd0d26290274398c07b55955c15425e16b,0x00fe78205f5f0e63b8ad2b2ae5337f538a610e04,2026-08-07T00:45:57,repeated_internal_token_drain;dense_internal_fund_flow;complex_trace;high_gas_used_context;token_activity_burst;repeated_risky_internal_calls,0x34fcd5be,true
25697133,0x46fbb53051e33d381e300c6238a1ceaa05afa9fbe5d53dd76ac5305628958d26,0x9d9e5233e399c84cfff5b080f0012987a25a045a,0x91ff8bbd8ebb07893010d50a48a1609e5ebd8e34,2026-08-07T00:45:57,complex_trace;high_gas_used_context,0x069d1525,false
25697133,0x65f08793398e410973061824d6b61b5ab67a1f4216e3ad6cad9ffcba209c90e1,0x88993d5b3dc0b6e86115108c4dd3dd73b685cf3a,0x7e960ed5c012dbd72951c210ecc80077c4b844f6,2026-08-07T00:45:57,dense_internal_fund_flow,0x39125215,true
25697134,0xed196b9f636f7cb99700dd102d238bfa58be9f8d071ba3aa94eff7d0bcd6cd41,0xc0defae83d2f76fb796190cbdea67c667dacc46e,0xc0de2807cad1b02b9e0bbf886592cdb79150bcd0,2026-08-07T00:46:04,dense_internal_fund_flow;complex_trace,0x12aa3caf,true
25697134,0x93852e3482bd3ac40af5dd69e6886e322502bc867e8c222383da26dbd08e864e,0xe8d8bb57edf69e4daf806ba60bf2658c81eb91db,0x6566194141eefa99af43bb5aa71460ca2dc90245,2026-08-07T00:46:05,large_erc20_asset_flow,0x374f435d,true
25697134,0xa73edf40d29ad001ac5436bdd4abc32f02bb43c6459dc082742671f1017c5c54,0x80fbefbee7e2bb2ac085f082674dc8c0bccfa135,0xec2c96e75b09e29b66bf2ee5c37fa749ef9aa7c7,2026-08-07T00:46:05,large_erc20_asset_flow;complex_trace,0xdb5c7e88,true
25697134,0x530a79f5ac99434fc71b941131354d292d0c8b787c82da5359bd17f324f61a26,0x502d222e8e4daef69032f55f0c1a999effd78fb3,0x87870bca3f3fd6335c3f4ce8392d69350b4fa4e2,2026-08-07T00:46:06,large_erc20_asset_flow;complex_trace,0x617ba037,true
25697136,0x5e365692416b6d3e0952b6c1a89660a2cf83284362f8c069df3192ba639a606c,0xf70da97812cb96acdf810712aa562db8dfa3dbef,0xccc88a9d1b4ed6b0eaba998850414b24f1c315be,2026-08-07T00:46:18,large_erc20_profit_to_sender;large_erc20_asset_flow;complex_trace;high_gas_used_context;token_activity_burst,0x0a2b8f36,true
25697136,0x5ef0ff8a0dc26b0059ae1cccec752752f882de45ddf0e23b2c03b69a0a75e495,0x5cb7c577300277f6ddc4e686a12823a1de6d26fa,0x2d5805a423d6ce771f06972ad4499f120902631a,2026-08-07T00:46:18,large_erc20_asset_flow;complex_trace,0xf497df75,true
25697136,0x9d9f9bc8b8ac104a2aabd9240ec63df88e9176b0ca79f9efa152408debc1d3d5,0x9e31975dbfb8380e206a9002970a3e656389044a,0x6131b5fae19ea4f9d964eac0408e4408b66337b5,2026-08-07T00:46:18,dense_internal_fund_flow;complex_trace;high_gas_used_context;token_activity_burst,0xe21fd0e9,true
25697136,0x66011ddf78af9f3438d0a611f18915d969b308bf0bb274fb550d2ac13622780d,0x8405a91a5eb7e54ad01b25cdccc63b99d8dbf997,0x1231deb6f5749ef6ce6943a275a1d3e7486f4eae,2026-08-07T00:46:20,dense_internal_fund_flow;complex_trace,0x80c65808,true
25697137,0x19b2ecbe4a986c3dfb93b671f9cce12a5abb0ec987665a65ae2b2934bea14525,0xc0defae83d2f76fb796190cbdea67c667dacc46e,0xc0de2807cad1b02b9e0bbf886592cdb79150bcd0,2026-08-07T00:46:30,dense_internal_fund_flow;complex_trace,0x12aa3caf,true
25697137,0xa8767b152c5a70331a0de024cf4e3cd1bf15458dd4cff3c71a1003434fdd6a7e,0xe2da046340e00264c4f0443243a0565007ae08ac,0x0939726264f2667429ef68e2b3734ecfbbad3abb,2026-08-07T00:46:30,complex_trace;high_gas_used_context,0x380db829,false
25697137,0xc86fdb4ca18c91e87eb1fe565f3beb46a6da308391534ee93cb714f9e8f5f5ed,0xe2da046340e00264c4f0443243a0565007ae08ac,0x595ca88510a9101bd40a244ae92d2a6fc860ea75,2026-08-07T00:46:30,complex_trace;high_gas_used_context,0x380db829,false
25697137,0x23407a2aa6c054f327c443950d5efe468a524f99ded1b75a6a0769601ef18fac,0x7b49bc3ebbdf7322f31c6449320382bbec3be1b6,0xad3b67bca8935cb510c8d18bd45f0b94f54a968f,2026-08-07T00:46:31,complex_trace;high_gas_used_context;token_activity_burst;approval_burst,0x146ee74d,false
25697137,0x33769e1bedff8079317935c1dfcb37d07789f314113a2aa075567251be12a1b4,0x42f37bae288e74cb83474ad29a405c0a093d896c,0x89c6340b1a1f4b25d36cd8b063d49045caf3f818,2026-08-07T00:46:31,dense_internal_fund_flow;complex_trace,0x0193b9fc,true
25697137,0x9352b717eec4850405a47aeed96e44f95045e4dcb8dbfccc1a4f31d8906c393d,0x1105afaf3002a48a305afd631e3cb57277ceb0ea,0x82fc3999151f2a7b0a643ee0156790b19e10cd91,2026-08-07T00:46:31,high_gas_used_context;token_activity_burst,0x8aba6a18,false
25697137,0x9cfee73be2368c9759660118bd2133f53eb072b1b2b4a56bf19ec9f46f47f608,0x30e898119f6abc3f315aab265a4ec7e171a51fdb,0x6131b5fae19ea4f9d964eac0408e4408b66337b5,2026-08-07T00:46:31,dense_internal_fund_flow;complex_trace,0xe21fd0e9,true
25697137,0x2b52e24b399975e98eac5ad4374edeb39ef830ea859560699e191b41ed2f7e84,0xc6dd9976066f3364b4d6a72cd4f1fa0468327aa7,0x6566194141eefa99af43bb5aa71460ca2dc90245,2026-08-07T00:46:32,large_erc20_asset_flow;complex_trace,0x374f435d,true
25697137,0x2b5cfb330377a0bdd074926eadabee09249d2c425c2cc4aec2700c650d155809,0x8ec89665d0d3512202f49ae86d0bb0f88ef9c831,0x334f5d28a71432f8fc21c7b2b6f5dbbcd8b32a7b,2026-08-07T00:46:32,complex_trace;high_gas_used_context,0xba087652,true
25697138,0x199ed44ce234bab35823a378367848ae9751c0a8cf93f01bf2a6ae3ee81d8795,0x754dcfb2861547015b221e963b4133a71dbdc024,0x3e07be15370d8b12d80a159a7ef14b9e51869497,2026-08-07T00:46:38,dense_internal_fund_flow;complex_trace;high_gas_used_context;token_activity_burst,0x21af54c6,true
25697138,0x7a9bbef164aad59b0bbc096e0f72ddfc17cbd65a32dfca119afbce73bc1682f7,0x9e75a58d70d4afec7c4eb7801ba7d373d033604c,0x4313c378cc91ea583c91387b9216e2c03096b27f,2026-08-07T00:46:38,dense_internal_fund_flow;complex_trace,0xeffbec13,true
25697138,0x985b73260f436895baa0c6e6bb32134a9b6933a2b1e688326f4f34b0b94ba543,0x7830c87c02e56aff27fa8ab1241711331fa86f43,0xa9d1e08c7793af67e9d92fe308d5697fb81d3e43,2026-08-07T00:46:38,dense_internal_fund_flow,0x1a1da075,true
25697139,0x126e0e883be6b983d5a1f61f2c92de56c3c25c3f71ee27461e1ea0cca3718af1,0xdf8adfe10d4a4d9f0fc4d3e377a6e8d5730eb40c,0x06cff7088619c7178f5e14f0b119458d08d2f5ef,2026-08-07T00:46:45,large_erc20_asset_flow;complex_trace,0x99999999,true
25697139,0x298c69eace7167bc5b858d78a766bc4d78c7f26c6b65573711fcb1997b63d40a,0x7b49bc3ebbdf7322f31c6449320382bbec3be1b6,0xad3b67bca8935cb510c8d18bd45f0b94f54a968f,2026-08-07T00:46:45,complex_trace;high_gas_used_context;token_activity_burst;approval_burst,0x146ee74d,false
25697139,0x3852eba6b2dec0f46d135ea59634576e39badedbcced84a7619b87868fa1bb98,0x1d93a938203384d61da544310217e59e60a03eca,0x2d5805a423d6ce771f06972ad4499f120902631a,2026-08-07T00:46:45,large_erc20_asset_flow;complex_trace,0xf497df75,true
25697139,0x52bd46ede86cf1176efd2b7a5f3b9d5047f1a6a52feace8635500bbe38150e8f,0xae0cc0d6e76c2b13451ab90cd13a5fa71a5c59ba,0xd226997439ecfbeff8e110c8c78c8a7eefd19f89,2026-08-07T00:46:45,large_erc20_asset_flow;complex_trace,0x99999999,true
25697139,0x93a6d555715a1fd8f60491a520b5fe95d4663d30dd10d1bc9eda9935ef9708c4,0x1105afaf3002a48a305afd631e3cb57277ceb0ea,0x82fc3999151f2a7b0a643ee0156790b19e10cd91,2026-08-07T00:46:45,high_gas_used_context;token_activity_burst,0x8aba6a18,false
25697139,0x47ac370293876217bb453465d7a5f26a8e67d349295ea73794c93182567cdb7a,0x64b9edd67c96c76bc3f9472c5a9e83547cfd4380,0x91ff8bbd8ebb07893010d50a48a1609e5ebd8e34,2026-08-07T00:46:46,complex_trace;high_gas_used_context,0x069d1525,false
25697139,0xbc50b7119ec7ef2151ddf04d249a7f4766d178b0b3f0d63db68bad57d6929306,0x1e060fb7847ab8de0e05e898c16714c9dcc9de6d,0x91ff8bbd8ebb07893010d50a48a1609e5ebd8e34,2026-08-07T00:46:46,complex_trace;high_gas_used_context,0x069d1525,false
25697140,0x180defce8a72f72f44bcfd231c23ec549a80c529bb39acafed4a7fa30a1aaab6,0xe99bd1c2dd70cd58e5efd47887991700e7318ce2,0xad3b67bca8935cb510c8d18bd45f0b94f54a968f,2026-08-07T00:46:54,complex_trace;high_gas_used_context;token_activity_burst;approval_burst,0x146ee74d,false
25697140,0x19aa357961447f1190ac7583302f8e9d5d3ef013d041ebbd19157d7a9cb0dd63,0x1105afaf3002a48a305afd631e3cb57277ceb0ea,0x82fc3999151f2a7b0a643ee0156790b19e10cd91,2026-08-07T00:46:54,high_gas_used_context;token_activity_burst,0x8aba6a18,false
25697140,0x9061fc6ed80a79bfcf8c4f9d46d2092b7786044833e7670ffa64dab65323144b,0xc0defae83d2f76fb796190cbdea67c667dacc46e,0xc0de2807cad1b02b9e0bbf886592cdb79150bcd0,2026-08-07T00:46:54,dense_internal_fund_flow;complex_trace,0x12aa3caf,true
25697140,0x4a48913709c342a7f1c77d0f82845e04628973883673f7f77ca3d62bd62d0547,0xe9fce949e03ed55426471dbdb33847a248a83573,0x91ff8bbd8ebb07893010d50a48a1609e5ebd8e34,2026-08-07T00:46:55,complex_trace;high_gas_used_context,0x069d1525,false
25697140,0x6b6ab371d347aceb8f7a09a155e2ae2d0c44797f50b940fdf94381537f3c1acf,0x0f6d91fbafa15c3f20e72a4cbf16ed65dd96323d,0x91ff8bbd8ebb07893010d50a48a1609e5ebd8e34,2026-08-07T00:46:55,complex_trace;high_gas_used_context,0x069d1525,false
25697140,0xa6f01f6ce0304422b1be46ed2ece6a9ee7c9674e69fb93657403fb05c38deba1,0x61193d978c9ce5ba69293da96a56113be8de981c,0x91ff8bbd8ebb07893010d50a48a1609e5ebd8e34,2026-08-07T00:46:55,complex_trace;high_gas_used_context,0x069d1525,false
25697141,0x9fe89cc16fd294b011c55e4ceb64c27eb55749becfd6ec7d1778eafac0bc3659,0xc0defae83d2f76fb796190cbdea67c667dacc46e,0xc0de2807cad1b02b9e0bbf886592cdb79150bcd0,2026-08-07T00:47:00,dense_internal_fund_flow;complex_trace,0x12aa3caf,true
25697141,0xfdd519d5a24166be9244d2d1850f5107732b2dd633aca9116d2d729b1f7ac8f7,0x4679170bdabd52fcf2ed2c89991f1317b08e7aba,0x0d07033f478f3b585397b854df4a7163cbe8986f,2026-08-07T00:47:01,large_erc20_asset_flow;complex_trace,0xda64f0f7,true
25697141,0x10a901834d3cea057a679b09ee37e1f6ada98421272891b30b5b8833ada72dd0,0xd9f8e2ad0d01bd773bac87e4d916ad687fb3dc95,0xb300000b72deaeb607a12d5f54773d1c19c7028d,2026-08-07T00:47:04,dense_internal_fund_flow;complex_trace,0x810c705b,true
25697141,0x397d544de1b2a726920c46dfb4326e4458d0b5049becbfe093780671ce10cc17,0x1105afaf3002a48a305afd631e3cb57277ceb0ea,0x82fc3999151f2a7b0a643ee0156790b19e10cd91,2026-08-07T00:47:04,high_gas_used_context;token_activity_burst,0x8aba6a18,false
25697141,0x7c80cf8e9913b34603a9a5fcc9ec4c9ca97534d27563dfb6939702cd4900cdf3,0x433702873e33d4846d399a75aaf96eacf181d0b2,0x5ff137d4b0fdcd49dca30c7cf57e578a026d2789,2026-08-07T00:47:04,privileged_execution_context;complex_trace,0x1fad948c,false
25697141,0x9c33bad9c44ffb040d636920b8d202f4d1eed0624cc7e17572d1a856d55d2cb2,0x370a7e2d300c14d79d4a7ee07aaca46c4b3012cf,0xccc88a9d1b4ed6b0eaba998850414b24f1c315be,2026-08-07T00:47:04,very_complex_trace;high_gas_used_context;token_activity_burst,0x0a2b8f36,false
25697141,0xbf78ffd9a72a208d6f88a4e335fd39141d076efa9002abfb9f38bea05b2f1fd9,0x42f37bae288e74cb83474ad29a405c0a093d896c,0x0000000000001ff3684f28c67538d4d072c22734,2026-08-07T00:47:04,dense_internal_fund_flow;complex_trace,0x2213bc0b,true
25697143,0x859f8c08d31f55fb5d40b3130718dcb1f2aef6ff2d20b928454cceff4026646e,0x477cac2fc44a60492a8b637b77a99be4debcef20,0x2d5805a423d6ce771f06972ad4499f120902631a,2026-08-07T00:47:16,large_erc20_asset_flow;complex_trace,0xf497df75,true
25697143,0xee4356018ed615c692bcb881bb4564cb17275e2b281b65c0efed8e694ea08b5b,0xc6acbee42e9e323140c1ed060c2f6ea9cc3b4b75,0x7c5a71c9fefbc7691f9d4ac7baf70c743792f716,2026-08-07T00:47:16,selfdestruct_context,0xf3fef3a3,false
25697143,0x11864581aa7fb0a9c78fbbe9f7809c459c230fffb78a7f7dc046d81043767940,0x211b1240da54d90689ad11d7da762dfad945a63c,0xe7e68d336f90f98d22a479253eafa5f2424acad8,2026-08-07T00:47:17,dense_internal_fund_flow;complex_trace,0x21c69a19,true
25697143,0x1b8ce5a2c73a9e5372de06cf696652eb8a63c7caa877f0c8f0f555502ee2b7b1,0x50837288ba720044d07ab645ab1f2eba96ffc344,0x52b335fd4d229c4b4ffa6190526e4b5fb8e3fb09,2026-08-07T00:47:17,dense_internal_fund_flow;complex_trace;high_gas_used_context;token_activity_burst,0x085c8c5e,true
25697143,0x334549b2ae2a4a9b2008bf0fda194bfb55b491279f127f3b939835875ac4ca13,0x0000000000898bb46ca667d3af435d100e33f57e,0x00000000000762339537bd0fd01e44f661bd8f67,2026-08-07T00:47:17,large_erc20_asset_flow;complex_trace,0x00030000,true
25697143,0x87e65d68c6eae12277f29c7af5ecb4bd9fe45ca9ff4fe7ad5edb187d7215c678,0x7830c87c02e56aff27fa8ab1241711331fa86f43,0xa9d1e08c7793af67e9d92fe308d5697fb81d3e43,2026-08-07T00:47:17,large_erc20_asset_flow;token_activity_burst,0xca350aa6,true
25697143,0xe2799371f1551366b1e4d67cfa3e892d2e026f13b00f210d39453784b20921fa,0x3ac1bd17e562ed20e7e45be942809b15cc7dfef5,0xb300000b72deaeb607a12d5f54773d1c19c7028d,2026-08-07T00:47:17,dense_internal_fund_flow;complex_trace,0x810c705b,true
25697143,0xe35bfb8ad68c11ff7c212e7c5a816b4fd31122d11057b9ad8bb60c7e0177fba2,0x7830c87c02e56aff27fa8ab1241711331fa86f43,0xa9d1e08c7793af67e9d92fe308d5697fb81d3e43,2026-08-07T00:47:17,dense_internal_fund_flow,0x1a1da075,true
25697143,0x0c978e8dd3fa54fb36e761fdb009c7f0b165e0dedfc4c71fce6c00f3c5ea99bb,0x8b5606469e21c75edd7c74d1c7a65824675d9aff,0x9ccc2f3ecde026230e11a5c8799ac7524f2bb294,2026-08-07T00:47:18,dense_internal_fund_flow;complex_trace,0x1bc74526,true
25697143,0x2ce7cb6ff7c20439dbe110a8cfbcc27bc95de5d8a1e6bd7632aba6d87d3b2b22,0x6779639d77d1e9f2c8c13aefddc3f1d8398e52ca,0x4f319e2c2adb4e2b124b7833d590e7e547926421,2026-08-07T00:47:18,large_erc20_asset_flow;complex_trace,0x873f371c,true
25697143,0x37b4ea3ca9947dd2572626787b693c5762f05c82e616fb555b9867bcfadf1de2,0x1105afaf3002a48a305afd631e3cb57277ceb0ea,0x82fc3999151f2a7b0a643ee0156790b19e10cd91,2026-08-07T00:47:18,high_gas_used_context;token_activity_burst,0x8aba6a18,false
25697143,0x35431fc84734e5e02c7d4f9dc96ad10d6d367c7a47133687e9ffcb10d5281745,0x944f8646918b17011a91257a9ff3da31b845ffad,0xf4e147db314947fc1275a8cbb6cde48c510cd8cf,2026-08-07T00:47:19,privileged_execution_context,0x760d0f9d,false
25697144,0x1cf1401fd66922a933908d08ff0e2bd240a73ef3cb7b0bbf2a20033a4a843fb9,0x42f37bae288e74cb83474ad29a405c0a093d896c,0x0000000000001ff3684f28c67538d4d072c22734,2026-08-07T00:47:26,dense_internal_fund_flow;complex_trace,0x2213bc0b,true
25697144,0x2b35d6a6fcb43e6909631e9a838f39fe7cfca0345018b5e26c2e424e254b3b9c,0x1105afaf3002a48a305afd631e3cb57277ceb0ea,0x82fc3999151f2a7b0a643ee0156790b19e10cd91,2026-08-07T00:47:26,high_gas_used_context;token_activity_burst,0x8aba6a18,false
25697144,0x3b6f9ae1c785e73a68b7449a1e41a5b31d8d86067404d525cc07991ed94c9dc5,0xe820f9f9a34dca366e238b9bb91b62747077b6f6,0xee030ec6f4307411607e55acd08e628ae6655b86,2026-08-07T00:47:26,complex_trace;approval_burst,0x6e1537da,false
25697144,0x5add36def5e7864b5dd3cc7ff2c9a3cf9cd3aaad8271db85fc70d688f442164f,0x5b43453fce04b92e190f391a83136bfbecedefd1,0xbdb3ba9ffe392549e1f8658dd2630c141fdf47b6,2026-08-07T00:47:26,dense_internal_fund_flow;complex_trace;high_gas_used_context;token_activity_burst,0x000000c3,true
25697144,0x79f621958a7e9773b2b811190a03e97f9d5afea57fd24fe08c28891220e48fa5,0x70e59f9c304e4d5096bd408b571e2dcd99c3120b,0xad3b67bca8935cb510c8d18bd45f0b94f54a968f,2026-08-07T00:47:26,complex_trace;high_gas_used_context;token_activity_burst;approval_burst,0x146ee74d,false
25697144,0x88d96b253795d3df78a90b6f5d14fb0e365ae82489cec742f2a47a74c72078a0,0xc3a9d077ee4dd815a030bf4fbfb9be3523919009,0x28b1dc1a5e3699a428bc51d234dfab7c9cb2a183,2026-08-07T00:47:26,complex_trace;high_gas_used_context,0x0c307f76,false
25697144,0xb1744cc7f4b6dd2142c499f48bcf93ec168d3220b16fca42887c20859f95682c,0x025080f14aa3305049f9ce08d7b92368d54cb9b6,0xcb0151ac9479a6a0261622baa63ae843c9793d45,2026-08-07T00:47:26,large_erc20_asset_flow;complex_trace;high_gas_used_context;token_activity_burst;approval_burst,0x64cd187f,true
25697144,0xb18be18c4b800207bf377d2a83c316646cdc2af30487e37a65d7a9a29a4a3c5e,0x883a95fdf8df78e7128fced0e9d931a687ff542f,0x4ebc36dcee3ca916ff4157b51c2a16105a3774b5,2026-08-07T00:47:26,complex_trace;high_gas_used_context,0x1749e1e3,false
25697144,0xcc813bbec6f15114a718bfcd033118a7c38a4be64b0c13d7ccb9141e8e764c6b,0x18dd3c14e34c1bc379f7538068c59160d9f68e25,0xccc88a9d1b4ed6b0eaba998850414b24f1c315be,2026-08-07T00:47:26,dense_internal_fund_flow;complex_trace,0x0a2b8f36,true
25697144,0xda964b81c46312adc2b30dbc4091c96586d79f32caab493907185d965e8a3d72,0xc0defae83d2f76fb796190cbdea67c667dacc46e,0xc0de2807cad1b02b9e0bbf886592cdb79150bcd0,2026-08-07T00:47:26,dense_internal_fund_flow;complex_trace,0x12aa3caf,true
25697145,0x0e9529e2f0f673835c3557757b7b4c08b9c7b3ba36aae555966d3079bbe03e10,0x6e2c8549ecc8615f14351889066a4ef196a688cd,0xa0f1c3ad83e07d97b5e7030e177718be175275ea,2026-08-07T00:47:33,dense_internal_fund_flow;complex_trace,0x12aa3caf,true
25697145,0x130ab84b59d523287a0e578c72239d2b473e0bb5b3efb36d874f16bcf3218ea7,0x1105afaf3002a48a305afd631e3cb57277ceb0ea,0x82fc3999151f2a7b0a643ee0156790b19e10cd91,2026-08-07T00:47:33,high_gas_used_context;token_activity_burst,0x8aba6a18,false
25697145,0x1d37888945916d1aa719882aeeb33062c30244ac05a16f286a12a8e6a36b8153,0x75495baac73b653626b707d3c84e9fc23f0bb6e4,0x47c07b7dfd8e35bd00873d0c2231411504c0b3a5,2026-08-07T00:47:33,dense_internal_fund_flow;complex_trace;high_gas_used_context,0xd00bff8a,true
25697145,0x28ab602ca8e4d13904a2e4b05dc6aff9726beaf4b680641298e078c4ec01d23d,0xf70da97812cb96acdf810712aa562db8dfa3dbef,0xccc88a9d1b4ed6b0eaba998850414b24f1c315be,2026-08-07T00:47:33,large_erc20_profit_to_sender;large_erc20_asset_flow;complex_trace;high_gas_used_context;token_activity_burst,0x0a2b8f36,true
25697145,0x47890c68a49e2c4c532cd97f9df34768273d9f2d99f301089f4aba0bd25f50e1,0x2bce45670cba81658e45c132f0b4eaba97a7fbba,0xd90e2f925da726b50c4ed8d0fb90ad053324f31b,2026-08-07T00:47:33,dense_internal_fund_flow;complex_trace,0xb438689f,true
25697145,0x08598b34d7121594fff907781df87fb2304bd78b062a9fb8e818769b7520dc94,0x7b49bc3ebbdf7322f31c6449320382bbec3be1b6,0xad3b67bca8935cb510c8d18bd45f0b94f54a968f,2026-08-07T00:47:34,complex_trace;high_gas_used_context;token_activity_burst;approval_burst,0x146ee74d,false
25697145,0x4919ce7b5aa091ddcb041a867dc8e4e7924938b1e0a1cb73445d4633278b812b,0x8bf44b00436d41fef72474bb0fa0778f7bf956ac,0x1103fc560de8b710983e7f3ec09d587f3f848566,2026-08-07T00:47:34,dense_internal_fund_flow,0x03d7fe26,true
25697145,0x59d2065d6a732f3bb21a752537d1e0f9b666902efe1dc6ee6fd2811f4dee898a,0x0000000000bfec68be5d46795e9692a177af4d6b,0x00000000000762339537bd0fd01e44f661bd8f67,2026-08-07T00:47:34,large_erc20_asset_flow;complex_trace,0x00030000,true
25697145,0xde29fd1c1e369ae7173c82f08da32cf9320a9fbe6ff59e66f040815420fd7cfd,0x8b5606469e21c75edd7c74d1c7a65824675d9aff,0x9ccc2f3ecde026230e11a5c8799ac7524f2bb294,2026-08-07T00:47:35,large_erc20_asset_flow;complex_trace,0x1bc74526,true
25697146,0x65371feca856a7fd55d5b797881be665bea41330fb13b275c148c31951a7c1ea,0xe445fb0297f7d1f507df708185946210eb6a9de6,0x06541c3a165f09dffbd1de44ddcf86c0235136a1,2026-08-07T00:47:41,high_gas_used_context;token_activity_burst,0x9c5643e7,false
25697146,0x169323b2d2296f03d11d0261781ce0b2ae44e2ac8e35b1a61aa845f54422e1f1,0x43370330be39d388f6219d8241dc1f76fb9df268,0x4337084d9e255ff0702461cf8895ce9e3b5ff108,2026-08-07T00:47:42,dense_internal_fund_flow;complex_trace,0x765e827f,true
25697146,0x9a652770f0b5badbd6728813402ccf0a975b99f35c1072178f5f8d4bdfb88f5a,0x49e1bf431e9bbbd8e57afcd21ccac3f30e7d98d3,0x28b1dc1a5e3699a428bc51d234dfab7c9cb2a183,2026-08-07T00:47:42,complex_trace;high_gas_used_context;token_activity_burst,0xf2c42696,true
25697147,0x3071d972fffb3207a98ff88ec2e9039fa86a87378906304b43137139fe5151cf,0x211b1240da54d90689ad11d7da762dfad945a63c,0xe7e68d336f90f98d22a479253eafa5f2424acad8,2026-08-07T00:47:48,dense_internal_fund_flow;large_erc20_asset_flow;complex_trace,0x21c69a19,true
25697147,0x3741489d91c484cc9508329fe83f3edcb0b5d9b53e40c51cc05e36d9582f65b9,0x654fae4aa229d104cabead47e56703f58b174be4,0x000000000035b5e5ad9019092c665357240f594e,2026-08-07T00:47:48,large_erc20_asset_flow;complex_trace,0x00000004,true
25697147,0x7397238cb92db0b2c6604b42f3167f921a5a43d3e6255afdb6cdc01a11d5afea,0x654fae4aa229d104cabead47e56703f58b174be4,0x000000000035b5e5ad9019092c665357240f594e,2026-08-07T00:47:48,large_erc20_asset_flow;complex_trace,0x00000004,true
25697147,0xbd19f431354bfc44f570355966b9a8ee5800d1db741d3837061e3adaadef85c8,0xc0defae83d2f76fb796190cbdea67c667dacc46e,0xc0de2807cad1b02b9e0bbf886592cdb79150bcd0,2026-08-07T00:47:48,dense_internal_fund_flow;complex_trace,0x12aa3caf,true
25697147,0xfc3df0bf9dced0b0786d1df8b5b6aaeea80079202b48a5eefc463b67d4420d5a,0xed8bb8e88e8655557452670ee05bceba38336595,0x79d19d44488306e3cdd6d0195a03166a23baa51d,2026-08-07T00:47:48,dense_internal_fund_flow;complex_trace,0xbf396a89,true
25697147,0xf9875c6853efaa4df99ef29299ff7096126806d6af75a3a6006fc0c093ebcc2c,0xb55ee36a19b06bc0df69802abf0f849f1e4ff529,0xd1d7b571134d1f519485bf7b46d9e25698f62a65,2026-08-07T00:47:49,selfdestruct_context,0xf3fef3a3,true
25697147,0x71bccffa8e4d1b4236b971be8caffb9e7e451f3036fc250cb654e0293e9e8a1f,0x1feed341f68ae6812b30e139ab074182ea4e3830,0x9e9110cfd24cd851ea5bc73a27975b33e308f9e1,2026-08-07T00:47:50,large_erc20_asset_flow,0xeb7499cf,true
25697147,0xf3ab05347c5353f0bcffe9407474d94eaac460af80c4d805f7ef561b3d449942,0x1105afaf3002a48a305afd631e3cb57277ceb0ea,0x82fc3999151f2a7b0a643ee0156790b19e10cd91,2026-08-07T00:47:50,high_gas_used_context;token_activity_burst,0x8aba6a18,false
25697147,0xf7dedc4fb8828ace61cf26e4cf10374227c59a9637ef32e5a7bb05bb27979a07,0x0000000000bfec68be5d46795e9692a177af4d6b,0x00000000000762339537bd0fd01e44f661bd8f67,2026-08-07T00:47:50,large_erc20_asset_flow;complex_trace,0x00030000,true
25697147,0x469b842deb52b292b42af43a67f299870faf9e68fad064226a8386a8fb77a93f,0x3bd54daa848533b835abfc6ad8b1e9c66932d106,0x6e8b93499bfd74c211003e4d95cb51d5151f61e3,2026-08-07T00:47:51,dense_internal_fund_flow;complex_trace,0x6a761202,true
25697147,0xc5f676f1ab9c38523d30a113dcbfe4b4d1f0424d1d11886b567575e0785fc7ef,0x327c062a42348561313da6e38da8b6d0da4e7279,0x91ff8bbd8ebb07893010d50a48a1609e5ebd8e34,2026-08-07T00:47:51,complex_trace;high_gas_used_context,0x069d1525,false
25697147,0xde4ae9b1889595019c2934e7a5eebe317580dcd79213cf422927d7b6c22c66c8,0xe6ee4367b98bf171f45e4901b7d6cb98d0f58a33,0xb300000b72deaeb607a12d5f54773d1c19c7028d,2026-08-07T00:47:51,large_erc20_asset_flow,0x810c705b,true
25697147,0xcdb4cb5abb6048689668852b7695f35f24c1fd7e7a951550d75129a44887fbd4,0x3cfdc212769c890907bce93d3d8c2c53de6a7a89,0x0000000071727de22e5e9d8baf0edac6f37da032,2026-08-07T00:47:52,privileged_execution_context;complex_trace,0x765e827f,false
25697147,0x045f2b83f1230c6c9301df66421707bcd102871c8eaf50504ce01a207dfaa530,0xe85091501587b32a323be2512b36fab392d7c6bc,0x68f9dd5ba38250b9f1653c5e119f72b54f61092c,2026-08-07T00:47:53,dense_internal_fund_flow;complex_trace,0x111966f6,true
25697148,0x409a7dd1bbef955539b85e8616b7a4071b0178ab13c39d72d2a76213d4c962b8,0x6676c516f1ea1937c0a648bcf714e137014592ff,0x950fd558f47e234a2fde23b7d61f7ccdbcb4a86f,2026-08-07T00:47:57,large_erc20_asset_flow;complex_trace,0xdd225095,true
25697148,0x620d765ed802c65e1527ab356bcef5e66762fd13e1ffa424427e79bb019c2aaf,0xc0defae83d2f76fb796190cbdea67c667dacc46e,0xc0de2807cad1b02b9e0bbf886592cdb79150bcd0,2026-08-07T00:47:57,dense_internal_fund_flow;complex_trace,0x12aa3caf,true
25697148,0x7c809bba7e1e69c924bc72bc86d1572b748d6be15b42d377aaef6bbda4dfb14f,0x7830c87c02e56aff27fa8ab1241711331fa86f43,0xa9d1e08c7793af67e9d92fe308d5697fb81d3e43,2026-08-07T00:47:57,dense_internal_fund_flow,0x1a1da075,true
25697148,0x583d1b0f276ebcc45a9819faed181b259ec476fdd80236c2d7f7afa1438616f8,0x7830c87c02e56aff27fa8ab1241711331fa86f43,0xa9d1e08c7793af67e9d92fe308d5697fb81d3e43,2026-08-07T00:47:58,large_erc20_asset_flow;token_activity_burst,0xca350aa6,true
25697148,0x7030432352fd3ac0d9a31ef95bbe68898b66b4d4368f72315acce2aa35160385,0x1105afaf3002a48a305afd631e3cb57277ceb0ea,0x82fc3999151f2a7b0a643ee0156790b19e10cd91,2026-08-07T00:47:58,high_gas_used_context;token_activity_burst,0x8aba6a18,false
25697148,0xa06c30298297e132058ea57366f97a22e6957325db8a3103adf5e8e4d6d70bfe,0x754dcfb2861547015b221e963b4133a71dbdc024,0x3e07be15370d8b12d80a159a7ef14b9e51869497,2026-08-07T00:47:59,dense_internal_fund_flow;complex_trace,0x21af54c6,true
25697148,0xfa88cf83e571a14e0974c72c57d7768fd58025ee045c934356b544b7fe10821d,0x4337021d22bcd0775a0fd1b4a6665051dc15d995,0x0000000071727de22e5e9d8baf0edac6f37da032,2026-08-07T00:48:00,privileged_execution_context;complex_trace,0x765e827f,false
25697149,0x59e02232372e413f3ff9987b9d93422fe4e4c3f4d040e90161f565ca38ce478a,0x211b1240da54d90689ad11d7da762dfad945a63c,0xe7e68d336f90f98d22a479253eafa5f2424acad8,2026-08-07T00:48:07,dense_internal_fund_flow;large_erc20_asset_flow;complex_trace,0x21c69a19,true
25697149,0x516bfe5b85617c359472140ae86ba4572288b011d34668ce7c0dbf609ce799fe,0x1105afaf3002a48a305afd631e3cb57277ceb0ea,0x82fc3999151f2a7b0a643ee0156790b19e10cd91,2026-08-07T00:48:08,high_gas_used_context;token_activity_burst,0x8aba6a18,false
25697149,0xa022affa8bcd9be4bd36813950053573c996565e80d473d80f2deac70b59a205,0x2cdec8a3189b420dd5afee1d66d550af6e334be7,0x6566194141eefa99af43bb5aa71460ca2dc90245,2026-08-07T00:48:08,large_erc20_profit_to_sender;large_erc20_asset_flow;complex_trace,0x374f435d,true
25697149,0x36131d7ef9a5d5fc13438c60b78efd6d9d7964747c4f8edaa96081b52596eb31,0x5de1e3afa67cdbd39f14284dffcbf280d2293373,0x663dc15d3c1ac63ff12e45ab68fea3f0a883c251,2026-08-07T00:48:09,dense_internal_fund_flow,0x4d8160ba,true
25697150,0x2c24bf13ecc367edbe6765e1b4fbe8dd41e776068525e64f658bd01fb1be90d8,0xe99bd1c2dd70cd58e5efd47887991700e7318ce2,0xad3b67bca8935cb510c8d18bd45f0b94f54a968f,2026-08-07T00:48:16,complex_trace;approval_burst,0x146ee74d,false
25697150,0x361eba155f75e358039d9be27d8c94ee07b6f99f61f11a52554c0de28f1c3f21,0x1184de98c71b565a7bc8313d89d74322c3df7f3b,0x881d40237659c251811cec9c364ef91dc08d300c,2026-08-07T00:48:16,complex_trace;high_gas_used_context;token_activity_burst,0x5f575529,true
25697150,0x3eb4322987f3d4f585dc22f69a26d3c11b02221b588bb2346cb5fa3c157b549e,0xb23360ccdd9ed1b15d45e5d3824bb409c8d7c460,0x09c30cdcdd971423cb3ba757a47d56c35d06d818,2026-08-07T00:48:18,dense_internal_fund_flow,0x318adb8b,true
25697150,0x6adf29980d8ba085d3dfefb276f42cb2290490d20c7f8d503fa41daf8f7b646e,0xb23360ccdd9ed1b15d45e5d3824bb409c8d7c460,0x09c30cdcdd971423cb3ba757a47d56c35d06d818,2026-08-07T00:48:18,dense_internal_fund_flow,0x318adb8b,true
25697150,0xa6d3b1ef9ffd6baf6d683274d6d4f885904f3c329bf3a305500fa746d70b6afc,0x4337001fff419768e088ce247456c1b892888084,0x5ff137d4b0fdcd49dca30c7cf57e578a026d2789,2026-08-07T00:48:18,privileged_execution_context;complex_trace,0x1fad948c,false
25697150,0xac6c2b7e8597fc5e728fb183d259c28af4816fbc77c2ec14931fa6bf470b20b7,0xc6acbee42e9e323140c1ed060c2f6ea9cc3b4b75,0x7c5a71c9fefbc7691f9d4ac7baf70c743792f716,2026-08-07T00:48:18,selfdestruct_context,0xf3fef3a3,false
25697150,0xb31dec1d5d4f6658cced62ca76404ac826327d6e4081625ba21c91f7ababc08d,0x433700890211c1c776c391d414cffd38efdd1811,0x0000000071727de22e5e9d8baf0edac6f37da032,2026-08-07T00:48:18,privileged_execution_context;complex_trace,0x765e827f,false
25697150,0xed9e4e5a9e038f74a4656aa51cd42361368376a25bec4f37bb54f81a134ce492,0x1105afaf3002a48a305afd631e3cb57277ceb0ea,0x82fc3999151f2a7b0a643ee0156790b19e10cd91,2026-08-07T00:48:18,high_gas_used_context;token_activity_burst,0x8aba6a18,false
25697151,0x24667b7d88602eabad72add333c499d942422c83661a4bf803184bce3092961d,0xe93685f3bba03016f02bd1828badd6195988d950,0x173272739bd7aa6e4e214714048a9fe699453059,2026-08-07T00:48:23,complex_trace;high_gas_used_context,0x7cd44734,false
25697151,0xc37284bf3b96ed57fd4767dd702f4739273fe61ec182670bd5d3f7d341aa1ee2,0xc6acbee42e9e323140c1ed060c2f6ea9cc3b4b75,0x7c5a71c9fefbc7691f9d4ac7baf70c743792f716,2026-08-07T00:48:23,selfdestruct_context,0xf3fef3a3,false
25697151,0xd90468bb843ccad50e33a80ff948f955a4974fa5627ad14532acbff3d160fed1,0x8b5606469e21c75edd7c74d1c7a65824675d9aff,0x9ccc2f3ecde026230e11a5c8799ac7524f2bb294,2026-08-07T00:48:23,large_erc20_asset_flow;complex_trace,0x1bc74526,true
25697151,0xee61aec9bdbc4cdc388b89d65206ce070299662f2449a96603f1ef4655df6ef0,0xca50fcad6d671adf18c684688fc8180debac15ac,0xee030ec6f4307411607e55acd08e628ae6655b86,2026-08-07T00:48:23,dense_internal_fund_flow;complex_trace,0x6e1537da,true
25697152,0x121347fbdd0078b852a7e439a7eacbb97d3ed324444bc392782111e6f5b37096,0x1105afaf3002a48a305afd631e3cb57277ceb0ea,0x82fc3999151f2a7b0a643ee0156790b19e10cd91,2026-08-07T00:48:31,high_gas_used_context;token_activity_burst,0x8aba6a18,false
25697152,0x59a7260ddccd12001aa8709512cb6228ecf59162d6deccf4c0bad1e419fd0edc,0x5b43453fce04b92e190f391a83136bfbecedefd1,0xbdb3ba9ffe392549e1f8658dd2630c141fdf47b6,2026-08-07T00:48:31,dense_internal_fund_flow;complex_trace;high_gas_used_context;token_activity_burst,0x000000c3,true
25697152,0x1793d247eac3b8d26abf4858cd48756f67d84e9486949f084743132a3dd0902b,0xf70da97812cb96acdf810712aa562db8dfa3dbef,0xccc88a9d1b4ed6b0eaba998850414b24f1c315be,2026-08-07T00:48:32,large_erc20_profit_to_sender;large_erc20_asset_flow;complex_trace,0x0a2b8f36,true
25697152,0xd4b9b47e3aa7f1268c71f7257d871051a3f6ee642bd1d2db75a582bf9c1a2819,0xcd54cc88ac8bb4f437937b5dfa9c341570c6169b,0x888888888889758f76e7103c6cbf23abbf58f946,2026-08-07T00:48:32,large_erc20_asset_flow;complex_trace,0xa373cf1a,true
25697152,0x064bc1dbe005d5db01e2bbdc5708ddc4c697ce236ccddd0dd547e553474ed95a,0x82ab9b3eea855edebcae33b20fac3cc6800f3597,0xf4e147db314947fc1275a8cbb6cde48c510cd8cf,2026-08-07T00:48:33,privileged_execution_context,0x760d0f9d,false
25697152,0x38c81788db439e5835922a2e5cd7306a45e034b174eed68681c7c455731ee686,0xde5ce22a56ed76bf7054121500b23a718399feb7,0x43de2d77bf8027e25dbd179b491e8d64f38398aa,2026-08-07T00:48:33,large_erc20_asset_flow;complex_trace,0xc280c905,true
25697152,0x95b533e566ec793d4b1e1d5d41d8de37e79c7e757f4dc2b2fe595571604e4398,0xe6ee4367b98bf171f45e4901b7d6cb98d0f58a33,0xb300000b72deaeb607a12d5f54773d1c19c7028d,2026-08-07T00:48:33,large_erc20_asset_flow,0x810c705b,true
25697153,0x13feb59f3c3594055f392bfe144c9d92945d221af1bfb50245e376c20ec8ed35,0x7830c87c02e56aff27fa8ab1241711331fa86f43,0xa9d1e08c7793af67e9d92fe308d5697fb81d3e43,2026-08-07T00:48:39,dense_internal_fund_flow,0x1a1da075,true
25697153,0x80d7bcecf3a4f32264d86b2773c7fef1f617ca132127909447d8bfa6999041b5,0x7830c87c02e56aff27fa8ab1241711331fa86f43,0xa9d1e08c7793af67e9d92fe308d5697fb81d3e43,2026-08-07T00:48:39,large_erc20_asset_flow,0xca350aa6,true
25697153,0xc77fe2ac55fc06501a8d8dbdf05aaca25bb0a4410ff61094553ace62753ea561,0x3932456ba61961b2c55eba355041727f8c448054,0x405f3a0cf62ff3fee42c49d4f6d8bb397d04da33,2026-08-07T00:48:39,large_erc20_asset_flow;complex_trace,0x099a9e45,true
25697153,0x3923625ac3a6154b06734435b3232d1fd9c39699b05936652a7ed1171faf2b15,0xde992badd92adaf9146255e9bde6a70770973664,0x3d0f22bf11636cc9cb129e2b261eed35a487455c,2026-08-07T00:48:40,complex_trace;high_gas_used_context,0xa9059cbb,false
25697153,0x9057f67901a37bd4e1652c30853c298cf85f22ed252272ff64ac9920b23e423c,0xe2da046340e00264c4f0443243a0565007ae08ac,0x923c7ae586b748da0fbea964c7a6089569bad61c,2026-08-07T00:48:40,complex_trace;high_gas_used_context,0x380db829,false
25697153,0x9a150d8ffde49f7f5b1c1d50181c19b2a3699c4e70ee61e096a9d3f6f25cbb44,0x61778adc1408a5b5e2fc99890ab2bef225d85efe,0xb300000b72deaeb607a12d5f54773d1c19c7028d,2026-08-07T00:48:40,dense_internal_fund_flow;complex_trace,0x810c705b,true
25697153,0x9a594a6ccea35702bc2abf2615b18bef8ca1e159737d41d85541fa997a6d5e3e,0xa67d7eb4dc68fa6ce8e34ef8cadaf075b9893fbb,0xccc88a9d1b4ed6b0eaba998850414b24f1c315be,2026-08-07T00:48:40,large_erc20_asset_flow;complex_trace,0x0a2b8f36,true
25697153,0xa64d61eb6643c7fe0b772962bae3b27cf7898c161d03bd6f09383f9b790f7fe6,0x268bb6aaa0a7414ce71f7e7fa52d99b0ffaeb6e1,0x24179cd81c9e782a4096035f7ec97fb8b783e007,2026-08-07T00:48:40,dense_internal_fund_flow;complex_trace,0x5530273c,true
25697153,0xab83fd3501f3c1f8a86a445c6b1fe997eaafdae58fe574ec6f4665a370ea6ac7,0x4c8701c14b802b4b0eae3df4074fd68a457ce507,0x91ff8bbd8ebb07893010d50a48a1609e5ebd8e34,2026-08-07T00:48:40,complex_trace;high_gas_used_context,0x069d1525,false
25697153,0xbfd4e91a92bf1113752a03f8d98df06bf802d4650992d7c14c3d3a8d88f3dc3c,0x1105afaf3002a48a305afd631e3cb57277ceb0ea,0x82fc3999151f2a7b0a643ee0156790b19e10cd91,2026-08-07T00:48:40,high_gas_used_context;token_activity_burst,0x8aba6a18,false
25697153,0xffdb0fc4a2deb81f87aee19094205ff4e536ef7de5f67cf3369818bdff2f44b5,0xf70da97812cb96acdf810712aa562db8dfa3dbef,0xccc88a9d1b4ed6b0eaba998850414b24f1c315be,2026-08-07T00:48:40,large_erc20_profit_to_sender;large_erc20_asset_flow;complex_trace,0x0a2b8f36,true
25697154,0x7bf291c0a51d3dcbdbf0c5e4ec9ec17b620ca2ba0e44a390c5069bd0f2eb2a97,0x5b43453fce04b92e190f391a83136bfbecedefd1,0xbdb3ba9ffe392549e1f8658dd2630c141fdf47b6,2026-08-07T00:48:47,dense_internal_fund_flow;complex_trace;high_gas_used_context;token_activity_burst,0x000000c3,true
25697154,0x07ebf29eabb2cd728cd729f4357ebdcaa5e569f17b25e211bb742c2e3e24235b,0x223a320dad58d3bfb9fff7b3f5d5fdc26a75fd91,0x0ddc428b07b3260d8ca316f5488152151c4fbbfe,2026-08-07T00:48:48,large_erc20_asset_flow;complex_trace;high_gas_used_context;token_activity_burst,0x601881f3,true
25697154,0x3bcade378035d2171e1bcf9bcb1b24d4f468572702619876daba46e94c38a396,0x8a6b1d16df58d590a6126b086dda825292e1764d,0xd0764fae29e0a6a96ff685f71cfc685456d5636c,2026-08-07T00:48:48,large_mint_to_sender,0x23caab49,true
25697154,0x405295617e0b6d4492606f78feafc20abd7ba7ca44d7245f39e46b9174a1e8d2,0x70e59f9c304e4d5096bd408b571e2dcd99c3120b,0xad3b67bca8935cb510c8d18bd45f0b94f54a968f,2026-08-07T00:48:48,complex_trace;high_gas_used_context;token_activity_burst;approval_burst,0x146ee74d,false
25697154,0xe7d81cb689299fc811792d51f6ca657cd5cc935541291d51fa5455ef4d443732,0x6c45b0a56a451a86f67e65ffb090bcde940933cf,0x91ff8bbd8ebb07893010d50a48a1609e5ebd8e34,2026-08-07T00:48:48,complex_trace;high_gas_used_context,0x069d1525,false
25697154,0xa2149e9782dbe86e7ee75c5d5b481fb1093ca7c20dd4b85e9d7c55af58f616e9,0x1c05c64b0d10e4f87abc6a69e5921f81536c3edc,0x03f34be1bf910116595db1b11e9d1b2ca5d59659,2026-08-07T00:48:49,dense_internal_fund_flow;complex_trace,0xe47d166c,true
25697155,0xb00fa62c97958dd048ec32226ba19e7df15e425f2eb41f87f1ef768e429cf63e,0x1105afaf3002a48a305afd631e3cb57277ceb0ea,0x82fc3999151f2a7b0a643ee0156790b19e10cd91,2026-08-07T00:49:04,high_gas_used_context;token_activity_burst,0x8aba6a18,false
25697155,0xd3e9830709b95bdff1459efbc8f129dd4ad9e6c0eb9e3f8d700d43ed0fb3c02e,0x1efecb61a2f80aa34d3b9218b564a64d05946290,0x86e4dc95c7fbdbf52e33d563bbdb00823894c287,2026-08-07T00:49:04,complex_trace;high_gas_used_context,0x4e43e495,false
25697156,0x23e25ad25fb7c411c91bea1e5958ad6e5a45e330c8ee2e1efd225ae528968bca,0xca7ded7e4f4ba8ab3b10009236ae6d1b95094589,0xb92fe925dc43a0ecde6c8b1a2709c170ec4fff4f,2026-08-07T00:49:10,dense_internal_fund_flow,0xcd6e13f7,true
25697156,0x3f80c291ab5061e53483692993cd4978b9fd5b02f586f50d8e88641498123598,0x16ef82c790ab0c14ea19b58a6c5d0880237e622f,0x6131b5fae19ea4f9d964eac0408e4408b66337b5,2026-08-07T00:49:10,dense_internal_fund_flow;complex_trace,0xe21fd0e9,true
25697156,0x5aa92384d99dcf70f5e8ec8a3e97633f6ac727b4d2481021cab3582b46c2b205,0x6a9c2449c32779f89d0ccafd746152e237c1bdf2,0xbeb5fc579115071764c7423a4f12edde41f106ed,2026-08-07T00:49:10,large_erc20_asset_flow;complex_trace,0x8c3152e9,true
25697156,0xc8a056466595daece4a18bb6c3bd6f79d67a785497e244357f2a718a2b625fa2,0x1105afaf3002a48a305afd631e3cb57277ceb0ea,0x82fc3999151f2a7b0a643ee0156790b19e10cd91,2026-08-07T00:49:10,high_gas_used_context;token_activity_burst,0x8aba6a18,false
25697156,0x3061dd81998b9636bba690fe3bed801fbf2123978d02254611c5e802221eabb6,0x59aab1bd0d26290274398c07b55955c15425e16b,0x00fe78205f5f0e63b8ad2b2ae5337f538a610e04,2026-08-07T00:49:11,high_gas_used_context;token_activity_burst,0x34fcd5be,false
25697156,0x51804a7491ebf34edd4ce102cce51b015763677becc2e3d61aa924569ad42c27,0x9379e546675db383365f8718342a92ac3ba3a4f8,0x6131b5fae19ea4f9d964eac0408e4408b66337b5,2026-08-07T00:49:11,large_erc20_asset_flow;complex_trace;high_gas_used_context,0xe21fd0e9,true
25697157,0x09686fc940e0f2ae9a6823d54697f771c5f4ec17bbd34e48b4227b8714244167,0xf70da97812cb96acdf810712aa562db8dfa3dbef,0xccc88a9d1b4ed6b0eaba998850414b24f1c315be,2026-08-07T00:49:16,large_erc20_profit_to_sender;large_erc20_asset_flow;complex_trace;high_gas_used_context;token_activity_burst,0x0a2b8f36,true
25697157,0x4c86ba4f08904071a354a633e98d5e5aa6bfd4cc464024746a7b54f0d95f3f14,0x6a9c2449c32779f89d0ccafd746152e237c1bdf2,0xbeb5fc579115071764c7423a4f12edde41f106ed,2026-08-07T00:49:16,dense_internal_fund_flow;complex_trace,0x8c3152e9,true
25697157,0x3f38fd052f015c213d801539652e41b0df9418bd51a1f7d6a474a7c64ad861d4,0x1105afaf3002a48a305afd631e3cb57277ceb0ea,0x82fc3999151f2a7b0a643ee0156790b19e10cd91,2026-08-07T00:49:17,high_gas_used_context;token_activity_burst,0x8aba6a18,false
25697157,0x74b730c3983275b93b0a2e26ea06b25900a8380d77815881bd0d5140659184d7,0x7830c87c02e56aff27fa8ab1241711331fa86f43,0xa9d1e08c7793af67e9d92fe308d5697fb81d3e43,2026-08-07T00:49:17,dense_internal_fund_flow,0x1a1da075,true
25697158,0x0c2d908eb431594d6e23f685c252abdcf437126f4f37bdb70e895fce256ee6cd,0x20f95c6f048afc817e972ad06c7bfef4fa4ae614,0x33024d4791413438aa1de6a8b6cb7cceb25459b1,2026-08-07T00:49:24,large_mint_to_sender;complex_trace,0x6e553f65,true
25697158,0xa54b8018952cac4d5e4631e044029730d8fec1633eba6fd1c1afff11e784d43e,0x2b3fed49557bd88f78b898684f82fbb355305dbb,0x09c30cdcdd971423cb3ba757a47d56c35d06d818,2026-08-07T00:49:25,dense_internal_fund_flow,0x318adb8b,true
25697158,0xaf9942502148fd1a1ca128cf1f215e4f82d3a0e26d7d880baa2bc37cb3052453,0x59aab1bd0d26290274398c07b55955c15425e16b,0x00fe78205f5f0e63b8ad2b2ae5337f538a610e04,2026-08-07T00:49:25,complex_trace;high_gas_used_context;token_activity_burst,0x34fcd5be,false
25697158,0xbddb31667a1437d8d535f9ddfdd8834d13e7ffe213761d6971e791e2d58f4c43,0x502d222e8e4daef69032f55f0c1a999effd78fb3,0x87870bca3f3fd6335c3f4ce8392d69350b4fa4e2,2026-08-07T00:49:25,large_erc20_asset_flow;complex_trace,0x617ba037,true
25697159,0xbc8d22d34c87eabd04379187de9f980bfea1af19eeca252d5ac87762ce4ca53d,0x025080f14aa3305049f9ce08d7b92368d54cb9b6,0xcb0151ac9479a6a0261622baa63ae843c9793d45,2026-08-07T00:49:35,large_erc20_asset_flow;complex_trace;approval_burst,0x64cd187f,true
25697159,0x83fc004494e688e282fd06dbaafdc64156d649d7f3674611861fe4ee123b7f79,0xedad9aaff8932605729c0331eb3b84adcc9435b8,0xacddac6c77318b615f7f6fb9bb67c6833e9c05f1,2026-08-07T00:49:36,dense_internal_fund_flow;complex_trace,0x571d3dc7,true
25697159,0xfb090807936487923793c1ef5549f1350995a7520a17cddaf22d5b594cefe9f9,0x70e59f9c304e4d5096bd408b571e2dcd99c3120b,0xad3b67bca8935cb510c8d18bd45f0b94f54a968f,2026-08-07T00:49:36,complex_trace;high_gas_used_context;token_activity_burst;approval_burst,0x146ee74d,false
25697159,0x56c35ebcfd8a35e18411cf0b1691af412492a1f763693b3a2f4cf49fa46ba329,0xd4b4cab5cf150f46448a8b312cf4d96521953c5f,0x66a9893cc07d91d95644aedd05d03f95e1dba8af,2026-08-07T00:49:37,dense_internal_fund_flow;complex_trace,0x3593564c,true
25697159,0xefaaac7ffbc70f93dc9ce72a490d55f03e3eedf86037573ea43785363a24f437,0xead0773bde3daa468f649751e43f1bd34f4be51b,0x785db5f3f3ad18d6291689907d319954af79a03e,2026-08-07T00:49:40,privileged_execution_context;complex_trace,0x311b0198,false
25697159,0xf3d430066f4df5444a1a7118c77d107219764d41bb3b010e727653a883e8900d,0xfe8bcd055daf9478137ecc0e8eb5414b68f4b630,0xa41299408eb78d67b9b599e38e3259c11a005145,2026-08-07T00:49:40,privileged_execution_context,0xf2fde38b,false
25697160,0xc32bbb8f378724fd644969da6b06e083037620e80710dd5c070d859b7daeb0f1,0xbee584df29c8223df7347ada7d4de76175efcccf,0xbee162fa5ae892be74f3f3e01c23da89adbccccc,2026-08-07T00:49:51,large_erc20_asset_flow;complex_trace,0x6d7b7040,true
25697160,0xd616db78996c7ce0fe92513613c692191cc568a602e77c18f3912d6553fca1f0,0xa926414d5dfa0d84568e0c5b8f56e7f7e3efa586,0x225a38bc71102999dd13478bfabd7c4d53f2dc17,2026-08-07T00:49:51,large_erc20_asset_flow,0xbc4a02e4,true
25697160,0xb0a88cc20735e5d072d7f7261e7311933f543118ea8b9dd60c04af4f04b3c466,0xf70da97812cb96acdf810712aa562db8dfa3dbef,0xccc88a9d1b4ed6b0eaba998850414b24f1c315be,2026-08-07T00:49:52,large_erc20_asset_flow;complex_trace,0x0a2b8f36,true
25697160,0x26b0b039cfbc4a71473b3bbe36b20ed76d60c2e858f201c9eda835fcc07bc568,0x49e1bf431e9bbbd8e57afcd21ccac3f30e7d98d3,0x28b1dc1a5e3699a428bc51d234dfab7c9cb2a183,2026-08-07T00:49:53,complex_trace;high_gas_used_context,0xf2c42696,true
25697160,0x8ef1e8242eb852b0657bdf1cc3cecf2b8cf5f9637d7533e37ed3b3210b92f262,0xde992badd92adaf9146255e9bde6a70770973664,0x3d0f22bf11636cc9cb129e2b261eed35a487455c,2026-08-07T00:49:53,complex_trace;high_gas_used_context,0xa9059cbb,false
25697160,0xb49aca572104e6b8c7c2ba126aae19d8de3b43e1aba73766be87583f490bac0a,0x17a9aa3f7945fb00c2eb16857baa4adb63da59db,0x0000000071727de22e5e9d8baf0edac6f37da032,2026-08-07T00:49:53,dense_internal_fund_flow;complex_trace,0x765e827f,true
25697160,0xbf45285a848df40f8e19dd6419a281ff49a7cce261adda2eda1028c127599069,0x161643f280b09be8e0271eef8efc6c264d125003,0x929fe4e69f03227365baf6de902595a3920b73dc,2026-08-07T00:49:53,dense_internal_fund_flow;token_activity_burst,0xa9059cbb,true
25697161,0xeb3e7dd4a987b90d2693518c08df901545008e6ba181e0715c6b9170e8477696,0x4337001fff419768e088ce247456c1b892888084,0x4337084d9e255ff0702461cf8895ce9e3b5ff108,2026-08-07T00:50:11,dense_internal_fund_flow;complex_trace,0x765e827f,true
25697161,0x2ab3bf9e547a657e88911c35216f322d3160fb9f6a28bbb9fd17f56e53a7bdda,0x30e898119f6abc3f315aab265a4ec7e171a51fdb,0x6131b5fae19ea4f9d964eac0408e4408b66337b5,2026-08-07T00:50:12,dense_internal_fund_flow;complex_trace,0xe21fd0e9,true
25697161,0x57a51ff5e2f529cd804d09bc8b65f766bcf68ad6ae5c49d1c0da659460aa7da5,0x4337011463ef6bd863e47e7b5e743d2522261131,0x0000000071727de22e5e9d8baf0edac6f37da032,2026-08-07T00:50:12,privileged_execution_context;complex_trace,0x765e827f,false
25697162,0xce66d1614ee84301e0f287d0f6d51229d8cd49a6462a1a5dbd9cee6dca2e46c1,0x09a591f0e4fa0abac08f05bc0916c51ee34c1a1b,0x5cb16a393b9b43c590953b51058edab1bde0f5fa,2026-08-07T00:50:47,dense_internal_fund_flow,0x501d976c,true
25697163,0x1bb7220042fb10df53bb61303e2d7a277480ec9d8055baf338b0d5effc3dbf91,0x7830c87c02e56aff27fa8ab1241711331fa86f43,0xa9d1e08c7793af67e9d92fe308d5697fb81d3e43,2026-08-07T00:50:57,dense_internal_fund_flow,0x1a1da075,true
25697163,0x45dc1ca9040df94cbfa2223e7d1a1843da9a81210fcddfa179890e0d30a8342e,0xd4b4cab5cf150f46448a8b312cf4d96521953c5f,0x66a9893cc07d91d95644aedd05d03f95e1dba8af,2026-08-07T00:50:57,dense_internal_fund_flow;complex_trace,0x3593564c,true
25697163,0x68a0e918ac5564118ab1147e7e5fff3e7e602252454435d72a6b7b7a02759a8a,0xf70da97812cb96acdf810712aa562db8dfa3dbef,0xccc88a9d1b4ed6b0eaba998850414b24f1c315be,2026-08-07T00:50:57,dense_internal_fund_flow,0x0a2b8f36,true
25697163,0xb2dae1324ee2220959e9b97c003932e8dd2cb7d21c5f671123d35cdad3a18578,0x086eb9c2b14dd657ae77d07df9115a2f946ce327,0xacddac6c77318b615f7f6fb9bb67c6833e9c05f1,2026-08-07T00:50:57,large_erc20_asset_flow;complex_trace,0x571d3dc7,true
25697163,0xc06e2550bf4199acf933c35dc45b0ae064d361a1ca4beb294dac4ee5779aacff,0x7830c87c02e56aff27fa8ab1241711331fa86f43,0xa9d1e08c7793af67e9d92fe308d5697fb81d3e43,2026-08-07T00:50:57,large_erc20_asset_flow;token_activity_burst,0xca350aa6,true
25697163,0xc715b195add939cf14da8ec52858778404a47927b4de5e478f8f6eb812e525f2,0x9642b23ed1e01df1092b92641051881a322f5d4e,0xfaf17849fb05a11a4e233f221bac99ca43fc83f8,2026-08-07T00:50:57,large_erc20_asset_flow,0x6b13fcb1,true
25697163,0xeb15a25fa05e44e04b7cad3d529437a470357ea83b4576e31887b95a07ea5216,0x2cdec8a3189b420dd5afee1d66d550af6e334be7,0x6566194141eefa99af43bb5aa71460ca2dc90245,2026-08-07T00:50:57,large_erc20_asset_flow;complex_trace,0x374f435d,true
25697164,0x9cf5f3385056816e2093e9b8ea13c003df19d5c9e2696a2f4c4b3b9a9fcc7d51,0xf70da97812cb96acdf810712aa562db8dfa3dbef,0xccc88a9d1b4ed6b0eaba998850414b24f1c315be,2026-08-07T00:51:05,large_erc20_profit_to_sender;large_erc20_asset_flow;complex_trace,0x0a2b8f36,true
25697165,0xf0e6b20a11138ebcaf97cca748539681eef506d184053ff07483e73909a9f90a,0x5b43453fce04b92e190f391a83136bfbecedefd1,0xbdb3ba9ffe392549e1f8658dd2630c141fdf47b6,2026-08-07T00:51:13,dense_internal_fund_flow;complex_trace;high_gas_used_context;token_activity_burst,0x000000c3,true
25697165,0x561fa4b258786cb4ebd7a468df09d257f37b588b5fc8eb5abbe59b3f483d9bae,0xde992badd92adaf9146255e9bde6a70770973664,0x3d0f22bf11636cc9cb129e2b261eed35a487455c,2026-08-07T00:51:14,complex_trace;high_gas_used_context,0xa9059cbb,false
25697165,0x5be43f0f4460bcdef3bbff5c9950c4c2d20734bbdc16ec838f7665955d2a1c6c,0xde992badd92adaf9146255e9bde6a70770973664,0x3d0f22bf11636cc9cb129e2b261eed35a487455c,2026-08-07T00:51:14,complex_trace;high_gas_used_context,0xa9059cbb,false
25697165,0x66621c372bcc35e78322d61a1822d5afe98f88d54672e5322da8d739efe9274c,0xde992badd92adaf9146255e9bde6a70770973664,0x3d0f22bf11636cc9cb129e2b261eed35a487455c,2026-08-07T00:51:14,complex_trace;high_gas_used_context,0xa9059cbb,false
25697165,0x747741d40542f3f3a1afbd222e50b3def3d21952fb48dceceea3fcabc05db8df,0xde992badd92adaf9146255e9bde6a70770973664,0x3d0f22bf11636cc9cb129e2b261eed35a487455c,2026-08-07T00:51:14,complex_trace;high_gas_used_context,0xa9059cbb,false
25697165,0x7cf31d684bcf61ae85712afc8007b31714e83c85d58c7d173ed001960c6612c9,0xde992badd92adaf9146255e9bde6a70770973664,0x3d0f22bf11636cc9cb129e2b261eed35a487455c,2026-08-07T00:51:14,complex_trace;high_gas_used_context,0xa9059cbb,false
25697165,0x8bc37c3264a19b838e4f459f09417cb2ba588dffb0dca87ebf08bce177e1126a,0xbeedd60f4ae51ddf06267da77ecd690ac5d3a001,0xbee3211ab312a8d065c4fef0247448e17a8da000,2026-08-07T00:51:14,large_erc20_asset_flow,0x4cf3fe9c,true
25697165,0xa9948ac1b2faddc7b6fe7a74bfb3dc5df3d3bf6cd78d48aa960c61ec9d29b98d,0x9123b39058c5bcd00d4b0b9142fe9f527ddb562f,0x093272c07700d3ca5301c3bf9b3a392624179e2f,2026-08-07T00:51:14,large_erc20_asset_flow;complex_trace;high_gas_used_context,0xac9650d8,true
25697165,0xe6c806703bfdaaa474a08b164033c0889996c92e3229d971704216da5090563e,0xde992badd92adaf9146255e9bde6a70770973664,0x3d0f22bf11636cc9cb129e2b261eed35a487455c,2026-08-07T00:51:14,complex_trace;high_gas_used_context,0xa9059cbb,false
25697165,0xf1db70358b3ac1e17da46aaccd13ee534f1e079b2af1ecbdbb8aa5fe27543b1f,0xde992badd92adaf9146255e9bde6a70770973664,0x3d0f22bf11636cc9cb129e2b261eed35a487455c,2026-08-07T00:51:14,complex_trace;high_gas_used_context,0xa9059cbb,false
25697165,0xc401a396a96b776c81feaa458f58d8139058d492be6dee2e40089662b463cfb2,0x59aab1bd0d26290274398c07b55955c15425e16b,0x00fe78205f5f0e63b8ad2b2ae5337f538a610e04,2026-08-07T00:51:17,complex_trace;high_gas_used_context;token_activity_burst,0x34fcd5be,false
25697166,0x59fc8cee7eaa8394f03b094a1c2a217f9bf38831bb043a7def19ae4a28189364,0xd840dbe718abc46c6c7704bd7ff16e69a23d37ba,0x0000000071727de22e5e9d8baf0edac6f37da032,2026-08-07T00:51:55,complex_trace;high_gas_used_context;token_activity_burst,0x765e827f,false
25697166,0x7d4d99a46390fd98b88b0b022728fb60a75fe701a51fbdc8b8c7d53c104d95df,0x1184de98c71b565a7bc8313d89d74322c3df7f3b,0x881d40237659c251811cec9c364ef91dc08d300c,2026-08-07T00:51:55,dense_internal_fund_flow;complex_trace,0x5f575529,true
25697166,0x219a5af4f7d645df0653fc20d5d8f0ec6fa24d585d3acb74d30be96b6c3b2004,0xfeed46c11f57b7126a773eec6ae9ca7ae1c03c9a,0xbeef0c075da5d01112ae5cf34d257074fb5ddb2f,2026-08-07T00:51:56,complex_trace;high_gas_used_context,0xac9650d8,false
25697167,0x1560ac7389944c7c4bb8f6922101c1422f888c5c565d627ed20c923834cbf6db,0xd4b4cab5cf150f46448a8b312cf4d96521953c5f,0x66a9893cc07d91d95644aedd05d03f95e1dba8af,2026-08-07T00:52:33,dense_internal_fund_flow;complex_trace,0x3593564c,true
25697167,0x3fac653b78009bf8fdb8bf3a70140ab08f44f8415c1e6de1d958981e4a96cce7,0xde992badd92adaf9146255e9bde6a70770973664,0x3d0f22bf11636cc9cb129e2b261eed35a487455c,2026-08-07T00:52:33,complex_trace;high_gas_used_context,0xa9059cbb,false
25697167,0x48301bd5fffd00fd94455704e39def51f67bef3d00cd67d922d392c985144c39,0xde992badd92adaf9146255e9bde6a70770973664,0x3d0f22bf11636cc9cb129e2b261eed35a487455c,2026-08-07T00:52:33,complex_trace;high_gas_used_context,0xa9059cbb,false
25697167,0x805abc7d4402a5cd63f1212fd9503a0a67528ca4387cb4c530f7fa26361fdde1,0x7f60828b97eb5b96799f5f05e25d92180ba0bf9f,0x28b1dc1a5e3699a428bc51d234dfab7c9cb2a183,2026-08-07T00:52:33,dense_internal_fund_flow;complex_trace;high_gas_used_context,0x0c307f76,true
25697167,0x93d840828eb63c8f4d0a8c39a67240d957008e903845b9f5a9a92df9b02261c9,0xde992badd92adaf9146255e9bde6a70770973664,0x3d0f22bf11636cc9cb129e2b261eed35a487455c,2026-08-07T00:52:33,complex_trace;high_gas_used_context,0xa9059cbb,false
25697167,0xd3ca1617f46bb7378987db1a514dda8cd81f377df0cc419e0d40ac18b97bd713,0x6523fe8bc1e941b2690534cb3be142745406a969,0x8f5835e9d756c9bd934bce527157a4b0ef3c5cb7,2026-08-07T00:52:33,dense_internal_fund_flow;large_erc20_asset_flow;complex_trace,0x4a7cf362,true
25697167,0x626a58aabdc7b9014f68f1fe2dd019e55babf6821b1deab39297dafc0ea9ea31,0xad171e982700edc9707ce970e6e1aa1d781dbe94,0xb300000b72deaeb607a12d5f54773d1c19c7028d,2026-08-07T00:52:34,dense_internal_fund_flow;complex_trace,0x810c705b,true
25697167,0x03b7316e9d46dfa1ac2032471479a34398efdeac14f2042a00c757d1f15c4eb4,0x6667cfe4698500cec4ed2cf22a9d6dbf15aec81d,0x2c158bc456e027b2affccadf1bdbd9f5fc4c5c8c,2026-08-07T00:52:35,large_erc20_asset_flow;complex_trace,0x445df08b,true
25697168,0x775bdce1ab00cb1e4459b533ce33dae71c01adfb06e6e07fcb51e7ce4fc7bcdf,0x909c7a257b415e9e93cdc208bbd7eb9e96e29ade,0xac4c6e212a361c968f1725b4d055b47e63f80b75,2026-08-07T00:52:48,dense_internal_fund_flow;large_erc20_asset_flow;complex_trace,0x5f3bd1c8,true
25697168,0x8f1ed3c3facb7fee4de2c1c900e62668b594d3e91211699489978f9526fefbdd,0xe000e33a5a49cdc174375cb9ec7836e66ce7fbfe,0xe978f22157048e5db8e5d07971376e86671672b2,2026-08-07T00:52:48,large_erc20_asset_flow,0xbf376c7a,true
25697168,0xd164550f91cce459ad6941fb63473b18b00c7e0b8673c8db47d6bf2f9f95d591,0xe99bd1c2dd70cd58e5efd47887991700e7318ce2,0xad3b67bca8935cb510c8d18bd45f0b94f54a968f,2026-08-07T00:52:48,large_erc20_asset_flow;complex_trace;high_gas_used_context;token_activity_burst;approval_burst,0x146ee74d,true
25697168,0xfb901a22c6dc7974039c32ad77aef08a7b639b69fd3d1cee88472d32082decb6,0xf70da97812cb96acdf810712aa562db8dfa3dbef,0xccc88a9d1b4ed6b0eaba998850414b24f1c315be,2026-08-07T00:52:48,large_erc20_profit_to_sender;large_erc20_asset_flow;complex_trace;token_activity_burst,0x0a2b8f36,true
25697168,0x1afbfb35eb52c44aad37ea09d415a05f509418a31dc3d30e339db579ee698a82,0x7556699aa8e6a7c9c69bcfaf9debd05f8192b063,0x84cab37995229530d9e6e5cff2f8f4ebe4517d66,2026-08-07T00:52:49,complex_trace;high_gas_used_context,0xe587456a,false
25697168,0x390e4226f186bae92f43676c3e52c73b43f5c215f714436211ed670daf431045,0x7830c87c02e56aff27fa8ab1241711331fa86f43,0xa9d1e08c7793af67e9d92fe308d5697fb81d3e43,2026-08-07T00:52:49,large_erc20_asset_flow;token_activity_burst,0xca350aa6,true
25697168,0x679ffb2dfd3c783d6af86d626e3a453896487db62946a82d2387260c9a7e7eb0,0x5104c10bd7ed6c0cd3540f8ff3b5c6c822cb0447,0x97caca78ac2a94c67643d07843f85afaa44a3ea5,2026-08-07T00:52:50,complex_trace;token_activity_burst,0xc02409ba,false
25697168,0xc1bb6cbc4fa20e8b675a3128da9898e37b4a442df87ad66ba9ab58e63ed62935,0x49e1bf431e9bbbd8e57afcd21ccac3f30e7d98d3,0x28b1dc1a5e3699a428bc51d234dfab7c9cb2a183,2026-08-07T00:52:51,complex_trace;high_gas_used_context,0xf2c42696,true
25697168,0xe095d182448c02f9a60997efcae7ebbbdc8a6637ec9cf253a163f192b4c23d77,0x4883282094755c01cd0d15dfe74753c9e189d194,0x8978a76f9fb3dd443bfad8d88ed9712b6aae6301,2026-08-07T00:52:51,complex_trace;high_gas_used_context,0x9a9c1121,false
25697169,0x6ce56dd35de6128f1138b4fac33bb123cefff663cf507e6698216df7f5cae238,0xd4b4cab5cf150f46448a8b312cf4d96521953c5f,0x66a9893cc07d91d95644aedd05d03f95e1dba8af,2026-08-07T00:53:04,dense_internal_fund_flow;complex_trace,0x3593564c,true
25697169,0xe64d6291477913e05fa87da242f4faa025cbcd1b8deb4d5936568f3b3422e50b,0xbeccf19b026f12677e5ce1ce9e2d94dcc4772feb,0xbdb3ba9ffe392549e1f8658dd2630c141fdf47b6,2026-08-07T00:53:04,dense_internal_fund_flow;large_erc20_asset_flow;complex_trace,0x000000cc,true
25697169,0xecf0939d293feb5496db7af71d80c4b46f046b41422c989fa9d824178f451e39,0xc6acbee42e9e323140c1ed060c2f6ea9cc3b4b75,0x7c5a71c9fefbc7691f9d4ac7baf70c743792f716,2026-08-07T00:53:04,selfdestruct_context,0xf3fef3a3,false
25697170,0x62973b803aff49d85ac7b7ed802d61c2b912b5e95392e17445a0630518a45e01,0x7b49bc3ebbdf7322f31c6449320382bbec3be1b6,0xad3b67bca8935cb510c8d18bd45f0b94f54a968f,2026-08-07T00:53:18,complex_trace;high_gas_used_context;token_activity_burst;approval_burst,0x146ee74d,false
25697170,0x1d8b76f0e02fa017e26fa872405537b1ec55bddf44af6ff306192a7c97d3d319,0x268bb6aaa0a7414ce71f7e7fa52d99b0ffaeb6e1,0x24179cd81c9e782a4096035f7ec97fb8b783e007,2026-08-07T00:53:20,large_erc20_asset_flow;complex_trace,0x04491fa7,true
25697170,0x7dba9ec3ced23d10f6c886d21396821fa834750c49fe6ff2eb9bca6620d6d310,0x5609bb231ec547c727d65eb6811ccd0c731339de,0xf4e147db314947fc1275a8cbb6cde48c510cd8cf,2026-08-07T00:53:20,privileged_execution_context,0x760d0f9d,false
25697170,0x98fc2ec2dec0693302ecf5f52a0d235b1ded303c7770f9e6ef6877c25a870502,0x59aab1bd0d26290274398c07b55955c15425e16b,0x00fe78205f5f0e63b8ad2b2ae5337f538a610e04,2026-08-07T00:53:20,complex_trace;high_gas_used_context,0x34fcd5be,false
25697170,0x9b1ba7b9498a06ac573c71a8406fa1f8f0190421a65fa675bdbd7f53fece56f1,0xe000e33a5a49cdc174375cb9ec7836e66ce7fbfe,0xe978f22157048e5db8e5d07971376e86671672b2,2026-08-07T00:53:20,complex_trace;high_gas_used_context,0xde642119,false
25697170,0xafbf41ff71cad77fa7f71bda24e606a4405f1ded47a5349a75f8ed4651d89e6b,0x3431172c887cf150d9fdaba9876273d9db566367,0x64f5aad0e38e2ff9f50f2e51e813e49c05aca41a,2026-08-07T00:53:20,repeated_internal_token_drain;dense_internal_fund_flow;complex_trace;high_gas_used_context;token_activity_burst;repeated_risky_internal_calls,0xa9059cbb,true
25697170,0xc3a84c25666870f227be09aa549cd5bd95fc9db13f1961d13285b4d9b98f562d,0x67e10b7764a99165665557b3e6cf24555bfc88c3,0x7d5706f6ef3f89b3951e23e557cdfbc3239d4e2c,2026-08-07T00:53:20,dense_internal_fund_flow;complex_trace,0x24fccdcf,true
25697171,0xb1e62b0f835b9640463f5d80b6998e0d74126d53f0e00770ecfc2dfe2c759c42,0xd672aa811f8ed59ca23205a01a37eeb5515f187d,0x0000000000001ff3684f28c67538d4d072c22734,2026-08-07T00:53:23,dense_internal_fund_flow;large_erc20_asset_flow;complex_trace,0x2213bc0b,true
25697171,0xc04ec4e1999d660b1720f13771ffb857a6f506003cc6ae14b635230dc5ef59b5,0x5779f5b96ca182e37a38d41e74a83e8e6cb66b66,0x774b9655413c34809c1f1b16b654465a89ebe989,2026-08-07T00:53:24,large_erc20_asset_flow;complex_trace,0xac9650d8,true
25697172,0x2f3fba7ed04aca6020433fa74c3b83b964d2cd45e42332d7a2390010c1f6bf02,0xc6acbee42e9e323140c1ed060c2f6ea9cc3b4b75,0x7c5a71c9fefbc7691f9d4ac7baf70c743792f716,2026-08-07T00:53:31,selfdestruct_context,0xf3fef3a3,false
25697172,0x378eeb0ee6731c7bc2dfafe186b3fa73451174b13e6571c1b9911debbbd43134,0x5b43453fce04b92e190f391a83136bfbecedefd1,0xbdb3ba9ffe392549e1f8658dd2630c141fdf47b6,2026-08-07T00:53:31,complex_trace;token_activity_burst,0x000000c3,false
25697172,0x35ec91942ef9ea5913a4969df2fb6bb7c41a83bca0abeffc7431485a6ff0d678,0xd4b4cab5cf150f46448a8b312cf4d96521953c5f,0x66a9893cc07d91d95644aedd05d03f95e1dba8af,2026-08-07T00:53:32,dense_internal_fund_flow;complex_trace,0x3593564c,true
25697172,0x5b8db49fdc1bff8bd0e4946debf1d47899aba9de237c8683905414eec1ccfb17,0xcc93213da08e66f48e844c6d420de843d4425d25,0x69460570c93f9de5e2edbc3052bf10125f0ca22d,2026-08-07T00:53:32,dense_internal_fund_flow;complex_trace,0xb25b1c31,true
25697172,0xaf09f4fdf2e31da0f210f6d528474d57dae7724cf2c631c0e0da3c9f5e753e32,0x9cd74118eed35372672e66bb6af6e6454f94df05,0x774b9655413c34809c1f1b16b654465a89ebe989,2026-08-07T00:53:32,large_erc20_asset_flow;complex_trace,0xd6bda0c0,true
25697172,0xbed8bdc587214e8440e3eee343d58288c8dc3252fec7e59c89049968020e7933,0x4549fbf04c84aac0d6ab50fb6e19b2c231415390,0x0000000071727de22e5e9d8baf0edac6f37da032,2026-08-07T00:53:32,complex_trace;high_gas_used_context;token_activity_burst,0x765e827f,false
25697172,0x7a59c5c675ae785ae6be49636df53145b5ed38c03c72ac4a03ac4073c37fa887,0x93ed4ad0daf5295e96a4b0d66f59f64894413b66,0xda13933c341499f391650d75ecf3b92d8343012c,2026-08-07T00:53:33,large_erc20_asset_flow;privileged_execution_context;complex_trace,0xc6fe8747,true
25697172,0xf68270f952c5b39cd8253ce58559cf6cd2bdc560778c1d42f62644a47e43bad5,0x43370368dccceb147c89d1d78f14589225220290,0x0000000071727de22e5e9d8baf0edac6f37da032,2026-08-07T00:53:33,large_erc20_asset_flow,0x765e827f,true
25697172,0x745f0553457ea87ca8b5c3ed975e132708a0e56009ed6b8fad41eaf2f4e77dfa,0x59aab1bd0d26290274398c07b55955c15425e16b,0x00fe78205f5f0e63b8ad2b2ae5337f538a610e04,2026-08-07T00:53:34,complex_trace;high_gas_used_context,0x34fcd5be,false
25697172,0xce39b834e77b9e8b991b592b0e7b85c089bc5bd782898bfac2d96d9662a3d6f0,0x59aab1bd0d26290274398c07b55955c15425e16b,0x00fe78205f5f0e63b8ad2b2ae5337f538a610e04,2026-08-07T00:53:34,complex_trace;high_gas_used_context,0x34fcd5be,false
25697173,0x5b3a96221c3a5cc47784bfd5cd0661276f4d6b46d826891df43e7d481b6cea13,0x7830c87c02e56aff27fa8ab1241711331fa86f43,0xa9d1e08c7793af67e9d92fe308d5697fb81d3e43,2026-08-07T00:53:43,dense_internal_fund_flow,0x1a1da075,true
25697173,0x3da127b623342b3f67501b36340a5fd60eb10673375b8dfe0a25fbbc788d559d,0xf70da97812cb96acdf810712aa562db8dfa3dbef,0xccc88a9d1b4ed6b0eaba998850414b24f1c315be,2026-08-07T00:53:44,large_erc20_asset_flow;complex_trace,0x0a2b8f36,true
25697173,0xbd2a613ccbf121b8bc69d8b91f232f218d3d25671a9ae808bb2db8c75e0a2f83,0x3799620c77fd8b993c17c9feb2688440b768e489,0x97caca78ac2a94c67643d07843f85afaa44a3ea5,2026-08-07T00:53:44,dense_internal_fund_flow;complex_trace,0xc02409ba,true
25697173,0xe1e6828bf0c6dc83b8700312f0abd44f07956eddd249b5fa591d2ae27a9b524c,0x8da3547931fee5f11c8ed8efc5766cb5d1dbdab4,0xdee50018dfddac5d03ebd27cfd7e425bb54e1571,2026-08-07T00:53:44,large_erc20_asset_flow;complex_trace,0x6a761202,true
25697173,0xe870412e6dab709b21a556f1074ba774d3103909a7318ff6a436ef55877de5b6,0x70e59f9c304e4d5096bd408b571e2dcd99c3120b,0xad3b67bca8935cb510c8d18bd45f0b94f54a968f,2026-08-07T00:53:44,complex_trace;approval_burst,0x146ee74d,false
25697173,0xe95050e334e4d945fa0c5f7a9baf4252f54c82830d5fe07c0fc17900ef312c68,0xe7488e7f5c60bfa81d38965c02b4cc5aa6249a11,0x000000000004598d17aad017bf0734a364c5588b,2026-08-07T00:53:44,large_erc20_asset_flow;complex_trace;high_gas_used_context,0x0fbb12dc,true
25697173,0x442a239641e5c616311e5ed25245709a9ab11e5e1f27de471266c1f7e262dad2,0x59aab1bd0d26290274398c07b55955c15425e16b,0x00fe78205f5f0e63b8ad2b2ae5337f538a610e04,2026-08-07T00:53:45,complex_trace;high_gas_used_context;token_activity_burst,0x34fcd5be,false
25697173,0x8f6c862267087b76c227164dea816a72933ceecf71b02f04c3b1e7a56734afe7,0x1c53b02ddb0c853ff2d861001853a4a0f32ac584,0x28b1dc1a5e3699a428bc51d234dfab7c9cb2a183,2026-08-07T00:53:45,large_erc20_asset_flow;complex_trace;high_gas_used_context,0xf2c42696,true
25697173,0xd3c11b02562789690bb269583eb9a1bb158aa7985d7c7a1f1d66b664377c4376,0x2b3fed49557bd88f78b898684f82fbb355305dbb,0x09c30cdcdd971423cb3ba757a47d56c35d06d818,2026-08-07T00:53:45,dense_internal_fund_flow,0x318adb8b,true
25697174,0xcabe0a9a1f57a679381a88b98cf6ac4245aac9fee66781d01e45b534f4279ec1,0x5b43453fce04b92e190f391a83136bfbecedefd1,0xbdb3ba9ffe392549e1f8658dd2630c141fdf47b6,2026-08-07T00:53:51,dense_internal_fund_flow;complex_trace;high_gas_used_context;token_activity_burst,0x000000c3,true
25697174,0x5474d03139ea9fe27848eacf279849f01c4627cf8ecb16f839c8f1a9bb47d50b,0xd4b4cab5cf150f46448a8b312cf4d96521953c5f,0x66a9893cc07d91d95644aedd05d03f95e1dba8af,2026-08-07T00:53:52,dense_internal_fund_flow;complex_trace,0x3593564c,true
25697174,0x7a08dfd1766daddbb9160ace3a309732fa8557bfa8c6df904cf59d5ecd3aa7e3,0x59aab1bd0d26290274398c07b55955c15425e16b,0x00fe78205f5f0e63b8ad2b2ae5337f538a610e04,2026-08-07T00:53:52,complex_trace;high_gas_used_context,0x34fcd5be,false
25697175,0x5c2cd0ef71796da741dcb6871ddda20d106e2ec1d76edee70a89c5324715c788,0xe99bd1c2dd70cd58e5efd47887991700e7318ce2,0xad3b67bca8935cb510c8d18bd45f0b94f54a968f,2026-08-07T00:53:59,complex_trace;high_gas_used_context;token_activity_burst;approval_burst,0x146ee74d,false
25697175,0xab12880ba15f6b61db056e6c9649f252d8213e4a8a5b3f837a43ec75e23218f2,0x9cd74118eed35372672e66bb6af6e6454f94df05,0x774b9655413c34809c1f1b16b654465a89ebe989,2026-08-07T00:53:59,large_erc20_asset_flow;complex_trace,0xd6bda0c0,true
25697175,0x670871cb1d1c0ac590abaa27e3e149831867ae91ed755cb0cd8e170a28d17481,0x59aab1bd0d26290274398c07b55955c15425e16b,0x00fe78205f5f0e63b8ad2b2ae5337f538a610e04,2026-08-07T00:54:00,complex_trace;high_gas_used_context;token_activity_burst,0x34fcd5be,false
25697175,0xd3f6a9e31c26b4c45cf5d1e57ed11b256c5ba0a750264a697f9003fa62b0252f,0xe6ee4367b98bf171f45e4901b7d6cb98d0f58a33,0xb300000b72deaeb607a12d5f54773d1c19c7028d,2026-08-07T00:54:00,large_erc20_asset_flow,0x810c705b,true
25697175,0x7d068b3a8332ec9927ed1e897c84a12dcaa8cba262a98fbadd1b6897eb00cf33,0x283132390ea87d6ecc20255b59ba94329ee17961,0x604e586f17ce106b64185a7a0d2c1da5bace711e,2026-08-07T00:54:02,large_erc20_asset_flow;complex_trace,0x22bee494,true
25697176,0x2c489ea4bd7a2fe61e0bdec2fc6576ec7d1cc6f5c1891e546e0b1e62003a62a8,0xae2fc483527b8ef99eb5d9b44875f005ba1fae13,0x1f2f10d1c40777ae1da742455c65828ff36df387,2026-08-07T00:54:09,large_erc20_asset_flow;complex_trace,0x2bd0c02a,true
25697176,0x31ca5f454102e555df8a537682e301064915d829344480472efe23349bb1d6a1,0xd4b4cab5cf150f46448a8b312cf4d96521953c5f,0x66a9893cc07d91d95644aedd05d03f95e1dba8af,2026-08-07T00:54:09,dense_internal_fund_flow;complex_trace,0x3593564c,true
25697176,0x350bbc11aaf84ddc4c768f25de76f23375848a11e9fe43e2b89010bc5931ca09,0x268bb6aaa0a7414ce71f7e7fa52d99b0ffaeb6e1,0x24179cd81c9e782a4096035f7ec97fb8b783e007,2026-08-07T00:54:09,dense_internal_fund_flow;complex_trace,0x0e704d50,true
25697176,0xb0b044a910c851049cd90b3718d4c1133f64769d13defca99a84274bc05fabef,0x654fae4aa229d104cabead47e56703f58b174be4,0x000000000035b5e5ad9019092c665357240f594e,2026-08-07T00:54:09,large_erc20_asset_flow;complex_trace,0x00000004,true
25697176,0xb35fcd0e51d44ff3837acf72d328e9114d884b87d6ab080fcffa9a49cebf7701,0x654fae4aa229d104cabead47e56703f58b174be4,0x000000000035b5e5ad9019092c665357240f594e,2026-08-07T00:54:09,large_erc20_asset_flow;complex_trace,0x00000004,true
25697176,0x48e2555c0fbc61cddcbcbe66fa454d4a5269ce99dd77d3105b44f613ec05c69e,0x2a41feed19c89f5474458aec7b3464c3da0e2a13,0x1231deb6f5749ef6ce6943a275a1d3e7486f4eae,2026-08-07T00:54:10,dense_internal_fund_flow,0x1794958f,true
25697176,0x4c1a54a1961462953fe88d777f9920184fd98fbc173d111853901f8dd5d1ee15,0x6f22ad44339925ee77ea0cf7c7a87ad6dfe98fbb,0xb300000b72deaeb607a12d5f54773d1c19c7028d,2026-08-07T00:54:10,large_erc20_profit_to_sender;large_erc20_asset_flow;complex_trace;high_gas_used_context;token_activity_burst,0x810c705b,true
25697176,0x0f49371e475073fd3adacfaa8b090e374fd691877de337ba71ff764418218701,0xc0ffeeaf9aadcf05e268383dd2c96466b0ccca59,0x4760b17ca29c74361a92b15a1356054351a5c3d3,2026-08-07T00:54:12,complex_trace;high_gas_used_context;token_activity_burst,0x000021b2,false
25697176,0xb78875dbb5313a91e8a6becf14e4e662b17cf19e74e721636847e064b1d55e84,0x59aab1bd0d26290274398c07b55955c15425e16b,0x00fe78205f5f0e63b8ad2b2ae5337f538a610e04,2026-08-07T00:54:12,complex_trace;high_gas_used_context;token_activity_burst,0x34fcd5be,false
25697177,0xb97983f96c6e4f76946db8af068f359ab06bb3953dbea3c1cdb93f32bd7b0f02,0xd4b4cab5cf150f46448a8b312cf4d96521953c5f,0x66a9893cc07d91d95644aedd05d03f95e1dba8af,2026-08-07T00:54:24,dense_internal_fund_flow;complex_trace,0x3593564c,true
25697177,0xc60cb924bc1cabba7715703c20688f5c92ebab28ac5437ee41497be953c6d9f1,0x7830c87c02e56aff27fa8ab1241711331fa86f43,0xa9d1e08c7793af67e9d92fe308d5697fb81d3e43,2026-08-07T00:54:24,dense_internal_fund_flow,0x1a1da075,true
25697177,0xe7be370fdf21956064dd8b835895af3df0600a3434ba9e92248bdc8c0f022ebf,0xf70da97812cb96acdf810712aa562db8dfa3dbef,0xccc88a9d1b4ed6b0eaba998850414b24f1c315be,2026-08-07T00:54:24,large_erc20_asset_flow;complex_trace,0x0a2b8f36,true
25697177,0xe9cc83e63ec5e5ebd541dafc7b88fdeacb1e0073c7a4cb36dda82844ef4d305d,0x7830c87c02e56aff27fa8ab1241711331fa86f43,0xa9d1e08c7793af67e9d92fe308d5697fb81d3e43,2026-08-07T00:54:24,large_erc20_asset_flow;token_activity_burst,0xca350aa6,true
25697177,0xf77f3f7dca20b55da6341694502b317e4792420f91391a9366941c5f892b489e,0x604bfcdb18a132e3ccd9452e68279c4bf8ab0499,0x6dd1ad99c9f93beb6e3a9ddfa6fbe4827809300e,2026-08-07T00:54:24,selfdestruct_context,0xf3fef3a3,false
25697177,0x4f159120a728777a83c39bde3ebd39187b6d02aba7961f91c05d113555dae082,0xe93685f3bba03016f02bd1828badd6195988d950,0x173272739bd7aa6e4e214714048a9fe699453059,2026-08-07T00:54:25,large_erc20_asset_flow;complex_trace,0x7cd44734,true
25697177,0xc3d43a288d9d0b43449dc60f46f9c509b1adff2bc158284f2fdb3685602bbaed,0x59aab1bd0d26290274398c07b55955c15425e16b,0x00fe78205f5f0e63b8ad2b2ae5337f538a610e04,2026-08-07T00:54:27,complex_trace;high_gas_used_context;token_activity_burst,0x34fcd5be,false
25697177,0x49f9422675dcc384cca514e256eacefb97f04133542d5081b50d9495999b197f,0x161643f280b09be8e0271eef8efc6c264d125003,0x929fe4e69f03227365baf6de902595a3920b73dc,2026-08-07T00:54:29,dense_internal_fund_flow;token_activity_burst,0xa9059cbb,true
25697178,0x04950e22f95a329bf2a1f08ad315bb0f572dae6b7ddde3923b6766de2a3039c9,0x70e59f9c304e4d5096bd408b571e2dcd99c3120b,0xad3b67bca8935cb510c8d18bd45f0b94f54a968f,2026-08-07T00:54:33,complex_trace;token_activity_burst;approval_burst,0x146ee74d,false
25697178,0x30b4d5fd4a06fb371bffea03c7b9c4c4e60d8dbb1f99bc37a76e33dbcfa0294c,0xd4a1d6ac281bdc2359e58a38c07afde46c96bd2e,0x03f34be1bf910116595db1b11e9d1b2ca5d59659,2026-08-07T00:54:33,dense_internal_fund_flow;complex_trace,0xe47d166c,true
25697178,0x32b5bd39fd24c70ddf295c559bd70303c913962c8045c8fd9a3399e9e9694bb3,0xc6275245f84c794617d78692ffd1be73720ba81a,0x111111125421ca6dc452d289314280a0f8842a65,2026-08-07T00:54:33,large_erc20_asset_flow;complex_trace,0x07ed2379,true
25697178,0xa5ff6592ca362371f2f41c9b33f5f2e0b1f46b4f2ac871163bda25b5d814344c,0x9cd74118eed35372672e66bb6af6e6454f94df05,0x774b9655413c34809c1f1b16b654465a89ebe989,2026-08-07T00:54:33,large_erc20_asset_flow;complex_trace,0xd6bda0c0,true
25697178,0x8777360b2ade3846edbb7d673db9d7a5db2fa9cb9aa4f8226ad4aec566507b9b,0xce54f65abb8b61b83c14cbe97de97fce75bbf556,0x4337084d9e255ff0702461cf8895ce9e3b5ff108,2026-08-07T00:54:34,privileged_execution_context,0x765e827f,false
25697178,0x67c67bd6fef1ebab2054b095a70d9b83a2cab37ef8448111a33407a7ebd10e9b,0x59aab1bd0d26290274398c07b55955c15425e16b,0x00fe78205f5f0e63b8ad2b2ae5337f538a610e04,2026-08-07T00:54:35,complex_trace;high_gas_used_context;token_activity_burst,0x34fcd5be,false
25697178,0x6bab9ac9e115a1ee71b3019b5735b5ec3e8fc5e67a511d03709f055741dcf077,0xbad000006db10503589262b55d09bb7b3c5e1472,0xbbbbb048b1a85ca221058c45525095b6a68bbbbb,2026-08-07T00:54:35,repeated_internal_token_drain;dense_internal_fund_flow;complex_trace;high_gas_used_context;token_activity_burst;repeated_risky_internal_calls,0xa9059cbb,true
25697179,0x0ad3d18e10f834e7832dd270b871e69e0ff230f6e6baf1434ac3d487947b668e,0x7b49bc3ebbdf7322f31c6449320382bbec3be1b6,0xad3b67bca8935cb510c8d18bd45f0b94f54a968f,2026-08-07T00:54:42,complex_trace;approval_burst,0x146ee74d,false
25697179,0x24975d5075aa2c25ee6fb0efc08f59c16d83ea3b151695c64ec4f4fc4a221815,0xce54f65abb8b61b83c14cbe97de97fce75bbf556,0x0000000071727de22e5e9d8baf0edac6f37da032,2026-08-07T00:54:42,complex_trace;high_gas_used_context,0x765e827f,false
25697179,0x2b4730c09700dc6d3f05cf36d4080a341e5d539b6eb210bb5c5a28fdb3aa131e,0xd996e05dadd05a7d1dfebec04350f26d9dec349e,0x78ace9b2ee9a31737fad748015266a59f32dc79a,2026-08-07T00:54:42,complex_trace;high_gas_used_context,0x9265bb9d,false
25697179,0x1c6718d5ac3b52aa2891bbde5e7bd9a5e27c5dfa1e5c7151610002465ae07b00,0x5112147ef89d8f639ca9aba79051307d8e8a0f19,0x28b1dc1a5e3699a428bc51d234dfab7c9cb2a183,2026-08-07T00:54:43,dense_internal_fund_flow;complex_trace;high_gas_used_context,0x0c307f76,true
25697179,0x8115ee65ae85df4f597a10ee5bed9e54e939a41d9190c453b2ca76bd1332e6cd,0xd4b4cab5cf150f46448a8b312cf4d96521953c5f,0x66a9893cc07d91d95644aedd05d03f95e1dba8af,2026-08-07T00:54:43,dense_internal_fund_flow;complex_trace,0x3593564c,true
25697179,0x440c83f100037fc60083a6b5cdc22a8b4a1ae9a470f3715391959ea546cc7129,0xc633a00ff626f867de9b7642da3095451076db07,0xca11bde05977b3631167028862be2a173976ca11,2026-08-07T00:54:44,complex_trace;high_gas_used_context,0x82ad56cb,false
25697179,0x6dd58973949517cd556fe2a01d6843940ff45945b6c50aad47588b6a67836b44,0x59aab1bd0d26290274398c07b55955c15425e16b,0x00fe78205f5f0e63b8ad2b2ae5337f538a610e04,2026-08-07T00:54:44,complex_trace;high_gas_used_context;token_activity_burst,0x34fcd5be,false
25697179,0x832ed3f683143c747aef899f623f50d5a0f159e509119620de0f464ca08f1fc1,0x3cfdc212769c890907bce93d3d8c2c53de6a7a89,0x0000000071727de22e5e9d8baf0edac6f37da032,2026-08-07T00:54:44,privileged_execution_context;complex_trace,0x765e827f,false
25697180,0x28917c236ef8af707cdc68c76acadfbd08090350acc265d5566881f25e64b4d5,0x754dcfb2861547015b221e963b4133a71dbdc024,0x3e07be15370d8b12d80a159a7ef14b9e51869497,2026-08-07T00:54:53,dense_internal_fund_flow;complex_trace,0x21af54c6,true
25697180,0x9406a0b5be8f55cc738488b7c9f27d0be6e96b6cdc6e1cbf25638c571339d60c,0x93ed4ad0daf5295e96a4b0d66f59f64894413b66,0xda13933c341499f391650d75ecf3b92d8343012c,2026-08-07T00:54:56,large_erc20_asset_flow;privileged_execution_context;complex_trace,0xc6fe8747,true
25697182,0x34125ecdd28879d8e1d87f044149d3a2acfe41d4f06174fc154aa8937d935d95,0x70e59f9c304e4d5096bd408b571e2dcd99c3120b,0xad3b67bca8935cb510c8d18bd45f0b94f54a968f,2026-08-07T00:55:05,complex_trace;token_activity_burst;approval_burst,0x146ee74d,false
25697182,0x50f8b2e62b6faf6a7aab13ce68dcc7d908ba569839dbc1933fc14b40cee9afe0,0x7830c87c02e56aff27fa8ab1241711331fa86f43,0xa9d1e08c7793af67e9d92fe308d5697fb81d3e43,2026-08-07T00:55:05,dense_internal_fund_flow,0x1a1da075,true
25697182,0x6316f7ea9efb18e5213cce47efe86dade8682993eccd4b16393c488528e37201,0x9cd74118eed35372672e66bb6af6e6454f94df05,0x774b9655413c34809c1f1b16b654465a89ebe989,2026-08-07T00:55:06,large_erc20_asset_flow;complex_trace,0xd6bda0c0,true
25697182,0xc12f3efdec236c18699b7e7d6e9698b91205575f61e514367a5a918835f36b0e,0xc6acbee42e9e323140c1ed060c2f6ea9cc3b4b75,0x7c5a71c9fefbc7691f9d4ac7baf70c743792f716,2026-08-07T00:55:06,selfdestruct_context,0xf3fef3a3,false
25697182,0x4790bc3b3a2919cd74c00fce7c01d3a444d904ca47724de00bc7da4e954512f9,0xd4b4cab5cf150f46448a8b312cf4d96521953c5f,0x66a9893cc07d91d95644aedd05d03f95e1dba8af,2026-08-07T00:55:08,dense_internal_fund_flow;complex_trace,0x3593564c,true
25697182,0xaaaa25781488f7f62cd7018b259ff0edd8601aaf21291e4243b25eac7fe3f5c9,0x849fc842959fac39d976e8ada7734654eb97bd09,0xa2a1bf5a83f9daec2dc364e1c561e937163cb613,2026-08-07T00:55:08,privileged_execution_context,0xae666ab6,false
25697183,0x122298358476b1e68ac0f9d5146917fef1b71bbb61996ef74bd1fdfd3b34a034,0x5b43453fce04b92e190f391a83136bfbecedefd1,0xbdb3ba9ffe392549e1f8658dd2630c141fdf47b6,2026-08-07T00:55:20,complex_trace;high_gas_used_context;token_activity_burst,0x000000c3,false
25697183,0x4ecb1470d8e9a51c2c8158766c73c1d2b512fa048d308d9a54d0b6d77a4e93cc,0xc85e5955978f68f3cca810703efebcb4bedf469c,0x10f4c55aa15bf3ddcb3b8ac621a8db2649799da3,2026-08-07T00:55:20,large_erc20_asset_flow;complex_trace;high_gas_used_context,0x032f02dd,true
25697183,0x5575eaab88335a04f2bf43f537a8e765992e1d813acb73df1dc2e1a1ec5c9244,0xf70da97812cb96acdf810712aa562db8dfa3dbef,0xccc88a9d1b4ed6b0eaba998850414b24f1c315be,2026-08-07T00:55:21,large_erc20_profit_to_sender;large_erc20_asset_flow;complex_trace;token_activity_burst,0x0a2b8f36,true
25697183,0xbb572e92f6e57d9bde00fd4f0ff5fd0a8db94484434a17e47e2b9b48076b9973,0x7bac1356840f1bee206bacc9041a1606b6c2a716,0x3d90f66b534dd8482b181e24655a9e8265316be9,2026-08-07T00:55:21,dense_internal_fund_flow;complex_trace;high_gas_used_context;token_activity_burst,0x47ee97ff,true
25697183,0x28e3c9d514ed965867cd9fa3735b8b15b53bc79590ac2e08269d56dac5af39f9,0x4c3f49979ed5ceaf6f54fb33badf9bbc8e74ad0b,0x28b1dc1a5e3699a428bc51d234dfab7c9cb2a183,2026-08-07T00:55:52,dense_internal_fund_flow;complex_trace,0x0c307f76,true
25697183,0x59355e9582c5b830287bb751d17136d0b4196dc70f7073177cc5361e7673c20b,0xc73019f991dcbcc899d6b76000fdccc99a208235,0xf4e147db314947fc1275a8cbb6cde48c510cd8cf,2026-08-07T00:55:52,large_erc20_asset_flow;complex_trace,0x0bf5d35e,true
25697183,0x61dd5a56c6e0663bbb2d5b2f4baaa1fefcd0e16b10d3f91c44cad84dce3660bf,0x59aab1bd0d26290274398c07b55955c15425e16b,0x00fe78205f5f0e63b8ad2b2ae5337f538a610e04,2026-08-07T00:55:52,repeated_internal_token_drain;dense_internal_fund_flow;complex_trace;high_gas_used_context;token_activity_burst;repeated_risky_internal_calls,0x34fcd5be,true
25697184,0x151f9935923ea08e98efcb02a2610c597f43a44fc9a83f7b1779fa093e680bf8,0xf07b4d27cae6571857e51ab3fb209f5226de2d88,0x06cff7088619c7178f5e14f0b119458d08d2f5ef,2026-08-07T00:56:04,large_erc20_asset_flow;complex_trace,0x99999999,true
25697184,0x39b1dde4095c1f0e8075aedf20fa805bfa025a153251530d07c91d152bb3b3a5,0xeca85146092c3be0ae36d36f39b3d6fe5a7e4b69,0x0000000000000068f116a894984e2db1123eb395,2026-08-07T00:56:04,complex_trace;high_gas_used_context;token_activity_burst,0x87201b41,false
25697184,0xf3e88b154de09528481d62fa7cab7c7a3580ca4e9b9879e3b70ab5cdd8680aea,0xd4b4cab5cf150f46448a8b312cf4d96521953c5f,0x66a9893cc07d91d95644aedd05d03f95e1dba8af,2026-08-07T00:56:04,dense_internal_fund_flow;complex_trace,0x3593564c,true
25697184,0x2a92c793adb5da8b2871a9ba2a3d41b58f1bb04823382a98caa52a21ffd75047,0xfeed46c11f57b7126a773eec6ae9ca7ae1c03c9a,0xbeeff07d991c04cd640de9f15c08ba59c4fedeb7,2026-08-07T00:56:05,large_erc20_asset_flow;complex_trace;high_gas_used_context;token_activity_burst,0xac9650d8,true
25697184,0x14541e4220874e010807ffbff5456c01ca860b294a92b7d790df360adb45628c,0x70e59f9c304e4d5096bd408b571e2dcd99c3120b,0xad3b67bca8935cb510c8d18bd45f0b94f54a968f,2026-08-07T00:56:06,complex_trace;approval_burst,0x146ee74d,false
25697184,0xd3e4d95f73e7e8eb419aa3247a6a26660e5b1796418d47453a2da7583c7bd072,0x96d5a6f5006c86c3a4ada703514a3fa2127fa08c,0x28617b6210a18483fa28e485b4f38060d033b99e,2026-08-07T00:56:06,large_erc20_asset_flow,0xb759d685,true
25697184,0x9a489714ece24ea575d29519a0cd04e4d380703d2296613fb35b6f7352f2a5a5,0xb82c61e4a4b4e5524376bc54013a154b2e55c5c8,0xf4e147db314947fc1275a8cbb6cde48c510cd8cf,2026-08-07T00:56:07,privileged_execution_context,0x760d0f9d,false
25697185,0xa3206f27a4c2273d4b142a75f8bfee9c4457bf441d9efe45ebfc5615da542d13,0x7830c87c02e56aff27fa8ab1241711331fa86f43,0xa9d1e08c7793af67e9d92fe308d5697fb81d3e43,2026-08-07T00:56:10,large_erc20_asset_flow;token_activity_burst,0xca350aa6,true
25697185,0xe5c0da2b30f0b6cad7188b8c6f630c2a7ef687794748539370cb137976c24b7b,0xde992badd92adaf9146255e9bde6a70770973664,0x3d0f22bf11636cc9cb129e2b261eed35a487455c,2026-08-07T00:56:10,complex_trace;high_gas_used_context,0xa9059cbb,false
25697186,0xe0c63dc20ff49ec383d6deeacfe780b18b69b1401fc521ec1d27fa39eb605907,0x7b49bc3ebbdf7322f31c6449320382bbec3be1b6,0xad3b67bca8935cb510c8d18bd45f0b94f54a968f,2026-08-07T00:56:31,dense_internal_fund_flow;complex_trace;high_gas_used_context;token_activity_burst;approval_burst,0x146ee74d,true
25697186,0x83711c09d231bb7b6a4a599dbe6b667a69ecf7051d6be8fdfbaecbefe33651cb,0x3bba62f3abcffdd37ee124ace8557b3d4e2b8bce,0x0000000000001ff3684f28c67538d4d072c22734,2026-08-07T00:56:32,dense_internal_fund_flow;complex_trace;high_gas_used_context;token_activity_burst,0x2213bc0b,true
25697186,0xd230b10c8a0564c1c61c623bac9820b71487a24706c0da1552b4aa12de134420,0x9cd74118eed35372672e66bb6af6e6454f94df05,0x774b9655413c34809c1f1b16b654465a89ebe989,2026-08-07T00:56:32,large_erc20_asset_flow;complex_trace,0xd6bda0c0,true
25697186,0xe48c085e66a52ca23a8cc1adaab70f4684f9558e8240ed550082f75b36647e51,0xf1edbaeab4ad5f0d33d7e39d3c390588ca44d2ae,0xf4e147db314947fc1275a8cbb6cde48c510cd8cf,2026-08-07T00:56:34,privileged_execution_context,0x760d0f9d,false
25697187,0x6448b005d1ddb4ddc5dae99061a0f2ce8e64dd514dce3f9db8925ff5ec3eba8e,0x17a9aa3f7945fb00c2eb16857baa4adb63da59db,0x0000000071727de22e5e9d8baf0edac6f37da032,2026-08-07T00:56:43,dense_internal_fund_flow;complex_trace,0x765e827f,true
25697187,0x967c32ae34b8c9b805ac88a63e8c7ea05cdfc3a4321b5b521105030a8078a8f6,0xc6f1610ce61179e6ac06eb9f798dd4145f93d77e,0x0439e60f02a8900a951603950d8d4527f400c3f1,2026-08-07T00:56:43,dense_internal_fund_flow;complex_trace,0x3ce33bff,true
25697187,0x3f2bdb572d951c2740b0ad0a58b98c4915ba5fd71d328afdbaa9792efaf18f63,0x7830c87c02e56aff27fa8ab1241711331fa86f43,0xa9d1e08c7793af67e9d92fe308d5697fb81d3e43,2026-08-07T00:56:44,dense_internal_fund_flow,0x1a1da075,true
25697187,0x4aa2494d805475853adf7bb0f42472abeaed0f0269703f0feee9b86000eea7e1,0xa67d7eb4dc68fa6ce8e34ef8cadaf075b9893fbb,0xb92fe925dc43a0ecde6c8b1a2709c170ec4fff4f,2026-08-07T00:56:44,complex_trace;high_gas_used_context,0xcd6e13f7,false
25697187,0x501d009c4d5bbb2bc71678c226b539c646e4cb065ab6803c89b2cecc9db83556,0x7830c87c02e56aff27fa8ab1241711331fa86f43,0xa9d1e08c7793af67e9d92fe308d5697fb81d3e43,2026-08-07T00:56:44,large_erc20_asset_flow,0xca350aa6,true
25697187,0xb4a6d21f4edb29f6d66d582b8201d987341b281b8905ed04101192b3baf41471,0x2d0e59ab7690130f28742b796857ce516655d0cc,0xcb0151ac9479a6a0261622baa63ae843c9793d45,2026-08-07T00:56:44,large_erc20_asset_flow;complex_trace;high_gas_used_context;approval_burst,0x64cd187f,true
25697187,0xedaa0efea8e1bd5823120b1545a653554bb1145a6044f3cda6159efac6564084,0x10db2203e541d790122226bff272fb4ab4e728a9,0x28b1dc1a5e3699a428bc51d234dfab7c9cb2a183,2026-08-07T00:56:44,dense_internal_fund_flow;complex_trace;high_gas_used_context,0x0c307f76,true
25697187,0x15a7e898ad81c57960da8d3addd3be0cddabb67bd9c68b22b4e3cc2053f58656,0xf64df22ea6d6e7dea4d91a7d5765780fb1ee3c8c,0x29469395eaf6f95920e59f858042f0e28d98a20b,2026-08-07T00:56:45,dense_internal_fund_flow;complex_trace,0xbe5898ff,true
25697187,0xb24c2eda8532f3963d8d57f26e91f4e6acb19f658a59b089e62f5986dcbcbf21,0x7bf090b97f896fb77e852cc98aa52a8cb7dc02ec,0xa4a7bb3831958463b3fe3e27a6a160f764341953,2026-08-07T00:56:45,complex_trace;high_gas_used_context,0xac9650d8,false
25697187,0xbd2fe46ed6f2a91e1c9f4e092aef193b8f8bbd4fd74f5a8ad45d9ed84740e6e6,0xf70da97812cb96acdf810712aa562db8dfa3dbef,0xccc88a9d1b4ed6b0eaba998850414b24f1c315be,2026-08-07T00:56:45,large_erc20_profit_to_sender;large_erc20_asset_flow;complex_trace,0x0a2b8f36,true
25697187,0xb992e61fddc2703a80ad650d5ebf6fbf49b651beeebbd8dc0d2c013d4503ddca,0x59aab1bd0d26290274398c07b55955c15425e16b,0x00fe78205f5f0e63b8ad2b2ae5337f538a610e04,2026-08-07T00:56:46,complex_trace;high_gas_used_context;token_activity_burst,0x34fcd5be,false
25697187,0xb8879391badecf3cfe74243bbbc717b6eb003ae4b86019522d8a57a995d1d649,0x080ccea8654fd4ff80b81e46cff2278689d88fb0,0x0000000000001ff3684f28c67538d4d072c22734,2026-08-07T00:56:47,large_erc20_profit_to_sender;large_erc20_asset_flow;complex_trace,0x2213bc0b,true
25697188,0x4b06eb8468cfd148fc05962c6fd1a456b562f2a9ad491b168d2453544ba31ed8,0x1fee6121a0dba5e36f3bbb2b755f9709ae801a54,0xd3bdf9ff7515373d566fdea6584f911c8a82a181,2026-08-07T00:56:54,large_erc20_asset_flow;complex_trace;high_gas_used_context;token_activity_burst,0x601881f3,true
25697188,0xbbeb29fcc3ef61b2582bab5ed05f7f6cfd29a05bec5615782c114ea0e0f64c7a,0x2b3fed49557bd88f78b898684f82fbb355305dbb,0x09c30cdcdd971423cb3ba757a47d56c35d06d818,2026-08-07T00:56:54,dense_internal_fund_flow,0x318adb8b,true
25697188,0x0f894a7fd5510345c959a392b9e0044fdd2a6f5bed2d69bddceb99279dc9cf30,0xe99bd1c2dd70cd58e5efd47887991700e7318ce2,0xad3b67bca8935cb510c8d18bd45f0b94f54a968f,2026-08-07T00:56:55,large_erc20_asset_flow;complex_trace;high_gas_used_context;token_activity_burst;approval_burst,0x146ee74d,true
25697188,0x2d1470cefd6cd002006a2b03c09fde37ff7b8e71fad964d29bd5f7d254e69e68,0xf64df22ea6d6e7dea4d91a7d5765780fb1ee3c8c,0x29469395eaf6f95920e59f858042f0e28d98a20b,2026-08-07T00:56:55,dense_internal_fund_flow;complex_trace,0xbe5898ff,true
25697189,0xc1db65b2d55a07fc02bc0af97eaa3e33e4e40eda37eb4a8ecfd29528dbd54586,0xeca85146092c3be0ae36d36f39b3d6fe5a7e4b69,0x0000000000000068f116a894984e2db1123eb395,2026-08-07T00:57:02,complex_trace;high_gas_used_context;token_activity_burst,0x87201b41,false
25697189,0x7be8332baa2a8dbdb2f20c3d42ab96e13d29c709b39a3e98637ab532f6469fd8,0xc77820eef59629fc8d88154977bc8de8a1b2f4ae,0xb82bbf2780c4c5bc8f135ee1d4a7e33ef21ac6b5,2026-08-07T00:57:03,large_erc20_asset_flow;complex_trace,0x49160658,true
25697189,0x98dcbddd03ef90834f1f598ad37b396b4757a643604001e7a5e21e6f03875b87,0xb09972f590a2490b6232ccbfe6f31a08f652c24f,0x86d043c1c5850ad1fba6d0ab58c99afdcc85301f,2026-08-07T00:57:03,large_erc20_asset_flow;privileged_execution_context;complex_trace,0xc6fe8747,true
25697189,0x06fa91ca39f9338590433184e73de1879a227baf84d87bf436e87f4f1a5037fa,0x59aab1bd0d26290274398c07b55955c15425e16b,0x00fe78205f5f0e63b8ad2b2ae5337f538a610e04,2026-08-07T00:57:04,complex_trace;high_gas_used_context,0x34fcd5be,false
25697190,0x6f65e8ee70be603d55a9d98146a6eaaf4764616c5b032f122e2296bb4acd48a0,0x22face80f43b857141e9752c3bae8c3309fcdd0f,0xa1368d53a26b6f7aacf97575a94b286527f6cf6d,2026-08-07T00:57:10,selfdestruct_context,0xf3fef3a3,false
25697190,0xc301416a37c8cfe7e494ba87d947e4a95eba157dd8b079311d6876fbda86ed15,0xc6acbee42e9e323140c1ed060c2f6ea9cc3b4b75,0x7c5a71c9fefbc7691f9d4ac7baf70c743792f716,2026-08-07T00:57:10,selfdestruct_context,0xf3fef3a3,false
25697190,0xfdeb307461f72b5c88fbd8a010fe884bb7e9327425cbd543869a70db589938cb,0x7ccdb15ff25dddb23dd0efc98844e07683cd8ba6,0x111111125421ca6dc452d289314280a0f8842a65,2026-08-07T00:57:10,large_erc20_asset_flow;complex_trace,0x07ed2379,true
25697190,0xb7d1e85df4595911d3fa2970b914eeae3957e4da9bad13d83c8dd1b1ba32c49d,0xcc4a939c8289bfefb9723ef68b9cd14187f2097a,0xd90e2f925da726b50c4ed8d0fb90ad053324f31b,2026-08-07T00:57:11,dense_internal_fund_flow,0x13d98d13,true
25697190,0xc8c374c6a5e930e808ecae8d865f05b42492370903312fb719413cb93285d923,0x17a9aa3f7945fb00c2eb16857baa4adb63da59db,0x0000000071727de22e5e9d8baf0edac6f37da032,2026-08-07T00:57:11,dense_internal_fund_flow;complex_trace,0x765e827f,true
25697190,0x579474cc11c757a5a8a50b8d19ece5338d6b6fa364c37e3928389ab139db5dc6,0xde992badd92adaf9146255e9bde6a70770973664,0x3d0f22bf11636cc9cb129e2b261eed35a487455c,2026-08-07T00:57:12,complex_trace;high_gas_used_context,0xa9059cbb,false
25697190,0x6e56a46b1e164df2c52e45bf8456f8b7e6c945fa81896897a91e84cab6fe3763,0x59aab1bd0d26290274398c07b55955c15425e16b,0x00fe78205f5f0e63b8ad2b2ae5337f538a610e04,2026-08-07T00:57:12,complex_trace;high_gas_used_context;token_activity_burst,0x34fcd5be,false
25697191,0x87fd6ef43dae8abda95f489786ce66f9f23d08f27d206e54f57ec43c5e4787de,0xf70da97812cb96acdf810712aa562db8dfa3dbef,0xccc88a9d1b4ed6b0eaba998850414b24f1c315be,2026-08-07T00:57:22,large_erc20_profit_to_sender;large_erc20_asset_flow;complex_trace;high_gas_used_context;token_activity_burst,0x0a2b8f36,true
25697191,0x3c7e80593dbd3d040a88d28cf57705e0173c69e7100d6754daf8d04b96f60923,0x93a3ef00c8fe6c22957f4f0590ab64dc9cdbbac8,0xfa93bfa8d9641f3d57c556daad4d5594c3bb7625,2026-08-07T00:57:23,large_erc20_asset_flow;complex_trace,0x6a761202,true
25697191,0xd88fb07093b59c213a7aab21ee6cd010d3a9963cc8efe127a90d2c1590c8f1e0,0x17a9aa3f7945fb00c2eb16857baa4adb63da59db,0x0000000071727de22e5e9d8baf0edac6f37da032,2026-08-07T00:57:23,dense_internal_fund_flow;complex_trace,0x765e827f,true
25697191,0xe983b77ea53ec10f8fc160e6a2ec24573f291a63891fd0f34c2a0966ee7a9f2c,0x432d71ba14d2602b566dd9e3e098e24859d166c9,0x25f993c222fe5e891128a782a5168f1c78629540,2026-08-07T00:57:26,complex_trace;high_gas_used_context,0x938342d0,false
25697192,0x27212b94b05dc844c69907a9043a1846da31b12a93531c57c563f30c6419d5be,0x7830c87c02e56aff27fa8ab1241711331fa86f43,0xa9d1e08c7793af67e9d92fe308d5697fb81d3e43,2026-08-07T00:57:34,dense_internal_fund_flow,0x1a1da075,true
25697192,0x37c41cddf95a199bb0eade64a7b07ea3a057dc4f94109157c48f984acb2ea4ce,0x7830c87c02e56aff27fa8ab1241711331fa86f43,0xa9d1e08c7793af67e9d92fe308d5697fb81d3e43,2026-08-07T00:57:34,large_erc20_asset_flow;token_activity_burst,0xca350aa6,true
25697192,0x0577231967b279768c69cc7eee93beb974932be3500e1e48a4d5206fa5960ef2,0x3cfdc212769c890907bce93d3d8c2c53de6a7a89,0x0000000071727de22e5e9d8baf0edac6f37da032,2026-08-07T00:57:35,privileged_execution_context;complex_trace,0x765e827f,false
25697192,0x35fc33edbe96d7fb736d7dc5398e6c472ae4ff622d9afa2b9edd0e9a2a71e315,0x3932456ba61961b2c55eba355041727f8c448054,0x405f3a0cf62ff3fee42c49d4f6d8bb397d04da33,2026-08-07T00:57:35,large_erc20_asset_flow;complex_trace,0x099a9e45,true
25697192,0x980d3939a463ab52b9a0b7620aa264d975317cff0e18468758cbdda154144fac,0xde992badd92adaf9146255e9bde6a70770973664,0x3d0f22bf11636cc9cb129e2b261eed35a487455c,2026-08-07T00:57:35,complex_trace;high_gas_used_context,0xa9059cbb,false
25697192,0x9c388bc275bd951517fce816ef0326a6e036619ae3f89bb9e45c4829c9944dbe,0x433700890211c1c776c391d414cffd38efdd1811,0x5ff137d4b0fdcd49dca30c7cf57e578a026d2789,2026-08-07T00:57:35,privileged_execution_context;complex_trace,0x1fad948c,false
25697193,0x06a365e96f88e0fb71d478520811679e1a69867aad6cb6e5df2c9bcb7ca0a239,0x8b5606469e21c75edd7c74d1c7a65824675d9aff,0x9ccc2f3ecde026230e11a5c8799ac7524f2bb294,2026-08-07T00:57:51,dense_internal_fund_flow;complex_trace,0x1bc74526,true
25697193,0x0d4af5d0af2148df6f7d4e5646cb312e5925e979739ab43540627abefbeef4f4,0x661ca83074b8ec630825d4604455325499f951a1,0xe3490297a08d6fc8da46edb7b6142e4f461b62d3,2026-08-07T00:57:51,large_erc20_asset_flow,0x75c890dc,true
25697193,0x253468ad55b658994000972512ac9c72472f8438fbfda523f3b6eb438ded2b8c,0x70e59f9c304e4d5096bd408b571e2dcd99c3120b,0xad3b67bca8935cb510c8d18bd45f0b94f54a968f,2026-08-07T00:57:51,large_erc20_asset_flow;complex_trace;token_activity_burst;approval_burst,0x146ee74d,true
25697193,0xf5297f540dd27da55d4403eb68a9677f7431f30b8caac5288853089506a47a83,0xad1e295652a1ee4d360911f740bb71be9c14b311,0xb342b80a884217fe3ba6e75c616b965cee68125f,2026-08-07T00:57:52,large_erc20_asset_flow,0x6a761202,true
25697193,0x46bba96433a2963592950f9472998874ac8f42a980b7dd142f4f909dcb213118,0x161643f280b09be8e0271eef8efc6c264d125003,0x929fe4e69f03227365baf6de902595a3920b73dc,2026-08-07T00:57:53,dense_internal_fund_flow;token_activity_burst,0xa9059cbb,true
25697194,0x6f1a4b833bfb8c65018d8efaa64078c3e22fe228e9f85c7a9bde6de558377a0d,0xde992badd92adaf9146255e9bde6a70770973664,0x3d0f22bf11636cc9cb129e2b261eed35a487455c,2026-08-07T00:57:57,complex_trace;high_gas_used_context,0xa9059cbb,false
25697194,0x81f77503337fc53e65674cee546bf077c385410eda11715fd78f64c292499179,0x10db2203e541d790122226bff272fb4ab4e728a9,0xee030ec6f4307411607e55acd08e628ae6655b86,2026-08-07T00:57:58,complex_trace;high_gas_used_context;approval_burst,0x6e1537da,false
25697194,0xe1e2e902f3ddf588fab09c43da09be7b6e06c5c3716fd233f2b212470d8652e1,0x7bcfd0d6d2f0599c0c614ba530eb9b563e622ce3,0xd3bdf9ff7515373d566fdea6584f911c8a82a181,2026-08-07T00:57:58,large_erc20_asset_flow;complex_trace;high_gas_used_context;token_activity_burst,0x601881f3,true
25697194,0x3fec4a55af4911008249c539864d6e6fb42cf77a2b9e654efcadd96d9e03bd89,0x59aab1bd0d26290274398c07b55955c15425e16b,0x00fe78205f5f0e63b8ad2b2ae5337f538a610e04,2026-08-07T00:57:59,complex_trace;high_gas_used_context,0x34fcd5be,false
25697195,0x0c83db662b7497f6f89c0f645177021ee623c9debcbab40ef12315a74bf7aa6f,0x080ccea8654fd4ff80b81e46cff2278689d88fb0,0x774b9655413c34809c1f1b16b654465a89ebe989,2026-08-07T00:58:11,large_erc20_asset_flow;complex_trace,0xac9650d8,true
25697196,0xf986c52c972901a37c386051953733064474054be2a960446a1af7e634446c7c,0x54e8b3ba0e123afb71a7a92c665f010da8ac0ca6,0x734ab9de48f6bab1f2297a34d257cd757deba6aa,2026-08-07T00:58:17,dense_internal_fund_flow;complex_trace,0x0b1149ec,true
25697196,0x67a08225d37be1179173e9c5124bb1a736f7bfd5449692d5012c87bc94b5b0b0,0x80d04079ffc53eb14edbeeb37279d126f45552df,0x2f0cd4600375ba9d2bf22209cbd4b044a5532223,2026-08-07T00:58:18,repeated_internal_token_drain;dense_internal_fund_flow;complex_trace;token_activity_burst;repeated_risky_internal_calls,0x8aaa8f3b,true
25697196,0x92850330db7a563bea262dc614b9f202a6498a3ad924a85329a45756e886edaa,0x3d695689c81b60c810bc5e3b6121faac878da6aa,0xb300000b72deaeb607a12d5f54773d1c19c7028d,2026-08-07T00:58:18,large_erc20_profit_to_sender;large_erc20_asset_flow;complex_trace;high_gas_used_context;token_activity_burst,0x810c705b,true
25697196,0xde1a1ab50345e5331fa59fd8fc16fc6366753a97daf7c46dc3a2dc6840547ab5,0xe1f4299a5aa97a05c7927e6baca7d6c81935d6ce,0xe4a700bc0b9f8f254e9cbdbe1c98f51dc72b9410,2026-08-07T00:58:18,dense_internal_fund_flow;complex_trace,0x3021b851,true
25697196,0xeb746e759c299d7515b20eab226d57939aca0a4db232c493069a2bb4d434fb39,0x59aab1bd0d26290274398c07b55955c15425e16b,0x00fe78205f5f0e63b8ad2b2ae5337f538a610e04,2026-08-07T00:58:18,complex_trace;high_gas_used_context;token_activity_burst,0x34fcd5be,false
25697197,0x14083e1df0713b11bb7a3709685b8bb1ac17ba3fcea501fdf15aace015090e0c,0x7830c87c02e56aff27fa8ab1241711331fa86f43,0xa9d1e08c7793af67e9d92fe308d5697fb81d3e43,2026-08-07T00:58:27,dense_internal_fund_flow,0x1a1da075,true
25697197,0xdec070c96e3b481d5c30a87bb9c88a3e5f5f7a630e7ef00d0adcaee4219f24b4,0xab2ebc8e6938bf8c2d87623f2ea8cba33bce4886,0x0000000000001ff3684f28c67538d4d072c22734,2026-08-07T00:58:27,dense_internal_fund_flow,0x2213bc0b,true
25697197,0x397f457f382b113f1a05941d59f0185177d5d675877b204c03e204d29781bfd4,0x080ccea8654fd4ff80b81e46cff2278689d88fb0,0x774b9655413c34809c1f1b16b654465a89ebe989,2026-08-07T00:58:28,large_erc20_profit_to_sender;large_erc20_asset_flow;complex_trace,0xd6bda0c0,true
25697197,0x40927aafb7d3e212c8c2723de1893eed1dea5e2185e377e5ddae7954b7f15357,0xcc4a939c8289bfefb9723ef68b9cd14187f2097a,0xd90e2f925da726b50c4ed8d0fb90ad053324f31b,2026-08-07T00:58:28,dense_internal_fund_flow,0x13d98d13,true
25697197,0x729ccf8ca6249f89af18be9007d85235554ea3f66b032400950ea0a06509f535,0x49e1bf431e9bbbd8e57afcd21ccac3f30e7d98d3,0x28b1dc1a5e3699a428bc51d234dfab7c9cb2a183,2026-08-07T00:58:28,complex_trace;high_gas_used_context,0xf2c42696,true
25697197,0xa4367b478d7360575779fbb481ffea44474c0ff13c769b37a5d11075ceebc46b,0xa53c213dbcad36da7a437484a0dd234d840240db,0xb300000b72deaeb607a12d5f54773d1c19c7028d,2026-08-07T00:58:28,dense_internal_fund_flow,0x810c705b,true
25697197,0xc02023bb4ed457461fca33f25be491053844e2ae8b71bc71725c79765b14a497,0xd6f05b19bf2c05c264a646b7757057d774661c5c,0x0000000000001ff3684f28c67538d4d072c22734,2026-08-07T00:58:28,large_erc20_asset_flow;complex_trace,0x2213bc0b,true
25697197,0xeca12f6b1c71278ba9f088fb29c583c82544361d24f7c514e80335374bbddf6b,0x7b49bc3ebbdf7322f31c6449320382bbec3be1b6,0xad3b67bca8935cb510c8d18bd45f0b94f54a968f,2026-08-07T00:58:28,dense_internal_fund_flow;complex_trace;high_gas_used_context;token_activity_burst;approval_burst,0x146ee74d,true
25697197,0x364e5862d8269aa4377b922a4564ecf35c75414049a65acc134902f12ba1f12f,0x5cec0b5e7cd0eaffa2c5d802767f35976224c72f,0x89c6340b1a1f4b25d36cd8b063d49045caf3f818,2026-08-07T00:58:29,large_erc20_asset_flow;complex_trace,0x0193b9fc,true
25697198,0x2f5eed19a753ab8dbb19d87c46d7fcf3a3ed470580c157c8380f0a7b807b04a2,0xead0773bde3daa468f649751e43f1bd34f4be51b,0x785db5f3f3ad18d6291689907d319954af79a03e,2026-08-07T00:58:35,privileged_execution_context,0x10e72eb2,false
25697198,0x6cfa43e20a06d350b6aa34e3d2b7a18c045bf0de0431f8566afc385a1da2d0ef,0x3cfdc212769c890907bce93d3d8c2c53de6a7a89,0x0000000071727de22e5e9d8baf0edac6f37da032,2026-08-07T00:58:35,privileged_execution_context;complex_trace,0x765e827f,false
25697198,0x71fb8e5f538015647745e0334c6f0103bd2692c80a937764d9d8b980292c404d,0x59aab1bd0d26290274398c07b55955c15425e16b,0x00fe78205f5f0e63b8ad2b2ae5337f538a610e04,2026-08-07T00:58:35,complex_trace;high_gas_used_context,0x34fcd5be,false
25697199,0x0aed2d667d3da33852c725d5fecfcbe61a83e7bff4743a70de01df8b21a40016,0xc6acbee42e9e323140c1ed060c2f6ea9cc3b4b75,0x7c5a71c9fefbc7691f9d4ac7baf70c743792f716,2026-08-07T00:58:41,selfdestruct_context,0xf3fef3a3,false
25697199,0x3fe13437e55d145ca307986ba7405517ed9b64d829636891b1c6e431022751bc,0x3a3f8f27fc2f265c661798717d16677898e20932,0x28b1dc1a5e3699a428bc51d234dfab7c9cb2a183,2026-08-07T00:58:42,dense_internal_fund_flow;complex_trace;high_gas_used_context,0xf2c42696,true
25697199,0xd683cd32618409846cb4a2e7a5fc96ccbaaba1520ba1ab49e159ae9b2cd2fdfd,0x10676fc31d0558599ed0afd2cd9c47b30f26a19b,0x87870bca3f3fd6335c3f4ce8392d69350b4fa4e2,2026-08-07T00:58:42,large_erc20_asset_flow;complex_trace,0xa415bcad,true
25697200,0x76783d80761487bba8aec306ab969439c4bec49d501a967d0ab8b310c41ab5db,0xa64172db90d325af0fece4ffd38dc74acb31e98e,0x97f021f8d1cb43b35d65be276bbedcf6ef7dbc2d,2026-08-07T00:58:50,complex_trace;high_gas_used_context;token_activity_burst;approval_burst,0xcf586c5c,true
25697200,0x8946ebbca95b2ba16bc888f99f28d0aae2aa9f2ca54cf1d4543b84553dc046de,0x7830c87c02e56aff27fa8ab1241711331fa86f43,0xa9d1e08c7793af67e9d92fe308d5697fb81d3e43,2026-08-07T00:58:50,large_erc20_asset_flow;token_activity_burst,0xca350aa6,true
25697200,0xa9043e872ce151e151f616b6a596f4e11daffc12ad6846c163143924434800a5,0x76dd7d8be84f317bbe0e7b775e8ff6ea3b041b8f,0x89c6340b1a1f4b25d36cd8b063d49045caf3f818,2026-08-07T00:58:50,large_erc20_asset_flow;complex_trace,0x0193b9fc,true
25697200,0xe4cd42594229768ec5b2c720df7572abb72307f425219790d2533a5d3be56c3f,0xe99bd1c2dd70cd58e5efd47887991700e7318ce2,0xad3b67bca8935cb510c8d18bd45f0b94f54a968f,2026-08-07T00:58:50,complex_trace;high_gas_used_context;token_activity_burst;approval_burst,0x146ee74d,false
25697201,0xa54bbe28e8ccd726bb7f152ab5c3a41f77be5f8f8430a63147a997b3cbbafd8b,0xc6acbee42e9e323140c1ed060c2f6ea9cc3b4b75,0x7c5a71c9fefbc7691f9d4ac7baf70c743792f716,2026-08-07T00:58:56,selfdestruct_context,0xf3fef3a3,false
25697201,0xd41b4765139024e9530341d538e29f842d21854b12ff169d8f6798373317c427,0x080ccea8654fd4ff80b81e46cff2278689d88fb0,0x774b9655413c34809c1f1b16b654465a89ebe989,2026-08-07T00:58:56,large_erc20_asset_flow;complex_trace,0xac9650d8,true
25697201,0xe6c3aca8662f8bffaf37fcc3588fd7e4da1dd2a252c2d3f2e7ee72ff9f0291e3,0xc94ac05c9f899e1ca908a242bb4f4d46ef5ab655,0x28b1dc1a5e3699a428bc51d234dfab7c9cb2a183,2026-08-07T00:58:57,complex_trace;high_gas_used_context,0x0c307f76,true
25697202,0xb11d6c0ac3c6c4e560e2af16ff7f0870f7e7ec354a2ee50471cd5511b7c71c7f,0x7830c87c02e56aff27fa8ab1241711331fa86f43,0xa9d1e08c7793af67e9d92fe308d5697fb81d3e43,2026-08-07T00:59:04,dense_internal_fund_flow,0x1a1da075,true
25697202,0x26407d1f9951ccabc97349f57df146383d4904f354d3e831efc23e81dbe52e0b,0xe487832018fbd594c84f1db3dfac61cde98a5f36,0x91ff8bbd8ebb07893010d50a48a1609e5ebd8e34,2026-08-07T00:59:05,complex_trace;high_gas_used_context,0x069d1525,false
25697202,0x38dbb8c7145cfea1bc0468ce308142d5fbe18937252e8f50337b36cc3acda109,0x9642b23ed1e01df1092b92641051881a322f5d4e,0xfaf17849fb05a11a4e233f221bac99ca43fc83f8,2026-08-07T00:59:05,large_erc20_asset_flow,0x6b13fcb1,true
25697202,0x0daf20e39215702d9864ab8bfc0343dae536bac00f306a00ef3772f8c5aabef4,0x5c8e47d95714c0dd48c7b0c91b0228ccd3dfbfbe,0xa0f1c3ad83e07d97b5e7030e177718be175275ea,2026-08-07T00:59:06,very_complex_trace;high_gas_used_context;token_activity_burst,0x12aa3caf,false
25697203,0x0243b57a3a0d6b0b26f41c8866f8d3505c6559ddf1100cb8519dcd95e82d05bd,0xe487832018fbd594c84f1db3dfac61cde98a5f36,0x91ff8bbd8ebb07893010d50a48a1609e5ebd8e34,2026-08-07T00:59:14,complex_trace;high_gas_used_context,0x069d1525,false
25697203,0x88115d3b29a395ba632406d8450215f9e4c49e532a4e36a1ef4331e65efe73a8,0xc6acbee42e9e323140c1ed060c2f6ea9cc3b4b75,0x7c5a71c9fefbc7691f9d4ac7baf70c743792f716,2026-08-07T00:59:14,selfdestruct_context,0xf3fef3a3,false
25697203,0x196561b90f3a49722218575c32b0003b33e1261e42f6e7c04f12d84834cb7daa,0x7556699aa8e6a7c9c69bcfaf9debd05f8192b063,0x84cab37995229530d9e6e5cff2f8f4ebe4517d66,2026-08-07T00:59:16,complex_trace;high_gas_used_context;token_activity_burst,0xe587456a,false
25697203,0xf14cc9f33d30502c44c8a35cc8a1a6b2c025c7fb8a9065fdd738ef811c55b8e0,0xfcda668f825ca1f973b1f241278239cfc4741b51,0xf4e147db314947fc1275a8cbb6cde48c510cd8cf,2026-08-07T00:59:16,privileged_execution_context,0x760d0f9d,false
25697205,0x1c3acbfc45c913e51ce166aee10058418762229dc7ec9accd9e173fc5c875c9c,0x2eb6ffcfc1591349a1983aad3e80d8fb3cec1df2,0x70e60fbfe09caaad444d6c489ef865bfaabbefc8,2026-08-07T00:59:32,privileged_execution_context;complex_trace;high_gas_used_context;token_activity_burst,0x01200000,false
25697205,0x4f8c3629c77247e85bacf677fad1aa22aac122c41e496ee8a1a0677911ae3a3c,0xce54f65abb8b61b83c14cbe97de97fce75bbf556,0x5ff137d4b0fdcd49dca30c7cf57e578a026d2789,2026-08-07T00:59:32,complex_trace;high_gas_used_context,0x1fad948c,false
25697205,0x692b02655001162f846534f6e81671396d2111fb63716966104c8798aa51e627,0xe487832018fbd594c84f1db3dfac61cde98a5f36,0x91ff8bbd8ebb07893010d50a48a1609e5ebd8e34,2026-08-07T00:59:32,complex_trace;high_gas_used_context,0x069d1525,false
25697205,0x9ada7f1a8af1c46fb4d09fa7b87e8f2eb9b9576aa7545752d7b1fc77b2cc83c7,0xd386f8f1e31550d8a55a6baf921168b06c8716fb,0x547b5ad9f71ac50efd8755bc144767ac1768fc3d,2026-08-07T00:59:32,large_erc20_asset_flow;complex_trace;token_activity_burst,0x214bc20e,true
25697205,0xcaac29334e0760dfa438379be311c3a603344aa692184e3c8098155d79a06749,0x080ccea8654fd4ff80b81e46cff2278689d88fb0,0x774b9655413c34809c1f1b16b654465a89ebe989,2026-08-07T00:59:32,large_erc20_profit_to_sender;large_erc20_asset_flow;complex_trace,0xd6bda0c0,true
25697205,0xf035e3e5e9c37693e379df75802ff65ed592d292788a7a6832140c6c04230e11,0x2b3fed49557bd88f78b898684f82fbb355305dbb,0x09c30cdcdd971423cb3ba757a47d56c35d06d818,2026-08-07T00:59:32,dense_internal_fund_flow,0x318adb8b,true
25697206,0xdcfe00d0f8f507524d23c32574d73c157d1d9f8dd3e841a6c7f3d2d32d9a4057,0xe487832018fbd594c84f1db3dfac61cde98a5f36,0x91ff8bbd8ebb07893010d50a48a1609e5ebd8e34,2026-08-07T00:59:41,complex_trace;high_gas_used_context,0x069d1525,false
25697206,0x061cbc3388d1929e2b9d095ab2a9313c121ae166c84b8d57cba84e64bdcc9a2e,0x7830c87c02e56aff27fa8ab1241711331fa86f43,0xa9d1e08c7793af67e9d92fe308d5697fb81d3e43,2026-08-07T00:59:42,large_erc20_asset_flow;token_activity_burst,0xca350aa6,true
25697206,0x266a946bae97388f9346dee19bc250078cf86dc42ec2c357a94805b0f106314d,0x0139279d4144e285faa544cb8b81757bbbec4eb0,0x881d40237659c251811cec9c364ef91dc08d300c,2026-08-07T00:59:42,dense_internal_fund_flow;complex_trace,0x5f575529,true
25697206,0x55481977354bd0e88f0b7e1ece8e5e10e62b368ffadd3725b5a5a8d8be9edc39,0x000000000018a93b59a5e1e3115d28788ea61444,0x00000000000762339537bd0fd01e44f661bd8f67,2026-08-07T00:59:42,complex_trace;high_gas_used_context;token_activity_burst,0x00000000,false
25697206,0xa7406b26de70e40aab5fb68d014623662867eb146ba9bdf2ae05f61b331de5e5,0x70e59f9c304e4d5096bd408b571e2dcd99c3120b,0xad3b67bca8935cb510c8d18bd45f0b94f54a968f,2026-08-07T00:59:42,dense_internal_fund_flow;complex_trace;high_gas_used_context;token_activity_burst;approval_burst,0x146ee74d,true
25697206,0xebf65b94c6258c750ff1d43dac248aa30e9fafdaee60f6e232ca1b9d136335d7,0x3bd54daa848533b835abfc6ad8b1e9c66932d106,0x6e8b93499bfd74c211003e4d95cb51d5151f61e3,2026-08-07T00:59:42,large_erc20_asset_flow;complex_trace,0x6a761202,true
25697206,0x4058be88509ad57ed3767998252e4f4d66de7fa152fad87b619617678bb522f2,0x4337009be43c7ecc9bfbde0f1780553aa065187e,0x0000000071727de22e5e9d8baf0edac6f37da032,2026-08-07T00:59:43,large_erc20_asset_flow,0x765e827f,true
25697207,0x46f4486217523f40fc877201e5de354309fa27cadd4c70930890c6ed27115a73,0x7830c87c02e56aff27fa8ab1241711331fa86f43,0xa9d1e08c7793af67e9d92fe308d5697fb81d3e43,2026-08-07T00:59:49,dense_internal_fund_flow,0x1a1da075,true
25697207,0x5d02b401be2977bb4900dc510c07064cf12cdf661839b4139af4271ac92247ff,0x4ae8f9294dcf802d22af1ccb1e05e8fc7ac26bb2,0x339718099929196ac75899a9b067c60b2920ceee,2026-08-07T00:59:49,dense_internal_fund_flow;complex_trace;high_gas_used_context;token_activity_burst,0x9265bb9d,true
25697207,0x6029eacaa8a7b314083bfd44f0974a35ff1c627a8e04c66afb1c9dac05f3e902,0xe99bd1c2dd70cd58e5efd47887991700e7318ce2,0xad3b67bca8935cb510c8d18bd45f0b94f54a968f,2026-08-07T00:59:49,complex_trace;approval_burst,0x146ee74d,false
25697207,0x08573e61cde86c3abb64c0edc75fab0d76869f7459c965f6bb64b7f304f55811,0x4337023cce7419f20db4057b4dc3e2ea0c2151e0,0x4337084d9e255ff0702461cf8895ce9e3b5ff108,2026-08-07T00:59:50,dense_internal_fund_flow;complex_trace,0x765e827f,true
25697207,0x67f875786dbc4e211a402a42ee28a3837367542245bce606e2ef0d6dad388666,0x3f4e1a3f21a90af960acc652e9bf8dd7a21f3964,0x5ff137d4b0fdcd49dca30c7cf57e578a026d2789,2026-08-07T00:59:50,large_erc20_asset_flow,0x1fad948c,true
25697207,0xbab6da90c251344650982714c1a75a332e98145422faa38bd1c0531b68af215c,0xf279dfcdd57e1571c95e2c5b7e2ee453cbcdf77f,0x0000000071727de22e5e9d8baf0edac6f37da032,2026-08-07T00:59:50,privileged_execution_context,0x765e827f,false
25697207,0xee3affed14779c0f378f95a7be69e8af7f3e3e3994c578081f9e1e5a4e136cfb,0xe487832018fbd594c84f1db3dfac61cde98a5f36,0x91ff8bbd8ebb07893010d50a48a1609e5ebd8e34,2026-08-07T00:59:50,complex_trace;high_gas_used_context,0x069d1525,false
25697207,0x13aa2070bb175cf6cf5b031d46ab5fc4dd63aa642645091c954c1d0f2fcf046f,0x6ca053c29b3c83e780b1afd0a30258523f3a50bb,0x0000000000000068f116a894984e2db1123eb395,2026-08-07T00:59:51,complex_trace;high_gas_used_context;token_activity_burst,0x87201b41,true
25697207,0xa681ee82af95e1673178fadaa6f0cdd31aff9c22a2a6ac6376ce713137ffabd3,0x48cdc581df42e41a2e6148806e86bac227421455,0x3a23f943181408eac424116af7b7790c94cb97a5,2026-08-07T00:59:51,dense_internal_fund_flow;complex_trace,0x000001b3,true
25697208,0x615f263bde6786c6414932e2e0ca1141576c3c5c55901555cdb32e5522dfa60e,0xe487832018fbd594c84f1db3dfac61cde98a5f36,0x91ff8bbd8ebb07893010d50a48a1609e5ebd8e34,2026-08-07T00:59:57,complex_trace;high_gas_used_context,0x069d1525,false
25697208,0xcd0255c13efd9a9db785b75ffda55948096f9c25ed33198296c038278abaa5d5,0x0e0052a184fd59c6b7e1e99d739802ecb3aec0e4,0xd82461784eb72d4b67cbab077989eb215315e272,2026-08-07T00:59:57,complex_trace;high_gas_used_context;token_activity_burst;approval_burst,0xac9650d8,false
25697208,0xde6a893a9ced7285512e7e553e5c7c49fe5684965ae10e8036e82c81c12b791b,0xaaa0bf2e340c2125603b8ffd4ec30faea08effff,0xfc741c4258aaa097b281fecfb4ef9c012fa73db0,2026-08-07T00:59:57,large_erc20_asset_flow;complex_trace,0x83a77413,true
25697208,0xff365d638796d1049a79c0b6b64f1ff8a9e15f22605f733e107aa94c5f30f015,0xe99bd1c2dd70cd58e5efd47887991700e7318ce2,0xad3b67bca8935cb510c8d18bd45f0b94f54a968f,2026-08-07T00:59:57,complex_trace;approval_burst,0x146ee74d,false
25697208,0xef9518cdae4b38302e6e359c879c7686496ddd973d4c7df8cc72b8444469dde8,0x8b5606469e21c75edd7c74d1c7a65824675d9aff,0x9ccc2f3ecde026230e11a5c8799ac7524f2bb294,2026-08-07T00:59:58,large_erc20_asset_flow;complex_trace,0x1bc74526,true
