block_num,tx_hash,from,to,detect_time,attack_signals,selector,has_asset_impact
25703284,0x2b1414843aadff191119d169aef3f67acb8406766a06156b106c557c1dfa9129,0x66eef266f789e68ae683900c44bd019793636666,0x4313c378cc91ea583c91387b9216e2c03096b27f,2026-08-07T21:15:04,dense_internal_fund_flow,0xeffbec13,true
25703284,0x76877a2ef9539ccdd26eed089c1b7aa2bf9413ff177cb475d91a88cbc8cc16a0,0xc3c14cddabba96e414b095606f3bdc0f530b6786,0x956d8e0a89cfa3744428c4641b5a53b56167a7f9,2026-08-07T21:15:04,large_erc20_profit_to_sender;large_erc20_asset_flow;complex_trace,0xd6bda0c0,true
25703284,0x9c6642df5299ca26967727e6bee9b5db6034acfb64b8b82b38b4a941c2b974ca,0x40074ed3469873dfa95edbb8c28ee72c572c6815,0x52b335fd4d229c4b4ffa6190526e4b5fb8e3fb09,2026-08-07T21:15:04,dense_internal_fund_flow;complex_trace,0x085c8c5e,true
25703284,0xa9b7f10525dc61b7341784309928424026fca863bba51d10856152a1d1d37641,0xe95d4a9cb7408e0c8cd53c33c3860836cfc05cb0,0x3d90f66b534dd8482b181e24655a9e8265316be9,2026-08-07T21:15:04,dense_internal_fund_flow;complex_trace;high_gas_used_context;token_activity_burst,0x47ee97ff,true
25703285,0x52df14ca51b8c6b3c4b1d3bb09e2edad64f65a69440ed03ecb2d4eca3640fa4e,0xe99bd1c2dd70cd58e5efd47887991700e7318ce2,0xad3b67bca8935cb510c8d18bd45f0b94f54a968f,2026-08-07T21:15:12,repeated_internal_token_drain;dense_internal_fund_flow;very_complex_trace;high_gas_used_context;token_activity_burst;approval_burst;repeated_risky_internal_calls,0x146ee74d,true
25703285,0x693f2c0a7c548a448906edd6759a211f2557cccca611b27884dd8b2f28c01520,0x7942ea40f2ce4bfa848bfe7239f8901d5896b451,0x881d40237659c251811cec9c364ef91dc08d300c,2026-08-07T21:15:12,dense_internal_fund_flow;complex_trace,0x5f575529,true
25703285,0x0869c90038a34ce7bc477ba19148cb4918a07df38526af40e52c103cb015cced,0x7556699aa8e6a7c9c69bcfaf9debd05f8192b063,0x84cab37995229530d9e6e5cff2f8f4ebe4517d66,2026-08-07T21:15:15,complex_trace;high_gas_used_context;token_activity_burst,0xe587456a,false
25703285,0x6b5d7394ce15e76bf8a8762118c09e4d8d1a81d2fbda387870debd230fa1a4da,0xbad000006db10503589262b55d09bb7b3c5e1472,0xbbbbb048b1a85ca221058c45525095b6a68bbbbb,2026-08-07T21:15:15,repeated_internal_token_drain;dense_internal_fund_flow;very_complex_trace;high_gas_used_context;token_activity_burst;repeated_risky_internal_calls,0xa9059cbb,true
25703285,0x5468dfcb1c42784735bc26172008dcd627bf774914eef7d7eeb01fe965ef3dbc,0x1584a8ee67789d1fe161065388657ad2f2a3c7dd,0x77eb52e44db06777bce478159f25c0d55a295314,2026-08-07T21:15:17,repeated_internal_token_drain;dense_internal_fund_flow;complex_trace;high_gas_used_context;token_activity_burst;repeated_risky_internal_calls,0xa9059cbb,true
25703285,0x726d9ff60b9fadf105500c7c2c962e53e50be190a6e9814baadc6fb2ce94d54f,0x59aab1bd0d26290274398c07b55955c15425e16b,0x00fe78205f5f0e63b8ad2b2ae5337f538a610e04,2026-08-07T21:15:17,complex_trace;high_gas_used_context;token_activity_burst,0x34fcd5be,false
25703286,0xf9801ed9a8bfb969e8a41dabed8b511aca3f8500db294ac9a90e34306f341a0d,0xcfd004c1f37555320069f3fe07b94e969595e09b,0x93c30e6e09f698cfea99b09b5166ed90cfaedd17,2026-08-07T21:15:22,dense_internal_fund_flow,0x0fe20a3f,true
25703287,0x17e93f453a0c56267fd228585aa28af189cd5574c6d54aadccaa3263e7b04ae0,0x6f12b91bf6da752ada71b7a1a622c57d8a48818a,0x225a38bc71102999dd13478bfabd7c4d53f2dc17,2026-08-07T21:15:33,large_erc20_asset_flow,0xbc4a02e4,true
25703287,0x184262ff50bda646f09f19276987f324235011cdf7eb86843c95aa715d22d5ec,0x9123b39058c5bcd00d4b0b9142fe9f527ddb562f,0x093272c07700d3ca5301c3bf9b3a392624179e2f,2026-08-07T21:15:33,large_erc20_asset_flow;complex_trace;high_gas_used_context;token_activity_burst,0xac9650d8,true
25703287,0x10435986d128305b7ade7ece8a0f877f7f01e1f78af9e1ba4862eaa871b999c8,0xde992badd92adaf9146255e9bde6a70770973664,0x3d0f22bf11636cc9cb129e2b261eed35a487455c,2026-08-07T21:15:34,complex_trace;high_gas_used_context,0xa9059cbb,false
25703287,0x35da2cb3783ef3d64a9f367c88a8472e81bcc2fe55ada990d83e4ea4f353800f,0xbad000006db10503589262b55d09bb7b3c5e1472,0xbbbbb048b1a85ca221058c45525095b6a68bbbbb,2026-08-07T21:15:34,complex_trace;high_gas_used_context;token_activity_burst,0xa9059cbb,false
25703287,0xd82fe828659759d6ee1bc36d7a4ffb3a32e6e3637dbd26ad1cbc94516f28b56b,0xfb661ac1661e475f7d1533d73c9393af011f67d8,0x0000000000001ff3684f28c67538d4d072c22734,2026-08-07T21:15:34,dense_internal_fund_flow;complex_trace,0x2213bc0b,true
25703287,0xe2b81fae8f98c82ef8abdc6afd824400f5eb854bac279da02c838181f890afc1,0x0e0052a184fd59c6b7e1e99d739802ecb3aec0e4,0x0b8a49d816cc709b6eadb09498030ae3416b66dc,2026-08-07T21:15:34,complex_trace;high_gas_used_context;token_activity_burst;approval_burst,0xf497df75,false
25703288,0x341e93c8f574316d6bcbf23d9002c1a3d8d9228fc025c4f1f81ad3c1dfd76178,0x456a6d8eead5c1dddd085490c9e286ec9f3f40cd,0x4a4a62ccea40031ab5da72edafa6aa1647f36a50,2026-08-07T21:15:42,selfdestruct_context,0xf3fef3a3,false
25703288,0x6041849a816307c070e147c9c87ad5450a60d90e42c261c7a82ca417e22ef5e7,0x6932557a152c29559828488eecc909de49f1326b,0x03f34be1bf910116595db1b11e9d1b2ca5d59659,2026-08-07T21:15:42,dense_internal_fund_flow;complex_trace,0xa32fe0a1,true
25703288,0x94d2067618c56d61bcc78cd1d186e87d33f69be90f74fe46a2d0a2adffceff4f,0x7830c87c02e56aff27fa8ab1241711331fa86f43,0xa9d1e08c7793af67e9d92fe308d5697fb81d3e43,2026-08-07T21:15:42,dense_internal_fund_flow,0x1a1da075,true
25703288,0xb24abc046ce39f415d11f015f74e98fadd649b8bbab83ba73ac88b9beba66d0a,0x22af5bae63b1b614cdef62991aa609b45d621917,0x692df0ab6de994785dd8db46d0aa4014600efcf5,2026-08-07T21:15:42,large_erc20_asset_flow;complex_trace,0x601881f3,true
25703288,0xb7cddaa44c9d76a77b574bcbf3daee0127e71a8c143441995dbecc932aa421b1,0xc6acbee42e9e323140c1ed060c2f6ea9cc3b4b75,0x7c5a71c9fefbc7691f9d4ac7baf70c743792f716,2026-08-07T21:15:42,selfdestruct_context,0xf3fef3a3,false
25703288,0x45d6a3ba3774c5ec2de90a77d88c6a800060c05aa42205426e74bbba0aab3c1b,0x80fbefbee7e2bb2ac085f082674dc8c0bccfa135,0xec2c96e75b09e29b66bf2ee5c37fa749ef9aa7c7,2026-08-07T21:15:43,large_erc20_asset_flow;complex_trace,0xdb5c7e88,true
25703288,0xff22936b22a122ff03c15e2d40566d848451eb26ae9dbc39f53b4acd3a0bd65a,0x59aab1bd0d26290274398c07b55955c15425e16b,0x00fe78205f5f0e63b8ad2b2ae5337f538a610e04,2026-08-07T21:15:44,repeated_internal_token_drain;dense_internal_fund_flow;complex_trace;high_gas_used_context;token_activity_burst;repeated_risky_internal_calls,0x34fcd5be,true
25703289,0x4da963722c25e5b70282b54c5def0d85a573a1b52fa011c1a5a0b0a5d5e682b7,0xf82ac5937a20dc862f9bc0668779031e06000f17,0xf573e9e3de1f86b085417ab294f56e7920b4e9be,2026-08-07T21:16:03,dense_internal_fund_flow;complex_trace;high_gas_used_context,0x78a94ff0,true
25703289,0x315e2c3152309ba4ca71857796c80366314359173c4cd071491ecef2857575d6,0xc6acbee42e9e323140c1ed060c2f6ea9cc3b4b75,0x7c5a71c9fefbc7691f9d4ac7baf70c743792f716,2026-08-07T21:16:05,selfdestruct_context,0xf3fef3a3,false
25703290,0x44164be46a52521bad9eba9c27921b3dc52da21c3de9fe6a5d7f31bd9ca13a3f,0xf322f1f2a10b2e65a44308f1ad4c334e2de62b5d,0x692df0ab6de994785dd8db46d0aa4014600efcf5,2026-08-07T21:16:10,large_erc20_asset_flow;complex_trace;high_gas_used_context;token_activity_burst,0x601881f3,true
25703290,0x45f01ad1cfb14a9c86edd8e9fc5e98c9d272933cbfb9f6900cb093761eb75b10,0xde992badd92adaf9146255e9bde6a70770973664,0x3d0f22bf11636cc9cb129e2b261eed35a487455c,2026-08-07T21:16:10,complex_trace;high_gas_used_context,0xa9059cbb,false
25703290,0x64111e967620d86a875919999e6ff9b3e5f845bebac5cadebae1cbce55aacc34,0x288a2395f027f65684d836754ba43afa20ca09e6,0x89c6340b1a1f4b25d36cd8b063d49045caf3f818,2026-08-07T21:16:10,dense_internal_fund_flow;complex_trace,0x0193b9fc,true
25703290,0xa406a32efea0321670be6f977c0d32bcf50722f7dd5a4ac43b76ff427f28592a,0xc6acbee42e9e323140c1ed060c2f6ea9cc3b4b75,0x7c5a71c9fefbc7691f9d4ac7baf70c743792f716,2026-08-07T21:16:10,selfdestruct_context,0xf3fef3a3,false
25703290,0xc8fe4650f33b7c6f27eee6155e8c20f06c34966532cf893abc6b6e8ad5eed276,0x2166f09fda532b67e08ce769d6674814a86dc7dd,0x3d90f66b534dd8482b181e24655a9e8265316be9,2026-08-07T21:16:10,dense_internal_fund_flow;complex_trace,0x47ee97ff,true
25703290,0xf0fe643ff00b5e90e2c3a2882ac2ccf8ec83dd36b3b69b6c2333c6f454d365eb,0xb47c72be8a2968dec42d3b9d8c6f464224605bfd,0x6a000f20005980200259b80c5102003040001068,2026-08-07T21:16:10,large_erc20_asset_flow,0x1a01c532,true
25703291,0xfcb7119bce8b9465b00b3f1b4cfc11dc92c0e85d3e496df6906b1db876d3b9a3,0xc6acbee42e9e323140c1ed060c2f6ea9cc3b4b75,0x7c5a71c9fefbc7691f9d4ac7baf70c743792f716,2026-08-07T21:16:29,selfdestruct_context,0xf3fef3a3,false
25703291,0x53e4886ff1c104662653fe697ebf10d345797d7acfd0eac256cb86adf30cd62b,0xd6434d157f254276d69ede3bd9fc805482206908,0x7ec8a30a34b86927dc77b302603d1d53e640bef7,2026-08-07T21:16:31,repeated_internal_token_drain;dense_internal_fund_flow;complex_trace;high_gas_used_context;token_activity_burst;repeated_risky_internal_calls,0xa9059cbb,true
25703291,0x8830993841107d69d3598d1cf19384ac65dff7e24eb4e17c07e8ee5481417122,0x2a56cd2641f4a73a07a62cb584db4bcd8b5d3eee,0x03f34be1bf910116595db1b11e9d1b2ca5d59659,2026-08-07T21:16:31,dense_internal_fund_flow;complex_trace,0xe47d166c,true
25703291,0xd36c81c8fc46eb5423265332170c760d7c8ec3221d71ea2a5fc65be57f1598be,0x18dea58e755a734485e9b4a89fac37098d27efc8,0x337685fdab40d39bd02028545a4ffa7d287cc3e2,2026-08-07T21:16:31,dense_internal_fund_flow;complex_trace,0xfa74fd43,true
25703291,0x7509377ecbde6bc61b3062b11c9aad48942ef74caef1cfd7f04fb83fb4db1ac5,0x3cfdc212769c890907bce93d3d8c2c53de6a7a89,0x0000000071727de22e5e9d8baf0edac6f37da032,2026-08-07T21:16:32,privileged_execution_context;complex_trace,0x765e827f,false
25703291,0xcbd7fd4fe16d04e5efc35f37eb2ed34cc5afe11716d319b6a5fd7049c401624c,0xc73019f991dcbcc899d6b76000fdccc99a208235,0xf4e147db314947fc1275a8cbb6cde48c510cd8cf,2026-08-07T21:16:32,large_erc20_asset_flow;complex_trace,0x0bf5d35e,true
25703292,0x62108932dbdf64957f61e0bb93c3d14b117c7c761670f3faccb437b2e8837167,0xc6acbee42e9e323140c1ed060c2f6ea9cc3b4b75,0x7c5a71c9fefbc7691f9d4ac7baf70c743792f716,2026-08-07T21:16:38,selfdestruct_context,0xf3fef3a3,false
25703292,0x73eca0b60529ab6b84158a180e32b6a13f9318b09114aa237f79726ed3f91f90,0xb7c94764b4fbeb133f7a9f04d3b2f0503a9e985e,0x881d40237659c251811cec9c364ef91dc08d300c,2026-08-07T21:16:38,dense_internal_fund_flow;complex_trace,0x5f575529,true
25703292,0xf5dad49bec36cfce8247d0965013a1cf4df2a59b0ec9a1ab2040ed1030e32f7b,0x7b49bc3ebbdf7322f31c6449320382bbec3be1b6,0xad3b67bca8935cb510c8d18bd45f0b94f54a968f,2026-08-07T21:16:38,dense_internal_fund_flow;complex_trace;approval_burst,0x146ee74d,true
25703292,0x32865eebdc12e6b1a965c43cc6d22951f7e202677064a44aa27e962c52eba597,0x59aab1bd0d26290274398c07b55955c15425e16b,0x00fe78205f5f0e63b8ad2b2ae5337f538a610e04,2026-08-07T21:16:39,complex_trace;high_gas_used_context,0x34fcd5be,false
25703292,0x7d738d5456a4926d22b60a4bc46f2d45afa8376cbc750eb70b8654307733390e,0xa154b98e53fc35e1bad1ff758acbc8c629bdcd2b,0x19917386eeae67b6ff7ddf07de4019fca40aa4ec,2026-08-07T21:16:39,repeated_internal_token_drain;dense_internal_fund_flow;very_complex_trace;high_gas_used_context;token_activity_burst;repeated_risky_internal_calls,0xa9059cbb,true
25703293,0xc58126d2b4a81bf3a2f959ebe817f87eb56545f111ff3effd16e96a3dab641ed,0xc6acbee42e9e323140c1ed060c2f6ea9cc3b4b75,0x7c5a71c9fefbc7691f9d4ac7baf70c743792f716,2026-08-07T21:17:17,selfdestruct_context,0xf3fef3a3,false
25703293,0x5ea10187d1babe212054c1cd835e22f7258f61f0e09f91735c2dc53df2c2e240,0xc868879f3ae6a5c3cd3899338826909cb71a686a,0x0000000071727de22e5e9d8baf0edac6f37da032,2026-08-07T21:17:18,complex_trace;high_gas_used_context,0x765e827f,true
25703293,0x95d5d4254fce0da67bb64803a73393eb120a875ce93f9fb02a211bb5b7510a2c,0x3a2f647cc3cbbb7b9e4167f061761aaf3cf3af57,0xd0764fae29e0a6a96ff685f71cfc685456d5636c,2026-08-07T21:17:18,dense_internal_fund_flow;complex_trace,0x3f7658fd,true
25703293,0xb6f33c447138fffc95819b3acee9a24323724361b10fa7dd4d730a409c66e1d8,0x487c6480c33f32435f99cfa4b1e09c0d4e4165f7,0x33636d49fbefbe798e15e7f356e8dbef543cc708,2026-08-07T21:17:18,dense_internal_fund_flow;complex_trace;high_gas_used_context,0xef9e1aa7,true
25703293,0x16c6ea7a7e71ce689c16c0c8de3bfc9038a19cc4f9c232f576a126c2e1137433,0x1510bcb37d9e4680c9bc0a9d5ff69494a6862836,0x888888888889758f76e7103c6cbf23abbf58f946,2026-08-07T21:17:22,large_erc20_asset_flow;complex_trace,0x3dbe1c55,true
25703294,0x6634183bc916effda6e49944abd1887a665a4671cc48b5590804d9d81ff00c64,0xc24717575b50737454da26a6485bf36e6566f081,0x28b1dc1a5e3699a428bc51d234dfab7c9cb2a183,2026-08-07T21:17:28,large_erc20_asset_flow;complex_trace;high_gas_used_context;token_activity_burst,0x0c307f76,true
25703294,0xa345ff35e29d67f5a9dc88ff58d0cf92c17599c96c3644d7b1917d118d3d619e,0x59aab1bd0d26290274398c07b55955c15425e16b,0x00fe78205f5f0e63b8ad2b2ae5337f538a610e04,2026-08-07T21:17:29,complex_trace;high_gas_used_context,0x34fcd5be,false
25703294,0xb139d87c77098130b07b9ff40824bb50ddb680d103248354c4034ade5c5462cb,0x8b5606469e21c75edd7c74d1c7a65824675d9aff,0x9ccc2f3ecde026230e11a5c8799ac7524f2bb294,2026-08-07T21:17:29,dense_internal_fund_flow;complex_trace,0x1bc74526,true
25703294,0xe751fc2f0e2baebf6a7e76b85fc9872cf94e2eca53b03080131370a5123b88b1,0xc27c371bddd17e366756c9081201d4c92aff5d85,0x28b1dc1a5e3699a428bc51d234dfab7c9cb2a183,2026-08-07T21:17:29,complex_trace;token_activity_burst,0x0c307f76,true
25703295,0x4ef8f795b372fc35d1306a8bdd7219646737275c07a0f27fc4185fbdca4debcc,0x5e8381077866763692f151ca44cce0435a76d78c,0xcb0151ac9479a6a0261622baa63ae843c9793d45,2026-08-07T21:17:36,large_erc20_asset_flow;complex_trace,0x64cd187f,true
25703295,0xc8c88e270d99dd4ad2dd5a1ad5e31409cbe50d4b3d52f9c1593ee543dd519a93,0xbf75eb025c6bec6c327d857243fff816a180d543,0x89c6340b1a1f4b25d36cd8b063d49045caf3f818,2026-08-07T21:17:37,large_erc20_asset_flow;complex_trace,0x0193b9fc,true
25703295,0xa7a90c89149ecfe125fe5d444bad36df5fb2d41af6230d7f2be6dfd13a31d90e,0x59aab1bd0d26290274398c07b55955c15425e16b,0x00fe78205f5f0e63b8ad2b2ae5337f538a610e04,2026-08-07T21:17:38,repeated_internal_token_drain;dense_internal_fund_flow;complex_trace;high_gas_used_context;token_activity_burst;repeated_risky_internal_calls,0x34fcd5be,true
25703295,0xf319b035cdad731ba520769b464199881b434305f28b786b289a058535543eac,0xe99bd1c2dd70cd58e5efd47887991700e7318ce2,0xad3b67bca8935cb510c8d18bd45f0b94f54a968f,2026-08-07T21:17:38,complex_trace;high_gas_used_context;token_activity_burst;approval_burst,0x146ee74d,false
25703296,0x6212a524038fbe321a44a3119a8f72ee207721d837e121f9fdc8c28434c6cb8c,0x4a373376f3bfea17132d370eef57f2682abef610,0x4313c378cc91ea583c91387b9216e2c03096b27f,2026-08-07T21:17:43,dense_internal_fund_flow,0xeffbec13,true
25703296,0x625fd58120222a09802e74d2b50221b2f21afe1448cb1de068dc28d9c6c7b917,0xf57c64d776ca8b7083f16724f070652d1d007c66,0x69460570c93f9de5e2edbc3052bf10125f0ca22d,2026-08-07T21:17:44,dense_internal_fund_flow;complex_trace,0x14d08fca,true
25703296,0x1b0da613810d2ff79bdecf398af5e88a8393831426a264a493fb6a96b068e121,0x840f559129aae4cd0a39e5d4185c1acf4de8dbe0,0xf4bf42c6d6a0e38825785048124dbad6c9eaaac3,2026-08-07T21:17:46,dense_internal_fund_flow,0x04108339,true
25703296,0xd997940b01ce3140aa5c56c10746489957706715b3c838081553b1216b8251e5,0x738d2524b182f9d38abcb45e298477acf452fcf0,0x28b1dc1a5e3699a428bc51d234dfab7c9cb2a183,2026-08-07T21:17:46,complex_trace;high_gas_used_context,0x0c307f76,false
25703296,0xe20c4f7201d8c87a2fd14401e4df9590cc2408e5f1f4ae1ab87a6c55f979cac4,0x1584a8ee67789d1fe161065388657ad2f2a3c7dd,0x77eb52e44db06777bce478159f25c0d55a295314,2026-08-07T21:17:46,repeated_internal_token_drain;dense_internal_fund_flow;complex_trace;high_gas_used_context;token_activity_burst;repeated_risky_internal_calls,0xa9059cbb,true
25703297,0x293084e20587e01c8e5feef360d0d6474eb35c3ad3b25c286be25306bb824857,0x9e9b03bd59bd0f83139fd3788ad5f1c6dbee5591,0x3d90f66b534dd8482b181e24655a9e8265316be9,2026-08-07T21:17:55,complex_trace;token_activity_burst,0x47ee97ff,true
25703297,0x2aceb481e77cb26559ad3b5a27b02b17787ab20f911f4dfd8304a1656a170bb8,0x738d2524b182f9d38abcb45e298477acf452fcf0,0x28b1dc1a5e3699a428bc51d234dfab7c9cb2a183,2026-08-07T21:17:55,complex_trace;high_gas_used_context,0x0c307f76,false
25703297,0x42922c35affc5f3fc1641f1ffe1be5fbc135a81e9c5bcd03c2edf2339d29647b,0x7830c87c02e56aff27fa8ab1241711331fa86f43,0xa9d1e08c7793af67e9d92fe308d5697fb81d3e43,2026-08-07T21:17:55,large_erc20_asset_flow,0xca350aa6,true
25703298,0x987c1618fa21eb8668981aa80be128901e6ac3b545a769b7ac89e3cfcaa2232b,0x0beea0e1f3d79cb55633530e291336dab9a7d82d,0xad3b67bca8935cb510c8d18bd45f0b94f54a968f,2026-08-07T21:18:04,dense_internal_fund_flow;complex_trace;token_activity_burst;approval_burst,0x146ee74d,true
25703298,0x4231daff4e42bd8861f19a5032d38131827d382c72b64a99d2b0aa36feaabf16,0xc6acbee42e9e323140c1ed060c2f6ea9cc3b4b75,0x7c5a71c9fefbc7691f9d4ac7baf70c743792f716,2026-08-07T21:18:06,selfdestruct_context,0xf3fef3a3,true
25703298,0x7a4756822ef40c1248a18f9d8f65c92924f6126cf2244fb76b51c482e2b3317e,0xdf8adfe10d4a4d9f0fc4d3e377a6e8d5730eb40c,0x06cff7088619c7178f5e14f0b119458d08d2f5ef,2026-08-07T21:18:06,large_erc20_asset_flow;complex_trace,0x99999999,true
25703298,0xd4e496aeb78a9477832113e649acd78c70d5470a1b1a7836d17b2093d86ccea9,0x17a9aa3f7945fb00c2eb16857baa4adb63da59db,0x0000000071727de22e5e9d8baf0edac6f37da032,2026-08-07T21:18:06,large_erc20_asset_flow;complex_trace,0x765e827f,true
25703298,0xe3a41d6b053ca23e6f8f284220584c50131d82549131ce8d0a3f0418b7607de2,0x70e59f9c304e4d5096bd408b571e2dcd99c3120b,0xad3b67bca8935cb510c8d18bd45f0b94f54a968f,2026-08-07T21:18:06,complex_trace;high_gas_used_context;token_activity_burst;approval_burst,0x146ee74d,false
25703298,0xefcf36a2dd154cbcba048489b2169fd386bfc12eb10d6be6e18ca4d997a2432f,0x7830c87c02e56aff27fa8ab1241711331fa86f43,0xa9d1e08c7793af67e9d92fe308d5697fb81d3e43,2026-08-07T21:18:06,large_erc20_asset_flow;token_activity_burst,0xca350aa6,true
25703298,0xf5a8f238a30af92672add247283fd3968ac5154044989d39fe2666e92c11d0e5,0xaa8caa781475c73f1f4e3b0ee229599f2bb3ba01,0xf3cd1e9326d1965935b287b1ee75c7183359a88a,2026-08-07T21:18:06,privileged_execution_context,0xab84e950,false
25703298,0x9a39bcdd7fe897ba8c0214480b6694b151c0a2a7b72a76ac102db6bbe9313641,0x161643f280b09be8e0271eef8efc6c264d125003,0x32eecc693bd439f107803fecee02ddd9237d8c0f,2026-08-07T21:18:07,dense_internal_fund_flow;token_activity_burst,0xa9059cbb,true
25703299,0x356fc81f99e21caf91cc2733343e73c5165642104b1282c446991e09a141b5b1,0xa154b98e53fc35e1bad1ff758acbc8c629bdcd2b,0x19917386eeae67b6ff7ddf07de4019fca40aa4ec,2026-08-07T21:18:13,repeated_internal_token_drain;dense_internal_fund_flow;very_complex_trace;high_gas_used_context;token_activity_burst;repeated_risky_internal_calls,0xa9059cbb,true
25703299,0x6328441454e32ad37e38c25b35441fc58ae4b6ee9e7ac7d5af5c8f42ee3b871b,0x1584a8ee67789d1fe161065388657ad2f2a3c7dd,0x77eb52e44db06777bce478159f25c0d55a295314,2026-08-07T21:18:13,repeated_internal_token_drain;dense_internal_fund_flow;complex_trace;token_activity_burst;repeated_risky_internal_calls,0xa9059cbb,true
25703299,0x730c29a9f0badceb2233c952a43a0b9343bd1d3470f4d2663315a6ea09cb0488,0x81633c1357ddb25d8625efb2cad26a60988475bf,0x0c9a3dd6b8f28529d72d7f9ce918d493519ee383,2026-08-07T21:18:13,large_erc20_asset_flow;complex_trace,0xc16ae7a4,true
25703299,0x734057b49a1d7f7e6a7586cf9df95046bf7284008aff11db4afc96afa33dd377,0x738d2524b182f9d38abcb45e298477acf452fcf0,0x28b1dc1a5e3699a428bc51d234dfab7c9cb2a183,2026-08-07T21:18:13,very_complex_trace;high_gas_used_context,0x0c307f76,false
25703299,0x84e2fc2a6590324a9787041216adfdfc545d8f32ebac85486958c8590897e543,0x5b43453fce04b92e190f391a83136bfbecedefd1,0xbdb3ba9ffe392549e1f8658dd2630c141fdf47b6,2026-08-07T21:18:13,complex_trace;token_activity_burst,0x000000c3,false
25703299,0xa73f6e3aabf2bf361c8d125442a0ffe95eade4c400b5b127f611d5756424da75,0xd8495b95a3a6a85f4e3baa003e8b7ed1ed85562d,0x62de59c08eb5dae4b7e6f7a8cad3006d6965ec16,2026-08-07T21:18:13,large_erc20_asset_flow;complex_trace;high_gas_used_context,0xc5a67b01,true
25703299,0x77e6868f196599c2cbc245eb440813516bd79f29ad29979c912749011391fc8d,0x3431172c887cf150d9fdaba9876273d9db566367,0x64f5aad0e38e2ff9f50f2e51e813e49c05aca41a,2026-08-07T21:18:14,repeated_internal_token_drain;dense_internal_fund_flow;complex_trace;high_gas_used_context;token_activity_burst;repeated_risky_internal_calls,0xa9059cbb,true
25703299,0x69fd0c8b47e30f4ac78ac93b8bdc394e739ba7c5d70c4b8e7e697640369d0ca3,0xce269e6ce7e1ba8bd5c1b11c3933c3ebe95742d9,0xcb0151ac9479a6a0261622baa63ae843c9793d45,2026-08-07T21:18:15,large_erc20_asset_flow;complex_trace,0x64cd187f,true
25703299,0xec456909d86de70a3167f162ae572e175a414d677c942460673aee59694b9809,0x03d9964f4d93a24b58c0fc3a8df3474b59ba8557,0x5654f9b89ac6952f09043c1282114dbd32bcc2e5,2026-08-07T21:18:15,large_erc20_asset_flow;complex_trace;high_gas_used_context,0x0e5c011e,true
25703300,0x0337a7fd7a70d9e8af314d45b4232f3cbf2feb9e6e6147e7711c422e5327e7fc,0xb1bd944671f52699af38e758791f520a60020b11,0x4c82d1fbfe28c977cbb58d8c7ff8fcf9f70a2cca,2026-08-07T21:18:23,dense_internal_fund_flow;complex_trace,0x3593564c,true
25703300,0x06b4691b6883ca97cd6ba4cff05a9fcd160f51908f6d3abc965ee4e3db4d5dff,0xe99bd1c2dd70cd58e5efd47887991700e7318ce2,0xad3b67bca8935cb510c8d18bd45f0b94f54a968f,2026-08-07T21:18:23,complex_trace;high_gas_used_context;token_activity_burst;approval_burst,0x146ee74d,false
25703300,0x51fb018276fd875d77e715a7b1a3a9ba016f83e500bac287a2a4aa58e33d18d6,0xac741693ec31dc0778a61d0638554509760bf170,0x0c2705cf48e49cc896252dd16dc8c5d31df753b2,2026-08-07T21:18:23,privileged_execution_context;high_gas_used_context,0x8e29b73d,false
25703300,0xba8459e3603aee6eb42bac07577f34ba4ba539373f4e7dabbfa2382403bb7af4,0x0e0052a184fd59c6b7e1e99d739802ecb3aec0e4,0x0b8a49d816cc709b6eadb09498030ae3416b66dc,2026-08-07T21:18:23,complex_trace;token_activity_burst;approval_burst,0xf497df75,false
25703300,0xcbe2199f6572e6f0cafff82ed8cda421f3af74b5c57c8a97e8e8698e3891a9a3,0x8d453aff3b78bd81fca51db45799e827f36b1455,0x03f34be1bf910116595db1b11e9d1b2ca5d59659,2026-08-07T21:18:23,dense_internal_fund_flow;complex_trace,0xe47d166c,true
25703300,0xd5fd26504d618e16508e29105c3a17bdf02f43145d72941d3086802512240d75,0xa87ce067d12ea80397860dc5acae3c962ec46302,0x03f34be1bf910116595db1b11e9d1b2ca5d59659,2026-08-07T21:18:23,dense_internal_fund_flow;complex_trace,0xe47d166c,true
25703301,0xe3db6362dafb1b451eb6bc679b23a85cffbaba873a0652483b093a9afb15bd4d,0x80d04079ffc53eb14edbeeb37279d126f45552df,0x1014ccdf986ebd95360603df5a16e6216f3336f4,2026-08-07T21:18:26,repeated_internal_token_drain;dense_internal_fund_flow;complex_trace;token_activity_burst;repeated_risky_internal_calls,0x8aaa8f3b,true
25703302,0x83863137d36132cf7eb263c29547d69a8b31545e287365462cb48f5ff34ef07e,0x7bf30399dba8051c2bf191afe2cd07ea4e064625,0xbdb3ba9ffe392549e1f8658dd2630c141fdf47b6,2026-08-07T21:18:35,large_erc20_asset_flow,0x00000069,true
25703302,0xd3e0eb23fe5e73f9e8a432b43a50dfc00a923c4669a79f2ceb93ec6da47bac7f,0x1105afaf3002a48a305afd631e3cb57277ceb0ea,0xb2c72a665c08c4a619d888ea3d5cfeb6601a9dc2,2026-08-07T21:18:37,complex_trace;high_gas_used_context;token_activity_burst;approval_burst,0x0fed9b39,false
25703302,0x1ae00d0a54eca41d0a665a7d8192c617149e4d1460585fa1046fe963a7b8fbc2,0x0e0052a184fd59c6b7e1e99d739802ecb3aec0e4,0x0b8a49d816cc709b6eadb09498030ae3416b66dc,2026-08-07T21:18:38,complex_trace;approval_burst,0xf497df75,false
25703302,0x1fba704df8b75e10af2301985486f0bb60942f67eb4b4e5e8552fec7daf3096d,0xc24717575b50737454da26a6485bf36e6566f081,0x28b1dc1a5e3699a428bc51d234dfab7c9cb2a183,2026-08-07T21:18:38,large_erc20_asset_flow;complex_trace;high_gas_used_context,0x0c307f76,true
25703302,0xab5866b86092383d0cbb11915ea57b6c59310a9d43fa4c08fcae6dbd01a9e4c0,0xb47c72be8a2968dec42d3b9d8c6f464224605bfd,0x6566194141eefa99af43bb5aa71460ca2dc90245,2026-08-07T21:18:38,large_erc20_asset_flow;complex_trace,0x374f435d,true
25703302,0xbcbd6c633e3be7b1255b16d626644cc296291ea46c7d5103c2bb66841dc14314,0x456497a7e444450a66d8e20eae20bc0f439bc2c4,0x5cc9400ffb4da168cf271e912f589462c3a00d1f,2026-08-07T21:18:38,complex_trace;high_gas_used_context;token_activity_burst,0xf41b2db6,true
25703302,0x951d1dda9ae4b535a453c60c31ad9eef20da26ec39f5a5fa2702b80280e5c597,0x59aab1bd0d26290274398c07b55955c15425e16b,0x00fe78205f5f0e63b8ad2b2ae5337f538a610e04,2026-08-07T21:18:39,repeated_internal_token_drain;dense_internal_fund_flow;complex_trace;high_gas_used_context;token_activity_burst;repeated_risky_internal_calls,0x34fcd5be,true
25703302,0xc6cf1483d83b5e44f6824d9ba327f3d12e3e3cb50d5cae322e1650c629a36f7b,0x0d35d950fdb0741f11c4384dad15a07edb26e21a,0x15622c3dbbc5614e6dfa9446603c1779647f01fc,2026-08-07T21:18:39,very_complex_trace;high_gas_used_context;token_activity_burst,0x6c665a55,true
25703303,0x4d9c7e5ae015e83cb533ca3cd4064bf24c4f8d16a77edfe5b7fdbb82b9fb490a,0xfb492ccf648fb4814ae68b5225a149a22e9a63af,0x03f34be1bf910116595db1b11e9d1b2ca5d59659,2026-08-07T21:18:46,dense_internal_fund_flow;complex_trace,0xe47d166c,true
25703303,0xf3df373e6fb7b58c0d320d6a472abfeb4cb87f2f8eef97e51e684a204e7e9f98,0x85c7d3e14aede07efad6bb10741bf50767ca9566,0x03f34be1bf910116595db1b11e9d1b2ca5d59659,2026-08-07T21:18:46,dense_internal_fund_flow;complex_trace,0xa32fe0a1,true
25703303,0x069a67decfdb92e3f7b2c28ae6f0fc550a424dae740e11e2894e31b414b33111,0x528a5a46e252638c28842e08adb78fd9e72984cf,0x0439e60f02a8900a951603950d8d4527f400c3f1,2026-08-07T21:18:47,dense_internal_fund_flow;complex_trace,0x3ce33bff,true
25703303,0xb5eeb4ed02ebab7072becdf2b9cbcbbee6779e4dbb15e40104456a146ce3b732,0x9ceee5fd8d857e9b95c7f3d7c306c95bd7eb8d41,0xd15b41d69ca3786b36e8d53a9aab8d50f670b8ba,2026-08-07T21:18:47,large_mint_to_sender;complex_trace,0x734029bf,true
25703303,0xd3acf037593c7f054cf97e2f06e66dd0e991abfb66768b03475b1c59c4ff8b9d,0x9642b23ed1e01df1092b92641051881a322f5d4e,0xfaf17849fb05a11a4e233f221bac99ca43fc83f8,2026-08-07T21:18:47,large_erc20_asset_flow,0x6b13fcb1,true
25703303,0xebc95cc7a4816cdb0ba5f1b6692edb4defe9286980af55ccc9ef6b531de722c7,0x1105afaf3002a48a305afd631e3cb57277ceb0ea,0xb2c72a665c08c4a619d888ea3d5cfeb6601a9dc2,2026-08-07T21:18:48,complex_trace;high_gas_used_context;token_activity_burst;approval_burst,0x0fed9b39,false
25703304,0x143d794ee9f5199e18862644292fa62f797ae150b48faa7eb0aac08cca8be53e,0x1b878f3af0a7420ef87899696caad92e63e5c4ae,0xa0f1c3ad83e07d97b5e7030e177718be175275ea,2026-08-07T21:18:55,large_erc20_asset_flow;complex_trace,0x12aa3caf,true
25703304,0x1c7b20dd27e3a19829cf9c8669ffce28bb61fb964482354ec0a175d71314126f,0x1a68eca989f04f8ce3c150932154f5a44838f83a,0x881d40237659c251811cec9c364ef91dc08d300c,2026-08-07T21:18:57,complex_trace;token_activity_burst,0x5f575529,true
25703304,0xaa3097ed42593cb77b08d908299af2400eab9a345000b198cee64979a2941d1f,0x1105afaf3002a48a305afd631e3cb57277ceb0ea,0xb2c72a665c08c4a619d888ea3d5cfeb6601a9dc2,2026-08-07T21:18:57,complex_trace;high_gas_used_context;token_activity_burst;approval_burst,0x0fed9b39,false
25703305,0x0286c8ff1d235737d05aece45ff5d06ea490bf547629ed7439ca0bae88a50340,0xfeed46c11f57b7126a773eec6ae9ca7ae1c03c9a,0xbeeff2c5bf38f90e3482a8b19f12e5a6d2fca757,2026-08-07T21:19:06,large_erc20_asset_flow;complex_trace;high_gas_used_context;token_activity_burst,0xac9650d8,true
25703305,0x153abf9f9ba36457822325c92fce2ec791c9f0cd6e64f883f44a440a4f89b40b,0xf70da97812cb96acdf810712aa562db8dfa3dbef,0xb92fe925dc43a0ecde6c8b1a2709c170ec4fff4f,2026-08-07T21:19:06,dense_internal_fund_flow;complex_trace,0xcd6e13f7,true
25703305,0x2213f3f48b3d722417a176b5bc3d65670883d2cc6208ce011d02c563589a1e54,0x3a2f647cc3cbbb7b9e4167f061761aaf3cf3af57,0xac9f360ae85469b27aeddeafc579ef2d052ad405,2026-08-07T21:19:06,dense_internal_fund_flow,0xe4899c13,true
25703305,0x64f0ae7977c2560ee95e22e7d6158645807acc01ffdaffe277bda6bbc3190028,0xa154b98e53fc35e1bad1ff758acbc8c629bdcd2b,0x19917386eeae67b6ff7ddf07de4019fca40aa4ec,2026-08-07T21:19:06,repeated_internal_token_drain;dense_internal_fund_flow;complex_trace;high_gas_used_context;token_activity_burst;repeated_risky_internal_calls,0xa9059cbb,true
25703305,0x9ad74a9da9afd677739b937619a834ee63b8fc5d9d1aec98f482838c9fdf9ade,0x1105afaf3002a48a305afd631e3cb57277ceb0ea,0xb2c72a665c08c4a619d888ea3d5cfeb6601a9dc2,2026-08-07T21:19:06,complex_trace;high_gas_used_context;token_activity_burst;approval_burst,0x0fed9b39,false
25703305,0xab37c09c2e152da3e59b6ce86fbde908c247ad61be19031f6529aac856b899fe,0xcf19ce1f4a77903e203ad6ea2bf912855fe2b5e2,0xd0764fae29e0a6a96ff685f71cfc685456d5636c,2026-08-07T21:19:06,dense_internal_fund_flow;complex_trace,0x23caab49,true
25703305,0xb2f5af4e1ce69556ccfd71171c90ceeb8043ca718665e363dd90eda402a315de,0x8e89564670087fb951c79c03c0d68055693c7aa8,0x4b47d7291664beb43e03588e2698e10ba2cd21b3,2026-08-07T21:19:06,large_erc20_asset_flow;complex_trace;high_gas_used_context;token_activity_burst;approval_burst,0x9eb723c7,true
25703305,0xdab046658182a9d3c53c8d8ce685e59a595bbe3602d7d5e3140f0fc08216b075,0x89a20dd0196f48e61a4a1fe1a8923e3f373461e9,0x28b1dc1a5e3699a428bc51d234dfab7c9cb2a183,2026-08-07T21:19:06,complex_trace;high_gas_used_context;token_activity_burst;approval_burst,0x0c307f76,true
25703305,0xe0f616e8f37632112368203dd25a58517e9e3585699e996501469a0328057aa5,0x85c7d3e14aede07efad6bb10741bf50767ca9566,0x03f34be1bf910116595db1b11e9d1b2ca5d59659,2026-08-07T21:19:06,dense_internal_fund_flow;large_erc20_asset_flow;complex_trace,0xa32fe0a1,true
25703306,0x2662afa8983be7918e7b9650ca56a5c018eb8af950e404e5586397539965ccc6,0x331d9a049d496385998067abf6cbb6371c8d2466,0xccc88a9d1b4ed6b0eaba998850414b24f1c315be,2026-08-07T21:19:13,complex_trace;high_gas_used_context;token_activity_burst,0x0a2b8f36,false
25703306,0xa039722f9c839a96dd1d517c33de91ae6b510c0d485adf2e9c3f34af03fd099a,0xc6acbee42e9e323140c1ed060c2f6ea9cc3b4b75,0x7c5a71c9fefbc7691f9d4ac7baf70c743792f716,2026-08-07T21:19:14,selfdestruct_context,0xf3fef3a3,false
25703306,0xa17c13bab7c34c32279edafdce690f7b6cc2429af22657eba3780257170a20f3,0x1105afaf3002a48a305afd631e3cb57277ceb0ea,0xb2c72a665c08c4a619d888ea3d5cfeb6601a9dc2,2026-08-07T21:19:14,complex_trace;high_gas_used_context;token_activity_burst;approval_burst,0x0fed9b39,false
25703306,0xab49ca22b3d57d6f4e27dc715f81acbe2ff372ef6223386ab3aeabfedddf294a,0x4d59615405d4e901dec4f0d5aeee009a7ae084a4,,2026-08-07T21:19:14,privileged_execution_context;high_gas_used_context;contract_creation_context,0x60803460,false
25703306,0xd5e30d4662862ce45cb77a19d399671a9b09e3f23cba2ffb94de4faf246e9073,0x1584a8ee67789d1fe161065388657ad2f2a3c7dd,0x77eb52e44db06777bce478159f25c0d55a295314,2026-08-07T21:19:14,repeated_internal_token_drain;dense_internal_fund_flow;complex_trace;high_gas_used_context;token_activity_burst;repeated_risky_internal_calls,0xa9059cbb,true
25703307,0x366db37973a2df69a4e2f771579acef006a9e8b64541ab83c61823c38e879fcc,0x9c97ee995ee9d19f5afbb2bd979c6ede03000e7f,0x0000000071727de22e5e9d8baf0edac6f37da032,2026-08-07T21:19:20,complex_trace;high_gas_used_context;token_activity_burst,0x765e827f,false
25703307,0xdff7aaa779fcd3f0152d26135690115066c7fcf80de00b318425b4154869a51a,0x1105afaf3002a48a305afd631e3cb57277ceb0ea,0xb2c72a665c08c4a619d888ea3d5cfeb6601a9dc2,2026-08-07T21:19:20,complex_trace;high_gas_used_context;token_activity_burst;approval_burst,0x0fed9b39,false
25703308,0x9d844647c8810edf3979e85505910df6aa6dd990fd395c7d3a42a503df7880bf,0x7830c87c02e56aff27fa8ab1241711331fa86f43,0xa9d1e08c7793af67e9d92fe308d5697fb81d3e43,2026-08-07T21:19:28,dense_internal_fund_flow,0x1a1da075,true
25703308,0x4e79386cda0391e98eb42737ba423cdb189f1c2af720cd50d08e7d703b2acee3,0x6722b2c28d7d299b56a5febedbbe865a84ee0d7d,0x85a4d86e61a38458eb8be5546cbf95af039a1dec,2026-08-07T21:19:30,complex_trace;high_gas_used_context,0xc4bede6b,true
25703308,0x61c473611a7f16a4dc24c8130cba714fa593fa0cb7ff910fe73b7794db9b2884,0x59aab1bd0d26290274398c07b55955c15425e16b,0x00fe78205f5f0e63b8ad2b2ae5337f538a610e04,2026-08-07T21:19:30,high_gas_used_context;token_activity_burst,0x34fcd5be,false
25703308,0x94586d88d68aec6611b2b9843436c60f76a99fcfdb465d8cf110711bffc851b9,0x5f2a0bd63f6275e06320bcb31899af3525656898,0xfd4c62647a34ff6d6802092f5fbe176099223b61,2026-08-07T21:19:30,large_erc20_asset_flow;complex_trace,0xe6d66ac8,true
25703308,0xa0e372e047780331d6295d231e7d72d60e0775f36cdeae447a33eaa3a16557f9,0x70e59f9c304e4d5096bd408b571e2dcd99c3120b,0xad3b67bca8935cb510c8d18bd45f0b94f54a968f,2026-08-07T21:19:30,complex_trace;approval_burst,0x146ee74d,false
25703308,0xf45410af8a9e01138b88638f785dc35c78e9846eeac3ceebcd2d319c9c40ce65,0xf7bac63fc7ceacf0589f25454ecf5c2ce904997c,0xca11bde05977b3631167028862be2a173976ca11,2026-08-07T21:19:30,dense_internal_fund_flow;complex_trace;high_gas_used_context;token_activity_burst,0x252dba42,true
25703308,0xfe811735961317665191b7acd04ffc6c8a487d2fb2e30ff458b6cb61ebd3130d,0x1105afaf3002a48a305afd631e3cb57277ceb0ea,0xb2c72a665c08c4a619d888ea3d5cfeb6601a9dc2,2026-08-07T21:19:30,complex_trace;high_gas_used_context;token_activity_burst;approval_burst,0x0fed9b39,false
25703310,0x37faa1d26476c3027c37545fb49e323d30f683082cd74f95255ec68153dd9ec0,0xf70da97812cb96acdf810712aa562db8dfa3dbef,0xb92fe925dc43a0ecde6c8b1a2709c170ec4fff4f,2026-08-07T21:19:45,dense_internal_fund_flow;complex_trace,0xcd6e13f7,true
25703310,0x835f181a8d22b4934692c625f1d62ac9077af760e3a278e55b817d317ccd5747,0x70e59f9c304e4d5096bd408b571e2dcd99c3120b,0xad3b67bca8935cb510c8d18bd45f0b94f54a968f,2026-08-07T21:19:45,large_erc20_asset_flow;complex_trace;high_gas_used_context;token_activity_burst;approval_burst,0x146ee74d,true
25703310,0xbb260e4d134b0b69e20e8328a2e096bbf83c8785570659fb5de049a0993930ca,0x1105afaf3002a48a305afd631e3cb57277ceb0ea,0xb2c72a665c08c4a619d888ea3d5cfeb6601a9dc2,2026-08-07T21:19:45,complex_trace;high_gas_used_context;token_activity_burst;approval_burst,0x0fed9b39,false
25703310,0xd5d2b2c5b32e18da9c29c008214cf6be992e0a263214b6a1bca42916e65ff477,0xf25952158e498eae764440176085e6b6ff37466f,0x0000000000000068f116a894984e2db1123eb395,2026-08-07T21:19:45,complex_trace;high_gas_used_context,0x87201b41,false
25703310,0xe6b9ae4f5626371822587f0a9500a1457dc13bbb9636ad9c5d7427d3c8c5555a,0x6b063481f8216b5624ec496dd72376bef00faffd,0xa9d635ef85bc37eb9ff9d6165481ea230ed32392,2026-08-07T21:19:45,dense_internal_fund_flow;large_erc20_asset_flow;complex_trace,0x13d79a0b,true
25703310,0xf18cf83c4ea7a12bd31c5f0c246802b788f9d38896873a777b9681cd8ef048ae,0xfb62da2edeb66308ad2ce294ecf8f2ddebacbc21,0x28b1dc1a5e3699a428bc51d234dfab7c9cb2a183,2026-08-07T21:19:46,complex_trace;high_gas_used_context;token_activity_burst,0xf2c42696,true
25703310,0x09dcaabe4e963fd1db37bb2ce3569fe3165d73f641f45288bb9569417900510e,0x0e0052a184fd59c6b7e1e99d739802ecb3aec0e4,0x0b8a49d816cc709b6eadb09498030ae3416b66dc,2026-08-07T21:19:47,complex_trace;approval_burst,0xf497df75,false
25703310,0xa5210fcefc4df622242810fed5197dd9bc7514025ec291d5dbf43767da6d4502,0x7556699aa8e6a7c9c69bcfaf9debd05f8192b063,0x84cab37995229530d9e6e5cff2f8f4ebe4517d66,2026-08-07T21:19:47,dense_internal_fund_flow;complex_trace;high_gas_used_context,0xe587456a,true
25703310,0xf44d43ed0df6db58d7d1312ff9505862609cbc7cd20132df3abae331eedcc5a5,0x1584a8ee67789d1fe161065388657ad2f2a3c7dd,0x77eb52e44db06777bce478159f25c0d55a295314,2026-08-07T21:19:47,repeated_internal_token_drain;dense_internal_fund_flow;complex_trace;high_gas_used_context;token_activity_burst;repeated_risky_internal_calls,0xa9059cbb,true
25703310,0x9cbd9254e5ba161a70054b816d64c605865698e6135573417edbc4ece2f9d919,0x35a31744530bf5963c83998344567965969b8f11,0x8090a9db6aca56ffa186c75ca0787b18af1058a0,2026-08-07T21:19:48,privileged_execution_context;complex_trace,0xd85064c2,false
25703311,0x38c66e50424e07c91f444076b7146096f76481f855cfd81aea411d555e226270,0xc6acbee42e9e323140c1ed060c2f6ea9cc3b4b75,0x7c5a71c9fefbc7691f9d4ac7baf70c743792f716,2026-08-07T21:19:58,selfdestruct_context,0xf3fef3a3,true
25703311,0x54e9fadf5e82048fecc3393f0701b7d3e798feb056f518019974a922cbcd30d4,0xe99bd1c2dd70cd58e5efd47887991700e7318ce2,0xad3b67bca8935cb510c8d18bd45f0b94f54a968f,2026-08-07T21:19:59,complex_trace;high_gas_used_context;token_activity_burst;approval_burst,0x146ee74d,false
25703311,0x3e7108405f36c0c89d06ccd5897597bb186c079c5aca563f38537af6dd6a6b05,0x1105afaf3002a48a305afd631e3cb57277ceb0ea,0xb2c72a665c08c4a619d888ea3d5cfeb6601a9dc2,2026-08-07T21:20:00,complex_trace;high_gas_used_context;token_activity_burst;approval_burst,0x0fed9b39,false
25703311,0x56d2e6a0edb55405a523d462874ce376aba62f2c10954bb943d534c9e06ae276,0xf043e74b1f84f622578cb893a8815f7ed58cfac8,0x77edae6a5f332605720688c7fda7476476e8f83f,2026-08-07T21:20:00,dense_internal_fund_flow;complex_trace,0x27772d13,true
25703311,0x8d4345ccf127acb8cb95d158f2d4532c413a671b3dac9227026f01f869d42133,0xc3c14cddabba96e414b095606f3bdc0f530b6786,0x6131b5fae19ea4f9d964eac0408e4408b66337b5,2026-08-07T21:20:00,large_erc20_profit_to_sender;large_erc20_asset_flow;complex_trace;high_gas_used_context,0xe21fd0e9,true
25703311,0xa797ab9936df197696c1f9aae14e59c777dfc34ebe291effcc2f6714a0188528,0xb677a382df95060fcf0f4fe6e43736f86c23d045,0x4c21b7577c8fe8b0b0669165ee7c8f67fa1454cf,2026-08-07T21:20:00,large_erc20_profit_to_sender;large_erc20_asset_flow,0xdb006a75,true
25703312,0x075388dda890bd9281862cd98f6a8b8904e368498768408b059c3785f0cfcd11,0x7830c87c02e56aff27fa8ab1241711331fa86f43,0xa9d1e08c7793af67e9d92fe308d5697fb81d3e43,2026-08-07T21:20:09,dense_internal_fund_flow,0x1a1da075,true
25703312,0x3b9a1f6b8f20825578308758395ca60cd0d5f06afa2465a104613d4fe9ec4d86,0x22face80f43b857141e9752c3bae8c3309fcdd0f,0xa1368d53a26b6f7aacf97575a94b286527f6cf6d,2026-08-07T21:20:09,selfdestruct_context,0xf3fef3a3,false
25703312,0x4b0b0a84e13d628c511b8d86d5aa52a54fc6bf52fdd2761b1db5d1cafd84eaa1,0x1105afaf3002a48a305afd631e3cb57277ceb0ea,0xb2c72a665c08c4a619d888ea3d5cfeb6601a9dc2,2026-08-07T21:20:09,complex_trace;high_gas_used_context;token_activity_burst;approval_burst,0x0fed9b39,false
25703312,0xafaabd66c2491b1427492bf7bea49cc78a4cf4f58a0e785259e6278b2e4c7e0b,0xbc5065ea3196d4d2d7218f0a73883996aec1b75d,0x88649f4743a758171077b98ee2003f1989b1615a,2026-08-07T21:20:09,complex_trace;high_gas_used_context,0x3271ba8d,false
25703312,0xf8e051abcdd54d5233f0e77be26e9e73b083e8c0b36f113329838c9818e7320a,0x7830c87c02e56aff27fa8ab1241711331fa86f43,0xa9d1e08c7793af67e9d92fe308d5697fb81d3e43,2026-08-07T21:20:09,large_erc20_asset_flow,0xca350aa6,true
25703312,0x87efd22243f149660b5e3717282a078a52f29900932a3532e33871eaeed7c624,0x3aa90778657dd85db1c17541e1ee53681eb71db4,0x81d79054be419e9c27cefe398d55a9b840abc014,2026-08-07T21:20:12,very_complex_trace;high_gas_used_context;token_activity_burst,0xac108acc,true
25703312,0xc23098d469c4a0df07e755f42573912d0f5cb628ef1216c99cfb6246196ff489,0xa154b98e53fc35e1bad1ff758acbc8c629bdcd2b,0x19917386eeae67b6ff7ddf07de4019fca40aa4ec,2026-08-07T21:20:12,repeated_internal_token_drain;dense_internal_fund_flow;very_complex_trace;high_gas_used_context;token_activity_burst;repeated_risky_internal_calls,0xa9059cbb,true
25703312,0xe74b73402100bfc3510093b2037c49a7b3158c009e45c73cd84ba58c1b648028,0xb3afb6db38a8e72905165c1fbb96772e63560790,0x9e0a538749a486bbf127f8848a6f2cf4e1e92dbd,2026-08-07T21:20:12,dense_internal_fund_flow;complex_trace,0xd05c2c94,true
25703312,0xf8d08744fca80bad68dbc3e02d3fbde5b47eb9b16af74002e59fefdaf2e85194,0x596b416954327852002bd200ae8bc7a7e3ca00ca,0xb300000b72deaeb607a12d5f54773d1c19c7028d,2026-08-07T21:20:12,dense_internal_fund_flow;complex_trace,0x810c705b,true
25703313,0x92564013293871527b9ac149aa8ce162a977a89bd1e8a118fc514f1523066f67,0x5b43453fce04b92e190f391a83136bfbecedefd1,0xbdb3ba9ffe392549e1f8658dd2630c141fdf47b6,2026-08-07T21:20:28,complex_trace;token_activity_burst,0x000000c3,false
25703313,0x068cb6a3d52aee68d639d26c3c9bae3033f5662afbdd0b2230e843838e354308,0x1105afaf3002a48a305afd631e3cb57277ceb0ea,0xb2c72a665c08c4a619d888ea3d5cfeb6601a9dc2,2026-08-07T21:20:29,complex_trace;high_gas_used_context;token_activity_burst;approval_burst,0x0fed9b39,false
25703313,0x7bba9b9707d0d85ea2919a7faf5eab35b6e4e9ea29701cd58a912a3352dd38bd,0xb55ee36a19b06bc0df69802abf0f849f1e4ff529,0xd1d7b571134d1f519485bf7b46d9e25698f62a65,2026-08-07T21:20:29,selfdestruct_context,0xf3fef3a3,true
25703313,0x7d46ec2a6da2c3603de3d07e7fbdd3f0e8e0286d2205a72b5388dda5be9ff998,0xe99bd1c2dd70cd58e5efd47887991700e7318ce2,0xad3b67bca8935cb510c8d18bd45f0b94f54a968f,2026-08-07T21:20:29,complex_trace;approval_burst,0x146ee74d,false
25703313,0x79af4f72f0fb2ca3049d14229a0e1f1796fdd7c711ebfc0f4ca092988b20ef1a,0xc240e522a58b26828644269f4b88d468786c1ab1,0x811a5b3d7e4fc7e645011b42fd1e1339de715b74,2026-08-07T21:20:30,large_erc20_asset_flow;complex_trace,0x6a761202,true
25703313,0x806d32ac736019303649a37cd645fe40b8e1b9da5e4ea1c9e0051133dce41698,0x3cfdc212769c890907bce93d3d8c2c53de6a7a89,0x0000000071727de22e5e9d8baf0edac6f37da032,2026-08-07T21:20:31,privileged_execution_context;complex_trace,0x765e827f,false
25703313,0xc214c09e7ef44112a12728bc7a09ac2e54abe40c96d35cdd458c0b41e16b771e,0x1584a8ee67789d1fe161065388657ad2f2a3c7dd,0x77eb52e44db06777bce478159f25c0d55a295314,2026-08-07T21:20:31,repeated_internal_token_drain;dense_internal_fund_flow;complex_trace;high_gas_used_context;token_activity_burst;repeated_risky_internal_calls,0xa9059cbb,true
25703313,0xec1ecb69322a4be037cd4bf07cd027beb301388ab2b95677a12be67f5e58bfc3,0x80d04079ffc53eb14edbeeb37279d126f45552df,0x1014ccdf986ebd95360603df5a16e6216f3336f4,2026-08-07T21:20:31,repeated_internal_token_drain;dense_internal_fund_flow;complex_trace;token_activity_burst;repeated_risky_internal_calls,0x8aaa8f3b,true
25703314,0x4ef39a885f4ce18bb3c39d13987754751e5192943fd97c9343bf1f1dd7ceacf7,0x8e48165e7a3e2bfed872a4bd6af50d14a9302438,0xcfbfac74c26f8647cbdb8c5caf80bb5b32e43134,2026-08-07T21:21:08,privileged_execution_context,0x4515641a,false
25703315,0x5d5eecefcefc09989c050589ca314d423e3aeb97f7e5a649232c3001162f91b8,0x1105afaf3002a48a305afd631e3cb57277ceb0ea,0xb2c72a665c08c4a619d888ea3d5cfeb6601a9dc2,2026-08-07T21:21:14,complex_trace;high_gas_used_context;token_activity_burst;approval_burst,0x0fed9b39,false
25703315,0xf66fd211719ada164b6d0f93e5565996001860f8439f851669977813cadd5ab3,0x59aab1bd0d26290274398c07b55955c15425e16b,0x00fe78205f5f0e63b8ad2b2ae5337f538a610e04,2026-08-07T21:21:17,repeated_internal_token_drain;dense_internal_fund_flow;complex_trace;high_gas_used_context;token_activity_burst;repeated_risky_internal_calls,0x34fcd5be,true
25703315,0xcc90688c2b40fccb5895db7654d7cd0633763637441741f7b0b128ac350c7d98,0x0ad5f4446169ea01c17abec62f0a5464d41243a9,0x9aaddbb077a873ad0551441fc175b34e2ac76005,2026-08-07T21:21:19,large_erc20_asset_flow;very_complex_trace;high_gas_used_context;token_activity_burst;approval_burst,0x6a761202,true
25703316,0xa6860abbb6842f9899fb3c746627a37783ed5fe980516f99027075eac99994d1,0x5b43453fce04b92e190f391a83136bfbecedefd1,0xbdb3ba9ffe392549e1f8658dd2630c141fdf47b6,2026-08-07T21:21:29,dense_internal_fund_flow;complex_trace;token_activity_burst,0x000000c3,true
25703316,0xf3e51471a30e165693b7576f97d7c84376992990a9ce26c26f846126e2af5da6,0x1105afaf3002a48a305afd631e3cb57277ceb0ea,0xb2c72a665c08c4a619d888ea3d5cfeb6601a9dc2,2026-08-07T21:21:29,complex_trace;high_gas_used_context;token_activity_burst;approval_burst,0x0fed9b39,false
25703316,0x3a8f3853dff1de75e5098efe9978c9deb44fee2e1af3441ad6c5a51d2bafcdd1,0xb3afb6db38a8e72905165c1fbb96772e63560790,0x9e0a538749a486bbf127f8848a6f2cf4e1e92dbd,2026-08-07T21:21:30,dense_internal_fund_flow;complex_trace,0xd05c2c94,true
25703316,0xe3f6203ad7e4b1465eb3187480b1bb88c08673aaa6b76e11be8913c5f9806c95,0xfea03510c2989a4a8ba8435e01d86b73c98f4d07,0x2401c39d7ba9e283668a53fcc7b8f5fd9e716fdf,2026-08-07T21:21:30,dense_internal_fund_flow,0x3a4b66f1,true
25703316,0x049ca727ca1c25262e52c9e8e02d23be4e54afcb3771cfe4c24f8e31dc4e851d,0x4337020f43d3d7d2f5e4160397efea49aefa5e7d,0x4337084d9e255ff0702461cf8895ce9e3b5ff108,2026-08-07T21:21:31,dense_internal_fund_flow;large_erc20_asset_flow;complex_trace,0x765e827f,true
25703316,0x2a1ff911742c9f95af11557cdca9d2b9ebf67a01d8bbf6b92a09e91b929c6212,0x161643f280b09be8e0271eef8efc6c264d125003,0x32eecc693bd439f107803fecee02ddd9237d8c0f,2026-08-07T21:21:31,dense_internal_fund_flow;token_activity_burst,0xa9059cbb,true
25703316,0x46f34e9fc8766c9e5372eda09fbe1de8cfcd920622a1655cdc0618145684b3b9,0x1584a8ee67789d1fe161065388657ad2f2a3c7dd,0x77eb52e44db06777bce478159f25c0d55a295314,2026-08-07T21:21:31,repeated_internal_token_drain;dense_internal_fund_flow;complex_trace;token_activity_burst;repeated_risky_internal_calls,0xa9059cbb,true
25703316,0x96f062701d53b9e64ae0147eb2f986de581fc6eb664632f26633e33c8389b748,0xe274480da5dcbad88b174ecddcc3866121bf06c6,0x28b1dc1a5e3699a428bc51d234dfab7c9cb2a183,2026-08-07T21:21:31,dense_internal_fund_flow;complex_trace,0x0c307f76,true
25703317,0x23b49de7a0ec176535c49d65e91f168901cc2d80f31fc840ff3acbf14f774369,0xb7d653aeab9a769b3dadeb28ed31f0d75ad5331a,0xf9280799c85d376e0425f6fb38e4a674e8bedb56,2026-08-07T21:21:40,dense_internal_fund_flow,0x39ecce49,true
25703317,0x503db08900f7c659f6af4639beadf8231830596e2fe6ff33063469695cc65e47,0xfb661ac1661e475f7d1533d73c9393af011f67d8,0x0000000000001ff3684f28c67538d4d072c22734,2026-08-07T21:21:41,dense_internal_fund_flow;complex_trace,0x2213bc0b,true
25703317,0x222f8935e23e92586d7da47ab8787ca78c5a6a5d506b1dda985c44c08d75b775,0xa154b98e53fc35e1bad1ff758acbc8c629bdcd2b,0x19917386eeae67b6ff7ddf07de4019fca40aa4ec,2026-08-07T21:21:42,repeated_internal_token_drain;dense_internal_fund_flow;very_complex_trace;high_gas_used_context;token_activity_burst;repeated_risky_internal_calls,0xa9059cbb,true
25703318,0x9a3df2984748f41014d3734fad4ded8ec14f0fb8cb60cc7600a9f43fa9613dc6,0x24f5930ab024bf7d030aec9648ce4e984f46b5eb,0x4f319e2c2adb4e2b124b7833d590e7e547926421,2026-08-07T21:21:50,complex_trace;high_gas_used_context,0x873f371c,false
25703318,0xd495bb31ed4ce1cbfcf1a5ad539f48ec1880645a28766eb3273b2d7a5f9c675f,0xa7569437638dbafe9648fe4cd49341012fcc3a8b,0x28b1dc1a5e3699a428bc51d234dfab7c9cb2a183,2026-08-07T21:21:50,complex_trace;high_gas_used_context,0x0c307f76,false
25703318,0x2aca24f7932388040b64c6d63d055b2a4944c28a4c7be46eca24e16610464dfd,0x1105afaf3002a48a305afd631e3cb57277ceb0ea,0xb2c72a665c08c4a619d888ea3d5cfeb6601a9dc2,2026-08-07T21:21:51,complex_trace;high_gas_used_context;token_activity_burst;approval_burst,0x0fed9b39,false
25703318,0x31c549a0878917d33d47fdf3fc02fc47a405813f17daa178805c7f89677ee25d,0xa5b28529a37af989483bf286f6e68179d5cf06c5,0x0439e60f02a8900a951603950d8d4527f400c3f1,2026-08-07T21:21:51,dense_internal_fund_flow;complex_trace,0x3ce33bff,true
25703318,0xf70692b99c4d962138e3737655e147f9a582fd45a0d08d4be015de0f9838e15e,0x7b49bc3ebbdf7322f31c6449320382bbec3be1b6,0xad3b67bca8935cb510c8d18bd45f0b94f54a968f,2026-08-07T21:21:51,complex_trace;high_gas_used_context;token_activity_burst;approval_burst,0x146ee74d,false
25703318,0xd13f8e87e98d95aa885b2af97cf2125b95c7cc8de81c929b797bc8d4f964c9eb,0x82fcfffe80d80365a5f2f42a6ea87d1e815bec4c,0x6566194141eefa99af43bb5aa71460ca2dc90245,2026-08-07T21:21:52,large_erc20_asset_flow,0x374f435d,true
25703318,0xb20629c602daa3e48d20039ee824633736d45eac5f9c6344cca650d1f79e8206,0x7dfb9620b8e54f81375a371828e26fde095200e7,0xd523794c879d9ec028960a231f866758e405be34,2026-08-07T21:21:53,dense_internal_fund_flow;complex_trace,0x3a29dbae,true
25703318,0xc71b4f3922b9fc759c07619a6f61b5fbd0a22b7b8a655b476267252dcfd3742f,0x948e8353c6ff7cc9832a78e51bef1b6bfa5d95ff,0x3154cf16ccdb4c6d922629664174b904d80f2c35,2026-08-07T21:21:53,dense_internal_fund_flow;complex_trace,0xe11013dd,true
25703319,0x5272cc62c59fc9b1345ac13b9f9592976eac9555ac6780e8fa49e26935df126a,0x1105afaf3002a48a305afd631e3cb57277ceb0ea,0xb2c72a665c08c4a619d888ea3d5cfeb6601a9dc2,2026-08-07T21:21:58,complex_trace;high_gas_used_context;token_activity_burst;approval_burst,0x0fed9b39,false
25703320,0x2bb09d12673d8924e96055e206bb0117138a4c1189c77d1d006361ce91166d0a,0x59aab1bd0d26290274398c07b55955c15425e16b,0x00fe78205f5f0e63b8ad2b2ae5337f538a610e04,2026-08-07T21:22:04,complex_trace;high_gas_used_context;token_activity_burst,0x34fcd5be,false
25703321,0xffe49cb3757ad448550ecdf09c33146c095b926e71654ef73545b8a345f0ddea,0x5b43453fce04b92e190f391a83136bfbecedefd1,0xbdb3ba9ffe392549e1f8658dd2630c141fdf47b6,2026-08-07T21:22:13,complex_trace;high_gas_used_context;token_activity_burst,0x000000c3,false
25703321,0xe4131bb9d83b054e6a5a164641a09f8c74b53fe7cc4ca63a7b433be32c51026a,0x1105afaf3002a48a305afd631e3cb57277ceb0ea,0xb2c72a665c08c4a619d888ea3d5cfeb6601a9dc2,2026-08-07T21:22:16,complex_trace;high_gas_used_context;token_activity_burst;approval_burst,0x0fed9b39,false
25703321,0xfb6362f5f7525e366274244e1ad6b5d3db0ca829acff028edf3b4ee1f315b4bf,0xc6acbee42e9e323140c1ed060c2f6ea9cc3b4b75,0x7c5a71c9fefbc7691f9d4ac7baf70c743792f716,2026-08-07T21:22:16,selfdestruct_context,0xf3fef3a3,false
25703321,0xdd9d2195c844aa00a5bf5a52853f1dc1389fb30ff12c2f3ccc5348faf070b19a,0xa154b98e53fc35e1bad1ff758acbc8c629bdcd2b,0x19917386eeae67b6ff7ddf07de4019fca40aa4ec,2026-08-07T21:22:18,repeated_internal_token_drain;dense_internal_fund_flow;very_complex_trace;high_gas_used_context;token_activity_burst;repeated_risky_internal_calls,0xa9059cbb,true
25703321,0xe4f70d3617220da56fbd8983ec8b933ae7624cf58f7c769a26be3777b383b261,0xc657c3e685ccb1de63734adb3c615b04892df55a,0x1231deb6f5749ef6ce6943a275a1d3e7486f4eae,2026-08-07T21:22:18,dense_internal_fund_flow,0x4c279d6b,true
25703321,0xe7430f689866643c35b3b9e2517fe75c8daa2414a266462b514d9c26373fe709,0x0f7c3f0e61ffcedc3524889b6e8280185ed69b94,,2026-08-07T21:22:18,privileged_execution_context;high_gas_used_context;contract_creation_context,0x61012034,false
25703321,0xee6bd8630e89efc260992335c46767ee04c86cf9e3e856a1017ce3be3e03970e,0x1584a8ee67789d1fe161065388657ad2f2a3c7dd,0x77eb52e44db06777bce478159f25c0d55a295314,2026-08-07T21:22:18,repeated_internal_token_drain;dense_internal_fund_flow;complex_trace;high_gas_used_context;token_activity_burst;repeated_risky_internal_calls,0xa9059cbb,true
25703322,0x1ece7d51c44b4b07fae825c8a775ec35420fd8f300ea27f81971fd367536611a,0x80c13953e6dc60944b574a683197a7397a19c395,0x3d9256ad37128e9f47b34a82e06e981719477c18,2026-08-07T21:22:22,dense_internal_fund_flow;complex_trace;high_gas_used_context,0xc01a8c84,true
25703322,0x9f0994b0171f6e62f1711476367f25af41463e0d921e98b663e0d32f84b0a7cb,0x7b49bc3ebbdf7322f31c6449320382bbec3be1b6,0xad3b67bca8935cb510c8d18bd45f0b94f54a968f,2026-08-07T21:22:23,complex_trace;high_gas_used_context;token_activity_burst;approval_burst,0x146ee74d,false
25703322,0x1833903b42e19dd703b2faac3c07f0dff1e2a4e974bbc1e198fa0e3817a39652,0x4734e9867ac51e7a2e8448f44814098c63e478a7,0x28b1dc1a5e3699a428bc51d234dfab7c9cb2a183,2026-08-07T21:22:24,complex_trace;high_gas_used_context,0x0c307f76,true
25703322,0x2c532f3ab4717e40d16bc43524e6fc7da69fc1d6c72cdcf9e3216d193c7a9e60,0xde992badd92adaf9146255e9bde6a70770973664,0x3d0f22bf11636cc9cb129e2b261eed35a487455c,2026-08-07T21:22:24,complex_trace;high_gas_used_context,0xa9059cbb,false
25703323,0x309d8a6ef4cd3524f0937482ccf877bb53d9dfe32ef7c465b45081d1792b0698,0x542db1a465fe63941fff367094e511fe81ad41b4,0xd90e2f925da726b50c4ed8d0fb90ad053324f31b,2026-08-07T21:22:35,dense_internal_fund_flow;complex_trace,0xb438689f,true
25703323,0xa7fa80e90bc560bb65750e53b8f027d20c41f9ec9e3b495c3b0beb1b2663c14e,0x7830c87c02e56aff27fa8ab1241711331fa86f43,0xa9d1e08c7793af67e9d92fe308d5697fb81d3e43,2026-08-07T21:22:35,dense_internal_fund_flow,0x1a1da075,true
25703324,0x10c4350c5cc06f4788315c2e7daa04cc17a054e3316b9dadc4bb6b7ae4676318,0x7b49bc3ebbdf7322f31c6449320382bbec3be1b6,0xad3b67bca8935cb510c8d18bd45f0b94f54a968f,2026-08-07T21:22:46,complex_trace;approval_burst,0x146ee74d,false
25703324,0x4adbb924e7129223b738c4372922d92b5d8a2eea8f579c0d7c8fdaa5c4cf8558,0xe9310e4affc84a6dd2df7a0dc21f4b6dd05cfce6,0x1231deb6f5749ef6ce6943a275a1d3e7486f4eae,2026-08-07T21:22:46,complex_trace;high_gas_used_context;token_activity_burst,0x80c65808,true
25703324,0x8f2eae97e41c189dcd2511ce4e959ab36c0fcc88d97fd212fa5b0b3e5448c286,0x1105afaf3002a48a305afd631e3cb57277ceb0ea,0xb2c72a665c08c4a619d888ea3d5cfeb6601a9dc2,2026-08-07T21:22:47,complex_trace;high_gas_used_context;token_activity_burst,0x0fed9b39,false
25703324,0x7ef2ff71ba404a029ed1257203cc27c57e8f21d9709995fdda27c3dcdf15be41,0xb47c72be8a2968dec42d3b9d8c6f464224605bfd,0x6566194141eefa99af43bb5aa71460ca2dc90245,2026-08-07T21:22:48,large_erc20_asset_flow;complex_trace,0x374f435d,true
25703324,0x57466a30896dd6a5107c5efe1c346eda89c150e9a2e424cd3a6eb8102179642f,0xa154b98e53fc35e1bad1ff758acbc8c629bdcd2b,0x19917386eeae67b6ff7ddf07de4019fca40aa4ec,2026-08-07T21:22:49,repeated_internal_token_drain;dense_internal_fund_flow;very_complex_trace;high_gas_used_context;token_activity_burst;repeated_risky_internal_calls,0xa9059cbb,true
25703324,0x2d54978a315faa881e4208a3cbffffe2eeb0799bc0e9d48704da3a96db8444b9,0x1584a8ee67789d1fe161065388657ad2f2a3c7dd,0x77eb52e44db06777bce478159f25c0d55a295314,2026-08-07T21:22:51,repeated_internal_token_drain;dense_internal_fund_flow;complex_trace;high_gas_used_context;token_activity_burst;repeated_risky_internal_calls,0xa9059cbb,true
25703324,0x45052b08e1a0f38108902f6cdf53cf48164f35c74af001b8424e8eae7cc56d07,0x59aab1bd0d26290274398c07b55955c15425e16b,0x00fe78205f5f0e63b8ad2b2ae5337f538a610e04,2026-08-07T21:22:51,repeated_internal_token_drain;dense_internal_fund_flow;complex_trace;high_gas_used_context;token_activity_burst;repeated_risky_internal_calls,0x34fcd5be,true
25703325,0x39c0dc1f1a96a79fcea3c1624d9c08200e60559b8fa027703fab23c364cd8d1c,0xd5a15af6d7514a866308e10ddb0610320a55beee,0x1231deb6f5749ef6ce6943a275a1d3e7486f4eae,2026-08-07T21:22:57,complex_trace;high_gas_used_context,0xa3443faa,false
25703325,0x68e62d388828ff147e68a07f56c6db12cb83ee2775549f5d70557aa8aeaa3d42,0x1105afaf3002a48a305afd631e3cb57277ceb0ea,0xb2c72a665c08c4a619d888ea3d5cfeb6601a9dc2,2026-08-07T21:22:57,complex_trace;high_gas_used_context;token_activity_burst,0x0fed9b39,false
25703325,0xb8deb4ddc41a14f7cb239238d74fa166c97c500748712af1eb89a0026c86e68c,0xf279dfcdd57e1571c95e2c5b7e2ee453cbcdf77f,0x0000000071727de22e5e9d8baf0edac6f37da032,2026-08-07T21:22:57,dense_internal_fund_flow;complex_trace,0x765e827f,true
25703325,0xb9da16d93d1db1f087b04ba18cc65f0d7ee3fc784dccafeaacfa2ebd38b852f8,0x0d2364f41fb2ed08653f69e3ab3c24caf5d2d844,0x881d40237659c251811cec9c364ef91dc08d300c,2026-08-07T21:22:57,dense_internal_fund_flow;complex_trace,0x5f575529,true
25703325,0xe23234cd6a2fda75f3eb1e7c5eb9a9a654dfd5d3e7c79cdd8b6777a58e2594c8,0xa4634515272e1f4eaf3956547799443066e276a0,0xf9280799c85d376e0425f6fb38e4a674e8bedb56,2026-08-07T21:22:57,dense_internal_fund_flow,0x39ecce49,true
25703325,0x471be6f87648b8f1e305545a573ada08f5c883c0fe89caca31d0bfb6080938be,0x1b1ea339ae1825ec995e29a40cb8ce497181db82,0xf4e147db314947fc1275a8cbb6cde48c510cd8cf,2026-08-07T21:22:58,privileged_execution_context,0x760d0f9d,false
25703325,0x62a6926c056712a55bf0064eaee84256a1b35f59e1f2ed4fa4178e9efe638867,0x35a31744530bf5963c83998344567965969b8f11,0x8090a9db6aca56ffa186c75ca0787b18af1058a0,2026-08-07T21:22:58,large_erc20_asset_flow;complex_trace,0xd85064c2,true
25703325,0x7a840cb4de0b24eab0c29806c68b32e5108b40d33d1a8d94ac7c97cd1a6c04fd,0x0e0052a184fd59c6b7e1e99d739802ecb3aec0e4,0x0b8a49d816cc709b6eadb09498030ae3416b66dc,2026-08-07T21:22:58,complex_trace;high_gas_used_context;token_activity_burst;approval_burst,0xf497df75,false
25703325,0xb369586d2126723bb28c9f78a38fd7c0703f59bd801870ba0c9f03193bf48af5,0x0e0052a184fd59c6b7e1e99d739802ecb3aec0e4,0x0b8a49d816cc709b6eadb09498030ae3416b66dc,2026-08-07T21:22:58,complex_trace;approval_burst,0xf497df75,false
25703326,0x085f466c2c14acb3aa9d8d7b41ff1d12cb655e778d1214591b0d0da051fb9f8a,0x263200d31dc97ec04117a816c6d66877eaa50269,0x6aba0315493b7e6989041c91181337b662fb1b90,2026-08-07T21:23:06,complex_trace;high_gas_used_context;token_activity_burst,0x4de165c3,false
25703326,0x4f5d883806550f7114f74bd4c6dcbb93c365c79cac4c6747fdab3df0286e3b03,0xe99bd1c2dd70cd58e5efd47887991700e7318ce2,0xad3b67bca8935cb510c8d18bd45f0b94f54a968f,2026-08-07T21:23:06,large_erc20_asset_flow;complex_trace,0x146ee74d,true
25703326,0x56fd77d6c6b512d44b5edab41325ddaff534ca9203234f4f36ebe30cfad8658a,0x1105afaf3002a48a305afd631e3cb57277ceb0ea,0xb2c72a665c08c4a619d888ea3d5cfeb6601a9dc2,2026-08-07T21:23:06,complex_trace;high_gas_used_context;token_activity_burst,0x0fed9b39,false
25703326,0x0eddbc9d18e64ad53bc31ca4fe310df2e9676d87774701643f84f3492b24648c,0xfd533b479073d1e020ae8e5ab02695c45eb28bbc,0xee030ec6f4307411607e55acd08e628ae6655b86,2026-08-07T21:23:07,dense_internal_fund_flow;complex_trace;high_gas_used_context,0x6e1537da,true
25703326,0x1dcd76eeb1df6fc923a092e64c60dde8bdec607954ae60decf824e79fb90ff47,0x59aab1bd0d26290274398c07b55955c15425e16b,0x00fe78205f5f0e63b8ad2b2ae5337f538a610e04,2026-08-07T21:23:08,complex_trace;high_gas_used_context,0x34fcd5be,false
25703326,0x7eb5711a43f8c8f7f7339e0c36c71c6355732a1b9af920ccb3fbb877a71591ee,0xd6434d157f254276d69ede3bd9fc805482206908,0x7ec8a30a34b86927dc77b302603d1d53e640bef7,2026-08-07T21:23:08,high_gas_used_context;token_activity_burst,0xa9059cbb,false
25703327,0x3ccf5cb01f50fa141727ddfcdf21e85762c544231a0f98157f6e7ce87b430044,0xa4634515272e1f4eaf3956547799443066e276a0,0xf9280799c85d376e0425f6fb38e4a674e8bedb56,2026-08-07T21:23:15,dense_internal_fund_flow,0x39ecce49,true
25703327,0x77e4aa74931a16a6e6ad3fb3a3f2dc3fc94bd591ab82e59e771c76293f7bef69,0x1105afaf3002a48a305afd631e3cb57277ceb0ea,0xb2c72a665c08c4a619d888ea3d5cfeb6601a9dc2,2026-08-07T21:23:16,complex_trace;high_gas_used_context;token_activity_burst,0x0fed9b39,false
25703327,0x3da7866d04a36b529b13b118d4b3295729797cf9c29ab889aa0289bcabdb6703,0x1584a8ee67789d1fe161065388657ad2f2a3c7dd,0x77eb52e44db06777bce478159f25c0d55a295314,2026-08-07T21:23:17,repeated_internal_token_drain;dense_internal_fund_flow;complex_trace;high_gas_used_context;token_activity_burst;repeated_risky_internal_calls,0xa9059cbb,true
25703327,0x4c1b0fe848046ca4d4536cb27e44de36ffa2a5b8d8a88632d8f67356bd253bce,0x59aab1bd0d26290274398c07b55955c15425e16b,0x00fe78205f5f0e63b8ad2b2ae5337f538a610e04,2026-08-07T21:23:17,repeated_internal_token_drain;dense_internal_fund_flow;complex_trace;high_gas_used_context;token_activity_burst;repeated_risky_internal_calls,0x34fcd5be,true
25703328,0xdfe6dc9ffa1e3d5974ec9b531b50b2c88e74bb54b0de4c1439e4c0bc37c76577,0x7830c87c02e56aff27fa8ab1241711331fa86f43,0xa9d1e08c7793af67e9d92fe308d5697fb81d3e43,2026-08-07T21:23:23,dense_internal_fund_flow,0x1a1da075,true
25703328,0xe36aea4757a5748fd79d6aab904de87b784eb99b536e6c6a3245a1561dfc31fa,0xd086664a36698590601fcab3f1286aff6a457752,0x80a64c6d7f12c47b7c66c5b4e20e72bc1fcd5d9e,2026-08-07T21:23:23,dense_internal_fund_flow,0x3d0e3ec5,true
25703328,0x5363fba31904078cc3d6cd6f9730f37bd07991dbd9b1c131a89baeb2e1892774,0x1105afaf3002a48a305afd631e3cb57277ceb0ea,0xb2c72a665c08c4a619d888ea3d5cfeb6601a9dc2,2026-08-07T21:23:24,complex_trace;high_gas_used_context;token_activity_burst,0x0fed9b39,false
25703328,0xe648c1237493681d7ca8241ea091245446243cc89c32b160f322e7ee29183fa3,0x5f9acf4e85aa7283e0c16dd94cbc942f9d625151,0xf7c04d03efdc876cc8cb59f0ad58290388edd004,2026-08-07T21:23:24,selfdestruct_context,0xf3fef3a3,true
25703328,0x05169bb9594c322e9e935c02545967ae13d73ebff41436061050f562259bc26f,0xa154b98e53fc35e1bad1ff758acbc8c629bdcd2b,0x19917386eeae67b6ff7ddf07de4019fca40aa4ec,2026-08-07T21:23:26,repeated_internal_token_drain;dense_internal_fund_flow;very_complex_trace;high_gas_used_context;token_activity_burst;repeated_risky_internal_calls,0xa9059cbb,true
25703328,0x6bef3df780b8b2f3c910c44744bde98f8657610d51074db6f94381aca4e9a413,0xb2b6a2b2611e0e64ae5042ec20a31158f5ce89c3,0x28b1dc1a5e3699a428bc51d234dfab7c9cb2a183,2026-08-07T21:23:26,dense_internal_fund_flow;complex_trace;high_gas_used_context,0x0c307f76,true
25703329,0xeb66b85c6066e07caa09b02574d81e52637db094d4a857c22308c7e283dd67ef,0x1105afaf3002a48a305afd631e3cb57277ceb0ea,0xb2c72a665c08c4a619d888ea3d5cfeb6601a9dc2,2026-08-07T21:23:33,complex_trace;high_gas_used_context;token_activity_burst,0x0fed9b39,false
25703329,0x65f2f320f42ac4ced94690a8f952f9ad5f3224507bd0608880a8c21f04220e89,0x8d453aff3b78bd81fca51db45799e827f36b1455,0x03f34be1bf910116595db1b11e9d1b2ca5d59659,2026-08-07T21:23:35,dense_internal_fund_flow;complex_trace,0xe47d166c,true
25703329,0x68e33535d9544443d9726fe8d4f1237c2ffdabef42d8788a665c470af68d2eb7,0x43370351c9a297bf8377ca1e46576401a9ac4bba,0x0000000071727de22e5e9d8baf0edac6f37da032,2026-08-07T21:23:35,privileged_execution_context;complex_trace,0x765e827f,false
25703329,0x94787aa78cecb81c7a659013699cde7525f8f959b349bddead940b23634d4abc,0x5eae0b3f6ab5b31b27cd2ae5f414b54d93ba6920,0x03f34be1bf910116595db1b11e9d1b2ca5d59659,2026-08-07T21:23:35,dense_internal_fund_flow;complex_trace,0xe47d166c,true
25703329,0xaf3cc3e90f2f65da8a82df7bb83230dbfafe50e917cceaedb2f5cccd484674e4,0x0e0052a184fd59c6b7e1e99d739802ecb3aec0e4,0x0b8a49d816cc709b6eadb09498030ae3416b66dc,2026-08-07T21:23:35,complex_trace;approval_burst,0xf497df75,false
25703329,0xb45f571603e1fb271d4eb9ee349aee48fb9a0b90b9ecf320f75a9888b3a0aa40,0x13598990d34d5bd8925ca98aa6dd533358f92020,0x0290fdcf3d70a610e070a81f79aab250040518d6,2026-08-07T21:23:35,complex_trace;high_gas_used_context,0x6a761202,false
25703330,0x2a8af1279a7f25f8b3a0f757b78f00240ca3721cacb3206be7b5728695ad2d86,0x1105afaf3002a48a305afd631e3cb57277ceb0ea,0xb2c72a665c08c4a619d888ea3d5cfeb6601a9dc2,2026-08-07T21:23:41,complex_trace;high_gas_used_context;token_activity_burst,0x0fed9b39,false
25703330,0xf9834f2cbbf61b680e0284f97ff382a885a347a35f669cf0a33b990f8069334c,0xf279dfcdd57e1571c95e2c5b7e2ee453cbcdf77f,0x0000000071727de22e5e9d8baf0edac6f37da032,2026-08-07T21:23:41,dense_internal_fund_flow;complex_trace,0x765e827f,true
25703331,0x1063fae6cb34b6bb44ca6bfddb85d5cb9eb6f30d949f23513d50325c181d6e12,0x59aab1bd0d26290274398c07b55955c15425e16b,0x00fe78205f5f0e63b8ad2b2ae5337f538a610e04,2026-08-07T21:23:47,complex_trace;high_gas_used_context;token_activity_burst,0x34fcd5be,false
25703332,0x0b2777c751399f5464216ad4b48dc2f191b837f093e15fc4edef93ecbd50e74c,0x1105afaf3002a48a305afd631e3cb57277ceb0ea,0xb2c72a665c08c4a619d888ea3d5cfeb6601a9dc2,2026-08-07T21:24:02,complex_trace;high_gas_used_context;token_activity_burst,0x0fed9b39,false
25703332,0x0f81e2c34ca1f5a5c936353fef3bd7285f7eb489fbf3d11a7f75eb123719d06e,0xaaaa2889378851fe14dc0d39714b5eb2a029b916,0x00000000008d5f1200332af8a6813cb8377b5bfd,2026-08-07T21:24:02,large_erc20_asset_flow;complex_trace,0x00000011,true
25703332,0x245a1ca00b1a7aaaec84840028467c6d7157845166c0dec02bbc81bd035247b2,0x82d4ddedf22ffeea57c826e4a450c7b2ae7c985e,0x889edc2edab5f40e902b864ad4d7ade8e412f9b1,2026-08-07T21:24:02,large_erc20_asset_flow,0xd6681042,true
25703332,0x332bc7d46d612986c75b3310c8bab85383cbe9fc69492f00555061bf0be093ff,0x5bb2fbfc19b911eb76708835b3deabe3b9c8bf9a,0xc36442b4a4522e871399cd717abdd847ab11fe88,2026-08-07T21:24:03,dense_internal_fund_flow;large_erc20_asset_flow,0xac9650d8,true
25703332,0x501185a7b0aafbf029091225da2a1810327c43e1cc63a538f8c069d34ba16d01,0x1be45fef92c4e2538fecd150757ed62b7b3757d7,0x6131b5fae19ea4f9d964eac0408e4408b66337b5,2026-08-07T21:24:04,large_erc20_profit_to_sender;large_erc20_asset_flow;complex_trace,0xe21fd0e9,true
25703332,0x931b709202a14651757241dfefff1d3b67971f3dae45787e087eadba612c1461,0xe20446cccbfd5f9038e747f1dea8016ecbd94ae5,0x442be06bb5d13711a22ccd3fa382b72a874c5135,2026-08-07T21:24:04,privileged_execution_context;complex_trace,0xf7b5c341,false
25703332,0x391028826833757f7ec8be3161b79df44c8a892011b5d4a000d90712c066adfe,0xa154b98e53fc35e1bad1ff758acbc8c629bdcd2b,0x19917386eeae67b6ff7ddf07de4019fca40aa4ec,2026-08-07T21:24:05,repeated_internal_token_drain;dense_internal_fund_flow;very_complex_trace;high_gas_used_context;token_activity_burst;repeated_risky_internal_calls,0xa9059cbb,true
25703332,0xbe71efe78820ee873315a4f4557e683903a0b976c9fd66d735e2ed44ab16e84b,0x3cfdc212769c890907bce93d3d8c2c53de6a7a89,0x0000000071727de22e5e9d8baf0edac6f37da032,2026-08-07T21:24:05,privileged_execution_context;complex_trace,0x765e827f,false
25703333,0x517cf83a60ae978f66c3ce6eaf2a3f5a7e473a178c22f4a6e095b06257a6d0c5,0x13b5f7c38da2f6d22c48b69feadab8bf2397bfe6,0xcec1caa28ebc876d0883a0c492831e06e167b8b3,2026-08-07T21:24:09,selfdestruct_context,0xf3fef3a3,true
25703334,0x05e56c44bfcbd64aeb013d9d71e0fb72490cb206a8e8f8746bc40b2a3520c633,0x3ee92cd00993a4488ae153ab41ac7947cbcbc1de,0x9205a569b0ff45df1e4f5ae48e21bc7f0656f0bb,2026-08-07T21:24:20,large_erc20_asset_flow;complex_trace;high_gas_used_context,0x41ef3691,true
25703334,0x57bb6469f817f1e959db56941fdba4e9ce091fdebc821b0d7d1cc16ce110456b,0x3ee92cd00993a4488ae153ab41ac7947cbcbc1de,0x9205a569b0ff45df1e4f5ae48e21bc7f0656f0bb,2026-08-07T21:24:20,large_erc20_asset_flow;complex_trace;high_gas_used_context,0x41ef3691,true
25703334,0x58b0dfd1ad51138bd7c0cfe00a96f50bcb42d5b623c8dccc7ad2430ebf77a864,0x1105afaf3002a48a305afd631e3cb57277ceb0ea,0xb2c72a665c08c4a619d888ea3d5cfeb6601a9dc2,2026-08-07T21:24:20,complex_trace;high_gas_used_context,0x0fed9b39,false
25703334,0x6d77d966eb1244d37a606cff8346ec84d3bd85cb0e785b7545d917979378074e,0xf70da97812cb96acdf810712aa562db8dfa3dbef,0xccc88a9d1b4ed6b0eaba998850414b24f1c315be,2026-08-07T21:24:20,dense_internal_fund_flow,0x0a2b8f36,true
25703334,0x11c1181f08eef22fc413dc0ac18181e91ecb4349e53db617d2f8eecbcc7e5069,0xc24717575b50737454da26a6485bf36e6566f081,0x28b1dc1a5e3699a428bc51d234dfab7c9cb2a183,2026-08-07T21:24:22,large_erc20_asset_flow;complex_trace;high_gas_used_context;token_activity_burst,0x0c307f76,true
25703334,0x64be45c4a1c8b49d17d273154a342a94423d247be5afd5b4d8ecca2b28f24bb3,0xe487832018fbd594c84f1db3dfac61cde98a5f36,0x91ff8bbd8ebb07893010d50a48a1609e5ebd8e34,2026-08-07T21:24:22,complex_trace;high_gas_used_context,0x069d1525,false
25703334,0x9d6303e898346e07606acf200f6a5775326a7ff40ddf1cba946af10a83766620,0x1adb67a4c80a760579378624714dc01b89e69549,0x6131b5fae19ea4f9d964eac0408e4408b66337b5,2026-08-07T21:24:22,large_erc20_asset_flow;complex_trace;high_gas_used_context,0xe21fd0e9,true
25703334,0xafef3a3fa6513a3686c90fd160012c3c66697f6cb9b24a320b041d5badb3ec59,0x1584a8ee67789d1fe161065388657ad2f2a3c7dd,0x77eb52e44db06777bce478159f25c0d55a295314,2026-08-07T21:24:22,repeated_internal_token_drain;dense_internal_fund_flow;complex_trace;token_activity_burst;repeated_risky_internal_calls,0xa9059cbb,true
25703334,0x46c461ffdf029e641178c3d213eae157332c0bebf9213544989f8d07dfdc527c,0x82329f65340f739854625cdf0b1a7b2fd67852b9,0x28b1dc1a5e3699a428bc51d234dfab7c9cb2a183,2026-08-07T21:24:23,complex_trace;high_gas_used_context;token_activity_burst,0x0c307f76,true
25703334,0x812067df77b5b7b9a73a6e9a01a1450ab534431e4789c32702117bdf7796c132,0x7556699aa8e6a7c9c69bcfaf9debd05f8192b063,0x84cab37995229530d9e6e5cff2f8f4ebe4517d66,2026-08-07T21:24:24,complex_trace;high_gas_used_context;token_activity_burst,0xe587456a,false
25703336,0x3e1e49341027d6b16726ad5ab21009a6f094288911273e58b8606a809eafd7dc,0xa4634515272e1f4eaf3956547799443066e276a0,0xf9280799c85d376e0425f6fb38e4a674e8bedb56,2026-08-07T21:24:36,dense_internal_fund_flow,0x39ecce49,true
25703336,0x63424c2319432b744c9bae3fb4901a6a450d905c18f9003a4b04a0c7cffd44f7,0xc6acbee42e9e323140c1ed060c2f6ea9cc3b4b75,0x7c5a71c9fefbc7691f9d4ac7baf70c743792f716,2026-08-07T21:24:36,selfdestruct_context,0xf3fef3a3,false
25703336,0x72d7280cb11ab443de5d5b3cafc4844442aa300876bf8468952a5802d78a25ad,0x7b49bc3ebbdf7322f31c6449320382bbec3be1b6,0xad3b67bca8935cb510c8d18bd45f0b94f54a968f,2026-08-07T21:24:36,complex_trace;high_gas_used_context;token_activity_burst;approval_burst,0x146ee74d,false
25703336,0x1ccbad1ddf14beceb3f58f0bee304d6fd583924581ccf2cf0bbb2843edd10bbf,0x80fbefbee7e2bb2ac085f082674dc8c0bccfa135,0xec2c96e75b09e29b66bf2ee5c37fa749ef9aa7c7,2026-08-07T21:24:38,large_erc20_asset_flow;complex_trace,0xdb5c7e88,true
25703336,0x2524229bb0b9e14ccbd5e152d531432978044e83fc442d56ef41490882d1ddf2,0xe274480da5dcbad88b174ecddcc3866121bf06c6,0x28b1dc1a5e3699a428bc51d234dfab7c9cb2a183,2026-08-07T21:24:38,dense_internal_fund_flow;complex_trace,0x0c307f76,true
25703336,0x3c724d515f9be5d0f5c91fc488946dec861cf3b299cc0e024fa8c3eb23438d1c,0x56c262027e0de4aea31d2489529cb25d23e58a8b,0xccc88a9d1b4ed6b0eaba998850414b24f1c315be,2026-08-07T21:24:38,large_erc20_asset_flow;complex_trace,0x0a2b8f36,true
25703336,0x3cf856bdcecad8b58ef85823ae2b1d18bccf897d9c4623d83ffc295075b483b6,0x5e6e835ec4e69fdaf9cad50cedafc687976d6a22,0x91ff8bbd8ebb07893010d50a48a1609e5ebd8e34,2026-08-07T21:24:38,complex_trace;high_gas_used_context,0x069d1525,false
25703336,0x416c5224217f9926ed3facd9a8a4f3a8e2d8f319374285a8ebfa576a0bde0fea,0x98f7467dd2f3e38270d76faaf767bcfefe7bf350,0x3335733c454805df6a77f825f266e136fb4a3333,2026-08-07T21:24:38,dense_internal_fund_flow;complex_trace;high_gas_used_context,0xe1fcde8e,true
25703336,0x6698a613157940a420fc6da759962e102355736aa5628f89fdc3741f1f24a12c,0xedbf45f1758b1bcbe7bcfabef53d04bdf1989438,0xd0764fae29e0a6a96ff685f71cfc685456d5636c,2026-08-07T21:24:38,large_erc20_asset_flow,0x23caab49,true
25703336,0xd87d71c74167f2181849462d4c0b84708a46af63e2f863e18b06dae649037341,0x17a9aa3f7945fb00c2eb16857baa4adb63da59db,0x5ff137d4b0fdcd49dca30c7cf57e578a026d2789,2026-08-07T21:24:38,dense_internal_fund_flow;complex_trace,0x1fad948c,true
25703336,0xdc74943700756a5f98025c3fa7364c9812b2c41ee425b1ab0117d0b6589b4036,0xe487832018fbd594c84f1db3dfac61cde98a5f36,0x91ff8bbd8ebb07893010d50a48a1609e5ebd8e34,2026-08-07T21:24:38,complex_trace;high_gas_used_context,0x069d1525,false
25703336,0xbdf53b61673e69994335df1ff383274621d24bc3101b0025c04a494152ee1520,0x59aab1bd0d26290274398c07b55955c15425e16b,0x00fe78205f5f0e63b8ad2b2ae5337f538a610e04,2026-08-07T21:24:40,complex_trace;high_gas_used_context;token_activity_burst,0x34fcd5be,false
25703337,0x090cccda71263e2748806a8396e790f7b405b9548229ab80f1cc8473a88577e6,0x04d9634df20aa66b23f114d37c45fa6c6ab76d56,0xc1062b7c5dc8e4b1df9f200fe360cdc0ed6e7741,2026-08-07T21:24:46,dense_internal_fund_flow;complex_trace;high_gas_used_context;token_activity_burst,0xdccedc74,true
25703337,0x2d7b71df475734769e225614968a800d0d57ce42ad8e7d4a408d4b87c667ec4a,0xa154b98e53fc35e1bad1ff758acbc8c629bdcd2b,0x19917386eeae67b6ff7ddf07de4019fca40aa4ec,2026-08-07T21:24:47,repeated_internal_token_drain;dense_internal_fund_flow;very_complex_trace;high_gas_used_context;token_activity_burst;repeated_risky_internal_calls,0xa9059cbb,true
25703337,0x2f2b0e07614d84d21ed89847743e83c4950dc8001c3559b7b5cd24b662d802b4,0xb23360ccdd9ed1b15d45e5d3824bb409c8d7c460,0x09c30cdcdd971423cb3ba757a47d56c35d06d818,2026-08-07T21:24:47,dense_internal_fund_flow,0x318adb8b,true
25703337,0xdd88d16030b86744afc279fb3d6895e46541ba7c26d20e7639923bf4a060d554,0xe487832018fbd594c84f1db3dfac61cde98a5f36,0x91ff8bbd8ebb07893010d50a48a1609e5ebd8e34,2026-08-07T21:24:47,complex_trace;high_gas_used_context,0x069d1525,false
25703338,0x340dd15be9dc50824d03e94480bc20796466f58e477ebf1e66ec7425618a8f72,0xc6acbee42e9e323140c1ed060c2f6ea9cc3b4b75,0x7c5a71c9fefbc7691f9d4ac7baf70c743792f716,2026-08-07T21:24:58,selfdestruct_value_return;selfdestruct_context,0xf3fef3a3,true
25703338,0x7c919dd35549e7e872eeb9afdd06960310915cfd1458332de795586cd9d5d918,0x7830c87c02e56aff27fa8ab1241711331fa86f43,0xa9d1e08c7793af67e9d92fe308d5697fb81d3e43,2026-08-07T21:24:58,large_erc20_asset_flow;token_activity_burst,0xca350aa6,true
25703338,0xbc5e46babcb0d956b3dea9f8f4ad57704d110db7790ddd56a061a1d032d4fb8e,0x9123b39058c5bcd00d4b0b9142fe9f527ddb562f,0x093272c07700d3ca5301c3bf9b3a392624179e2f,2026-08-07T21:24:58,large_erc20_asset_flow;complex_trace;high_gas_used_context,0xac9650d8,true
25703338,0x1ae25cbe87675410cbd3d8211e48acef9f9102bdfc0c3cca960ea52e5aa12b53,0x43370188473a398394e4ba4a7c7cbb2c6265e22a,0x0000000071727de22e5e9d8baf0edac6f37da032,2026-08-07T21:24:59,privileged_execution_context;complex_trace,0x765e827f,false
25703338,0x97d8008ee2b37acdd331b440a6108bf23fcb1dd9617c7251ead65a0f5e5d7edc,0xe487832018fbd594c84f1db3dfac61cde98a5f36,0x91ff8bbd8ebb07893010d50a48a1609e5ebd8e34,2026-08-07T21:24:59,complex_trace;high_gas_used_context,0x069d1525,false
25703338,0xc8165eeaadea9646e1296b0a8732169a76e327f02fdbc09dc9d3d62f23625a2f,0x331d9a049d496385998067abf6cbb6371c8d2466,0xb92fe925dc43a0ecde6c8b1a2709c170ec4fff4f,2026-08-07T21:24:59,dense_internal_fund_flow,0xcd6e13f7,true
25703338,0xe6114445096e2edd002e6b0b84927f0b0b7311025aee2d9be1dff86eeb8653aa,0x1be45fef92c4e2538fecd150757ed62b7b3757d7,0x6566194141eefa99af43bb5aa71460ca2dc90245,2026-08-07T21:24:59,large_erc20_asset_flow,0x374f435d,true
25703338,0x459f8afd92b184f6027bd4550dcd777c1c0b0e8da1dd9630da108671afbe248e,0x1584a8ee67789d1fe161065388657ad2f2a3c7dd,0x77eb52e44db06777bce478159f25c0d55a295314,2026-08-07T21:25:01,repeated_internal_token_drain;dense_internal_fund_flow;complex_trace;token_activity_burst;repeated_risky_internal_calls,0xa9059cbb,true
25703338,0x83ed3725c7edb78c888a3cb5686fe53c62036cc901e015bcc5eb65a53afe5bb8,0x59aab1bd0d26290274398c07b55955c15425e16b,0x00fe78205f5f0e63b8ad2b2ae5337f538a610e04,2026-08-07T21:25:01,complex_trace;high_gas_used_context;token_activity_burst,0x34fcd5be,false
25703339,0x294c21ae7858f38dc69f9079e1caccdcd7db16930cfd352c62bef2e5ce0eef75,0x13598990d34d5bd8925ca98aa6dd533358f92020,0x0290fdcf3d70a610e070a81f79aab250040518d6,2026-08-07T21:25:08,large_erc20_asset_flow;privileged_execution_context;complex_trace;high_gas_used_context,0x6a761202,true
25703339,0x3dc54a64aafbcbea509cbaea9dcb42d4ba199e8ad15595871f64be423ccebd60,0xd0a6db95f52d2a0285bf2f920c9bd527407b47a8,0xa9d635ef85bc37eb9ff9d6165481ea230ed32392,2026-08-07T21:25:08,dense_internal_fund_flow;complex_trace,0x13d79a0b,true
25703339,0x0c8a9c9563f693bf236681fe44951b829d779ce0afa77627332410472e6cd960,0x062ce42cae04c51d04e77e3d64cc8953a2296ffe,0x8a25a24ede9482c4fc0738f99611be58f1c839ab,2026-08-07T21:25:09,large_erc20_asset_flow;complex_trace,0x6a761202,true
25703339,0xa10c81351e1b657319841da4444a261ed7689a917512101df907b07b907d48be,0xe487832018fbd594c84f1db3dfac61cde98a5f36,0x91ff8bbd8ebb07893010d50a48a1609e5ebd8e34,2026-08-07T21:25:09,complex_trace;high_gas_used_context,0x069d1525,false
25703339,0xe93416518d5f5f567c394058f301fc3f84445de21a28c9d497f419d13a1bd569,0x84f0b4127ad19037642dc03e164511d6ddd3ce62,0x3d90f66b534dd8482b181e24655a9e8265316be9,2026-08-07T21:25:09,dense_internal_fund_flow,0x47ee97ff,true
25703340,0x3c66d3c8d6df5c2e49aadd8a70c6f77c57c62e01438364509104c23d5bc3b8b9,0xe487832018fbd594c84f1db3dfac61cde98a5f36,0x91ff8bbd8ebb07893010d50a48a1609e5ebd8e34,2026-08-07T21:25:18,complex_trace;high_gas_used_context,0x069d1525,false
25703340,0x78d6308abc4b078baec6217ed70ee4b5b7e880e111937fdd3d54270fcdc9e41a,0xb8c8682e8b585891d88b98612957d57991addab6,0xac4c6e212a361c968f1725b4d055b47e63f80b75,2026-08-07T21:25:18,dense_internal_fund_flow,0xd33721a5,true
25703340,0x858d552360c5b2ceb8d6158913f2ec1faa668f709df06fedd5a2904253337b9f,0xc6acbee42e9e323140c1ed060c2f6ea9cc3b4b75,0x7c5a71c9fefbc7691f9d4ac7baf70c743792f716,2026-08-07T21:25:18,selfdestruct_context,0xf3fef3a3,false
25703340,0xe48748cd27f9fb49d2a8529326b6723be02b02d0131fead2abd83da876d7b625,0x5104c10bd7ed6c0cd3540f8ff3b5c6c822cb0447,0x97caca78ac2a94c67643d07843f85afaa44a3ea5,2026-08-07T21:25:19,dense_internal_fund_flow;complex_trace,0xc02409ba,true
25703341,0x2abd3f711c8f1af3eae932eb8e3be49a441ba14c2b5358a21cb4173a702ab040,0x70e59f9c304e4d5096bd408b571e2dcd99c3120b,0xad3b67bca8935cb510c8d18bd45f0b94f54a968f,2026-08-07T21:25:27,complex_trace;high_gas_used_context;token_activity_burst;approval_burst,0x146ee74d,false
25703341,0x778db2c8cde21b88c00ad599c8786e6431b6d3a19a78e3f802b8a20d2667233f,0xe487832018fbd594c84f1db3dfac61cde98a5f36,0x91ff8bbd8ebb07893010d50a48a1609e5ebd8e34,2026-08-07T21:25:27,complex_trace;high_gas_used_context,0x069d1525,false
25703341,0xdf68411629d7b9ae2e3ac777d5c4b20ca48e206f749a589622235b8f1ba4ee79,0xc6acbee42e9e323140c1ed060c2f6ea9cc3b4b75,0x7c5a71c9fefbc7691f9d4ac7baf70c743792f716,2026-08-07T21:25:27,selfdestruct_context,0xf3fef3a3,false
25703341,0x50705cf3b4c56c087237d373092cfb39fdc49f68b8edfb56bab8355a1d461f0e,0x4337011463ef6bd863e47e7b5e743d2522261131,0x0000000071727de22e5e9d8baf0edac6f37da032,2026-08-07T21:25:28,privileged_execution_context;complex_trace,0x765e827f,false
25703341,0xc730d21394352390a14e2c9d269ccefa16f3d7358c7431038be904384923c768,0xbad000006db10503589262b55d09bb7b3c5e1472,0xbbbbb048b1a85ca221058c45525095b6a68bbbbb,2026-08-07T21:25:28,repeated_internal_token_drain;dense_internal_fund_flow;very_complex_trace;high_gas_used_context;token_activity_burst;repeated_risky_internal_calls,0xa9059cbb,true
25703342,0xc624fb064a4250ee8f636dd24613a20df9f037f04dd5f5b058685c74ff256ed6,0xe99bd1c2dd70cd58e5efd47887991700e7318ce2,0xad3b67bca8935cb510c8d18bd45f0b94f54a968f,2026-08-07T21:25:33,complex_trace;high_gas_used_context;token_activity_burst;approval_burst,0x146ee74d,false
25703342,0x64d29cba191e8c30e63660bde1da4812268ff9c3a88f0bb10d5e7c2c61d474f7,0xe487832018fbd594c84f1db3dfac61cde98a5f36,0x91ff8bbd8ebb07893010d50a48a1609e5ebd8e34,2026-08-07T21:25:34,complex_trace;high_gas_used_context,0x069d1525,false
25703342,0xd11e74826a0ee6fd5fd37816a4698fba4782b4ebd0f6df56f129c105552bd0a1,0x0e93a99fb6c26ade8a3446e5ca32daad9bfaf267,0xb300000b72deaeb607a12d5f54773d1c19c7028d,2026-08-07T21:25:34,dense_internal_fund_flow;complex_trace,0x810c705b,true
25703342,0x14b2c70c152268882a09a6adadb8b6ba637872b41aae4273b937cbc6b4ce3e13,0xeb73e55348ec9c1caf94c6dc519160af92769a39,0xf4e147db314947fc1275a8cbb6cde48c510cd8cf,2026-08-07T21:25:35,large_erc20_asset_flow;complex_trace,0x0bf5d35e,true
25703342,0x217780bf00137bd968aef4697789b1113a087c97eb3c28fe963f9d39fb8caa91,0x4e7dae11eaeadfe1b087c42b59682988c5c5a4f4,,2026-08-07T21:25:35,large_mint_to_sender;high_gas_used_context;contract_creation_context,0x60803461,true
25703342,0x23b218ff48b1a557495d9dd214df3831d9511aa805651781641be6e339485328,0x6e7aaa8cd864dd6dc020ec54ad99852f85a76cdd,0x337685fdab40d39bd02028545a4ffa7d287cc3e2,2026-08-07T21:25:35,dense_internal_fund_flow;complex_trace,0xfa74fd43,true
25703342,0x35102be3c0f437dc6e6ff81fe35103fb5e0842da78aebefb8e08ea2576832729,0x242d57d0af0eef553a0ab76bcc64369c7fc4544d,0x87870bca3f3fd6335c3f4ce8392d69350b4fa4e2,2026-08-07T21:25:35,large_erc20_asset_flow;complex_trace,0x02c205f0,true
25703343,0x234f2004ac05cea7988ce3ba28bec334a1cf15be1be85033b9304cd2d1f0df41,0x6d5df3a40577e81489b60061d2b6d98ee09885d1,0x07964f135f276412b3182a3b2407b8dd45000000,2026-08-07T21:25:43,dense_internal_fund_flow;complex_trace,0x6b3ec416,true
25703343,0x3dc5d997cb3c2585a00e950a0cb88b96ba8867e5db1c9aa88a297a4769c5233c,0x93424646c1966b5f1447a67481939083e6d94f57,0x337685fdab40d39bd02028545a4ffa7d287cc3e2,2026-08-07T21:25:43,dense_internal_fund_flow;complex_trace,0xfa74fd43,true
25703343,0xdad9aaf229c99598c9953255c33c2c68cfcbb92eaf3e746f8cf63385ec3bf2fd,0xe487832018fbd594c84f1db3dfac61cde98a5f36,0x91ff8bbd8ebb07893010d50a48a1609e5ebd8e34,2026-08-07T21:25:45,complex_trace;high_gas_used_context,0x069d1525,false
25703343,0xf829406ddd07389dad59d3090a5b7b9949cca6f2f59f51175d3fbe7f0e58e1c7,0xd086664a36698590601fcab3f1286aff6a457752,0x80a64c6d7f12c47b7c66c5b4e20e72bc1fcd5d9e,2026-08-07T21:25:45,dense_internal_fund_flow,0x3d0e3ec5,true
25703344,0xd20566c5c6bb299a7815b76758f40223f60cdff94d9ed068ac5ab83c9f530192,0xe487832018fbd594c84f1db3dfac61cde98a5f36,0x91ff8bbd8ebb07893010d50a48a1609e5ebd8e34,2026-08-07T21:25:49,complex_trace;high_gas_used_context,0x069d1525,false
25703344,0xd8e68091a4b0a7509ff4c3b97f62b28e47bde30f3524dde6520dfcabec0e6725,0x2ce282a2cba2da33fcba23582e4c4506375d8790,0x950fd558f47e234a2fde23b7d61f7ccdbcb4a86f,2026-08-07T21:25:49,large_erc20_asset_flow;complex_trace,0xdd225095,true
25703344,0x4a8f8debad4e6f09f6a2925d6d447341decf3194e8ec42d3d992f970fa6f2892,0x331d9a049d496385998067abf6cbb6371c8d2466,0xb92fe925dc43a0ecde6c8b1a2709c170ec4fff4f,2026-08-07T21:25:51,dense_internal_fund_flow;complex_trace;high_gas_used_context,0xcd6e13f7,true
25703344,0x6f9662cd52dd1456dcca2868da05ecb4d00703066e3369fe5d4661d5a8313f76,0xf70da97812cb96acdf810712aa562db8dfa3dbef,0xccc88a9d1b4ed6b0eaba998850414b24f1c315be,2026-08-07T21:25:51,large_erc20_profit_to_sender;large_erc20_asset_flow;complex_trace,0x0a2b8f36,true
25703344,0x3d463879baf68529741f88c4795a56843439c4ab313580f537e281ee2fed0813,0xbad000006db10503589262b55d09bb7b3c5e1472,0xbbbbb048b1a85ca221058c45525095b6a68bbbbb,2026-08-07T21:25:52,repeated_internal_token_drain;dense_internal_fund_flow;very_complex_trace;high_gas_used_context;token_activity_burst;repeated_risky_internal_calls,0xa9059cbb,true
25703344,0xb34d6f00b90f8045d6beaba20d78891231bd94c7eb4887f7b49101bc3efdba0b,0x0e0052a184fd59c6b7e1e99d739802ecb3aec0e4,0xd82461784eb72d4b67cbab077989eb215315e272,2026-08-07T21:25:52,complex_trace;token_activity_burst;approval_burst,0xac9650d8,false
25703345,0x2069b0a86c96c72ca4d6c1489690d2e3804ca143106f7e171031e73d561eafae,0xfdff0b569f14af593d446e51b3e42f502124ac85,0x6a000f20005980200259b80c5102003040001068,2026-08-07T21:25:56,complex_trace;high_gas_used_context;token_activity_burst,0xe3ead59e,true
25703345,0xa6b76832d68d3d8be4d6c5dd01f05f94dc189e92340ef140e9b67135e8f75363,0x0237dde0e4fb8514907247e8a6b3ea51c1416d97,0x0a252663dbcc0b073063d6420a40319e438cfa59,2026-08-07T21:25:56,dense_internal_fund_flow;large_mint_to_sender;very_complex_trace;high_gas_used_context;token_activity_burst;selfdestruct_context,0xf5878b9b,true
25703346,0x27684d53fff7480d3cde8066612d462250a167d4fe3eeb8a59abafa6b0b24919,0xe487832018fbd594c84f1db3dfac61cde98a5f36,0x91ff8bbd8ebb07893010d50a48a1609e5ebd8e34,2026-08-07T21:26:08,complex_trace;high_gas_used_context,0x069d1525,false
25703346,0x2a075e40b237ceebf4c6345f03375e4c1abe04b3f7604d8a42311fe964b0b141,0x70e59f9c304e4d5096bd408b571e2dcd99c3120b,0xad3b67bca8935cb510c8d18bd45f0b94f54a968f,2026-08-07T21:26:08,complex_trace;approval_burst,0x146ee74d,false
25703346,0x5a0eb7b284325bbda49568775f0b693c97c424263b2ff8c84268a592c19bede0,0xe99bd1c2dd70cd58e5efd47887991700e7318ce2,0xad3b67bca8935cb510c8d18bd45f0b94f54a968f,2026-08-07T21:26:08,complex_trace;approval_burst,0x146ee74d,false
25703346,0x6af3022097383054c1fbc81f132c82c27a26741a5e51e0ba6871db44846bf76d,0x5343b904bf837befb2f5a256b0cd5fbf30503d38,0x367c1eaf14aa06b78ce76bd0243297de79d85270,2026-08-07T21:26:08,large_erc20_asset_flow;very_complex_trace;high_gas_used_context,0xb8cdbd27,true
25703346,0x6e1e90a4b2ceb641417411763c98f101ce7fa859f6a6a94f0bf5183ec9e05ec6,0x7b49bc3ebbdf7322f31c6449320382bbec3be1b6,0xad3b67bca8935cb510c8d18bd45f0b94f54a968f,2026-08-07T21:26:08,complex_trace;token_activity_burst;approval_burst,0x146ee74d,false
25703346,0x10f8bfa78015290ef82afd26c98ba76bf883b1edc9a81e3f3f90ac9685a75a18,0xd8495b95a3a6a85f4e3baa003e8b7ed1ed85562d,0x62de59c08eb5dae4b7e6f7a8cad3006d6965ec16,2026-08-07T21:26:09,large_erc20_asset_flow;complex_trace;high_gas_used_context,0xc5a67b01,true
25703346,0xf7d4b2e1905bb51f72e8a89a7c6b75c533a21e1f947fb90f553aa4d7bf17f2a4,0x4337017d2e3f5e4160a27f6fdbdc38719343c62f,0x0000000071727de22e5e9d8baf0edac6f37da032,2026-08-07T21:26:09,privileged_execution_context;complex_trace,0x765e827f,false
25703346,0x201cf1a103d0bdb6e391b7bc92afe2f4b321078924be8db406162424f189f502,0xa154b98e53fc35e1bad1ff758acbc8c629bdcd2b,0x19917386eeae67b6ff7ddf07de4019fca40aa4ec,2026-08-07T21:26:10,complex_trace;high_gas_used_context;token_activity_burst,0xa9059cbb,false
25703347,0x333eab26fd16617906573e6d7277e67a64fb355e98b507b59851bcdbc21a820c,0x711bc28d228318658e14d855713690f8d083b9ed,0x1231deb6f5749ef6ce6943a275a1d3e7486f4eae,2026-08-07T21:26:17,large_erc20_asset_flow;complex_trace,0x4f3b0759,true
25703347,0x5cf019533d7f3a76c6e7b45311942cc79ba697a02a1d8ea1ffb9270950f3ae8b,0x951454cad517fcb54a5a60f20c934df90966b2a7,0x4c82d1fbfe28c977cbb58d8c7ff8fcf9f70a2cca,2026-08-07T21:26:17,complex_trace;high_gas_used_context;token_activity_burst,0x3593564c,true
25703347,0xaabc681d1a4d9862781827119fcd7bae98a24b4100075b259fd2716c7a66558e,0xe487832018fbd594c84f1db3dfac61cde98a5f36,0x91ff8bbd8ebb07893010d50a48a1609e5ebd8e34,2026-08-07T21:26:17,complex_trace;high_gas_used_context,0x069d1525,false
25703347,0xf839610de8f9055ea7cb9eaf377fde8353794325a7c334fdbcc7d08cc51797f4,0xde992badd92adaf9146255e9bde6a70770973664,0x3d0f22bf11636cc9cb129e2b261eed35a487455c,2026-08-07T21:26:17,complex_trace;high_gas_used_context,0xa9059cbb,false
25703347,0x3244a8328dd811aace69cf9473a0ba123ee1e57a1ec6a0a779704df7cea7060b,0xaf84219269fd1a464d780ecbf63c09576ac7ddc6,0xf4e147db314947fc1275a8cbb6cde48c510cd8cf,2026-08-07T21:26:18,large_erc20_asset_flow;complex_trace,0x0bf5d35e,true
25703347,0x79893ff57417503300cbb1e8a346fe49b999c238489bfbf53d0df4331a75a1e7,0x59aab1bd0d26290274398c07b55955c15425e16b,0x00fe78205f5f0e63b8ad2b2ae5337f538a610e04,2026-08-07T21:26:18,complex_trace;high_gas_used_context;token_activity_burst,0x34fcd5be,false
25703348,0x1595c31c8e4fdbf989f075219ab3ac63c024a7e9ce55d2969d74fd9d38b8de14,0x7830c87c02e56aff27fa8ab1241711331fa86f43,0xa9d1e08c7793af67e9d92fe308d5697fb81d3e43,2026-08-07T21:26:33,dense_internal_fund_flow,0x1a1da075,true
25703348,0x85e2c54b12df537ace79957859ad505769701cacd4b47bfd94fd0d6f5576d6a0,0x500f6a008c52afd69faa15dcbf8f632aba02e704,0xc95f529f34cae611da066bb96eee5b62e027414b,2026-08-07T21:26:34,large_erc20_asset_flow;complex_trace,0xe9ae5c53,true
25703348,0x71a8bcfa371efa749ee75501204500d545d93e5343c2998ed4a346783becc769,0xde992badd92adaf9146255e9bde6a70770973664,0x3d0f22bf11636cc9cb129e2b261eed35a487455c,2026-08-07T21:26:35,complex_trace;high_gas_used_context,0xa9059cbb,false
25703348,0x81c77b11b2bddfaf9b240f1b6d26e7a1ddaf829f52e2a71f7ffc665c2aae2cd8,0xe487832018fbd594c84f1db3dfac61cde98a5f36,0x91ff8bbd8ebb07893010d50a48a1609e5ebd8e34,2026-08-07T21:26:35,complex_trace;high_gas_used_context,0x069d1525,false
25703348,0x5490757d27c0281ad5b909ef5192d2e1673bc870d7362139f2b957a8f4f02ae9,0xbad000006db10503589262b55d09bb7b3c5e1472,0xbbbbb048b1a85ca221058c45525095b6a68bbbbb,2026-08-07T21:26:36,repeated_internal_token_drain;dense_internal_fund_flow;very_complex_trace;high_gas_used_context;token_activity_burst;repeated_risky_internal_calls,0xa9059cbb,true
25703349,0x3fe9e4ba12c6778e670ab47c0236c2734f19cfa989135f6a779167f0ca76baf1,0x8c9b4db8b2118906c11cf668c1a03dde62715aea,0x111111125421ca6dc452d289314280a0f8842a65,2026-08-07T21:26:55,dense_internal_fund_flow;complex_trace,0x07ed2379,true
25703349,0x59aab77a21f0a4fe750647aedd03d19eabaa088430325aab85fe419c5a3b3430,0xe487832018fbd594c84f1db3dfac61cde98a5f36,0x91ff8bbd8ebb07893010d50a48a1609e5ebd8e34,2026-08-07T21:26:55,complex_trace;high_gas_used_context,0x069d1525,false
25703349,0x8516f401c42a0eba8613888a52feccec75f53e2ab651545dec5eee48e2027409,0xa17f79e32195aad78a23a2819c108e12cbddff15,0xedf5fdac6fb0bab5383e6365a0d3fc29dbf54661,2026-08-07T21:26:55,dense_internal_fund_flow,0xb35648d7,true
25703349,0xa123665ebf708d657fcc8d7d388b9e74a7b9165e1c6e0b1f3328680d9f2bab77,0x13598990d34d5bd8925ca98aa6dd533358f92020,0x0290fdcf3d70a610e070a81f79aab250040518d6,2026-08-07T21:26:55,large_erc20_asset_flow;privileged_execution_context;complex_trace;high_gas_used_context,0x6a761202,true
25703349,0xa9147e141704e35551fd6da388ca61ecc1c61d275cfeb08478be7af2b71d154a,0x59aab1bd0d26290274398c07b55955c15425e16b,0x00fe78205f5f0e63b8ad2b2ae5337f538a610e04,2026-08-07T21:26:55,complex_trace;high_gas_used_context;token_activity_burst,0x34fcd5be,false
25703350,0xb00a2af8935c45a42904ddfbf5ccafbb46b864bddc2ba7e913d13d18e1b16db4,0xe487832018fbd594c84f1db3dfac61cde98a5f36,0x91ff8bbd8ebb07893010d50a48a1609e5ebd8e34,2026-08-07T21:27:02,complex_trace;high_gas_used_context,0x069d1525,false
25703350,0x1f1a7c2d7cb96a6039d2682348d7e4b7ac2f521f63251369954eb0bd3cb9ed49,0xdda3b51e29f9d6fad865c5dd7070d5f7eb57663e,0x8d8210a0252a706cb5de0c6f8e46b6d3692afc19,2026-08-07T21:27:03,complex_trace;high_gas_used_context,0xffc3a769,false
25703350,0x9728f4e539d57f229f1fb7cdf72bfea171ced79931b2ff201145d5219d92f7ae,0xc6acbee42e9e323140c1ed060c2f6ea9cc3b4b75,0x7c5a71c9fefbc7691f9d4ac7baf70c743792f716,2026-08-07T21:27:03,selfdestruct_context,0xf3fef3a3,false
25703351,0x572aa63dc0df3fee435c3528606feddf344f8e8878a07827f8552ec176f4b76c,0xe487832018fbd594c84f1db3dfac61cde98a5f36,0x91ff8bbd8ebb07893010d50a48a1609e5ebd8e34,2026-08-07T21:27:14,complex_trace;high_gas_used_context,0x069d1525,false
25703351,0x9004e5dbb1f15ff7e4a23854373543e0269cfaec64361ab7cfd41d5a42d0c4d4,0x43370240c309f6cc0815929a176609267971224f,0x0000000071727de22e5e9d8baf0edac6f37da032,2026-08-07T21:27:14,large_erc20_asset_flow,0x765e827f,true
25703351,0x0e6ccf0873eca3477096a6d9b6edc1b48a1dc2144debdc0acd32956cb7f3b345,0x59aab1bd0d26290274398c07b55955c15425e16b,0x00fe78205f5f0e63b8ad2b2ae5337f538a610e04,2026-08-07T21:27:16,complex_trace;high_gas_used_context;token_activity_burst,0x34fcd5be,false
25703352,0x032a4d37f24c93b968b2d708f8b00b714bf95200f751761c3d71e00125f38a6c,0x0221e3c80ebf99a812737cfd67e0f6b0675916d9,0x2827eed03e8b8005bdf0e2e5901e062a27b7ce67,2026-08-07T21:27:26,complex_trace;high_gas_used_context,0x30f28aa7,false
25703352,0x80ac7a0698fab8c361e37e6ac748e1e5e389f2ef2b21e71bd354d806cbd87d22,0x7830c87c02e56aff27fa8ab1241711331fa86f43,0xa9d1e08c7793af67e9d92fe308d5697fb81d3e43,2026-08-07T21:27:26,large_erc20_asset_flow;token_activity_burst,0xca350aa6,true
25703352,0xa24deb2453c7ae96e8f88556e16417525b184151215273c7c004f8475bbe7dcb,0x70e59f9c304e4d5096bd408b571e2dcd99c3120b,0xad3b67bca8935cb510c8d18bd45f0b94f54a968f,2026-08-07T21:27:26,complex_trace;token_activity_burst;approval_burst,0x146ee74d,false
25703352,0xcca5cf7888b30ed0eb000589750c5954e43b748d662ef97e86f1616c7b5ec2f9,0xe487832018fbd594c84f1db3dfac61cde98a5f36,0x91ff8bbd8ebb07893010d50a48a1609e5ebd8e34,2026-08-07T21:27:26,complex_trace;high_gas_used_context,0x069d1525,false
25703352,0x1be874f97af8f02a1a7bba2a6ff905679ba62b6a6e371f11a98faf0d923c8b3d,0x6f22ad44339925ee77ea0cf7c7a87ad6dfe98fbb,0xb300000b72deaeb607a12d5f54773d1c19c7028d,2026-08-07T21:27:27,large_erc20_profit_to_sender;large_erc20_asset_flow;complex_trace;token_activity_burst,0x810c705b,true
25703352,0x88d750270b25b8910013d29bef52fb46021796e9370652cf157edb3798796128,0xbad000006db10503589262b55d09bb7b3c5e1472,0xbbbbb048b1a85ca221058c45525095b6a68bbbbb,2026-08-07T21:27:29,repeated_internal_token_drain;dense_internal_fund_flow;very_complex_trace;high_gas_used_context;token_activity_burst;repeated_risky_internal_calls,0xa9059cbb,true
25703352,0xbd522bcdcc67b40f97fe01e4809eb5576274524929cf992495c3d05f66601e04,0x59aab1bd0d26290274398c07b55955c15425e16b,0x00fe78205f5f0e63b8ad2b2ae5337f538a610e04,2026-08-07T21:27:29,complex_trace;high_gas_used_context,0x34fcd5be,false
25703352,0xcfb4d7e4c659bc9e7b55c3617c13b37ff1faa4c747cb9dd6654e10d91d8813eb,0x3431172c887cf150d9fdaba9876273d9db566367,0x64f5aad0e38e2ff9f50f2e51e813e49c05aca41a,2026-08-07T21:27:30,complex_trace;high_gas_used_context;token_activity_burst,0xa9059cbb,false
25703352,0x25cb04155c0e42ecfe4ee789d24f8945d778016b04426ae2103d49826165eb83,0x283132390ea87d6ecc20255b59ba94329ee17961,0x604e586f17ce106b64185a7a0d2c1da5bace711e,2026-08-07T21:27:31,large_erc20_asset_flow;complex_trace,0x22bee494,true
25703352,0x8df09d57a78ffffc68b580dcff934d7d4e3670eb1ed638e13a462a2b377fb20f,0x36cfb70a36d008908cd5af5a94ea282872abae88,0xf4e147db314947fc1275a8cbb6cde48c510cd8cf,2026-08-07T21:27:31,privileged_execution_context,0x760d0f9d,false
25703352,0xa1a63b53e33f5e477f6542214042025595b1f0cd46f78229dd7dfcee667ca154,0x161643f280b09be8e0271eef8efc6c264d125003,0x32eecc693bd439f107803fecee02ddd9237d8c0f,2026-08-07T21:27:31,dense_internal_fund_flow;token_activity_burst,0xa9059cbb,true
25703353,0xb1ee5eb5376f6c3cb45b8d7be77bd0abb794484e41a69d7fbf535115dc79ab6a,0xe487832018fbd594c84f1db3dfac61cde98a5f36,0x91ff8bbd8ebb07893010d50a48a1609e5ebd8e34,2026-08-07T21:27:39,complex_trace;high_gas_used_context,0x069d1525,false
25703353,0xaab51d44b7476d210c8f64e94d7e976ae20b7815877df1a2fd070a645983af7f,0x9642b23ed1e01df1092b92641051881a322f5d4e,0xfaf17849fb05a11a4e233f221bac99ca43fc83f8,2026-08-07T21:27:40,large_erc20_asset_flow,0x6b13fcb1,true
25703353,0xc3d426d4923ab4f781cef2f1080bc23c86771b00d6b065315d52b532a266dc7f,0x59aab1bd0d26290274398c07b55955c15425e16b,0x00fe78205f5f0e63b8ad2b2ae5337f538a610e04,2026-08-07T21:27:40,complex_trace;high_gas_used_context,0x34fcd5be,false
25703355,0xb74aff2d0d1de092c1fe7ed3e625feecba94446491c082ca8bfc24558f056c64,0xe487832018fbd594c84f1db3dfac61cde98a5f36,0x91ff8bbd8ebb07893010d50a48a1609e5ebd8e34,2026-08-07T21:27:53,complex_trace;high_gas_used_context,0x069d1525,false
25703355,0xc526c4459fd6dac0ccdbd7ca02c6c4ba4fdb7cc74b341087a7e25831ec3ecc67,0x47ee184de95410a2baeed267c2897a69bcab68f9,0xb276f62db0ce8ca2ca5bc522695be604521eac1c,2026-08-07T21:27:53,dense_internal_fund_flow;high_gas_used_context,0xb840cf36,true
25703355,0xa2486ecb781c72d72c0d70e0824225c5de49d32a1efb74344ef4ebc3db3a3a2d,0xbad000006db10503589262b55d09bb7b3c5e1472,0xbbbbb048b1a85ca221058c45525095b6a68bbbbb,2026-08-07T21:27:56,repeated_internal_token_drain;dense_internal_fund_flow;very_complex_trace;high_gas_used_context;token_activity_burst;repeated_risky_internal_calls,0xa9059cbb,true
25703355,0xee86d5df229566966c80c067fd4537b207731c2f290e330b6cf4e175c453436b,0x0393fd7834f9773d4a4c68dc0d54fe5e45a1681e,0x50461744cb3dea4d678be82b8f1b9cead383065d,2026-08-07T21:27:56,large_mint_to_sender;complex_trace,0x6e553f65,true
25703355,0x5e51328cbc75bb5c5ae6c5e7dfc741b052314300bbd53798e1de0eb207f0400d,0x59aab1bd0d26290274398c07b55955c15425e16b,0x00fe78205f5f0e63b8ad2b2ae5337f538a610e04,2026-08-07T21:27:57,complex_trace;high_gas_used_context,0x34fcd5be,false
25703355,0x78d7892dd4911d4f4818f987488a81de1e4f0c430c9ad0565d0d1d5f66d8ea96,0x59aab1bd0d26290274398c07b55955c15425e16b,0x00fe78205f5f0e63b8ad2b2ae5337f538a610e04,2026-08-07T21:27:57,repeated_internal_token_drain;dense_internal_fund_flow;complex_trace;high_gas_used_context;token_activity_burst;repeated_risky_internal_calls,0x34fcd5be,true
25703355,0x912d8b009789c1fa47180915bd21ef0ee3aec4f22eac3aab7ee9fc3c5c1ca775,0x3cfdc212769c890907bce93d3d8c2c53de6a7a89,0x0000000071727de22e5e9d8baf0edac6f37da032,2026-08-07T21:27:57,privileged_execution_context;complex_trace,0x765e827f,false
25703355,0xdb2fcc5f74d39665f23835c2c479c660540214c2a7bee66771f45c0b3ab5aab9,0x80d04079ffc53eb14edbeeb37279d126f45552df,0x1014ccdf986ebd95360603df5a16e6216f3336f4,2026-08-07T21:27:57,repeated_internal_token_drain;dense_internal_fund_flow;complex_trace;token_activity_burst;repeated_risky_internal_calls,0x8aaa8f3b,true
25703356,0x70542cc729dbd30f95e68b9cfa7dc60c93ab998260e1da133e25c1b978583b6d,0xeb4f2a75cac4bbcb4d71c252e4cc80eb80bb3a34,0x86e4dc95c7fbdbf52e33d563bbdb00823894c287,2026-08-07T21:28:04,complex_trace;high_gas_used_context,0x4e43e495,false
25703356,0x8480cdaab7643606853bc63cb4209128cbfe9bfc1d5a72bf776e892d25a4b27a,0x43370368dccceb147c89d1d78f14589225220290,0x4337084d9e255ff0702461cf8895ce9e3b5ff108,2026-08-07T21:28:04,dense_internal_fund_flow;complex_trace,0x765e827f,true
25703356,0x58140ccce29c44eb65331d72d252357eacfe128b1604b9e68fd6843965e29751,0xae97836e3dc86b7ad22882f0164c32a2f78b90cc,0x704154d733e96a124b50e95ef78b7c2a62e1e0b5,2026-08-07T21:28:05,complex_trace;high_gas_used_context,0x340054ff,false
25703356,0xab02e8cf6f4ac7c9a0cfbc9f01dddbd738617674fe2799b7da898932b6ffadc8,0x621370f543d4e829ce5ca06addab3e784b90d06c,0x95ac07b3683727d916168cb6af516bd7446b19ad,2026-08-07T21:28:05,large_erc20_asset_flow,0x34bca29c,true
25703356,0xc1892ec292e8bec637933a9a262ff5bdf6d4500c4cdbfe4d77ecb33be83990a4,0x9ceee5fd8d857e9b95c7f3d7c306c95bd7eb8d41,0xd15b41d69ca3786b36e8d53a9aab8d50f670b8ba,2026-08-07T21:28:05,dense_internal_fund_flow;large_mint_to_sender;complex_trace,0x734029bf,true
25703356,0xe21305954e8f910c4bf4abb67e73376c4b3010935140634651034d9fc5f7543a,0xe487832018fbd594c84f1db3dfac61cde98a5f36,0x91ff8bbd8ebb07893010d50a48a1609e5ebd8e34,2026-08-07T21:28:05,complex_trace;high_gas_used_context,0x069d1525,false
25703356,0x4e8f263867501d4975fa372e304ab4a5b7fd7bd000ca1f93766c0dfff5fa96a8,0x3000f36fe6b4204899a7aa3b15abb1dfa65b8b27,0x0000000000001ff3684f28c67538d4d072c22734,2026-08-07T21:28:06,dense_internal_fund_flow;complex_trace,0x2213bc0b,true
25703356,0xd0e3ba796a9d7c00d0a29c3874d4788ce0c4a11ed2ff2bf7adda087912466ff8,0xc6acbee42e9e323140c1ed060c2f6ea9cc3b4b75,0x7c5a71c9fefbc7691f9d4ac7baf70c743792f716,2026-08-07T21:28:06,selfdestruct_context,0xf3fef3a3,false
25703357,0xe98027b2f0eff5d584fb7cb8d8f1da7cdedf942c778bea848b706904f3fb7ad8,0x70e59f9c304e4d5096bd408b571e2dcd99c3120b,0xad3b67bca8935cb510c8d18bd45f0b94f54a968f,2026-08-07T21:28:12,complex_trace;high_gas_used_context;token_activity_burst;approval_burst,0x146ee74d,false
25703357,0xa38eefce1143bb1de5ebaf9991e4f8c9d4dc65f38c7301344e92b101fc5f2cb3,0x283132390ea87d6ecc20255b59ba94329ee17961,0x604e586f17ce106b64185a7a0d2c1da5bace711e,2026-08-07T21:28:16,large_erc20_asset_flow;complex_trace,0x22bee494,true
25703358,0x4fceed47149d7c59605683fc83d8556a4538772e242d2082f484935240dfcad2,0x654fae4aa229d104cabead47e56703f58b174be4,0x000000000035b5e5ad9019092c665357240f594e,2026-08-07T21:28:22,large_erc20_asset_flow;complex_trace,0x00000004,true
25703358,0xedbc818558d02988c9fc87be0d222c5166f77956bfcc96d45286322832f5e555,0x7830c87c02e56aff27fa8ab1241711331fa86f43,0xa9d1e08c7793af67e9d92fe308d5697fb81d3e43,2026-08-07T21:28:22,dense_internal_fund_flow,0x1a1da075,true
25703358,0xf41f23b56879144b9e9594d2856a65d1143fa678bda2decb7967db6c9cdda0ee,0x654fae4aa229d104cabead47e56703f58b174be4,0x000000000035b5e5ad9019092c665357240f594e,2026-08-07T21:28:22,large_erc20_asset_flow;complex_trace,0x00000004,true
25703358,0x294302dd861f014d520fff4d7339a2b278ad09dfabe54af06b56c3908d7d6f8f,0x4337031ade3a53d10121f350369907076b6d32a4,0x4337084d9e255ff0702461cf8895ce9e3b5ff108,2026-08-07T21:28:23,dense_internal_fund_flow;complex_trace,0x765e827f,true
25703358,0x2b41554ce62f3111bd84daebc345bcc535b7976692da2f02fb14eaefe154626c,0x11c8ea7669d1ad9921f53f488fe09d67b9f7ed04,0x503972ee3a62480f66e7a1bd485dd5f7da754bec,2026-08-07T21:28:23,dense_internal_fund_flow,0xeffbec13,true
25703358,0x55cf76853251f1a35c136578d2696cfd3f063fd0290c813aa2cd8c139799882f,0x7830c87c02e56aff27fa8ab1241711331fa86f43,0xa9d1e08c7793af67e9d92fe308d5697fb81d3e43,2026-08-07T21:28:23,large_erc20_asset_flow;token_activity_burst,0xca350aa6,true
25703358,0x479351ff4c41c1dd48714e331eb206725f9a17feaccd661e8a5713da40b19d80,0x59aab1bd0d26290274398c07b55955c15425e16b,0x00fe78205f5f0e63b8ad2b2ae5337f538a610e04,2026-08-07T21:28:24,repeated_internal_token_drain;dense_internal_fund_flow;complex_trace;high_gas_used_context;token_activity_burst;repeated_risky_internal_calls,0x34fcd5be,true
25703358,0x67478abd0b626ab0bd50c9a569d5664bbefdd58ad09fdaf1c837a652339049d8,0x3cfdc212769c890907bce93d3d8c2c53de6a7a89,0x0000000071727de22e5e9d8baf0edac6f37da032,2026-08-07T21:28:24,large_erc20_asset_flow;privileged_execution_context;complex_trace,0x765e827f,true
25703359,0xe0aeb7c8f462a31c49c0734c6d2037a59a31c0016b733eaa22420d681ebd17d5,0x654fae4aa229d104cabead47e56703f58b174be4,0x000000000035b5e5ad9019092c665357240f594e,2026-08-07T21:28:35,large_erc20_asset_flow;complex_trace,0x00000004,true
25703359,0x0a51ea82b658b2d84bc2e6e05f7e3b32cafb6bffb0e3f9ab69c0efd049f004b7,0xfb661ac1661e475f7d1533d73c9393af011f67d8,0x0000000000001ff3684f28c67538d4d072c22734,2026-08-07T21:28:36,dense_internal_fund_flow,0x2213bc0b,true
25703359,0x0ce79fce263dc041f21b9434713786e6bd3e4f2672565f167d3c887cfa0fe502,0xbe0b407782a7599380fa726db315340126d62229,0x4d2fb5f8ec243fde4df1a9678b82238570c7e0e4,2026-08-07T21:28:36,repeated_internal_token_drain;dense_internal_fund_flow;complex_trace;high_gas_used_context;token_activity_burst,0x6a761202,true
25703359,0x3176b94da0451bfca0e2a55273e2586df0f5a9b11ede085a5ccaa070b6f79445,0x654fae4aa229d104cabead47e56703f58b174be4,0x000000000035b5e5ad9019092c665357240f594e,2026-08-07T21:28:36,large_erc20_asset_flow;complex_trace,0x00000004,true
25703359,0xca48cccf09b43a63b1220220ac216de2c1ba7070cf82c10a0ca9fc5996a961c7,0xb33e922bfbfac7ebbf79cfc48cd24fa20a7c4ab4,0x6131b5fae19ea4f9d964eac0408e4408b66337b5,2026-08-07T21:28:36,large_erc20_asset_flow;complex_trace,0xe21fd0e9,true
25703359,0x023d4b104ac4fd80a836837866089f0dd9487432dee9d9050c948270bfc50b17,0xde992badd92adaf9146255e9bde6a70770973664,0x3d0f22bf11636cc9cb129e2b261eed35a487455c,2026-08-07T21:28:37,complex_trace;high_gas_used_context,0xa9059cbb,false
25703359,0x665a6e2a53a108cd088246c27fa58b75a7631e6b5a4c24b0b605c118c7a98874,0x26a6fdc06622895d76ff0557711b08332f51bbc8,0x9008d19f58aabd9ed0d60971565aa8510560ab41,2026-08-07T21:28:37,large_erc20_asset_flow;complex_trace,0x13d79a0b,true
25703359,0xc2534e371fed3bc85a4156ad390c20fc549734e01ebcc87d057af7e39b9c74f4,0xa154b98e53fc35e1bad1ff758acbc8c629bdcd2b,0x19917386eeae67b6ff7ddf07de4019fca40aa4ec,2026-08-07T21:28:37,repeated_internal_token_drain;dense_internal_fund_flow;very_complex_trace;high_gas_used_context;token_activity_burst;repeated_risky_internal_calls,0xa9059cbb,true
25703360,0xee54ea08f9527a3b9ed26dfda9f55d18e5ab993c1272632fa037075e007dfeb4,0x1aed6d75bea7698a8a34ecc1361aec712474073c,0xcb0151ac9479a6a0261622baa63ae843c9793d45,2026-08-07T21:28:47,large_erc20_asset_flow;complex_trace;high_gas_used_context;token_activity_burst;approval_burst,0x64cd187f,true
25703360,0x43467512adfd7b82242c6a50cc1033ffd2c9e4abb7484ea796587399cac5c511,0x371903abb32f5f69b536b77495e92adedfea25da,0x4313c378cc91ea583c91387b9216e2c03096b27f,2026-08-07T21:28:48,dense_internal_fund_flow,0xeffbec13,true
25703360,0xc72e86efd37203c69837e972babb571f1f18ffae283ac80767a2d70aa46fb410,0x1218e4b95c180184134e7e32006611b6bd03c3c4,0x4c82d1fbfe28c977cbb58d8c7ff8fcf9f70a2cca,2026-08-07T21:28:48,dense_internal_fund_flow;large_erc20_asset_flow;complex_trace,0x3593564c,true
25703361,0x4ea7c70e7bd0cd5c1822ead17871e07b0c70911b8af86c0fa6923071a22c03ef,0x70e59f9c304e4d5096bd408b571e2dcd99c3120b,0xad3b67bca8935cb510c8d18bd45f0b94f54a968f,2026-08-07T21:28:56,complex_trace;high_gas_used_context;token_activity_burst;approval_burst,0x146ee74d,false
25703361,0x287a47ef18f19e2ccf189bc37cd030358bb8f9a082323c298e3b69d290f3417c,0x283132390ea87d6ecc20255b59ba94329ee17961,0x604e586f17ce106b64185a7a0d2c1da5bace711e,2026-08-07T21:28:59,large_erc20_asset_flow;complex_trace,0x22bee494,true
25703361,0x4b92bbeedd91bc38755d85f65c9c26dbf470a232bc66bf728d421d0c01034aa5,0xde992badd92adaf9146255e9bde6a70770973664,0x3d0f22bf11636cc9cb129e2b261eed35a487455c,2026-08-07T21:28:59,complex_trace;high_gas_used_context,0xa9059cbb,false
25703361,0xb5cf509873e9a71d9936d4c06734ff58416e37a9e6552d32c98d600ba64de621,0xe1f9066d826fb11bab5d2cd05669a630da08196a,0x2dc70fb75b88d2eb4715bc06e1595e6d97c34dff,2026-08-07T21:28:59,large_erc20_asset_flow;complex_trace,0x1fdae50b,true
25703362,0xa02e3359506ab5a0d0f4f9e0df4de1139abd1ee34e53031ebea24acb68e75523,0xe99bd1c2dd70cd58e5efd47887991700e7318ce2,0xad3b67bca8935cb510c8d18bd45f0b94f54a968f,2026-08-07T21:29:11,large_erc20_asset_flow;complex_trace;high_gas_used_context;token_activity_burst;approval_burst,0x146ee74d,true
25703362,0xf60b9e46d4ee091c9217f9dc48ccf591c3f7f4341b7e28cf1bf37cd85b919c02,0x18dd3c14e34c1bc379f7538068c59160d9f68e25,0xccc88a9d1b4ed6b0eaba998850414b24f1c315be,2026-08-07T21:29:11,dense_internal_fund_flow;complex_trace;high_gas_used_context;token_activity_burst,0x0a2b8f36,true
25703362,0x0f417290e062c0b5e9386932c944051f6ced8552c08e54e313a8f877ca4ffa62,0x7830c87c02e56aff27fa8ab1241711331fa86f43,0xa9d1e08c7793af67e9d92fe308d5697fb81d3e43,2026-08-07T21:29:12,large_erc20_asset_flow,0xca350aa6,true
25703362,0x9baf583ae250fdcdc2eee2e70a5cbffce14f4a8c8c606844661b24c31a6c1674,0xc6acbee42e9e323140c1ed060c2f6ea9cc3b4b75,0x7c5a71c9fefbc7691f9d4ac7baf70c743792f716,2026-08-07T21:29:12,selfdestruct_context,0xf3fef3a3,true
25703362,0x16e758aa7917cb4caabd018096cbeb29b8a96efc255b35569375a2a0840271c9,0xb2b6a2b2611e0e64ae5042ec20a31158f5ce89c3,0x28b1dc1a5e3699a428bc51d234dfab7c9cb2a183,2026-08-07T21:29:13,dense_internal_fund_flow;complex_trace;high_gas_used_context,0x0c307f76,true
25703362,0x5d5de238aea9c53ba0041350acd137b47203378876eb14f7d4b9778c4674489b,0x27f6081c38654c1cfa2d14977f1e7a4fae2fd829,0xcfc6d9bd7411962bfe7145451a7ef71a24b6a7a2,2026-08-07T21:29:13,dense_internal_fund_flow;complex_trace,0xef54591d,true
25703362,0x923f7f540dbb3402084d174613b587f3452dd50ab024cf817b46115a85e78493,0xd6434d157f254276d69ede3bd9fc805482206908,0x7ec8a30a34b86927dc77b302603d1d53e640bef7,2026-08-07T21:29:13,repeated_internal_token_drain;dense_internal_fund_flow;complex_trace;high_gas_used_context;token_activity_burst;repeated_risky_internal_calls,0xa9059cbb,true
25703362,0xde4277e79491377541827e684bafb96ca2cc603075ef3438bb488ca5f7f67e40,0x1610760f710a19f47d9229bd78f9885512fca92c,0xb98b65153de4e4a6d87720ec310804ccd286df9e,2026-08-07T21:29:13,privileged_execution_context;complex_trace,0x6a761202,false
25703362,0xfc47fc24fde00df3dc061c0e5ff43aac06d576ef51b77a6674be08e0e5454086,0x3429f6e722e003e974fa4f2bb3f66ccf27415bcd,0xdcd8cb1e2ba62faef6c4c258508d7d959e5f3408,2026-08-07T21:29:13,complex_trace;high_gas_used_context;approval_burst,0xbaae8abf,false
25703362,0xff6c7445833ca935abfee90e8ffa9b940474157773d973676a63ac3828d162e5,0x59aab1bd0d26290274398c07b55955c15425e16b,0x00fe78205f5f0e63b8ad2b2ae5337f538a610e04,2026-08-07T21:29:13,complex_trace;high_gas_used_context;token_activity_burst,0x34fcd5be,false
25703363,0x8966eb94caadb9fac9f1d49ba22c4d0d440cd95c7a8b2126f59d92e24709aecd,0xfc9928f6590d853752824b0b403a6ae36785e535,0xe2536231fc1512babc8c856ad7499830a936bdd9,2026-08-07T21:29:20,dense_internal_fund_flow;complex_trace,0x03fb13d5,true
25703363,0x72f2fc7efe9af5fe35a3ecc71ddc2daf3158c8105bc52d2a4eb1bd241b322067,0x38dd230b766787a9de609bbb743cf1b6a972f35a,0x2827eed03e8b8005bdf0e2e5901e062a27b7ce67,2026-08-07T21:29:21,very_complex_trace;high_gas_used_context,0xe6e29781,false
25703363,0xb51d49bbd220d8263fe274f5bbb4b69278a60602b54755f57c986b87980ef7f3,0xbf75eb025c6bec6c327d857243fff816a180d543,0x89c6340b1a1f4b25d36cd8b063d49045caf3f818,2026-08-07T21:29:21,large_erc20_asset_flow;complex_trace,0x0193b9fc,true
25703363,0x2c8b2c6ac42fff0789f703f79ffe4d81cf8faefae7d83763b7af7ce5f5905ee2,0xa154b98e53fc35e1bad1ff758acbc8c629bdcd2b,0x19917386eeae67b6ff7ddf07de4019fca40aa4ec,2026-08-07T21:29:22,repeated_internal_token_drain;dense_internal_fund_flow;very_complex_trace;high_gas_used_context;token_activity_burst;repeated_risky_internal_calls,0xa9059cbb,true
25703363,0x82975e2579b2c3f53e24043c2c44585874aa24560aa27efbec7b9c1f1d0ad4bd,0x2d3dcac016162d4af5ece914c55dde305eefc26c,0x0ea3b55b68a3f307c8fe3fe66e443247c95f0cff,2026-08-07T21:29:22,complex_trace;high_gas_used_context,0xed3cf91f,false
25703363,0xccc89c60e5c99c049305771fa0a3b45760026e92700757b423ca728d5a49ed3d,0x59aab1bd0d26290274398c07b55955c15425e16b,0x00fe78205f5f0e63b8ad2b2ae5337f538a610e04,2026-08-07T21:29:22,complex_trace;high_gas_used_context,0x34fcd5be,false
25703364,0x07d1af96ecf62dd4c83e40eadb178205eb36920cfd6ceaf5c268779c24c9f0c3,0x1584a8ee67789d1fe161065388657ad2f2a3c7dd,0x77eb52e44db06777bce478159f25c0d55a295314,2026-08-07T21:29:31,repeated_internal_token_drain;dense_internal_fund_flow;complex_trace;token_activity_burst;repeated_risky_internal_calls,0xa9059cbb,true
25703364,0x3234f454dce3b4ee62d12af40008551408adfc3c468086c0d34c09a4e83bb3d5,0x0e0052a184fd59c6b7e1e99d739802ecb3aec0e4,0x0b8a49d816cc709b6eadb09498030ae3416b66dc,2026-08-07T21:29:31,complex_trace;token_activity_burst;approval_burst,0xf497df75,false
25703366,0x80ecba862a909d4ef361110ba27716213103797d0c519a958bf49390216552f4,0xe99bd1c2dd70cd58e5efd47887991700e7318ce2,0xad3b67bca8935cb510c8d18bd45f0b94f54a968f,2026-08-07T21:29:49,large_erc20_asset_flow;complex_trace;approval_burst,0x146ee74d,true
25703366,0x100a3af4f425c4a7e32d16165775643343abc1451c90ac687366f8a048bcd2a9,0x754dcfb2861547015b221e963b4133a71dbdc024,0x3e07be15370d8b12d80a159a7ef14b9e51869497,2026-08-07T21:29:50,dense_internal_fund_flow;complex_trace,0x21af54c6,true
25703366,0x659907de4b263a57f0035deb38b0cee33bc30ce393b0e4b233b130ef3258c11b,0x4e7dae11eaeadfe1b087c42b59682988c5c5a4f4,0xbd216513d74c8cf14cf4747e6aaa6420ff64ee9e,2026-08-07T21:29:50,dense_internal_fund_flow;complex_trace,0xac9650d8,true
25703366,0xa092b0ff99b27d787ca58a5a0d82de7835fa111c8afc411835724db900ff85ad,0x0e0052a184fd59c6b7e1e99d739802ecb3aec0e4,0x0b8a49d816cc709b6eadb09498030ae3416b66dc,2026-08-07T21:29:51,complex_trace;high_gas_used_context;token_activity_burst;approval_burst,0xf497df75,false
25703366,0x0c86b19df530867f2ba588c4acef78d69ff483f3bb961adbdaaab223c523fb5e,0xc6acbee42e9e323140c1ed060c2f6ea9cc3b4b75,0x7c5a71c9fefbc7691f9d4ac7baf70c743792f716,2026-08-07T21:29:53,selfdestruct_context,0xf3fef3a3,false
25703366,0x329898bda4e8a08f43fbb203e78b7508c993ab7629a1577c0833bc650a5c6ce8,0xfcbe7b6da18a08a86ab1beb68c7372a60ab4e331,0x0000000000000068f116a894984e2db1123eb395,2026-08-07T21:29:53,dense_internal_fund_flow;complex_trace;high_gas_used_context;token_activity_burst,0x87201b41,true
25703366,0x3d87e74a7e73970ef0103151409c42206a138c4f6da3a150ca8e189cb55d26c7,0x59aab1bd0d26290274398c07b55955c15425e16b,0x00fe78205f5f0e63b8ad2b2ae5337f538a610e04,2026-08-07T21:29:53,complex_trace;high_gas_used_context;token_activity_burst,0x34fcd5be,false
25703366,0x3e1d81f8543b90b09b728a1a1e104bc8a190a62e11270b20955c49c5dad82857,0xe1f9066d826fb11bab5d2cd05669a630da08196a,0xb300000b72deaeb607a12d5f54773d1c19c7028d,2026-08-07T21:29:53,dense_internal_fund_flow;large_erc20_asset_flow;complex_trace,0x810c705b,true
25703366,0xd3cff68be7c773ae877707f66036d9471767998a2e444ad0d625912870d48321,0xd386f8f1e31550d8a55a6baf921168b06c8716fb,0x547b5ad9f71ac50efd8755bc144767ac1768fc3d,2026-08-07T21:29:53,large_erc20_asset_flow;complex_trace;token_activity_burst,0x214bc20e,true
25703366,0xfd249a6533903f47dabbde78c5b546efea44c68d86e86078c039f64551ccfd5a,0x59aab1bd0d26290274398c07b55955c15425e16b,0x00fe78205f5f0e63b8ad2b2ae5337f538a610e04,2026-08-07T21:29:53,complex_trace;high_gas_used_context,0x34fcd5be,false
25703367,0x43117bda1480643604cc2ab73669f95992255dc7b3d3132c7b8e077b995e5657,0xbad000006db10503589262b55d09bb7b3c5e1472,0xbbbbb048b1a85ca221058c45525095b6a68bbbbb,2026-08-07T21:29:55,repeated_internal_token_drain;dense_internal_fund_flow;very_complex_trace;high_gas_used_context;token_activity_burst;repeated_risky_internal_calls,0xa9059cbb,true
25703367,0xd518cc35a945d571cd97e0fc6d205f1473fb5e691515f72af863f4a2aaf35e5b,0xb23360ccdd9ed1b15d45e5d3824bb409c8d7c460,0x09c30cdcdd971423cb3ba757a47d56c35d06d818,2026-08-07T21:29:55,dense_internal_fund_flow,0x318adb8b,true
