block_num,tx_hash,from,to,detect_time,attack_signals,selector,has_asset_impact
25703206,0x3761002b30d402efa91aeec415a527a848e8fcf6edd9fdd2c16c45feea1044cd,0xc6acbee42e9e323140c1ed060c2f6ea9cc3b4b75,0x7c5a71c9fefbc7691f9d4ac7baf70c743792f716,2026-08-07T21:00:00,selfdestruct_context,0xf3fef3a3,false
25703207,0xc1730e7324c9b033449afc999327851a84fe0f6bd5dcbef544ad35986033e812,0x22face80f43b857141e9752c3bae8c3309fcdd0f,0xa1368d53a26b6f7aacf97575a94b286527f6cf6d,2026-08-07T21:00:07,selfdestruct_context,0xf3fef3a3,false
25703207,0x41969a410120ad7d06bde2be3bae74549aa813f68b00f0ecfb88722b45b80f21,0xfcda668f825ca1f973b1f241278239cfc4741b51,0xf4e147db314947fc1275a8cbb6cde48c510cd8cf,2026-08-07T21:00:08,large_erc20_asset_flow;complex_trace,0x0bf5d35e,true
25703207,0x95d89a94cb0fe79ad51089b4b529b9eae4f1270f701b00fc91347d5ff3fde82d,0x1584a8ee67789d1fe161065388657ad2f2a3c7dd,0x77eb52e44db06777bce478159f25c0d55a295314,2026-08-07T21:00:08,repeated_internal_token_drain;dense_internal_fund_flow;complex_trace;token_activity_burst;repeated_risky_internal_calls,0xa9059cbb,true
25703207,0xb9e01581864d1f30661844015396484933a7adbb59829ba644dd1698a10259f3,0x1fefbbc536e4d6d22e63c7128226569bc9d50b9e,0x4c82d1fbfe28c977cbb58d8c7ff8fcf9f70a2cca,2026-08-07T21:00:08,dense_internal_fund_flow;complex_trace,0x3593564c,true
25703207,0x4b17b9bf48474de68dfb14b660e1ff22714f6df45bfd292c677bc967d9946b44,0x59aab1bd0d26290274398c07b55955c15425e16b,0x00fe78205f5f0e63b8ad2b2ae5337f538a610e04,2026-08-07T21:00:09,repeated_internal_token_drain;dense_internal_fund_flow;complex_trace;high_gas_used_context;token_activity_burst;repeated_risky_internal_calls,0x34fcd5be,true
25703207,0x6759964c029f6f28a70f7d803ef80d1a432f6a8ad782cbb541b2d88e8661f373,0x2b3fed49557bd88f78b898684f82fbb355305dbb,0x09c30cdcdd971423cb3ba757a47d56c35d06d818,2026-08-07T21:00:09,dense_internal_fund_flow,0x318adb8b,true
25703207,0xf6a6f3aec9734ecfd28c10a385cfa861e087c639bedab6a4b1f09372444562bc,0x161643f280b09be8e0271eef8efc6c264d125003,0x32eecc693bd439f107803fecee02ddd9237d8c0f,2026-08-07T21:00:09,dense_internal_fund_flow;token_activity_burst,0xa9059cbb,true
25703208,0x206c85514070f40acf942818de17b60f6d13f6ca79aa26ff7b2c5daa8178d6ff,0x0c5f7f2763075f39e3e16c3c4a77c60a2d9ecf97,0xccc88a9d1b4ed6b0eaba998850414b24f1c315be,2026-08-07T21:00:17,large_erc20_asset_flow;complex_trace,0xf9e4bab4,true
25703208,0x5fdd497080d98aba368092db05abc2ee7d463e3e20fa76a47c35f923f172ff68,0x7830c87c02e56aff27fa8ab1241711331fa86f43,0xa9d1e08c7793af67e9d92fe308d5697fb81d3e43,2026-08-07T21:00:17,dense_internal_fund_flow,0x1a1da075,true
25703208,0x6ea887ab10d192e022f2167863daa75f0f22f5582b7eafcdc4624541d8698663,0x3f4e1a3f21a90af960acc652e9bf8dd7a21f3964,0x0000000071727de22e5e9d8baf0edac6f37da032,2026-08-07T21:00:17,complex_trace;high_gas_used_context,0x765e827f,false
25703208,0x729f5b5915a7de5969f53fab5e3d9ba93e43a17ae3ec99af07679e4e4dd29cc7,0x0e0052a184fd59c6b7e1e99d739802ecb3aec0e4,0xd82461784eb72d4b67cbab077989eb215315e272,2026-08-07T21:00:17,complex_trace;approval_burst,0x805f7b65,false
25703208,0xb7ad3bed66cc32470dbb16be38f1aa46d5f7b10d9337b4da34198a3d04a492c5,0xde992badd92adaf9146255e9bde6a70770973664,0x3d0f22bf11636cc9cb129e2b261eed35a487455c,2026-08-07T21:00:17,complex_trace;high_gas_used_context,0xa9059cbb,false
25703208,0xc6dcd1c1511cb934cf07673050fdc2662715960942370685cd5c786152fcac38,0x7830c87c02e56aff27fa8ab1241711331fa86f43,0xa9d1e08c7793af67e9d92fe308d5697fb81d3e43,2026-08-07T21:00:17,large_erc20_asset_flow,0xca350aa6,true
25703209,0xb946e6708cf93220fe490bc8bd1aad63416c0f1f0fcecc2298b392a7df77e6cb,0x502ecc7b5acabd60e6b35cecbbe53b2293a759d9,0x0889e9327b98d7d1be3c301a4585ff3330502c9a,2026-08-07T21:00:43,large_erc20_asset_flow,0x1fff991f,true
25703209,0xf32e1139b2d9c4617bd1354954d26a9bc7d4772c088edb26b34ce67ea8a58195,0xde992badd92adaf9146255e9bde6a70770973664,0x3d0f22bf11636cc9cb129e2b261eed35a487455c,2026-08-07T21:00:43,complex_trace;high_gas_used_context,0xa9059cbb,false
25703210,0x4eaaaacac8191131d5a650b2d5ab2063ac9701d323585b6f9b4b5a07a1a49405,0xe99bd1c2dd70cd58e5efd47887991700e7318ce2,0xad3b67bca8935cb510c8d18bd45f0b94f54a968f,2026-08-07T21:00:58,complex_trace;high_gas_used_context;token_activity_burst;approval_burst,0x146ee74d,false
25703210,0x28640191b88e96f50eb5ed999362799ba65fcaf89e8955618be9e4c25d4dbc1c,0x80d04079ffc53eb14edbeeb37279d126f45552df,0x1014ccdf986ebd95360603df5a16e6216f3336f4,2026-08-07T21:00:59,repeated_internal_token_drain;dense_internal_fund_flow;complex_trace;high_gas_used_context;token_activity_burst;repeated_risky_internal_calls,0x8aaa8f3b,true
25703210,0x448fc2415134edb8221f6d3739a5adade1e94ae282fc59927cb2179f288fa929,0xbad000006db10503589262b55d09bb7b3c5e1472,0xbbbbb048b1a85ca221058c45525095b6a68bbbbb,2026-08-07T21:00:59,repeated_internal_token_drain;dense_internal_fund_flow;very_complex_trace;high_gas_used_context;token_activity_burst;repeated_risky_internal_calls,0xa9059cbb,true
25703210,0x7e7c28745120b685ddb788fc07c560f7f0c2c0b2e7da4eefc9d985003a704b36,0x6fa97b29f5cbd537a42b13a0c39e03959d63fda1,0xecd2bfe725fa14f5ed86e9bdcc0ea4b34a4ed522,2026-08-07T21:00:59,large_erc20_asset_flow;complex_trace,0x1dbd773b,true
25703211,0x7b64fd0bb74d3c203658810c64e78f6743d2e026c01c39bed9c8322078649b7f,0x0e0052a184fd59c6b7e1e99d739802ecb3aec0e4,0xd82461784eb72d4b67cbab077989eb215315e272,2026-08-07T21:01:11,complex_trace;token_activity_burst;approval_burst,0xac9650d8,false
25703211,0xc5ddb70cc5b0718478d6a2155aefbfc2afe42f101d7841364b37aadf35d3f15b,0x646c51d77af2ce6f1f5ad779044b8932a315dc89,0x3e2943bff9f3b8ef36664d2ef038bad2b11efd2f,2026-08-07T21:01:11,dense_internal_fund_flow;privileged_execution_context;complex_trace,0xc6fe8747,true
25703211,0xce71d9d98f43523040396c010957c5627c790f143d2a00027d5b15e33ffd1a31,0xf095e71886efaaa1d2ce66c3f9aa4cd4e8467ca9,0xf4e147db314947fc1275a8cbb6cde48c510cd8cf,2026-08-07T21:01:12,privileged_execution_context,0x760d0f9d,false
25703212,0x11263fd59c585356f5cbce69bc5ab49a724d7ce972bbf798d9288ff9b160ab78,0x43370402cbeba6ab53fbc8a52894537024a39269,0x0000000071727de22e5e9d8baf0edac6f37da032,2026-08-07T21:01:21,large_erc20_asset_flow,0x765e827f,true
25703212,0x71c8c5016e23b5790f7c2afdff896b6387b0b33280b33bc886901b3c47d1bea0,0x70e59f9c304e4d5096bd408b571e2dcd99c3120b,0xad3b67bca8935cb510c8d18bd45f0b94f54a968f,2026-08-07T21:01:21,complex_trace;high_gas_used_context;token_activity_burst;approval_burst,0x146ee74d,false
25703212,0x2d35203fd694428cae81bd5d4e64b680b5b7265f0aab782e8de07c312e6cce48,0x59aab1bd0d26290274398c07b55955c15425e16b,0x00fe78205f5f0e63b8ad2b2ae5337f538a610e04,2026-08-07T21:01:22,complex_trace;high_gas_used_context,0x34fcd5be,false
25703212,0x95963d125eff32003c857874f8465a96455db441dec7776d7d6f54982dfecba5,0xbad000006db10503589262b55d09bb7b3c5e1472,0xbbbbb048b1a85ca221058c45525095b6a68bbbbb,2026-08-07T21:01:22,complex_trace;high_gas_used_context;token_activity_burst,0xa9059cbb,false
25703212,0xa29645a21f9fdb99f774f486ae0fa48b5d25e37bac8398dbc6803c0447a651f7,0x3431172c887cf150d9fdaba9876273d9db566367,0x64f5aad0e38e2ff9f50f2e51e813e49c05aca41a,2026-08-07T21:01:22,complex_trace;high_gas_used_context;token_activity_burst,0xa9059cbb,false
25703213,0x1c1e0fd10467bcff40e13d32eaa1d63e547a9b8b8a4f89036ed60a3e5e220db8,0x7830c87c02e56aff27fa8ab1241711331fa86f43,0xa9d1e08c7793af67e9d92fe308d5697fb81d3e43,2026-08-07T21:01:33,large_erc20_asset_flow,0xca350aa6,true
25703213,0x98ce77113e6dc4ede715730fe11e36fa7b39ef96416252831e1faab6d11c9cb2,0x77af2072e58564c407f04b6080c992628ab97a28,0x3949308c2949676b68cff24d5cbc1aefbc69c08e,2026-08-07T21:01:33,large_erc20_asset_flow;complex_trace,0x601881f3,true
25703213,0xd01fe5ac6fcda017caf3ca9cfb89a13d353ffba4ba4eb2a09edff3dde1eba9e6,0x7830c87c02e56aff27fa8ab1241711331fa86f43,0xa9d1e08c7793af67e9d92fe308d5697fb81d3e43,2026-08-07T21:01:33,dense_internal_fund_flow,0x1a1da075,true
25703213,0x2d37503516a9a0732f15ca7421795b52a71a42d6b55b5d3dc31d2721377c63b4,0x10a2a1534eaefd05bd65c189356a45c655b5e78f,0x97237d47bbc81020633876230f1796f079b05d5a,2026-08-07T21:01:34,dense_internal_fund_flow;complex_trace;high_gas_used_context;token_activity_burst,0x601881f3,true
25703213,0x39d86c4354ca074d3645b9f435251481c1d1a447f0e695bac21d22204676d990,0xd0a6db95f52d2a0285bf2f920c9bd527407b47a8,0xa9d635ef85bc37eb9ff9d6165481ea230ed32392,2026-08-07T21:01:34,complex_trace;high_gas_used_context,0x13d79a0b,false
25703213,0x83d9a3a29e8ef5e1919ab435742aa44287386f5c169e32dea7172263b4097b9a,0xf70da97812cb96acdf810712aa562db8dfa3dbef,0xccc88a9d1b4ed6b0eaba998850414b24f1c315be,2026-08-07T21:01:34,dense_internal_fund_flow,0x0a2b8f36,true
25703213,0xb6b827589d2aaf4c748cef3951d4e9367eae28a210cabe50b427faf56cf0903d,0xb8acc68daedb5c131870d71f83d2ff7bfc89bfb7,0x7529abff0f8665a4e7fcd532d0f528090435d10e,2026-08-07T21:01:35,repeated_internal_token_drain;dense_internal_fund_flow;very_complex_trace;high_gas_used_context;token_activity_burst;repeated_risky_internal_calls,0x765e827f,true
25703213,0x32667b30fd45930280567f4c3d98b2bf9338c952bf0885a1b448d9f6be46bb9f,0x59aab1bd0d26290274398c07b55955c15425e16b,0x00fe78205f5f0e63b8ad2b2ae5337f538a610e04,2026-08-07T21:01:36,repeated_internal_token_drain;dense_internal_fund_flow;complex_trace;high_gas_used_context;token_activity_burst;repeated_risky_internal_calls,0x34fcd5be,true
25703213,0x61a8b01dbb2624421938db6357a3c00224bb8f08c7693d36d56d9afdfd625305,0x1584a8ee67789d1fe161065388657ad2f2a3c7dd,0x77eb52e44db06777bce478159f25c0d55a295314,2026-08-07T21:01:36,repeated_internal_token_drain;dense_internal_fund_flow;complex_trace;token_activity_burst;repeated_risky_internal_calls,0xa9059cbb,true
25703213,0x9b35518255dc52afa2ca56043448a5e7c77acf3ea037df702ebab31fcceb06a7,0x1510bcb37d9e4680c9bc0a9d5ff69494a6862836,0x6a000f20005980200259b80c5102003040001068,2026-08-07T21:01:36,large_erc20_asset_flow,0x1a01c532,true
25703213,0xc2a5d7e197c8e256f08938969f43a9ce546e79e03a977206b697f02816e151a5,0x0e0052a184fd59c6b7e1e99d739802ecb3aec0e4,0xd82461784eb72d4b67cbab077989eb215315e272,2026-08-07T21:01:36,complex_trace;approval_burst,0x805f7b65,false
25703213,0xd83676766d04d0ba3ba8203ae9b012c1bc9e37f59a915a8764d4fa5649f138b0,0xb371b55749c18ad86e2250efe5270b1a51409898,0x356b8d89c1e1239cbbb9de4815c39a1474d5ba7d,2026-08-07T21:01:37,large_erc20_asset_flow;complex_trace,0x107703ab,true
25703214,0x289aa3a41aba79a515313c532f3fca043186ddcf0d5d2cd61026fd7dc4baef16,0x5aca530c36b8f4605786c485796e80a66ef42830,0x4b47d7291664beb43e03588e2698e10ba2cd21b3,2026-08-07T21:01:45,large_erc20_asset_flow;complex_trace;high_gas_used_context;token_activity_burst,0x9eb723c7,true
25703214,0x968f99f6e33451c08113812e21e7dcb28574c404452c2161a187ca14e91f9bdd,0xb737890f2b5dca4ea3f0194264179c0d814353e3,0x0c2705cf48e49cc896252dd16dc8c5d31df753b2,2026-08-07T21:01:46,privileged_execution_context;high_gas_used_context,0x8e29b73d,false
25703214,0x9e639764dd53c7b64c57441572d5c13f0486f620d4613db2a6270794406a879a,0x59aab1bd0d26290274398c07b55955c15425e16b,0x00fe78205f5f0e63b8ad2b2ae5337f538a610e04,2026-08-07T21:01:47,complex_trace;high_gas_used_context;token_activity_burst,0x34fcd5be,false
25703215,0xa393dbfd5d6cf11e3b664ad4935f3ab5cb6f09b7ddd18b6ecf1ee6b86bc54326,0x9d9e5233e399c84cfff5b080f0012987a25a045a,0x91ff8bbd8ebb07893010d50a48a1609e5ebd8e34,2026-08-07T21:01:54,complex_trace;high_gas_used_context,0x069d1525,false
25703215,0x48040745afe8cf4284a641e9f51bc2b80cbac2768ac05eb8135f026dbd71efff,0x46565eedb0bb948ae787dd105cce300f736da28e,0x000000000004598d17aad017bf0734a364c5588b,2026-08-07T21:01:55,privileged_execution_context;complex_trace;high_gas_used_context,0x00000000,false
25703215,0xf1a996017c3b35d352503ddbc14c3c74f2ecd124d557f769bd9ac57a74cd7bbf,0x59aab1bd0d26290274398c07b55955c15425e16b,0x00fe78205f5f0e63b8ad2b2ae5337f538a610e04,2026-08-07T21:01:56,complex_trace;high_gas_used_context;token_activity_burst,0x34fcd5be,false
25703217,0x92a908ec8c3979f57ca9266ac611217f76df0093d3dfff064b7df9b67f80460d,0x2570faf7c8a0da87d3f123b35cc722ec3fcc3e08,0x134ccaaa4f1e4552ec8aecb9e4a2360ddcf8df76,2026-08-07T21:02:03,large_erc20_profit_to_sender;large_erc20_asset_flow;complex_trace,0x6807c8dc,true
25703218,0x31658bcdd7a80672104056eacc1ca5f376d7b43594461406fa32d226723e77c3,0x5b43453fce04b92e190f391a83136bfbecedefd1,0xbdb3ba9ffe392549e1f8658dd2630c141fdf47b6,2026-08-07T21:02:12,complex_trace;high_gas_used_context;token_activity_burst,0x000000c3,false
25703218,0x6bd9134ba5ebd087b892c497bcaa1e86761180f7d79f05e5dfc432d631f37961,0xe99bd1c2dd70cd58e5efd47887991700e7318ce2,0xad3b67bca8935cb510c8d18bd45f0b94f54a968f,2026-08-07T21:02:12,repeated_internal_token_drain;dense_internal_fund_flow;very_complex_trace;high_gas_used_context;token_activity_burst;approval_burst;repeated_risky_internal_calls,0x146ee74d,true
25703218,0xceee16e4e9fd56a29eff7403d0606df4c683629d97da9e298d702d34242ec576,0x1fefbbc536e4d6d22e63c7128226569bc9d50b9e,0x4c82d1fbfe28c977cbb58d8c7ff8fcf9f70a2cca,2026-08-07T21:02:12,dense_internal_fund_flow;complex_trace,0x3593564c,true
25703218,0xeb5f41d130b6bd82d8aeb33b8d116e799b91887fdb6a6439ab5cef31f159ed4c,0x84b3ccc25b59dc99e341e17149f41661e95fc7af,0x8f5835e9d756c9bd934bce527157a4b0ef3c5cb7,2026-08-07T21:02:12,large_erc20_asset_flow,0x4a7cf362,true
25703218,0xd1720a9f081548ffaca7ee41a77298ca66070c7c22085fa844a2a807a6dfbf58,0x7830c87c02e56aff27fa8ab1241711331fa86f43,0xa9d1e08c7793af67e9d92fe308d5697fb81d3e43,2026-08-07T21:02:13,large_erc20_asset_flow;token_activity_burst,0xca350aa6,true
25703218,0xf1b75cc12e289387e72e21f951b140920c31e5aebb7bfd4638a15f5a23d16fda,0x692ae92c1ea5022a0ce9449a0ade6ed531d7b56a,0x0000000000000068f116a894984e2db1123eb395,2026-08-07T21:02:13,dense_internal_fund_flow;complex_trace,0x87201b41,true
25703218,0xfc562037ce4953927c032b93f22b080f0df2b59baa92aecb8b1d3766bca74ccb,0x46565eedb0bb948ae787dd105cce300f736da28e,0x000000000004598d17aad017bf0734a364c5588b,2026-08-07T21:02:13,privileged_execution_context;complex_trace;high_gas_used_context,0x00000000,false
25703218,0xf25737f9824f3fa424943c5cbfd1c49c78ad9b4f6f12f6cd941666ea128baa6c,0x84c433292fe0ee062dd127cfb22c5c7ed3e6035f,0xb300000b72deaeb607a12d5f54773d1c19c7028d,2026-08-07T21:02:14,complex_trace;high_gas_used_context,0x810c705b,false
25703218,0xf00b09f433949c5b327be712aad0974b43be9083861a0ee8bc61a2bbe90e9912,0x4ae91dc10b687913ea2ae62d7a6e4c39d8c0e6f6,0x6566194141eefa99af43bb5aa71460ca2dc90245,2026-08-07T21:02:17,large_erc20_asset_flow;complex_trace,0x374f435d,true
25703218,0xf3386f3006c5010b66b6dfbcbbdbca361625cc7bfdf8b448eebf702dd99dc10d,0xc6acbee42e9e323140c1ed060c2f6ea9cc3b4b75,0x7c5a71c9fefbc7691f9d4ac7baf70c743792f716,2026-08-07T21:02:17,selfdestruct_context,0xf3fef3a3,false
25703218,0x6a0d4c031a353539c393c0b6b6881c901f314e266786a3faaea79a396705f0e2,0x1584a8ee67789d1fe161065388657ad2f2a3c7dd,0x77eb52e44db06777bce478159f25c0d55a295314,2026-08-07T21:02:18,repeated_internal_token_drain;dense_internal_fund_flow;complex_trace;token_activity_burst;repeated_risky_internal_calls,0xa9059cbb,true
25703219,0x2bd5506f6d87c15141ab236c807dd7601ddffae60a86c7a8d7c4db34ec71637f,0x82d4ddedf22ffeea57c826e4a450c7b2ae7c985e,0x889edc2edab5f40e902b864ad4d7ade8e412f9b1,2026-08-07T21:02:26,large_erc20_asset_flow,0xd6681042,true
25703219,0x90158a86300e08b582f235cbcbffe3aaa2e96bfb1f0db9bdc956511e4497ab6a,0x46565eedb0bb948ae787dd105cce300f736da28e,0x000000000004598d17aad017bf0734a364c5588b,2026-08-07T21:02:26,privileged_execution_context;complex_trace;high_gas_used_context,0x00000000,false
25703219,0x1ce5d5b56a4737af6cd2a1a221f02f45d2e7af65589242931c79252852e15969,0xbad000006db10503589262b55d09bb7b3c5e1472,0xbbbbb048b1a85ca221058c45525095b6a68bbbbb,2026-08-07T21:02:27,repeated_internal_token_drain;dense_internal_fund_flow;complex_trace;high_gas_used_context;token_activity_burst;repeated_risky_internal_calls,0xa9059cbb,true
25703219,0x95a260abc7b74d03ade910b3fa7ff06227557b3c65f5ebbf53dc60a8d10fa85b,0x34fd240ef2b015fdf82072ed7c3ba48bc86e90f8,0x36c496cea362dd5ee5d78e8b02ba0bb519c019dc,2026-08-07T21:02:27,complex_trace;high_gas_used_context,0xc8ce2ed2,false
25703219,0xac288fc2573d714bcec3fbac80e7460baa18c3def445464eb289569320161d70,0xcf7870babcca70db5ece220d410d9d5565b7941c,0x28b1dc1a5e3699a428bc51d234dfab7c9cb2a183,2026-08-07T21:02:27,complex_trace;token_activity_burst,0xf2c42696,true
25703220,0x0d5eff85dc8893ab8003dd2c96052d1049967e7cf4703de3150fbb6b53200694,0xe99bd1c2dd70cd58e5efd47887991700e7318ce2,0xad3b67bca8935cb510c8d18bd45f0b94f54a968f,2026-08-07T21:02:35,complex_trace;high_gas_used_context;token_activity_burst;approval_burst,0x146ee74d,false
25703220,0x161ea96f146c07943122d6494e78094f9d3f2c8be776b122834618696d311fd2,0xc6acbee42e9e323140c1ed060c2f6ea9cc3b4b75,0x7c5a71c9fefbc7691f9d4ac7baf70c743792f716,2026-08-07T21:02:35,selfdestruct_context,0xf3fef3a3,false
25703220,0x4e0786c08a3cca0bd07e68a843eada90f016b1b14ea6d6443551a2b5f8c87cf7,0x49719d256a5ea16bfa579ea16e95bea9fa41a452,0xa929c559e5e6537359680f39cb4e3708e1a14dd1,2026-08-07T21:02:35,complex_trace;high_gas_used_context;token_activity_burst,0x3f0bde25,true
25703220,0xb4cbd3710de1a22df27ebfb65d04368d8ae6821858c174e22b9f4bcc893a7dc9,0xbb0611fde3e968d138eb3e9e386d8103c4730001,0xb6f54caed61c318027c022c47b94baf139a99dab,2026-08-07T21:02:36,large_erc20_asset_flow;complex_trace,0x02d40188,true
25703220,0xddd9cbe331a9980e027344917ccaa4d7a71b3c0d6bc0ff8598076e5d3b71d2d4,0x1584a8ee67789d1fe161065388657ad2f2a3c7dd,0x77eb52e44db06777bce478159f25c0d55a295314,2026-08-07T21:02:37,repeated_internal_token_drain;dense_internal_fund_flow;complex_trace;high_gas_used_context;token_activity_burst;repeated_risky_internal_calls,0xa9059cbb,true
25703221,0x54082ba9c556d5cb4ef227bc2de5567eeeed72651b6cfc4db21ced3065b6abf0,0x8300aa9393a24eb8f025af4ed75532c1eb00b7dc,0x0439e60f02a8900a951603950d8d4527f400c3f1,2026-08-07T21:02:45,dense_internal_fund_flow;large_erc20_asset_flow;complex_trace,0x3ce33bff,true
25703221,0x64eebc2d0a48c7c299fa9f90597d65000ff9fe4b6dd03c26b4b7b0feade991f0,0xbad000006db10503589262b55d09bb7b3c5e1472,0xbbbbb048b1a85ca221058c45525095b6a68bbbbb,2026-08-07T21:02:47,complex_trace;high_gas_used_context;token_activity_burst,0xa9059cbb,false
25703221,0xa814b3673d92a4407dca9cd356015eed99fe23519f283f7ac8998bf76942c842,0x6a393994693aa384d08625d8679f4bce86d69029,0x5ff137d4b0fdcd49dca30c7cf57e578a026d2789,2026-08-07T21:02:47,complex_trace;high_gas_used_context,0x1fad948c,false
25703222,0x5449509e51b90eac370ad47b4a9ab0d8cdc174d54a3ffd46ce7324b57ca746c0,0x0e0052a184fd59c6b7e1e99d739802ecb3aec0e4,0xd82461784eb72d4b67cbab077989eb215315e272,2026-08-07T21:02:55,complex_trace;approval_burst,0x805f7b65,false
25703222,0x57997a3a9c66703701bab9dd4ceaa233b376458c14be50b72df1b21474ae6721,0x327c062a42348561313da6e38da8b6d0da4e7279,0x91ff8bbd8ebb07893010d50a48a1609e5ebd8e34,2026-08-07T21:02:55,complex_trace;high_gas_used_context,0x069d1525,false
25703222,0x57d55d8fd3afcd103ecbc42d4a767174260ab7bdbff092ae9712c0085944d724,0xbb0611fde3e968d138eb3e9e386d8103c4730001,0xb6f54caed61c318027c022c47b94baf139a99dab,2026-08-07T21:02:55,large_erc20_asset_flow;complex_trace,0x02d40188,true
25703222,0x5e5190a35d30ed0f02de2293a8152a7be0db460ca4538a9705c6807a8c501e34,0xc6acbee42e9e323140c1ed060c2f6ea9cc3b4b75,0x7c5a71c9fefbc7691f9d4ac7baf70c743792f716,2026-08-07T21:02:55,selfdestruct_context,0xf3fef3a3,false
25703222,0xde32bcd75808d14c9e082401c8cbcc87b8035bc1a24e33dd28478345978b44ff,0x48b8470fd956b5778fded969cfa8e0fefd24c55e,0xcb0151ac9479a6a0261622baa63ae843c9793d45,2026-08-07T21:02:55,large_erc20_asset_flow;complex_trace,0x64cd187f,true
25703222,0xb1d1c91351046b02bc5fd966d63a88ac68cac05999ecfa2a30e0c3afeb1a54f3,0x708704d33ace3dafbed28f150a56ce9d124b1ef8,0x214c19fbcdfb683f2c726b4bbaf24ab483bfadf3,2026-08-07T21:02:56,large_erc20_asset_flow;complex_trace,0x1b1062b8,true
25703222,0xc908ff85a5c763b1d784b63aee61dc0b90ad93ef21853c2b19afeea2f9ed6751,0x59aab1bd0d26290274398c07b55955c15425e16b,0x00fe78205f5f0e63b8ad2b2ae5337f538a610e04,2026-08-07T21:02:56,complex_trace;high_gas_used_context;token_activity_burst,0x34fcd5be,false
25703222,0xec821c87a6f0c651013c3e247d87af3e9e31149da033a63ded36a584dabea4d8,0x5fe1841739af008df9bd3b01ba1a945219a5555e,0x07964f135f276412b3182a3b2407b8dd45000000,2026-08-07T21:02:56,dense_internal_fund_flow;complex_trace,0xd808d889,true
25703223,0x0c4ca1a4514000018a76a5b8a82d95ee0b71078d520db65d0937ff3d0f2543f7,0xc6acbee42e9e323140c1ed060c2f6ea9cc3b4b75,0x7c5a71c9fefbc7691f9d4ac7baf70c743792f716,2026-08-07T21:03:03,selfdestruct_context,0xf3fef3a3,false
25703223,0x28499f624e08e4bf232072d7b600d053a27955ba8faad4f53da6d2514f2de737,0x46565eedb0bb948ae787dd105cce300f736da28e,0x000000000004598d17aad017bf0734a364c5588b,2026-08-07T21:03:03,privileged_execution_context;complex_trace;high_gas_used_context,0x00000000,false
25703223,0xaf2bad09bff8945723cd19877081fd736782bedae732401a4943dd844a721f88,0xe99bd1c2dd70cd58e5efd47887991700e7318ce2,0xad3b67bca8935cb510c8d18bd45f0b94f54a968f,2026-08-07T21:03:03,complex_trace;high_gas_used_context;token_activity_burst;approval_burst,0x146ee74d,false
25703223,0x71b620547262f69186c18193d1724940b8139c8a4cc91a82e5f788a781f1bc1e,0xb23360ccdd9ed1b15d45e5d3824bb409c8d7c460,0x09c30cdcdd971423cb3ba757a47d56c35d06d818,2026-08-07T21:03:04,dense_internal_fund_flow,0x318adb8b,true
25703223,0xb6ece91c0926acae7bcd6afecda1f93900cdfb2dce8815ffe3630d787ce60188,0x80d04079ffc53eb14edbeeb37279d126f45552df,0x1014ccdf986ebd95360603df5a16e6216f3336f4,2026-08-07T21:03:04,repeated_internal_token_drain;dense_internal_fund_flow;complex_trace;token_activity_burst;repeated_risky_internal_calls,0x8aaa8f3b,true
25703224,0x1ad38fd21b453e76f0d78153596aac4c2ae50b61d9950528f137cf41bdfdf89f,0x5e8381077866763692f151ca44cce0435a76d78c,0xcb0151ac9479a6a0261622baa63ae843c9793d45,2026-08-07T21:03:12,large_erc20_asset_flow;complex_trace,0x64cd187f,true
25703224,0x696aa46f93c90636af571201151f6247703f5b09d7b0c3c07be5915104ba7545,0x433702256b464248dcbe403c1334757be4ed9f26,0x5ff137d4b0fdcd49dca30c7cf57e578a026d2789,2026-08-07T21:03:12,large_erc20_asset_flow;complex_trace,0x1fad948c,true
25703224,0x781af64fcba5775f7d4ff49b2846de59ba32ce3ed177d0c4261ea86766fa3261,0x46565eedb0bb948ae787dd105cce300f736da28e,0x000000000004598d17aad017bf0734a364c5588b,2026-08-07T21:03:12,privileged_execution_context;complex_trace;high_gas_used_context,0x00000000,false
25703224,0x119bfa38f7b9d991f74b34c3e4c9dda71f3be7f15298f8e6f476efce235de56f,0x1584a8ee67789d1fe161065388657ad2f2a3c7dd,0x77eb52e44db06777bce478159f25c0d55a295314,2026-08-07T21:03:13,repeated_internal_token_drain;dense_internal_fund_flow;complex_trace;token_activity_burst;repeated_risky_internal_calls,0xa9059cbb,true
25703224,0x6a49e11df4f9c76b8017f64edc95d80e707157aaa922807aa3bc84f42e547767,0xf0245f6251bef9447a08766b9da2b07b28ad80b0,0x86e4dc95c7fbdbf52e33d563bbdb00823894c287,2026-08-07T21:03:13,complex_trace;high_gas_used_context,0x4e43e495,false
25703224,0x56404874a1d802f14d87c4eb0152ac03fe2f2f7dbe355f62e0ade682c87afd62,0xd8495b95a3a6a85f4e3baa003e8b7ed1ed85562d,0xa397a8c2086c554b531c02e29f3291c9704b00c7,2026-08-07T21:03:14,large_erc20_profit_to_sender;dense_internal_fund_flow;large_erc20_asset_flow,0x555029a6,true
25703224,0xf3c0bc2b246121e928ad1b223665961d095c13b9ab21386f1a413f2d024820fb,0x161643f280b09be8e0271eef8efc6c264d125003,0x32eecc693bd439f107803fecee02ddd9237d8c0f,2026-08-07T21:03:14,dense_internal_fund_flow;token_activity_burst,0xa9059cbb,true
25703225,0x47f18f65bac60ac0367a013ebdbbfab444294fe6e836fd7af324c7b066c431ed,0x5b43453fce04b92e190f391a83136bfbecedefd1,0xbdb3ba9ffe392549e1f8658dd2630c141fdf47b6,2026-08-07T21:03:21,repeated_internal_token_drain;dense_internal_fund_flow;complex_trace;high_gas_used_context;token_activity_burst,0x000000c3,true
25703225,0x7fb2de3c36ed0ef8560f2efab5b0e054b85d63ca25c4019167e9fffc23e48e69,0xe99bd1c2dd70cd58e5efd47887991700e7318ce2,0xad3b67bca8935cb510c8d18bd45f0b94f54a968f,2026-08-07T21:03:21,complex_trace;high_gas_used_context;token_activity_burst;approval_burst,0x146ee74d,false
25703225,0x95fc5f12c41110b91d3515d40ce5981bfe4c3816d269c4278be19011571c864b,0x49e84f7bfaf1f5b899fe4cbb2cba3e088ca9004c,0x881d40237659c251811cec9c364ef91dc08d300c,2026-08-07T21:03:21,large_erc20_asset_flow;complex_trace,0x5f575529,true
25703225,0xeb6431889676fdb2ce5899c8d23c8c9e13a8ccca4804fb042a75ce97ebfc4303,0x43370308b53e3611521ba48e2f7632a5644d7b1f,0x5ff137d4b0fdcd49dca30c7cf57e578a026d2789,2026-08-07T21:03:21,large_erc20_asset_flow;complex_trace,0x1fad948c,true
25703225,0x2338333c09d72e59f3e501e1f15087f583bf8c1b7bd702f8bfb668e46b011e4e,0xd10d649a5beb2cf5bf0c086c82ed1b1bbdf43bb0,,2026-08-07T21:03:22,large_mint_to_sender;contract_creation_context,0x60a06040,true
25703225,0x607bffe682d2dfae3e8e5241400567e5c6848550118819ee9ec0bf4733ce99d5,0xc11c9a72338329e2621c7469839fc5767de13569,0x40a1fe393a7f566f27df6ace18e6773be844dafc,2026-08-07T21:03:22,large_erc20_asset_flow,0xedad400c,true
25703225,0xde320d6269038c3b83593c4cad43a37735e5937decab2e6295fb3ca6f37ce970,0xb47c72be8a2968dec42d3b9d8c6f464224605bfd,0x6566194141eefa99af43bb5aa71460ca2dc90245,2026-08-07T21:03:22,large_erc20_asset_flow,0x374f435d,true
25703226,0x8e8300e722d5dbd031c52a7b16f6b6c3e807c5cbcedb34fe9bbdca8e72d4da50,0x995669cde31d6e29a8f3c107989a95123eb723e0,0xd90e2f925da726b50c4ed8d0fb90ad053324f31b,2026-08-07T21:03:31,dense_internal_fund_flow,0x13d98d13,true
25703226,0xa6b7d64a86d635ac7985adc78d1268fdee728b79e2034b1b7f7b08a3c672cd68,0x728ec2cc1a03b11b4285da737ed7acd3b16ffa0a,0x950fd558f47e234a2fde23b7d61f7ccdbcb4a86f,2026-08-07T21:03:32,large_erc20_asset_flow;complex_trace;token_activity_burst,0xdd225095,true
25703226,0xcce7aa6b7a7c1490625ead655a0494311f2572e143113a83f7ad8acc1b7ee10a,0x9fe3d5c3cab35f57d1a246f13a9b3573640711ab,0x2621b38e2b764ede29afa54db0df598068cd410c,2026-08-07T21:03:32,large_erc20_asset_flow;complex_trace,0x0ab35bb0,true
25703226,0xcff902216cea92565b08bbe44617eb9f0ec0642c51c6178e638cc34a314e611f,0xa6e34f7cb3dad52e64ce8648e87022e7185b9587,0x950fd558f47e234a2fde23b7d61f7ccdbcb4a86f,2026-08-07T21:03:32,large_erc20_asset_flow;complex_trace;high_gas_used_context;token_activity_burst,0xdd225095,true
25703227,0x06f1a34524768ca1693cae56510f31cec3c8b7994e04a8d249ba3aadd3c66a53,0xb88842d381592429cada3b3475efd61eaff2751d,0xec4fb7e7c35c241e1138a2d8cfbb09f3ad1ccb22,2026-08-07T21:03:39,large_erc20_asset_flow;complex_trace,0x349fc6bf,true
25703227,0x49ee5f502ddc0a8010849a40732dc812e18a5b3376fa2ad00fe5a01886c3a25c,0x7830c87c02e56aff27fa8ab1241711331fa86f43,0xa9d1e08c7793af67e9d92fe308d5697fb81d3e43,2026-08-07T21:03:40,large_erc20_asset_flow,0xca350aa6,true
25703227,0x5651a63d64a57d41a31a865b7066c3bee5d4d5b1317286f6c08116ef2b8ba130,0xb7faece3935eb274f520b54c0cf0f4fc774f2591,0x75d9ef48e30bcb0b658c1d387233fb52ebf9a4fe,2026-08-07T21:03:40,complex_trace;high_gas_used_context,0xf6dbcb18,false
25703227,0x37dd152e864873a1d75c94cdd64b217a394082835d7d5403459cccb291538726,0x80d04079ffc53eb14edbeeb37279d126f45552df,0x1014ccdf986ebd95360603df5a16e6216f3336f4,2026-08-07T21:03:42,repeated_internal_token_drain;dense_internal_fund_flow;complex_trace;token_activity_burst;repeated_risky_internal_calls,0x8aaa8f3b,true
25703227,0x5c74c0bef90934e02421e553718209e3bbedcd71ec300a5eab9d8bcf4750e484,0x617c5bcbfffd9531f20bf0c1de048b657d64d692,0x5cc9400ffb4da168cf271e912f589462c3a00d1f,2026-08-07T21:03:42,complex_trace;high_gas_used_context;token_activity_burst,0xf41b2db6,true
25703227,0x71ef590f398d5d467d258e511531d44f2706ccfb928a3ae98749c07909ce9343,0x70e59f9c304e4d5096bd408b571e2dcd99c3120b,0xad3b67bca8935cb510c8d18bd45f0b94f54a968f,2026-08-07T21:03:42,complex_trace;high_gas_used_context;token_activity_burst;approval_burst,0x146ee74d,false
25703227,0xc79b34ed100e03c7eb5d418705cbee2f225122d8182e2931fc7fefd04d5a7e4f,0xe99bd1c2dd70cd58e5efd47887991700e7318ce2,0xad3b67bca8935cb510c8d18bd45f0b94f54a968f,2026-08-07T21:03:42,complex_trace;high_gas_used_context;token_activity_burst;approval_burst,0x146ee74d,false
25703228,0x5332ea4f62ab49f22e3089e1c871bc07bea51352bfb8812293bfd5941931d062,0x7830c87c02e56aff27fa8ab1241711331fa86f43,0xa9d1e08c7793af67e9d92fe308d5697fb81d3e43,2026-08-07T21:03:49,dense_internal_fund_flow,0x1a1da075,true
25703228,0x983fd65f3c85e22f532af06a61c6d0ab9ff7bdb0a0d27cf1cb2ce0c30edbed7a,0xa154b98e53fc35e1bad1ff758acbc8c629bdcd2b,0x19917386eeae67b6ff7ddf07de4019fca40aa4ec,2026-08-07T21:03:49,repeated_internal_token_drain;dense_internal_fund_flow;complex_trace;high_gas_used_context;token_activity_burst;repeated_risky_internal_calls,0xa9059cbb,true
25703228,0xd3c23ad92489275e0e6ef7b1c3ade2a2d6926af9012ebfa03a3ece8048df3ea7,0xaea901026c52335aa86ab4d73bf8f538c0f8a5ac,0xac2a612c49f29e26858df1a53f7623180bcc3753,2026-08-07T21:03:49,privileged_execution_context;complex_trace,0xf6e5eb67,false
25703228,0xecddaae740444c9e823ea623bac84e7dd06827ffff40d39415cc77bd73601de6,0x7830c87c02e56aff27fa8ab1241711331fa86f43,0xa9d1e08c7793af67e9d92fe308d5697fb81d3e43,2026-08-07T21:03:49,large_erc20_asset_flow,0xca350aa6,true
25703229,0x863de6add470914b90e35e135756cac72457299e0aa21257d31c85c45ded26c5,0xaea901026c52335aa86ab4d73bf8f538c0f8a5ac,0xac2a612c49f29e26858df1a53f7623180bcc3753,2026-08-07T21:03:55,privileged_execution_context;complex_trace,0xf6e5eb67,false
25703229,0xacfdb1996b741a99941e86beb9293a1ea8639ce462193afff669d70647057179,0x07ae8551be970cb1cca11dd7a11f47ae82e70e67,0x6a2e3a1e16fc29f27ce61429746d558d656975bb,2026-08-07T21:03:55,dense_internal_fund_flow;large_erc20_asset_flow;complex_trace,0xd2ce7d65,true
25703230,0xe80a678f793cae7d68618ea5f440b9253ea8b5233ac08ea7c7ddd5089f97af42,0xc6acbee42e9e323140c1ed060c2f6ea9cc3b4b75,0x7c5a71c9fefbc7691f9d4ac7baf70c743792f716,2026-08-07T21:04:02,selfdestruct_context,0xf3fef3a3,false
25703230,0x74218e0b3e75fcebddcdf8514ccbbd6f474fbad6885181901c5036bab03461ee,0xa8b14d068ebb0b5e0e27bf1b95bd57e483eb89de,0x28b1dc1a5e3699a428bc51d234dfab7c9cb2a183,2026-08-07T21:04:04,dense_internal_fund_flow,0x0c307f76,true
25703230,0xc4f561ce745b4f1b762435a2a1f64a0b7b015b05ebc9b3c4143ee0cfa8e36882,0x1c778f0bd9a2f5bf3b6f7dd1e35b8a56c35572d3,0x0000000000001ff3684f28c67538d4d072c22734,2026-08-07T21:04:04,large_erc20_asset_flow;complex_trace,0x2213bc0b,true
25703230,0xdf4db59283cef701f25601f1738f0b02469746943629cc6bd4ed8545d3ba389a,0xc8ad355c8291cbd52e738ed1df1f5ccbbbbf00ee,0xa9d635ef85bc37eb9ff9d6165481ea230ed32392,2026-08-07T21:04:04,large_erc20_asset_flow;complex_trace;high_gas_used_context;token_activity_burst,0xe7c438c9,true
25703231,0xa48b4682e60ff3dba6a324b5c13f53f8036b5c659c2be1a5e1c0e951dc459ba3,0xa11a70829e1a7614b51676783904838abcb5fcc1,0x87870bca3f3fd6335c3f4ce8392d69350b4fa4e2,2026-08-07T21:04:12,large_erc20_asset_flow;complex_trace,0x02c205f0,true
25703231,0x8c0aa80f298718f3f88cc6aee251493286a7d0d2ec624d6131a70cd38e3996f8,0xd0588c940bdbfcfb5f3e8e3c843ed1462d9f828e,0x6a2e3a1e16fc29f27ce61429746d558d656975bb,2026-08-07T21:04:14,dense_internal_fund_flow;complex_trace,0xd2ce7d65,true
25703231,0x569633c9a74fc94bcfc3144c6cd5157fc61235990f42779a00ccbe29f844dfd0,0x17a9aa3f7945fb00c2eb16857baa4adb63da59db,0x0000000071727de22e5e9d8baf0edac6f37da032,2026-08-07T21:04:16,dense_internal_fund_flow;complex_trace,0x765e827f,true
25703231,0xf81746a2a180f0dc60a77cc95b4dd9cc436c6b1a19a29835a78574e43c157a67,0x3f4e1a3f21a90af960acc652e9bf8dd7a21f3964,0x5ff137d4b0fdcd49dca30c7cf57e578a026d2789,2026-08-07T21:04:16,large_erc20_asset_flow;complex_trace,0x1fad948c,true
25703232,0x3ccfbfd9d74ce75cd6bb19c2f97a127506cc94ad216a182421114b8336ee3371,0x30a1b724c9dfe2e12a19ed84878312d199d1519e,0x50d3865a63d52c0a54e4679949647ea752107390,2026-08-07T21:04:23,repeated_internal_token_drain;major_dex_price_change;dense_internal_fund_flow;very_complex_trace;high_gas_used_context;token_activity_burst,0x00000000,true
25703232,0x51bcc66418911f864041bb77c2afdfa20fa9e5774719ca2f94967c5834c9ba21,0xe2da046340e00264c4f0443243a0565007ae08ac,0x39b7f514c199e4beb1739576a2dbd4de7414981b,2026-08-07T21:04:23,complex_trace;high_gas_used_context,0x380db829,false
25703232,0x63d061aa51a322c4d1a98f91841db9c3a424561fa7e22e1b3da426c045d338b8,0x0cd7e1660d63a6aebda782a2eb7f2875716ac3e8,0x6566194141eefa99af43bb5aa71460ca2dc90245,2026-08-07T21:04:23,large_erc20_asset_flow;complex_trace;token_activity_burst,0x374f435d,true
25703232,0x6d2653b12287889a9d2ecff1b5dcebfc1bd3f6e3d1e80220539a820ec14d82e2,0xe2da046340e00264c4f0443243a0565007ae08ac,0xe85bc6df4bce507fc789bcbefd6471abe5b93df2,2026-08-07T21:04:23,complex_trace;high_gas_used_context,0x380db829,false
25703232,0xb9834c332f152a079dd68fd978c44877efc265f8c118916bc4c9e42fff43e166,0xe2da046340e00264c4f0443243a0565007ae08ac,0xa6d85f3b3be6ff6dc52c3aabe9a35d0ce252b79f,2026-08-07T21:04:23,complex_trace;high_gas_used_context,0x380db829,false
25703232,0x1a81b99bb2359f811d6db22e63e63c136a6891565c5a5a0be3e71e00cb4b1a9f,0x46565eedb0bb948ae787dd105cce300f736da28e,0x000000000004598d17aad017bf0734a364c5588b,2026-08-07T21:04:24,privileged_execution_context;complex_trace;high_gas_used_context,0x00000000,false
25703232,0x8abaaff9ba30c12caf3d5997fcb287d5d1e4f8d84323aa347ff368c1c73cbcd4,0x425bbc2cff0c7e7960baa9bac2f0cb67b41d3bef,0xd1a3c20488899c038b7daae1ede0c6da6c36c326,2026-08-07T21:04:24,complex_trace;high_gas_used_context,0xe3ee963b,false
25703232,0xdbf9f0a7778826c2895f9b9ef17465b4b9e1b0377e8e176c93c24721ad1abb33,0xde992badd92adaf9146255e9bde6a70770973664,0x3d0f22bf11636cc9cb129e2b261eed35a487455c,2026-08-07T21:04:24,complex_trace;high_gas_used_context,0xa9059cbb,false
25703232,0x07dcd48433f7fa889b445b3c2238996c921461e1690442758b29cc86c05cd2f3,0xf14609b8790a25579a208a7eef389502d34c397d,,2026-08-07T21:04:25,large_mint_to_sender;high_gas_used_context;contract_creation_context,0x60806040,true
25703232,0xc6608c6944da86baadf55acc2bd6f21b3d4804c9928b68f15d16696b85c537ea,0xa154b98e53fc35e1bad1ff758acbc8c629bdcd2b,0x19917386eeae67b6ff7ddf07de4019fca40aa4ec,2026-08-07T21:04:25,complex_trace;high_gas_used_context;token_activity_burst,0xa9059cbb,false
25703232,0xcdba480ca7fa011242150883b1d5cef986d644078882f512a5296a0d6d7aae2c,0x1584a8ee67789d1fe161065388657ad2f2a3c7dd,0x77eb52e44db06777bce478159f25c0d55a295314,2026-08-07T21:04:25,repeated_internal_token_drain;dense_internal_fund_flow;complex_trace;token_activity_burst;repeated_risky_internal_calls,0xa9059cbb,true
25703232,0x0a0a9faa5086702b6b3468157fae428e5af10f70888fa46c881e1d62e0eb48e6,0xd10d649a5beb2cf5bf0c086c82ed1b1bbdf43bb0,0xd10c939ce11814d4c1df1280d091eb3a6f2797ae,2026-08-07T21:04:26,privileged_execution_context,0x8129fc1c,false
25703232,0x1af50cd08ed860eeab2bb4365c80b0736511fc59f14fe0b490dec75b0352c5f1,0x3f982777c66ece43b7e7e7194bfc1680666880e7,0x337685fdab40d39bd02028545a4ffa7d287cc3e2,2026-08-07T21:04:26,large_erc20_asset_flow;complex_trace,0x30dedc57,true
25703232,0xc9a3efe994158c1ab83ae071b942b37fdfc3af91d60b17f04184b81b828791a8,0x59aab1bd0d26290274398c07b55955c15425e16b,0x00fe78205f5f0e63b8ad2b2ae5337f538a610e04,2026-08-07T21:04:26,complex_trace;high_gas_used_context;token_activity_burst,0x34fcd5be,false
25703232,0xf885108a1ed4cd773b2071750c9e99307bdd3797646aa9d453bf3791ee34dade,0xd10d649a5beb2cf5bf0c086c82ed1b1bbdf43bb0,0x0cbc30d7f2708367fa65eaebfc6691ed82162e01,2026-08-07T21:04:26,privileged_execution_context,0x8129fc1c,false
25703233,0x0e9a89924e903a189f68e6bfe24fab2fd36fdea1d0ebbf412e3ce3993a9dc9fb,0x7830c87c02e56aff27fa8ab1241711331fa86f43,0xa9d1e08c7793af67e9d92fe308d5697fb81d3e43,2026-08-07T21:04:38,large_erc20_asset_flow;token_activity_burst,0xca350aa6,true
25703233,0xba04389e21a7758a619d3236f2bd7cef9cb1b2debd2b3fc2dc8d8bd1cdf36cac,0x7830c87c02e56aff27fa8ab1241711331fa86f43,0xa9d1e08c7793af67e9d92fe308d5697fb81d3e43,2026-08-07T21:04:38,dense_internal_fund_flow,0x1a1da075,true
25703233,0xbb2892561ced7225b7827fb327724d016129709971c92e0e836aea86cc9b46f8,0xe99bd1c2dd70cd58e5efd47887991700e7318ce2,0xad3b67bca8935cb510c8d18bd45f0b94f54a968f,2026-08-07T21:04:38,dense_internal_fund_flow;complex_trace;high_gas_used_context;token_activity_burst;approval_burst,0x146ee74d,true
25703233,0xc6d263e6b5ac3f60d9d663cf05f0d5fd529ccda22c7cb932046789fed9c37288,0xca7ded7e4f4ba8ab3b10009236ae6d1b95094589,0xb92fe925dc43a0ecde6c8b1a2709c170ec4fff4f,2026-08-07T21:04:38,dense_internal_fund_flow,0xcd6e13f7,true
25703233,0x334da6fad06044d803b08ad1bc75d22628cfc7a4d50cf268e8869516efb6fb91,0xe2da046340e00264c4f0443243a0565007ae08ac,0xa6d85f3b3be6ff6dc52c3aabe9a35d0ce252b79f,2026-08-07T21:04:39,complex_trace;high_gas_used_context,0x380db829,false
25703233,0x4a97f15845bbb8f990917439ef18c9748ff918d678a65b668e8e468d7921350e,0x3311e8c1f5006970b17fb9a823522387c4e17e38,0x4313c378cc91ea583c91387b9216e2c03096b27f,2026-08-07T21:04:39,dense_internal_fund_flow;complex_trace,0xeffbec13,true
25703233,0xe3f2e8dc24f44f290221246b9ce3aca7346c6e5bea56f62e187f912de81b9702,0xe2da046340e00264c4f0443243a0565007ae08ac,0xe85bc6df4bce507fc789bcbefd6471abe5b93df2,2026-08-07T21:04:39,complex_trace;high_gas_used_context,0x380db829,false
25703233,0xf26f380fe266e0ec664804baba2feffa47b6f8e757965dcb68f95ca2000ba960,0xe2da046340e00264c4f0443243a0565007ae08ac,0x39b7f514c199e4beb1739576a2dbd4de7414981b,2026-08-07T21:04:39,complex_trace;high_gas_used_context,0x380db829,false
25703233,0x182d6888246510628dced0f084a2512e84cae5fb1ae067285be0389946f71c6b,0xb66f376f3699c8e87c115de85575be49ae29a20c,0x0000000000001ff3684f28c67538d4d072c22734,2026-08-07T21:04:40,large_erc20_profit_to_sender;large_erc20_asset_flow;complex_trace;high_gas_used_context,0x2213bc0b,true
25703233,0x9d00c05f9b22515ca2ddc2f2fbcf243bca213451e2ce48bd75eafef110226030,0x617ccb6d070f08953c2fc481fb19674162e672f1,0x91ff8bbd8ebb07893010d50a48a1609e5ebd8e34,2026-08-07T21:04:40,complex_trace;high_gas_used_context,0x069d1525,false
25703233,0xc5c18507fe58f7f533a0f0ad0c0c41f975b0bdb6c706a4207c177a80d972bbea,0xa87eb9f2e6edc1297c0bf99393235503cb8b5023,0x2786ed4ce17214579e359064827715ad2acb1477,2026-08-07T21:04:40,dense_internal_fund_flow;complex_trace,0xe9ae5c53,true
25703233,0x1b59eff52161739a229b6a6a3136abe0a2a73cd46eb4b3a6df9e9c8f10944c3c,0xfdf287e1f1d129a34d06921dc03825535e0f383c,0xf05c04d3d2548a315263a4d604f30c39136b2db5,2026-08-07T21:04:41,large_erc20_asset_flow;complex_trace,0x0779afe6,true
25703233,0x303c7ba0fdc0435a6e636d45b4ec8c5b76d2acc2c4b296fb96ffaad607c09ffd,0xf0386d153af2aaad25df47d0e4f6986855d6ceeb,0x3d90f66b534dd8482b181e24655a9e8265316be9,2026-08-07T21:04:41,complex_trace;high_gas_used_context;token_activity_burst,0x47ee97ff,true
25703233,0x6bd346fd2c9ffb06d179ef8fa9e96c93d28def544644e791b36363e94a62843c,0xd1959a9634c0b54b7433756bbd20d8744e895278,0xe7e68d336f90f98d22a479253eafa5f2424acad8,2026-08-07T21:04:41,dense_internal_fund_flow;large_erc20_asset_flow;complex_trace,0x21c69a19,true
25703233,0x4bb24a1d514e45770f9ea6c4f9e59b3510018233bed839c6f0a7f118ac286fc5,0x46565eedb0bb948ae787dd105cce300f736da28e,0x000000000004598d17aad017bf0734a364c5588b,2026-08-07T21:04:42,privileged_execution_context;complex_trace;high_gas_used_context,0x00000000,false
25703233,0x57984fcdc3149f410f66304285218bf50c9d1e6bb704dbec25ef65b76eefcff2,0xd0d08887e8a5b16049534a7f3fc1de92848f5bea,0xc026395860db2d07ee33e05fe50ed7bd583189c7,2026-08-07T21:04:42,large_erc20_asset_flow;complex_trace,0xc7c7f5b3,true
25703233,0xca307943cc21b91617cbdc3cb6a82a2c769aedc8ac6298c240ba1274cfac7262,0xba9bc9a8aa87872f7b990031bde984a00b9ced49,0xf57f9e622bc12da707db20a9e21cd88f212effc1,2026-08-07T21:04:42,complex_trace;high_gas_used_context,0x82ad56cb,false
25703234,0x72e47967a26422108023ef41465296d14f42086b764822acfed92f1c2d4166f9,0xc24717575b50737454da26a6485bf36e6566f081,0x28b1dc1a5e3699a428bc51d234dfab7c9cb2a183,2026-08-07T21:04:56,large_erc20_asset_flow;complex_trace;high_gas_used_context;token_activity_burst,0x0c307f76,true
25703234,0x953ee2cdbc4fbdc90d0a0887cd374c8b2a6ff1f7c917044a59b50bd2750e6564,0xb445f70de1d144379766df10f1099b8261fbae72,0x03f34be1bf910116595db1b11e9d1b2ca5d59659,2026-08-07T21:04:56,dense_internal_fund_flow;complex_trace,0xe47d166c,true
25703234,0xcc7b727150ef8be2540c1e3a186ff658c7ee638141b8181dbf3f09348821d005,0x30a1b724c9dfe2e12a19ed84878312d199d1519e,0x50d3865a63d52c0a54e4679949647ea752107390,2026-08-07T21:04:56,large_dex_price_change;complex_trace;high_gas_used_context;token_activity_burst,0x00000000,true
25703234,0xd476b21b99acd23a25c684a04bc2b19714e121a8ab2a9a91dc1f6c0d5c08d532,0xdd2d158a5083ef7d32f059c312eebb788867ad24,0xcb0151ac9479a6a0261622baa63ae843c9793d45,2026-08-07T21:04:56,large_erc20_asset_flow;complex_trace;approval_burst,0x64cd187f,true
25703234,0xdbec6908e87853ee6b4354b0dad7980d8f6251968ed8725a86a46a6d55682472,0xf70da97812cb96acdf810712aa562db8dfa3dbef,0xb92fe925dc43a0ecde6c8b1a2709c170ec4fff4f,2026-08-07T21:04:56,dense_internal_fund_flow;large_erc20_asset_flow;complex_trace,0xcd6e13f7,true
25703234,0xf4c44c17b797c3aff8cdb289e9a27598e12fa0abc9cd8d85d67ef6286ae3546f,0x46565eedb0bb948ae787dd105cce300f736da28e,0x000000000004598d17aad017bf0734a364c5588b,2026-08-07T21:04:56,privileged_execution_context;complex_trace;high_gas_used_context,0x00000000,false
25703234,0xfda17cd59d19919cca4c250899aeea4492883c6cb5be3f9618d61b57a0da2003,0x10f2ccefdd2257a44103379f4fe70421c2e81e96,0x88649f4743a758171077b98ee2003f1989b1615a,2026-08-07T21:04:56,dense_internal_fund_flow;complex_trace,0x3271ba8d,true
25703234,0x3205ffe57d5c8644f328c5f60c1da293d2bfa71869cc8112f6dab3289eee90ba,0x7b49bc3ebbdf7322f31c6449320382bbec3be1b6,0xad3b67bca8935cb510c8d18bd45f0b94f54a968f,2026-08-07T21:04:57,complex_trace;high_gas_used_context;token_activity_burst;approval_burst,0x146ee74d,false
25703234,0x7a650d7f6356c4b3ef3af9c48f589fd3e4192dd251eb4c28c620f0c14d72b7ef,0xde992badd92adaf9146255e9bde6a70770973664,0x3d0f22bf11636cc9cb129e2b261eed35a487455c,2026-08-07T21:04:57,complex_trace;high_gas_used_context,0xa9059cbb,false
25703235,0x4cac5f0b65ab1d7eda016e9fe700eb99903ae8e114ddd64db32d0e416b56f074,0xa8b14d068ebb0b5e0e27bf1b95bd57e483eb89de,0xee030ec6f4307411607e55acd08e628ae6655b86,2026-08-07T21:05:13,dense_internal_fund_flow;complex_trace;high_gas_used_context,0x6e1537da,true
25703235,0xe0153317fcd20df0b7fff65f5d1905b7173b9c7ecc982ec7e8f10f882392474c,0x41d209d275027e3dcf5ddc4d0c30cd6c6ece1ffd,0x91ff8bbd8ebb07893010d50a48a1609e5ebd8e34,2026-08-07T21:05:15,complex_trace;high_gas_used_context,0x069d1525,false
25703235,0x9530489bef83e28d25f15ec1ac905f458d5fc608c504d300fcce1ddf80699c6c,0xb876842bb8405f34e1cefe497d0d85d39f83badf,0x91ff8bbd8ebb07893010d50a48a1609e5ebd8e34,2026-08-07T21:05:16,complex_trace;high_gas_used_context,0x069d1525,false
25703236,0xc613bf8287e36f34ddff007990f2d89d3137abd639a74ddc92619b5447ec224f,0xf70da97812cb96acdf810712aa562db8dfa3dbef,0xccc88a9d1b4ed6b0eaba998850414b24f1c315be,2026-08-07T21:05:31,large_erc20_profit_to_sender;large_erc20_asset_flow;complex_trace;high_gas_used_context,0x0a2b8f36,true
25703236,0x1c4dcbb9dbd733c16759ad55074e5f6649f9d85fedd57295c128f325be22eee8,0xdfc50b0aeb38b33781bc420fb002a8dd462372b5,0x337685fdab40d39bd02028545a4ffa7d287cc3e2,2026-08-07T21:05:32,dense_internal_fund_flow;complex_trace;high_gas_used_context;token_activity_burst,0xfa74fd43,true
25703236,0x6345f20b9b71a9a3ebc8459186535cc9719f34a6515ff9366806a6b41b42cd62,0xdf8adfe10d4a4d9f0fc4d3e377a6e8d5730eb40c,0x06cff7088619c7178f5e14f0b119458d08d2f5ef,2026-08-07T21:05:32,large_erc20_asset_flow;complex_trace,0x99999999,true
25703236,0x660e5aefb10e5a54e79005c4dc75661d4b0ea64769c6a98d81ec0b1719a36e38,0x2ee36e41387f87b7e6f678a86d1e575b23b996f5,0x50d3865a63d52c0a54e4679949647ea752107390,2026-08-07T21:05:32,complex_trace;high_gas_used_context;token_activity_burst,0x00000000,false
25703236,0x8358efedc8eca6bfcae0447128c5a7af0d76a10b8b25fdc729fe25142246aa3b,0xb08b2c3099193bcf05f742ccb7f206635fe243b3,0x91ff8bbd8ebb07893010d50a48a1609e5ebd8e34,2026-08-07T21:05:32,complex_trace;high_gas_used_context,0x069d1525,false
25703236,0xf678b3fc17ae196e223bda6029d5c531496b2fa6829dd9928d65446396663b53,0x03c558aee40a9fced1cabe9b465bae8096e05230,0x36331e299247e5d0d3261e1d9852f6e0cffee95c,2026-08-07T21:05:32,dense_internal_fund_flow;complex_trace,0xca8bd1f9,true
25703236,0x0c957caa21f81f23a779fbb164aac9abdfcb6bd1686443381b4197f150a02eb4,0x2570faf7c8a0da87d3f123b35cc722ec3fcc3e08,0x80226fc0ee2b096224eeac085bb9a8cba1146f7d,2026-08-07T21:05:33,large_erc20_asset_flow,0x96f4e9f9,true
25703236,0x2c8811d3f0651bbd6071dd2789b3e65e1f1a6729208c553d4f33afd4985353a4,0xc6acbee42e9e323140c1ed060c2f6ea9cc3b4b75,0x7c5a71c9fefbc7691f9d4ac7baf70c743792f716,2026-08-07T21:05:33,selfdestruct_context,0xf3fef3a3,false
25703236,0x8ac10e1aa23aca0ff417e74448105fc5aabd002f9e6c72394fef173c875b86f3,0xfb076e0b813cc205a2d032b639f6d10f500dd9b7,0x000000ae384600d7252543855e3b0400f6008d00,2026-08-07T21:05:33,large_erc20_asset_flow;complex_trace;high_gas_used_context;token_activity_burst,0x00000000,true
25703236,0xe10d4845c97c8fe0fb50c6fd4f63b39488de97b68becc9413c5946c8ab85184b,0x7b49bc3ebbdf7322f31c6449320382bbec3be1b6,0xad3b67bca8935cb510c8d18bd45f0b94f54a968f,2026-08-07T21:05:33,complex_trace;high_gas_used_context;token_activity_burst;approval_burst,0x146ee74d,false
25703236,0xf2f376116edac179e27750636c1cc6806a246ed5e38620419ad34388e630ee14,0x062ce42cae04c51d04e77e3d64cc8953a2296ffe,0x8a25a24ede9482c4fc0738f99611be58f1c839ab,2026-08-07T21:05:33,large_erc20_asset_flow;complex_trace,0x6a761202,true
25703237,0x93a482d37d87d6b23bc836c01d22e2686e6ab56dfb04bef593db0d0f48dd292a,0x025080f14aa3305049f9ce08d7b92368d54cb9b6,0xcb0151ac9479a6a0261622baa63ae843c9793d45,2026-08-07T21:05:50,large_erc20_asset_flow;complex_trace;approval_burst,0x64cd187f,true
25703237,0x13d186aaae08803efe3bdcf83e035e3f3da726a20beed83f3135849540f651f6,0x7830c87c02e56aff27fa8ab1241711331fa86f43,0xa9d1e08c7793af67e9d92fe308d5697fb81d3e43,2026-08-07T21:05:51,large_erc20_asset_flow;token_activity_burst,0xca350aa6,true
25703237,0x51e424dd72ae878e285e4dcfa39908ddb575651a63e85ac6288c2d2db1431943,0xa5c7857bf8c8220403caf189066ce5bac4462705,0x91ff8bbd8ebb07893010d50a48a1609e5ebd8e34,2026-08-07T21:05:51,complex_trace;high_gas_used_context,0x069d1525,false
25703237,0x5d75861efb3cafe65621fb4f73f5620cdc75b5353563917a2a53a2507a0f7895,0x1b4aee487974de82f1796ba3a79183639dc2f747,0x75d9ef48e30bcb0b658c1d387233fb52ebf9a4fe,2026-08-07T21:05:51,complex_trace;high_gas_used_context,0xf6dbcb18,false
25703237,0x4cb7612d2d4be9d1b05fe1beb77a892aa88cccb739e5aae8f86dd9ca56d77e9c,0x59aab1bd0d26290274398c07b55955c15425e16b,0x00fe78205f5f0e63b8ad2b2ae5337f538a610e04,2026-08-07T21:05:52,complex_trace;high_gas_used_context,0x34fcd5be,false
25703237,0x65f30dfd4de986f7d7497b1954b36af7cedde89ed6de65aade072a09bce801b8,0x48016a2ee65758ea0adf560ba35ac18c827610e5,0x91ff8bbd8ebb07893010d50a48a1609e5ebd8e34,2026-08-07T21:05:52,complex_trace;high_gas_used_context,0x069d1525,false
25703237,0x87ed9fd3f9f724f6121cc2850e81c5d0acbfe33e156105446d8bc91ce08efde7,0xa0c85ffaff895c0cf5aed1993dc6e3195adf593b,0x9b6eda8460ac664287493038b23f25b03dfbbdb1,2026-08-07T21:05:52,large_erc20_asset_flow;complex_trace,0x469f504f,true
25703237,0x88178a9067eebc54804de75c63a2a3d1c4d9745d626a64af6b3db77ec321ae70,0x81633c1357ddb25d8625efb2cad26a60988475bf,0x0c9a3dd6b8f28529d72d7f9ce918d493519ee383,2026-08-07T21:05:52,large_erc20_asset_flow;complex_trace,0xc16ae7a4,true
25703237,0x95b32e7936c2c34185eb4a4fadc3087860bf40d248ccf0184a2c9781e2d3e7e9,0x4ae91dc10b687913ea2ae62d7a6e4c39d8c0e6f6,0x6131b5fae19ea4f9d964eac0408e4408b66337b5,2026-08-07T21:05:52,large_erc20_asset_flow;complex_trace,0xe21fd0e9,true
25703237,0xbadb2d3293fb6b8f921ad5f9cd6d94601566ec27a3502801298b59fe1b6a010c,0xd13674ef90c4ef8da43f3fe90aba61a2aa43c1f6,0x91ff8bbd8ebb07893010d50a48a1609e5ebd8e34,2026-08-07T21:05:52,complex_trace;high_gas_used_context,0x069d1525,false
25703237,0xc05a3fb58c7a3f18531b4febe6ffa826729b202441aac127630a4d0d0aa89077,0x1584a8ee67789d1fe161065388657ad2f2a3c7dd,0x77eb52e44db06777bce478159f25c0d55a295314,2026-08-07T21:05:52,repeated_internal_token_drain;dense_internal_fund_flow;complex_trace;high_gas_used_context;token_activity_burst;repeated_risky_internal_calls,0xa9059cbb,true
25703237,0xe48f9b9b93e117ce4df5528d1ade6177283cbfce5e29f072d2dbdb7d2756a66f,0x0f6d91fbafa15c3f20e72a4cbf16ed65dd96323d,0x91ff8bbd8ebb07893010d50a48a1609e5ebd8e34,2026-08-07T21:05:52,complex_trace;high_gas_used_context,0x069d1525,false
25703237,0xf0c5d720a3b7a12d92399965f080ddc6755613aa8ed76b9dcdf0c1919359cd50,0x951454cad517fcb54a5a60f20c934df90966b2a7,0x4c82d1fbfe28c977cbb58d8c7ff8fcf9f70a2cca,2026-08-07T21:05:52,complex_trace;high_gas_used_context;token_activity_burst,0x3593564c,true
25703238,0x5ae321e1d507ec70be98afbe1e1c0ff26d66002c767284da1fdf4630e5cb6345,0x6572d9dbd1e4a1a1a81760dcc4310269b59950c7,0x91ff8bbd8ebb07893010d50a48a1609e5ebd8e34,2026-08-07T21:05:58,complex_trace;high_gas_used_context,0x069d1525,false
25703238,0x68e103d3c67b2cc33608a9a2b60665fec5f0def9f2a91235554ebc37fb3f9497,0x46565eedb0bb948ae787dd105cce300f736da28e,0x000000000004598d17aad017bf0734a364c5588b,2026-08-07T21:05:58,privileged_execution_context;complex_trace;high_gas_used_context,0x00000000,false
25703238,0xc3a2238dc28ca27e00f21b1523224bdecb1b9eb062cb4d4cfa8147d6aef54eef,0x6f12b91bf6da752ada71b7a1a622c57d8a48818a,0x225a38bc71102999dd13478bfabd7c4d53f2dc17,2026-08-07T21:05:58,dense_internal_fund_flow,0xbc4a02e4,true
25703238,0x1901038ce69a14631a0c28c8aa909ce381c116bcc63f5dc84114de2e52bfe06e,0xdeee37e47cecab3017ceaf9757f60550b58c681e,0x28b1dc1a5e3699a428bc51d234dfab7c9cb2a183,2026-08-07T21:06:00,complex_trace;high_gas_used_context;token_activity_burst,0x0c307f76,true
25703238,0x5f7410f43a4a52018daab15a57e9617dd75b6fa904b7a7761d9c441a3280ccf5,0x43370146366cfea21302962ae3a558d72bbcc487,0x0000000071727de22e5e9d8baf0edac6f37da032,2026-08-07T21:06:00,large_erc20_asset_flow,0x765e827f,true
25703238,0x8b91096af9220f27c3fb3341c408167ffa5961e11d455c9afa19ba7656c8bb19,0x1eda738c90fb3f80067a2e420a1e2f81b75ecaf5,0xa6d85f3b3be6ff6dc52c3aabe9a35d0ce252b79f,2026-08-07T21:06:00,complex_trace;high_gas_used_context,0x380db829,false
25703238,0x9ad3cce7ec84a59e480670ac6c21e525ceaed8554b981110b04cb44acefe9b39,0x59aab1bd0d26290274398c07b55955c15425e16b,0x00fe78205f5f0e63b8ad2b2ae5337f538a610e04,2026-08-07T21:06:00,complex_trace;high_gas_used_context,0x34fcd5be,false
25703238,0xb44f58b8c81fa2bda47bb32e019ce72e1b3bca184893b40e1c58cd7d6833a0b6,0x4db45f355e2cb1d0b847226905dfff9c4d3b65d1,0xcd81b027cb36039ecd3a64db439a8b076e6b5cc5,2026-08-07T21:06:00,large_erc20_asset_flow;complex_trace,0x0779afe6,true
25703238,0xd7ca7456402580cd0f3eb6a809fd7d6e7b3cd2cccaf48816106455daa2827156,0xbad000006db10503589262b55d09bb7b3c5e1472,0xbbbbb048b1a85ca221058c45525095b6a68bbbbb,2026-08-07T21:06:00,repeated_internal_token_drain;dense_internal_fund_flow;very_complex_trace;high_gas_used_context;token_activity_burst;repeated_risky_internal_calls,0xa9059cbb,true
25703239,0x562dcb17ad25995eac0453659ac3380900d3a08a3ba3c703fe84d2c56dc6986d,0xfb661ac1661e475f7d1533d73c9393af011f67d8,0x0000000000001ff3684f28c67538d4d072c22734,2026-08-07T21:06:09,dense_internal_fund_flow;complex_trace,0x2213bc0b,true
25703239,0x7e2d1e2cdf8fb815b59d73a90dd0b229fb6b5187a59a964ae25178e521bcd1a1,0xae2fc483527b8ef99eb5d9b44875f005ba1fae13,0x1f2f10d1c40777ae1da742455c65828ff36df387,2026-08-07T21:06:09,large_erc20_asset_flow;complex_trace,0x2bd0dac1,true
25703239,0x9604621348050ce266e8cf2a831f2419291c522110867292c391aa36fc0af06d,0x5b43453fce04b92e190f391a83136bfbecedefd1,0xbdb3ba9ffe392549e1f8658dd2630c141fdf47b6,2026-08-07T21:06:09,complex_trace;token_activity_burst,0x000000c3,false
25703239,0x97479989c446d94fb6494fe9d64b4101574f79970b8f0f8391185db61c0f9813,0xae2fc483527b8ef99eb5d9b44875f005ba1fae13,0x1f2f10d1c40777ae1da742455c65828ff36df387,2026-08-07T21:06:09,large_erc20_asset_flow;complex_trace,0x2bd0a0b8,true
25703239,0xa3f363c681cdf7efc906bf594be9b006b4b94e2e7cc6161f3ae2528e60d62e8c,0x46565eedb0bb948ae787dd105cce300f736da28e,0x000000000004598d17aad017bf0734a364c5588b,2026-08-07T21:06:09,privileged_execution_context;complex_trace;high_gas_used_context,0x00000000,false
25703239,0x1b092eb1dba291f3fb622cd85ce32e34bb131a769fee568595c7179ec5cae8e0,0xdfb5b051c5372c811b06dc5ab625a0db43cfe74b,0x0000000000001ff3684f28c67538d4d072c22734,2026-08-07T21:06:10,dense_internal_fund_flow,0x2213bc0b,true
25703239,0x857da7ee21de65d7d92e21dfe47f11a349b53416471abda18db8b058932d01fe,0x970df0f4bd124df46b1dee31329f7444f9e66b68,0xd226997439ecfbeff8e110c8c78c8a7eefd19f89,2026-08-07T21:06:10,large_erc20_asset_flow;complex_trace,0x99999999,true
25703239,0x9687c7955c837b93592e46e93b948d355f212f11c169c98b5b3a2a20d497addb,0x59aab1bd0d26290274398c07b55955c15425e16b,0x00fe78205f5f0e63b8ad2b2ae5337f538a610e04,2026-08-07T21:06:10,complex_trace;high_gas_used_context,0x34fcd5be,false
25703239,0xa88756f93e624e3e6dae396172717a4495bd8b5648bc10422e6a58a455feb4ff,0x0cd7e1660d63a6aebda782a2eb7f2875716ac3e8,0x6566194141eefa99af43bb5aa71460ca2dc90245,2026-08-07T21:06:10,large_erc20_asset_flow,0x374f435d,true
25703240,0x3b73706d2e6bcc891de49264d44b130df736b9338bb3a1fe557bd48170511853,0x2b3fed49557bd88f78b898684f82fbb355305dbb,0x09c30cdcdd971423cb3ba757a47d56c35d06d818,2026-08-07T21:06:17,dense_internal_fund_flow,0x318adb8b,true
25703240,0x4e55fcbfcc2abb1e137ac8d9cb56e839f00e33e55f0d4c90e23b60c253ba2033,0x5b721c61f82291f533486f64cea811e3d9200889,0xb300000b72deaeb607a12d5f54773d1c19c7028d,2026-08-07T21:06:17,complex_trace;high_gas_used_context,0x810c705b,true
25703240,0xe8143fbf49e900f9745984b0fed53437483929d70c76fb9313ffe2f66c1edfa0,0x1d93a938203384d61da544310217e59e60a03eca,0x2d5805a423d6ce771f06972ad4499f120902631a,2026-08-07T21:06:17,large_erc20_asset_flow;complex_trace,0xf497df75,true
25703240,0x14821c1ac036a4270eec6376e0c503b40cb148bfc206a15f7842133ffa339a74,0x93b9fa0ee399389ff8a8994bf4b1f6d8dc42bd77,0x337685fdab40d39bd02028545a4ffa7d287cc3e2,2026-08-07T21:06:18,dense_internal_fund_flow;complex_trace,0x30dedc57,true
25703240,0x447c8b4a1eeb574ce3a6febacc32246fd6ea8d2cd93b13824746b67c0f50a4b0,0x64b9edd67c96c76bc3f9472c5a9e83547cfd4380,0x91ff8bbd8ebb07893010d50a48a1609e5ebd8e34,2026-08-07T21:06:18,complex_trace;high_gas_used_context,0x069d1525,false
25703240,0xbad3e257b91760a3aca7093633a558ea131d6ac22791b2d969a1d45a160f210f,0x7f56302966ef91afb0d7baddc92b793efa8da7d9,0x91ff8bbd8ebb07893010d50a48a1609e5ebd8e34,2026-08-07T21:06:18,complex_trace;high_gas_used_context,0x069d1525,false
25703240,0xbd57904c508c3c13862fbd3d1d23beba5d47f64446ee15299bf2846350177ec2,0xa154b98e53fc35e1bad1ff758acbc8c629bdcd2b,0x19917386eeae67b6ff7ddf07de4019fca40aa4ec,2026-08-07T21:06:18,complex_trace;high_gas_used_context;token_activity_burst,0xa9059cbb,false
25703240,0xc88f51a98fe4f1933f132f99d84fffd86978836d7f474326e72ebb551353f190,0x72663ec3f3dcf59beff5d20594fd5777e05d9c17,0x91ff8bbd8ebb07893010d50a48a1609e5ebd8e34,2026-08-07T21:06:18,complex_trace;high_gas_used_context,0x069d1525,false
25703240,0xd1caa220a6ff46b798cb1216469e0c758e6073a7b9da479b2dd712a0866949f1,0x80d04079ffc53eb14edbeeb37279d126f45552df,0x1014ccdf986ebd95360603df5a16e6216f3336f4,2026-08-07T21:06:18,repeated_internal_token_drain;dense_internal_fund_flow;complex_trace;token_activity_burst;repeated_risky_internal_calls,0x8aaa8f3b,true
25703241,0xd04b7b869b40b44efe71cfe40a7ffef6acdd1736102e6ffd23ead6b927ba8426,0xe99bd1c2dd70cd58e5efd47887991700e7318ce2,0xad3b67bca8935cb510c8d18bd45f0b94f54a968f,2026-08-07T21:06:26,large_erc20_asset_flow;complex_trace;high_gas_used_context;token_activity_burst;approval_burst,0x146ee74d,true
25703241,0x2e8182841be4e3c83516751c4d6d5973934608a01d0d7eda4b6c80fcbd1aaac3,0x59aab1bd0d26290274398c07b55955c15425e16b,0x00fe78205f5f0e63b8ad2b2ae5337f538a610e04,2026-08-07T21:06:27,complex_trace;high_gas_used_context;token_activity_burst,0x34fcd5be,false
25703241,0x4013983819525aed7eebcc354fc1d6c55142cdb81234e4e96c7db291e779a81e,0x00c501a744b3db320f1eb5675f9a606bd298d2b9,0x91ff8bbd8ebb07893010d50a48a1609e5ebd8e34,2026-08-07T21:06:27,complex_trace;high_gas_used_context,0x069d1525,false
25703241,0x4eca26ffbabda9444d0b01fa42b18a533eee87f4856a7a15615748afd057d1f6,0x4337003fcd2f56de3977ccb806383e9161628d0e,0x0000000071727de22e5e9d8baf0edac6f37da032,2026-08-07T21:06:27,large_erc20_asset_flow,0x765e827f,true
25703241,0xd356cafddde8abf7af41f3126c5c7ccf6ed87eac5eb9da5aedca68edc753eeba,0xb2b6a2b2611e0e64ae5042ec20a31158f5ce89c3,0x28b1dc1a5e3699a428bc51d234dfab7c9cb2a183,2026-08-07T21:06:27,dense_internal_fund_flow;complex_trace,0x0c307f76,true
25703241,0xdb0b4a266d4967547681def6614ce12ec98ddf799e5a7435e8f24aeced354fd3,0x1584a8ee67789d1fe161065388657ad2f2a3c7dd,0x77eb52e44db06777bce478159f25c0d55a295314,2026-08-07T21:06:27,repeated_internal_token_drain;dense_internal_fund_flow;complex_trace;token_activity_burst;repeated_risky_internal_calls,0xa9059cbb,true
25703242,0x27fa1b206f4e0adeda15b9223461b8e603bba9fc908eb8401aa11cd14781cd88,0xf70da97812cb96acdf810712aa562db8dfa3dbef,0xccc88a9d1b4ed6b0eaba998850414b24f1c315be,2026-08-07T21:06:32,large_erc20_profit_to_sender;large_erc20_asset_flow;complex_trace;token_activity_burst,0x0a2b8f36,true
25703242,0x878aa5669a7cbad1f5ad463c684ac517f34bd48fdd0cb7f6682c34043efbdeec,0xe9fce949e03ed55426471dbdb33847a248a83573,0x91ff8bbd8ebb07893010d50a48a1609e5ebd8e34,2026-08-07T21:06:32,complex_trace;high_gas_used_context,0x069d1525,false
25703243,0x54b6f0459d751b3eeaab8e2af5a71e1aedb38f425e214bc4bb72b6c135d5a197,0xa1ac8747c79d39dcabb85bc8a9a2ee08735b7f9a,0x03f34be1bf910116595db1b11e9d1b2ca5d59659,2026-08-07T21:06:40,dense_internal_fund_flow;large_erc20_asset_flow;complex_trace,0xe47d166c,true
25703243,0x7b0cabf28c9de3c98797c819eb0175fa045609587102996f98597bb759d5ac0b,0x7830c87c02e56aff27fa8ab1241711331fa86f43,0xa9d1e08c7793af67e9d92fe308d5697fb81d3e43,2026-08-07T21:06:41,large_erc20_asset_flow;token_activity_burst,0xca350aa6,true
25703243,0x8273f625671305248bd08b3483df99ad0a14efd40971f66f4e3b30a38063ca14,0x991157c7b5a810347b7eff9b33a9155ac7fa0629,0x59da89baee7c773f991731fca0a8bba58d511c05,2026-08-07T21:06:41,dense_internal_fund_flow,0xfd3ad6d4,true
25703243,0xb9fefb8d57c419ea21c175b1d9b63111aa44e1ad1206df312129cc50426bb072,0x7830c87c02e56aff27fa8ab1241711331fa86f43,0xa9d1e08c7793af67e9d92fe308d5697fb81d3e43,2026-08-07T21:06:41,dense_internal_fund_flow,0x1a1da075,true
25703243,0xbf85730533329425d481698943e4f11b17c62c6522642df00343a69fe0537fd3,0x5eae0b3f6ab5b31b27cd2ae5f414b54d93ba6920,0x03f34be1bf910116595db1b11e9d1b2ca5d59659,2026-08-07T21:06:41,dense_internal_fund_flow;complex_trace,0xe47d166c,true
25703243,0x20caf8d8f00e649ed2374ecf9a097a5dc71277cb32892732ae09afd65b541563,0x46565eedb0bb948ae787dd105cce300f736da28e,0x000000000004598d17aad017bf0734a364c5588b,2026-08-07T21:06:42,privileged_execution_context;complex_trace;high_gas_used_context,0x00000000,false
25703243,0x27611f469814204feb3b31188621d0a8f1ead7a0f43f2209fbbdf9548c035154,0xd6434d157f254276d69ede3bd9fc805482206908,0x7ec8a30a34b86927dc77b302603d1d53e640bef7,2026-08-07T21:06:43,repeated_internal_token_drain;dense_internal_fund_flow;complex_trace;high_gas_used_context;token_activity_burst;repeated_risky_internal_calls,0xa9059cbb,true
25703243,0x7a0c71b40682120440d42e0a4b02cd7aa90f4166a401e9a63d31832e49c31274,0x61193d978c9ce5ba69293da96a56113be8de981c,0x91ff8bbd8ebb07893010d50a48a1609e5ebd8e34,2026-08-07T21:06:43,complex_trace;high_gas_used_context,0x069d1525,false
25703243,0xf7f4f24e695b5292fc57ba6d78a8e6f58a69268ecb806dd810f3d75dbc478616,0x1e060fb7847ab8de0e05e898c16714c9dcc9de6d,0x91ff8bbd8ebb07893010d50a48a1609e5ebd8e34,2026-08-07T21:06:43,complex_trace;high_gas_used_context,0x069d1525,false
25703244,0x07d773b0538aa88ab01818c79aff85f5adf3a47aa08ff7724cacde759ab4e135,0xc24717575b50737454da26a6485bf36e6566f081,0x28b1dc1a5e3699a428bc51d234dfab7c9cb2a183,2026-08-07T21:06:48,large_erc20_asset_flow;complex_trace;high_gas_used_context;token_activity_burst,0x0c307f76,true
25703244,0x46055be0a7f18493b4824728f7051ca938e343acb9d3eabd1137131f4894f506,0x70e59f9c304e4d5096bd408b571e2dcd99c3120b,0xad3b67bca8935cb510c8d18bd45f0b94f54a968f,2026-08-07T21:06:48,complex_trace;token_activity_burst;approval_burst,0x146ee74d,false
25703244,0xfdada011cce18b5f5cee9327c7c9ea8b20f486ec407ddcb6350bba2d1ce014bd,0x477cac2fc44a60492a8b637b77a99be4debcef20,0x2d5805a423d6ce771f06972ad4499f120902631a,2026-08-07T21:06:48,large_erc20_asset_flow;complex_trace,0xf497df75,true
25703244,0x21d340a8f160525f659ef1608640f393aa649118e3f3e14994a3d47eac220532,0x0e7c79fc7a0a3d36d79136c59514050460fbea60,0x1231deb6f5749ef6ce6943a275a1d3e7486f4eae,2026-08-07T21:06:51,dense_internal_fund_flow;complex_trace,0x736eac0b,true
25703244,0xa50962d64b2e55b494b2673d20d5a0fec7046850be4ac1542e9afe9033abd8cd,0x46565eedb0bb948ae787dd105cce300f736da28e,0x000000000004598d17aad017bf0734a364c5588b,2026-08-07T21:06:51,privileged_execution_context;complex_trace;high_gas_used_context,0x00000000,false
25703244,0xbf080fbdd7216627640b29c45acdb8171aec24bd877493b0aad20dab2f5446d7,0x7f8f1810ef2d1965d7cf96a1c1199e0637727cc9,0x4ff6178b58a51cb74e50254ed1e9ebd4f28eb2c0,2026-08-07T21:06:51,large_erc20_asset_flow;complex_trace,0xb9de6a93,true
25703245,0x5d2eb6c8d0dfc06b8e40fae0976a143d87afb1f457c193ac7ce9ac440e8168ea,0x46565eedb0bb948ae787dd105cce300f736da28e,0x000000000004598d17aad017bf0734a364c5588b,2026-08-07T21:06:57,privileged_execution_context;complex_trace;high_gas_used_context,0x00000000,false
25703245,0xa2a19b244fe154895f42ded5c778ecc2806be9b639e71ff3aab5914d78a3292c,0xc4ac166469f05c7cfb099a7524d8dcabc41ea553,0xa99d875b78336cc2e5252b8a94463cfbb04a9120,2026-08-07T21:06:57,complex_trace;high_gas_used_context,0x6e553f65,false
25703245,0x377e490d3507339d5465562c4c9202c6c95e6244522323591fcbac440c4379f6,0x3a65eaf9fa0ac401d3fb5858a3eff8f903d15ad0,0x6a000f20005980200259b80c5102003040001068,2026-08-07T21:06:58,dense_internal_fund_flow;complex_trace,0x0d893d62,true
25703245,0xb89588ba40d69d7bb8a7c9c925ba293f918c1e393e252ec8a6d71ebdc6a0eb77,0xf2068d6a6bf2bd40e2e484c185256bce6fe9b68e,0xac9f360ae85469b27aeddeafc579ef2d052ad405,2026-08-07T21:06:59,dense_internal_fund_flow;large_erc20_asset_flow,0xe4899c13,true
25703245,0xebf2346a188153fe3386c23208d7d161dc78ccb236784a92b9815796bbeacdff,0xa154b98e53fc35e1bad1ff758acbc8c629bdcd2b,0x19917386eeae67b6ff7ddf07de4019fca40aa4ec,2026-08-07T21:06:59,repeated_internal_token_drain;dense_internal_fund_flow;very_complex_trace;high_gas_used_context;token_activity_burst;repeated_risky_internal_calls,0xa9059cbb,true
25703246,0x6e2114ea6b074bd54def173b7a078d33a520f6545d2783237e0d93e5a4997d7f,0xf089ea68be2f876a98dafce817726d28f722873a,0x0889e9327b98d7d1be3c301a4585ff3330502c9a,2026-08-07T21:07:09,dense_internal_fund_flow;complex_trace,0x1fff991f,true
25703246,0xac07e229a84f007293fb14b4ec322f0c30b818f094b1bb3d7e81649e9a2a2e86,0x70e59f9c304e4d5096bd408b571e2dcd99c3120b,0xad3b67bca8935cb510c8d18bd45f0b94f54a968f,2026-08-07T21:07:10,complex_trace;high_gas_used_context;token_activity_burst;approval_burst,0x146ee74d,false
25703246,0x44631b1c3b7abd90dc2c7de03fd1b01ee7abaae43436a0722db67acc18a9a9c3,0x7b2c630b0b3044631287c723d134451ffdc5b2ed,0x28b1dc1a5e3699a428bc51d234dfab7c9cb2a183,2026-08-07T21:07:12,dense_internal_fund_flow,0x9871efa4,true
25703246,0x606c9de8c1243bae7f5585b2dadbbe9577fb9f710ce5d3add18fe47ca579a23d,0x18c6e0fc69b50a3fb4c5c933311eb3015a5ad7fc,0x13c995caffaef0f2fb0b309a1c9dd4d938d348db,2026-08-07T21:07:12,complex_trace;high_gas_used_context;token_activity_burst,0x788a3f8c,false
25703246,0xa4d086d53b9ea5e4b686d976dc53d08578f06088ce63d57cf69379d6084ead82,0x1eda738c90fb3f80067a2e420a1e2f81b75ecaf5,0x4c175ee61c3c1da847e339e1158d61bbd2537046,2026-08-07T21:07:12,complex_trace;high_gas_used_context,0x380db829,false
25703247,0x8a03af27ee130aa7e2a8d7d11b355855090dab4365c79eb598c12f9ed0cfc636,0x13b5f7c38da2f6d22c48b69feadab8bf2397bfe6,0xcec1caa28ebc876d0883a0c492831e06e167b8b3,2026-08-07T21:07:51,selfdestruct_context,0xf3fef3a3,false
25703247,0xdb4c8177c64b9765bb98158e7bb83330a4efe3094d488ba5f412259939a7fa63,0x7b49bc3ebbdf7322f31c6449320382bbec3be1b6,0xad3b67bca8935cb510c8d18bd45f0b94f54a968f,2026-08-07T21:07:51,complex_trace;high_gas_used_context;token_activity_burst;approval_burst,0x146ee74d,false
25703247,0xe17a387c6c51d28e7aedbd5d65740c6a6cd8b4feed7861a5f2afcbf872341278,0xb9c5b62d57e01c42694e00d8502969fcb224360c,0x0439e60f02a8900a951603950d8d4527f400c3f1,2026-08-07T21:07:51,large_erc20_asset_flow;complex_trace,0x3ce33bff,true
25703247,0xf3161245e05b4c739d3a259aa873b11e3a610a002d19d7dd17de5c662c60346b,0x1b4aee487974de82f1796ba3a79183639dc2f747,0x4313c378cc91ea583c91387b9216e2c03096b27f,2026-08-07T21:07:51,dense_internal_fund_flow;complex_trace,0xeffbec13,true
25703248,0x2f03ea18a2aa3f8b8856c8f1ab3a94fdaea1e51152924f324b2e91aa435a8862,0x9642b23ed1e01df1092b92641051881a322f5d4e,0xfaf17849fb05a11a4e233f221bac99ca43fc83f8,2026-08-07T21:08:03,large_erc20_asset_flow,0x6b13fcb1,true
25703248,0x4cc532777c28a0e0f11e87b8f195b2742f74e0d2b305a5b0099038ae86a1a1e0,0xe2da046340e00264c4f0443243a0565007ae08ac,0x923c7ae586b748da0fbea964c7a6089569bad61c,2026-08-07T21:08:03,complex_trace;high_gas_used_context,0x380db829,false
25703248,0x64ca0bfb74901c33bd49604ed9022394a4675824fac8366113bb045d312a69aa,0xed0896aaa00b60387f22647278b8cddf2f3ee00d,0xd15e62e64c1265dfb753ed6e7c76cb5ff8f276c7,2026-08-07T21:08:03,large_erc20_asset_flow;complex_trace,0xe9ae5c53,true
25703248,0x6f0a8478f38a7ee68161584d406a62e1d66eec05ccde82d0bc0bf9b645bb9cbf,0x7830c87c02e56aff27fa8ab1241711331fa86f43,0xa9d1e08c7793af67e9d92fe308d5697fb81d3e43,2026-08-07T21:08:03,large_erc20_asset_flow,0xca350aa6,true
25703248,0x77f6ec59cb8a324dbe6af13de9384541794659e580de3588a62fa64facbd747f,0x3431172c887cf150d9fdaba9876273d9db566367,0x64f5aad0e38e2ff9f50f2e51e813e49c05aca41a,2026-08-07T21:08:06,complex_trace;high_gas_used_context;token_activity_burst,0xa9059cbb,false
25703248,0xe6253b485e9bca1738d042d40d712130856d4edce7a93070fa9a112eee3c2ca2,0x59aab1bd0d26290274398c07b55955c15425e16b,0x00fe78205f5f0e63b8ad2b2ae5337f538a610e04,2026-08-07T21:08:06,repeated_internal_token_drain;dense_internal_fund_flow;complex_trace;high_gas_used_context;token_activity_burst;repeated_risky_internal_calls,0x34fcd5be,true
25703249,0x6f65d52d1db1e635ef8effac8e2c92636d5672eafdbb092c845c2828cf6da736,0xae2fc483527b8ef99eb5d9b44875f005ba1fae13,0x1f2f10d1c40777ae1da742455c65828ff36df387,2026-08-07T21:08:18,large_erc20_asset_flow;complex_trace,0x2b66e055,true
25703249,0xf17e314bd869143ad10cef131ae5b88e989c697e062ba56dc0f374794849ec57,0x46565eedb0bb948ae787dd105cce300f736da28e,0x000000000004598d17aad017bf0734a364c5588b,2026-08-07T21:08:18,privileged_execution_context;complex_trace;high_gas_used_context,0x00000000,false
25703249,0xf6d271f3476c73f9d1f808b6aaa48baf205fecd287fed512a020506fd504cc31,0x08b9cb027d2f2a25a825118becbc4e7aac883c25,0xb4769e9c5be31199a25ecd1b0c6609183fa72521,2026-08-07T21:08:18,dense_internal_fund_flow;complex_trace,0xa11b1198,true
25703249,0x8af087f4e38f2703ba1a9f0c24b71a58ba044fcebfed42a5351a7a0c9c04bc70,0xe395f0243ae29c41c865971d9e5603c16c0065b4,0x89c6340b1a1f4b25d36cd8b063d49045caf3f818,2026-08-07T21:08:20,complex_trace;high_gas_used_context,0x0193b9fc,false
25703250,0x9d9b53de1430b53131a8c174c414969a91111fabc7118d39bc08e25a2fb16f61,0x331d9a049d496385998067abf6cbb6371c8d2466,0xca11bde05977b3631167028862be2a173976ca11,2026-08-07T21:08:32,complex_trace;high_gas_used_context,0x174dea71,false
25703250,0x444aa704dbed5128232f6d3ee3de6e795f2086b63b836f3ac4965311e2ab1251,0x3b8c679abd153d5eb1cc3edffbfc819a3ff4db9f,0x28b1dc1a5e3699a428bc51d234dfab7c9cb2a183,2026-08-07T21:08:33,complex_trace;high_gas_used_context;token_activity_burst,0x0c307f76,false
25703250,0x6f9fcff901945267ba294e1b275ed6a6e02ee908e6a3751ac5f3b2d0efa0eb03,0xc6acbee42e9e323140c1ed060c2f6ea9cc3b4b75,0x7c5a71c9fefbc7691f9d4ac7baf70c743792f716,2026-08-07T21:08:33,selfdestruct_context,0xf3fef3a3,true
25703250,0x6fe0d9c4fd8ad7d15dca5e2422c1bd11438857b2494f304295d40357836c31fc,0x4ae9ee2e849fbb10b7063e29c3f521d89e45b523,0xb300000b72deaeb607a12d5f54773d1c19c7028d,2026-08-07T21:08:33,dense_internal_fund_flow;complex_trace,0x810c705b,true
25703250,0xdb06b4411498b2c6228a72a46c274298dc5822fb959343ad41bf2a95c62302a1,0x46565eedb0bb948ae787dd105cce300f736da28e,0x000000000004598d17aad017bf0734a364c5588b,2026-08-07T21:08:33,privileged_execution_context;complex_trace;high_gas_used_context,0x00000000,false
25703251,0x9473ac2472f4510d198d16ddde3b321350af07dfd36f2c754c3f756b7bf74340,0xc6acbee42e9e323140c1ed060c2f6ea9cc3b4b75,0x7c5a71c9fefbc7691f9d4ac7baf70c743792f716,2026-08-07T21:08:44,selfdestruct_context,0xf3fef3a3,false
25703251,0x9a9c91f0ea8d6a2f77afbf2ca1f64407c7caec66b4455fea439b90f78f29baa0,0xe2da046340e00264c4f0443243a0565007ae08ac,0xa6d85f3b3be6ff6dc52c3aabe9a35d0ce252b79f,2026-08-07T21:08:44,complex_trace;high_gas_used_context,0x380db829,false
25703251,0xa3376fb3e0e211f4a632e676edb7eba13ae84f53eafa77c79239267f058d437a,0xe2da046340e00264c4f0443243a0565007ae08ac,0x39b7f514c199e4beb1739576a2dbd4de7414981b,2026-08-07T21:08:44,complex_trace;high_gas_used_context,0x380db829,false
25703251,0xb89d5ce28ad3a79656344716af3d514f30b8b408157ce3d9058a5363dee4f5e4,0xe2da046340e00264c4f0443243a0565007ae08ac,0xe85bc6df4bce507fc789bcbefd6471abe5b93df2,2026-08-07T21:08:44,complex_trace;high_gas_used_context,0x380db829,false
25703251,0x3164dd8f0637501b020d1a7a942fd5b58c4dd024c676164df4da7329e2ca9af6,0x43370330be39d388f6219d8241dc1f76fb9df268,0x0000000071727de22e5e9d8baf0edac6f37da032,2026-08-07T21:08:45,privileged_execution_context;complex_trace,0x765e827f,false
25703251,0x6e31000c4aeac6e536baf434780e19aadd5cfc5e0ec58c11dfcb52f78398c41c,0x6df5d1ec0834438e15ff13414962399c9774ef98,0xd15b41d69ca3786b36e8d53a9aab8d50f670b8ba,2026-08-07T21:08:45,dense_internal_fund_flow;large_mint_to_sender;complex_trace,0x734029bf,true
25703251,0x9eb7ff8bd106ccbf2e32ac8c1b27c0bed488389293adb039d5f0aa711c3b9884,0xd8495b95a3a6a85f4e3baa003e8b7ed1ed85562d,0x62de59c08eb5dae4b7e6f7a8cad3006d6965ec16,2026-08-07T21:08:45,complex_trace;high_gas_used_context,0xc5a67b01,false
25703251,0x5eeb1dbdb0567fd93986ab09d4cd708f06a2ab38873e8643c49665a4c1f789cd,0x2133b08238b8dd0d752f071a1b796a80dff85198,0xb442b0b79ee370547205be9ce0f61d8438c2673a,2026-08-07T21:08:46,high_gas_used_context;token_activity_burst,0xa9059cbb,false
25703251,0xb6fbc8cfbe9272af0f943df29d53fad81327a226553b12a39541d5717afb9e67,0x59aab1bd0d26290274398c07b55955c15425e16b,0x00fe78205f5f0e63b8ad2b2ae5337f538a610e04,2026-08-07T21:08:46,complex_trace;high_gas_used_context;token_activity_burst,0x34fcd5be,false
25703251,0xe4d29f6a12d6c810fcad0b6a4ca6f9f6f03c23803d6c45d62e151e7e28cd5dad,0x1584a8ee67789d1fe161065388657ad2f2a3c7dd,0x77eb52e44db06777bce478159f25c0d55a295314,2026-08-07T21:08:46,repeated_internal_token_drain;dense_internal_fund_flow;complex_trace;high_gas_used_context;token_activity_burst;repeated_risky_internal_calls,0xa9059cbb,true
25703253,0xcd8fbcb0f400343d0ff3d863fa98fb30e3e73790ed69756e2084f267b69210f7,0xc6acbee42e9e323140c1ed060c2f6ea9cc3b4b75,0x7c5a71c9fefbc7691f9d4ac7baf70c743792f716,2026-08-07T21:09:08,selfdestruct_context,0xf3fef3a3,true
25703253,0x2e19cb6d315635253edc1abea998f4811029a6455de0b6da7898f5c9b402cc8a,0xf70da97812cb96acdf810712aa562db8dfa3dbef,0xb92fe925dc43a0ecde6c8b1a2709c170ec4fff4f,2026-08-07T21:09:09,dense_internal_fund_flow,0xcd6e13f7,true
25703253,0x9f42e393bbe5fb3a42c612151081ae5cb61df3fff0d81ee8a29f3591e6c1fdf9,0x7830c87c02e56aff27fa8ab1241711331fa86f43,0xa9d1e08c7793af67e9d92fe308d5697fb81d3e43,2026-08-07T21:09:09,dense_internal_fund_flow,0x1a1da075,true
25703253,0x1c44079d6ec3c23a372caa219291f9e3565e26fd4bdd3383b50c6acf8c525c22,0xbad000006db10503589262b55d09bb7b3c5e1472,0xbbbbb048b1a85ca221058c45525095b6a68bbbbb,2026-08-07T21:09:11,repeated_internal_token_drain;dense_internal_fund_flow;complex_trace;high_gas_used_context;token_activity_burst;repeated_risky_internal_calls,0xa9059cbb,true
25703253,0x2423be8dfce6aa961db27ed03d4149d053b2090ef3117244320b2785eca1985c,0x8b5606469e21c75edd7c74d1c7a65824675d9aff,0x9ccc2f3ecde026230e11a5c8799ac7524f2bb294,2026-08-07T21:09:11,dense_internal_fund_flow;complex_trace,0x1bc74526,true
25703253,0xaa8276f459951c896f0248aa883bef6ed8b7939a125774376bc3f320c6b872ac,0x7556699aa8e6a7c9c69bcfaf9debd05f8192b063,0x84cab37995229530d9e6e5cff2f8f4ebe4517d66,2026-08-07T21:09:11,complex_trace;high_gas_used_context,0xe587456a,false
25703254,0x1e5fa13740ff72ad188191236cc28f2663f79b4df92f6c1a490230241705126e,0x46565eedb0bb948ae787dd105cce300f736da28e,0x000000000004598d17aad017bf0734a364c5588b,2026-08-07T21:09:23,privileged_execution_context;complex_trace;high_gas_used_context,0x00000000,false
25703254,0xa2d16681211706e69b41917bee1235e7766fad2663f9d04918ede8513b20cfe7,0xf43d2bf520d44fd30e5112f61e424bf14cc9a119,,2026-08-07T21:09:23,privileged_execution_context;contract_creation_context,0x60c06040,false
25703254,0xad9afd1eee4e4babdf801e332b929d9946c69fa848aead4064021f42b70c8cd7,0xb52dae80b2ce64715d50ff3dfe4edd337f3d29bf,0x68f9dd5ba38250b9f1653c5e119f72b54f61092c,2026-08-07T21:09:23,dense_internal_fund_flow;complex_trace;high_gas_used_context,0x111966f6,true
25703254,0xc1ada04c7b086d51b86e44623e6d8aeb59effd4a00069d3b4aec873b0941da30,0xa3ab2b10bf2508a9e4455a35e2f4a9d0ced18464,0x91ff8bbd8ebb07893010d50a48a1609e5ebd8e34,2026-08-07T21:09:23,complex_trace;high_gas_used_context,0x069d1525,false
25703254,0xe7382d59ba029413248815e381ee161486d2a4412df03b9345996cb081320fab,0x5a9ce6113eb1a3d6cb3ee9739b438c6f0c8d32c7,0x91ff8bbd8ebb07893010d50a48a1609e5ebd8e34,2026-08-07T21:09:23,complex_trace;high_gas_used_context,0x069d1525,false
25703254,0xe94642bfa70d0bd8ed3673099f4ab6276cf270c65856388e08516faeb65a541c,0xf43d2bf520d44fd30e5112f61e424bf14cc9a119,,2026-08-07T21:09:23,privileged_execution_context;high_gas_used_context;contract_creation_context,0x60c06040,false
25703255,0x6b28a2d80fbb544929960b021568ddfccc1431ec5d31169bdc1a4547fead7f34,0x5e8381077866763692f151ca44cce0435a76d78c,0xcb0151ac9479a6a0261622baa63ae843c9793d45,2026-08-07T21:09:34,large_erc20_asset_flow;complex_trace;approval_burst,0x64cd187f,true
25703255,0xe111c99293e968d96ed238b84ac4013ea4daa25239af2661cd262e0aa48c3a0b,0x2d0e59ab7690130f28742b796857ce516655d0cc,0xcb0151ac9479a6a0261622baa63ae843c9793d45,2026-08-07T21:09:34,large_erc20_asset_flow;complex_trace;approval_burst,0x64cd187f,true
25703255,0x25026891dc823799d9ec3ffa80dbd1ac5e51181f3123c2f7119bef00b5daee2e,0xc24717575b50737454da26a6485bf36e6566f081,0x28b1dc1a5e3699a428bc51d234dfab7c9cb2a183,2026-08-07T21:09:35,dense_internal_fund_flow;complex_trace;high_gas_used_context;token_activity_burst,0x0c307f76,true
25703255,0x626ac975d69583f114513fac18920ba4c491e4796f2f4c6e74d59fd4685fd27b,0xf9ce8498968f3e1e98dfed7e5f5e7a516750f7ed,0x5f342382d5f77f0f99e8f26161e689df6c7cded3,2026-08-07T21:09:35,large_erc20_asset_flow,0xac9650d8,true
25703255,0xccf6444d937e54b63b9e75dc7c62231e8b33e9789cdc66a4279ae478a479bd80,0x46565eedb0bb948ae787dd105cce300f736da28e,0x000000000004598d17aad017bf0734a364c5588b,2026-08-07T21:09:35,privileged_execution_context;complex_trace;high_gas_used_context,0x00000000,false
25703255,0x789800c0cc30221de0b1a625295defaaf073b3dd3d7c0d37e766d298260c3fff,0x1584a8ee67789d1fe161065388657ad2f2a3c7dd,0x77eb52e44db06777bce478159f25c0d55a295314,2026-08-07T21:09:36,repeated_internal_token_drain;dense_internal_fund_flow;complex_trace;token_activity_burst;repeated_risky_internal_calls,0xa9059cbb,true
25703255,0xcb6ea12dd6e23946d934f2b7cad3f6e8933d0addc165e9f03a2dce482b7dc91f,0xbad000006db10503589262b55d09bb7b3c5e1472,0xbbbbb048b1a85ca221058c45525095b6a68bbbbb,2026-08-07T21:09:36,complex_trace;high_gas_used_context;token_activity_burst,0xa9059cbb,false
25703256,0x5d59d7f907dfa010ed3dfce8b4f1ee447c48abf9ed38eb541489f55a8e9cc025,0x46565eedb0bb948ae787dd105cce300f736da28e,0x000000000004598d17aad017bf0734a364c5588b,2026-08-07T21:09:58,privileged_execution_context;complex_trace;high_gas_used_context,0x00000000,false
25703256,0x5f81fe5fdcd1afee21130036a97d3c9b4cf0146f539112bb21bebfe860208a8e,0xabb2acd3be814a80e502575d6c1dc5f789e9cd10,0xccc88a9d1b4ed6b0eaba998850414b24f1c315be,2026-08-07T21:09:58,large_erc20_asset_flow;complex_trace,0x0a2b8f36,true
25703256,0x87e5bd6b92fd313d39d52807a163766b597bfdf6bbe69449e054342245a782b2,0xc6acbee42e9e323140c1ed060c2f6ea9cc3b4b75,0x7c5a71c9fefbc7691f9d4ac7baf70c743792f716,2026-08-07T21:10:00,selfdestruct_context,0xf3fef3a3,false
25703256,0x37299c23252194f16acf4153d7974b303e93c6e8095d7b0a7bfe930a7cef6124,0x1cda83fe97a2e0a8f94a9cf32da947c23b72ba02,0x64c18dcc4ccb3b8d27877a4aebb4c3126cb39cb9,2026-08-07T21:10:01,large_erc20_asset_flow,0xac9650d8,true
25703257,0xab9ceb9fa4a7ef603a00dbf7936dd1e6321d184b09bbd9d0d6ec7e70b4f53530,0xc3c14cddabba96e414b095606f3bdc0f530b6786,0x6131b5fae19ea4f9d964eac0408e4408b66337b5,2026-08-07T21:10:35,large_erc20_profit_to_sender;large_erc20_asset_flow;complex_trace,0xe21fd0e9,true
25703258,0x20fd89a830fe982d85106c3b00812aede765216f16acb5b40d9d560eea87a92f,0x1a9f2d2a11654282360683aee55a2acad681832d,0x00000688768803bbd44095770895ad27ad6b0d95,2026-08-07T21:10:45,large_erc20_asset_flow;complex_trace,0xf497df75,true
25703258,0x58ff627969fc356c291b3d1c1d70d5d9b39982b7b83f6a9afecd800deee141b6,0x5f8d74fcfe0b42a3a4d5646c0f5d9124059817a2,0x52b335fd4d229c4b4ffa6190526e4b5fb8e3fb09,2026-08-07T21:10:46,large_erc20_asset_flow;complex_trace,0x085c8c5e,true
25703258,0x677b3fa8b6f03531313201eabbabef5fbb17e76990b9140725ea8536139167c3,0xc6acbee42e9e323140c1ed060c2f6ea9cc3b4b75,0x7c5a71c9fefbc7691f9d4ac7baf70c743792f716,2026-08-07T21:10:46,selfdestruct_context,0xf3fef3a3,false
25703258,0x8d6ccb2ca3ae9a1f81f2f7175a88ff8e47216e1d916e425584834cb0730632cf,0x7830c87c02e56aff27fa8ab1241711331fa86f43,0xa9d1e08c7793af67e9d92fe308d5697fb81d3e43,2026-08-07T21:10:46,dense_internal_fund_flow,0x1a1da075,true
25703258,0xbe7d93a0ef8520c375243d74bf893de4c4fed2409e359aa622e0b31f39fabfca,0x0270ce9d9c8ae0bfb6333d216efed90042b877d6,0x25ed72c3f671b626810a6db597dcfd50f215a423,2026-08-07T21:10:46,large_erc20_asset_flow;complex_trace,0xf1c95699,true
25703258,0x05e55018755e9077bf2c65294865e1a565b5375fed43d8959014d5d6b4666613,0xbb0611fde3e968d138eb3e9e386d8103c4730001,0xb6f54caed61c318027c022c47b94baf139a99dab,2026-08-07T21:10:48,large_erc20_asset_flow;complex_trace,0x02d40188,true
25703258,0x3b9800ed2f2a8a45936ab11d2e3729001ab6e459a5af3e6f46df2f080ca76f0c,0x1584a8ee67789d1fe161065388657ad2f2a3c7dd,0x77eb52e44db06777bce478159f25c0d55a295314,2026-08-07T21:10:48,repeated_internal_token_drain;dense_internal_fund_flow;complex_trace;token_activity_burst;repeated_risky_internal_calls,0xa9059cbb,true
25703258,0x81ab4a964fc106fc540fbbbffc028e1f595540024b5440d6f4bd6a9daade9f96,0xc240e522a58b26828644269f4b88d468786c1ab1,0xf5ad7302df477357e6961d10c97496d5141d9583,2026-08-07T21:10:48,large_erc20_asset_flow;complex_trace,0x6a761202,true
25703258,0xe60770f1d69de90030e6d4dcc75062de420a562ddac190a3d869a8ea8bd2d145,0x74cae0ecc47b02ed9b9d32e000fd70b9417970c5,0xc005dc82818d67af737725bd4bf75435d065d239,2026-08-07T21:10:48,large_erc20_asset_flow;complex_trace,0x7c39d130,true
25703258,0x2dd883d3698e32b15000c3f149f601ebe3f32bb103b2a8063ea9c2ccf6878d28,0x161643f280b09be8e0271eef8efc6c264d125003,0x32eecc693bd439f107803fecee02ddd9237d8c0f,2026-08-07T21:10:54,dense_internal_fund_flow;token_activity_burst,0xa9059cbb,true
25703259,0x94e226f64591746b356fabaf96305ada1fbea108671a3a332e84f866f6d62e19,0xde70330ce289b1f4b1e73e2fd34ff1917e1042dc,0xee030ec6f4307411607e55acd08e628ae6655b86,2026-08-07T21:10:56,complex_trace;high_gas_used_context;token_activity_burst,0x6e1537da,false
25703261,0x74e5b5200aa15624410a28b499bf7d243b7b9dc8624002ea824f92e20c7f55be,0x616f5f0325caec45b3ea69696d772eb80ba70108,0x69460570c93f9de5e2edbc3052bf10125f0ca22d,2026-08-07T21:11:16,dense_internal_fund_flow;complex_trace,0x14d08fca,true
25703261,0x7e09547d4e2612d7b5706d0d54253346ec20fc1728ac8606877f031df8ed9bff,0x70e59f9c304e4d5096bd408b571e2dcd99c3120b,0xad3b67bca8935cb510c8d18bd45f0b94f54a968f,2026-08-07T21:11:16,complex_trace;approval_burst,0x146ee74d,false
25703261,0xad13eaa426b04a1df30556710d6716fe4151269bef22237323145d4871d5b18c,0x1d93a938203384d61da544310217e59e60a03eca,0x2d5805a423d6ce771f06972ad4499f120902631a,2026-08-07T21:11:16,large_erc20_asset_flow;complex_trace,0xf497df75,true
25703261,0x0d52bdac79fa1cc6914e5ed300e7be6680f18aa29e614377adf3618195a5a441,0x46565eedb0bb948ae787dd105cce300f736da28e,0x000000000004598d17aad017bf0734a364c5588b,2026-08-07T21:11:19,privileged_execution_context;complex_trace;high_gas_used_context,0x00000000,false
25703261,0x630fd578974b6cd4453936b719407b7048b86f699049953b26ec3043a0cd8f1e,0x5c43602096c15598cde6a1a8696a84b3de0ad6ee,0x337685fdab40d39bd02028545a4ffa7d287cc3e2,2026-08-07T21:11:19,dense_internal_fund_flow;complex_trace,0xfa74fd43,true
25703261,0xa1b1e5a80b820838a41bd91eb30757c9a8db46b4a95d771385dd8a71f77f2e83,0x6f22ad44339925ee77ea0cf7c7a87ad6dfe98fbb,0xb300000b72deaeb607a12d5f54773d1c19c7028d,2026-08-07T21:11:19,large_erc20_profit_to_sender;large_erc20_asset_flow;complex_trace;high_gas_used_context;token_activity_burst,0x810c705b,true
25703261,0x57d3f6ce8955b80c1591ed3d4f47a9d213cfd98b36e37a21fccd6793b00a5fac,0xde5ce22a56ed76bf7054121500b23a718399feb7,0x43de2d77bf8027e25dbd179b491e8d64f38398aa,2026-08-07T21:11:20,large_erc20_asset_flow;complex_trace,0xc280c905,true
25703261,0x83c0a4277d894ee59f358b582d89253f81496a5188ab568bbe07436a224e59bc,0x1584a8ee67789d1fe161065388657ad2f2a3c7dd,0x77eb52e44db06777bce478159f25c0d55a295314,2026-08-07T21:11:20,repeated_internal_token_drain;dense_internal_fund_flow;complex_trace;token_activity_burst;repeated_risky_internal_calls,0xa9059cbb,true
25703261,0xc808d970b2e9dcf5f7b247fddc5f463362ba2d43444173248ac0bd84c790f601,0x3a5515815fd9af62ca23d7c3bf8fde008827bbba,0x36c496cea362dd5ee5d78e8b02ba0bb519c019dc,2026-08-07T21:11:20,very_complex_trace;high_gas_used_context,0xc8ce2ed2,false
25703261,0xd837873e5940410fb484fa05214b87eb8f7f3cf748416b938904f4df3562743f,0x80d04079ffc53eb14edbeeb37279d126f45552df,0x1014ccdf986ebd95360603df5a16e6216f3336f4,2026-08-07T21:11:20,repeated_internal_token_drain;dense_internal_fund_flow;complex_trace;token_activity_burst;repeated_risky_internal_calls,0x8aaa8f3b,true
25703261,0xe6d7f52670d3a6bc63f341d84e24195d0323275b1a69870ce33942e5efb321c4,0xa154b98e53fc35e1bad1ff758acbc8c629bdcd2b,0x19917386eeae67b6ff7ddf07de4019fca40aa4ec,2026-08-07T21:11:20,repeated_internal_token_drain;dense_internal_fund_flow;very_complex_trace;high_gas_used_context;token_activity_burst;repeated_risky_internal_calls,0xa9059cbb,true
25703262,0x74a8c250389e6c3fa2bbf2fb50e2c52cf7945c262fbebea57c1acc3fb064aed7,0xc6acbee42e9e323140c1ed060c2f6ea9cc3b4b75,0x7c5a71c9fefbc7691f9d4ac7baf70c743792f716,2026-08-07T21:11:31,selfdestruct_context,0xf3fef3a3,false
25703262,0xa7756eb3a6b2b5f8cf345b63bd8201f7f58ae29a19676f8a7fa9ea181d74359e,0x46565eedb0bb948ae787dd105cce300f736da28e,0x000000000004598d17aad017bf0734a364c5588b,2026-08-07T21:11:31,privileged_execution_context;complex_trace;high_gas_used_context,0x00000000,false
25703262,0xb24274243135ed16b8ffe7225d2adab889f00ce58f8c1c9fae9fa0c28772aaf6,0xe20446cccbfd5f9038e747f1dea8016ecbd94ae5,0x442be06bb5d13711a22ccd3fa382b72a874c5135,2026-08-07T21:11:31,privileged_execution_context;complex_trace,0xf7b5c341,false
25703262,0xf12eee6d39e876094ec7503c26091008879729f62e0bd2855f2a45284fb7216c,0x3eb5ba7f608609cdc9375c8f8f93861af0b69b1b,0x33b41fe18d3a39046ad672f8a0c8c415454f629c,2026-08-07T21:11:31,dense_internal_fund_flow;complex_trace;high_gas_used_context;token_activity_burst;approval_burst,0xf5bc6d74,true
25703263,0xcc2e863cda6960217df6883663d94cd6f0b41ec4db6749748bd1a4f1b6ecba41,0x7830c87c02e56aff27fa8ab1241711331fa86f43,0xa9d1e08c7793af67e9d92fe308d5697fb81d3e43,2026-08-07T21:11:35,dense_internal_fund_flow,0x1a1da075,true
25703264,0x0261b79b98bd5b41943cb608f4aeabf2c5973d6488612e81b0a9eef70e563ed1,0xc6acbee42e9e323140c1ed060c2f6ea9cc3b4b75,0x7c5a71c9fefbc7691f9d4ac7baf70c743792f716,2026-08-07T21:11:48,selfdestruct_context,0xf3fef3a3,false
25703264,0xd0a1923a3cc2805beddfa4ead3a89f844839f98a793e686584b01bd3cf567d19,0x7830c87c02e56aff27fa8ab1241711331fa86f43,0xa9d1e08c7793af67e9d92fe308d5697fb81d3e43,2026-08-07T21:11:48,large_erc20_asset_flow,0xca350aa6,true
25703264,0xf9d54cc6f26a5196ecb38737cc71b36cc0c735d5173df2110b902191f5c851e0,0x39f6a6c85d39d5abad8a398310c52e7c374f2ba3,0x21bc354b5a5502df3097e8838eaab5eb0b06aac9,2026-08-07T21:11:50,large_erc20_profit_to_sender;large_erc20_asset_flow;complex_trace;high_gas_used_context;token_activity_burst,0xaf713566,true
25703264,0x39e78d9e101794ba700979f69b77d0ccb05a1569d33054fd0b79a7ee3d1221ed,0x5a6e4c1f4a502ce09b6aa36fcc128111eb456441,0xa6e41d1ce98ed0cfc8b083ffca67f5830888a929,2026-08-07T21:11:52,very_complex_trace;high_gas_used_context,0xfade2a9f,false
25703264,0x4d1c0577279d76971fc36e6b4d7b468a297b7cd06480183f28ca8fa042b5c32b,0x7556699aa8e6a7c9c69bcfaf9debd05f8192b063,0x84cab37995229530d9e6e5cff2f8f4ebe4517d66,2026-08-07T21:11:52,complex_trace;high_gas_used_context;token_activity_burst,0xe587456a,false
25703264,0x0c278f9c057d1b6cff5c8aa87754e81f28306d9cbe3fa9f50f58db4e7e116e23,0x59aab1bd0d26290274398c07b55955c15425e16b,0x00fe78205f5f0e63b8ad2b2ae5337f538a610e04,2026-08-07T21:11:53,complex_trace;high_gas_used_context;token_activity_burst,0x34fcd5be,false
25703264,0xd0ea48970a5837c87f98af7e9a6fcca661f58391b839cbd398c2ce2295f98880,0x7734bdecbdde7ed1dbbedb31845a41169f6c3129,0x331954e64801077aec0f4688b32a4c19b9c12a40,2026-08-07T21:11:53,repeated_internal_token_drain;dense_internal_fund_flow;complex_trace;token_activity_burst;repeated_risky_internal_calls,0xa9059cbb,true
25703265,0x48df8cf6422b97e9a856325182ba20b4396bd2b88459127d27b99c0ef91226fa,0x654fae4aa229d104cabead47e56703f58b174be4,0x000000000035b5e5ad9019092c665357240f594e,2026-08-07T21:11:59,large_erc20_asset_flow;complex_trace,0x00000004,true
25703265,0x84d27a903105a00eca352cc36a951a19c86df5c077d8d762ffeee8bc7629f893,0xfd6e0e0a46f7b19a3d94c02476966a70895e8528,0x7c209fd400000000965bbb5a14674fa2a81fc933,2026-08-07T21:11:59,token_activity_burst;approval_burst,0xf8577bba,false
25703265,0xad541b031cd7ebed0b8147720d9895f842ca7dd1aafea71e17ebabfa74587ac3,0x654fae4aa229d104cabead47e56703f58b174be4,0x000000000035b5e5ad9019092c665357240f594e,2026-08-07T21:11:59,large_erc20_asset_flow;complex_trace,0x00000004,true
25703265,0xc61a14d55ec87ce64f7bbbbb392469dc0a5d17577136053f0a8f4649f52d2417,0x2764034e0d06c6d45e66de9de1f8f00e193835c4,0x111111125421ca6dc452d289314280a0f8842a65,2026-08-07T21:11:59,large_erc20_asset_flow;complex_trace,0x07ed2379,true
25703265,0x1c204b1425e2a7b86d6b72aadbeb27867c14d15592e822a859ae7c48cffc0ec6,0xd1959a9634c0b54b7433756bbd20d8744e895278,0xe7e68d336f90f98d22a479253eafa5f2424acad8,2026-08-07T21:12:00,dense_internal_fund_flow;complex_trace;high_gas_used_context,0x21c69a19,true
25703265,0x36322a3ad1c008ed1e5211111d5248694f087527b82ff7e8616544f28a37b108,0x43370398500dae4ba10669646a1fd1577407f637,0x0000000071727de22e5e9d8baf0edac6f37da032,2026-08-07T21:12:00,dense_internal_fund_flow;complex_trace,0x765e827f,true
25703265,0x73332770ce99dda170dc8f36b12ecf9fe32d799c381a7579e3e4313d90fb1d84,0x567560bfdfa5d76f7919bf6c2a602386ff915b18,0x1231deb6f5749ef6ce6943a275a1d3e7486f4eae,2026-08-07T21:12:00,dense_internal_fund_flow;complex_trace,0x736eac0b,true
25703265,0xa3d56cdf1f074a52aac10d54c0e1017dfb7f65ce37ddb297098ce4c152179f15,0xe7488e7f5c60bfa81d38965c02b4cc5aa6249a11,0x000000000004598d17aad017bf0734a364c5588b,2026-08-07T21:12:01,complex_trace;high_gas_used_context,0x0fbb12dc,false
25703266,0x13d4b995e9d91f2e4e18c0335cc3c8533ba39c902a70e016ac804b335952d838,0x46565eedb0bb948ae787dd105cce300f736da28e,0x000000000004598d17aad017bf0734a364c5588b,2026-08-07T21:12:11,privileged_execution_context;complex_trace;high_gas_used_context,0x00000000,false
25703266,0x5cfe365917bcea7cc061a174772f07e2512f8d0de3ddb96e73c7d0f698881163,0x79ab46ebbb3542577eb07ae125ab44822c65a961,0x0439e60f02a8900a951603950d8d4527f400c3f1,2026-08-07T21:12:11,dense_internal_fund_flow;complex_trace,0x3ce33bff,true
25703266,0x6071bedc72cac5d3b0704932ecc91cee06e57175e2b39689d4f426b905666416,0x73be04abaa96c7d92db28cd3aef1539a77775d5b,0xe3fb28bbc40cd0827507008d46f0666a3ab6063a,2026-08-07T21:12:12,dense_internal_fund_flow;complex_trace;high_gas_used_context;token_activity_burst,0x9265bb9d,true
25703266,0x78dab73e414b8ee96adc137f710bc36620fb7504dd70b647f738eac0457f5111,0x11b67c03e71b9d7d79ece1bea8f393621add81aa,0x4313c378cc91ea583c91387b9216e2c03096b27f,2026-08-07T21:12:12,dense_internal_fund_flow;complex_trace,0xeffbec13,true
25703266,0x7b0ce5d2fe9f9f8ee28b59b6e619b2c6c27c98a5e5ca15b3262e49b8e51bba56,0x7ba91f1cbb16f6d840620781bdf309fb3e1b1a1b,0xacddac6c77318b615f7f6fb9bb67c6833e9c05f1,2026-08-07T21:12:12,large_erc20_asset_flow;complex_trace,0x571d3dc7,true
25703266,0x93336237620b0fac8523da02941725bea2b6f75b320589e9077ffcda56d8ab5a,0xb47c72be8a2968dec42d3b9d8c6f464224605bfd,0x6a000f20005980200259b80c5102003040001068,2026-08-07T21:12:12,large_erc20_asset_flow,0x1a01c532,true
25703266,0x99ca8024ce4b143dcb3458590ac71ccbba675eab0cf9b937b669f32f4011e92d,0x0c54c39c7743a8fde796cd6a8808bd6b4f01e748,0x950fd558f47e234a2fde23b7d61f7ccdbcb4a86f,2026-08-07T21:12:12,dense_internal_fund_flow;complex_trace,0xdd225095,true
25703266,0x02b1a99702e709be0d9280a32a9ac71e00f8ca890582eb17e39bd796e8748418,0x7556699aa8e6a7c9c69bcfaf9debd05f8192b063,0x84cab37995229530d9e6e5cff2f8f4ebe4517d66,2026-08-07T21:12:13,complex_trace;high_gas_used_context;token_activity_burst,0xe587456a,false
25703266,0xada40870c19f51c255f5e611d6da9396b524b8d71b89a71cf04da7dca76e06ac,0xc6acbee42e9e323140c1ed060c2f6ea9cc3b4b75,0x7c5a71c9fefbc7691f9d4ac7baf70c743792f716,2026-08-07T21:12:13,selfdestruct_context,0xf3fef3a3,false
25703267,0x2afccc86a5d8db399a70afa4d5aa9dc4ab9619511a07878425fde9d78d7f2271,0xb7faece3935eb274f520b54c0cf0f4fc774f2591,0x75d9ef48e30bcb0b658c1d387233fb52ebf9a4fe,2026-08-07T21:12:19,complex_trace;high_gas_used_context,0xf6dbcb18,false
25703267,0xb5ae731d6c2622e2ebcc0ff8cedc8305d39d3b75dc0a5b63b2a9e35c973fae4c,0xe27d4cb1759bae0188126bd62d415a6fa528ffe5,0x78ace9b2ee9a31737fad748015266a59f32dc79a,2026-08-07T21:12:19,dense_internal_fund_flow;complex_trace,0x9265bb9d,true
25703267,0x2ed1ceccf84a76da52c66ff29ee1f34df1b1a159674bd3e6a3a06ef9aec96be5,0xa33e1f748754d2d624638ab335100d92fcbe62a2,0x6566194141eefa99af43bb5aa71460ca2dc90245,2026-08-07T21:12:20,large_erc20_profit_to_sender;large_erc20_asset_flow,0x374f435d,true
25703268,0x2e289d952bb94390c6e3752cb53fee26ef85e4af5d7bd95c750726bccc1d77ea,0x04aed92feecdd42d9cbf1639539db81f76468fb6,0x6e8ca8b6aebbd5b1da69cb56fba6cd94c41f46f4,2026-08-07T21:12:27,high_gas_used_context;token_activity_burst,0x6a761202,false
25703268,0x559cea3fe7413c392ad544788d7a2fc93319ecfcc6178ebf20de4599b4f58b8a,0x46565eedb0bb948ae787dd105cce300f736da28e,0x000000000004598d17aad017bf0734a364c5588b,2026-08-07T21:12:27,privileged_execution_context;complex_trace;high_gas_used_context,0x00000000,false
25703268,0x268dd12fb93f8677268dc314a69b6280705eb0a97f3201c4d217dd8938e2efc2,0x40e56fa7759c1bdc67764fcd76c8ee7bc9486c08,0xf9280799c85d376e0425f6fb38e4a674e8bedb56,2026-08-07T21:12:29,dense_internal_fund_flow,0x39ecce49,true
25703268,0x2a1b69897c040fba8d168cea9678e6a160a26115b2d115ad17d2ef5d6188c44a,0x7830c87c02e56aff27fa8ab1241711331fa86f43,0xa9d1e08c7793af67e9d92fe308d5697fb81d3e43,2026-08-07T21:12:29,large_erc20_asset_flow;token_activity_burst,0xca350aa6,true
25703268,0x33da8a9d286795cacf0ad13c8ccd0b69d567a27425626880cfb261155d7b67fc,0x654fae4aa229d104cabead47e56703f58b174be4,0x000000000035b5e5ad9019092c665357240f594e,2026-08-07T21:12:29,large_erc20_asset_flow;complex_trace,0x00000004,true
25703268,0x3d506cc40e68f8a945e415874956496de6a1f0d73f98c04ccb2402cba47f70e5,0xa26bfb894520507767b3d1936ba96b67f121d1bc,0x03f34be1bf910116595db1b11e9d1b2ca5d59659,2026-08-07T21:12:29,dense_internal_fund_flow;complex_trace,0xe47d166c,true
25703268,0xbb9e7f200b8c7c09167d50465d3fb264162094bad17ae525c4f87216b0d29b36,0x1584a8ee67789d1fe161065388657ad2f2a3c7dd,0x77eb52e44db06777bce478159f25c0d55a295314,2026-08-07T21:12:29,repeated_internal_token_drain;dense_internal_fund_flow;complex_trace;high_gas_used_context;token_activity_burst;repeated_risky_internal_calls,0xa9059cbb,true
25703268,0xd4eb5b3110fd1b3fef8d5ba0143d8e384382aa24b727c0c037817a3752de20f8,0x654fae4aa229d104cabead47e56703f58b174be4,0x000000000035b5e5ad9019092c665357240f594e,2026-08-07T21:12:29,large_erc20_asset_flow;complex_trace,0x00000004,true
25703268,0xfbc1030c2f68b33c1ef46b304bf9a4974b8a44d69b91cebb5e2c26fcbdf6a503,0x43370351c9a297bf8377ca1e46576401a9ac4bba,0x0000000071727de22e5e9d8baf0edac6f37da032,2026-08-07T21:12:29,complex_trace;high_gas_used_context,0x765e827f,false
25703269,0x2b6e672b6ef64b03bad8c89e99d176169c1e1d1c1bcc20740570cc3c239ecc53,0xbf004bff64725914ee36d03b87d6965b0ced4903,0x4313c378cc91ea583c91387b9216e2c03096b27f,2026-08-07T21:12:38,dense_internal_fund_flow,0xeffbec13,true
25703269,0x2fb288192c4fd61cec09bd87fc1b135bcc3baa11d307ae592089d495b6059986,0x538eae3017ef7e48af53f7a4d0b1f4d23d68df35,0x4313c378cc91ea583c91387b9216e2c03096b27f,2026-08-07T21:12:38,dense_internal_fund_flow,0xeffbec13,true
25703269,0x4302e3044079b0e03fe3e855901f10b02751a703aa546ce70e86a7749c02a3db,0x5b43453fce04b92e190f391a83136bfbecedefd1,0xbdb3ba9ffe392549e1f8658dd2630c141fdf47b6,2026-08-07T21:12:38,complex_trace;token_activity_burst,0x000000c3,false
25703269,0x7eae9339b8f4fbd5ee3bb8e533f11efab90d19248835531016485a50821b25cd,0x46565eedb0bb948ae787dd105cce300f736da28e,0x000000000004598d17aad017bf0734a364c5588b,2026-08-07T21:12:38,privileged_execution_context;complex_trace;high_gas_used_context,0x00000000,false
25703269,0xbc2909cbf869f2bc96464827a5d1def19442af600faa4a3b7e49bf465149ef6c,0xc4e921c2fae4554716190988ed0ed13051d93d95,0x4313c378cc91ea583c91387b9216e2c03096b27f,2026-08-07T21:12:38,dense_internal_fund_flow,0xeffbec13,true
25703269,0x0d3251ff58f76bd7286a5a6c9969177afd20adf4807bf4c2b7f6a6ecebfa5043,0xa154b98e53fc35e1bad1ff758acbc8c629bdcd2b,0x19917386eeae67b6ff7ddf07de4019fca40aa4ec,2026-08-07T21:12:40,repeated_internal_token_drain;dense_internal_fund_flow;complex_trace;high_gas_used_context;token_activity_burst;repeated_risky_internal_calls,0xa9059cbb,true
25703270,0x1b5f3c70470d0facbd306a4fe9f11a9321a2ff31a89f90ba2b135c64e13f56d0,0x40e56fa7759c1bdc67764fcd76c8ee7bc9486c08,0xf9280799c85d376e0425f6fb38e4a674e8bedb56,2026-08-07T21:12:45,dense_internal_fund_flow,0x39ecce49,true
25703270,0xbcf32f1d418d06bc68790430f76638f8322c17c2d3a1bbec865ea8e816cc8787,0xb2b6a2b2611e0e64ae5042ec20a31158f5ce89c3,0x28b1dc1a5e3699a428bc51d234dfab7c9cb2a183,2026-08-07T21:12:46,dense_internal_fund_flow;complex_trace,0x0c307f76,true
25703270,0x84b3b60f3c5fa0b8f75a97ec10bb0918d74fad767cc65e943156b134e0c064ed,0x4337016838785634c63fce393bfc6222564436c4,0x0000000071727de22e5e9d8baf0edac6f37da032,2026-08-07T21:12:47,large_erc20_asset_flow,0x765e827f,true
25703270,0x88690fb478678a774e8e6094b5d5b33b160744e1a0a0f80aaf272b6f235da236,0xc31cefe38a606a667b4c076e264abd4552a7b060,0x111111125421ca6dc452d289314280a0f8842a65,2026-08-07T21:12:47,dense_internal_fund_flow,0x07ed2379,true
25703270,0xbc6cf516f52daf7395640ebf462a5f575008d14f973355af3a8ebc3ad2a3ab4f,0xe5a0ec0bd74c493eb910179cf03a4461bba2e083,0x0000000000001ff3684f28c67538d4d072c22734,2026-08-07T21:12:47,dense_internal_fund_flow;complex_trace,0x2213bc0b,true
25703270,0xdbfbeda42a697264bbd80394f5f812769a9af2fd6c743c8409f1603c7b68730d,0x65877be34c0c3c3a317d97028fd91bd261410026,0x111111125421ca6dc452d289314280a0f8842a65,2026-08-07T21:12:47,dense_internal_fund_flow;large_erc20_asset_flow;complex_trace,0x07ed2379,true
25703270,0xe6a60ac2c6064a2443ad021d73c4e5f9079a1ee3b074ba99869258dc86672cc9,0x64a377267da2964042eddbb6871bca8f49c54a53,0x28b1dc1a5e3699a428bc51d234dfab7c9cb2a183,2026-08-07T21:12:47,dense_internal_fund_flow,0x08298b5a,true
25703270,0xea88f9f2867365ef0fab77a66f645b8ff854f16a3003ae4ce6838b8b6128cc22,0x370a7e2d300c14d79d4a7ee07aaca46c4b3012cf,0xb92fe925dc43a0ecde6c8b1a2709c170ec4fff4f,2026-08-07T21:12:47,dense_internal_fund_flow,0xcd6e13f7,true
25703271,0x76e5e60a5b5c752fc5cece5356960f01d0613c36dd58056ea15c20c4665c7d6c,0x754dcfb2861547015b221e963b4133a71dbdc024,0x3e07be15370d8b12d80a159a7ef14b9e51869497,2026-08-07T21:12:56,dense_internal_fund_flow;complex_trace,0x21af54c6,true
25703271,0xe0113ebc6b0e5ad98daf029722b39278dbf6894a0f4e6bdcaca51f53fb49d31d,0x54632df3db2f9203caeffe46dd9ae9360b1eb200,0x75d9ef48e30bcb0b658c1d387233fb52ebf9a4fe,2026-08-07T21:12:56,complex_trace;high_gas_used_context,0xf6dbcb18,false
25703271,0x225670b73eceaa993289393198a3e5dd9a3b4e94e96dadbf5992426083f95e23,0xa154b98e53fc35e1bad1ff758acbc8c629bdcd2b,0x19917386eeae67b6ff7ddf07de4019fca40aa4ec,2026-08-07T21:12:57,high_gas_used_context;token_activity_burst,0xa9059cbb,false
25703271,0xa13f3f6930dd740f5465603e562ff3ec8d8960a214494fbe14e3a0e05675d76d,0x1eda738c90fb3f80067a2e420a1e2f81b75ecaf5,0x4c175ee61c3c1da847e339e1158d61bbd2537046,2026-08-07T21:12:57,complex_trace;high_gas_used_context,0x380db829,false
25703272,0x17f576c75e8ffdbd3178ce4a6f996740dad694203722359b01b8fbd3f9f31d3c,0x7556699aa8e6a7c9c69bcfaf9debd05f8192b063,0x84cab37995229530d9e6e5cff2f8f4ebe4517d66,2026-08-07T21:13:05,complex_trace;high_gas_used_context,0xe587456a,false
25703272,0xa5efa4faa865a166472546840a2a90a123d927f4b9046da05e842855c6634b32,0xc6acbee42e9e323140c1ed060c2f6ea9cc3b4b75,0x7c5a71c9fefbc7691f9d4ac7baf70c743792f716,2026-08-07T21:13:05,selfdestruct_context,0xf3fef3a3,false
25703272,0xcdb197b9e7c020525c7b9a7948911b968ab56e8d9e8bc15aa24c30789595939c,0xce269e6ce7e1ba8bd5c1b11c3933c3ebe95742d9,0xcb0151ac9479a6a0261622baa63ae843c9793d45,2026-08-07T21:13:05,large_erc20_asset_flow;complex_trace;approval_burst,0x64cd187f,true
25703272,0x11c5f04b026622a90f04ddb4a33a3a22aecaa6e22e57b47bfa6237f6161fcbf8,0xc31cefe38a606a667b4c076e264abd4552a7b060,0x111111125421ca6dc452d289314280a0f8842a65,2026-08-07T21:13:06,dense_internal_fund_flow,0x07ed2379,true
25703272,0x5c9eea49331344f2d59f0c9b8c3a12a36b2fb597c972f0ca3dc36d778453ad7b,0x2b3fed49557bd88f78b898684f82fbb355305dbb,0x09c30cdcdd971423cb3ba757a47d56c35d06d818,2026-08-07T21:13:07,dense_internal_fund_flow,0x318adb8b,true
25703272,0x8ff11f95ed073b3224c1485c569cbb2d405c24796af4e2d974b8afd7e623c07d,0xe93685f3bba03016f02bd1828badd6195988d950,0x173272739bd7aa6e4e214714048a9fe699453059,2026-08-07T21:13:07,complex_trace;high_gas_used_context,0x7cd44734,false
25703272,0xb7d621259d117de8e16ebc4ff8d538e277e45d6fe46a7729fc5cd304b3a2347d,0xc3c14cddabba96e414b095606f3bdc0f530b6786,0x956d8e0a89cfa3744428c4641b5a53b56167a7f9,2026-08-07T21:13:07,large_erc20_asset_flow;complex_trace,0xac9650d8,true
25703273,0x7bb0893192e78e7de5cf40757719457dd1a71cab4a3249da5d5c0125d71e49c9,0x00000027f490acee7f11ab5fdd47209d6422c5a7,0x42e213a3ad048e899b89ea8cb11d21bc97b84748,2026-08-07T21:13:16,dense_internal_fund_flow;complex_trace;approval_burst,0x2b66e055,true
25703273,0xe1371751551e3106a1d96d275d2d3d4e3f72ad11cc1740a2a8c344b75ece9fdf,0x7830c87c02e56aff27fa8ab1241711331fa86f43,0xa9d1e08c7793af67e9d92fe308d5697fb81d3e43,2026-08-07T21:13:16,dense_internal_fund_flow;high_gas_used_context,0x1a1da075,true
25703273,0x4e46b4bfd96ce966e03b3fb753aa5c674b8ee6de09608e06df266888e47a4c11,0x46565eedb0bb948ae787dd105cce300f736da28e,0x000000000004598d17aad017bf0734a364c5588b,2026-08-07T21:13:17,privileged_execution_context;complex_trace;high_gas_used_context,0x00000000,false
25703273,0x335c83905187cbd11e0429c043b714da14ac16e2f1b9175d1151edbc11bd0e4e,0x70e59f9c304e4d5096bd408b571e2dcd99c3120b,0xad3b67bca8935cb510c8d18bd45f0b94f54a968f,2026-08-07T21:13:18,complex_trace;high_gas_used_context;token_activity_burst;approval_burst,0x146ee74d,false
25703273,0x4585efce5c97f25270adb9c30e9ee7a5368648b476829fc8e6ba339b7871a761,0x203847fbc212987f83680e0682e45e930eb11b0e,0x86e4dc95c7fbdbf52e33d563bbdb00823894c287,2026-08-07T21:13:20,complex_trace;high_gas_used_context,0x4e43e495,false
25703273,0x720d4ea835a6e485313c4a94c5971b31ea03b08b4b9e64c5fb2262607fbea0ac,0xc2a2a2542bdf835ecb41b713e5978578d3349e7b,0x28b1dc1a5e3699a428bc51d234dfab7c9cb2a183,2026-08-07T21:13:20,dense_internal_fund_flow;complex_trace;high_gas_used_context;token_activity_burst,0x0c307f76,true
25703274,0x2a8677ea6ae58e1ef06b697e5dad99e1e2f8cc20164464b769ed9df169ef3eb7,0xb7d653aeab9a769b3dadeb28ed31f0d75ad5331a,0xf9280799c85d376e0425f6fb38e4a674e8bedb56,2026-08-07T21:13:28,dense_internal_fund_flow,0x39ecce49,true
25703274,0x3c16e433a65679419dcbac4778949a35f468e3c7c3577017f8c5670ccce120fc,0xca07cb583cd6c736ba1e585f58a29a958f4cc903,0x3d90f66b534dd8482b181e24655a9e8265316be9,2026-08-07T21:13:28,dense_internal_fund_flow,0x47ee97ff,true
25703274,0x5985cf59318fced157e8af8e25ea61df71d04a6d642c758af9c0f5a94e32d042,0xd29edf3209fd84741db5ee0ecd9036533d96c048,0x4313c378cc91ea583c91387b9216e2c03096b27f,2026-08-07T21:13:28,dense_internal_fund_flow,0xeffbec13,true
25703274,0x5e49d9af3311f200e2c8dbf5b8e3898ab785c35ade795c273b47968d9840b4a2,0x00ba3dff8f7dbbf1d0888f9c117c04891619c073,0x0889e9327b98d7d1be3c301a4585ff3330502c9a,2026-08-07T21:13:28,dense_internal_fund_flow,0x1fff991f,true
25703274,0x7b538173ef02b67b288eb9e46748b74556e9a52b49b8e74e1483550fdf85e721,0x46565eedb0bb948ae787dd105cce300f736da28e,0x000000000004598d17aad017bf0734a364c5588b,2026-08-07T21:13:28,privileged_execution_context;complex_trace;high_gas_used_context,0x00000000,false
25703274,0x9146d1a45e414bf7474611b0c4f2fec1814ea5f50cddfc215a256c0322161451,0x7830c87c02e56aff27fa8ab1241711331fa86f43,0xa9d1e08c7793af67e9d92fe308d5697fb81d3e43,2026-08-07T21:13:28,large_erc20_asset_flow,0xca350aa6,true
25703274,0x9942420c42310ec60e61921fdd0588a972a1e32bff52055e4bb2300bed6030eb,0x331d9a049d496385998067abf6cbb6371c8d2466,0xb92fe925dc43a0ecde6c8b1a2709c170ec4fff4f,2026-08-07T21:13:28,dense_internal_fund_flow,0xcd6e13f7,true
25703274,0xb852a0fbf35f01f1a56a04aa099330e7865c6d8ac054c367c228a868afd00829,0x7769d980981238abc5c6221c8bfafe6fd02c9183,0x28b1dc1a5e3699a428bc51d234dfab7c9cb2a183,2026-08-07T21:13:28,dense_internal_fund_flow,0x08298b5a,true
25703275,0x2daf45acb327c5a38ef6a13c118929df56a0753f260486df23889e9c812102eb,0x09bc3410c7a482987ea706db242181ee30ee77f7,0x4313c378cc91ea583c91387b9216e2c03096b27f,2026-08-07T21:13:36,dense_internal_fund_flow,0xeffbec13,true
25703275,0x93f977d2ddf0154f3a0ec88f958b21a95d3b5eb598f97cf8f87e52eb92e356f9,0x7830c87c02e56aff27fa8ab1241711331fa86f43,0xa9d1e08c7793af67e9d92fe308d5697fb81d3e43,2026-08-07T21:13:36,dense_internal_fund_flow,0x1a1da075,true
25703275,0xb5a1b3df49bce93c5aee41fc5e5f8a93f39f9600063ecab4592dcb0d1582d082,0x959ec82558ed4dcaa1cb642ce3797dafff48aeca,0x4313c378cc91ea583c91387b9216e2c03096b27f,2026-08-07T21:13:36,dense_internal_fund_flow,0xeffbec13,true
25703275,0xbacbca14b2af9f7edc0949c4c429007dde093c5aac2550a1fab7425dc3a7eb89,0xd5b4d9c363de023dd9f656e3b2f38ff5e4d5ccdc,0x4313c378cc91ea583c91387b9216e2c03096b27f,2026-08-07T21:13:36,dense_internal_fund_flow,0xeffbec13,true
25703275,0x5a58efb7ba6cf6a9d5240b161ef6f29cacc7bc944612662fa6aa2214973fcc44,0x7b49bc3ebbdf7322f31c6449320382bbec3be1b6,0xad3b67bca8935cb510c8d18bd45f0b94f54a968f,2026-08-07T21:13:39,complex_trace;high_gas_used_context;token_activity_burst;approval_burst,0x146ee74d,false
25703275,0x701091fc0bfbe7079e53276199a40d1b720d03d74d7eb00dad774e79a2e6ebc9,0x161643f280b09be8e0271eef8efc6c264d125003,0x32eecc693bd439f107803fecee02ddd9237d8c0f,2026-08-07T21:13:41,dense_internal_fund_flow;token_activity_burst,0xa9059cbb,true
25703276,0x2e0aba58313c5ba3063674c3c5557b06bdb1d7cf7c15dd4228eed75087637257,0x3aea946dde67b5a304b9ce9d90895192d8e924b6,0x4313c378cc91ea583c91387b9216e2c03096b27f,2026-08-07T21:13:46,dense_internal_fund_flow,0xeffbec13,true
25703276,0x6bc06577dea9edbfdcfb74c69a903aa019e9f66182d44da5c5b7b7bc469c988c,0x30a1b724c9dfe2e12a19ed84878312d199d1519e,0x50d3865a63d52c0a54e4679949647ea752107390,2026-08-07T21:13:46,major_dex_price_change;complex_trace;high_gas_used_context;token_activity_burst,0x00000000,true
25703276,0x18d9299912772b685ff58970b2b29f4e58a87b07ff4a367a2eb4f4ddada31ba6,0xd6434d157f254276d69ede3bd9fc805482206908,0x7ec8a30a34b86927dc77b302603d1d53e640bef7,2026-08-07T21:13:48,repeated_internal_token_drain;dense_internal_fund_flow;complex_trace;high_gas_used_context;token_activity_burst;repeated_risky_internal_calls,0xa9059cbb,true
25703277,0x4f7277bd098e5f0bb860bff557dd61c2d807674685b1ff4a31f37e8983431c42,0x3cfdc212769c890907bce93d3d8c2c53de6a7a89,0x433709009b8330fda32311df1c2afa402ed8d009,2026-08-07T21:13:55,privileged_execution_context;complex_trace,0x765e827f,false
25703277,0x73bdb8e9b6c4ecd70a77e616dce3dd97c1627187aedb8cabbc58706e74ed6da3,0x17a9aa3f7945fb00c2eb16857baa4adb63da59db,0x4337084d9e255ff0702461cf8895ce9e3b5ff108,2026-08-07T21:13:55,complex_trace;high_gas_used_context;token_activity_burst,0x765e827f,false
25703277,0xb2fab379c69c6ed797b43381897961152ef95420ce91f4b3e60597467317bce1,0xbf0f1a907967cabddf946693155c71d174bff7de,0x6566194141eefa99af43bb5aa71460ca2dc90245,2026-08-07T21:13:55,large_erc20_asset_flow,0x374f435d,true
25703278,0x8537b1e393fcfa559ac14a8353237657992ecc288224cae66a09fce0df14991c,0x80d04079ffc53eb14edbeeb37279d126f45552df,0x1014ccdf986ebd95360603df5a16e6216f3336f4,2026-08-07T21:14:02,repeated_internal_token_drain;dense_internal_fund_flow;complex_trace;token_activity_burst;repeated_risky_internal_calls,0x8aaa8f3b,true
25703278,0xaf22a44b6b37dd778cb883c493950816fd2e35f1d8a55aaf3a9c032af0a633b5,0x9642b23ed1e01df1092b92641051881a322f5d4e,0xfaf17849fb05a11a4e233f221bac99ca43fc83f8,2026-08-07T21:14:02,large_erc20_asset_flow,0x6b13fcb1,true
25703278,0xb3ae9447f4b48cb1ddda3f338188f70166779785e32c53782f675828855581e3,0xa154b98e53fc35e1bad1ff758acbc8c629bdcd2b,0x19917386eeae67b6ff7ddf07de4019fca40aa4ec,2026-08-07T21:14:02,repeated_internal_token_drain;dense_internal_fund_flow;complex_trace;high_gas_used_context;token_activity_burst;repeated_risky_internal_calls,0xa9059cbb,true
25703280,0x9d03e9d3c5e0bdc94b4ff888b352037c6fa7759416fa7b9c4c8cd3e2e876f997,0xe99bd1c2dd70cd58e5efd47887991700e7318ce2,0xad3b67bca8935cb510c8d18bd45f0b94f54a968f,2026-08-07T21:14:17,large_erc20_asset_flow;complex_trace;high_gas_used_context;token_activity_burst;approval_burst,0x146ee74d,true
25703280,0xa33b695855d5eff85d002a6c52aef554268beb41ecfe746456c311d5162c40e2,0x2ce910fbba65b454bbaf6a18c952a70f3bcd8299,0x3154cf16ccdb4c6d922629664174b904d80f2c35,2026-08-07T21:14:17,dense_internal_fund_flow;complex_trace,0xe11013dd,true
25703280,0x3200bca1e4837328f0ea6418076a5445588fa73f381fa6e51d6c9671890e70a7,0xc24717575b50737454da26a6485bf36e6566f081,0x28b1dc1a5e3699a428bc51d234dfab7c9cb2a183,2026-08-07T21:14:20,large_erc20_asset_flow;complex_trace;high_gas_used_context;token_activity_burst,0x0c307f76,true
25703280,0x35293570f019da1e500fe1d219fc3cb919c44ff20755e180f2831435c96dc2b7,0x1584a8ee67789d1fe161065388657ad2f2a3c7dd,0x77eb52e44db06777bce478159f25c0d55a295314,2026-08-07T21:14:20,repeated_internal_token_drain;dense_internal_fund_flow;complex_trace;high_gas_used_context;token_activity_burst;repeated_risky_internal_calls,0xa9059cbb,true
25703280,0x6ada6ea601f7d791630317dc0ec6f146ad504a05f994de51ab3d7bd74f982065,0xbad000006db10503589262b55d09bb7b3c5e1472,0xbbbbb048b1a85ca221058c45525095b6a68bbbbb,2026-08-07T21:14:20,complex_trace;high_gas_used_context;token_activity_burst,0xa9059cbb,false
25703280,0x6c0730678f716cbb20e054a1dd9364cf7187c7290ab540ab06262db658c4a08d,0x43370188473a398394e4ba4a7c7cbb2c6265e22a,0x0000000071727de22e5e9d8baf0edac6f37da032,2026-08-07T21:14:20,privileged_execution_context;complex_trace,0x765e827f,false
25703280,0x8dfbe71aec1e3915748eb42fe1cb4b957766b57e18dea22de29df6f0ebb6089e,0x617c5bcbfffd9531f20bf0c1de048b657d64d692,0x5cc9400ffb4da168cf271e912f589462c3a00d1f,2026-08-07T21:14:20,complex_trace;high_gas_used_context;token_activity_burst,0xf41b2db6,false
25703280,0xaf6a577cfd9bef1eef2d8719069fb6d7771121f13fa5dd0ab7bc603b0cf4fcf6,0x46565eedb0bb948ae787dd105cce300f736da28e,0x000000000004598d17aad017bf0734a364c5588b,2026-08-07T21:14:20,privileged_execution_context;complex_trace;high_gas_used_context,0x00000000,false
25703280,0xb0b30ce55862bf4930e724f5c0f7598790b5caae499327112f7ac1018ac63b6a,0x4337015333e7c8a3c5af4acd2c4aa4befb0d663c,0x0000000071727de22e5e9d8baf0edac6f37da032,2026-08-07T21:14:20,privileged_execution_context;complex_trace,0x765e827f,false
25703280,0xfbd693bb40bad5a9276e93bcbc7e55decd1321ff2f9f2992657e2c2045ca5ff0,0xdf0f00fa1ccc2848e5d57cb6de671d25906eb8e3,0x28b1dc1a5e3699a428bc51d234dfab7c9cb2a183,2026-08-07T21:14:20,dense_internal_fund_flow,0x08298b5a,true
25703280,0xdb58bc59332ff1f3650dbf7d4504c0d51ef4c550b22672e2400b52faf267cda3,0xfb5e703dae21c594246f0311ae0361d1dfe250b1,0xf4e147db314947fc1275a8cbb6cde48c510cd8cf,2026-08-07T21:14:21,dense_internal_fund_flow;complex_trace,0x0bf5d35e,true
25703281,0x189d98b8259639bcc10ea2496ac4bed2678190f8613d618f80a43335b33c7473,0x3311e8c1f5006970b17fb9a823522387c4e17e38,0x4313c378cc91ea583c91387b9216e2c03096b27f,2026-08-07T21:14:27,dense_internal_fund_flow,0xeffbec13,true
25703281,0x34e0cdb113bd636588032a8f24f582ed21a5cfa0135b908900ca056b28d70a9a,0x80d80653cfd0edf0439dc5ebc7cc86a66d9c204c,0x3cb085b9e975e95e11cada75deaed70802248d91,2026-08-07T21:14:30,extreme_dex_price_manipulation,0xbb51ea92,true
25703282,0x446932dce0e74955d70cf8cd87186184242114f072c993a528a2ae256029d212,0x7830c87c02e56aff27fa8ab1241711331fa86f43,0xa9d1e08c7793af67e9d92fe308d5697fb81d3e43,2026-08-07T21:14:38,dense_internal_fund_flow,0x1a1da075,true
25703282,0x5330d70879a3f765b3469e0bd6c179350328239a3ec9cd6bdd93e3a58432ca9e,0x9103592d8dd02a193f30f37ea3a8a29d8982eeb7,0x6131b5fae19ea4f9d964eac0408e4408b66337b5,2026-08-07T21:14:38,dense_internal_fund_flow;complex_trace,0xe21fd0e9,true
25703282,0xc5ee333376c9d1371546064c77a25a695b230911f5f3c9e9f6b9a4271864bd4b,0x5b43453fce04b92e190f391a83136bfbecedefd1,0xbdb3ba9ffe392549e1f8658dd2630c141fdf47b6,2026-08-07T21:14:38,large_erc20_asset_flow;complex_trace;high_gas_used_context;token_activity_burst,0x000000c3,true
25703282,0xd2dd8d5866136819a65d59664f5eb2c4d82a334c1278646315410bb86abd4797,0x7830c87c02e56aff27fa8ab1241711331fa86f43,0xa9d1e08c7793af67e9d92fe308d5697fb81d3e43,2026-08-07T21:14:38,large_erc20_asset_flow,0xca350aa6,true
25703282,0x157975eb268bf385b46d48f28e88069b1b384a2619860364cd31080749d84c70,0xf41c1f8d4ca7f619286efcef3a5bf4925ef569f1,0x71d5dcd76fb9ca8fe92b4952f13eaad149a955e0,2026-08-07T21:14:41,large_erc20_asset_flow;complex_trace,0x88000000,true
25703282,0x164a987bbea4665d8e874469557772a64d1bc58c3cc83a825576aefe1e7142a7,0xb47c72be8a2968dec42d3b9d8c6f464224605bfd,0x6a000f20005980200259b80c5102003040001068,2026-08-07T21:14:41,large_erc20_asset_flow,0x1a01c532,true
25703282,0x947be4ec6b9df655c7fdf6176f717d3d303221c8d3514eeba4a5a4ff725cebbf,0x53f2736fae551c998d4e72e519f1acf474264de4,0x888888888889758f76e7103c6cbf23abbf58f946,2026-08-07T21:14:41,complex_trace;high_gas_used_context;token_activity_burst,0x60fc8466,true
25703282,0x01ac42259083a1060d9cda849959788ab7893fad8997e1214dea625dc0e83876,0x81633c1357ddb25d8625efb2cad26a60988475bf,0x0c9a3dd6b8f28529d72d7f9ce918d493519ee383,2026-08-07T21:14:42,large_erc20_asset_flow;complex_trace,0xc16ae7a4,true
25703282,0x43dac95dd9de5270f0d2df8d4e3da87933e59eadc96718f295a690cbee111a73,0x1584a8ee67789d1fe161065388657ad2f2a3c7dd,0x77eb52e44db06777bce478159f25c0d55a295314,2026-08-07T21:14:42,repeated_internal_token_drain;dense_internal_fund_flow;complex_trace;high_gas_used_context;token_activity_burst;repeated_risky_internal_calls,0xa9059cbb,true
25703282,0xe0074bb24d0e8e8e16a05a955166d003da4a0322979ac8a754f1fa7972eb747a,0x3431172c887cf150d9fdaba9876273d9db566367,0x64f5aad0e38e2ff9f50f2e51e813e49c05aca41a,2026-08-07T21:14:42,complex_trace;high_gas_used_context;token_activity_burst,0xa9059cbb,false
25703283,0x16ce06c5598a09e493b93816c0e4ea2f7cc932da28de09062845a580de0cee94,0xc6acbee42e9e323140c1ed060c2f6ea9cc3b4b75,0x7c5a71c9fefbc7691f9d4ac7baf70c743792f716,2026-08-07T21:14:48,selfdestruct_context,0xf3fef3a3,false
25703283,0xb85fc366d149372f06f871c6c4e0645333e1afb5150254d02cc7ca7371753fa5,0x2764034e0d06c6d45e66de9de1f8f00e193835c4,0x6131b5fae19ea4f9d964eac0408e4408b66337b5,2026-08-07T21:14:48,large_erc20_asset_flow;complex_trace,0xe21fd0e9,true
25703283,0x8a513a5bd240d3d565755b12f61808bab5342771c314522918be05d7b2f16491,0x9662e5beb8fc4f9087b62e810149cc7717053e38,0x28b1dc1a5e3699a428bc51d234dfab7c9cb2a183,2026-08-07T21:14:49,complex_trace;high_gas_used_context;token_activity_burst,0xf2c42696,false
25703283,0xe190cf26684e33610a1562297ea3d486943be0b0ae87c4e9c62d8a60cc840abc,0xf70da97812cb96acdf810712aa562db8dfa3dbef,0xb92fe925dc43a0ecde6c8b1a2709c170ec4fff4f,2026-08-07T21:14:49,dense_internal_fund_flow,0xcd6e13f7,true
25703283,0xe9d71428a4eacece679192657cd62d834b239ba9a08acd2bbac005cc1f835466,0xe5a0ec0bd74c493eb910179cf03a4461bba2e083,0x663dc15d3c1ac63ff12e45ab68fea3f0a883c251,2026-08-07T21:14:49,dense_internal_fund_flow,0x4d8160ba,true
25703283,0x601b7e5084c2115356257caa3f2e82165ad7df8d47b040ed80be536ff351f31d,0x1e2012e21086c96256cc32f5939ad8b5e7489afb,0x2c158bc456e027b2affccadf1bdbd9f5fc4c5c8c,2026-08-07T21:14:50,large_erc20_asset_flow;complex_trace,0x6eefea49,true
25703283,0x8a0194f683e682e8f1fc81a7e8ec81174940a471fbabec240db14d6a09e584dd,0x31520a9d7f89fd4d9fe654b293ac54acebda86dc,0x28b1dc1a5e3699a428bc51d234dfab7c9cb2a183,2026-08-07T21:14:51,dense_internal_fund_flow,0x08298b5a,true
25703283,0xf266a2b8f28dc8a216b5d3879feb365074af61e2cb2809f40e723b543aee9d58,0xa0c85ffaff895c0cf5aed1993dc6e3195adf593b,0x9b6eda8460ac664287493038b23f25b03dfbbdb1,2026-08-07T21:14:52,large_erc20_asset_flow;complex_trace,0x469f504f,true
