block_num,tx_hash,from,to,detect_time,attack_signals,selector,has_asset_impact
25703064,0x77d00798fc705736e9e9b82274c72e40db11bd3030862503a801d100353e37b1,0x200a5eb1477503cfc6e64fd8116c1bb967ba22c1,0xf8b2c637a68cf6a17b1df9f8992eebeff63d2dff,2026-08-07T20:30:01,large_erc20_asset_flow;complex_trace,0xb6f32e03,true
25703064,0x7e87f3d711d31eca279a64af35b8a91410f1c9060b69f1acf881563304c4e3c4,0x9572561ebe198566bba3b4e7c53f82ac27587431,0x52b335fd4d229c4b4ffa6190526e4b5fb8e3fb09,2026-08-07T20:30:01,large_erc20_asset_flow;complex_trace,0x085c8c5e,true
25703064,0xc1591e2f724fa7b6228345b066a470e8dd84789788eaedede6b88304982be59d,0xbee12bd9a3b777b29fecf6097f18aec13db6e013,0xbee3211ab312a8d065c4fef0247448e17a8da000,2026-08-07T20:30:01,large_erc20_asset_flow;complex_trace,0x4cf3fe9c,true
25703064,0x95fc6f79f8e00dc312b1ea086e3d7e74fc084c4ac54baeed63882b628b1409de,0x1c59ac9a11e64b3d78981a658c71fedb562cee86,0xf484725b49dcdfb6c9162ef34cb61ecf1dd0db01,2026-08-07T20:30:02,large_erc20_asset_flow;complex_trace,0x6a761202,true
25703064,0xa51a71661846ce4fac89ed913994e0b163bce37e84d7ab7255c738da814696d4,0xd76820fe5921313e9771811d54282459ea3d8ad0,0xee030ec6f4307411607e55acd08e628ae6655b86,2026-08-07T20:30:02,complex_trace;high_gas_used_context;token_activity_burst;approval_burst,0x6e1537da,false
25703064,0x1afe2351f3f900e19b659c5e5e8a4babc449a25ee6d80ad95ebce668851f1d42,0xf920089d8a626617dd2ea0c8d802db6c523e97ec,0x55032650b14df07b85bf18a3a3ec8e0af2e028d5,2026-08-07T20:30:03,complex_trace;token_activity_burst,0x8f73c5ae,false
25703065,0x7edf1a759dfbc85600d29ea4f04a15d6a6c0c7b8745d6e7e4a609e870c00894d,0xdd2d158a5083ef7d32f059c312eebb788867ad24,0xcb0151ac9479a6a0261622baa63ae843c9793d45,2026-08-07T20:30:11,large_erc20_asset_flow;complex_trace;approval_burst,0x64cd187f,true
25703065,0x9ad604da08f1bf542895b0a31dd442f69e2ae47387b061002402d2da56fdd0d2,0x1584a8ee67789d1fe161065388657ad2f2a3c7dd,0x77eb52e44db06777bce478159f25c0d55a295314,2026-08-07T20:30:11,repeated_internal_token_drain;dense_internal_fund_flow;complex_trace;high_gas_used_context;token_activity_burst;repeated_risky_internal_calls,0xa9059cbb,true
25703065,0xdd1d92f67d82827fd27450b86063cb55695c5ed3bbf9282ac7fae24098f7d887,0x7ccdb15ff25dddb23dd0efc98844e07683cd8ba6,0x111111125421ca6dc452d289314280a0f8842a65,2026-08-07T20:30:11,dense_internal_fund_flow;large_erc20_asset_flow;complex_trace,0x07ed2379,true
25703065,0x6c64b67446d959fe545a05256b127cdde240d9096a93487dcaf8a28caf3c9737,0xab331bc0c3f68ee2cdef026a7b2ec008c07683d1,0xc36442b4a4522e871399cd717abdd847ab11fe88,2026-08-07T20:30:12,dense_internal_fund_flow,0xac9650d8,true
25703065,0xee1efcb9f2be2d0baa2930ca5dd3e8f71c3541ad46be9ac64c9c59b8a9df118a,0x7bd7cae2d2ac926fda8fe0a7ed98e852e2b48730,0x50d3865a63d52c0a54e4679949647ea752107390,2026-08-07T20:30:12,complex_trace;token_activity_burst,0x00000000,false
25703066,0x307d07d5dd657e4b3a0ca9988d4098f00051e680481cb6ab2dfc7fb07f09ed9d,0x9103592d8dd02a193f30f37ea3a8a29d8982eeb7,0x0889e9327b98d7d1be3c301a4585ff3330502c9a,2026-08-07T20:30:20,dense_internal_fund_flow,0x1fff991f,true
25703066,0x33708bd5d8b94bdab9353d403839f8925b93b939e4d2a2782de5f80dc8e36fcd,0xf82ac5937a20dc862f9bc0668779031e06000f17,0xf573e9e3de1f86b085417ab294f56e7920b4e9be,2026-08-07T20:30:20,dense_internal_fund_flow;very_complex_trace;high_gas_used_context,0x78a94ff0,true
25703066,0xa931ba6dfd9d59dc34916672f2a6d5966390fdfa43e55413559cd74f84f659c2,0xd4cbb077e34299c12a1b171ca435e82d199ccd01,0x503972ee3a62480f66e7a1bd485dd5f7da754bec,2026-08-07T20:30:20,dense_internal_fund_flow,0xeffbec13,true
25703066,0xb473549e9d6f67c5e9bf2d81c70a5d195b82048090b8f690c80289f84b17ff9a,0x8678f58ac6c4748b5289d0db70e627eef395dead,0x6131b5fae19ea4f9d964eac0408e4408b66337b5,2026-08-07T20:30:20,complex_trace;high_gas_used_context,0xe21fd0e9,true
25703066,0xb5dcd050847c481c8b5ea5e3d21ae1765bf78330097ea3812b1a11cd2c7eee32,0x014f39a54fd89c0815be95a34478367467f9632b,0xce09fad0dd5e70041402df947ab3ecf8e430becb,2026-08-07T20:30:20,large_erc20_asset_flow;complex_trace;high_gas_used_context,0xa971a913,true
25703066,0x79932ffb0b318041679100ec1f37687c3c4c0ba361ed213255d117a930447595,0xa8a8e0a08e55bc28e89c7be36b9bb0e5d82c029b,0x4c82d1fbfe28c977cbb58d8c7ff8fcf9f70a2cca,2026-08-07T20:30:21,dense_internal_fund_flow,0x3593564c,true
25703066,0xf9e2890d505c7bb02bb33b17a49b363701b87bf83ce214337fe791f4d4cc2046,0xa154b98e53fc35e1bad1ff758acbc8c629bdcd2b,0x19917386eeae67b6ff7ddf07de4019fca40aa4ec,2026-08-07T20:30:21,repeated_internal_token_drain;dense_internal_fund_flow;very_complex_trace;high_gas_used_context;token_activity_burst;repeated_risky_internal_calls,0xa9059cbb,true
25703066,0xb228e232e886f53c5993a2ce4d7afbb64ad901582d92b5005b74d12f0d27cc6f,0x80d04079ffc53eb14edbeeb37279d126f45552df,0x1014ccdf986ebd95360603df5a16e6216f3336f4,2026-08-07T20:30:22,repeated_internal_token_drain;dense_internal_fund_flow;complex_trace;token_activity_burst;repeated_risky_internal_calls,0x8aaa8f3b,true
25703066,0x6d14f11cba75c59c3846e9b89ac818bad891088bb5d9d01932933420658d1c05,0x96c4e32d4b0d2d4cc3ea9f54031df73023d2ff8d,0xee030ec6f4307411607e55acd08e628ae6655b86,2026-08-07T20:30:23,dense_internal_fund_flow;complex_trace,0x6e1537da,true
25703067,0x0727a4c79d769afd462bb1ff73c25932bfb009be5de371b158c9a94b2f465c14,0x062ce42cae04c51d04e77e3d64cc8953a2296ffe,0x8a25a24ede9482c4fc0738f99611be58f1c839ab,2026-08-07T20:30:32,large_erc20_asset_flow;complex_trace,0x6a761202,true
25703067,0xa34429949aa3a70a3a2669610cfe2933a2f0c5362e6a12e27b62732197aec814,0xc6acbee42e9e323140c1ed060c2f6ea9cc3b4b75,0x7c5a71c9fefbc7691f9d4ac7baf70c743792f716,2026-08-07T20:30:32,selfdestruct_context,0xf3fef3a3,true
25703067,0xb0d3bb95ad9a55750c871510f197bef2f274bc470b1b8cdd8637508b1ad987aa,0x7b49bc3ebbdf7322f31c6449320382bbec3be1b6,0xad3b67bca8935cb510c8d18bd45f0b94f54a968f,2026-08-07T20:30:32,dense_internal_fund_flow;complex_trace;high_gas_used_context;token_activity_burst;approval_burst,0x146ee74d,true
25703067,0x39bcb9b99b1215aa59263782fdea9cf312a73f174c681b41fab08b17d189cf79,0x0cabab9e55b49f1754d5c8b0a92219939d8e5e3f,0x9a6e9c004a3bd0ad4aeab0139367decfc1fbbaa8,2026-08-07T20:30:34,large_erc20_asset_flow;complex_trace,0x8c56c940,true
25703067,0x466a7d010184ad34a658d8cf24008ee786c6405da46de2ba583dea8041f30f28,0x8a02495884a9820d3239b80f982385c8f74b8b66,0xccc88a9d1b4ed6b0eaba998850414b24f1c315be,2026-08-07T20:30:34,dense_internal_fund_flow;complex_trace;high_gas_used_context;token_activity_burst,0xf9e4bab4,true
25703067,0x898a14d8040f3b6b4df5e9a22bfd88b46d7459621b81b3a4c20d58246ba2ff36,0x6b186451c1eb2d4797150313683dfb1afa15b5ba,0x58e6c7ab55aa9012eacca16d1ed4c15795669e1c,2026-08-07T20:30:34,complex_trace;high_gas_used_context;token_activity_burst,0x6a761202,false
25703067,0x9711a1082eb4fd8b251890a38c4ad9344687235b44fc2e14e31f11c25f013fcd,0xdbddb659db12e4a04043136b30df0d1d77623a99,0xbd7d6a9ad7865463de44b05f04559f65e3b11704,2026-08-07T20:30:35,dense_internal_fund_flow;large_erc20_asset_flow;complex_trace,0x02c5fcf8,true
25703068,0x8bf92286dd0e58c54f625d340d62801361cf90870b5747bfceccf78d6b7b87e8,0x7830c87c02e56aff27fa8ab1241711331fa86f43,0xa9d1e08c7793af67e9d92fe308d5697fb81d3e43,2026-08-07T20:30:41,large_erc20_asset_flow;token_activity_burst,0xca350aa6,true
25703068,0xe7ed3b54008d7c5e7712dc33ea1d6218cd805ce23e4ec615e402cdebee59aa2f,0x7830c87c02e56aff27fa8ab1241711331fa86f43,0xa9d1e08c7793af67e9d92fe308d5697fb81d3e43,2026-08-07T20:30:41,dense_internal_fund_flow,0x1a1da075,true
25703068,0x783852693c9aa0eadf12c3c861811db7ab3ebb385900be5de6bd494d01466b0c,0xaced2931d1f04501268c8f8449698500b06b0957,0x6131b5fae19ea4f9d964eac0408e4408b66337b5,2026-08-07T20:30:43,dense_internal_fund_flow;complex_trace,0xe21fd0e9,true
25703069,0x378bf3b2827613f17c95dc9e14ac25a2600e009a8442ea120c8f35d2f47325ef,0xc6acbee42e9e323140c1ed060c2f6ea9cc3b4b75,0x7c5a71c9fefbc7691f9d4ac7baf70c743792f716,2026-08-07T20:30:48,selfdestruct_context,0xf3fef3a3,false
25703069,0x8918ad07a55cee90ddc3101858907af4d9339a8827dee16f2bb1006063663815,0x9f1a1479191af103ff82fead23e950b6b3b2bd1a,0x6566194141eefa99af43bb5aa71460ca2dc90245,2026-08-07T20:30:48,large_erc20_asset_flow;complex_trace,0x374f435d,true
25703069,0x8f111293a0e0fc5115c03288230b7e916c52e6f61482e73a8c1f8739fb8b78fd,0x83027136b807e7ed0349da4e9220571d8f986eef,0x6104fe10ca937a086ba7adbd0910a4733d380cb6,2026-08-07T20:30:49,large_erc20_asset_flow,0x0edb4e20,true
25703069,0x1737fbf8932911b77ac3d61829bc65146af0dd4cd4198581641788ebb250ae20,0x59aab1bd0d26290274398c07b55955c15425e16b,0x00fe78205f5f0e63b8ad2b2ae5337f538a610e04,2026-08-07T20:30:51,complex_trace;high_gas_used_context;token_activity_burst,0x34fcd5be,false
25703069,0xec347569f7d6cfea445c4c219a8eb596973e5ebb5e30a1603e20705deb6a4d3c,0x1584a8ee67789d1fe161065388657ad2f2a3c7dd,0x77eb52e44db06777bce478159f25c0d55a295314,2026-08-07T20:30:51,repeated_internal_token_drain;dense_internal_fund_flow;complex_trace;high_gas_used_context;token_activity_burst;repeated_risky_internal_calls,0xa9059cbb,true
25703071,0x9ccd5e546f8e12798565fcf556db90aa8eda4cc6b497b364880ec5c6b9dd2193,0x7b4c75e9463b67739a626139e693e483544cfc58,0x69460570c93f9de5e2edbc3052bf10125f0ca22d,2026-08-07T20:31:07,large_erc20_asset_flow;complex_trace,0x14d08fca,true
25703071,0xbd1d28ad57f87ab3dd402517aad4b621f4e3d1ec03a981fbb944077a3ae51ebf,0xe99bd1c2dd70cd58e5efd47887991700e7318ce2,0xad3b67bca8935cb510c8d18bd45f0b94f54a968f,2026-08-07T20:31:07,complex_trace;high_gas_used_context;token_activity_burst;approval_burst,0x146ee74d,false
25703071,0xd239118ec45c829cb16111b494eb8f59bf93e29bc3a04eddc9815d1ba30148b0,0xe20446cccbfd5f9038e747f1dea8016ecbd94ae5,0x442be06bb5d13711a22ccd3fa382b72a874c5135,2026-08-07T20:31:07,privileged_execution_context;complex_trace;high_gas_used_context,0xf7b5c341,false
25703071,0x3263871b41afa8ab8363a820a3db2abfee29c1df0b281cd4169dadcb672bfd23,0xf00aed41750fc15756b1d1e085379615db95b7c1,0x9a37da5862b669fc496e88a9084d70302bc38c59,2026-08-07T20:31:08,privileged_execution_context,0x6a761202,false
25703072,0x662c63ce2b3a702389dda38952fc1bed4e6c3c42b4d52d85fb8c73d7c72459f2,0x70e59f9c304e4d5096bd408b571e2dcd99c3120b,0xad3b67bca8935cb510c8d18bd45f0b94f54a968f,2026-08-07T20:31:17,complex_trace;high_gas_used_context;token_activity_burst;approval_burst,0x146ee74d,false
25703072,0x666392eedebdc87b437d04013a1ba9731bcfe5156a6370e6d4dbf3164c45746c,0xbad000006db10503589262b55d09bb7b3c5e1472,0xbbbbb048b1a85ca221058c45525095b6a68bbbbb,2026-08-07T20:31:17,repeated_internal_token_drain;dense_internal_fund_flow;very_complex_trace;high_gas_used_context;token_activity_burst;repeated_risky_internal_calls,0xa9059cbb,true
25703072,0xb9a0865ac3ada00d2d28b07602004cda9ad205af3bf8de9f7524a61bd8c76293,0xc0f12799b8d3fa8810dfe1616095170c72117f8f,0xd90e2f925da726b50c4ed8d0fb90ad053324f31b,2026-08-07T20:31:17,dense_internal_fund_flow;complex_trace,0xb438689f,true
25703072,0xbd0df80615c7e3e24c53d60a03936a66f58e01e494b01fd44d4eb8a993a47f56,0x117c6106527c0031581df97bf8dc7e65ea7afd83,0x3d90f66b534dd8482b181e24655a9e8265316be9,2026-08-07T20:31:17,complex_trace;high_gas_used_context,0x47ee97ff,true
25703072,0xed086430c84617f3d20536407691adefe4b4e71f7c122ece1bab10ab838c3ea1,0x80fbefbee7e2bb2ac085f082674dc8c0bccfa135,0xec2c96e75b09e29b66bf2ee5c37fa749ef9aa7c7,2026-08-07T20:31:17,large_erc20_asset_flow;complex_trace,0xdb5c7e88,true
25703073,0x0d989b5cb50f7531738f3e01e0c2f06667d97a1fcfdc5b89520e201691088567,0x7830c87c02e56aff27fa8ab1241711331fa86f43,0xa9d1e08c7793af67e9d92fe308d5697fb81d3e43,2026-08-07T20:31:26,large_erc20_asset_flow,0xca350aa6,true
25703073,0x4e1766fb16b054ebc78ab52441d3c7e2c4d0034a8fcf37063e3dd70aaa19baff,0xc6acbee42e9e323140c1ed060c2f6ea9cc3b4b75,0x7c5a71c9fefbc7691f9d4ac7baf70c743792f716,2026-08-07T20:31:26,selfdestruct_context,0xf3fef3a3,false
25703073,0xbd06c763fa9a2ab71f8e400a2b9f3d4956bad5cb2373302b4f0f6a0de3a5e0a0,0xb876842bb8405f34e1cefe497d0d85d39f83badf,0x91ff8bbd8ebb07893010d50a48a1609e5ebd8e34,2026-08-07T20:31:26,complex_trace;high_gas_used_context,0x069d1525,false
25703073,0xfc39065deb55830a64dba6d3e6e5e65278cc6ae559691b06b143df9c74961f7c,0x9642b23ed1e01df1092b92641051881a322f5d4e,0xfaf17849fb05a11a4e233f221bac99ca43fc83f8,2026-08-07T20:31:28,large_erc20_asset_flow,0x6b13fcb1,true
25703074,0xc0550bfdb577c64b374e286c4afa76baeb73e884e532806354303bb102b860b7,0xad507888e102e52a44d5cb98a9400a4277b280bc,0x28b1dc1a5e3699a428bc51d234dfab7c9cb2a183,2026-08-07T20:31:34,dense_internal_fund_flow,0x0c307f76,true
25703075,0x57da89ec0e9c7a5ef54646fbc0a2602a4fda6f8e3ce8cf7aeb550cadcaa26bbf,0x4e23424b3c635ec2cad284787467b1700517421d,0x0000000071727de22e5e9d8baf0edac6f37da032,2026-08-07T20:31:46,complex_trace;high_gas_used_context;token_activity_burst,0x765e827f,false
25703075,0x059f2c3e9d285ce38f7f438f16f764fc9b7687c3af4c3767fcab469ed2afd864,0x080ccea8654fd4ff80b81e46cff2278689d88fb0,0x6566194141eefa99af43bb5aa71460ca2dc90245,2026-08-07T20:31:47,large_erc20_asset_flow;complex_trace;high_gas_used_context;token_activity_burst,0x374f435d,true
25703075,0x99187c891bd933b5dbc89104373744ed09586229e0357d95d6096c0912822708,0xf5b64591ec44b5feb5561d937d0e2fbc37652393,0xee030ec6f4307411607e55acd08e628ae6655b86,2026-08-07T20:31:47,dense_internal_fund_flow;complex_trace,0x6e1537da,true
25703075,0xbbe4299f6e674f306ab3673f3a4ebcbd46067f9c6e4953c20029f426b4f6e4bf,0x64420b7a3a43c38f62af0eddd86070855592beb0,0x604117f0c94561231060f56cd2ddd16245d434c5,2026-08-07T20:31:47,complex_trace;high_gas_used_context;token_activity_burst;approval_burst,0xbaae8abf,false
25703075,0x2dab29048662ea9228b4e4c7df81ff85de31ba92956c6fed46b76f9f25d08096,0x59aab1bd0d26290274398c07b55955c15425e16b,0x00fe78205f5f0e63b8ad2b2ae5337f538a610e04,2026-08-07T20:31:48,complex_trace;high_gas_used_context;token_activity_burst,0x34fcd5be,false
25703075,0x98c2559e8cfba50f8a2f8c310b691d8936a03d15429eae521613ec032a957990,0xdf8adfe10d4a4d9f0fc4d3e377a6e8d5730eb40c,0x06cff7088619c7178f5e14f0b119458d08d2f5ef,2026-08-07T20:31:48,large_erc20_asset_flow;complex_trace,0x99999999,true
25703075,0xfc0ba9358fd85d3fe9291aff7e6cd9de0f47060c2666d10f106838888536d81e,0xc0f12799b8d3fa8810dfe1616095170c72117f8f,0xd90e2f925da726b50c4ed8d0fb90ad053324f31b,2026-08-07T20:31:48,dense_internal_fund_flow;complex_trace,0xb438689f,true
25703076,0x0bbb79a2678bdabbc4b5484b3d33f0b58245bc85bbed8eb9ae1520b979f0c443,0x1c59ac9a11e64b3d78981a658c71fedb562cee86,0xf484725b49dcdfb6c9162ef34cb61ecf1dd0db01,2026-08-07T20:32:26,large_erc20_asset_flow;complex_trace,0x6a761202,true
25703076,0x31f93fde73804b81cc47e9db8ffaf745d79eb970f1e59a0e8f6836a506f48d59,0x1584a8ee67789d1fe161065388657ad2f2a3c7dd,0x77eb52e44db06777bce478159f25c0d55a295314,2026-08-07T20:32:26,repeated_internal_token_drain;dense_internal_fund_flow;complex_trace;high_gas_used_context;token_activity_burst;repeated_risky_internal_calls,0xa9059cbb,true
25703076,0x8d427e6435a78a2fbc968b0a432f15aa39e1fbc423eb92b691830393cbbafa91,0x6d3be3f86fb1139d0c9668bd552f05fcb643e6e6,0xb8a451107a9f87fde481d4d686247d6e43ed715e,2026-08-07T20:32:26,large_erc20_asset_flow;very_complex_trace;high_gas_used_context;token_activity_burst;approval_burst,0xbaae8abf,true
25703076,0xae10ce1115f3bd278f2320816b74b10883675059b4d4a87dfcafa1a98b9a7bce,0x2ce282a2cba2da33fcba23582e4c4506375d8790,0x950fd558f47e234a2fde23b7d61f7ccdbcb4a86f,2026-08-07T20:32:26,large_erc20_asset_flow;complex_trace,0xdd225095,true
25703076,0xf75dd88f98be2a915c80776a30cf5ecb5ed42e9a7e2203f17d38337bf0a69f00,0xb23360ccdd9ed1b15d45e5d3824bb409c8d7c460,0x09c30cdcdd971423cb3ba757a47d56c35d06d818,2026-08-07T20:32:26,dense_internal_fund_flow,0x318adb8b,true
25703077,0x52040d2bb51cf32532320f2df5144f5b2fff8baa528f9e48f8208ee2d30d3b11,0xb1ca4a18aff443656f407fa8be3533ff27dde911,0x9da8b48441583a2b93e2ef8213aad0ec0b392c69,2026-08-07T20:32:35,complex_trace;high_gas_used_context,0xe7c438c9,false
25703077,0x670c5669df4bdd32cfca1f90ad3b4a0e908ab787ccaedc3b7f94e00a30479013,0x70e59f9c304e4d5096bd408b571e2dcd99c3120b,0xad3b67bca8935cb510c8d18bd45f0b94f54a968f,2026-08-07T20:32:35,large_erc20_asset_flow;complex_trace;high_gas_used_context;token_activity_burst;approval_burst,0x146ee74d,true
25703077,0xc7bdc150b95405ee4fb95b4696cb72ebdd7dd61451282ecde6bfc96bd3aad6c9,0xe75ed6f453c602bd696ce27af11565edc9b46b0d,0x81463b0f960f247f704377661ec81c1fd65b5128,2026-08-07T20:32:35,complex_trace;token_activity_burst,0xa52c1718,false
25703077,0x980f925695eeb077bdc7c1e3c19fc566ac2f7b29bb6ab536fb80f490f26818a3,0xfbe231b15abd6cc692384e260cca430a16e70d2d,0xae563e3f8219521950555f5962419c8919758ea2,2026-08-07T20:32:37,large_erc20_asset_flow;complex_trace,0x19c6989f,true
25703078,0x2082593ddbde6e8af81e95c40570651807cdc5e997ce159664c1c41b8d822722,0xa154b98e53fc35e1bad1ff758acbc8c629bdcd2b,0x19917386eeae67b6ff7ddf07de4019fca40aa4ec,2026-08-07T20:32:42,repeated_internal_token_drain;dense_internal_fund_flow;very_complex_trace;high_gas_used_context;token_activity_burst;repeated_risky_internal_calls,0xa9059cbb,true
25703079,0x0373d708e9d6bbed12e3c61ee09e8b2e9b3083d2e677a5b16bd5a0a578ca9e06,0x1be45fef92c4e2538fecd150757ed62b7b3757d7,0x6131b5fae19ea4f9d964eac0408e4408b66337b5,2026-08-07T20:32:53,large_erc20_profit_to_sender;large_erc20_asset_flow;complex_trace,0xe21fd0e9,true
25703079,0x13aa526b71faabca3b19fd2bf455a88263e20721258d0d5e1f0b2472ab700409,0xd5b8d8c060430c20a46740ec90c5cfeda2b00609,0x0439e60f02a8900a951603950d8d4527f400c3f1,2026-08-07T20:32:53,dense_internal_fund_flow;complex_trace,0x3ce33bff,true
25703079,0x6d2c3e7fa8be660d25ecbec5e053d91de0c5bde1579c9bbb307105ca26c8edad,0x7b49bc3ebbdf7322f31c6449320382bbec3be1b6,0xad3b67bca8935cb510c8d18bd45f0b94f54a968f,2026-08-07T20:32:53,complex_trace;high_gas_used_context;token_activity_burst;approval_burst,0x146ee74d,false
25703079,0x94bac0f27fa02aae408901b99d382413890ba02d403cb3322207ec2eafe0d5aa,0x1584a8ee67789d1fe161065388657ad2f2a3c7dd,0x77eb52e44db06777bce478159f25c0d55a295314,2026-08-07T20:32:53,repeated_internal_token_drain;dense_internal_fund_flow;complex_trace;high_gas_used_context;token_activity_burst;repeated_risky_internal_calls,0xa9059cbb,true
25703079,0x9d820fa14930a24d3d6049cd20f9bd9edee86fe62aeed3e83b915cc2ca2c590f,0x8151aac95fcec7c3ca82557c43da5ac2276f3cb9,0x59da89baee7c773f991731fca0a8bba58d511c05,2026-08-07T20:32:53,large_erc20_asset_flow;complex_trace;high_gas_used_context;token_activity_burst,0xfd3ad6d4,true
25703079,0xcd2dea6e2d73e1f34bb8148017d44a76286e7792f25d8e996c2b49a56d682763,0xcc3a6d8281579674486f3f0e33955acd3aa6772f,0x6131b5fae19ea4f9d964eac0408e4408b66337b5,2026-08-07T20:32:53,large_erc20_asset_flow;complex_trace,0xe21fd0e9,true
25703079,0xea0ca51e824e44dd46333a3a73d7bffcafac1eb6e187becc60eb847641009b9b,0x80d04079ffc53eb14edbeeb37279d126f45552df,0x1014ccdf986ebd95360603df5a16e6216f3336f4,2026-08-07T20:32:53,repeated_internal_token_drain;dense_internal_fund_flow;complex_trace;token_activity_burst;repeated_risky_internal_calls,0x8aaa8f3b,true
25703079,0xc688ba53896c4c209fe10ed60c4f9ab6c84c9aaf08774238d3b23125e5a2c760,0xca188e6eedb2027e93900fb783de6981651764a0,0xf4e147db314947fc1275a8cbb6cde48c510cd8cf,2026-08-07T20:32:54,privileged_execution_context,0x760d0f9d,false
25703079,0xd7bf1074d34e524dbbd8e4073d0efee7c7d917f2a4c55a2e0349d3b6e199f6ca,0x35a31744530bf5963c83998344567965969b8f11,0x8090a9db6aca56ffa186c75ca0787b18af1058a0,2026-08-07T20:32:54,large_erc20_asset_flow;complex_trace,0xd85064c2,true
25703079,0xd9dd23f1aae5331f8dfa3d710d9e195426be42ce5bdbb2eefbe961e6267b9a64,0xa0c85ffaff895c0cf5aed1993dc6e3195adf593b,0x9b6eda8460ac664287493038b23f25b03dfbbdb1,2026-08-07T20:32:54,complex_trace;high_gas_used_context,0x469f504f,false
25703079,0xfc59cab767181751eef67ff02b454b8465aabf3a32289c7de8b047e95547ded8,0x7f8f1810ef2d1965d7cf96a1c1199e0637727cc9,0x4ff6178b58a51cb74e50254ed1e9ebd4f28eb2c0,2026-08-07T20:32:54,large_erc20_asset_flow;complex_trace,0xb9de6a93,true
25703080,0xcd7f47f710060a6d1e7c0359af2f00afd1dc529e548dd3f18fcdcdebd083e2f6,0x7f8c2be5a3124e4abe64534c7774d167ea778b00,0xbc1d9760bd6ca468ca9fb5ff2cfbeac35d86c973,2026-08-07T20:33:30,dense_internal_fund_flow,0xd984396a,true
25703080,0xd576f0553f84e86e9d1a4cafd10b578a5d1392ad1c53dde9fb8003df48af781d,0xa13e6d8e0f370b211482d65e332964dc754f17e0,0x03f34be1bf910116595db1b11e9d1b2ca5d59659,2026-08-07T20:33:30,dense_internal_fund_flow;complex_trace,0xe47d166c,true
25703080,0x7deee956787e227d33189a5bd2cb98a982648c1c07a4425273803d549ac85f04,0x66dd7b6e57dbe92823c033eb68cb746a00e4de2b,0x28b1dc1a5e3699a428bc51d234dfab7c9cb2a183,2026-08-07T20:33:32,large_erc20_asset_flow;complex_trace,0xf2c42696,true
25703080,0xb07d2227372ce886c24dc91e924ca6b316b94115882279a653418eed71fd785b,0xfbe231b15abd6cc692384e260cca430a16e70d2d,0xae563e3f8219521950555f5962419c8919758ea2,2026-08-07T20:33:32,large_erc20_asset_flow;complex_trace,0x19c6989f,true
25703080,0xd311ccb2df8bb9d7c0512067e3393d24f44a2584152d7ba6b5f32e153957cbaa,0x161643f280b09be8e0271eef8efc6c264d125003,0x32eecc693bd439f107803fecee02ddd9237d8c0f,2026-08-07T20:33:32,dense_internal_fund_flow;token_activity_burst,0xa9059cbb,true
25703080,0xf2a84ef08488b6b82f9aa31aeefd9aa4f8c1b38fedbc8c229a299949b971328a,0xa154b98e53fc35e1bad1ff758acbc8c629bdcd2b,0x19917386eeae67b6ff7ddf07de4019fca40aa4ec,2026-08-07T20:33:32,high_gas_used_context;token_activity_burst,0xa9059cbb,false
25703081,0xf8f3482b40d06be2f11a43241f278f2bfbccd8ce866319cdcda421e94bd3b450,0x04d9634df20aa66b23f114d37c45fa6c6ab76d56,0xc1062b7c5dc8e4b1df9f200fe360cdc0ed6e7741,2026-08-07T20:33:41,large_erc20_asset_flow;complex_trace;high_gas_used_context;token_activity_burst,0xdccedc74,true
25703081,0x1ad0d204182ac3c9d827ea795e04b6e30af2dd04aa7ceeddf1e7d9044c76803a,0x3d6eb01def95bcb5cff7e2ddb6e601273b123140,0xc36442b4a4522e871399cd717abdd847ab11fe88,2026-08-07T20:33:43,dense_internal_fund_flow,0xac9650d8,true
25703081,0x91fd960552e2b0184ae3fa448a1241a743f9ed98ea298f0bf3964cb202b03118,0xc6acbee42e9e323140c1ed060c2f6ea9cc3b4b75,0x7c5a71c9fefbc7691f9d4ac7baf70c743792f716,2026-08-07T20:33:43,selfdestruct_context,0xf3fef3a3,false
25703081,0x9537ecc33437929cb129ff340dcaa498b26ef08b19df001cbde78da8166f7253,0xab331bc0c3f68ee2cdef026a7b2ec008c07683d1,0xc36442b4a4522e871399cd717abdd847ab11fe88,2026-08-07T20:33:43,dense_internal_fund_flow,0xac9650d8,true
25703081,0xf229a0fc41ca1b5d5657630cb85664379b22147fff3bad751ace935137caa4f5,0xc0f12799b8d3fa8810dfe1616095170c72117f8f,0xd90e2f925da726b50c4ed8d0fb90ad053324f31b,2026-08-07T20:33:43,dense_internal_fund_flow;complex_trace,0xb438689f,true
25703082,0xb16558145cb02b2b4cff4abf032d041d2b2a254a7f0eb4b658805cd359ff13c1,0xc6acbee42e9e323140c1ed060c2f6ea9cc3b4b75,0x7c5a71c9fefbc7691f9d4ac7baf70c743792f716,2026-08-07T20:33:52,selfdestruct_context,0xf3fef3a3,false
25703082,0x06aff4be4e3ff16a44fd026fc41939a614fe7c7831a1fbd4b2cbf8f6d95a5056,0xbb0611fde3e968d138eb3e9e386d8103c4730001,0xb6f54caed61c318027c022c47b94baf139a99dab,2026-08-07T20:33:53,large_erc20_asset_flow;complex_trace;high_gas_used_context,0x02d40188,true
25703082,0xef6c24a73f608fe2ef25bcdbc26003dfe20a0db5fe1e75aed9700d329476f05a,0x1c59ac9a11e64b3d78981a658c71fedb562cee86,0xf484725b49dcdfb6c9162ef34cb61ecf1dd0db01,2026-08-07T20:33:53,large_erc20_asset_flow;complex_trace,0x6a761202,true
25703082,0x0b8108535ecace676dfba4fc35c0c66bb014de96a8419403112bd86d49c2d2ff,0xdc77bc261d3e890faa53c8910cd85173d9fb926d,0x5af5194b4b0909eb978e3cf1e25333852277f07d,2026-08-07T20:33:54,large_erc20_asset_flow,0x9aefaff8,true
25703083,0x0ffb80b2bf4189040b28d523041f3cca3af275803d925195eed77d4d423dfb27,0xc6acbee42e9e323140c1ed060c2f6ea9cc3b4b75,0x7c5a71c9fefbc7691f9d4ac7baf70c743792f716,2026-08-07T20:34:01,selfdestruct_context,0xf3fef3a3,false
25703083,0xc0c98bb2f8d614066098a84925e15948e3bb1a97359d18df5ad19ab9060857ca,0x5b43453fce04b92e190f391a83136bfbecedefd1,0xbdb3ba9ffe392549e1f8658dd2630c141fdf47b6,2026-08-07T20:34:01,complex_trace;high_gas_used_context;token_activity_burst,0x000000c3,false
25703083,0xc428d82bc6d34f59f72472eb0515c856671844745fc80a564c77c02f91b4c6c4,0xe99bd1c2dd70cd58e5efd47887991700e7318ce2,0xad3b67bca8935cb510c8d18bd45f0b94f54a968f,2026-08-07T20:34:01,repeated_internal_token_drain;dense_internal_fund_flow;complex_trace;high_gas_used_context;token_activity_burst;approval_burst;repeated_risky_internal_calls,0x146ee74d,true
25703083,0x35b274ff3c36d2311380095f113375c85d0f5d3bb10d6a58849e14bf32c956f2,0x0e0052a184fd59c6b7e1e99d739802ecb3aec0e4,0xd82461784eb72d4b67cbab077989eb215315e272,2026-08-07T20:34:03,complex_trace;high_gas_used_context;token_activity_burst;approval_burst,0xac9650d8,false
25703083,0x6a09c3592de8c54bda954cb5123a4ef3541b4366e17fdf10c585f44a6c475393,0x27ee6fb6901f561480a0a04cdbd6456345c24d35,0x3d90f66b534dd8482b181e24655a9e8265316be9,2026-08-07T20:34:04,dense_internal_fund_flow;complex_trace,0x47ee97ff,true
25703083,0x7acc74cc86ed85478f4c182daf1ff762f2d1f608ae39fcea8fcb52ff35d1d622,0x80d04079ffc53eb14edbeeb37279d126f45552df,0x1014ccdf986ebd95360603df5a16e6216f3336f4,2026-08-07T20:34:05,repeated_internal_token_drain;dense_internal_fund_flow;complex_trace;token_activity_burst;repeated_risky_internal_calls,0x8aaa8f3b,true
25703083,0xd8d8fa5b1bf2124839a771d3db9daf313d10b204fa79cfe30ea74b9c3a9db0c9,0x2cca6b59b62d1897fd98d191b5280dc06c202c35,0x3335733c454805df6a77f825f266e136fb4a3333,2026-08-07T20:34:05,large_erc20_asset_flow;complex_trace,0xe1fcde8e,true
25703084,0x33c3afd1a026482cf8ca3f58cacda6f9fa23e33bd49ce09f82a7c7b43cc11b65,0xc6acbee42e9e323140c1ed060c2f6ea9cc3b4b75,0x7c5a71c9fefbc7691f9d4ac7baf70c743792f716,2026-08-07T20:34:15,selfdestruct_context,0xf3fef3a3,false
25703084,0xb01322319b7ac7c67b292bbd73f52f67b93f2d8f49eb2b6dabee4621fdad79d6,0xa23132117e2426a3afe50b481a6bd06d6f4f2fb4,0x9008d19f58aabd9ed0d60971565aa8510560ab41,2026-08-07T20:34:15,large_erc20_asset_flow;complex_trace,0x13d79a0b,true
25703084,0xa22ba38c73c76242e4ab6c766c2395ff2c84de2be32bedaefc4c33ff00ca0bcc,0x4337019d937ebcbd73dd750072d86c1ce664b350,0x0000000071727de22e5e9d8baf0edac6f37da032,2026-08-07T20:34:16,large_erc20_asset_flow,0x765e827f,true
25703084,0x708f08ac2c138d62af9347f7c6dbd068c0a740dbb982bd7ff76dd3fe99384c1c,0x9919820b06b75c14e2a205089485621dc9b0fefc,0x28b1dc1a5e3699a428bc51d234dfab7c9cb2a183,2026-08-07T20:34:17,complex_trace;high_gas_used_context;token_activity_burst,0x0c307f76,true
25703084,0x0f058dff0228899c6bcb2a22b427120a12e81a24099abbf0928f864139499912,0xde992badd92adaf9146255e9bde6a70770973664,0x3d0f22bf11636cc9cb129e2b261eed35a487455c,2026-08-07T20:34:18,complex_trace;high_gas_used_context,0xa9059cbb,false
25703084,0x9cd58280f5853a3dc16967641dcd48a6f77d1ce16325a0b42584ad72e9a9b0e4,0xde992badd92adaf9146255e9bde6a70770973664,0x3d0f22bf11636cc9cb129e2b261eed35a487455c,2026-08-07T20:34:18,complex_trace;high_gas_used_context,0xa9059cbb,false
25703084,0xe1763640631ad2d711920691df482b74d7f69662f50663b3449c1d3e55516c30,0x59aab1bd0d26290274398c07b55955c15425e16b,0x00fe78205f5f0e63b8ad2b2ae5337f538a610e04,2026-08-07T20:34:18,repeated_internal_token_drain;dense_internal_fund_flow;complex_trace;high_gas_used_context;token_activity_burst;repeated_risky_internal_calls,0x34fcd5be,true
25703085,0x1fdc031fc7521b25b53b322706509beab89862074e62147f034fdafb2f9bd59c,0x1be45fef92c4e2538fecd150757ed62b7b3757d7,0x6566194141eefa99af43bb5aa71460ca2dc90245,2026-08-07T20:34:30,large_erc20_asset_flow;large_mint_to_sender,0x374f435d,true
25703085,0x41d92a827897363e44de8303225422a36c8c963f454854c22abbe41bc27fe9c6,0xdb80e46a39e939b5da0fe96cf3608b8d418cda91,0x25ed72c3f671b626810a6db597dcfd50f215a423,2026-08-07T20:34:30,complex_trace;token_activity_burst,0xf1c95699,false
25703085,0xe23cc434e2cc6ff3b549fa3de416631193728f2bea17ea1a0c6dbd2a710399ff,0xbad000006db10503589262b55d09bb7b3c5e1472,0xbbbbb048b1a85ca221058c45525095b6a68bbbbb,2026-08-07T20:34:30,repeated_internal_token_drain;dense_internal_fund_flow;very_complex_trace;high_gas_used_context;token_activity_burst;repeated_risky_internal_calls,0xa9059cbb,true
25703086,0x62c50467ef1cff802a114c1755e834e87f6932eec0e623ad16cbc3eb04663ff3,0x7b49bc3ebbdf7322f31c6449320382bbec3be1b6,0xad3b67bca8935cb510c8d18bd45f0b94f54a968f,2026-08-07T20:34:35,complex_trace;high_gas_used_context;token_activity_burst;approval_burst,0x146ee74d,false
25703086,0xdb7af6c2526ac56e361f61d5986535a6ae69c036e459ba55294040e5a123eab6,0xe99bd1c2dd70cd58e5efd47887991700e7318ce2,0xad3b67bca8935cb510c8d18bd45f0b94f54a968f,2026-08-07T20:34:35,large_erc20_asset_flow;complex_trace;approval_burst,0x146ee74d,true
25703086,0x1de202a49c1fe2ec4649e385d828609b8eb0080fd25b91e0a79ad3775b985cd8,0xde992badd92adaf9146255e9bde6a70770973664,0x3d0f22bf11636cc9cb129e2b261eed35a487455c,2026-08-07T20:34:37,complex_trace;high_gas_used_context,0xa9059cbb,false
25703087,0x12aab6c3302e6190e801eaf019bcd99f242581884ff86f324bd0265b2f479106,0x94e295e9060544ad71097073bd7d85f86d724486,0xd90e2f925da726b50c4ed8d0fb90ad053324f31b,2026-08-07T20:34:45,dense_internal_fund_flow,0x13d98d13,true
25703087,0x179dc698743fc805f87cc6c58cd7afe67b0a8c06ab4e40c0ff7b8b0e66624b3b,0x5dfdc0fbf4e462e47b09adda550d5b25cc2d8147,0x6131b5fae19ea4f9d964eac0408e4408b66337b5,2026-08-07T20:34:45,dense_internal_fund_flow;complex_trace,0xe21fd0e9,true
25703087,0x2a2a148039bbc67dc5f2ce23a9d4bfc2fa8f9504c1394d79e34ce9c902e01142,0xdf8adfe10d4a4d9f0fc4d3e377a6e8d5730eb40c,0x06cff7088619c7178f5e14f0b119458d08d2f5ef,2026-08-07T20:34:45,large_erc20_asset_flow;complex_trace,0x99999999,true
25703087,0xdf4ef2ed137497a9dd251ea22a92aad056620a35b548838852bac7789b7c43d9,0x380075bda2e2ac9b3106d00ae2763cdfed5e5248,0x59da89baee7c773f991731fca0a8bba58d511c05,2026-08-07T20:34:45,large_erc20_asset_flow;complex_trace;high_gas_used_context;token_activity_burst,0xfd3ad6d4,true
25703087,0x0ebd0a8d6372a9e3f6482998c90d3498822c0bfcf47011df765ff66c287afd08,0x1584a8ee67789d1fe161065388657ad2f2a3c7dd,0x77eb52e44db06777bce478159f25c0d55a295314,2026-08-07T20:34:47,repeated_internal_token_drain;dense_internal_fund_flow;complex_trace;token_activity_burst;repeated_risky_internal_calls,0xa9059cbb,true
25703087,0x3a9a5ea026da096965d34bfd18c8d3db2ffb99f721dda417917a0226d850088b,0x062ce42cae04c51d04e77e3d64cc8953a2296ffe,0x8a25a24ede9482c4fc0738f99611be58f1c839ab,2026-08-07T20:34:47,large_erc20_asset_flow;complex_trace,0x6a761202,true
25703087,0xe3af3b7c3765a91454d38dbf3a0c711399d84d1161da5f4501d4d20342780e1e,0xbad000006db10503589262b55d09bb7b3c5e1472,0xbbbbb048b1a85ca221058c45525095b6a68bbbbb,2026-08-07T20:34:47,complex_trace;high_gas_used_context;token_activity_burst,0xa9059cbb,false
25703087,0xe5bbd9d772c00648cb4a4d9ce79c29e0a3e9733253c265e54e66a38b041daf58,0xe836ef5abbcde8c2a22c299f639cc9480aa52219,0xd226997439ecfbeff8e110c8c78c8a7eefd19f89,2026-08-07T20:34:47,large_erc20_asset_flow;complex_trace,0x99999999,true
25703087,0xea61c14cb4bf633b0923317a76cf51b74d801345e19e5bb065df9b06c3ce3f34,0x5c0e5484de4cc5d531b8b127e834b92a5c86b0cd,0xee030ec6f4307411607e55acd08e628ae6655b86,2026-08-07T20:34:47,dense_internal_fund_flow;complex_trace,0x6e1537da,true
25703087,0x66da592ad765b7ab1958035c38ad9c7b625c5cc0754f998f22c658212cc0463e,0x3cfdc212769c890907bce93d3d8c2c53de6a7a89,0x0000000071727de22e5e9d8baf0edac6f37da032,2026-08-07T20:34:48,privileged_execution_context;complex_trace,0x765e827f,false
25703087,0xf0e576c8f0d2584a4b9a7715bddaaf1557507386cdf2b2f6d5fa9d51dbef6fff,0x7830c87c02e56aff27fa8ab1241711331fa86f43,0xa9d1e08c7793af67e9d92fe308d5697fb81d3e43,2026-08-07T20:34:48,dense_internal_fund_flow,0x1a1da075,true
25703088,0x9a68cd18b8b7da72e5b90a90ed1a0a7f74413d87fbf5a490983acba9db37f39a,0xe99bd1c2dd70cd58e5efd47887991700e7318ce2,0xad3b67bca8935cb510c8d18bd45f0b94f54a968f,2026-08-07T20:34:54,repeated_internal_token_drain;dense_internal_fund_flow;complex_trace;high_gas_used_context;token_activity_burst;approval_burst;repeated_risky_internal_calls,0x146ee74d,true
25703088,0x72ce00b8f07b91216088be7872a7288c66b0bb42d4765f842771cd6632d1c793,0x59aab1bd0d26290274398c07b55955c15425e16b,0x00fe78205f5f0e63b8ad2b2ae5337f538a610e04,2026-08-07T20:34:55,complex_trace;high_gas_used_context;token_activity_burst,0x34fcd5be,false
25703088,0x99e8740b20942254ec781848c66164ca262314925a94320eed2101c1285875c5,0x9642b23ed1e01df1092b92641051881a322f5d4e,0xfaf17849fb05a11a4e233f221bac99ca43fc83f8,2026-08-07T20:34:55,large_erc20_asset_flow,0x6b13fcb1,true
25703089,0xc21e4a0a0c68554f834268f3b00072bf3842b4a44acbe7dd6ff23d318d6236dc,0x9919820b06b75c14e2a205089485621dc9b0fefc,0x28b1dc1a5e3699a428bc51d234dfab7c9cb2a183,2026-08-07T20:35:02,dense_internal_fund_flow;complex_trace;high_gas_used_context,0x0c307f76,true
25703090,0x45a5cbfc9b46f4b1bbf7744150c55e06e36b150653a7623776caac107491b378,0xced372d2dc756fdedf12b8b6bf4efa794af917a7,0x1921e0ff550c09066edd4df05d304151c45e77de,2026-08-07T20:35:07,large_erc20_asset_flow;complex_trace,0x13d79a0b,true
25703090,0x52fdc87906d3b17c6998f45414f2dced9536d10d54b84e09ee6a365686051d82,0x5b43453fce04b92e190f391a83136bfbecedefd1,0xbdb3ba9ffe392549e1f8658dd2630c141fdf47b6,2026-08-07T20:35:07,complex_trace;token_activity_burst,0x000000c3,false
25703090,0x7e41f43a1600e3970fa39223caf70c0735a198a3acc250bf88a8809f083f5ea2,0x1584a8ee67789d1fe161065388657ad2f2a3c7dd,0x77eb52e44db06777bce478159f25c0d55a295314,2026-08-07T20:35:09,repeated_internal_token_drain;dense_internal_fund_flow;complex_trace;high_gas_used_context;token_activity_burst;repeated_risky_internal_calls,0xa9059cbb,true
25703091,0x3ef5e4586ef4ebdc0fca56d372148d38ed5b0c77212901c41b0135902dfb2d98,0xc6acbee42e9e323140c1ed060c2f6ea9cc3b4b75,0x7c5a71c9fefbc7691f9d4ac7baf70c743792f716,2026-08-07T20:35:20,selfdestruct_context,0xf3fef3a3,false
25703091,0xbc603c43e9a477b94d5867015f0de12ebd34f00fe3113970586416a05aea2842,0x80894331fe8c82991cb3ee17e6ff9c030a78ff4f,0xcb0546e357531b5f1420a3fd845b1ec25b8ac2cf,2026-08-07T20:35:20,complex_trace;high_gas_used_context,0x4c3bd94d,false
25703091,0xe67b8b1a217c06ca73e4e022f320a25fd5343718813570b6026fdbc4562cddbf,0x28158c015cccc30ffcfd8536cc81cf7e3d87d655,0xb300000b72deaeb607a12d5f54773d1c19c7028d,2026-08-07T20:35:20,large_erc20_asset_flow;complex_trace;high_gas_used_context;token_activity_burst,0x810c705b,true
25703092,0x035426e75cb6cfda98a37adc66a8b695ccc08d41a4ef4d029aa2e9781c7f26bd,0x94e295e9060544ad71097073bd7d85f86d724486,0xd90e2f925da726b50c4ed8d0fb90ad053324f31b,2026-08-07T20:35:27,dense_internal_fund_flow,0x13d98d13,true
25703092,0x6805edb281ae9372583085d06e446f39e8d0fbe3ca46919ae1f67dc560ef5726,0x3d695689c81b60c810bc5e3b6121faac878da6aa,0xb300000b72deaeb607a12d5f54773d1c19c7028d,2026-08-07T20:35:28,large_erc20_profit_to_sender;large_erc20_asset_flow;complex_trace;token_activity_burst,0x810c705b,true
25703092,0x2fd8958e1b15bc1f26354b6a879f12e4a5d89b0ec5009ba05d3bcae9cd259a10,0xc6acbee42e9e323140c1ed060c2f6ea9cc3b4b75,0x7c5a71c9fefbc7691f9d4ac7baf70c743792f716,2026-08-07T20:35:29,selfdestruct_context,0xf3fef3a3,false
25703092,0x56781286c30c5792f2c408f853d9530f5d685f992d1ee1b2f13f52d97545d7b7,0xa154b98e53fc35e1bad1ff758acbc8c629bdcd2b,0x19917386eeae67b6ff7ddf07de4019fca40aa4ec,2026-08-07T20:35:29,repeated_internal_token_drain;dense_internal_fund_flow;complex_trace;high_gas_used_context;token_activity_burst;repeated_risky_internal_calls,0xa9059cbb,true
25703092,0x9edba3746b97f3092f6a66eeaa5dc776accf6add2632768ba16ca99aac095581,0x22face80f43b857141e9752c3bae8c3309fcdd0f,0xa1368d53a26b6f7aacf97575a94b286527f6cf6d,2026-08-07T20:35:29,selfdestruct_context,0xf3fef3a3,false
25703092,0x6007d36364d03b0890f8a3548486a8fc44e5e09a0e2ff90cbd4f127248bedc20,0xb858c762806da1ee210afc7e79383af155529edd,0x7a250d5630b4cf539739df2c5dacb4c659f2488d,2026-08-07T20:35:30,dense_internal_fund_flow,0x02751cec,true
25703093,0x16bcc7794bf83a5897e70e8ae2a438e8ceafa0d47e807535ff2164bb20d3ba62,0x2b3fed49557bd88f78b898684f82fbb355305dbb,0x09c30cdcdd971423cb3ba757a47d56c35d06d818,2026-08-07T20:35:36,dense_internal_fund_flow,0x318adb8b,true
25703093,0x9a07765ef0d2d571bbe7d4e01d256ad1fe0fecb831e2f59d1323164ae1b8a9eb,0x1584a8ee67789d1fe161065388657ad2f2a3c7dd,0x77eb52e44db06777bce478159f25c0d55a295314,2026-08-07T20:35:36,repeated_internal_token_drain;dense_internal_fund_flow;complex_trace;high_gas_used_context;token_activity_burst;repeated_risky_internal_calls,0xa9059cbb,true
25703093,0xb1497c2414951f07d747baccb16c3de0dcd8e3a85924f8ce8c42462ba62a4fcd,0xc6acbee42e9e323140c1ed060c2f6ea9cc3b4b75,0x7c5a71c9fefbc7691f9d4ac7baf70c743792f716,2026-08-07T20:35:36,selfdestruct_context,0xf3fef3a3,false
25703093,0xc162bb3671eee53e1d62b3bd1c9a701da78b7f5e5ea16d5631d362abf3f637b1,0x7830c87c02e56aff27fa8ab1241711331fa86f43,0xa9d1e08c7793af67e9d92fe308d5697fb81d3e43,2026-08-07T20:35:36,large_erc20_asset_flow;token_activity_burst,0xca350aa6,true
25703093,0xeb7e80c4108546839bbab1940c4499534a039d8910ae7c9d612dd5136e40fcb5,0x5b43453fce04b92e190f391a83136bfbecedefd1,0xbdb3ba9ffe392549e1f8658dd2630c141fdf47b6,2026-08-07T20:35:36,dense_internal_fund_flow;complex_trace;high_gas_used_context;token_activity_burst,0x000000c3,true
25703093,0x09a7e995b5f454ab87c11ba8e2f828e7c41441b25c2f1fd88076a03a4ad20392,0xcbe6fbf5e3c427013688e04d0fde56705890c4be,0xfaae2946e846133af314d1df13684c89fa7d83dd,2026-08-07T20:35:37,complex_trace;high_gas_used_context,0x538f9406,false
25703093,0x137c14ce4bd6b4ba39e1a415e096f4bb645dfc3ec085fe0dea7fdac0c2e3ec3d,0x8b5606469e21c75edd7c74d1c7a65824675d9aff,0x9ccc2f3ecde026230e11a5c8799ac7524f2bb294,2026-08-07T20:35:37,dense_internal_fund_flow;complex_trace,0x1bc74526,true
25703095,0x0b65ed7f37d0cdfd76ede6279763c61045d9e62c0f3d71aef96cb8eee2064d8e,0x5b258a01a442e4f982c6fd0d50d4b9a75b63a736,0x000000000022d473030f116ddee9f6b43ac78ba3,2026-08-07T20:35:47,large_erc20_asset_flow,0x0d58b1db,true
25703095,0x33e11b2f9ddac68d3f5099ccdba69f080862d6ef6186fe121c6a44e9464dcb21,0x0cabab9e55b49f1754d5c8b0a92219939d8e5e3f,0x6b3bfc39d711b95ccb68104ad65e1fffbda5c50d,2026-08-07T20:35:47,large_erc20_asset_flow;complex_trace,0x8c56c940,true
25703095,0x99ce3239fb5ca5e0ae74329ac3f37cd54314990a7e61d313497f84724bada2ea,0x59aab1bd0d26290274398c07b55955c15425e16b,0x00fe78205f5f0e63b8ad2b2ae5337f538a610e04,2026-08-07T20:35:47,high_gas_used_context;token_activity_burst,0x34fcd5be,false
25703096,0x46f02549234e576d280f12835a26d61890ae4f3d99615f9da79a16e70912f7e5,0xd8fd3b2b38acee89807ba269bd52b764c91d4597,0x93c30e6e09f698cfea99b09b5166ed90cfaedd17,2026-08-07T20:35:59,large_erc20_asset_flow,0x0fe20a3f,true
25703096,0x8a2622495e3b11478347105b8cb51bda32707f9a08965268d1be1972b5174548,0xdee657bf65fb0da9e75c9c5c78a6881888b5a641,0x93c30e6e09f698cfea99b09b5166ed90cfaedd17,2026-08-07T20:35:59,large_erc20_asset_flow,0x0fe20a3f,true
25703096,0x8d8d5202bfc6409e2bf443bf9dfbb3e7155ca92b651ec63327e540d841477ec1,0x3aa524d8bb47edb0833446e8f3886eb662607286,0x93c30e6e09f698cfea99b09b5166ed90cfaedd17,2026-08-07T20:35:59,dense_internal_fund_flow,0x0fe20a3f,true
25703096,0xe0b8b56177b4b33e813430fd9f2bd201b3eac5b13a85685e87e014c9552abafa,0xbc60577bd7e2119d7750b353a84682d780087272,0x93c30e6e09f698cfea99b09b5166ed90cfaedd17,2026-08-07T20:35:59,large_erc20_asset_flow,0x0fe20a3f,true
25703096,0xe664be88cae50187d88a636e1160d3ac2cadb3dd3ae8b87b82cf9231bd43c4e2,0xc14c987f9922e9457a2d9c04f72daeafd4080a61,0x93c30e6e09f698cfea99b09b5166ed90cfaedd17,2026-08-07T20:35:59,large_erc20_asset_flow,0x0fe20a3f,true
25703096,0x470fbe0c5e038a808d4057033ab8788c7cd6e76903dcc6f4a9da702198fb252d,0xa8a8e0a08e55bc28e89c7be36b9bb0e5d82c029b,0x4c82d1fbfe28c977cbb58d8c7ff8fcf9f70a2cca,2026-08-07T20:36:00,dense_internal_fund_flow,0x3593564c,true
25703096,0x60668b4ece52de5e67172dc1b49415f41ad203fb03214907097a1b1f930c39fa,0x93793bd1f3e35a0efd098c30e486a860a0ef7551,0xbdb3ba9ffe392549e1f8658dd2630c141fdf47b6,2026-08-07T20:36:00,large_erc20_asset_flow,0x00000069,true
25703096,0x6c61e32cd760446101568aacf50cde3af9454b50e743752640c7316ad5a90e72,0xd059075bf71107c56522b60354feb51edd1654bf,0x6131b5fae19ea4f9d964eac0408e4408b66337b5,2026-08-07T20:36:01,complex_trace;high_gas_used_context,0xe21fd0e9,true
25703096,0xae1b330bb095d6a5f62c6e92a3df230bd73cacf8ad30ce1383198ec849013655,0x9b0752e163346da3baf90a3489de79e92c769ff2,0x950fd558f47e234a2fde23b7d61f7ccdbcb4a86f,2026-08-07T20:36:01,large_erc20_asset_flow;complex_trace;token_activity_burst,0xdd225095,true
25703096,0xae63932609afebb6ad3588ac23cf6924438459ff7d4847aa5f3f33ead52f4fbc,0x70e59f9c304e4d5096bd408b571e2dcd99c3120b,0xad3b67bca8935cb510c8d18bd45f0b94f54a968f,2026-08-07T20:36:01,complex_trace;high_gas_used_context;token_activity_burst;approval_burst,0x146ee74d,false
25703096,0x49e9418957a1eaeb1005db4aaaecf8ecf65511e9ad3c6156acec283af8198364,0x77f964e7ffbe3bcb8d4141ae42b7943c478eb754,0x1231deb6f5749ef6ce6943a275a1d3e7486f4eae,2026-08-07T20:36:02,complex_trace;token_activity_burst,0x80c65808,true
25703096,0x5556b3d230ec720ca6713299a63e63bb8dfaec7d98869b17877ec6165351052f,0x5f9acf4e85aa7283e0c16dd94cbc942f9d625151,0xf7c04d03efdc876cc8cb59f0ad58290388edd004,2026-08-07T20:36:02,selfdestruct_context,0xf3fef3a3,false
25703096,0xca8e76bffeb63638ea79ce803fef35894c31b05a84adf6843a4d5bf0b44acecc,0xcbe6fbf5e3c427013688e04d0fde56705890c4be,0xfaae2946e846133af314d1df13684c89fa7d83dd,2026-08-07T20:36:03,complex_trace;high_gas_used_context,0x538f9406,false
25703096,0x10453182a4eb9a4590b1b477caa8221c2358350495b9e7082630604445abb358,0x1cc88d32baf8833617e9c359cf6004ce36d8b755,0x87870bca3f3fd6335c3f4ce8392d69350b4fa4e2,2026-08-07T20:36:05,large_erc20_asset_flow;complex_trace,0x02c205f0,true
25703096,0x63372b85795485a84749273041a2f8654f1730dc36b07148203296a37ef79137,0xdb57fdf5fd24a9d0e1ea94552eb2c7bdcb28fa27,0x6131b5fae19ea4f9d964eac0408e4408b66337b5,2026-08-07T20:36:05,large_erc20_asset_flow;complex_trace,0xe21fd0e9,true
25703096,0x0a14486a49c875c0b896b50300b18f76f332584987c4dc3d2fd3d85d6aa1335b,0xde992badd92adaf9146255e9bde6a70770973664,0x3d0f22bf11636cc9cb129e2b261eed35a487455c,2026-08-07T20:36:06,complex_trace;high_gas_used_context,0xa9059cbb,false
25703097,0x5946ac2e0e20fb6a0be45ef55946f3895eb2394e9807980ee3a79ab99075000b,0x515cc41a9b9a0e040082d027b72230ecdf0b41a1,0x0000000000001ff3684f28c67538d4d072c22734,2026-08-07T20:36:09,large_erc20_profit_to_sender;large_erc20_asset_flow;complex_trace,0x2213bc0b,true
25703098,0x36677744acd9a060300e018e031a1d5c4598cf614dabafb374eda055f197bb01,0x8357efa84f91013bd6b285ef0f6b93c211cc3d9d,0xbdb3ba9ffe392549e1f8658dd2630c141fdf47b6,2026-08-07T20:36:09,dense_internal_fund_flow;large_erc20_asset_flow;complex_trace,0x000000cc,true
25703098,0x7ac6aab02b43db4ba72f8e2d2f48a9309ef694c5edb0b700ccb8525c7bb16f85,0x22b0351d445840db59b97df3808dd642dcb17e96,0xbdb3ba9ffe392549e1f8658dd2630c141fdf47b6,2026-08-07T20:36:10,large_erc20_asset_flow,0x00000069,true
25703099,0x5ee0cb58560cd960fed71cf4e55530cdff78fa4cbc068e7f04f7ce9dbef7f6ac,0x9dd15b92a47dd4df58d31ada9e68388b7c0daede,0x3361a24e768deed1a5833dab3fe52542355b3794,2026-08-07T20:36:18,large_erc20_asset_flow;complex_trace,0x0ab35bb0,true
25703099,0xa58637b743d8fb2f7679e50e016902d4ff8b8cb3a42d8d2aa577db438f985322,0x5b43453fce04b92e190f391a83136bfbecedefd1,0xbdb3ba9ffe392549e1f8658dd2630c141fdf47b6,2026-08-07T20:36:18,repeated_internal_token_drain;dense_internal_fund_flow;very_complex_trace;high_gas_used_context;token_activity_burst;repeated_risky_internal_calls,0x000000c3,true
25703099,0xb0d2f2cc2e6381d414e48dc44d12f029b74a7bdf5d1bf4e5428dd6fd7a9c4036,0x5b43453fce04b92e190f391a83136bfbecedefd1,0xbdb3ba9ffe392549e1f8658dd2630c141fdf47b6,2026-08-07T20:36:18,dense_internal_fund_flow;large_erc20_asset_flow,0x000000cc,true
25703099,0x55359bff53bb43549190f99e8a198c49142ed21b6f9abaece8d06532da2f6fd4,0xa9721c9c85172ffeda5afbc8f23830b3482d9cf6,0x2621b38e2b764ede29afa54db0df598068cd410c,2026-08-07T20:36:19,large_erc20_asset_flow,0x0ab35bb0,true
25703099,0xede5e3369b324548c5ff47f0143c7e8efb40fa414c36ac3db184dbe8317d8df9,0x94e295e9060544ad71097073bd7d85f86d724486,0xd90e2f925da726b50c4ed8d0fb90ad053324f31b,2026-08-07T20:36:19,dense_internal_fund_flow,0x13d98d13,true
25703099,0xff469e90fc14fcc1438cb226eef84a9dd70df9fc3be3b734e88e92375112db56,0x64b870e5e1fecd557d4c2cd7896ee7f5a668e5b0,0x00000688768803bbd44095770895ad27ad6b0d95,2026-08-07T20:36:19,large_erc20_asset_flow;complex_trace;token_activity_burst,0xf497df75,true
25703099,0x0658d123a2443983fcecc7ebf968218861072c65eaf13db726ebf41f636249c4,0xd41888a58c6fc70db4c49d379a6d223b54f5c9b1,0x950fd558f47e234a2fde23b7d61f7ccdbcb4a86f,2026-08-07T20:36:20,dense_internal_fund_flow;complex_trace,0xdd225095,true
25703099,0x14302e7ebc0adaf6dc5f93cb0d8bd0988905d2d3d1205538080822b0703f010f,0x8dca3b3c501c09c69033089938be3a1ed50741bd,0x950fd558f47e234a2fde23b7d61f7ccdbcb4a86f,2026-08-07T20:36:20,dense_internal_fund_flow;complex_trace,0xdd225095,true
25703099,0x2bbc95ceb576b9447f5dc9af959bb0cb986898285a86038bf54d93809b933c46,0x73e088647f8ccd889ea853108bb3b56ce0dd3626,0x950fd558f47e234a2fde23b7d61f7ccdbcb4a86f,2026-08-07T20:36:20,dense_internal_fund_flow;complex_trace,0xdd225095,true
25703099,0x55cdbb257bc663a22ade7d15f199f084f076a4013fda2d5be92a6fdd412f0993,0xf497c070587dd0195f10bd650ce20aa28c35e325,0x4a7cf9b258f1ee9643ad5fd2aa3b3c71fb1c9e79,2026-08-07T20:36:20,dense_internal_fund_flow;complex_trace;high_gas_used_context;token_activity_burst;approval_burst,0x601881f3,true
25703099,0x65dbc5a6b21c7ec7295778db0d9a896fd35347e7846d5d239cf9d371775ee6a3,0xd219728d010913886a3023a8f39f59c610b500d4,0x950fd558f47e234a2fde23b7d61f7ccdbcb4a86f,2026-08-07T20:36:20,dense_internal_fund_flow;complex_trace,0xdd225095,true
25703099,0xcb993eb7c55f6e64b05be011ef20327fa7f154dbfc3b761eff77e5d2d75c0f59,0x62836693e9ae631c4bd3cb5c70837e697a0e8d92,0x6ba377b662febdff206e0c625c72771915fe0c5c,2026-08-07T20:36:20,dense_internal_fund_flow;complex_trace;high_gas_used_context;token_activity_burst;approval_burst,0x601881f3,true
25703099,0xe331b3bd3da45c5f6265a9681a8fef1e7b24cc3edc267b243381f0ca2ad19ce4,0xa66ffc655c7370aaa80d684845f036219a5343bf,0x950fd558f47e234a2fde23b7d61f7ccdbcb4a86f,2026-08-07T20:36:20,dense_internal_fund_flow;complex_trace,0xdd225095,true
25703099,0xeb3c91e2a84059d26451d85be4380b0d86aa11250370651b8be979daaa7b71fd,0x09df642e9001c2020bac1c9f5e0b15ff44b8e86b,0x950fd558f47e234a2fde23b7d61f7ccdbcb4a86f,2026-08-07T20:36:20,dense_internal_fund_flow;complex_trace,0xdd225095,true
25703100,0x257d3ae509be0a386d4d73609daee478c2cecf9eacf32787dc4af279fb687332,0x9079291009eca1e8f3bd3604402a588803237f95,0xa2233dbf022f6ee1026976691d0c4fc23937d2d2,2026-08-07T20:36:23,large_erc20_asset_flow;complex_trace;selfdestruct_context,0x28472417,true
25703100,0x4adf2bb73c1c34d2a1af204c4ebc009afae889ea43a2872783de47864bd99259,0x571b01c14d4b5ebb9cef01c9d41b6a2fc930c0f8,0x0a8accba63f42e743a31f33c44b87be0c83fe230,2026-08-07T20:36:23,dense_internal_fund_flow;complex_trace;high_gas_used_context,0x99000000,true
25703100,0xd2c9825d9f950ea97c30c40c36070162072239d23634a29eb0dfe48d33d65e42,0xbbde9f0c24b6f59d7e828bb4e129992be0cdc237,0xbdb3ba9ffe392549e1f8658dd2630c141fdf47b6,2026-08-07T20:36:23,dense_internal_fund_flow;large_erc20_asset_flow,0x000000cc,true
25703101,0x2f0de5b33c92dd2287530396cd967671f6a6d345b3a8851e0886b674ddc06f3b,0x121bfab341308e000000613672a01459992a33f9,0x0a8accba63f42e743a31f33c44b87be0c83fe230,2026-08-07T20:36:28,dense_internal_fund_flow;complex_trace;token_activity_burst,0x99000000,true
25703101,0x7286547c5805b7a63c52afcc6c1d13f7264c65b0380bbe5a03c0ecd7565ca4f2,0x28b9289979b789bfae9d19f703938f1478d6e0ff,0x3980daa7eaad0b7e0c53cfc5c2760037270da54d,2026-08-07T20:36:28,dense_internal_fund_flow;complex_trace,0x13d79a0b,true
25703101,0x87a91fcf62b5e54b121e8b3a0af1a4ed91bf03ceba00ff42caf21f1c88449fc8,0x9ec9495f474a6cce80c488f95679589b30220422,0x50a3545d7b33e38e7d5ca54e999cd8b53e8b9441,2026-08-07T20:36:28,large_erc20_asset_flow;complex_trace;high_gas_used_context,0x03890389,true
25703101,0x1f10e7431082e1f7f74aedc1d9b4c420b245418eb94562ce96cfbc1c7da481a4,0x7556699aa8e6a7c9c69bcfaf9debd05f8192b063,0x84cab37995229530d9e6e5cff2f8f4ebe4517d66,2026-08-07T20:36:29,dense_internal_fund_flow;complex_trace;high_gas_used_context;token_activity_burst,0xe587456a,true
25703101,0x211991b2143ba59424d60275966c3d59f9cae696b5e75d13119328ec4f728294,0x4509a5f3087f7ed42286091d384972082e80f365,0x3d90f66b534dd8482b181e24655a9e8265316be9,2026-08-07T20:36:29,dense_internal_fund_flow;complex_trace,0x47ee97ff,true
25703101,0x23cea82041867624debc13baf0922e04c455be819888fbba99844b6dabcf50a2,0xfc9928f6590d853752824b0b403a6ae36785e535,0xe2536231fc1512babc8c856ad7499830a936bdd9,2026-08-07T20:36:29,complex_trace;token_activity_burst,0x03fb13d5,false
25703101,0x35fdd4d2e5b8c3f273c104f199ca71d999ecb1fab35784ebae09fdc152f24c01,0xdf0064ff4b7e2a297907518ef2758c49dfd4ccd5,0x3d90f66b534dd8482b181e24655a9e8265316be9,2026-08-07T20:36:29,complex_trace;high_gas_used_context;token_activity_burst,0x47ee97ff,true
25703101,0x68b8fd969db4edec90fa43d1886d510f042c08c5160c552b4b1213cc0b7acc68,0xb7b7eb7e9611975bc9715f22ce7e6ee288296fd4,0x87870bca3f3fd6335c3f4ce8392d69350b4fa4e2,2026-08-07T20:36:29,large_erc20_asset_flow;complex_trace,0xa415bcad,true
25703101,0xb263dbcda11071ef1b90b2e4f52bc5c27923d441d1b48921bc1ad47a5cad4b95,0x8b5606469e21c75edd7c74d1c7a65824675d9aff,0x9ccc2f3ecde026230e11a5c8799ac7524f2bb294,2026-08-07T20:36:29,dense_internal_fund_flow;complex_trace,0x1bc74526,true
25703101,0x6e4a112f549219301e7aea9ebc0733b944e7847a181d03702813b00a045c4418,0xc6acbee42e9e323140c1ed060c2f6ea9cc3b4b75,0x7c5a71c9fefbc7691f9d4ac7baf70c743792f716,2026-08-07T20:36:30,selfdestruct_context,0xf3fef3a3,false
25703101,0xb78485bb530577a373359be6456ab0df51bdcc1517cc2f78281193602d32ef97,0x97e94ae5a07f015751a9b9959c007c6759b44930,0x9bb0c6aeaac4074cd8794d64684c733ed25aa07c,2026-08-07T20:36:30,complex_trace;high_gas_used_context;token_activity_burst,0xa5e874a1,false
25703102,0x49e8ca9e98af26b9ef903c8334f0e0bedf8817dc2650585b408c35819d840be8,0xbee8115e08c4b0e407c66de214546624bf933504,0xbeef02961503351625926ea9a11ae13b29f5c555,2026-08-07T20:36:40,complex_trace;token_activity_burst,0x64f5e9e7,false
25703102,0xeb4ca373938ce7eb8206959e3581f683a0742fe46256f6ca86b51ae35ac4614f,0xfc9928f6590d853752824b0b403a6ae36785e535,0xe2536231fc1512babc8c856ad7499830a936bdd9,2026-08-07T20:36:40,complex_trace;high_gas_used_context;token_activity_burst,0x03fb13d5,false
25703102,0xedd66bcd45655e4a268d5471223e994158ba1254d085d28476f7e3c72024bb65,0x1a9f2d2a11654282360683aee55a2acad681832d,0x00000688768803bbd44095770895ad27ad6b0d95,2026-08-07T20:36:40,large_erc20_asset_flow;complex_trace,0xf497df75,true
25703102,0x1118824d16f0773c167e181e9e5e801fa7e9ffd4f9139a5d6ebec3dc90d4948f,0x988817e5b4e71c72c1f5a54b4409ca87ffa9bd5d,0x606bff06b798b567aaeed7be2940483e90a5678b,2026-08-07T20:36:41,large_erc20_asset_flow;complex_trace;high_gas_used_context;token_activity_burst;approval_burst,0x601881f3,true
25703102,0x8ed25f61a6b54cc2ddad3e731283a815378b264bc2860c47152c816a9e4d1e99,0x754dcfb2861547015b221e963b4133a71dbdc024,0x3e07be15370d8b12d80a159a7ef14b9e51869497,2026-08-07T20:36:41,complex_trace;high_gas_used_context;token_activity_burst,0x21af54c6,false
25703102,0x23ff3f3849630ed4d056095ad62244aef23ee3a0f4411e414c6bfe3ef6f0760b,0xe5cf3e93944dce1c99db8529a8bbd786fd42c8c8,0x28b1dc1a5e3699a428bc51d234dfab7c9cb2a183,2026-08-07T20:36:42,dense_internal_fund_flow,0x0c307f76,true
25703102,0x49a6c2b69430e774fee8d24fe47ac6eef718f4685c3512034a828d9ac40dd79a,0x062ce42cae04c51d04e77e3d64cc8953a2296ffe,0x8a25a24ede9482c4fc0738f99611be58f1c839ab,2026-08-07T20:36:42,large_erc20_asset_flow;complex_trace,0x6a761202,true
25703102,0x68f1b6dc3cf57a6e73546cffcb9cd106e24adb7147e6a7414aa7b30bb1446145,0x370a7e2d300c14d79d4a7ee07aaca46c4b3012cf,0xb92fe925dc43a0ecde6c8b1a2709c170ec4fff4f,2026-08-07T20:36:42,dense_internal_fund_flow,0xcd6e13f7,true
25703102,0x6c1e6d3713c1db2df1b826b1d8ab74900948b03ee453ff1fd810d5e7d74bb331,0x90a6e43c22005745c15df003b70292b53344dcf6,0xd226997439ecfbeff8e110c8c78c8a7eefd19f89,2026-08-07T20:36:42,large_erc20_asset_flow;complex_trace,0x99999999,true
25703102,0x8369a0dcbbef3715a0015cf17cda91a4ca440a8e182d52244c9d1aec9f4cd4c9,0xfc038715c79ebcf7f9ee5723e466454b21434157,0x9a3ed7007809cfd666999e439076b4ce4120528d,2026-08-07T20:36:42,dense_internal_fund_flow,0xb1dc65a4,true
25703102,0x0e8ccdb45e355c183b86eb151de2ae4d4358a770de216046a53cde238d46be51,0x24fbbcb40ed604233fbc7983c587d5fbbdc19172,0x25ed72c3f671b626810a6db597dcfd50f215a423,2026-08-07T20:36:44,complex_trace;token_activity_burst,0xf1c95699,false
25703102,0x553b54f8d4e87da0a80c94157b3fd9eb619b5d77e65f443345575375e2561400,0x1584a8ee67789d1fe161065388657ad2f2a3c7dd,0x77eb52e44db06777bce478159f25c0d55a295314,2026-08-07T20:36:44,repeated_internal_token_drain;dense_internal_fund_flow;very_complex_trace;high_gas_used_context;token_activity_burst;repeated_risky_internal_calls,0xa9059cbb,true
25703102,0x48f8561e1e5dabc3cdacd91467690af20e57d2f5b3da52d026c675bb80cbf7cd,0xaa208a41fadcd06443466e7b9fcc7a9bd3f35f2d,0x28b1dc1a5e3699a428bc51d234dfab7c9cb2a183,2026-08-07T20:36:45,complex_trace;high_gas_used_context,0xf2c42696,true
25703102,0xa10585de09ba830328a170e2a17c61531b6c437fe4d1fe1b01b49d00958400b4,0x9c4cc9ae584d5a51368cf7c90008602abfb4fb08,0x89163e4cd81619019e22e8a62f0c96d86c89c984,2026-08-07T20:36:45,complex_trace;high_gas_used_context,0x7ae7cfb5,false
25703102,0xc382d466e39a55a05c0bf6cad0254c922f88e64c8b3d7fddf95fa90bd15649bd,0xa0c85ffaff895c0cf5aed1993dc6e3195adf593b,0x9b6eda8460ac664287493038b23f25b03dfbbdb1,2026-08-07T20:36:45,complex_trace;high_gas_used_context,0x469f504f,false
25703102,0xd13b1185880fd48daf15fafb50a7d453866146533fc6786dc8651d005ab666c5,0x49e1bf431e9bbbd8e57afcd21ccac3f30e7d98d3,0x28b1dc1a5e3699a428bc51d234dfab7c9cb2a183,2026-08-07T20:36:45,complex_trace;high_gas_used_context,0xf2c42696,true
25703103,0xa29e18006803a68612d21d0ee5cf6f1fb4a7529cb99d8766fb3fa88b431ac266,0x7830c87c02e56aff27fa8ab1241711331fa86f43,0xa9d1e08c7793af67e9d92fe308d5697fb81d3e43,2026-08-07T20:36:47,large_erc20_asset_flow;token_activity_burst,0xca350aa6,true
25703104,0x0802c076bf2ed15515cf43a4a49f888a5f50a81ebde385cd1775bdc5de4dda5a,0xe75ed6f453c602bd696ce27af11565edc9b46b0d,0x81463b0f960f247f704377661ec81c1fd65b5128,2026-08-07T20:36:55,dense_internal_fund_flow;complex_trace;high_gas_used_context;token_activity_burst,0xc02c1700,true
25703104,0x1e7aec9bb8d943a12015e29d09fd65b5bd8bdc639e695bc456c562a9a36e93e8,0xf974284da64a74c8ff7e1c8ecfa4703cdb89c8e1,0x71d5dcd76fb9ca8fe92b4952f13eaad149a955e0,2026-08-07T20:36:55,dense_internal_fund_flow;complex_trace;high_gas_used_context,0x99000000,true
25703104,0x2048d2e37cfa1a1b84e6483e5cf08164e630462c07191fea13fe2207aedb57e0,0x7f881d3ea884051dfa36dcf68fa879dc83a9fc85,0x00000f91109c4d0007e90000d9facad5298a0cac,2026-08-07T20:36:55,large_erc20_asset_flow;complex_trace;token_activity_burst,0x03f01472,true
25703104,0x25edfa9eba284cc55544dcea2d8ab3f7b3c9b8e6044f800729b56af927b0208e,0xbf5643a8ccd713897bb0a3f294def9c8588b17f8,0xcb31c5a97eca16d0bfdcd1195a59003715769d6a,2026-08-07T20:36:55,complex_trace;high_gas_used_context,0x873f371c,false
25703104,0x698541c18b78ef902e50614466e3854fa740dec5ba2f1da8acbbce261c365b30,0x027328fe9c07255f0b84bcfb0863a79074369679,0x59da89baee7c773f991731fca0a8bba58d511c05,2026-08-07T20:36:55,large_erc20_asset_flow;complex_trace;high_gas_used_context;token_activity_burst,0xfd3ad6d4,true
25703104,0x7b7e32111a362889bedee62c0a60cdb2e1c355aa8d44609109a7487c18944d2a,0x94e295e9060544ad71097073bd7d85f86d724486,0xd90e2f925da726b50c4ed8d0fb90ad053324f31b,2026-08-07T20:36:55,dense_internal_fund_flow,0x13d98d13,true
25703104,0x406f321dd6d7edae6a721280efa869f057e06941b90033a5229b403a99669a49,0x02ba3f9a5c9a8e957e4ac234c848af3b9521f65c,0x950fd558f47e234a2fde23b7d61f7ccdbcb4a86f,2026-08-07T20:36:56,dense_internal_fund_flow;large_erc20_asset_flow;complex_trace,0xdd225095,true
25703104,0xcfeddcce2609233fdb4dbb3138f40b63bcc3218fe7ea306f70c8752a00216fcf,0x9948c19c41d9a284c1d4f4bea3de078e31a439f0,0x6ba377b662febdff206e0c625c72771915fe0c5c,2026-08-07T20:36:56,large_erc20_asset_flow;complex_trace;high_gas_used_context;token_activity_burst;approval_burst,0x601881f3,true
25703104,0xd6ff4d167d1aef5b72c65c08aba050867d873a7348102a0890610f640e42da82,0x080ccea8654fd4ff80b81e46cff2278689d88fb0,0x0000000000001ff3684f28c67538d4d072c22734,2026-08-07T20:36:56,large_erc20_asset_flow;complex_trace,0x2213bc0b,true
25703104,0xf4508d1e3dd1e6f174918afee52690fec64b2fd840bc61aeb0e93a70d74f2cd7,0x091023c38f51b094acc9e6e5a00e82f6fcc88d1b,0x950fd558f47e234a2fde23b7d61f7ccdbcb4a86f,2026-08-07T20:36:56,dense_internal_fund_flow;complex_trace,0xdd225095,true
25703104,0xd543b1426e9118c69c46906443fde27f79a980492e1fb9f2390419965edd0578,0xc785b753b3851867a1f5e3bf471b87a90d315b2e,0x6566194141eefa99af43bb5aa71460ca2dc90245,2026-08-07T20:36:58,large_erc20_asset_flow;complex_trace,0x374f435d,true
25703105,0x17b6dc19313b56ae0e49006293e5d78d6974b4e43d21824fcb20d90e4255dae1,0xb88842d381592429cada3b3475efd61eaff2751d,0xec4fb7e7c35c241e1138a2d8cfbb09f3ad1ccb22,2026-08-07T20:37:10,large_erc20_asset_flow;complex_trace,0x349fc6bf,true
25703105,0x4bd4fd6734dccca5aadac43993c6123b9a9b00b5a1fa80f50ee13904ad60a722,0x5b43453fce04b92e190f391a83136bfbecedefd1,0xbdb3ba9ffe392549e1f8658dd2630c141fdf47b6,2026-08-07T20:37:10,repeated_internal_token_drain;dense_internal_fund_flow;complex_trace;high_gas_used_context;token_activity_burst;repeated_risky_internal_calls,0x000000c3,true
25703105,0x1bbe378c8000979e773d79f5bfc4c1f4c54a3155193b4cfa9d5c7f5a75e0bcd6,0xf07b4d27cae6571857e51ab3fb209f5226de2d88,0x06cff7088619c7178f5e14f0b119458d08d2f5ef,2026-08-07T20:37:11,large_erc20_asset_flow;complex_trace;token_activity_burst,0x99999999,true
25703105,0x76827a32cba8afb81432262f1f31081e315197e96c283fbf65ab4f4eec75c631,0xf974284da64a74c8ff7e1c8ecfa4703cdb89c8e1,0x71d5dcd76fb9ca8fe92b4952f13eaad149a955e0,2026-08-07T20:37:11,complex_trace;high_gas_used_context;token_activity_burst,0x99000000,false
25703105,0xc52b31d614e665e3a1bc3f64b97b763a0fe36f460db955a73a4030021160f7d6,0x7556699aa8e6a7c9c69bcfaf9debd05f8192b063,0x84cab37995229530d9e6e5cff2f8f4ebe4517d66,2026-08-07T20:37:11,complex_trace;high_gas_used_context;token_activity_burst,0xe587456a,false
25703105,0xcaeb6776938fe9f974d95512a0f3ce1efbb6156419e6b3793811e9e34b6e6a8e,0x739212d5bafe6aac8be49a60b7d003bd41dbf38b,0xfb0a3cf9b019bfd8827443d131b235b3e0fc58d2,2026-08-07T20:37:11,large_erc20_asset_flow;complex_trace,0xabaa9916,true
25703105,0x7ca3800e6999a82ea60072eb6bfaa7f32985e10672ba78c6ce8fcbcdea5782dd,0x00351365832397c461114387d8edc4c30238f68e,0xb222da0f9c22ad2addcb0b0d6b150f398e44157a,2026-08-07T20:37:12,complex_trace;high_gas_used_context,0xef4d7b75,false
25703105,0x80d9b228a12149341b30865328691795c1a4b5af719963bc14e83edea78c27e4,0x9dcee0508f3c6f5f11b2da95fe6dfdb517ebd1db,0x97caca78ac2a94c67643d07843f85afaa44a3ea5,2026-08-07T20:37:12,dense_internal_fund_flow;complex_trace,0xc02409ba,true
25703105,0x93ee7117337daaa19c72dc96de0bf093377635679162f7a1d2ed671a15fbd1aa,0x8da3547931fee5f11c8ed8efc5766cb5d1dbdab4,0xdee50018dfddac5d03ebd27cfd7e425bb54e1571,2026-08-07T20:37:12,large_erc20_asset_flow;complex_trace,0x6a761202,true
25703105,0x9c1b462bf5d85f16ac608c8cf3034c6c51ac5c0ecfd6c58404eee0a50c6d2c73,0x1f3961acc0b35ceb9e6051dd77d4e31eff57ef14,0x172b1ac777358148317f6b5a7b1f4df07f1bfdc4,2026-08-07T20:37:12,complex_trace;high_gas_used_context,0x6a761202,false
25703105,0xecb1a0b69e578154cecc1855a9f7576415550bcff0d910a64c53d2fe404b826d,0x26064591aab10090c50d568197afee2509f58715,0x52be2f3cd0237e3ff0a39478c3956dd7135e39e5,2026-08-07T20:37:12,complex_trace;high_gas_used_context,0x123dbafc,false
25703105,0xf871b86c25fe1794232060ba74fecec24eb68b4d87d042727b431d72bd469a73,0x3e00d14c2fc4bada34f57fdadb8e2fb2341eae90,0x1399bb39c241f3b0755a8584205a2f99bdb15bf7,2026-08-07T20:37:12,dense_internal_fund_flow;complex_trace,0xc3e51dcb,true
25703105,0x45b859a3a269e7a9ea12a132e181b040b1867b53303d89ce4e6813ecc365fe5c,0xde992badd92adaf9146255e9bde6a70770973664,0x3d0f22bf11636cc9cb129e2b261eed35a487455c,2026-08-07T20:37:14,complex_trace;high_gas_used_context,0xa9059cbb,false
25703105,0xdaedc8093fdfa6ce63e2daf268f8149d3c4824895ad8851a5f47c72b31f7c2e6,0xf14aa9ed0b6d90b7a49b782f6a9846bea8f0b333,0x9a873656c19efecbfb4f9fab5b7acdeab466a0b0,2026-08-07T20:37:14,large_erc20_asset_flow;complex_trace,0xad58bdd1,true
25703105,0x295de03d9b53e87f9c1d4113c3439908cd4614db8b0ed32f2e9669b632dd111d,0xa154b98e53fc35e1bad1ff758acbc8c629bdcd2b,0x19917386eeae67b6ff7ddf07de4019fca40aa4ec,2026-08-07T20:37:16,repeated_internal_token_drain;dense_internal_fund_flow;complex_trace;high_gas_used_context;token_activity_burst;repeated_risky_internal_calls,0xa9059cbb,true
25703106,0x002ccc4968012798034f31ab0d0e3e39382ed7b4bfaa492060c5d6720f8e17e1,0xb66f376f3699c8e87c115de85575be49ae29a20c,0x0000000000001ff3684f28c67538d4d072c22734,2026-08-07T20:37:22,large_erc20_profit_to_sender;large_erc20_asset_flow;complex_trace,0x2213bc0b,true
25703106,0x0bbdc8dbaf44b2b64ef1eab925ee5c2c0d972a119c69df29600723a47ddacaa3,0x7b49bc3ebbdf7322f31c6449320382bbec3be1b6,0xad3b67bca8935cb510c8d18bd45f0b94f54a968f,2026-08-07T20:37:22,complex_trace;high_gas_used_context;token_activity_burst;approval_burst,0x146ee74d,false
25703106,0x4da278bfdeec6aa4fa0c65d2464f93e8d3c09043771d7ac712ce303e208efb99,0xc0ffee17d520056942531cb6d4d6251ff8163bb1,0xf1dee164200decfa581a81330a746be7cf33a5e7,2026-08-07T20:37:22,large_erc20_asset_flow,0x00000c35,true
25703106,0x64d888b71220b1c2d6ca377ce6756412629bdf244f93b8eca7d34d0d0a24a18f,0xf0da4f6a56183a518bf6bd3baa6c5fa2237511fa,0x290909806740b70d97efb2c530870053ec5d6304,2026-08-07T20:37:22,dense_internal_fund_flow;complex_trace;high_gas_used_context,0x03370292,true
25703106,0x6c29a05aaa7b46b4d542286cd538350e8ef27ad19c6a06ddc463cca71d87fa13,0x06c962297c1d22baf22fdf1bcfd869c87e5144d6,0x6a000f20005980200259b80c5102003040001068,2026-08-07T20:37:22,dense_internal_fund_flow;large_erc20_asset_flow;complex_trace,0x0d893d62,true
25703106,0x8130e07e98fdd7aba8d8ff6a4ae903c5b6131400600e97cd70aef117f2761db4,0xde992badd92adaf9146255e9bde6a70770973664,0x3d0f22bf11636cc9cb129e2b261eed35a487455c,2026-08-07T20:37:22,complex_trace;high_gas_used_context,0xa9059cbb,false
25703106,0x9384662a756464fcd9d475d4ff5ee177e10df53cf686f96f292835702ff2fb23,0x1180f0357097c2a7131d7f32360b4be9e6a7557e,0xf9280799c85d376e0425f6fb38e4a674e8bedb56,2026-08-07T20:37:22,dense_internal_fund_flow,0x39ecce49,true
25703106,0xa8276cacc901bcc61b0e340178fe0a87b1c6b33c5b2022ba92670fd5054c764c,0xd9bc37abe873239d36f55387b3c6f2a14f9fcff7,0x6a000f20005980200259b80c5102003040001068,2026-08-07T20:37:22,dense_internal_fund_flow;complex_trace;token_activity_burst,0x0d893d62,true
25703106,0xbc43cf0080fb6d72862b1d5c647ac34997b03e1fe630c239931a0cad1b39f822,0xbee5932b1ada302c07f1feef437b3eded2e8c507,0xbeef02961503351625926ea9a11ae13b29f5c555,2026-08-07T20:37:22,large_erc20_asset_flow;complex_trace,0x64f5e9e7,true
25703106,0xf5eea5292d9b693e6ef982e15cf35774a821b1260508e811071ad3d8f7e25bab,0x1ab8aa28ae574654d494956e5d5cc8ce7c0bdcad,0x6131b5fae19ea4f9d964eac0408e4408b66337b5,2026-08-07T20:37:22,dense_internal_fund_flow;complex_trace;high_gas_used_context,0xe21fd0e9,true
25703106,0x8a9b9c62d96615159a034c61adc7e27015653e09e76a921f6a1b8b226cf7c97e,0x6b063481f8216b5624ec496dd72376bef00faffd,0xa9d635ef85bc37eb9ff9d6165481ea230ed32392,2026-08-07T20:37:23,dense_internal_fund_flow;complex_trace,0x13d79a0b,true
25703106,0xf42acf0e9c84efce72c63f39e4987a4fd0b317fa23c3eb185b57508a9e98d20d,0xd8899a51f402cfd84469eb5b33697b3b8836dbbf,0x950fd558f47e234a2fde23b7d61f7ccdbcb4a86f,2026-08-07T20:37:23,dense_internal_fund_flow;complex_trace,0xdd225095,true
25703106,0x1f1ab122dd11ef8e8bdd2b8e65f99f9bcf962066adc96b3a02aa8edce757d043,0xbb0611fde3e968d138eb3e9e386d8103c4730001,0xb6f54caed61c318027c022c47b94baf139a99dab,2026-08-07T20:37:24,large_erc20_asset_flow;complex_trace,0x02d40188,true
25703107,0x101d961721d6542221eb82ffd6ed6fdd2e778ed4123a5843d94adfb40b1627d6,0x080ccea8654fd4ff80b81e46cff2278689d88fb0,0x6566194141eefa99af43bb5aa71460ca2dc90245,2026-08-07T20:37:52,large_erc20_asset_flow;complex_trace,0x374f435d,true
25703107,0x2cecdafcb13d3f0d8480131d80416d7f66ae80fb195dfde21b0790441f1d1a84,0x70e59f9c304e4d5096bd408b571e2dcd99c3120b,0xad3b67bca8935cb510c8d18bd45f0b94f54a968f,2026-08-07T20:37:52,repeated_internal_token_drain;dense_internal_fund_flow;complex_trace;high_gas_used_context;token_activity_burst;approval_burst;repeated_risky_internal_calls,0x146ee74d,true
25703107,0xc7c93bc9d5a6ac914d5599ba1be7816d920c2279624c310be061a345732e41be,0x5d98f54d829708eeb2aa555badb96bcb5400def1,0x04ce218ead72401702dd5f3e56cedb7d2d477777,2026-08-07T20:37:52,cyclic_dex_swap_profit;complex_trace,0x295f0582,true
25703107,0x726c3245316ba8dd8652cec74297b3b2177b49f841010f960153dd318ee92df2,0x062ce42cae04c51d04e77e3d64cc8953a2296ffe,0x8a25a24ede9482c4fc0738f99611be58f1c839ab,2026-08-07T20:37:53,large_erc20_asset_flow;complex_trace,0x6a761202,true
25703107,0xa2e936a16ed6a3819a99b47555277195cc306036731363c3940635870ec701fc,0xd07935b1a3206f55c261ee9587559c9f5bbac9c6,0x888888888889758f76e7103c6cbf23abbf58f946,2026-08-07T20:37:53,dense_internal_fund_flow;complex_trace,0xa373cf1a,true
25703107,0x4a264869fe552b3ed0100546e6aa6e0386a6c47dc3142a65494c4ea0e2c99236,0x3d695689c81b60c810bc5e3b6121faac878da6aa,0xb300000b72deaeb607a12d5f54773d1c19c7028d,2026-08-07T20:37:54,large_erc20_asset_flow,0x810c705b,true
25703107,0x4d69f6bd4d88ffa9b0a69d72baa79abb2b3e1ca5df3a1a428d48d13edde5e8b0,0x3d695689c81b60c810bc5e3b6121faac878da6aa,0xb300000b72deaeb607a12d5f54773d1c19c7028d,2026-08-07T20:37:54,large_erc20_asset_flow,0x810c705b,true
25703107,0x94d0ce024d01f177e54c5128dd188d73af4160ce7db72367006f58d5303f07fa,0xde992badd92adaf9146255e9bde6a70770973664,0x3d0f22bf11636cc9cb129e2b261eed35a487455c,2026-08-07T20:37:54,complex_trace;high_gas_used_context,0xa9059cbb,false
25703107,0xbdeccc1de97df5ae5d9b591412fd75cd5a08329bc5fdfbbd3d174ee2efc31030,0xde992badd92adaf9146255e9bde6a70770973664,0x3d0f22bf11636cc9cb129e2b261eed35a487455c,2026-08-07T20:37:54,complex_trace;high_gas_used_context,0xa9059cbb,false
25703107,0xd18e5f0b377a33ca3a001aebb882237808fe9fbc1e76d9c60d5d1e9841c1bd46,0xd8495b95a3a6a85f4e3baa003e8b7ed1ed85562d,0x889edc2edab5f40e902b864ad4d7ade8e412f9b1,2026-08-07T20:37:54,dense_internal_fund_flow,0xe3afe0a3,true
25703107,0x943039238f21457224d9882c6acd9209febb2c51fdfe4fb05b8c19ab7d0d4254,0xd6f05b19bf2c05c264a646b7757057d774661c5c,0x0000000000001ff3684f28c67538d4d072c22734,2026-08-07T20:37:55,large_erc20_asset_flow;complex_trace;token_activity_burst,0x2213bc0b,true
25703107,0x1c49bbb0c935964ec755f34a879c76f0f49e811ba553785c329f0f8110dbf852,0x96c4af8a6634f1dd8d50d7e373a44852a511487b,0xbf53ee1460b9ae3d46ca46a5f2a00aa2d3b9c9ca,2026-08-07T20:37:56,privileged_execution_context;complex_trace,0xc6fe8747,false
25703107,0x8cc56d585568a6074c493427f0a0ada706a650cdfd150404788473dcbe94b9dc,0xbad000006db10503589262b55d09bb7b3c5e1472,0xbbbbb048b1a85ca221058c45525095b6a68bbbbb,2026-08-07T20:37:56,complex_trace;high_gas_used_context;token_activity_burst,0xa9059cbb,false
25703108,0x7a60597ccd16ad6d35aa53a434cdc33f436273c576f239c78686e30c59aa719b,0xf70da97812cb96acdf810712aa562db8dfa3dbef,0xccc88a9d1b4ed6b0eaba998850414b24f1c315be,2026-08-07T20:38:00,large_erc20_profit_to_sender;large_erc20_asset_flow;complex_trace;high_gas_used_context;token_activity_burst,0x0a2b8f36,true
25703108,0x9aba8eee7ac40b0deab506a15be8a1839841fc174148ca3b62a8c8087366b348,0x94e295e9060544ad71097073bd7d85f86d724486,0xd90e2f925da726b50c4ed8d0fb90ad053324f31b,2026-08-07T20:38:00,dense_internal_fund_flow,0x13d98d13,true
25703108,0xa9569d00e448de541d417c91802448d4c2107247be665d99103a8b518b9095a1,0x7830c87c02e56aff27fa8ab1241711331fa86f43,0xa9d1e08c7793af67e9d92fe308d5697fb81d3e43,2026-08-07T20:38:00,large_erc20_asset_flow;token_activity_burst,0xca350aa6,true
25703108,0xd652d86698bba19a6b9d50dd801d069dabe0a87f9923b07b4e913022aeddf4a6,0x7556699aa8e6a7c9c69bcfaf9debd05f8192b063,0x84cab37995229530d9e6e5cff2f8f4ebe4517d66,2026-08-07T20:38:00,complex_trace;high_gas_used_context,0xe587456a,false
25703108,0xff5f487e27dac4f62a9df629e502e655c15097d5b5a96ec4a67af3965d33e000,0x7830c87c02e56aff27fa8ab1241711331fa86f43,0xa9d1e08c7793af67e9d92fe308d5697fb81d3e43,2026-08-07T20:38:00,dense_internal_fund_flow,0x1a1da075,true
25703109,0x37102d3ff9f2413f2dead4ecea510468df2c4d5e1c86dae90a4b6d3bb1cc4012,0x9666f9ec13e0a7c2bebc065eb644fe4cbc5cfcfb,0xf4d6947a8fa2f4cefb2e8a8b730196ba78671bf5,2026-08-07T20:38:18,dense_internal_fund_flow;complex_trace;high_gas_used_context;token_activity_burst,0x601881f3,true
25703109,0x11ba4ab319b7ac0bf31c9fd45aad2f5ae4365029bb914d0ad09d783a255f85be,0x2b3dd4a12d3259d8fd1d7d05a0dcecdb73bf7e09,0xee030ec6f4307411607e55acd08e628ae6655b86,2026-08-07T20:38:19,complex_trace;high_gas_used_context,0x6e1537da,false
25703109,0x276909e1823f30fdd220f29564cd4f81588cbe5c87a20c5a63aadf64caadc358,0x1772b1343d9b289e80bc9606576b963b3cdaa2a3,0x44e6b65e655b8bc393fdb8ebe726305567822c16,2026-08-07T20:38:20,repeated_internal_token_drain;dense_internal_fund_flow;very_complex_trace;high_gas_used_context;token_activity_burst;approval_burst,0x601881f3,true
25703109,0x63a0b6eea8f90be371e0436ea353bc170a922a2bf40abcc57264e03e77bce2da,0x43370250bfc02c7f085cb105558da41e9cdb2d79,0x0000000071727de22e5e9d8baf0edac6f37da032,2026-08-07T20:38:20,privileged_execution_context;complex_trace,0x765e827f,false
25703109,0xfd0e657a4f0891a55e6990b6900d73b142faac3c294df0ba29f13c3619deee4d,0x7683c9edc5b8ab424be904a1557ed1266bbe1727,0x111111125421ca6dc452d289314280a0f8842a65,2026-08-07T20:38:20,dense_internal_fund_flow;complex_trace,0x07ed2379,true
25703109,0x2c197dbc912c4d6b9926dea8ab8677ade779206db2e41e31aa8708ddb0c44ab1,0x7f8f1810ef2d1965d7cf96a1c1199e0637727cc9,0x4ff6178b58a51cb74e50254ed1e9ebd4f28eb2c0,2026-08-07T20:38:21,large_erc20_asset_flow;complex_trace,0xb9de6a93,true
25703109,0xf5973f9b855861efec16398f95cd028a102603df48d42ee18377e9d128d7954e,0x80d04079ffc53eb14edbeeb37279d126f45552df,0x1014ccdf986ebd95360603df5a16e6216f3336f4,2026-08-07T20:38:21,repeated_internal_token_drain;dense_internal_fund_flow;complex_trace;high_gas_used_context;token_activity_burst;repeated_risky_internal_calls,0x8aaa8f3b,true
25703109,0x670484a10700ba7d16374df6be979a447076336d1a2e15b38df9cf2aad6a83d0,0xee5c2c81220317aab869265767efb9710d2bc618,0x1c395af6ee8f262d1befb1dc3b0045fd6cb2d5da,2026-08-07T20:38:22,high_gas_used_context;token_activity_burst;approval_burst,0x00d8fad7,false
25703109,0xbed351141b633a118bada3b8a8d9e34eae076f001db299fc268cebc2b96b3b8c,0x4c996d7d1e30b52a76b44d987a5f00c706efb85e,,2026-08-07T20:38:22,large_mint_to_sender;high_gas_used_context;contract_creation_context,0x60803461,true
25703110,0x6a47831ce24b4018fa81bbc4615997873dc8a4b6384eb087d9857099aad177dd,0xa5246a05ad443c871456fda7ee68b38035b986a5,0x8a8849c4dd52e58f3d2998dd4e419df8a7cc44a0,2026-08-07T20:38:31,dense_internal_fund_flow;complex_trace;high_gas_used_context;token_activity_burst;approval_burst,0x601881f3,true
25703110,0xdf361892e56b9527ff9f3f597f2f70ad3e2d73ed146024fb4b8aa87a6aa56256,0x5b43453fce04b92e190f391a83136bfbecedefd1,0xbdb3ba9ffe392549e1f8658dd2630c141fdf47b6,2026-08-07T20:38:31,dense_internal_fund_flow;complex_trace;high_gas_used_context;token_activity_burst,0x000000c3,true
25703110,0x8522fa101af0f71750f3d0702769f00583e4b5ea0ffdfac07c3f6c63e90fbf8a,0x09cfee647fa339133380191c8db6b44f24500c9d,0x77b85afbcd336993ac1c65057531c5a5b33b76b8,2026-08-07T20:38:33,high_gas_used_context;token_activity_burst,0xa9059cbb,false
25703111,0x19c630b3cd8f40d41da10876c43b98c923d4b1b8411834dd6298a8f94506ae7a,0x7b49bc3ebbdf7322f31c6449320382bbec3be1b6,0xad3b67bca8935cb510c8d18bd45f0b94f54a968f,2026-08-07T20:38:57,complex_trace;token_activity_burst;approval_burst,0x146ee74d,false
25703111,0x5d734b2050f14a343a0faa86ef1916d5e357eeeb7f4832df3dce8028085f869b,0x94e295e9060544ad71097073bd7d85f86d724486,0xd90e2f925da726b50c4ed8d0fb90ad053324f31b,2026-08-07T20:38:57,dense_internal_fund_flow,0x13d98d13,true
25703111,0xd144546c9b3345a590835a5c9fdb4ed273768a5c2bb537a6164d2bebc0e643d0,0x5b43453fce04b92e190f391a83136bfbecedefd1,0xbdb3ba9ffe392549e1f8658dd2630c141fdf47b6,2026-08-07T20:38:57,dense_internal_fund_flow;complex_trace;high_gas_used_context;token_activity_burst,0x000000c3,true
25703111,0x67926d5f9f345b6006ffdb0530fc8e101fa015fd8bd2d420a75135af108469ab,0xf90029931c7a9a27e350cd35c91cbedbb58350c4,0x63229adec4b89a6fe5484ceb2de146132eb754fd,2026-08-07T20:38:58,dense_internal_fund_flow;complex_trace;high_gas_used_context,0x3f325619,true
25703111,0xe2e9d45f15e13010af13897fc2eb92f67a3206d5e8dd4c018c52b8c871c956e5,0xa33486eae870526bbf9ee73ace2f5179e4a41303,0x43fcd85e8d9d003d515f886891b7c742ac9f92da,2026-08-07T20:38:58,large_erc20_asset_flow,0xac9650d8,true
25703111,0x1dfacbd7b982bd6d2a0f57739ced547ba17991bf0822777e393f3645765e3187,0x59aab1bd0d26290274398c07b55955c15425e16b,0x00fe78205f5f0e63b8ad2b2ae5337f538a610e04,2026-08-07T20:38:59,complex_trace;high_gas_used_context;token_activity_burst,0x34fcd5be,false
25703111,0x51b23314f19846792adeb445998315716bddb9875b04f5e51b501397e98e22ec,0x76d65a7fc65c713ed8c1b89d530d7287fa64dbc9,0xb300000b72deaeb607a12d5f54773d1c19c7028d,2026-08-07T20:38:59,dense_internal_fund_flow,0x810c705b,true
25703111,0xffb6b75b48b9a5dd1998559a0ad4466ccf8d7e21f79be0988f05295847697efa,0x739212d5bafe6aac8be49a60b7d003bd41dbf38b,0x85b78aca6deae198fbf201c82daf6ca21942acc6,2026-08-07T20:38:59,dense_internal_fund_flow,0xd04bf024,true
25703112,0x1d502aa776d508899b37ee9a56a86e531444893db61a498f6a9854f2850e0589,0xdfe0b95efa1a7621f077385bfa7478b2704839e1,0x111111125421ca6dc452d289314280a0f8842a65,2026-08-07T20:39:17,dense_internal_fund_flow;complex_trace;token_activity_burst,0x07ed2379,true
25703112,0x32bee4d2a035322099e307ec78c9628f0731346196b64ec6dbd7ccfccf86c322,0x8151aac95fcec7c3ca82557c43da5ac2276f3cb9,0x59da89baee7c773f991731fca0a8bba58d511c05,2026-08-07T20:39:17,large_erc20_asset_flow;complex_trace;high_gas_used_context;token_activity_burst,0xfd3ad6d4,true
25703112,0xbb4676c222558e2c9489a1af0a1790a738c7465d8d8cf2322e810cdf7c777164,0xe0db2625dfd4ea87793d70db6720a6e2c15da776,0x1921e0ff550c09066edd4df05d304151c45e77de,2026-08-07T20:39:17,large_erc20_asset_flow;complex_trace,0x13d79a0b,true
25703112,0x6f94f5ad7d192fa5c83702839af9d2d1f6132f0c33b3caf4170a3984b0cefb00,0x6048fc75c241dd88e83f58a02464711f6f8ebac6,0xb300000b72deaeb607a12d5f54773d1c19c7028d,2026-08-07T20:39:18,large_erc20_asset_flow;complex_trace,0x810c705b,true
25703112,0xfe2305b3c59c3247b8b6c51c443c2cea4d546c92e5c64eb9c72208a8bdeb85e7,0x6a57a877d0e29d40aab2cf7460d8803bcb3efb4c,0x781cdf8805e01f016fc39204a94e4382c48bcbb4,2026-08-07T20:39:18,complex_trace;high_gas_used_context,0x873f371c,false
25703112,0x8ab890e8e2bb605d1bf4a4e76393f2328afdf72775b54ebf44e87b98b01bd030,0x84e03f3b74b10c70db109cae6523c09a01552186,0x06cff7088619c7178f5e14f0b119458d08d2f5ef,2026-08-07T20:39:19,large_erc20_asset_flow;complex_trace;high_gas_used_context,0x99999999,true
25703113,0x09ef91255d6adb54c83688b8a96558e5bc798d37760ff5c0e7963d811c9e345a,0x0896f627225dd77d3eab608ef5c06065b76f3e33,0xd523794c879d9ec028960a231f866758e405be34,2026-08-07T20:39:29,dense_internal_fund_flow;complex_trace,0x3a29dbae,true
25703113,0x1edb61761b226d7ab64dc0cafcb9bb1ac8d858baf7d59f3cae3da88ed6ab80a3,0x8dca3b3c501c09c69033089938be3a1ed50741bd,0x950fd558f47e234a2fde23b7d61f7ccdbcb4a86f,2026-08-07T20:39:29,large_erc20_asset_flow;complex_trace,0xdd225095,true
25703113,0x6578a0e51cf95eaba46c6091010e4cb81b93f61ca5588463d81dbcea3e5a79ab,0x7e483c6a4e17e35b588446e691c5d47ca6c23d01,0x69460570c93f9de5e2edbc3052bf10125f0ca22d,2026-08-07T20:39:29,dense_internal_fund_flow;complex_trace,0x14d08fca,true
25703113,0x982373a73f33b75d1118fa303786c191a13c78b74918ba25f94304abba5019b5,0x63df5b6ec6e70dc6636ea4e247b6e5fbd7cdcba4,0x0f6954d8a3056988bc80140a92d22f87047d7d0a,2026-08-07T20:39:29,dense_internal_fund_flow;complex_trace;high_gas_used_context;token_activity_burst,0x601881f3,true
25703113,0xcf8f29cfb9c01d446557ba99457b1ebeca61b4b33c79c88c4a0c057a1fb17e26,0x40bec6454193b57e2ba8216f575b3b1688e92053,0x9a2ddbc56e782a6774b4752c735793b5e151f7ae,2026-08-07T20:39:29,dense_internal_fund_flow;very_complex_trace;high_gas_used_context;token_activity_burst,0x601881f3,true
25703113,0x733b636bc262ac09f0d57c59fe7466bdc965068c1562872019ac88d72c060b8a,0xdda3b51e29f9d6fad865c5dd7070d5f7eb57663e,0x8d8210a0252a706cb5de0c6f8e46b6d3692afc19,2026-08-07T20:39:30,complex_trace;high_gas_used_context,0xffc3a769,false
25703113,0xc1b55834de7f278f6cb3429a37a19e73bcfd7d59f8d06af33b514d4df21376a1,0xf70da97812cb96acdf810712aa562db8dfa3dbef,0xccc88a9d1b4ed6b0eaba998850414b24f1c315be,2026-08-07T20:39:30,dense_internal_fund_flow,0x0a2b8f36,true
25703113,0xce464a14d5a32fa2b9ca00863f98f28815f7b2222b8f52a3972306896b32f4f2,0x09cfee647fa339133380191c8db6b44f24500c9d,0x77b85afbcd336993ac1c65057531c5a5b33b76b8,2026-08-07T20:39:30,high_gas_used_context;token_activity_burst,0xa9059cbb,false
25703114,0x25c206e0e93771191058e5433e731a4beb35ec7f9b043ce2753376800d0dffb7,0xc6acbee42e9e323140c1ed060c2f6ea9cc3b4b75,0x7c5a71c9fefbc7691f9d4ac7baf70c743792f716,2026-08-07T20:39:44,selfdestruct_context,0xf3fef3a3,true
25703114,0x96eece2098cb673ef6833ad3a870ea93877b9d08d93a0b8b21d986ab9371d236,0x0e0052a184fd59c6b7e1e99d739802ecb3aec0e4,0xd82461784eb72d4b67cbab077989eb215315e272,2026-08-07T20:39:46,complex_trace;approval_burst,0x805f7b65,false
25703114,0xc86bcd7199e4fba745b9ca76fe2603f3f178e271fa96b91149a8917eff55aec7,0x5e6bbb1783dcd0f5f86c24558bfb15a1483a8b08,0x69460570c93f9de5e2edbc3052bf10125f0ca22d,2026-08-07T20:39:46,dense_internal_fund_flow;complex_trace,0x14d08fca,true
25703114,0x426cbecbde0b001a6aee47e6f0511f565aa3c4f69e29fefed3e145f1a2dfc8bf,0xa154b98e53fc35e1bad1ff758acbc8c629bdcd2b,0x19917386eeae67b6ff7ddf07de4019fca40aa4ec,2026-08-07T20:39:47,repeated_internal_token_drain;dense_internal_fund_flow;complex_trace;high_gas_used_context;token_activity_burst;repeated_risky_internal_calls,0xa9059cbb,true
25703114,0x7bceb1af9b9770c227ed8f9ca07bdc6b068f2965f2628629807b1f9e99ab88e0,0xdda3b51e29f9d6fad865c5dd7070d5f7eb57663e,0x8d8210a0252a706cb5de0c6f8e46b6d3692afc19,2026-08-07T20:39:47,complex_trace;high_gas_used_context,0xffc3a769,false
25703114,0x8d29a22e9d2d40ba2546ba48237c3de4755df16fb7ecc9ebaf82ae0bd0a4341e,0x59aab1bd0d26290274398c07b55955c15425e16b,0x00fe78205f5f0e63b8ad2b2ae5337f538a610e04,2026-08-07T20:39:47,complex_trace;high_gas_used_context;token_activity_burst,0x34fcd5be,false
25703114,0xda6b88d094a79f69b2ec20504a6285876c3dcbc9fd79785f40f035fd38a95d92,0x59aab1bd0d26290274398c07b55955c15425e16b,0x00fe78205f5f0e63b8ad2b2ae5337f538a610e04,2026-08-07T20:39:47,complex_trace;high_gas_used_context;token_activity_burst,0x34fcd5be,false
25703115,0x0059affc3a43c7e07f4a998d3104dace34fa74b6dfa91b8b2cb8c3760cd5ddac,0xe87ba3250dda87b715c1a6a0cb6287f3a5073fc3,0xd90e2f925da726b50c4ed8d0fb90ad053324f31b,2026-08-07T20:39:52,dense_internal_fund_flow,0x13d98d13,true
25703115,0x9754c9dc8aea18039afa91ba8f67aacb5036dbfd20621b8fb537c86af28aaf4b,0xd0dcacd0135d463b553bf7ac8c68f32fa178c279,0x173272739bd7aa6e4e214714048a9fe699453059,2026-08-07T20:39:52,large_erc20_asset_flow;complex_trace,0xcfc32570,true
25703115,0x8afb208a82d3435cb7e679d053526d9ed03b086e4f29ac2c5bca3fb3564935fb,0xe20446cccbfd5f9038e747f1dea8016ecbd94ae5,0x442be06bb5d13711a22ccd3fa382b72a874c5135,2026-08-07T20:39:53,privileged_execution_context,0xf7b5c341,false
25703115,0x77e62b533787ea9ded7c753c8b0399dad556c1576fb96035a1c6c51c054ef12d,0xe27d4cb1759bae0188126bd62d415a6fa528ffe5,0x78ace9b2ee9a31737fad748015266a59f32dc79a,2026-08-07T20:39:59,complex_trace;high_gas_used_context,0x9265bb9d,false
25703115,0xc835a540976e763996449e191c45072598694d261eefcd953f321ee09dce1d50,0x2f0d5918af0d12631df3fd45270ac3153c48f38b,0x888888888889758f76e7103c6cbf23abbf58f946,2026-08-07T20:39:59,very_complex_trace;high_gas_used_context;token_activity_burst,0x60fc8466,true
25703116,0x74669cc9ed98f9f780be3f0174aa5670bb5b3d4fc9b5d979160a8875ed10b360,0x70e59f9c304e4d5096bd408b571e2dcd99c3120b,0xad3b67bca8935cb510c8d18bd45f0b94f54a968f,2026-08-07T20:40:18,repeated_internal_token_drain;dense_internal_fund_flow;complex_trace;high_gas_used_context;token_activity_burst;approval_burst;repeated_risky_internal_calls,0x146ee74d,true
25703116,0xde498692e93d5b8f6eafb0044eab9ae7396082fc66a831c28d5e2ebb0e0c04ca,0x1447b426b82306f6aa8218a2ab9a8358efc5730c,0x03f34be1bf910116595db1b11e9d1b2ca5d59659,2026-08-07T20:40:18,dense_internal_fund_flow;complex_trace,0xe47d166c,true
25703116,0x18b2132525c467246988aa5be76b71ef0dc48ab8ce45bbce0dd7d42c61d2a23b,0x94e295e9060544ad71097073bd7d85f86d724486,0xd90e2f925da726b50c4ed8d0fb90ad053324f31b,2026-08-07T20:40:19,dense_internal_fund_flow,0x13d98d13,true
25703116,0xe2f5b606eb0738611d67df010a1ee0805592ccc31e4c992693dc490fdc13cf40,0xc6b38b38790be3c647bd82f6cf5a1a4643ff3201,0x07964f135f276412b3182a3b2407b8dd45000000,2026-08-07T20:40:19,dense_internal_fund_flow;complex_trace,0x6b3ec416,true
25703116,0xea22a86f531c0079ebae81c8b0edd6c1030d58144c08809292ebfbde68404698,0x49671c1084ed986018b16497d11819f4d3d1fd10,0x22c82ae1985c95b55843c5226a4ec50eafbd15a9,2026-08-07T20:40:19,large_erc20_asset_flow;complex_trace;high_gas_used_context;token_activity_burst,0x601881f3,true
25703116,0xeddf6d010f70814120ab7891ac9fb7cbcffde54b7a769a4411f4b50a6ae096a3,0xd37078de08e280a6b69b66e314d7bb85be01d611,0xd01607c3c5ecaba394d8be377a08590149325722,2026-08-07T20:40:19,dense_internal_fund_flow;complex_trace,0x80500d20,true
25703116,0x4ad9020012752981e4d34a1c675b2ef53dc1904929cf85cdf42df0fda378596f,0xdda3b51e29f9d6fad865c5dd7070d5f7eb57663e,0x8d8210a0252a706cb5de0c6f8e46b6d3692afc19,2026-08-07T20:40:20,complex_trace;high_gas_used_context,0xffc3a769,false
25703116,0x6d8f4cd859eed32592209da6d0522851800e0999483652cd776e38677ff52b36,0x59aab1bd0d26290274398c07b55955c15425e16b,0x00fe78205f5f0e63b8ad2b2ae5337f538a610e04,2026-08-07T20:40:20,complex_trace;high_gas_used_context;token_activity_burst,0x34fcd5be,false
25703116,0x7e817fd66bf172fb933579d0e8c939b3264623657701f633003476c4978a3a03,0x4337021d22bcd0775a0fd1b4a6665051dc15d995,0x0000000071727de22e5e9d8baf0edac6f37da032,2026-08-07T20:40:20,large_erc20_asset_flow,0x765e827f,true
25703116,0xdd2d9cd233d397ff84d67e6ea8e137237cc8b9a72a48bbe707a41669d065e656,0xc6acbee42e9e323140c1ed060c2f6ea9cc3b4b75,0x7c5a71c9fefbc7691f9d4ac7baf70c743792f716,2026-08-07T20:40:20,selfdestruct_context,0xf3fef3a3,true
25703116,0xff5a3a230189ee37dfee2b49cda3b22d6fad8d6e18eb840d786fac3fca1847d3,0xa154b98e53fc35e1bad1ff758acbc8c629bdcd2b,0x19917386eeae67b6ff7ddf07de4019fca40aa4ec,2026-08-07T20:40:20,complex_trace;high_gas_used_context;token_activity_burst,0xa9059cbb,false
25703117,0x5c9cc17b6d9cd2fc78dc349ebf165aa5a11cc29d12e64c579d45920cdf9c65d6,0xdbe6993db924b4784bc18fbd19cf4c24bdd68a95,0x881d40237659c251811cec9c364ef91dc08d300c,2026-08-07T20:40:37,dense_internal_fund_flow;complex_trace,0x5f575529,true
25703117,0xa83c6139007e759d9e6dc0685ed2bcdc92c325115d4204506938d036c3d2b203,0x59aab1bd0d26290274398c07b55955c15425e16b,0x00fe78205f5f0e63b8ad2b2ae5337f538a610e04,2026-08-07T20:40:38,complex_trace;high_gas_used_context;token_activity_burst,0x34fcd5be,false
25703117,0x48acb1d41a259be4be7488965fdf71fce4f716fee5f3764862083559a2cc9370,0xdda3b51e29f9d6fad865c5dd7070d5f7eb57663e,0x8d8210a0252a706cb5de0c6f8e46b6d3692afc19,2026-08-07T20:40:39,complex_trace;high_gas_used_context,0xffc3a769,false
25703118,0x968434daea89bca20a6c163243b09edb054866a56ca09a87b35387a8499bb20a,0xeb3f251984716fbdd7e5010b78889282b88ee72a,0xacddac6c77318b615f7f6fb9bb67c6833e9c05f1,2026-08-07T20:40:54,large_erc20_asset_flow;complex_trace,0x571d3dc7,true
25703118,0xed127f2677ac3cf48cf7f46c44efde99ef56c994dc7c62a48d37d67770357f00,0x7830c87c02e56aff27fa8ab1241711331fa86f43,0xa9d1e08c7793af67e9d92fe308d5697fb81d3e43,2026-08-07T20:40:54,large_erc20_asset_flow;token_activity_burst,0xca350aa6,true
25703118,0x847b38ca9c3f5387535c808ac19dc8df9b157e5df2be804270c8888b1af312e2,0xe5af6db1c7eec2916d02e6e76e991ef2e50d52ec,0x87870bca3f3fd6335c3f4ce8392d69350b4fa4e2,2026-08-07T20:40:56,large_erc20_asset_flow;complex_trace,0xee3e210b,true
25703118,0xe14cbcd2c3d327a3e4dcaba72efdc3373c8db53c0a28d8ca4d35648926fde262,0xe93685f3bba03016f02bd1828badd6195988d950,0x173272739bd7aa6e4e214714048a9fe699453059,2026-08-07T20:40:56,complex_trace;high_gas_used_context,0x7cd44734,false
25703118,0x23135cb2ca3ed13b7ad797d2d9c69f675318ab617996cc6602fd2d972fc6d54e,0xba01be0cd2737789921b8ed6d8a219405e561e4b,0xa5e1a81738259256181f9a0e478188553062d340,2026-08-07T20:40:57,large_erc20_asset_flow;token_activity_burst,0x24856bc3,true
25703118,0xd2a470f9a07a484703b9b0a9d077fc65f33066e3b47da627404c95139894a9ef,0xa0c85ffaff895c0cf5aed1993dc6e3195adf593b,0x9b6eda8460ac664287493038b23f25b03dfbbdb1,2026-08-07T20:40:57,complex_trace;high_gas_used_context,0x469f504f,false
25703119,0x39d93d33f73d28580b0af9336834f1da4b856352c0ac1a6e0ceb3fbd04caba59,0xdda3b51e29f9d6fad865c5dd7070d5f7eb57663e,0x8d8210a0252a706cb5de0c6f8e46b6d3692afc19,2026-08-07T20:41:11,complex_trace;high_gas_used_context,0xffc3a769,false
25703119,0x6a8f85b0563e45c64a14738a3667e68d692c74ef22e9640eed55430a89066f4d,0x06c962297c1d22baf22fdf1bcfd869c87e5144d6,0x6a000f20005980200259b80c5102003040001068,2026-08-07T20:41:11,dense_internal_fund_flow;large_erc20_asset_flow;complex_trace,0x0d893d62,true
25703119,0x9500cdf78bb79f5a8df0ebccf06962d553912fd8cbc6bdc92aa2280d07fd69d0,0x0e168308a3ab0df6d357af47c6645f13c145a9d7,0x3a5afe2f9b101c688b1b7c50f64c7c918e6503e0,2026-08-07T20:41:13,large_erc20_asset_flow;complex_trace,0xba087041,true
25703120,0x82cf24749aeb49af445afc4cf09c6cc4e404ab550990b5a2f006698405ed8621,0x94e295e9060544ad71097073bd7d85f86d724486,0xd90e2f925da726b50c4ed8d0fb90ad053324f31b,2026-08-07T20:41:17,dense_internal_fund_flow,0x13d98d13,true
25703120,0xc4559a4ffb1cbfcb23107a15a635434c663e4c945a1457e6392a4e99a45a7d36,0x3663a54cf44138824f95f2ad47cf2d27d345301f,0xee030ec6f4307411607e55acd08e628ae6655b86,2026-08-07T20:41:17,dense_internal_fund_flow;complex_trace,0x6e1537da,true
25703121,0x78eea86676f37f5a2e1bca1bcf26695b4ba1b41fc13ad647c9b3513fb1efdb19,0x64ddc0430eec16dbf928e985177b5a93f4cb3d27,0xdeadc0de0000e54725ad1bf220324717043e02bf,2026-08-07T20:41:21,dense_internal_fund_flow;complex_trace,0x2f09b372,true
25703121,0x9dfa8f23c2158a41d064c9c3f4e0b7061d739806bd6d8732bff8f80c0749be6f,0xe2da046340e00264c4f0443243a0565007ae08ac,0x0939726264f2667429ef68e2b3734ecfbbad3abb,2026-08-07T20:41:21,complex_trace;high_gas_used_context,0x380db829,false
25703121,0xa5a908ac38e354d9dbf7ef18263540f53da16119c332edcf9aeadc433aa1d941,0xe2da046340e00264c4f0443243a0565007ae08ac,0x595ca88510a9101bd40a244ae92d2a6fc860ea75,2026-08-07T20:41:21,complex_trace;high_gas_used_context,0x380db829,false
25703122,0x5f715e1b73ac5400258399633cc256bf580185bec9733d990ab7e8c77d2e7754,0x5b43453fce04b92e190f391a83136bfbecedefd1,0xbdb3ba9ffe392549e1f8658dd2630c141fdf47b6,2026-08-07T20:41:24,repeated_internal_token_drain;dense_internal_fund_flow;very_complex_trace;high_gas_used_context;token_activity_burst;repeated_risky_internal_calls,0x000000c3,true
25703122,0x92594a55ddf7e7f12aeb513d606e8e054c9f3ece3ec39183fad3ea50936632c0,0x5b43453fce04b92e190f391a83136bfbecedefd1,0xbdb3ba9ffe392549e1f8658dd2630c141fdf47b6,2026-08-07T20:41:24,dense_internal_fund_flow;large_erc20_asset_flow,0x000000cc,true
25703122,0x3532cd88e21bd19555d2fe531f9edfcd05cebfe383e6bee93afa994314b91f9c,0xe4a2d8efe322918003945b685692c803089e9340,0x851f344c70c30eb2f47a74ca5a9543bf5796fb9a,2026-08-07T20:41:25,dense_internal_fund_flow;complex_trace;high_gas_used_context;token_activity_burst;approval_burst,0x601881f3,true
25703122,0xe69e1e71c9fa35704f612f4cbd54b02b1d19f9154f24361b0cac2b691f30168c,0x0907a2959da5e859b24d4fe6565ed74709fd9f6d,0xe8090055f40d40ddca553b5f036aca89081687b7,2026-08-07T20:41:25,large_erc20_asset_flow;complex_trace;high_gas_used_context;token_activity_burst,0x601881f3,true
25703122,0x1640c09d4ae110fff68eacd6185f82ed554878c618d980c30f259a4aefac44ca,0xc98ba84ac58857bb6ac03a7e6bcce6a7522f8dac,0x72435289676a361f4d8dfabda228aa9c479d10ad,2026-08-07T20:41:26,complex_trace;high_gas_used_context,0x2df6cea6,false
25703122,0x49b2e30b32e0d9ae251bc8b88ae827670512e37271661ea7668dc8762273986e,0xedfa3223d1e1302af4305f44044e2d4b8cbb06c0,0xf5ec90ed18504ed9f3fa5c6f17f3fd3f25a296ab,2026-08-07T20:41:26,complex_trace;high_gas_used_context,0x615edda3,false
25703122,0x5d3b84e20824851a633317a9fe7a9f83822bb6cbe60b0f63cd04aa5d728a00ac,0x2fb1f1653d9788c8b97897abea78d9d9f51270cd,0xb300000b72deaeb607a12d5f54773d1c19c7028d,2026-08-07T20:41:26,dense_internal_fund_flow;complex_trace,0x810c705b,true
25703122,0x9f2e251cfcdd31ad89c6da7b37ef31a15790107137d129260bd40dbcaaf9306f,0x5e6e835ec4e69fdaf9cad50cedafc687976d6a22,0x91ff8bbd8ebb07893010d50a48a1609e5ebd8e34,2026-08-07T20:41:26,complex_trace;high_gas_used_context,0x069d1525,false
25703122,0xabed38fae4fdca83b88e110f5c550fcae5357f7c2fe3ad982ac89b654e2e633b,0x5e05729b8389a75730177dd2b326d8b474be3089,0x187fbaedb1456b997912b65a184bb2775b9c59ab,2026-08-07T20:41:26,large_erc20_asset_flow;complex_trace;high_gas_used_context;token_activity_burst;approval_burst,0x601881f3,true
25703123,0x3afaccc66c5bd31cadeb52f28f15d175e5f04fbb0a360b9574aa9f4f77cf6c68,0x7f881d3ea884051dfa36dcf68fa879dc83a9fc85,0x00000f91109c4d0007e90000d9facad5298a0cac,2026-08-07T20:41:35,large_erc20_asset_flow;complex_trace;high_gas_used_context;token_activity_burst,0x0053be41,true
25703123,0x5902f56e611666e57a1c48c5c45d2374b004328515ca7f357babbe2222235a34,0x70e59f9c304e4d5096bd408b571e2dcd99c3120b,0xad3b67bca8935cb510c8d18bd45f0b94f54a968f,2026-08-07T20:41:35,repeated_internal_token_drain;dense_internal_fund_flow;complex_trace;high_gas_used_context;token_activity_burst;approval_burst,0x146ee74d,true
25703123,0xbffb37646f30e26a57e6b9ff5e7e9ff58e212bdf4dfcaa1bec65bb94fd7b5bc4,0x21378e678a111691a60fa688c72d61439e124c8f,0xcb0151ac9479a6a0261622baa63ae843c9793d45,2026-08-07T20:41:35,dense_internal_fund_flow;complex_trace;high_gas_used_context;token_activity_burst;approval_burst,0x64cd187f,true
25703123,0xc5b33dc910c34e2bc2b8719adc082d47f01c06bd5fdb239412bd9337286c9d94,0x2ee36e41387f87b7e6f678a86d1e575b23b996f5,0x50d3865a63d52c0a54e4679949647ea752107390,2026-08-07T20:41:35,dense_internal_fund_flow;complex_trace;high_gas_used_context;token_activity_burst,0x00000000,true
25703123,0xd6eebe836db9f1bc9d377e24bc844bcf698bd4ea3201e8f4bd54a8672645a527,0x5a4f820229c7754e1e3e5e61b0938e2d8b3180ab,0x10526f2eacc6f2f6c933d8a0d5ac152be00bb340,2026-08-07T20:41:35,dense_internal_fund_flow;complex_trace;high_gas_used_context;token_activity_burst;approval_burst,0x601881f3,true
25703123,0x2299869ad636b36970fad1c7d0000c5afb4adf601b07f9b0e5f25b3eaf64a532,0x88d361fd89ad99a0700226d3cd887feee8614ae0,0x950fd558f47e234a2fde23b7d61f7ccdbcb4a86f,2026-08-07T20:41:36,dense_internal_fund_flow;complex_trace,0xdd225095,true
25703123,0x2412d37ed7161dcb7cc796caf7297eee8360ee585c0d0ddb3e46ec542132a287,0x091023c38f51b094acc9e6e5a00e82f6fcc88d1b,0x950fd558f47e234a2fde23b7d61f7ccdbcb4a86f,2026-08-07T20:41:36,dense_internal_fund_flow;complex_trace,0xdd225095,true
25703123,0x3737ada50189e8648193b9efac521f3aacb7adb45cbb849c5ddeb7f33386f8bc,0x8444fd60cd34fad0ed83c513a2a18bd55d368b8e,0x950fd558f47e234a2fde23b7d61f7ccdbcb4a86f,2026-08-07T20:41:36,dense_internal_fund_flow;complex_trace,0xdd225095,true
25703123,0xc2b778bcb5841683a16d150af71740ea0668fb16d16b3918228b78565a708fb8,0xf4749d0158ddae578f7ec6fc8c6611f7162d30be,0x6ba377b662febdff206e0c625c72771915fe0c5c,2026-08-07T20:41:36,large_erc20_asset_flow;complex_trace;high_gas_used_context;token_activity_burst,0x601881f3,true
25703123,0xc2d80ae5bb5989c27c378a2433bb5d4bea625c514de60f4afaf0b94e1088a4b7,0x7830c87c02e56aff27fa8ab1241711331fa86f43,0xa9d1e08c7793af67e9d92fe308d5697fb81d3e43,2026-08-07T20:41:36,dense_internal_fund_flow,0x1a1da075,true
25703123,0xcf6bbb0c85acb4abbf509a313b8ce20f1dd9e23c59505695adc852d01e36000c,0x94e295e9060544ad71097073bd7d85f86d724486,0xd90e2f925da726b50c4ed8d0fb90ad053324f31b,2026-08-07T20:41:36,dense_internal_fund_flow,0x13d98d13,true
25703123,0xdcf1cc0a105625270379edac7ad1f81f289070bb5b47e7ca6684286cb626c2b0,0xd7e47303ffcbb74e5d11261e30ed46fba19be613,0x950fd558f47e234a2fde23b7d61f7ccdbcb4a86f,2026-08-07T20:41:36,dense_internal_fund_flow;complex_trace,0xdd225095,true
25703123,0xee0120c03e3fbb9b1839c9d9052698bc0c675a0d554d8e251f3242e034fd1b13,0x77746d6ffa0bf81eda08b16826d9b1e3068b593c,0x555ce236c0220695b68341bc48c68d52210cc35b,2026-08-07T20:41:37,dense_internal_fund_flow;complex_trace,0xc3c16ee4,true
25703124,0x4ae88a6227d7c0bfe20f4e2e68460e54d65d90a16a0c48e98a31d8655f6e562b,0x7830c87c02e56aff27fa8ab1241711331fa86f43,0xa9d1e08c7793af67e9d92fe308d5697fb81d3e43,2026-08-07T20:42:07,large_erc20_asset_flow,0xca350aa6,true
25703124,0xe3caed44dfe4d9681861d7478b6aba9b3fdf954f06a56c66ec884578ea06c6eb,0x8de94b192fe8da2f38374f3e8aa3da8a1317da33,0xbc1d9760bd6ca468ca9fb5ff2cfbeac35d86c973,2026-08-07T20:42:08,dense_internal_fund_flow;complex_trace;high_gas_used_context;token_activity_burst,0xd984396a,true
25703124,0x449905dd00235f0ee0e609b60145f02b4e56a24f19ba73df5b9994fd219c06ed,0xbad000006db10503589262b55d09bb7b3c5e1472,0xbbbbb048b1a85ca221058c45525095b6a68bbbbb,2026-08-07T20:42:09,repeated_internal_token_drain;dense_internal_fund_flow;complex_trace;high_gas_used_context;token_activity_burst;repeated_risky_internal_calls,0xa9059cbb,true
25703124,0x474537d02673695c47a1d4b83ff22a08a3f978600b9f0f2f00ed00a49e8e761e,0x59aab1bd0d26290274398c07b55955c15425e16b,0x00fe78205f5f0e63b8ad2b2ae5337f538a610e04,2026-08-07T20:42:09,complex_trace;high_gas_used_context;token_activity_burst,0x34fcd5be,false
25703124,0x97b5e78899844c68c356d692a4969c845d48ea2d64691dc97b59abec623e3127,0x59aab1bd0d26290274398c07b55955c15425e16b,0x00fe78205f5f0e63b8ad2b2ae5337f538a610e04,2026-08-07T20:42:09,complex_trace;high_gas_used_context,0x34fcd5be,false
25703124,0xd154e1267a4673274e423f6cde43d3eeef81858b379644c52a881576e8133f99,0xdda3b51e29f9d6fad865c5dd7070d5f7eb57663e,0x8d8210a0252a706cb5de0c6f8e46b6d3692afc19,2026-08-07T20:42:09,complex_trace;high_gas_used_context,0xffc3a769,false
25703124,0x0a3e988fd313c019e35060ddda504b054ae6fd88bcf870c0f33d4f4aa8ad4e64,0x161643f280b09be8e0271eef8efc6c264d125003,0x32eecc693bd439f107803fecee02ddd9237d8c0f,2026-08-07T20:42:11,dense_internal_fund_flow;token_activity_burst,0xa9059cbb,true
25703125,0x4bfd4023bfba03de9267bf6719a52b556cfe31ebb232c040af00d7fc5f6c828b,0xed8bb8e88e8655557452670ee05bceba38336595,0x18a566a92bcf42b2b0e454323546e300da909833,2026-08-07T20:42:28,dense_internal_fund_flow;complex_trace,0xbf396a89,true
25703125,0xbdfef44151245e77d98a662a90b25f76575fae2275e0f8d6f33306b01ba31416,0xc6acbee42e9e323140c1ed060c2f6ea9cc3b4b75,0x7c5a71c9fefbc7691f9d4ac7baf70c743792f716,2026-08-07T20:42:28,selfdestruct_context,0xf3fef3a3,false
25703125,0x1781666770acd26e45e1667c00800fce24fe833385db4075d5ec733f794a4220,0xab6ee5fe00c54cc9576535eb5beb78a3d433673a,0x87870bca3f3fd6335c3f4ce8392d69350b4fa4e2,2026-08-07T20:42:29,large_erc20_asset_flow;complex_trace,0x02c205f0,true
25703125,0x32e90af73de1dbee17d3ed5dabf8a6bb8939be481443698081be23ab0f12b694,0x2b3fed49557bd88f78b898684f82fbb355305dbb,0x09c30cdcdd971423cb3ba757a47d56c35d06d818,2026-08-07T20:42:30,dense_internal_fund_flow,0x318adb8b,true
25703125,0x4c814295726cd74882bc42f2844bb929d482efbe479b7435c484d503f04ab0c4,0x59aab1bd0d26290274398c07b55955c15425e16b,0x00fe78205f5f0e63b8ad2b2ae5337f538a610e04,2026-08-07T20:42:30,complex_trace;high_gas_used_context,0x34fcd5be,false
25703126,0x1663fa0bd8c95837bdc9a27c653ef1f3797d240f27d1ed3d3e7f3bc53e1156cb,0x7b49bc3ebbdf7322f31c6449320382bbec3be1b6,0xad3b67bca8935cb510c8d18bd45f0b94f54a968f,2026-08-07T20:42:45,repeated_internal_token_drain;dense_internal_fund_flow;complex_trace;high_gas_used_context;token_activity_burst;approval_burst;repeated_risky_internal_calls,0x146ee74d,true
25703126,0x4199ff85fef8cceefd3076cd8d03a55224eeb2043b92867eba479d927256190b,0x1fb443c35ca039edfe7a4d43f676d8815ced4d5d,0x06fd4eb2f2def33c1820444981b81c96f45df0fb,2026-08-07T20:42:45,large_erc20_asset_flow;complex_trace,0xd0f2d8ac,true
25703126,0x657d00af8da012bf64120e12337b9e48faadbd39d83d0120db6ae7e4cf3992f1,0xc6acbee42e9e323140c1ed060c2f6ea9cc3b4b75,0x7c5a71c9fefbc7691f9d4ac7baf70c743792f716,2026-08-07T20:42:45,selfdestruct_context,0xf3fef3a3,true
25703126,0xdbe17ff4a6c1eff681842e2be80347556ca37a389df6de20dc3a1a94007fb791,0x7535b9143eab5824981ddc56cad91bd06dff463f,0xc2500aa129bf15d4769f25c4492012075d54960d,2026-08-07T20:42:45,dense_internal_fund_flow;complex_trace;high_gas_used_context;token_activity_burst,0x601881f3,true
25703126,0x406c128b34a2c9576357af80dee7b4a1aab92916a4f4c29a09c817b717269784,0xbad000006db10503589262b55d09bb7b3c5e1472,0xbbbbb048b1a85ca221058c45525095b6a68bbbbb,2026-08-07T20:42:46,high_gas_used_context;token_activity_burst,0xa9059cbb,false
25703126,0x7ff76b97e238701a33507ba81006c69b9d108147c1575336b7dc6205b159554a,0x59aab1bd0d26290274398c07b55955c15425e16b,0x00fe78205f5f0e63b8ad2b2ae5337f538a610e04,2026-08-07T20:42:46,complex_trace;high_gas_used_context,0x34fcd5be,false
25703126,0x8dce2b96650b43faa8187bbd64d1ee2b7d9458689a7336d11de2d5addaf0f50c,0x7734bdecbdde7ed1dbbedb31845a41169f6c3129,0x331954e64801077aec0f4688b32a4c19b9c12a40,2026-08-07T20:42:46,repeated_internal_token_drain;dense_internal_fund_flow;complex_trace;high_gas_used_context;token_activity_burst;repeated_risky_internal_calls,0xa9059cbb,true
25703127,0x1653dded82c58bc850e306021ac5a304a3f9866f06bc70ff1e279fb67bd0a44b,0xe7488e7f5c60bfa81d38965c02b4cc5aa6249a11,0x000000000004598d17aad017bf0734a364c5588b,2026-08-07T20:42:56,complex_trace;high_gas_used_context,0x0fbb12dc,false
25703127,0x16c9fb82d4d0e62a3011fadb6c091c8ae1bcfbe4e7f88e6232ffc32c5e4a2468,0x80d04079ffc53eb14edbeeb37279d126f45552df,0x1014ccdf986ebd95360603df5a16e6216f3336f4,2026-08-07T20:42:56,repeated_internal_token_drain;dense_internal_fund_flow;complex_trace;token_activity_burst;repeated_risky_internal_calls,0x8aaa8f3b,true
25703127,0x5ce553604715430c614fe913538f9020a109cf7b7e2d341640737427279240b2,0x59aab1bd0d26290274398c07b55955c15425e16b,0x00fe78205f5f0e63b8ad2b2ae5337f538a610e04,2026-08-07T20:42:56,complex_trace;high_gas_used_context,0x34fcd5be,false
25703127,0xb5114c42e1e1de64409dc7faddf90415c62f21058a96692d98aadfdef54cfbe5,0x3cfdc212769c890907bce93d3d8c2c53de6a7a89,0x433709009b8330fda32311df1c2afa402ed8d009,2026-08-07T20:42:56,privileged_execution_context;complex_trace,0x765e827f,false
25703128,0x3b67725996847aea91baf791141d7a60076a98d6364ccbe40cd5e6a6788e099f,0x7830c87c02e56aff27fa8ab1241711331fa86f43,0xa9d1e08c7793af67e9d92fe308d5697fb81d3e43,2026-08-07T20:43:04,large_erc20_asset_flow;token_activity_burst,0xca350aa6,true
25703128,0x29a0d8fbb996fba400a8ee27403c0e05730b565974651a6101bf33fc70e98125,0x785e9274b0e55e798164b0014b14181cabe01d72,0xcfc6d9bd7411962bfe7145451a7ef71a24b6a7a2,2026-08-07T20:43:05,dense_internal_fund_flow;complex_trace,0xef54591d,true
25703128,0xaf96ab247d70611299a94bb662df265812bfb8c69ee84ca1f3eebcf32250a985,0x59aab1bd0d26290274398c07b55955c15425e16b,0x00fe78205f5f0e63b8ad2b2ae5337f538a610e04,2026-08-07T20:43:06,complex_trace;high_gas_used_context,0x34fcd5be,false
25703128,0xe06c31f5c75bf2e058559de7fc00cd4813a2328b264ba08233984d6db07679a6,0xdda3b51e29f9d6fad865c5dd7070d5f7eb57663e,0x8d8210a0252a706cb5de0c6f8e46b6d3692afc19,2026-08-07T20:43:06,complex_trace;high_gas_used_context,0xffc3a769,false
25703129,0x9b07e35d827dae7901c8bb65a00a9f8a24a6cff278917605234b0f965e4b4b98,0xe99bd1c2dd70cd58e5efd47887991700e7318ce2,0xad3b67bca8935cb510c8d18bd45f0b94f54a968f,2026-08-07T20:43:28,complex_trace;high_gas_used_context;token_activity_burst;approval_burst,0x146ee74d,false
25703130,0x19119b82fa542a2de3a80c0d8e2f95dbff010395230042eee5672051324b64da,0x59aab1bd0d26290274398c07b55955c15425e16b,0x00fe78205f5f0e63b8ad2b2ae5337f538a610e04,2026-08-07T20:44:20,complex_trace;high_gas_used_context;token_activity_burst,0x34fcd5be,false
25703130,0x62bdbe7a5c6e857961610b2d3eb8d48a95d6afed91dcc30b0999038c8e0f8557,0x0e0052a184fd59c6b7e1e99d739802ecb3aec0e4,0xd82461784eb72d4b67cbab077989eb215315e272,2026-08-07T20:44:20,complex_trace;approval_burst,0x805f7b65,false
25703130,0x863030b3b7d651ef2f9474710cf29be82256fb905825e7bbbc2c303d8e9876c2,0x59aab1bd0d26290274398c07b55955c15425e16b,0x00fe78205f5f0e63b8ad2b2ae5337f538a610e04,2026-08-07T20:44:20,complex_trace;high_gas_used_context;token_activity_burst,0x34fcd5be,false
25703131,0x3235d70ba354a85eea097e0f85d1aaba654b9cb55c0a0d1cfdd4909e2168563a,0x94e295e9060544ad71097073bd7d85f86d724486,0xd90e2f925da726b50c4ed8d0fb90ad053324f31b,2026-08-07T20:44:32,dense_internal_fund_flow,0x13d98d13,true
25703131,0x41700cb5c17acbcffa527876447813160316fa137f63e1aa72d3b50a5f15b5c2,0x1feed341f68ae6812b30e139ab074182ea4e3830,0x9e9110cfd24cd851ea5bc73a27975b33e308f9e1,2026-08-07T20:44:33,large_erc20_asset_flow,0xeb7499cf,true
25703131,0x60fc95933054cb05c201a24183094d165b70b64e5835551666e7f8e80e8c1a14,0x2cca6b59b62d1897fd98d191b5280dc06c202c35,0x3335733c454805df6a77f825f266e136fb4a3333,2026-08-07T20:44:33,large_erc20_asset_flow;complex_trace,0xe1fcde8e,true
25703131,0x74e2e2a1955aaf493d0d5987221af450e34c9e1bfac63146f0aeb8a437c5cff3,0x76a0d449abca30a3cfcc0b529d664d03a1495fe1,0x514b9e5467b9eb811519e316263c9099eae546ca,2026-08-07T20:44:33,complex_trace;high_gas_used_context,0xa9059cbb,false
25703131,0x8d6897705f184afc5c3fc2c5f755ee9e09a21ca57340c62ba110a1c2be1fc721,0x63c54ccaa370d437aa1ec18af3da6268409a4e45,0x881d40237659c251811cec9c364ef91dc08d300c,2026-08-07T20:44:33,dense_internal_fund_flow;large_erc20_asset_flow;complex_trace,0x5f575529,true
25703131,0xd1168fa2beb04293ec628b9670adee96c20db61c2d850817534d3ead0a52af33,0x70e59f9c304e4d5096bd408b571e2dcd99c3120b,0xad3b67bca8935cb510c8d18bd45f0b94f54a968f,2026-08-07T20:44:33,complex_trace;high_gas_used_context;token_activity_burst;approval_burst,0x146ee74d,false
25703131,0x113b6598db046c5e7e587364359ef3185920584c960f12458a8a89a555c77b43,0xa0c85ffaff895c0cf5aed1993dc6e3195adf593b,0x9b6eda8460ac664287493038b23f25b03dfbbdb1,2026-08-07T20:44:34,large_erc20_asset_flow;complex_trace;high_gas_used_context,0x469f504f,true
25703131,0x1c516d48489f47cc487648b2b8e6cf47d412423d7a82cfa3f37b8f9d496cc60e,0x56a6f704d6047531168a2cd273f4d80973ff4883,0xd9f56e8a1b159b1482ec3bb6ce742fa5ce084f4c,2026-08-07T20:44:34,dense_internal_fund_flow;complex_trace,0xeb1f622a,true
25703131,0x563ecbe777b166e310e199668cfecf6d392e3713829e6ee8d2c863dee7c81f7b,0xbad000006db10503589262b55d09bb7b3c5e1472,0xbbbbb048b1a85ca221058c45525095b6a68bbbbb,2026-08-07T20:44:34,repeated_internal_token_drain;dense_internal_fund_flow;complex_trace;high_gas_used_context;token_activity_burst;repeated_risky_internal_calls,0xa9059cbb,true
25703132,0xef33e12228d44fe7b8a95647578081526de12c4d4da067711b7e7d0375193802,0xc6acbee42e9e323140c1ed060c2f6ea9cc3b4b75,0x7c5a71c9fefbc7691f9d4ac7baf70c743792f716,2026-08-07T20:44:45,selfdestruct_context,0xf3fef3a3,false
25703132,0x0ff8296bde7ff65bc75ea6bee49eaea8f3d76cc1fddaf3ba9a1c1368e47eb794,0x59aab1bd0d26290274398c07b55955c15425e16b,0x00fe78205f5f0e63b8ad2b2ae5337f538a610e04,2026-08-07T20:44:48,complex_trace;high_gas_used_context,0x34fcd5be,false
25703133,0x826a935af7cb7825d245c648d5c01cb2c8fe6794c481fc65fc74671dc485596b,0xc6acbee42e9e323140c1ed060c2f6ea9cc3b4b75,0x7c5a71c9fefbc7691f9d4ac7baf70c743792f716,2026-08-07T20:44:58,selfdestruct_context,0xf3fef3a3,false
25703133,0x13b9b484783b84c0f3fbe152a017a923f27bd0e4759b592f63c142df01a4933d,0x7830c87c02e56aff27fa8ab1241711331fa86f43,0xa9d1e08c7793af67e9d92fe308d5697fb81d3e43,2026-08-07T20:44:59,large_erc20_asset_flow;token_activity_burst,0xca350aa6,true
25703133,0x9ceba3fd9316af78d0b2619e611796dabdc2631934e083e8480e4d4396c5565e,0x331d9a049d496385998067abf6cbb6371c8d2466,0xccc88a9d1b4ed6b0eaba998850414b24f1c315be,2026-08-07T20:44:59,dense_internal_fund_flow;complex_trace,0x0a2b8f36,true
