block_num,tx_hash,from,to,detect_time,attack_signals,selector,has_asset_impact
25755152,0x079c6962c1947f7ff664b06519696bc57eb5e1d2fdb3f898cbbb16dad5611ae9,0x5b43453fce04b92e190f391a83136bfbecedefd1,0xbdb3ba9ffe392549e1f8658dd2630c141fdf47b6,2026-08-15T02:45:05,dense_internal_fund_flow,0x000000c3,true
25755152,0x2aa7e6a8eadb821fb8812a97a76e126021600da5d450ce3f214da8f87a294934,0x59e8d6f220ca9b63b5183b0e034fae81d4c25d93,0xe45572dff1865af5f12208b09ce7506847f628bd,2026-08-15T02:45:05,complex_trace;high_gas_used_context,0x00000000,false
25755152,0x39e4cd0310d02f466956b23dd509e98ef75e48491a00ebee7a4e7fd5a96c1d28,0x60d28f3b05f84aa7b01aa866b87f7414a4110000,0x61a4e6e6cecfc04f44719c15f88d1d3eea270000,2026-08-15T02:45:05,privileged_execution_context,0x03f76476,false
25755152,0xbe3e41c0b1f1dd0d93bc9f8d06795125ca0c548516f91e0ba838cb9de8f8b0df,0x59aab1bd0d26290274398c07b55955c15425e16b,0x00fe78205f5f0e63b8ad2b2ae5337f538a610e04,2026-08-15T02:45:05,complex_trace;high_gas_used_context;token_activity_burst,0x34fcd5be,false
25755152,0xc79d6bdc25899e4303ec8d5059ccb4ecf1b930ff8da62f566a53c52687893e0a,0x4838b106fce9647bdf1e7877bf73ce8b0bad5f97,0xfeeeeee44046c3f61a8cc081e0918ef0de0a7ffc,2026-08-15T02:45:05,selfdestruct_context,0x6a7f621f,true
25755153,0x008f215e2fb7e6d1781eddb63995bc6b2e856cb0412899407c98ab11e7d8812b,0xfe377d0171ad1617af848ebd20dd59e09af87bd9,0xb62093c8dd041c758b7062f755f4975189f3e0af,2026-08-15T02:45:22,dense_internal_fund_flow;complex_trace,0x0965d04b,true
25755153,0x77da30d7a9a08a8f628aee34fd327f7d0133229095ce35bb712dbf02b62fe8df,0x4838b106fce9647bdf1e7877bf73ce8b0bad5f97,0xfeeeeee44046c3f61a8cc081e0918ef0de0a7ffc,2026-08-15T02:45:23,selfdestruct_context,0x6a7f622b,true
25755153,0x8cb9e8c9f4aa20e0e5834b5fcf8c1f50e4e1c0bf7924987d3c3eaa33d24291ec,0x59aab1bd0d26290274398c07b55955c15425e16b,0x00fe78205f5f0e63b8ad2b2ae5337f538a610e04,2026-08-15T02:45:23,complex_trace;high_gas_used_context,0x34fcd5be,false
25755153,0xc149de59888f48de2e46e8b86f0b9dcc718681045303c2a9cb3c16a367df1577,0x4838b106fce9647bdf1e7877bf73ce8b0bad5f97,0xfeeeeee44046c3f61a8cc081e0918ef0de0a7ffc,2026-08-15T02:45:23,selfdestruct_context,0x6a7f622b,true
25755153,0xe3435d2e85d18610ff994827a1982378a506420e10a512cd15b55b2a57a9fd31,0x551f7844fd4b3919cc122b445e77a3e37ad70eb9,0x334f5d28a71432f8fc21c7b2b6f5dbbcd8b32a7b,2026-08-15T02:45:23,complex_trace;high_gas_used_context,0x6e553f65,false
25755153,0xffbb378d85e6878216e003a8102be69e67989781033ee4e2181ebfb0469e4327,0x84911b522498ea39209419793c3c3d5c4d13896a,0xbd216513d74c8cf14cf4747e6aaa6420ff64ee9e,2026-08-15T02:45:23,complex_trace;high_gas_used_context;token_activity_burst,0xb88d4fde,true
25755154,0xc629b3c8fbf3c6c7130df14bf8a59aff14aefb7b9fca9e9635d39a232df0fea1,0x7830c87c02e56aff27fa8ab1241711331fa86f43,0xa9d1e08c7793af67e9d92fe308d5697fb81d3e43,2026-08-15T02:45:32,dense_internal_fund_flow,0x1a1da075,true
25755154,0x83e01e4c4b1be3e581d0a60a10b436344e6ecad128170c2bce987c3b0c370aa1,0x69a64b034dcd2d1556ac37d598d7b94a2ad5df4b,0x995b634fceb20a8c7c07e2d6a2b1b4975d1b02a4,2026-08-15T02:45:33,privileged_execution_context,0x3f579f42,false
25755154,0xfba502d78d59f88cb31ad0fca089fc17dbfe499ee62e204e7f122336f1d621f8,0x99a5b028d785a7bd475339b1f8548d6d659ce5c2,0x2d83ff1cb1c79c68fe530d35f439a92a645faded,2026-08-15T02:45:33,dense_internal_fund_flow;complex_trace,0x07ed2379,true
25755154,0x55bfe10db6e6f4d5d07f0bb51d55ca152598b7939cad8678eaaefe65a62ebb05,0x59aab1bd0d26290274398c07b55955c15425e16b,0x00fe78205f5f0e63b8ad2b2ae5337f538a610e04,2026-08-15T02:45:34,complex_trace;high_gas_used_context,0x34fcd5be,false
25755154,0x8fb5a3d50d49328704d2046a611fcc5fc7d60d1258fc65d4ababb580acacff67,0x4838b106fce9647bdf1e7877bf73ce8b0bad5f97,0xfeeeeee44046c3f61a8cc081e0918ef0de0a7ffc,2026-08-15T02:45:34,selfdestruct_context,0x6a7f6237,true
25755155,0x1176c3968e2ac3a4e42c3fb9238c984651376736830561c7970c61cc7fdf5efd,0x66279c02405bcfccc27dfbfc4978721620d9ea3d,0x4313c378cc91ea583c91387b9216e2c03096b27f,2026-08-15T02:45:38,dense_internal_fund_flow;complex_trace,0xeffbec13,true
25755155,0x3cd5efa6b2cd771c0494be0369b6f505a09c1cd4f373eda3d2fb1e5c197d4388,0xbe0b407782a7599380fa726db315340126d62229,0x4d2fb5f8ec243fde4df1a9678b82238570c7e0e4,2026-08-15T02:45:38,repeated_internal_token_drain;dense_internal_fund_flow;complex_trace;high_gas_used_context;token_activity_burst;repeated_risky_internal_calls,0x6a761202,true
25755155,0x5bbb3f014d420cfe7cbcd91c6a4ed8476cc37cc8266e26609b0391c9622f94ae,0xa4f578c06a896350a7967fb227dbb7c034b00862,0x07964f135f276412b3182a3b2407b8dd45000000,2026-08-15T02:45:39,dense_internal_fund_flow;complex_trace,0xd808d889,true
25755155,0xa098acdb0fe2f0663ae03e1b7cad5e8552de3afbfbde2c9bc545aa366240e215,0xec0264f30b41f7e1cedccfc965d5e89a937deff6,0x3bec1fc3556cbdfd9ebf9ff398ef0434f1d7ad03,2026-08-15T02:45:39,dense_internal_fund_flow,0x2adcd7af,true
25755155,0xa6ddc47312904704f82b0bc7d133de7642022a234c790f691fb11603d4fffccd,0x59aab1bd0d26290274398c07b55955c15425e16b,0x00fe78205f5f0e63b8ad2b2ae5337f538a610e04,2026-08-15T02:45:39,complex_trace;high_gas_used_context,0x34fcd5be,false
25755155,0xcc5a09e7b54130ee1e6c14b8e64246e7840782548b4e3f74f4fa5d587c27905e,0x48f07c16cbd5f12939e1ab24b8a23d161d6c3596,0x0000000071727de22e5e9d8baf0edac6f37da032,2026-08-15T02:45:39,dense_internal_fund_flow;complex_trace,0x765e827f,true
25755155,0xf3e7d03d742811ccfcb788d3cddf6dede9d6e269557dc80f4f2c41e65603f218,0x4838b106fce9647bdf1e7877bf73ce8b0bad5f97,0xfeeeeee44046c3f61a8cc081e0918ef0de0a7ffc,2026-08-15T02:45:39,selfdestruct_context,0x6a7f6243,true
25755156,0x454c2cc407910fd5fe32724e1b2859532920a27eb8b14b3cd42c6ef7cac792ad,0x3cfdc212769c890907bce93d3d8c2c53de6a7a89,0x0000000071727de22e5e9d8baf0edac6f37da032,2026-08-15T02:45:46,privileged_execution_context;complex_trace,0x765e827f,false
25755156,0x7a9bfb58cc762eacc46ac7ef23b7d4e84e5c3f18609bd9b058083332050c7551,0xae2fc483527b8ef99eb5d9b44875f005ba1fae13,0x1f2f10d1c40777ae1da742455c65828ff36df387,2026-08-15T02:45:46,complex_trace;high_gas_used_context;approval_burst,0x2bd0a0b8,false
25755156,0x9971a0fbb28c2d46dc19aafa68485051fe9f6d772644dcd9c527c7fefb8badc5,0x1584a8ee67789d1fe161065388657ad2f2a3c7dd,0x77eb52e44db06777bce478159f25c0d55a295314,2026-08-15T02:45:46,repeated_internal_token_drain;dense_internal_fund_flow;complex_trace;high_gas_used_context;token_activity_burst;repeated_risky_internal_calls,0xa9059cbb,true
25755156,0xa1d7e91535c74f68a5f99fb9cb46d34e122a8e6ef471172f7b34136d73eb67ac,0xfe377d0171ad1617af848ebd20dd59e09af87bd9,0xb62093c8dd041c758b7062f755f4975189f3e0af,2026-08-15T02:45:46,dense_internal_fund_flow;complex_trace;high_gas_used_context,0x0965d04b,true
25755156,0xdf837220c5fc9c09c0984aee349e6f01c6bbb1ad1608b7de8b5173cddad0dd23,0xe99bd1c2dd70cd58e5efd47887991700e7318ce2,0xad3b67bca8935cb510c8d18bd45f0b94f54a968f,2026-08-15T02:45:46,dense_internal_fund_flow;complex_trace;token_activity_burst;approval_burst,0x146ee74d,true
25755156,0x137217d67a74efe21abaad367bc3c87f3cf1843738082a338842c232aea1c0c9,0xdaa880d1bdf3fb04b760235d0a4b384f2c403a43,0x67eb9338bad71443adc1f6c319d5400292a8b7e4,2026-08-15T02:45:47,complex_trace;high_gas_used_context,0xb5c5f672,false
25755156,0x4db64084d406bc8fbd9e43cf3224f383dd1a6cafb60173375cb8a35618811440,0x02231f8bdc8565ebd7b838f6c39c6ad87356fd8f,0x50c4e75a512f2a14a7b304787adf79c4531a5909,2026-08-15T02:45:47,dense_internal_fund_flow;complex_trace,0x2213bc0b,true
25755156,0x7b63a5318bffe354f3bd38a8cb8bb0d04f09b4012f7f3ae8676d26c83e5e7492,0x59aab1bd0d26290274398c07b55955c15425e16b,0x00fe78205f5f0e63b8ad2b2ae5337f538a610e04,2026-08-15T02:45:47,complex_trace;high_gas_used_context,0x34fcd5be,false
25755156,0xc1c79c9578420b9f92aa74a843a3b877751413eb2528d445ce7424cb73b9c724,0xb6ba562ef547c94c2a863d5e4e0395695cfcf714,0x2a21014b89f72de3ffa6d645f89b8ca5a6effe75,2026-08-15T02:45:47,complex_trace;high_gas_used_context,0xb5c5f672,false
25755156,0xdad8ceb56aeb61e4be5ab7c431629740365f5d3f5b493d9da9baf7c46e2c84aa,0x4838b106fce9647bdf1e7877bf73ce8b0bad5f97,0xfeeeeee44046c3f61a8cc081e0918ef0de0a7ffc,2026-08-15T02:45:47,selfdestruct_context,0x6a7f624f,true
25755157,0x7e64b2f23cd54153f8986814fcd54e9d50e63fa006b02c59912e03a1c53818ed,0x4838b106fce9647bdf1e7877bf73ce8b0bad5f97,0xfeeeeee44046c3f61a8cc081e0918ef0de0a7ffc,2026-08-15T02:45:53,selfdestruct_context,0x6a7f625b,true
25755157,0xc70dcd7af3ec695e2cd72a08f13c3156405366040558576bf52fb6e5d8e83da3,0xe4341bbb016350977ee65ee5505b795b09d3847e,0x28b1dc1a5e3699a428bc51d234dfab7c9cb2a183,2026-08-15T02:45:53,complex_trace;high_gas_used_context,0x0c307f76,false
25755157,0xe2f9b886995ea2a6da76d44872761b33cca6436baad5b178bc19ce3e825d3e04,0xe89519e08f2cc5f7ccac23b9b618ae773a76a468,0x3d90f66b534dd8482b181e24655a9e8265316be9,2026-08-15T02:45:53,dense_internal_fund_flow;complex_trace,0x47ee97ff,true
25755158,0x1119192f6c76cdb9d694b81cbbb69d461475b29f94cb529e8dd454822029c884,0xb23360ccdd9ed1b15d45e5d3824bb409c8d7c460,0x09c30cdcdd971423cb3ba757a47d56c35d06d818,2026-08-15T02:46:12,dense_internal_fund_flow,0x318adb8b,true
25755158,0xa2fc0c74abd693520915dcac099df2d0fe8731dbb2ddfd9aaaa185362080f811,0xf70da97812cb96acdf810712aa562db8dfa3dbef,0xb92fe925dc43a0ecde6c8b1a2709c170ec4fff4f,2026-08-15T02:46:12,dense_internal_fund_flow,0xcd6e13f7,true
25755158,0xb4354c5b24ad04189cfe804857d14424968fa64ec9320a1b834905da74325815,0xc6acbee42e9e323140c1ed060c2f6ea9cc3b4b75,0x7c5a71c9fefbc7691f9d4ac7baf70c743792f716,2026-08-15T02:46:12,selfdestruct_context,0xf3fef3a3,true
25755158,0xc06a6714783abe99ae87b7ec35f7df7324642725381cf798e7065c3a6b2ec4b4,0x43370330be39d388f6219d8241dc1f76fb9df268,0x5ff137d4b0fdcd49dca30c7cf57e578a026d2789,2026-08-15T02:46:12,privileged_execution_context;complex_trace,0x1fad948c,false
25755158,0x007d8851b11746726b1266e85e64f19a39a5ac452ca1cb2c4e41659d9af58976,0x59aab1bd0d26290274398c07b55955c15425e16b,0x00fe78205f5f0e63b8ad2b2ae5337f538a610e04,2026-08-15T02:46:13,complex_trace;high_gas_used_context;token_activity_burst,0x34fcd5be,false
25755158,0x3c2536a62d4a4666953ec9a1b21a08f1663d02ff96eac59791a0726662e7de4f,0x4838b106fce9647bdf1e7877bf73ce8b0bad5f97,0xfeeeeee44046c3f61a8cc081e0918ef0de0a7ffc,2026-08-15T02:46:13,selfdestruct_context,0x6a7f6267,true
25755159,0x12289885effc8d4b2a782f5526466f77330c263062c2d8d96b854003fc1e1267,0xde7a849216aa3884d53d84ecb02c19eb67e5dae2,0x7d9f4ca54131e588fc1fe577973b55fb11231e76,2026-08-15T02:46:19,repeated_internal_token_drain;dense_internal_fund_flow;complex_trace;high_gas_used_context;token_activity_burst;repeated_risky_internal_calls,0x6aac3a0b,true
25755159,0x1c6eeb1545a8dc50c1266ff7efcfcb86a8ae9a5af1caa401e2bce778bae5ef91,0x7830c87c02e56aff27fa8ab1241711331fa86f43,0xa9d1e08c7793af67e9d92fe308d5697fb81d3e43,2026-08-15T02:46:19,large_erc20_asset_flow,0xca350aa6,true
25755159,0x21edae15ab2fae63259aa116d4049265c4fc1269aac1fdae25f59e3187e5db27,0x4838b106fce9647bdf1e7877bf73ce8b0bad5f97,0xfeeeeee44046c3f61a8cc081e0918ef0de0a7ffc,2026-08-15T02:46:19,selfdestruct_context,0x6a7f6273,true
25755159,0x266f3c54394e41b63ca0eabf55f0a5d5af995af65a884576e34bbccdf5671268,0x7830c87c02e56aff27fa8ab1241711331fa86f43,0xa9d1e08c7793af67e9d92fe308d5697fb81d3e43,2026-08-15T02:46:19,dense_internal_fund_flow,0x1a1da075,true
25755159,0x64f9d19cf4114530943557be5a202034a987e353e31451d39a03305874c9b485,0xe487832018fbd594c84f1db3dfac61cde98a5f36,0x91ff8bbd8ebb07893010d50a48a1609e5ebd8e34,2026-08-15T02:46:19,complex_trace;high_gas_used_context,0x069d1525,false
25755159,0x730c7ca414c3e1b659d3f1905e842347d719a2c0ac3991a8507a9020de256eb3,0x59aab1bd0d26290274398c07b55955c15425e16b,0x00fe78205f5f0e63b8ad2b2ae5337f538a610e04,2026-08-15T02:46:19,complex_trace;high_gas_used_context,0x34fcd5be,false
25755159,0xe5ad3c623001393ff0cac77a6a49b0e102332785f9e9144b1274af872812e020,0xfe377d0171ad1617af848ebd20dd59e09af87bd9,0xb62093c8dd041c758b7062f755f4975189f3e0af,2026-08-15T02:46:19,complex_trace;high_gas_used_context,0x0965d04b,false
25755159,0xe9a2182cd8754e93b018d0b22a94def38579d558fad67b65535175b0f4fed863,0xae2fc483527b8ef99eb5d9b44875f005ba1fae13,0x1f2f10d1c40777ae1da742455c65828ff36df387,2026-08-15T02:46:19,major_dex_price_change,0x2b60520e,true
25755160,0x6450e73d547a5426dd903db250d0806ae2474f19c357eebdd111472f1aaeddde,0x4838b106fce9647bdf1e7877bf73ce8b0bad5f97,0xfeeeeee44046c3f61a8cc081e0918ef0de0a7ffc,2026-08-15T02:46:39,selfdestruct_context,0x6a7f627f,true
25755160,0xb699bf4935c1ad1af831abf0c36461b97ebea51b19f8b6044e3d29d96d3e06d8,0x8ef192fee9fadc5be028e2f46a9a14cb30d40952,0x663dc15d3c1ac63ff12e45ab68fea3f0a883c251,2026-08-15T02:46:39,dense_internal_fund_flow;complex_trace,0x4d8160ba,true
25755161,0x5e9fe68c3e0a2b3eede10c51b1f2b243debf7f2e0a0d36726b214a938aea9bc9,0xde992badd92adaf9146255e9bde6a70770973664,0x3d0f22bf11636cc9cb129e2b261eed35a487455c,2026-08-15T02:46:51,complex_trace;high_gas_used_context,0xa9059cbb,false
25755161,0x86ff78a6303beb636132ee722566c0235c76a3cd92128528f4b70984d25808a5,0x09a591f0e4fa0abac08f05bc0916c51ee34c1a1b,0x5cb16a393b9b43c590953b51058edab1bde0f5fa,2026-08-15T02:46:51,dense_internal_fund_flow,0x501d976c,true
25755161,0xe5f2dc238e4131a08a67bb728f64005633419cc596f0c6030481bcd516f5c774,0x4838b106fce9647bdf1e7877bf73ce8b0bad5f97,0xfeeeeee44046c3f61a8cc081e0918ef0de0a7ffc,2026-08-15T02:46:51,selfdestruct_context,0x6a7f628b,true
25755161,0xf0a9765d5399a0c217f4c328f2a9e0a808e83106b92e77958d7ba2671879eb3b,0x70e59f9c304e4d5096bd408b571e2dcd99c3120b,0xad3b67bca8935cb510c8d18bd45f0b94f54a968f,2026-08-15T02:46:51,complex_trace;approval_burst,0x146ee74d,false
25755161,0xf6aba8edd886b840f345494e64a70df489b8274b8a102a7fbec940e91a536fc2,0xfe377d0171ad1617af848ebd20dd59e09af87bd9,0xb62093c8dd041c758b7062f755f4975189f3e0af,2026-08-15T02:46:51,complex_trace;high_gas_used_context,0x0965d04b,false
25755161,0x4a1de739098a83140e119344353df1108b487ac1a91645aa557e1e23a0f5c983,0x09cfee647fa339133380191c8db6b44f24500c9d,0x77b85afbcd336993ac1c65057531c5a5b33b76b8,2026-08-15T02:46:52,repeated_internal_token_drain;dense_internal_fund_flow;complex_trace;high_gas_used_context;token_activity_burst;repeated_risky_internal_calls,0xa9059cbb,true
25755161,0x7491b4d283853bb18df8a2b1e4b21a66da0dc09744f26fd7e7671d67ccd19270,0x59aab1bd0d26290274398c07b55955c15425e16b,0x00fe78205f5f0e63b8ad2b2ae5337f538a610e04,2026-08-15T02:46:52,complex_trace;high_gas_used_context;token_activity_burst,0x34fcd5be,false
25755161,0xd1141a5fe8a946c84b0ece4f7bd0f394769be947fb8a3dc0cbaa79c3a158d104,0x4838b106fce9647bdf1e7877bf73ce8b0bad5f97,0xfeeeeee44046c3f61a8cc081e0918ef0de0a7ffc,2026-08-15T02:46:52,selfdestruct_context,0x6a7f628b,true
25755162,0x10a9680ebde795e1682d3cba2265557ac0f6f5ee0af44db9d28e471b971af9a9,0xdadb0d80178819f2319190d340ce9a924f783711,0xfeeeeee44046c3f61a8cc081e0918ef0de0a7ffc,2026-08-15T02:46:56,selfdestruct_context,0x6a7f6297,true
25755162,0x1aeb5df914ea9dd364148d79055a299f43498b2cf3e8a0109c51f601e77a2daa,0x8d0521c7748e47369794cd346fb61ad31b0a2b03,0x0b8a49d816cc709b6eadb09498030ae3416b66dc,2026-08-15T02:46:56,dense_internal_fund_flow;complex_trace,0xf497df75,true
25755162,0x4bb257f0e9d9ade7681451dc886be029a5cef86c920d01be9b6783eb14ca83cb,0xdadb0d80178819f2319190d340ce9a924f783711,0xfeeeeee44046c3f61a8cc081e0918ef0de0a7ffc,2026-08-15T02:46:56,selfdestruct_context,0x6a7f6297,true
25755162,0x62f39062fca6ca265de7d9a243e3902ff37e66cf822df2cc8a53b04fd03d479f,0xfe377d0171ad1617af848ebd20dd59e09af87bd9,0xb62093c8dd041c758b7062f755f4975189f3e0af,2026-08-15T02:46:56,dense_internal_fund_flow;complex_trace;high_gas_used_context,0x0965d04b,true
25755162,0x69ab5ba2e0df502b967aebd5fed77884d53dd33ee05beea80ef7ef1603e961e5,0xdaa880d1bdf3fb04b760235d0a4b384f2c403a43,0x67eb9338bad71443adc1f6c319d5400292a8b7e4,2026-08-15T02:46:56,complex_trace;high_gas_used_context,0x0efe6a8b,false
25755162,0x70ad1ef732911da1f6978878cee71036ce5788f94ab25590fd982af8914ea1bc,0xe487832018fbd594c84f1db3dfac61cde98a5f36,0x91ff8bbd8ebb07893010d50a48a1609e5ebd8e34,2026-08-15T02:46:56,complex_trace;high_gas_used_context,0x069d1525,false
25755162,0xa1e1d9194dec09e0a3438d798e0d124ff95921d5adb22cd163ccf2863b66fa6c,0x2a396dd5cab12199a50ce62951e8474decab0529,0x334f5d28a71432f8fc21c7b2b6f5dbbcd8b32a7b,2026-08-15T02:46:56,complex_trace;high_gas_used_context,0x6e553f65,false
25755162,0xde79b1b82f3c8b29abcc93b936a50d4c5433d472416ea82c6d59ffcb072d36e5,0xdda3b51e29f9d6fad865c5dd7070d5f7eb57663e,0x8d8210a0252a706cb5de0c6f8e46b6d3692afc19,2026-08-15T02:46:56,complex_trace;high_gas_used_context,0xffc3a769,false
25755162,0xe4b629dd50d5a4b5281726e944ab7b2b53f84ed407256184c3b885fa8fc64e42,0xdadb0d80178819f2319190d340ce9a924f783711,0xfeeeeee44046c3f61a8cc081e0918ef0de0a7ffc,2026-08-15T02:46:56,selfdestruct_context,0x6a7f6297,true
25755163,0x01c91d52f9c817253ae003fe27802e94c60b6dee7f91e698ff2ebffe59aa541d,0x7225d8708b78772f7ccadc6df264c42b2b96c35a,0x0b8a49d816cc709b6eadb09498030ae3416b66dc,2026-08-15T02:47:26,dense_internal_fund_flow;complex_trace,0xf497df75,true
25755163,0x61ca65aaeaefc2694924048398705dfea3da4faacf5d3a7a723d6d54528a14c4,0xf4277d3ca7ddbcf501bf9067252989f0cf126f76,0x14ca324f6a31ba1af606d6a6e9c31cb67d017989,2026-08-15T02:47:26,dense_internal_fund_flow;very_complex_trace;high_gas_used_context,0x6bfd11f7,true
25755163,0x9effe8cef60e7e52a5f22f098bd38ab83455e215e4d08b1a4125c97d62c0063c,0x7b49bc3ebbdf7322f31c6449320382bbec3be1b6,0xad3b67bca8935cb510c8d18bd45f0b94f54a968f,2026-08-15T02:47:26,complex_trace;approval_burst,0x146ee74d,false
25755163,0x8be2d145206463e1b8cb480919dc83015e7cac3e29b0fbf7546f6f51661978b9,0xde992badd92adaf9146255e9bde6a70770973664,0x3d0f22bf11636cc9cb129e2b261eed35a487455c,2026-08-15T02:47:27,complex_trace;high_gas_used_context,0xa9059cbb,false
25755163,0xd8453ea10656ac4bca7cafd8f1bfcf57d04df0d10240dca82283cfc2b8928ae4,0x59aab1bd0d26290274398c07b55955c15425e16b,0x00fe78205f5f0e63b8ad2b2ae5337f538a610e04,2026-08-15T02:47:27,complex_trace;high_gas_used_context,0x34fcd5be,false
25755163,0xde0f4bb3920371d5772017b451c8e37bc9fc7ec2791b4c2202b734f3e195a449,0x8b5606469e21c75edd7c74d1c7a65824675d9aff,0x9ccc2f3ecde026230e11a5c8799ac7524f2bb294,2026-08-15T02:47:27,dense_internal_fund_flow;complex_trace,0x1bc74526,true
25755163,0xc663f840b8b6221fd5ec4a210c107b80c3079f7bea7b38a829793f1eb2e9271e,0xdadb0d80178819f2319190d340ce9a924f783711,0xfeeeeee44046c3f61a8cc081e0918ef0de0a7ffc,2026-08-15T02:47:28,selfdestruct_context,0x6a7f62a3,true
25755163,0xc8507d2784da2ed1616b125ae5e7942102015ef3b1e3a226ca3e2b8d1200058f,0xdadb0d80178819f2319190d340ce9a924f783711,0xfeeeeee44046c3f61a8cc081e0918ef0de0a7ffc,2026-08-15T02:47:28,selfdestruct_context,0x6a7f62a3,true
25755164,0x3533d700df4b9727b0e97be448c648f49a41927a33ed928ed0c21290aba558f7,0x473ff61071e37e020b961e2059fd0d0d8870b593,0x28b1dc1a5e3699a428bc51d234dfab7c9cb2a183,2026-08-15T02:47:34,complex_trace;high_gas_used_context;token_activity_burst,0x0c307f76,false
25755164,0x9a5b7ead850bb21edfe0a09a277d0dfcdacb6d4a59086799163bea186fccf999,0x59aab1bd0d26290274398c07b55955c15425e16b,0x00fe78205f5f0e63b8ad2b2ae5337f538a610e04,2026-08-15T02:47:34,complex_trace;high_gas_used_context;token_activity_burst,0x34fcd5be,false
25755164,0xffcf5c53588782d279a04d58c5a2c4ace82e2a954296cf53dfba432d317aaae2,0x7830c87c02e56aff27fa8ab1241711331fa86f43,0xa9d1e08c7793af67e9d92fe308d5697fb81d3e43,2026-08-15T02:47:34,dense_internal_fund_flow,0x1a1da075,true
25755165,0x2cda66ed295a2a24262aa72ac55a466f49a63cf4bfa7666c8639b086e39d7040,0x1584a8ee67789d1fe161065388657ad2f2a3c7dd,0x77eb52e44db06777bce478159f25c0d55a295314,2026-08-15T02:47:59,repeated_internal_token_drain;dense_internal_fund_flow;complex_trace;high_gas_used_context;token_activity_burst;repeated_risky_internal_calls,0xa9059cbb,true
25755165,0x77791bf090c66e57b68611d39302acc1b1072729a1614c73f37bf5795f566dc1,0x70e59f9c304e4d5096bd408b571e2dcd99c3120b,0xad3b67bca8935cb510c8d18bd45f0b94f54a968f,2026-08-15T02:47:59,complex_trace;high_gas_used_context;token_activity_burst;approval_burst,0x146ee74d,false
25755165,0x8e29b5e12b73b10debbe17311fd88121ce42519987a8204a81e6bc10edb56134,0x5b43453fce04b92e190f391a83136bfbecedefd1,0xbdb3ba9ffe392549e1f8658dd2630c141fdf47b6,2026-08-15T02:47:59,complex_trace;high_gas_used_context;token_activity_burst,0x000000c3,false
25755165,0x1cdce41e944d53b4219dfb5119db4684074a754308624815e858777907e3cd5f,0x4838b106fce9647bdf1e7877bf73ce8b0bad5f97,0xfeeeeee44046c3f61a8cc081e0918ef0de0a7ffc,2026-08-15T02:48:00,selfdestruct_context,0x6a7f62bb,true
25755165,0x379d2524626dcd520b43b0970eb637237660f33e709c111f12aef523437e4294,0xfe377d0171ad1617af848ebd20dd59e09af87bd9,0xb62093c8dd041c758b7062f755f4975189f3e0af,2026-08-15T02:48:00,complex_trace;high_gas_used_context,0x0965d04b,false
25755166,0x1e7536d589979ea3c57171bcf0e504362b4a21afa8ec9d44a237b047005266d1,0xde992badd92adaf9146255e9bde6a70770973664,0x3d0f22bf11636cc9cb129e2b261eed35a487455c,2026-08-15T02:48:04,complex_trace;high_gas_used_context,0xa9059cbb,false
25755166,0x32ad8be8195a1dac9d46fd3fd1f8c4d0af36b494fbfbf9920d5c406356347df0,0xde992badd92adaf9146255e9bde6a70770973664,0x3d0f22bf11636cc9cb129e2b261eed35a487455c,2026-08-15T02:48:04,complex_trace;high_gas_used_context,0xa9059cbb,false
25755166,0x99e59b2f5a8ba0e7ca947348f9f3ab881e77ce927a51547b96be859883c9db31,0x7830c87c02e56aff27fa8ab1241711331fa86f43,0xa9d1e08c7793af67e9d92fe308d5697fb81d3e43,2026-08-15T02:48:04,large_erc20_asset_flow;token_activity_burst,0xca350aa6,true
25755166,0xa7497b2ee640e90040b0f0f0f184f5a313ea22e0aa7bbe89a397764be369bc48,0x7830c87c02e56aff27fa8ab1241711331fa86f43,0xa9d1e08c7793af67e9d92fe308d5697fb81d3e43,2026-08-15T02:48:04,large_erc20_asset_flow,0xca350aa6,true
25755166,0xbcbca42f842faec84a47ffdbd65f943e34622f52260bf869d56814361e20fcd9,0x6815f92a3e613bfba449aaf48822748fb761aea8,0x3d90f66b534dd8482b181e24655a9e8265316be9,2026-08-15T02:48:04,dense_internal_fund_flow;complex_trace;high_gas_used_context,0x47ee97ff,true
25755166,0xf148691ad4caa3d6ba89dcf7096c5c737e6d8634b0fd75056288f9a2cc964e84,0xb52dae80b2ce64715d50ff3dfe4edd337f3d29bf,0x68f9dd5ba38250b9f1653c5e119f72b54f61092c,2026-08-15T02:48:04,complex_trace;high_gas_used_context,0x111966f6,false
25755166,0x318b8c66f2e8d0f7e193b003e3331888b437298961febd633bfdb602a0df1685,0xdadb0d80178819f2319190d340ce9a924f783711,0xfeeeeee44046c3f61a8cc081e0918ef0de0a7ffc,2026-08-15T02:48:05,selfdestruct_context,0x6a7f62c7,true
25755166,0x5fea98d04626c8d4b8215bc17e877ed0fcee1b33daa0483e6b92c6cdb3678f48,0xdadb0d80178819f2319190d340ce9a924f783711,0xfeeeeee44046c3f61a8cc081e0918ef0de0a7ffc,2026-08-15T02:48:05,selfdestruct_context,0x6a7f62c7,true
25755166,0x6b44176363dadbc7c701b9a3f636fb0008273270af618bd6f69c2e740aa98c23,0xe7488e7f5c60bfa81d38965c02b4cc5aa6249a11,0x000000000004598d17aad017bf0734a364c5588b,2026-08-15T02:48:05,complex_trace;high_gas_used_context,0x0fbb12dc,false
25755166,0xade5138567d80ce5df4b047e71d1bc0a00866f40527069b1056aac3fddee65ff,0xdadb0d80178819f2319190d340ce9a924f783711,0xfeeeeee44046c3f61a8cc081e0918ef0de0a7ffc,2026-08-15T02:48:05,selfdestruct_context,0x6a7f62c7,true
25755167,0x15239d2bd9e641e8b4df8b4f39d64b20d2faea1a9ddc2c4896dc34b699d44767,0x50bf934781f63028c5c8ef49c4affe19a86d99b6,0x8d04cc7e86e687854eb41d9d43512b655b93184b,2026-08-15T02:48:37,complex_trace;selfdestruct_context,0x4a1bf18a,false
25755167,0x4606cd3aeb045b513a1ac0d2406b69761bdd5b63c8e175051f3a05c006dc0557,0x4337009be43c7ecc9bfbde0f1780553aa065187e,0x4337084d9e255ff0702461cf8895ce9e3b5ff108,2026-08-15T02:48:37,dense_internal_fund_flow;complex_trace;high_gas_used_context;token_activity_burst,0x765e827f,true
25755167,0x5377ff648a4d47d67dcd9bacf35cab792f1fb5c7228e00ec7ac5027187ead6df,0xca7ded7e4f4ba8ab3b10009236ae6d1b95094589,0xb92fe925dc43a0ecde6c8b1a2709c170ec4fff4f,2026-08-15T02:48:37,complex_trace;high_gas_used_context,0xcd6e13f7,false
25755167,0xc772fab9f31fd677607f1dab708852b75d8eb237a44615c3ecf0b49300b48f14,0xca7ded7e4f4ba8ab3b10009236ae6d1b95094589,0xb92fe925dc43a0ecde6c8b1a2709c170ec4fff4f,2026-08-15T02:48:37,dense_internal_fund_flow,0xcd6e13f7,true
25755167,0x0ab2c9f13a72749a0c6092293104fe736563f6206f3d46917b991c47e93c4bdb,0xdadb0d80178819f2319190d340ce9a924f783711,0xfeeeeee44046c3f61a8cc081e0918ef0de0a7ffc,2026-08-15T02:48:38,selfdestruct_context,0x6a7f62d3,true
25755167,0xbc76c3a16cb2bb2d81a20bd7c8f5851aec8692830ae4ebba09ee958f0153c6c6,0x59cadf9199248b50d40a6891c9e329ea13a88d31,0xfeeeeee44046c3f61a8cc081e0918ef0de0a7ffc,2026-08-15T02:48:38,selfdestruct_context,0x6a7f62d3,true
25755167,0xe12334008eb317120f27087442570b4139609d6f11c8f3f43a9e29907b62ff72,0xde992badd92adaf9146255e9bde6a70770973664,0x3d0f22bf11636cc9cb129e2b261eed35a487455c,2026-08-15T02:48:38,complex_trace;high_gas_used_context,0xa9059cbb,false
25755167,0xe462a1a3bc5f7979126673c5c7bb3a9893cf87d9420f7d62f36c4642909fc813,0xdadb0d80178819f2319190d340ce9a924f783711,0xfeeeeee44046c3f61a8cc081e0918ef0de0a7ffc,2026-08-15T02:48:38,selfdestruct_context,0x6a7f62d3,true
25755167,0xf0f08582822b542d487ebd80d8973ac8beeeddf04b3c44118ca3a4c7a2ae382d,0xde992badd92adaf9146255e9bde6a70770973664,0x3d0f22bf11636cc9cb129e2b261eed35a487455c,2026-08-15T02:48:38,complex_trace;high_gas_used_context,0xa9059cbb,false
25755168,0x180e4a1ddfa715d9f27bb355c07b0d5a8fd316b16a1ed25d1d3baf7a37cc12ed,0x59aab1bd0d26290274398c07b55955c15425e16b,0x00fe78205f5f0e63b8ad2b2ae5337f538a610e04,2026-08-15T02:48:53,complex_trace;high_gas_used_context;token_activity_burst,0x34fcd5be,false
25755168,0x6004b8a5bb53df2e1f7a942796c814ad41c11b8855ce6a5e10b90db7906030da,0x1584a8ee67789d1fe161065388657ad2f2a3c7dd,0x77eb52e44db06777bce478159f25c0d55a295314,2026-08-15T02:48:53,repeated_internal_token_drain;dense_internal_fund_flow;complex_trace;token_activity_burst;repeated_risky_internal_calls,0xa9059cbb,true
25755168,0x8d57be5274fb50d9bff6c6e5eef3e3f681d705e6ee14e1c03edf290befa8fe93,0x59aab1bd0d26290274398c07b55955c15425e16b,0x00fe78205f5f0e63b8ad2b2ae5337f538a610e04,2026-08-15T02:48:53,complex_trace;high_gas_used_context,0x34fcd5be,false
25755168,0xac84bfff787cc4f5191060f2a3d0f669ce2d847f6aef50c1ed0ac8d2c80e12f3,0x0780c15b34288161e869e373e4b19bb8aba88d3f,0x2a3f001181caa010646136b764ca6ae705d9494d,2026-08-15T02:48:53,complex_trace;high_gas_used_context,0xa1ce527c,false
25755168,0xa22cba92630c347b6a76fefcd33ba3a78071303669862d3a93c3423b94aadce0,0x35a31744530bf5963c83998344567965969b8f11,0x8090a9db6aca56ffa186c75ca0787b18af1058a0,2026-08-15T02:48:54,complex_trace;high_gas_used_context,0xd85064c2,false
25755169,0x3e6ab204847b2b7f4a11464f85055c833cbe22c77fbf0e279719df10436e04c5,0x7830c87c02e56aff27fa8ab1241711331fa86f43,0xa9d1e08c7793af67e9d92fe308d5697fb81d3e43,2026-08-15T02:48:58,dense_internal_fund_flow;high_gas_used_context,0x1a1da075,true
25755169,0x9317ae7879ace8964b92d2b5639c042f34c106bdbb75dbf38e857a5459fcc18e,0x2476f1712ed6077197bf5b0fe8e60d7753f5b1ed,0xa8c1c98aaf99a5dfc907d61b892b2ad624901185,2026-08-15T02:48:58,dense_internal_fund_flow,0x0970a5a0,true
25755169,0x18896f0d52cb880e3ac0c373c7302c1cf5fc1e2a8cee91c39d843d6f28b6a32f,0xfe377d0171ad1617af848ebd20dd59e09af87bd9,0xb62093c8dd041c758b7062f755f4975189f3e0af,2026-08-15T02:48:59,complex_trace;high_gas_used_context,0x0965d04b,false
25755169,0x946900f2c7424936fd3a7537ba0721b019e149ac90ccf142e8433b61eec53e79,0x4838b106fce9647bdf1e7877bf73ce8b0bad5f97,0xfeeeeee44046c3f61a8cc081e0918ef0de0a7ffc,2026-08-15T02:48:59,selfdestruct_context,0x6a7f62eb,true
25755169,0xd81b5dcd68192317e2348aa6dd9fa434264a67a64b3b63f5a49a2c7900f44f38,0x59aab1bd0d26290274398c07b55955c15425e16b,0x00fe78205f5f0e63b8ad2b2ae5337f538a610e04,2026-08-15T02:48:59,complex_trace;high_gas_used_context,0x34fcd5be,false
25755170,0x29013c22e76738aca5221b0f83c604c4335e06c93219a539da5e302f6a695602,0xd6434d157f254276d69ede3bd9fc805482206908,0x7ec8a30a34b86927dc77b302603d1d53e640bef7,2026-08-15T02:49:04,repeated_internal_token_drain;dense_internal_fund_flow;complex_trace;high_gas_used_context;token_activity_burst;repeated_risky_internal_calls,0xa9059cbb,true
25755170,0x39417b802cfe5dea79a208abd23cd4d3811a7a647788b45e17fa195a554fe373,0xdda3b51e29f9d6fad865c5dd7070d5f7eb57663e,0x8d8210a0252a706cb5de0c6f8e46b6d3692afc19,2026-08-15T02:49:04,complex_trace;high_gas_used_context,0xffc3a769,false
25755170,0x561e56ff9eb297f3a6bcabcda55fd5d7e3671bafc040235aeb1cc9cfc14e8db2,0xdadb0d80178819f2319190d340ce9a924f783711,0xfeeeeee44046c3f61a8cc081e0918ef0de0a7ffc,2026-08-15T02:49:04,selfdestruct_context,0x6a7f62f7,true
25755170,0x64f37fa7134986850b86b3678e0443b14e09109302fe6460ded4cb14296d92cc,0xdadb0d80178819f2319190d340ce9a924f783711,0xfeeeeee44046c3f61a8cc081e0918ef0de0a7ffc,2026-08-15T02:49:04,selfdestruct_context,0x6a7f62f7,true
25755170,0x7e4e6b28f2a81f58e9a368a84fac2a6e395fcdb5cfcb1c0ad1b1631b2bd9a20b,0x29dbf88cbbb7b3c4c08205387e9285e20676a41a,0x07964f135f276412b3182a3b2407b8dd45000000,2026-08-15T02:49:04,dense_internal_fund_flow,0xd808d889,true
25755170,0x8eb90da7fc1b19aa895fb1d3a2c64e0a34f5eb40613a4ba60da3729bf4bc9f79,0x59aab1bd0d26290274398c07b55955c15425e16b,0x00fe78205f5f0e63b8ad2b2ae5337f538a610e04,2026-08-15T02:49:04,complex_trace;high_gas_used_context,0x34fcd5be,false
25755171,0x2641dd49449e999000604e66e7f0983c619d1aca06b0dd135582518053fcf164,0xfe377d0171ad1617af848ebd20dd59e09af87bd9,0xb62093c8dd041c758b7062f755f4975189f3e0af,2026-08-15T02:49:08,complex_trace;high_gas_used_context,0x0965d04b,false
25755171,0x7745cbf14433693217503d838408c219b23665998e77acc4c1d050efdf466e82,0xe20446cccbfd5f9038e747f1dea8016ecbd94ae5,0x442be06bb5d13711a22ccd3fa382b72a874c5135,2026-08-15T02:49:09,privileged_execution_context;complex_trace;high_gas_used_context,0xf7b5c341,false
25755171,0x887e91816867e5c2b0a22496f553fcb6bf1b633d4299a4eefee4b115786fe89d,0xdadb0d80178819f2319190d340ce9a924f783711,0xfeeeeee44046c3f61a8cc081e0918ef0de0a7ffc,2026-08-15T02:49:09,selfdestruct_context,0x6a7f6303,true
25755171,0x9de2120697970c7a2f3323452c444ed64c57175508cdff95bb392ee82232d4fd,0xdadb0d80178819f2319190d340ce9a924f783711,0xfeeeeee44046c3f61a8cc081e0918ef0de0a7ffc,2026-08-15T02:49:09,selfdestruct_context,0x6a7f6303,true
25755171,0x9e9ab0fadc8af67f6dd7ae8901cd2746db7e864ba99aaa3918fa6e9f08e08a2c,0xdadb0d80178819f2319190d340ce9a924f783711,0xfeeeeee44046c3f61a8cc081e0918ef0de0a7ffc,2026-08-15T02:49:09,selfdestruct_context,0x6a7f6303,true
25755171,0xa4e21647a8fde7900a022e3d16404cd1d5bde4033e55ca6264118032aeeb3555,0xe99bd1c2dd70cd58e5efd47887991700e7318ce2,0xad3b67bca8935cb510c8d18bd45f0b94f54a968f,2026-08-15T02:49:09,complex_trace;approval_burst,0x146ee74d,false
25755172,0x00e098e94b290bd435db60caf2821b7a7377883cac20fc13b35391a5ab038d3b,0x00000000005a07151ea1d4421aa1bd87946f4bb6,0x0000000000be226afde21672a5e4adc45692e69d,2026-08-15T02:49:22,complex_trace;high_gas_used_context;token_activity_burst,0x00040000,false
25755172,0x1b01c15822c3934dff18d81f9bfb28fca95e212b6fa45c328cb65783e593f1de,0xfe377d0171ad1617af848ebd20dd59e09af87bd9,0xb62093c8dd041c758b7062f755f4975189f3e0af,2026-08-15T02:49:22,dense_internal_fund_flow;complex_trace;high_gas_used_context,0x0965d04b,true
25755172,0xf4a75b35d4ba494aedf14019d40eb25472f31685a71f19ae97aa846943dc64f6,0x7830c87c02e56aff27fa8ab1241711331fa86f43,0xa9d1e08c7793af67e9d92fe308d5697fb81d3e43,2026-08-15T02:49:22,dense_internal_fund_flow;high_gas_used_context,0x1a1da075,true
25755172,0xf729637f80dde22b5f356008e3e8bc006ce68abf5d7638a2271350727d794283,0x5b43453fce04b92e190f391a83136bfbecedefd1,0xbdb3ba9ffe392549e1f8658dd2630c141fdf47b6,2026-08-15T02:49:22,complex_trace;high_gas_used_context;token_activity_burst,0x000000c3,false
25755172,0x7736a2e85f6c2b4193ab47084108ae4bbb2d9c5867415be1c531c30adb94d49a,0x161643f280b09be8e0271eef8efc6c264d125003,0x6eb53247e1e278e4893bce9f3e060977bb000f64,2026-08-15T02:49:23,dense_internal_fund_flow;token_activity_burst,0xa9059cbb,true
25755172,0xe5e5e5a40abe46c1cd5c961063d0bd9c4f1a0954c96060f8963837923f82cfd9,0x59aab1bd0d26290274398c07b55955c15425e16b,0x00fe78205f5f0e63b8ad2b2ae5337f538a610e04,2026-08-15T02:49:23,complex_trace;high_gas_used_context,0x34fcd5be,false
25755172,0x9aa3fb5cefbc1895381fd22086202408c9dcfc071add40bd0fc7d4cce5c36705,0x9fc3da866e7df3a1c57ade1a97c9f00a70f010c8,0xfeeeeee44046c3f61a8cc081e0918ef0de0a7ffc,2026-08-15T02:49:24,selfdestruct_context,0x6a7f630f,true
25755172,0xc2d45a5ea36ec26a76d7d499c7498f89773240d6539ac7dbb6891c8d8287289e,0x09cfee647fa339133380191c8db6b44f24500c9d,0x77b85afbcd336993ac1c65057531c5a5b33b76b8,2026-08-15T02:49:24,repeated_internal_token_drain;dense_internal_fund_flow;complex_trace;high_gas_used_context;token_activity_burst;repeated_risky_internal_calls,0xa9059cbb,true
25755172,0xf370dbd5e065e91e61d28e55a72d29609a0b105d179b9688b599b66bc065250e,0x59aab1bd0d26290274398c07b55955c15425e16b,0x00fe78205f5f0e63b8ad2b2ae5337f538a610e04,2026-08-15T02:49:24,complex_trace;high_gas_used_context,0x34fcd5be,false
25755173,0x5424975b1bb419c2e5e2fd82959bfdcbc71e69e21ffaaa2e27864fe3ce487df8,0x59aab1bd0d26290274398c07b55955c15425e16b,0x00fe78205f5f0e63b8ad2b2ae5337f538a610e04,2026-08-15T02:49:33,complex_trace;high_gas_used_context,0x34fcd5be,false
25755173,0xc4c3b9c8ee26674594b37372967e74d332545bf53c3aed5c39c607d76100175b,0x4838b106fce9647bdf1e7877bf73ce8b0bad5f97,0xfeeeeee44046c3f61a8cc081e0918ef0de0a7ffc,2026-08-15T02:49:33,selfdestruct_context,0x6a7f631b,true
25755173,0xe5f631ea9525204af7e3ebd76b2b6aad8315bc40771bf5db482f26136cac4aa1,0xc0ffeebabe5d496b2dde509f9fa189c25cf29671,0xe08d97e151473a848c3d9ca3f323cb720472d015,2026-08-15T02:49:33,complex_trace;high_gas_used_context;token_activity_burst,0x1d23a9c4,false
25755174,0x28bf80fbf46782608d0a70c66016a61c41e203a6e26d3be969f5934f4f73e913,0x7830c87c02e56aff27fa8ab1241711331fa86f43,0xa9d1e08c7793af67e9d92fe308d5697fb81d3e43,2026-08-15T02:49:40,dense_internal_fund_flow,0x1a1da075,true
25755174,0xc593ebb83d7df324622c068aae46a4658f6c453944ab44b20770b59ed369af4e,0x5b43453fce04b92e190f391a83136bfbecedefd1,0xbdb3ba9ffe392549e1f8658dd2630c141fdf47b6,2026-08-15T02:49:40,complex_trace;token_activity_burst,0x000000c3,false
25755174,0x2af2d8e6d3543222504633399ba35156a0cab5459708ef3353a15a15da9f8bfd,0xfe377d0171ad1617af848ebd20dd59e09af87bd9,0xb62093c8dd041c758b7062f755f4975189f3e0af,2026-08-15T02:49:41,dense_internal_fund_flow;complex_trace;high_gas_used_context,0x0965d04b,true
25755174,0xe763dd8f3a79b7d92b3ed4bb933f92d64d1fd035a36854cecb1fd58354fdf6b9,0x4f82ab427caa14d3379b91d9dc8d20a2f4335ff8,0xccc88a9d1b4ed6b0eaba998850414b24f1c315be,2026-08-15T02:49:41,complex_trace;high_gas_used_context,0xf9e4bab4,false
25755174,0x430665a204d2c979ca6c655e2fff1bc693e140dec5b4e4c3c2ac0905efb429e1,0x1584a8ee67789d1fe161065388657ad2f2a3c7dd,0x77eb52e44db06777bce478159f25c0d55a295314,2026-08-15T02:49:42,repeated_internal_token_drain;dense_internal_fund_flow;complex_trace;token_activity_burst;repeated_risky_internal_calls,0xa9059cbb,true
25755174,0x21f132c8373c8b1aeed333998287e7317e54ed4800e41b4e191ea6e932a71cab,0x43370146366cfea21302962ae3a558d72bbcc487,0x4337084d9e255ff0702461cf8895ce9e3b5ff108,2026-08-15T02:49:43,complex_trace;high_gas_used_context,0x765e827f,false
25755174,0x2af8bc1432e54c5c50935628d0eb60d32672036070272d7e6e1ba207356a4689,0x000000cd6521ed1a65fae0678ea15af4eead74fe,0xd90e2f925da726b50c4ed8d0fb90ad053324f31b,2026-08-15T02:49:43,dense_internal_fund_flow;complex_trace,0xb438689f,true
25755174,0x4567fa5947cab481ade84dbe6555ed74f5e497250dcf0b80b6a0441970968569,0x7e72ae68a1740f0cc62d63af7856f4a830469b5c,0x20f6ee51340adeed01a59b0e65cb3703f3dc860c,2026-08-15T02:49:43,complex_trace;high_gas_used_context;token_activity_burst,0x46ec278a,false
25755174,0x63c19bb77ea2fdb09ce1e662a8eaf36060ac0c4e8f4c3d1bc3c7d09ff50e586c,0x4838b106fce9647bdf1e7877bf73ce8b0bad5f97,0xfeeeeee44046c3f61a8cc081e0918ef0de0a7ffc,2026-08-15T02:49:43,selfdestruct_context,0x6a7f6327,true
25755174,0x8e647797948cd490b33dc135c978120483ce8bcc83156454d646612d5b62d315,0x59aab1bd0d26290274398c07b55955c15425e16b,0x00fe78205f5f0e63b8ad2b2ae5337f538a610e04,2026-08-15T02:49:43,complex_trace;high_gas_used_context,0x34fcd5be,false
25755174,0xbf745de72743c1b3851c3c2d6ae8b533131055c5d04534e78e7bc29afb162d3f,0x17ded217df34c01b0b8160a0ee7adf4329a2aeae,0x111111125421ca6dc452d289314280a0f8842a65,2026-08-15T02:49:43,dense_internal_fund_flow;complex_trace,0x07ed2379,true
25755174,0xcb82b8dbe2b058eb08fd236bfc983c3542fb9201c417361408bfa7c051b63ed0,0xe99bd1c2dd70cd58e5efd47887991700e7318ce2,0xad3b67bca8935cb510c8d18bd45f0b94f54a968f,2026-08-15T02:49:43,complex_trace;high_gas_used_context;token_activity_burst;approval_burst,0x146ee74d,false
25755175,0xdd2c1ad91c88daf985fffd9d8af6ce9e1fe0094dcd9f4091951827a848536e40,0x59aab1bd0d26290274398c07b55955c15425e16b,0x00fe78205f5f0e63b8ad2b2ae5337f538a610e04,2026-08-15T02:49:49,complex_trace;high_gas_used_context;token_activity_burst,0x34fcd5be,false
25755176,0xb223902b606c3eb9efbfa34e85749e0512d3311086c05922932301d268d68f55,0xe20446cccbfd5f9038e747f1dea8016ecbd94ae5,0x442be06bb5d13711a22ccd3fa382b72a874c5135,2026-08-15T02:49:54,dense_internal_fund_flow;privileged_execution_context;complex_trace;high_gas_used_context,0xf7b5c341,true
25755176,0xca6124a3e753b2ad963df7e3d1d07a747ecfb0186f33100289510a6f4da19c01,0xd9b3857fb7199adb7d317d517d1cdb3dc1fa4c18,0x663dc15d3c1ac63ff12e45ab68fea3f0a883c251,2026-08-15T02:49:54,dense_internal_fund_flow;complex_trace,0x4d8160ba,true
25755176,0xbdc60f750f5fe3c76bba3c138db0dfd72ead3d7982eb27db9c02a535f442dcea,0x59aab1bd0d26290274398c07b55955c15425e16b,0x00fe78205f5f0e63b8ad2b2ae5337f538a610e04,2026-08-15T02:49:55,complex_trace;high_gas_used_context,0x34fcd5be,false
25755177,0xd3f4f9a3e6e3d7c0af2bfb858e92ea4cf7123f956ecdf778866a41d9bfa0043b,0x7b49bc3ebbdf7322f31c6449320382bbec3be1b6,0xad3b67bca8935cb510c8d18bd45f0b94f54a968f,2026-08-15T02:49:58,complex_trace;token_activity_burst;approval_burst,0x146ee74d,false
25755177,0xdbb8c8485e560f8bc07605f8251536ffbbf13f98a9cba15cbe8b1234f327d41f,0xe20446cccbfd5f9038e747f1dea8016ecbd94ae5,0x442be06bb5d13711a22ccd3fa382b72a874c5135,2026-08-15T02:49:58,privileged_execution_context,0xf7b5c341,false
25755177,0xfcb6c2f8f04329bd5399865dfd7aa31f6f77c49f8c9d84d53801913be761df85,0x13b5f7c38da2f6d22c48b69feadab8bf2397bfe6,0xcec1caa28ebc876d0883a0c492831e06e167b8b3,2026-08-15T02:49:58,selfdestruct_context,0xf3fef3a3,false
25755177,0xde718584d4ebc3994aecd54128d062d73c0afd893c42061e015af107ef70727c,0x59aab1bd0d26290274398c07b55955c15425e16b,0x00fe78205f5f0e63b8ad2b2ae5337f538a610e04,2026-08-15T02:49:59,complex_trace;high_gas_used_context,0x34fcd5be,false
25755178,0x02f91f5155880164f90cfe42f61526698d566dd560a0acf1202ce8dbe81492ec,0x2aa8233c0b136ac1eb501ddf50efec46ac1a5862,0x29469395eaf6f95920e59f858042f0e28d98a20b,2026-08-15T02:50:08,dense_internal_fund_flow,0x8553b234,true
25755178,0x1158743155f687fa8848449dfdff01d809cc1af2ddb08eca2ad1ca2d51b1be42,0xfe377d0171ad1617af848ebd20dd59e09af87bd9,0xb62093c8dd041c758b7062f755f4975189f3e0af,2026-08-15T02:50:08,dense_internal_fund_flow;complex_trace;high_gas_used_context,0x0965d04b,true
25755178,0x63740677abb94a87f497394bff54525d80ad0275af6436f6f4c63ea644123c73,0xf7ddf98a4b32c998fe68e1f04117ea3d0ab6c674,0x03f34be1bf910116595db1b11e9d1b2ca5d59659,2026-08-15T02:50:08,dense_internal_fund_flow;complex_trace,0xa32fe0a1,true
25755178,0xb9f4015edab5e5a0d56635d05d01615555a88435b327975c660226daaf1392cc,0xe99bd1c2dd70cd58e5efd47887991700e7318ce2,0xad3b67bca8935cb510c8d18bd45f0b94f54a968f,2026-08-15T02:50:08,complex_trace;high_gas_used_context;token_activity_burst;approval_burst,0x146ee74d,false
25755178,0xdfd2402b3a4e6bdf55c6f3bc9bc277ed48a5e5289c70e32569d16cfc15dd9795,0xdda3b51e29f9d6fad865c5dd7070d5f7eb57663e,0x8d8210a0252a706cb5de0c6f8e46b6d3692afc19,2026-08-15T02:50:08,complex_trace;high_gas_used_context,0xffc3a769,false
25755178,0x4d51343d17562fddc58664b60cefa2975160fda52a3ca4e25526d7411d3c9840,0x09d4f735d45909623e0a54215ad102717d258640,0x6a000f20005980200259b80c5102003040001068,2026-08-15T02:50:09,dense_internal_fund_flow,0x1a01c532,true
25755178,0x7e5c918cef3e160f99f532fd99deb4a16e481000d93d8c014d67d8260d28bfbe,0x4838b106fce9647bdf1e7877bf73ce8b0bad5f97,0xfeeeeee44046c3f61a8cc081e0918ef0de0a7ffc,2026-08-15T02:50:09,selfdestruct_context,0x6a7f6357,true
25755178,0x9d1e3427b3a912909361aaf7d8266132a450789dbdcf5a2d58a3e6522dfaed7b,0xe487832018fbd594c84f1db3dfac61cde98a5f36,0x91ff8bbd8ebb07893010d50a48a1609e5ebd8e34,2026-08-15T02:50:09,complex_trace;high_gas_used_context,0x069d1525,false
25755179,0x8bb4c21c7b2f78535e1eee109bc58b33c6766507047aaf74ae84f4990ae6893d,0xdda3b51e29f9d6fad865c5dd7070d5f7eb57663e,0x8d8210a0252a706cb5de0c6f8e46b6d3692afc19,2026-08-15T02:50:28,complex_trace;high_gas_used_context,0xffc3a769,false
25755179,0xb1aca39a30b37d2ef025ccfe2888c59c999c72320975ee8e0c3087f25ecdd0c4,0x7830c87c02e56aff27fa8ab1241711331fa86f43,0xa9d1e08c7793af67e9d92fe308d5697fb81d3e43,2026-08-15T02:50:28,large_erc20_asset_flow;token_activity_burst,0xca350aa6,true
25755179,0xb3d911a056e4c27b9649bb88761c51039abe7c47b7545b25325584af1563ff2d,0xe487832018fbd594c84f1db3dfac61cde98a5f36,0x91ff8bbd8ebb07893010d50a48a1609e5ebd8e34,2026-08-15T02:50:28,complex_trace;high_gas_used_context,0x069d1525,false
25755180,0x12826a37bd8fe4df155c042b88dcd2e89027c34622e8ad86943cdf00ec565d6e,0xbe0b407782a7599380fa726db315340126d62229,0x4d2fb5f8ec243fde4df1a9678b82238570c7e0e4,2026-08-15T02:50:40,repeated_internal_token_drain;dense_internal_fund_flow;complex_trace;high_gas_used_context;token_activity_burst;repeated_risky_internal_calls,0x6a761202,true
25755180,0x1c339115c028d2ff527277d2ad8fd4792593363b22d4b4003cfbb317fbe4910e,0x0e0052a184fd59c6b7e1e99d739802ecb3aec0e4,0xd82461784eb72d4b67cbab077989eb215315e272,2026-08-15T02:50:40,complex_trace;approval_burst,0x805f7b65,false
25755180,0x6b7930e844e4157b29ff1d3fbc2679b0c75867e339475b1af626996999e00c0a,0x4838b106fce9647bdf1e7877bf73ce8b0bad5f97,0xfeeeeee44046c3f61a8cc081e0918ef0de0a7ffc,2026-08-15T02:50:40,selfdestruct_context,0x6a7f636f,true
25755180,0xdf3e4fbc329d5c51b11f274c43a15c3b2128c1e513477b708c39e63642fa6d00,0xe487832018fbd594c84f1db3dfac61cde98a5f36,0x91ff8bbd8ebb07893010d50a48a1609e5ebd8e34,2026-08-15T02:50:40,complex_trace;high_gas_used_context,0x069d1525,false
25755181,0x29a868682d5e362c18f15235a364b313ae819fa7c2a49c0b8dc9bb2eda47bbf1,0xae2fc483527b8ef99eb5d9b44875f005ba1fae13,0x1f2f10d1c40777ae1da742455c65828ff36df387,2026-08-15T02:50:48,dense_internal_fund_flow;complex_trace,0x2bd0a0b8,true
25755181,0x0989dbcf3dcca3022347aaf94d50477a2d7f53f8535f3f426444b91688385f26,0xe487832018fbd594c84f1db3dfac61cde98a5f36,0x91ff8bbd8ebb07893010d50a48a1609e5ebd8e34,2026-08-15T02:50:49,complex_trace;high_gas_used_context,0x069d1525,false
25755181,0x10f33335dc73d97edc945f3740e14340b490351ac4ce5d7b871901363eb22bb1,0x50bf934781f63028c5c8ef49c4affe19a86d99b6,0x8d04cc7e86e687854eb41d9d43512b655b93184b,2026-08-15T02:50:49,complex_trace;selfdestruct_context,0x4a1bf18a,false
25755181,0x1d49e2fd4b8aa6ae249ab20ecfe5a8154e4bf661c3648b51e041f3d262c86470,0x4838b106fce9647bdf1e7877bf73ce8b0bad5f97,0xfeeeeee44046c3f61a8cc081e0918ef0de0a7ffc,2026-08-15T02:50:49,selfdestruct_context,0x6a7f637b,true
25755182,0x85e3f4949eb9677ba8c4f269088b40c2f693ce4cd0569395280aea70aa2d68d7,0xcfebfe0121bd039adbf56c7e4ab5db56c0fa1edb,0xee030ec6f4307411607e55acd08e628ae6655b86,2026-08-15T02:50:57,dense_internal_fund_flow;complex_trace;high_gas_used_context,0x6e1537da,true
25755182,0xaeff25bfc554ced37ceb8db6b11e70ced73a7e361d24750fc88e80cc3dd4721b,0xc6acbee42e9e323140c1ed060c2f6ea9cc3b4b75,0x7c5a71c9fefbc7691f9d4ac7baf70c743792f716,2026-08-15T02:50:57,selfdestruct_context,0xf3fef3a3,true
25755182,0xd43ee897bc5d9969c53c43bd7e9efef272c5cee7bf3a065fb0178c43630d580c,0xe99bd1c2dd70cd58e5efd47887991700e7318ce2,0xad3b67bca8935cb510c8d18bd45f0b94f54a968f,2026-08-15T02:50:57,complex_trace;high_gas_used_context;token_activity_burst;approval_burst,0x146ee74d,false
25755182,0xda99246eb9baec2a6764d0128b0cc981460176dbe7f7d8604e8b4e976adfbdf3,0xe487832018fbd594c84f1db3dfac61cde98a5f36,0x91ff8bbd8ebb07893010d50a48a1609e5ebd8e34,2026-08-15T02:50:57,complex_trace;high_gas_used_context,0x069d1525,false
25755182,0xd6c762ffca9d1efedbe7f47690b739b2016a6559e86572063c0806d97732a091,0x59aab1bd0d26290274398c07b55955c15425e16b,0x00fe78205f5f0e63b8ad2b2ae5337f538a610e04,2026-08-15T02:50:58,complex_trace;high_gas_used_context,0x34fcd5be,false
25755182,0xf39203b7df6c68b973d1e715c06e432a57642a87356c643bbe21949b756d739d,0x1584a8ee67789d1fe161065388657ad2f2a3c7dd,0x77eb52e44db06777bce478159f25c0d55a295314,2026-08-15T02:50:58,repeated_internal_token_drain;dense_internal_fund_flow;complex_trace;high_gas_used_context;token_activity_burst;repeated_risky_internal_calls,0xa9059cbb,true
25755183,0x14b5a582436204543488f133338993e1453dc43de8a7133a27dce2791cd863e5,0xe487832018fbd594c84f1db3dfac61cde98a5f36,0x91ff8bbd8ebb07893010d50a48a1609e5ebd8e34,2026-08-15T02:51:08,complex_trace;high_gas_used_context,0x069d1525,false
25755183,0x2ed923e91a0a24b7dd0eb7eb0b14787c60c579d80130f38a320453b1748f6c62,0xb992ad53ee7dbdaa7e01631f97a2f05c10ed9f00,0x6131b5fae19ea4f9d964eac0408e4408b66337b5,2026-08-15T02:51:08,complex_trace;high_gas_used_context,0xe21fd0e9,false
25755183,0x466cc58e866eb4a61d1b2b6b44376c5e144432559a07566d8de4cc7e754d110e,0x50bf934781f63028c5c8ef49c4affe19a86d99b6,0x8d04cc7e86e687854eb41d9d43512b655b93184b,2026-08-15T02:51:08,dense_internal_fund_flow;complex_trace;selfdestruct_context,0x4a1bf18a,true
25755183,0xf7d204fef74573e2e093aeb3ed5f8d0ea7750c8ff520f9daa9373995a1f7e09f,0x7b49bc3ebbdf7322f31c6449320382bbec3be1b6,0xad3b67bca8935cb510c8d18bd45f0b94f54a968f,2026-08-15T02:51:08,complex_trace;high_gas_used_context;token_activity_burst;approval_burst,0x146ee74d,false
25755183,0x1c9c24d883c425748d50a3d514d92f84d64816c653d9ba0645a4bf5fa6d9e05d,0x59aab1bd0d26290274398c07b55955c15425e16b,0x00fe78205f5f0e63b8ad2b2ae5337f538a610e04,2026-08-15T02:51:09,complex_trace;high_gas_used_context,0x34fcd5be,false
25755184,0x4912d13aa342d92ac9a1f4ccfb0eabf71f08ab3f28b942ea238a198050bdfcaa,0x0e0052a184fd59c6b7e1e99d739802ecb3aec0e4,0xd82461784eb72d4b67cbab077989eb215315e272,2026-08-15T02:51:18,complex_trace;approval_burst,0x805f7b65,false
25755184,0xa144107520fef2f2a31e92f8bbeea16908186b92837a132352533f80ff1f99cc,0x5c2fa8f955599ec805b0a3b54b4da5d16887112d,0x337685fdab40d39bd02028545a4ffa7d287cc3e2,2026-08-15T02:51:18,dense_internal_fund_flow;complex_trace,0xfa74fd43,true
25755184,0xd9d38e6ac758753ffab43919980147eaf0a9b14e27f32d82bd7d642776b70182,0x7830c87c02e56aff27fa8ab1241711331fa86f43,0xa9d1e08c7793af67e9d92fe308d5697fb81d3e43,2026-08-15T02:51:18,dense_internal_fund_flow,0x1a1da075,true
25755184,0xe09b0fcd8764fdc483f775ee41fb18f356967275a0e69a1cac42a3144f8036c8,0xe487832018fbd594c84f1db3dfac61cde98a5f36,0x91ff8bbd8ebb07893010d50a48a1609e5ebd8e34,2026-08-15T02:51:18,complex_trace;high_gas_used_context,0x069d1525,false
25755184,0xf487cce7260c39198da23c0c1544cdf8457d13308892e738e47c5d20f6034e4f,0xfe377d0171ad1617af848ebd20dd59e09af87bd9,0xb62093c8dd041c758b7062f755f4975189f3e0af,2026-08-15T02:51:18,dense_internal_fund_flow;complex_trace,0x0965d04b,true
25755184,0xd5326489ebfbf92b13d31172f7b68afd35f9b446ec62b8bc615d18de1dce7523,0x59aab1bd0d26290274398c07b55955c15425e16b,0x00fe78205f5f0e63b8ad2b2ae5337f538a610e04,2026-08-15T02:51:19,complex_trace;high_gas_used_context,0x34fcd5be,false
25755184,0xccde6299a727a778525a7b612b4bd556de5a45c0df7ada2262f497b3700be818,0x4838b106fce9647bdf1e7877bf73ce8b0bad5f97,0xfeeeeee44046c3f61a8cc081e0918ef0de0a7ffc,2026-08-15T02:51:20,selfdestruct_context,0x6a7f639f,true
25755185,0x1cf31a777cd1e1a034d020dc003031440c0de44ee794154c947dbf1cfd37d986,0x26ff577818a40d1333944b7492e23619303f5d84,0xb773bcc5b325ad9ac6b36e1a046ad4466833a16e,2026-08-15T02:51:30,dense_internal_fund_flow;complex_trace,0x1a98b2e0,true
25755185,0x5046004a6333c618c1559473c86b62ba852d59b057504d34f793021012a0d92b,0xfe377d0171ad1617af848ebd20dd59e09af87bd9,0xb62093c8dd041c758b7062f755f4975189f3e0af,2026-08-15T02:51:30,dense_internal_fund_flow;complex_trace,0x0965d04b,true
25755185,0x9ecfc78e24f36873cb146a429c685264a455d16cbccd3efd6d8c82641c58d989,0xe487832018fbd594c84f1db3dfac61cde98a5f36,0x91ff8bbd8ebb07893010d50a48a1609e5ebd8e34,2026-08-15T02:51:30,complex_trace;high_gas_used_context,0x069d1525,false
25755185,0x15a4de443714dd19ce2c89fe3c1eee403c197952bfee317261d53255c1ae4544,0x9cf2b94caba0ab5ea0709c9aaa68716908236195,0xf82ef4080a53b71093f9c470676fc80e2adc4263,2026-08-15T02:51:31,large_erc20_asset_flow;complex_trace;high_gas_used_context;approval_burst,0xb7bfe9f2,true
25755185,0xb898316b814725d9107ab7e35693f0b890edad129abab9399bb5e1e2b70a737d,0xdadb0d80178819f2319190d340ce9a924f783711,0xfeeeeee44046c3f61a8cc081e0918ef0de0a7ffc,2026-08-15T02:51:31,selfdestruct_context,0x6a7f63ab,true
25755185,0xc60575bad438d8b45788f4753d1cbbaa5de1672ba9bcdaa71603d1d404a6519c,0xe99bd1c2dd70cd58e5efd47887991700e7318ce2,0xad3b67bca8935cb510c8d18bd45f0b94f54a968f,2026-08-15T02:51:31,complex_trace;high_gas_used_context;token_activity_burst;approval_burst,0x146ee74d,false
25755186,0x390c28990393f00c5c49616cdb82b50ea5f96876afc94241763bc59c3a1276d1,0x09cfee647fa339133380191c8db6b44f24500c9d,0x77b85afbcd336993ac1c65057531c5a5b33b76b8,2026-08-15T02:51:49,repeated_internal_token_drain;dense_internal_fund_flow;complex_trace;high_gas_used_context;token_activity_burst;repeated_risky_internal_calls,0xa9059cbb,true
25755186,0x3bfbaf88550234b2977639a4e026e71abe9c0dce4677215813d64b8d28d0a5a0,0xe487832018fbd594c84f1db3dfac61cde98a5f36,0x91ff8bbd8ebb07893010d50a48a1609e5ebd8e34,2026-08-15T02:51:49,complex_trace;high_gas_used_context,0x069d1525,false
25755186,0x41afa32c8d94b420438b3e84b364a4cc478e231a637dce079831708b6eecd809,0x7830c87c02e56aff27fa8ab1241711331fa86f43,0xa9d1e08c7793af67e9d92fe308d5697fb81d3e43,2026-08-15T02:51:49,large_erc20_asset_flow;token_activity_burst,0xca350aa6,true
25755186,0x7102c22077142234ac4ccb4f58ca610c0bd61ef312bd0a8c20f9a3fe2e6324cb,0x9cf2b94caba0ab5ea0709c9aaa68716908236195,0xf82ef4080a53b71093f9c470676fc80e2adc4263,2026-08-15T02:51:49,large_erc20_asset_flow;complex_trace;high_gas_used_context;token_activity_burst,0xb7bfe9f2,true
25755186,0x755dddf8b1dba3d7261f99d482233630b9b855165852ed87e881f8728aaca76c,0x1584a8ee67789d1fe161065388657ad2f2a3c7dd,0x77eb52e44db06777bce478159f25c0d55a295314,2026-08-15T02:51:49,repeated_internal_token_drain;dense_internal_fund_flow;complex_trace;token_activity_burst;repeated_risky_internal_calls,0xa9059cbb,true
25755186,0x7f908d560f1fe07a78844f197193d6b90244817a968a229fd69c9f98fc7e091f,0x2184725e67e70e3c76ed5a41c928064b8dc8a2dd,0x66a3c2fa3e467aa586e90912f977e648589cabaf,2026-08-15T02:51:49,complex_trace;high_gas_used_context,0x095ea7b3,false
25755186,0x9ffde9a3d2a5d72e363f94fc19a6d43632adfcb629d0b03b02b5930c477112c2,0x4838b106fce9647bdf1e7877bf73ce8b0bad5f97,0xfeeeeee44046c3f61a8cc081e0918ef0de0a7ffc,2026-08-15T02:51:49,selfdestruct_context,0x6a7f63b7,true
25755186,0xa1bdbc394dd13e997e7f448cf770d478142ec46348853703a2a284c369489281,0xfe377d0171ad1617af848ebd20dd59e09af87bd9,0xb62093c8dd041c758b7062f755f4975189f3e0af,2026-08-15T02:51:49,complex_trace;high_gas_used_context,0x0965d04b,false
25755186,0xfc54d4e5a695b5e89d3a0d5a1be295b580e9e1b39070b748a7849289894247d7,0x4838b106fce9647bdf1e7877bf73ce8b0bad5f97,0xfeeeeee44046c3f61a8cc081e0918ef0de0a7ffc,2026-08-15T02:51:49,selfdestruct_context,0x6a7f63b7,true
25755186,0xf8abe1cb88b825f6183144a85fc60161d5720ce81080b65e5b262b2d346d54cf,0x9fc3da866e7df3a1c57ade1a97c9f00a70f010c8,0xfeeeeee44046c3f61a8cc081e0918ef0de0a7ffc,2026-08-15T02:51:50,selfdestruct_context,0x6a7f63b7,true
25755187,0x7ce80cfeaa290fb91ddca14e2a3806c09f3f646ffb89a8d3a60f01c53935c4bc,0x9756ed9cb16ce8b7eb2d6414259727727dfbd960,0xebc1783a63939bccbe39fd1b1500f5b1bee1396d,2026-08-15T02:51:55,dense_internal_fund_flow;high_gas_used_context,0x4a042f0d,true
25755187,0xa76c1bc21f67266c4b9d3d2c7a8f30d9b46b54f30987bfda15d3900397761c69,0xa5a5491bca93dd4c076e4906e79e7673f4a5a142,0xb92fe925dc43a0ecde6c8b1a2709c170ec4fff4f,2026-08-15T02:51:55,complex_trace;high_gas_used_context,0xcd6e13f7,false
25755187,0x95ef432131047cb374b210539b1ece1d3142f27a9dce0adcf6180dada28db581,0x4337031ade3a53d10121f350369907076b6d32a4,0x0000000071727de22e5e9d8baf0edac6f37da032,2026-08-15T02:51:56,dense_internal_fund_flow;privileged_execution_context;complex_trace,0x765e827f,true
25755187,0xaa5c27d4debe1f885b4173042b04427ace28dfe732e7dedaeb94f712f786b026,0xe487832018fbd594c84f1db3dfac61cde98a5f36,0x91ff8bbd8ebb07893010d50a48a1609e5ebd8e34,2026-08-15T02:51:56,complex_trace;high_gas_used_context,0x069d1525,false
25755187,0x00901832b1be549e1bcffd0168ff388f00425a68881030513266f003df832a1b,0x3cfdc212769c890907bce93d3d8c2c53de6a7a89,0x0000000071727de22e5e9d8baf0edac6f37da032,2026-08-15T02:51:57,privileged_execution_context;complex_trace,0x765e827f,false
25755187,0x5866d15f72d97d5f0f221b0c3f39c99eae7422eef54efaeec9db63391e0295c1,0x9cf2b94caba0ab5ea0709c9aaa68716908236195,0xf82ef4080a53b71093f9c470676fc80e2adc4263,2026-08-15T02:51:57,large_erc20_asset_flow;complex_trace;high_gas_used_context;token_activity_burst,0xb7bfe9f2,true
25755188,0xe6317211645b43e90a1662b2b72365be9f349d3563a442fc24cf91926a038b58,0xfe377d0171ad1617af848ebd20dd59e09af87bd9,0xb62093c8dd041c758b7062f755f4975189f3e0af,2026-08-15T02:52:08,complex_trace;high_gas_used_context,0x0965d04b,false
25755188,0xef43816251d117ce34d30c2964b5a3274ed31202961af523774d24b6ebf37f68,0x9cf2b94caba0ab5ea0709c9aaa68716908236195,0xf82ef4080a53b71093f9c470676fc80e2adc4263,2026-08-15T02:52:08,large_erc20_asset_flow;very_complex_trace;high_gas_used_context;token_activity_burst,0xb7bfe9f2,true
25755188,0x2ce86b214215d1d8eb9629c2be61f8cf587937f940ee633a275ff084e5579f1f,0xdadb0d80178819f2319190d340ce9a924f783711,0xfeeeeee44046c3f61a8cc081e0918ef0de0a7ffc,2026-08-15T02:52:09,selfdestruct_context,0x6a7f63cf,true
25755188,0xe93f7d1f57fcce80dfb27b890eae40e1802967c6089ff698b47494cf8ad787d6,0xdadb0d80178819f2319190d340ce9a924f783711,0xfeeeeee44046c3f61a8cc081e0918ef0de0a7ffc,2026-08-15T02:52:09,selfdestruct_context,0x6a7f63cf,true
25755189,0x52cc8a99fef37938ddb518d3d3576ddabe5237a61983df29347eda53bcb5430d,0x7830c87c02e56aff27fa8ab1241711331fa86f43,0xa9d1e08c7793af67e9d92fe308d5697fb81d3e43,2026-08-15T02:52:16,dense_internal_fund_flow,0x1a1da075,true
25755189,0xfaa5fff4d0b7e85fd0dc50ae20dd51893b60395d75945124d5bec5d11d098820,0xde7a849216aa3884d53d84ecb02c19eb67e5dae2,0x7d9f4ca54131e588fc1fe577973b55fb11231e76,2026-08-15T02:52:17,repeated_internal_token_drain;dense_internal_fund_flow;complex_trace;high_gas_used_context;token_activity_burst;repeated_risky_internal_calls,0x6aac3a0b,true
25755190,0x3ba6b884074b53452abc8a441e75b58a9ee8a6e7df9b7c72f836e95923ab7755,0xe99bd1c2dd70cd58e5efd47887991700e7318ce2,0xad3b67bca8935cb510c8d18bd45f0b94f54a968f,2026-08-15T02:52:35,dense_internal_fund_flow;complex_trace;high_gas_used_context;token_activity_burst;approval_burst,0x146ee74d,true
25755190,0xd10ea6bd9bddbcbad9404493a9d4417c4f71bbc30ecd11986ad4a5d3c472825a,0xfe377d0171ad1617af848ebd20dd59e09af87bd9,0xb62093c8dd041c758b7062f755f4975189f3e0af,2026-08-15T02:52:35,dense_internal_fund_flow;complex_trace;high_gas_used_context,0x0965d04b,true
25755190,0xe45403b64e2a440bb59e722a36f7cfe7708cc82c747c12241d662d2551d72799,0xf82ac5937a20dc862f9bc0668779031e06000f17,0xf573e9e3de1f86b085417ab294f56e7920b4e9be,2026-08-15T02:52:35,dense_internal_fund_flow;very_complex_trace;high_gas_used_context,0x78a94ff0,true
25755190,0xebab569fb16b9a32fb5018f713c9c45bbf0ad1db76bafa212f821d8216d50ab1,0x9cf2b94caba0ab5ea0709c9aaa68716908236195,0xf82ef4080a53b71093f9c470676fc80e2adc4263,2026-08-15T02:52:35,large_erc20_asset_flow;very_complex_trace;high_gas_used_context;token_activity_burst,0xb7bfe9f2,true
25755190,0xf0b7e828b48526bf769446f2c8b9c6fd7ffc1585eec0409c28ba84f663d7f619,0xd35c339a835198f0353145d34129ec64f873b36a,0x0439e60f02a8900a951603950d8d4527f400c3f1,2026-08-15T02:52:35,dense_internal_fund_flow;complex_trace,0x3ce33bff,true
25755190,0x12595790cc5bd555b0d675fae1bb54789091a7a0ae8b4c350933d3ba493b06e7,0x59aab1bd0d26290274398c07b55955c15425e16b,0x00fe78205f5f0e63b8ad2b2ae5337f538a610e04,2026-08-15T02:52:36,complex_trace;high_gas_used_context;token_activity_burst,0x34fcd5be,false
25755190,0x4272d0edce2228bb66dd3aa9c94405f7e381b65e3202cd17e1cb190ba9399cf5,0x1584a8ee67789d1fe161065388657ad2f2a3c7dd,0x77eb52e44db06777bce478159f25c0d55a295314,2026-08-15T02:52:36,repeated_internal_token_drain;dense_internal_fund_flow;complex_trace;token_activity_burst;repeated_risky_internal_calls,0xa9059cbb,true
25755190,0xaab63caa99bd49e68d761be07bef58cfbb3712afd94209d140ccfe80d68adb6b,0x2b3fed49557bd88f78b898684f82fbb355305dbb,0x09c30cdcdd971423cb3ba757a47d56c35d06d818,2026-08-15T02:52:36,dense_internal_fund_flow,0x318adb8b,true
25755190,0x9befb1116e128e63b6b955ca3222e8522b66db13816af4058e49d303437081d8,0x9fc3da866e7df3a1c57ade1a97c9f00a70f010c8,0xfeeeeee44046c3f61a8cc081e0918ef0de0a7ffc,2026-08-15T02:52:37,selfdestruct_context,0x6a7f63e7,true
25755191,0xa6c9740c4373950d4450d920ef077528b60c87a5fc6190c891a6c05fb01f89d2,0x9cf2b94caba0ab5ea0709c9aaa68716908236195,0xf82ef4080a53b71093f9c470676fc80e2adc4263,2026-08-15T02:52:42,large_erc20_asset_flow;very_complex_trace;high_gas_used_context;token_activity_burst,0xb7bfe9f2,true
25755192,0x140d00948d62381578235475362a3c9052f1b144041b613f97c707833d6af3b7,0x98c411263f9b56581c2b23e7a3aca5a54329bdc7,0x0000000000001ff3684f28c67538d4d072c22734,2026-08-15T02:53:01,dense_internal_fund_flow;complex_trace,0x2213bc0b,true
25755192,0x90457ccc17fa7f1532c19ccc2cd80f7ac459c23552304b4e89a38390c0a651a2,0xfe377d0171ad1617af848ebd20dd59e09af87bd9,0xb62093c8dd041c758b7062f755f4975189f3e0af,2026-08-15T02:53:01,complex_trace;high_gas_used_context,0x0965d04b,false
25755192,0xa54f46a7537cbd6c31d296477f9c30760775cf0bf8023a2e3840f27b080b7927,0xc0fdfeb9c4bf4c95c90063757b2bd3e5ecbd3698,0x4313c378cc91ea583c91387b9216e2c03096b27f,2026-08-15T02:53:01,dense_internal_fund_flow;complex_trace,0xeffbec13,true
25755192,0xda128b3039ae1400c8dcba0734c49f3672360cb13bbd2169650f232480cb0546,0x399af36f487edd019d3a8d99022ecf22eded27ce,0x256a5f0544b42863af78dc5b88801f11769620b0,2026-08-15T02:53:01,complex_trace;high_gas_used_context,0x09103f62,false
25755192,0x2cff2374a09ec473e4c1c8d530f46f07a06ce35e9c7db8bb8b646c66f96d2ab8,0xdadb0d80178819f2319190d340ce9a924f783711,0xfeeeeee44046c3f61a8cc081e0918ef0de0a7ffc,2026-08-15T02:53:02,selfdestruct_context,0x6a7f63ff,true
25755192,0x4d589aff59687ac5787f9495bbc21c395fc39c75b1999012a11d797d923dc9c9,0x46565eedb0bb948ae787dd105cce300f736da28e,0x000000000004598d17aad017bf0734a364c5588b,2026-08-15T02:53:02,complex_trace;high_gas_used_context,0x00000000,false
25755192,0xa27f21bdfeab6c2ead9cd2e792bec1dc6a0ae07ccaa9434e4979a60d5be8b5c6,0xdadb0d80178819f2319190d340ce9a924f783711,0xfeeeeee44046c3f61a8cc081e0918ef0de0a7ffc,2026-08-15T02:53:02,selfdestruct_context,0x6a7f63ff,true
25755192,0xd826b08dabeedc05f1349631819b8e40760e4dbdebf17e0ccd7f2e22018bda3e,0x46565eedb0bb948ae787dd105cce300f736da28e,0x000000000004598d17aad017bf0734a364c5588b,2026-08-15T02:53:02,complex_trace;high_gas_used_context,0x00000000,false
25755192,0xdc04e4f68f679afbbef9d335fe1070e0351815e9d623fceaaa604fa083a4be56,0xdadb0d80178819f2319190d340ce9a924f783711,0xfeeeeee44046c3f61a8cc081e0918ef0de0a7ffc,2026-08-15T02:53:02,selfdestruct_context,0x6a7f63ff,true
25755192,0xff21c86016245c0df6492a25bf9fa313dd8cae05b70f809ddb42b0fdd97a8b76,0xdadb0d80178819f2319190d340ce9a924f783711,0xfeeeeee44046c3f61a8cc081e0918ef0de0a7ffc,2026-08-15T02:53:02,selfdestruct_context,0x6a7f63ff,true
25755193,0x285f5b9aee1e09f594cb342d8e495e828eb45c22cb1fe761e67926cc40f9f6fd,0x59cadf9199248b50d40a6891c9e329ea13a88d31,0xfeeeeee44046c3f61a8cc081e0918ef0de0a7ffc,2026-08-15T02:53:08,selfdestruct_context,0x6a7f640b,true
25755193,0x28b1176efaad8d4edc84019f6207c706465baf3c89016b6f6c382c479e13ad4c,0xf0777aff9301ff7d0af60e49b49488aa0861e63f,0x632eec87e1a4c181a7a4aa67ca23d21af558ac60,2026-08-15T02:53:08,complex_trace;high_gas_used_context,0x111966f6,false
25755193,0x4c495fa3a4b5498a073c0865f9076e268a1736320c9a21c0851aa4aa8f24c38e,0xfe377d0171ad1617af848ebd20dd59e09af87bd9,0xb62093c8dd041c758b7062f755f4975189f3e0af,2026-08-15T02:53:08,complex_trace;high_gas_used_context,0x0965d04b,false
25755193,0x9c2338266c45526aec2fb214159364f25447dbd32aa849dcc1bfb25667d37017,0xc6acbee42e9e323140c1ed060c2f6ea9cc3b4b75,0x7c5a71c9fefbc7691f9d4ac7baf70c743792f716,2026-08-15T02:53:08,selfdestruct_context,0xf3fef3a3,false
25755193,0x9e19116b198b562c95fed6c5d98ae0e3eaf52a56281853d5371c5626fcf8e919,0xdadb0d80178819f2319190d340ce9a924f783711,0xfeeeeee44046c3f61a8cc081e0918ef0de0a7ffc,2026-08-15T02:53:08,selfdestruct_context,0x6a7f640b,true
25755193,0xa5011fbf55e1ce9f85882006ad3d57086b7178026a3ae18b5f4c931f3cb6b471,0xdadb0d80178819f2319190d340ce9a924f783711,0xfeeeeee44046c3f61a8cc081e0918ef0de0a7ffc,2026-08-15T02:53:08,selfdestruct_context,0x6a7f640b,true
25755193,0xadb493ebc8f634b158e7872c9fbf4962dfe0f2756fa54152eb200eafbc031018,0x1584a8ee67789d1fe161065388657ad2f2a3c7dd,0x77eb52e44db06777bce478159f25c0d55a295314,2026-08-15T02:53:08,repeated_internal_token_drain;dense_internal_fund_flow;complex_trace;high_gas_used_context;token_activity_burst;repeated_risky_internal_calls,0xa9059cbb,true
25755193,0xbea721584b67a965cf44e503917a7a0bd99d6b14a60f0a10fc561cd8d2558f70,0x03012794969baa8e7b1d4889ee245a1043595886,0x4c82d1fbfe28c977cbb58d8c7ff8fcf9f70a2cca,2026-08-15T02:53:08,dense_internal_fund_flow,0x3593564c,true
25755193,0xfac7827013e884c9218247d7b108b9d4c3e50c7f4dd10da0914f6f4d86a79482,0x73be04abaa96c7d92db28cd3aef1539a77775d5b,0x5e40b93adbf97f93d2c0e0e5392cde9a4afe41f9,2026-08-15T02:53:08,complex_trace;high_gas_used_context,0x9265bb9d,false
25755194,0x1c7d00efb0ca2b641b932468be2f6d86238635323ea00f1f1da06911db6fe625,0x7830c87c02e56aff27fa8ab1241711331fa86f43,0xa9d1e08c7793af67e9d92fe308d5697fb81d3e43,2026-08-15T02:53:21,dense_internal_fund_flow,0x1a1da075,true
25755194,0x52c701497e77335f9c8401766786ecfe0040a67b57e3d6a884a4af9ddacde91d,0x7830c87c02e56aff27fa8ab1241711331fa86f43,0xa9d1e08c7793af67e9d92fe308d5697fb81d3e43,2026-08-15T02:53:21,large_erc20_asset_flow;token_activity_burst,0xca350aa6,true
25755194,0x63030221bf1c52ca4b5b3fa6c07ac3f53d001babd1907cac001fba5f0c9fd157,0xfe377d0171ad1617af848ebd20dd59e09af87bd9,0xb62093c8dd041c758b7062f755f4975189f3e0af,2026-08-15T02:53:21,complex_trace;high_gas_used_context,0x0965d04b,false
25755194,0x9ec04e075c01dfbc01134e22ef35ceff736c1ae7e9f16b64bbd408fe784d4758,0xba9cbc95627eb43c2842a8127921bb28c20e281d,0x008ebccae39d001200c3003c3225ce0a00690066,2026-08-15T02:53:21,privileged_execution_context,0x7e734c5a,false
25755194,0xc06cf729dce9c66089508eaa4d84364de89380af04d5fc6f98c454a20136f588,0xae2fc483527b8ef99eb5d9b44875f005ba1fae13,0x1f2f10d1c40777ae1da742455c65828ff36df387,2026-08-15T02:53:21,dense_internal_fund_flow;complex_trace;high_gas_used_context,0x2bd05394,true
25755194,0x194eac62e78d04ac84acfb334270628645868a153c682ce0e3d4512baf483d19,0x9cf2b94caba0ab5ea0709c9aaa68716908236195,0xf82ef4080a53b71093f9c470676fc80e2adc4263,2026-08-15T02:53:22,complex_trace;high_gas_used_context,0xb7bfe9f2,false
25755194,0x716fc80ab83469737738a9c9d108466a035693d2f6afd09b05e72a4f86d4f14d,0xdda3b51e29f9d6fad865c5dd7070d5f7eb57663e,0x8d8210a0252a706cb5de0c6f8e46b6d3692afc19,2026-08-15T02:53:22,complex_trace;high_gas_used_context,0xffc3a769,false
25755194,0xb2fd12595b252076efbc161d4f1145b04235193417985ceb0fcae6c3dc233f5d,0x09cfee647fa339133380191c8db6b44f24500c9d,0x77b85afbcd336993ac1c65057531c5a5b33b76b8,2026-08-15T02:53:22,repeated_internal_token_drain;dense_internal_fund_flow;complex_trace;high_gas_used_context;token_activity_burst;repeated_risky_internal_calls,0xa9059cbb,true
25755194,0xb84602cc91e5c56a759ab88004d6faa09b63b6c64eb9b7ab2583f8e94e977700,0x415fd807d411e0c10002431be70a65f24f0b505c,0xf4e147db314947fc1275a8cbb6cde48c510cd8cf,2026-08-15T02:53:23,privileged_execution_context,0x760d0f9d,false
25755194,0xe79581147c1371ae0fce4f9397caa138bf640f17b0d5eb160dc2f5498a4a50d5,0x4838b106fce9647bdf1e7877bf73ce8b0bad5f97,0xfeeeeee44046c3f61a8cc081e0918ef0de0a7ffc,2026-08-15T02:53:23,selfdestruct_context,0x6a7f6417,true
25755194,0xf54fb7e4fa910c41af67214a99b9ef82ab100d650d9ef7cfdbff50ca9a2b4191,0xeb27b0a6dc383ee023f1203091134b4f759ee23e,0x04b57729e21a1a8c8b787013d1dbd81e4001163c,2026-08-15T02:53:23,large_erc20_asset_flow;complex_trace,0xc7c7f5b3,true
25755195,0x075a6734dbc23c076d98ed0dcc4e4e555069bd1439458deec3d09713627be182,0x4838b106fce9647bdf1e7877bf73ce8b0bad5f97,0xfeeeeee44046c3f61a8cc081e0918ef0de0a7ffc,2026-08-15T02:53:46,selfdestruct_context,0x6a7f6423,true
25755195,0x111269808004571504b6f9cc8f23f9a6c94929c54ea8ddf0e2342c6066182be6,0x50bf934781f63028c5c8ef49c4affe19a86d99b6,0x8d04cc7e86e687854eb41d9d43512b655b93184b,2026-08-15T02:53:46,dense_internal_fund_flow;complex_trace;selfdestruct_context,0x4a1bf18a,true
25755195,0x8dbaffaad5b2be7ad9871ebea8ad503d055f1d7f63e5164733639beb698ef935,0x59aab1bd0d26290274398c07b55955c15425e16b,0x00fe78205f5f0e63b8ad2b2ae5337f538a610e04,2026-08-15T02:53:46,complex_trace;high_gas_used_context,0x34fcd5be,false
25755195,0xc333c67ecd8937a633295eabef45e3a5d0bd67695e39f04882a539126db6bbf3,0xdda3b51e29f9d6fad865c5dd7070d5f7eb57663e,0x8d8210a0252a706cb5de0c6f8e46b6d3692afc19,2026-08-15T02:53:46,complex_trace;high_gas_used_context,0xffc3a769,false
25755195,0xc706a3c6f17156005ad40f2b1765fc310a744880c8a71cc792bbe136eb5cd3bd,0xfe377d0171ad1617af848ebd20dd59e09af87bd9,0xb62093c8dd041c758b7062f755f4975189f3e0af,2026-08-15T02:53:46,complex_trace;high_gas_used_context,0x0965d04b,false
25755197,0x207d705958279aa626b6c4341e56143906afbe483016cfc03fdc32abbd28783e,0x346d25338f3cbd5a102011ca33a47d26b9400b90,0xacddac6c77318b615f7f6fb9bb67c6833e9c05f1,2026-08-15T02:54:07,large_erc20_asset_flow;complex_trace,0x571d3dc7,true
25755197,0x58ccfe530a5dae0973634f1f8a8c99991442394c784fc8bfbc10745c03040cd4,0x59aab1bd0d26290274398c07b55955c15425e16b,0x00fe78205f5f0e63b8ad2b2ae5337f538a610e04,2026-08-15T02:54:07,repeated_internal_token_drain;dense_internal_fund_flow;complex_trace;high_gas_used_context;token_activity_burst;repeated_risky_internal_calls,0x34fcd5be,true
25755197,0xabaf60c513ba7185fb0d56def2b77c24659a9fe1f4ce0f160384d4c72aeb23a5,0xde992badd92adaf9146255e9bde6a70770973664,0x3d0f22bf11636cc9cb129e2b261eed35a487455c,2026-08-15T02:54:07,complex_trace;high_gas_used_context,0xa9059cbb,false
25755197,0xaca0a04f7dd2f6154db987ade5d7ca48892ef64c256e6cf3919755e472551452,0xde992badd92adaf9146255e9bde6a70770973664,0x3d0f22bf11636cc9cb129e2b261eed35a487455c,2026-08-15T02:54:07,complex_trace;high_gas_used_context,0xa9059cbb,false
25755197,0xd975263e4af03b84e8d63f4780d69000a8b8663cfe05b57e257c0f81c1cac0da,0xde992badd92adaf9146255e9bde6a70770973664,0x3d0f22bf11636cc9cb129e2b261eed35a487455c,2026-08-15T02:54:07,complex_trace;high_gas_used_context,0xa9059cbb,false
25755198,0x85d64c41da4911fa67ad9cb7749012e68b88e7a29cc27aa8d7a4a24244edd511,0xfe377d0171ad1617af848ebd20dd59e09af87bd9,0xb62093c8dd041c758b7062f755f4975189f3e0af,2026-08-15T02:54:30,complex_trace;high_gas_used_context,0x0965d04b,false
25755198,0x93952d159f84e4f209c5084be0e6da7ca953b192f7eee91277878522b4fea938,0xde992badd92adaf9146255e9bde6a70770973664,0x3d0f22bf11636cc9cb129e2b261eed35a487455c,2026-08-15T02:54:30,complex_trace;high_gas_used_context,0xa9059cbb,false
25755198,0xa598e45caa5b4eac3c2a2f6e036ccd6a93b04e13bf6431e5495b37f73d7fc763,0x5a4fc9dd7b390a0f9b2909a0c34ce55cedc42377,0xa308597678d831e3645d2ce9fb8d9bd924b0e754,2026-08-15T02:54:30,dense_internal_fund_flow;high_gas_used_context;token_activity_burst,0x983bc41b,true
25755198,0xd32e10531af6a6d5daf77f9554c6676247367bc2627339d29a3e79840d7e80bc,0xde992badd92adaf9146255e9bde6a70770973664,0x3d0f22bf11636cc9cb129e2b261eed35a487455c,2026-08-15T02:54:30,complex_trace;high_gas_used_context,0xa9059cbb,false
25755198,0x0323cc432907d1fd388788f030f56f68cf734f0d6b59fd6dabf0722bf4499dc0,0xdadb0d80178819f2319190d340ce9a924f783711,0xfeeeeee44046c3f61a8cc081e0918ef0de0a7ffc,2026-08-15T02:54:31,selfdestruct_context,0x6a7f6447,true
25755198,0x0a29fdfb74d28cc36efebf3e03fd1ac8c94ab18dd86c4bc009874a214ed56c2c,0x1584a8ee67789d1fe161065388657ad2f2a3c7dd,0x77eb52e44db06777bce478159f25c0d55a295314,2026-08-15T02:54:31,repeated_internal_token_drain;dense_internal_fund_flow;complex_trace;high_gas_used_context;token_activity_burst;repeated_risky_internal_calls,0xa9059cbb,true
25755198,0x638f8229213e2aad0aa42fe4796199da4a33480f3cb55a1ccdc6a54697bd26a8,0x59aab1bd0d26290274398c07b55955c15425e16b,0x00fe78205f5f0e63b8ad2b2ae5337f538a610e04,2026-08-15T02:54:31,complex_trace;high_gas_used_context,0x34fcd5be,false
25755198,0xc44507c1cb720fdb3e011e51d98b660f02c2032a6ed2ed708256b733d25faa2d,0xdadb0d80178819f2319190d340ce9a924f783711,0xfeeeeee44046c3f61a8cc081e0918ef0de0a7ffc,2026-08-15T02:54:31,selfdestruct_context,0x6a7f6447,true
25755198,0xc4be30be9748e9b5756cfdd14df1b61bf4c73fe497cb4c641176c66b301c775a,0xc6acbee42e9e323140c1ed060c2f6ea9cc3b4b75,0x7c5a71c9fefbc7691f9d4ac7baf70c743792f716,2026-08-15T02:54:31,selfdestruct_context,0xf3fef3a3,false
25755198,0xd32a379ebb62c607179c4267a5fc5becb5664d462baee3adfb09e89468f35c7c,0xdadb0d80178819f2319190d340ce9a924f783711,0xfeeeeee44046c3f61a8cc081e0918ef0de0a7ffc,2026-08-15T02:54:31,selfdestruct_context,0x6a7f6447,true
25755198,0xf3cb9b541451ff8b1ed38eb486f9a5f5d9e16218bc2ba73069ce418cbc3e148b,0xdda3b51e29f9d6fad865c5dd7070d5f7eb57663e,0x8d8210a0252a706cb5de0c6f8e46b6d3692afc19,2026-08-15T02:54:31,complex_trace;high_gas_used_context,0xffc3a769,false
25755199,0x6ed64ba3ef36e4a3c19cebe014654b5af5c1bcf5e519ae2052033f4594b20187,0x5b43453fce04b92e190f391a83136bfbecedefd1,0xbdb3ba9ffe392549e1f8658dd2630c141fdf47b6,2026-08-15T02:55:12,complex_trace;high_gas_used_context;token_activity_burst,0x000000c3,false
25755199,0x73c6885c2e90a73dfd457430e70782cdf81a2686553a8f90c6207d7785431691,0xe99bd1c2dd70cd58e5efd47887991700e7318ce2,0xad3b67bca8935cb510c8d18bd45f0b94f54a968f,2026-08-15T02:55:12,complex_trace;token_activity_burst;approval_burst,0x146ee74d,false
25755199,0x7acc9859c2da1f39f51b7ba7ae91fd7ff09a7191aab14686229f79f1ddc62ed2,0x6f050bb29fcc910891be4f17d3a123cb57cd9a50,0x663dc15d3c1ac63ff12e45ab68fea3f0a883c251,2026-08-15T02:55:12,complex_trace;token_activity_burst,0x4d8160ba,false
25755199,0x7b551d2a760e65e4376751583886213a35d220cdd9ba716d45ba777c2942f3c7,0x9585f0f40d779487f15028c0a451c4b7d646e9ad,0x3d90f66b534dd8482b181e24655a9e8265316be9,2026-08-15T02:55:12,dense_internal_fund_flow;complex_trace,0x47ee97ff,true
25755199,0x9142185c86b581d83538f75b1c525f0af1d119d9740262368aa51b1e0c418cdb,0x7830c87c02e56aff27fa8ab1241711331fa86f43,0xa9d1e08c7793af67e9d92fe308d5697fb81d3e43,2026-08-15T02:55:12,dense_internal_fund_flow,0x1a1da075,true
25755199,0x33737d128d102de25e6b139c57f83f2b1e3eb04d2fcaca94e2f75d03cbdc146a,0x008bbb77361b12943517f281412e1b9d81708cc1,,2026-08-15T02:55:15,large_mint_to_sender;contract_creation_context,0x60806040,true
25755199,0x902bffb327434b5e46f492a81dc473b2550f9235ff4fcdef5a10a12c2b5bffa8,0x929ff2da436fc5ed84c2d4c561c4f9685a621fe2,0xf75584ef6673ad213a685a1b58cc0330b8ea22cf,2026-08-15T02:55:15,privileged_execution_context;complex_trace,0xb94c3609,false
25755199,0xa1f95107eb0dc3ea0ed0e10615777b120b200c08013bd52270913ba556a279d2,0x4838b106fce9647bdf1e7877bf73ce8b0bad5f97,0xfeeeeee44046c3f61a8cc081e0918ef0de0a7ffc,2026-08-15T02:55:15,selfdestruct_context,0x6a7f6453,true
25755199,0xa77b6b0c5b3fd8f7f6c22b919fa4b142aafbc4fb7acf08009f4917d0ac6cdbb6,0x59aab1bd0d26290274398c07b55955c15425e16b,0x00fe78205f5f0e63b8ad2b2ae5337f538a610e04,2026-08-15T02:55:15,complex_trace;high_gas_used_context,0x34fcd5be,false
25755200,0x0dc549054b38a182f899bd94be64b5922323eaf1e163cebefb27b89b41f89f6b,0xde7a849216aa3884d53d84ecb02c19eb67e5dae2,0x7d9f4ca54131e588fc1fe577973b55fb11231e76,2026-08-15T02:55:24,repeated_internal_token_drain;dense_internal_fund_flow;complex_trace;high_gas_used_context;token_activity_burst;repeated_risky_internal_calls,0x6aac3a0b,true
25755200,0x52b9f6a9501237792080727725770adc8a0e8c9ce14cff4592c965301598e0bc,0xde992badd92adaf9146255e9bde6a70770973664,0x3d0f22bf11636cc9cb129e2b261eed35a487455c,2026-08-15T02:55:25,complex_trace;high_gas_used_context,0xa9059cbb,false
25755200,0xd27d1010390f18fa7314219316f34fbd71e31da1608608f0472132212e248c3c,0xf7bac63fc7ceacf0589f25454ecf5c2ce904997c,0xca11bde05977b3631167028862be2a173976ca11,2026-08-15T02:55:25,dense_internal_fund_flow;complex_trace;high_gas_used_context;token_activity_burst,0x252dba42,true
25755200,0xda04296fc33190f51ff29c79d9d0e2468a726c4911ffa0db425a53a7e72606de,0xdda3b51e29f9d6fad865c5dd7070d5f7eb57663e,0x8d8210a0252a706cb5de0c6f8e46b6d3692afc19,2026-08-15T02:55:25,complex_trace;high_gas_used_context,0xffc3a769,false
25755200,0xe039cbeb46d1b438e740b396cd83f01fd18bfca240a23b992e661d52a3610c55,0xd6434d157f254276d69ede3bd9fc805482206908,0x7ec8a30a34b86927dc77b302603d1d53e640bef7,2026-08-15T02:55:25,repeated_internal_token_drain;dense_internal_fund_flow;complex_trace;high_gas_used_context;token_activity_burst;repeated_risky_internal_calls,0xa9059cbb,true
25755200,0xe054a0542b99cf6f3299dda7e5a65844da8a87485fee165c05f1df9677a017dd,0x4838b106fce9647bdf1e7877bf73ce8b0bad5f97,0xfeeeeee44046c3f61a8cc081e0918ef0de0a7ffc,2026-08-15T02:55:25,selfdestruct_context,0x6a7f645f,true
25755200,0xf1017b0c1a5ba16b54c15fbec9587ec12e9377e9e77d2307be63396a32d05d45,0x59aab1bd0d26290274398c07b55955c15425e16b,0x00fe78205f5f0e63b8ad2b2ae5337f538a610e04,2026-08-15T02:55:25,complex_trace;high_gas_used_context,0x34fcd5be,false
25755201,0x732508cdbffdbb5ed1ee8a5e938bb994f2a37088cedc7a14d1a2e92d4f8bcd5c,0x7830c87c02e56aff27fa8ab1241711331fa86f43,0xa9d1e08c7793af67e9d92fe308d5697fb81d3e43,2026-08-15T02:55:35,large_erc20_asset_flow,0xca350aa6,true
25755202,0x367f3ed37e937dc9f06883b000a8fa576c53804bc4d651ce5abebb5cdbeee69e,0x4337020f43d3d7d2f5e4160397efea49aefa5e7d,0x4337084d9e255ff0702461cf8895ce9e3b5ff108,2026-08-15T02:55:52,complex_trace;high_gas_used_context;token_activity_burst,0x765e827f,false
25755202,0x93ecc6f5c4535e8c3a43031b3ecd1df92de5e3684ebedcc06217e87a0452e0ae,0x5b43453fce04b92e190f391a83136bfbecedefd1,0xbdb3ba9ffe392549e1f8658dd2630c141fdf47b6,2026-08-15T02:55:52,complex_trace;high_gas_used_context;token_activity_burst,0x000000c3,false
25755202,0xe25d83d4545185f121028920b9bae91d58f183169df89100e9cadeddab42b701,0xdda3b51e29f9d6fad865c5dd7070d5f7eb57663e,0x8d8210a0252a706cb5de0c6f8e46b6d3692afc19,2026-08-15T02:55:52,complex_trace;high_gas_used_context,0xffc3a769,false
25755202,0x0516748988dbc701c5306d9a4c9bb7733c26465b6bd0953da6e85942d0c0f35e,0x59aab1bd0d26290274398c07b55955c15425e16b,0x00fe78205f5f0e63b8ad2b2ae5337f538a610e04,2026-08-15T02:55:53,complex_trace;high_gas_used_context,0x34fcd5be,false
25755202,0x6efc4db4348ca7fb9778375e3cbd38bd2f0aa245234784feb09d85030ee6d0ba,0x1584a8ee67789d1fe161065388657ad2f2a3c7dd,0x77eb52e44db06777bce478159f25c0d55a295314,2026-08-15T02:55:53,repeated_internal_token_drain;dense_internal_fund_flow;complex_trace;high_gas_used_context;token_activity_burst;repeated_risky_internal_calls,0xa9059cbb,true
25755202,0x958df146b421554914247376a0249dd8e01732985b1b257c6eda60b1b6445dce,0x59aab1bd0d26290274398c07b55955c15425e16b,0x00fe78205f5f0e63b8ad2b2ae5337f538a610e04,2026-08-15T02:55:53,complex_trace;high_gas_used_context,0x34fcd5be,false
25755202,0x9e30815c878781121d71b9912f2ec5bf1a29f8bccfa7c14c9e4b6512c4662e8d,0xd6434d157f254276d69ede3bd9fc805482206908,0x7ec8a30a34b86927dc77b302603d1d53e640bef7,2026-08-15T02:55:53,repeated_internal_token_drain;dense_internal_fund_flow;complex_trace;high_gas_used_context;token_activity_burst;repeated_risky_internal_calls,0xa9059cbb,true
25755202,0xe76d066994151cf29d68c7024b887612be8f35f42f24d9c5ce2100162058c471,0xeb27b0a6dc383ee023f1203091134b4f759ee23e,0x04b57729e21a1a8c8b787013d1dbd81e4001163c,2026-08-15T02:55:53,large_erc20_asset_flow;complex_trace,0xc7c7f5b3,true
25755202,0xa5b80300a5ba122f4c5a22125d0de7e4fb73bfaf4398d321948a3ef7fe47df85,0xaceb23f3d96a2e3be44306d9e57aaf9a0d1ffd74,0xaeccdbedc3d3cb148ffc5bd8014b2a3a5ac36fab,2026-08-15T02:55:54,complex_trace;high_gas_used_context,0x4e8bc852,false
25755202,0xb7c3d86e0716039f92cf3c28c01879758bbfbdeb5e57b5239d69d1b46b1f81d1,0x4838b106fce9647bdf1e7877bf73ce8b0bad5f97,0xfeeeeee44046c3f61a8cc081e0918ef0de0a7ffc,2026-08-15T02:55:54,selfdestruct_context,0x6a7f6477,true
25755203,0x02dacda0b525fc95610945b3fa289394fceccc3b1c71dadf39fdba782057d456,0xfe377d0171ad1617af848ebd20dd59e09af87bd9,0xb62093c8dd041c758b7062f755f4975189f3e0af,2026-08-15T02:56:03,complex_trace;high_gas_used_context,0x0965d04b,false
25755203,0x376540d72b796ecb0ca6e9597f3ca45019a52930024137d280c3eae903a7e469,0x4d8b6d3723d8df7370e3d10d30fe5d4daede234a,0x4313c378cc91ea583c91387b9216e2c03096b27f,2026-08-15T02:56:03,dense_internal_fund_flow;complex_trace,0xeffbec13,true
25755203,0xa2ee7a2d450064659f07edcb39f0b69946f0a082cd1496140e3aadab5f58b750,0xc868879f3ae6a5c3cd3899338826909cb71a686a,0x0000000071727de22e5e9d8baf0edac6f37da032,2026-08-15T02:56:03,complex_trace;high_gas_used_context,0x765e827f,true
25755203,0x2fa65fc4120506572197c6693b867461baa178a8de55a9018755ce844eafa0aa,0xd6434d157f254276d69ede3bd9fc805482206908,0x7ec8a30a34b86927dc77b302603d1d53e640bef7,2026-08-15T02:56:04,repeated_internal_token_drain;dense_internal_fund_flow;complex_trace;high_gas_used_context;token_activity_burst;repeated_risky_internal_calls,0xa9059cbb,true
25755203,0x94340ca1bceef576f733d70c8d02794d50b1e40a1ebbbe5003a58df43bd685fb,0x41751c10b5d976d6d6b515a771ebfdaad855fb85,0xb300000b72deaeb607a12d5f54773d1c19c7028d,2026-08-15T02:56:04,dense_internal_fund_flow;complex_trace,0x810c705b,true
25755203,0x981f91aebb929e0ed1be54da051c3ba6e44ed8fe3856823368147cafd9dcff9f,0x4838b106fce9647bdf1e7877bf73ce8b0bad5f97,0xfeeeeee44046c3f61a8cc081e0918ef0de0a7ffc,2026-08-15T02:56:04,selfdestruct_context,0x6a7f6483,true
25755203,0x9c43e2aae1514c3f67049887d639bad4edde32d4a3adea74326a356f596e8904,0xdda3b51e29f9d6fad865c5dd7070d5f7eb57663e,0x8d8210a0252a706cb5de0c6f8e46b6d3692afc19,2026-08-15T02:56:04,complex_trace;high_gas_used_context,0xffc3a769,false
25755203,0xe5873f2f144a8a7bb82c351a5962c622b230cbc922de9385bbb6d1fbe97702ce,0x09cfee647fa339133380191c8db6b44f24500c9d,0x77b85afbcd336993ac1c65057531c5a5b33b76b8,2026-08-15T02:56:04,repeated_internal_token_drain;dense_internal_fund_flow;complex_trace;high_gas_used_context;token_activity_burst;repeated_risky_internal_calls,0xa9059cbb,true
25755203,0xebef4d0e75cd05a61920c08c4645b2f30f78191238712ca0e7172ab03fa2bff7,0xc5b1e9ff5d4f189f165c92ef41f84fa08239d042,,2026-08-15T02:56:04,privileged_execution_context;high_gas_used_context;contract_creation_context,0x61018034,false
25755203,0xecbf6dbcc0b1f4e648ac723d22856275798208939a775c8e0d44fade2cd9f508,0xe91bcae4a2d7b951304695f93cf1b9a1837cfe43,0x7ec8a30a34b86927dc77b302603d1d53e640bef7,2026-08-15T02:56:04,repeated_internal_token_drain;dense_internal_fund_flow;complex_trace;high_gas_used_context;token_activity_burst;repeated_risky_internal_calls,0xa9059cbb,true
25755203,0xf9e814432f98b25f8e883cf600fc92358b0f721f64114397e23fb32a2fbac719,0x59aab1bd0d26290274398c07b55955c15425e16b,0x00fe78205f5f0e63b8ad2b2ae5337f538a610e04,2026-08-15T02:56:04,complex_trace;high_gas_used_context,0x34fcd5be,false
25755204,0x0a04672b0c001ffc268c1139de3887a7cae86b9183dd978419557e3b496ddcb6,0x7830c87c02e56aff27fa8ab1241711331fa86f43,0xa9d1e08c7793af67e9d92fe308d5697fb81d3e43,2026-08-15T02:56:06,dense_internal_fund_flow,0x1a1da075,true
25755204,0x50f80b3acd6e365e9d898f9ef8268cd73c5ce6cd1433bc54151c60c10293072f,0xfe377d0171ad1617af848ebd20dd59e09af87bd9,0xb62093c8dd041c758b7062f755f4975189f3e0af,2026-08-15T02:56:06,complex_trace;high_gas_used_context,0x0965d04b,false
25755204,0x88be78df487204d2d6211302992d78b33a50749301f727e5bbcd42d8b52721a8,0x4838b106fce9647bdf1e7877bf73ce8b0bad5f97,0xfeeeeee44046c3f61a8cc081e0918ef0de0a7ffc,2026-08-15T02:56:07,selfdestruct_context,0x6a7f648f,true
25755205,0x54efcb933b64bb61bc1d2f86a4c4b464be1d04412b9d310e19639b0b68de9b4f,0xbe0b407782a7599380fa726db315340126d62229,0x4d2fb5f8ec243fde4df1a9678b82238570c7e0e4,2026-08-15T02:56:23,repeated_internal_token_drain;dense_internal_fund_flow;complex_trace;high_gas_used_context;token_activity_burst;repeated_risky_internal_calls,0x6a761202,true
25755205,0x8fe839bf653e7ec2c67683eba10bd86930f95ab4ce1988d598ecf9ef1f9bc43c,0x6998584be49162cb1a718a3bf954dccb24028ff9,0xa8c1c98aaf99a5dfc907d61b892b2ad624901185,2026-08-15T02:56:23,dense_internal_fund_flow,0x0970a5a0,true
25755205,0xaa286537d3fa3975c2767c10a27bca4f0fd4a824654e40b80c472f602b7787c2,0xdda3b51e29f9d6fad865c5dd7070d5f7eb57663e,0x8d8210a0252a706cb5de0c6f8e46b6d3692afc19,2026-08-15T02:56:23,complex_trace;high_gas_used_context,0xffc3a769,false
25755205,0xf892909a11548c90031989de45a1f1287d531d03fd3fa14667c1bdb754bd9cd4,0xfe377d0171ad1617af848ebd20dd59e09af87bd9,0xb62093c8dd041c758b7062f755f4975189f3e0af,2026-08-15T02:56:23,complex_trace;high_gas_used_context,0x0965d04b,false
25755205,0x740e208b86d946c8e97fa0fd7d5c6393c8b601ce7917346bf6ab1dff1a00e441,0xd6434d157f254276d69ede3bd9fc805482206908,0x7ec8a30a34b86927dc77b302603d1d53e640bef7,2026-08-15T02:56:24,repeated_internal_token_drain;dense_internal_fund_flow;complex_trace;high_gas_used_context;token_activity_burst;repeated_risky_internal_calls,0xa9059cbb,true
25755205,0x7fc290e6585473fcce26b3946189ed53f481c8599990f42c132ffdf65edbb47a,0x59aab1bd0d26290274398c07b55955c15425e16b,0x00fe78205f5f0e63b8ad2b2ae5337f538a610e04,2026-08-15T02:56:24,complex_trace;high_gas_used_context,0x34fcd5be,false
25755205,0xad880e53a7d39c6cfece3c95bee4a151ca86720cf6d45b608dd3861929f85a1e,0x59aab1bd0d26290274398c07b55955c15425e16b,0x00fe78205f5f0e63b8ad2b2ae5337f538a610e04,2026-08-15T02:56:24,complex_trace;high_gas_used_context,0x34fcd5be,false
25755205,0xf925f7bb8ecc339f7d680c9bdb6dbd87c1778fe7f0b25d56c3d04ead07fc4775,0x1584a8ee67789d1fe161065388657ad2f2a3c7dd,0x77eb52e44db06777bce478159f25c0d55a295314,2026-08-15T02:56:24,repeated_internal_token_drain;dense_internal_fund_flow;complex_trace;token_activity_burst;repeated_risky_internal_calls,0xa9059cbb,true
25755205,0xfa85229b09a29eb5bebd1bbbdd42262013ca9985ee0c650e4428b6152cf59765,0x9fc3da866e7df3a1c57ade1a97c9f00a70f010c8,0xfeeeeee44046c3f61a8cc081e0918ef0de0a7ffc,2026-08-15T02:56:24,selfdestruct_context,0x6a7f649b,true
25755206,0xb8802eff6d3950d9d86382d4895fdf8f71ebab7600a1f150858ce7fe4bdde8ce,0x8d0521c7748e47369794cd346fb61ad31b0a2b03,0x0b8a49d816cc709b6eadb09498030ae3416b66dc,2026-08-15T02:56:36,dense_internal_fund_flow;complex_trace,0xf497df75,true
25755206,0xc9b498b1a757352a9982ae49e336489015288c5ccd308a4ded827af1d70bf10f,0x7830c87c02e56aff27fa8ab1241711331fa86f43,0xa9d1e08c7793af67e9d92fe308d5697fb81d3e43,2026-08-15T02:56:36,large_erc20_asset_flow,0xca350aa6,true
25755206,0x4723784c44fc1d518e5008b70dcaca33a2235079335c9e79a405f9d1b42dd02c,0x7b49bc3ebbdf7322f31c6449320382bbec3be1b6,0xad3b67bca8935cb510c8d18bd45f0b94f54a968f,2026-08-15T02:56:37,dense_internal_fund_flow;complex_trace;high_gas_used_context;token_activity_burst;approval_burst,0x146ee74d,true
25755206,0x9c7a9a7ec22284887428a18b9adb78bff6eb0409430fb2818f9da2016ef8c98d,0x161643f280b09be8e0271eef8efc6c264d125003,0x6eb53247e1e278e4893bce9f3e060977bb000f64,2026-08-15T02:56:37,dense_internal_fund_flow;token_activity_burst,0xa9059cbb,true
25755206,0xafbcc2fab671816f5c0d5edbc9e35c0c3ec5f0c742473ba101c7946597962ea9,0xcf1369d6cdd148af5af04f4002dee9a00c7f8ae9,0xf4e147db314947fc1275a8cbb6cde48c510cd8cf,2026-08-15T02:56:37,privileged_execution_context,0x760d0f9d,false
25755206,0xc2ffe93ed0ebb07943322d30806cc8694ca9906c676052885ea00fe1a36b8f00,0x59aab1bd0d26290274398c07b55955c15425e16b,0x00fe78205f5f0e63b8ad2b2ae5337f538a610e04,2026-08-15T02:56:37,complex_trace;high_gas_used_context,0x34fcd5be,false
25755207,0x1e5c5c613084361b3857b557104db77d8474b12dad1ff2e09ebb99306a631c3a,0x59aab1bd0d26290274398c07b55955c15425e16b,0x00fe78205f5f0e63b8ad2b2ae5337f538a610e04,2026-08-15T02:56:45,complex_trace;high_gas_used_context,0x34fcd5be,false
25755207,0x4d2c5add94fb4e5e8d34ada6dd314bb30786a37f4382f4909018ea8669f07379,0xab00819212917da43a81b696877cc0bca798b613,0xf4e147db314947fc1275a8cbb6cde48c510cd8cf,2026-08-15T02:56:45,privileged_execution_context,0x760d0f9d,false
25755207,0x72c5c96da4b7092818e529fc677be990e0f4a7bcf3110f4fee8f47c0c7cfd164,0x28d800d404334c4aee145f970c034dbf5372bd82,0x3d90f66b534dd8482b181e24655a9e8265316be9,2026-08-15T02:56:45,complex_trace;high_gas_used_context,0x47ee97ff,false
25755207,0xd24e9d969789775acfd781c3007bcf3ebe355de8bc8ca553b5952a7f241d27dc,0xe71cdb6ece4f1bce002d9fa7ba8ba1ccd9a078a3,0x28b1dc1a5e3699a428bc51d234dfab7c9cb2a183,2026-08-15T02:56:45,complex_trace;high_gas_used_context,0x0c307f76,false
25755208,0x3cbacfb9fecfa9c3060c06be2c59b0308384d3402c05272bb3593db3dff04f49,0x59aab1bd0d26290274398c07b55955c15425e16b,0x00fe78205f5f0e63b8ad2b2ae5337f538a610e04,2026-08-15T02:56:48,complex_trace;high_gas_used_context,0x34fcd5be,false
25755209,0x03b7608b5fef7687acce662b102455996fc9c8b720976e724182e25147915165,0x65d6849f4f1d23124fb357f56cf166b56caacd9f,,2026-08-15T02:56:57,large_mint_to_sender;contract_creation_context,0x60806040,true
25755209,0x751327480e8c0414632ee82a72a6eda7f932bc89e453e818b8b2a7253bd9b0f4,0x7830c87c02e56aff27fa8ab1241711331fa86f43,0xa9d1e08c7793af67e9d92fe308d5697fb81d3e43,2026-08-15T02:56:57,dense_internal_fund_flow,0x1a1da075,true
25755209,0x0bc42fb193cab2fef1024eeffa01b770e3b24764d79abf45c1f004e22c8ebcc0,0x59aab1bd0d26290274398c07b55955c15425e16b,0x00fe78205f5f0e63b8ad2b2ae5337f538a610e04,2026-08-15T02:56:58,complex_trace;high_gas_used_context,0x34fcd5be,false
25755210,0x075e7e539040ce88d1032f26f25177bdd87a55f752940588368660446fdb16dd,0x346d25338f3cbd5a102011ca33a47d26b9400b90,0xacddac6c77318b615f7f6fb9bb67c6833e9c05f1,2026-08-15T02:57:01,large_erc20_asset_flow;complex_trace,0x571d3dc7,true
25755210,0xbab49793d5a3e59e0f87ae837f5ddafeab5db7ff95e834fdcb73c03e57f4b1c6,0x59aab1bd0d26290274398c07b55955c15425e16b,0x00fe78205f5f0e63b8ad2b2ae5337f538a610e04,2026-08-15T02:57:01,complex_trace;high_gas_used_context,0x34fcd5be,false
25755211,0x0ba90c0e5c5005f5cb55d0fa73922b97e7e94301643578c5c6fea81f00a71fc0,0x5b43453fce04b92e190f391a83136bfbecedefd1,0xbdb3ba9ffe392549e1f8658dd2630c141fdf47b6,2026-08-15T02:57:08,dense_internal_fund_flow;complex_trace;high_gas_used_context;token_activity_burst,0x000000c3,true
25755211,0x33ca78d7e1f9bfbc79f4ee095b9e805cb721526a3ee08f0a882e44a8bd1f4e21,0xdd2d158a5083ef7d32f059c312eebb788867ad24,0xcb0151ac9479a6a0261622baa63ae843c9793d45,2026-08-15T02:57:08,complex_trace;approval_burst,0x64cd187f,false
25755211,0x3974feca183f9e3c09f6bf2ea7681519b27328088762b27d446bbd43bb9b05a1,0xc9e8bbd09773b5ed1d0520cc75e83ddc8a8a200e,0x0000000000000068f116a894984e2db1123eb395,2026-08-15T02:57:08,complex_trace;high_gas_used_context,0x87201b41,false
25755211,0x3ba5e2105105b5e3c7d81bdc8088c720ea9fed5a15c24d41a812315620dbab92,0x7b49bc3ebbdf7322f31c6449320382bbec3be1b6,0xad3b67bca8935cb510c8d18bd45f0b94f54a968f,2026-08-15T02:57:08,complex_trace;high_gas_used_context;token_activity_burst;approval_burst,0x146ee74d,false
25755211,0x842f0aca59002eeda91f80c36b8c554b3c74a5dafb92bca3e690545bed0caf03,0x09a591f0e4fa0abac08f05bc0916c51ee34c1a1b,0x5cb16a393b9b43c590953b51058edab1bde0f5fa,2026-08-15T02:57:08,dense_internal_fund_flow,0x501d976c,true
25755211,0xa5b06de98f132b0c0e82ead0e36799f0448bc5958912a9b24e955090ca66788b,0xa67d7eb4dc68fa6ce8e34ef8cadaf075b9893fbb,0xb92fe925dc43a0ecde6c8b1a2709c170ec4fff4f,2026-08-15T02:57:08,complex_trace;high_gas_used_context,0xcd6e13f7,false
25755211,0xb349304dd3e8b2a887546185cf4d24a32232d821119ec44509fae0ac61f430e5,0x72b846dc32fc6216ab4144e5c776375f03f33212,0xacddac6c77318b615f7f6fb9bb67c6833e9c05f1,2026-08-15T02:57:08,large_erc20_asset_flow;complex_trace,0x571d3dc7,true
25755211,0xc683486a3e4c0abe90b1ee08059db0e930d690eb7b69b28e37a41024ca06ea70,0xde6c6d7df933973c2322a8c02d4b99c324870671,0x07964f135f276412b3182a3b2407b8dd45000000,2026-08-15T02:57:08,dense_internal_fund_flow;complex_trace,0xd808d889,true
25755211,0xd9b0d44b0c1e7b75bb772cfb8010852156167a7244d7420dc7e39aac11d07097,0x5421305fbc38a8e8ff7332e4c542ff1d9e13eae7,0xd90e2f925da726b50c4ed8d0fb90ad053324f31b,2026-08-15T02:57:08,dense_internal_fund_flow,0x13d98d13,true
25755211,0xfd84aabb8522d5a820b3e27d32bf897c8af1b42205bed0f18c7c1d53232b25d1,0xfe377d0171ad1617af848ebd20dd59e09af87bd9,0xb62093c8dd041c758b7062f755f4975189f3e0af,2026-08-15T02:57:08,complex_trace;high_gas_used_context,0x0965d04b,false
25755211,0x5de31f4aaa839277c71848550b87fe498bb61728791cd0b15cfbb921b86a6dfb,0x46565eedb0bb948ae787dd105cce300f736da28e,0x00000000005ad9ce1f5035fd62ca96cef16adaaf,2026-08-15T02:57:09,privileged_execution_context;complex_trace,0x8f5c3522,false
25755211,0x84e9cdea21fd46a3bf1bdb540908216ab72a39bc2b8630ab5229ab8b2eed7035,0x59aab1bd0d26290274398c07b55955c15425e16b,0x00fe78205f5f0e63b8ad2b2ae5337f538a610e04,2026-08-15T02:57:09,complex_trace;high_gas_used_context,0x34fcd5be,false
25755211,0xfd078948c0363ab15a3f19920ec3681ff95c304d20f3bc24c58162a9ca2c132f,0x8b5606469e21c75edd7c74d1c7a65824675d9aff,0x9ccc2f3ecde026230e11a5c8799ac7524f2bb294,2026-08-15T02:57:09,dense_internal_fund_flow;complex_trace,0x1bc74526,true
25755211,0x9155c2779c58296892c989c72033f176edfb40ae87a02c73ba1d68dc5afb29bd,0x4838b106fce9647bdf1e7877bf73ce8b0bad5f97,0xfeeeeee44046c3f61a8cc081e0918ef0de0a7ffc,2026-08-15T02:57:10,selfdestruct_context,0x6a7f64e3,true
25755212,0x3c7ccbfbaf9fa2bd0eafb15a51ac62a715c9074c4986ce6573e70d43045b2d09,0x7b49bc3ebbdf7322f31c6449320382bbec3be1b6,0xad3b67bca8935cb510c8d18bd45f0b94f54a968f,2026-08-15T02:57:16,complex_trace;high_gas_used_context;token_activity_burst;approval_burst,0x146ee74d,false
25755212,0xda03b63940a7e8c5b6a34de7be04e1d590bf2a97dc45d289df1b148f447ced7a,0x59aab1bd0d26290274398c07b55955c15425e16b,0x00fe78205f5f0e63b8ad2b2ae5337f538a610e04,2026-08-15T02:57:17,complex_trace;high_gas_used_context,0x34fcd5be,false
25755213,0x54216863871b3be3c678fe7ecbdb9b6d58aa7c2b49b282a780216465677efed4,0x9fc3da866e7df3a1c57ade1a97c9f00a70f010c8,0xfeeeeee44046c3f61a8cc081e0918ef0de0a7ffc,2026-08-15T02:57:21,selfdestruct_context,0x6a7f64fb,true
25755213,0x9c6658a6bcc4064d88b4dbc58043132e95c050d8b8c928b43843de4a3e407841,0x7a642c324ded65170a414cf867945af65a9b5fe2,0x3d90f66b534dd8482b181e24655a9e8265316be9,2026-08-15T02:57:21,dense_internal_fund_flow;complex_trace,0x47ee97ff,true
25755213,0xde69466e878fea7c88a335e9ceafea95613bba22ec39e833b44dabc592c002ce,0xcdf5d0f6b1eb0e7c2115b10f20b1dbe60febcc41,0x33024d4791413438aa1de6a8b6cb7cceb25459b1,2026-08-15T02:57:21,large_mint_to_sender;complex_trace,0x6e553f65,true
25755213,0xf215d8f273492a44ffc4d516910e6b7ff0a35060079304800100c1ac3a998675,0x09cfee647fa339133380191c8db6b44f24500c9d,0x77b85afbcd336993ac1c65057531c5a5b33b76b8,2026-08-15T02:57:21,repeated_internal_token_drain;dense_internal_fund_flow;complex_trace;high_gas_used_context;token_activity_burst;repeated_risky_internal_calls,0xa9059cbb,true
25755214,0xbc44d361ad300920202d40eb4aa7bd846dd634c29f9cc372a2dc1cc7547a4b96,0x473ff61071e37e020b961e2059fd0d0d8870b593,0x28b1dc1a5e3699a428bc51d234dfab7c9cb2a183,2026-08-15T02:57:26,complex_trace;high_gas_used_context,0x0c307f76,false
25755214,0xcd9dce2c7d61b44bc9c89a58f9f32f9c8c2aa207c36d7fcf1c748dd4d2c8c850,0x7830c87c02e56aff27fa8ab1241711331fa86f43,0xa9d1e08c7793af67e9d92fe308d5697fb81d3e43,2026-08-15T02:57:26,dense_internal_fund_flow,0x1a1da075,true
25755214,0x97c9e9b88c965ad014ed51afdcedfa78f8d8f6a54861d1c53ad91683b7f057ab,0xa08dde8edcab0611235d82f9153ffd3938077295,0x4e6ef371c9cdde8c3e6716affeebad14c8c62d0b,2026-08-15T02:57:30,privileged_execution_context;very_complex_trace;high_gas_used_context;token_activity_burst;approval_burst,0x8bf0f8f8,false
25755215,0x2a14c24bbdbe036c4c2e2a4d076fcc4506426dd3230c12b4a4b04e4496ce59de,0xb23360ccdd9ed1b15d45e5d3824bb409c8d7c460,0x09c30cdcdd971423cb3ba757a47d56c35d06d818,2026-08-15T02:57:34,dense_internal_fund_flow,0x318adb8b,true
25755216,0x31ddc73aaad688b8cfe600809985537b1643c246aa65ea0dd04a99b12ad756dc,0x70c69520eb6595d102bfd8aed8fc58428489c4e4,0x04b57729e21a1a8c8b787013d1dbd81e4001163c,2026-08-15T02:57:45,large_erc20_asset_flow;complex_trace,0xc7c7f5b3,true
25755216,0x6c36eb21e5844654a6113e3848cd3ab3eb542d5ca6969831c2f21a3c54d1437a,0x5b43453fce04b92e190f391a83136bfbecedefd1,0xbdb3ba9ffe392549e1f8658dd2630c141fdf47b6,2026-08-15T02:57:45,repeated_internal_token_drain;dense_internal_fund_flow;complex_trace;high_gas_used_context;token_activity_burst;repeated_risky_internal_calls,0x000000c3,true
25755216,0x6d17a04d65f3847b0b5eccbed8654f8e84aaa1f9d9edcf88afc0b59acec95bf5,0xfe377d0171ad1617af848ebd20dd59e09af87bd9,0xb62093c8dd041c758b7062f755f4975189f3e0af,2026-08-15T02:57:45,complex_trace;high_gas_used_context,0x0965d04b,false
25755216,0xb24b2f58ecaac7affef8dc1f991882580c71592094d47c2592c31993697ac032,0xc5de32fedfa0eb1bef0a84bae4f3cb78d3bb4385,0x72fe31aae72fea4e1f9048a8a3ca580eeba3cd58,2026-08-15T02:57:45,high_gas_used_context;token_activity_burst,0x1239ec8c,false
25755216,0x5f825661e970339f78a71f622ff8ad658de506b5c522d32eef3f86e6d3d07978,0xda00efb9effa049fd9e65dc0315062fb453a5065,0x1231deb6f5749ef6ce6943a275a1d3e7486f4eae,2026-08-15T02:57:47,dense_internal_fund_flow;complex_trace,0xe23b7a08,true
25755216,0x726892023b44ad566c0bbedf2fc62dedc19d7563155dd7311c6dd221c21d17e8,0x8b5606469e21c75edd7c74d1c7a65824675d9aff,0x9ccc2f3ecde026230e11a5c8799ac7524f2bb294,2026-08-15T02:57:47,dense_internal_fund_flow;complex_trace,0x1bc74526,true
25755216,0xc52f076647e4c9487bedfd26928f6e8712554f7cf838f5d73df62eca2171a72e,0x4838b106fce9647bdf1e7877bf73ce8b0bad5f97,0xfeeeeee44046c3f61a8cc081e0918ef0de0a7ffc,2026-08-15T02:57:47,selfdestruct_context,0x6a7f651f,true
25755217,0x1a4844cfab84408b691833e84ccfa34cc7b1e53efef254a2cb8409c3af9aaecf,0x2f879da17f4d614601f3a566a94bcf74b6035611,0xc36442b4a4522e871399cd717abdd847ab11fe88,2026-08-15T02:58:05,dense_internal_fund_flow,0xac9650d8,true
25755217,0x78e0df9e738e1533ef58cf0c8dfcd4a1b617b8fc0215d73749084423557f0ecc,0x50bf934781f63028c5c8ef49c4affe19a86d99b6,0x8d04cc7e86e687854eb41d9d43512b655b93184b,2026-08-15T02:58:05,complex_trace;selfdestruct_context,0x4a1bf18a,false
25755217,0xce745e2c6068829368f8c6beb6df1b3418a3fedf013da5539d7e165689a0d403,0xeb27b0a6dc383ee023f1203091134b4f759ee23e,0x04b57729e21a1a8c8b787013d1dbd81e4001163c,2026-08-15T02:58:06,large_erc20_asset_flow;complex_trace,0xc7c7f5b3,true
25755218,0xa562e70a2e9711aba720402160b5c37cc62a1770016c43624d85fdd8d374b833,0x4337015333e7c8a3c5af4acd2c4aa4befb0d663c,0x0000000071727de22e5e9d8baf0edac6f37da032,2026-08-15T02:58:12,privileged_execution_context;complex_trace,0x765e827f,false
25755218,0xc13dbf7b25211d50788f4ba6fcf907c519f2e348fb60be916218b4fb5603d2bc,0xfe377d0171ad1617af848ebd20dd59e09af87bd9,0xb62093c8dd041c758b7062f755f4975189f3e0af,2026-08-15T02:58:12,complex_trace;high_gas_used_context,0x0965d04b,false
25755218,0xbe175875c215839eeabdd533b63f1e485d100da5c12a1cbe1ed1698e3e978c75,0xdadb0d80178819f2319190d340ce9a924f783711,0xfeeeeee44046c3f61a8cc081e0918ef0de0a7ffc,2026-08-15T02:58:13,selfdestruct_context,0x6a7f6537,true
25755218,0xcd7f85d4cfd29d2f078b57036e4c695fe0bd6f8e7cdcf79f928933ad66eac822,0xdadb0d80178819f2319190d340ce9a924f783711,0xfeeeeee44046c3f61a8cc081e0918ef0de0a7ffc,2026-08-15T02:58:13,selfdestruct_context,0x6a7f6537,true
25755219,0x4733bb21b3dce6cde2ec9490575d2116e409e3f6c10fe2c450999a0bed9ae0cb,0xfe377d0171ad1617af848ebd20dd59e09af87bd9,0xb62093c8dd041c758b7062f755f4975189f3e0af,2026-08-15T02:58:18,complex_trace;high_gas_used_context,0x0965d04b,false
25755219,0x5d9660fd0e665cebaa84549c69e2f44e6730e693a78016c3ca8d3615a056dfb3,0x4838b106fce9647bdf1e7877bf73ce8b0bad5f97,0xfeeeeee44046c3f61a8cc081e0918ef0de0a7ffc,2026-08-15T02:58:18,selfdestruct_context,0x6a7f6543,true
25755219,0x647167b5c69ef88fa3efa6314b45108bb411f980d798a8417d6a3815b0971c6d,0x4337004ec9c1417f1c7a26ebd4b4fbed6acf9e5d,0x0000000071727de22e5e9d8baf0edac6f37da032,2026-08-15T02:58:18,dense_internal_fund_flow;complex_trace,0x765e827f,true
25755219,0x9dca75b5cb1e6f9548aaa6ba605c73a81e541507a581400edcb3504371f90314,0x4838b106fce9647bdf1e7877bf73ce8b0bad5f97,0xfeeeeee44046c3f61a8cc081e0918ef0de0a7ffc,2026-08-15T02:58:18,selfdestruct_context,0x6a7f6543,true
25755219,0xabe94d6f2904ca9f09fdae0283c4ec21d8ae2649d29a9a9f2c1b6e1bac2908e2,0x5421305fbc38a8e8ff7332e4c542ff1d9e13eae7,0xd90e2f925da726b50c4ed8d0fb90ad053324f31b,2026-08-15T02:58:18,dense_internal_fund_flow,0x13d98d13,true
25755219,0xc96aeac5e8b710e4812471c24889cfd38ac1d36b4dc4eb74e8e8f25e25f34df9,0xe81e6d2df4622e26ae70db9f3e030f6a568f2427,0x4c82d1fbfe28c977cbb58d8c7ff8fcf9f70a2cca,2026-08-15T02:58:18,dense_internal_fund_flow;complex_trace;high_gas_used_context;token_activity_burst,0x3593564c,true
25755219,0xf4343298cc8a823fd493070e59ee44598a18683ec728a79d46093faa3bdd3a7a,0x7830c87c02e56aff27fa8ab1241711331fa86f43,0xa9d1e08c7793af67e9d92fe308d5697fb81d3e43,2026-08-15T02:58:18,dense_internal_fund_flow,0x1a1da075,true
25755219,0x0f495518d0f6c187e443671990f3965e4ab69c0becd1b383a57fdfd20d015767,0xdda3b51e29f9d6fad865c5dd7070d5f7eb57663e,0x8d8210a0252a706cb5de0c6f8e46b6d3692afc19,2026-08-15T02:58:19,complex_trace;high_gas_used_context,0xffc3a769,false
25755219,0x301bd1e35b1f970038103c67b28b56e98067b8bef215fcf3335f29949b01c47b,0x4838b106fce9647bdf1e7877bf73ce8b0bad5f97,0xfeeeeee44046c3f61a8cc081e0918ef0de0a7ffc,2026-08-15T02:58:19,selfdestruct_context,0x6a7f6543,true
25755219,0xf3821e2986a52056c1f5fe2648537e5978a09c6fd6ccf9052e78f44939b935f5,0x8b5606469e21c75edd7c74d1c7a65824675d9aff,0x9ccc2f3ecde026230e11a5c8799ac7524f2bb294,2026-08-15T02:58:19,dense_internal_fund_flow;complex_trace,0x1bc74526,true
25755220,0x0470af7e8f1b8193f7a4c2f206b868c3770a26723ce8589fd0fa68cc8041b26b,0xdadb0d80178819f2319190d340ce9a924f783711,0xfeeeeee44046c3f61a8cc081e0918ef0de0a7ffc,2026-08-15T02:59:10,selfdestruct_context,0x6a7f654f,true
25755220,0x1e542a131275275e627ac169de28e98a6271025a79ce928c3b85adf8be847050,0xfe377d0171ad1617af848ebd20dd59e09af87bd9,0xb62093c8dd041c758b7062f755f4975189f3e0af,2026-08-15T02:59:10,dense_internal_fund_flow;complex_trace;high_gas_used_context,0x0965d04b,true
25755220,0x2fccb26d7ecfad0e83c5446f7f6086288fd009a9dbd39e1acaeafec1772d4f21,0xdadb0d80178819f2319190d340ce9a924f783711,0xfeeeeee44046c3f61a8cc081e0918ef0de0a7ffc,2026-08-15T02:59:10,selfdestruct_context,0x6a7f654f,true
25755220,0x37604e24158db256f7c3e6302946de36327e0d0970cd84fdfa8c984cb8751bc4,0xdda3b51e29f9d6fad865c5dd7070d5f7eb57663e,0x8d8210a0252a706cb5de0c6f8e46b6d3692afc19,2026-08-15T02:59:10,complex_trace;high_gas_used_context,0xffc3a769,false
25755220,0x4203c388d6c95c847939b1b4db270e621d8cd3383880d5013417a0fa5ec62bf4,0x59aab1bd0d26290274398c07b55955c15425e16b,0x00fe78205f5f0e63b8ad2b2ae5337f538a610e04,2026-08-15T02:59:10,complex_trace;high_gas_used_context,0x34fcd5be,false
25755220,0xc2edd362235d3b9ff3998543f00ffe25c7a6e524dcf00f9f3c05de4d114969e3,0xdadb0d80178819f2319190d340ce9a924f783711,0xfeeeeee44046c3f61a8cc081e0918ef0de0a7ffc,2026-08-15T02:59:10,selfdestruct_context,0x6a7f654f,true
25755221,0x6f7d046ce0b529140305c11d903e707d054ea65c33e159512cd93220c4a715f3,0x5b43453fce04b92e190f391a83136bfbecedefd1,0xbdb3ba9ffe392549e1f8658dd2630c141fdf47b6,2026-08-15T02:59:22,complex_trace;token_activity_burst,0x000000c3,false
25755221,0x246f7311d962b04125556a6bd3a2ecbbce76e78677e1f792080235c28d5d5759,0x1584a8ee67789d1fe161065388657ad2f2a3c7dd,0x77eb52e44db06777bce478159f25c0d55a295314,2026-08-15T02:59:24,repeated_internal_token_drain;dense_internal_fund_flow;complex_trace;high_gas_used_context;token_activity_burst;repeated_risky_internal_calls,0xa9059cbb,true
25755221,0x88a28a2f4dce8d6e18b6c068f32be6e9a586069658920cdd24c6001fbdd1dc47,0xc6acbee42e9e323140c1ed060c2f6ea9cc3b4b75,0x7c5a71c9fefbc7691f9d4ac7baf70c743792f716,2026-08-15T02:59:24,selfdestruct_context,0xf3fef3a3,false
25755221,0x9bfc6564b6eb564f1ec093a31d1e4a905eb1925c01cffff32472b7b0b1cf647c,0xf70da97812cb96acdf810712aa562db8dfa3dbef,0xb92fe925dc43a0ecde6c8b1a2709c170ec4fff4f,2026-08-15T02:59:24,dense_internal_fund_flow;complex_trace,0xcd6e13f7,true
25755221,0xd62a3edac068d825031660f98b2dc17a5e034acd497c51a88369178a2f7996b4,0x4838b106fce9647bdf1e7877bf73ce8b0bad5f97,0xfeeeeee44046c3f61a8cc081e0918ef0de0a7ffc,2026-08-15T02:59:24,selfdestruct_context,0x6a7f655b,true
25755222,0x7b6bb9e2476057ae8fbb7645e204feb9eeecd376180fcfc40ae6dc1da5cbefbe,0xc6acbee42e9e323140c1ed060c2f6ea9cc3b4b75,0x7c5a71c9fefbc7691f9d4ac7baf70c743792f716,2026-08-15T02:59:34,selfdestruct_context,0xf3fef3a3,false
25755222,0xcf11e6c9b5d3b5409bf739509929d0c74b82926933a12ef08d94f7dfebbf1a9f,0x4dbc9244e817f9db8629584bdb398ad047ed6500,0x10f4c55aa15bf3ddcb3b8ac621a8db2649799da3,2026-08-15T02:59:34,complex_trace;high_gas_used_context,0x037a0321,false
25755222,0xd548f1d3f3cd1d713dd8c6f9da2ecab77f50cadd63ecc56c5844c2400cd52782,0x4838b106fce9647bdf1e7877bf73ce8b0bad5f97,0xfeeeeee44046c3f61a8cc081e0918ef0de0a7ffc,2026-08-15T02:59:35,selfdestruct_context,0x6a7f6567,true
25755223,0x23b8e26c6361f26568b7e7a72378ab70f5769092c1f85b3a90ffd5110f5cdff4,0x5a3cf3d9a296b84cce6a3113426208def795c159,0x881d40237659c251811cec9c364ef91dc08d300c,2026-08-15T02:59:42,dense_internal_fund_flow;complex_trace,0x5f575529,true
25755223,0x42bd07328e2ed723dcf924d2afd981be553202bdef793208a63010de1c149a1f,0xfe377d0171ad1617af848ebd20dd59e09af87bd9,0xb62093c8dd041c758b7062f755f4975189f3e0af,2026-08-15T02:59:43,complex_trace;high_gas_used_context,0x0965d04b,false
25755223,0x6e3c7622483bbf9b7619aa954e5bd0f95685782e85203d5525b54652ba94cb3c,0x59aab1bd0d26290274398c07b55955c15425e16b,0x00fe78205f5f0e63b8ad2b2ae5337f538a610e04,2026-08-15T02:59:43,complex_trace;high_gas_used_context,0x34fcd5be,false
25755223,0xb2e03be66317f5fa4bb33188d213d2c58027bf7b2766c5872a4560920312b4f5,0x942b41d990133d8d9989bf3bb2f89f9aa1d127fd,0x05898436b412f23d339df2f9fe5d34f12e394d92,2026-08-15T02:59:43,complex_trace;token_activity_burst,0x9e79d47a,false
25755223,0xdb93c344f7cbf2ec70fae0409cc0b97ca7639539ac3d87afcf61bdeb5e8aa450,0x473ff61071e37e020b961e2059fd0d0d8870b593,0x28b1dc1a5e3699a428bc51d234dfab7c9cb2a183,2026-08-15T02:59:43,complex_trace;high_gas_used_context;token_activity_burst,0x0c307f76,false
25755223,0xdd8a5901c2aa7b08931d01b2bac1940ecfef6b0b958296b676a6675ee0a485ef,0xb23360ccdd9ed1b15d45e5d3824bb409c8d7c460,0x09c30cdcdd971423cb3ba757a47d56c35d06d818,2026-08-15T02:59:43,dense_internal_fund_flow,0x318adb8b,true
25755223,0xe220bcd484636bdfb4e4b803cd65f72cc3bd234827af99ced9b44bd8b71fd9f7,0x4838b106fce9647bdf1e7877bf73ce8b0bad5f97,0xfeeeeee44046c3f61a8cc081e0918ef0de0a7ffc,2026-08-15T02:59:43,selfdestruct_context,0x6a7f6573,true
