block_num,tx_hash,from,to,detect_time,attack_signals,selector,has_asset_impact
25760752,0xe436dbecb887b81936dddfe300ac83eefd25d874f8e594ad8e2094303980209f,0x8d79047775d8d5991f474248821d147e3e1f68f5,0xf75584ef6673ad213a685a1b58cc0330b8ea22cf,2026-08-15T21:30:03,privileged_execution_context;complex_trace;high_gas_used_context,0xb94c3609,false
25760753,0xee1d53130f783dba0489404e24f52149410f342207e35a1c4e7b7152c3e24bad,0x23ab825aaffe678f6473133f7a7a90ab49f5b391,0x0a252663dbcc0b073063d6420a40319e438cfa59,2026-08-15T21:30:15,dense_internal_fund_flow;large_mint_to_sender;very_complex_trace;high_gas_used_context;token_activity_burst;selfdestruct_context,0xf5878b9b,true
25760753,0xf787324189c470219650cda8f63bea3348c96e39dc529e09c8838f073c0e3a59,0x9585f0f40d779487f15028c0a451c4b7d646e9ad,0x3d90f66b534dd8482b181e24655a9e8265316be9,2026-08-15T21:30:15,dense_internal_fund_flow,0x47ee97ff,true
25760753,0xf8f186102f56a64bb4842d27bb685acc0d58e8bd1da1115a9167fff481be0337,0xdda3b51e29f9d6fad865c5dd7070d5f7eb57663e,0x8d8210a0252a706cb5de0c6f8e46b6d3692afc19,2026-08-15T21:30:15,complex_trace;high_gas_used_context,0xffc3a769,false
25760754,0x04dfa64a2d80c4a3ff8f4284ad94840b70acee7b5a740c2bcc2167b597d8908d,0x7830c87c02e56aff27fa8ab1241711331fa86f43,0xa9d1e08c7793af67e9d92fe308d5697fb81d3e43,2026-08-15T21:30:28,dense_internal_fund_flow,0x1a1da075,true
25760754,0x3b6e538417b255b56cf114cadf13228d7dc2886c0909a1d5eba4cc219ec8afbb,0x23ab825aaffe678f6473133f7a7a90ab49f5b391,0x0a252663dbcc0b073063d6420a40319e438cfa59,2026-08-15T21:30:29,dense_internal_fund_flow;large_mint_to_sender;very_complex_trace;high_gas_used_context;token_activity_burst;selfdestruct_context,0xf5878b9b,true
25760754,0x84526cc0017011a6c46fd5ab43c651b261ec02e694b901003286801db8922656,0x4838b106fce9647bdf1e7877bf73ce8b0bad5f97,0xfeeeeee44046c3f61a8cc081e0918ef0de0a7ffc,2026-08-15T21:30:29,selfdestruct_context,0x6a8069e3,true
25760754,0x005b56f9cd329efd1dd289e11ddf59185baff2b847c14719e96b863f2ca3c937,0x9fc3da866e7df3a1c57ade1a97c9f00a70f010c8,0xfeeeeee44046c3f61a8cc081e0918ef0de0a7ffc,2026-08-15T21:30:31,selfdestruct_context,0x6a8069e3,true
25760754,0x5c954da50e7f406060acb9bc305cc588019e5741fcd28d1ef015ef88ea6a79fb,0xde7a849216aa3884d53d84ecb02c19eb67e5dae2,0x7d9f4ca54131e588fc1fe577973b55fb11231e76,2026-08-15T21:30:31,high_gas_used_context;token_activity_burst,0x6aac3a0b,false
25760754,0x98b7d8525d447e8bc07b0be82db0200c096e5ea101a34d5cf11c86153ea90f94,0x13f6c889362caef65eb6b04d7365b069e7236696,0xbc1d9760bd6ca468ca9fb5ff2cfbeac35d86c973,2026-08-15T21:30:31,dense_internal_fund_flow;complex_trace;high_gas_used_context;token_activity_burst,0xd984396a,true
25760755,0xbb85dfcbc0030468b45d7e52f575f29f939d481c0f3855199464f3986608f746,0xbe0b407782a7599380fa726db315340126d62229,0x4d2fb5f8ec243fde4df1a9678b82238570c7e0e4,2026-08-15T21:30:38,repeated_internal_token_drain;dense_internal_fund_flow;complex_trace;high_gas_used_context;token_activity_burst;repeated_risky_internal_calls,0x6a761202,true
25760756,0x172985c8048a79514d450bcd194fd9060d861ab1a48f7a1c6547aa7accb0c74c,0xae2fc483527b8ef99eb5d9b44875f005ba1fae13,0x1f2f10d1c40777ae1da742455c65828ff36df387,2026-08-15T21:30:57,dense_internal_fund_flow;complex_trace,0x2bd0a0b8,true
25760756,0x401158bf8362d6bae618651907713aaedf1116abe852f403b4e63587ba2427bd,0x7556699aa8e6a7c9c69bcfaf9debd05f8192b063,0x84cab37995229530d9e6e5cff2f8f4ebe4517d66,2026-08-15T21:30:57,complex_trace;high_gas_used_context;token_activity_burst;approval_burst,0xe587456a,false
25760756,0x48f5880f5629d89056cbb5aafbf735767830457f6f5c7d0c23eae67bcb7cc517,0x0b02762acdd8d88fc74ebc5f5c5923dedba5ed29,0xb4769e9c5be31199a25ecd1b0c6609183fa72521,2026-08-15T21:30:57,dense_internal_fund_flow;complex_trace,0xa11b1198,true
25760756,0x696f1cc18aae0a6ab8f537a84586026d17e29a95d43eb88d520abc2ed95af92e,0x50bf934781f63028c5c8ef49c4affe19a86d99b6,0x8d04cc7e86e687854eb41d9d43512b655b93184b,2026-08-15T21:30:57,complex_trace;selfdestruct_context,0x4a1bf18a,false
25760756,0x6f2197aec99984baa0522f32cee1097645a97fe3e5770f1100499606164def0b,0x1a27e43cb5eec966c9b57e9b848ea48e2a65fe6d,0x03f34be1bf910116595db1b11e9d1b2ca5d59659,2026-08-15T21:30:57,dense_internal_fund_flow;complex_trace,0xe47d166c,true
25760756,0xacc3b772889ec1a33eba3b6a41228e07fa216b56f2ba66e7f4a389191ab6a38d,0x8d79047775d8d5991f474248821d147e3e1f68f5,0xb010c392f9572aeb5ea3817e94dc6745421b2bb5,2026-08-15T21:30:57,privileged_execution_context;complex_trace,0x21c28191,false
25760756,0xbdf2582250521dcd27f10a3b35b6cd68783e044e45fa4e5a33c602a84ad05ce6,0x23ab825aaffe678f6473133f7a7a90ab49f5b391,0x0a252663dbcc0b073063d6420a40319e438cfa59,2026-08-15T21:30:57,dense_internal_fund_flow;large_mint_to_sender;very_complex_trace;high_gas_used_context;token_activity_burst;selfdestruct_context,0xf5878b9b,true
25760756,0x6dc47525272adb218094aa8774e096273e58ec20f137e9239b86ef3851abe876,0x3ef67ff98bb9a8f8e3be49c0be1d8e8c239e5daf,0x97f021f8d1cb43b35d65be276bbedcf6ef7dbc2d,2026-08-15T21:30:58,complex_trace;approval_burst,0x10404af4,false
25760756,0x57c442249ebd3e992711814700b19a0576868ed2735110221bb92480c6878376,0x4838b106fce9647bdf1e7877bf73ce8b0bad5f97,0xfeeeeee44046c3f61a8cc081e0918ef0de0a7ffc,2026-08-15T21:30:59,selfdestruct_context,0x6a8069fb,true
25760757,0x08ac5b45470539fdae3332dd39d080da8b43306d71d3c2c04ce1cc95bdba1aed,0x2c26767989d49215d249e6d36f8e3fe2717f7dbd,0x004395edb43efca9885cedad51ec9faf93bd34ac,2026-08-15T21:31:13,complex_trace;high_gas_used_context,0xac9650d8,false
25760757,0x33d30d9a8a30234e18ab1b59ff45faebff7e141c973418ace9b83d9cb4c5efa8,0x45f5042512c4ba0b0549463b5deee65a45c09c7b,0x881d40237659c251811cec9c364ef91dc08d300c,2026-08-15T21:31:13,dense_internal_fund_flow;complex_trace,0x5f575529,true
25760757,0x47e5701e9921b06ca29ee8dd176a260fbee82491ded23c61605821c606e922e0,0x43370250bfc02c7f085cb105558da41e9cdb2d79,0x0000000071727de22e5e9d8baf0edac6f37da032,2026-08-15T21:31:13,privileged_execution_context;complex_trace,0x765e827f,false
25760757,0x91d96007047432600c151c1f7a1cd538d3427c1a1988c451facb99e6f2ef3b95,0x5b43453fce04b92e190f391a83136bfbecedefd1,0xbdb3ba9ffe392549e1f8658dd2630c141fdf47b6,2026-08-15T21:31:13,complex_trace;high_gas_used_context;token_activity_burst,0x000000c3,false
25760757,0xc43653b1d0e2879e216a4f1de1fec56d8dcb1e1b9e29934ae21cc1a67bda3a49,0x23ab825aaffe678f6473133f7a7a90ab49f5b391,0x0a252663dbcc0b073063d6420a40319e438cfa59,2026-08-15T21:31:13,dense_internal_fund_flow;large_mint_to_sender;very_complex_trace;high_gas_used_context;token_activity_burst;selfdestruct_context,0xf5878b9b,true
25760757,0xdedba2d07c2b399fea664745d55ef8f8fdafa6ad44a15583ba56cab7594b9125,0xecd67965eabc96921d69bfeb605045c4a653b556,0xbc1d9760bd6ca468ca9fb5ff2cfbeac35d86c973,2026-08-15T21:31:13,dense_internal_fund_flow;complex_trace;high_gas_used_context;token_activity_burst,0xd984396a,true
25760757,0xe2213e7bc84d676a8d055acf9bc275c9f6aef5a64cbaee5ced13f0977737066f,0xdda3b51e29f9d6fad865c5dd7070d5f7eb57663e,0x8d8210a0252a706cb5de0c6f8e46b6d3692afc19,2026-08-15T21:31:13,complex_trace;high_gas_used_context,0xffc3a769,false
25760757,0x8e8341257c3dcd631943c6c9dc2f49f13f355c01458587bf40d0a17d50792619,0x09cfee647fa339133380191c8db6b44f24500c9d,0x3d9846705612c2db47edf659c48034c752f0da99,2026-08-15T21:31:14,complex_trace;high_gas_used_context,0xd47a1a27,false
25760757,0xbf7481416ff705a6012deeba077700e5895ac6d5786a9c13e26fe75b0f53031b,0x4838b106fce9647bdf1e7877bf73ce8b0bad5f97,0xfeeeeee44046c3f61a8cc081e0918ef0de0a7ffc,2026-08-15T21:31:15,selfdestruct_context,0x6a806a07,true
25760758,0x274a1847c788bc106f651792be293bf6b8f69da9197dd89c1074a3b10face122,0xe99bd1c2dd70cd58e5efd47887991700e7318ce2,0xad3b67bca8935cb510c8d18bd45f0b94f54a968f,2026-08-15T21:31:30,complex_trace;high_gas_used_context;token_activity_burst;approval_burst,0x146ee74d,false
25760758,0x1f35dde7eebbc90d17b486d38adafcfb7795c9ada9a255e5094e42b09630b3fb,0x4838b106fce9647bdf1e7877bf73ce8b0bad5f97,0xfeeeeee44046c3f61a8cc081e0918ef0de0a7ffc,2026-08-15T21:31:32,selfdestruct_context,0x6a806a13,true
25760759,0x2bb5f11a9a95aa915e1040d7246da5c82e964b87f779909d9e7efbf4c82408b9,0x70e59f9c304e4d5096bd408b571e2dcd99c3120b,0xad3b67bca8935cb510c8d18bd45f0b94f54a968f,2026-08-15T21:31:47,complex_trace;token_activity_burst,0x146ee74d,false
25760759,0x4ad7f59ed6956ae0814a73ec350888a10d654efc2d78dcc5fd082e2eb4ecf398,0x0e0052a184fd59c6b7e1e99d739802ecb3aec0e4,0xd82461784eb72d4b67cbab077989eb215315e272,2026-08-15T21:31:47,complex_trace;approval_burst,0x805f7b65,false
25760759,0xd7b7870de1955179602c4bdb06b64064ffadd8711d7007323c329e44a41b1ea4,0xe99bd1c2dd70cd58e5efd47887991700e7318ce2,0xad3b67bca8935cb510c8d18bd45f0b94f54a968f,2026-08-15T21:31:47,complex_trace;high_gas_used_context;token_activity_burst;approval_burst,0x146ee74d,false
25760759,0x3405a8d59c071c37f8b27fce97c5f20b40253fad45d570c90c6e39f3e4854539,0xdda3b51e29f9d6fad865c5dd7070d5f7eb57663e,0x8d8210a0252a706cb5de0c6f8e46b6d3692afc19,2026-08-15T21:31:48,complex_trace;high_gas_used_context,0xffc3a769,false
25760760,0x46bfbc319ec36b1cb3e5f12e60638232ca4a353b903d4cce2e61748d19bd7d00,0x485c07c5516315881c732c90122ba4de3f356180,0x6566194141eefa99af43bb5aa71460ca2dc90245,2026-08-15T21:32:03,large_erc20_profit_to_sender;large_erc20_asset_flow;complex_trace,0x374f435d,true
25760760,0x184d2a5f3ab3bc6e3a0db21c779c18c2ef3f3d299f0237180c2cecdaf57069f5,0x14d0a6bf9e7e162226f2563ea787809217a79033,0x8090a9db6aca56ffa186c75ca0787b18af1058a0,2026-08-15T21:32:04,privileged_execution_context;complex_trace,0xd85064c2,false
25760760,0x6a0c0b666036be9c0f480f52ccd66e9c07b2058f73f8a366d8e8042451599389,0xdda3b51e29f9d6fad865c5dd7070d5f7eb57663e,0x8d8210a0252a706cb5de0c6f8e46b6d3692afc19,2026-08-15T21:32:04,complex_trace;high_gas_used_context,0xffc3a769,false
25760760,0x6bf12a6cf4f822074c9e0b7a926ba79925c75031ade2867adfa2b2a01914c8e3,0x09cfee647fa339133380191c8db6b44f24500c9d,0x77b85afbcd336993ac1c65057531c5a5b33b76b8,2026-08-15T21:32:04,repeated_internal_token_drain;dense_internal_fund_flow;complex_trace;high_gas_used_context;token_activity_burst;repeated_risky_internal_calls,0xa9059cbb,true
25760760,0x948cc692677cd2f5a633e98bbea71463dfeda5ae4ea56e6e4a4f74ba6788d477,0xb99a2c4c1c4f1fc27150681b740396f6ce1cbcf5,0xc13e21b648a5ee794902342038ff3adab66be987,2026-08-15T21:32:04,large_mint_to_sender;complex_trace,0xa415bcad,true
25760761,0x6e546d75dbf441e2beee80abad04651eb94187a878b6f446dc1e99c7d4a7991e,0x4337020f43d3d7d2f5e4160397efea49aefa5e7d,0x0000000071727de22e5e9d8baf0edac6f37da032,2026-08-15T21:32:20,privileged_execution_context;complex_trace,0x765e827f,false
25760761,0xc64f8f0256ef8bd2b9c3c555293de6f836c744b9d2a885af6198fda911e7a7dc,0x0e0052a184fd59c6b7e1e99d739802ecb3aec0e4,0xd82461784eb72d4b67cbab077989eb215315e272,2026-08-15T21:32:20,complex_trace;approval_burst,0x805f7b65,false
25760761,0xf31e91657e9d4d70d0dfc400b9e61a1e5a783ebeab9c00c2c96d2f10120c4d85,0x23ab825aaffe678f6473133f7a7a90ab49f5b391,0x0a252663dbcc0b073063d6420a40319e438cfa59,2026-08-15T21:32:20,dense_internal_fund_flow;large_mint_to_sender;very_complex_trace;high_gas_used_context;token_activity_burst;selfdestruct_context,0xf5878b9b,true
25760761,0x60347acb09bc0e5346894365b71fecd9a78ad7d1c2775e291b5699e263e79862,0x4838b106fce9647bdf1e7877bf73ce8b0bad5f97,0xfeeeeee44046c3f61a8cc081e0918ef0de0a7ffc,2026-08-15T21:32:22,selfdestruct_context,0x6a806a37,true
25760762,0x85babcad77027f2d0c1da2f9846642909116ef6bbe5cae62ae1a03e5006f2ab6,0x4838b106fce9647bdf1e7877bf73ce8b0bad5f97,0xfeeeeee44046c3f61a8cc081e0918ef0de0a7ffc,2026-08-15T21:32:25,selfdestruct_context,0x6a806a43,true
25760762,0xe1f9ad06c04f98a0064dfbd3adfa9a75b5e7983b046c3784da5793eaab6832ea,0x5b43453fce04b92e190f391a83136bfbecedefd1,0xbdb3ba9ffe392549e1f8658dd2630c141fdf47b6,2026-08-15T21:32:25,complex_trace;token_activity_burst,0x000000c3,false
25760763,0x2c039062c3283ae904336839eaa67c7470d1fb3adeae4bf3b8db5d94f19377e8,0x50bf934781f63028c5c8ef49c4affe19a86d99b6,0x8d04cc7e86e687854eb41d9d43512b655b93184b,2026-08-15T21:32:45,selfdestruct_context,0xb5291b32,false
25760763,0x7f4075fb7e50e4e4e528b2baa3b8bbd1eec924fc3ddb0c2d252b233d4fb3ae9e,0x23ab825aaffe678f6473133f7a7a90ab49f5b391,0x0a252663dbcc0b073063d6420a40319e438cfa59,2026-08-15T21:32:45,dense_internal_fund_flow;large_mint_to_sender;very_complex_trace;high_gas_used_context;token_activity_burst;selfdestruct_context,0xf5878b9b,true
25760763,0x80aeba3dd3d567d200d30cae75460b908d2a55784c29f0bc57bf0dc90f1a724f,0x4337038429b76948ee97eb2d8115513277c3abf5,0x0000000071727de22e5e9d8baf0edac6f37da032,2026-08-15T21:32:45,dense_internal_fund_flow;privileged_execution_context;complex_trace,0x765e827f,true
25760763,0xe229bf55edc5ec1287e143bc4f41b37cdaa6b34370041a5b06873a6e8a6c1fd7,0xe99bd1c2dd70cd58e5efd47887991700e7318ce2,0xad3b67bca8935cb510c8d18bd45f0b94f54a968f,2026-08-15T21:32:45,complex_trace;token_activity_burst,0x146ee74d,false
25760763,0xfb06714ecc8d511ca596d13813de6c0df522fafb64d76dfb88079bfa2488864c,0x2f9815290f8ca7ad86796c78fe2dd99fe544db8d,0xd0764fae29e0a6a96ff685f71cfc685456d5636c,2026-08-15T21:32:45,dense_internal_fund_flow;complex_trace,0x23caab49,true
25760763,0x49ff51178d7f90ff3db33caf1f6509221e33cd8dc350afa0de5828a96f233a1b,0x46febce9ccda36bbc2dac12bacb7ba09d6eb28dc,0x004395edb43efca9885cedad51ec9faf93bd34ac,2026-08-15T21:32:46,complex_trace;high_gas_used_context,0xac9650d8,false
25760763,0x80e9d681119a573960422f658d14134dfce32dec06dcdf3bb31a2cd9b8687fda,0x35a31744530bf5963c83998344567965969b8f11,0x8090a9db6aca56ffa186c75ca0787b18af1058a0,2026-08-15T21:32:46,privileged_execution_context;complex_trace,0xd85064c2,false
25760763,0xa3d96d911c22e62363e6efb5705d53870937b1b34ab927dfb405b8b8c04abd08,0x59aab1bd0d26290274398c07b55955c15425e16b,0x00fe78205f5f0e63b8ad2b2ae5337f538a610e04,2026-08-15T21:32:46,complex_trace;high_gas_used_context;token_activity_burst,0x34fcd5be,false
25760763,0xbb49c2737db396edbf0099c766f63f94bdfc0fa1f6b9bbf73d015d053622f0bd,0x59aab1bd0d26290274398c07b55955c15425e16b,0x00fe78205f5f0e63b8ad2b2ae5337f538a610e04,2026-08-15T21:32:46,complex_trace;high_gas_used_context,0x34fcd5be,false
25760763,0xcce7cea6b6aa2078ade044a1ed69fba499d5bf197a5c7f31d7e5ad1849deff19,0xde992badd92adaf9146255e9bde6a70770973664,0x3d0f22bf11636cc9cb129e2b261eed35a487455c,2026-08-15T21:32:46,complex_trace;high_gas_used_context,0xa9059cbb,false
25760764,0x1af4dad6cd610f355c5e3bb390f119d84ef8424de43e97e64590ffb618cfe105,0x23ab825aaffe678f6473133f7a7a90ab49f5b391,0x0a252663dbcc0b073063d6420a40319e438cfa59,2026-08-15T21:33:02,dense_internal_fund_flow;large_mint_to_sender;very_complex_trace;high_gas_used_context;token_activity_burst;selfdestruct_context,0xf5878b9b,true
25760764,0x58f9d85c131e4cc9acaa03951e219f0e9f493913cf604ff9bc0922081a165687,0x347b81e7ed278c5d4dfc2f21e33fd8e4595d1e5b,0xae68b7117be0026cbd4366303f74eecbb19e4042,2026-08-15T21:33:03,dense_internal_fund_flow;complex_trace,0xe4a9b20e,true
25760764,0xb6b412a9ea361b9aed1baa906ca0d1eb066ee63f3ec26401efe0af3d928f8d37,0xde7a849216aa3884d53d84ecb02c19eb67e5dae2,0x7d9f4ca54131e588fc1fe577973b55fb11231e76,2026-08-15T21:33:03,high_gas_used_context;token_activity_burst,0x6aac3a0b,false
25760764,0xf0b3a3fed126399b3f260443d1c8319a1aa0ff03b6b9914f87fe4df588d70cd6,0x59aab1bd0d26290274398c07b55955c15425e16b,0x00fe78205f5f0e63b8ad2b2ae5337f538a610e04,2026-08-15T21:33:03,complex_trace;high_gas_used_context,0x34fcd5be,false
25760764,0xf39bd1fb04fdcf3de654cdcd786d6901dff035682d7c20b78b740133a4b51179,0x4337021d22bcd0775a0fd1b4a6665051dc15d995,0x0000000071727de22e5e9d8baf0edac6f37da032,2026-08-15T21:33:03,privileged_execution_context;complex_trace,0x765e827f,false
25760765,0x7384d3dd5f0bcbaf6e5f4d0db66ccce4d7ebb2251631a05021bf68d33a81dc2e,0xe99bd1c2dd70cd58e5efd47887991700e7318ce2,0xad3b67bca8935cb510c8d18bd45f0b94f54a968f,2026-08-15T21:33:07,complex_trace;high_gas_used_context;token_activity_burst,0x146ee74d,false
25760765,0x1082d5205c51f8d6808b1fae06a190785533b35e0938cc0d3ee58433a5dfc08d,0xde992badd92adaf9146255e9bde6a70770973664,0x3d0f22bf11636cc9cb129e2b261eed35a487455c,2026-08-15T21:33:08,complex_trace;high_gas_used_context,0xa9059cbb,false
25760765,0x5078503c66a178b56b2817b71a2b6020d44f32ba8ede842e410418beb267f879,0x7bd27a0103e48e25acdb131cc190314562171fde,0x28b1dc1a5e3699a428bc51d234dfab7c9cb2a183,2026-08-15T21:33:08,complex_trace;high_gas_used_context;token_activity_burst,0xf2c42696,false
25760765,0x8965be714875f0199396570c8e7a9052ac5a01ceb56efe5619aa449318bada67,0xb7351893b4108a62cd765cdaa8ed6e8544e9bbf2,0x004395edb43efca9885cedad51ec9faf93bd34ac,2026-08-15T21:33:08,complex_trace;high_gas_used_context,0xac9650d8,false
25760765,0x9eb73ff37b643a43bcb8e4a9376d9f9408598ac91b3abfc5299c3d89b76688de,0x4838b106fce9647bdf1e7877bf73ce8b0bad5f97,0xfeeeeee44046c3f61a8cc081e0918ef0de0a7ffc,2026-08-15T21:33:08,selfdestruct_context,0x6a806a67,true
25760765,0xa98b56b6e1fdbf83d47c06db41edc1ca17c58df78c88bf1652d4c95e75f003a4,0x02c751b8c634ad610d6cc3d4663766ecca355f5d,,2026-08-15T21:33:08,large_mint_to_sender;contract_creation_context,0x60806040,true
25760765,0xca2e05d392b809d6b37154f4383de8c8037dd4ce3cba0df6a49cd687d852216e,0xde992badd92adaf9146255e9bde6a70770973664,0x3d0f22bf11636cc9cb129e2b261eed35a487455c,2026-08-15T21:33:08,complex_trace;high_gas_used_context,0xa9059cbb,false
25760766,0x23d348fa745b40f7dbfa75a10a34869e6c1e759cb4bc66f2e2984b9d4d8f38b8,0x4838b106fce9647bdf1e7877bf73ce8b0bad5f97,0xfeeeeee44046c3f61a8cc081e0918ef0de0a7ffc,2026-08-15T21:33:24,selfdestruct_context,0x6a806a73,true
25760766,0x694389da90ffcd38fb1d461a29c2bb03df27ebcc66beb78ed3be22d585d70a9e,0x59aab1bd0d26290274398c07b55955c15425e16b,0x00fe78205f5f0e63b8ad2b2ae5337f538a610e04,2026-08-15T21:33:24,complex_trace;high_gas_used_context,0x34fcd5be,false
25760767,0x009c5966cbd5b20183f2a557a688890bc9d8d845b9e2581c2e27e98d246febf8,0x59aab1bd0d26290274398c07b55955c15425e16b,0x00fe78205f5f0e63b8ad2b2ae5337f538a610e04,2026-08-15T21:33:29,complex_trace;high_gas_used_context,0x34fcd5be,false
25760767,0xa79b1f3257b2fe46aa44b3eadee017669a0d6c012729f6debc196729a15ca80c,0x0808fbae107ea4ed560c6dd8a0ae7e3329361ba8,0x004395edb43efca9885cedad51ec9faf93bd34ac,2026-08-15T21:33:29,complex_trace;high_gas_used_context,0xac9650d8,false
25760767,0xb5a47ee59e9ae0d7a9bcb2bdf23757ac755f08c3f8d297c398a27d8a3465d8de,0x70e59f9c304e4d5096bd408b571e2dcd99c3120b,0xad3b67bca8935cb510c8d18bd45f0b94f54a968f,2026-08-15T21:33:29,repeated_internal_token_drain;dense_internal_fund_flow;very_complex_trace;high_gas_used_context;token_activity_burst;approval_burst;repeated_risky_internal_calls,0x146ee74d,true
25760768,0x79ee1644d40d2693a7bf3774597c1e37d34f4c8db03cd9824046736b5bce1977,0x7b49bc3ebbdf7322f31c6449320382bbec3be1b6,0xad3b67bca8935cb510c8d18bd45f0b94f54a968f,2026-08-15T21:33:33,complex_trace;high_gas_used_context;token_activity_burst;approval_burst,0x146ee74d,false
25760768,0x587a05f721625785cb31d81b021cae7c82bd57ee608c92058641474acafb91f8,0x1e944a66784a48e02605957189f08ae75555fb3b,0x4c82d1fbfe28c977cbb58d8c7ff8fcf9f70a2cca,2026-08-15T21:33:34,dense_internal_fund_flow,0x3593564c,true
25760768,0x26f993748085200f51376e7d93885565ab11d89d0dd5e5440fce16bd8a2c96a8,0x23ab825aaffe678f6473133f7a7a90ab49f5b391,0x0a252663dbcc0b073063d6420a40319e438cfa59,2026-08-15T21:33:35,dense_internal_fund_flow;large_mint_to_sender;very_complex_trace;high_gas_used_context;token_activity_burst;selfdestruct_context,0xf5878b9b,true
25760768,0x4ff7ba1401a1588a62152c92c9fef7860485e68c44623a4dfada16eaaeb0d048,0xdadb0d80178819f2319190d340ce9a924f783711,0xfeeeeee44046c3f61a8cc081e0918ef0de0a7ffc,2026-08-15T21:33:35,selfdestruct_context,0x6a806a8b,true
25760768,0x8b464790132c7b92d689fa0e5546efc5f64d35d54e9ea23d379ed80cfc5ce3c2,0xdadb0d80178819f2319190d340ce9a924f783711,0xfeeeeee44046c3f61a8cc081e0918ef0de0a7ffc,2026-08-15T21:33:35,selfdestruct_context,0x6a806a8b,true
25760768,0x9be2514cb0b1fbf221fc4ed5f265ada5391a6d6ff07f8c1363e37776fdbe2c6c,0xe8aacac49c4645a92ec2232ea33a8175c865a6bc,0xf4e147db314947fc1275a8cbb6cde48c510cd8cf,2026-08-15T21:33:35,dense_internal_fund_flow;complex_trace,0x0bf5d35e,true
25760768,0xc1744962ea1cc904c0a304187f4a030b3b29f1a7731ccba82e9f9a934cccd84a,0xdadb0d80178819f2319190d340ce9a924f783711,0xfeeeeee44046c3f61a8cc081e0918ef0de0a7ffc,2026-08-15T21:33:35,selfdestruct_context,0x6a806a8b,true
25760768,0xcc0b0bfd5928a4bcd81a10ee8fc06c67b39507fa5eb2490c9ae033520b7c792a,0x59aab1bd0d26290274398c07b55955c15425e16b,0x00fe78205f5f0e63b8ad2b2ae5337f538a610e04,2026-08-15T21:33:35,complex_trace;high_gas_used_context,0x34fcd5be,false
25760768,0xdd2fa044e82a765194c20560d5a7ed3facb167af1ea6f561ec7bea9e221b7377,0xe7488e7f5c60bfa81d38965c02b4cc5aa6249a11,0x000000000004598d17aad017bf0734a364c5588b,2026-08-15T21:33:35,complex_trace;high_gas_used_context,0x0fbb12dc,false
25760769,0xc2a27db131590660bdefd8952f0f4ee22885ee4a9f8aeb009065bd6277b1470f,0xe99bd1c2dd70cd58e5efd47887991700e7318ce2,0xad3b67bca8935cb510c8d18bd45f0b94f54a968f,2026-08-15T21:33:40,complex_trace;high_gas_used_context;token_activity_burst;approval_burst,0x146ee74d,false
25760769,0xbb716d005aaefa3fe066ca54b08742af5f9af6f63edfc8c3108978b8c26fcc40,0x59aab1bd0d26290274398c07b55955c15425e16b,0x00fe78205f5f0e63b8ad2b2ae5337f538a610e04,2026-08-15T21:33:43,complex_trace;high_gas_used_context,0x34fcd5be,false
25760769,0xf347f345850b0f691726456c16744e71faadbc16056534567dee0647c7ba197e,0x8d79047775d8d5991f474248821d147e3e1f68f5,0xf75584ef6673ad213a685a1b58cc0330b8ea22cf,2026-08-15T21:33:43,privileged_execution_context;complex_trace;high_gas_used_context;token_activity_burst;approval_burst,0xb94c3609,false
25760770,0x0300056df4f1bc680b9fb4033610db5af891788d2a792053b451f331b4e99bfb,0xdda3b51e29f9d6fad865c5dd7070d5f7eb57663e,0x8d8210a0252a706cb5de0c6f8e46b6d3692afc19,2026-08-15T21:33:47,complex_trace;high_gas_used_context,0xffc3a769,false
25760770,0x34b6bd59fe27f97c4959ec8d02e43fcc7c4056d0e33c635e5f85c20afd350cb4,0x4838b106fce9647bdf1e7877bf73ce8b0bad5f97,0xfeeeeee44046c3f61a8cc081e0918ef0de0a7ffc,2026-08-15T21:33:47,selfdestruct_context,0x6a806aa3,true
25760770,0x983a5b9f063593bbf90f12d5132f8717d465386ccf5be60682bdda1cb4c76e57,0xc6acbee42e9e323140c1ed060c2f6ea9cc3b4b75,0x7c5a71c9fefbc7691f9d4ac7baf70c743792f716,2026-08-15T21:33:47,selfdestruct_context,0xf3fef3a3,false
25760770,0xa39ed09f55736b1c31d49c2dc3f090bc39e77a0b16e3b2caad7f3ddd67f48cf1,0x4838b106fce9647bdf1e7877bf73ce8b0bad5f97,0xfeeeeee44046c3f61a8cc081e0918ef0de0a7ffc,2026-08-15T21:33:47,selfdestruct_context,0x6a806aa3,true
25760770,0xc21783a7ef47bc0e8b0bde9039f143b3d7dfaa8d83d2379af89f74e9da92d906,0xf7121a3616752e29ced0a04ae5df6d76335ada0c,0x0b2456017c5df2dfc0289740c4b352049892780c,2026-08-15T21:33:47,large_erc20_asset_flow,0x6e553f65,true
25760770,0xeafd5c01116063bedb792723eb9dcfe935323f02173ed924b48b4e9ebc6a8ebc,0x23ab825aaffe678f6473133f7a7a90ab49f5b391,0x0a252663dbcc0b073063d6420a40319e438cfa59,2026-08-15T21:33:47,dense_internal_fund_flow;large_mint_to_sender;very_complex_trace;high_gas_used_context;token_activity_burst;selfdestruct_context,0xf5878b9b,true
25760771,0xccb484820387c076653e23c87e938ce5026088552ad91f3ad3b3cc1fb198a111,0x8233baf61833494cdc637b87e888fcd8297202b6,0x28b1dc1a5e3699a428bc51d234dfab7c9cb2a183,2026-08-15T21:33:53,complex_trace;high_gas_used_context;token_activity_burst,0x0c307f76,false
25760771,0xf0572bc7e31a3443ed4e57e767b6cb739185e31b6d755a868307e3b830e9a74a,0x50bf934781f63028c5c8ef49c4affe19a86d99b6,0x8d04cc7e86e687854eb41d9d43512b655b93184b,2026-08-15T21:33:53,complex_trace;selfdestruct_context,0x4a1bf18a,false
25760771,0x4d949e16bdd83492c228a83b6552bdb462bf5d6d5fb8373363dfe5d95e8ae2c9,0xdda3b51e29f9d6fad865c5dd7070d5f7eb57663e,0x8d8210a0252a706cb5de0c6f8e46b6d3692afc19,2026-08-15T21:33:55,complex_trace;high_gas_used_context,0xffc3a769,false
25760771,0xedabfc87019f0c713a42b7e870bf043658d8717075a5f25f83286a116bfbf5e8,0x4838b106fce9647bdf1e7877bf73ce8b0bad5f97,0xfeeeeee44046c3f61a8cc081e0918ef0de0a7ffc,2026-08-15T21:33:55,selfdestruct_context,0x6a806aaf,true
25760772,0x7d54657c4451ed1d4c085d2d1e86d4c576ce0c3591de9609a23c0b9bd961e46d,0xcad9474c90444ef3a7ad8658e20776bc77585ab7,0x6a000f20005980200259b80c5102003040001068,2026-08-15T21:34:06,dense_internal_fund_flow;complex_trace,0xe3ead59e,true
25760772,0xc37d6d26745dc357a77f1a0bb50f17506a71b2512b94a09d87df344b06210e7f,0xa4d849e3b972088f72ed2899f2945410cd784ba7,0x004395edb43efca9885cedad51ec9faf93bd34ac,2026-08-15T21:34:07,complex_trace;high_gas_used_context,0xac9650d8,false
25760773,0x54c9d8aeebfcc3e763fdfea25258417d19152799b976cc5966e2a0616c450890,0x4838b106fce9647bdf1e7877bf73ce8b0bad5f97,0xfeeeeee44046c3f61a8cc081e0918ef0de0a7ffc,2026-08-15T21:34:10,selfdestruct_context,0x6a806ac7,true
25760773,0xb7a99a6bd98b494b855d05bcc4b89dd23977e8c2754f418d72425ae449c13849,0xada5bb90d0de0bd1b6f3938708f49295a8d1f7cb,0xb92fe925dc43a0ecde6c8b1a2709c170ec4fff4f,2026-08-15T21:34:10,complex_trace;high_gas_used_context,0xcd6e13f7,false
25760774,0x92a162341daf954ddb04a5258dc1b161353c8467b058d0cefa01a36a3fe60a37,0xde7a849216aa3884d53d84ecb02c19eb67e5dae2,0x7d9f4ca54131e588fc1fe577973b55fb11231e76,2026-08-15T21:34:32,complex_trace;high_gas_used_context;token_activity_burst,0x6aac3a0b,false
25760774,0xa98d8109f288c0f3ca52837084943a92052092c087cd338ef776cd7f0911c3e1,0xecd67965eabc96921d69bfeb605045c4a653b556,0xbc1d9760bd6ca468ca9fb5ff2cfbeac35d86c973,2026-08-15T21:34:32,dense_internal_fund_flow;complex_trace;high_gas_used_context;token_activity_burst,0xd984396a,true
25760774,0x4d92719b4142a217320a975df02f690c8502eb29f7195a208f25a2995d189da9,0x09cfee647fa339133380191c8db6b44f24500c9d,0x3d9846705612c2db47edf659c48034c752f0da99,2026-08-15T21:34:33,complex_trace;high_gas_used_context,0xd47a1a27,false
25760774,0x6f6edea68ba9c20620a5879341644ae87fb672a1415a3a7aadc7b44087d10052,0xde992badd92adaf9146255e9bde6a70770973664,0x3d0f22bf11636cc9cb129e2b261eed35a487455c,2026-08-15T21:34:33,complex_trace;high_gas_used_context,0xa9059cbb,false
25760774,0x745d9dd763afe31c47954fc70c86bde8e46741119f27a164b512dd0d93af57c9,0x59aab1bd0d26290274398c07b55955c15425e16b,0x00fe78205f5f0e63b8ad2b2ae5337f538a610e04,2026-08-15T21:34:33,complex_trace;high_gas_used_context,0x34fcd5be,false
25760774,0xbc15bdab57bc64c8db143607c396fb6f295b6108bfa3d28a9dbb507d30f7d52a,0xdda3b51e29f9d6fad865c5dd7070d5f7eb57663e,0x8d8210a0252a706cb5de0c6f8e46b6d3692afc19,2026-08-15T21:34:33,complex_trace;high_gas_used_context,0xffc3a769,false
25760774,0xa0065d75598d80921d9e5ab0e42a2a6523a59c50392c88e775e1b402b2bfc4d9,0x9fc3da866e7df3a1c57ade1a97c9f00a70f010c8,0xfeeeeee44046c3f61a8cc081e0918ef0de0a7ffc,2026-08-15T21:34:34,selfdestruct_context,0x6a806ad3,true
25760775,0x42b31544a50c5b63bc0718cd6f7a2b7fcc6277c5872c03a86c058fbebc7587af,0x4838b106fce9647bdf1e7877bf73ce8b0bad5f97,0xfeeeeee44046c3f61a8cc081e0918ef0de0a7ffc,2026-08-15T21:34:49,selfdestruct_context,0x6a806adf,true
25760775,0x46b2421299d0a36cd68bbf3cc15ed9a6723d6cbe3095d20892da26b4a272342c,0x9b61fb3146672e0ae85b20e030f4d1fd33ccf3f6,0x3fc91a3afd70395cd496c647d5a6cc9d4b2b7fad,2026-08-15T21:34:49,dense_internal_fund_flow,0x3593564c,true
25760775,0x5b757ce4779f73c5ff57b7a91e3621657c2c5a435f8764dd83d55ecdadbe6414,0x4838b106fce9647bdf1e7877bf73ce8b0bad5f97,0xfeeeeee44046c3f61a8cc081e0918ef0de0a7ffc,2026-08-15T21:34:49,selfdestruct_context,0x6a806adf,true
25760775,0xba4aa58f3ba670bf981f5e1a259489b411e249759f281064cc41b16dc6d08bca,0xdda3b51e29f9d6fad865c5dd7070d5f7eb57663e,0x8d8210a0252a706cb5de0c6f8e46b6d3692afc19,2026-08-15T21:34:49,complex_trace;high_gas_used_context,0xffc3a769,false
25760775,0xc165621a889de286145877a5299f6da83421f2b03ba1647fbbf6ce9d0582b6a1,0xde992badd92adaf9146255e9bde6a70770973664,0x3d0f22bf11636cc9cb129e2b261eed35a487455c,2026-08-15T21:34:49,complex_trace;high_gas_used_context,0xa9059cbb,false
25760775,0xf618231b508d1c993d4edbceec01ba91a0b91f2b2297e286f1f20ae96e8c17fb,0x59aab1bd0d26290274398c07b55955c15425e16b,0x00fe78205f5f0e63b8ad2b2ae5337f538a610e04,2026-08-15T21:34:49,complex_trace;high_gas_used_context,0x34fcd5be,false
25760776,0x0ebafcf6dd866a4900a82c50aacd498e50014c4f5806ddc8fe9330ccc66c6ba0,0x5b43453fce04b92e190f391a83136bfbecedefd1,0xbdb3ba9ffe392549e1f8658dd2630c141fdf47b6,2026-08-15T21:34:52,dense_internal_fund_flow;complex_trace,0x000000c3,true
25760776,0xf22f8603ede454f8644658fb25e5477252902cb0cb20f8e4c16fb378004f608e,0x7b49bc3ebbdf7322f31c6449320382bbec3be1b6,0xad3b67bca8935cb510c8d18bd45f0b94f54a968f,2026-08-15T21:34:52,complex_trace;high_gas_used_context;token_activity_burst;approval_burst,0x146ee74d,false
25760776,0x268b2b7c69570c7b78a8f2cbf5c122253fbc4908e5a32dc3d3a39978fda318c1,0x7cb021a8ae096ba5628992c03d3c0faa0a369516,0x28b1dc1a5e3699a428bc51d234dfab7c9cb2a183,2026-08-15T21:34:53,complex_trace;high_gas_used_context;token_activity_burst,0xf2c42696,false
25760776,0x2dc2cbd8b52c50310c1eba7513c0c25959bde2330260b2d84022600787ce594c,0xc87aec1635dd19a70543503aaafc2ac3dab312e0,0x004395edb43efca9885cedad51ec9faf93bd34ac,2026-08-15T21:34:53,complex_trace;high_gas_used_context,0xac9650d8,false
25760776,0x36b7c03361856ffd3f76d554ac6f51a2f0d9118e33aa815386451fc37cc323ae,0x13f6c889362caef65eb6b04d7365b069e7236696,0xbc1d9760bd6ca468ca9fb5ff2cfbeac35d86c973,2026-08-15T21:34:53,dense_internal_fund_flow;complex_trace;high_gas_used_context;token_activity_burst,0xd984396a,true
25760776,0x4de75408e91668402e37fcd0d3aa29a5b0ec366240de3ad616bdc802bac589bf,0x6c45b0a56a451a86f67e65ffb090bcde940933cf,0x91ff8bbd8ebb07893010d50a48a1609e5ebd8e34,2026-08-15T21:34:53,complex_trace;high_gas_used_context,0x069d1525,false
25760776,0x70dc5b22818a588af96f2adca71f6067a1a3fc1acdc3c5dd773bb9861e0423cc,0x3f3fc796c9c74cae1878e92b78460292508706b4,0x881d40237659c251811cec9c364ef91dc08d300c,2026-08-15T21:34:53,dense_internal_fund_flow;complex_trace,0x5f575529,true
25760776,0xb80e2cbb2dbb6172f04789edc2ea66f8860d833928b99c2430c630a5cf3f0b07,0xde992badd92adaf9146255e9bde6a70770973664,0x3d0f22bf11636cc9cb129e2b261eed35a487455c,2026-08-15T21:34:53,complex_trace;high_gas_used_context,0xa9059cbb,false
25760776,0x6fba29c1ef378fb2f8853bfdf1f53150cfffe3ef92e63be89e10b5adf95f9050,0x4838b106fce9647bdf1e7877bf73ce8b0bad5f97,0xfeeeeee44046c3f61a8cc081e0918ef0de0a7ffc,2026-08-15T21:34:54,selfdestruct_context,0x6a806aeb,true
25760777,0x491691b651c729698cf008d4d10edae122ce79e39e008f51cee3c6ded0e55c12,0xe99bd1c2dd70cd58e5efd47887991700e7318ce2,0xad3b67bca8935cb510c8d18bd45f0b94f54a968f,2026-08-15T21:35:21,complex_trace;high_gas_used_context;token_activity_burst,0x146ee74d,false
25760777,0x289061758893284ab4d196b72c4bdee9987a6291b8a419230ac6fad5ec5d36f6,0x617ccb6d070f08953c2fc481fb19674162e672f1,0x91ff8bbd8ebb07893010d50a48a1609e5ebd8e34,2026-08-15T21:35:23,complex_trace;high_gas_used_context,0x069d1525,false
25760777,0x75c2df9139b0107bad051bbf762639dc0caed638d8862656fda7d04314b44b3a,0x3ee92cd00993a4488ae153ab41ac7947cbcbc1de,0x9205a569b0ff45df1e4f5ae48e21bc7f0656f0bb,2026-08-15T21:35:23,large_erc20_asset_flow;complex_trace,0x8b578ac6,true
25760777,0x9207f125ecce6a3cca169f84cccfdddc929b66b5985e420165eac03915fd007e,0xdda3b51e29f9d6fad865c5dd7070d5f7eb57663e,0x8d8210a0252a706cb5de0c6f8e46b6d3692afc19,2026-08-15T21:35:23,complex_trace;high_gas_used_context,0xffc3a769,false
25760777,0x99c20ad9db9b51ba746adbc86e43293808d3e63bffc8c94e279556b6d008c4dc,0x3ee92cd00993a4488ae153ab41ac7947cbcbc1de,0x9205a569b0ff45df1e4f5ae48e21bc7f0656f0bb,2026-08-15T21:35:23,large_erc20_asset_flow;complex_trace,0x8b578ac6,true
25760777,0xe9460beceaf2d319e5bedabe7d345595b622e1878bd810830a57c1f77d0805a7,0x59aab1bd0d26290274398c07b55955c15425e16b,0x00fe78205f5f0e63b8ad2b2ae5337f538a610e04,2026-08-15T21:35:23,complex_trace;high_gas_used_context,0x34fcd5be,false
25760778,0x288a33dde2bc17a837f9bca9a12e184890f3d9cc7b510a9765440d91851836fc,0xb08b2c3099193bcf05f742ccb7f206635fe243b3,0x91ff8bbd8ebb07893010d50a48a1609e5ebd8e34,2026-08-15T21:35:36,complex_trace;high_gas_used_context,0x069d1525,false
25760778,0x4414e03e2b67251aee3e5aa0bfb5b23664390009674cdbaf163f89f961f0866d,0x60c2abb34d5d595628d6bf0974525fc04bdb08f6,0xcfc6d9bd7411962bfe7145451a7ef71a24b6a7a2,2026-08-15T21:35:36,dense_internal_fund_flow;large_erc20_asset_flow;complex_trace,0xef54591d,true
25760778,0x841893aa6b51b67dfc4b7f313ae7b3fa2817245a8456e98c997fcbc299de0e70,0x2044d2d6f6a041b247eb1deb7ee8a2b0287339ae,0x3d90f66b534dd8482b181e24655a9e8265316be9,2026-08-15T21:35:36,dense_internal_fund_flow;complex_trace,0x47ee97ff,true
25760778,0xe89cfc0ae32f52b94d4363c40a0b16f8be86f6bf546e042c2bdee537c9efdf11,0x70e59f9c304e4d5096bd408b571e2dcd99c3120b,0xad3b67bca8935cb510c8d18bd45f0b94f54a968f,2026-08-15T21:35:36,complex_trace;token_activity_burst,0x146ee74d,false
25760778,0xff038dec45c910334a2605c96dded5ab5401d588992a3948a2cd75f542fddbd9,0x59aab1bd0d26290274398c07b55955c15425e16b,0x00fe78205f5f0e63b8ad2b2ae5337f538a610e04,2026-08-15T21:35:37,complex_trace;high_gas_used_context,0x34fcd5be,false
25760779,0x3243d847abd3710b5a7f0a44ec88ae412dc0dc16fcad1049444783e7d8d17194,0x77392dd43bdec57aa64054d50ad5a4c882bd580d,0xbc1d9760bd6ca468ca9fb5ff2cfbeac35d86c973,2026-08-15T21:35:50,dense_internal_fund_flow;complex_trace;high_gas_used_context,0xd984396a,true
25760779,0x65d464d1a1661d7b62fc6d416159b2e23d9dfb47fc53353e8133fb0687075574,0x7830c87c02e56aff27fa8ab1241711331fa86f43,0xa9d1e08c7793af67e9d92fe308d5697fb81d3e43,2026-08-15T21:35:50,dense_internal_fund_flow,0x1a1da075,true
25760779,0x78f79bb94ecff7f9b029e543d57254ced69d48ef6057927f1dbb450279a2cb4b,0x7830c87c02e56aff27fa8ab1241711331fa86f43,0xa9d1e08c7793af67e9d92fe308d5697fb81d3e43,2026-08-15T21:35:50,large_erc20_asset_flow;token_activity_burst,0xca350aa6,true
25760779,0xb86a2d49a581d71f9095f1ea6fc8145db56dc7130187c9a2966b67c590e57172,0xde992badd92adaf9146255e9bde6a70770973664,0x3d0f22bf11636cc9cb129e2b261eed35a487455c,2026-08-15T21:35:50,complex_trace;high_gas_used_context,0xa9059cbb,false
25760779,0xf2af44c729a80f54d511642803ff3db594f7307f96bbdcead534494fbf1a23f3,0x9fc3da866e7df3a1c57ade1a97c9f00a70f010c8,0xfeeeeee44046c3f61a8cc081e0918ef0de0a7ffc,2026-08-15T21:35:52,selfdestruct_context,0x6a806b0f,true
25760780,0x0162c82befd1ed30b9f584821662ec2d1004243a80f800f58f7cb3e33082b17d,0x604bfcdb18a132e3ccd9452e68279c4bf8ab0499,0x6dd1ad99c9f93beb6e3a9ddfa6fbe4827809300e,2026-08-15T21:36:03,selfdestruct_context,0xf3fef3a3,false
25760780,0x62727a7c3e6e54065d3578062c501721ddbe20f90e377e41b3665f3e4f2711ae,0xbe0b407782a7599380fa726db315340126d62229,0x4d2fb5f8ec243fde4df1a9678b82238570c7e0e4,2026-08-15T21:36:03,repeated_internal_token_drain;dense_internal_fund_flow;complex_trace;high_gas_used_context;token_activity_burst;repeated_risky_internal_calls,0x6a761202,true
25760780,0xb0de0ab651a36711db535627567790a6abb92bea9b9e7aad7b10fa6c13925f13,0x4838b106fce9647bdf1e7877bf73ce8b0bad5f97,0xfeeeeee44046c3f61a8cc081e0918ef0de0a7ffc,2026-08-15T21:36:03,selfdestruct_context,0x6a806b1b,true
25760780,0xb218d8585cdbb7f9020b4dc980e6e7ab53c3c039f302ca5b3c7449ed15e277a4,0xf87d9a0536f4a726d37ae619f506f019fbc9c272,0x004395edb43efca9885cedad51ec9faf93bd34ac,2026-08-15T21:36:04,complex_trace;high_gas_used_context,0xac9650d8,false
25760780,0x52c2e615aa64d9aecb01b3857af6936ff8405bb2fdc905b565e73e8af55b0205,0x4838b106fce9647bdf1e7877bf73ce8b0bad5f97,0xfeeeeee44046c3f61a8cc081e0918ef0de0a7ffc,2026-08-15T21:36:05,selfdestruct_context,0x6a806b1b,true
25760780,0xb9c9faffbc7936f28e5aa9c33f960089acfda342ace16aae45f21f00e6ec3f46,0x59aab1bd0d26290274398c07b55955c15425e16b,0x00fe78205f5f0e63b8ad2b2ae5337f538a610e04,2026-08-15T21:36:05,complex_trace;high_gas_used_context,0x34fcd5be,false
25760781,0x2590552aada8f4d94acd183ab1ba213a261676d4e58cf909e23b7763e326ee61,0xe99bd1c2dd70cd58e5efd47887991700e7318ce2,0xad3b67bca8935cb510c8d18bd45f0b94f54a968f,2026-08-15T21:36:07,complex_trace;token_activity_burst,0x146ee74d,false
25760781,0x2769ef62f75d7c9a39e986123b4db4dcebc4133eb656598f3ee6fd4404727fe6,0x70e59f9c304e4d5096bd408b571e2dcd99c3120b,0xad3b67bca8935cb510c8d18bd45f0b94f54a968f,2026-08-15T21:36:07,repeated_internal_token_drain;dense_internal_fund_flow;very_complex_trace;high_gas_used_context;token_activity_burst;approval_burst,0x146ee74d,true
25760781,0x2a8b75b4d0e2a978e2c23f59ce9f688f19873f882b5f214b93eaec04fcf2c983,0x0816cfde9980c2f2296213cf35a9e8c5f2c6b2d9,0x91ff8bbd8ebb07893010d50a48a1609e5ebd8e34,2026-08-15T21:36:07,complex_trace;high_gas_used_context,0x069d1525,false
25760781,0x8892a26fc00d5ead46623dfab58d04a47bd754f0b5649b52ba1ddb71f1906f77,0xa5c7857bf8c8220403caf189066ce5bac4462705,0x91ff8bbd8ebb07893010d50a48a1609e5ebd8e34,2026-08-15T21:36:07,complex_trace;high_gas_used_context,0x069d1525,false
25760781,0xb43daf61e9824b5d464f31e23d081330d580e2deee5477c66b802b0a1f542b35,0x00c501a744b3db320f1eb5675f9a606bd298d2b9,0x91ff8bbd8ebb07893010d50a48a1609e5ebd8e34,2026-08-15T21:36:07,complex_trace;high_gas_used_context,0x069d1525,false
25760781,0xbd3d66d6086344387acda513687c4df781e9ea5541d213e80dbe20e4606bd693,0xde992badd92adaf9146255e9bde6a70770973664,0x3d0f22bf11636cc9cb129e2b261eed35a487455c,2026-08-15T21:36:07,complex_trace;high_gas_used_context,0xa9059cbb,false
25760781,0x078a3c6183c1856312da980e6d8f5c3022f0176a38e9bf21bfd60b7d6c903660,0x59aab1bd0d26290274398c07b55955c15425e16b,0x00fe78205f5f0e63b8ad2b2ae5337f538a610e04,2026-08-15T21:36:08,complex_trace;high_gas_used_context,0x34fcd5be,false
25760781,0xc5cf6023fd65ddabfdda88f993a6677167216be6ee3e48bfac2390f44fb22a9f,0x85c2e985a4fb5c3ff25ee27ee424abd851e4cb33,0xfeeeeee44046c3f61a8cc081e0918ef0de0a7ffc,2026-08-15T21:36:08,selfdestruct_context,0x6a806b27,true
25760782,0x53921918f565774261f761d0c0e14152222949a589e91077dd2969d10a0cfb18,0x23ab825aaffe678f6473133f7a7a90ab49f5b391,0x0a252663dbcc0b073063d6420a40319e438cfa59,2026-08-15T21:36:21,dense_internal_fund_flow;large_mint_to_sender;very_complex_trace;high_gas_used_context;token_activity_burst;selfdestruct_context,0xf5878b9b,true
25760782,0x6eb8dc974dc5e327552ab85eeb1f2a7c6308f250974a9f7e01a96ce7d1328ef6,0x370a7e2d300c14d79d4a7ee07aaca46c4b3012cf,0xb92fe925dc43a0ecde6c8b1a2709c170ec4fff4f,2026-08-15T21:36:21,dense_internal_fund_flow,0xcd6e13f7,true
25760782,0x6ee6afa1a00fef7e200452b07bc44842d7e332db8e07702fcfd526ff3a63ae17,0x331d9a049d496385998067abf6cbb6371c8d2466,0xb92fe925dc43a0ecde6c8b1a2709c170ec4fff4f,2026-08-15T21:36:21,complex_trace;high_gas_used_context,0xcd6e13f7,false
25760782,0x89d9183e2011674cdf46bb85466f8d0b54acf1c721a9c71db6e27023600921a9,0x2aef3245061028212905869d712e209b80ca6d93,0xbc1d9760bd6ca468ca9fb5ff2cfbeac35d86c973,2026-08-15T21:36:21,dense_internal_fund_flow,0xd984396a,true
25760782,0xcc7e1bb76f33e0703b5a81ec259871a9bf7c7599308d37dd670afd07ac3791fb,0xe20446cccbfd5f9038e747f1dea8016ecbd94ae5,0x442be06bb5d13711a22ccd3fa382b72a874c5135,2026-08-15T21:36:21,privileged_execution_context;complex_trace,0xf7b5c341,false
25760782,0xccd67bbe4f96b6b30222b3f2ca0db67fc763eecc273268e59b725bccfca65cd3,0x70e59f9c304e4d5096bd408b571e2dcd99c3120b,0xad3b67bca8935cb510c8d18bd45f0b94f54a968f,2026-08-15T21:36:21,very_complex_trace;high_gas_used_context;token_activity_burst;approval_burst,0x146ee74d,false
25760782,0x645e5232a2236e364e277e73eea7cb76aea3ece96ea7ca43dcd684fa9e0e905a,0x59aab1bd0d26290274398c07b55955c15425e16b,0x00fe78205f5f0e63b8ad2b2ae5337f538a610e04,2026-08-15T21:36:23,complex_trace;high_gas_used_context,0x34fcd5be,false
25760783,0xabc0d2d49b68c56b09a5d2f80dad177586e418efc6f9c4204fd612afacf26aea,0xe99bd1c2dd70cd58e5efd47887991700e7318ce2,0xad3b67bca8935cb510c8d18bd45f0b94f54a968f,2026-08-15T21:36:26,complex_trace;high_gas_used_context;token_activity_burst;approval_burst,0x146ee74d,false
25760783,0x18f6f7feb47f9c5629e1de098968dd1df8c62a96be96d654c7e8daf0e3f96b8d,0xd9d62befd2f90d4f0261d4fffce26b7206ab8ff2,0xee030ec6f4307411607e55acd08e628ae6655b86,2026-08-15T21:36:27,dense_internal_fund_flow;complex_trace;high_gas_used_context;token_activity_burst,0x6e1537da,true
25760783,0x1f52516702b1453681594f27385a2f41bf180ae63643e5f8f3accc15aa54b96d,0xb2c556ae326c39c117c54a2724327837a1625da7,0xe43c4ff8a33c522a8010976c4509014b1ab64a09,2026-08-15T21:36:27,repeated_internal_token_drain;dense_internal_fund_flow;complex_trace;high_gas_used_context;token_activity_burst;selfdestruct_context;repeated_risky_internal_calls,0x17e5b868,true
25760783,0x3be2bc95514c5f589b6d77d9aade5c9b2a6d3597b8f4b2f1aa8954d081ea30a1,0x59aab1bd0d26290274398c07b55955c15425e16b,0x00fe78205f5f0e63b8ad2b2ae5337f538a610e04,2026-08-15T21:36:27,complex_trace;high_gas_used_context,0x34fcd5be,false
25760783,0x485e9bffb9640ac696c6e1127baa144f3bd8165f2b3ec967693537b47b61e43e,0x30b5740fea0463e58c2ca69bb316433775fbab35,0x69460570c93f9de5e2edbc3052bf10125f0ca22d,2026-08-15T21:36:27,complex_trace;high_gas_used_context,0xe6c806ff,false
25760783,0xc0ea22e4130a1cbe3b6355de3f2b3e8eb5cb9650576a1ec11329ad4e321f5a36,0xde5ce22a56ed76bf7054121500b23a718399feb7,0x43de2d77bf8027e25dbd179b491e8d64f38398aa,2026-08-15T21:36:27,dense_internal_fund_flow;complex_trace,0xc280c905,true
25760783,0xf02bbf496848bf761a273fe3d30aa3ca4b4e3e04e5dc5766e33d124be1b9c603,0x9fc3da866e7df3a1c57ade1a97c9f00a70f010c8,0xfeeeeee44046c3f61a8cc081e0918ef0de0a7ffc,2026-08-15T21:36:28,selfdestruct_context,0x6a806b3f,true
25760784,0x3e27078f6e829d673cff7dfe3366ef2fe4807811b53551c1871cc3ee3e91d275,0xa6684f9b756a3d4ba5234f6f30aeda653a72587b,0x28b1dc1a5e3699a428bc51d234dfab7c9cb2a183,2026-08-15T21:36:31,complex_trace;high_gas_used_context;token_activity_burst,0x0c307f76,true
25760784,0x4aef2ebe2be46dc138d001a9a79be694e42f7cad2e1a5679b5dcd2727bdb4b96,0x4838b106fce9647bdf1e7877bf73ce8b0bad5f97,0xfeeeeee44046c3f61a8cc081e0918ef0de0a7ffc,2026-08-15T21:36:31,selfdestruct_context,0x6a806b4b,true
25760784,0x4e8d40b432fe7d4ffd982493c21ae97fd8a4b2b97501e1610cd5fc7dc04f25b5,0xb7e77fdbc1168fe6d7e5972ca141b1c15383595a,0xd1b69b4384eca47afabfd85a7bc7c9a22d7a9839,2026-08-15T21:36:31,complex_trace;high_gas_used_context,0x2856f5a4,false
25760784,0x54467cb93f7861750c1da6a6097123b045bc2651ff9bee95f71c73d940078299,0x23ab825aaffe678f6473133f7a7a90ab49f5b391,0x0a252663dbcc0b073063d6420a40319e438cfa59,2026-08-15T21:36:31,dense_internal_fund_flow;large_mint_to_sender;very_complex_trace;high_gas_used_context;token_activity_burst;selfdestruct_context,0xf5878b9b,true
25760784,0x65f180cdf319411c016ab5a199f5bb6344916792c2d049918e32938a3d8a2fd9,0x7156d3f8dee0659e95a816c08ef5f9a937777777,0xb920de0ea04dd30fc031244517caab8b596789ed,2026-08-15T21:36:31,repeated_internal_token_drain;dense_internal_fund_flow;complex_trace;high_gas_used_context;token_activity_burst;selfdestruct_context;repeated_risky_internal_calls,0x2744fcd2,true
25760784,0x680347e252d10aabcda372b1a51429d4c88bffb96da8188c3f63d8937a9c9543,0xde7a849216aa3884d53d84ecb02c19eb67e5dae2,0x7d9f4ca54131e588fc1fe577973b55fb11231e76,2026-08-15T21:36:31,high_gas_used_context;token_activity_burst,0x6aac3a0b,false
25760784,0xea6f26d11e5e924ea1e99381ad221775ef492439425dcc2b810b74a78e0bac74,0x5f17b902ebf199aec8e7e18a8356224cd63d8c4f,0x03f34be1bf910116595db1b11e9d1b2ca5d59659,2026-08-15T21:36:31,dense_internal_fund_flow;complex_trace,0xe47d166c,true
25760785,0x16d88eaacb3d833dd24eb635f662d3db034688035c94ef0fcaa109571b00775d,0x0bde59981fdeac219ce9e618d27f193438bff786,0x81463b0f960f247f704377661ec81c1fd65b5128,2026-08-15T21:36:36,extreme_dex_price_manipulation;complex_trace;high_gas_used_context,0x112b7d01,true
25760785,0x1c9660cb0f06c9b28705f43517809559f5a1e3c7dfb10451e341c9a45de43069,0xe99bd1c2dd70cd58e5efd47887991700e7318ce2,0xad3b67bca8935cb510c8d18bd45f0b94f54a968f,2026-08-15T21:36:36,complex_trace;high_gas_used_context;token_activity_burst;approval_burst,0x146ee74d,false
25760785,0xd2e18f1c09eba39fd1e173cc065ae4724209b820a49d318a2d31f7e3561494be,0x70e59f9c304e4d5096bd408b571e2dcd99c3120b,0xad3b67bca8935cb510c8d18bd45f0b94f54a968f,2026-08-15T21:36:36,complex_trace;high_gas_used_context;token_activity_burst,0x146ee74d,false
25760785,0xe7875bdd5f8458f90bc7cbbc785a9e31be8e8c549091f6829a10c8ababd2e10a,0x326a96cb6155abbd5b6bab992c55e17fe6c1178e,0x881d40237659c251811cec9c364ef91dc08d300c,2026-08-15T21:36:36,dense_internal_fund_flow;complex_trace,0x5f575529,true
25760785,0x0600de82738dbd335f2a3861e23d320428826fec06e8f23ecb66022a5693c757,0x59aab1bd0d26290274398c07b55955c15425e16b,0x00fe78205f5f0e63b8ad2b2ae5337f538a610e04,2026-08-15T21:36:37,complex_trace;high_gas_used_context,0x34fcd5be,false
25760785,0x16304b75a3dbd23a20000f60f2f04a564e4cd2b4cf40c10d141da2ec69a47ea6,0x82ac3585ab4c876acf7bc28cb6833a65ba7ec7db,0x004395edb43efca9885cedad51ec9faf93bd34ac,2026-08-15T21:36:37,complex_trace;high_gas_used_context,0xac9650d8,false
25760785,0x74eba1a8dae17e00809eb3c6093fd8cd8a50e37ce04ee2bf75ec31c3c815f27b,0x09cfee647fa339133380191c8db6b44f24500c9d,0x77b85afbcd336993ac1c65057531c5a5b33b76b8,2026-08-15T21:36:37,repeated_internal_token_drain;dense_internal_fund_flow;complex_trace;high_gas_used_context;token_activity_burst;repeated_risky_internal_calls,0xa9059cbb,true
25760785,0xde26e539dd3461ec2b59676b2b87d70b4fc367e4f44f37bb82ed1174e6813378,0x59aab1bd0d26290274398c07b55955c15425e16b,0x00fe78205f5f0e63b8ad2b2ae5337f538a610e04,2026-08-15T21:36:37,complex_trace;high_gas_used_context,0x34fcd5be,false
25760785,0xf8d293108ebd3886216a44b693a8cadb40767a1bf35456464c5adf30c1e8ce39,0x9235910f410478b89f86e06be0e4535335af6dea,0x00000f91109c4d0007e90000d9facad5298a0cac,2026-08-15T21:36:37,complex_trace;high_gas_used_context;token_activity_burst,0x00000000,false
25760785,0xd4732c913f5df39e91e44eb1a65015a1b0bb2b0161dd41ec2c3c0a516de065c8,0x59cadf9199248b50d40a6891c9e329ea13a88d31,0xfeeeeee44046c3f61a8cc081e0918ef0de0a7ffc,2026-08-15T21:36:38,selfdestruct_context,0x6a806b57,true
25760785,0xefe4b3e61e8a17394b351d5754492ef9e8505d3c20f0f385ad651dc5d86ad491,0xdadb0d80178819f2319190d340ce9a924f783711,0xfeeeeee44046c3f61a8cc081e0918ef0de0a7ffc,2026-08-15T21:36:38,selfdestruct_context,0x6a806b57,true
25760786,0x55d78940531ee79d9837111745b37f442fe039c1428e231a2b794542f2f9a517,0x9d9e5233e399c84cfff5b080f0012987a25a045a,0x91ff8bbd8ebb07893010d50a48a1609e5ebd8e34,2026-08-15T21:36:40,complex_trace;high_gas_used_context,0x069d1525,false
25760787,0x50fc673ee5d891730b2f7f617126209cfc5fb2a0bef94e788c3f390c984c3d07,0x59aab1bd0d26290274398c07b55955c15425e16b,0x00fe78205f5f0e63b8ad2b2ae5337f538a610e04,2026-08-15T21:36:54,complex_trace;high_gas_used_context,0x34fcd5be,false
25760787,0x76496f99eade878b8f454f54d9f381cce6772ba5200c6dcf3a90bb1b25d3f639,0x5e6e835ec4e69fdaf9cad50cedafc687976d6a22,0x91ff8bbd8ebb07893010d50a48a1609e5ebd8e34,2026-08-15T21:36:54,complex_trace;high_gas_used_context,0x069d1525,false
25760788,0x13794386599d85fa08d8dbbbb848dce60024d554a7bd18fb88647b0eded6d47a,0x7b49bc3ebbdf7322f31c6449320382bbec3be1b6,0xad3b67bca8935cb510c8d18bd45f0b94f54a968f,2026-08-15T21:37:09,complex_trace;token_activity_burst,0x146ee74d,false
25760788,0x48801d2fbddd4b70d92b8561d8e3ae78e8a51a1a883eb613301c6269754bb62c,0x451e46031e73be0f0242ebc4834e9882ad603dfd,0x881d40237659c251811cec9c364ef91dc08d300c,2026-08-15T21:37:09,dense_internal_fund_flow;complex_trace,0x5f575529,true
25760788,0xf7ff6c9b2446854529d779b83e08b770f6f89592a34816821f2d26eb283991df,0x70e59f9c304e4d5096bd408b571e2dcd99c3120b,0xad3b67bca8935cb510c8d18bd45f0b94f54a968f,2026-08-15T21:37:09,complex_trace;token_activity_burst,0x146ee74d,false
25760788,0xf984fb09923891125d43f89884b03f3933c4ca17b4c3cc3f3f7b5d8b3a5a3ddb,0xe99bd1c2dd70cd58e5efd47887991700e7318ce2,0xad3b67bca8935cb510c8d18bd45f0b94f54a968f,2026-08-15T21:37:09,complex_trace;high_gas_used_context;token_activity_burst;approval_burst,0x146ee74d,false
25760788,0x38a98a2b3261920a7495147f9b6191bea3e0a5fa0aa97829a3a28f965841d9c0,0x8f0ff5dbc4c1da82582134e4253b298afae6bd4f,,2026-08-15T21:37:10,privileged_execution_context;high_gas_used_context;contract_creation_context,0x60806040,false
25760788,0x2bf60bea9e04e1c1c2f208dfb75134d2b5f1c472cdbb3911281b8096a2dbc5a8,0xb876842bb8405f34e1cefe497d0d85d39f83badf,0x91ff8bbd8ebb07893010d50a48a1609e5ebd8e34,2026-08-15T21:37:11,complex_trace;high_gas_used_context,0x069d1525,false
25760788,0x2e83677760f6c352d95ee490c83375826621f18648251c75763977c9ac92d9ca,0x4df457f338f4c102f066f807fc16cad81bdc42f6,0x781cdf8805e01f016fc39204a94e4382c48bcbb4,2026-08-15T21:37:11,complex_trace;high_gas_used_context,0x873f371c,false
25760788,0x85ff6b339d11978de36e7727826b6148ff4e5b00f6bf8891a60cfb27241b97cf,0x9b5c59664eac894eae9d0881a08ff289cc83ad46,0xd7de2ea001374e78568e5ddaf1b43fec3d3d06ac,2026-08-15T21:37:11,complex_trace;high_gas_used_context,0x1bc0a0c4,false
25760788,0xa600384cf10acac42f2a2fbccf20088cf573829830985a7a830d568a6548702b,0x23ab825aaffe678f6473133f7a7a90ab49f5b391,0x0a252663dbcc0b073063d6420a40319e438cfa59,2026-08-15T21:37:11,dense_internal_fund_flow;large_mint_to_sender;very_complex_trace;high_gas_used_context;token_activity_burst;selfdestruct_context,0xf5878b9b,true
25760788,0xd14e7612aa148f27d7215212947a405452ece1f633de0be4d2906ba69763a771,0x23ab825aaffe678f6473133f7a7a90ab49f5b391,0x0a252663dbcc0b073063d6420a40319e438cfa59,2026-08-15T21:37:11,dense_internal_fund_flow;large_mint_to_sender;very_complex_trace;high_gas_used_context;token_activity_burst;selfdestruct_context,0xf5878b9b,true
25760788,0xee1f45b0cdbf1c9402d2a35e1e8c4ffb470c8cb78f58c4a823d6288c2843ee2c,0x9cc48736913f09719aeaaa5782ced5c689e1469f,0x9aa79c84b79816ab920bbce20f8f74557b514734,2026-08-15T21:37:11,dense_internal_fund_flow,0x0efe6a8b,true
25760788,0xfe3b7c3baa896b68902c054bc21c75252354dd68c4527ccf4f6684fc67b68450,0xdadb0d80178819f2319190d340ce9a924f783711,0xfeeeeee44046c3f61a8cc081e0918ef0de0a7ffc,2026-08-15T21:37:11,selfdestruct_context,0x6a806b7b,true
25760789,0x1be505c76d52884ce34b36b34e31434264890b82b2b804ffb6a8c1e6ec8343c9,0xabb2acd3be814a80e502575d6c1dc5f789e9cd10,0xb92fe925dc43a0ecde6c8b1a2709c170ec4fff4f,2026-08-15T21:37:22,dense_internal_fund_flow;complex_trace,0xcd6e13f7,true
25760789,0x9416c4ecfbd94f7be348bd657e237103c8abc12d2aae5b7c137cbf6bb6d637bf,0x4b0710ac2381f2d688dbd56a005daed31fc571aa,,2026-08-15T21:37:22,privileged_execution_context;high_gas_used_context;contract_creation_context,0x61016060,false
25760789,0xa48e35e8f0a6cd096d50e1ebab636b1d10d8aa4217b1a16bc510c49a7b2de7b7,0x23ab825aaffe678f6473133f7a7a90ab49f5b391,0x0a252663dbcc0b073063d6420a40319e438cfa59,2026-08-15T21:37:22,dense_internal_fund_flow;large_mint_to_sender;very_complex_trace;high_gas_used_context;token_activity_burst;selfdestruct_context,0xf5878b9b,true
25760789,0xc32ea0bc4f6e317b717389b58138ec65f29a8745965c8e46f940550c482ddf37,0x5feedece88ae69749dda1f93765b2f9246caca70,0x9e9110cfd24cd851ea5bc73a27975b33e308f9e1,2026-08-15T21:37:22,complex_trace;high_gas_used_context,0xeb7499cf,false
25760789,0xdd43bf1e11909015aedc2cb0022863b899c37b7f3d34c7e137735fad98358e38,0x43370368dccceb147c89d1d78f14589225220290,0x0000000071727de22e5e9d8baf0edac6f37da032,2026-08-15T21:37:22,privileged_execution_context;complex_trace;high_gas_used_context,0x765e827f,false
25760789,0xc1f94abb3ef764ae11c3b9bba89aeeeb748caddf7123af0b66a046c53353b81d,0x4838b106fce9647bdf1e7877bf73ce8b0bad5f97,0xfeeeeee44046c3f61a8cc081e0918ef0de0a7ffc,2026-08-15T21:37:23,selfdestruct_context,0x6a806b87,true
25760790,0x3d47491c9dc7f0ea9d03d65adb954066a6374560188f874c0d9ee52927ed9477,0x09cfee647fa339133380191c8db6b44f24500c9d,0x3d9846705612c2db47edf659c48034c752f0da99,2026-08-15T21:37:34,complex_trace;high_gas_used_context,0xd47a1a27,false
25760790,0xef0f80c1a872221b7ee919da4b6a87d05cf175a7d9d5ac80a2d03f10aa79ab38,0x23ab825aaffe678f6473133f7a7a90ab49f5b391,0x0a252663dbcc0b073063d6420a40319e438cfa59,2026-08-15T21:37:34,dense_internal_fund_flow;large_mint_to_sender;very_complex_trace;high_gas_used_context;token_activity_burst;selfdestruct_context,0xf5878b9b,true
25760790,0xf3f92fc0764d4937a6c81c5391ff85cf75803e2c38992767db3d74b152891e26,0x4838b106fce9647bdf1e7877bf73ce8b0bad5f97,0xfeeeeee44046c3f61a8cc081e0918ef0de0a7ffc,2026-08-15T21:37:35,selfdestruct_context,0x6a806b93,true
25760791,0x3ca38a8e917f28da0fbb675af73575b63db3523d19607c06d11bcef0c59a757e,0x33eb3a121477b344a9034c8b6671e1055facfb3d,0xbeb0b0623f66be8ce162ebdfa2ec543a522f4ea6,2026-08-15T21:37:47,dense_internal_fund_flow,0x2143d82c,true
25760791,0x6c46c7b0c7c9f7ebb681c4e3769a5cdcd33cb98b03c5d54dc0f7d4701bf1d311,0x43370108f30ee5ed54a9565f37af3be8502903f5,0x0000000071727de22e5e9d8baf0edac6f37da032,2026-08-15T21:37:47,privileged_execution_context;complex_trace,0x765e827f,false
25760791,0xb4755364363804bd3f0f0e910dc106b0674737732f01fb342bdda3dae27cd0de,0x97e1e6c70fe9f2209792640336534bfc9f93aa7a,0xa397a8c2086c554b531c02e29f3291c9704b00c7,2026-08-15T21:37:47,dense_internal_fund_flow,0x555029a6,true
25760791,0xd90be06f0492a9d62d24ea8b287e0c95cd06df66c1dadfa65a821c96a50fcb19,0xdb4d5a3e683df965ce509ef191d979e77543bb4d,0x004395edb43efca9885cedad51ec9faf93bd34ac,2026-08-15T21:37:47,complex_trace;high_gas_used_context,0xac9650d8,false
25760792,0x051b007101f2be78a66847cadf7b0fe4be3e0fade8b18c17c024f10be73faf76,0xb2860e52a68c01a31aa03810208b069d72359563,0x91ff8bbd8ebb07893010d50a48a1609e5ebd8e34,2026-08-15T21:37:57,complex_trace;high_gas_used_context,0x069d1525,false
25760792,0xa80508da19273e93bead9392c737c554917931bbdf505b20a1dedcba9b347445,0x5903ba6b4d6972a560f13478f46c958a37d76161,0xac07696346cedc9f16e03da41b2f368be052f220,2026-08-15T21:37:57,dense_internal_fund_flow;high_gas_used_context,0xc9567bf9,true
25760792,0xa98dcf56a1da8080fc19651db70edd0e613f3e5d73abc537a2b8837d83880374,0x23ab825aaffe678f6473133f7a7a90ab49f5b391,0x0a252663dbcc0b073063d6420a40319e438cfa59,2026-08-15T21:37:57,dense_internal_fund_flow;large_mint_to_sender;very_complex_trace;high_gas_used_context;token_activity_burst;selfdestruct_context,0xf5878b9b,true
25760792,0xacf02a444769d9b5385382bca84c9561d344435af2176b7f5bb45d44cee8c6c0,0xdadb0d80178819f2319190d340ce9a924f783711,0xfeeeeee44046c3f61a8cc081e0918ef0de0a7ffc,2026-08-15T21:37:57,selfdestruct_context,0x6a806bab,true
25760792,0xd0a53b57b931cbee7c9156aa6af5c909e81888fa18cf0df8dcdb88f95252a718,0xe99bd1c2dd70cd58e5efd47887991700e7318ce2,0xad3b67bca8935cb510c8d18bd45f0b94f54a968f,2026-08-15T21:37:57,complex_trace;high_gas_used_context;token_activity_burst;approval_burst,0x146ee74d,false
25760794,0x08de663ba65b2b95e52f2a440993da70c462577da1208ee7cb4d827e9acbab4e,0x7b49bc3ebbdf7322f31c6449320382bbec3be1b6,0xad3b67bca8935cb510c8d18bd45f0b94f54a968f,2026-08-15T21:38:25,complex_trace;high_gas_used_context;token_activity_burst;approval_burst,0x146ee74d,false
25760794,0xc1abfd98dfed1f6813537ec313b6ed91de9b9a5664bf077c6342a61d00e8f3d9,0x50bf934781f63028c5c8ef49c4affe19a86d99b6,0x8d04cc7e86e687854eb41d9d43512b655b93184b,2026-08-15T21:38:25,complex_trace;selfdestruct_context,0x4a1bf18a,false
25760794,0xdb5c799ac4497b92f59f34f3a080478ce3f13521cc73dce9f8f386dcce39918e,0x23ab825aaffe678f6473133f7a7a90ab49f5b391,0x0a252663dbcc0b073063d6420a40319e438cfa59,2026-08-15T21:38:25,dense_internal_fund_flow;large_mint_to_sender;very_complex_trace;high_gas_used_context;token_activity_burst;selfdestruct_context,0xf5878b9b,true
25760794,0x5ef8506c864b3e60d56fbef87d8829103e458ad823dcb566ff9abcc5833b2a2c,0xdadb0d80178819f2319190d340ce9a924f783711,0xfeeeeee44046c3f61a8cc081e0918ef0de0a7ffc,2026-08-15T21:38:27,selfdestruct_context,0x6a806bc3,true
25760794,0x608fd200ff5cba031245b484300dfe5632163d2b5f79e60405bd66aa078c7cc8,0x8b5606469e21c75edd7c74d1c7a65824675d9aff,0x9ccc2f3ecde026230e11a5c8799ac7524f2bb294,2026-08-15T21:38:27,dense_internal_fund_flow;complex_trace,0x1bc74526,true
25760794,0x70a8bd269af85d2d8b7286d1d900ac5cb1a163cf8fa70f813f833789cf516841,0x7830c87c02e56aff27fa8ab1241711331fa86f43,0xa9d1e08c7793af67e9d92fe308d5697fb81d3e43,2026-08-15T21:38:27,dense_internal_fund_flow,0x1a1da075,true
25760794,0x80efc9add327c98d31a99f954d9b1413aa20697a99de6dd6123ace1a679ab0be,0xde7a849216aa3884d53d84ecb02c19eb67e5dae2,0x7d9f4ca54131e588fc1fe577973b55fb11231e76,2026-08-15T21:38:27,complex_trace;high_gas_used_context;token_activity_burst,0x6aac3a0b,false
25760794,0xdceca25aa691095f5beb83097b5c51d2ee91f05619c1c03b0c7fa62b6aaf1a0a,0x59aab1bd0d26290274398c07b55955c15425e16b,0x00fe78205f5f0e63b8ad2b2ae5337f538a610e04,2026-08-15T21:38:27,complex_trace;high_gas_used_context,0x34fcd5be,false
25760794,0xf87eb01354e54760573dda7e2e67a17736bb5db808a42b913010b2c8618a159f,0xb23360ccdd9ed1b15d45e5d3824bb409c8d7c460,0x09c30cdcdd971423cb3ba757a47d56c35d06d818,2026-08-15T21:38:27,dense_internal_fund_flow,0x318adb8b,true
25760794,0xfc7f28fb0582e3566e03df96b4e0e1279341ac7f35a6b13fb1dc990f9457e776,0x7a6a10ff5003935f284ed9c6d95d3a4417d44bfb,0x965973a65f49c99e05f56ed00fad4ac50bfced5a,2026-08-15T21:38:27,dense_internal_fund_flow;token_activity_burst,0xd5c1237b,true
25760794,0xff144074f3e2d3a05f81a6ccaae794ff659170c6b6fe34a127199827f666fd5a,0xdadb0d80178819f2319190d340ce9a924f783711,0xfeeeeee44046c3f61a8cc081e0918ef0de0a7ffc,2026-08-15T21:38:27,selfdestruct_context,0x6a806bc3,true
25760795,0x4f9bb3551f8c1862d7269aa12efc7badac3d0421188561478e66b1f89ddeedec,0x50bf934781f63028c5c8ef49c4affe19a86d99b6,0x8d04cc7e86e687854eb41d9d43512b655b93184b,2026-08-15T21:38:33,dense_internal_fund_flow;complex_trace;selfdestruct_context,0x4a1bf18a,true
25760795,0xb8c09347b0e2e88ebed0a8707f8407a4fff4f1ee4ab03c7632e7d9e64d99ba04,0x8d4272e556cf03dc8408e8bd61b82599c473b5ad,0xc88fd3c032406f64c70a6c1aac9831602362ee04,2026-08-15T21:38:33,complex_trace;high_gas_used_context;token_activity_burst,0x1fa32640,false
25760795,0x3dd3a2396294aa0ba68eb6c9625d79b5f00d93e4e1425bcd783d18d4661ea32b,0x768fb85fe1c89502e49440c54ade996930c49604,0x88cc0800464fcef3e643a369e8a0532990995eee,2026-08-15T21:38:34,complex_trace;high_gas_used_context,0xedbc849a,false
25760795,0x43c7b01d793770032edf893678bb809657d679242a22942b310cb9b121cf0f6e,0x23ab825aaffe678f6473133f7a7a90ab49f5b391,0x0a252663dbcc0b073063d6420a40319e438cfa59,2026-08-15T21:38:34,dense_internal_fund_flow;large_mint_to_sender;very_complex_trace;high_gas_used_context;token_activity_burst;selfdestruct_context,0xf5878b9b,true
25760795,0xa0b624d8b0e9d2bc3939d65946890e13e954e7e5bd41c8ea5b65907ed6edc7ff,0xdadb0d80178819f2319190d340ce9a924f783711,0xfeeeeee44046c3f61a8cc081e0918ef0de0a7ffc,2026-08-15T21:38:34,selfdestruct_context,0x6a806bcf,true
25760795,0xf6dd6cdd7ea42d68d62950b145ba1d49b6e8b2db245d5b8b4806c4ea9a0f75e1,0xdadb0d80178819f2319190d340ce9a924f783711,0xfeeeeee44046c3f61a8cc081e0918ef0de0a7ffc,2026-08-15T21:38:34,selfdestruct_context,0x6a806bcf,true
25760796,0x2adfb1049751b5da87ff3387c70a30b83050224ffb60094c765865c7fea95478,0x85c2e985a4fb5c3ff25ee27ee424abd851e4cb33,0xfeeeeee44046c3f61a8cc081e0918ef0de0a7ffc,2026-08-15T21:38:43,selfdestruct_context,0x6a806bdb,true
25760796,0x73b6050cd35e9916e67b09c458ef04585b930ced60d544a94d01568bb151e0df,0x01dbf1117898da919f43194865f4913c426725e7,0x881d40237659c251811cec9c364ef91dc08d300c,2026-08-15T21:38:43,dense_internal_fund_flow;complex_trace,0x5f575529,true
25760796,0x96f02d90c80dfbb47727982f9be70854f32298ceef2eddef4637c6b7fe5dcb8f,0x7b49bc3ebbdf7322f31c6449320382bbec3be1b6,0xad3b67bca8935cb510c8d18bd45f0b94f54a968f,2026-08-15T21:38:43,complex_trace;high_gas_used_context;token_activity_burst;approval_burst,0x146ee74d,false
25760797,0x27cb830d37eec14ee874ce5308c3a35244672ef0db3db22598de537844ab8484,0xf644e7c25084542c3f96dc6c722712a84af8fe42,0x28b1dc1a5e3699a428bc51d234dfab7c9cb2a183,2026-08-15T21:38:56,complex_trace;high_gas_used_context;token_activity_burst,0x0c307f76,false
25760797,0x5138c1028f9b935e8b7edfb398d2833dc49565dbd276fc95c6cb14a117ff0e6f,0x4838b106fce9647bdf1e7877bf73ce8b0bad5f97,0xfeeeeee44046c3f61a8cc081e0918ef0de0a7ffc,2026-08-15T21:38:56,selfdestruct_context,0x6a806be7,true
25760797,0x8cc92c85078297ccf29a5e47a6a84015ef98a112a30826af7f0b0447a2ab4aff,0x47fa202995211c9da501991fc43a86047ad054f0,0xa6fa3c82b22d01750fd194c443e10c5700be2b85,2026-08-15T21:38:56,complex_trace;high_gas_used_context;token_activity_burst;approval_burst,0x601881f3,false
25760797,0xc2d1da9d10770ee18873724e32bb78b1a9d7f087986862dcfab7ee0c589b2915,0x5b43453fce04b92e190f391a83136bfbecedefd1,0xbdb3ba9ffe392549e1f8658dd2630c141fdf47b6,2026-08-15T21:38:56,dense_internal_fund_flow;complex_trace;high_gas_used_context;token_activity_burst,0x000000c3,true
25760797,0xf632f1506a0a5cbdd9823b513604f0146273ac8b47b9ce517f94ab2e83cd13f2,0x23ab825aaffe678f6473133f7a7a90ab49f5b391,0x0a252663dbcc0b073063d6420a40319e438cfa59,2026-08-15T21:38:56,dense_internal_fund_flow;large_mint_to_sender;very_complex_trace;high_gas_used_context;token_activity_burst;selfdestruct_context,0xf5878b9b,true
25760797,0xb93bb19ec3650f6b2bb68586942798e10e29514fbd7276b07ed2ba8bd940e83a,0x1e944a66784a48e02605957189f08ae75555fb3b,0x4c82d1fbfe28c977cbb58d8c7ff8fcf9f70a2cca,2026-08-15T21:38:57,dense_internal_fund_flow,0x3593564c,true
25760797,0xf24af73fefcc543b7dd460215a2ff5cb23b21f8b47243f64eb13cb983cb33f0b,0x4838b106fce9647bdf1e7877bf73ce8b0bad5f97,0xfeeeeee44046c3f61a8cc081e0918ef0de0a7ffc,2026-08-15T21:38:57,selfdestruct_context,0x6a806be7,true
25760798,0x2df96cf9319a1c9b81c68c9c18ff34e895f2a07ef4356c0d5827feb560824260,0x5540aa9d5cb9e1f0a3dee1348168b02395cfac8a,0x0de8bf93da2f7eecb3d9169422413a9bef4ef628,2026-08-15T21:39:07,dense_internal_fund_flow;large_mint_to_sender;very_complex_trace;high_gas_used_context;token_activity_burst,0xc2580804,true
25760798,0x7db4926d3c86949c1b0986d225c4a208958df9506a41a9863f734847ddb4b694,0x23ab825aaffe678f6473133f7a7a90ab49f5b391,0x0a252663dbcc0b073063d6420a40319e438cfa59,2026-08-15T21:39:07,dense_internal_fund_flow;large_mint_to_sender;very_complex_trace;high_gas_used_context;token_activity_burst;selfdestruct_context,0xf5878b9b,true
25760798,0xe5beea105f14dc934106df00d78cf2477d6f83348fb0a1c41d037aad7e8d735c,0x50bf934781f63028c5c8ef49c4affe19a86d99b6,0x8d04cc7e86e687854eb41d9d43512b655b93184b,2026-08-15T21:39:07,complex_trace;selfdestruct_context,0x4a1bf18a,false
25760798,0x12db25a2b34669ab286b614d4987701ec67bdd1d1de837f2f916326f1ff40a00,0xf7bac63fc7ceacf0589f25454ecf5c2ce904997c,0xca11bde05977b3631167028862be2a173976ca11,2026-08-15T21:39:08,complex_trace;high_gas_used_context;token_activity_burst,0x252dba42,false
25760798,0x8f0b9fc7e9cd1e7a416a85d358734d8885f522915a8ae2cc8f60a7b3f10e7221,0x4838b106fce9647bdf1e7877bf73ce8b0bad5f97,0xfeeeeee44046c3f61a8cc081e0918ef0de0a7ffc,2026-08-15T21:39:08,selfdestruct_context,0x6a806bf3,true
25760799,0x02d5da2e5e3dd3cbfb0b36a4985c239a276bb5d61ec3d6b93571645ddbea6630,0x5a9ce6113eb1a3d6cb3ee9739b438c6f0c8d32c7,0x91ff8bbd8ebb07893010d50a48a1609e5ebd8e34,2026-08-15T21:39:17,complex_trace;high_gas_used_context,0x069d1525,false
25760799,0x7a86270f7e38fb5cd621c6a51a50ec8c46b402ea41464a9667922526e490b69d,0xa3ab2b10bf2508a9e4455a35e2f4a9d0ced18464,0x91ff8bbd8ebb07893010d50a48a1609e5ebd8e34,2026-08-15T21:39:17,complex_trace;high_gas_used_context,0x069d1525,false
25760799,0xed0bd33ff6fddd6afb54dae5e1502c4f5cdcf00cb8a043821dcd809f3be9548f,0x39f6a6c85d39d5abad8a398310c52e7c374f2ba3,0x21bc354b5a5502df3097e8838eaab5eb0b06aac9,2026-08-15T21:39:17,dense_internal_fund_flow;complex_trace;high_gas_used_context;token_activity_burst,0xaf713566,true
25760800,0x172b82588f2e449894794b5de63c9c9856ddce6c8e50bd7e4123c53902638d5e,0x5540aa9d5cb9e1f0a3dee1348168b02395cfac8a,0x0de8bf93da2f7eecb3d9169422413a9bef4ef628,2026-08-15T21:39:34,dense_internal_fund_flow;large_mint_to_sender;very_complex_trace;high_gas_used_context;token_activity_burst,0xc2580804,true
25760800,0x2af2aed4c7145b2c778fa2f56dd83cf8b456a1d63dc6749a63a78ee0b4e74f1a,0x23ab825aaffe678f6473133f7a7a90ab49f5b391,0x0a252663dbcc0b073063d6420a40319e438cfa59,2026-08-15T21:39:34,dense_internal_fund_flow;large_mint_to_sender;very_complex_trace;high_gas_used_context;token_activity_burst;selfdestruct_context,0xf5878b9b,true
25760800,0x44813fb7ab7bf30f325a162370b30a0727a25fdcfdce600343a7efa4d74bd9b7,0x70e59f9c304e4d5096bd408b571e2dcd99c3120b,0xad3b67bca8935cb510c8d18bd45f0b94f54a968f,2026-08-15T21:39:34,complex_trace;approval_burst,0x146ee74d,false
25760800,0x4b2559d7c2316a3fcbcda768b0b730e7219f718226b3a449ddac20d490d63e90,0xbd2a7fddca008e91b16cdfdc4fa53b3dd7982676,0x3fc29836e84e471a053d2d9e80494a867d670ead,2026-08-15T21:39:34,complex_trace;high_gas_used_context;token_activity_burst,0x095ea7b3,false
25760800,0xa46188daea317a396d031a3cae7e21d220c285c9899ef08b8746eeef68b932a3,0x1584a8ee67789d1fe161065388657ad2f2a3c7dd,0x77eb52e44db06777bce478159f25c0d55a295314,2026-08-15T21:39:34,repeated_internal_token_drain;dense_internal_fund_flow;complex_trace;token_activity_burst;repeated_risky_internal_calls,0xa9059cbb,true
25760800,0xd2ce5e1981627a3d3794a0e7528e805ab18607916f821f5e170efd3d9c53d109,0x5540aa9d5cb9e1f0a3dee1348168b02395cfac8a,0x0de8bf93da2f7eecb3d9169422413a9bef4ef628,2026-08-15T21:39:34,dense_internal_fund_flow;large_mint_to_sender;very_complex_trace;high_gas_used_context;token_activity_burst,0xc2580804,true
25760800,0x1d60f8bb9946cf1d6e337add6eb9f2640789bcbac199e0a8b484f1293edbbe8d,0xa1df756b063a867bfb3cf1fa611592aa646bf4a8,0x004395edb43efca9885cedad51ec9faf93bd34ac,2026-08-15T21:39:35,complex_trace;high_gas_used_context,0xac9650d8,false
25760801,0x61424d2cab52d69c69df7e1b25b850be4b86b1641984ade49e7ff51f92ed20b7,0x5540aa9d5cb9e1f0a3dee1348168b02395cfac8a,0x0de8bf93da2f7eecb3d9169422413a9bef4ef628,2026-08-15T21:39:45,dense_internal_fund_flow;large_mint_to_sender;very_complex_trace;high_gas_used_context;token_activity_burst,0xc2580804,true
25760801,0x7d806a8a85fc44210e834fae7101931c0c9907f80ef454948f33834d0568899c,0x4838b106fce9647bdf1e7877bf73ce8b0bad5f97,0xfeeeeee44046c3f61a8cc081e0918ef0de0a7ffc,2026-08-15T21:39:45,selfdestruct_context,0x6a806c17,true
25760801,0x923cf163c583d6bc9cd922a89c01f05c73acc7797039621267f47d969734c0c1,0x19a4cc064ba710a9ce97499f3c659288bb2ad2dd,0x781cdf8805e01f016fc39204a94e4382c48bcbb4,2026-08-15T21:39:45,very_complex_trace;high_gas_used_context,0x873f371c,false
25760801,0xecdbe1a4bfa939d89f8b1d8565d9df8935cb38e8f95347f42604e6ac1c1e1fb2,0x5bf2bf2489c623dfba92f97b3afcac7323c7ac1b,0x6a000f20005980200259b80c5102003040001068,2026-08-15T21:39:45,dense_internal_fund_flow,0xe3ead59e,true
25760802,0x0793e189abad6a02bf4de8d3dc834a49126d4fd04544e3402d56db2907f4baa5,0xfeed46c11f57b7126a773eec6ae9ca7ae1c03c9a,0xbeef0c075da5d01112ae5cf34d257074fb5ddb2f,2026-08-15T21:39:55,complex_trace;high_gas_used_context,0xac9650d8,false
25760802,0x2b797280a64e69eb76759024902d777f94713ed36813bc2f80d3fce38f5630f6,0x23ab825aaffe678f6473133f7a7a90ab49f5b391,0x0a252663dbcc0b073063d6420a40319e438cfa59,2026-08-15T21:39:55,dense_internal_fund_flow;large_mint_to_sender;very_complex_trace;high_gas_used_context;token_activity_burst;selfdestruct_context,0xf5878b9b,true
25760802,0x4f7d814a10a4716a698033dbbf03a650562150d3b31633eea4aaa12223b50053,0x64b9edd67c96c76bc3f9472c5a9e83547cfd4380,0x91ff8bbd8ebb07893010d50a48a1609e5ebd8e34,2026-08-15T21:39:55,complex_trace;high_gas_used_context,0x069d1525,false
25760802,0xac89cec3360cd6d12df14b72c584408015f99eed761b928274dd6084d4aca548,0xa599766c54a3695160e24a5e6b3c9fe79a463f61,0x03f34be1bf910116595db1b11e9d1b2ca5d59659,2026-08-15T21:39:55,dense_internal_fund_flow;complex_trace,0xe47d166c,true
25760802,0xe112c066b5cc0f6a037ab2603a2a2a87027cc35e7cbd41ea3d631457325af8f5,0x843819e77947e2ca4f198dfa9c32cf49b598ef4b,0x0000000000000068f116a894984e2db1123eb395,2026-08-15T21:39:55,complex_trace;high_gas_used_context,0x87201b41,false
25760803,0xba08d04f1662b3577f3830955a56002a8d94197d4b1fa32b840f3f7f8efaf7a0,0x0b2d1965fd4d2250d03a277bce935e0d7f0e282e,0x4313c378cc91ea583c91387b9216e2c03096b27f,2026-08-15T21:40:09,dense_internal_fund_flow,0xeffbec13,true
25760803,0x583ff5e5156df2009ffae3f2df473c7a32d9e2ad4f8d1a01e254b49a9b3c5dcd,0x0f6d91fbafa15c3f20e72a4cbf16ed65dd96323d,0x91ff8bbd8ebb07893010d50a48a1609e5ebd8e34,2026-08-15T21:40:11,complex_trace;high_gas_used_context,0x069d1525,false
25760803,0x8cdcf81cf1201bfae1896082d82605d138308915877ff1f84bda261047129b3a,0xc066ac5d385419b1a8c43a0e146fa439837a8b8c,0xdb9b1e94b5b69df7e401ddbede43491141047db3,2026-08-15T21:40:11,complex_trace;high_gas_used_context;token_activity_burst,0xcef6d209,false
25760803,0x90d22795d4a9b0ff91df06d649d55a0cceaa1c586f1df7acbeeb347483554831,0xe20446cccbfd5f9038e747f1dea8016ecbd94ae5,0x442be06bb5d13711a22ccd3fa382b72a874c5135,2026-08-15T21:40:11,privileged_execution_context;complex_trace,0xf7b5c341,false
25760803,0x959bd96bc0d623d00e41a814b357051e797c028164928aad4658797ff1f18907,0xe9fce949e03ed55426471dbdb33847a248a83573,0x91ff8bbd8ebb07893010d50a48a1609e5ebd8e34,2026-08-15T21:40:11,complex_trace;high_gas_used_context,0x069d1525,false
25760803,0xbd0a3bdf72e2b947eb94d7832a4bbe4f74fcd9d514af3308328148f145d9bd53,0x41d209d275027e3dcf5ddc4d0c30cd6c6ece1ffd,0x91ff8bbd8ebb07893010d50a48a1609e5ebd8e34,2026-08-15T21:40:11,complex_trace;high_gas_used_context,0x069d1525,false
25760803,0xe25be6055d25ffdc60bb5f07965906c07fe152e959242edb386a97ee6e0d433e,0x72663ec3f3dcf59beff5d20594fd5777e05d9c17,0x91ff8bbd8ebb07893010d50a48a1609e5ebd8e34,2026-08-15T21:40:11,complex_trace;high_gas_used_context,0x069d1525,false
25760803,0xedc66c15d28d491ffdd096350167a688b293211734d07ba9835906d071927729,0x7f56302966ef91afb0d7baddc92b793efa8da7d9,0x91ff8bbd8ebb07893010d50a48a1609e5ebd8e34,2026-08-15T21:40:11,complex_trace;high_gas_used_context,0x069d1525,false
25760803,0xee3cab5768a83afeba7f8c347f037adbd12aba14bdb2649dcda10ba571a52fdf,0x6572d9dbd1e4a1a1a81760dcc4310269b59950c7,0x91ff8bbd8ebb07893010d50a48a1609e5ebd8e34,2026-08-15T21:40:11,complex_trace;high_gas_used_context,0x069d1525,false
25760803,0xf205885bae9ddd048a6cc292452b4f5f94fc9ba936eca346dac66200f5fb1426,0x1e060fb7847ab8de0e05e898c16714c9dcc9de6d,0x91ff8bbd8ebb07893010d50a48a1609e5ebd8e34,2026-08-15T21:40:11,complex_trace;high_gas_used_context,0x069d1525,false
25760804,0xcb51e99cf5f78c0677a8bf12bd0b7e8a48e43a2f0b649cb96d8e3b8cd577e909,0xe99bd1c2dd70cd58e5efd47887991700e7318ce2,0xad3b67bca8935cb510c8d18bd45f0b94f54a968f,2026-08-15T21:40:21,large_dex_price_change;complex_trace;high_gas_used_context;token_activity_burst;approval_burst,0x146ee74d,true
25760804,0x185d82898238e87f44a81c0fb3434d1887ba2754c22e5702744808dd84266865,0xe20446cccbfd5f9038e747f1dea8016ecbd94ae5,0x442be06bb5d13711a22ccd3fa382b72a874c5135,2026-08-15T21:40:22,privileged_execution_context;complex_trace;high_gas_used_context,0xf7b5c341,false
25760804,0x6b37ac1d1167eb6849df496ba2a63b3adb8b5618fb20b375fdb3de2632083473,0x61193d978c9ce5ba69293da96a56113be8de981c,0x91ff8bbd8ebb07893010d50a48a1609e5ebd8e34,2026-08-15T21:40:22,complex_trace;high_gas_used_context,0x069d1525,false
25760804,0xc1ca41c8ee4ea433748f89d6d54c8fb9060246e8492dd4ab730ae54fcc8c3a73,0x23ab825aaffe678f6473133f7a7a90ab49f5b391,0x0a252663dbcc0b073063d6420a40319e438cfa59,2026-08-15T21:40:22,dense_internal_fund_flow;large_mint_to_sender;very_complex_trace;high_gas_used_context;token_activity_burst;selfdestruct_context,0xf5878b9b,true
25760804,0xc1fbc8959a236b35ed9934855edd54b632c3091ce4868530d8f2745400905b06,0x6f4c3ea42fcd7660a79abb8f0b29b539309d1d52,0x07964f135f276412b3182a3b2407b8dd45000000,2026-08-15T21:40:22,dense_internal_fund_flow;complex_trace,0x6b3ec416,true
25760804,0xe36316e04c032f0a36cc4afd6211d0b3a25e7ab4a929cd0c07559aadea4fdd8b,0xde7a849216aa3884d53d84ecb02c19eb67e5dae2,0x7d9f4ca54131e588fc1fe577973b55fb11231e76,2026-08-15T21:40:22,complex_trace;high_gas_used_context;token_activity_burst,0x6aac3a0b,false
25760805,0x0c7d80c5f79c9c8eb125a5fa292f957b9c0b42a02e4d1910fdb2f63da406bfa9,0xbe0b407782a7599380fa726db315340126d62229,0x4d2fb5f8ec243fde4df1a9678b82238570c7e0e4,2026-08-15T21:40:31,repeated_internal_token_drain;dense_internal_fund_flow;complex_trace;high_gas_used_context;token_activity_burst;repeated_risky_internal_calls,0x6a761202,true
25760805,0x10f759459628b725057577efa337990886034dc3d22c5d2cb52ed9e8a6dc44c1,0x283504f935274046827e023fafc74b328c9c06f1,0xd1a557fe9d49d047a2318c05a13523e4b9e56e09,2026-08-15T21:40:31,large_erc20_asset_flow;complex_trace,0x311b0198,true
25760805,0x665d47d0593ba9bb7d853124020ed27c622ea4a88670167dd8607ebc0e4d73d1,0xd4a3f32f42bc853147acc8675424fc0bff183b35,0x664b3a81c963f07c1eb06516c560f9b2193698c7,2026-08-15T21:40:31,complex_trace;high_gas_used_context,0x968197ca,false
25760805,0x7101bc035e3af28859b62733cf86f65bfa011fd458e382bfc74f24d935d0a492,0x23ab825aaffe678f6473133f7a7a90ab49f5b391,0x0a252663dbcc0b073063d6420a40319e438cfa59,2026-08-15T21:40:31,dense_internal_fund_flow;large_mint_to_sender;very_complex_trace;high_gas_used_context;token_activity_burst;selfdestruct_context,0xf5878b9b,true
25760805,0xdea376072720f11508907303f8903ded67e22019b4d75fff12a9b58cdeb179a7,0x7b49bc3ebbdf7322f31c6449320382bbec3be1b6,0xad3b67bca8935cb510c8d18bd45f0b94f54a968f,2026-08-15T21:40:31,repeated_internal_token_drain;major_dex_price_change;dense_internal_fund_flow;very_complex_trace;high_gas_used_context;token_activity_burst;approval_burst,0x146ee74d,true
25760805,0x0fb3d76b844a8f7ee190b9c993e78b58e175f6d37f345fb0d41b75d144b8b824,0x4838b106fce9647bdf1e7877bf73ce8b0bad5f97,0xfeeeeee44046c3f61a8cc081e0918ef0de0a7ffc,2026-08-15T21:40:32,selfdestruct_context,0x6a806c47,true
25760806,0xa963042340907f7466c1e9ee32d23f90530eeb7a6589780759c5c812d89d79a9,0x7975ae9acd918f2c2f77a365e9077d098a102c86,0x004395edb43efca9885cedad51ec9faf93bd34ac,2026-08-15T21:40:42,complex_trace;high_gas_used_context,0xac9650d8,false
25760806,0xbc9fd760ce70dd9102d08d72320e4baf2f453e40f8874030104201724ea95409,0x5b43453fce04b92e190f391a83136bfbecedefd1,0xbdb3ba9ffe392549e1f8658dd2630c141fdf47b6,2026-08-15T21:40:42,dense_internal_fund_flow;token_activity_burst,0x000000c3,true
25760806,0xeafd5c5e96174ef081512270074ce911c69b053fa757d09cb9c0f2be49128246,0x4337012eaf1f862b8dbdc6b62a01782ae01ef038,0x4337084d9e255ff0702461cf8895ce9e3b5ff108,2026-08-15T21:40:42,dense_internal_fund_flow;complex_trace,0x765e827f,true
25760806,0xf6d57c13c0167a3bba759624f3590418eef6736d36e239d87e83ddeea3c6aa59,0xc6acbee42e9e323140c1ed060c2f6ea9cc3b4b75,0x7c5a71c9fefbc7691f9d4ac7baf70c743792f716,2026-08-15T21:40:42,selfdestruct_context,0xf3fef3a3,false
25760806,0x37621e2670c85b04a1495111862648acd241a02b64e274ad3af655dd9106f4b2,0x4838b106fce9647bdf1e7877bf73ce8b0bad5f97,0xfeeeeee44046c3f61a8cc081e0918ef0de0a7ffc,2026-08-15T21:40:43,selfdestruct_context,0x6a806c53,true
25760807,0x8b6cb3edb1c131f400007e6c6cd0e1cad476b2e3943a1d11c73da3163a573751,0x70e59f9c304e4d5096bd408b571e2dcd99c3120b,0xad3b67bca8935cb510c8d18bd45f0b94f54a968f,2026-08-15T21:40:57,complex_trace;high_gas_used_context;token_activity_burst;approval_burst,0x146ee74d,false
25760807,0xc5b74a400a62471806007c476e68806a54f7ca38240b2a0a479469df98f8076f,0x204d3e906b8a2e430b7fe0bb571d10000d9e8f3e,0xe7e68d336f90f98d22a479253eafa5f2424acad8,2026-08-15T21:40:57,dense_internal_fund_flow;complex_trace,0x21c69a19,true
25760807,0x97d089a779edced2aa85a975f38e9a48b9dfd7ee0a06e06430b794a71fbc6dca,0xf70da97812cb96acdf810712aa562db8dfa3dbef,0xb92fe925dc43a0ecde6c8b1a2709c170ec4fff4f,2026-08-15T21:40:58,dense_internal_fund_flow,0xcd6e13f7,true
25760807,0xbacb632fd7f09735c1cf782f6967e8d3793142891936616bf68659a22e844771,0xe6917d0391faaebc130e544afe5cd8f5f07a083e,0x1802d31f6f977bacbcda7447d0372e830f2399a6,2026-08-15T21:40:58,complex_trace;high_gas_used_context,0x4c3f521d,false
25760807,0xc552bef0e82f3278c3015e0a0f1ecd8e3d4bc0776ac5b0bfe88cb75189b9f570,0xfd07345e7433ba954ddfea2e2a0bf8c860178aa2,0x28b1dc1a5e3699a428bc51d234dfab7c9cb2a183,2026-08-15T21:40:58,complex_trace;high_gas_used_context,0x0c307f76,false
25760807,0xd2f8c7399e73a475d1cdbf4b8a8fea8c0575b5fb27c0c1b2d632281f1257754f,0x09cfee647fa339133380191c8db6b44f24500c9d,0x3d9846705612c2db47edf659c48034c752f0da99,2026-08-15T21:40:58,complex_trace;high_gas_used_context,0xd47a1a27,false
25760807,0xd38ebebabfcf144fe033680b321b058ed1ddab87016f14adca8d28d05f5f9d75,0x23ab825aaffe678f6473133f7a7a90ab49f5b391,0x0a252663dbcc0b073063d6420a40319e438cfa59,2026-08-15T21:40:58,dense_internal_fund_flow;large_mint_to_sender;very_complex_trace;high_gas_used_context;token_activity_burst;selfdestruct_context,0xf5878b9b,true
25760807,0x846dfe287d4fbaa55bb1860f4bad0f4479192cddc5f8fb9cdf04dd9f09e06a81,0x4838b106fce9647bdf1e7877bf73ce8b0bad5f97,0xfeeeeee44046c3f61a8cc081e0918ef0de0a7ffc,2026-08-15T21:40:59,selfdestruct_context,0x6a806c5f,true
25760807,0x97c344dca736e2fe0a8199378023dc9f3b0d58eaccda427d9680d30cd94b125d,0x2b3fed49557bd88f78b898684f82fbb355305dbb,0x09c30cdcdd971423cb3ba757a47d56c35d06d818,2026-08-15T21:40:59,dense_internal_fund_flow,0x318adb8b,true
25760808,0xcd17becd8e1e18e1cb8083b46a7a62d870c2b904d6c65fe22ab3cbf2c93ee471,0x7b49bc3ebbdf7322f31c6449320382bbec3be1b6,0xad3b67bca8935cb510c8d18bd45f0b94f54a968f,2026-08-15T21:41:08,complex_trace;token_activity_burst;approval_burst,0x146ee74d,false
25760808,0x6cbf51bcf97e5987a1c5d08315097fd3342106666e49f0c689764e48ddbad357,0xde992badd92adaf9146255e9bde6a70770973664,0x3d0f22bf11636cc9cb129e2b261eed35a487455c,2026-08-15T21:41:09,complex_trace;high_gas_used_context,0xa9059cbb,false
25760808,0xcc2cba93da78051f09c6c495de29e8ce00ff832a92d9100030b7bb3aaeb1c3c6,0x23ab825aaffe678f6473133f7a7a90ab49f5b391,0x0a252663dbcc0b073063d6420a40319e438cfa59,2026-08-15T21:41:09,dense_internal_fund_flow;large_mint_to_sender;very_complex_trace;high_gas_used_context;token_activity_burst;selfdestruct_context,0xf5878b9b,true
25760808,0xd5d4a43f35871bedf0075e12f3492df58eb5d19357318dce05e26398be99fc42,0x4838b106fce9647bdf1e7877bf73ce8b0bad5f97,0xfeeeeee44046c3f61a8cc081e0918ef0de0a7ffc,2026-08-15T21:41:09,selfdestruct_context,0x6a806c6b,true
25760808,0xded20f947aa506b5d2ba1b145aa746242b1cdf09e47543f332a1f26bac2a545f,0xdda3b51e29f9d6fad865c5dd7070d5f7eb57663e,0x8d8210a0252a706cb5de0c6f8e46b6d3692afc19,2026-08-15T21:41:09,complex_trace;high_gas_used_context,0xffc3a769,false
25760809,0xc22e2b32b95272308a589826bf77b934f02abd25b380cc396a72ef5fab20bf5f,0x4b2aceb8f2cc748777e186ad5df2fb3170652be1,0x4c82d1fbfe28c977cbb58d8c7ff8fcf9f70a2cca,2026-08-15T21:41:34,dense_internal_fund_flow;complex_trace,0x3593564c,true
25760809,0x4b28c052ee089e34f1bc265b517ec3a4a1709de00d6f84f3e553d1b3915b11b7,0xafeb866b2d39a776062142987482bc3ac914715d,0x888888888889758f76e7103c6cbf23abbf58f946,2026-08-15T21:41:35,complex_trace;token_activity_burst,0xc81f847a,false
25760809,0x7582049660cf00af32588072f6629e43f9db5410ef2b02aac8c0db00212d96b9,0x09cfee647fa339133380191c8db6b44f24500c9d,0x77b85afbcd336993ac1c65057531c5a5b33b76b8,2026-08-15T21:41:35,repeated_internal_token_drain;dense_internal_fund_flow;complex_trace;high_gas_used_context;token_activity_burst;repeated_risky_internal_calls,0xa9059cbb,true
25760809,0x84b9fabf8a0f0d30bb847eb1e143884d7a3cce158c6c5cf986f377e2c1fb866d,0x7184d1a5a90c9a410bb7f597c12fc37a83d97dbc,0xf4e147db314947fc1275a8cbb6cde48c510cd8cf,2026-08-15T21:41:37,privileged_execution_context,0x760d0f9d,false
25760809,0xf9572b84f56fd457135231595bec488ca64674d7c4990c4eb99974057d56fac5,0x283132390ea87d6ecc20255b59ba94329ee17961,0x604e586f17ce106b64185a7a0d2c1da5bace711e,2026-08-15T21:41:37,complex_trace;high_gas_used_context,0x22bee494,false
25760810,0x16e19e48977c061af1891601564660fce3cb28ffe0a11d17e5fac5176d038063,0xdadb0d80178819f2319190d340ce9a924f783711,0xfeeeeee44046c3f61a8cc081e0918ef0de0a7ffc,2026-08-15T21:41:41,selfdestruct_context,0x6a806c83,true
25760810,0x35ca503ca4c5165137e5fa07237f75b59681248d60f624947e6c6c7b9dbcf7db,0xdadb0d80178819f2319190d340ce9a924f783711,0xfeeeeee44046c3f61a8cc081e0918ef0de0a7ffc,2026-08-15T21:41:41,selfdestruct_context,0x6a806c83,true
25760810,0x6385a40f44743bed685dc7a86990280ff79501ed4c82f2c2643c3dd98c1e6f91,0x23ab825aaffe678f6473133f7a7a90ab49f5b391,0x0a252663dbcc0b073063d6420a40319e438cfa59,2026-08-15T21:41:41,dense_internal_fund_flow;large_mint_to_sender;very_complex_trace;high_gas_used_context;token_activity_burst;selfdestruct_context,0xf5878b9b,true
25760811,0x4cefd473e46ae033d68ed80c0e5925b9758adb54245bbd442975d0dbec37dc20,0x23ab825aaffe678f6473133f7a7a90ab49f5b391,0x0a252663dbcc0b073063d6420a40319e438cfa59,2026-08-15T21:41:52,dense_internal_fund_flow;large_mint_to_sender;very_complex_trace;high_gas_used_context;token_activity_burst;selfdestruct_context,0xf5878b9b,true
25760811,0x5af1f696ce0572c2dd36efc6ff954aea264e5823c6d338aefc78a5447c40eed7,0x4af043aca08bbe1fa2ac78eb205ea353327aa5ce,0xd90e2f925da726b50c4ed8d0fb90ad053324f31b,2026-08-15T21:41:52,dense_internal_fund_flow;complex_trace,0xb438689f,true
25760811,0x80f271f2e0bb2d0c13067342c82c14ca14ac6f0b4ea26a933a3a0b9fc3eaf39c,0x4838b106fce9647bdf1e7877bf73ce8b0bad5f97,0xfeeeeee44046c3f61a8cc081e0918ef0de0a7ffc,2026-08-15T21:41:52,selfdestruct_context,0x6a806c8f,true
25760811,0x9b1057d514608e36b60f959f5d9d3ad5ce3aa54e89c6d9e177cc60b0de333b00,0x2c4aeff11a0c0e1973cae3809b145d35798c6521,0x91ff8bbd8ebb07893010d50a48a1609e5ebd8e34,2026-08-15T21:41:52,complex_trace;high_gas_used_context,0x069d1525,false
25760811,0xac28ed9500b37ef85f4e293adf119c9ebbfb0bdf2bf02483c1358efec7e979f8,0xde992badd92adaf9146255e9bde6a70770973664,0x3d0f22bf11636cc9cb129e2b261eed35a487455c,2026-08-15T21:41:52,complex_trace;high_gas_used_context,0xa9059cbb,false
25760811,0x85d7d5cc70a101f5f0dda7ff65f7e10c03efc3753d95f6c7796a0f06908a46e0,0x4838b106fce9647bdf1e7877bf73ce8b0bad5f97,0xfeeeeee44046c3f61a8cc081e0918ef0de0a7ffc,2026-08-15T21:41:53,selfdestruct_context,0x6a806c8f,true
25760811,0xa016a8788380534635cf73b183c124ee13e2507e4f6b7b9d15a5901bddd37c21,0xdda3b51e29f9d6fad865c5dd7070d5f7eb57663e,0x8d8210a0252a706cb5de0c6f8e46b6d3692afc19,2026-08-15T21:41:53,complex_trace;high_gas_used_context,0xffc3a769,false
25760812,0x943fc4e9380ae0d6474422311915f661ec5cfce925858f54136b5e9d27c1a920,0xde992badd92adaf9146255e9bde6a70770973664,0x3d0f22bf11636cc9cb129e2b261eed35a487455c,2026-08-15T21:42:05,complex_trace;high_gas_used_context,0xa9059cbb,false
25760812,0xe28ea00f116343d936c1d59e3ec44dd1cc1c7adeaeabbab8dc4fe7742736070c,0xe99bd1c2dd70cd58e5efd47887991700e7318ce2,0xad3b67bca8935cb510c8d18bd45f0b94f54a968f,2026-08-15T21:42:05,complex_trace;high_gas_used_context;token_activity_burst,0x146ee74d,false
25760812,0x09014b284739adf2b1636c2ae7702271f73b5caf313e5cfc92ebf9e56f3ab7a2,0x48f07c16cbd5f12939e1ab24b8a23d161d6c3596,0x0000000071727de22e5e9d8baf0edac6f37da032,2026-08-15T21:42:06,dense_internal_fund_flow;complex_trace,0x765e827f,true
25760812,0x8119f32b16a7785cf80ca33d895353a4ecdfb18e91e888d0e967400d022db8c6,0x59aab1bd0d26290274398c07b55955c15425e16b,0x00fe78205f5f0e63b8ad2b2ae5337f538a610e04,2026-08-15T21:42:06,complex_trace;high_gas_used_context,0x34fcd5be,false
25760812,0xfa521b85947915c7ee6366dfc7cd20416c40e3bd61ab564a6303f9f8a1f7e8ad,0xbd2a7fddca008e91b16cdfdc4fa53b3dd7982676,0x3fc29836e84e471a053d2d9e80494a867d670ead,2026-08-15T21:42:06,complex_trace;high_gas_used_context;token_activity_burst,0x095ea7b3,false
25760812,0xff86a1fa598d8e3d6eeb10cea74bee79f28dd8ff00f6fc33e329903593ad86aa,0x283132390ea87d6ecc20255b59ba94329ee17961,0x604e586f17ce106b64185a7a0d2c1da5bace711e,2026-08-15T21:42:06,complex_trace;high_gas_used_context,0x22bee494,false
25760813,0x28b7d00f6135733d9988eff8969745774e52362d69580edc36ca0a3b4463ad5a,0x4838b106fce9647bdf1e7877bf73ce8b0bad5f97,0xfeeeeee44046c3f61a8cc081e0918ef0de0a7ffc,2026-08-15T21:42:20,selfdestruct_context,0x6a806ca7,true
25760813,0x3da22e7ce4d2cbc35956d74524df3aef65911ec1202fb5118a3b291d92a1a818,0xde992badd92adaf9146255e9bde6a70770973664,0x3d0f22bf11636cc9cb129e2b261eed35a487455c,2026-08-15T21:42:20,complex_trace;high_gas_used_context,0xa9059cbb,false
25760813,0x58c21625e8f2fd27deda91fd8c6a1a92f411369a77b7e9068f70f5e4bae43417,0x23ab825aaffe678f6473133f7a7a90ab49f5b391,0x0a252663dbcc0b073063d6420a40319e438cfa59,2026-08-15T21:42:20,dense_internal_fund_flow;large_mint_to_sender;very_complex_trace;high_gas_used_context;token_activity_burst;selfdestruct_context,0xf5878b9b,true
25760813,0xbaa87abe010619efe538ff536dcd89deeb5c869438c91a82847f938d90d3b841,0x5b43453fce04b92e190f391a83136bfbecedefd1,0xbdb3ba9ffe392549e1f8658dd2630c141fdf47b6,2026-08-15T21:42:20,complex_trace;token_activity_burst,0x000000c3,false
25760813,0xee6ffeeef2ccd82462e126b66b694b1418b2e27f8db180a4828abab29f4f7985,0x7830c87c02e56aff27fa8ab1241711331fa86f43,0xa9d1e08c7793af67e9d92fe308d5697fb81d3e43,2026-08-15T21:42:20,dense_internal_fund_flow,0x1a1da075,true
25760813,0xfd7d5bca2d1f47c4bc00d6e07d4eba2fa613624854b8bfbdddbd8bf4e1afaf08,0x70e59f9c304e4d5096bd408b571e2dcd99c3120b,0xad3b67bca8935cb510c8d18bd45f0b94f54a968f,2026-08-15T21:42:20,complex_trace;high_gas_used_context;token_activity_burst;approval_burst,0x146ee74d,false
25760814,0xee0c2d1e1b4588eebfeb51172ae59f545c1fdd5da099b5bbbfe6416953983350,0xde7a849216aa3884d53d84ecb02c19eb67e5dae2,0x7d9f4ca54131e588fc1fe577973b55fb11231e76,2026-08-15T21:42:30,complex_trace;high_gas_used_context;token_activity_burst,0x6aac3a0b,false
25760814,0xa445157d6a5003397799827a9b4f3988f1e22cc6f1d665663ba5924ce3ff117f,0x57220deac0280ca97bcd30ea966bcd92851aede1,0x881d40237659c251811cec9c364ef91dc08d300c,2026-08-15T21:42:31,dense_internal_fund_flow;complex_trace,0x5f575529,true
25760814,0xb866f1bc418d305be528b99907f88c90e97bb6cac214cb25d8fd15b4fd2f5c7f,0x59aab1bd0d26290274398c07b55955c15425e16b,0x00fe78205f5f0e63b8ad2b2ae5337f538a610e04,2026-08-15T21:42:31,complex_trace;high_gas_used_context,0x34fcd5be,false
25760814,0xb95c874dcf68e97bf1b6b429c1a6d7d3ac97a5209e54963d8a91f5cb2377fbd9,0x9fc3da866e7df3a1c57ade1a97c9f00a70f010c8,0xfeeeeee44046c3f61a8cc081e0918ef0de0a7ffc,2026-08-15T21:42:31,selfdestruct_context,0x6a806cb3,true
25760814,0xd01a7cfe7bb62b89764c082b2bca8b75ba75f0af16e328e2c11371590c67f3ba,0x0f625e97d614c58ca2cad42487a1206e6256b403,0xbc1d9760bd6ca468ca9fb5ff2cfbeac35d86c973,2026-08-15T21:42:31,dense_internal_fund_flow;complex_trace;high_gas_used_context;token_activity_burst,0xd984396a,true
25760815,0x1a06892c1bbd9529c4c4b60238d33718693d46ed732327b6a5624323bf4f07fe,0xe2da046340e00264c4f0443243a0565007ae08ac,0x595ca88510a9101bd40a244ae92d2a6fc860ea75,2026-08-15T21:42:36,complex_trace;high_gas_used_context,0x380db829,false
25760815,0x203df1ea7a6f7936bd5bf9940f60d8c8312d2888793821a6de16e23b3195d3a1,0xde992badd92adaf9146255e9bde6a70770973664,0x3d0f22bf11636cc9cb129e2b261eed35a487455c,2026-08-15T21:42:36,complex_trace;high_gas_used_context,0xa9059cbb,false
25760815,0x7af29c7fdb8f923a253e5c6e4a4398b7dcbeff2d607d60d1dec68ccc2a71fd04,0x8b5606469e21c75edd7c74d1c7a65824675d9aff,0x9ccc2f3ecde026230e11a5c8799ac7524f2bb294,2026-08-15T21:42:36,dense_internal_fund_flow;complex_trace,0x1bc74526,true
25760815,0xcf60cd33d72460c9ab0444957400f8cba3d95bcd4180a73aee843ba1fdb28eb5,0x23ab825aaffe678f6473133f7a7a90ab49f5b391,0x0a252663dbcc0b073063d6420a40319e438cfa59,2026-08-15T21:42:36,dense_internal_fund_flow;large_mint_to_sender;very_complex_trace;high_gas_used_context;token_activity_burst;selfdestruct_context,0xf5878b9b,true
25760815,0xdd9c9c768fc7a24b02ad688d09bb73917ecea10c29898f763c68dc89e26aedcd,0xe2da046340e00264c4f0443243a0565007ae08ac,0x0939726264f2667429ef68e2b3734ecfbbad3abb,2026-08-15T21:42:36,complex_trace;high_gas_used_context,0x380db829,false
25760815,0xe4660b2dcb69e658f0edd5bffccc464ce3ff181a4afc4fa531fe95f6b0f1e0d7,0xd05078f410d92b6b3ef08a789d1b1c624703df7d,0x88cc0800464fcef3e643a369e8a0532990995eee,2026-08-15T21:42:36,complex_trace;high_gas_used_context,0xedbc849a,false
25760815,0xf1a298a2b98337fe0f444c8ea170a1a4db230a87425d52d24410c6682b608718,0x8a8c3c1355d63bb2c48796c584253bae912b6a58,0x91ff8bbd8ebb07893010d50a48a1609e5ebd8e34,2026-08-15T21:42:36,complex_trace;high_gas_used_context,0x069d1525,false
25760815,0x42547149c4ee96fb72242e2142a3b5c5faff544f4a1f0d67e6bae2d74c7d0ce6,0x59aab1bd0d26290274398c07b55955c15425e16b,0x00fe78205f5f0e63b8ad2b2ae5337f538a610e04,2026-08-15T21:42:37,complex_trace;high_gas_used_context,0x34fcd5be,false
25760815,0xaac83e67c082b5487c48a75af06b28c4249b2c64b31c5d5e86714835cda62fde,0x220f3edeab311c3edfc1841376d8f7f304809908,0x004395edb43efca9885cedad51ec9faf93bd34ac,2026-08-15T21:42:37,complex_trace;high_gas_used_context,0xac9650d8,false
25760816,0x37d86ca5d6a1b17df5784b4fde0adb52fb477ebbfcf93bed18d1765a6bf47870,0xde992badd92adaf9146255e9bde6a70770973664,0x3d0f22bf11636cc9cb129e2b261eed35a487455c,2026-08-15T21:42:45,complex_trace;high_gas_used_context,0xa9059cbb,false
25760816,0x27387120155888460e2dca40d592a76137506eaa113aaed09cfaab6c57a6baff,0xae2fc483527b8ef99eb5d9b44875f005ba1fae13,0x1f2f10d1c40777ae1da742455c65828ff36df387,2026-08-15T21:42:46,complex_trace;high_gas_used_context,0x2bd0194e,false
25760816,0x988cc685e711a086a41e6c731ff4789525e4468fa2d484ce2c1f2510c1c5ddf1,0x5b43453fce04b92e190f391a83136bfbecedefd1,0xbdb3ba9ffe392549e1f8658dd2630c141fdf47b6,2026-08-15T21:42:46,dense_internal_fund_flow,0x000000c3,true
25760816,0x275a4c1296331b544bc55dc1ac3f8b4313fa98b3f3a30530015a939d6c9dfa0e,0x4838b106fce9647bdf1e7877bf73ce8b0bad5f97,0xfeeeeee44046c3f61a8cc081e0918ef0de0a7ffc,2026-08-15T21:42:47,selfdestruct_context,0x6a806ccb,true
25760816,0x93b1c19fc8b864508de31f037123fab87e7b3ed3b80b0ac286aad7015a503841,0x59aab1bd0d26290274398c07b55955c15425e16b,0x00fe78205f5f0e63b8ad2b2ae5337f538a610e04,2026-08-15T21:42:47,complex_trace;high_gas_used_context,0x34fcd5be,false
25760817,0x43bb57bffbcf4bb9238cd39ee537cd86deb3409cf9a7a78844bca8e77aac54a9,0xb0391f935209b0072af82ad6fb0ff17663898179,0x61230b10cf353774ba086c126064efa813b5fd6f,2026-08-15T21:42:57,dense_internal_fund_flow;complex_trace;approval_burst,0x00000000,true
25760817,0x598a60234fcb474f473bfbf7f80e8c78fe6b47ba04b5ddaa2d9d351f87acacd6,0xd4a12ec3bcf34433e0dbda6ab4e2f9ce2ef1303c,0x18fc3f8dfcaf34cd9854fffb684ca78f12eccb79,2026-08-15T21:42:57,dense_internal_fund_flow;complex_trace,0x0484ae06,true
25760817,0xee9fcd2be0861ccd19c0fb33ef60911ad706b496a2950388bf87543f3877ce96,0x7b49bc3ebbdf7322f31c6449320382bbec3be1b6,0xad3b67bca8935cb510c8d18bd45f0b94f54a968f,2026-08-15T21:42:57,complex_trace;high_gas_used_context;token_activity_burst,0x146ee74d,false
25760818,0x602c1f30fbeb615a3a8eab81f07b99e1a634959a58c13c4ffa14942d51b80779,0x7556699aa8e6a7c9c69bcfaf9debd05f8192b063,0x84cab37995229530d9e6e5cff2f8f4ebe4517d66,2026-08-15T21:43:08,complex_trace;high_gas_used_context,0xe587456a,false
25760818,0x80aeba922611e5dc88a7caa819975ab24389acb2aa52d926f9225e96845e698a,0x23ab825aaffe678f6473133f7a7a90ab49f5b391,0x0a252663dbcc0b073063d6420a40319e438cfa59,2026-08-15T21:43:08,dense_internal_fund_flow;large_mint_to_sender;very_complex_trace;high_gas_used_context;token_activity_burst;selfdestruct_context,0xf5878b9b,true
25760818,0x9c9e79602c199c020929226b94f400fb1a22f68d1f3d288fbd2e10d445c0a242,0xd4a3f32f42bc853147acc8675424fc0bff183b35,0x4b77afb489672b026b349368837e8a13a4939ead,2026-08-15T21:43:08,complex_trace;high_gas_used_context,0x40bd2e23,false
25760818,0xd5b8424ab43fe51b09b5bdd1aaed73f6d363dd7ee753c31742aeced0aec9bfb0,0x23ab825aaffe678f6473133f7a7a90ab49f5b391,0x0a252663dbcc0b073063d6420a40319e438cfa59,2026-08-15T21:43:08,dense_internal_fund_flow;large_mint_to_sender;very_complex_trace;high_gas_used_context;token_activity_burst;selfdestruct_context,0xf5878b9b,true
25760818,0x2ef441cb6a8e9c1f02b73dead8882117e82cb6af73e2ad7ee4eadfd051adc934,0x692d3ae34d87e2ea91e0d80ed2eda0ad7d9692e5,0x03f34be1bf910116595db1b11e9d1b2ca5d59659,2026-08-15T21:43:09,dense_internal_fund_flow;complex_trace,0xe47d166c,true
25760818,0x70bd918f1b2a05bcf7bd6b885afd62f03d12884a16fa987ab8bc9d69db2776b1,0x5a4fc9dd7b390a0f9b2909a0c34ce55cedc42377,0xa308597678d831e3645d2ce9fb8d9bd924b0e754,2026-08-15T21:43:09,dense_internal_fund_flow;high_gas_used_context;token_activity_burst,0x983bc41b,true
25760818,0x71da2649343849e369f1fc35a9db6775a88a68fb8962408206b9d28d39b5a060,0xa87697ee92e7c8694fc6c5205557a91ee0ad7f1d,0x004395edb43efca9885cedad51ec9faf93bd34ac,2026-08-15T21:43:09,complex_trace;high_gas_used_context,0xac9650d8,false
25760818,0x778c98dd7e846e992abe797d442e3f44205516b95a497ead5ffd9bc43e566faa,0x59aab1bd0d26290274398c07b55955c15425e16b,0x00fe78205f5f0e63b8ad2b2ae5337f538a610e04,2026-08-15T21:43:09,complex_trace;high_gas_used_context,0x34fcd5be,false
25760818,0x9d1289775fb8965bd42bf7e138b4788d5b3d8e91bbe5d260dc7c6aca81f19c23,0x37c5db6f455f1cb3274ebe67582c92d04c4f6545,0x004395edb43efca9885cedad51ec9faf93bd34ac,2026-08-15T21:43:09,complex_trace;high_gas_used_context,0xac9650d8,false
25760819,0x0f0552e7b1e3adddf420d68504f0e8e888adacf394389e08c4214fb23da61594,0x4838b106fce9647bdf1e7877bf73ce8b0bad5f97,0xfeeeeee44046c3f61a8cc081e0918ef0de0a7ffc,2026-08-15T21:43:22,selfdestruct_context,0x6a806cef,true
25760819,0x27c9aefe46196ce06a7ef928425eb65afd3abf8c7004b802fd34ed2b14eb270b,0x0ab01bfd9c632553cf7de2d3f064152ea918504e,0x63b2d3b0a26c1938bb0ae9779b96073946d4e4af,2026-08-15T21:43:22,complex_trace;high_gas_used_context,0xf51ca2e3,false
25760819,0x56b2cf38290ad8cec9cd9a09b176c1663303194b37e293db8935a627756e4929,0x23ab825aaffe678f6473133f7a7a90ab49f5b391,0x0a252663dbcc0b073063d6420a40319e438cfa59,2026-08-15T21:43:22,dense_internal_fund_flow;large_mint_to_sender;very_complex_trace;high_gas_used_context;token_activity_burst;selfdestruct_context,0xf5878b9b,true
25760819,0x63bce1037bb8f981072d9198bacfab99f64d9112b0c9d9cdcf80abf4b1bf76f0,0x8b5606469e21c75edd7c74d1c7a65824675d9aff,0x9ccc2f3ecde026230e11a5c8799ac7524f2bb294,2026-08-15T21:43:22,dense_internal_fund_flow;complex_trace,0x1bc74526,true
25760819,0x6d6ddee105b2038bab6ca188feb7cd9afe8e6fd57e70def5fbf5f5521e761aa1,0x50bf934781f63028c5c8ef49c4affe19a86d99b6,0x8d04cc7e86e687854eb41d9d43512b655b93184b,2026-08-15T21:43:22,complex_trace;selfdestruct_context,0x4a1bf18a,false
25760819,0x772f227c429f7f5fa2653a56a4928d26d07aa74b33acafdc30880eacd5c6d88d,0x7556699aa8e6a7c9c69bcfaf9debd05f8192b063,0x84cab37995229530d9e6e5cff2f8f4ebe4517d66,2026-08-15T21:43:22,complex_trace;high_gas_used_context,0xe587456a,false
25760820,0x0a488838baff6147ee66413461059e73f445268c705bff84acd3db1543921c13,0x85c2e985a4fb5c3ff25ee27ee424abd851e4cb33,0xfeeeeee44046c3f61a8cc081e0918ef0de0a7ffc,2026-08-15T21:43:30,selfdestruct_context,0x6a806cfb,true
25760821,0x7c96643fe67a154ac23226f90c9f56807a7b247f07b9ef746f89480b7f2d67fd,0x4838b106fce9647bdf1e7877bf73ce8b0bad5f97,0xfeeeeee44046c3f61a8cc081e0918ef0de0a7ffc,2026-08-15T21:43:45,selfdestruct_context,0x6a806d07,true
25760821,0x88f3633ab95c0be9b7e9e2fb3d5e6e5e8892c37123f43ce1f9909dceb67bc980,0x43370402cbeba6ab53fbc8a52894537024a39269,0x4337084d9e255ff0702461cf8895ce9e3b5ff108,2026-08-15T21:43:45,dense_internal_fund_flow;complex_trace;high_gas_used_context;token_activity_burst,0x765e827f,true
25760821,0x0dce1a8e0ef84efdf7f97391fb73d2680ea5a60f6d7590bbe16a85aac6e26cb4,0xe91bcae4a2d7b951304695f93cf1b9a1837cfe43,0x7ec8a30a34b86927dc77b302603d1d53e640bef7,2026-08-15T21:43:46,repeated_internal_token_drain;dense_internal_fund_flow;complex_trace;high_gas_used_context;token_activity_burst;repeated_risky_internal_calls,0xa9059cbb,true
25760821,0x1f3b51660d8c5f636935a55243a0ea90829dfe9a93406edf31af61fa6ab79008,0x7b49bc3ebbdf7322f31c6449320382bbec3be1b6,0xad3b67bca8935cb510c8d18bd45f0b94f54a968f,2026-08-15T21:43:46,complex_trace;high_gas_used_context;token_activity_burst;approval_burst,0x146ee74d,false
25760821,0x2c3a39209b5972ea8d4296b7fb4a9c6b31f6a470bfb1977694d207f99cb3429b,0x04f85583ae92188e1010bbfc9fd95a3929c35dfb,0x111111125421ca6dc452d289314280a0f8842a65,2026-08-15T21:43:46,dense_internal_fund_flow;complex_trace,0x07ed2379,true
25760821,0x4f677f27c6abf349c96eeac6db2a0899418c9b62dc5fee12f464b002b1cb7326,0xd6434d157f254276d69ede3bd9fc805482206908,0x7ec8a30a34b86927dc77b302603d1d53e640bef7,2026-08-15T21:43:46,complex_trace;high_gas_used_context;token_activity_burst,0xa9059cbb,false
25760821,0x735898482119e250572f564c38aaada9001bdf4dcd2295fe780f8734bd507e24,0x327c062a42348561313da6e38da8b6d0da4e7279,0x91ff8bbd8ebb07893010d50a48a1609e5ebd8e34,2026-08-15T21:43:46,complex_trace;high_gas_used_context,0x069d1525,false
25760821,0x91629ff6fc4698066fc33c3f7f99c5bc47cb62609ebaf00815bd05f43a48cc5f,0x4838b106fce9647bdf1e7877bf73ce8b0bad5f97,0xfeeeeee44046c3f61a8cc081e0918ef0de0a7ffc,2026-08-15T21:43:46,selfdestruct_context,0x6a806d07,true
25760821,0xeb5af9f48845cea2f035fd28fb9b1784c3ed26a059ae63fa6910de86f052d7b1,0x04e3378748337fd0da1786b5793b52181cd63152,0x91ff8bbd8ebb07893010d50a48a1609e5ebd8e34,2026-08-15T21:43:46,complex_trace;high_gas_used_context,0x069d1525,false
25760822,0x048b0c3f5f4e508ce8e620cfac68bcd0a63d4b1453707eb0911fd685437dd8e1,0xc16c4dd3bb33a1f991d18031d409692743f06540,0x0000000000000068f116a894984e2db1123eb395,2026-08-15T21:43:55,complex_trace;high_gas_used_context,0x87201b41,false
25760822,0xd73ce8bbbd53cbb72cfea78de3f45a2ec71ba029d01e1809bd29b419ad13ff0c,0x50bf934781f63028c5c8ef49c4affe19a86d99b6,0x8d04cc7e86e687854eb41d9d43512b655b93184b,2026-08-15T21:43:56,complex_trace;selfdestruct_context,0x4a1bf18a,false
25760823,0xb6bab3d6cb3b32113c52d3e798bdb21d2c3eea80ef9551127e07dfd415e3bcd9,0x4838b106fce9647bdf1e7877bf73ce8b0bad5f97,0xfeeeeee44046c3f61a8cc081e0918ef0de0a7ffc,2026-08-15T21:44:06,selfdestruct_context,0x6a806d1f,true
25760823,0xf48d01abf9b323c1816c1fc22aeec13736d22232b7bca470a418d81848fed4d5,0xbd2a7fddca008e91b16cdfdc4fa53b3dd7982676,0x3fc29836e84e471a053d2d9e80494a867d670ead,2026-08-15T21:44:06,complex_trace;high_gas_used_context;token_activity_burst,0x095ea7b3,false
25760824,0x9afb7927e86bd3de086453ed7e7764592d58e408c811cb1657082a35fe09ae06,0x7830c87c02e56aff27fa8ab1241711331fa86f43,0xa9d1e08c7793af67e9d92fe308d5697fb81d3e43,2026-08-15T21:44:19,dense_internal_fund_flow,0x1a1da075,true
25760824,0xddea71d2a80ba974e8a975892aef692cf2da19790578a11be93eb7e56b6d959c,0xde7a849216aa3884d53d84ecb02c19eb67e5dae2,0x7d9f4ca54131e588fc1fe577973b55fb11231e76,2026-08-15T21:44:20,high_gas_used_context;token_activity_burst,0x6aac3a0b,false
25760825,0x86a6d6e2897b6a401d012c5268499c1ab745d0722bf3259f81f388a4de924867,0xe99bd1c2dd70cd58e5efd47887991700e7318ce2,0xad3b67bca8935cb510c8d18bd45f0b94f54a968f,2026-08-15T21:44:36,complex_trace;high_gas_used_context;token_activity_burst;approval_burst,0x146ee74d,false
25760825,0x00528b3747f65f5a970cd4f1b6eef4f02af795c86856585b9307943fff32d612,0x4838b106fce9647bdf1e7877bf73ce8b0bad5f97,0xfeeeeee44046c3f61a8cc081e0918ef0de0a7ffc,2026-08-15T21:44:37,selfdestruct_context,0x6a806d37,true
25760825,0x0f681f139ed4be5255af87657e64b041b6a2aea0abe677702fde7266e34f901a,0x09cfee647fa339133380191c8db6b44f24500c9d,0x77b85afbcd336993ac1c65057531c5a5b33b76b8,2026-08-15T21:44:37,repeated_internal_token_drain;dense_internal_fund_flow;complex_trace;high_gas_used_context;token_activity_burst;repeated_risky_internal_calls,0xa9059cbb,true
25760825,0x1d8fc860be818f3fb3f05e6e481f806e7df2861df34248e8d21d890fb7e86d94,0x09cfee647fa339133380191c8db6b44f24500c9d,0x3d9846705612c2db47edf659c48034c752f0da99,2026-08-15T21:44:37,complex_trace;high_gas_used_context,0xd47a1a27,false
25760825,0x3a9d89e3c9e648cb5ac42c2483b0520ccf14751a1bac3403cc31829d0c0d3c55,0xbb975da3eb2e84328b54ca00bffd695626354128,0x91ff8bbd8ebb07893010d50a48a1609e5ebd8e34,2026-08-15T21:44:37,complex_trace;high_gas_used_context,0x069d1525,false
25760825,0x3f2774199514c28b918afe3f2450ea248148fdf082aadd842e46761782ce557b,0x59ec5e9b8eded92c58266774512f0e2656f2a052,0x6aba0315493b7e6989041c91181337b662fb1b90,2026-08-15T21:44:37,complex_trace;high_gas_used_context;token_activity_burst,0x4de165c3,false
25760825,0x4687a83f399f6c0c6fef363971d29a86eef0af60e0715effcd7f058ed5c8105c,0x60e97ca8d75eb9195acbcf615390cdef241a00bc,0x78ace9b2ee9a31737fad748015266a59f32dc79a,2026-08-15T21:44:37,dense_internal_fund_flow;complex_trace;high_gas_used_context;token_activity_burst,0x9265bb9d,true
25760825,0x51741f61317c6baf2d1541c203449a6036fa76ddf7596736588f25b54e969ad8,0x23ab825aaffe678f6473133f7a7a90ab49f5b391,0x0a252663dbcc0b073063d6420a40319e438cfa59,2026-08-15T21:44:37,dense_internal_fund_flow;large_mint_to_sender;very_complex_trace;high_gas_used_context;token_activity_burst;selfdestruct_context,0xf5878b9b,true
25760825,0x6048ba23cf7cff289210ad63a10ce779ee8b842f1d1ab372320250455ea76fd3,0x48f07c16cbd5f12939e1ab24b8a23d161d6c3596,0x0000000071727de22e5e9d8baf0edac6f37da032,2026-08-15T21:44:37,privileged_execution_context,0x765e827f,false
25760825,0xbce005beb2a11b32f1d30a2575beca4beea97113232e666651f203b5f0269313,0x6ed4b899e25cf292c2fe6c4513a8099291ef4dbc,0x6a000f20005980200259b80c5102003040001068,2026-08-15T21:44:37,dense_internal_fund_flow;complex_trace,0x0d893d62,true
25760825,0xd5012032886bda818b45173f9b67e896de239d82bb4f318df1115de5e07b3cbc,0xdda3b51e29f9d6fad865c5dd7070d5f7eb57663e,0x8d8210a0252a706cb5de0c6f8e46b6d3692afc19,2026-08-15T21:44:37,complex_trace;high_gas_used_context,0xffc3a769,false
25760825,0xd76ec61054c5c0249410aa25dd0c65da0913683dec56497bcf0eb44417c45bd9,0x50bf934781f63028c5c8ef49c4affe19a86d99b6,0x8d04cc7e86e687854eb41d9d43512b655b93184b,2026-08-15T21:44:37,dense_internal_fund_flow;complex_trace;selfdestruct_context,0x3c12d3d0,true
25760826,0x15ab464def609a78aa8fb678cdc573e7c87d42fb617502a809501d30a00be05e,0x70e59f9c304e4d5096bd408b571e2dcd99c3120b,0xad3b67bca8935cb510c8d18bd45f0b94f54a968f,2026-08-15T21:44:42,large_dex_price_change;very_complex_trace;high_gas_used_context;token_activity_burst,0x146ee74d,true
25760826,0x4616aac6008f64647ad214dcd506f051238bf50204991c444af89407f39a58a4,0x85c2e985a4fb5c3ff25ee27ee424abd851e4cb33,0xfeeeeee44046c3f61a8cc081e0918ef0de0a7ffc,2026-08-15T21:44:42,selfdestruct_context,0x6a806d43,true
25760826,0xdcf47eef7b5a36bbf6fb6e52f22785866574a56244bd935cc1283df5fd74de39,0x03743c51df9b8e84318b8686059014181adf8c25,0x337685fdab40d39bd02028545a4ffa7d287cc3e2,2026-08-15T21:44:42,dense_internal_fund_flow;complex_trace,0x30dedc57,true
