block_num,tx_hash,from,to,detect_time,attack_signals,selector,has_asset_impact
25759561,0x183cbf8f90473d524a64cf41f577a89e71fe8a21898d75a8fe847f64c4094c3d,0xe487832018fbd594c84f1db3dfac61cde98a5f36,0x91ff8bbd8ebb07893010d50a48a1609e5ebd8e34,2026-08-15T17:30:06,complex_trace;high_gas_used_context,0x069d1525,false
25759561,0x2dd3b84a057f753f03dfa46867ecb1d1976dd07385824df3df1c3b15a5d929a4,0x5b43453fce04b92e190f391a83136bfbecedefd1,0xbdb3ba9ffe392549e1f8658dd2630c141fdf47b6,2026-08-15T17:30:06,complex_trace;high_gas_used_context;token_activity_burst,0x000000c3,false
25759561,0x36897f6ba5c82d82d74087fd95af165af73f825a1d593e0df5f223451f79060e,0x5f8769281662a4af0175f7efe521892c52850ac6,0x40a6700b99115cda7b12bd0e21db1be8ae524bf2,2026-08-15T17:30:06,repeated_internal_token_drain;dense_internal_fund_flow;complex_trace;high_gas_used_context;token_activity_burst;repeated_risky_internal_calls,0xa9059cbb,true
25759561,0x505e9a00b340da80475fbc5f3f997ba79a3cf6c9095c7172ad7fda934036c159,0xa06f22804c9b1ab527bdfd15ca0c666c1e8c1416,0xf805ea34abac30338d2394fb804e7f9c16589ccf,2026-08-15T17:30:06,complex_trace;high_gas_used_context,0x4b60dae0,false
25759561,0xfa951eb0810ad21f11212f5df52bfe21312dd6ce68d143d08f3bf086c4e00661,0xae2fc483527b8ef99eb5d9b44875f005ba1fae13,0x1f2f10d1c40777ae1da742455c65828ff36df387,2026-08-15T17:30:06,complex_trace;high_gas_used_context,0x2bd0bee3,false
25759561,0xb28a11edab4d3c992e57bbcfb4a7c1b605894265b1f76a1d094d99dd89631ec6,0x9fc3da866e7df3a1c57ade1a97c9f00a70f010c8,0xfeeeeee44046c3f61a8cc081e0918ef0de0a7ffc,2026-08-15T17:30:08,selfdestruct_context,0x6a803197,true
25759561,0xba07faeb9ba2581380bb3b5ebfdffc3fba95b7374e5c70727ff237d36f1722bc,0x6f043fcfc5f751c15a7c440480546f0c6ed59edd,0x888888888889758f76e7103c6cbf23abbf58f946,2026-08-15T17:30:08,large_erc20_asset_flow;complex_trace,0xd0f42385,true
25759562,0x456d1f70d3ed82661592b801134b17f8dfbd5e4ea68f63d6e69ff5c39f3df842,0xce269e6ce7e1ba8bd5c1b11c3933c3ebe95742d9,0xcb0151ac9479a6a0261622baa63ae843c9793d45,2026-08-15T17:30:19,complex_trace;approval_burst,0x64cd187f,false
25759562,0xea52c778eaebc8bcb34cda5e1432dded6a5b7e2af4c4352c03564fc494348bf9,0xae2fc483527b8ef99eb5d9b44875f005ba1fae13,0x1f2f10d1c40777ae1da742455c65828ff36df387,2026-08-15T17:30:19,complex_trace;high_gas_used_context,0x2bd0beec,false
25759562,0x75c9524daa378405251df763f5743debde241d8fb78020572dc1ab61bec52fb5,0x5b43453fce04b92e190f391a83136bfbecedefd1,0xbdb3ba9ffe392549e1f8658dd2630c141fdf47b6,2026-08-15T17:30:20,complex_trace;token_activity_burst,0x000000c3,false
25759562,0xb4227cc859e3b95a5b2a459c11865c0467187ac88057020d7587b03af04c972c,0x7b49bc3ebbdf7322f31c6449320382bbec3be1b6,0xad3b67bca8935cb510c8d18bd45f0b94f54a968f,2026-08-15T17:30:20,complex_trace;high_gas_used_context;token_activity_burst;approval_burst,0x146ee74d,false
25759562,0x6298b2c7a28dc2342df365704859909f208c6aa67c50aa8b73f0ca5ab5455293,0xde7a849216aa3884d53d84ecb02c19eb67e5dae2,0x7d9f4ca54131e588fc1fe577973b55fb11231e76,2026-08-15T17:30:21,high_gas_used_context;token_activity_burst,0x6aac3a0b,false
25759562,0x3b8d54aaf3d0f1987a12b0903a7232a10840a4f49c930669a882baaf70c9bbaf,0x0000000000322e7acef3e4f81e36f3c2224bb597,0x0000000000be226afde21672a5e4adc45692e69d,2026-08-15T17:30:23,complex_trace;high_gas_used_context;token_activity_burst,0x000a0000,false
25759562,0x49754fbb8992f544669095124910789936ccdd8934b45fd98ad980d900411670,0x9642b23ed1e01df1092b92641051881a322f5d4e,0xfaf17849fb05a11a4e233f221bac99ca43fc83f8,2026-08-15T17:30:23,large_erc20_asset_flow,0x6b13fcb1,true
25759562,0x59c282a60a0c54efee35711d18a6ec80ebb4b191819f3e471761e606f14330bd,0x7e2f7ef0ca60ffcbc0e81ae4588ce935c1e505c5,0x6566194141eefa99af43bb5aa71460ca2dc90245,2026-08-15T17:30:23,dense_internal_fund_flow,0x374f435d,true
25759562,0xa658030006758547a22337ef7ed447576f842d83224f461764ab1b0e940309dc,0x4838b106fce9647bdf1e7877bf73ce8b0bad5f97,0xfeeeeee44046c3f61a8cc081e0918ef0de0a7ffc,2026-08-15T17:30:23,selfdestruct_context,0x6a8031a3,true
25759563,0xb21275320ea1d3027a6bea2994d247a78bd8e9a5b55ea160464af53b7184beb2,0x2f35823ed15f5501e885de10bf6ea0c1ee6c7c93,0xb300000b72deaeb607a12d5f54773d1c19c7028d,2026-08-15T17:30:33,large_erc20_asset_flow;complex_trace,0x810c705b,true
25759563,0x29f6203de6e18159c07ef3128779918158e06aa225b6bb34093ee1bf2ff17a26,0xc6acbee42e9e323140c1ed060c2f6ea9cc3b4b75,0x7c5a71c9fefbc7691f9d4ac7baf70c743792f716,2026-08-15T17:30:34,selfdestruct_context,0xf3fef3a3,true
25759563,0x6ba19daa521d564c1e84c98fe817e7951bf86927e0803e909ae6dfa056779e1e,0x5307c4548875ae9561aeb51b8ff60389a0396e24,0x03db430d830601db368991ee55daa9a708df7912,2026-08-15T17:30:34,dense_internal_fund_flow;complex_trace,0xbe2fa910,true
25759563,0xa56ebe1c4818598e42511dc99f364c72a3d51b1f106c5bba273080d8c2040a3b,0xcbf9af79425fc466e4c42472f12be598da306d0e,0x5af5194b4b0909eb978e3cf1e25333852277f07d,2026-08-15T17:30:34,complex_trace;high_gas_used_context,0x9aefaff8,false
25759563,0xc121edc621b4f6eaa177f6c3b4a4e0a489dfa6556ae87f2035331c7d1b5ea3c8,0x8b5606469e21c75edd7c74d1c7a65824675d9aff,0x9ccc2f3ecde026230e11a5c8799ac7524f2bb294,2026-08-15T17:30:34,dense_internal_fund_flow;complex_trace,0x1bc74526,true
25759563,0xef09b6ad45f8ed554ac867c48263001c5c359a93aa5e88ec51609e3a3233329a,0x7b49bc3ebbdf7322f31c6449320382bbec3be1b6,0xad3b67bca8935cb510c8d18bd45f0b94f54a968f,2026-08-15T17:30:34,complex_trace;token_activity_burst;approval_burst,0x146ee74d,false
25759563,0xf9eb55416d7fdc67f5beb48910b932a2e32da28d8851177de4916de42c3705a0,0xbe0b407782a7599380fa726db315340126d62229,0x4d2fb5f8ec243fde4df1a9678b82238570c7e0e4,2026-08-15T17:30:34,repeated_internal_token_drain;dense_internal_fund_flow;complex_trace;high_gas_used_context;token_activity_burst;repeated_risky_internal_calls,0x6a761202,true
25759566,0x45e255ee4d7a5d07715d1f50a39d04d5ae5352704d98f94a25de523cbc53f47c,0x5f3e44b4419d9bab3fe8c5f253cc82260332388c,0x8ce5ed51328a3d24ff1ff4df05629eaa664e735e,2026-08-15T17:31:12,large_erc20_asset_flow;complex_trace,0xaa7699c0,true
25759566,0x62557f6d81425c92b449126388db070fca6f5369c1184709e2e51f2597e24425,0xe487832018fbd594c84f1db3dfac61cde98a5f36,0x91ff8bbd8ebb07893010d50a48a1609e5ebd8e34,2026-08-15T17:31:13,complex_trace;high_gas_used_context,0x069d1525,false
25759566,0xa1b7b8377c991105f523432878bb7359486676a33622282a6ff89ad2c266a9b0,0x8e7e67f2e6d80ca441b12556f6ffcb800f730b21,0x5b61db1e82ee0ee94a5c1fed019c1ff5bbb9e837,2026-08-15T17:31:13,privileged_execution_context,0x0ecaea73,false
25759566,0xa4aebc311a88870e773b350b451bdc579ec01df05f1443ee4f1f189364a48bed,0xa14e1651ff7039b8de7ac3bfd064de6c5ec71d0f,0x0a252663dbcc0b073063d6420a40319e438cfa59,2026-08-15T17:31:13,complex_trace;high_gas_used_context,0xecef9201,false
25759566,0xe10ca0d05d6cf690c6714cd48f079914934412536cf356f9324e06f6f3f71e9f,0x7a27f9586d0895f045b80b3fb1d9d6ef4d54e9bc,0x6131b5fae19ea4f9d964eac0408e4408b66337b5,2026-08-15T17:31:13,large_erc20_asset_flow;complex_trace,0xe21fd0e9,true
25759566,0x007b64f959154e72346696186f772445652c91b09c61d2277e9be414581b4cca,0x2eb6ffcfc1591349a1983aad3e80d8fb3cec1df2,0x70e60fbfe09caaad444d6c489ef865bfaabbefc8,2026-08-15T17:31:19,privileged_execution_context;complex_trace;high_gas_used_context;token_activity_burst,0x01200000,false
25759566,0x43dc0ca029f607c6c4418007a944e2eda31114ef6085ab1ab05356961516edf1,0x4838b106fce9647bdf1e7877bf73ce8b0bad5f97,0xfeeeeee44046c3f61a8cc081e0918ef0de0a7ffc,2026-08-15T17:31:19,selfdestruct_context,0x6a8031d3,true
25759566,0xda907e199b397e34cb610800f4e3cdd792892eb51b8daa53e5600470d06ec7b8,0x572c549446a2181df2f853118e4f85ffafe50d5d,0x888888888889758f76e7103c6cbf23abbf58f946,2026-08-15T17:31:19,very_complex_trace;high_gas_used_context;token_activity_burst,0x60fc8466,true
25759566,0xf6a347ab05f9d1e63fd85664d3fcfff4fccc546ecf8a2ac1a7b2c6e59b1b8192,0x7f881d3ea884051dfa36dcf68fa879dc83a9fc85,0x00000f91109c4d0007e90000d9facad5298a0cac,2026-08-15T17:31:19,repeated_internal_token_drain;dense_internal_fund_flow;complex_trace;high_gas_used_context;token_activity_burst;approval_burst,0x00000000,true
25759567,0x0c9e0872dfaa733f5f50163f570dd0ff9cbadba055bb8174c88325d844408f2f,0xe487832018fbd594c84f1db3dfac61cde98a5f36,0x91ff8bbd8ebb07893010d50a48a1609e5ebd8e34,2026-08-15T17:31:24,complex_trace;high_gas_used_context,0x069d1525,false
25759567,0x5bb4e4793e7c01f5c8476f725c82787eb411fcab5984c5e91d3f0af05696cee2,0xdda3b51e29f9d6fad865c5dd7070d5f7eb57663e,0x8d8210a0252a706cb5de0c6f8e46b6d3692afc19,2026-08-15T17:31:24,complex_trace;high_gas_used_context,0xffc3a769,false
25759567,0xc48a66c05d1d196e7277f1d75249e01283f4a919530a5316d039b7218932e999,0xdadb0d80178819f2319190d340ce9a924f783711,0xfeeeeee44046c3f61a8cc081e0918ef0de0a7ffc,2026-08-15T17:31:24,selfdestruct_context,0x6a8031df,true
25759567,0xea0e353d2d1824c3f27ed5c1c75a9237bbdf1244ce2caeb6433b2fd13efb413b,0x59cadf9199248b50d40a6891c9e329ea13a88d31,0xfeeeeee44046c3f61a8cc081e0918ef0de0a7ffc,2026-08-15T17:31:24,selfdestruct_context,0x6a8031df,true
25759568,0x2557e2978cf6055f0d746d121a47abf3a40bf1e2d3902542a3634cf8a5942f55,0xc44c20ec8bbdca262ace834d746d04a65f2fef12,0x337685fdab40d39bd02028545a4ffa7d287cc3e2,2026-08-15T17:31:31,dense_internal_fund_flow;complex_trace,0x30dedc57,true
25759568,0x8298affa0b810058ed5d0c42d202283eca52d5b2843d95a12584a08442676ab2,0x103bb6474db388e6e2fe6483cef78fa53e5ad1d1,0x337685fdab40d39bd02028545a4ffa7d287cc3e2,2026-08-15T17:31:31,dense_internal_fund_flow;complex_trace,0xfa74fd43,true
25759568,0xb32f2ea33c09fe842017f529ce0d0d34fdfffaa342fb25f3b4d1a459cb6dbe92,0xe487832018fbd594c84f1db3dfac61cde98a5f36,0x91ff8bbd8ebb07893010d50a48a1609e5ebd8e34,2026-08-15T17:31:31,complex_trace;high_gas_used_context,0x069d1525,false
25759568,0xf126e0bb2a1ffc52f10907d921b1d9b8eac6bd5e72fead8b79bdf0bdcdb72e59,0xa14e1651ff7039b8de7ac3bfd064de6c5ec71d0f,0x0a252663dbcc0b073063d6420a40319e438cfa59,2026-08-15T17:31:31,complex_trace;high_gas_used_context,0xecef9201,false
25759569,0x11293e7b66045b61b15db03780c7eeae5f1fafa001f21aac26edf6b4abaeddd1,0x8a937bd654599aff2e8757074584f4da93b5a844,0x88cc0800464fcef3e643a369e8a0532990995eee,2026-08-15T17:31:56,complex_trace;high_gas_used_context,0xedbc849a,false
25759569,0x7ea2d9a7b0dcd517492057ae084ad8d5949bc25dac92914b45e652a503536ed2,0xe487832018fbd594c84f1db3dfac61cde98a5f36,0x91ff8bbd8ebb07893010d50a48a1609e5ebd8e34,2026-08-15T17:31:56,complex_trace;high_gas_used_context,0x069d1525,false
25759569,0xcf8a6023d1524cbd3202fbfff38f3ce9dc46a84d4a42d52e1aeab0243efba844,0xdda3b51e29f9d6fad865c5dd7070d5f7eb57663e,0x8d8210a0252a706cb5de0c6f8e46b6d3692afc19,2026-08-15T17:31:57,complex_trace;high_gas_used_context,0xffc3a769,false
25759570,0x47b7545bb1f3c44cb78e84b1a8f9635d4d9e91dbe75d4991ab2c399d5469cb9c,0xe487832018fbd594c84f1db3dfac61cde98a5f36,0x91ff8bbd8ebb07893010d50a48a1609e5ebd8e34,2026-08-15T17:32:12,complex_trace;high_gas_used_context,0x069d1525,false
25759570,0xc98de6025d177cd3a9f2f35b6f5f8e45f77944f07967bbfc4a7a00558909646d,0x4838b106fce9647bdf1e7877bf73ce8b0bad5f97,0xfeeeeee44046c3f61a8cc081e0918ef0de0a7ffc,2026-08-15T17:32:12,selfdestruct_context,0x6a803203,true
25759571,0x024d8c57235bc141f7acd5b391408ae3bfcebcdb55bc974282e75524e9df707e,0xff5409e8583901ea24e50344b68e6d4c626e5e7b,0x881d40237659c251811cec9c364ef91dc08d300c,2026-08-15T17:32:25,dense_internal_fund_flow;complex_trace,0x5f575529,true
25759571,0x0ea7049c7b57adb2bd65c4acf27d712d9c2c93894fa8627b8a648ff4e6c878e7,0xe487832018fbd594c84f1db3dfac61cde98a5f36,0x91ff8bbd8ebb07893010d50a48a1609e5ebd8e34,2026-08-15T17:32:25,complex_trace;high_gas_used_context,0x069d1525,false
25759571,0x284efda2963247b4626fbf934286bfe0c0ee69d9be96c71d243fe25447f50407,0xdda3b51e29f9d6fad865c5dd7070d5f7eb57663e,0x8d8210a0252a706cb5de0c6f8e46b6d3692afc19,2026-08-15T17:32:25,complex_trace;high_gas_used_context,0xffc3a769,false
25759571,0x2ac209cddc41b06e99e2d3b75a1b80d071b276389c56e6b67944119bba318a55,0x7830c87c02e56aff27fa8ab1241711331fa86f43,0xa9d1e08c7793af67e9d92fe308d5697fb81d3e43,2026-08-15T17:32:25,dense_internal_fund_flow,0x1a1da075,true
25759571,0x72b8b2acafd4c8d5d9cf0f0387a360cbcb0e84b7131c90ce8e0c55abbe736f28,0xe99bd1c2dd70cd58e5efd47887991700e7318ce2,0xad3b67bca8935cb510c8d18bd45f0b94f54a968f,2026-08-15T17:32:25,complex_trace;high_gas_used_context;token_activity_burst;approval_burst,0x146ee74d,false
25759571,0x8d7c7443d57bec30257fe78801bb4b209061bab4b870e4866302e3134afdbef5,0xde992badd92adaf9146255e9bde6a70770973664,0x3d0f22bf11636cc9cb129e2b261eed35a487455c,2026-08-15T17:32:25,complex_trace;high_gas_used_context,0xa9059cbb,false
25759571,0x9dd4272a3117b4127eca4ad09526b40b938c837c82a4017e6b3071a3fc03aafc,0x0b85086d6c17311a42e1eb88530e2344db846eea,0x6566194141eefa99af43bb5aa71460ca2dc90245,2026-08-15T17:32:25,large_erc20_asset_flow;complex_trace,0x374f435d,true
25759571,0xa4cc93c3e37896c49cba288584b3dca7c2ab0a9c82707b4be4189de8081be9f8,0x4838b106fce9647bdf1e7877bf73ce8b0bad5f97,0xfeeeeee44046c3f61a8cc081e0918ef0de0a7ffc,2026-08-15T17:32:25,selfdestruct_context,0x6a80320f,true
25759571,0xa5dda804bdf1633a3da05ac03f641f6affb1931ac36799f736cbce00980f9508,0xe91bcae4a2d7b951304695f93cf1b9a1837cfe43,0x7ec8a30a34b86927dc77b302603d1d53e640bef7,2026-08-15T17:32:25,high_gas_used_context;token_activity_burst,0xa9059cbb,false
25759571,0xb2c6aec16ee771b30d459dcf35880fd3440579d2b993cd600112ab0f4fe09855,0x3589eaf4191c9db3f93b78479eb3a47760c7a462,0x0a252663dbcc0b073063d6420a40319e438cfa59,2026-08-15T17:32:25,complex_trace;high_gas_used_context,0xecef9201,false
25759571,0xfd45554f89a68993b93ba9775063771e34d31da28cbe9aec2dac546fc3e65438,0xd6434d157f254276d69ede3bd9fc805482206908,0x7ec8a30a34b86927dc77b302603d1d53e640bef7,2026-08-15T17:32:25,complex_trace;high_gas_used_context;token_activity_burst,0xa9059cbb,false
25759572,0x09c3555075f6b0b3fdc5505f94587710462c64577ccd3ea88c14fd49fb6f7219,0xde992badd92adaf9146255e9bde6a70770973664,0x3d0f22bf11636cc9cb129e2b261eed35a487455c,2026-08-15T17:32:32,complex_trace;high_gas_used_context,0xa9059cbb,false
25759572,0xf6c9d3493d10378393193baa2e82acda085bb20ac0958dc5552cf03ec0e71a80,0xde7a849216aa3884d53d84ecb02c19eb67e5dae2,0x7d9f4ca54131e588fc1fe577973b55fb11231e76,2026-08-15T17:32:32,high_gas_used_context;token_activity_burst,0x6aac3a0b,false
25759573,0x0fd661ebcb05059ee175d06a7f1e4bef64075db87003d6913f3ae3a68d2619bd,0x5b43453fce04b92e190f391a83136bfbecedefd1,0xbdb3ba9ffe392549e1f8658dd2630c141fdf47b6,2026-08-15T17:32:48,dense_internal_fund_flow;complex_trace;token_activity_burst,0x000000c3,true
25759573,0x11c2c9a3203387812de5296fb585192c3ed875bdef0221a7b1093cb647d143cb,0xd3d28a893b9c5a240910405c64c33f7d3c5c16ec,0x41ae4f71c19e6526af8f8a93214a1cdbb5e5fee7,2026-08-15T17:32:48,complex_trace;high_gas_used_context,0x4636c87d,false
25759573,0x489e0b34725e6e279febdf03b5346755d0ceaf71c6d40891776fdd7d581b18c9,0x690a990e1b03905587cd25762cd574501d312bff,0x55c3337d3564aa839b34e38fba291eaaaacb890e,2026-08-15T17:32:48,complex_trace;high_gas_used_context,0x7ecbcc55,false
25759573,0xb8e8086ed378b9c9f255ad953fbf931df1aa07cbcd19ea06c8e72a2009c25fc6,0xa14e1651ff7039b8de7ac3bfd064de6c5ec71d0f,0x0a252663dbcc0b073063d6420a40319e438cfa59,2026-08-15T17:32:48,complex_trace;high_gas_used_context,0xecef9201,false
25759573,0xd141e5b4ee29ec007bf562a0942e680f874d226bc934cccc4aeebf11fec5047f,0xe487832018fbd594c84f1db3dfac61cde98a5f36,0x91ff8bbd8ebb07893010d50a48a1609e5ebd8e34,2026-08-15T17:32:49,complex_trace;high_gas_used_context,0x069d1525,false
25759573,0x026e8ccf82173c536dc151e0a5603f6a3f4f62bb5015205cec1fd6d68b4cdd52,0x9729585607568dcbf1f5f3802afbf5b221702932,0x6ed60864fb8fb610a65af5d16cef272548bc64d6,2026-08-15T17:32:50,complex_trace;high_gas_used_context;token_activity_burst,0xe32bbc9e,false
25759573,0x72cf0a9abe045c8ccdd07f270f45e754a03cf7d358ff5749fff9099e1b246dd7,0x9fc3da866e7df3a1c57ade1a97c9f00a70f010c8,0xfeeeeee44046c3f61a8cc081e0918ef0de0a7ffc,2026-08-15T17:32:50,selfdestruct_context,0x6a803227,true
25759573,0xa444cf71d960cbc00d09e781e684a986894186cd061e76aa2c861963c4df5c6b,0x7a27f9586d0895f045b80b3fb1d9d6ef4d54e9bc,0x6131b5fae19ea4f9d964eac0408e4408b66337b5,2026-08-15T17:32:50,large_erc20_asset_flow;complex_trace,0xe21fd0e9,true
25759573,0xaa656b9b06e7e26a084ba3539d1cc31f91fce854a9fb6258d97b49e37cf0ab17,0x59aab1bd0d26290274398c07b55955c15425e16b,0x00fe78205f5f0e63b8ad2b2ae5337f538a610e04,2026-08-15T17:32:50,complex_trace;high_gas_used_context,0x34fcd5be,false
25759573,0xb5a18ff0e7fe11ca0f566bb9971a3652dee9bfea73452058053282257d1f5bfa,0xdda3b51e29f9d6fad865c5dd7070d5f7eb57663e,0x8d8210a0252a706cb5de0c6f8e46b6d3692afc19,2026-08-15T17:32:50,complex_trace;high_gas_used_context,0xffc3a769,false
25759573,0xb73ee48a40965a36cba3b52191b9a7b58f57b744cbc902ee4cdae5830b67eb6c,0x59aab1bd0d26290274398c07b55955c15425e16b,0x00fe78205f5f0e63b8ad2b2ae5337f538a610e04,2026-08-15T17:32:50,complex_trace;high_gas_used_context,0x34fcd5be,false
25759573,0xb7ff62839ed4f448b89207d129bb97b072d0b66779147d7d947e35be35456901,0x4838b106fce9647bdf1e7877bf73ce8b0bad5f97,0xfeeeeee44046c3f61a8cc081e0918ef0de0a7ffc,2026-08-15T17:32:50,selfdestruct_context,0x6a803227,true
25759573,0xd471e2168566d7225eaad0caab3f508c8aad53675f4766276e601424201ba8ce,0xf41933066baff34cf3652acc94e5cc153db28571,0xbd6ad649a16060d26b7c1d97f1e2ecb12375e5a7,2026-08-15T17:32:50,complex_trace;high_gas_used_context,0x74a16eda,false
25759574,0x2cbffb636540dae55a634549731c49523319064d7ed97dbbef6b60883707b46a,0xeb75609a41d453ea3cb3cd54ea080a710735f405,,2026-08-15T17:32:58,privileged_execution_context;high_gas_used_context;contract_creation_context,0x60a06040,false
25759574,0x7a87f71266df13a3a049241b3fa0dfe10383b615da76757f1f6c8744f305a8e0,0x92d605012dd1a0cc3437dc33f1375ae1ff0df860,0x6b85de6815daa1f3ae5f77c21f5132f9314e3b52,2026-08-15T17:32:59,complex_trace;high_gas_used_context,0xdffb15f5,false
25759574,0x9c8a29a60710320176ec642b6fcaa78784879aa030d7395dbd98c554ce6d929d,0x8567b56b8f4d8faf369990cb060c7a9d164d377d,0x49f1a5e86f1ef5b0e2cb7a51d106b5eba440bf58,2026-08-15T17:32:59,complex_trace;high_gas_used_context,0xd09155a7,false
25759574,0xc06bfc4af0398aa47d596c0cc136e5b7fd0ed6e5aaf4e520dd60d172724e1b44,0x000000000033214a5ae994caa0458c213e82d2ae,0x0000000000be226afde21672a5e4adc45692e69d,2026-08-15T17:32:59,complex_trace;high_gas_used_context;token_activity_burst,0x000a0000,false
25759574,0xd995acc5d883323483691254baca5304e1bd57f621ac7ed71ac13adc6a46f76c,0x928d517e59592fb98e8a99b7fa779eb5025f2f50,0x4707d4295c3530df764cff082e4b31710deb2e86,2026-08-15T17:32:59,complex_trace;high_gas_used_context,0xf637d8df,false
25759574,0x036bab200494d699e1b300ad38e9bd08b8bcb90e20c4768773e8b02fb77d9e6c,0xde992badd92adaf9146255e9bde6a70770973664,0x3d0f22bf11636cc9cb129e2b261eed35a487455c,2026-08-15T17:33:01,complex_trace;high_gas_used_context,0xa9059cbb,false
25759574,0x32df8c06fb1a3142d60ad349581fea6c521c4d82e94cb9d7bd6578f3265cb6d6,0xe487832018fbd594c84f1db3dfac61cde98a5f36,0x91ff8bbd8ebb07893010d50a48a1609e5ebd8e34,2026-08-15T17:33:01,complex_trace;high_gas_used_context,0x069d1525,false
25759574,0xb8179a3bc8950c5c6c0b33e6193a34f5df0de0064395c927d7b0abb8e824c8db,0x59aab1bd0d26290274398c07b55955c15425e16b,0x00fe78205f5f0e63b8ad2b2ae5337f538a610e04,2026-08-15T17:33:01,complex_trace;high_gas_used_context;token_activity_burst,0x34fcd5be,false
25759574,0xbe711064b75896e01e89b05f1c30eb0fa51bda091c0f8b69808a758d769bb531,0x43370188473a398394e4ba4a7c7cbb2c6265e22a,0x0000000071727de22e5e9d8baf0edac6f37da032,2026-08-15T17:33:01,privileged_execution_context;complex_trace,0x765e827f,false
25759574,0xd0311c7ab05a92506f08ca166ebef15abc48ff45202cb303f914e169611e0455,0x9fc3da866e7df3a1c57ade1a97c9f00a70f010c8,0xfeeeeee44046c3f61a8cc081e0918ef0de0a7ffc,2026-08-15T17:33:01,selfdestruct_context,0x6a803233,true
25759574,0xdeb316ecfe9e326221dec14dc3dab56ce048f6be81f409d69e5434f97bd0e990,0xa99940326a7f4133a5c911767b23f5eeacb4816c,0x888888888889758f76e7103c6cbf23abbf58f946,2026-08-15T17:33:01,large_erc20_asset_flow;complex_trace,0x60fc8466,true
25759575,0x82349782be795afb13a55669945ab5f83947211478f71698753f17135aaade84,0x930b88a592a045c428f3d99f7f3e5f95e3967508,0x1103fc560de8b710983e7f3ec09d587f3f848566,2026-08-15T17:33:23,dense_internal_fund_flow,0x023ffbb8,true
25759575,0xc1424a6143d56f9ac2523e715ec0f5d2497b62e895554801b08655387321a93e,0xdda3b51e29f9d6fad865c5dd7070d5f7eb57663e,0x8d8210a0252a706cb5de0c6f8e46b6d3692afc19,2026-08-15T17:33:23,complex_trace;high_gas_used_context,0xffc3a769,false
25759575,0xf7d66cfc0293012f47a6bd5295aad0b4ed93083c9cf18f184f27facd019d5f32,0x063e2575eb717cc4031a39726cfeb38096c9fa8a,0x89c6340b1a1f4b25d36cd8b063d49045caf3f818,2026-08-15T17:33:23,large_erc20_asset_flow;complex_trace;high_gas_used_context;token_activity_burst,0x0193b9fc,true
25759575,0xb66ab32f2edb26bd39900f394e4670d848ea8b90147bfffb5d78c732e8b06e5c,0x4838b106fce9647bdf1e7877bf73ce8b0bad5f97,0xfeeeeee44046c3f61a8cc081e0918ef0de0a7ffc,2026-08-15T17:33:24,selfdestruct_context,0x6a80323f,true
25759575,0xf413e5cf04c5312dc9b0eba388f119e01f01c5d0c0f317f1100c14c053aa9c36,0xde992badd92adaf9146255e9bde6a70770973664,0x3d0f22bf11636cc9cb129e2b261eed35a487455c,2026-08-15T17:33:24,complex_trace;high_gas_used_context,0xa9059cbb,false
25759576,0xe881a3541f45344ccf9bcc42812c720695cedcce769c9d5839a6dc13315127b1,0xde992badd92adaf9146255e9bde6a70770973664,0x3d0f22bf11636cc9cb129e2b261eed35a487455c,2026-08-15T17:33:38,complex_trace;high_gas_used_context,0xa9059cbb,false
25759576,0xf83149ef923349ecb874f456e344a0d17ea49df59afcf2c2c7065ee72251c62d,0x5b43453fce04b92e190f391a83136bfbecedefd1,0xbdb3ba9ffe392549e1f8658dd2630c141fdf47b6,2026-08-15T17:33:38,complex_trace;high_gas_used_context;token_activity_burst,0x000000c3,false
25759576,0x36e225ac324f2967335a88d706bf3e831141f8f1fc78d40d0ce88a4c41b957ba,0x4838b106fce9647bdf1e7877bf73ce8b0bad5f97,0xfeeeeee44046c3f61a8cc081e0918ef0de0a7ffc,2026-08-15T17:33:39,selfdestruct_context,0x6a80324b,true
25759577,0x38a30a7bc2a07973d003b6b4da2786a0c21317c9d5d4412a4ec5a22c92a93fc3,0x0e14a3e9af1afdfc60554e3e2a40c8284d647093,0x28b1dc1a5e3699a428bc51d234dfab7c9cb2a183,2026-08-15T17:33:52,complex_trace;high_gas_used_context,0x0c307f76,false
25759577,0x9917d76f4eb07504a6f826e3a06ce2f1f11832426dddbb64747fbc755319b9f0,0xe487832018fbd594c84f1db3dfac61cde98a5f36,0x91ff8bbd8ebb07893010d50a48a1609e5ebd8e34,2026-08-15T17:33:52,complex_trace;high_gas_used_context,0x069d1525,false
25759577,0x9dfb476a3587a5cf693aff81dfda643759ceb48d9c8b6fa64a9ea6e4af01e3e8,0xe487832018fbd594c84f1db3dfac61cde98a5f36,0x91ff8bbd8ebb07893010d50a48a1609e5ebd8e34,2026-08-15T17:33:52,complex_trace;high_gas_used_context,0x069d1525,false
25759577,0xbde2dcdadd27cc4be52b84f993d43d1f7102ea9aa09ea39bb1c5e4f3dfaa186d,0x8b65363a01510490fba03cea97b14c73b7ee8f75,0x28b1dc1a5e3699a428bc51d234dfab7c9cb2a183,2026-08-15T17:33:52,complex_trace;high_gas_used_context;token_activity_burst,0xf2c42696,false
25759577,0x02b4106954ab8a941ba88ed85ecec94154083c8006e2b89520c33cbb736ab7ff,0x59aab1bd0d26290274398c07b55955c15425e16b,0x00fe78205f5f0e63b8ad2b2ae5337f538a610e04,2026-08-15T17:33:53,complex_trace;high_gas_used_context,0x34fcd5be,false
25759577,0x0cc47d4bd771007b06f3fc23ea410ea5287d2cbddc6f9bc834dffef6130e7b0c,0xde992badd92adaf9146255e9bde6a70770973664,0x3d0f22bf11636cc9cb129e2b261eed35a487455c,2026-08-15T17:33:53,complex_trace;high_gas_used_context,0xa9059cbb,false
25759577,0x9154bad68aaa3b9099df65d7f94ed945a43b60bed20c0153838c5f7cdbb482a1,0xdadb0d80178819f2319190d340ce9a924f783711,0xfeeeeee44046c3f61a8cc081e0918ef0de0a7ffc,2026-08-15T17:33:53,selfdestruct_context,0x6a803257,true
25759577,0xd079360f8bb6ce52c0504a4e65d91f133a7da3c0455c50867545bdd25ee43684,0xdadb0d80178819f2319190d340ce9a924f783711,0xfeeeeee44046c3f61a8cc081e0918ef0de0a7ffc,2026-08-15T17:33:53,selfdestruct_context,0x6a803257,true
25759577,0xd50e65c523760af1d65d5b71a332d5d072d390d3254200a83695b28052dacf1b,0xdadb0d80178819f2319190d340ce9a924f783711,0xfeeeeee44046c3f61a8cc081e0918ef0de0a7ffc,2026-08-15T17:33:53,selfdestruct_context,0x6a803257,true
25759577,0xe456fcda913bdb4997721add0be5ee4dbf15723166b304c5e55abecad6cc4ee0,0x45662198c804d9b6a3dab28a10bd05127fa722d3,0x28b1dc1a5e3699a428bc51d234dfab7c9cb2a183,2026-08-15T17:33:53,complex_trace;high_gas_used_context,0x0c307f76,false
25759577,0xf51543eb6a4f8607dd81fd3c7d82a324f1a149bd4ce083444ebdc62eaed66761,0x59aab1bd0d26290274398c07b55955c15425e16b,0x00fe78205f5f0e63b8ad2b2ae5337f538a610e04,2026-08-15T17:33:53,complex_trace;high_gas_used_context,0x34fcd5be,false
25759578,0x2226365deaaf2a679f2503b1f62c9c3c8be52f5215f94796cd8cb763814583cf,0x4838b106fce9647bdf1e7877bf73ce8b0bad5f97,0xfeeeeee44046c3f61a8cc081e0918ef0de0a7ffc,2026-08-15T17:33:54,selfdestruct_context,0x6a803263,true
25759578,0x9850c71c365ebc683fef7998d422967097bf38f9b40d3f2d3635f5d9156bf6d7,0x93047660c634696a11a45be6fc7273ffcf5c64b4,0x00b19a5200a100e5fc4c9800772f4d002f218400,2026-08-15T17:33:54,privileged_execution_context,0x7e734c5a,false
25759578,0xa83288a8be3ab16538dd0cad10dcf9c122a534d64eeb0678bad03b1e6044850a,0x7b49bc3ebbdf7322f31c6449320382bbec3be1b6,0xad3b67bca8935cb510c8d18bd45f0b94f54a968f,2026-08-15T17:33:54,complex_trace;high_gas_used_context;token_activity_burst;approval_burst,0x146ee74d,false
25759578,0xbb25ea902c66836a707151c4e1a86534dce88bd684e585b2df88de6704f7b12a,0x5b43453fce04b92e190f391a83136bfbecedefd1,0xbdb3ba9ffe392549e1f8658dd2630c141fdf47b6,2026-08-15T17:33:54,complex_trace;high_gas_used_context;token_activity_burst,0x000000c3,false
25759579,0x3a3cdf279569d4113f5a6ceab6f52e1958f8e9725aef8a1629b15edc7e989660,0xde992badd92adaf9146255e9bde6a70770973664,0x3d0f22bf11636cc9cb129e2b261eed35a487455c,2026-08-15T17:34:02,complex_trace;high_gas_used_context,0xa9059cbb,false
25759579,0x5857285ce21d72bc6627913a03da960a33a1efce533d8ad2857cae7bcd6ce07e,0x59aab1bd0d26290274398c07b55955c15425e16b,0x00fe78205f5f0e63b8ad2b2ae5337f538a610e04,2026-08-15T17:34:02,complex_trace;high_gas_used_context,0x34fcd5be,false
25759579,0x6739f0a95d8f32e08468339a5bc204a0c8eb020a1b347cf1a7a657066c245130,0x49e1bf431e9bbbd8e57afcd21ccac3f30e7d98d3,0x28b1dc1a5e3699a428bc51d234dfab7c9cb2a183,2026-08-15T17:34:02,complex_trace;high_gas_used_context,0xf2c42696,true
25759580,0x304b498aa8e424e651718f83469ece6c493d7a8846bf7285fc80483c7b84ae0f,0x7b49bc3ebbdf7322f31c6449320382bbec3be1b6,0xad3b67bca8935cb510c8d18bd45f0b94f54a968f,2026-08-15T17:34:07,complex_trace;high_gas_used_context;token_activity_burst;approval_burst,0x146ee74d,false
25759580,0x1f6ba73c61fe5ea883acd09337959aa13f7ce8f75d15edcc345b7a00a32b1e7f,0x762f5fce55c747da27b861dc2f42b8473428f627,0x0000000000001ff3684f28c67538d4d072c22734,2026-08-15T17:34:08,complex_trace;token_activity_burst,0x2213bc0b,false
25759580,0x3141f6df67111c3a070a7de53518149501947dc8110ade5c4d30f3d0652af04f,0x45662198c804d9b6a3dab28a10bd05127fa722d3,0x28b1dc1a5e3699a428bc51d234dfab7c9cb2a183,2026-08-15T17:34:08,complex_trace;high_gas_used_context,0x0c307f76,false
25759580,0x6de4d7fe01f7a85491cbb29b902fb033272f8ed06cb0b2961d1e58077896389b,0xca7ded7e4f4ba8ab3b10009236ae6d1b95094589,0xccc88a9d1b4ed6b0eaba998850414b24f1c315be,2026-08-15T17:34:08,dense_internal_fund_flow;complex_trace,0x0a2b8f36,true
25759580,0x756c68b11d180df284560ac117ab5a68794695c37bf76a8471626da026889d69,0x55a68d9a5d83725fbe000a487b67f049a37c7eed,0xd166337499e176bbc38a1fbd113ab144e5bd2df7,2026-08-15T17:34:08,large_erc20_asset_flow,0xfdeeb287,true
25759580,0x7aef40ac79304f217186202d8f4db29838733e22c65bf00335ec88a6e12e3fd0,0xe487832018fbd594c84f1db3dfac61cde98a5f36,0x91ff8bbd8ebb07893010d50a48a1609e5ebd8e34,2026-08-15T17:34:08,complex_trace;high_gas_used_context,0x069d1525,false
25759580,0x904368804d94f78e3f2d25c83bcd770bcb532dec9e80af67d8128ac2c222a75a,0xe487832018fbd594c84f1db3dfac61cde98a5f36,0x91ff8bbd8ebb07893010d50a48a1609e5ebd8e34,2026-08-15T17:34:08,complex_trace;high_gas_used_context,0x069d1525,false
25759580,0x982b5a0a6487fae762ca424e5bb521204da44a0d95e53f7d6d01faab3cae3e60,0x5343b904bf837befb2f5a256b0cd5fbf30503d38,0x367c1eaf14aa06b78ce76bd0243297de79d85270,2026-08-15T17:34:08,very_complex_trace;high_gas_used_context,0xb8cdbd27,false
25759580,0x1a1b51f1c9b9aa6730858eec9d66135bfaa72c41ace9a9f5b95ed056cdba6ddc,0x59aab1bd0d26290274398c07b55955c15425e16b,0x00fe78205f5f0e63b8ad2b2ae5337f538a610e04,2026-08-15T17:34:09,complex_trace;high_gas_used_context,0x34fcd5be,false
25759580,0x4e25dd9bd8dca59a2afcfeccc9ab97d8f0a1dd226eb5ae212041091bf324b88b,0x4838b106fce9647bdf1e7877bf73ce8b0bad5f97,0xfeeeeee44046c3f61a8cc081e0918ef0de0a7ffc,2026-08-15T17:34:09,selfdestruct_context,0x6a80327b,true
25759580,0xaad5e3f65fd4f1e639c8d8cb0c94ecd3dbb4ac50909990b6e0ca835c4e880cf0,0x7bd27a0103e48e25acdb131cc190314562171fde,0x28b1dc1a5e3699a428bc51d234dfab7c9cb2a183,2026-08-15T17:34:09,complex_trace;high_gas_used_context,0xf2c42696,false
25759581,0x3d9ff53e28db1f2016231d68461d1273f7b11fd1f5eb8f1c70f6fb528b3597f7,0xe487832018fbd594c84f1db3dfac61cde98a5f36,0x91ff8bbd8ebb07893010d50a48a1609e5ebd8e34,2026-08-15T17:34:16,complex_trace;high_gas_used_context,0x069d1525,false
25759581,0x3f5891006250193edc12bd25a9c092e8900140fa3ef53cfb2c1dc8f9c62d4f05,0x59aab1bd0d26290274398c07b55955c15425e16b,0x00fe78205f5f0e63b8ad2b2ae5337f538a610e04,2026-08-15T17:34:17,complex_trace;high_gas_used_context,0x34fcd5be,false
25759581,0x4782ad1ab20c2ba3ce88e810111b082ae91129afc86e34f907ab64e15bde0a4a,0xdadb0d80178819f2319190d340ce9a924f783711,0xfeeeeee44046c3f61a8cc081e0918ef0de0a7ffc,2026-08-15T17:34:17,selfdestruct_context,0x6a803287,true
25759581,0x51a1bcc7e7585ad37204605fa8de8ddd212e39b1f100a028a9736564a280c488,0xdadb0d80178819f2319190d340ce9a924f783711,0xfeeeeee44046c3f61a8cc081e0918ef0de0a7ffc,2026-08-15T17:34:17,selfdestruct_context,0x6a803287,true
25759581,0x54a14f2ab52fad6f2f031bff2dcb448e20f296e6240b8250cb73461d04784b9f,0x39392fba11a03c7870018a000e9d9d7bda52afe8,0x337685fdab40d39bd02028545a4ffa7d287cc3e2,2026-08-15T17:34:17,dense_internal_fund_flow,0xfa74fd43,true
25759581,0x79813a1201181bf6a23a9a56e959f3ebf16f5f847e3897133883ca222f7cc78b,0xdadb0d80178819f2319190d340ce9a924f783711,0xfeeeeee44046c3f61a8cc081e0918ef0de0a7ffc,2026-08-15T17:34:17,selfdestruct_context,0x6a803287,true
25759581,0xc75eac476feb937031563498d20be54c354eb868f1510eec9aaa72bfff8a74f5,0x59aab1bd0d26290274398c07b55955c15425e16b,0x00fe78205f5f0e63b8ad2b2ae5337f538a610e04,2026-08-15T17:34:17,complex_trace;high_gas_used_context,0x34fcd5be,false
25759581,0xeace42584611b4d6d4ee190720f18907cb98c1fc11d562c1ad86218bd8025965,0x8e7e67f2e6d80ca441b12556f6ffcb800f730b21,0x5b61db1e82ee0ee94a5c1fed019c1ff5bbb9e837,2026-08-15T17:34:17,privileged_execution_context,0x0ecaea73,false
25759582,0x27495f53990ce97afdda0730ccc5def8e4c6a4e6cf46bfbb42959411fc12b538,0xde7a849216aa3884d53d84ecb02c19eb67e5dae2,0x7d9f4ca54131e588fc1fe577973b55fb11231e76,2026-08-15T17:34:20,high_gas_used_context;token_activity_burst,0x6aac3a0b,false
25759582,0x2daab6fa602dbd84e396185c68f38479ad7efe10a0110a0dada4c4991bb366f0,0xc17003919268894e9a07157bc444fc2c23133333,0xd01607c3c5ecaba394d8be377a08590149325722,2026-08-15T17:34:20,dense_internal_fund_flow;complex_trace,0x80500d20,true
25759582,0x6197a2d2ba34e86ab0c9ca3f6b0b483914897c4664eabc11aa3ce8d3fc4b7f50,0x1d260340b4214c4b6408d2fc6c61b31b2d3aeafa,0xef02655043cadb79ccee6eed5d7a9d97fccc0f18,2026-08-15T17:34:20,complex_trace;high_gas_used_context,0xb3b80cdb,false
25759582,0x6630e6baa108e6a1b90e3cea7d8898bfb96208c3f687eb9e52bf8b07748fad97,0x7b49bc3ebbdf7322f31c6449320382bbec3be1b6,0xad3b67bca8935cb510c8d18bd45f0b94f54a968f,2026-08-15T17:34:20,complex_trace;high_gas_used_context;token_activity_burst;approval_burst,0x146ee74d,false
25759582,0xd058fb178dc63994dc42cb080c05c3d34fc8b1042a5277b3cb1179f1847dc67c,0xe487832018fbd594c84f1db3dfac61cde98a5f36,0x91ff8bbd8ebb07893010d50a48a1609e5ebd8e34,2026-08-15T17:34:20,complex_trace;high_gas_used_context,0x069d1525,false
25759582,0xe5e3a40ec9dddbccdbc1d0ab09766677313f19278443469a27e243575ffe8522,0x4838b106fce9647bdf1e7877bf73ce8b0bad5f97,0xfeeeeee44046c3f61a8cc081e0918ef0de0a7ffc,2026-08-15T17:34:20,selfdestruct_context,0x6a803293,true
25759582,0xfa377d2e0015ae8d421718aa66ad48d4788c74266aedd286534e66021957405b,0xdb57fdf5fd24a9d0e1ea94552eb2c7bdcb28fa27,0x95fc37a27a2f68e3a647cdc081f0a89bb47c3012,2026-08-15T17:34:20,large_erc20_asset_flow;complex_trace,0x58a997f6,true
25759583,0x33e359b5c27083605c325b48b0562911d57e5ac496e783227c5c80d7fada8889,0x5a4fc9dd7b390a0f9b2909a0c34ce55cedc42377,0xa308597678d831e3645d2ce9fb8d9bd924b0e754,2026-08-15T17:34:37,dense_internal_fund_flow;high_gas_used_context;token_activity_burst,0x983bc41b,true
25759583,0x0159cf8881e45c467c3316b8829351c02de26e594e40c036d030145b79c8bb4a,0xfc46d4a74fdcb41c883a5177ea3df61f6016b56b,0xa6a147946facac9e0b99824870b36088764f969f,2026-08-15T17:34:38,complex_trace;high_gas_used_context;token_activity_burst,0xac9650d8,false
25759583,0x06f6f1b986ee2e03253d5f6b6f5361a320c4d2867159663d03fb807d020739a1,0xe487832018fbd594c84f1db3dfac61cde98a5f36,0x91ff8bbd8ebb07893010d50a48a1609e5ebd8e34,2026-08-15T17:34:38,complex_trace;high_gas_used_context,0x069d1525,false
25759583,0x50f8f2544295408c1fff7704db7355a20705803393287d317b53c8e719c43370,0x4838b106fce9647bdf1e7877bf73ce8b0bad5f97,0xfeeeeee44046c3f61a8cc081e0918ef0de0a7ffc,2026-08-15T17:34:38,selfdestruct_context,0x6a80329f,true
25759583,0xa0f22737cbeaf5d4e96058d9394d49135c085b39122d723bc58788992ea886bd,0x59aab1bd0d26290274398c07b55955c15425e16b,0x00fe78205f5f0e63b8ad2b2ae5337f538a610e04,2026-08-15T17:34:38,complex_trace;high_gas_used_context,0x34fcd5be,false
25759583,0xc7e7392970e78ee3f1881fe7460febe97f13916289ccf148d1302496f3a3ba9b,0x4838b106fce9647bdf1e7877bf73ce8b0bad5f97,0xfeeeeee44046c3f61a8cc081e0918ef0de0a7ffc,2026-08-15T17:34:38,selfdestruct_context,0x6a80329f,true
25759583,0xf61e1882fba6c3ecd6ca80ea104df088262abf9706f77c672539d8bb8d669e60,0x895fe9291e1966908dcf402ea6540492fa4b7b89,0x1231deb6f5749ef6ce6943a275a1d3e7486f4eae,2026-08-15T17:34:38,complex_trace;high_gas_used_context,0xa3443faa,false
25759584,0x33879a65b88e3ffc941299f4898c864f599ad3f2c748a181921ab672db1cfb86,0x298542744149d89ee87df4018b8fe3e53cd3ce54,0x89c6340b1a1f4b25d36cd8b063d49045caf3f818,2026-08-15T17:34:47,complex_trace;high_gas_used_context;token_activity_burst,0x0193b9fc,false
25759584,0x9a3841393b5eec2bb12a667fa3545d8e5f5f881583bf08984c07077a4f1a27d3,0xe487832018fbd594c84f1db3dfac61cde98a5f36,0x91ff8bbd8ebb07893010d50a48a1609e5ebd8e34,2026-08-15T17:34:47,complex_trace;high_gas_used_context,0x069d1525,false
25759584,0x46fbb3dc1cd741c7746655a7aafed37c11be00096ef16e872f51bbd9759682cb,0x4838b106fce9647bdf1e7877bf73ce8b0bad5f97,0xfeeeeee44046c3f61a8cc081e0918ef0de0a7ffc,2026-08-15T17:34:48,selfdestruct_context,0x6a8032ab,true
25759584,0xd7c207e0a47fd865df6441c51550c0b8aa4672517f23f0df4fda56945f2cf411,0x59aab1bd0d26290274398c07b55955c15425e16b,0x00fe78205f5f0e63b8ad2b2ae5337f538a610e04,2026-08-15T17:34:48,complex_trace;high_gas_used_context,0x34fcd5be,false
25759585,0x2341c915d4faf2b941915e8f87982e6c22eec8af1afdac19b1e24d34eb73df7c,0xe2da046340e00264c4f0443243a0565007ae08ac,0xe85bc6df4bce507fc789bcbefd6471abe5b93df2,2026-08-15T17:34:56,complex_trace;high_gas_used_context,0x380db829,false
25759585,0x4e84e8a96ee53d283416f515b8673bbbe8befafb183de0ed61c56b370e0ddde9,0xe2da046340e00264c4f0443243a0565007ae08ac,0x39b7f514c199e4beb1739576a2dbd4de7414981b,2026-08-15T17:34:56,complex_trace;high_gas_used_context,0x380db829,false
25759585,0x54ca585ea86287b196b25196bd7255e02255f68ef9cdb2a9c41f5433feee3c6b,0xe2da046340e00264c4f0443243a0565007ae08ac,0xa6d85f3b3be6ff6dc52c3aabe9a35d0ce252b79f,2026-08-15T17:34:56,complex_trace;high_gas_used_context,0x380db829,false
25759585,0x6fcfa452b5fdf930c819dd84d34d16005a04d7dfa67ac6014bc626a6fce57ffd,0xe7dd124fb88dde7a723a7f4ef0cbf99c78741d54,0x451f4f1ac068461939fdbafa4297394ac5dbc516,2026-08-15T17:34:56,dense_internal_fund_flow,0xbd3e66aa,true
25759585,0xb0e7f0abcd4b85b9c3880d1c8510dc538cb8050c146b7eb5ed63583ff949d4d9,0x1eda738c90fb3f80067a2e420a1e2f81b75ecaf5,0x4c175ee61c3c1da847e339e1158d61bbd2537046,2026-08-15T17:34:56,complex_trace;high_gas_used_context,0x380db829,false
25759585,0x4db3e03e9fa7fd6024176ac0e8324ba19b227ca2df31b96e3b516c90c72a9392,0x4838b106fce9647bdf1e7877bf73ce8b0bad5f97,0xfeeeeee44046c3f61a8cc081e0918ef0de0a7ffc,2026-08-15T17:34:57,selfdestruct_context,0x6a8032b7,true
25759585,0x9663917456cbbe4de058a668cf26ec3b9df5770b773b08aa541712f80f57bf4f,0x4b10a9948aa9b3735cc5bd003594a58765108d58,0x7a250d5630b4cf539739df2c5dacb4c659f2488d,2026-08-15T17:34:57,dense_internal_fund_flow,0x02751cec,true
25759585,0xe401cb528cdb64f05e1e2d40b4bfe2c521f2bf36c98c497b128f9a8a5eafbbf0,0xe487832018fbd594c84f1db3dfac61cde98a5f36,0x91ff8bbd8ebb07893010d50a48a1609e5ebd8e34,2026-08-15T17:34:57,complex_trace;high_gas_used_context,0x069d1525,false
25759586,0x3253791f601cb0fcbd6053467083713ddb26e17ac8bec3fe2e0500c285545161,0x7bd27a0103e48e25acdb131cc190314562171fde,0xacddac6c77318b615f7f6fb9bb67c6833e9c05f1,2026-08-15T17:35:08,large_erc20_asset_flow;complex_trace,0x571d3dc7,true
25759586,0x3c73c8ec4c7abfcdb07745a8bbdcbaad1b537422d53f89365bd65de911b17c8a,0xf095e71886efaaa1d2ce66c3f9aa4cd4e8467ca9,0xf4e147db314947fc1275a8cbb6cde48c510cd8cf,2026-08-15T17:35:08,privileged_execution_context,0x760d0f9d,false
25759586,0x55f5c36ccd6f6af65a9c8896c0473d7e37fae1481008030bcea24d83265c9a86,0x8a39989ce43d7350364c6c48a25358ea03453562,0x87870bca3f3fd6335c3f4ce8392d69350b4fa4e2,2026-08-15T17:35:08,large_erc20_asset_flow;complex_trace,0x02c205f0,true
25759586,0x660f7aec72b9716f7b7562eb1a69cd2e7fb15a6304226d422236fb532086ea15,0x09cfee647fa339133380191c8db6b44f24500c9d,0x77b85afbcd336993ac1c65057531c5a5b33b76b8,2026-08-15T17:35:08,repeated_internal_token_drain;dense_internal_fund_flow;complex_trace;high_gas_used_context;token_activity_burst;repeated_risky_internal_calls,0xa9059cbb,true
25759586,0x7887460145121f2afd8834fd228e7e1f484eb4466bf2a4412918bef1de828853,0x9741ec12f68bdb45e40bc48127c5f0b0dcfe3b09,0x0a252663dbcc0b073063d6420a40319e438cfa59,2026-08-15T17:35:08,dense_internal_fund_flow;large_mint_to_sender;very_complex_trace;high_gas_used_context;token_activity_burst;selfdestruct_context,0xf5878b9b,true
25759586,0xf59755d92d521f125d47d4e34b0333f097f9a29158263927ba8471562fb91852,0xe487832018fbd594c84f1db3dfac61cde98a5f36,0x91ff8bbd8ebb07893010d50a48a1609e5ebd8e34,2026-08-15T17:35:08,complex_trace;high_gas_used_context,0x069d1525,false
25759588,0x24be8bb13dfc8f01c622b972ab6f73a13a090b8c9f311fbc3606619a5d656dc5,0xbe0b407782a7599380fa726db315340126d62229,0x4d2fb5f8ec243fde4df1a9678b82238570c7e0e4,2026-08-15T17:35:31,repeated_internal_token_drain;dense_internal_fund_flow;complex_trace;high_gas_used_context;token_activity_burst;repeated_risky_internal_calls,0x6a761202,true
25759588,0x7e71d1d36c386e9c2c69bae7cd41418b4554aea55568cb406e4904f807c68cf3,0x5b43453fce04b92e190f391a83136bfbecedefd1,0xbdb3ba9ffe392549e1f8658dd2630c141fdf47b6,2026-08-15T17:35:31,complex_trace;high_gas_used_context;token_activity_burst,0x000000c3,false
25759588,0x18eb7518106f2f270e82dff9318063d9e80cb4f3154468c5dba189b07ff276d2,0xf70da97812cb96acdf810712aa562db8dfa3dbef,0xb92fe925dc43a0ecde6c8b1a2709c170ec4fff4f,2026-08-15T17:35:32,dense_internal_fund_flow,0xcd6e13f7,true
25759588,0x55530709a47def33cf68209d6bdf0e81bcdc8f23d07f08fdf15dffbef2f559a4,0xc0ffeebabe5d496b2dde509f9fa189c25cf29671,0xe08d97e151473a848c3d9ca3f323cb720472d015,2026-08-15T17:35:32,complex_trace;token_activity_burst,0x1d23a9c4,false
25759588,0x78c943d5200ad4240ac5a48ae68d79dd61b534fc2a2cae0d59b1c94394439aca,0xe487832018fbd594c84f1db3dfac61cde98a5f36,0x91ff8bbd8ebb07893010d50a48a1609e5ebd8e34,2026-08-15T17:35:32,complex_trace;high_gas_used_context,0x069d1525,false
25759588,0x7da5615f42b8dc9d8bd8cd9e804bbe13c6ba40bf8bbc19da60bcbec3167878b3,0x09cfee647fa339133380191c8db6b44f24500c9d,0x77b85afbcd336993ac1c65057531c5a5b33b76b8,2026-08-15T17:35:32,repeated_internal_token_drain;dense_internal_fund_flow;complex_trace;high_gas_used_context;token_activity_burst;repeated_risky_internal_calls,0xa9059cbb,true
25759588,0x925362097b3ac916d90f579c282df1483ba7b77dc9869a97146095d627a0738c,0x7b49bc3ebbdf7322f31c6449320382bbec3be1b6,0xad3b67bca8935cb510c8d18bd45f0b94f54a968f,2026-08-15T17:35:32,complex_trace;approval_burst,0x146ee74d,false
25759588,0xb6cd166d632990e2f618c12fcd084a808d85b800dcd9576498313c82d7777fd3,0x10b69b68c4c22ee1349d377560a52e46942b8860,0x0a252663dbcc0b073063d6420a40319e438cfa59,2026-08-15T17:35:32,complex_trace;high_gas_used_context,0xecef9201,false
25759588,0xb77b1d17d346fa16403965637c3af784d0c4de70c90461c07fb3dcb0528638b2,0xf70da97812cb96acdf810712aa562db8dfa3dbef,0xb92fe925dc43a0ecde6c8b1a2709c170ec4fff4f,2026-08-15T17:35:32,dense_internal_fund_flow;complex_trace,0xcd6e13f7,true
25759588,0x4a2371398558c57b190a8d8a2676eee21a931702bab32e43cee2755e148d7e4d,0x4838b106fce9647bdf1e7877bf73ce8b0bad5f97,0xfeeeeee44046c3f61a8cc081e0918ef0de0a7ffc,2026-08-15T17:35:33,selfdestruct_context,0x6a8032db,true
25759589,0x0db16c77d320f6e1db1a13c017f504987b4610993be2bcae3a83ad454288486f,0xdda3b51e29f9d6fad865c5dd7070d5f7eb57663e,0x8d8210a0252a706cb5de0c6f8e46b6d3692afc19,2026-08-15T17:35:43,complex_trace;high_gas_used_context,0xffc3a769,false
25759589,0x8991c23a9f6910fae43c0addf3982e4e3dfe8f0a9f8bda2a1fb66cc030fc6c85,0x7b08d43fcf54a70d929931b40eae8a012107325e,0x004395edb43efca9885cedad51ec9faf93bd34ac,2026-08-15T17:35:43,complex_trace;high_gas_used_context,0xac9650d8,false
25759589,0x809e5c231a2519ad986af17628d047483b8ea3c6ca62c394424543474eb89f65,0x3431172c887cf150d9fdaba9876273d9db566367,0x64f5aad0e38e2ff9f50f2e51e813e49c05aca41a,2026-08-15T17:35:44,complex_trace;high_gas_used_context;token_activity_burst,0xa9059cbb,false
25759590,0x082224f74b92846f2caa6fdebb6ba6e7bbd9f699536adf114df77f11d617a9ff,0x4838b106fce9647bdf1e7877bf73ce8b0bad5f97,0xfeeeeee44046c3f61a8cc081e0918ef0de0a7ffc,2026-08-15T17:35:57,selfdestruct_context,0x6a8032f3,true
25759590,0x3e2f321333dffb037c19e03985bd94fca2ab86a45c2e41e4633f5c19a088948f,0x4838b106fce9647bdf1e7877bf73ce8b0bad5f97,0xfeeeeee44046c3f61a8cc081e0918ef0de0a7ffc,2026-08-15T17:35:57,selfdestruct_context,0x6a8032f3,true
25759590,0x4b59e25db1d510ddecf1b871e490c0c08f982e4e6940703e9f56790c8ca44d61,0x5b43453fce04b92e190f391a83136bfbecedefd1,0xbdb3ba9ffe392549e1f8658dd2630c141fdf47b6,2026-08-15T17:35:57,repeated_internal_token_drain;dense_internal_fund_flow;complex_trace;high_gas_used_context;token_activity_burst;repeated_risky_internal_calls,0x000000c3,true
25759590,0x4e68f67ae30a83ffb2ebccdf0a14450be37fe66431abc084aed678854ac0e367,0x4838b106fce9647bdf1e7877bf73ce8b0bad5f97,0xfeeeeee44046c3f61a8cc081e0918ef0de0a7ffc,2026-08-15T17:35:57,selfdestruct_context,0x6a8032f3,true
25759590,0x78972913711191db10509da637a15c76adc4ff07b8ccb210d16d8b161affec0a,0x8b65363a01510490fba03cea97b14c73b7ee8f75,0x28b1dc1a5e3699a428bc51d234dfab7c9cb2a183,2026-08-15T17:35:57,complex_trace;high_gas_used_context;token_activity_burst,0xf2c42696,false
25759590,0xe21f77da749eeaf50030ae5636a06a366c3a991fa1b9ff20499d809852d6ea77,0xd05078f410d92b6b3ef08a789d1b1c624703df7d,0x88cc0800464fcef3e643a369e8a0532990995eee,2026-08-15T17:35:57,complex_trace;high_gas_used_context,0xedbc849a,false
25759591,0x99cd76172c151d4c703a2fff447c15f9f2ebd9c8f9b38bc5126fefae290ef0b2,0x063e2575eb717cc4031a39726cfeb38096c9fa8a,0x89c6340b1a1f4b25d36cd8b063d49045caf3f818,2026-08-15T17:36:13,large_erc20_asset_flow;complex_trace;high_gas_used_context;token_activity_burst,0x0193b9fc,true
25759591,0x3793c45604f7ef4736c78c5e0d397bba729ee60aea84b67af2a0f932a958d236,0xbbec1e624f65c6426305da9dd4b1c2abf5d5d56a,0xd6c1b15716742689c5b33c19c78d9d2a1494bf33,2026-08-15T17:36:14,complex_trace;high_gas_used_context,0x5f974be9,false
25759591,0x5bc89ee9696450fafce91e67c41b450bff89bfa4a487e1d165ae39f811af08ed,0xae2fc483527b8ef99eb5d9b44875f005ba1fae13,0x1f2f10d1c40777ae1da742455c65828ff36df387,2026-08-15T17:36:14,dense_internal_fund_flow,0x2bad1b01,true
25759591,0xa92d3e4a05a99c88cf798054286a64ff69b29ddf0885f31d744614f838994f28,0x9741ec12f68bdb45e40bc48127c5f0b0dcfe3b09,0x0a252663dbcc0b073063d6420a40319e438cfa59,2026-08-15T17:36:14,dense_internal_fund_flow;large_mint_to_sender;very_complex_trace;high_gas_used_context;token_activity_burst;selfdestruct_context,0xf5878b9b,true
25759591,0xcb3bdc887995ea2730cdc25e26ea010a226ccd5c687c2d3a807773f1cd416046,0xdda3b51e29f9d6fad865c5dd7070d5f7eb57663e,0x8d8210a0252a706cb5de0c6f8e46b6d3692afc19,2026-08-15T17:36:14,complex_trace;high_gas_used_context,0xffc3a769,false
25759591,0x011769a62d39fb01af06c38c1d0895d52f1b6dade8b61dbb51a8591c43326b3a,0x4838b106fce9647bdf1e7877bf73ce8b0bad5f97,0xfeeeeee44046c3f61a8cc081e0918ef0de0a7ffc,2026-08-15T17:36:15,selfdestruct_context,0x6a8032ff,true
25759591,0x99094b8baf2c10f2f33b380bff84bced1f058ffb32836bef05fae86606f62b5d,0x10b69b68c4c22ee1349d377560a52e46942b8860,0x0a252663dbcc0b073063d6420a40319e438cfa59,2026-08-15T17:36:15,complex_trace;high_gas_used_context,0xecef9201,false
25759591,0xe61fbd43aa9a5151212656b3faaba797e126ca4124fd3671c99029c155895633,0x722f64e9dc03462dc20c8446f49ed21186544b02,,2026-08-15T17:36:15,large_mint_to_sender;contract_creation_context,0x60806040,true
25759592,0xab59f42d57c89e87af5000d2e17548f068cd517aaeaad0b3b3d5874c0b286e9e,0x5b43453fce04b92e190f391a83136bfbecedefd1,0xbdb3ba9ffe392549e1f8658dd2630c141fdf47b6,2026-08-15T17:36:16,complex_trace;token_activity_burst,0x000000c3,false
25759592,0xd615681a9efd25558c7ff6aac43d1bcb246bb83a7ebf8223e230e0a5cb405209,0x4838b106fce9647bdf1e7877bf73ce8b0bad5f97,0xfeeeeee44046c3f61a8cc081e0918ef0de0a7ffc,2026-08-15T17:36:16,selfdestruct_context,0x6a80330b,true
25759593,0x680297e74c6963fb333ca145a0678f101aed270239b6011db43525d8100002a4,0xdadb0d80178819f2319190d340ce9a924f783711,0xfeeeeee44046c3f61a8cc081e0918ef0de0a7ffc,2026-08-15T17:36:34,selfdestruct_context,0x6a803317,true
25759593,0x82883bdcf324dfdcbed4683737009fdd193d39e80f353010993012ec4e415105,0x26f92e0f3ab3445ebb7a5d0802609b9003dbc341,0xb300000b72deaeb607a12d5f54773d1c19c7028d,2026-08-15T17:36:34,dense_internal_fund_flow;complex_trace,0x810c705b,true
25759593,0x8bb7389252e3ae7327d0220cd1eba8281cefb9f3e9c71948f72661f6698667ee,0x000000000033214a5ae994caa0458c213e82d2ae,0x0000000000be226afde21672a5e4adc45692e69d,2026-08-15T17:36:34,complex_trace;high_gas_used_context;token_activity_burst,0x000a0000,false
25759593,0x8f65d749525379350ecfbe95331fae16bf715ac3d44aa6d10027d38f3fb5bf20,0xdadb0d80178819f2319190d340ce9a924f783711,0xfeeeeee44046c3f61a8cc081e0918ef0de0a7ffc,2026-08-15T17:36:34,selfdestruct_context,0x6a803317,true
25759593,0xb8087c10a7bb743643be8194caaa728ddb9ce8ee17e45315a10b36c2f9e4d9c9,0xdadb0d80178819f2319190d340ce9a924f783711,0xfeeeeee44046c3f61a8cc081e0918ef0de0a7ffc,2026-08-15T17:36:34,selfdestruct_context,0x6a803317,true
25759593,0xd465f4ef9e9e2958e8401338fc40a0a2eeb8429b978cb3152818ab189895cb1f,0x7a27f9586d0895f045b80b3fb1d9d6ef4d54e9bc,0x6131b5fae19ea4f9d964eac0408e4408b66337b5,2026-08-15T17:36:34,large_erc20_asset_flow;complex_trace,0xe21fd0e9,true
25759593,0xe0446d1654dc7ef8e0e83b16393e2b25ebd9dd656ffcd5a93772fc8c45d2f65b,0xdadb0d80178819f2319190d340ce9a924f783711,0xfeeeeee44046c3f61a8cc081e0918ef0de0a7ffc,2026-08-15T17:36:34,selfdestruct_context,0x6a803317,true
25759594,0x08560e928da7ae5b130ce196926a69501aac3ad4879dec95e58b20f0238f1626,0x7556699aa8e6a7c9c69bcfaf9debd05f8192b063,0x84cab37995229530d9e6e5cff2f8f4ebe4517d66,2026-08-15T17:37:00,complex_trace;high_gas_used_context;token_activity_burst,0xe587456a,false
25759594,0x29a9695fa7cfdadf42c7be96ec7f101f4ed2b76e28f7f5ed96d5f6b78f134757,0xdadb0d80178819f2319190d340ce9a924f783711,0xfeeeeee44046c3f61a8cc081e0918ef0de0a7ffc,2026-08-15T17:37:02,selfdestruct_context,0x6a803323,true
25759594,0x39d53228aac30634d60314353d47a6117cb77ee7ce28a62150c353696b8082c5,0xdadb0d80178819f2319190d340ce9a924f783711,0xfeeeeee44046c3f61a8cc081e0918ef0de0a7ffc,2026-08-15T17:37:02,selfdestruct_context,0x6a803323,true
25759594,0x43de47165ac07acbab6803ae29c9eca96c6a85134d85bcf83e80713ca5d8fe6a,0xe99bd1c2dd70cd58e5efd47887991700e7318ce2,0xad3b67bca8935cb510c8d18bd45f0b94f54a968f,2026-08-15T17:37:02,complex_trace;high_gas_used_context;token_activity_burst;approval_burst,0x146ee74d,false
25759594,0x480bac04a3f544cd4238c06eb64a7ac5e645168314ea808e2a2e9f989ffd6c3d,0x59aab1bd0d26290274398c07b55955c15425e16b,0x00fe78205f5f0e63b8ad2b2ae5337f538a610e04,2026-08-15T17:37:02,complex_trace;high_gas_used_context;token_activity_burst,0x34fcd5be,false
25759594,0x4a699cda4004678664d08f51f146df638110e5a26b68568015523f61bd66dc72,0x59aab1bd0d26290274398c07b55955c15425e16b,0x00fe78205f5f0e63b8ad2b2ae5337f538a610e04,2026-08-15T17:37:02,complex_trace;high_gas_used_context,0x34fcd5be,false
25759594,0x7ca9dcee5d69d1e218a6fe00e1b09a5b68c9ab6a2735afb0a957327663cc5aef,0xdadb0d80178819f2319190d340ce9a924f783711,0xfeeeeee44046c3f61a8cc081e0918ef0de0a7ffc,2026-08-15T17:37:02,selfdestruct_context,0x6a803323,true
25759594,0xbf2f21c663e92facd5737cd7301ef65aff4fa2453fc8eced1c075977ee9057f8,0xdb57fdf5fd24a9d0e1ea94552eb2c7bdcb28fa27,0xd01607c3c5ecaba394d8be377a08590149325722,2026-08-15T17:37:02,dense_internal_fund_flow;complex_trace,0xe74f7b85,true
25759594,0xc9a2c81855507fd3519205e712bc0351fba31860ab1b1d949e342d7f2b92d540,0xe91bcae4a2d7b951304695f93cf1b9a1837cfe43,0x7ec8a30a34b86927dc77b302603d1d53e640bef7,2026-08-15T17:37:02,high_gas_used_context;token_activity_burst,0xa9059cbb,false
25759594,0xca58d96a1bf432c66e5512eb115680f51fff90ae31426ad8eab92e34200784e9,0xdadb0d80178819f2319190d340ce9a924f783711,0xfeeeeee44046c3f61a8cc081e0918ef0de0a7ffc,2026-08-15T17:37:02,selfdestruct_context,0x6a803323,true
25759594,0xfa636f0debb6fa0bcc3c91cf1a5aab06dc461e94cf4f34e6ec27d883ba889d1a,0xdadb0d80178819f2319190d340ce9a924f783711,0xfeeeeee44046c3f61a8cc081e0918ef0de0a7ffc,2026-08-15T17:37:02,selfdestruct_context,0x6a803323,true
25759594,0xfcbc028ce30920692ce3d94237923c1a809a09945887abb91147d33eec23119e,0xde7a849216aa3884d53d84ecb02c19eb67e5dae2,0x7d9f4ca54131e588fc1fe577973b55fb11231e76,2026-08-15T17:37:02,high_gas_used_context;token_activity_burst,0x6aac3a0b,false
25759596,0x34e4bb55ce9d9170030b666afec9428a2b250c78acfcd936aadd685592f3b871,0xde992badd92adaf9146255e9bde6a70770973664,0x3d0f22bf11636cc9cb129e2b261eed35a487455c,2026-08-15T17:37:16,complex_trace;high_gas_used_context,0xa9059cbb,false
25759596,0x9af9f5144e5c53b559e310824c294db26dd8773070a8047e3c2e48c83b83a9d5,0x05854d0c70d2f696fb3d9c0863100956b795e2ff,0x0fb6e8ecd8ca55c79122f4e114fb46afe1924089,2026-08-15T17:37:16,complex_trace;high_gas_used_context;token_activity_burst;approval_burst,0x9d83fd7f,false
25759596,0xa22b8239f1e9df681405716f29c75a8529110a2966e63064c8279a672d828784,0x59aab1bd0d26290274398c07b55955c15425e16b,0x00fe78205f5f0e63b8ad2b2ae5337f538a610e04,2026-08-15T17:37:16,complex_trace;high_gas_used_context,0x34fcd5be,false
25759597,0x0de4b516ee898060d78f115aed380beee1e0e31fc94de53a441f829c11164534,0xe99bd1c2dd70cd58e5efd47887991700e7318ce2,0xad3b67bca8935cb510c8d18bd45f0b94f54a968f,2026-08-15T17:37:20,repeated_internal_token_drain;dense_internal_fund_flow;very_complex_trace;high_gas_used_context;token_activity_burst;approval_burst;repeated_risky_internal_calls,0x146ee74d,true
25759597,0x6c8f93cf4f0241ffa27152eb3a71bae509a31abf0f73deed9978fc20be20ff63,0xe75ed6f453c602bd696ce27af11565edc9b46b0d,0x81463b0f960f247f704377661ec81c1fd65b5128,2026-08-15T17:37:20,complex_trace;high_gas_used_context;token_activity_burst,0x6d2c9d20,false
25759597,0x8389ed8f0a509dabe765e7e7b28e5edc0473e475765d91fa6f36608d7df668bf,0x7830c87c02e56aff27fa8ab1241711331fa86f43,0xa9d1e08c7793af67e9d92fe308d5697fb81d3e43,2026-08-15T17:37:20,large_erc20_asset_flow,0xca350aa6,true
25759597,0x21c771b28a037188a458aba58de54480311cdd3e6cb3146eec42bbb0e06b9d5a,0x7556699aa8e6a7c9c69bcfaf9debd05f8192b063,0x84cab37995229530d9e6e5cff2f8f4ebe4517d66,2026-08-15T17:37:21,complex_trace;high_gas_used_context;token_activity_burst,0xe587456a,false
25759597,0x9f72951c46e191e160b6714dd71f229411c730a425324b3a41a97b72660c10bf,0x0e0052a184fd59c6b7e1e99d739802ecb3aec0e4,0xd82461784eb72d4b67cbab077989eb215315e272,2026-08-15T17:37:21,complex_trace;high_gas_used_context;token_activity_burst;approval_burst,0xac9650d8,false
25759597,0x0d2d903e4e61be09d72d72c623f65c7d6be5c256dd73f2b493bb5d378fa1d0af,0x4337016838785634c63fce393bfc6222564436c4,0x0000000071727de22e5e9d8baf0edac6f37da032,2026-08-15T17:37:22,privileged_execution_context;complex_trace,0x765e827f,false
25759597,0x16178cd2bb42860c3a18d5b96f76775b31bf5e2621506078c21e9c6546b8c3bc,0xdadb0d80178819f2319190d340ce9a924f783711,0xfeeeeee44046c3f61a8cc081e0918ef0de0a7ffc,2026-08-15T17:37:22,selfdestruct_context,0x6a803347,true
25759597,0x6573a1caf500738ca21ba9bd9fb7883c10a1757d9eca7334fc839b632170512c,0xdda3b51e29f9d6fad865c5dd7070d5f7eb57663e,0x8d8210a0252a706cb5de0c6f8e46b6d3692afc19,2026-08-15T17:37:22,complex_trace;high_gas_used_context,0xffc3a769,false
25759597,0x6c9c1eb5fb7006bc1b0ab237fdce115e17107c7c71676e9b43e65cafb1a78854,0xdadb0d80178819f2319190d340ce9a924f783711,0xfeeeeee44046c3f61a8cc081e0918ef0de0a7ffc,2026-08-15T17:37:22,selfdestruct_context,0x6a803347,true
25759597,0x6d8bb2c7f1c9d909ca823a75772ccf389992089bdbf37240f5634a7a0dffb15b,0x00d9fe085d99b33ab2aae8063180c63e23bf2e69,0x75884f3ada15c953529abaac6549d5204135ec36,2026-08-15T17:37:22,repeated_internal_token_drain;dense_internal_fund_flow;complex_trace;high_gas_used_context;token_activity_burst;repeated_risky_internal_calls,0xa9059cbb,true
25759597,0xaf33fecacf862f6d760ed1f527ea0fa8a6e0260e3fddf75e6df30de2c2e3e258,0xdadb0d80178819f2319190d340ce9a924f783711,0xfeeeeee44046c3f61a8cc081e0918ef0de0a7ffc,2026-08-15T17:37:22,selfdestruct_context,0x6a803347,true
25759597,0xca888501253c5dff1d8e4e5a4735d4d2c448027cb51001ac4e15f1003c29faaf,0xdadb0d80178819f2319190d340ce9a924f783711,0xfeeeeee44046c3f61a8cc081e0918ef0de0a7ffc,2026-08-15T17:37:22,selfdestruct_context,0x6a803347,true
25759598,0x5a98b593db4076eb9d08c9ef6430b743c388c1bdb2954b336a3bb4be0b38da2c,0x5b43453fce04b92e190f391a83136bfbecedefd1,0xbdb3ba9ffe392549e1f8658dd2630c141fdf47b6,2026-08-15T17:37:44,dense_internal_fund_flow;complex_trace;high_gas_used_context;token_activity_burst,0x000000c3,true
25759598,0xffb330eb4d6cf9421335ab3c578a566c410126a48f0ca8daa80962b9a8331eef,0xdda3b51e29f9d6fad865c5dd7070d5f7eb57663e,0x8d8210a0252a706cb5de0c6f8e46b6d3692afc19,2026-08-15T17:37:44,complex_trace;high_gas_used_context,0xffc3a769,false
25759598,0x032d741b840b96446298af8fe74e1102dc2477bbb86b0360886bdc0d92706edd,0x4838b106fce9647bdf1e7877bf73ce8b0bad5f97,0xfeeeeee44046c3f61a8cc081e0918ef0de0a7ffc,2026-08-15T17:37:45,selfdestruct_context,0x6a803353,true
25759598,0x68810f520f9ebf1ab187f35b1084acd453e54cdde21da7ccc5558fa66f4cfa2a,0x10b69b68c4c22ee1349d377560a52e46942b8860,0x0a252663dbcc0b073063d6420a40319e438cfa59,2026-08-15T17:37:45,complex_trace;high_gas_used_context,0xecef9201,false
25759599,0x4d340c36045e90566faca27263aff12015f895bc3a063ceb768c68eeb3c51d22,0x67e9a44d435c558649aa90ab88627bdc3498bd2c,0x9733fc344ab1f658925382c9bd69e661972e2719,2026-08-15T17:37:47,complex_trace;high_gas_used_context,0x1732804f,false
25759599,0x4e3b926a14fc489dc13d179f8a25e6a0ad39a6e3076bfbb54828d4381d0b853c,0xdadb0d80178819f2319190d340ce9a924f783711,0xfeeeeee44046c3f61a8cc081e0918ef0de0a7ffc,2026-08-15T17:37:47,selfdestruct_context,0x6a80335f,true
25759599,0x83ec71e74fc609782d482d138e56a2f1bb926d5bec8325f0e5acbdf94f64d77a,0xdadb0d80178819f2319190d340ce9a924f783711,0xfeeeeee44046c3f61a8cc081e0918ef0de0a7ffc,2026-08-15T17:37:47,selfdestruct_context,0x6a80335f,true
25759600,0x01053daeda412616db85080afd9bb30f543d131dbebfeead28dcd0f6198d8b03,0xce269e6ce7e1ba8bd5c1b11c3933c3ebe95742d9,0xcb0151ac9479a6a0261622baa63ae843c9793d45,2026-08-15T17:38:06,complex_trace;high_gas_used_context;approval_burst,0x64cd187f,false
25759600,0x3df8450540651d54d0c54fc97e35ec526212fcde6e91649fb6f5a79c0715a442,0x9741ec12f68bdb45e40bc48127c5f0b0dcfe3b09,0x0a252663dbcc0b073063d6420a40319e438cfa59,2026-08-15T17:38:06,dense_internal_fund_flow;large_mint_to_sender;very_complex_trace;high_gas_used_context;token_activity_burst;selfdestruct_context,0xf5878b9b,true
25759600,0xb0a0da96da244e104a628500a43e6afdcab17fe79ecf730e69eb48b47c296603,0x605db46b0e02d84e091cf015a2891914a8d61afd,0x8931ae11800eef5c3e2046f9dcb5b0e98579c495,2026-08-15T17:38:06,dense_internal_fund_flow;complex_trace;high_gas_used_context,0x2afaca20,true
25759600,0xc7b33e19bbfcc0dbacbde9c5a44e6cc20031d6f5df27eb0256f0d5291c6ece12,0xae2fc483527b8ef99eb5d9b44875f005ba1fae13,0x1f2f10d1c40777ae1da742455c65828ff36df387,2026-08-15T17:38:06,dense_internal_fund_flow;complex_trace;high_gas_used_context;token_activity_burst;approval_burst,0x2bad1c0a,true
25759600,0x17c4d79bf2828394d2b9f57865228f0ae3bac89be28526513e9de033d0726573,0x0b85086d6c17311a42e1eb88530e2344db846eea,0x888888888889758f76e7103c6cbf23abbf58f946,2026-08-15T17:38:07,large_erc20_asset_flow;complex_trace,0x47f1de22,true
25759600,0x68d85322cbb18e05ac1208d49c35ef0fdcf2461d02eb765631b551d79d1fcdb8,0xcbf9af79425fc466e4c42472f12be598da306d0e,0x5af5194b4b0909eb978e3cf1e25333852277f07d,2026-08-15T17:38:07,complex_trace;high_gas_used_context,0x9aefaff8,false
25759600,0x1a31fc9b34cc3f34dff62d00faa29e2853bcc1d55989607e988ff3f89f869337,0xde992badd92adaf9146255e9bde6a70770973664,0x3d0f22bf11636cc9cb129e2b261eed35a487455c,2026-08-15T17:38:08,complex_trace;high_gas_used_context,0xa9059cbb,false
25759600,0x65125696378ca30f81e1a56c7ae226d57a9dfb6d57f7b0d143c27f136ede3b87,0xdda3b51e29f9d6fad865c5dd7070d5f7eb57663e,0x8d8210a0252a706cb5de0c6f8e46b6d3692afc19,2026-08-15T17:38:08,complex_trace;high_gas_used_context,0xffc3a769,false
25759600,0x7abb032da7cd8b82fcd7cbde2c53c984db2291ee0555637015aea70b38ac2317,0x00000000005a07151ea1d4421aa1bd87946f4bb6,0x0000000000be226afde21672a5e4adc45692e69d,2026-08-15T17:38:08,complex_trace;high_gas_used_context;token_activity_burst,0x000a0000,false
25759600,0xb7ccd42d4eb25c2bca37d3544007bc60bd46a63ba93b3bce7c034db476c26779,0x59aab1bd0d26290274398c07b55955c15425e16b,0x00fe78205f5f0e63b8ad2b2ae5337f538a610e04,2026-08-15T17:38:08,complex_trace;high_gas_used_context,0x34fcd5be,false
25759600,0xbecfa3f1fea532b4ac618d186a2c2a5c14bf2c8fafbbcd5e2cb77070f5c0e203,0x4838b106fce9647bdf1e7877bf73ce8b0bad5f97,0xfeeeeee44046c3f61a8cc081e0918ef0de0a7ffc,2026-08-15T17:38:08,selfdestruct_context,0x6a80336b,true
25759600,0xcef0a0aeb2082b2ffc8fd4cd2d108ca697ac71b44c942b76b64354d00aa3151e,0x96d1d86b1bed64053410fdcc2e3585eb578dde1f,0x66d84feded0e51aeb47ced1bb2fc0221ae8d7c12,2026-08-15T17:38:08,large_erc20_asset_flow,0xb1dc65a4,true
25759600,0xe9901abac75cfaefc2cae9ca27f9ca695205ddddce50341a3cc80947e5d81c3b,0x3d4e12d540cf67a9c38da66a20943acac075725d,0x1eeda6359b726f7e5a662288ed7f1793ed6788b9,2026-08-15T17:38:08,repeated_internal_token_drain;dense_internal_fund_flow;complex_trace;high_gas_used_context;token_activity_burst;repeated_risky_internal_calls,0xa9059cbb,true
25759601,0xc9accb62803726bafd0733885a759803d2a1a37d543ebbf0359bb045288e757c,0xde992badd92adaf9146255e9bde6a70770973664,0x3d0f22bf11636cc9cb129e2b261eed35a487455c,2026-08-15T17:38:37,complex_trace;high_gas_used_context,0xa9059cbb,false
25759601,0x054cf3e282e1a58c8d7023d2de6979b7d49a7c3420f2fa0c08136977e2f105be,0x59aab1bd0d26290274398c07b55955c15425e16b,0x00fe78205f5f0e63b8ad2b2ae5337f538a610e04,2026-08-15T17:38:38,complex_trace;high_gas_used_context,0x34fcd5be,false
25759601,0x350f0d494c63e330743d288f75164e2118a1e63b6ba1f7333118c1563d4a3b95,0xf0e3a38be639b961da57a9739b49f4e359abee29,,2026-08-15T17:38:38,privileged_execution_context;high_gas_used_context;contract_creation_context,0x60806040,false
25759601,0x9ec4e20f4104db8912d6ef0d7397e9af5b32c86ba35cba241b53eeca8520324a,0x4838b106fce9647bdf1e7877bf73ce8b0bad5f97,0xfeeeeee44046c3f61a8cc081e0918ef0de0a7ffc,2026-08-15T17:38:38,selfdestruct_context,0x6a803377,true
25759602,0x0c1dd1ff32a5c40611e3fa619e819dfb3fb62806276407151e0e76fd20b9943a,0xc0ffeebabe5d496b2dde509f9fa189c25cf29671,0xe08d97e151473a848c3d9ca3f323cb720472d015,2026-08-15T17:38:56,dense_internal_fund_flow;complex_trace,0x1d23a9c4,true
25759602,0x45ef65c75957ba2e5ffb9dc70ca54194c9cc5eb6d115968d902378cc214fe50b,0xde992badd92adaf9146255e9bde6a70770973664,0x3d0f22bf11636cc9cb129e2b261eed35a487455c,2026-08-15T17:38:56,complex_trace;high_gas_used_context,0xa9059cbb,false
25759602,0x548a9a7f4814d13eee79f116a3d6ea62c9a335bac66a75ff05e8b4b9bb20e34c,0xfa13d0ef3f3219177cfaddf996416b0c8daf0064,0x28b1dc1a5e3699a428bc51d234dfab7c9cb2a183,2026-08-15T17:38:56,dense_internal_fund_flow;complex_trace,0x0c307f76,true
25759602,0x5c2d9f5bc9eb467114a6aa09b21f1b5ec1c3dd7a5748a9bbab31f3296d1a4ed7,0x59aab1bd0d26290274398c07b55955c15425e16b,0x00fe78205f5f0e63b8ad2b2ae5337f538a610e04,2026-08-15T17:38:56,complex_trace;high_gas_used_context,0x34fcd5be,false
25759602,0x9453e1aa51c0b7b0f280928ccfe14e917853cbc20821ffb52be097e14580d853,0x5b43453fce04b92e190f391a83136bfbecedefd1,0xbdb3ba9ffe392549e1f8658dd2630c141fdf47b6,2026-08-15T17:38:56,complex_trace;token_activity_burst,0x000000c3,false
25759602,0xe107c7566366ce190ccab9e49871a821fab3f679a5f0e3ceb5a0544831a558ed,0xde7a849216aa3884d53d84ecb02c19eb67e5dae2,0x7d9f4ca54131e588fc1fe577973b55fb11231e76,2026-08-15T17:38:56,high_gas_used_context;token_activity_burst,0x6aac3a0b,false
25759602,0xf0ef7d818c4298c2694437679c1f4bcba9be9b321a37b1f48edbad579cf95eac,0xe99bd1c2dd70cd58e5efd47887991700e7318ce2,0xad3b67bca8935cb510c8d18bd45f0b94f54a968f,2026-08-15T17:38:56,repeated_internal_token_drain;dense_internal_fund_flow;complex_trace;high_gas_used_context;token_activity_burst;approval_burst,0x146ee74d,true
25759602,0xfefb535b7d7fbff9cffbc85dee9ed100f7c763a30aad66f86db28c4c791774f5,0x4838b106fce9647bdf1e7877bf73ce8b0bad5f97,0xfeeeeee44046c3f61a8cc081e0918ef0de0a7ffc,2026-08-15T17:38:57,selfdestruct_context,0x6a803383,true
25759603,0x2727be45097d95e3976535dc43df02b4f0e33f4ef6a2bbb1925b3825de42b54c,0x90bbdd77bc54073a45d68e7b79cb3ef862dcfad8,0x28b1dc1a5e3699a428bc51d234dfab7c9cb2a183,2026-08-15T17:39:15,dense_internal_fund_flow;complex_trace;high_gas_used_context,0x0c307f76,true
25759603,0xe703aa3ae4548b90160d99f8a99e89fbf97ef967c5878c4b987fba6b1f9bf666,0x5b43453fce04b92e190f391a83136bfbecedefd1,0xbdb3ba9ffe392549e1f8658dd2630c141fdf47b6,2026-08-15T17:39:15,complex_trace;high_gas_used_context;token_activity_burst,0x000000c3,false
25759603,0xf3aea30422c5e0a41dbc3ada265176da02169cefc41052b39f97accb3f9fae9d,0xde992badd92adaf9146255e9bde6a70770973664,0x3d0f22bf11636cc9cb129e2b261eed35a487455c,2026-08-15T17:39:15,complex_trace;high_gas_used_context,0xa9059cbb,false
25759603,0x4d6924d9c83af48945f542839dc96191eb1d85ad8000fdfd8baafd317020492c,0x59aab1bd0d26290274398c07b55955c15425e16b,0x00fe78205f5f0e63b8ad2b2ae5337f538a610e04,2026-08-15T17:39:16,complex_trace;high_gas_used_context,0x34fcd5be,false
25759603,0x8c10858e19c807b7b33a1ec11bb052a3d1b2c6ca9e7d979e319f85793a84b89a,0x4838b106fce9647bdf1e7877bf73ce8b0bad5f97,0xfeeeeee44046c3f61a8cc081e0918ef0de0a7ffc,2026-08-15T17:39:16,selfdestruct_context,0x6a80338f,true
25759604,0x0f3cf82f5c3e1f58b68ea90b074d6f3bf26695ddc0dbb844566711ea99881b62,0x0b85086d6c17311a42e1eb88530e2344db846eea,0x6566194141eefa99af43bb5aa71460ca2dc90245,2026-08-15T17:39:29,large_erc20_asset_flow;complex_trace,0x374f435d,true
25759604,0x8029768fc75de795a6642fda499717ff521660688d1688dd65c08798deaf5ff2,0x4838b106fce9647bdf1e7877bf73ce8b0bad5f97,0xfeeeeee44046c3f61a8cc081e0918ef0de0a7ffc,2026-08-15T17:39:29,selfdestruct_context,0x6a80339b,true
25759604,0x91b3817fdba684d3786b9c463de251e4f0cb1332487cbe8aa0c8d2c74c1aba67,0xde992badd92adaf9146255e9bde6a70770973664,0x3d0f22bf11636cc9cb129e2b261eed35a487455c,2026-08-15T17:39:29,complex_trace;high_gas_used_context,0xa9059cbb,false
25759604,0xc71f46614b33a6f3da44fa49a8f6164b9b1b462fdd8217a969aac503da92cec6,0xc17782b66726fe9b8b8ad2dc83bcb7728ca4aed8,0x455c51505e90819abdc691b98aee6a11ed41d618,2026-08-15T17:39:29,dense_internal_fund_flow;complex_trace;high_gas_used_context,0xea6e7a04,true
25759604,0xe81a81118454c33ab5dd66eefa7eb24080a10c8c8260924c3f3e8246ecf7de1b,0x59aab1bd0d26290274398c07b55955c15425e16b,0x00fe78205f5f0e63b8ad2b2ae5337f538a610e04,2026-08-15T17:39:29,complex_trace;high_gas_used_context,0x34fcd5be,false
25759605,0x10939c4f2f4d74c161169e5cbfbaa15b883466ee5deea66b5f5828998046453e,0xe99bd1c2dd70cd58e5efd47887991700e7318ce2,0xad3b67bca8935cb510c8d18bd45f0b94f54a968f,2026-08-15T17:39:36,complex_trace;high_gas_used_context;token_activity_burst;approval_burst,0x146ee74d,false
25759605,0x1d358ff01fac8f8dee77e9df585a2ac8440e6aecc722c5fffd28f4651094b34b,0x4838b106fce9647bdf1e7877bf73ce8b0bad5f97,0xfeeeeee44046c3f61a8cc081e0918ef0de0a7ffc,2026-08-15T17:39:36,selfdestruct_context,0x6a8033a7,true
25759605,0x2ee1d156d8764ff568c8556bbbfaa10f851c9fc929ea36e220a4c11c77849d04,0x9fc3da866e7df3a1c57ade1a97c9f00a70f010c8,0xfeeeeee44046c3f61a8cc081e0918ef0de0a7ffc,2026-08-15T17:39:36,selfdestruct_context,0x6a8033a7,true
25759606,0x162246695bd672dc57189407d83174a84579f9aa41b86bb778c3b1ff25098732,0x4838b106fce9647bdf1e7877bf73ce8b0bad5f97,0xfeeeeee44046c3f61a8cc081e0918ef0de0a7ffc,2026-08-15T17:39:39,selfdestruct_context,0x6a8033b3,true
25759606,0x552f51270c0345a1bb0c58a94226408fe84b9d0126d6d9f6afd79c1c83aaae51,0x5b43453fce04b92e190f391a83136bfbecedefd1,0xbdb3ba9ffe392549e1f8658dd2630c141fdf47b6,2026-08-15T17:39:39,complex_trace;high_gas_used_context;token_activity_burst,0x000000c3,false
25759606,0x7733cf2907e81d810fbfe1f78de3a03b792ee5d397dc6cd7e0af96dd3329ccec,0xbd554f774bc3101201a380ea03cc2bef18135a07,0x4b47d7291664beb43e03588e2698e10ba2cd21b3,2026-08-15T17:39:39,complex_trace;approval_burst,0x9eb723c7,false
25759607,0xb5758fd59470f62600c0b356ea1c86a5346126d35ccbb0bc9e157cc2f50d8814,0x50bf934781f63028c5c8ef49c4affe19a86d99b6,0x8d04cc7e86e687854eb41d9d43512b655b93184b,2026-08-15T17:39:44,selfdestruct_context,0xb5291b32,false
25759607,0x2d3a250f5236668a37f5cdec6de75827895597bd0ad7a7f1592c077303ca3ffc,0x1584a8ee67789d1fe161065388657ad2f2a3c7dd,0x77eb52e44db06777bce478159f25c0d55a295314,2026-08-15T17:39:45,repeated_internal_token_drain;dense_internal_fund_flow;complex_trace;token_activity_burst;repeated_risky_internal_calls,0xa9059cbb,true
25759607,0x42360912e5ac05c51dfeb792072ff27e76e6cad2b1e725e7d4af90922732a638,0x23b40f6f998bc1a73918c4c809f666edc28f943b,0x004395edb43efca9885cedad51ec9faf93bd34ac,2026-08-15T17:39:45,complex_trace;high_gas_used_context,0xac9650d8,false
25759607,0x5d8749e285c23b23d1794f08b1e3192f784630fb3d574deb4522de42797213a7,0x5c096ef846447cb935c5d247e4ab2a867ecc33a9,0x00000f91109c4d0007e90000d9facad5298a0cac,2026-08-15T17:39:45,complex_trace;high_gas_used_context;token_activity_burst,0x00000000,false
25759607,0x8fd624cca9fb3d99c789ece9be3ca7460009bc71df7ddd042fc4870f7fee03e5,0x2147838f241fb984f9229fec1c148f0fb58d70a7,0x0a252663dbcc0b073063d6420a40319e438cfa59,2026-08-15T17:39:45,complex_trace;high_gas_used_context,0xecef9201,false
25759607,0x9bb7beb3f56816c84e70f4ca94ca0d6a2555cd622b2271279ffb69bdcedc522b,0x59aab1bd0d26290274398c07b55955c15425e16b,0x00fe78205f5f0e63b8ad2b2ae5337f538a610e04,2026-08-15T17:39:45,complex_trace;high_gas_used_context,0x34fcd5be,false
25759607,0x0d63990e55e4dc08c20fa204a0230bb315b531fde18a2c0ebb2fa45214f20392,0xdadb0d80178819f2319190d340ce9a924f783711,0xfeeeeee44046c3f61a8cc081e0918ef0de0a7ffc,2026-08-15T17:39:46,selfdestruct_context,0x6a8033bf,true
25759607,0x4b76ecf02913517557dfe4ba06bca8f2c3b8c28f0a85478be2ba2efe26e48db3,0x59aab1bd0d26290274398c07b55955c15425e16b,0x00fe78205f5f0e63b8ad2b2ae5337f538a610e04,2026-08-15T17:39:46,complex_trace;high_gas_used_context,0x34fcd5be,false
25759607,0xa3af54b5852e3dde710c638415e802555ed32e581ca0fde23ff13382dc8d3ab9,0xdadb0d80178819f2319190d340ce9a924f783711,0xfeeeeee44046c3f61a8cc081e0918ef0de0a7ffc,2026-08-15T17:39:46,selfdestruct_context,0x6a8033bf,true
25759608,0x210ea670b8aecdc5d878621e0e8277cca3d025c8c9dcfd0ba8beed9bc7274a38,0x0b85086d6c17311a42e1eb88530e2344db846eea,0xb300000b72deaeb607a12d5f54773d1c19c7028d,2026-08-15T17:39:52,large_erc20_asset_flow;complex_trace,0x810c705b,true
25759608,0x833331b4a29063d6fd3b00da20ad57bbbfcf95066513e981ad8a63d4dc9f2002,0x59aab1bd0d26290274398c07b55955c15425e16b,0x00fe78205f5f0e63b8ad2b2ae5337f538a610e04,2026-08-15T17:39:53,complex_trace;high_gas_used_context,0x34fcd5be,false
25759608,0x2d91c27590f3bd720fe35fa52a017f2911f8e6e7f3d687223b04439cac39d857,0x283132390ea87d6ecc20255b59ba94329ee17961,0x604e586f17ce106b64185a7a0d2c1da5bace711e,2026-08-15T17:39:55,large_erc20_asset_flow;complex_trace,0x22bee494,true
25759608,0x55722beefb8e7611d3f9973bb6de56f3bb50cfdffccd1e1bb7f628d60958f975,0xdadb0d80178819f2319190d340ce9a924f783711,0xfeeeeee44046c3f61a8cc081e0918ef0de0a7ffc,2026-08-15T17:39:55,selfdestruct_context,0x6a8033cb,true
25759608,0x947b23dfbdbea6836273a7907c2d853cd3b3d0515c602c3b3ee461826745f4b4,0xdadb0d80178819f2319190d340ce9a924f783711,0xfeeeeee44046c3f61a8cc081e0918ef0de0a7ffc,2026-08-15T17:39:55,selfdestruct_context,0x6a8033cb,true
25759609,0x2091145656dd4e59585e65710d24bc4b9567c56005e761aeb7047a184e40ef64,0x70e59f9c304e4d5096bd408b571e2dcd99c3120b,0xad3b67bca8935cb510c8d18bd45f0b94f54a968f,2026-08-15T17:39:59,complex_trace;high_gas_used_context;token_activity_burst;approval_burst,0x146ee74d,false
25759609,0x4d6a1c9206c152fe693eccda056a67006368332151e5a9daca58d94c1e9081bb,0x10f9e7964ab5b8f1010b74a24d72aa10a2508ad3,0x004395edb43efca9885cedad51ec9faf93bd34ac,2026-08-15T17:39:59,complex_trace;high_gas_used_context,0xac9650d8,false
25759609,0x69405168957ab76aee557ac1af625be7ac47c8e9adcfb072a49f633a54525ef5,0x5aca530c36b8f4605786c485796e80a66ef42830,0x4b47d7291664beb43e03588e2698e10ba2cd21b3,2026-08-15T17:39:59,large_erc20_asset_flow;complex_trace,0x9eb723c7,true
25759609,0xfcccac960937602f01750fb46689802385b0bf83d62c3847f9a7b11d0080613e,0x22face80f43b857141e9752c3bae8c3309fcdd0f,0xa1368d53a26b6f7aacf97575a94b286527f6cf6d,2026-08-15T17:39:59,selfdestruct_context,0xf3fef3a3,false
25759609,0x74b6a9995f39fbd72ac921e097c3b869f217472064d831bd4a089a500e0f97ef,0x59aab1bd0d26290274398c07b55955c15425e16b,0x00fe78205f5f0e63b8ad2b2ae5337f538a610e04,2026-08-15T17:40:00,complex_trace;high_gas_used_context,0x34fcd5be,false
25759609,0x3b5c2abefee93320769b7fbe875f800c9d72e323dcb0ef3df8398a386b0e8089,0xdadb0d80178819f2319190d340ce9a924f783711,0xfeeeeee44046c3f61a8cc081e0918ef0de0a7ffc,2026-08-15T17:40:01,selfdestruct_context,0x6a8033d7,true
25759610,0x4cbe5f21f550d59965d67b08855e4b42f8431114f674bee4864f55aea9cde72f,0xd05078f410d92b6b3ef08a789d1b1c624703df7d,0x88cc0800464fcef3e643a369e8a0532990995eee,2026-08-15T17:40:03,complex_trace;high_gas_used_context,0xedbc849a,false
25759610,0xd721bcb83eb438843e736382f1224cd2273c02a4c5ab81be2bcf1b89e6058aa0,0xbad9895fa47616022e648ddd846119f4c9661ed8,0xafc5a354a159dc900bb9ea1082d3e20a3cd65026,2026-08-15T17:40:03,complex_trace;high_gas_used_context,0x7a4d4b20,false
25759610,0xf1304141087a2db679bf898f9b18bd09a06490679b62a476a70c33e602679553,0x8b65363a01510490fba03cea97b14c73b7ee8f75,0x28b1dc1a5e3699a428bc51d234dfab7c9cb2a183,2026-08-15T17:40:03,complex_trace;high_gas_used_context,0xf2c42696,false
25759611,0x471436354af1396925acbcb665621a7383e14df47365480b29ca989dc9815fa5,0xdda3b51e29f9d6fad865c5dd7070d5f7eb57663e,0x8d8210a0252a706cb5de0c6f8e46b6d3692afc19,2026-08-15T17:40:10,complex_trace;high_gas_used_context,0xffc3a769,false
25759611,0xe2c51ce8ec1c12585f0832369ffbaca6c2857e52133ee52d390d7acdfa831b80,0x70e59f9c304e4d5096bd408b571e2dcd99c3120b,0xad3b67bca8935cb510c8d18bd45f0b94f54a968f,2026-08-15T17:40:10,dense_internal_fund_flow;complex_trace;high_gas_used_context;token_activity_burst;approval_burst,0x146ee74d,true
25759611,0x61595e639e1bb7e6b796ed1a7bf1511d04dd6d3db3b4bab7edb21a41d85f6e4c,0x59aab1bd0d26290274398c07b55955c15425e16b,0x00fe78205f5f0e63b8ad2b2ae5337f538a610e04,2026-08-15T17:40:11,complex_trace;high_gas_used_context,0x34fcd5be,false
25759611,0xaf082e7cbcf2c825c33ebdb5e2751564f2be103143c4b78fb67305f3a15b6fc4,0x3f773dc3ccc70b3d2a549713ac8d556af949d4e8,0x125b367c16c5858f11e12948404f7a1371a0fda3,2026-08-15T17:40:11,dense_internal_fund_flow;complex_trace,0x9435bb43,true
25759611,0xcc9c78b94ced315f0d3ca9bc376d142c0b37538d1386eec9e6ddfbbed67ddf26,0xdadb0d80178819f2319190d340ce9a924f783711,0xfeeeeee44046c3f61a8cc081e0918ef0de0a7ffc,2026-08-15T17:40:11,selfdestruct_context,0x6a8033ef,true
25759611,0xcfb4ae383632c475a3299854460a1a8d0a9ebdb343d589f673a74c55670e0bf7,0x59aab1bd0d26290274398c07b55955c15425e16b,0x00fe78205f5f0e63b8ad2b2ae5337f538a610e04,2026-08-15T17:40:11,complex_trace;high_gas_used_context,0x34fcd5be,false
25759611,0xe6116682ef9b180e1557ae5234c1aea79cf22f75620209d4d705ec9b13dc74d4,0xdadb0d80178819f2319190d340ce9a924f783711,0xfeeeeee44046c3f61a8cc081e0918ef0de0a7ffc,2026-08-15T17:40:11,selfdestruct_context,0x6a8033ef,true
25759612,0x02ea7e81a547b9a0d3831394e46d04e85a8aca246546ced4d88cf84605b2e3b3,0xe99bd1c2dd70cd58e5efd47887991700e7318ce2,0xad3b67bca8935cb510c8d18bd45f0b94f54a968f,2026-08-15T17:40:25,complex_trace;high_gas_used_context;token_activity_burst;approval_burst,0x146ee74d,false
25759612,0xa5d9d9736873456a85981e9f64168d18923ca87b54e37092579cef2f56e2c0ea,0x65a8f07bd9a8598e1b5b6c0a88f4779dbc077675,0x6a000f20005980200259b80c5102003040001068,2026-08-15T17:40:25,complex_trace;high_gas_used_context;token_activity_burst,0xe3ead59e,false
25759612,0x04c149e3e5f16c486c15d4f6ce2f571b6f5d52823338e9bf3f5753db7bdbc228,0xe1a39c7f41c8cff930fe22fa5c754a3bd8e817b2,0x004395edb43efca9885cedad51ec9faf93bd34ac,2026-08-15T17:40:26,complex_trace;high_gas_used_context,0xac9650d8,false
25759612,0x71037202c02a51d41b2e537705eb3e22e102f018a6289e8cddfe58b723cd7802,0xbe0b407782a7599380fa726db315340126d62229,0x4d2fb5f8ec243fde4df1a9678b82238570c7e0e4,2026-08-15T17:40:26,repeated_internal_token_drain;dense_internal_fund_flow;complex_trace;high_gas_used_context;token_activity_burst;repeated_risky_internal_calls,0x6a761202,true
25759612,0x9b086d6af114d8e9dc6dc2241ac260115149c69f52dfffb44ed1d30c1c396609,0x59aab1bd0d26290274398c07b55955c15425e16b,0x00fe78205f5f0e63b8ad2b2ae5337f538a610e04,2026-08-15T17:40:26,complex_trace;high_gas_used_context,0x34fcd5be,false
25759612,0xae6cb9f29768cd557dba17353cb80b46476ae85b2b2a25f41b304bd20653947c,0xdadb0d80178819f2319190d340ce9a924f783711,0xfeeeeee44046c3f61a8cc081e0918ef0de0a7ffc,2026-08-15T17:40:26,selfdestruct_context,0x6a8033fb,true
25759612,0xbb567934a6adcb0ff99a014a9d5a28716dd96e70839bcde1c67eacba0f8559e3,0xde7a849216aa3884d53d84ecb02c19eb67e5dae2,0x7d9f4ca54131e588fc1fe577973b55fb11231e76,2026-08-15T17:40:26,high_gas_used_context;token_activity_burst,0x6aac3a0b,false
25759613,0x324f542d70dc0270720be76a66732708f771c7e4e7a6fa2da74ce2694e9df1e8,0x70e59f9c304e4d5096bd408b571e2dcd99c3120b,0xad3b67bca8935cb510c8d18bd45f0b94f54a968f,2026-08-15T17:40:37,complex_trace;high_gas_used_context;token_activity_burst;approval_burst,0x146ee74d,false
25759613,0x998fa568a3f9efe5a27fa388f53e2ac0cc353c3b304895115fb515324079ee1c,0x6011b76b4b7badc0c4aa28a703a7eedc28334181,0x88cc0800464fcef3e643a369e8a0532990995eee,2026-08-15T17:40:37,complex_trace;high_gas_used_context,0xedbc849a,false
25759613,0xe5b9a0e4cfa479bc541ba9d41248e35e578482c0883d5c4312b9b6d600c9ffe1,0x5b43453fce04b92e190f391a83136bfbecedefd1,0xbdb3ba9ffe392549e1f8658dd2630c141fdf47b6,2026-08-15T17:40:37,complex_trace;high_gas_used_context;token_activity_burst,0x000000c3,false
25759613,0xe7b6872763e163ad1377f821f0254d4b00b6f1d04bd8af393d5c587b748e0325,0x536d4763211552c44dc7331079e26fb41d394786,0xb300000b72deaeb607a12d5f54773d1c19c7028d,2026-08-15T17:40:37,dense_internal_fund_flow;complex_trace;high_gas_used_context,0x810c705b,true
25759613,0xf429b6f1ff2faa14a6ce2bb48b629fdec86a27e7d6194b8f34a52ec2534de48d,0x4838b106fce9647bdf1e7877bf73ce8b0bad5f97,0xfeeeeee44046c3f61a8cc081e0918ef0de0a7ffc,2026-08-15T17:40:37,selfdestruct_context,0x6a803407,true
25759613,0x5baae7d66f12ddfcf1584eca19c0906f3602158990927d937bab213687d32607,0xc2d17664b6f038ffa2eba5e93b73529c596dd492,0x0000000071727de22e5e9d8baf0edac6f37da032,2026-08-15T17:40:38,dense_internal_fund_flow;complex_trace,0x765e827f,true
25759613,0x69056e0d1a800a28aee18bea75d9bed9955cc10e55a087896959df3f98a8de1d,0xdda3b51e29f9d6fad865c5dd7070d5f7eb57663e,0x8d8210a0252a706cb5de0c6f8e46b6d3692afc19,2026-08-15T17:40:38,complex_trace;high_gas_used_context,0xffc3a769,false
25759613,0x71620e7baa31198cd6e763988cf2da8ff6f69ad52bf9c349bdc634a3247fcd17,0x4838b106fce9647bdf1e7877bf73ce8b0bad5f97,0xfeeeeee44046c3f61a8cc081e0918ef0de0a7ffc,2026-08-15T17:40:38,selfdestruct_context,0x6a803407,true
25759613,0x9d9e3095c9810bf7d7ccf63823a7a1c86842f587066240d5ec3c90be220593b5,0x09cfee647fa339133380191c8db6b44f24500c9d,0x77b85afbcd336993ac1c65057531c5a5b33b76b8,2026-08-15T17:40:38,repeated_internal_token_drain;dense_internal_fund_flow;complex_trace;high_gas_used_context;token_activity_burst;repeated_risky_internal_calls,0xa9059cbb,true
25759614,0x58451864cc6a9efe8bd2654fe32141a13ee41368a3e4bd4ee51e9a81e19a4e91,0x7556699aa8e6a7c9c69bcfaf9debd05f8192b063,0x84cab37995229530d9e6e5cff2f8f4ebe4517d66,2026-08-15T17:40:39,complex_trace;high_gas_used_context,0xe587456a,false
25759614,0x3a0e118abecaa27819213dc73056c2c2aee156a89479125161525e0cd056921b,0x50bf934781f63028c5c8ef49c4affe19a86d99b6,0x8d04cc7e86e687854eb41d9d43512b655b93184b,2026-08-15T17:40:40,complex_trace;selfdestruct_context,0x4a1bf18a,false
25759614,0x63bc441f180b343d30c89ec1609a99db6583583f3e1ad4faeb7a6be861c759c4,0x4838b106fce9647bdf1e7877bf73ce8b0bad5f97,0xfeeeeee44046c3f61a8cc081e0918ef0de0a7ffc,2026-08-15T17:40:40,selfdestruct_context,0x6a803413,true
25759615,0x0b4c3ca978087fe5d8313e1e2bd61a7cccca5de453864f9f4cfb47cefb595631,0x70e59f9c304e4d5096bd408b571e2dcd99c3120b,0xad3b67bca8935cb510c8d18bd45f0b94f54a968f,2026-08-15T17:41:07,complex_trace;high_gas_used_context;token_activity_burst;approval_burst,0x146ee74d,false
25759615,0x6228377761e5d3855dad69ed74038024df67099c8a525204dad985fa05783800,0xdda3b51e29f9d6fad865c5dd7070d5f7eb57663e,0x8d8210a0252a706cb5de0c6f8e46b6d3692afc19,2026-08-15T17:41:08,complex_trace;high_gas_used_context,0xffc3a769,false
25759615,0x400edad8e6e213cb7dab51c473cf2936710af54af9b2ddb6b60d3d71ecd929d1,0x8363e6b9cdd6b1783466f3c597947cffd19e6265,0x28b1dc1a5e3699a428bc51d234dfab7c9cb2a183,2026-08-15T17:41:09,complex_trace;high_gas_used_context,0xf2c42696,false
25759615,0x753ba3422f0162cc260fc19d5a43ba605b20a973b8971c7ab4f17a2c9e05c4a2,0x9235910f410478b89f86e06be0e4535335af6dea,0x00000f91109c4d0007e90000d9facad5298a0cac,2026-08-15T17:41:09,complex_trace;token_activity_burst,0x00000000,false
25759615,0xa359f649bd876d859ecb399775c6125b31c98f75362e0e0f404c21c2bc3dbb3d,0x6b68f750303558d8766adeebd20b9712c34b46ff,0xd53e31924d0cfda200769ba80ae6b383dfec92bb,2026-08-15T17:41:09,complex_trace;high_gas_used_context;token_activity_burst,0xe2216330,false
25759616,0x5b7787031bfa4cc46eafc8cf36863ad5c8934f20205057eba550c789c6108901,0xe99bd1c2dd70cd58e5efd47887991700e7318ce2,0xad3b67bca8935cb510c8d18bd45f0b94f54a968f,2026-08-15T17:41:22,complex_trace;token_activity_burst;approval_burst,0x146ee74d,false
25759616,0xcf5d72717f05915e8f09d024d238801b33b7292027f6f9ed98b40d5adfd40136,0xa67d7eb4dc68fa6ce8e34ef8cadaf075b9893fbb,0xccc88a9d1b4ed6b0eaba998850414b24f1c315be,2026-08-15T17:41:22,complex_trace;high_gas_used_context,0x0a2b8f36,false
25759616,0xe830ad30e9937625b37012f568dc18cc049d751f3e55b0e9a2f86e562b9e8c9c,0x90bf8aadcff22779e5cf208f84ef5b7536ae135d,0x0000000000001ff3684f28c67538d4d072c22734,2026-08-15T17:41:22,complex_trace;high_gas_used_context;token_activity_burst,0x2213bc0b,false
25759616,0x0ba1b1514c1f338811cdf882b7863fd3c8551c3f2cc737cf290ee400fe3b6967,0x0b85086d6c17311a42e1eb88530e2344db846eea,0x6566194141eefa99af43bb5aa71460ca2dc90245,2026-08-15T17:41:23,large_erc20_asset_flow;complex_trace,0x374f435d,true
25759616,0x1b3967548d9b7ea3f00f477fce9e8edf9c08f6f506a3021afa5904a0a809f078,0xde992badd92adaf9146255e9bde6a70770973664,0x3d0f22bf11636cc9cb129e2b261eed35a487455c,2026-08-15T17:41:23,complex_trace;high_gas_used_context,0xa9059cbb,false
25759616,0x1be073c9cf39980793f1a3ed8f7279a3daf8595d8fd99476c8dd9a4bb9be2fff,0xdda3b51e29f9d6fad865c5dd7070d5f7eb57663e,0x8d8210a0252a706cb5de0c6f8e46b6d3692afc19,2026-08-15T17:41:23,complex_trace;high_gas_used_context,0xffc3a769,false
25759616,0x9eb595acdb1d72b6563ea01fa0a23c2c79a1b8ce56af1b86f9d806fb75702bfa,0xe976cdd43d91cdb5649c88209aeb81102dce8b76,0x28b1dc1a5e3699a428bc51d234dfab7c9cb2a183,2026-08-15T17:41:23,dense_internal_fund_flow;complex_trace,0x0c307f76,true
25759616,0xf277ff928a6460d619618543b0331061b7eeb79685ffa1145aa898d31b25d5bc,0xe33f59d9b18eb9d98fd964f49c19cec31a7ddaae,0x337685fdab40d39bd02028545a4ffa7d287cc3e2,2026-08-15T17:41:23,dense_internal_fund_flow;complex_trace,0x30dedc57,true
25759617,0xdee472b03c47eb8365aec127d734dd3a69c8baf0a0f0fb4cb9826da2ed1b7ecf,0x7d7dda0bc0c4de51d46d9cdfe101df79da05b2f7,0x28b1dc1a5e3699a428bc51d234dfab7c9cb2a183,2026-08-15T17:41:41,complex_trace;high_gas_used_context,0x0c307f76,false
25759617,0x0e0392d29b1bdf4ab498d641a331650291e3aa3eefe487d24a3d176a2266c457,0x21bf8e0b787e07d9255c7425d3b2e491ac2a345e,0x6131b5fae19ea4f9d964eac0408e4408b66337b5,2026-08-15T17:41:42,complex_trace;high_gas_used_context,0xe21fd0e9,false
25759617,0x616242088101cb3a8cc20db6822b497f4315cfdeb4be299e2fa9847378aee2a3,0x52e868e60b37a637359a010977e4a86b63ab266c,0xacddac6c77318b615f7f6fb9bb67c6833e9c05f1,2026-08-15T17:41:42,large_erc20_asset_flow;complex_trace,0x571d3dc7,true
25759617,0x521db577e57d889fc4633435831587cebe38cd3933bc1711fe760f43b834e38d,0x5eeb94a80714c64b8931e8fdcc26db123d2b7bf7,0x0de8bf93da2f7eecb3d9169422413a9bef4ef628,2026-08-15T17:41:43,dense_internal_fund_flow;large_mint_to_sender;very_complex_trace;high_gas_used_context;token_activity_burst,0xc2580804,true
25759617,0x61621b060feee94a4025e225d54e40a97b3a89c038cdfa32f0eb02e1f244998b,0xdda3b51e29f9d6fad865c5dd7070d5f7eb57663e,0x8d8210a0252a706cb5de0c6f8e46b6d3692afc19,2026-08-15T17:41:43,complex_trace;high_gas_used_context,0xffc3a769,false
25759618,0x24cad446deb10e5e614f38c945fa7ec383d03fcd4f1443e6322dbe7b3bc890c7,0x5b43453fce04b92e190f391a83136bfbecedefd1,0xbdb3ba9ffe392549e1f8658dd2630c141fdf47b6,2026-08-15T17:41:44,complex_trace;high_gas_used_context;token_activity_burst,0x000000c3,false
25759618,0xbf6b1d1da75e650ab8a33e9f78707eb5ec41f6d4a7ca0935fd3a4113b186bb77,0x8385c09eff88cabb3523988010c4ca0c5c7a54e3,0x2f9ec37d6ccfff1cab21733bdadede11c823ccb0,2026-08-15T17:41:44,dense_internal_fund_flow,0xb77d239b,true
25759618,0x89d35c5fbcd943cac390bb45f3cf202591c38773ea9cd146d997c01f1b798269,0x4838b106fce9647bdf1e7877bf73ce8b0bad5f97,0xfeeeeee44046c3f61a8cc081e0918ef0de0a7ffc,2026-08-15T17:41:45,selfdestruct_context,0x6a803443,true
25759619,0x29c54999e777f6f4f6d8b875db8409da3d982c748958c4be1f5a96be2df207ba,0x1fee0d6bbdd046daf9797c3b1b650243ac01a69f,0x111631619f8a9f4c96db7427c5dd658976483102,2026-08-15T17:41:46,complex_trace;high_gas_used_context,0x7dfefc60,false
25759619,0x394681f42f4aa7705860e3b5e0adf2bf1c143fe99a30630f57c00bc5ae6d0c55,0xba95c4da0864eb0a16bc5b3745fe88322903faec,0x11d37051ba4a154e4375fc31694b3aeb74123563,2026-08-15T17:41:46,complex_trace;high_gas_used_context,0xfdc62f2a,false
25759619,0x7ddfaac8aaafae359100904e682e818aca899970b0fdb9ab7e630231c095c795,0x5b43453fce04b92e190f391a83136bfbecedefd1,0xbdb3ba9ffe392549e1f8658dd2630c141fdf47b6,2026-08-15T17:41:46,dense_internal_fund_flow;complex_trace;high_gas_used_context;token_activity_burst,0x000000c3,true
25759619,0x38886173d21887da51f0e913dacc12e85d7f0ff8820ee4c7fe34b37d3f5df989,0x4838b106fce9647bdf1e7877bf73ce8b0bad5f97,0xfeeeeee44046c3f61a8cc081e0918ef0de0a7ffc,2026-08-15T17:41:47,selfdestruct_context,0x6a80344f,true
25759620,0xa5e0d1aa38b4703d69e36576315d49506aa3c3f5028b64cae837833da6b150b7,0x8b65363a01510490fba03cea97b14c73b7ee8f75,0x28b1dc1a5e3699a428bc51d234dfab7c9cb2a183,2026-08-15T17:42:19,complex_trace;high_gas_used_context;token_activity_burst;approval_burst,0xf2c42696,false
25759620,0xdb4f2f7e6e3060d4f16b3fa69e6480a6e9d9c5a3d5b005439baf34d64c378105,0x7556699aa8e6a7c9c69bcfaf9debd05f8192b063,0x84cab37995229530d9e6e5cff2f8f4ebe4517d66,2026-08-15T17:42:19,complex_trace;high_gas_used_context,0xe587456a,false
25759620,0x9149e118f35f186c2748413e828ed52bbe6a3089544199eea31d1b7ab7f7806f,0x774252ec43707380b3ce4bd3350687972681d3f3,0x1231deb6f5749ef6ce6943a275a1d3e7486f4eae,2026-08-15T17:42:20,dense_internal_fund_flow,0x1794958f,true
25759620,0x06a34b62f3b45f973222bf2399cf8a890993a323c26a4ded0d518ef5ec31bf3c,0xdadb0d80178819f2319190d340ce9a924f783711,0xfeeeeee44046c3f61a8cc081e0918ef0de0a7ffc,2026-08-15T17:42:21,selfdestruct_context,0x6a80345b,true
25759620,0x316ee4147642fdb0e9a97d6eb9bb3d5d178fb5cea7408d4d432780635f465596,0xdadb0d80178819f2319190d340ce9a924f783711,0xfeeeeee44046c3f61a8cc081e0918ef0de0a7ffc,2026-08-15T17:42:21,selfdestruct_context,0x6a80345b,true
25759620,0xabda30f25debfd7b3683250402c43b08ed85d131b6eee01cb90c108407b21111,0xde992badd92adaf9146255e9bde6a70770973664,0x3d0f22bf11636cc9cb129e2b261eed35a487455c,2026-08-15T17:42:21,complex_trace;high_gas_used_context,0xa9059cbb,false
25759620,0xd598f91aed15576498989e03c8832058bedbbbbc548aa8c8ab6606980f7fe905,0xdadb0d80178819f2319190d340ce9a924f783711,0xfeeeeee44046c3f61a8cc081e0918ef0de0a7ffc,2026-08-15T17:42:21,selfdestruct_context,0x6a80345b,true
25759621,0x0b1b3e8ac3840aa6e8a5d67f67c8597345eef16d3fec12c343eef82f24456204,0xde992badd92adaf9146255e9bde6a70770973664,0x3d0f22bf11636cc9cb129e2b261eed35a487455c,2026-08-15T17:42:35,complex_trace;high_gas_used_context,0xa9059cbb,false
25759621,0x9c653b86577faf0473ea672d15379f811a50addd69da8ebdcdd6cb8cffda8988,0x59aab1bd0d26290274398c07b55955c15425e16b,0x00fe78205f5f0e63b8ad2b2ae5337f538a610e04,2026-08-15T17:42:35,complex_trace;high_gas_used_context,0x34fcd5be,false
25759621,0xc131f1fc7876c92df2983515d14c24124fb1bc887518a9e80def45e791eeeb4d,0x59aab1bd0d26290274398c07b55955c15425e16b,0x00fe78205f5f0e63b8ad2b2ae5337f538a610e04,2026-08-15T17:42:35,complex_trace;high_gas_used_context,0x34fcd5be,false
25759622,0x3beac9146e4443fc99ce1b23f23c0fd903f61f1ccb89bb4acc6c112b287a889f,0x5b43453fce04b92e190f391a83136bfbecedefd1,0xbdb3ba9ffe392549e1f8658dd2630c141fdf47b6,2026-08-15T17:42:37,complex_trace;high_gas_used_context;token_activity_burst,0x000000c3,false
25759622,0x5e5ab1a61e2d0ee6733fd07a478f9f6960a46a1fe2f0785b3078f625fa626dfe,0xe2da046340e00264c4f0443243a0565007ae08ac,0x0939726264f2667429ef68e2b3734ecfbbad3abb,2026-08-15T17:42:37,complex_trace;high_gas_used_context,0x380db829,false
25759622,0x63d05e0467464406fb83d523a52a460f7569a6091cf84e8cc5a9236ae3ebe0a7,0xe2da046340e00264c4f0443243a0565007ae08ac,0x595ca88510a9101bd40a244ae92d2a6fc860ea75,2026-08-15T17:42:37,complex_trace;high_gas_used_context,0x380db829,false
25759622,0x6b5ca7b1c9093dd8b309fdf47932884ac671eaf07468bc5900eca231e05abb93,0x4838b106fce9647bdf1e7877bf73ce8b0bad5f97,0xfeeeeee44046c3f61a8cc081e0918ef0de0a7ffc,2026-08-15T17:42:37,selfdestruct_context,0x6a803473,true
25759622,0x5d3cf004a6c255fd12ba86a032551da29f9f94e336e814ae437d0ccc7f99d0a7,0x4838b106fce9647bdf1e7877bf73ce8b0bad5f97,0xfeeeeee44046c3f61a8cc081e0918ef0de0a7ffc,2026-08-15T17:42:38,selfdestruct_context,0x6a803473,true
25759622,0x72ec7045537959d57a5e83856b1daa9006b3af50bf017f541a678bbe75a3180a,0xc930e93894a698f786326aa50bc78a0d8b28b33f,0x7251febeabb01ec9de53ece7a96f1c951f886dd2,2026-08-15T17:42:38,large_erc20_asset_flow;complex_trace,0xec5b999d,true
25759622,0x962109d9b1ba0210dafb1e786c9a35d017b6047caea2159f4f573a955f0535e3,0x43370371e0bb085d04d02a815230aaf67b35ef25,0x0000000071727de22e5e9d8baf0edac6f37da032,2026-08-15T17:42:38,privileged_execution_context;complex_trace,0x765e827f,false
25759623,0x19ec00fbc9677e5b9e5e1371cbd836a81bba6021b92e4a3a474a9b66b764b060,0xc852922b95b6b19850046d42db28ac09a1cfde70,0x0889e9327b98d7d1be3c301a4585ff3330502c9a,2026-08-15T17:42:41,dense_internal_fund_flow,0x1fff991f,true
25759623,0x3451ce23f4ed380e884c789c224a79ff51bd8d0cd21d21f7c2a290f1dc49b742,0x4838b106fce9647bdf1e7877bf73ce8b0bad5f97,0xfeeeeee44046c3f61a8cc081e0918ef0de0a7ffc,2026-08-15T17:42:41,selfdestruct_context,0x6a80347f,true
25759623,0x71a2cbe876c2a4088f3110bb35c79b1769b05a11192b61e0e5dc924b58da3bfd,0xe99bd1c2dd70cd58e5efd47887991700e7318ce2,0xad3b67bca8935cb510c8d18bd45f0b94f54a968f,2026-08-15T17:42:41,complex_trace;high_gas_used_context;token_activity_burst;approval_burst,0x146ee74d,false
25759623,0xe851be6345a99fc2e6e31553b0c12eee9675df4781183c825077f6c90261a58a,0x80e315140990cf27b2b1fec9aa6281e4230c81c7,0x004395edb43efca9885cedad51ec9faf93bd34ac,2026-08-15T17:42:41,complex_trace;high_gas_used_context,0xac9650d8,false
25759624,0x22809f763266384e6ddf9fea85557051f268c8f8f1dfc625e1bf17b00fadbd58,0x5b43453fce04b92e190f391a83136bfbecedefd1,0xbdb3ba9ffe392549e1f8658dd2630c141fdf47b6,2026-08-15T17:42:42,complex_trace;token_activity_burst,0x000000c3,false
25759624,0x8c575e4ee21cde0b2fa5ae29d95e9f8ce623ef3a29781dd2dd2797dbc65951dd,0x70e59f9c304e4d5096bd408b571e2dcd99c3120b,0xad3b67bca8935cb510c8d18bd45f0b94f54a968f,2026-08-15T17:42:42,complex_trace;token_activity_burst;approval_burst,0x146ee74d,false
25759624,0xbf4eaf0c330609fb6c5ed617a371cbf258da235f1131b865043c370871cd6df5,0x4838b106fce9647bdf1e7877bf73ce8b0bad5f97,0xfeeeeee44046c3f61a8cc081e0918ef0de0a7ffc,2026-08-15T17:42:42,selfdestruct_context,0x6a80348b,true
25759627,0x1615effaf4deaf1d5da39f9788cf26b71df981ee0a5f1dc65fda70efeda14462,0x20dc0eb895022416bacf33c1224a91e6a6aabaff,0xce6ced23118edeb23054e06118a702797b13fc2f,2026-08-15T17:43:38,large_erc20_asset_flow;complex_trace,0xac9650d8,true
25759627,0x2073bf85c9c67e08452e8e922a2b1778ace96f03b9aa0822052f5676e17adb5a,0xb928ba40760fba5eb8ad3ddc78e4472c72d3dc66,0x106caeb1f0e4430ff8545f56bc152946c1b04b05,2026-08-15T17:43:38,privileged_execution_context;complex_trace,0xc6fe8747,false
25759627,0x57c36e9afca936c289cb2b7b81add46f6778c31234c7614d2d16f6432d3ae44c,0x3f33f0592d19d378a91a1e044137481a8fdc7daa,0xcfbfac74c26f8647cbdb8c5caf80bb5b32e43134,2026-08-15T17:43:38,privileged_execution_context,0x4515641a,false
25759627,0x90d5bf71a338dd2faf89ddd73d9ea752d1ae3b88f67219ec29d1890d787c3c9f,0xe99bd1c2dd70cd58e5efd47887991700e7318ce2,0xad3b67bca8935cb510c8d18bd45f0b94f54a968f,2026-08-15T17:43:38,repeated_internal_token_drain;dense_internal_fund_flow;complex_trace;high_gas_used_context;token_activity_burst;approval_burst,0x146ee74d,true
25759627,0xbd77a66e75f4a03466db7c9f988a80ca6e294b1124343b29e2b74bdb0a38c263,0xbdeb408391750c755cebc5bd89ce2f5b577d1d49,0xbca3039a18c0d2f2f84ba8a028c67290bc045afa,2026-08-15T17:43:38,dense_internal_fund_flow,0x2090d831,true
25759627,0xe0c2e5f13cb76126328ef4a8e3224c4a155439d64c95efd72513c609d6c10ba7,0xf23d535a88ebf8faf018b64cdeb1d27c8414dc69,0x0ccb9a2a5ad747baeebf00385da9e98f2e5dc829,2026-08-15T17:43:38,large_erc20_asset_flow;complex_trace,0x833f43c2,true
25759627,0xfac950287861506972fb40c02ce635fc26de44f67475084fcc4f8d9821d63d41,0x3f33f0592d19d378a91a1e044137481a8fdc7daa,0xcfbfac74c26f8647cbdb8c5caf80bb5b32e43134,2026-08-15T17:43:38,privileged_execution_context,0x4515641a,false
25759627,0x0400d08a1b04a68b72dca3edeaae8f8af2756ebda8294ff482c1bd6220060779,0xdadb0d80178819f2319190d340ce9a924f783711,0xfeeeeee44046c3f61a8cc081e0918ef0de0a7ffc,2026-08-15T17:43:39,selfdestruct_context,0x6a8034bb,true
25759627,0x611eb2f6d08007c8666a105e111878ce3eee63867fc5a2a47ea1da311306b1c4,0xfeed46c11f57b7126a773eec6ae9ca7ae1c03c9a,0xbeeff07d991c04cd640de9f15c08ba59c4fedeb7,2026-08-15T17:43:39,complex_trace;high_gas_used_context;token_activity_burst,0xac9650d8,false
25759627,0x7290959cf7f1d07eea32f3d39558e4101eb169d0b41f14a08d7625b63b2d168c,0xdadb0d80178819f2319190d340ce9a924f783711,0xfeeeeee44046c3f61a8cc081e0918ef0de0a7ffc,2026-08-15T17:43:39,selfdestruct_context,0x6a8034bb,true
25759627,0x8399f270cecceb566a870e912c91a53e2d26c4823d7036964b807630d26d29f1,0xdadb0d80178819f2319190d340ce9a924f783711,0xfeeeeee44046c3f61a8cc081e0918ef0de0a7ffc,2026-08-15T17:43:39,selfdestruct_context,0x6a8034bb,true
25759627,0xced2f5d6917a06d0c7b3d0858b87a1ed51795b826d92b700d36f099a98978f58,0xdadb0d80178819f2319190d340ce9a924f783711,0xfeeeeee44046c3f61a8cc081e0918ef0de0a7ffc,2026-08-15T17:43:39,selfdestruct_context,0x6a8034bb,true
25759628,0x16e4aed5e109a250d5aa4174dffdbbd6e2f3c0879e3cb3bccc971c7519d41dae,0xf979e82d831b6a87bc7a9276705e07d35f3f32fd,0x004395edb43efca9885cedad51ec9faf93bd34ac,2026-08-15T17:43:42,complex_trace;high_gas_used_context,0xac9650d8,false
25759628,0x2122dbc44655a5c397e4d2c4efff375db27f1be40cc7499af1644fc089b07eb3,0x5b43453fce04b92e190f391a83136bfbecedefd1,0xbdb3ba9ffe392549e1f8658dd2630c141fdf47b6,2026-08-15T17:43:42,complex_trace;high_gas_used_context;token_activity_burst,0x000000c3,false
25759628,0x3a61972b14f2f16939dbb257c967e1978b4f3f8eaaba1401ddc4acca0c74bd2a,0xf0da142a9c945bb1d7b991953a456b68465f5c71,0x6131b5fae19ea4f9d964eac0408e4408b66337b5,2026-08-15T17:43:42,complex_trace;high_gas_used_context,0xe21fd0e9,false
25759628,0x4281086758f0844c6a0911720234364604bc0d68ef1b7251976855b4024ad398,0x4838b106fce9647bdf1e7877bf73ce8b0bad5f97,0xfeeeeee44046c3f61a8cc081e0918ef0de0a7ffc,2026-08-15T17:43:42,selfdestruct_context,0x6a8034c7,true
25759628,0x67b3c9da4ecc52ce96ab27a1446960698fdd7083a009e600ea9a0fca26ed3471,0xe7488e7f5c60bfa81d38965c02b4cc5aa6249a11,0x000000000004598d17aad017bf0734a364c5588b,2026-08-15T17:43:42,complex_trace;high_gas_used_context,0x0fbb12dc,false
25759628,0x8d063d167375ca56c183bdfe620d556c90c31d95bbc33604cd8dc42e786fcec3,0xde992badd92adaf9146255e9bde6a70770973664,0x3d0f22bf11636cc9cb129e2b261eed35a487455c,2026-08-15T17:43:42,complex_trace;high_gas_used_context,0xa9059cbb,false
25759628,0x9eb35facfe226c3a20934a7b1f2dc43485c1c683089517cacf45478e1543cf03,0xd714e1d25067c2421ea58b962d900732f77ab23b,0xcd2bdb8af031d29d2bc38ef08b842d31e344384c,2026-08-15T17:43:42,repeated_internal_token_drain;dense_internal_fund_flow;complex_trace;high_gas_used_context;token_activity_burst;repeated_risky_internal_calls,0xa9059cbb,true
25759628,0xf8acb1c39900a4d6ddf3161a6a15d7b96ad90fec40405729820ab693e48a9710,0x8e89520a6766513eedae221f743c3a3af43a0c53,0x6131b5fae19ea4f9d964eac0408e4408b66337b5,2026-08-15T17:43:42,complex_trace;high_gas_used_context,0xe21fd0e9,false
25759629,0x25142935bc709a4bf2b33a109b514e0ba9ab8bcf924448a276e4b9cd4d72132e,0x5b43453fce04b92e190f391a83136bfbecedefd1,0xbdb3ba9ffe392549e1f8658dd2630c141fdf47b6,2026-08-15T17:44:08,complex_trace;token_activity_burst,0x000000c3,false
25759629,0x3f47a752a0b93c3c52d59b164392207ab452f5e3b78a3c20ad5b7e26547cc805,0xd39d5a4861b5c52361a477e8c6c0aad111690fa3,0x0ccd5dd5bcf1af77dc358d1e2f06ee880ef63c3c,2026-08-15T17:44:08,dense_internal_fund_flow,0x0701c374,true
25759629,0x70c173a5781af9fb31e8b721489befb052f693902e6333c1c7d16549bb06838e,0x60d28f3b05f84aa7b01aa866b87f7414a4110000,0xd47d7b2ca130e58f175a83d9b4c53e06bd425489,2026-08-15T17:44:08,privileged_execution_context;high_gas_used_context,0x68130445,false
25759629,0xcccc5449b2835bafabab3fbe20e1d8473718e5555c5e7bfa073e2b446b4dc5d3,0xca7ded7e4f4ba8ab3b10009236ae6d1b95094589,0xb92fe925dc43a0ecde6c8b1a2709c170ec4fff4f,2026-08-15T17:44:08,dense_internal_fund_flow,0xcd6e13f7,true
25759629,0xea6e285e8325636dbe4092cdd4cc3f06ac6b4155f1327c378f6c3ec7b5900b07,0xdb4732b81600e0feac5bfb588ff39e1078242938,0x11890ee9ee6099ac33fd4dfb702f8e8f6d651f17,2026-08-15T17:44:08,complex_trace;high_gas_used_context;token_activity_burst,0x0fbf0a93,false
25759629,0x6f9d88a477f137612f14642967d3227a7ad9403467cd13fbcd0b09617a473377,0x0000000000d2492efc939be52291b4e8e919fb47,0x0000000000be226afde21672a5e4adc45692e69d,2026-08-15T17:44:09,complex_trace;high_gas_used_context;token_activity_burst,0x00000000,false
25759629,0xa366676bc40362bf37623166adc1c52f167036b7d8f3bf0d350ebcbf68c1880d,0x2147838f241fb984f9229fec1c148f0fb58d70a7,0x0a252663dbcc0b073063d6420a40319e438cfa59,2026-08-15T17:44:09,complex_trace;high_gas_used_context,0xecef9201,false
25759629,0xae5619e8cef1fae7b63bcfb6bcd18f4c7928ba79ca7384ef6cf82a9532e64279,0x4838b106fce9647bdf1e7877bf73ce8b0bad5f97,0xfeeeeee44046c3f61a8cc081e0918ef0de0a7ffc,2026-08-15T17:44:09,selfdestruct_context,0x6a8034d3,true
25759630,0x689b792036805aa3d9f1f97421fc2940805b9d0c9a1f02876d60f541375a99bf,0xe9073f06a2dd746cc8d61e37ff53edb1a3885290,0xd90e2f925da726b50c4ed8d0fb90ad053324f31b,2026-08-15T17:44:12,dense_internal_fund_flow,0x13d98d13,true
25759630,0x04cf89d0da33a32834caf10e5c35ea81d24f4c1daf7dd0f8d24ba5d3381d5f79,0xdda3b51e29f9d6fad865c5dd7070d5f7eb57663e,0x8d8210a0252a706cb5de0c6f8e46b6d3692afc19,2026-08-15T17:44:13,complex_trace;high_gas_used_context,0xffc3a769,false
25759630,0x11bb0475d206061c413f0467849397f73819b6caac9867b1cad28429a916875f,0xdadb0d80178819f2319190d340ce9a924f783711,0xfeeeeee44046c3f61a8cc081e0918ef0de0a7ffc,2026-08-15T17:44:13,selfdestruct_context,0x6a8034df,true
25759630,0x3d208d11f6001d43a04a57781f4662506dcf54e92ce3995574fc5e4fdc77930b,0x59aab1bd0d26290274398c07b55955c15425e16b,0x00fe78205f5f0e63b8ad2b2ae5337f538a610e04,2026-08-15T17:44:13,complex_trace;high_gas_used_context,0x34fcd5be,false
25759630,0x3e228c4d641cbefdba9e284c726cd5ef2fe9be002e1eb20bfed1ab4bc8993335,0x09cfee647fa339133380191c8db6b44f24500c9d,0x77b85afbcd336993ac1c65057531c5a5b33b76b8,2026-08-15T17:44:13,repeated_internal_token_drain;dense_internal_fund_flow;complex_trace;high_gas_used_context;token_activity_burst;repeated_risky_internal_calls,0xa9059cbb,true
25759630,0x7e0a7b3f0498a3bb388ece8d89721e19831d27bc59cd80ea1b8e1b37b3612627,0xd6434d157f254276d69ede3bd9fc805482206908,0x7ec8a30a34b86927dc77b302603d1d53e640bef7,2026-08-15T17:44:13,repeated_internal_token_drain;dense_internal_fund_flow;complex_trace;high_gas_used_context;token_activity_burst;approval_burst;repeated_risky_internal_calls,0xa9059cbb,true
25759630,0x7fa47341ff12c035444c2b7d3ed2b2b11f4c2108205ef42bf4809107742eba91,0x59aab1bd0d26290274398c07b55955c15425e16b,0x00fe78205f5f0e63b8ad2b2ae5337f538a610e04,2026-08-15T17:44:13,complex_trace;high_gas_used_context,0x34fcd5be,false
25759630,0x82c7c10a95924052ae3c9dc2af25914f6b43a7e62a432c365924318af38121e7,0xdadb0d80178819f2319190d340ce9a924f783711,0xfeeeeee44046c3f61a8cc081e0918ef0de0a7ffc,2026-08-15T17:44:13,selfdestruct_context,0x6a8034df,true
25759630,0x91f458ac990889f95da9b2de95b16965dff37fce363c9892b1b6d7d6fc1038e8,0xde992badd92adaf9146255e9bde6a70770973664,0x3d0f22bf11636cc9cb129e2b261eed35a487455c,2026-08-15T17:44:13,complex_trace;high_gas_used_context,0xa9059cbb,false
25759630,0xac69f0012436686e0856dc60fe1a11f226274bca7ba687b2d50a60b8965b0878,0x45470e616e83f83e4f2fc7cec2d427b45c63e4f4,,2026-08-15T17:44:13,privileged_execution_context;high_gas_used_context;contract_creation_context,0x60806040,false
25759630,0xb55619c776428d5e76d99b73994712c06c7944a7ac16de0a3e9a7edc79eda044,0xdadb0d80178819f2319190d340ce9a924f783711,0xfeeeeee44046c3f61a8cc081e0918ef0de0a7ffc,2026-08-15T17:44:13,selfdestruct_context,0x6a8034df,true
25759631,0x0def781262a69e9c84e7334e5cf84b8eee83824c2ce96cc581dba4351ccbfbb8,0x5b43453fce04b92e190f391a83136bfbecedefd1,0xbdb3ba9ffe392549e1f8658dd2630c141fdf47b6,2026-08-15T17:44:22,dense_internal_fund_flow;complex_trace;high_gas_used_context;token_activity_burst,0x000000c3,true
25759631,0x63a3d14f41aeacf34bcbc982b638da96d71066836b0eaeaf502e9a7ba1290fb7,0x5b43453fce04b92e190f391a83136bfbecedefd1,0xbdb3ba9ffe392549e1f8658dd2630c141fdf47b6,2026-08-15T17:44:22,dense_internal_fund_flow;complex_trace,0x000000cc,true
25759631,0x8e5d5f2e88a1cbd6b3fda8aca90958fc7a5373630ab2418742713f7598b70cd7,0x9ccbf709d5528aa424e305e4bfddd2a9e5b13c30,0x7ba217e0876c0a0ade69b7ccd21d9be0665ba00f,2026-08-15T17:44:22,complex_trace;high_gas_used_context,0x601881f3,false
25759631,0x15b37101075eb20f2233a3679e11b53873a731827dc7965f65576b29c022029f,0x617ccb6d070f08953c2fc481fb19674162e672f1,0x91ff8bbd8ebb07893010d50a48a1609e5ebd8e34,2026-08-15T17:44:23,complex_trace;high_gas_used_context,0x069d1525,false
25759631,0x51100b71acc441340cce9232ab4b042a50b2c51845ec99d5ec31aac73f9dd2e5,0x6c45b0a56a451a86f67e65ffb090bcde940933cf,0x91ff8bbd8ebb07893010d50a48a1609e5ebd8e34,2026-08-15T17:44:23,complex_trace;high_gas_used_context,0x069d1525,false
25759631,0x729f09615f3b6921fd1f645aadfa6c3f23a61332ef2ccf369b4723e737eff1d4,0xde7a849216aa3884d53d84ecb02c19eb67e5dae2,0x7d9f4ca54131e588fc1fe577973b55fb11231e76,2026-08-15T17:44:23,high_gas_used_context;token_activity_burst,0x6aac3a0b,false
25759631,0x8ff061cb30a9dd353ad8fec2ebf6b2a87e10432f42c3f05893179685589ae798,0xd6434d157f254276d69ede3bd9fc805482206908,0x7ec8a30a34b86927dc77b302603d1d53e640bef7,2026-08-15T17:44:23,repeated_internal_token_drain;dense_internal_fund_flow;complex_trace;high_gas_used_context;token_activity_burst;repeated_risky_internal_calls,0xa9059cbb,true
25759631,0xe276b6c9fc8f5c5d0ead81ef08c9905a108486c23f037d7e05b14848ed6625eb,0x4838b106fce9647bdf1e7877bf73ce8b0bad5f97,0xfeeeeee44046c3f61a8cc081e0918ef0de0a7ffc,2026-08-15T17:44:23,selfdestruct_context,0x6a8034eb,true
25759631,0xf9b0d0c933af3dc672b9edbbe02136b60c1aeb4915266033209464289a736926,0x3917a2b1f67ec6d2de519f24662aadb4e1e63075,0xf75584ef6673ad213a685a1b58cc0330b8ea22cf,2026-08-15T17:44:23,large_erc20_asset_flow,0xb94c3609,true
25759632,0x186d573af819ef1e55266503ed4de928e45fe1a2c20fe7859b8aaf580bfdfacf,0x70e59f9c304e4d5096bd408b571e2dcd99c3120b,0xad3b67bca8935cb510c8d18bd45f0b94f54a968f,2026-08-15T17:44:43,complex_trace;token_activity_burst;approval_burst,0x146ee74d,false
25759632,0x1d124cc9c42f64b233a76e1f694bb68d71db079db825e41f00e4c872980cf2f3,0x6d42aab8b4efd1ad0c5454a040b59ae3c99440b5,0x28b1dc1a5e3699a428bc51d234dfab7c9cb2a183,2026-08-15T17:44:43,large_erc20_asset_flow;complex_trace,0xf2c42696,true
25759632,0x21088c49166096948d3f41208f63bf078117ef5595a71c680401d3c3072df1e4,0x98948d87362b4baee7c0431a3ebaf53b1955b05e,0x27b06e8d52d6ed7ba65b43ad30af71bbe607f687,2026-08-15T17:44:43,large_erc20_asset_flow;complex_trace,0x6a761202,true
25759632,0x549a775de3d66bc0fe5af419e3c6d643dbc69f02549fc24457cca020b73142f2,0x50bf934781f63028c5c8ef49c4affe19a86d99b6,0x8d04cc7e86e687854eb41d9d43512b655b93184b,2026-08-15T17:44:43,selfdestruct_context,0xb5291b32,false
25759632,0x3144bf7ac1471a647ae4739d64440363608485e0b78a7818223fa5034a0dfc1e,0xdda3b51e29f9d6fad865c5dd7070d5f7eb57663e,0x8d8210a0252a706cb5de0c6f8e46b6d3692afc19,2026-08-15T17:44:44,complex_trace;high_gas_used_context,0xffc3a769,false
25759632,0x9cb7705a79249e7a4284831c7528ad88ea9ab0fa2c618d7b55d5537d66c84b8a,0x59aab1bd0d26290274398c07b55955c15425e16b,0x00fe78205f5f0e63b8ad2b2ae5337f538a610e04,2026-08-15T17:44:44,complex_trace;high_gas_used_context;token_activity_burst,0x34fcd5be,false
25759632,0xde50ffdc7f1b4350ccb1394f7651b5d60752c1714dc894b012eef0f474935ebc,0x3cfdc212769c890907bce93d3d8c2c53de6a7a89,0x433709009b8330fda32311df1c2afa402ed8d009,2026-08-15T17:44:44,privileged_execution_context;complex_trace,0x765e827f,false
25759632,0xe2d1d16c2d6386b897ae13079680a045dc6f37bb63ba456c17574d980ffbab87,0x9123b39058c5bcd00d4b0b9142fe9f527ddb562f,0x093272c07700d3ca5301c3bf9b3a392624179e2f,2026-08-15T17:44:44,complex_trace;high_gas_used_context,0xac9650d8,false
25759633,0x697740988bf47833767d52c51f10965e67128b7772176d7c2599d997ba7ba7cf,0xb08b2c3099193bcf05f742ccb7f206635fe243b3,0x91ff8bbd8ebb07893010d50a48a1609e5ebd8e34,2026-08-15T17:44:55,complex_trace;high_gas_used_context,0x069d1525,false
25759633,0x6bf1469a5e9fff4f227d53b616f5d1dcec3ca0ca90e6a56c305d0255987ea3a6,0xf888bd1fc43d4cf0fd68af3c76a36d9c63d9c41e,0x0b7eec847c927e1ea2d6301894923aa39867638f,2026-08-15T17:44:55,dense_internal_fund_flow;very_complex_trace;high_gas_used_context,0x57a67385,true
25759633,0xafe553e080343ffe260b69f85246041ca0359ee89ce8cab3e943aac1d670eac3,0xdda3b51e29f9d6fad865c5dd7070d5f7eb57663e,0x8d8210a0252a706cb5de0c6f8e46b6d3692afc19,2026-08-15T17:44:55,complex_trace;high_gas_used_context,0xffc3a769,false
25759633,0xc718269f4bb0b73966089e2460a755eebe70fe39551eb303edbdf66fac08799e,0xde992badd92adaf9146255e9bde6a70770973664,0x3d0f22bf11636cc9cb129e2b261eed35a487455c,2026-08-15T17:44:55,complex_trace;high_gas_used_context,0xa9059cbb,false
