block_num,tx_hash,from,to,detect_time,attack_signals,selector,has_asset_impact
25756618,0x42f3823ea9d81d35c67496465a435b6c348cd63e1ed39c9b5ea880faf3137729,0x59aab1bd0d26290274398c07b55955c15425e16b,0x00fe78205f5f0e63b8ad2b2ae5337f538a610e04,2026-08-15T07:45:00,complex_trace;high_gas_used_context,0x34fcd5be,false
25756618,0x4800b77b0e921ac2eb9b72b5a8ac60e0f5e65d3ef489f4d8d95aedb2bbff9177,0x4838b106fce9647bdf1e7877bf73ce8b0bad5f97,0xfeeeeee44046c3f61a8cc081e0918ef0de0a7ffc,2026-08-15T07:45:00,selfdestruct_context,0x6a7fa72b,true
25756619,0x88020e4ee1af215b09f0bb58d4fb2b4e11e5ca2905d2a0655eca3843311b56a1,0x54e789d694fef52b454e7a9e445af8c73341b388,0x8f5835e9d756c9bd934bce527157a4b0ef3c5cb7,2026-08-15T07:45:23,large_erc20_asset_flow,0x4a7cf362,true
25756619,0x0334d7eff8e8cb1d875a58a0bb0eec7f2819d458ce36e91a94ed21447d20b399,0x4838b106fce9647bdf1e7877bf73ce8b0bad5f97,0xfeeeeee44046c3f61a8cc081e0918ef0de0a7ffc,2026-08-15T07:45:24,selfdestruct_context,0x6a7fa737,true
25756619,0x63041c3443b8d6492bedc49f0331b7496ba03d35d55d906d42661b663c54c6b7,0xc468315a2df54f9c076bd5cfe5002ba211f74ca6,0xacddac6c77318b615f7f6fb9bb67c6833e9c05f1,2026-08-15T07:45:24,large_erc20_asset_flow;complex_trace,0x571d3dc7,true
25756619,0xaa4de20377019e7ca0e8adde43ec9b987e99f5a5aadd1628a92510b30f2b7f43,0x59aab1bd0d26290274398c07b55955c15425e16b,0x00fe78205f5f0e63b8ad2b2ae5337f538a610e04,2026-08-15T07:45:24,complex_trace;high_gas_used_context,0x34fcd5be,false
25756619,0xee9cb102413886fd29baeea708087347f403c112256544ee37f231d1f3910bc8,0x70e59f9c304e4d5096bd408b571e2dcd99c3120b,0xad3b67bca8935cb510c8d18bd45f0b94f54a968f,2026-08-15T07:45:24,complex_trace;high_gas_used_context;token_activity_burst;approval_burst,0x146ee74d,false
25756620,0xb0504d3eb58207455bc2c77c59795c2d62aa37bc924aae9795a210898bc709b4,0x5b43453fce04b92e190f391a83136bfbecedefd1,0xbdb3ba9ffe392549e1f8658dd2630c141fdf47b6,2026-08-15T07:45:32,dense_internal_fund_flow;complex_trace;high_gas_used_context;token_activity_burst,0x000000c3,true
25756620,0xb6ff45544f0a6a8c7c420739d615f3db0b040eec457063dcce1d244e7f65fca7,0x236b785b23a3d3859c2e1d29c0e3929d9866dbdc,0xe68ab4f90fe026b9873f5f276ed2d7efbbbe42be,2026-08-15T07:45:32,dense_internal_fund_flow;large_erc20_asset_flow,0x614b3341,true
25756620,0x242fc069c5912f7e0f966fd26886a035656d6cf4aca0fc154b58ba0a5359f498,0x4838b106fce9647bdf1e7877bf73ce8b0bad5f97,0xfeeeeee44046c3f61a8cc081e0918ef0de0a7ffc,2026-08-15T07:45:33,selfdestruct_context,0x6a7fa743,true
25756620,0xc2cc562a4651d3d93b24890635913f41aeee8a83beffddd43779461b451526bc,0x6a4164a8cf9b814748ee1e2576e1372e9f15c898,0x0a252663dbcc0b073063d6420a40319e438cfa59,2026-08-15T07:45:33,dense_internal_fund_flow;large_mint_to_sender;very_complex_trace;high_gas_used_context;token_activity_burst;selfdestruct_context,0xf5878b9b,true
25756620,0xc64ab3279e0a89c0b5512e2540911bed5fe79740424bf68f1c4d2c3f03a75a19,0x64edb657dc2e082e40279c9125c891da95155383,0x2f9e97daed494cc886272a70afb625f6ae449c2e,2026-08-15T07:45:33,repeated_internal_token_drain;dense_internal_fund_flow;complex_trace;high_gas_used_context;token_activity_burst;repeated_risky_internal_calls,0x74190688,true
25756620,0xe17f58dce14db3f9022557462db2fd85a0bbb1fab44c8c7ac5944c64727fde30,0x1eda738c90fb3f80067a2e420a1e2f81b75ecaf5,0x4c175ee61c3c1da847e339e1158d61bbd2537046,2026-08-15T07:45:33,complex_trace;high_gas_used_context,0x380db829,false
25756620,0xe873e2988352bc2a01cf47711f63472a988f89c5604b27fe85c9a090e41a859b,0x59aab1bd0d26290274398c07b55955c15425e16b,0x00fe78205f5f0e63b8ad2b2ae5337f538a610e04,2026-08-15T07:45:33,complex_trace;high_gas_used_context,0x34fcd5be,false
25756621,0x182ee27e9f5ae66157134e7c4e97cea752de778b6fc5b5b4563e15abf22612c5,0x5b43453fce04b92e190f391a83136bfbecedefd1,0xbdb3ba9ffe392549e1f8658dd2630c141fdf47b6,2026-08-15T07:45:40,complex_trace;high_gas_used_context;token_activity_burst,0x000000c3,false
25756621,0x96e1abf2452c764d701a0446b21fcb302b806ee5e6b290ac51bc301239bba1eb,0x64edb657dc2e082e40279c9125c891da95155383,0x2f9e97daed494cc886272a70afb625f6ae449c2e,2026-08-15T07:45:40,repeated_internal_token_drain;dense_internal_fund_flow;complex_trace;high_gas_used_context;token_activity_burst;repeated_risky_internal_calls,0x74190688,true
25756621,0x9fc6be4e5d90ba02d03b699b34b92a5cc6541d60aff4a62ce0ac509880d4ce65,0x517540e3a87989bc822a4b6bf487e645f570edbc,0x1231deb6f5749ef6ce6943a275a1d3e7486f4eae,2026-08-15T07:45:40,dense_internal_fund_flow;complex_trace,0x80c65808,true
25756621,0xaa18fb6eae1758dd26ed11b2669cdfc358dd8f65e7f9166c17153c3de4c2a397,0xf47a4719986c175be9b0671385c728d26e7cf67e,0x0000000000001ff3684f28c67538d4d072c22734,2026-08-15T07:45:40,dense_internal_fund_flow;large_erc20_asset_flow;complex_trace,0x2213bc0b,true
25756621,0x198d42e978afc7b177b1691b615cee04897f5f730f6e2c6ba1d6e58459ddad33,0x59aab1bd0d26290274398c07b55955c15425e16b,0x00fe78205f5f0e63b8ad2b2ae5337f538a610e04,2026-08-15T07:45:41,complex_trace;high_gas_used_context,0x34fcd5be,false
25756621,0xe9b562590e7468be5e98c99c250575f735511a4e372f40d4638cea284ab60883,0x4838b106fce9647bdf1e7877bf73ce8b0bad5f97,0xfeeeeee44046c3f61a8cc081e0918ef0de0a7ffc,2026-08-15T07:45:41,selfdestruct_context,0x6a7fa74f,true
25756622,0x0f97a8b6fa36aa58a028cca5105aece55b7a94699172135131dff5e5dc5d2b31,0x7830c87c02e56aff27fa8ab1241711331fa86f43,0xa9d1e08c7793af67e9d92fe308d5697fb81d3e43,2026-08-15T07:45:48,large_erc20_asset_flow;token_activity_burst,0xca350aa6,true
25756622,0x265c615c4a76ab2d0adbc5419875419410c1786e3d766fd72b95b055c7711992,0x883a95fdf8df78e7128fced0e9d931a687ff542f,0x4ebc36dcee3ca916ff4157b51c2a16105a3774b5,2026-08-15T07:45:48,complex_trace;high_gas_used_context,0x1749e1e3,false
25756622,0x8bc600cb85b3c30bddfbc69d2d684ec9e974a22448c5b7b388ded390ac23de95,0x59aab1bd0d26290274398c07b55955c15425e16b,0x00fe78205f5f0e63b8ad2b2ae5337f538a610e04,2026-08-15T07:45:48,complex_trace;high_gas_used_context,0x34fcd5be,false
25756622,0x8d4e93af50a141b2e00f847da991cbed4e070029f5cdd45ce4d3afefbeecfb65,0x7830c87c02e56aff27fa8ab1241711331fa86f43,0xa9d1e08c7793af67e9d92fe308d5697fb81d3e43,2026-08-15T07:45:48,dense_internal_fund_flow,0x1a1da075,true
25756622,0x745c32434ac3de066e43361bcd813c8d6615106cf30325c3df5f78baab9aed66,0x4838b106fce9647bdf1e7877bf73ce8b0bad5f97,0xfeeeeee44046c3f61a8cc081e0918ef0de0a7ffc,2026-08-15T07:45:50,selfdestruct_context,0x6a7fa75b,true
25756622,0xbe40fd0682f1d2567aec31e0692c6a8188839ab25c71ef53b84e487be9f5585b,0x6d3be3f86fb1139d0c9668bd552f05fcb643e6e6,0x43ee0243ea8cf02f7087d8b16c8d2007cc9c7ca2,2026-08-15T07:45:50,large_erc20_asset_flow;complex_trace;high_gas_used_context,0xbaae8abf,true
25756623,0xa814b1b33043dfab07e72bcd6e3f7d329ef7b6e0a4802d15c91a65b4c870f7ce,0xbe0b407782a7599380fa726db315340126d62229,0x4d2fb5f8ec243fde4df1a9678b82238570c7e0e4,2026-08-15T07:45:54,repeated_internal_token_drain;dense_internal_fund_flow;complex_trace;high_gas_used_context;token_activity_burst;repeated_risky_internal_calls,0x6a761202,true
25756623,0xc4e506edcc04751092e13b7857f498fe713cef578da1b067b4e9b25cac992b95,0x59aab1bd0d26290274398c07b55955c15425e16b,0x00fe78205f5f0e63b8ad2b2ae5337f538a610e04,2026-08-15T07:45:54,complex_trace;high_gas_used_context,0x34fcd5be,false
25756623,0xe4fe5a1681785e2be073ef03f818d87a8bbace987cb9b67cc927fa4354d5e523,0x1584a8ee67789d1fe161065388657ad2f2a3c7dd,0x77eb52e44db06777bce478159f25c0d55a295314,2026-08-15T07:45:54,repeated_internal_token_drain;dense_internal_fund_flow;complex_trace;high_gas_used_context;token_activity_burst;repeated_risky_internal_calls,0xa9059cbb,true
25756623,0x13d091f3f73e289f61e556744100a6d97c86e0cfa697363aeecd40d519c40abf,0x4337005db25dbad41da5692ba1188751ee5d98b6,0x4337084d9e255ff0702461cf8895ce9e3b5ff108,2026-08-15T07:45:55,dense_internal_fund_flow;complex_trace;high_gas_used_context,0x765e827f,true
25756623,0x91a58e012226dde6fa61aa6ac0fd45f53ba6a528d094f27b83e71f2f24576af1,0x4838b106fce9647bdf1e7877bf73ce8b0bad5f97,0xfeeeeee44046c3f61a8cc081e0918ef0de0a7ffc,2026-08-15T07:45:56,selfdestruct_context,0x6a7fa767,true
25756624,0x0b22214b629300b95e950eccb9e046c43b569ce8fcbb48bf1a6c9cbf4a05a479,0x4337005db25dbad41da5692ba1188751ee5d98b6,0x4337084d9e255ff0702461cf8895ce9e3b5ff108,2026-08-15T07:46:00,dense_internal_fund_flow;complex_trace,0x765e827f,true
25756624,0x3a1293aff3507adfddaa0d2b279c759a89570e976ad2d559f728eadf18222a84,0x59aab1bd0d26290274398c07b55955c15425e16b,0x00fe78205f5f0e63b8ad2b2ae5337f538a610e04,2026-08-15T07:46:00,complex_trace;high_gas_used_context,0x34fcd5be,false
25756624,0x3f1075c9baf8182096625b480406bc4d8d3672a121fbd1fef8c780ba80858e28,0x3cfdc212769c890907bce93d3d8c2c53de6a7a89,0x0000000071727de22e5e9d8baf0edac6f37da032,2026-08-15T07:46:01,privileged_execution_context;complex_trace,0x765e827f,false
25756624,0xfc6632bbae44245c918886ace3fcc9ca9ca13614340bf31d08f46633f9fc9a0f,0x4838b106fce9647bdf1e7877bf73ce8b0bad5f97,0xfeeeeee44046c3f61a8cc081e0918ef0de0a7ffc,2026-08-15T07:46:01,selfdestruct_context,0x6a7fa773,true
25756625,0x2cc937c672b51d68f10a510508ede1e40408cd474de601d58a61b1305349efa1,0x4337021d22bcd0775a0fd1b4a6665051dc15d995,0x4337084d9e255ff0702461cf8895ce9e3b5ff108,2026-08-15T07:46:06,dense_internal_fund_flow;complex_trace,0x765e827f,true
25756625,0x44614e766f79a8bdb06f41efc44f13f18e1f00aa805337849d2c3a086499bc12,0x59aab1bd0d26290274398c07b55955c15425e16b,0x00fe78205f5f0e63b8ad2b2ae5337f538a610e04,2026-08-15T07:46:06,complex_trace;high_gas_used_context,0x34fcd5be,false
25756625,0x7aad486b7bbce92cf311ed64560b3b761d0f7d4dc7fa5c8164e7a81313b5aafc,0x6582b7c80df319553a988f62436b8a1be6b2b24c,0x0de8bf93da2f7eecb3d9169422413a9bef4ef628,2026-08-15T07:46:06,large_mint_to_sender;complex_trace;high_gas_used_context;token_activity_burst,0xc2580804,true
25756625,0xd2892b1d4df0454b425c76a8c93fe57a259751be8c7e91807560324f37e80192,0x02c4e2d6f5bb6401dee6277ee14e835bb2ff39b1,0x0de8bf93da2f7eecb3d9169422413a9bef4ef628,2026-08-15T07:46:06,large_mint_to_sender;complex_trace;high_gas_used_context;token_activity_burst,0xc2580804,true
25756625,0x5e0b626b743aec518372982d0c817d982b6cb329b663227ebad4fdc22effd10a,0xfb2c579c1d5f82c7b0f2a3479e5f9bc26bd22b62,0x86ebdf902d800f2a82038290b6dbb2a5ee29eb8c,2026-08-15T07:46:07,large_erc20_asset_flow;complex_trace,0xb4dc8294,true
25756625,0x7a3fe23fade345c96e2062652b0e3def78ed33c66852f259cc0c0b17d3480688,0xa0c85ffaff895c0cf5aed1993dc6e3195adf593b,0x9b6eda8460ac664287493038b23f25b03dfbbdb1,2026-08-15T07:46:07,large_erc20_asset_flow;complex_trace,0x469f504f,true
25756626,0x763f2f2b9d804db322672fd5d1fe7b6479d06a5977f5929dbd1942f32ce97f9e,0x5b43453fce04b92e190f391a83136bfbecedefd1,0xbdb3ba9ffe392549e1f8658dd2630c141fdf47b6,2026-08-15T07:46:10,dense_internal_fund_flow;large_erc20_asset_flow,0x000000c3,true
25756626,0xc4deb0403b9ee8c19e8c5b9fb6dfb621911312a5f6949b83e14c0dd37d45e0f3,0xe01a97fc4607a388a41626d5e039fdecbfc6acd9,0xb276f62db0ce8ca2ca5bc522695be604521eac1c,2026-08-15T07:46:10,dense_internal_fund_flow;high_gas_used_context,0xb840cf36,true
25756626,0xfbd6be9b02ef446c2fa4b85d2199d16444d87581dbc387469f24940a0076af35,0xe99bd1c2dd70cd58e5efd47887991700e7318ce2,0xad3b67bca8935cb510c8d18bd45f0b94f54a968f,2026-08-15T07:46:10,dense_internal_fund_flow;complex_trace;high_gas_used_context;token_activity_burst;approval_burst,0x146ee74d,true
25756626,0x7f7eedf639145794242633b64771506735682ef203a99655510781ad6da65a80,0x59aab1bd0d26290274398c07b55955c15425e16b,0x00fe78205f5f0e63b8ad2b2ae5337f538a610e04,2026-08-15T07:46:11,complex_trace;high_gas_used_context,0x34fcd5be,false
25756626,0xbea1ffbff00885c3dbeb97d4a172feb47c06f1bdfa32b6965667f1b32d289f88,0xd6434d157f254276d69ede3bd9fc805482206908,0x7ec8a30a34b86927dc77b302603d1d53e640bef7,2026-08-15T07:46:11,repeated_internal_token_drain;dense_internal_fund_flow;complex_trace;high_gas_used_context;token_activity_burst;repeated_risky_internal_calls,0xa9059cbb,true
25756626,0xe8f98b29444dc315d38018ad4b924913dc5aefc469fa823fa09c0ed81149c89f,0xa85ba5e6fa1ada681c1a2096ef7e1412cc4094ce,0x97caca78ac2a94c67643d07843f85afaa44a3ea5,2026-08-15T07:46:11,dense_internal_fund_flow;complex_trace,0xc02409ba,true
25756626,0xfb4e0dcd08fb5d85aa8c3d9551b78edd19e9a71fdfd4f582d513373daf8c7206,0x4838b106fce9647bdf1e7877bf73ce8b0bad5f97,0xfeeeeee44046c3f61a8cc081e0918ef0de0a7ffc,2026-08-15T07:46:11,selfdestruct_context,0x6a7fa78b,true
25756627,0x6ac9cd6732039947baa0851e855c975b7f1d88520f1b02f77e71d43affe850ec,0x5b43453fce04b92e190f391a83136bfbecedefd1,0xbdb3ba9ffe392549e1f8658dd2630c141fdf47b6,2026-08-15T07:46:16,dense_internal_fund_flow;complex_trace;high_gas_used_context;token_activity_burst,0x000000c3,true
25756627,0xae2ffb6d3e3db1e28a70f336ecf32c9a80685bc0864b2e084976829c8c5feb43,0x7830c87c02e56aff27fa8ab1241711331fa86f43,0xa9d1e08c7793af67e9d92fe308d5697fb81d3e43,2026-08-15T07:46:16,dense_internal_fund_flow,0x1a1da075,true
25756627,0x2a67834b36d9b86178664a3067a1096134782eb2c445ad542a10ee84c26dea82,0xd6434d157f254276d69ede3bd9fc805482206908,0x7ec8a30a34b86927dc77b302603d1d53e640bef7,2026-08-15T07:46:17,repeated_internal_token_drain;dense_internal_fund_flow;complex_trace;high_gas_used_context;token_activity_burst;repeated_risky_internal_calls,0xa9059cbb,true
25756627,0xa8dc6e39e17ded7ee2e74ff4c0e5e6ee6a4bd138721019a274d67d767df8fbe5,0x4838b106fce9647bdf1e7877bf73ce8b0bad5f97,0xfeeeeee44046c3f61a8cc081e0918ef0de0a7ffc,2026-08-15T07:46:17,selfdestruct_context,0x6a7fa797,true
25756628,0x079880834839f80ec8d273b064d7bcea89538dab135d43ac9f051744e7696f6b,0x7b49bc3ebbdf7322f31c6449320382bbec3be1b6,0xad3b67bca8935cb510c8d18bd45f0b94f54a968f,2026-08-15T07:46:22,complex_trace;high_gas_used_context;token_activity_burst;approval_burst,0x146ee74d,false
25756628,0xfd48b4f4b2006a2f4a4d73d5904c45a70bc795049511a82bfc5a3188cd77f123,0xe7bf0c38e866afb8bc3d3ed11412b43cb193cb46,0x8f5835e9d756c9bd934bce527157a4b0ef3c5cb7,2026-08-15T07:46:22,large_erc20_asset_flow,0x4a7cf362,true
25756628,0x80ca7e577c6b7637e62114bb7458f3ab775477c955afabb2b5ccb925c6e6cc29,0x59aab1bd0d26290274398c07b55955c15425e16b,0x00fe78205f5f0e63b8ad2b2ae5337f538a610e04,2026-08-15T07:46:23,complex_trace;high_gas_used_context,0x34fcd5be,false
25756628,0xd9fa6b1a06b0b2ad555f3d92f778e428d703e57ceedf3b988c344a842dd1a7c5,0x59aab1bd0d26290274398c07b55955c15425e16b,0x00fe78205f5f0e63b8ad2b2ae5337f538a610e04,2026-08-15T07:46:23,complex_trace;high_gas_used_context,0x34fcd5be,false
25756628,0xe9a8cb97f11bfeb3f34272525d605f13be81738cc9c24e79fd1e728311cd8af4,0x4838b106fce9647bdf1e7877bf73ce8b0bad5f97,0xfeeeeee44046c3f61a8cc081e0918ef0de0a7ffc,2026-08-15T07:46:23,selfdestruct_context,0x6a7fa7a3,true
25756629,0xeb0e8b8dc70f9745ae246ddcb666eaf89bb006e58f1948fee1ceefd0f9397d35,0x6f12b91bf6da752ada71b7a1a622c57d8a48818a,0x225a38bc71102999dd13478bfabd7c4d53f2dc17,2026-08-15T07:46:26,dense_internal_fund_flow,0xbc4a02e4,true
25756629,0x06d6557563d0f00121164d719f8160ef25d745605841273e97d4ec50b379ed4a,0x4838b106fce9647bdf1e7877bf73ce8b0bad5f97,0xfeeeeee44046c3f61a8cc081e0918ef0de0a7ffc,2026-08-15T07:46:27,selfdestruct_context,0x6a7fa7af,true
25756630,0x4a9eb4d67c98fe9bad9eb1d413d1d3593155160c4ced115c935641102a544aaf,0x5b43453fce04b92e190f391a83136bfbecedefd1,0xbdb3ba9ffe392549e1f8658dd2630c141fdf47b6,2026-08-15T07:46:31,repeated_internal_token_drain;dense_internal_fund_flow;complex_trace;high_gas_used_context;token_activity_burst;repeated_risky_internal_calls,0x000000c3,true
25756630,0x5f21b2cb042db03470034cb352b8828173bc4abba682513d2d5316181817c1b5,0x4838b106fce9647bdf1e7877bf73ce8b0bad5f97,0xfeeeeee44046c3f61a8cc081e0918ef0de0a7ffc,2026-08-15T07:46:31,selfdestruct_context,0x6a7fa7bb,true
25756630,0x78f8356f5e92df6a229cbdbb87345d58f52254d2bd625c5124b984b7bd00917e,0x7830c87c02e56aff27fa8ab1241711331fa86f43,0xa9d1e08c7793af67e9d92fe308d5697fb81d3e43,2026-08-15T07:46:31,large_erc20_asset_flow;token_activity_burst,0xca350aa6,true
25756630,0x88a381553352038bbf7f275591c99c21340d90056df7c57c78fbbcf527be322e,0xce269e6ce7e1ba8bd5c1b11c3933c3ebe95742d9,0xcb0151ac9479a6a0261622baa63ae843c9793d45,2026-08-15T07:46:31,large_erc20_asset_flow;very_complex_trace;high_gas_used_context;token_activity_burst;approval_burst,0x64cd187f,true
25756630,0x89ed00db6f6d036d7c3781ee3248093d5e0909797b4b2a8807cf2501419ae21e,0xe2da046340e00264c4f0443243a0565007ae08ac,0x595ca88510a9101bd40a244ae92d2a6fc860ea75,2026-08-15T07:46:31,complex_trace;high_gas_used_context,0x380db829,false
25756630,0x8a52bc10edaad4827bbd886737a170a69c1c74c6ec436f38801e25bdf7890f74,0xe469ee44d92bb173b7edc576ebb09da55dbfe32e,0x0000000071727de22e5e9d8baf0edac6f37da032,2026-08-15T07:46:31,dense_internal_fund_flow;complex_trace,0x765e827f,true
25756630,0x9aeff751ede57cda3601e56a33af19772e44b7c0f96fad436b6c1f3d147f5415,0x6582b7c80df319553a988f62436b8a1be6b2b24c,0x0de8bf93da2f7eecb3d9169422413a9bef4ef628,2026-08-15T07:46:31,dense_internal_fund_flow;large_mint_to_sender;very_complex_trace;high_gas_used_context;token_activity_burst,0xc2580804,true
25756630,0xb04423f8426c89aefe2d0ad7165bc1d1e133178993a2f5522bb6af0ffbc33bd7,0xee5acb606f57cc19b7365fef6b6939f7a1c1550f,0x28b1dc1a5e3699a428bc51d234dfab7c9cb2a183,2026-08-15T07:46:31,complex_trace;high_gas_used_context,0x0c307f76,false
25756630,0xc18b8eca63cee27113e555336c941887531064ecf326dbd366b1f7c90f66ff45,0xe2da046340e00264c4f0443243a0565007ae08ac,0x0939726264f2667429ef68e2b3734ecfbbad3abb,2026-08-15T07:46:31,complex_trace;high_gas_used_context,0x380db829,false
25756630,0xe871636ded418c28e06be103378372bf4d8035f73190c78c522d3e71217468a8,0x7b49bc3ebbdf7322f31c6449320382bbec3be1b6,0xad3b67bca8935cb510c8d18bd45f0b94f54a968f,2026-08-15T07:46:31,complex_trace;high_gas_used_context;token_activity_burst;approval_burst,0x146ee74d,false
25756630,0xf9b41dad82caaad4013d8e99c0d40dac5141dcbe0b914b655a38b935a9ba68d5,0x9689b11b77d799181612227e474af7da3f49a3e3,0x4313c378cc91ea583c91387b9216e2c03096b27f,2026-08-15T07:46:31,dense_internal_fund_flow;complex_trace,0xeffbec13,true
25756631,0xa248a0d5408584c9cd54a45f1c9fad81398d4c760a8ccae740ce58351b3e24f1,0xf1ba5368bd4a7a1195f9b65894db4ce3261a4192,0x8f5835e9d756c9bd934bce527157a4b0ef3c5cb7,2026-08-15T07:46:34,large_erc20_asset_flow,0x4a7cf362,true
25756631,0x4e1b7417411a775dece68133f0683b3c0cf12651c81bd3c53150862b6418a4c2,0x9fc3da866e7df3a1c57ade1a97c9f00a70f010c8,0xfeeeeee44046c3f61a8cc081e0918ef0de0a7ffc,2026-08-15T07:46:35,selfdestruct_context,0x6a7fa7c7,true
25756631,0x52ef3a9d5cdb5b5fd4b13872228cab5e1f02dfb85f4d88e758cebdc35628c40d,0x7b49bc3ebbdf7322f31c6449320382bbec3be1b6,0xad3b67bca8935cb510c8d18bd45f0b94f54a968f,2026-08-15T07:46:35,repeated_internal_token_drain;dense_internal_fund_flow;complex_trace;high_gas_used_context;token_activity_burst;approval_burst,0x146ee74d,true
25756631,0x8b6bebdc7630841f02538fb034b4ec5f1a7fb9febed74b62e60475aa58ee009d,0x3cfdc212769c890907bce93d3d8c2c53de6a7a89,0x0000000071727de22e5e9d8baf0edac6f37da032,2026-08-15T07:46:35,privileged_execution_context;complex_trace,0x765e827f,false
25756631,0xeadc781fd2d53ecc753feefccc1adcbd5429f3b506117e67d7874114cd0dc543,0xc6acbee42e9e323140c1ed060c2f6ea9cc3b4b75,0x7c5a71c9fefbc7691f9d4ac7baf70c743792f716,2026-08-15T07:46:35,selfdestruct_context,0xf3fef3a3,true
25756632,0x0864191ea4e165df9b024b2123440e5f40ff3236a088c6bdf8c11d2bf83b4b38,0xdda3b51e29f9d6fad865c5dd7070d5f7eb57663e,0x8d8210a0252a706cb5de0c6f8e46b6d3692afc19,2026-08-15T07:46:40,complex_trace;high_gas_used_context,0xffc3a769,false
25756632,0x11f10a31c60053b2a23185039da58a88a761bfb9653e2aacff17c5c112a9171f,0x7b49bc3ebbdf7322f31c6449320382bbec3be1b6,0xad3b67bca8935cb510c8d18bd45f0b94f54a968f,2026-08-15T07:46:40,complex_trace;high_gas_used_context;token_activity_burst;approval_burst,0x146ee74d,false
25756632,0x2199a9f19f9b7d4f8d09bd4ce1fbad598040cf1c30fbd5a8d0cd08cc00da56de,0x70e59f9c304e4d5096bd408b571e2dcd99c3120b,0xad3b67bca8935cb510c8d18bd45f0b94f54a968f,2026-08-15T07:46:40,complex_trace;approval_burst,0x146ee74d,false
25756632,0x60453b99188c0718f646e304479a627b1238815496b9baafc1e590c7555331b1,0x09cfee647fa339133380191c8db6b44f24500c9d,0x77b85afbcd336993ac1c65057531c5a5b33b76b8,2026-08-15T07:46:40,repeated_internal_token_drain;dense_internal_fund_flow;complex_trace;high_gas_used_context;token_activity_burst;repeated_risky_internal_calls,0xa9059cbb,true
25756632,0x6d43ccc79f171cf4c93e103e22a4b8b1432214fda961908f2cf56ea9ec8704ae,0xde7a849216aa3884d53d84ecb02c19eb67e5dae2,0x7d9f4ca54131e588fc1fe577973b55fb11231e76,2026-08-15T07:46:40,repeated_internal_token_drain;dense_internal_fund_flow;complex_trace;high_gas_used_context;token_activity_burst;repeated_risky_internal_calls,0x6aac3a0b,true
25756632,0xa11dfcd2a17593c282ea549cf330ae28af7b7f3ed3ec7df80975956c557ab1a4,0x5c096ef846447cb935c5d247e4ab2a867ecc33a9,0x00000f91109c4d0007e90000d9facad5298a0cac,2026-08-15T07:46:43,complex_trace;high_gas_used_context;token_activity_burst,0x00000000,false
25756632,0xdb5c391f3ef0e99049841c20adbcd1e2239ac7f967c988ca66db3f30e9246277,0x4838b106fce9647bdf1e7877bf73ce8b0bad5f97,0xfeeeeee44046c3f61a8cc081e0918ef0de0a7ffc,2026-08-15T07:46:43,selfdestruct_context,0x6a7fa7d3,true
25756633,0x397d6fc231b7b8acd024f953e2aa52cf3f937070bc4121ac25c32f448dd7755d,0x5b43453fce04b92e190f391a83136bfbecedefd1,0xbdb3ba9ffe392549e1f8658dd2630c141fdf47b6,2026-08-15T07:46:50,complex_trace;high_gas_used_context;token_activity_burst,0x000000c3,false
25756633,0x1e4023ba0a83682c487246f716ab2613f3fd9862c03be8225308e124f9df24e4,0x4838b106fce9647bdf1e7877bf73ce8b0bad5f97,0xfeeeeee44046c3f61a8cc081e0918ef0de0a7ffc,2026-08-15T07:46:51,selfdestruct_context,0x6a7fa7df,true
25756633,0x3aa80e4e02d5ba6beb237c129565cd645ce51adbb857780b398cd437083f5661,0x166ce42df5f4baa94abc5b62c60dab1b3c73d2a3,0x0000000000001ff3684f28c67538d4d072c22734,2026-08-15T07:46:51,large_erc20_profit_to_sender;large_erc20_asset_flow;complex_trace,0x2213bc0b,true
25756633,0xee7c0297acf2b01ef8aba74d156d4a594ebac5a21bc5946ee504a252ec7b12c1,0xdda3b51e29f9d6fad865c5dd7070d5f7eb57663e,0x8d8210a0252a706cb5de0c6f8e46b6d3692afc19,2026-08-15T07:46:51,complex_trace;high_gas_used_context,0xffc3a769,false
25756633,0xfb836ea327fffa5109800251b8844598100514151ba4459bb9e8adb1c9a40991,0xe6668bcd1a52b718fa4650014e52e8baecf0079f,,2026-08-15T07:46:51,complex_trace;high_gas_used_context;token_activity_burst;contract_creation_context,0x60806040,true
25756634,0x15451995351bd0bb4b961e786427c1e8e0737d6e55712fa5a1087c12b53d394b,0xb1ca4a18aff443656f407fa8be3533ff27dde911,0x9da8b48441583a2b93e2ef8213aad0ec0b392c69,2026-08-15T07:46:55,complex_trace;high_gas_used_context,0xe7c438c9,false
25756634,0x2cfb0a6b3faed0b2da01e5d2c8a11235048c556327735e4d358faa7786fa39b8,0x1584a8ee67789d1fe161065388657ad2f2a3c7dd,0x77eb52e44db06777bce478159f25c0d55a295314,2026-08-15T07:46:55,repeated_internal_token_drain;dense_internal_fund_flow;complex_trace;token_activity_burst;repeated_risky_internal_calls,0xa9059cbb,true
25756634,0x72752bfedba545b158bd828139589c619e1f5b64da655055b01dece1d9dc9275,0x4838b106fce9647bdf1e7877bf73ce8b0bad5f97,0xfeeeeee44046c3f61a8cc081e0918ef0de0a7ffc,2026-08-15T07:46:55,selfdestruct_context,0x6a7fa7eb,true
25756634,0xcf0c56ffe6d643db9397111e15b64cabfb314d2334cf378dada651520cab9e09,0x6582b7c80df319553a988f62436b8a1be6b2b24c,0x0de8bf93da2f7eecb3d9169422413a9bef4ef628,2026-08-15T07:46:55,large_mint_to_sender;complex_trace;high_gas_used_context;token_activity_burst,0xc2580804,true
25756634,0xf0e014c185547aea1bf961e8cb4a69646bdf869ddfd31206e2f1992071155ea4,0xdda3b51e29f9d6fad865c5dd7070d5f7eb57663e,0x8d8210a0252a706cb5de0c6f8e46b6d3692afc19,2026-08-15T07:46:55,complex_trace;high_gas_used_context,0xffc3a769,false
25756634,0xf0f6e7f0ba70258449c4afdf4d4e6adf12db7f11d7b7ae225bb55de7ce5fa669,0x7830c87c02e56aff27fa8ab1241711331fa86f43,0xa9d1e08c7793af67e9d92fe308d5697fb81d3e43,2026-08-15T07:46:55,large_erc20_asset_flow,0xca350aa6,true
25756634,0xf99729660afec7fe56152a29197429bb1748a06efa174b0aad8a0f7b267bce23,0xfa87cd29b75e86461ad5330720d2fdd9a9b25baf,0x8f5835e9d756c9bd934bce527157a4b0ef3c5cb7,2026-08-15T07:46:55,large_erc20_asset_flow,0x4a7cf362,true
25756635,0x3d0782cd0796f6ba53952c4b1c44f2845e2e847b98e2747aee5ab3fd300fc363,0x654fae4aa229d104cabead47e56703f58b174be4,0x000000000035b5e5ad9019092c665357240f594e,2026-08-15T07:47:17,large_erc20_asset_flow;complex_trace,0x00000004,true
25756635,0x81a289932b1a71d3a3338d0488feafa956a648b97a14cc985c50da120456d85e,0x654fae4aa229d104cabead47e56703f58b174be4,0x000000000035b5e5ad9019092c665357240f594e,2026-08-15T07:47:17,large_erc20_asset_flow;complex_trace,0x00000004,true
25756635,0xf81eac18d1d0f10c24810dae6026af1f8834754a8efa0f3efdabfeddde80612e,0x50bf934781f63028c5c8ef49c4affe19a86d99b6,0x8d04cc7e86e687854eb41d9d43512b655b93184b,2026-08-15T07:47:18,complex_trace;selfdestruct_context,0x4a1bf18a,false
25756635,0x801c4bc18247756791c046d6465ac71e2f7565295a59a66345bb186cd396fddc,0xdda3b51e29f9d6fad865c5dd7070d5f7eb57663e,0x8d8210a0252a706cb5de0c6f8e46b6d3692afc19,2026-08-15T07:47:19,complex_trace;high_gas_used_context,0xffc3a769,false
25756635,0x34cea92d8086e5c5197a91002b5c0e075a4538b53a2daab05d6c884387bf750a,0xdadb0d80178819f2319190d340ce9a924f783711,0xfeeeeee44046c3f61a8cc081e0918ef0de0a7ffc,2026-08-15T07:47:20,selfdestruct_context,0x6a7fa7f7,true
25756635,0x661d4c2361d4a51c0032e2569065379fff3358e7126b4d711cb83e9e80b97add,0xdadb0d80178819f2319190d340ce9a924f783711,0xfeeeeee44046c3f61a8cc081e0918ef0de0a7ffc,2026-08-15T07:47:20,selfdestruct_context,0x6a7fa7f7,true
25756635,0x7b83f4b3c039963ff50ad2680f12022e57805eb829544a5c492d2a6d14903c95,0xdadb0d80178819f2319190d340ce9a924f783711,0xfeeeeee44046c3f61a8cc081e0918ef0de0a7ffc,2026-08-15T07:47:20,selfdestruct_context,0x6a7fa7f7,true
25756635,0xf80c26bc2bc0724ecaa9f9efa807b5c24340bcc1f12c5ed2a4481c498c15fa83,0x59aab1bd0d26290274398c07b55955c15425e16b,0x00fe78205f5f0e63b8ad2b2ae5337f538a610e04,2026-08-15T07:47:20,high_gas_used_context;token_activity_burst,0x34fcd5be,false
25756636,0x2a7ab0a7aedc1b55bb521ae6527aab1ddbe4de4cbc9ae89745b1096bbc899f2f,0x70e59f9c304e4d5096bd408b571e2dcd99c3120b,0xad3b67bca8935cb510c8d18bd45f0b94f54a968f,2026-08-15T07:47:34,dense_internal_fund_flow;complex_trace;high_gas_used_context;token_activity_burst;approval_burst,0x146ee74d,true
25756636,0x30e7c189a5ee0d8c0577f5622b706e7d02d29504b64a6936dc0d0ed30bcbd6c2,0x7830c87c02e56aff27fa8ab1241711331fa86f43,0xa9d1e08c7793af67e9d92fe308d5697fb81d3e43,2026-08-15T07:47:34,dense_internal_fund_flow,0x1a1da075,true
25756636,0xc13609d1a0076afc77da1d5f47ae4ad508634fb985f5462c7e076101fed23e48,0xc868879f3ae6a5c3cd3899338826909cb71a686a,0x0000000071727de22e5e9d8baf0edac6f37da032,2026-08-15T07:47:34,complex_trace;high_gas_used_context,0x765e827f,true
25756636,0x1194950092e3e5e31faa5eae3eb401e0bfc864487d72faaf40272b09b62fe064,0x0551fa03e31b1604b2106cab0718a87bb0ecdfeb,0x6566194141eefa99af43bb5aa71460ca2dc90245,2026-08-15T07:47:35,large_erc20_asset_flow;complex_trace,0x374f435d,true
25756636,0x19b4d2e453c1268f6ca1cd65106df34ca43c92e815ac9a107e4779293c5a9349,0xde992badd92adaf9146255e9bde6a70770973664,0x3d0f22bf11636cc9cb129e2b261eed35a487455c,2026-08-15T07:47:35,complex_trace;high_gas_used_context,0xa9059cbb,false
25756636,0x40aa294fc7f37153458baa0d1fd8b486e8e28417636b624a26172699a2263582,0x59aab1bd0d26290274398c07b55955c15425e16b,0x00fe78205f5f0e63b8ad2b2ae5337f538a610e04,2026-08-15T07:47:35,complex_trace;high_gas_used_context,0x34fcd5be,false
25756636,0x88ade6fa3ce718a014a33d4046836db73dc052235f007764ac0cce4b31d02e84,0xdda3b51e29f9d6fad865c5dd7070d5f7eb57663e,0x8d8210a0252a706cb5de0c6f8e46b6d3692afc19,2026-08-15T07:47:35,complex_trace;high_gas_used_context,0xffc3a769,false
25756636,0x929546ec3de3c8cbf6e09438d37bf361924bfcbfc5ca1a79f43b70548ffa1330,0x9fc3da866e7df3a1c57ade1a97c9f00a70f010c8,0xfeeeeee44046c3f61a8cc081e0918ef0de0a7ffc,2026-08-15T07:47:36,selfdestruct_context,0x6a7fa803,true
25756637,0x150850b553a025bf456f3c5978e50a75a1050826967e4af3f8a98a2b9a8ee434,0x6582b7c80df319553a988f62436b8a1be6b2b24c,0x0de8bf93da2f7eecb3d9169422413a9bef4ef628,2026-08-15T07:47:52,dense_internal_fund_flow;large_mint_to_sender;very_complex_trace;high_gas_used_context;token_activity_burst,0xc2580804,true
25756637,0x31a0e857b00eda0d24ec5e7e3e5ca87619403126929035ff055ba029e0c80bb0,0x4838b106fce9647bdf1e7877bf73ce8b0bad5f97,0xfeeeeee44046c3f61a8cc081e0918ef0de0a7ffc,2026-08-15T07:47:53,selfdestruct_context,0x6a7fa80f,true
25756637,0x361f8c5c2e85b86b3f072e2fe870a49d29f615b5f7d3763c6aa3ecb6b5f47535,0xdda3b51e29f9d6fad865c5dd7070d5f7eb57663e,0x8d8210a0252a706cb5de0c6f8e46b6d3692afc19,2026-08-15T07:47:53,complex_trace;high_gas_used_context,0xffc3a769,false
25756637,0xae6a9962d93da59407d18fcc160a4b9eec7eada6a9e7fd93ce5d83e81909fa46,0x48f07c16cbd5f12939e1ab24b8a23d161d6c3596,0x0000000071727de22e5e9d8baf0edac6f37da032,2026-08-15T07:47:53,dense_internal_fund_flow;complex_trace,0x765e827f,true
25756638,0x1b83604c8554c750c46196b823913026e5ce80456ac87903c9104dc7fd7cfaf7,0x0a5b2bf3ccfb44c1d22f07eed9553ecba752d4ad,0xd90e2f925da726b50c4ed8d0fb90ad053324f31b,2026-08-15T07:48:03,dense_internal_fund_flow;complex_trace,0xb438689f,true
25756638,0x500d1611bf80127375073313d9041bd80c31630d3ffdaa68235b67287ade4126,0xde992badd92adaf9146255e9bde6a70770973664,0x3d0f22bf11636cc9cb129e2b261eed35a487455c,2026-08-15T07:48:03,complex_trace;high_gas_used_context,0xa9059cbb,false
25756638,0x23fbc91ce79d6ecfe98053f51dbb7aa9eb2c97714ab1ff7f8622159568d1798b,0xdda3b51e29f9d6fad865c5dd7070d5f7eb57663e,0x8d8210a0252a706cb5de0c6f8e46b6d3692afc19,2026-08-15T07:48:04,complex_trace;high_gas_used_context,0xffc3a769,false
25756638,0x78d1a9fd9d016fef43e5442f0d15217c113847e73d61d7385748f90166a1769e,0x4838b106fce9647bdf1e7877bf73ce8b0bad5f97,0xfeeeeee44046c3f61a8cc081e0918ef0de0a7ffc,2026-08-15T07:48:04,selfdestruct_context,0x6a7fa81b,true
25756638,0xc976c0a1463723bfea9bf9df2a7baf5f625086a773772d946d603e3dbea4eabd,0x1584a8ee67789d1fe161065388657ad2f2a3c7dd,0x77eb52e44db06777bce478159f25c0d55a295314,2026-08-15T07:48:04,repeated_internal_token_drain;dense_internal_fund_flow;complex_trace;high_gas_used_context;token_activity_burst;repeated_risky_internal_calls,0xa9059cbb,true
25756638,0xe673dbb7c2fa613d097aba1e8568167aaa5c3530a8050a409cd03667129e31c0,0xb992ad53ee7dbdaa7e01631f97a2f05c10ed9f00,0xd01607c3c5ecaba394d8be377a08590149325722,2026-08-15T07:48:04,dense_internal_fund_flow;complex_trace,0xbcc3c255,true
25756638,0xeb9e0afb42fc1a751ce4eed1665ceaca1736881d336faa1b702a60aa646269b3,0x166ce42df5f4baa94abc5b62c60dab1b3c73d2a3,0x134ccaaa4f1e4552ec8aecb9e4a2360ddcf8df76,2026-08-15T07:48:04,large_erc20_profit_to_sender;large_erc20_asset_flow;complex_trace,0x6807c8dc,true
25756639,0xb7973a14a2071ffa40912c374b16df04fe65c27fe66a9fafcd31091ce8663f67,0x48f07c16cbd5f12939e1ab24b8a23d161d6c3596,0x0000000071727de22e5e9d8baf0edac6f37da032,2026-08-15T07:48:25,dense_internal_fund_flow;complex_trace,0x765e827f,true
25756639,0x0bef6c660263a0c0e4fd905613e68f1267e7ba24179e43e6bb491fdc44a884a5,0x59aab1bd0d26290274398c07b55955c15425e16b,0x00fe78205f5f0e63b8ad2b2ae5337f538a610e04,2026-08-15T07:48:26,complex_trace;high_gas_used_context,0x34fcd5be,false
25756639,0x27dc3b0561cfe9c1718d4a017f97349b776c8bb2fb75f45bfbb3bc5e85d6b3bd,0x59aab1bd0d26290274398c07b55955c15425e16b,0x00fe78205f5f0e63b8ad2b2ae5337f538a610e04,2026-08-15T07:48:26,complex_trace;high_gas_used_context,0x34fcd5be,false
25756639,0x7bc945dad4239ec3c8585dffad41ad6c0152a423cd1343d8a3ee621392874155,0xdadb0d80178819f2319190d340ce9a924f783711,0xfeeeeee44046c3f61a8cc081e0918ef0de0a7ffc,2026-08-15T07:48:26,selfdestruct_context,0x6a7fa833,true
25756640,0x246b3e748853000b917f079ebe23b0fa17202744149e811857a3b982bce259b0,0x5b43453fce04b92e190f391a83136bfbecedefd1,0xbdb3ba9ffe392549e1f8658dd2630c141fdf47b6,2026-08-15T07:48:44,dense_internal_fund_flow;complex_trace;high_gas_used_context;token_activity_burst,0x000000c3,true
25756640,0x335877467b1c8d73823b6465feae1a190dc98f87ddd9d1cd50b254a2c5d23a49,0x7830c87c02e56aff27fa8ab1241711331fa86f43,0xa9d1e08c7793af67e9d92fe308d5697fb81d3e43,2026-08-15T07:48:44,dense_internal_fund_flow,0x1a1da075,true
25756640,0x083ebdbac173097ae873fb295a0b6677adf45bb32d702df62c6fa33c1ca69371,0x4838b106fce9647bdf1e7877bf73ce8b0bad5f97,0xfeeeeee44046c3f61a8cc081e0918ef0de0a7ffc,2026-08-15T07:48:45,selfdestruct_context,0x6a7fa83f,true
25756640,0x0db4cce8e024769ba28621ca293e4dcb5d3e233707cbe900ef6ebca8d387886d,0xd6434d157f254276d69ede3bd9fc805482206908,0x7ec8a30a34b86927dc77b302603d1d53e640bef7,2026-08-15T07:48:45,repeated_internal_token_drain;dense_internal_fund_flow;complex_trace;high_gas_used_context;token_activity_burst;repeated_risky_internal_calls,0xa9059cbb,true
25756640,0x1406f07dad68ac049b10f9b778c9e5d203e67611e06eef5a08ff5c94a3e044c8,0x1584a8ee67789d1fe161065388657ad2f2a3c7dd,0x77eb52e44db06777bce478159f25c0d55a295314,2026-08-15T07:48:45,repeated_internal_token_drain;dense_internal_fund_flow;complex_trace;high_gas_used_context;token_activity_burst;repeated_risky_internal_calls,0xa9059cbb,true
25756640,0x330dabedb8c5a5619e50ef748e1e22b68037dfeb3c90a8ccca181ba90cbe2085,0xde7a849216aa3884d53d84ecb02c19eb67e5dae2,0x7d9f4ca54131e588fc1fe577973b55fb11231e76,2026-08-15T07:48:45,repeated_internal_token_drain;dense_internal_fund_flow;complex_trace;high_gas_used_context;token_activity_burst;repeated_risky_internal_calls,0x6aac3a0b,true
25756640,0x385c99c0ec8b5d2b09ee9383f16281e4bcc5de929efc3a8dd79f65d6c79326d2,0x59aab1bd0d26290274398c07b55955c15425e16b,0x00fe78205f5f0e63b8ad2b2ae5337f538a610e04,2026-08-15T07:48:45,complex_trace;high_gas_used_context,0x34fcd5be,false
25756640,0x58e2ee3549441652c46b9775b1bb11400dd14e179d41c42608d6f37e2a9eb7b8,0xe91bcae4a2d7b951304695f93cf1b9a1837cfe43,0x7ec8a30a34b86927dc77b302603d1d53e640bef7,2026-08-15T07:48:45,repeated_internal_token_drain;dense_internal_fund_flow;complex_trace;high_gas_used_context;token_activity_burst;repeated_risky_internal_calls,0xa9059cbb,true
25756640,0x59bc1b40d1be40e7c7f3d55c5688633fb519d066999e727f7291c74d42ee5219,0xf7bac63fc7ceacf0589f25454ecf5c2ce904997c,0xca11bde05977b3631167028862be2a173976ca11,2026-08-15T07:48:45,large_erc20_asset_flow;complex_trace;high_gas_used_context;token_activity_burst,0x252dba42,true
25756640,0x839427e638cf9a141c19c27c2de2f5d1aa3c34ff7743c00064fc88eb482b5053,0xde992badd92adaf9146255e9bde6a70770973664,0x3d0f22bf11636cc9cb129e2b261eed35a487455c,2026-08-15T07:48:45,complex_trace;high_gas_used_context,0xa9059cbb,false
25756640,0xde18344db59a388a56ac02da35d7b3c0ad9b7179944a667c6072552482108edc,0x09cfee647fa339133380191c8db6b44f24500c9d,0x77b85afbcd336993ac1c65057531c5a5b33b76b8,2026-08-15T07:48:45,repeated_internal_token_drain;dense_internal_fund_flow;complex_trace;high_gas_used_context;token_activity_burst;repeated_risky_internal_calls,0xa9059cbb,true
25756641,0x5228d7042ade4a6e13ee188602370fbc6d511cae04cb026eb5c350875dcb2b40,0xdadb0d80178819f2319190d340ce9a924f783711,0xfeeeeee44046c3f61a8cc081e0918ef0de0a7ffc,2026-08-15T07:48:51,selfdestruct_context,0x6a7fa84b,true
25756641,0xa40b7eb831c5e24afe351d5859958e3c8ce420c4e58ca057e5cbb85c03e75db4,0xaaaaa4e5bc0efb33bdf0f3966a7b608db707d8fe,0x00000000008d5f1200332af8a6813cb8377b5bfd,2026-08-15T07:48:51,complex_trace;high_gas_used_context,0x00000011,false
25756642,0xbab6e68c16d5f01a9a6046bd7b7e81454a0230407166e569ce08778fdbe07556,0xde992badd92adaf9146255e9bde6a70770973664,0x3d0f22bf11636cc9cb129e2b261eed35a487455c,2026-08-15T07:49:41,complex_trace;high_gas_used_context,0xa9059cbb,false
25756642,0xde0f41e2ae5022778ceeab9a013c6d959f98e6702d382b8218a8d421d021dca6,0xde992badd92adaf9146255e9bde6a70770973664,0x3d0f22bf11636cc9cb129e2b261eed35a487455c,2026-08-15T07:49:41,complex_trace;high_gas_used_context,0xa9059cbb,false
25756642,0x68385e7f931cdce030a1e1d1b56dcd7493eb1a32ac2ed89f3c35b3b35fa18926,0x59aab1bd0d26290274398c07b55955c15425e16b,0x00fe78205f5f0e63b8ad2b2ae5337f538a610e04,2026-08-15T07:49:42,complex_trace;high_gas_used_context,0x34fcd5be,false
25756642,0x762412ba394ddbb957e1cbbb5c711be6d54e4e4005c38eb85048a0cec8500954,0x59aab1bd0d26290274398c07b55955c15425e16b,0x00fe78205f5f0e63b8ad2b2ae5337f538a610e04,2026-08-15T07:49:42,complex_trace;high_gas_used_context,0x34fcd5be,false
25756642,0x8deddb49be71b3a6dc0f66b6b29efb180fe8d1cec3358d15081da724330c3f67,0x35a31744530bf5963c83998344567965969b8f11,0x8090a9db6aca56ffa186c75ca0787b18af1058a0,2026-08-15T07:49:42,privileged_execution_context;complex_trace,0xd85064c2,false
25756642,0xf1b638ba34929cd5fcb86b7c440f5bd9c04bc0ec5613a9f093217bf443795abc,0xa0c85ffaff895c0cf5aed1993dc6e3195adf593b,0x9b6eda8460ac664287493038b23f25b03dfbbdb1,2026-08-15T07:49:42,large_erc20_asset_flow;complex_trace,0x469f504f,true
25756643,0x17f3f7787b838f12fb13763b66843c9e066dbe246ec7ea41e126890c1c0a020e,0x3e2d18baa07f0809433a1b82aa1c3d8523d3cd95,0xf2e6ed63bb255e51b64337c67fb4898aa979da6b,2026-08-15T07:50:08,large_erc20_asset_flow;complex_trace,0xf4e0d968,true
25756643,0x8343b1f72c052cf3184978558854851fff15c85435b0c25c9b6279871a8527d3,0x59aab1bd0d26290274398c07b55955c15425e16b,0x00fe78205f5f0e63b8ad2b2ae5337f538a610e04,2026-08-15T07:50:08,complex_trace;high_gas_used_context,0x34fcd5be,false
25756643,0x983a2ad4ba5129d0f9ddd0c4ba01a355871e75bf5c8c8ed4bdf2e0410f93b513,0xe469ee44d92bb173b7edc576ebb09da55dbfe32e,0x5ff137d4b0fdcd49dca30c7cf57e578a026d2789,2026-08-15T07:50:08,complex_trace;high_gas_used_context;token_activity_burst,0x1fad948c,false
25756643,0xa5425cbc88803f65ce01903fed63ad600fa5f64977bccb0f9df8946cd3246a1a,0x70e59f9c304e4d5096bd408b571e2dcd99c3120b,0xad3b67bca8935cb510c8d18bd45f0b94f54a968f,2026-08-15T07:50:08,dense_internal_fund_flow;complex_trace;high_gas_used_context;token_activity_burst;approval_burst,0x146ee74d,true
25756643,0xa6e673e0a9da06bb5805c50e0b978d7869b9d0c684bcfdcda5ba1868a2ab0838,0x4838b106fce9647bdf1e7877bf73ce8b0bad5f97,0xfeeeeee44046c3f61a8cc081e0918ef0de0a7ffc,2026-08-15T07:50:08,selfdestruct_context,0x6a7fa863,true
25756643,0xe28b9e04fa306ffe08400dd2b8ac22c0f91438223015721dd42bc3db9db041a9,0x4838b106fce9647bdf1e7877bf73ce8b0bad5f97,0xfeeeeee44046c3f61a8cc081e0918ef0de0a7ffc,2026-08-15T07:50:08,selfdestruct_context,0x6a7fa863,true
25756644,0x9d05730a5a222d3dc12cdf726a72015fc79973fceed410ab9db665df233280b6,0x4838b106fce9647bdf1e7877bf73ce8b0bad5f97,0xfeeeeee44046c3f61a8cc081e0918ef0de0a7ffc,2026-08-15T07:50:17,selfdestruct_context,0x6a7fa86f,true
25756644,0xd30e5b8c386b97948017bf7eb61e80a8a0c4b1ca9f7eda4c11a77f3c3245bd8b,0x7830c87c02e56aff27fa8ab1241711331fa86f43,0xa9d1e08c7793af67e9d92fe308d5697fb81d3e43,2026-08-15T07:50:17,large_erc20_asset_flow,0xca350aa6,true
25756644,0x0fed6ea4946f80f5a4a79fb5503bd5703183432fce472a3c637c718160a3114a,0x59aab1bd0d26290274398c07b55955c15425e16b,0x00fe78205f5f0e63b8ad2b2ae5337f538a610e04,2026-08-15T07:50:19,complex_trace;high_gas_used_context,0x34fcd5be,false
25756644,0x1009e790861c94413ac8d2ccab2c4ebc9a937a1b64c731cd8aca4a9303636890,0x4838b106fce9647bdf1e7877bf73ce8b0bad5f97,0xfeeeeee44046c3f61a8cc081e0918ef0de0a7ffc,2026-08-15T07:50:19,selfdestruct_context,0x6a7fa86f,true
25756644,0x34289c6e6bac8f3056c82e26fc72c164bab8b8f6d4f1cd41c5a6ee382dfb31a0,0xeedba2484aaf940f37cd3cd21a5d7c4a7dafbfc0,0x86e4dc95c7fbdbf52e33d563bbdb00823894c287,2026-08-15T07:50:19,complex_trace;high_gas_used_context,0x4e43e495,false
25756644,0x39ea16bf863b985a9ef2147db32bc46789ebf25c6b75c40b1675312c30e5af6e,0x6c14d5997f4ba8fbe8d513afdcff2aae9c232d07,0x96b22eb7178d116797e57197e586b70fedae8fdd,2026-08-15T07:50:19,complex_trace;high_gas_used_context,0xba087652,true
25756644,0x3ed51283148ee2700e40c6942f03557c3ed0b0c1fbe2747b9055cca9edb82d99,0x3cfdc212769c890907bce93d3d8c2c53de6a7a89,0x433709009b8330fda32311df1c2afa402ed8d009,2026-08-15T07:50:19,privileged_execution_context;complex_trace,0x765e827f,false
25756644,0x76f82b82beb5daba5f5531613030de8a3f31c32f7d0f88c2453237fc160657f5,0x60e4ad29c634009941c0a3db7a416a9ff3e3349f,0x6566194141eefa99af43bb5aa71460ca2dc90245,2026-08-15T07:50:19,large_erc20_asset_flow;complex_trace,0x374f435d,true
25756644,0x883318f52a41644dbb7092521f9f06486622efc511f049ba27c786170281690a,0xc0defae83d2f76fb796190cbdea67c667dacc46e,0xc0de2807cad1b02b9e0bbf886592cdb79150bcd0,2026-08-15T07:50:19,complex_trace;high_gas_used_context;token_activity_burst,0x12aa3caf,false
25756644,0xf1e65d97bbe966138a05423c61eb79d49191be4470834ec1be2acaee4bd0d17f,0x9e47fbb2a2a27b3b02e4a63b3ef5a3dc863c0223,0x5efc9d10e42fb517456f4ac41eb5e2ebe42c8918,2026-08-15T07:50:19,large_erc20_asset_flow;complex_trace,0x00f714ce,true
25756645,0x06d514d06f69b948320f13efff19f0365a2e58d76120253af118cc4ae5024122,0x6582b7c80df319553a988f62436b8a1be6b2b24c,0x0de8bf93da2f7eecb3d9169422413a9bef4ef628,2026-08-15T07:50:22,large_mint_to_sender;complex_trace;high_gas_used_context;token_activity_burst,0xc2580804,true
25756645,0x120fb336f3785cb48199e2c7ecad2e57207b5887a83e9cfd63cd67846dc2b245,0x5b43453fce04b92e190f391a83136bfbecedefd1,0xbdb3ba9ffe392549e1f8658dd2630c141fdf47b6,2026-08-15T07:50:22,complex_trace;high_gas_used_context;token_activity_burst,0x000000c3,false
25756645,0x19eec20f5bbd7331579cd5fd40c80c184fb1242da321ca728be03719a8d91c34,0xde992badd92adaf9146255e9bde6a70770973664,0x3d0f22bf11636cc9cb129e2b261eed35a487455c,2026-08-15T07:50:22,complex_trace;high_gas_used_context,0xa9059cbb,false
25756645,0x779079c8e9f9b1ed0642f68670885dd324bcf6a77e8483e8e875c6807baf50ca,0x4838b106fce9647bdf1e7877bf73ce8b0bad5f97,0xfeeeeee44046c3f61a8cc081e0918ef0de0a7ffc,2026-08-15T07:50:22,selfdestruct_context,0x6a7fa87b,true
25756645,0x9f95716214f732ca8f64726093cb66170cca934c18116439e1879a5ec489bc02,0x59aab1bd0d26290274398c07b55955c15425e16b,0x00fe78205f5f0e63b8ad2b2ae5337f538a610e04,2026-08-15T07:50:22,complex_trace;high_gas_used_context,0x34fcd5be,false
25756646,0x932743c61f7bcd6d512b8db8e83b84c98d255d8f51233ca2c117abe9cd12e2b6,0x7b49bc3ebbdf7322f31c6449320382bbec3be1b6,0xad3b67bca8935cb510c8d18bd45f0b94f54a968f,2026-08-15T07:50:36,complex_trace;high_gas_used_context;token_activity_burst;approval_burst,0x146ee74d,false
25756646,0xb5f20d30c085b44ffc0e4e24ddd233b3e8c123936369504ff5e54bbfff1d00ad,0xe56cfad394121c46e908f33533a9c15de430bb55,0x6131b5fae19ea4f9d964eac0408e4408b66337b5,2026-08-15T07:50:36,dense_internal_fund_flow;large_erc20_asset_flow;complex_trace,0xe21fd0e9,true
25756646,0xf0839324b0463b5fccf9929a23a6e774018cdc4389fad9b3f7af0013644f38b6,0x7830c87c02e56aff27fa8ab1241711331fa86f43,0xa9d1e08c7793af67e9d92fe308d5697fb81d3e43,2026-08-15T07:50:36,dense_internal_fund_flow,0x1a1da075,true
25756646,0xf89f73a2ab05fd48f1e3b0396e7d660c1f51de839edc0d1b409d46b0c50ba60f,0x883a95fdf8df78e7128fced0e9d931a687ff542f,0x4ebc36dcee3ca916ff4157b51c2a16105a3774b5,2026-08-15T07:50:36,complex_trace;high_gas_used_context,0x1749e1e3,false
25756646,0x9f42c5953f101494c38fb7961447df61aa311cb1fe98e4da9dc5e1e7c9ec5abe,0x59aab1bd0d26290274398c07b55955c15425e16b,0x00fe78205f5f0e63b8ad2b2ae5337f538a610e04,2026-08-15T07:50:37,complex_trace;high_gas_used_context,0x34fcd5be,false
25756646,0xcab19378c1a6eb57fbfe3317cf484deb2207720e1556dc6836029acbb2197def,0xdadb0d80178819f2319190d340ce9a924f783711,0xfeeeeee44046c3f61a8cc081e0918ef0de0a7ffc,2026-08-15T07:50:37,selfdestruct_context,0x6a7fa887,true
25756646,0xff98b3eac2919f954923a62da95e1212bb52426ac02d5e8acc9a43f3c25d2744,0xdadb0d80178819f2319190d340ce9a924f783711,0xfeeeeee44046c3f61a8cc081e0918ef0de0a7ffc,2026-08-15T07:50:37,selfdestruct_context,0x6a7fa887,true
25756647,0x5b28a8f74b186c33fcb02484d39802ef6d008b4269325504f6763b7b28956409,0xbe0b407782a7599380fa726db315340126d62229,0x4d2fb5f8ec243fde4df1a9678b82238570c7e0e4,2026-08-15T07:50:40,repeated_internal_token_drain;dense_internal_fund_flow;complex_trace;high_gas_used_context;token_activity_burst;repeated_risky_internal_calls,0x6a761202,true
25756647,0x2d4af78b182f8ecbbb7a383d40f7418efefaca2fa4fdc9878b0addf238fb7bc6,0x59aab1bd0d26290274398c07b55955c15425e16b,0x00fe78205f5f0e63b8ad2b2ae5337f538a610e04,2026-08-15T07:50:41,complex_trace;high_gas_used_context,0x34fcd5be,false
25756647,0x32774ebeee0e4b98a8552ca32943c30dd27fd7bbd4f72fae1adec27d96529ddd,0x4838b106fce9647bdf1e7877bf73ce8b0bad5f97,0xfeeeeee44046c3f61a8cc081e0918ef0de0a7ffc,2026-08-15T07:50:41,selfdestruct_context,0x6a7fa893,true
25756647,0x3a49f60123f629ad1eb171dd549f856990ee69601e514e8bc4b10ffb25dabb58,0x42065949910cabf09bb5c8413370e44aef07c6a1,0x29469395eaf6f95920e59f858042f0e28d98a20b,2026-08-15T07:50:41,dense_internal_fund_flow;complex_trace,0xbe5898ff,true
25756647,0xec98ab3acade9dab9997170c62674ab8c1978f3ee4dcf386787d4ad8d7cbfc5c,0xae30573368216963f9e9d765a7a7de80ac199cea,0x5054109efe2816f27f3e874956a1a85fbd886de6,2026-08-15T07:50:41,complex_trace;high_gas_used_context,0xa2e62045,false
25756648,0x7cbbbee1fad0435665211a07f4ef5fe66374bda73fd447c06e788be4742c23f9,0x4838b106fce9647bdf1e7877bf73ce8b0bad5f97,0xfeeeeee44046c3f61a8cc081e0918ef0de0a7ffc,2026-08-15T07:50:46,selfdestruct_context,0x6a7fa89f,true
25756648,0xa071bc1ce7cfbd6876711d0baab29cf57aeaed6d21602bcf7613fec255e4be05,0x1584a8ee67789d1fe161065388657ad2f2a3c7dd,0x77eb52e44db06777bce478159f25c0d55a295314,2026-08-15T07:50:46,repeated_internal_token_drain;dense_internal_fund_flow;complex_trace;token_activity_burst;repeated_risky_internal_calls,0xa9059cbb,true
25756648,0xc547c64497effef5a200f2a96a8cb687dfe90ee1f12c1dc1b0cd1d7038491aac,0x59aab1bd0d26290274398c07b55955c15425e16b,0x00fe78205f5f0e63b8ad2b2ae5337f538a610e04,2026-08-15T07:50:46,complex_trace;high_gas_used_context,0x34fcd5be,false
25756649,0x2bd3aec4c2a949c399a147596aa496abd2320d15b31528d18d16feabb0419285,0x59aab1bd0d26290274398c07b55955c15425e16b,0x00fe78205f5f0e63b8ad2b2ae5337f538a610e04,2026-08-15T07:50:49,complex_trace;high_gas_used_context,0x34fcd5be,false
25756649,0x4a8aa883da5c83b46b32eedc46ffc5f536f896ac76e75c4537485b71e93457f0,0x5b43453fce04b92e190f391a83136bfbecedefd1,0xbdb3ba9ffe392549e1f8658dd2630c141fdf47b6,2026-08-15T07:50:49,complex_trace;token_activity_burst,0x000000c3,false
25756649,0x88b7a8af7e7b4a4df9e2aeb4b217e6cacf61af731a779149aef60de3c817b734,0x5a4fc9dd7b390a0f9b2909a0c34ce55cedc42377,0xa308597678d831e3645d2ce9fb8d9bd924b0e754,2026-08-15T07:50:49,dense_internal_fund_flow;high_gas_used_context;token_activity_burst,0x983bc41b,true
25756649,0x8a960589cee63b1ac1f0de5ca7363439ef737e921f38264cfb2cafdef6ce947e,0x6582b7c80df319553a988f62436b8a1be6b2b24c,0x0de8bf93da2f7eecb3d9169422413a9bef4ef628,2026-08-15T07:50:49,dense_internal_fund_flow;large_mint_to_sender;very_complex_trace;high_gas_used_context;token_activity_burst,0xc2580804,true
25756649,0xc27b672b23a73a874ad8c7107a9345a285f5ec8e2c837022820ded935d4a1751,0x4838b106fce9647bdf1e7877bf73ce8b0bad5f97,0xfeeeeee44046c3f61a8cc081e0918ef0de0a7ffc,2026-08-15T07:50:49,selfdestruct_context,0x6a7fa8ab,true
25756649,0xcf6d1841b3cbe42afb851235430c027990ed82ee00f50dac791801eef6288a5c,0x3f704192849ad500d4085d2c96c2fb4bf82dbcdd,0x5b61db1e82ee0ee94a5c1fed019c1ff5bbb9e837,2026-08-15T07:50:49,privileged_execution_context,0x0ecaea73,false
25756650,0x63adfc73db18b2e87b0ed7f9c6f0045cb2595b6d100a3abc076e0a4fff6018dd,0x59aab1bd0d26290274398c07b55955c15425e16b,0x00fe78205f5f0e63b8ad2b2ae5337f538a610e04,2026-08-15T07:50:54,complex_trace;high_gas_used_context,0x34fcd5be,false
25756650,0x2266300df787a9411e1c82f10d14a707b6aeda77b093af6f2d08e4923d6122c3,0x4838b106fce9647bdf1e7877bf73ce8b0bad5f97,0xfeeeeee44046c3f61a8cc081e0918ef0de0a7ffc,2026-08-15T07:50:55,selfdestruct_context,0x6a7fa8b7,true
25756651,0x7184deb99d7d652ef31130127b3c9a2fd284104aa52a382f66a0854dbd0480d8,0x473ff61071e37e020b961e2059fd0d0d8870b593,0x28b1dc1a5e3699a428bc51d234dfab7c9cb2a183,2026-08-15T07:51:02,complex_trace;high_gas_used_context;token_activity_burst,0x0c307f76,true
25756651,0xed81ede54c780c65a2baece167f5ceaad0dc783ba8231c58b59ac5bbff37eaa3,0xde7a849216aa3884d53d84ecb02c19eb67e5dae2,0x7d9f4ca54131e588fc1fe577973b55fb11231e76,2026-08-15T07:51:02,repeated_internal_token_drain;dense_internal_fund_flow;complex_trace;high_gas_used_context;token_activity_burst;repeated_risky_internal_calls,0x6aac3a0b,true
25756651,0x12c4d6d1a3d066b295e8172ffe3c76af769762fc19c8b31ccbfafc7ff6e54b05,0x4d68cf31d613070b18e406afd6a42719a62a0785,0x3385a4dcfec931dcfd185616b1323abf7120674b,2026-08-15T07:51:04,large_erc20_asset_flow;complex_trace,0x6a761202,true
25756651,0x20f4f4510b8fef8498aace9bdde559a2f491b66629069de66b7b9bdb6e03cb52,0x59aab1bd0d26290274398c07b55955c15425e16b,0x00fe78205f5f0e63b8ad2b2ae5337f538a610e04,2026-08-15T07:51:04,complex_trace;high_gas_used_context,0x34fcd5be,false
25756651,0x28024bb6d700a151317b488adc78b73b7926b94c035ad8059bfb032bc841db99,0x3431172c887cf150d9fdaba9876273d9db566367,0x64f5aad0e38e2ff9f50f2e51e813e49c05aca41a,2026-08-15T07:51:04,high_gas_used_context;token_activity_burst,0xa9059cbb,false
25756651,0xb8f1f08bf2315ba68f38ba0608c1e51626d18dc9a5f50d6700e57059a8bbccfb,0x4838b106fce9647bdf1e7877bf73ce8b0bad5f97,0xfeeeeee44046c3f61a8cc081e0918ef0de0a7ffc,2026-08-15T07:51:04,selfdestruct_context,0x6a7fa8c3,true
25756651,0xd3a05e304f0aaa7da90329cdfcb572774c1888cb446203ad006b2b54095bea06,0xdda3b51e29f9d6fad865c5dd7070d5f7eb57663e,0x8d8210a0252a706cb5de0c6f8e46b6d3692afc19,2026-08-15T07:51:04,complex_trace;high_gas_used_context,0xffc3a769,false
25756652,0x0dd1d500dd81ca5f52dd8b4db044986612af43b9cb171f3abe4a51085f64d7b0,0xe99bd1c2dd70cd58e5efd47887991700e7318ce2,0xad3b67bca8935cb510c8d18bd45f0b94f54a968f,2026-08-15T07:51:13,dense_internal_fund_flow;complex_trace;token_activity_burst;approval_burst,0x146ee74d,true
25756652,0x135a2b535a8ae837df83a781dba4043fbbf12b9f3363d983f2e97bcc1bdbc431,0x1584a8ee67789d1fe161065388657ad2f2a3c7dd,0x77eb52e44db06777bce478159f25c0d55a295314,2026-08-15T07:51:13,repeated_internal_token_drain;dense_internal_fund_flow;complex_trace;token_activity_burst;repeated_risky_internal_calls,0xa9059cbb,true
25756652,0x351f863f4abc6ec85dcc957daadfadeef5ec2f914e8e2f61fd58fd6866f20552,0xb3b5102aee1557135449ec0d514f2b7334769af2,0x0c2705cf48e49cc896252dd16dc8c5d31df753b2,2026-08-15T07:51:13,privileged_execution_context;high_gas_used_context,0x8e29b73d,false
25756652,0x363b0cfdd87e314c4f1531cbd4f517b5598672c1c206d3f03c4c740bfa095b87,0x4838b106fce9647bdf1e7877bf73ce8b0bad5f97,0xfeeeeee44046c3f61a8cc081e0918ef0de0a7ffc,2026-08-15T07:51:13,selfdestruct_context,0x6a7fa8cf,true
25756652,0x902b657bf14c334e1bd2cd719b51ef0f5754f47d1b9908ec5cbdd9b91cbdd10f,0x4838b106fce9647bdf1e7877bf73ce8b0bad5f97,0xfeeeeee44046c3f61a8cc081e0918ef0de0a7ffc,2026-08-15T07:51:13,selfdestruct_context,0x6a7fa8cf,true
25756652,0x9939fd9565dcd3d7f05a379be6037e0d584bc595ce0cd5f30720dd77b8a3a750,0xdda3b51e29f9d6fad865c5dd7070d5f7eb57663e,0x8d8210a0252a706cb5de0c6f8e46b6d3692afc19,2026-08-15T07:51:13,complex_trace;high_gas_used_context,0xffc3a769,false
25756653,0x042440273cad02070f57b40c2759d3c06dd5193186f227f0fca30250b54443c5,0xd9f6e666a47bd8bfb35315c0d46bcb8e8bc7f40f,0xbe1229a86ebfac855d660ac9a635af25888062ef,2026-08-15T07:51:26,privileged_execution_context,0xf7397663,false
25756653,0x2e809391646a1a47f90cd6f9091e97a91453c1502684fd6b07c05e1621a3c9ce,0xe56cfad394121c46e908f33533a9c15de430bb55,0x6131b5fae19ea4f9d964eac0408e4408b66337b5,2026-08-15T07:51:26,dense_internal_fund_flow;large_erc20_asset_flow;complex_trace,0xe21fd0e9,true
25756653,0x7d18ec94e2c87127fb455dd8eaa456fa4e6537236cde817031cb2f633c050e18,0xdda3b51e29f9d6fad865c5dd7070d5f7eb57663e,0x8d8210a0252a706cb5de0c6f8e46b6d3692afc19,2026-08-15T07:51:26,complex_trace;high_gas_used_context,0xffc3a769,false
25756653,0xc6669ae5cbf331f33fe6527ca97b071f506b91606027d2b92b286bf18dccbedc,0xde992badd92adaf9146255e9bde6a70770973664,0x3d0f22bf11636cc9cb129e2b261eed35a487455c,2026-08-15T07:51:26,complex_trace;high_gas_used_context,0xa9059cbb,false
25756653,0xe34cca6793f6e1441d86cc57259bb94892af4e4754230b107ead7c48d09713f2,0xf500167fb242b11faaa45caa1f6915c559b83d43,0x4c82d1fbfe28c977cbb58d8c7ff8fcf9f70a2cca,2026-08-15T07:51:26,dense_internal_fund_flow;complex_trace,0x3593564c,true
25756653,0xf0080d4f87fb804aa30086239954083b63fa5db6b3aa3a3b3d3009e502fba1ae,0x283132390ea87d6ecc20255b59ba94329ee17961,0x604e586f17ce106b64185a7a0d2c1da5bace711e,2026-08-15T07:51:26,large_erc20_asset_flow;complex_trace,0x22bee494,true
25756654,0x32b31bb47d51bc9a8751604d3d94cad8d271a0b59a255582b50b919ddf7e153e,0xdda3b51e29f9d6fad865c5dd7070d5f7eb57663e,0x8d8210a0252a706cb5de0c6f8e46b6d3692afc19,2026-08-15T07:51:45,complex_trace;high_gas_used_context,0xffc3a769,false
25756654,0x33cf14e3ba1e80fb44c0be2553f24454274a7b188fc3cd7ea82d9e0f95686472,0x59aab1bd0d26290274398c07b55955c15425e16b,0x00fe78205f5f0e63b8ad2b2ae5337f538a610e04,2026-08-15T07:51:46,complex_trace;high_gas_used_context;token_activity_burst,0x34fcd5be,false
25756654,0x3fe55e6dbed46a50fbda5877968901afa7c9789e408f48e34767168a6a192441,0x9fc3da866e7df3a1c57ade1a97c9f00a70f010c8,0xfeeeeee44046c3f61a8cc081e0918ef0de0a7ffc,2026-08-15T07:51:46,selfdestruct_context,0x6a7fa8e7,true
25756654,0x8f6e0f6c06b41551460e24f4dd5367558179dd8a78876781e8b18da240ffceb7,0x9e47fbb2a2a27b3b02e4a63b3ef5a3dc863c0223,0x6a000f20005980200259b80c5102003040001068,2026-08-15T07:51:46,dense_internal_fund_flow;complex_trace,0xe3ead59e,true
25756654,0xb6c114c0e03332b2adc8681c80686742b2926964d30818a780320a2c82a9413e,0x0a5b2bf3ccfb44c1d22f07eed9553ecba752d4ad,0xd90e2f925da726b50c4ed8d0fb90ad053324f31b,2026-08-15T07:51:46,dense_internal_fund_flow;complex_trace,0xb438689f,true
25756655,0x47c8ccc27f37c3016b9181d44185edc9eb094390564eb2d0736d6dbdda172ba4,0xdda3b51e29f9d6fad865c5dd7070d5f7eb57663e,0x8d8210a0252a706cb5de0c6f8e46b6d3692afc19,2026-08-15T07:51:59,complex_trace;high_gas_used_context,0xffc3a769,false
25756655,0xb3c3f398728285ef1c5506337e0d72ad533987d89e13d0b7c03a26feb42363e5,0xc0defae83d2f76fb796190cbdea67c667dacc46e,0xc0de2807cad1b02b9e0bbf886592cdb79150bcd0,2026-08-15T07:51:59,complex_trace;high_gas_used_context;token_activity_burst,0x12aa3caf,false
25756655,0xdb5706748c4cf52cad35400cef9c5373b73a6425e9b3bd5f8775164f75c38390,0x6582b7c80df319553a988f62436b8a1be6b2b24c,0x0de8bf93da2f7eecb3d9169422413a9bef4ef628,2026-08-15T07:51:59,large_mint_to_sender;complex_trace;high_gas_used_context;token_activity_burst,0xc2580804,true
25756655,0x58123fa2006a588e451828f2285446185a68d9b8511724e1a589ef6f3ce56f6c,0x09cfee647fa339133380191c8db6b44f24500c9d,0x77b85afbcd336993ac1c65057531c5a5b33b76b8,2026-08-15T07:52:00,repeated_internal_token_drain;dense_internal_fund_flow;complex_trace;high_gas_used_context;token_activity_burst;repeated_risky_internal_calls,0xa9059cbb,true
25756655,0x79a999dad2adfbc7b543940a958aa5198b703fee85572c6ce2564d7bd18ca343,0x4838b106fce9647bdf1e7877bf73ce8b0bad5f97,0xfeeeeee44046c3f61a8cc081e0918ef0de0a7ffc,2026-08-15T07:52:00,selfdestruct_context,0x6a7fa8f3,true
25756655,0xdd2d879af1064d52b106e3eb8970847de8743e6dff53ef9f9a3ee036c7df0da8,0x59aab1bd0d26290274398c07b55955c15425e16b,0x00fe78205f5f0e63b8ad2b2ae5337f538a610e04,2026-08-15T07:52:00,complex_trace;high_gas_used_context,0x34fcd5be,false
25756656,0x2f688cf6aa2357682ed20f843b535eef90854bfa6672ee8f834e8bb5c97f422c,0x7830c87c02e56aff27fa8ab1241711331fa86f43,0xa9d1e08c7793af67e9d92fe308d5697fb81d3e43,2026-08-15T07:52:19,dense_internal_fund_flow,0x1a1da075,true
25756656,0x06a0a450c6391d05f24e22d6005f8a320abfa6dab1e3d42410714787d05a6150,0x7830c87c02e56aff27fa8ab1241711331fa86f43,0xa9d1e08c7793af67e9d92fe308d5697fb81d3e43,2026-08-15T07:52:20,large_erc20_asset_flow,0xca350aa6,true
25756656,0x2a4e03899d5685fd5a9ece0af1737ca1adf33d9e71b95f7c94cbca37b8f70f78,0xde992badd92adaf9146255e9bde6a70770973664,0x3d0f22bf11636cc9cb129e2b261eed35a487455c,2026-08-15T07:52:20,complex_trace;high_gas_used_context,0xa9059cbb,false
25756656,0x516953644f7e0e17387f825777764cbef93dc403e6da394e2a96cfb6d672bbb1,0xd6434d157f254276d69ede3bd9fc805482206908,0x7ec8a30a34b86927dc77b302603d1d53e640bef7,2026-08-15T07:52:20,repeated_internal_token_drain;dense_internal_fund_flow;complex_trace;high_gas_used_context;token_activity_burst;repeated_risky_internal_calls,0xa9059cbb,true
25756656,0xbd4044dcc268c5e7505da84554ced53d7063444a6e77cfc38c1a4b559fab9bd5,0x59aab1bd0d26290274398c07b55955c15425e16b,0x00fe78205f5f0e63b8ad2b2ae5337f538a610e04,2026-08-15T07:52:20,complex_trace;high_gas_used_context,0x34fcd5be,false
25756656,0xed47ca25e46349741ebff16970727bf43d7bf78d98e269501b9579df84fdbe60,0xdda3b51e29f9d6fad865c5dd7070d5f7eb57663e,0x8d8210a0252a706cb5de0c6f8e46b6d3692afc19,2026-08-15T07:52:20,complex_trace;high_gas_used_context,0xffc3a769,false
25756656,0x20486bc07106b3e414718df2248cf506d9b320417354f98d515c1b9ddc7896d9,0x35a31744530bf5963c83998344567965969b8f11,0x8090a9db6aca56ffa186c75ca0787b18af1058a0,2026-08-15T07:52:21,privileged_execution_context;complex_trace,0xd85064c2,false
25756656,0x99c7647ad24c6a693efabac98589f4cec1f7d400ccfc0bb96d56e3cef06bbde0,0x283132390ea87d6ecc20255b59ba94329ee17961,0x604e586f17ce106b64185a7a0d2c1da5bace711e,2026-08-15T07:52:21,large_erc20_asset_flow;complex_trace;high_gas_used_context,0x22bee494,true
25756657,0x34ee01283355a1a2208e08fe79fa894348c10755720a8bbc90314a4a8348ef1d,0x59aab1bd0d26290274398c07b55955c15425e16b,0x00fe78205f5f0e63b8ad2b2ae5337f538a610e04,2026-08-15T07:52:35,complex_trace;high_gas_used_context,0x34fcd5be,false
25756657,0x3731de10b63594a0e344c14e643b93e960bc9e214991d2d49b7d34b42d50e9e5,0x80fbefbee7e2bb2ac085f082674dc8c0bccfa135,0xec2c96e75b09e29b66bf2ee5c37fa749ef9aa7c7,2026-08-15T07:52:35,large_erc20_asset_flow;complex_trace,0xdb5c7e88,true
25756657,0x54fbd1a7605427e19be1def1bcad4f8798dc11c47a6e1734a79e53664b8797ee,0xd6434d157f254276d69ede3bd9fc805482206908,0x7ec8a30a34b86927dc77b302603d1d53e640bef7,2026-08-15T07:52:35,repeated_internal_token_drain;dense_internal_fund_flow;complex_trace;high_gas_used_context;token_activity_burst;repeated_risky_internal_calls,0xa9059cbb,true
25756657,0x5f8ae8437226b4da07b2c0e2b1e05c92d36fc42752d3a8c72709e1dee18ebce4,0x2d4dbb65bfeb78bf33db8381b381f7e909a395be,0x0000000000001ff3684f28c67538d4d072c22734,2026-08-15T07:52:35,large_erc20_asset_flow;complex_trace,0x2213bc0b,true
25756657,0x91b32c775386bd7325fd9c915fa700a7e39b29e70334fffd08f15b389572a0e3,0xde992badd92adaf9146255e9bde6a70770973664,0x3d0f22bf11636cc9cb129e2b261eed35a487455c,2026-08-15T07:52:35,complex_trace;high_gas_used_context,0xa9059cbb,false
25756657,0xd898e5802384b6a3130e1f721c9316cc23a72b9daf076bd06422dc6992a50867,0x43b2f01186fda9814c5f40770554ac68fd8304bd,0x3044a76fe0e27491915763e7173fe9e117b6ec5e,2026-08-15T07:52:35,dense_internal_fund_flow;token_activity_burst,0x7111a994,true
25756657,0xee345b4a55aacac0baadfa19827e10fe95428440fe04aa1b5ad68db7445038b8,0xdda3b51e29f9d6fad865c5dd7070d5f7eb57663e,0x8d8210a0252a706cb5de0c6f8e46b6d3692afc19,2026-08-15T07:52:35,complex_trace;high_gas_used_context,0xffc3a769,false
25756658,0x307e466c2c72ec8630df3b276002829724220c0da063e3fd85de3321ea9984a1,0x473ff61071e37e020b961e2059fd0d0d8870b593,0x28b1dc1a5e3699a428bc51d234dfab7c9cb2a183,2026-08-15T07:52:49,complex_trace;high_gas_used_context,0x0c307f76,true
25756658,0x4f79abfb73822211dbc30322024a745def8530f7111b925a9257d55651841675,0x09cfee647fa339133380191c8db6b44f24500c9d,0x77b85afbcd336993ac1c65057531c5a5b33b76b8,2026-08-15T07:52:50,repeated_internal_token_drain;dense_internal_fund_flow;complex_trace;high_gas_used_context;token_activity_burst;repeated_risky_internal_calls,0xa9059cbb,true
25756658,0x86918bd4757adf8d6024e84c62c3380a098241538b0fdf86f1adbdf667114757,0xd6434d157f254276d69ede3bd9fc805482206908,0x7ec8a30a34b86927dc77b302603d1d53e640bef7,2026-08-15T07:52:50,repeated_internal_token_drain;dense_internal_fund_flow;complex_trace;high_gas_used_context;token_activity_burst;repeated_risky_internal_calls,0xa9059cbb,true
25756658,0x97003c7445b415a412953c80ddf3102854d6c66899c188b68cc53e203b69e2b8,0x00de4d8658ab249627286fcf9f920b3078aea4fe,0x1f21d09c65bc8af92634dcd5a100b6d04f0c81c3,2026-08-15T07:52:50,large_erc20_asset_flow;complex_trace,0x2f336f54,true
25756658,0xd9d4a65e180c33dadd018ca8b95bb48e84756d1315b0d593a0b932c38ba706e6,0x59aab1bd0d26290274398c07b55955c15425e16b,0x00fe78205f5f0e63b8ad2b2ae5337f538a610e04,2026-08-15T07:52:50,complex_trace;high_gas_used_context,0x34fcd5be,false
25756659,0x180d0fcf9ce2bb65431a3c7a834ab735181d50129060b6a9d2185b1337d89cc7,0x59aab1bd0d26290274398c07b55955c15425e16b,0x00fe78205f5f0e63b8ad2b2ae5337f538a610e04,2026-08-15T07:53:03,complex_trace;high_gas_used_context,0x34fcd5be,false
25756659,0xf142c1da954c37b5b1a4cc79397ea7cf4a607d824c0a002485d924ac13258f2d,0x6582b7c80df319553a988f62436b8a1be6b2b24c,0x0de8bf93da2f7eecb3d9169422413a9bef4ef628,2026-08-15T07:53:03,dense_internal_fund_flow;large_mint_to_sender;very_complex_trace;high_gas_used_context;token_activity_burst,0xc2580804,true
25756659,0x0b7492c5ca3990636b29a9e4b6e8163e82364ece837e0a6813b60de33c6304c2,0x4838b106fce9647bdf1e7877bf73ce8b0bad5f97,0xfeeeeee44046c3f61a8cc081e0918ef0de0a7ffc,2026-08-15T07:53:04,selfdestruct_context,0x6a7fa923,true
25756659,0x5a56140031b8ea133acd2dd0553044691f8f03735c96f28743514039edeb3ce5,0x997768db040a75e7b9828a8d2ca284ac9ac285c2,0x000000000000fb114709235f1ccbffb925f600e4,2026-08-15T07:53:04,dense_internal_fund_flow,0x5f3bd1c8,true
25756660,0x48b95cede82f33d3f31ca539a184340c9a71c0719e26086017569e382dde5805,0x654fae4aa229d104cabead47e56703f58b174be4,0x000000000035b5e5ad9019092c665357240f594e,2026-08-15T07:53:16,large_erc20_asset_flow;complex_trace,0x00000004,true
25756660,0x8fc4482f009f4398acc9d8face75739452b38f7a45afd06b149e5d51efc3aa94,0xde992badd92adaf9146255e9bde6a70770973664,0x3d0f22bf11636cc9cb129e2b261eed35a487455c,2026-08-15T07:53:16,complex_trace;high_gas_used_context,0xa9059cbb,false
25756660,0xeea1a3df8d8e535c56a98c1b0850f24abb035e7193d82affcde09df1cdff75d7,0x4838b106fce9647bdf1e7877bf73ce8b0bad5f97,0xfeeeeee44046c3f61a8cc081e0918ef0de0a7ffc,2026-08-15T07:53:16,selfdestruct_context,0x6a7fa92f,true
25756660,0xeef97b23e8ed3e17ac7193428fd10e09e466ab3b586de1461a7262ed897de4b9,0x654fae4aa229d104cabead47e56703f58b174be4,0x000000000035b5e5ad9019092c665357240f594e,2026-08-15T07:53:16,large_erc20_asset_flow;complex_trace,0x00000004,true
25756660,0x281550fe4c9a1b40b647b590f2b1016e88a22f38b60de80428a3526d5eddb2f4,0x4838b106fce9647bdf1e7877bf73ce8b0bad5f97,0xfeeeeee44046c3f61a8cc081e0918ef0de0a7ffc,2026-08-15T07:53:17,selfdestruct_context,0x6a7fa92f,true
25756660,0x650dd48a9ec9341973928bc4d0846a8ca1f8871da51f6ab1be6bf22d6c80b558,0x59aab1bd0d26290274398c07b55955c15425e16b,0x00fe78205f5f0e63b8ad2b2ae5337f538a610e04,2026-08-15T07:53:17,complex_trace;high_gas_used_context,0x34fcd5be,false
25756661,0x1e867d8ae76b48e3d385784742903eb7a6f09c6fdbffb7adbe9ddfc77c88b9f2,0xde992badd92adaf9146255e9bde6a70770973664,0x3d0f22bf11636cc9cb129e2b261eed35a487455c,2026-08-15T07:53:36,complex_trace;high_gas_used_context,0xa9059cbb,false
25756661,0x6405fd5350da1e4dde2c7ab9f7c2790e9b59fc17073705e51552689502703b72,0x59aab1bd0d26290274398c07b55955c15425e16b,0x00fe78205f5f0e63b8ad2b2ae5337f538a610e04,2026-08-15T07:53:36,complex_trace;high_gas_used_context;token_activity_burst,0x34fcd5be,false
25756661,0x693bb44af66a7e66b4e977023a5a9da7aa8afdab552e6b71a9226d386519e2d6,0x4838b106fce9647bdf1e7877bf73ce8b0bad5f97,0xfeeeeee44046c3f61a8cc081e0918ef0de0a7ffc,2026-08-15T07:53:36,selfdestruct_context,0x6a7fa93b,true
25756661,0xffbf27254ac45dc480b56c06d0d7ef7c91bb542cec3bb57e297fc0e1064fc6cf,0xde7a849216aa3884d53d84ecb02c19eb67e5dae2,0x7d9f4ca54131e588fc1fe577973b55fb11231e76,2026-08-15T07:53:36,repeated_internal_token_drain;dense_internal_fund_flow;complex_trace;high_gas_used_context;token_activity_burst;repeated_risky_internal_calls,0x6aac3a0b,true
25756662,0x17489654da7b8245edd0c9e0840bfe420f8a812512b060aa468208a822de9351,0xe56cfad394121c46e908f33533a9c15de430bb55,0x6566194141eefa99af43bb5aa71460ca2dc90245,2026-08-15T07:53:52,large_erc20_asset_flow,0x374f435d,true
25756662,0x2e408a9f4da6b46f64d07c2e9567fca9a664b0808466a59eb777a3e3769ae58c,0x6582b7c80df319553a988f62436b8a1be6b2b24c,0x0de8bf93da2f7eecb3d9169422413a9bef4ef628,2026-08-15T07:53:52,large_mint_to_sender;complex_trace;high_gas_used_context;token_activity_burst,0xc2580804,true
25756662,0x87e989bbcddbfaceb7064a92bf2ddc7a11451df73325b1c28f1673000e93aff9,0x062ce42cae04c51d04e77e3d64cc8953a2296ffe,0x8a25a24ede9482c4fc0738f99611be58f1c839ab,2026-08-15T07:53:52,large_erc20_asset_flow;complex_trace,0x6a761202,true
25756662,0xd7c27cf73b2933d337cc95f0d44df1edcbcdef798e35dd394013b1be4d9863a4,0xe99bd1c2dd70cd58e5efd47887991700e7318ce2,0xad3b67bca8935cb510c8d18bd45f0b94f54a968f,2026-08-15T07:53:52,complex_trace;high_gas_used_context;token_activity_burst;approval_burst,0x146ee74d,false
25756662,0xed487f08d7220d6ed37d8f8714da51b1e6fca5ddc4d1b687b57187942b4e79ec,0x59aab1bd0d26290274398c07b55955c15425e16b,0x00fe78205f5f0e63b8ad2b2ae5337f538a610e04,2026-08-15T07:53:52,complex_trace;high_gas_used_context,0x34fcd5be,false
25756663,0x5f282f8e0b5871503acd625b7a09010833a56b3c414c51e2448735be3635a0f9,0x5b43453fce04b92e190f391a83136bfbecedefd1,0xbdb3ba9ffe392549e1f8658dd2630c141fdf47b6,2026-08-15T07:53:59,dense_internal_fund_flow;complex_trace;high_gas_used_context;token_activity_burst,0x000000c3,true
25756663,0x84816122fe19cca2ce29b1540c9ded69d2ab8da18cbd1272bc3fe03a16dbe825,0x4838b106fce9647bdf1e7877bf73ce8b0bad5f97,0xfeeeeee44046c3f61a8cc081e0918ef0de0a7ffc,2026-08-15T07:54:00,selfdestruct_context,0x6a7fa953,true
25756663,0xa8f1508bed7600a99027bb3b38fae05d4ea844df9724823555b8b5ea230032c9,0xde992badd92adaf9146255e9bde6a70770973664,0x3d0f22bf11636cc9cb129e2b261eed35a487455c,2026-08-15T07:54:00,complex_trace;high_gas_used_context,0xa9059cbb,false
25756663,0xcc9abdb1b6282a2705ddb00564585473c5a7ef4f38080626be5ad8ac56a10878,0x3cc86d5565b76334b5cee4b61ee8e6ad1f514c78,0xf75584ef6673ad213a685a1b58cc0330b8ea22cf,2026-08-15T07:54:00,complex_trace;high_gas_used_context,0xb94c3609,true
25756663,0xe4f13a377e311d8f32f5ba6ef46d8886890a4519286d481c96ad50160d47d4d2,0x59aab1bd0d26290274398c07b55955c15425e16b,0x00fe78205f5f0e63b8ad2b2ae5337f538a610e04,2026-08-15T07:54:00,complex_trace;high_gas_used_context,0x34fcd5be,false
25756664,0x125e925eb3f2c0e861215e68b643334a01c794830f26f6b823c3d58205fdb928,0x5b43453fce04b92e190f391a83136bfbecedefd1,0xbdb3ba9ffe392549e1f8658dd2630c141fdf47b6,2026-08-15T07:54:08,repeated_internal_token_drain;dense_internal_fund_flow;complex_trace;high_gas_used_context;token_activity_burst,0x000000c3,true
25756664,0xe79cb1c865516631618410d50ed1a7a9ecde88db5df6d1dbd11b8594f12efdab,0xce269e6ce7e1ba8bd5c1b11c3933c3ebe95742d9,0xcb0151ac9479a6a0261622baa63ae843c9793d45,2026-08-15T07:54:09,large_erc20_asset_flow;complex_trace;high_gas_used_context;token_activity_burst;approval_burst,0x64cd187f,true
25756664,0x62186be9713c5fc2bc784cd43435e86b2c55b94a4a9a7935a2b177a8b55f1e8a,0x4838b106fce9647bdf1e7877bf73ce8b0bad5f97,0xfeeeeee44046c3f61a8cc081e0918ef0de0a7ffc,2026-08-15T07:54:10,selfdestruct_context,0x6a7fa95f,true
25756664,0x988137263e1dc66258ecf3658fee8cef02f6fc59f88ec16415f9d391b3730f3c,0x59aab1bd0d26290274398c07b55955c15425e16b,0x00fe78205f5f0e63b8ad2b2ae5337f538a610e04,2026-08-15T07:54:10,complex_trace;high_gas_used_context,0x34fcd5be,false
25756664,0xf29379d08d4a9e2cfa9b40a137bc32a66ccf22cb0584f014cfdc65b1bfc5997f,0x0e0052a184fd59c6b7e1e99d739802ecb3aec0e4,0xd82461784eb72d4b67cbab077989eb215315e272,2026-08-15T07:54:10,complex_trace;approval_burst,0x805f7b65,false
25756665,0x8483174fe41caab1a451cefcac6b846759e892849458719d463a108b3678f89c,0x59aab1bd0d26290274398c07b55955c15425e16b,0x00fe78205f5f0e63b8ad2b2ae5337f538a610e04,2026-08-15T07:54:13,complex_trace;high_gas_used_context,0x34fcd5be,false
25756665,0xa60d46cf3867ffc0c840960face2903ce663c8d8657010426e1474dd908f16e6,0x025080f14aa3305049f9ce08d7b92368d54cb9b6,0xcb0151ac9479a6a0261622baa63ae843c9793d45,2026-08-15T07:54:13,large_erc20_asset_flow;complex_trace;high_gas_used_context;token_activity_burst;approval_burst,0x64cd187f,true
25756666,0x08bb7f6a16ea9921a0e2ef86be356ec21e212b693c752f87ae285b69c5018dd8,0xc35aae31ee189c92a06cebd74c802a231fc4620b,0x950fd558f47e234a2fde23b7d61f7ccdbcb4a86f,2026-08-15T07:54:18,large_erc20_asset_flow;complex_trace;high_gas_used_context;token_activity_burst,0xdd225095,true
25756666,0x1f0c79d50e5316749bb5de9dea1c15feedb636465581b13fc63c1b1d8b2625e7,0x4337004ec9c1417f1c7a26ebd4b4fbed6acf9e5d,0x0000000071727de22e5e9d8baf0edac6f37da032,2026-08-15T07:54:18,dense_internal_fund_flow;large_erc20_asset_flow;complex_trace,0x765e827f,true
25756666,0x4addb0743c3088e3b35ea1b3b1c6d3e2d2dc423199a2ecf323ce6e38e62f76ee,0xf9ad3a3f0a49d0b489211dc98960b2da016cc08a,0x9640c8dd3b96fc35e08ddeba4d04637ba096c426,2026-08-15T07:54:18,large_erc20_asset_flow;complex_trace;high_gas_used_context;token_activity_burst,0x00000000,true
25756666,0x61706556612259bce84c095ec3b93ce7c83e89affe480cd326ba331419855f90,0x36b6339b00c5fdcbc8d61e07ae377528d2077b7f,0x0000000000000068f116a894984e2db1123eb395,2026-08-15T07:54:18,complex_trace;high_gas_used_context;token_activity_burst,0x87201b41,true
25756666,0x94e2ca607b4138542c0dcdb2ad54e72796b29d4e5355ba64b3d45b642f0b13ab,0x7d003e85d0f9775cf28aa08d335e18d464c691a3,0x0889e9327b98d7d1be3c301a4585ff3330502c9a,2026-08-15T07:54:18,complex_trace;high_gas_used_context;token_activity_burst,0x1fff991f,true
25756666,0x471d3fc70370ad205a7dc93fb106fcd6c9e8b26e4494b6713c48be7382e53136,0xdadb0d80178819f2319190d340ce9a924f783711,0xfeeeeee44046c3f61a8cc081e0918ef0de0a7ffc,2026-08-15T07:54:19,selfdestruct_context,0x6a7fa977,true
25756666,0x4a899c3b48aa05e266181f330f09064a0df62cbb5676a95d63b410da93d9192d,0x59aab1bd0d26290274398c07b55955c15425e16b,0x00fe78205f5f0e63b8ad2b2ae5337f538a610e04,2026-08-15T07:54:19,complex_trace;high_gas_used_context,0x34fcd5be,false
25756666,0xc6beaca421b4d260522c809aee919d995db8e5a3785e9110b59a6dc533fd31fb,0x5c096ef846447cb935c5d247e4ab2a867ecc33a9,0x00000f91109c4d0007e90000d9facad5298a0cac,2026-08-15T07:54:19,complex_trace;high_gas_used_context;token_activity_burst,0x00000000,false
25756666,0xe9a385893d01490efb34c4bc3dca464695c6e04fdef3608a63ff08201627c5da,0x1584a8ee67789d1fe161065388657ad2f2a3c7dd,0x77eb52e44db06777bce478159f25c0d55a295314,2026-08-15T07:54:19,repeated_internal_token_drain;dense_internal_fund_flow;complex_trace;high_gas_used_context;token_activity_burst;repeated_risky_internal_calls,0xa9059cbb,true
25756667,0x091df52b91d56d985ed9ab11886eb0684e3e718a5c58071fb91712ff0c57514e,0x5b43453fce04b92e190f391a83136bfbecedefd1,0xbdb3ba9ffe392549e1f8658dd2630c141fdf47b6,2026-08-15T07:54:21,dense_internal_fund_flow;complex_trace;high_gas_used_context;token_activity_burst,0x000000c3,true
25756667,0x62e81de8ea2357b87524dc04db91f477cb9fe413b11e6cbac22d72ae70253f0c,0xdf1a29a8b30f33e9323e41525b967b79b086eed5,0x1231deb6f5749ef6ce6943a275a1d3e7486f4eae,2026-08-15T07:54:21,dense_internal_fund_flow;complex_trace,0x736eac0b,true
25756667,0xb9476c1110cceba3c3b26b295f80e2554c0f195dbbed9dc7b977ed51fe95ba0a,0x09a591f0e4fa0abac08f05bc0916c51ee34c1a1b,0x5cb16a393b9b43c590953b51058edab1bde0f5fa,2026-08-15T07:54:21,dense_internal_fund_flow,0x501d976c,true
25756667,0x1f41e8c9346ee0d0ff80c97349de7dd57ee608afef21d1cf39a830295e5c945a,0x062ce42cae04c51d04e77e3d64cc8953a2296ffe,0x8a25a24ede9482c4fc0738f99611be58f1c839ab,2026-08-15T07:54:22,large_erc20_asset_flow;complex_trace,0x6a761202,true
25756667,0x3f711117f38b5c9a22cd5ca227117da1b5dcf73bd016e6eb39bd8a1552b76cd6,0x4838b106fce9647bdf1e7877bf73ce8b0bad5f97,0xfeeeeee44046c3f61a8cc081e0918ef0de0a7ffc,2026-08-15T07:54:22,selfdestruct_context,0x6a7fa983,true
25756667,0x4b8a5a339c5253ac0614c9ea0347a823b3e47d91a2745c85d2aabd7b677f8f38,0xadbdfc1271970fabcbea9c7507c6a22e056d9b48,0x6566194141eefa99af43bb5aa71460ca2dc90245,2026-08-15T07:54:22,large_erc20_asset_flow;complex_trace,0x374f435d,true
25756667,0x7d1e7866db89009fd923b8417a1eb5cb0758ab9b01a381cf82852eb5a4fdba77,0x1b8ee9c5817a14b24746eea31f733177eb7200a8,0xb300000b72deaeb607a12d5f54773d1c19c7028d,2026-08-15T07:54:22,complex_trace;high_gas_used_context,0x810c705b,true
25756667,0x9ebfb28e3787dd33f75bf56161e17a18d0cba9ea5a909d50665ba43423647c20,0x8a9e18a68e60000001fa129a0a5f2be8a205ad36,0x0a8accba63f42e743a31f33c44b87be0c83fe230,2026-08-15T07:54:22,complex_trace;high_gas_used_context;token_activity_burst,0x99000000,false
25756668,0x526eb4a8dddc8ad0954ad9c51ff81e707d45fc56a28bb4c3a910691bf95d9108,0x50bf934781f63028c5c8ef49c4affe19a86d99b6,0x8d04cc7e86e687854eb41d9d43512b655b93184b,2026-08-15T07:54:28,complex_trace;selfdestruct_context,0x4a1bf18a,false
25756668,0x1212333954cd6879713348914ffad417b4b30b05a7cf03060978e975bab8e322,0x091179e3c74e33545ce8cc07fa385827256cb84f,0x6141718f8a599f14f6ce7bbb0cd2366c191fb7de,2026-08-15T07:54:29,repeated_internal_token_drain;dense_internal_fund_flow;very_complex_trace;high_gas_used_context;token_activity_burst;approval_burst,0x09c5eabe,true
25756668,0x3ecdf701eaa1d0a5f6cbb3f840b1a8468da47046344371c9ec7d05a0011ef548,0x59aab1bd0d26290274398c07b55955c15425e16b,0x00fe78205f5f0e63b8ad2b2ae5337f538a610e04,2026-08-15T07:54:29,complex_trace;high_gas_used_context,0x34fcd5be,false
25756668,0xb45f5b2d4754d5dca842f6eb81e434b4ea5ea04e7261d81dff7060f0fefdc8b1,0x4838b106fce9647bdf1e7877bf73ce8b0bad5f97,0xfeeeeee44046c3f61a8cc081e0918ef0de0a7ffc,2026-08-15T07:54:29,selfdestruct_context,0x6a7fa98f,true
25756668,0xccb04517c17bacf64e031d435c36c6b9902472e71480091b6932db2c2a877d20,0x59aab1bd0d26290274398c07b55955c15425e16b,0x00fe78205f5f0e63b8ad2b2ae5337f538a610e04,2026-08-15T07:54:29,complex_trace;high_gas_used_context;token_activity_burst,0x34fcd5be,false
25756668,0xee085990f99581af73dd3f3acee90242e75f24280359321565f1dfc7ccce71d4,0x6582b7c80df319553a988f62436b8a1be6b2b24c,0x0de8bf93da2f7eecb3d9169422413a9bef4ef628,2026-08-15T07:54:29,dense_internal_fund_flow;large_mint_to_sender;very_complex_trace;high_gas_used_context;token_activity_burst,0xc2580804,true
25756669,0x2079ccd548b175a02363ee1ca95fac242ebf105395e79c6ac8763e3c8ec06377,0x4337003fcd2f56de3977ccb806383e9161628d0e,0x0000000071727de22e5e9d8baf0edac6f37da032,2026-08-15T07:54:34,large_erc20_asset_flow;complex_trace,0x765e827f,true
25756669,0xcf5731a75ce21f76bdb52b5e86583f104593473c69a8b6fbf36a3bd6de5664e0,0x70e59f9c304e4d5096bd408b571e2dcd99c3120b,0xad3b67bca8935cb510c8d18bd45f0b94f54a968f,2026-08-15T07:54:34,complex_trace;high_gas_used_context;token_activity_burst;approval_burst,0x146ee74d,false
25756669,0xf258e805c6e5667ee008b51306d1ccb0129617f7a07e3e701d5688803cd34bba,0xe487832018fbd594c84f1db3dfac61cde98a5f36,0x91ff8bbd8ebb07893010d50a48a1609e5ebd8e34,2026-08-15T07:54:34,complex_trace;high_gas_used_context,0x069d1525,false
25756669,0x132179dae2bd238b599d641da6fecaac95fb4356a1e3c0bdcad8d5ae7a9aad3b,0x5d91aea302976d2a405e872638eda95b373e788f,0xd01607c3c5ecaba394d8be377a08590149325722,2026-08-15T07:54:35,dense_internal_fund_flow;large_erc20_asset_flow;complex_trace,0xe74f7b85,true
25756669,0xf6ec69f139d54ab07f44deb3edacafdaadf7d39c0ac103366310c78425075d0b,0x1584a8ee67789d1fe161065388657ad2f2a3c7dd,0x77eb52e44db06777bce478159f25c0d55a295314,2026-08-15T07:54:35,repeated_internal_token_drain;dense_internal_fund_flow;complex_trace;high_gas_used_context;token_activity_burst;repeated_risky_internal_calls,0xa9059cbb,true
25756670,0x548e684b1f4d3caf7377877882db594aa3a4c84a83b23694a6e668b7db01ad1c,0x7b49bc3ebbdf7322f31c6449320382bbec3be1b6,0xad3b67bca8935cb510c8d18bd45f0b94f54a968f,2026-08-15T07:54:39,complex_trace;high_gas_used_context;token_activity_burst;approval_burst,0x146ee74d,false
25756670,0x63d5c5c5bd9fac910ee6756eeb5ae1948e05c1e5b30721d9ba30e663d6021a6c,0xde992badd92adaf9146255e9bde6a70770973664,0x3d0f22bf11636cc9cb129e2b261eed35a487455c,2026-08-15T07:54:39,complex_trace;high_gas_used_context,0xa9059cbb,false
25756671,0x240e656b70d2c95c70c5cb556ef37d701a28361600a71f9839d9a85caa6339a1,0x4838b106fce9647bdf1e7877bf73ce8b0bad5f97,0xfeeeeee44046c3f61a8cc081e0918ef0de0a7ffc,2026-08-15T07:54:58,selfdestruct_context,0x6a7fa9b3,true
25756671,0x418da2f8a28ea9874581b3faf050aece363c45745e93b346c62c5bd02c2df2b5,0xe487832018fbd594c84f1db3dfac61cde98a5f36,0x91ff8bbd8ebb07893010d50a48a1609e5ebd8e34,2026-08-15T07:54:58,complex_trace;high_gas_used_context,0x069d1525,false
25756671,0x4d2f65beb25a110892c9f593b02500240818b3505caa727490f91ec5e55d171f,0x7556699aa8e6a7c9c69bcfaf9debd05f8192b063,0x84cab37995229530d9e6e5cff2f8f4ebe4517d66,2026-08-15T07:54:58,complex_trace;high_gas_used_context;token_activity_burst,0xe587456a,false
25756671,0x8dd987e533ccf3e8000d9b6f589dc3076cbe9fee54a3201744a1cad98d2bebe7,0x59aab1bd0d26290274398c07b55955c15425e16b,0x00fe78205f5f0e63b8ad2b2ae5337f538a610e04,2026-08-15T07:54:58,complex_trace;high_gas_used_context,0x34fcd5be,false
25756671,0x927f901a59b258d84df8eacfe144e0a661caf35684086285f2981f16865ac4de,0xfc4852253407c685f8bda910cd1159939b989a59,0xe45572dff1865af5f12208b09ce7506847f628bd,2026-08-15T07:54:58,complex_trace;high_gas_used_context,0x00000000,false
25756671,0xa0ecb3d2d014964add5ea4b45b842d16e40ec8b3c8e2de56aac188c9009fcff4,0xb4c5355f35e0fc4a3dafc55f64319416e154fb11,0xf993aef0fe2018d01ec10cbdffeb1836de9c196e,2026-08-15T07:54:58,complex_trace;high_gas_used_context;token_activity_burst,0x11495b13,true
25756671,0xccfae36f7bbe126c0b7f966b3b49af8622889b03a6c60e43ea37712d38520d5d,0xde7a849216aa3884d53d84ecb02c19eb67e5dae2,0x7d9f4ca54131e588fc1fe577973b55fb11231e76,2026-08-15T07:54:58,repeated_internal_token_drain;dense_internal_fund_flow;complex_trace;high_gas_used_context;token_activity_burst;repeated_risky_internal_calls,0x6aac3a0b,true
25756671,0xcd49f23b471838e4b99733e46bb37e53d556898117644679830f30cd51579749,0xdda3b51e29f9d6fad865c5dd7070d5f7eb57663e,0x8d8210a0252a706cb5de0c6f8e46b6d3692afc19,2026-08-15T07:54:58,complex_trace;high_gas_used_context,0xffc3a769,false
25756671,0xfcfc925ae3b67c9562d76bd5f2b37c954a9544f4fbfb38f55666d431bd81f1c2,0x0898aebd0d5b3188fc184ec5d4e99b269b065905,0x5c537e972cbd460595e0231a83a9e9e3e59ce51b,2026-08-15T07:54:58,complex_trace;high_gas_used_context,0x98ad3d42,false
25756671,0xff4c4291af56f7fca8e56a7407f6e87fcbe37ae438a0e27cb577af5209f45ff9,0xde992badd92adaf9146255e9bde6a70770973664,0x3d0f22bf11636cc9cb129e2b261eed35a487455c,2026-08-15T07:54:58,complex_trace;high_gas_used_context,0xa9059cbb,false
25756672,0x2e1cdb8e9f1b121e6287dbb1a4e95fe486c5039b470b06484974f98df5a60758,0x5b43453fce04b92e190f391a83136bfbecedefd1,0xbdb3ba9ffe392549e1f8658dd2630c141fdf47b6,2026-08-15T07:55:08,complex_trace;high_gas_used_context;token_activity_burst,0x000000c3,false
25756672,0x0818b701bd0aadc20699764e192b8cf0d1ab3c452ef258e7b612d2aebe453cbb,0xe487832018fbd594c84f1db3dfac61cde98a5f36,0x91ff8bbd8ebb07893010d50a48a1609e5ebd8e34,2026-08-15T07:55:10,complex_trace;high_gas_used_context,0x069d1525,false
25756672,0x1acb518ed334aa8c28ab41b7b52867a363d70bb37bae18e6f95bec2d28589d08,0x4838b106fce9647bdf1e7877bf73ce8b0bad5f97,0xfeeeeee44046c3f61a8cc081e0918ef0de0a7ffc,2026-08-15T07:55:10,selfdestruct_context,0x6a7fa9bf,true
25756672,0x25b9150be3870f072c98701c1b3091bb4214ffd058954d3d684974f8087f169b,0xdf8adfe10d4a4d9f0fc4d3e377a6e8d5730eb40c,0x06cff7088619c7178f5e14f0b119458d08d2f5ef,2026-08-15T07:55:10,large_erc20_asset_flow;complex_trace,0x99999999,true
25756672,0x2bff57979ed1dc042fbbc232e4b3d4f757fd5b8dccc9e6eee31e396b54c9126a,0x4838b106fce9647bdf1e7877bf73ce8b0bad5f97,0xfeeeeee44046c3f61a8cc081e0918ef0de0a7ffc,2026-08-15T07:55:10,selfdestruct_context,0x6a7fa9bf,true
25756672,0x629a8a4d1614958e48935526d37ebaebb9dfb300a3f355758a25102ab523b737,0xb0c57c5e0a497bf273aad5376c9394575eced8fa,0x337685fdab40d39bd02028545a4ffa7d287cc3e2,2026-08-15T07:55:10,dense_internal_fund_flow;large_erc20_asset_flow;complex_trace,0xfa74fd43,true
25756672,0x6763bbdf14bb5f1cc977248a28182ea0669133e235984bbb286e74a8ca9c48f8,0xdda3b51e29f9d6fad865c5dd7070d5f7eb57663e,0x8d8210a0252a706cb5de0c6f8e46b6d3692afc19,2026-08-15T07:55:10,complex_trace;high_gas_used_context,0xffc3a769,false
25756672,0x7395fceea3101ed3b5b8ac77f3b9295c69f5bd5705389d0a1878071c55b7e9e2,0xbe0b407782a7599380fa726db315340126d62229,0x4d2fb5f8ec243fde4df1a9678b82238570c7e0e4,2026-08-15T07:55:10,repeated_internal_token_drain;dense_internal_fund_flow;complex_trace;high_gas_used_context;token_activity_burst;repeated_risky_internal_calls,0x6a761202,true
25756673,0x0a69403e749c11d3223647439e5c721e9b8c7ac114dc6b40fae76d47032d6c49,0x9919820b06b75c14e2a205089485621dc9b0fefc,0xa929c559e5e6537359680f39cb4e3708e1a14dd1,2026-08-15T07:55:23,complex_trace;high_gas_used_context;token_activity_burst,0x3f0bde25,true
25756673,0x2c5bd97474a9df453e7700cb15db8cffb10b19aafda8da682f8be29798a9b70b,0xdda3b51e29f9d6fad865c5dd7070d5f7eb57663e,0x8d8210a0252a706cb5de0c6f8e46b6d3692afc19,2026-08-15T07:55:23,complex_trace;high_gas_used_context,0xffc3a769,false
25756673,0x81b22ed6f13f33abedbf8510834ef56cf2cffd32a36415fa55c627a44cfe0469,0x7556699aa8e6a7c9c69bcfaf9debd05f8192b063,0x84cab37995229530d9e6e5cff2f8f4ebe4517d66,2026-08-15T07:55:23,complex_trace;high_gas_used_context;token_activity_burst,0xe587456a,false
25756673,0xbe63491cb567520f07959cb672662005c710bdd006d9b5178dd4252563ece795,0xe91bcae4a2d7b951304695f93cf1b9a1837cfe43,0x7ec8a30a34b86927dc77b302603d1d53e640bef7,2026-08-15T07:55:23,repeated_internal_token_drain;dense_internal_fund_flow;complex_trace;high_gas_used_context;token_activity_burst;repeated_risky_internal_calls,0xa9059cbb,true
25756673,0xff1e7deef416044d48531ba8b32f4625d4143065b2f66dfb3d172809a8a6d095,0xd6434d157f254276d69ede3bd9fc805482206908,0x7ec8a30a34b86927dc77b302603d1d53e640bef7,2026-08-15T07:55:23,repeated_internal_token_drain;dense_internal_fund_flow;complex_trace;high_gas_used_context;token_activity_burst;repeated_risky_internal_calls,0xa9059cbb,true
25756674,0x5852d6d3371fbbcf2a1a64c7ba178cb4d5a4b3806e7831cc0c8bb35e2835cf9f,0x4838b106fce9647bdf1e7877bf73ce8b0bad5f97,0xfeeeeee44046c3f61a8cc081e0918ef0de0a7ffc,2026-08-15T07:55:38,selfdestruct_context,0x6a7fa9d7,true
25756674,0x2b050ee124e15675d75dca72941a7806d12aceb07279acf18626791474154d92,0x59aab1bd0d26290274398c07b55955c15425e16b,0x00fe78205f5f0e63b8ad2b2ae5337f538a610e04,2026-08-15T07:55:40,complex_trace;high_gas_used_context,0x34fcd5be,false
25756674,0x536922c1e8007479e51f3279dee3913ddcfbac92d071f82b0e17f499ff09f67e,0x4838b106fce9647bdf1e7877bf73ce8b0bad5f97,0xfeeeeee44046c3f61a8cc081e0918ef0de0a7ffc,2026-08-15T07:55:40,selfdestruct_context,0x6a7fa9d7,true
25756674,0xe99d87b56e96b99c2f3b911842c4349a09219c72e73ae8a6caaca907477f538a,0xdda3b51e29f9d6fad865c5dd7070d5f7eb57663e,0x8d8210a0252a706cb5de0c6f8e46b6d3692afc19,2026-08-15T07:55:40,complex_trace;high_gas_used_context,0xffc3a769,false
25756675,0x3b3d125b7f9d5bb30ae59386c277c31cc679c833e110c7c69d0ee2ea7ce210f5,0xdda3b51e29f9d6fad865c5dd7070d5f7eb57663e,0x8d8210a0252a706cb5de0c6f8e46b6d3692afc19,2026-08-15T07:55:51,complex_trace;high_gas_used_context,0xffc3a769,false
25756675,0xa71e5e7e5fdb1ee070da59286d2c0d5599e2640ff8178c82a03786078593d873,0xde992badd92adaf9146255e9bde6a70770973664,0x3d0f22bf11636cc9cb129e2b261eed35a487455c,2026-08-15T07:55:51,complex_trace;high_gas_used_context,0xa9059cbb,false
25756675,0xf74a18a8553fd7ed86c242b697205bb8610d34189c4f0a3eb6afb64860a93317,0x70e59f9c304e4d5096bd408b571e2dcd99c3120b,0xad3b67bca8935cb510c8d18bd45f0b94f54a968f,2026-08-15T07:55:51,complex_trace;high_gas_used_context;token_activity_burst;approval_burst,0x146ee74d,false
25756675,0xf367fb710a4c283a5a2f80474c00f162f6bc01ad2d54b3dcb9b4af8781d77e83,0x59aab1bd0d26290274398c07b55955c15425e16b,0x00fe78205f5f0e63b8ad2b2ae5337f538a610e04,2026-08-15T07:55:52,complex_trace;high_gas_used_context,0x34fcd5be,false
25756676,0xd940bee4a3c95d7e90a6fdf3c6003907785e846e34cc0a57c86aa89ae6ac4250,0x7830c87c02e56aff27fa8ab1241711331fa86f43,0xa9d1e08c7793af67e9d92fe308d5697fb81d3e43,2026-08-15T07:56:08,dense_internal_fund_flow,0x1a1da075,true
25756676,0x02c7abad98c466907be6c51574f72dd7c7f6ea91fb39162dae765324a0064184,0xdda3b51e29f9d6fad865c5dd7070d5f7eb57663e,0x8d8210a0252a706cb5de0c6f8e46b6d3692afc19,2026-08-15T07:56:09,complex_trace;high_gas_used_context,0xffc3a769,false
25756676,0x805c5646af72261341d48ab49fbb5f588015333aafede3271585b3504e29115b,0xde992badd92adaf9146255e9bde6a70770973664,0x3d0f22bf11636cc9cb129e2b261eed35a487455c,2026-08-15T07:56:09,complex_trace;high_gas_used_context,0xa9059cbb,false
25756676,0x9bca79af1b29c58f85d133c501602d36c71dd314121d11c96377187741ff550c,0xe99bd1c2dd70cd58e5efd47887991700e7318ce2,0xad3b67bca8935cb510c8d18bd45f0b94f54a968f,2026-08-15T07:56:09,complex_trace;high_gas_used_context;token_activity_burst;approval_burst,0x146ee74d,false
25756676,0xa8bb8d9b3ba6165af1231c2f27098fcfdef4961d374130e4f6c9c822fa9e1a3d,0xe610990e6f7b11b2c7d3ad6186c5506a5621049b,0xbc1d9760bd6ca468ca9fb5ff2cfbeac35d86c973,2026-08-15T07:56:09,dense_internal_fund_flow;complex_trace;high_gas_used_context;token_activity_burst,0xd984396a,true
25756676,0xe18ba98abd98186d0db819916aaaa47b2119bac170dad6888af3df51fa686cc4,0x59aab1bd0d26290274398c07b55955c15425e16b,0x00fe78205f5f0e63b8ad2b2ae5337f538a610e04,2026-08-15T07:56:09,complex_trace;high_gas_used_context,0x34fcd5be,false
25756677,0x6b8897bc28253d936440150f95f4231743976dda81387ba5e1f5ede8f8218100,0x70e59f9c304e4d5096bd408b571e2dcd99c3120b,0xad3b67bca8935cb510c8d18bd45f0b94f54a968f,2026-08-15T07:56:25,dense_internal_fund_flow;complex_trace,0x146ee74d,true
25756677,0x222cc96b01774c553a9b6a68e582d5917d68f115e3efeafa45611d2a11d26ee9,0x59aab1bd0d26290274398c07b55955c15425e16b,0x00fe78205f5f0e63b8ad2b2ae5337f538a610e04,2026-08-15T07:56:26,complex_trace;high_gas_used_context,0x34fcd5be,false
25756677,0x3ec4b2b0d87d8cc3fab5e1d2998f1390a3cd24abf6a6fdf8b2c58fd3cb0e227b,0x4838b106fce9647bdf1e7877bf73ce8b0bad5f97,0xfeeeeee44046c3f61a8cc081e0918ef0de0a7ffc,2026-08-15T07:56:26,selfdestruct_context,0x6a7fa9fb,true
25756677,0xffb1c87693893ad1aef10a2e252808e7554424abc5408ed001941355e36507d3,0x1584a8ee67789d1fe161065388657ad2f2a3c7dd,0x77eb52e44db06777bce478159f25c0d55a295314,2026-08-15T07:56:26,repeated_internal_token_drain;dense_internal_fund_flow;complex_trace;token_activity_burst;repeated_risky_internal_calls,0xa9059cbb,true
25756678,0x9df508dcec99656c74c30ed6efac5afb519235e382de7040693268fe625d5a55,0xe99bd1c2dd70cd58e5efd47887991700e7318ce2,0xad3b67bca8935cb510c8d18bd45f0b94f54a968f,2026-08-15T07:56:38,complex_trace;approval_burst,0x146ee74d,false
25756678,0x230f8788d0e910a510554d9b191a75c9f36ab5fbbb7e6cc859c2d6fd7cf8265d,0x70e59f9c304e4d5096bd408b571e2dcd99c3120b,0xad3b67bca8935cb510c8d18bd45f0b94f54a968f,2026-08-15T07:56:39,complex_trace;high_gas_used_context;token_activity_burst;approval_burst,0x146ee74d,false
25756678,0x976e31c1693dc3cf700046dd401f9318113ccf6d4660abd52248f902ea19ea83,0x59aab1bd0d26290274398c07b55955c15425e16b,0x00fe78205f5f0e63b8ad2b2ae5337f538a610e04,2026-08-15T07:56:39,complex_trace;high_gas_used_context,0x34fcd5be,false
25756678,0xcfb35c60a6e504784d7f6b0e1b634f7640292b7dd2be14dbf41cc912ba636324,0xde992badd92adaf9146255e9bde6a70770973664,0x3d0f22bf11636cc9cb129e2b261eed35a487455c,2026-08-15T07:56:39,complex_trace;high_gas_used_context,0xa9059cbb,false
25756679,0xabc8678c44bf899ead94c52ea19bfd8b0a90368927eb32cae498b5f301839c5a,0x70e59f9c304e4d5096bd408b571e2dcd99c3120b,0xad3b67bca8935cb510c8d18bd45f0b94f54a968f,2026-08-15T07:57:02,complex_trace;approval_burst,0x146ee74d,false
25756679,0xb79fe6597bcc288c694ddea2287ff341e1c1697a1eea4e5b2dfb03268a145fa7,0xf8b7d81d600d99145405188aa58e07bd923ad277,0x6131b5fae19ea4f9d964eac0408e4408b66337b5,2026-08-15T07:57:02,dense_internal_fund_flow;complex_trace,0xe21fd0e9,true
25756679,0x282340ebbb2d94d84109e29ec242f007ce43eccfc942611526d7d5985808da95,0xa5a5491bca93dd4c076e4906e79e7673f4a5a142,0xccc88a9d1b4ed6b0eaba998850414b24f1c315be,2026-08-15T07:57:03,dense_internal_fund_flow;complex_trace,0x0a2b8f36,true
25756679,0x7a7bc62c90f12bf144fa61423292ca4852fe75de16f048640d7fa601b813d68a,0x59aab1bd0d26290274398c07b55955c15425e16b,0x00fe78205f5f0e63b8ad2b2ae5337f538a610e04,2026-08-15T07:57:03,complex_trace;high_gas_used_context,0x34fcd5be,false
25756680,0x66652a332f27f9ead40a7fce6954fbd4a7eb778398894c568b53b4402eb1381d,0x5ca82b4724f67d6b80b11354d5011093edd2aa02,0x111111125421ca6dc452d289314280a0f8842a65,2026-08-15T07:57:19,complex_trace;token_activity_burst,0x07ed2379,true
25756680,0x242ba9fc1cf2687b1caa390dceabae5ef1b11ba8a273d08b5473fb2cb8cf68b1,0xf70da97812cb96acdf810712aa562db8dfa3dbef,0xccc88a9d1b4ed6b0eaba998850414b24f1c315be,2026-08-15T07:57:21,dense_internal_fund_flow;large_erc20_asset_flow,0x0a2b8f36,true
25756680,0x53bad8892f73a86261978101ac220725239f99b77aef3ded4aae796d1c3d2492,0xdadb0d80178819f2319190d340ce9a924f783711,0xfeeeeee44046c3f61a8cc081e0918ef0de0a7ffc,2026-08-15T07:57:21,selfdestruct_context,0x6a7faa1f,true
25756680,0x59470fb4bdc54f7590dcab08cd5d6ad6a1061dfcaddfe88152a1d80fc7044b41,0x1f5465068be72ad390ba017dd06e4b2a7e6845ff,0x1231deb6f5749ef6ce6943a275a1d3e7486f4eae,2026-08-15T07:57:21,large_erc20_asset_flow;complex_trace,0x80c65808,true
25756680,0x96d381fcc4234c77d79e97da2fd340c4963e4e1db8eed12a6171cbad553ffbcc,0x59aab1bd0d26290274398c07b55955c15425e16b,0x00fe78205f5f0e63b8ad2b2ae5337f538a610e04,2026-08-15T07:57:21,complex_trace;high_gas_used_context,0x34fcd5be,false
25756680,0x9e739c22d0598679428991b633271197c539ccd0b2e56962d8d8cf9a68b44248,0xdadb0d80178819f2319190d340ce9a924f783711,0xfeeeeee44046c3f61a8cc081e0918ef0de0a7ffc,2026-08-15T07:57:21,selfdestruct_context,0x6a7faa1f,true
25756680,0xde8a4bc05559c7956b00c818628ecea53afba863f9a877f3abe2c4bb7210387b,0xde7a849216aa3884d53d84ecb02c19eb67e5dae2,0x7d9f4ca54131e588fc1fe577973b55fb11231e76,2026-08-15T07:57:21,repeated_internal_token_drain;dense_internal_fund_flow;complex_trace;high_gas_used_context;token_activity_burst;repeated_risky_internal_calls,0x6aac3a0b,true
25756680,0xdf66f28b138fa670f36cf13297d192006a0d4759abcc9050d42948e330e0797a,0x48f07c16cbd5f12939e1ab24b8a23d161d6c3596,0x0000000071727de22e5e9d8baf0edac6f37da032,2026-08-15T07:57:21,dense_internal_fund_flow;complex_trace,0x765e827f,true
25756680,0xeb0bd9a1819ba67ddeaf5693484e653dda6819785f66113b8222ca46d4796f46,0xde992badd92adaf9146255e9bde6a70770973664,0x3d0f22bf11636cc9cb129e2b261eed35a487455c,2026-08-15T07:57:21,complex_trace;high_gas_used_context,0xa9059cbb,false
25756681,0x6a6770f7ab80b9bbca8b440a9fbee07c7c897408e524907168b6c3af2a9edac0,0x7830c87c02e56aff27fa8ab1241711331fa86f43,0xa9d1e08c7793af67e9d92fe308d5697fb81d3e43,2026-08-15T07:57:38,large_erc20_asset_flow;token_activity_burst,0xca350aa6,true
25756681,0xd1191ab0a04a2716895a7e2168cfc3577300ed9bf99f7ee307809637351e8d47,0x5ac6bc472a51335d1af3cc2f5c8201c16ecc6b2c,0x781cdf8805e01f016fc39204a94e4382c48bcbb4,2026-08-15T07:57:38,complex_trace;high_gas_used_context,0x873f371c,false
25756681,0x25627102ed13d66e971a6ac50b5f3fbbed3ccc8bf2172790c95711bce8f739c9,0xde992badd92adaf9146255e9bde6a70770973664,0x3d0f22bf11636cc9cb129e2b261eed35a487455c,2026-08-15T07:57:39,complex_trace;high_gas_used_context,0xa9059cbb,false
25756681,0x6b449a3f303486d01a3f7b4997762fc0f0e819470b89e00e6bd2f3459e10b8cd,0x4838b106fce9647bdf1e7877bf73ce8b0bad5f97,0xfeeeeee44046c3f61a8cc081e0918ef0de0a7ffc,2026-08-15T07:57:39,selfdestruct_context,0x6a7faa2b,true
25756681,0xad294054a50d91ffd9fee640ee54ecdc3e8a9dc38b2b077709798a1c61e881e3,0x59aab1bd0d26290274398c07b55955c15425e16b,0x00fe78205f5f0e63b8ad2b2ae5337f538a610e04,2026-08-15T07:57:39,complex_trace;high_gas_used_context,0x34fcd5be,false
25756682,0x754516bcb4c4b25671e4dbd18f45864e0443fc8b36bb820e88c3cdd2286dc713,0x3d4e12d540cf67a9c38da66a20943acac075725d,0x1eeda6359b726f7e5a662288ed7f1793ed6788b9,2026-08-15T07:57:53,repeated_internal_token_drain;dense_internal_fund_flow;complex_trace;high_gas_used_context;token_activity_burst;repeated_risky_internal_calls,0xa9059cbb,true
25756682,0xfa7aa85c794a7b80498afb645171283e8aa741fdb9c4fb6bc38eef2cadb1e7d5,0x5f8769281662a4af0175f7efe521892c52850ac6,0x40a6700b99115cda7b12bd0e21db1be8ae524bf2,2026-08-15T07:57:53,repeated_internal_token_drain;dense_internal_fund_flow;complex_trace;high_gas_used_context;token_activity_burst;repeated_risky_internal_calls,0xa9059cbb,true
25756682,0x1e06404e32f246b614d5a4ad56278d58c992ad8a5f1b6d1b9c08de7768d85a1c,0x59aab1bd0d26290274398c07b55955c15425e16b,0x00fe78205f5f0e63b8ad2b2ae5337f538a610e04,2026-08-15T07:57:54,complex_trace;high_gas_used_context,0x34fcd5be,false
25756682,0x905821dd7788a9c3734647d523b91a40e1b1bdd0fa54e80d17ed93a855c7cabe,0x4838b106fce9647bdf1e7877bf73ce8b0bad5f97,0xfeeeeee44046c3f61a8cc081e0918ef0de0a7ffc,2026-08-15T07:57:54,selfdestruct_context,0x6a7faa37,true
25756683,0x21f18a5508b79959f219ec599b9319e65ed1353feb6b499d0776b7ffa58f94a9,0x59aab1bd0d26290274398c07b55955c15425e16b,0x00fe78205f5f0e63b8ad2b2ae5337f538a610e04,2026-08-15T07:58:03,complex_trace;high_gas_used_context,0x34fcd5be,false
25756683,0x26038abae562d0dff1c269aeab63df94309a1f1ca0cbafee56f0ad01123065e5,0x85fa20a22c62c55ead39d5697111162abafc0219,0x6131b5fae19ea4f9d964eac0408e4408b66337b5,2026-08-15T07:58:03,dense_internal_fund_flow;complex_trace,0xe21fd0e9,true
25756683,0xe73e315ed58fcc89e182815868aea82568f1e33c2600a7865b1813447d23cfe6,0x7b49bc3ebbdf7322f31c6449320382bbec3be1b6,0xad3b67bca8935cb510c8d18bd45f0b94f54a968f,2026-08-15T07:58:03,complex_trace;token_activity_burst;approval_burst,0x146ee74d,false
25756684,0x0288f9b5f24e599ccb2ed08b6aba4c39038a8c21dcfe33992419db470d26d981,0x5b43453fce04b92e190f391a83136bfbecedefd1,0xbdb3ba9ffe392549e1f8658dd2630c141fdf47b6,2026-08-15T07:58:09,large_erc20_asset_flow;complex_trace;high_gas_used_context;token_activity_burst,0x000000c3,true
25756684,0x73b6b52317e0260c5e901192db8148ceaed57d5f04c17c621796a30f418dc024,0x739212d5bafe6aac8be49a60b7d003bd41dbf38b,0xa87c0f95235eab23a9f197ff86f3e1c1feffbc3c,2026-08-15T07:58:09,very_complex_trace,0x1a1a1571,false
25756684,0x842d0aaebc9de9497df56f9a5098734596dcb3cd120cd3d29557822b60684bbd,0x6582b7c80df319553a988f62436b8a1be6b2b24c,0x0de8bf93da2f7eecb3d9169422413a9bef4ef628,2026-08-15T07:58:09,large_mint_to_sender;complex_trace;high_gas_used_context;token_activity_burst,0xc2580804,true
25756684,0x888aa78efadd10d1f5a3378453f2975472133d38e3808382ba4b18bf6fdc6e81,0x5f8769281662a4af0175f7efe521892c52850ac6,0x40a6700b99115cda7b12bd0e21db1be8ae524bf2,2026-08-15T07:58:09,repeated_internal_token_drain;dense_internal_fund_flow;complex_trace;high_gas_used_context;token_activity_burst;repeated_risky_internal_calls,0xa9059cbb,true
25756684,0x253afafea3e952862dfe2f94b0f0326ed5ac1304e2f70ee893898b29e9cbbeeb,0x4838b106fce9647bdf1e7877bf73ce8b0bad5f97,0xfeeeeee44046c3f61a8cc081e0918ef0de0a7ffc,2026-08-15T07:58:10,selfdestruct_context,0x6a7faa4f,true
25756684,0x4b9e8ed8b41dd4544475564690c646158803f74c0cd00a83eff985a9beb11cb1,0x4ce1c843a3addf1e3e771a8b0b49596932ad99d6,0x40ffe85a28dc9993541449464d7529a922142960,2026-08-15T07:58:10,large_erc20_asset_flow,0x119abf67,true
25756684,0x4e7166013a5000563e6187a33a483870253fd2462bae6483f3f7facd7b251293,0x59aab1bd0d26290274398c07b55955c15425e16b,0x00fe78205f5f0e63b8ad2b2ae5337f538a610e04,2026-08-15T07:58:10,complex_trace;high_gas_used_context,0x34fcd5be,false
25756684,0xc9509c41efac28d5637b344e5c7a297860e7e9c040df0b1baa307d988a18c15d,0x3d4e12d540cf67a9c38da66a20943acac075725d,0x1eeda6359b726f7e5a662288ed7f1793ed6788b9,2026-08-15T07:58:10,repeated_internal_token_drain;dense_internal_fund_flow;complex_trace;high_gas_used_context;token_activity_burst;repeated_risky_internal_calls,0xa9059cbb,true
25756685,0x8bbf1eba009993cd962eb3394479fef5959b6a15157ff072bccc58bb98dbd21d,0x7830c87c02e56aff27fa8ab1241711331fa86f43,0xa9d1e08c7793af67e9d92fe308d5697fb81d3e43,2026-08-15T07:58:16,dense_internal_fund_flow,0x1a1da075,true
25756685,0x4882986cc82207f0d7cd3feebf65f9210cc60afc8a8dd340cfe87eb35f6d1d43,0x50bf934781f63028c5c8ef49c4affe19a86d99b6,0x8d04cc7e86e687854eb41d9d43512b655b93184b,2026-08-15T07:58:17,complex_trace;selfdestruct_context,0x4a1bf18a,false
25756685,0x620b6df493812e8faa383a953682c1a600f40bd1ccfdcd0e4e0fc2c1a1deba58,0x59aab1bd0d26290274398c07b55955c15425e16b,0x00fe78205f5f0e63b8ad2b2ae5337f538a610e04,2026-08-15T07:58:17,complex_trace;high_gas_used_context,0x34fcd5be,false
25756685,0xa5afede9f16e6e6a2883cf29f8e1ba8aa185d94c689658997deac5c32ba65f6f,0xd714e1d25067c2421ea58b962d900732f77ab23b,0xcd2bdb8af031d29d2bc38ef08b842d31e344384c,2026-08-15T07:58:17,repeated_internal_token_drain;dense_internal_fund_flow;complex_trace;high_gas_used_context;token_activity_burst;repeated_risky_internal_calls,0xa9059cbb,true
25756685,0xb9128c10b15d8ac95aa8f978d9f9f11953f9dcdf6f1deac310fdd9d342df6896,0xdadb0d80178819f2319190d340ce9a924f783711,0xfeeeeee44046c3f61a8cc081e0918ef0de0a7ffc,2026-08-15T07:58:17,selfdestruct_context,0x6a7faa5b,true
25756685,0xca9642aabf0ff5301673908606620df1f8d76358bd7ad36adab41f9b0bb3e67a,0x00d9fe085d99b33ab2aae8063180c63e23bf2e69,0x75884f3ada15c953529abaac6549d5204135ec36,2026-08-15T07:58:17,repeated_internal_token_drain;dense_internal_fund_flow;complex_trace;high_gas_used_context;token_activity_burst;repeated_risky_internal_calls,0xa9059cbb,true
25756685,0xec28e5e61f0a0a6cd46abe366fa93bdfeb62e5d5df5d08a5cdb936a065de7d84,0xd6434d157f254276d69ede3bd9fc805482206908,0x7ec8a30a34b86927dc77b302603d1d53e640bef7,2026-08-15T07:58:17,repeated_internal_token_drain;dense_internal_fund_flow;complex_trace;high_gas_used_context;token_activity_burst;repeated_risky_internal_calls,0xa9059cbb,true
25756686,0x47a1b24c996e247d0e25fc9f12595e877f4b39f76eb1add0e298b491912545ad,0xae2fc483527b8ef99eb5d9b44875f005ba1fae13,0x1f2f10d1c40777ae1da742455c65828ff36df387,2026-08-15T07:58:22,large_erc20_asset_flow;complex_trace,0x2b78d3e9,true
25756686,0x7e480a6caed2050d9e1a941035f166cd7a958400e14efa3c5572f5a0eca15bf6,0x5b43453fce04b92e190f391a83136bfbecedefd1,0xbdb3ba9ffe392549e1f8658dd2630c141fdf47b6,2026-08-15T07:58:22,complex_trace;high_gas_used_context;token_activity_burst,0x000000c3,false
25756686,0xaa7e43645ebc4a21ee46f87c88b763011e7754bb6c8793a086102b7c9888d032,0xf9ad3a3f0a49d0b489211dc98960b2da016cc08a,0x9640c8dd3b96fc35e08ddeba4d04637ba096c426,2026-08-15T07:58:22,large_erc20_asset_flow;complex_trace,0x00000000,true
25756686,0x1f2dc2b616ed2da6475d6c30907511dcee61e0dab21d3ecb44cf39b590c4af21,0x3431172c887cf150d9fdaba9876273d9db566367,0x64f5aad0e38e2ff9f50f2e51e813e49c05aca41a,2026-08-15T07:58:26,complex_trace;high_gas_used_context;token_activity_burst,0xa9059cbb,false
25756686,0x33c1eb147eec10f3220b242e436c7fe2cd938077e985463a6a8c0b61681868ec,0x59aab1bd0d26290274398c07b55955c15425e16b,0x00fe78205f5f0e63b8ad2b2ae5337f538a610e04,2026-08-15T07:58:26,complex_trace;high_gas_used_context,0x34fcd5be,false
25756686,0x8b23f5129d7c88fe78bb21c2b1cf0c8abe4ec0a23718227dfc2001c6719ba961,0x3aa90778657dd85db1c17541e1ee53681eb71db4,0xdf27ceca5f3eefeecd0736a63145a0283e7534cc,2026-08-15T07:58:26,very_complex_trace;high_gas_used_context;token_activity_burst,0xdff96841,true
25756686,0x8ccf4cac2aa7b467003717713471c73f4c4ec1d7914052c4966f7b04360353b0,0x5f8769281662a4af0175f7efe521892c52850ac6,0x40a6700b99115cda7b12bd0e21db1be8ae524bf2,2026-08-15T07:58:26,repeated_internal_token_drain;dense_internal_fund_flow;complex_trace;high_gas_used_context;token_activity_burst;repeated_risky_internal_calls,0xa9059cbb,true
25756686,0x8e327c585aed6a57ea14b8d9defdabbcde1986230ac7d6bcca41590897550dba,0xe91bcae4a2d7b951304695f93cf1b9a1837cfe43,0x7ec8a30a34b86927dc77b302603d1d53e640bef7,2026-08-15T07:58:26,repeated_internal_token_drain;dense_internal_fund_flow;complex_trace;high_gas_used_context;token_activity_burst;repeated_risky_internal_calls,0xa9059cbb,true
25756686,0x8e50c56003a7c8a33f619b02160a918a0a0585bd6f46d173e9793f17f545a5db,0x4838b106fce9647bdf1e7877bf73ce8b0bad5f97,0xfeeeeee44046c3f61a8cc081e0918ef0de0a7ffc,2026-08-15T07:58:26,selfdestruct_context,0x6a7faa67,true
25756686,0xb8630aad3f4706438c5c17576f3b7cd61e5ca2ad4c0e34aa8dc51d7cebe4db77,0x3d4e12d540cf67a9c38da66a20943acac075725d,0x1eeda6359b726f7e5a662288ed7f1793ed6788b9,2026-08-15T07:58:26,repeated_internal_token_drain;dense_internal_fund_flow;complex_trace;high_gas_used_context;token_activity_burst;repeated_risky_internal_calls,0xa9059cbb,true
25756686,0xcf7c1acc06eada717dca64558a4b471bd544e907820b8b0ce883fdbde626e26b,0x4838b106fce9647bdf1e7877bf73ce8b0bad5f97,0xfeeeeee44046c3f61a8cc081e0918ef0de0a7ffc,2026-08-15T07:58:26,selfdestruct_context,0x6a7faa67,true
25756688,0x22ee21f2d90581d63ed3e5274099b81484412dbc84d7cc925542efac79601a2d,0x6582b7c80df319553a988f62436b8a1be6b2b24c,0x0de8bf93da2f7eecb3d9169422413a9bef4ef628,2026-08-15T07:58:31,dense_internal_fund_flow;large_mint_to_sender;very_complex_trace;high_gas_used_context;token_activity_burst,0xc2580804,true
25756688,0x427ecf65e5b25a8ca58b5b746af9e6ad346bf8ef347b0ba02d582194b42cb25a,0x7b49bc3ebbdf7322f31c6449320382bbec3be1b6,0xad3b67bca8935cb510c8d18bd45f0b94f54a968f,2026-08-15T07:58:31,complex_trace;token_activity_burst;approval_burst,0x146ee74d,false
25756688,0x0e7b1a7e3a2ade8422483ff75582c1649c85457e6b33b17f4b82090362e96078,0x5f8769281662a4af0175f7efe521892c52850ac6,0x40a6700b99115cda7b12bd0e21db1be8ae524bf2,2026-08-15T07:58:32,repeated_internal_token_drain;dense_internal_fund_flow;complex_trace;high_gas_used_context;token_activity_burst;repeated_risky_internal_calls,0xa9059cbb,true
25756688,0x1b8d5b8880f6d992d38020f14d88336aa576ae860c190f367017786e3a98efa5,0x1584a8ee67789d1fe161065388657ad2f2a3c7dd,0x77eb52e44db06777bce478159f25c0d55a295314,2026-08-15T07:58:32,repeated_internal_token_drain;dense_internal_fund_flow;complex_trace;high_gas_used_context;token_activity_burst;repeated_risky_internal_calls,0xa9059cbb,true
25756688,0x280cd93990fe75dfe8a4d159263dd8d0fdb82b29977da7ced78b7e2f80fe120b,0xd6434d157f254276d69ede3bd9fc805482206908,0x7ec8a30a34b86927dc77b302603d1d53e640bef7,2026-08-15T07:58:32,repeated_internal_token_drain;dense_internal_fund_flow;complex_trace;high_gas_used_context;token_activity_burst;repeated_risky_internal_calls,0xa9059cbb,true
25756688,0x5d17bc9706580b1f4cf0de0b2fd1a2e1b358e93965e49fc26cc918f9e8766899,0x59aab1bd0d26290274398c07b55955c15425e16b,0x00fe78205f5f0e63b8ad2b2ae5337f538a610e04,2026-08-15T07:58:32,complex_trace;high_gas_used_context,0x34fcd5be,false
25756688,0x90aa44d1e0867ff269c26e5cedfbda81d63953b2027069125acde8fbaa6504fc,0x00d9fe085d99b33ab2aae8063180c63e23bf2e69,0x75884f3ada15c953529abaac6549d5204135ec36,2026-08-15T07:58:32,repeated_internal_token_drain;dense_internal_fund_flow;complex_trace;high_gas_used_context;token_activity_burst;repeated_risky_internal_calls,0xa9059cbb,true
25756688,0xffce29caf41dee2b040e35ac3a9b9f6f32603560e705cc0b3cfdb69ba119d44b,0x59aab1bd0d26290274398c07b55955c15425e16b,0x00fe78205f5f0e63b8ad2b2ae5337f538a610e04,2026-08-15T07:58:32,complex_trace;high_gas_used_context,0x34fcd5be,false
25756689,0x01948bddde3e269a460b69ecc5590ec24bb5fb49798e902c090c7d5175f67638,0xe487832018fbd594c84f1db3dfac61cde98a5f36,0x91ff8bbd8ebb07893010d50a48a1609e5ebd8e34,2026-08-15T07:58:36,complex_trace;high_gas_used_context,0x069d1525,false
25756689,0x9ce7ff8c5508425ac91de8098f9a8769bd1dcc2dfec0e8fd0c25ca32f247dc17,0x7830c87c02e56aff27fa8ab1241711331fa86f43,0xa9d1e08c7793af67e9d92fe308d5697fb81d3e43,2026-08-15T07:58:36,large_erc20_asset_flow;token_activity_burst,0xca350aa6,true
25756689,0x3a944a085dcbbf529390eaa703e06292f6201ba6d507b139ce869222c46e0aba,0xd714e1d25067c2421ea58b962d900732f77ab23b,0xcd2bdb8af031d29d2bc38ef08b842d31e344384c,2026-08-15T07:58:37,repeated_internal_token_drain;dense_internal_fund_flow;complex_trace;high_gas_used_context;token_activity_burst;repeated_risky_internal_calls,0xa9059cbb,true
25756689,0x8c640f3b3a960c5b238dcbcc6ad8ab827187709618e32a11c7cc757afc45efad,0x59aab1bd0d26290274398c07b55955c15425e16b,0x00fe78205f5f0e63b8ad2b2ae5337f538a610e04,2026-08-15T07:58:37,complex_trace;high_gas_used_context;token_activity_burst,0x34fcd5be,false
25756689,0xe83ee83ce010af52a9887c8001f36d8fa637ed458928b0fcbfa6d867e799f4eb,0x3d4e12d540cf67a9c38da66a20943acac075725d,0x1eeda6359b726f7e5a662288ed7f1793ed6788b9,2026-08-15T07:58:37,repeated_internal_token_drain;dense_internal_fund_flow;complex_trace;high_gas_used_context;token_activity_burst;repeated_risky_internal_calls,0xa9059cbb,true
25756690,0x3a6679b40eb7d0a1cf8433b77dd8c2e71780a7100f42956ba5225a7f584950c3,0x4838b106fce9647bdf1e7877bf73ce8b0bad5f97,0xfeeeeee44046c3f61a8cc081e0918ef0de0a7ffc,2026-08-15T07:58:40,selfdestruct_context,0x6a7faa97,true
25756690,0xed2c8e020b62fa42b98c4f740182bb3bf3daffcc90dc66247dc1a6778f4df2c2,0x01977c44632eefb5b2868e18c902584ccad574d7,0x6131b5fae19ea4f9d964eac0408e4408b66337b5,2026-08-15T07:58:40,large_erc20_asset_flow;complex_trace,0xe21fd0e9,true
25756690,0x161256df57b78fe3520423465773fac253411889176b14c2bae9bd40c0f5ca31,0x00d9fe085d99b33ab2aae8063180c63e23bf2e69,0x75884f3ada15c953529abaac6549d5204135ec36,2026-08-15T07:58:41,repeated_internal_token_drain;dense_internal_fund_flow;complex_trace;high_gas_used_context;token_activity_burst;repeated_risky_internal_calls,0xa9059cbb,true
25756690,0x2517791bb0344786fd925bb792cd59007553a83f5d26bbc6850d69f503c26731,0xa154b98e53fc35e1bad1ff758acbc8c629bdcd2b,0x19917386eeae67b6ff7ddf07de4019fca40aa4ec,2026-08-15T07:58:41,repeated_internal_token_drain;dense_internal_fund_flow;complex_trace;high_gas_used_context;token_activity_burst;repeated_risky_internal_calls,0xa9059cbb,true
25756690,0x5dfffb9eca534287116789308c5e4af1171b348f17f3682baa454f230e8b9239,0x4838b106fce9647bdf1e7877bf73ce8b0bad5f97,0xfeeeeee44046c3f61a8cc081e0918ef0de0a7ffc,2026-08-15T07:58:41,selfdestruct_context,0x6a7faa97,true
25756690,0xbe1c9d591270704cb686b782a90914f5662380b12d9377c9a59ba5be7b90f2fe,0xfc9928f6590d853752824b0b403a6ae36785e535,0xe2536231fc1512babc8c856ad7499830a936bdd9,2026-08-15T07:58:41,complex_trace;token_activity_burst,0x03fb13d5,false
25756690,0xc2a2cd20e878b2793d463fb50382924ecde71aba9c920f41516236fdad304d34,0x59aab1bd0d26290274398c07b55955c15425e16b,0x00fe78205f5f0e63b8ad2b2ae5337f538a610e04,2026-08-15T07:58:41,complex_trace;high_gas_used_context,0x34fcd5be,false
25756691,0x0c3f26517b388063afdfb02f0c767d209d731da327f2ec1a5b7f3ec8b7b7fd74,0x5b43453fce04b92e190f391a83136bfbecedefd1,0xbdb3ba9ffe392549e1f8658dd2630c141fdf47b6,2026-08-15T07:58:44,complex_trace;high_gas_used_context;token_activity_burst,0x000000c3,false
25756691,0x4b6da24f1e7b5d8f38593ef5c5f68a2d1f4dfebae4dc2ec8ace6e2ae4441155e,0x3937b5f8ac3d50b5f3cd3f0921c3e9b5bfd6d27f,0x000000000000fb114709235f1ccbffb925f600e4,2026-08-15T07:58:44,dense_internal_fund_flow,0x5f3bd1c8,true
25756691,0x9821824d55d14ed0c6d302b77970d1985756bf2176e9f60f229e37f192e365b4,0xb7e109fc5d1d9295540bccf31480ffe6025e3966,0x28b1dc1a5e3699a428bc51d234dfab7c9cb2a183,2026-08-15T07:58:44,complex_trace;high_gas_used_context;token_activity_burst,0x0c307f76,false
25756691,0xd211522181da8fd290da5ac8129060a698c5cfc083ecd1f892c6f8b582d57f30,0x7830c87c02e56aff27fa8ab1241711331fa86f43,0xa9d1e08c7793af67e9d92fe308d5697fb81d3e43,2026-08-15T07:58:44,large_erc20_asset_flow,0xca350aa6,true
25756691,0xe3b4860aebad1c5e6981e5f2dfa523a6f6a19f8d50da2537a065af75e0365893,0x7830c87c02e56aff27fa8ab1241711331fa86f43,0xa9d1e08c7793af67e9d92fe308d5697fb81d3e43,2026-08-15T07:58:44,dense_internal_fund_flow,0x1a1da075,true
25756691,0x0e385268800f9c120d9686460c1d16a95c899da58be6901dcc247c7a818bbbf9,0xd714e1d25067c2421ea58b962d900732f77ab23b,0xcd2bdb8af031d29d2bc38ef08b842d31e344384c,2026-08-15T07:58:45,repeated_internal_token_drain;dense_internal_fund_flow;complex_trace;high_gas_used_context;token_activity_burst;repeated_risky_internal_calls,0xa9059cbb,true
25756691,0x63540e392671f5f9c2cee41663e6ce3f5188a3cbf19aba067bf8708e4b837c62,0xde7a849216aa3884d53d84ecb02c19eb67e5dae2,0x7d9f4ca54131e588fc1fe577973b55fb11231e76,2026-08-15T07:58:45,repeated_internal_token_drain;dense_internal_fund_flow;complex_trace;high_gas_used_context;token_activity_burst;repeated_risky_internal_calls,0x6aac3a0b,true
25756691,0xc4c37aea426c4138b3898e54abc29a03182416f49bdd1db4f6cbff69f8403273,0x4838b106fce9647bdf1e7877bf73ce8b0bad5f97,0xfeeeeee44046c3f61a8cc081e0918ef0de0a7ffc,2026-08-15T07:58:45,selfdestruct_context,0x6a7faaa3,true
25756691,0xdaba3263c2072a87b41efe617e512caec7b50ada22405d341a6f5bae6ebecb30,0x4838b106fce9647bdf1e7877bf73ce8b0bad5f97,0xfeeeeee44046c3f61a8cc081e0918ef0de0a7ffc,2026-08-15T07:58:45,selfdestruct_context,0x6a7faaa3,true
25756691,0xe8fddce79b44fe4949051a72ad46ac8a907a4b1d5e3a0b87f134f62fa69986df,0xe487832018fbd594c84f1db3dfac61cde98a5f36,0x91ff8bbd8ebb07893010d50a48a1609e5ebd8e34,2026-08-15T07:58:45,complex_trace;high_gas_used_context,0x069d1525,false
25756692,0x2f4abb47adaddbb1efbf51d4107ddeaf2c59cd2544b4646c0ea04269299554f0,0xfc65c0b173abb5545c01643f3a588267e9f1508b,0x0000000000001ff3684f28c67538d4d072c22734,2026-08-15T07:58:48,large_erc20_asset_flow;complex_trace;high_gas_used_context;token_activity_burst,0x2213bc0b,true
25756692,0x578f1dc92729ac7ec570107e9dc0bd6ee05b2449704e861c93289f932310c2b6,0x6582b7c80df319553a988f62436b8a1be6b2b24c,0x0de8bf93da2f7eecb3d9169422413a9bef4ef628,2026-08-15T07:58:48,large_mint_to_sender;complex_trace;high_gas_used_context;token_activity_burst,0xc2580804,true
25756692,0x93ab111075b74dd0ecf184b894ff46e22abdc7e89fbe9fb65edeca844803edd0,0x5f8769281662a4af0175f7efe521892c52850ac6,0x40a6700b99115cda7b12bd0e21db1be8ae524bf2,2026-08-15T07:58:48,repeated_internal_token_drain;dense_internal_fund_flow;complex_trace;high_gas_used_context;token_activity_burst;repeated_risky_internal_calls,0xa9059cbb,true
25756692,0x93ccd4e0cbcf985bb171fba63244fdb1389172c87e06da2d364e8db047f26f1d,0x4838b106fce9647bdf1e7877bf73ce8b0bad5f97,0xfeeeeee44046c3f61a8cc081e0918ef0de0a7ffc,2026-08-15T07:58:48,selfdestruct_context,0x6a7faaaf,true
25756692,0xa6c4ee91d6e9b9a7f0784e45d3953a401ab9af0e2ee72973c5c1ab6f46981574,0xe487832018fbd594c84f1db3dfac61cde98a5f36,0x91ff8bbd8ebb07893010d50a48a1609e5ebd8e34,2026-08-15T07:58:48,complex_trace;high_gas_used_context,0x069d1525,false
25756692,0xb1e2f896fe5ea826bd030e7aec4767204eb7b95909dc82069ecf6fbffe89128c,0x3d4e12d540cf67a9c38da66a20943acac075725d,0x1eeda6359b726f7e5a662288ed7f1793ed6788b9,2026-08-15T07:58:48,repeated_internal_token_drain;dense_internal_fund_flow;complex_trace;high_gas_used_context;token_activity_burst;repeated_risky_internal_calls,0xa9059cbb,true
25756692,0x5b396473f2168700540fca311b7f5626f02d62415af676095ee3f68363f50254,0x4838b106fce9647bdf1e7877bf73ce8b0bad5f97,0xfeeeeee44046c3f61a8cc081e0918ef0de0a7ffc,2026-08-15T07:58:49,selfdestruct_context,0x6a7faaaf,true
25756693,0x049faec280c9f91953b5381a652fe2159cd415db74f7fb57957a455690be5733,0x00d9fe085d99b33ab2aae8063180c63e23bf2e69,0x75884f3ada15c953529abaac6549d5204135ec36,2026-08-15T07:58:54,repeated_internal_token_drain;dense_internal_fund_flow;complex_trace;high_gas_used_context;token_activity_burst;repeated_risky_internal_calls,0xa9059cbb,true
25756693,0x4132531d75c16273f3dfcc7fdcfea46305bfb68e11b2f4afa4ce26c9d7782881,0xe487832018fbd594c84f1db3dfac61cde98a5f36,0x91ff8bbd8ebb07893010d50a48a1609e5ebd8e34,2026-08-15T07:58:54,complex_trace;high_gas_used_context,0x069d1525,false
25756693,0x42ec69135a39ee7d6f90f92cfa6dab0031c2b5fe62afbb73947c1fdcdc100870,0xedf3c91daaad35ab4c55e80b34e0106dd1b99b84,0x000000000000fb114709235f1ccbffb925f600e4,2026-08-15T07:58:54,dense_internal_fund_flow,0x5f3bd1c8,true
25756693,0x844721f427750762e56bd90b60f7e5925becb50c928885579d21cb5996051ad5,0x3937b5f8ac3d50b5f3cd3f0921c3e9b5bfd6d27f,0x000000000000fb114709235f1ccbffb925f600e4,2026-08-15T07:58:54,dense_internal_fund_flow,0x5f3bd1c8,true
25756693,0x98a79d87075a2d7b368a03a6f455480e07861fd14a0282e5b3cf06d19bff0ca1,0x4838b106fce9647bdf1e7877bf73ce8b0bad5f97,0xfeeeeee44046c3f61a8cc081e0918ef0de0a7ffc,2026-08-15T07:58:54,selfdestruct_context,0x6a7faabb,true
25756693,0xaf3307ead4bb3099c90de7b18789ee109c23f0d1debc8cbfca667e595e0244ad,0x09cfee647fa339133380191c8db6b44f24500c9d,0x77b85afbcd336993ac1c65057531c5a5b33b76b8,2026-08-15T07:58:55,repeated_internal_token_drain;dense_internal_fund_flow;complex_trace;high_gas_used_context;token_activity_burst;repeated_risky_internal_calls,0xa9059cbb,true
25756693,0xb3dfaae56d00449412e6f5ba50cabc567962beb9c7c8a4d63c06aede01dfd6fc,0x4838b106fce9647bdf1e7877bf73ce8b0bad5f97,0xfeeeeee44046c3f61a8cc081e0918ef0de0a7ffc,2026-08-15T07:58:55,selfdestruct_context,0x6a7faabb,true
25756694,0x152a4060e8d978cbfff7016ecb5309c082223778dacb880457b9c08f691f3772,0xd714e1d25067c2421ea58b962d900732f77ab23b,0xcd2bdb8af031d29d2bc38ef08b842d31e344384c,2026-08-15T07:59:00,repeated_internal_token_drain;dense_internal_fund_flow;complex_trace;high_gas_used_context;token_activity_burst;repeated_risky_internal_calls,0xa9059cbb,true
25756694,0x507a1e8ece123c7d9e58f2dda76588c1e1d87073ad9abc80291f5b4dcfed5ad2,0x5c096ef846447cb935c5d247e4ab2a867ecc33a9,0x00000f91109c4d0007e90000d9facad5298a0cac,2026-08-15T07:59:00,privileged_execution_context;complex_trace;high_gas_used_context,0x00000000,false
25756694,0xb61f0d71a6584ee7cd27ff26bab82a5f45eaee6e416a0c3f19faf569a47ae73c,0xe487832018fbd594c84f1db3dfac61cde98a5f36,0x91ff8bbd8ebb07893010d50a48a1609e5ebd8e34,2026-08-15T07:59:00,complex_trace;high_gas_used_context,0x069d1525,false
25756695,0x246dde20a4550c07f04971c8f954c1dcc30486d63e6da5b0b7747488b32308e4,0x5b43453fce04b92e190f391a83136bfbecedefd1,0xbdb3ba9ffe392549e1f8658dd2630c141fdf47b6,2026-08-15T07:59:04,complex_trace;token_activity_burst,0x000000c3,false
25756695,0x5b5fd142d7e07eea1e572cb19f23f6fad4c946371585cfd89e62e84beee86c2c,0xe20446cccbfd5f9038e747f1dea8016ecbd94ae5,0x442be06bb5d13711a22ccd3fa382b72a874c5135,2026-08-15T07:59:04,large_erc20_asset_flow;privileged_execution_context;complex_trace;high_gas_used_context,0xf7b5c341,true
25756695,0x915abbfb36ab656aacaf35ffcd46a7c150c0ef8146f53ae1b24cac75da3919ad,0xe487832018fbd594c84f1db3dfac61cde98a5f36,0x91ff8bbd8ebb07893010d50a48a1609e5ebd8e34,2026-08-15T07:59:04,complex_trace;high_gas_used_context,0x069d1525,false
25756695,0x0c6eec4b31741ad8d1476ad7b7d891de0dca9fb3049b3131ffe7774d9f317083,0x48f07c16cbd5f12939e1ab24b8a23d161d6c3596,0x0000000071727de22e5e9d8baf0edac6f37da032,2026-08-15T07:59:05,dense_internal_fund_flow;complex_trace,0x765e827f,true
25756695,0x1dfd1ebbda3d3b262b86e64dbb411cd918830a5e673b511278dc732a80ba01b0,0x00d9fe085d99b33ab2aae8063180c63e23bf2e69,0x75884f3ada15c953529abaac6549d5204135ec36,2026-08-15T07:59:05,repeated_internal_token_drain;dense_internal_fund_flow;complex_trace;high_gas_used_context;token_activity_burst;repeated_risky_internal_calls,0xa9059cbb,true
25756695,0xeeffcef2b361a8871a562044044c1a951aac1579ff07bc3fec2086fa02318d0e,0x4838b106fce9647bdf1e7877bf73ce8b0bad5f97,0xfeeeeee44046c3f61a8cc081e0918ef0de0a7ffc,2026-08-15T07:59:06,selfdestruct_context,0x6a7faad3,true
25756696,0xa95cacbf0b426d45fbec50090a28cbddb1e2d7e4cb30bf90fb52e52b2d72755b,0x7830c87c02e56aff27fa8ab1241711331fa86f43,0xa9d1e08c7793af67e9d92fe308d5697fb81d3e43,2026-08-15T07:59:10,dense_internal_fund_flow,0x1a1da075,true
25756696,0xf2610deb5aaef2566c67dbd1b2bc1db4fc87809e39e94f23b5142f2b7a087e6a,0x4838b106fce9647bdf1e7877bf73ce8b0bad5f97,0xfeeeeee44046c3f61a8cc081e0918ef0de0a7ffc,2026-08-15T07:59:10,selfdestruct_context,0x6a7faadf,true
25756696,0x73a8de00998d6d9fd47ffe70df84a4a718cde45c2fcdde5d6b96dd146f82d34e,0xe487832018fbd594c84f1db3dfac61cde98a5f36,0x91ff8bbd8ebb07893010d50a48a1609e5ebd8e34,2026-08-15T07:59:11,complex_trace;high_gas_used_context,0x069d1525,false
25756696,0x313580afcef60cd3bf31bfc39aa610ec31ad70d45a3e45ed2f5f8a2d88c27865,0x2eb6ffcfc1591349a1983aad3e80d8fb3cec1df2,0x70e60fbfe09caaad444d6c489ef865bfaabbefc8,2026-08-15T07:59:12,privileged_execution_context;complex_trace;high_gas_used_context;token_activity_burst,0x01200000,false
25756696,0x3c664f2272836b2290132742a141aa5585326ec0a24c36bb984ea8514404eb33,0x5f8769281662a4af0175f7efe521892c52850ac6,0x40a6700b99115cda7b12bd0e21db1be8ae524bf2,2026-08-15T07:59:12,repeated_internal_token_drain;dense_internal_fund_flow;complex_trace;high_gas_used_context;token_activity_burst;repeated_risky_internal_calls,0xa9059cbb,true
25756696,0x4a9e198248cd606f39db0dbd73b8990504db3221186d71176805412f4f431448,0x4838b106fce9647bdf1e7877bf73ce8b0bad5f97,0xfeeeeee44046c3f61a8cc081e0918ef0de0a7ffc,2026-08-15T07:59:12,selfdestruct_context,0x6a7faadf,true
25756696,0xc46feb61985fdfcf98a83e8a4544117590859d03141e79d7b0c3bc6b35a6d6e6,0x3d4e12d540cf67a9c38da66a20943acac075725d,0x1eeda6359b726f7e5a662288ed7f1793ed6788b9,2026-08-15T07:59:12,repeated_internal_token_drain;dense_internal_fund_flow;complex_trace;high_gas_used_context;token_activity_burst;repeated_risky_internal_calls,0xa9059cbb,true
25756697,0x22691c227bce881675cc298e6fc23a0de4011122146e8ba61006733201d3ab4e,0xbe0b407782a7599380fa726db315340126d62229,0x4d2fb5f8ec243fde4df1a9678b82238570c7e0e4,2026-08-15T07:59:17,repeated_internal_token_drain;dense_internal_fund_flow;complex_trace;high_gas_used_context;token_activity_burst;repeated_risky_internal_calls,0x6a761202,true
25756697,0x386e95c030de944e378abe2ca5b9a887b068327339db01ef08d1e8838f641540,0xe487832018fbd594c84f1db3dfac61cde98a5f36,0x91ff8bbd8ebb07893010d50a48a1609e5ebd8e34,2026-08-15T07:59:17,complex_trace;high_gas_used_context,0x069d1525,false
25756697,0x4b1b585334c8ed33e06024a79ba62542a6417251c597488fb3569d3541ff348d,0x82ab9b3eea855edebcae33b20fac3cc6800f3597,0xf4e147db314947fc1275a8cbb6cde48c510cd8cf,2026-08-15T07:59:17,privileged_execution_context,0x760d0f9d,false
25756697,0x4be3be64824442ab39124761cd1d129cda0647657b6821063f431f8f478d5ee3,0x09be5b9b1115d983a34a3b4eeddc75da08ee2c3e,0x0000000000771a79d0fc7f3b7fe270eb4498f20b,2026-08-15T07:59:17,very_complex_trace;high_gas_used_context,0x92aae536,false
25756697,0x6bdaae5bca2e2b545dc958f9a70cb9a417770f8f61976685289b1f211d3402d7,0x09be5b9b1115d983a34a3b4eeddc75da08ee2c3e,0x0000000000771a79d0fc7f3b7fe270eb4498f20b,2026-08-15T07:59:17,very_complex_trace;high_gas_used_context,0x92aae536,false
25756697,0xa2dc540480f1aadd426c0c84e1771f0a90b3eae29a106c1519d5c41f18dfffa1,0x8aa433fd5bc4a04d9238c9a750646960376ab4e2,0x1231deb6f5749ef6ce6943a275a1d3e7486f4eae,2026-08-15T07:59:17,dense_internal_fund_flow;complex_trace,0x80c65808,true
25756697,0xcef007b145c30dbac903e88f750352e145a2cb2f317281a6523a66927ca754a5,0xedf3c91daaad35ab4c55e80b34e0106dd1b99b84,0x000000000000fb114709235f1ccbffb925f600e4,2026-08-15T07:59:17,dense_internal_fund_flow,0x5f3bd1c8,true
25756697,0xf681a9ef0bb964b11432b053c8038deae2dc8f62b5c959531860b9dc5c78761b,0xd714e1d25067c2421ea58b962d900732f77ab23b,0xcd2bdb8af031d29d2bc38ef08b842d31e344384c,2026-08-15T07:59:17,repeated_internal_token_drain;dense_internal_fund_flow;complex_trace;high_gas_used_context;token_activity_burst;repeated_risky_internal_calls,0xa9059cbb,true
25756698,0x96f58fa80d17fcfcd364090948fbd5a3fb8540cc120a7dbc6cca07b9462eec49,0xe487832018fbd594c84f1db3dfac61cde98a5f36,0x91ff8bbd8ebb07893010d50a48a1609e5ebd8e34,2026-08-15T07:59:20,complex_trace;high_gas_used_context,0x069d1525,false
25756698,0x6351f416e5f8ed0c28a336b3f2c1e584d4fe7e6ed3e390d48393720669a21874,0x09cfee647fa339133380191c8db6b44f24500c9d,0x77b85afbcd336993ac1c65057531c5a5b33b76b8,2026-08-15T07:59:21,repeated_internal_token_drain;dense_internal_fund_flow;complex_trace;high_gas_used_context;token_activity_burst;repeated_risky_internal_calls,0xa9059cbb,true
25756698,0x6a0849d5495ad57c8fd9a6ce15e01f54e49f1311c564ca3b7e0b3f16a9aa93f8,0xe56cfad394121c46e908f33533a9c15de430bb55,0x6131b5fae19ea4f9d964eac0408e4408b66337b5,2026-08-15T07:59:21,dense_internal_fund_flow;large_erc20_asset_flow;complex_trace,0xe21fd0e9,true
25756698,0xa36a5be4422a7d2f655530ee483119cdbe29045473c78c653eca6ce60b0295ef,0x00d9fe085d99b33ab2aae8063180c63e23bf2e69,0x75884f3ada15c953529abaac6549d5204135ec36,2026-08-15T07:59:21,repeated_internal_token_drain;dense_internal_fund_flow;complex_trace;high_gas_used_context;token_activity_burst;repeated_risky_internal_calls,0xa9059cbb,true
25756698,0xe2c100432685c6ec835949f1b18a4732d5fda0a47e735e62935bab737f66437e,0xe99bd1c2dd70cd58e5efd47887991700e7318ce2,0xad3b67bca8935cb510c8d18bd45f0b94f54a968f,2026-08-15T07:59:21,complex_trace;high_gas_used_context;token_activity_burst;approval_burst,0x146ee74d,false
25756699,0x0395a0a54e949314e1403086d02511dffbb5a6d568ac99bac0fd1295ea14b4c9,0xb0d80109b910fffed91eba2f938e5183a126bc11,0x0439e60f02a8900a951603950d8d4527f400c3f1,2026-08-15T07:59:24,dense_internal_fund_flow;complex_trace,0x3ce33bff,true
25756699,0x346e41fdedfb9bfe7ab2e6cc34e4551c21fa7b59b9c04cb26bd2a861266c768f,0xe487832018fbd594c84f1db3dfac61cde98a5f36,0x91ff8bbd8ebb07893010d50a48a1609e5ebd8e34,2026-08-15T07:59:24,complex_trace;high_gas_used_context,0x069d1525,false
25756699,0x1f8c8f94943b950c0746c8da49ac3834316d08efc48fb56e03723c9f13d37759,0xd714e1d25067c2421ea58b962d900732f77ab23b,0xcd2bdb8af031d29d2bc38ef08b842d31e344384c,2026-08-15T07:59:25,repeated_internal_token_drain;dense_internal_fund_flow;complex_trace;high_gas_used_context;token_activity_burst;repeated_risky_internal_calls,0xa9059cbb,true
25756699,0x8017ae4c4a141bb1204ffe5ee68b91a733030065425f552170ffe276fd9a5c6e,0xbad000006db10503589262b55d09bb7b3c5e1472,0xbbbbb048b1a85ca221058c45525095b6a68bbbbb,2026-08-15T07:59:25,repeated_internal_token_drain;dense_internal_fund_flow;complex_trace;high_gas_used_context;token_activity_burst;repeated_risky_internal_calls,0xa9059cbb,true
25756699,0x949c2ddedbfc244d93f8c3e35baf32a391f97aab67dd30e1ba2659e90e384f81,0x1ac217d61c002caa32e1d46dadbbf3dc8f07e792,0x000000000000fb114709235f1ccbffb925f600e4,2026-08-15T07:59:25,dense_internal_fund_flow,0x5f3bd1c8,true
25756699,0xcf5ad872f56fac26391eca14957ba3c7502daff93e1a1cc5de102cae24cbb882,0x09cfee647fa339133380191c8db6b44f24500c9d,0x77b85afbcd336993ac1c65057531c5a5b33b76b8,2026-08-15T07:59:25,repeated_internal_token_drain;dense_internal_fund_flow;complex_trace;high_gas_used_context;token_activity_burst;repeated_risky_internal_calls,0xa9059cbb,true
25756700,0xbd3de6937e4851a7b43a846640f8ed072a9532761aa68c69604ee904ae813323,0x4838b106fce9647bdf1e7877bf73ce8b0bad5f97,0xfeeeeee44046c3f61a8cc081e0918ef0de0a7ffc,2026-08-15T07:59:28,selfdestruct_context,0x6a7fab0f,true
25756700,0xda074ff986c012d767b15a574417c4497a59930b9d21cde484b468632f989b47,0xfc65c0b173abb5545c01643f3a588267e9f1508b,0x0000000000001ff3684f28c67538d4d072c22734,2026-08-15T07:59:28,large_erc20_asset_flow;complex_trace;high_gas_used_context;token_activity_burst,0x2213bc0b,true
25756700,0x090ba136f234f591c37778fd01204939e15f534d600b24552baf6f3856e6d1f7,0xd6434d157f254276d69ede3bd9fc805482206908,0x7ec8a30a34b86927dc77b302603d1d53e640bef7,2026-08-15T07:59:29,repeated_internal_token_drain;dense_internal_fund_flow;complex_trace;high_gas_used_context;token_activity_burst;repeated_risky_internal_calls,0xa9059cbb,true
25756700,0x134760284eefb7bc8bcf9304275e25caa3a0c06ff4947735182c1c076c2e4e4b,0x4838b106fce9647bdf1e7877bf73ce8b0bad5f97,0xfeeeeee44046c3f61a8cc081e0918ef0de0a7ffc,2026-08-15T07:59:29,selfdestruct_context,0x6a7fab0f,true
25756700,0x4b32d83bb4f4d02e22e4d5c92d2a6116c5ae3a3bc3a9b3b81bad73ce310c6d73,0xe487832018fbd594c84f1db3dfac61cde98a5f36,0x91ff8bbd8ebb07893010d50a48a1609e5ebd8e34,2026-08-15T07:59:29,complex_trace;high_gas_used_context,0x069d1525,false
25756700,0x4c87233343e2d54baa32e9523ebabf54a8353be8307bb6ef190b0d2c96c8ea1a,0x6582b7c80df319553a988f62436b8a1be6b2b24c,0x0de8bf93da2f7eecb3d9169422413a9bef4ef628,2026-08-15T07:59:29,dense_internal_fund_flow;large_mint_to_sender;very_complex_trace;high_gas_used_context;token_activity_burst,0xc2580804,true
25756700,0x560680f6c7a6d75171b36f03b438507c0b135f72a78f3b8bdcba9d646a952a92,0x5f8769281662a4af0175f7efe521892c52850ac6,0x40a6700b99115cda7b12bd0e21db1be8ae524bf2,2026-08-15T07:59:29,repeated_internal_token_drain;dense_internal_fund_flow;complex_trace;high_gas_used_context;token_activity_burst;repeated_risky_internal_calls,0xa9059cbb,true
25756700,0x741be6cbaf98120c01adc5c14af832c61c94ef83e4cccccae40d68d18e0c0240,0x18021185e41a1cf61445f302bedbf4d21a633e61,0x28b1dc1a5e3699a428bc51d234dfab7c9cb2a183,2026-08-15T07:59:29,complex_trace;high_gas_used_context;token_activity_burst,0x0c307f76,true
25756700,0xbda94971c7127f4165f1df8bcd994c91050c92e739c28cc56ba8e3ccf3bb24d5,0xf54cbf4b5a58c822d2f78de5808ccc138ca7b906,0x000000000000fb114709235f1ccbffb925f600e4,2026-08-15T07:59:29,dense_internal_fund_flow,0x5f3bd1c8,true
25756700,0xd130936297256057275b11658705e580d6b51cb83b25783c7ddf36691bca39c0,0x70e59f9c304e4d5096bd408b571e2dcd99c3120b,0xad3b67bca8935cb510c8d18bd45f0b94f54a968f,2026-08-15T07:59:29,complex_trace;high_gas_used_context;token_activity_burst;approval_burst,0x146ee74d,false
25756700,0xebaeb8ea160dbc923ba991c240e76c9f9540147e6a2bd23b6913229cbce5678b,0x3d4e12d540cf67a9c38da66a20943acac075725d,0x1eeda6359b726f7e5a662288ed7f1793ed6788b9,2026-08-15T07:59:29,repeated_internal_token_drain;dense_internal_fund_flow;complex_trace;high_gas_used_context;token_activity_burst;repeated_risky_internal_calls,0xa9059cbb,true
25756701,0x24027ca25f8859c3e4c14e8d19d0ca44e61ac85304bf98d3bd7dc9208307d5bf,0x7830c87c02e56aff27fa8ab1241711331fa86f43,0xa9d1e08c7793af67e9d92fe308d5697fb81d3e43,2026-08-15T07:59:33,dense_internal_fund_flow,0x1a1da075,true
25756701,0x10b673c57c188c05ffcc01f0203fd63580c7c5fcd9075ba72b2a96e95e6abc2b,0xde7a849216aa3884d53d84ecb02c19eb67e5dae2,0x7d9f4ca54131e588fc1fe577973b55fb11231e76,2026-08-15T07:59:34,repeated_internal_token_drain;dense_internal_fund_flow;complex_trace;high_gas_used_context;token_activity_burst;repeated_risky_internal_calls,0x6aac3a0b,true
25756701,0x13bca382eaaa9431317ce0f7e35b0f4bb02702dfaa3d3a8b8a06da22eb8aa639,0x70e59f9c304e4d5096bd408b571e2dcd99c3120b,0xad3b67bca8935cb510c8d18bd45f0b94f54a968f,2026-08-15T07:59:34,complex_trace;high_gas_used_context;token_activity_burst;approval_burst,0x146ee74d,false
25756701,0x6f7a97e012c8ef89b7f7b24f757d4785b89c8dc5faae3c62c97d94aa3fd2f465,0x4838b106fce9647bdf1e7877bf73ce8b0bad5f97,0xfeeeeee44046c3f61a8cc081e0918ef0de0a7ffc,2026-08-15T07:59:34,selfdestruct_context,0x6a7fab1b,true
25756701,0x6f7bb59fe1253305304bccf939238336c1dd77173da13c6ca8966baadccf462d,0x09cfee647fa339133380191c8db6b44f24500c9d,0x77b85afbcd336993ac1c65057531c5a5b33b76b8,2026-08-15T07:59:34,repeated_internal_token_drain;dense_internal_fund_flow;complex_trace;high_gas_used_context;token_activity_burst;repeated_risky_internal_calls,0xa9059cbb,true
25756701,0x77ad73b90196903b54dafb0df3db566866c5ce4000081624d78a656053273467,0xd6434d157f254276d69ede3bd9fc805482206908,0x7ec8a30a34b86927dc77b302603d1d53e640bef7,2026-08-15T07:59:34,repeated_internal_token_drain;dense_internal_fund_flow;complex_trace;high_gas_used_context;token_activity_burst;repeated_risky_internal_calls,0xa9059cbb,true
25756701,0xcdcfd28d889eefeb4905d16b2a7c3c8c1903a83326fdfc74a3457bd27721297d,0xe487832018fbd594c84f1db3dfac61cde98a5f36,0x91ff8bbd8ebb07893010d50a48a1609e5ebd8e34,2026-08-15T07:59:34,complex_trace;high_gas_used_context,0x069d1525,false
25756701,0xd48e07cbf405bafd893f1c52c059eef0c1496521c6c4c145c84d621417cfee66,0xfeed46c11f57b7126a773eec6ae9ca7ae1c03c9a,0xbeefffc57a26fd8d3b693ba025ead597dbecebfe,2026-08-15T07:59:34,complex_trace;high_gas_used_context,0xba087652,true
25756701,0xef3ad2b970a5ee70c8458737e0817263028bca2eec1d50284f44612698202031,0x00d9fe085d99b33ab2aae8063180c63e23bf2e69,0x75884f3ada15c953529abaac6549d5204135ec36,2026-08-15T07:59:34,repeated_internal_token_drain;dense_internal_fund_flow;complex_trace;high_gas_used_context;token_activity_burst;repeated_risky_internal_calls,0xa9059cbb,true
25756702,0x3d4df6235b0c65ef045644c2633363974913cf150e7869cefc437e0086674ff0,0xe487832018fbd594c84f1db3dfac61cde98a5f36,0x91ff8bbd8ebb07893010d50a48a1609e5ebd8e34,2026-08-15T07:59:38,complex_trace;high_gas_used_context,0x069d1525,false
25756702,0x567fcf6f05fb939d6f65d222b5195744ff47b641b7293c5ee7b07b3d82b73fa8,0x0e0052a184fd59c6b7e1e99d739802ecb3aec0e4,0xd82461784eb72d4b67cbab077989eb215315e272,2026-08-15T07:59:38,complex_trace;token_activity_burst;approval_burst,0xac9650d8,false
25756702,0x35b13c48a1398d57b4ec621e0ee7d2f0ac6a531f12828a77c4b4142023e2981c,0x1584a8ee67789d1fe161065388657ad2f2a3c7dd,0x77eb52e44db06777bce478159f25c0d55a295314,2026-08-15T07:59:39,repeated_internal_token_drain;dense_internal_fund_flow;complex_trace;token_activity_burst;repeated_risky_internal_calls,0xa9059cbb,true
25756702,0xc3ab6b168379f65375b5501dc921606bf1a8645e4a9ca54e1cf47dadb2ad9229,0x5f8769281662a4af0175f7efe521892c52850ac6,0x40a6700b99115cda7b12bd0e21db1be8ae524bf2,2026-08-15T07:59:39,repeated_internal_token_drain;dense_internal_fund_flow;complex_trace;high_gas_used_context;token_activity_burst;repeated_risky_internal_calls,0xa9059cbb,true
25756703,0x9b3475d36f637f39036df38dac481f17107cb5b540a5170850fa3a8696d02caf,0x248f7c5fbaa0d2cb6b58eb2ae1e2219c93e1034f,0x28b1dc1a5e3699a428bc51d234dfab7c9cb2a183,2026-08-15T07:59:44,complex_trace;high_gas_used_context;token_activity_burst,0x0c307f76,false
25756703,0xdea4e7e2c2a2b86c68db9a8c8b15c32f8690dc5369ac0cd47e200d17bf863ef6,0x70e59f9c304e4d5096bd408b571e2dcd99c3120b,0xad3b67bca8935cb510c8d18bd45f0b94f54a968f,2026-08-15T07:59:44,complex_trace;approval_burst,0x146ee74d,false
25756703,0x316060743d9a2af6baaacf63e170d12d7400698b3e9869e2964e0418f0bb95fd,0x3431172c887cf150d9fdaba9876273d9db566367,0x64f5aad0e38e2ff9f50f2e51e813e49c05aca41a,2026-08-15T07:59:45,high_gas_used_context;token_activity_burst,0xa9059cbb,false
25756703,0x81025011ab73028c7e93b996e78d09c1b1132ca0650c94c1d25bc6336d665eca,0xe56cfad394121c46e908f33533a9c15de430bb55,0x6131b5fae19ea4f9d964eac0408e4408b66337b5,2026-08-15T07:59:45,dense_internal_fund_flow;large_erc20_asset_flow;complex_trace,0xe21fd0e9,true
25756703,0x8caf8789d561381a3a6b4fb21b5da060b4123f948175912dd14942e2e345c881,0x8e89ef933819530a6a69c36814282d6536643e5c,0x7a250d5630b4cf539739df2c5dacb4c659f2488d,2026-08-15T07:59:45,dense_internal_fund_flow,0x02751cec,true
25756703,0xb6e5d419cecbddee5130310a68dabf821f9c7427ea39abf52204a9f82b63e9f8,0xe487832018fbd594c84f1db3dfac61cde98a5f36,0x91ff8bbd8ebb07893010d50a48a1609e5ebd8e34,2026-08-15T07:59:45,complex_trace;high_gas_used_context,0x069d1525,false
25756703,0xdabb5e6e88be56437636f3a77f7ee74078fe0e929a6ec4e04bc391d8fb6d273b,0xd714e1d25067c2421ea58b962d900732f77ab23b,0xcd2bdb8af031d29d2bc38ef08b842d31e344384c,2026-08-15T07:59:45,repeated_internal_token_drain;dense_internal_fund_flow;complex_trace;high_gas_used_context;token_activity_burst;repeated_risky_internal_calls,0xa9059cbb,true
25756703,0xf1ac29bb0a5f75171a83f414eb77349c673a9d451b9dd589f4176c4fdf839290,0x3d4e12d540cf67a9c38da66a20943acac075725d,0x1eeda6359b726f7e5a662288ed7f1793ed6788b9,2026-08-15T07:59:45,repeated_internal_token_drain;dense_internal_fund_flow;complex_trace;high_gas_used_context;token_activity_burst;repeated_risky_internal_calls,0xa9059cbb,true
25756704,0x184d2804e798e0a10e2997cdeb7622a5558fbc66c2fd0cbafe2cc57e5ec3c7b9,0x5b43453fce04b92e190f391a83136bfbecedefd1,0xbdb3ba9ffe392549e1f8658dd2630c141fdf47b6,2026-08-15T07:59:49,complex_trace;high_gas_used_context;token_activity_burst,0x000000c3,false
25756704,0x3d303da0ecd8644dcae81aa0a971e6b42a467bdacdc7452993d6e5f49f0fba90,0x00d9fe085d99b33ab2aae8063180c63e23bf2e69,0x75884f3ada15c953529abaac6549d5204135ec36,2026-08-15T07:59:49,repeated_internal_token_drain;dense_internal_fund_flow;complex_trace;high_gas_used_context;token_activity_burst;repeated_risky_internal_calls,0xa9059cbb,true
25756704,0x3e4f774b11247e4505999ab0ad5b2f6a13ec1e2b126a49312eb13197a635f9c9,0x0e0052a184fd59c6b7e1e99d739802ecb3aec0e4,0xd82461784eb72d4b67cbab077989eb215315e272,2026-08-15T07:59:49,complex_trace;approval_burst,0x805f7b65,false
25756704,0x452513490a8bd01787ff85be5dd76e7a7393f560cd6dc20dc9a16c57477f05c9,0xe487832018fbd594c84f1db3dfac61cde98a5f36,0x91ff8bbd8ebb07893010d50a48a1609e5ebd8e34,2026-08-15T07:59:49,complex_trace;high_gas_used_context,0x069d1525,false
25756704,0x7ffcb4d29d449d71c895f596fb5b6ea188e38980ac6524e286bac26c308fa63b,0x4838b106fce9647bdf1e7877bf73ce8b0bad5f97,0xfeeeeee44046c3f61a8cc081e0918ef0de0a7ffc,2026-08-15T07:59:49,selfdestruct_context,0x6a7fab3f,true
25756704,0xca23d52d9a06e09ec8e649175540f6e2693ceeda49d5768eadb32eddb756dd17,0xdda3b51e29f9d6fad865c5dd7070d5f7eb57663e,0x8d8210a0252a706cb5de0c6f8e46b6d3692afc19,2026-08-15T07:59:49,complex_trace;high_gas_used_context,0xffc3a769,false
25756704,0xdfaff62bcb50beca4f2e36d6cc356f15e95ff15c76595387b0dcd6037794f786,0x555167a619e8e99acfa639aced8440493e3b4f42,0x000000000000fb114709235f1ccbffb925f600e4,2026-08-15T07:59:49,dense_internal_fund_flow,0x5f3bd1c8,true
25756704,0xe0095d8d1a588c08fc55ee879213b26cbddfb3d3aabf3337735d27b44b5ae2a0,0xfeed46c11f57b7126a773eec6ae9ca7ae1c03c9a,0xbeefff506b52b3323c48afe0cb405a284f0f9cf2,2026-08-15T07:59:49,complex_trace;high_gas_used_context,0xba087652,true
25756705,0xd5c4676a86144256526020d8f3004a7ce7c433340aafd428ff037ae78c4a28d6,0xdda3b51e29f9d6fad865c5dd7070d5f7eb57663e,0x8d8210a0252a706cb5de0c6f8e46b6d3692afc19,2026-08-15T07:59:57,complex_trace;high_gas_used_context,0xffc3a769,false
25756705,0xed2ef84dc732ac9828df7ae95e78b94b1609f1ed167527d2a51cb068cb064739,0x5f8769281662a4af0175f7efe521892c52850ac6,0x40a6700b99115cda7b12bd0e21db1be8ae524bf2,2026-08-15T07:59:57,repeated_internal_token_drain;dense_internal_fund_flow;complex_trace;high_gas_used_context;token_activity_burst;repeated_risky_internal_calls,0xa9059cbb,true
25756705,0xf0d7d27ad6c754e82e1f8038eb52c46a153a939131b19518744f5919da39bf1a,0xe487832018fbd594c84f1db3dfac61cde98a5f36,0x91ff8bbd8ebb07893010d50a48a1609e5ebd8e34,2026-08-15T07:59:57,complex_trace;high_gas_used_context,0x069d1525,false
25756705,0x833415510296c88f9277918dd03cb3d0c72cabcb32f2e88ece83ad929307abd3,0x4838b106fce9647bdf1e7877bf73ce8b0bad5f97,0xfeeeeee44046c3f61a8cc081e0918ef0de0a7ffc,2026-08-15T07:59:58,selfdestruct_context,0x6a7fab4b,true
