block_num,tx_hash,from,to,detect_time,attack_signals,selector,has_asset_impact
25759327,0xd44cef05e5346ea3240e64d9756c73f58155411f6e0e31cf3c7a0b6fafb16053,0x29232307d32ed094a9b5f062b2a271edd7645bb6,0xac9f360ae85469b27aeddeafc579ef2d052ad405,2026-08-15T16:45:00,dense_internal_fund_flow,0xe4899c13,true
25759327,0x0a90628b2ddf990dcb40772b3a4c89df14537fad91e80d41be409d3cceb04e7b,0x59aab1bd0d26290274398c07b55955c15425e16b,0x00fe78205f5f0e63b8ad2b2ae5337f538a610e04,2026-08-15T16:45:01,complex_trace;high_gas_used_context;token_activity_burst,0x34fcd5be,false
25759327,0xd722973a93b159d3f1334058113a380132d4dfdbd395c18b5e51ea069ed8e6ec,0x4838b106fce9647bdf1e7877bf73ce8b0bad5f97,0xfeeeeee44046c3f61a8cc081e0918ef0de0a7ffc,2026-08-15T16:45:01,selfdestruct_context,0x6a802687,true
25759328,0x20ca740e6b8d885ef48466ed73bbbd64bc852e966b5da630a23f2ba357c7bb17,0x5aaba56b29bf785cd71d8d9d3f729f4f459f9e2b,0x9008d19f58aabd9ed0d60971565aa8510560ab41,2026-08-15T16:45:05,dense_internal_fund_flow,0x13d79a0b,true
25759328,0x24df25d7a20c93406498fcb42987a30d9717c893021b4faf3a7d1d35b507994a,0xde992badd92adaf9146255e9bde6a70770973664,0x3d0f22bf11636cc9cb129e2b261eed35a487455c,2026-08-15T16:45:05,complex_trace;high_gas_used_context,0xa9059cbb,false
25759328,0x8ff8ef94a3779e4a630081f2d6ac7164a51cf61f87a341d83e13607cdcffb103,0x3c44355364706d94707a21da32736431f9f9474a,,2026-08-15T16:45:05,large_erc20_asset_flow;complex_trace;high_gas_used_context;contract_creation_context,0x60806040,true
25759328,0x9fd42f2875640297d045ad7504cf7f32dbd591ef9639a5fcc98e29678c0955b2,0xe244569081c3332c46f06487280fcda6a9272e5f,0x036ec057a91653df7dedfd3661752aadaec7239b,2026-08-15T16:45:05,large_erc20_asset_flow;complex_trace;high_gas_used_context;token_activity_burst,0xd2f1d956,true
25759328,0xac1b35cfd39448118ba125d92b1b821e148d31f6ed5f0cbf113c5da76167a13b,0x3d695689c81b60c810bc5e3b6121faac878da6aa,0xb300000b72deaeb607a12d5f54773d1c19c7028d,2026-08-15T16:45:05,large_erc20_profit_to_sender;large_erc20_asset_flow;complex_trace;high_gas_used_context;token_activity_burst,0x810c705b,true
25759328,0x4ca94f6d3a4aefc9a091ac6ce033f0ab7030b26298407400b14d135b10232eaa,0xdadb0d80178819f2319190d340ce9a924f783711,0xfeeeeee44046c3f61a8cc081e0918ef0de0a7ffc,2026-08-15T16:45:06,selfdestruct_context,0x6a802693,true
25759328,0x9618ee3937dcd8f45fd3a34450edb616abd6bdfe1667cb2fe45e2f9710fd18f8,0xdadb0d80178819f2319190d340ce9a924f783711,0xfeeeeee44046c3f61a8cc081e0918ef0de0a7ffc,2026-08-15T16:45:06,selfdestruct_context,0x6a802693,true
25759328,0xf6f69c4be6e39c1931105cee90b24394fb4d09282e35e2c96e2a9fe8292e9950,0xdda3b51e29f9d6fad865c5dd7070d5f7eb57663e,0x8d8210a0252a706cb5de0c6f8e46b6d3692afc19,2026-08-15T16:45:06,complex_trace;high_gas_used_context,0xffc3a769,false
25759329,0x174a9b6ca2ae9f95778d531c67700669cdc26b931a5843dc3f98d02db4e25634,0xbfc30ffd3a9fb40a06486636170de5d0ddfe0b34,0x004395edb43efca9885cedad51ec9faf93bd34ac,2026-08-15T16:45:28,complex_trace;high_gas_used_context,0xac9650d8,false
25759329,0x536d341f09a6ee6a8996818e0be43d80d20b0ee51b994b98a78bd09fd63a3b2a,0xbeeba31f8ca3349c3ed24a5146e6b20d233ad540,0xbeef02961503351625926ea9a11ae13b29f5c555,2026-08-15T16:45:28,large_erc20_asset_flow;complex_trace,0x64f5e9e7,true
25759329,0xd71758853171aead65d11646c865c0ba75aee2cec37889d60c3fdaab4992ece0,0x4d16ebd8a910425aa05d52385cf4ec3a05e1be30,0xa0f1c3ad83e07d97b5e7030e177718be175275ea,2026-08-15T16:45:28,large_erc20_asset_flow;complex_trace,0x12aa3caf,true
25759329,0xeea0c264938f21e247639ba3ff641732ac18e7cba09c3d6c9af042c6dd0e99ae,0x5b43453fce04b92e190f391a83136bfbecedefd1,0xbdb3ba9ffe392549e1f8658dd2630c141fdf47b6,2026-08-15T16:45:28,complex_trace;token_activity_burst,0x000000c3,false
25759329,0x0d65a41fae530eb00477f5038640140e547ac7caadb6f76ddd428498d80c1ca1,0x59aab1bd0d26290274398c07b55955c15425e16b,0x00fe78205f5f0e63b8ad2b2ae5337f538a610e04,2026-08-15T16:45:29,complex_trace;high_gas_used_context,0x34fcd5be,false
25759329,0x281bfe06d9f0f936df6a0b9d69b2568adcd932ee718a2c106ca55629d0ac7ab2,0x59aab1bd0d26290274398c07b55955c15425e16b,0x00fe78205f5f0e63b8ad2b2ae5337f538a610e04,2026-08-15T16:45:29,complex_trace;high_gas_used_context,0x34fcd5be,false
25759329,0x4396fc7ec0fd8e9dd683903408095f82aa439690bef3e95eec1812aee5a60e8d,0x62b4ffcc15802d337ecc4107c44aa5c8c44f2830,0xe31ce7b7fe298127430a598d8c399d34b0818db4,2026-08-15T16:45:29,large_erc20_asset_flow;complex_trace;high_gas_used_context,0x09f94134,true
25759329,0x65a29380ed0651613bc423e6e4ca9067303af9dd51ca0b9a5aee73357fb262a3,0x43370308b53e3611521ba48e2f7632a5644d7b1f,0x4337084d9e255ff0702461cf8895ce9e3b5ff108,2026-08-15T16:45:29,dense_internal_fund_flow;complex_trace,0x765e827f,true
25759329,0x74fdc8afb16d2e6ce14740a85d47d0da33c7f31797be7f85c69abce4c352cf1f,0x4337020f43d3d7d2f5e4160397efea49aefa5e7d,0x5ff137d4b0fdcd49dca30c7cf57e578a026d2789,2026-08-15T16:45:29,privileged_execution_context;complex_trace,0x1fad948c,false
25759329,0xcabc5910c5aad46991b2a2d6a1a1e88c1211e2d8c558ce40aa82bfebc6d44683,0x4838b106fce9647bdf1e7877bf73ce8b0bad5f97,0xfeeeeee44046c3f61a8cc081e0918ef0de0a7ffc,2026-08-15T16:45:30,selfdestruct_context,0x6a80269f,true
25759330,0x24a3856dff34fcf21b5e30830af586cad7c5ed0254cafb98377cbe301dd0bdaa,0xde992badd92adaf9146255e9bde6a70770973664,0x3d0f22bf11636cc9cb129e2b261eed35a487455c,2026-08-15T16:45:40,complex_trace;high_gas_used_context,0xa9059cbb,false
25759330,0x2fdff8a2b4f368fc62148e1808e3a9a6dd7561c679b3d67fc12d37319d04ba35,0x3af24b14590917bf0d07b03bf1114cec3b69ae94,0xa0f1c3ad83e07d97b5e7030e177718be175275ea,2026-08-15T16:45:40,large_erc20_asset_flow;complex_trace,0x12aa3caf,true
25759330,0x654492123c3277b1dd68a82b03c0d0e48e14b214b2cd250329921b630c5de8af,0xdda3b51e29f9d6fad865c5dd7070d5f7eb57663e,0x8d8210a0252a706cb5de0c6f8e46b6d3692afc19,2026-08-15T16:45:40,complex_trace;high_gas_used_context,0xffc3a769,false
25759330,0xd231cf7f5f5584d52ebb49ecc85e9cf34f7f98ac8bd8649bedec2f722d418757,0x50bf934781f63028c5c8ef49c4affe19a86d99b6,0x8d04cc7e86e687854eb41d9d43512b655b93184b,2026-08-15T16:45:40,dense_internal_fund_flow;complex_trace;selfdestruct_context,0x4a1bf18a,true
25759330,0xda2d67d0a1db5cf98bd5d5351f2fd7a1927560e92480a788fdb36a6daed4d1a2,0xe99bd1c2dd70cd58e5efd47887991700e7318ce2,0xad3b67bca8935cb510c8d18bd45f0b94f54a968f,2026-08-15T16:45:40,dense_internal_fund_flow;complex_trace;token_activity_burst;approval_burst,0x146ee74d,true
25759330,0x6b872c488902725f1d0b4b608b895ffc227426ee5014ee85e6ff72c39d5e4745,0x59aab1bd0d26290274398c07b55955c15425e16b,0x00fe78205f5f0e63b8ad2b2ae5337f538a610e04,2026-08-15T16:46:11,complex_trace;high_gas_used_context,0x34fcd5be,false
25759331,0x1b15ff3a788f8904fd817f94d8c053232b721ae466d001b875c6a6675d29421e,0xc0ffeebabe5d496b2dde509f9fa189c25cf29671,0xe08d97e151473a848c3d9ca3f323cb720472d015,2026-08-15T16:46:15,large_erc20_asset_flow;complex_trace;token_activity_burst,0x1d23a9c4,true
25759331,0x6f0cd2e99ff1fd75833ce0fe71f6ccde19b19f82b9d7827eb287cc3808b0d475,0xc0ffeebabe5d496b2dde509f9fa189c25cf29671,0xe08d97e151473a848c3d9ca3f323cb720472d015,2026-08-15T16:46:15,large_erc20_asset_flow;complex_trace;token_activity_burst,0x1d23a9c4,true
25759331,0x7261de6fbd63abda032c989e9c74f5b55f272e6dc426bc415a7e2645a4c3731d,0x6c42a0b5d13059fa36d5567ab04f83bab57bbf0e,0xfeeeeee44046c3f61a8cc081e0918ef0de0a7ffc,2026-08-15T16:46:17,selfdestruct_context,0x6a8026b7,true
25759331,0xebd003eb92f2c1ce297bf3385f0a829823d94e8b74cdc31975ca81eeb1818a59,0xde992badd92adaf9146255e9bde6a70770973664,0x3d0f22bf11636cc9cb129e2b261eed35a487455c,2026-08-15T16:46:17,complex_trace;high_gas_used_context,0xa9059cbb,false
25759332,0x3457c9e6a3e7fc5c4fbb31d41e08058864c12996dc6a5f5886ce229aa85dc739,0xcdcb516937f95c18a98dd70458afb64e3c43dc13,0x87d5e4caaf4358a4337c10859c7107c7aef4f8ce,2026-08-15T16:46:33,large_erc20_asset_flow;complex_trace,0xa590bc1e,true
25759332,0x392527622050c7db2ab36f3b55fe4a8dc572debd68d9ceea0345fba66cef2041,0x22face80f43b857141e9752c3bae8c3309fcdd0f,0xa1368d53a26b6f7aacf97575a94b286527f6cf6d,2026-08-15T16:46:33,selfdestruct_context,0xf3fef3a3,false
25759332,0x44cbed02c5cfbcd802b640292807e30ddf7e69c26434992fd5b923c84aa5e190,0xcbf5959b2c660fbc602e8e14749b3a355380aef8,0x5bf4edb2fa14ee639e584de67345eda45eef18cc,2026-08-15T16:46:33,complex_trace;high_gas_used_context,0x0e70fd5d,false
25759332,0x39a71ecba4b76b1a75dbe785cd2e70c5b4aa0ca79455a4f5774b306c439b7788,0x59aab1bd0d26290274398c07b55955c15425e16b,0x00fe78205f5f0e63b8ad2b2ae5337f538a610e04,2026-08-15T16:46:34,complex_trace;high_gas_used_context,0x34fcd5be,false
25759332,0x3f55599617d315eb3215f994e93afc415efb9a5b4813d526ab975cf7320dd54a,0x59aab1bd0d26290274398c07b55955c15425e16b,0x00fe78205f5f0e63b8ad2b2ae5337f538a610e04,2026-08-15T16:46:34,complex_trace;high_gas_used_context,0x34fcd5be,false
25759332,0x7ed7a5790edae1fe71f8ac8c1681017e00fb7d5ef250a99cf28c2bd145d4fbb0,0x09cfee647fa339133380191c8db6b44f24500c9d,0x77b85afbcd336993ac1c65057531c5a5b33b76b8,2026-08-15T16:46:34,repeated_internal_token_drain;dense_internal_fund_flow;complex_trace;high_gas_used_context;token_activity_burst;repeated_risky_internal_calls,0xa9059cbb,true
25759332,0xa6e69e4e9cc8b41c234cd15fa52e7a193e11e943f8dde1be736b5b4a94b44495,0x0a5b2bf3ccfb44c1d22f07eed9553ecba752d4ad,0xd90e2f925da726b50c4ed8d0fb90ad053324f31b,2026-08-15T16:46:34,dense_internal_fund_flow;complex_trace,0xb438689f,true
25759332,0xb7fa0472bc386ded6402f6ad2c48e05e79ce62d8119ffb08936555ef6e9facd7,0x6c45395cc58e140904ae838e7f3c461f3ebb359e,0x0de8bf93da2f7eecb3d9169422413a9bef4ef628,2026-08-15T16:46:34,dense_internal_fund_flow;large_mint_to_sender;very_complex_trace;high_gas_used_context;token_activity_burst,0xc2580804,true
25759332,0xdf3df804697bb2230ce08434f867d007f1616ed719efb8b57f5659f1fba1e542,0xd8018099f78b5b5b37305193a722c2ffe296c558,0x0000000000771a79d0fc7f3b7fe270eb4498f20b,2026-08-15T16:46:34,dense_internal_fund_flow;large_mint_to_sender;very_complex_trace;high_gas_used_context;token_activity_burst,0xd0b0fe59,true
25759332,0xb330a7d0ea6ac0f8308b415eaaa06be17a7b53aa1ddbd9527440b457b117e7f1,0x4838b106fce9647bdf1e7877bf73ce8b0bad5f97,0xfeeeeee44046c3f61a8cc081e0918ef0de0a7ffc,2026-08-15T16:46:35,selfdestruct_context,0x6a8026c3,true
25759333,0x5fbe32c2e39a8a50ab9cb455acf4adabbb1c2a7331e8acd0f089b477d5ff7fb9,0x59aab1bd0d26290274398c07b55955c15425e16b,0x00fe78205f5f0e63b8ad2b2ae5337f538a610e04,2026-08-15T16:46:43,complex_trace;high_gas_used_context,0x34fcd5be,false
25759333,0x615f71ccf9b07f68080e5f8991cf82d4cdc21e08fe1de0d9cc31ae910edf948b,0x025080f14aa3305049f9ce08d7b92368d54cb9b6,0xcb0151ac9479a6a0261622baa63ae843c9793d45,2026-08-15T16:46:43,large_erc20_asset_flow;complex_trace;approval_burst,0x64cd187f,true
25759333,0x7938807217fec2ee38e60efd31ac9b0a40efdf918a99addd8b1d82e0433508da,0x5b43453fce04b92e190f391a83136bfbecedefd1,0xbdb3ba9ffe392549e1f8658dd2630c141fdf47b6,2026-08-15T16:46:43,complex_trace;high_gas_used_context;token_activity_burst,0x000000c3,false
25759333,0xb1511958221fafeda277303aac8e80be3466231e9f8e5f925191b6a497360f4c,0xde992badd92adaf9146255e9bde6a70770973664,0x3d0f22bf11636cc9cb129e2b261eed35a487455c,2026-08-15T16:46:43,complex_trace;high_gas_used_context,0xa9059cbb,false
25759333,0xbdf9b8bf7fda3fd0c30badf8b3c94ab99f9b5ce67f63507425955019b8e4863f,0xbeeba31f8ca3349c3ed24a5146e6b20d233ad540,0xbeef02961503351625926ea9a11ae13b29f5c555,2026-08-15T16:46:43,complex_trace;high_gas_used_context,0x64f5e9e7,false
25759333,0xf714bb348b809990b1768538486af4153daba46030218d42e54feb75d05b69f3,0xd8018099f78b5b5b37305193a722c2ffe296c558,0x0000000000771a79d0fc7f3b7fe270eb4498f20b,2026-08-15T16:46:43,dense_internal_fund_flow;large_mint_to_sender;very_complex_trace;high_gas_used_context;token_activity_burst,0xd0b0fe59,true
25759333,0x0f6194a3b7fc34c76bbd7738e125c3e2150a58f22e993768dbce2dc8fbb55fbf,0x4838b106fce9647bdf1e7877bf73ce8b0bad5f97,0xfeeeeee44046c3f61a8cc081e0918ef0de0a7ffc,2026-08-15T16:46:44,selfdestruct_context,0x6a8026cf,true
25759333,0x60e7536b8b4e34dbaaf69f23f7bed14b0fd6c21545cd56a15f45e6cf9df57f0d,0x7b49bc3ebbdf7322f31c6449320382bbec3be1b6,0xad3b67bca8935cb510c8d18bd45f0b94f54a968f,2026-08-15T16:46:44,complex_trace;high_gas_used_context;token_activity_burst;approval_burst,0x146ee74d,false
25759334,0x62159c9bd13de3eb0c61928dcb8fe4d65585fc5827618242cb64bf034d584ca1,0xde7a849216aa3884d53d84ecb02c19eb67e5dae2,0x7d9f4ca54131e588fc1fe577973b55fb11231e76,2026-08-15T16:47:21,high_gas_used_context;token_activity_burst,0x6aac3a0b,false
25759334,0xf153722d66e67f6086186a0f3d031c43f21a7da3179408c9fe1c92ff0fa53462,0xc0ffeebabe5d496b2dde509f9fa189c25cf29671,0xe08d97e151473a848c3d9ca3f323cb720472d015,2026-08-15T16:47:21,complex_trace;token_activity_burst,0x1d23a9c4,false
25759334,0x4f36f07eb1e4533ecaf84671946f1b75332e3e15d469ad92c21d4fb78b4d4dbc,0x27a89c547cffb8e6ac7d213b8bc888d29d5edbc7,0x4b47d7291664beb43e03588e2698e10ba2cd21b3,2026-08-15T16:47:22,complex_trace;high_gas_used_context;token_activity_burst;approval_burst,0x9eb723c7,false
25759334,0x84cb281db999125d441bd8b0094318c29a30931c09078ef4493cf867260ffebf,0x59aab1bd0d26290274398c07b55955c15425e16b,0x00fe78205f5f0e63b8ad2b2ae5337f538a610e04,2026-08-15T16:47:22,complex_trace;high_gas_used_context,0x34fcd5be,false
25759334,0xa0226e6d842f89dc85e213855bf50c1ffdfd96715210dc75d6223293f1645928,0x6c42a0b5d13059fa36d5567ab04f83bab57bbf0e,0xfeeeeee44046c3f61a8cc081e0918ef0de0a7ffc,2026-08-15T16:47:22,selfdestruct_context,0x6a8026db,true
25759335,0x0a820978c438cea5fe096a9918e0cd17a6f1838b742ff4acc989801786bf07a2,0x15f5255f4f00cedeb2abe37b15127e80623df3bf,0x004395edb43efca9885cedad51ec9faf93bd34ac,2026-08-15T16:47:28,complex_trace;high_gas_used_context,0xac9650d8,false
25759335,0x0d6d402dcf1c8506a07b17ef36d1d28b5c8261ac94e4021d7ab4262f150a2ee1,0x26057f44d4977c67feb9d008652af6f7d9c026f4,0x781cdf8805e01f016fc39204a94e4382c48bcbb4,2026-08-15T16:47:28,very_complex_trace;high_gas_used_context,0x873f371c,false
25759335,0x407a4b9e388d038225029a80ec576d08585d5bef2238a6f28cb9761c65c60b74,0x7b49bc3ebbdf7322f31c6449320382bbec3be1b6,0xad3b67bca8935cb510c8d18bd45f0b94f54a968f,2026-08-15T16:47:28,dense_internal_fund_flow;complex_trace,0x146ee74d,true
25759335,0x5b914ff19c7982d2aceb36b3fd84f305abd1efa15121885f1e828c6d17971ed5,0xe7bcb12489294e32a81ee9bda56f3d6aa89a69b3,0xe31ce7b7fe298127430a598d8c399d34b0818db4,2026-08-15T16:47:28,complex_trace;high_gas_used_context;token_activity_burst,0x09f94134,false
25759335,0x871e00ee0d1f9d5e5929abb7cd4e6f999fc60322ce6d8c03c353ec78a7199821,0xdb57fdf5fd24a9d0e1ea94552eb2c7bdcb28fa27,0x0889e9327b98d7d1be3c301a4585ff3330502c9a,2026-08-15T16:47:28,large_erc20_asset_flow,0x1fff991f,true
25759335,0xaa301d5789d84ce2a16d0fc63c827c8704c90cf0978c81f2bdb3eb27498ee0b4,0x6c45395cc58e140904ae838e7f3c461f3ebb359e,0x0de8bf93da2f7eecb3d9169422413a9bef4ef628,2026-08-15T16:47:28,dense_internal_fund_flow;large_mint_to_sender;very_complex_trace;high_gas_used_context;token_activity_burst,0xc2580804,true
25759335,0xc9475eb0d06f699936b5fbd0286ca98b94dd3d9c9e01374257c876d473b400bb,0xd8018099f78b5b5b37305193a722c2ffe296c558,0x0000000000771a79d0fc7f3b7fe270eb4498f20b,2026-08-15T16:47:28,dense_internal_fund_flow;large_mint_to_sender;very_complex_trace;high_gas_used_context;token_activity_burst,0xd0b0fe59,true
25759335,0x756d4992499c1803ffe26ae14fff9c16b64fdfa63bb649ebe038b93a2700af7e,0x7643d5ca36aec928c15181f02a4263d9e1ff594b,0x004395edb43efca9885cedad51ec9faf93bd34ac,2026-08-15T16:47:29,complex_trace;high_gas_used_context,0xac9650d8,false
25759335,0x7b56ed8bfa943cda14f69df65c165cc4a7492fac2ed604112d20dd5319eddb25,0x3cfdc212769c890907bce93d3d8c2c53de6a7a89,0x433709009b8330fda32311df1c2afa402ed8d009,2026-08-15T16:47:29,privileged_execution_context;complex_trace,0x765e827f,false
25759335,0xcd90edd7db165728c943dd31d4380fd86713d5b3544906421221d2dc9c6f4e5a,0x4838b106fce9647bdf1e7877bf73ce8b0bad5f97,0xfeeeeee44046c3f61a8cc081e0918ef0de0a7ffc,2026-08-15T16:47:29,selfdestruct_context,0x6a8026e7,true
25759335,0xe3016a164cb0bf8a93da7cacba664affd82d72d8bb94edb68ec0c84db2361ba2,0x59aab1bd0d26290274398c07b55955c15425e16b,0x00fe78205f5f0e63b8ad2b2ae5337f538a610e04,2026-08-15T16:47:29,complex_trace;high_gas_used_context,0x34fcd5be,false
25759336,0x005bba7aa9bbd1510dbd3dbddc90a63b9fb91fd45bc4ae3152cba2b342df6732,0x5307c4548875ae9561aeb51b8ff60389a0396e24,0x03db430d830601db368991ee55daa9a708df7912,2026-08-15T16:47:32,dense_internal_fund_flow;complex_trace,0xbe2fa910,true
25759336,0x07c836d8eb6667edc924fb7056fb85d71f54eb7e00cc45c6dbd3b551139e85fb,0x70e59f9c304e4d5096bd408b571e2dcd99c3120b,0xad3b67bca8935cb510c8d18bd45f0b94f54a968f,2026-08-15T16:47:32,complex_trace;high_gas_used_context;token_activity_burst;approval_burst,0x146ee74d,false
25759336,0x24912d92d92f33ca4e0a291c037cbc89e662e2b62679f1fd836caf7fef43400e,0x2d0e59ab7690130f28742b796857ce516655d0cc,0xcb0151ac9479a6a0261622baa63ae843c9793d45,2026-08-15T16:47:32,complex_trace;approval_burst,0x64cd187f,false
25759336,0x25c4f58fd6212a6af6dd94320a79c4c7fcd6c40a1d3b9821928851530f6e7224,0x62b4ffcc15802d337ecc4107c44aa5c8c44f2830,0xe31ce7b7fe298127430a598d8c399d34b0818db4,2026-08-15T16:47:32,large_erc20_asset_flow;complex_trace;high_gas_used_context;token_activity_burst,0x09f94134,true
25759336,0x28c4f546d7887bfd33d575090401442966907c93ab1cd8b312ceff1e333ff0af,0xdadb0d80178819f2319190d340ce9a924f783711,0xfeeeeee44046c3f61a8cc081e0918ef0de0a7ffc,2026-08-15T16:47:32,selfdestruct_context,0x6a8026f3,true
25759336,0x6290526b05f28afad9d671403b94d3b2c3b9c1ad2e54e345a0f9fcf09eec3417,0xdadb0d80178819f2319190d340ce9a924f783711,0xfeeeeee44046c3f61a8cc081e0918ef0de0a7ffc,2026-08-15T16:47:32,selfdestruct_context,0x6a8026f3,true
25759336,0x953fb18a664024fa3b674506f1331aa92ca1785c32fab1716c16406977cf00cc,0xe244569081c3332c46f06487280fcda6a9272e5f,0x036ec057a91653df7dedfd3661752aadaec7239b,2026-08-15T16:47:32,complex_trace;high_gas_used_context,0xd2f1d956,true
25759336,0xfbbc7c3c78dc75c99a4e31233ea5055537ec96b03072c9c7fa8301b0990085b7,0xdadb0d80178819f2319190d340ce9a924f783711,0xfeeeeee44046c3f61a8cc081e0918ef0de0a7ffc,2026-08-15T16:47:32,selfdestruct_context,0x6a8026f3,true
25759337,0x174666ec3ff2463d8b28df2a4f052fac9e611b89a9085636cab10d479d907da9,0xc0ffeebabe5d496b2dde509f9fa189c25cf29671,0xe08d97e151473a848c3d9ca3f323cb720472d015,2026-08-15T16:47:35,large_erc20_asset_flow;complex_trace;high_gas_used_context;token_activity_burst,0x1d23a9c4,true
25759337,0x61f3353b14a135f276af4aa1b745f15566bb09b920e5ba7c236ac499e2d5ff0c,0x0124d0fa0dfb1430dfcff16ec6a96945e7a0bc10,0x36331e299247e5d0d3261e1d9852f6e0cffee95c,2026-08-15T16:47:35,dense_internal_fund_flow;complex_trace,0xca8bd1f9,true
25759337,0x79196d1ac437d3ef754f0e09dd1695a6f555d12fd189e60b900034627e78cd8e,0xc0ffeebabe5d496b2dde509f9fa189c25cf29671,0xe08d97e151473a848c3d9ca3f323cb720472d015,2026-08-15T16:47:35,complex_trace;high_gas_used_context;token_activity_burst,0x1d23a9c4,false
25759337,0xba192fd2a41b18743a7c02ffb2a306fb052765cf44822a3eaf9eee7adbafd1e4,0x59aab1bd0d26290274398c07b55955c15425e16b,0x00fe78205f5f0e63b8ad2b2ae5337f538a610e04,2026-08-15T16:47:36,complex_trace;high_gas_used_context,0x34fcd5be,false
25759337,0x4cb9ede5097fe49b008a2f15e8bc097a070a32d0ca1985e3e71d60c062130c21,0x6c42a0b5d13059fa36d5567ab04f83bab57bbf0e,0xfeeeeee44046c3f61a8cc081e0918ef0de0a7ffc,2026-08-15T16:47:37,selfdestruct_context,0x6a8026ff,true
25759337,0xffea2740f767239532371e681b9c11187924d4c1e9fc7dacf8717bbb1113088c,0x59aab1bd0d26290274398c07b55955c15425e16b,0x00fe78205f5f0e63b8ad2b2ae5337f538a610e04,2026-08-15T16:47:37,complex_trace;high_gas_used_context,0x34fcd5be,false
25759338,0x889fe22eec1a5df59873f3ba72cbc4a12c5ed6a33de43d3a52fed8e08f746042,0xc0ffeebabe5d496b2dde509f9fa189c25cf29671,0xe08d97e151473a848c3d9ca3f323cb720472d015,2026-08-15T16:47:39,complex_trace;high_gas_used_context;token_activity_burst,0x1d23a9c4,false
25759338,0xe15743e3538b78389079b94f3f18987c04548c8ec096d21e945527746ca71756,0xc0ffeebabe5d496b2dde509f9fa189c25cf29671,0xe08d97e151473a848c3d9ca3f323cb720472d015,2026-08-15T16:47:39,complex_trace;high_gas_used_context;token_activity_burst,0x8cbf8566,false
25759338,0x83eb48bde3f2133d2c0d3a91a5f2ac6b7d25200b3f133d8152efa52e942ed14c,0x6c42a0b5d13059fa36d5567ab04f83bab57bbf0e,0xfeeeeee44046c3f61a8cc081e0918ef0de0a7ffc,2026-08-15T16:47:40,selfdestruct_context,0x6a80270b,true
25759339,0x09eb6b69cbeb0cc4edc116d9f44d485949f1d60b6a63104870eb9805b8278446,0x62b4ffcc15802d337ecc4107c44aa5c8c44f2830,0xe31ce7b7fe298127430a598d8c399d34b0818db4,2026-08-15T16:47:45,large_erc20_asset_flow;complex_trace;high_gas_used_context;token_activity_burst,0x09f94134,true
25759339,0x29d9399ee6f421c2354c641166521d15f2103913ad4a5999ff07a4ffe4028487,0x5307c4548875ae9561aeb51b8ff60389a0396e24,0x03db430d830601db368991ee55daa9a708df7912,2026-08-15T16:47:45,dense_internal_fund_flow;complex_trace,0xbe2fa910,true
25759339,0x44a14c4996c302729443fb439e7efa194e9d555ee61d082d574bf617d06e6cfa,0x37f20bb9d6ec4bddb5249ded802089924bc8244f,0x0000000000000068f116a894984e2db1123eb395,2026-08-15T16:47:46,complex_trace;high_gas_used_context;token_activity_burst,0x87201b41,false
25759339,0x45aac47874cc3629b175880a7b85dfcb506dcec2f2229cabdd973c26ddb6ad0d,0xd8018099f78b5b5b37305193a722c2ffe296c558,0x0000000000771a79d0fc7f3b7fe270eb4498f20b,2026-08-15T16:47:46,dense_internal_fund_flow;large_mint_to_sender;very_complex_trace;high_gas_used_context;token_activity_burst,0xd0b0fe59,true
25759339,0x806ed861a4ee82ac7827d7274593d66a0153e6bc071f4c5ae81ad3164484f6d1,0x50bf934781f63028c5c8ef49c4affe19a86d99b6,0x8d04cc7e86e687854eb41d9d43512b655b93184b,2026-08-15T16:47:46,complex_trace;selfdestruct_context,0x4a1bf18a,false
25759339,0x0fe308fe8665361de7da18539dfe3174b9faec027df57dbfbd82606f0f0e69fa,0xe49384e6aca6a26c82eaa161a9211fa60feee3ef,0x93a797643d74fc81e7a51f3f84a9d78f930435d1,2026-08-15T16:47:47,large_erc20_asset_flow;complex_trace;high_gas_used_context,0x6a761202,true
25759339,0x385ea4c808eafd8dcbc181cfa28711185f2b380d09345fe6bd3bf3d84eda4883,0x4838b106fce9647bdf1e7877bf73ce8b0bad5f97,0xfeeeeee44046c3f61a8cc081e0918ef0de0a7ffc,2026-08-15T16:47:47,selfdestruct_context,0x6a802717,true
25759339,0x98a506841b52463db52bed6a0ec30e6aaf4bf131bf01af604e2d35f72c58f924,0x6c45395cc58e140904ae838e7f3c461f3ebb359e,0x0de8bf93da2f7eecb3d9169422413a9bef4ef628,2026-08-15T16:47:47,dense_internal_fund_flow;large_mint_to_sender;very_complex_trace;high_gas_used_context;token_activity_burst,0xc2580804,true
25759340,0x96aa2e3df7e3465f359014e9dfb1e891484298672494e74f0302efa69bd9dd00,0x7b49bc3ebbdf7322f31c6449320382bbec3be1b6,0xad3b67bca8935cb510c8d18bd45f0b94f54a968f,2026-08-15T16:47:50,complex_trace;high_gas_used_context;token_activity_burst;approval_burst,0x146ee74d,false
25759340,0xa973524d8e7713ddf7371e328455f43744d9d7153b6113506e0a1b21bd859f5f,0x5b43453fce04b92e190f391a83136bfbecedefd1,0xbdb3ba9ffe392549e1f8658dd2630c141fdf47b6,2026-08-15T16:47:50,dense_internal_fund_flow;complex_trace;token_activity_burst,0x000000c3,true
25759340,0x1687091f36ec15521672615b01a88ad02c02fd05318273cd08280c3b7a0e2d67,0xbe0b407782a7599380fa726db315340126d62229,0x4d2fb5f8ec243fde4df1a9678b82238570c7e0e4,2026-08-15T16:47:51,repeated_internal_token_drain;dense_internal_fund_flow;complex_trace;high_gas_used_context;token_activity_burst;repeated_risky_internal_calls,0x6a761202,true
25759340,0x2d586caa6cc69c3887e173b7d5decde539b0d17d0e45ad960bd7745731999486,0xc6acbee42e9e323140c1ed060c2f6ea9cc3b4b75,0x7c5a71c9fefbc7691f9d4ac7baf70c743792f716,2026-08-15T16:47:51,selfdestruct_context,0xf3fef3a3,false
25759340,0xad4fd0c1a7aa5c1569b8991a0366920721f2c8704ddbf9d811f8acae7550dbb1,0xd714e1d25067c2421ea58b962d900732f77ab23b,0xcd2bdb8af031d29d2bc38ef08b842d31e344384c,2026-08-15T16:47:51,repeated_internal_token_drain;dense_internal_fund_flow;complex_trace;high_gas_used_context;token_activity_burst;repeated_risky_internal_calls,0xa9059cbb,true
25759340,0xcf44545f46a7cacf63fd3e2af58466a85b366d86a506d2cd909845c6274d81f5,0xf073a21f0d68adacfff34d5b8df04550c944e348,0x00000f91109c4d0007e90000d9facad5298a0cac,2026-08-15T16:47:51,large_erc20_asset_flow;complex_trace;high_gas_used_context;token_activity_burst,0x03f003f2,true
25759340,0xfd62c0b03aa3e28c3eacdb1032e9bb3a033e9275532c63b0309c9bdf53f6d49e,0xd8018099f78b5b5b37305193a722c2ffe296c558,0x0000000000771a79d0fc7f3b7fe270eb4498f20b,2026-08-15T16:47:51,dense_internal_fund_flow;large_mint_to_sender;very_complex_trace;high_gas_used_context;token_activity_burst,0xd0b0fe59,true
25759340,0x1589df2ac7b8855d723781206079ed200aa7ad2ecf222c2aec7374b745b0f59d,0x4838b106fce9647bdf1e7877bf73ce8b0bad5f97,0xfeeeeee44046c3f61a8cc081e0918ef0de0a7ffc,2026-08-15T16:47:52,selfdestruct_context,0x6a802723,true
25759340,0x4cdb23faa26b30a14bd49b081d228a20bdf8ad164c5a012feb8d96603e827d03,0x161643f280b09be8e0271eef8efc6c264d125003,0xa604a0215caa006741cd028579b1f5cc7d85c82e,2026-08-15T16:47:52,dense_internal_fund_flow;token_activity_burst,0xa9059cbb,true
25759341,0x1f63f8df46707b8d95de100b8cf00f71631096f6acbeeb0930640cbfcb291a4f,0xe362adad14243e6dc684902c09ac98f5f972ecaf,0x0439e60f02a8900a951603950d8d4527f400c3f1,2026-08-15T16:47:57,dense_internal_fund_flow;complex_trace,0x3ce33bff,true
25759341,0x14cbe3903338171c936ca86a5ab0eba3aa6269c2cd59e74e9b1df10320b49cd9,0x52a3cdf2ef6b17e6ffdaceb38ef30a8c42e6a366,0x73f04dbe9e00447748d2ad07b6c0874a78a750ad,2026-08-15T16:47:58,complex_trace;high_gas_used_context;token_activity_burst,0x6a761202,false
25759341,0x1b1c7ea8226026aa75e97fd3aace04938a707185bfc24c72a37bad9675c568f5,0x3431172c887cf150d9fdaba9876273d9db566367,0x64f5aad0e38e2ff9f50f2e51e813e49c05aca41a,2026-08-15T16:47:58,complex_trace;high_gas_used_context;token_activity_burst,0xa9059cbb,false
25759341,0x3d2be7e0c710412c6ab196036b00a047f218b2d509ba06fd96fbfc32070a3145,0x2c9dd888564d83f51fd66a01f286d88d80085a3f,0x28b1dc1a5e3699a428bc51d234dfab7c9cb2a183,2026-08-15T16:47:58,complex_trace;high_gas_used_context,0x0c307f76,false
25759341,0x3fc63c027036e71c8216d4bd1a05d25dddf041b117703a1524c7bc999eec9681,0x09cfee647fa339133380191c8db6b44f24500c9d,0x77b85afbcd336993ac1c65057531c5a5b33b76b8,2026-08-15T16:47:58,repeated_internal_token_drain;dense_internal_fund_flow;complex_trace;high_gas_used_context;token_activity_burst;repeated_risky_internal_calls,0xa9059cbb,true
25759341,0x5b8408e9e8bf4aaa2a3a9863472ea045e92d231679b3336c10bbfc45dd033910,0xd8018099f78b5b5b37305193a722c2ffe296c558,0x0000000000771a79d0fc7f3b7fe270eb4498f20b,2026-08-15T16:47:58,dense_internal_fund_flow;large_mint_to_sender;very_complex_trace;high_gas_used_context;token_activity_burst,0xd0b0fe59,true
25759341,0x8bba2737e2663bcc54f6bcad3fc41e1f61f95c5e877f30e6b9386b8b76b59f99,0xe8aacac49c4645a92ec2232ea33a8175c865a6bc,0xf4e147db314947fc1275a8cbb6cde48c510cd8cf,2026-08-15T16:47:58,privileged_execution_context,0x760d0f9d,false
25759341,0x92c78d24da01d798b5c056fc5a49612ba1075cb1c968100fea9b7c84fae04d1a,0xe2da046340e00264c4f0443243a0565007ae08ac,0x923c7ae586b748da0fbea964c7a6089569bad61c,2026-08-15T16:47:58,complex_trace;high_gas_used_context,0x380db829,false
25759341,0x98d073a16263d6abd1afb1ffd7c6e45d0a3dec0bb4c0a18e8b9bada3777b92ed,0xd8018099f78b5b5b37305193a722c2ffe296c558,0x0000000000771a79d0fc7f3b7fe270eb4498f20b,2026-08-15T16:47:58,dense_internal_fund_flow;large_mint_to_sender;very_complex_trace;high_gas_used_context;token_activity_burst,0xd0b0fe59,true
25759341,0xcf0ddd2a582719999f57ef10842510ea258e7595aa7cdd646fa3062041add2ef,0xf95941ac026173ad354ca8d4437a104921defdc9,0x92b1f02ecc31e027920efb696f6ccdd6058c27b6,2026-08-15T16:47:58,privileged_execution_context,0xf2fde38b,false
25759341,0x1cfc5f8c04a3ebea7f2e6bf7c187036f7301dca09793038ef1f7bd71ffd86ef6,0x794e44d1334a56fea7f4df12633b88820d0c5888,0x86e4dc95c7fbdbf52e33d563bbdb00823894c287,2026-08-15T16:47:59,complex_trace;high_gas_used_context,0x4e43e495,false
25759341,0x45b74638e4daf91eb4e868a0d2684bec5c46aa203fafc36fcf4871f68356749a,0x4215f2014239cf0e1a8617b31fcaf88aac6e4779,0x0559a1b22409eef7559a5c88cbaa4e285e7b9c30,2026-08-15T16:47:59,dense_internal_fund_flow;complex_trace,0x96f19cce,true
25759342,0x028e5796c0ffa9f9b1c0e8ddee824adf60eab5473b37c684afe0a83d4f13e0af,0x6ddc10c62d42c2ebbeb5069572bffb0f93a7c132,0xdd9bc35ae942ef0cfa76930954a156b3ff30a4e1,2026-08-15T16:48:04,large_erc20_asset_flow,0xa694fc3a,true
25759342,0x3e31b8edb757cf9a833dda3bcdb5a804e7bd5a780f90ef5bc99997edf12424b7,0xdd2d158a5083ef7d32f059c312eebb788867ad24,0xcb0151ac9479a6a0261622baa63ae843c9793d45,2026-08-15T16:48:04,complex_trace;high_gas_used_context;approval_burst,0x64cd187f,false
25759342,0x977f7e04cd9157b17624facfbc55cf2be4a2ecd9cddfefe524d8dfb1c4345cd0,0x21bf8e0b787e07d9255c7425d3b2e491ac2a345e,0x6131b5fae19ea4f9d964eac0408e4408b66337b5,2026-08-15T16:48:04,large_erc20_asset_flow;complex_trace,0xe21fd0e9,true
25759342,0xfc31c8747f62dd60bd8a598a7c9cc1d76b7087c2909a5da108858d2acf35c694,0xd8018099f78b5b5b37305193a722c2ffe296c558,0x0000000000771a79d0fc7f3b7fe270eb4498f20b,2026-08-15T16:48:04,dense_internal_fund_flow;large_mint_to_sender;very_complex_trace;high_gas_used_context;token_activity_burst,0xd0b0fe59,true
25759343,0x9a508bc4d6bdfb29a3c57c5bec975b629c1e7799f5d30fa6a0e546119c5e5904,0x7cd2e1f1872852d24514736c4af65dd058bb182b,0xb222da0f9c22ad2addcb0b0d6b150f398e44157a,2026-08-15T16:48:08,large_erc20_asset_flow;complex_trace,0xef4d7b75,true
25759343,0x55f5c769d6e82801b86653b10866b2bcf6cf844684a0fec238084b2dbd26d14b,0x09cfee647fa339133380191c8db6b44f24500c9d,0x77b85afbcd336993ac1c65057531c5a5b33b76b8,2026-08-15T16:48:09,repeated_internal_token_drain;dense_internal_fund_flow;complex_trace;high_gas_used_context;token_activity_burst;repeated_risky_internal_calls,0xa9059cbb,true
25759343,0x6bd9a037fcb95aaec57d3843e4533b8f61a76230eec6b45f06097829a559f66c,0xdadb0d80178819f2319190d340ce9a924f783711,0xfeeeeee44046c3f61a8cc081e0918ef0de0a7ffc,2026-08-15T16:48:09,selfdestruct_context,0x6a802747,true
25759343,0x7a7ebc36c2be5105b473e95b70b0a320615dcaa33719fbd66b3520dd8c5c77a8,0xdadb0d80178819f2319190d340ce9a924f783711,0xfeeeeee44046c3f61a8cc081e0918ef0de0a7ffc,2026-08-15T16:48:09,selfdestruct_context,0x6a802747,true
25759344,0xa557ff9ac409b769b72890822fcc0b5aaf1c29376ed52adc3f7348bbd5784e46,0x3917a2b1f67ec6d2de519f24662aadb4e1e63075,0xf75584ef6673ad213a685a1b58cc0330b8ea22cf,2026-08-15T16:48:13,large_erc20_asset_flow,0xb94c3609,true
25759344,0xa56ca562cd9fe724c484d32188733ef747fa672e1a9991aa436be22c9e5358e1,0xa5a5491bca93dd4c076e4906e79e7673f4a5a142,0xccc88a9d1b4ed6b0eaba998850414b24f1c315be,2026-08-15T16:48:13,complex_trace;token_activity_burst,0x0a2b8f36,false
25759344,0x2fc4d459be47fb169347194533775bf4640271bc019bbd46bc6b8a212ca7bc7e,0x70e59f9c304e4d5096bd408b571e2dcd99c3120b,0xad3b67bca8935cb510c8d18bd45f0b94f54a968f,2026-08-15T16:48:43,dense_internal_fund_flow;complex_trace,0x146ee74d,true
25759344,0xc7954b34d00ae93576ab0c7ead91b71327202b59d434248eea506b82aa72becb,0xd8018099f78b5b5b37305193a722c2ffe296c558,0x0000000000771a79d0fc7f3b7fe270eb4498f20b,2026-08-15T16:48:43,dense_internal_fund_flow;large_mint_to_sender;very_complex_trace;high_gas_used_context;token_activity_burst,0xd0b0fe59,true
25759344,0xfbb5935c9ffdb038694ed1e3c71c2270d6bebd1a5b3c7704dc9ff70e62ae85af,0xde7a849216aa3884d53d84ecb02c19eb67e5dae2,0x7d9f4ca54131e588fc1fe577973b55fb11231e76,2026-08-15T16:48:43,high_gas_used_context;token_activity_burst,0x6aac3a0b,false
25759344,0x696c282a91c7e2d52ab5e7f137019e74bb099718bc4d35d08484cbf7133f88b7,0x59aab1bd0d26290274398c07b55955c15425e16b,0x00fe78205f5f0e63b8ad2b2ae5337f538a610e04,2026-08-15T16:48:44,repeated_internal_token_drain;dense_internal_fund_flow;complex_trace;high_gas_used_context;token_activity_burst;repeated_risky_internal_calls,0x34fcd5be,true
25759344,0xa15ffbefcf275a197d3703324c3a2a3ba41acf922a69d394c9350387721ccd9a,0x4838b106fce9647bdf1e7877bf73ce8b0bad5f97,0xfeeeeee44046c3f61a8cc081e0918ef0de0a7ffc,2026-08-15T16:48:44,selfdestruct_context,0x6a802753,true
25759345,0x5a79c2341219abe3b282636be74b16bd5e4defa0a4c0ac88fe0874f310d4f5e6,0x5b43453fce04b92e190f391a83136bfbecedefd1,0xbdb3ba9ffe392549e1f8658dd2630c141fdf47b6,2026-08-15T16:48:47,complex_trace;token_activity_burst,0x000000c3,false
25759345,0x7001366504df56f34679aab94859f5937ad91ead104d329d6a42e63e0131a152,0x4838b106fce9647bdf1e7877bf73ce8b0bad5f97,0xfeeeeee44046c3f61a8cc081e0918ef0de0a7ffc,2026-08-15T16:48:48,selfdestruct_context,0x6a80275f,true
25759346,0xafccc13434a04f2e74d329f3d8f3bf04f054ec9471f645fafd9e18dac58bc7ab,0xdb57fdf5fd24a9d0e1ea94552eb2c7bdcb28fa27,0x6131b5fae19ea4f9d964eac0408e4408b66337b5,2026-08-15T16:48:53,large_erc20_asset_flow;complex_trace;high_gas_used_context,0xe21fd0e9,true
25759346,0x48f10f7c9cd3ba4bdfb2c6e81858e184908d76ae99e1d54856248709ab06ff43,0x4838b106fce9647bdf1e7877bf73ce8b0bad5f97,0xfeeeeee44046c3f61a8cc081e0918ef0de0a7ffc,2026-08-15T16:48:54,selfdestruct_context,0x6a80276b,true
25759346,0xb9030dcb5a06d8c767d525e55e10c830c78fedca3f745cde29d4ec2fc38477dc,0xd8018099f78b5b5b37305193a722c2ffe296c558,0x0000000000771a79d0fc7f3b7fe270eb4498f20b,2026-08-15T16:48:54,dense_internal_fund_flow;large_mint_to_sender;very_complex_trace;high_gas_used_context;token_activity_burst,0xd0b0fe59,true
25759346,0xc4a7d99f969583e6de8cc2a93845cefeefed2433727e06f2ccd47d634f413db2,0xb4c5355f35e0fc4a3dafc55f64319416e154fb11,0xf993aef0fe2018d01ec10cbdffeb1836de9c196e,2026-08-15T16:48:54,complex_trace;high_gas_used_context;token_activity_burst,0x112a8313,false
25759346,0xc66aec6bab92f7633788d4d7899db578b2bf16fe5ef30982883b356ea3533ff7,0xdda3b51e29f9d6fad865c5dd7070d5f7eb57663e,0x8d8210a0252a706cb5de0c6f8e46b6d3692afc19,2026-08-15T16:48:54,complex_trace;high_gas_used_context,0xffc3a769,false
25759347,0x9797d9f350ccea91da5fbc5aaa34900516dc334eddfe72df8c9aed2a166c5ec8,0x7b49bc3ebbdf7322f31c6449320382bbec3be1b6,0xad3b67bca8935cb510c8d18bd45f0b94f54a968f,2026-08-15T16:49:00,complex_trace;token_activity_burst,0x146ee74d,false
25759347,0xbca2f7ef9de477a280acf7071af9f52b6b2470d9186618bf8594dd306000986e,0x09ae1fc32f9641b2210c9d0bd6717a7e1bccb386,0x6aba0315493b7e6989041c91181337b662fb1b90,2026-08-15T16:49:00,complex_trace;high_gas_used_context,0x4de165c3,false
25759347,0xdc56cae58fea23e726fa43d081be940c9097286525ff8f45fa076e5c0e3558f7,0x5b43453fce04b92e190f391a83136bfbecedefd1,0xbdb3ba9ffe392549e1f8658dd2630c141fdf47b6,2026-08-15T16:49:00,dense_internal_fund_flow;complex_trace;high_gas_used_context;token_activity_burst,0x000000c3,true
25759347,0xe52b7df7f6e354b2693cfe064a9d5101f1d80599d8aaf705eda821fc49acaf55,0xd8018099f78b5b5b37305193a722c2ffe296c558,0x0000000000771a79d0fc7f3b7fe270eb4498f20b,2026-08-15T16:49:01,dense_internal_fund_flow;large_mint_to_sender;very_complex_trace;high_gas_used_context;token_activity_burst,0xd0b0fe59,true
25759347,0xfd5f8d98c2e3560c3c04f79ac1b0c9a8f02a0567d8888ec9f63f592e6c1fbe78,0x4838b106fce9647bdf1e7877bf73ce8b0bad5f97,0xfeeeeee44046c3f61a8cc081e0918ef0de0a7ffc,2026-08-15T16:49:01,selfdestruct_context,0x6a802777,true
25759348,0x02a32bb37258532527309cd4e57b4ac0e5e28b43c6a88dab6dd4438f8d8cb2c0,0x7556699aa8e6a7c9c69bcfaf9debd05f8192b063,0x84cab37995229530d9e6e5cff2f8f4ebe4517d66,2026-08-15T16:49:11,dense_internal_fund_flow;complex_trace;high_gas_used_context,0xe587456a,true
25759348,0x42a8d0cd74ba49094eb36f122743c1bbedfabe3546d4338a02a154b23ce69b52,0xe99bd1c2dd70cd58e5efd47887991700e7318ce2,0xad3b67bca8935cb510c8d18bd45f0b94f54a968f,2026-08-15T16:49:11,complex_trace;high_gas_used_context;token_activity_burst;approval_burst,0x146ee74d,false
25759348,0xec3d3e0ae809ecaf9d82b46d24f6b165a4b91501356b69594b71ad9ca3651335,0xdda3b51e29f9d6fad865c5dd7070d5f7eb57663e,0x8d8210a0252a706cb5de0c6f8e46b6d3692afc19,2026-08-15T16:49:11,complex_trace;high_gas_used_context,0xffc3a769,false
25759348,0x08b402c7e06c65d4786951ad5ceb69b794d0de8d647600c4b05e10b9f8bd6390,0xd8018099f78b5b5b37305193a722c2ffe296c558,0x0000000000771a79d0fc7f3b7fe270eb4498f20b,2026-08-15T16:49:12,dense_internal_fund_flow;large_mint_to_sender;very_complex_trace;high_gas_used_context;token_activity_burst,0xd0b0fe59,true
25759348,0x94e467020701e710d124b45431a7d8af220824f3a6db968c73b5eab7ea86fe64,0x4838b106fce9647bdf1e7877bf73ce8b0bad5f97,0xfeeeeee44046c3f61a8cc081e0918ef0de0a7ffc,2026-08-15T16:49:12,selfdestruct_context,0x6a802783,true
25759349,0x85824d0b19c769d602aa8304a78294dd09f3ea9876898e28d664aaa7276c7f1c,0x7830c87c02e56aff27fa8ab1241711331fa86f43,0xa9d1e08c7793af67e9d92fe308d5697fb81d3e43,2026-08-15T16:49:19,large_erc20_asset_flow,0xca350aa6,true
25759350,0x1514721ec341d29b183cbeda831ec406263e9cbbb0d3e0057466240ffe92d978,0xd8018099f78b5b5b37305193a722c2ffe296c558,0x0000000000771a79d0fc7f3b7fe270eb4498f20b,2026-08-15T16:49:35,dense_internal_fund_flow;large_mint_to_sender;very_complex_trace;high_gas_used_context;token_activity_burst,0xd0b0fe59,true
25759350,0x17dbc1451e962f7746df534ad1ce06f1aca9ad92dc06c033d7e12a0086c18134,0xdda3b51e29f9d6fad865c5dd7070d5f7eb57663e,0x8d8210a0252a706cb5de0c6f8e46b6d3692afc19,2026-08-15T16:49:35,complex_trace;high_gas_used_context,0xffc3a769,false
25759350,0xbe34096a297701cf9ee7df5196ba32ab9dd713cdf67182860e92da4d54252caf,0xabb2acd3be814a80e502575d6c1dc5f789e9cd10,0xb92fe925dc43a0ecde6c8b1a2709c170ec4fff4f,2026-08-15T16:49:35,complex_trace;high_gas_used_context,0xcd6e13f7,false
25759350,0xf44155ad036aa13762bc6a6e91f44ad33b74f098e6be937eca32b8fde87e49e4,0x4838b106fce9647bdf1e7877bf73ce8b0bad5f97,0xfeeeeee44046c3f61a8cc081e0918ef0de0a7ffc,2026-08-15T16:49:36,selfdestruct_context,0x6a80279b,true
25759351,0x385f18d4ee82e5edde7702ca95b6aad65e498758eb2f44d1944072afd2222f8d,0x0015fa4b336b371cf0575dd3e5dce19c8ca4c805,0x337685fdab40d39bd02028545a4ffa7d287cc3e2,2026-08-15T16:49:48,dense_internal_fund_flow;complex_trace,0x30dedc57,true
25759351,0xa4ebb46e86e515b4ea1cdc2c31b6ad43e44bdc78f36075a8af5ef25ed1e9f13e,0x87edc5258c6436e239ad851d05c52802ea27c19e,0x52b335fd4d229c4b4ffa6190526e4b5fb8e3fb09,2026-08-15T16:49:48,dense_internal_fund_flow;complex_trace;high_gas_used_context;token_activity_burst,0x085c8c5e,true
25759351,0xb2d9924ba21e2a85b60e31832a6d78075c7bf50ff3be313c6ca2fbcd18941e9f,0xf0777aff9301ff7d0af60e49b49488aa0861e63f,0x632eec87e1a4c181a7a4aa67ca23d21af558ac60,2026-08-15T16:49:48,complex_trace;high_gas_used_context,0x111966f6,false
25759351,0x6b56a9aafababc234824e4c6e6c3757d402ff303df3cc5970683d7a5fe2775c6,0xe99bd1c2dd70cd58e5efd47887991700e7318ce2,0xad3b67bca8935cb510c8d18bd45f0b94f54a968f,2026-08-15T16:49:49,dense_internal_fund_flow;complex_trace;high_gas_used_context;token_activity_burst;approval_burst,0x146ee74d,true
25759351,0xbd86640d6ff5482c4b8caaabd2abdf994515d3f17743921142701f1b866fefa2,0xde992badd92adaf9146255e9bde6a70770973664,0x3d0f22bf11636cc9cb129e2b261eed35a487455c,2026-08-15T16:49:49,complex_trace;high_gas_used_context,0xa9059cbb,false
25759351,0x37073d85bd7c4bae172b17d721311042160b2661a449bb624f547b7cd72dd5d8,0xa797b02383653522fb1dc7ef47812102ff2eaf48,0xee030ec6f4307411607e55acd08e628ae6655b86,2026-08-15T16:49:50,dense_internal_fund_flow;complex_trace,0x6e1537da,true
25759351,0xe1052135c359e7d6e1969d0ecb6fbc9c86234a5eebc9d17bbd6c9397ded0ed2d,0x20188b46a5b57a5e0d967df685df3925143bcb7d,0x6131b5fae19ea4f9d964eac0408e4408b66337b5,2026-08-15T16:49:50,dense_internal_fund_flow;complex_trace,0xe21fd0e9,true
25759351,0x493707ba88ade3c078989a1e044f7723709e67e67e680953538f34f2066bbecb,0x4838b106fce9647bdf1e7877bf73ce8b0bad5f97,0xfeeeeee44046c3f61a8cc081e0918ef0de0a7ffc,2026-08-15T16:49:51,selfdestruct_context,0x6a8027a7,true
25759351,0x6437e512213cb5cbd421ee83c1c37c103a4e56f260467796d3dfbd5d1145c982,0x09cfee647fa339133380191c8db6b44f24500c9d,0x77b85afbcd336993ac1c65057531c5a5b33b76b8,2026-08-15T16:49:51,repeated_internal_token_drain;dense_internal_fund_flow;complex_trace;high_gas_used_context;token_activity_burst;repeated_risky_internal_calls,0xa9059cbb,true
25759352,0x00e0ad1ac9104fda09915d14827fa404b3136dc031a285b8e15f1e85cd88922c,0xde992badd92adaf9146255e9bde6a70770973664,0x3d0f22bf11636cc9cb129e2b261eed35a487455c,2026-08-15T16:50:07,complex_trace;high_gas_used_context,0xa9059cbb,false
25759352,0x4a88e92a334b3f3e3d378ca6bd8fa99192874eb0b455eba96d91ff02c85060d8,0xdda3b51e29f9d6fad865c5dd7070d5f7eb57663e,0x8d8210a0252a706cb5de0c6f8e46b6d3692afc19,2026-08-15T16:50:07,complex_trace;high_gas_used_context,0xffc3a769,false
25759352,0x86e7591081fa915f93d71e22c3c3f35ba99159845512e909f51cac45935f36e4,0xd8018099f78b5b5b37305193a722c2ffe296c558,0x0000000000771a79d0fc7f3b7fe270eb4498f20b,2026-08-15T16:50:07,dense_internal_fund_flow;large_mint_to_sender;very_complex_trace;high_gas_used_context;token_activity_burst,0xd0b0fe59,true
25759352,0xbc7fe1d4d6918790161cc9bb869b3d40019022c07218afac016f9adfd5f80104,0x30d728f9ed98a15b3c8c7c2a2c853f7406f62d20,0xe4e2612ee8d7fdc8518faea85770a3b9c886e2f5,2026-08-15T16:50:07,dense_internal_fund_flow,0xf3cd7686,true
25759352,0x70e1b2b3e67217090c33f3c5c399907ef2a1393a70d72b42e91135f76b5908fa,0x4838b106fce9647bdf1e7877bf73ce8b0bad5f97,0xfeeeeee44046c3f61a8cc081e0918ef0de0a7ffc,2026-08-15T16:50:09,selfdestruct_context,0x6a8027b3,true
25759352,0xc081ab205d1873b480d4a38ebdfe07621c4a80c9191bd90683f4b6909826756f,0x88993d5b3dc0b6e86115108c4dd3dd73b685cf3a,0x7e960ed5c012dbd72951c210ecc80077c4b844f6,2026-08-15T16:50:09,dense_internal_fund_flow,0x39125215,true
25759353,0x04588e177dcef4668953b05a02df4e21c666b561f5083dee828bef0a90d0f48f,0x00d9fe085d99b33ab2aae8063180c63e23bf2e69,0x75884f3ada15c953529abaac6549d5204135ec36,2026-08-15T16:50:22,repeated_internal_token_drain;dense_internal_fund_flow;complex_trace;high_gas_used_context;token_activity_burst;repeated_risky_internal_calls,0xa9059cbb,true
25759353,0x1a5a1a8c2d28101d1b5f430764dfc383492bb10ff7c80845483c235ba66b9994,0x70e59f9c304e4d5096bd408b571e2dcd99c3120b,0xad3b67bca8935cb510c8d18bd45f0b94f54a968f,2026-08-15T16:50:22,complex_trace;high_gas_used_context;token_activity_burst;approval_burst,0x146ee74d,false
25759353,0x4e07358510485c9e22fb4b8d5c9774894796afb4ee758b65507cb010c54ca4d4,0x4337034c17597470b36ce40a761f2e9f55a2df48,0x4337084d9e255ff0702461cf8895ce9e3b5ff108,2026-08-15T16:50:22,dense_internal_fund_flow;complex_trace,0x765e827f,true
25759353,0xdf52ed7488d6522a87d69fe0cdd2d48a2498f5d4ebbb0d672637358395a8e3c5,0x7b49bc3ebbdf7322f31c6449320382bbec3be1b6,0xad3b67bca8935cb510c8d18bd45f0b94f54a968f,2026-08-15T16:50:22,complex_trace;high_gas_used_context;token_activity_burst;approval_burst,0x146ee74d,false
25759353,0x22ff1c6fa928bca61baf2305ace7cdb4e9f34e5dc82f3009e32f31135339d4a4,0xd8018099f78b5b5b37305193a722c2ffe296c558,0x0000000000771a79d0fc7f3b7fe270eb4498f20b,2026-08-15T16:50:23,dense_internal_fund_flow;large_mint_to_sender;very_complex_trace;high_gas_used_context;token_activity_burst,0xd0b0fe59,true
25759353,0x4ef7ac8c6751f68cdc758454108bd2ff03f2e84529e33995943eb812f24e16e1,0x1584a8ee67789d1fe161065388657ad2f2a3c7dd,0x77eb52e44db06777bce478159f25c0d55a295314,2026-08-15T16:50:23,repeated_internal_token_drain;dense_internal_fund_flow;complex_trace;token_activity_burst;repeated_risky_internal_calls,0xa9059cbb,true
25759353,0xb543199a4191570ec49ecef349afbd989c161e7cf413ddb0bc406a73133a187b,0x4838b106fce9647bdf1e7877bf73ce8b0bad5f97,0xfeeeeee44046c3f61a8cc081e0918ef0de0a7ffc,2026-08-15T16:50:23,selfdestruct_context,0x6a8027bf,true
25759353,0xc944e01e711764092c15471ff187737d4b02785dad40257b8f3b1b0a7abdd07e,0x43370398500dae4ba10669646a1fd1577407f637,0x0000000071727de22e5e9d8baf0edac6f37da032,2026-08-15T16:50:23,privileged_execution_context;complex_trace,0x765e827f,false
25759354,0x0eac38099cbd8a2c2f7a1833b3172f46790aa5aef332f8f7171d48460218d49e,0xdda3b51e29f9d6fad865c5dd7070d5f7eb57663e,0x8d8210a0252a706cb5de0c6f8e46b6d3692afc19,2026-08-15T16:50:36,complex_trace;high_gas_used_context,0xffc3a769,false
25759354,0xc66798e012596d40e5792a257dcbc36529168e380d95c3c92d1f2474fc5d6bfe,0x59aab1bd0d26290274398c07b55955c15425e16b,0x00fe78205f5f0e63b8ad2b2ae5337f538a610e04,2026-08-15T16:50:36,complex_trace;high_gas_used_context,0x34fcd5be,false
25759354,0xc94493bf5468614493aed3a6bff48eba16bb8b68fd482c5a1f9b7379dc0c718e,0xde7a849216aa3884d53d84ecb02c19eb67e5dae2,0x7d9f4ca54131e588fc1fe577973b55fb11231e76,2026-08-15T16:50:36,high_gas_used_context;token_activity_burst,0x6aac3a0b,false
25759355,0xcad70c4a920430fbc9e3d210e6f4d888521d796ae1765b6949d16cc2edc761c1,0x59aab1bd0d26290274398c07b55955c15425e16b,0x00fe78205f5f0e63b8ad2b2ae5337f538a610e04,2026-08-15T16:50:41,complex_trace;high_gas_used_context,0x34fcd5be,false
25759355,0xe858a5150dec754e7350960b5ccf777550e158b9e594e00b53a8d0f12258472b,0xde992badd92adaf9146255e9bde6a70770973664,0x3d0f22bf11636cc9cb129e2b261eed35a487455c,2026-08-15T16:50:41,complex_trace;high_gas_used_context,0xa9059cbb,false
25759356,0x33bef68d122e34dc6a091db4bb9afae79630ee5734d9b2ec2e764e909714ddfb,0x4838b106fce9647bdf1e7877bf73ce8b0bad5f97,0xfeeeeee44046c3f61a8cc081e0918ef0de0a7ffc,2026-08-15T16:52:05,selfdestruct_context,0x6a8027e3,true
25759356,0xa2c2f65f76c9581f4478cde6729ca39d717b6383ef845aff4311d9459a314981,0x4d2c558c1213fd82ec75f1ce9f414d2322747eee,0x111111125421ca6dc452d289314280a0f8842a65,2026-08-15T16:52:05,dense_internal_fund_flow;complex_trace;token_activity_burst,0x07ed2379,true
25759356,0xab78da0037626703287d1285f41e6bc20fd0b8840f910bf228f79f479750fbbf,0xe99bd1c2dd70cd58e5efd47887991700e7318ce2,0xad3b67bca8935cb510c8d18bd45f0b94f54a968f,2026-08-15T16:52:05,dense_internal_fund_flow;complex_trace;high_gas_used_context;token_activity_burst;approval_burst,0x146ee74d,true
25759356,0xdd7930e6eb73dc6f7e0e6034e45bf2b9a68b8653c440b65cf35f7a50aa720832,0xf07b4d27cae6571857e51ab3fb209f5226de2d88,0x06cff7088619c7178f5e14f0b119458d08d2f5ef,2026-08-15T16:52:05,complex_trace;high_gas_used_context;token_activity_burst,0x99999999,false
25759356,0x3ee5deb3f4b122504426841eb6edc64bfdadc962a45045aa035a9bbda456755c,0x9353c8cda3e7513961e0fab3e722395dc127b454,0x6131b5fae19ea4f9d964eac0408e4408b66337b5,2026-08-15T16:52:06,large_erc20_asset_flow;complex_trace,0xe21fd0e9,true
25759356,0x68fef728071e5cf56f936db6aef4c6bfbcfab31f23d4bb0b2b374685fa7e5fd9,0x4838b106fce9647bdf1e7877bf73ce8b0bad5f97,0xfeeeeee44046c3f61a8cc081e0918ef0de0a7ffc,2026-08-15T16:52:06,selfdestruct_context,0x6a8027e3,true
25759356,0xf106345b0d3a02603c6d06a0e81e67cc4dbef72dd4c20c004757502b90410f62,0x59aab1bd0d26290274398c07b55955c15425e16b,0x00fe78205f5f0e63b8ad2b2ae5337f538a610e04,2026-08-15T16:52:06,complex_trace;high_gas_used_context,0x34fcd5be,false
25759356,0xf84e74d5dec0c900b12954ef7c8a952953cf84792494fcb54c641e3ea3427f51,0xdda3b51e29f9d6fad865c5dd7070d5f7eb57663e,0x8d8210a0252a706cb5de0c6f8e46b6d3692afc19,2026-08-15T16:52:06,complex_trace;high_gas_used_context,0xffc3a769,false
25759357,0x0e0bc2cee1560c5b953eabb5b3ccd58c0ebb63db8b41d635087188705d96da47,0xde992badd92adaf9146255e9bde6a70770973664,0x3d0f22bf11636cc9cb129e2b261eed35a487455c,2026-08-15T16:52:21,complex_trace;high_gas_used_context,0xa9059cbb,false
25759357,0x1325b9e37fd8135d28620b05f61c1aa724d02c249e39f5322c04ab3f3c0d9ad2,0x70e59f9c304e4d5096bd408b571e2dcd99c3120b,0xad3b67bca8935cb510c8d18bd45f0b94f54a968f,2026-08-15T16:52:21,complex_trace;high_gas_used_context;token_activity_burst;approval_burst,0x146ee74d,false
25759357,0x4995ebe171b99c40d9a1b5c7c826d71d253d9950befc81a200b500f648b992f9,0x59aab1bd0d26290274398c07b55955c15425e16b,0x00fe78205f5f0e63b8ad2b2ae5337f538a610e04,2026-08-15T16:52:21,complex_trace;high_gas_used_context,0x34fcd5be,false
25759357,0x80c2c6700d1f279eadcca75f0a73882d00483c500efb64e2289af789107e77b9,0x7556699aa8e6a7c9c69bcfaf9debd05f8192b063,0x84cab37995229530d9e6e5cff2f8f4ebe4517d66,2026-08-15T16:52:21,complex_trace;high_gas_used_context;token_activity_burst,0xe587456a,false
25759357,0xdcc5dd277cd660ddf88afc447a42a08580c4529ea0aa8923ea59b9c13d563e66,0x59aab1bd0d26290274398c07b55955c15425e16b,0x00fe78205f5f0e63b8ad2b2ae5337f538a610e04,2026-08-15T16:52:21,complex_trace;high_gas_used_context,0x34fcd5be,false
25759357,0xf3d59c929eb511578d0cffb619f539c72567b1ac88961a66a4450df9e818501d,0xdb57fdf5fd24a9d0e1ea94552eb2c7bdcb28fa27,0x6131b5fae19ea4f9d964eac0408e4408b66337b5,2026-08-15T16:52:21,large_erc20_asset_flow;complex_trace,0xe21fd0e9,true
25759357,0xf426fcd12a48f3d86bcf4e684ba260b6f4f5f14c7309dd1e15d3627b0adc7fbd,0x4838b106fce9647bdf1e7877bf73ce8b0bad5f97,0xfeeeeee44046c3f61a8cc081e0918ef0de0a7ffc,2026-08-15T16:52:21,selfdestruct_context,0x6a8027ef,true
25759358,0x390314325c67b3ef5d4bb17f18bda60a213dc551ad0c6d6ef15eb7dc15eedb24,0xde992badd92adaf9146255e9bde6a70770973664,0x3d0f22bf11636cc9cb129e2b261eed35a487455c,2026-08-15T16:52:36,complex_trace;high_gas_used_context,0xa9059cbb,false
25759358,0x7b78a39637710bbcae8f4d0a38df466285128f991851f35ef22e4a3983e6cdb2,0xdda3b51e29f9d6fad865c5dd7070d5f7eb57663e,0x8d8210a0252a706cb5de0c6f8e46b6d3692afc19,2026-08-15T16:52:36,complex_trace;high_gas_used_context,0xffc3a769,false
25759358,0xdee081c0aba0fd598c3313e6da3b5b584e6b9b7047a98c906e97f2a8e6c10821,0x59aab1bd0d26290274398c07b55955c15425e16b,0x00fe78205f5f0e63b8ad2b2ae5337f538a610e04,2026-08-15T16:52:36,complex_trace;high_gas_used_context,0x34fcd5be,false
25759359,0x1e2ffab992cb5b7206fe1edd78d760decd2c64ee4bf032c8750c79c40106134c,0x5aa0f3d2f5b1b93e0e1e4ea1682d89fd1eba0feb,0x663dc15d3c1ac63ff12e45ab68fea3f0a883c251,2026-08-15T16:52:49,dense_internal_fund_flow;complex_trace,0x4d8160ba,true
25759359,0xc1c9d10cbe68034a1d1319ebc3983bf6b4ac5f91fa95561cca20f57a6b55fa24,0x7830c87c02e56aff27fa8ab1241711331fa86f43,0xa9d1e08c7793af67e9d92fe308d5697fb81d3e43,2026-08-15T16:52:49,dense_internal_fund_flow,0x1a1da075,true
25759359,0x2ecd1cb5d886d7ffbcfa457f678f7ce31436deb8140b1b1040a8ee0f43ba6e38,0x59aab1bd0d26290274398c07b55955c15425e16b,0x00fe78205f5f0e63b8ad2b2ae5337f538a610e04,2026-08-15T16:52:50,complex_trace;high_gas_used_context,0x34fcd5be,false
25759359,0x6ff3560880219cf87e63aba4cc4ad32050a18555acfabf7b5cf331df9679ad6e,0x4838b106fce9647bdf1e7877bf73ce8b0bad5f97,0xfeeeeee44046c3f61a8cc081e0918ef0de0a7ffc,2026-08-15T16:52:50,selfdestruct_context,0x6a802807,true
25759360,0x3e5d8b34a4b03361b368d7f6e2a14f11f29b279f15718237cf65e10307987d58,0x5b43453fce04b92e190f391a83136bfbecedefd1,0xbdb3ba9ffe392549e1f8658dd2630c141fdf47b6,2026-08-15T16:52:59,dense_internal_fund_flow;token_activity_burst,0x000000c3,true
25759360,0x62ac2279688734fff82e6a95237bb56196e42dda4ba666b96be983bcc95d2065,0x4838b106fce9647bdf1e7877bf73ce8b0bad5f97,0xfeeeeee44046c3f61a8cc081e0918ef0de0a7ffc,2026-08-15T16:53:00,selfdestruct_context,0x6a802813,true
25759360,0xb68470f10f41771ac737832ba6b9b4f4abbe280d59fcfae2bdc2e6bccf8ce627,0xe99bd1c2dd70cd58e5efd47887991700e7318ce2,0xad3b67bca8935cb510c8d18bd45f0b94f54a968f,2026-08-15T16:53:00,complex_trace;high_gas_used_context;token_activity_burst;approval_burst,0x146ee74d,false
25759360,0xc211982757fa4ca071508879b14c8683416b0a693f3b0988266f50c2a182793c,0xde992badd92adaf9146255e9bde6a70770973664,0x3d0f22bf11636cc9cb129e2b261eed35a487455c,2026-08-15T16:53:00,complex_trace;high_gas_used_context,0xa9059cbb,false
25759360,0xe3cfd242e23a6e61394c89b5672e2e9021feba920acef24653427cd9fe3df7d3,0xc6acbee42e9e323140c1ed060c2f6ea9cc3b4b75,0x7c5a71c9fefbc7691f9d4ac7baf70c743792f716,2026-08-15T16:53:00,selfdestruct_context,0xf3fef3a3,true
25759360,0xf19d52abc3eef80ea3027dd1d47147c65d7ceb9bc00cc6cd7297a353b48f16d0,0x59aab1bd0d26290274398c07b55955c15425e16b,0x00fe78205f5f0e63b8ad2b2ae5337f538a610e04,2026-08-15T16:53:00,complex_trace;high_gas_used_context,0x34fcd5be,false
25759361,0xa2b1bbdd77eeb7ef5bf7561c54a859e9d9bd574fe252ed6b429fddf3f76480a8,0xc6acbee42e9e323140c1ed060c2f6ea9cc3b4b75,0x7c5a71c9fefbc7691f9d4ac7baf70c743792f716,2026-08-15T16:53:07,selfdestruct_context,0xf3fef3a3,true
25759361,0x174e3bd4c6d21b4a7bdad2b047143e8d7a711126c13aa9268ebf09ea1944f934,0x70e59f9c304e4d5096bd408b571e2dcd99c3120b,0xad3b67bca8935cb510c8d18bd45f0b94f54a968f,2026-08-15T16:53:08,complex_trace;high_gas_used_context;token_activity_burst;approval_burst,0x146ee74d,false
25759361,0x413da5fd9c42e376a825a9acfdd607d0ac60b02c885f23893f6cdcb6d832186b,0x59aab1bd0d26290274398c07b55955c15425e16b,0x00fe78205f5f0e63b8ad2b2ae5337f538a610e04,2026-08-15T16:53:08,complex_trace;high_gas_used_context,0x34fcd5be,false
25759362,0xd4fca6c7f8818bf020a99a2231c8cdf924b06b5f9d6db2afedc27228faa81c59,0x59aab1bd0d26290274398c07b55955c15425e16b,0x00fe78205f5f0e63b8ad2b2ae5337f538a610e04,2026-08-15T16:53:10,complex_trace;high_gas_used_context,0x34fcd5be,false
25759363,0x0a9fcb87a003d5ed4d4e04d6ff3368f77f72b3b0471769e309aa2ae222eddb84,0x4838b106fce9647bdf1e7877bf73ce8b0bad5f97,0xfeeeeee44046c3f61a8cc081e0918ef0de0a7ffc,2026-08-15T16:53:16,selfdestruct_context,0x6a802837,true
25759363,0x292b6e2cfdc6b4c9e0ac115ce4e7cec2fd0d483dc5313c8bf4f0667b287a448e,0xe99bd1c2dd70cd58e5efd47887991700e7318ce2,0xad3b67bca8935cb510c8d18bd45f0b94f54a968f,2026-08-15T16:53:16,dense_internal_fund_flow;complex_trace;high_gas_used_context;token_activity_burst;approval_burst,0x146ee74d,true
25759363,0x3d2a6df1338281f9a94ba931707206d38ca4dc236fadb2dd5dba97b5e656d1f6,0xf70da97812cb96acdf810712aa562db8dfa3dbef,0xb92fe925dc43a0ecde6c8b1a2709c170ec4fff4f,2026-08-15T16:53:16,dense_internal_fund_flow;complex_trace,0xcd6e13f7,true
25759363,0x7316f0121861bbeb31b008cca4f834854077aaafb1e0c74dc4f0b5e12ac28c34,0x4838b106fce9647bdf1e7877bf73ce8b0bad5f97,0xfeeeeee44046c3f61a8cc081e0918ef0de0a7ffc,2026-08-15T16:53:16,selfdestruct_context,0x6a802837,true
25759363,0x75b6633e07190407129a37945d7bd4ae66b7a179bccb7ad1fd5dba7fa99593b6,0x7830c87c02e56aff27fa8ab1241711331fa86f43,0xa9d1e08c7793af67e9d92fe308d5697fb81d3e43,2026-08-15T16:53:16,large_erc20_asset_flow,0xca350aa6,true
25759363,0x7bff4805333aa8e31be578e52ae8b42daaf74c2b8f46d8f7f490852678445a1d,0x2d0e59ab7690130f28742b796857ce516655d0cc,0xcb0151ac9479a6a0261622baa63ae843c9793d45,2026-08-15T16:53:16,dense_internal_fund_flow;complex_trace;high_gas_used_context;token_activity_burst;approval_burst,0x64cd187f,true
25759363,0xc2bccfc4ae142d48a30704e95f464a207dafe016b7bbfa6f88559543bc626e1a,0xe5f2ebb22d5e3f739a5b76e00468dceb7c6826f7,0x28b1dc1a5e3699a428bc51d234dfab7c9cb2a183,2026-08-15T16:53:16,complex_trace;high_gas_used_context,0xf2c42696,false
25759363,0x1c567f292e95abb29d5f4857795ef7b40e484111f08dc0312d140740e38c6b29,0x70e59f9c304e4d5096bd408b571e2dcd99c3120b,0xad3b67bca8935cb510c8d18bd45f0b94f54a968f,2026-08-15T16:53:17,complex_trace;approval_burst,0x146ee74d,false
25759363,0x1f88bc0c40de8fe8bd0c87738bcf14096000b89d446e022d6631fc5703426d30,0x59aab1bd0d26290274398c07b55955c15425e16b,0x00fe78205f5f0e63b8ad2b2ae5337f538a610e04,2026-08-15T16:53:17,complex_trace;high_gas_used_context,0x34fcd5be,false
25759363,0xa0b8cc62b0cfdda38dfc229495b0734738770434396cf420fd99c7dd26679051,0x4838b106fce9647bdf1e7877bf73ce8b0bad5f97,0xfeeeeee44046c3f61a8cc081e0918ef0de0a7ffc,2026-08-15T16:53:17,selfdestruct_context,0x6a802837,true
25759363,0xa4496dbbeb0ad5c497458f8408ff383237e15893703b63d7cff6a735969a1972,0x29f4086e275a93af5e3376831b71e11b147301c7,0x334f5d28a71432f8fc21c7b2b6f5dbbcd8b32a7b,2026-08-15T16:53:17,large_erc20_asset_flow;complex_trace;high_gas_used_context,0x6e553f65,true
25759363,0xc3edc7253c3059e71fd3d003ac6081635782d5a2ab0a4d9246d3dbabb07cfce5,0xf7bac63fc7ceacf0589f25454ecf5c2ce904997c,0xca11bde05977b3631167028862be2a173976ca11,2026-08-15T16:53:17,dense_internal_fund_flow;complex_trace;high_gas_used_context;token_activity_burst,0x252dba42,true
25759364,0x092b80062d6e0b5a3ef72649be48d2a687c7ac497df63ad495ebdacc18ea7ca2,0x21bf8e0b787e07d9255c7425d3b2e491ac2a345e,0x6131b5fae19ea4f9d964eac0408e4408b66337b5,2026-08-15T16:53:22,large_erc20_asset_flow;complex_trace,0xe21fd0e9,true
25759364,0x0adb55dd80c7e92efcf109118ad4905282241aab82e61af636c3c2ef07eeaddd,0x883a95fdf8df78e7128fced0e9d931a687ff542f,0x6f714629052538051c41d5965369bec0eea594e3,2026-08-15T16:53:22,complex_trace;high_gas_used_context,0x586146e0,false
25759364,0x166b2f9ad1de3838224996f02b1f0b22de465d414d8e7ca0201ffc43f173ac50,0xde7a849216aa3884d53d84ecb02c19eb67e5dae2,0x7d9f4ca54131e588fc1fe577973b55fb11231e76,2026-08-15T16:53:22,high_gas_used_context;token_activity_burst,0x6aac3a0b,false
25759364,0x30e09afe0f23c2a4fab28d255852581fdebb95e97243da57356c4bd0f3f52af4,0x184f330b9fe7dedc2f0b845c3a73f49ebddf6c33,0x28b1dc1a5e3699a428bc51d234dfab7c9cb2a183,2026-08-15T16:53:22,complex_trace;high_gas_used_context;token_activity_burst,0x0c307f76,false
25759364,0x58b2f1ddc7c7d9dcdcd57d95273258ff298d07c57f5a29a96aa6a5231e8c5397,0x7830c87c02e56aff27fa8ab1241711331fa86f43,0xa9d1e08c7793af67e9d92fe308d5697fb81d3e43,2026-08-15T16:53:22,dense_internal_fund_flow,0x1a1da075,true
25759364,0x6aeea57e8344822c8506dcd93c9faa0c860c9e9aa7a029fbf90770389851ad1e,0x0015fa4b336b371cf0575dd3e5dce19c8ca4c805,0x337685fdab40d39bd02028545a4ffa7d287cc3e2,2026-08-15T16:53:22,dense_internal_fund_flow;complex_trace,0xfa74fd43,true
25759364,0xab284868bb58b2640fe29bb1255068bf1b64a7e94fbc45938ff95a2c68943e2b,0x70e59f9c304e4d5096bd408b571e2dcd99c3120b,0xad3b67bca8935cb510c8d18bd45f0b94f54a968f,2026-08-15T16:53:22,complex_trace;high_gas_used_context;token_activity_burst;approval_burst,0x146ee74d,false
25759364,0x58cfdb18af19dfb8e953da0163d23703f7e0fd77986cb3057b3b3425aca29467,0x59aab1bd0d26290274398c07b55955c15425e16b,0x00fe78205f5f0e63b8ad2b2ae5337f538a610e04,2026-08-15T16:53:23,complex_trace;high_gas_used_context,0x34fcd5be,false
25759364,0x800e739a2f86a3ab1dda088f7b2d03d4e294c25e9e9c43771cefecc2b2261c95,0xee92287ebcae373d068dfa7c2e841c0adc279c01,0x89c6340b1a1f4b25d36cd8b063d49045caf3f818,2026-08-15T16:53:23,complex_trace;high_gas_used_context,0x0193b9fc,true
25759364,0xb4ecf55df04f2dfa081376486fe4cbcf15e0e0033bcc16b203431a209647b46a,0x50d9ddb043919e2c72f2f15aaf06749a3ce3a569,0x689d6b93c87568b0245d59209cbfdf12e6e5d5c9,2026-08-15T16:53:23,complex_trace;high_gas_used_context;repeated_risky_internal_calls,0xe020f441,false
25759364,0xbf609508ce548db46c07a22d36bb7ec8a8eff6069beeba576adaa9c3eb775d93,0x73455e5fc7e4cbfde65a72ff17f76393dc6a2cbb,0x78a31bd6caca12bdf83f8a608076006c1f58f363,2026-08-15T16:53:23,large_erc20_asset_flow;complex_trace,0xa694fc3a,true
25759365,0x77374f6e116e1ff83a60a4454fe966d60d2be4aea2ce0abcd715d9892d6aa36d,0xbe0b407782a7599380fa726db315340126d62229,0x4d2fb5f8ec243fde4df1a9678b82238570c7e0e4,2026-08-15T16:53:25,repeated_internal_token_drain;dense_internal_fund_flow;complex_trace;high_gas_used_context;token_activity_burst;repeated_risky_internal_calls,0x6a761202,true
25759366,0x2cf5ec7a9f20de1a686456e2271ff533991288361b115452990bc23541a50876,0xe99bd1c2dd70cd58e5efd47887991700e7318ce2,0xad3b67bca8935cb510c8d18bd45f0b94f54a968f,2026-08-15T16:53:31,complex_trace;high_gas_used_context;token_activity_burst;approval_burst,0x146ee74d,false
25759366,0xc0b26807f7bf1cd5ad187dc798bd08c0ac8fcfb69c7afe28fdc12f6813bc4afd,0x8ec64195a860fba2e5b01df2b6793f2641bd8903,0x881d40237659c251811cec9c364ef91dc08d300c,2026-08-15T16:53:31,dense_internal_fund_flow;complex_trace,0x5f575529,true
25759366,0xc78d880bf228911953890610250a98cbe42d43278b6778d23fb8b07aeb4579cf,0x8b5606469e21c75edd7c74d1c7a65824675d9aff,0x9ccc2f3ecde026230e11a5c8799ac7524f2bb294,2026-08-15T16:53:31,dense_internal_fund_flow;complex_trace,0x1bc74526,true
25759366,0xcefeca869110f1a829405c82eef6285ad5e8edf486c401f44b2d83dd3f7cdfde,0x43370371e0bb085d04d02a815230aaf67b35ef25,0x0000000071727de22e5e9d8baf0edac6f37da032,2026-08-15T16:53:31,privileged_execution_context;complex_trace,0x765e827f,false
25759366,0xeff66ed4bcdb8a50468bd9b3dde5184c43289aa66bbe3b77a1c37e270741c82b,0x5b43453fce04b92e190f391a83136bfbecedefd1,0xbdb3ba9ffe392549e1f8658dd2630c141fdf47b6,2026-08-15T16:53:31,complex_trace;high_gas_used_context;token_activity_burst,0x000000c3,false
25759366,0x29a6d8bbb5b0bd46f3a153104a9c6bccd8d377d9c82ca2c68cba43ddc508a597,0x4838b106fce9647bdf1e7877bf73ce8b0bad5f97,0xfeeeeee44046c3f61a8cc081e0918ef0de0a7ffc,2026-08-15T16:53:32,selfdestruct_context,0x6a80285b,true
25759366,0xab1fac17f6ce0048b7408c873c9490b5af807b55b31a91f1ff2cec4a246b584a,0xd8018099f78b5b5b37305193a722c2ffe296c558,0x0000000000771a79d0fc7f3b7fe270eb4498f20b,2026-08-15T16:53:32,dense_internal_fund_flow;large_mint_to_sender;very_complex_trace;high_gas_used_context;token_activity_burst,0xd0b0fe59,true
25759366,0xb9ab32e36f19f8ea76e800b938a993ee6179de6a8c54abfc93302062424234a3,0x50d9ddb043919e2c72f2f15aaf06749a3ce3a569,0x689d6b93c87568b0245d59209cbfdf12e6e5d5c9,2026-08-15T16:53:32,complex_trace;high_gas_used_context;repeated_risky_internal_calls,0xe020f441,false
25759367,0x40e687e3cc4a76b218f92b87c494e8358e3691a7d9131002d253e51c13c1dc71,0xc914daaba5701e66b52e028a6a4cfb9cc1f3c7e7,0x004395edb43efca9885cedad51ec9faf93bd34ac,2026-08-15T16:53:36,complex_trace;high_gas_used_context,0xac9650d8,false
25759367,0x4f58bd32429331cbb4d48e6c82fbc569f015bbf0490115ee22aa0d337dc0591b,0xd8018099f78b5b5b37305193a722c2ffe296c558,0x0000000000771a79d0fc7f3b7fe270eb4498f20b,2026-08-15T16:53:36,dense_internal_fund_flow;large_mint_to_sender;very_complex_trace;high_gas_used_context;token_activity_burst,0xd0b0fe59,true
25759367,0xbf27a35eb0e491833727ccb51668320dc9892a76b49a24040544424d81194f0a,0xd9a43de971eb9ad94045de359e99dd406b96151a,0x4e73af5663c997a796ff2cc1ad8c5d406541b4f2,2026-08-15T16:53:36,large_erc20_asset_flow;complex_trace,0x21c69a19,true
25759367,0x0bbf578ecaf88f7224855955dc166be2cc9fd98c1ef97bf7602779f38c3ca24a,0x70e59f9c304e4d5096bd408b571e2dcd99c3120b,0xad3b67bca8935cb510c8d18bd45f0b94f54a968f,2026-08-15T16:53:37,dense_internal_fund_flow;complex_trace;approval_burst,0x146ee74d,true
25759367,0x2cac03b2f2cc3e1c36d7c91fa974671c9da227c16ab813cab3d08834288941fb,0x4838b106fce9647bdf1e7877bf73ce8b0bad5f97,0xfeeeeee44046c3f61a8cc081e0918ef0de0a7ffc,2026-08-15T16:53:37,selfdestruct_context,0x6a802867,true
25759367,0xb3c17656cebb2ea5fc820196f1fcaec2acf9afd5fe6ae1d755797b2fe2fedcc0,0xd6434d157f254276d69ede3bd9fc805482206908,0x7ec8a30a34b86927dc77b302603d1d53e640bef7,2026-08-15T16:53:37,repeated_internal_token_drain;dense_internal_fund_flow;complex_trace;high_gas_used_context;token_activity_burst;repeated_risky_internal_calls,0xa9059cbb,true
25759368,0x3804f103c64408242bee35ac5d234a27f7076b2098a9404844dd6a4be2e92ed0,0x4838b106fce9647bdf1e7877bf73ce8b0bad5f97,0xfeeeeee44046c3f61a8cc081e0918ef0de0a7ffc,2026-08-15T16:53:41,selfdestruct_context,0x6a802873,true
25759368,0x63aec6e156aeea4cf4e67b5a47d3778c655d9d5a55e897f9073df52ac95106e5,0x5b43453fce04b92e190f391a83136bfbecedefd1,0xbdb3ba9ffe392549e1f8658dd2630c141fdf47b6,2026-08-15T16:53:41,dense_internal_fund_flow;complex_trace;high_gas_used_context;token_activity_burst,0x000000c3,true
25759368,0xaef21b6ab939843edc2472ad12de4f01139c28c2d990685bccf51ea093242eb8,0x5b43453fce04b92e190f391a83136bfbecedefd1,0xbdb3ba9ffe392549e1f8658dd2630c141fdf47b6,2026-08-15T16:53:41,dense_internal_fund_flow,0x000000cc,true
25759368,0xb0cec79a7419216bd0de7bdb9d1ec150776b889701db1755c48cac95b239143d,0xd6434d157f254276d69ede3bd9fc805482206908,0x7ec8a30a34b86927dc77b302603d1d53e640bef7,2026-08-15T16:53:41,repeated_internal_token_drain;dense_internal_fund_flow;complex_trace;high_gas_used_context;token_activity_burst;repeated_risky_internal_calls,0xa9059cbb,true
25759368,0xbbe773af4e651818f4ed7833703f06c334ca95038510a4b269a00a35cca9d318,0x50d9ddb043919e2c72f2f15aaf06749a3ce3a569,0x689d6b93c87568b0245d59209cbfdf12e6e5d5c9,2026-08-15T16:53:41,complex_trace;high_gas_used_context;repeated_risky_internal_calls,0xe020f441,false
25759368,0xd3a9af0bf8e8b7c97b91a95df1f22f2783009bc22fa73747eb7a0f7ff0c38156,0xd8018099f78b5b5b37305193a722c2ffe296c558,0x0000000000771a79d0fc7f3b7fe270eb4498f20b,2026-08-15T16:53:41,dense_internal_fund_flow;large_mint_to_sender;very_complex_trace;high_gas_used_context;token_activity_burst,0xd0b0fe59,true
25759368,0xe281e38018ad11ddb383635bee6a519610fc04c7c992783b5a5f677069602a86,0x5c096ef846447cb935c5d247e4ab2a867ecc33a9,0x00000f91109c4d0007e90000d9facad5298a0cac,2026-08-15T16:53:41,privileged_execution_context;complex_trace,0x00000000,false
25759369,0x1a85c219c9cf9eb8a5117115653370692d50a8f908c3bf49338d105ba2b2cb67,0x0a2dfbc3a8291aa0a352fdfa57d6aebfd85fa36a,0x28b1dc1a5e3699a428bc51d234dfab7c9cb2a183,2026-08-15T16:53:47,complex_trace;high_gas_used_context;token_activity_burst,0x0c307f76,false
25759369,0x256a78ea104ea38a61f3b0c8a3d7e7686f8e9bd905b197dff7b56a53cc080217,0x4838b106fce9647bdf1e7877bf73ce8b0bad5f97,0xfeeeeee44046c3f61a8cc081e0918ef0de0a7ffc,2026-08-15T16:53:47,selfdestruct_context,0x6a80287f,true
25759369,0x484c26ec8b852eff0a9ec4e82d8a6a620ed898f9284c382040e96bdb378d4657,0xd8018099f78b5b5b37305193a722c2ffe296c558,0x0000000000771a79d0fc7f3b7fe270eb4498f20b,2026-08-15T16:53:47,dense_internal_fund_flow;large_mint_to_sender;very_complex_trace;high_gas_used_context;token_activity_burst,0xd0b0fe59,true
25759370,0x32694304682ac7c01b9a318f43504eecdd4017dac3bcab7b119c873f67ce0606,0x43b6b004b99f438ba9d7385ee27ed08273869563,0x881d40237659c251811cec9c364ef91dc08d300c,2026-08-15T16:53:52,dense_internal_fund_flow;complex_trace,0x5f575529,true
25759370,0x7035712afc5df6a8084479469f0dd46886375630c1a1ed9b4ca6c329a5dc96ce,0x7b49bc3ebbdf7322f31c6449320382bbec3be1b6,0xad3b67bca8935cb510c8d18bd45f0b94f54a968f,2026-08-15T16:53:52,complex_trace;high_gas_used_context;token_activity_burst;approval_burst,0x146ee74d,false
25759370,0x3478214236771f9036f32577d0c03ba3c90eb4dc883960d606b8b768db9e8291,0xd8018099f78b5b5b37305193a722c2ffe296c558,0x0000000000771a79d0fc7f3b7fe270eb4498f20b,2026-08-15T16:53:53,dense_internal_fund_flow;large_mint_to_sender;very_complex_trace;high_gas_used_context;token_activity_burst,0xd0b0fe59,true
25759370,0x4f90067e223f524123a1b4b0bf49c02a6e740fcb7f1c421eddcce5d637c3fe3f,0x00351365832397c461114387d8edc4c30238f68e,0xb222da0f9c22ad2addcb0b0d6b150f398e44157a,2026-08-15T16:53:53,complex_trace;high_gas_used_context,0xef4d7b75,false
25759370,0x6795bd4ba49bfedd4c5f269be934e98b41cf3054bb3b1fe7ae92e6b9caef1a83,0xf70da97812cb96acdf810712aa562db8dfa3dbef,0xb92fe925dc43a0ecde6c8b1a2709c170ec4fff4f,2026-08-15T16:53:53,dense_internal_fund_flow,0xcd6e13f7,true
25759370,0x6aa8d804d7ae595536051bc4dff02bb4910b3c39103f4ed6047cf4ee60b0b33f,0xe469ee44d92bb173b7edc576ebb09da55dbfe32e,0x0000000071727de22e5e9d8baf0edac6f37da032,2026-08-15T16:53:53,dense_internal_fund_flow;complex_trace,0x765e827f,true
25759370,0xd2a87ebcbc687c45e5c8f9f788d5c3bd06b531b7d8de8f1fa82f48f7a9fb534d,0x90daea825e9d43043c05725a4196382b881b1a73,0x004395edb43efca9885cedad51ec9faf93bd34ac,2026-08-15T16:53:53,complex_trace;high_gas_used_context,0xac9650d8,false
25759370,0xcc02a400ec9835a35bdb00bad6b9c9ba7ad04049369d5306599f4227ba27f2fe,0x1efecb61a2f80aa34d3b9218b564a64d05946290,0x86e4dc95c7fbdbf52e33d563bbdb00823894c287,2026-08-15T16:53:54,complex_trace;high_gas_used_context,0x4e43e495,false
25759370,0xd0ba55cfcbc1c675379db759dc9bb5ca08bed5c5b9447881200b4e452fc70c11,0x4838b106fce9647bdf1e7877bf73ce8b0bad5f97,0xfeeeeee44046c3f61a8cc081e0918ef0de0a7ffc,2026-08-15T16:53:54,selfdestruct_context,0x6a80288b,true
25759371,0x0a8858589470aa65ccb030379971aa840cdd24c958becd8f89494d945863ca6e,0x4838b106fce9647bdf1e7877bf73ce8b0bad5f97,0xfeeeeee44046c3f61a8cc081e0918ef0de0a7ffc,2026-08-15T16:53:58,selfdestruct_context,0x6a802897,true
25759371,0x57667102b541d70c2d06c014889c70c2c3dff95de681a70268449f7436f6a9d4,0x9353c8cda3e7513961e0fab3e722395dc127b454,0x6566194141eefa99af43bb5aa71460ca2dc90245,2026-08-15T16:53:58,large_erc20_asset_flow,0x374f435d,true
25759371,0x883957aa0ed861a3812f45b7f2093cd03bc90607c4d0d648056cecff41c61229,0x4838b106fce9647bdf1e7877bf73ce8b0bad5f97,0xfeeeeee44046c3f61a8cc081e0918ef0de0a7ffc,2026-08-15T16:53:58,selfdestruct_context,0x6a802897,true
25759371,0x9cdc5a1bd09d34743df8ace267b88be83d0b0367c2ddf54916c4cb34c4e136a8,0x00000027f490acee7f11ab5fdd47209d6422c5a7,0x42e213a3ad048e899b89ea8cb11d21bc97b84748,2026-08-15T16:53:58,complex_trace;approval_burst,0x2b6648da,false
25759372,0x3334440cb8753aeffd75b5627daecfcd1c638d0963b9cc2887546fdd2e64ba81,0xc72e316d149367babe1234697e390ed43f77d23e,0xc36442b4a4522e871399cd717abdd847ab11fe88,2026-08-15T16:54:04,complex_trace;high_gas_used_context;approval_burst,0xb88d4fde,true
25759372,0xde1262498b25fa255b4f20857462fcc1b66ac0f6ebc0ecb667457dafc870744d,0x70e59f9c304e4d5096bd408b571e2dcd99c3120b,0xad3b67bca8935cb510c8d18bd45f0b94f54a968f,2026-08-15T16:54:04,complex_trace;high_gas_used_context;token_activity_burst;approval_burst,0x146ee74d,false
25759372,0x8dca17dfcdc920ad52b42fe0fd7c10ad09be9c2e85a8bdc5a1a5b72c037756ea,0xca188e6eedb2027e93900fb783de6981651764a0,0xf4e147db314947fc1275a8cbb6cde48c510cd8cf,2026-08-15T16:54:05,privileged_execution_context,0x760d0f9d,false
25759373,0x486a58827d9cf10a75ae0024c616711dcc3860ab6ff6347fb43bb5ab45c567fa,0xc6acbee42e9e323140c1ed060c2f6ea9cc3b4b75,0x7c5a71c9fefbc7691f9d4ac7baf70c743792f716,2026-08-15T16:54:10,selfdestruct_context,0xf3fef3a3,true
25759373,0x5d48deccb68218572a23e6f2207f739019d4ffee74573d84d0150e76be8c0fc0,0xdda3b51e29f9d6fad865c5dd7070d5f7eb57663e,0x8d8210a0252a706cb5de0c6f8e46b6d3692afc19,2026-08-15T16:54:10,complex_trace;high_gas_used_context,0xffc3a769,false
25759373,0x6bbbc4ff28befbb91b8a757fbdb7be4721069f7c69b5b41db5ba73a5fa16d6fa,0x415fd807d411e0c10002431be70a65f24f0b505c,0xf4e147db314947fc1275a8cbb6cde48c510cd8cf,2026-08-15T16:54:10,privileged_execution_context,0x760d0f9d,false
25759374,0x3ac6b18aea978da837c959569824cfdac7adba8370823d956804c695fdd66b2b,0xcb73413d849b4dc6a923bd6c5ee020de9b6cbe66,0x0000000000771a79d0fc7f3b7fe270eb4498f20b,2026-08-15T16:54:14,very_complex_trace;high_gas_used_context,0x8973e2cb,false
25759374,0x704c3ad0fc9a6e6c204b10092326c5a59d04d3a516b93fcb79203c6d8054b437,0x49e1bf431e9bbbd8e57afcd21ccac3f30e7d98d3,0x28b1dc1a5e3699a428bc51d234dfab7c9cb2a183,2026-08-15T16:54:14,complex_trace;high_gas_used_context,0xf2c42696,true
25759374,0xbcf68342a3e28eaa072c82a8860d58e2fc6c70709e1f09b6ce1efa3722c7fed9,0xde7a849216aa3884d53d84ecb02c19eb67e5dae2,0x7d9f4ca54131e588fc1fe577973b55fb11231e76,2026-08-15T16:54:14,high_gas_used_context;token_activity_burst,0x6aac3a0b,false
25759374,0xcfaac76ecaadea1001fbc0bc4ee58a148ff6e7cbdc2aa08ffc082518c7545158,0xcb73413d849b4dc6a923bd6c5ee020de9b6cbe66,0x0000000000771a79d0fc7f3b7fe270eb4498f20b,2026-08-15T16:54:14,very_complex_trace;high_gas_used_context,0x8973e2cb,false
25759374,0xd20ce1a1a2332732206ef36fe9080f42d302c6b443d4f520aa880bb567cf6d99,0xe1618dee355187cc7209427c503524d015623027,0x0de8bf93da2f7eecb3d9169422413a9bef4ef628,2026-08-15T16:54:14,very_complex_trace;high_gas_used_context,0xb1ae2ed1,false
25759375,0x32e8c1719b4fc303e56412746a83c87115dc96193978e4d20b5c814b3e3d0d3d,0x668001289b9da5a23840a6d4fa195d977f23bb3b,0x0000000071727de22e5e9d8baf0edac6f37da032,2026-08-15T16:54:25,complex_trace;high_gas_used_context;token_activity_burst,0x765e827f,false
25759375,0x4d9b6e6bb26c81a9eb6842f3cd40a0a9f1c6079bb95a3d579187e806e7f4a581,0xf0777aff9301ff7d0af60e49b49488aa0861e63f,0x632eec87e1a4c181a7a4aa67ca23d21af558ac60,2026-08-15T16:54:25,complex_trace;high_gas_used_context,0x111966f6,false
25759375,0x57c276b1ea00e2d8e9fafeacc2f15a6cf1e7b5d1b22dab59acad908f5485fd24,0xe487832018fbd594c84f1db3dfac61cde98a5f36,0x91ff8bbd8ebb07893010d50a48a1609e5ebd8e34,2026-08-15T16:54:25,complex_trace;high_gas_used_context,0x069d1525,false
25759375,0x99951f0f3ce03aad4672a2cc3487812cd46457de968ab89920e9f98bfa9de35f,0x1053ec0d66c4d1678099521b07f19a4532d33578,0x3057fe9ce0785055d546e974befa47b5e9f0cccc,2026-08-15T16:54:25,dense_internal_fund_flow;complex_trace;high_gas_used_context;token_activity_burst,0x07ed2379,true
25759375,0xefb55b3f05a3979e2e3bd9e902c94e655253c53528a3ce8dca2b52219d36a349,0xdda3b51e29f9d6fad865c5dd7070d5f7eb57663e,0x8d8210a0252a706cb5de0c6f8e46b6d3692afc19,2026-08-15T16:54:26,complex_trace;high_gas_used_context,0xffc3a769,false
25759375,0xe40c333404d46b3423d3a631d0b7b54d3748dff9e0dde17f60b7c5af1328e293,0x4838b106fce9647bdf1e7877bf73ce8b0bad5f97,0xfeeeeee44046c3f61a8cc081e0918ef0de0a7ffc,2026-08-15T16:54:27,selfdestruct_context,0x6a8028c7,true
25759376,0x0695e2f94052a7bcc0887e2c7ee35a9d5f0fa5fbb69d0d55fd29f0b87abd4f6b,0x4838b106fce9647bdf1e7877bf73ce8b0bad5f97,0xfeeeeee44046c3f61a8cc081e0918ef0de0a7ffc,2026-08-15T16:54:35,selfdestruct_context,0x6a8028d3,true
25759376,0x0827516e07805949581fca5bea84f5332284b15f5d3166da70ba27fc980d193b,0xbec2c8276cbb407b56bc6da77207bdef64142ab5,0x8f5835e9d756c9bd934bce527157a4b0ef3c5cb7,2026-08-15T16:54:35,large_erc20_asset_flow;complex_trace,0x5ef68f68,true
25759376,0x10cf0969a2db88c59916a67e01a884bec996ce004b58ddb4d9385ec2cfb984e4,0xd8018099f78b5b5b37305193a722c2ffe296c558,0x0000000000771a79d0fc7f3b7fe270eb4498f20b,2026-08-15T16:54:35,dense_internal_fund_flow;large_mint_to_sender;very_complex_trace;high_gas_used_context;token_activity_burst,0xd0b0fe59,true
25759376,0x1913cba646206f11ed6c004be1d7c7288a2a564bf43540969f48cad96192c8fe,0xde992badd92adaf9146255e9bde6a70770973664,0x3d0f22bf11636cc9cb129e2b261eed35a487455c,2026-08-15T16:54:35,complex_trace;high_gas_used_context,0xa9059cbb,false
25759376,0xfbd0783b80500ea545f254105a23f5aa848678eaebdcae4c026bd1aca7acf5ca,0x4838b106fce9647bdf1e7877bf73ce8b0bad5f97,0xfeeeeee44046c3f61a8cc081e0918ef0de0a7ffc,2026-08-15T16:54:35,selfdestruct_context,0x6a8028d3,true
25759377,0x71c1919b036f8bd14cf28c4ff7a022549b18b3c061d1e69c8134595334f2c9b0,0x70e59f9c304e4d5096bd408b571e2dcd99c3120b,0xad3b67bca8935cb510c8d18bd45f0b94f54a968f,2026-08-15T16:54:53,complex_trace;high_gas_used_context;token_activity_burst;approval_burst,0x146ee74d,false
25759377,0x3465342aaf83279940b14a80ceff8232c2031ab4f37bbb4e37f8b1f4fa08abc3,0xdda3b51e29f9d6fad865c5dd7070d5f7eb57663e,0x8d8210a0252a706cb5de0c6f8e46b6d3692afc19,2026-08-15T16:54:55,complex_trace;high_gas_used_context,0xffc3a769,false
25759377,0x3866ad8bf9aec7bf6de56ba66452739dc3f08b91294a5454b3d57ace1e00cbac,0x0b52fee7cf1a6d0dc2993c158eaf6b23b998150d,0x004395edb43efca9885cedad51ec9faf93bd34ac,2026-08-15T16:54:55,complex_trace;high_gas_used_context,0xac9650d8,false
25759377,0x5c7109da8ebcdf7742a09dcc02a7043947b50dc0a3b86a38b6a9443a9f017f0e,0x8ca9ad274176364335bbd57ca141ed7d7c52ecb2,0x1231deb6f5749ef6ce6943a275a1d3e7486f4eae,2026-08-15T16:54:55,complex_trace;high_gas_used_context;token_activity_burst,0x5fd9ae2e,true
25759377,0x94fcede3f4674666590c1847ad6eb296a5ee5172f271878620149028f925a41f,0x5e30b7a3266d5eb89935e94c0a746760fbd3b0bd,0x1231deb6f5749ef6ce6943a275a1d3e7486f4eae,2026-08-15T16:54:55,complex_trace;high_gas_used_context,0x80c65808,false
25759377,0x968ade215cc221bab2ea2f02f9ea52b70fd5a5377bdd73461b0e3d39fedd34ef,0xada5bb90d0de0bd1b6f3938708f49295a8d1f7cb,0xccc88a9d1b4ed6b0eaba998850414b24f1c315be,2026-08-15T16:54:55,complex_trace;high_gas_used_context,0x0a2b8f36,false
25759377,0xaa6b210aca44935308ea2fbafab962a06984d2ba91b60fe7a671360d83485003,0x09cfee647fa339133380191c8db6b44f24500c9d,0x77b85afbcd336993ac1c65057531c5a5b33b76b8,2026-08-15T16:54:55,repeated_internal_token_drain;dense_internal_fund_flow;complex_trace;high_gas_used_context;token_activity_burst;repeated_risky_internal_calls,0xa9059cbb,true
25759377,0xb3db868a4e3ca5b08725beba04b841083349e709632266ec3586e7ff9c4cfdb4,0x4337005db25dbad41da5692ba1188751ee5d98b6,0x0000000071727de22e5e9d8baf0edac6f37da032,2026-08-15T16:54:55,privileged_execution_context;complex_trace,0x765e827f,false
25759378,0x185779077a1662cd84681818d719a189ad8ef646b0d6eda8f23bbfe3f866e6a8,0xdda3b51e29f9d6fad865c5dd7070d5f7eb57663e,0x8d8210a0252a706cb5de0c6f8e46b6d3692afc19,2026-08-15T16:55:10,complex_trace;high_gas_used_context,0xffc3a769,false
25759378,0x1fe32acc64ea3aac768c799013022c1ddca2cbe09094e6c71c9c6a2404a53bfc,0x70e59f9c304e4d5096bd408b571e2dcd99c3120b,0xad3b67bca8935cb510c8d18bd45f0b94f54a968f,2026-08-15T16:55:10,dense_internal_fund_flow;complex_trace;high_gas_used_context;token_activity_burst;approval_burst,0x146ee74d,true
25759378,0x3e287119bb02c6f702d33036f397d530338620ff2d3241f39b18cfa80d2117fd,0xd8018099f78b5b5b37305193a722c2ffe296c558,0x0000000000771a79d0fc7f3b7fe270eb4498f20b,2026-08-15T16:55:10,dense_internal_fund_flow;large_mint_to_sender;very_complex_trace;high_gas_used_context;token_activity_burst,0xd0b0fe59,true
25759378,0x9066a5e3bba0254c52181e8a24b9f04a7a9bbae4f2ef746d455d6c5d18fb8735,0xde992badd92adaf9146255e9bde6a70770973664,0x3d0f22bf11636cc9cb129e2b261eed35a487455c,2026-08-15T16:55:10,complex_trace;high_gas_used_context,0xa9059cbb,false
25759378,0xb2f6a8d53f0c0d9cd8b673eb7b69672a469c604e36144eb8c11e26c548c5611a,0x4838b106fce9647bdf1e7877bf73ce8b0bad5f97,0xfeeeeee44046c3f61a8cc081e0918ef0de0a7ffc,2026-08-15T16:55:10,selfdestruct_context,0x6a8028eb,true
25759378,0xb786f838f8425bcd9d81698fba8c231cef3581eaa6ad96ba28d94b89038f1cd3,0x59aab1bd0d26290274398c07b55955c15425e16b,0x00fe78205f5f0e63b8ad2b2ae5337f538a610e04,2026-08-15T16:55:10,complex_trace;high_gas_used_context,0x34fcd5be,false
25759378,0xd355491cb015dfc0818fd123a28a7af96e5e7b84665ca284c88dbfa8e86a2874,0x77746d6ffa0bf81eda08b16826d9b1e3068b593c,0x555ce236c0220695b68341bc48c68d52210cc35b,2026-08-15T16:55:10,complex_trace;high_gas_used_context,0xc3c16ee4,false
25759379,0x2e12d2bae23343163b5eea6d3a9acd663b984dab11827952c0fa215b66423e74,0xe5cf3e93944dce1c99db8529a8bbd786fd42c8c8,0x28b1dc1a5e3699a428bc51d234dfab7c9cb2a183,2026-08-15T16:55:26,dense_internal_fund_flow;complex_trace,0x0c307f76,true
25759379,0xffeae256c3dcda1b46a846eff857266600aa2cd214816e6356cea675910b9d6a,0x7b49bc3ebbdf7322f31c6449320382bbec3be1b6,0xad3b67bca8935cb510c8d18bd45f0b94f54a968f,2026-08-15T16:55:26,dense_internal_fund_flow;complex_trace;high_gas_used_context;token_activity_burst;approval_burst,0x146ee74d,true
25759379,0x8975f63f1b8ed66aa271a338292e22ad50771f52e6724494f4c34b2628d07c40,0xb1ca4a18aff443656f407fa8be3533ff27dde911,0x9da8b48441583a2b93e2ef8213aad0ec0b392c69,2026-08-15T16:55:27,complex_trace;high_gas_used_context,0xe7c438c9,false
25759379,0x23a73051491c1753589b61c87376395a643566a8278d906cb6f473384b61680b,0xd8018099f78b5b5b37305193a722c2ffe296c558,0x0000000000771a79d0fc7f3b7fe270eb4498f20b,2026-08-15T16:55:57,dense_internal_fund_flow;large_mint_to_sender;very_complex_trace;high_gas_used_context;token_activity_burst,0xd0b0fe59,true
25759379,0x9c5003b6728a34a2b85f1e298bad1f80ca38fbe6141e0e3f3d48404bda10cc2c,0xb2653bc465f4834250ac2a118824281971943212,0x004395edb43efca9885cedad51ec9faf93bd34ac,2026-08-15T16:55:57,complex_trace;high_gas_used_context,0xac9650d8,false
25759379,0xac9fe14380759a6a143b2f5f13dc662c3536304b191ce025f7eef042d2b66bb7,0x4838b106fce9647bdf1e7877bf73ce8b0bad5f97,0xfeeeeee44046c3f61a8cc081e0918ef0de0a7ffc,2026-08-15T16:55:57,selfdestruct_context,0x6a8028f7,true
25759379,0xca701186137f0ff0fa282bbf4da8869416f97768b5b0fa1b635dd0dd4887095b,0x59aab1bd0d26290274398c07b55955c15425e16b,0x00fe78205f5f0e63b8ad2b2ae5337f538a610e04,2026-08-15T16:55:57,complex_trace;high_gas_used_context,0x34fcd5be,false
25759381,0x039d996d59ec7557bf0db8ea5ac365236b7af10fd6d91a9285f7c7c4d8d014a8,0xc3e754457c27e4afb858fd79858844f293667752,0x584a31052c643d32f3134a956956dad722ff4161,2026-08-15T16:56:14,complex_trace;high_gas_used_context;token_activity_burst,0x00000000,false
25759381,0x04fbdfea56167adb47c1746fdcf9c0d0a66253fc89c34ee6255cd76a01b73b7a,0xdda3b51e29f9d6fad865c5dd7070d5f7eb57663e,0x8d8210a0252a706cb5de0c6f8e46b6d3692afc19,2026-08-15T16:56:14,complex_trace;high_gas_used_context,0xffc3a769,false
25759381,0x12026cab1cc4b7cef0b0f9cefdcb571f1cc1f838154c312e46716a6481cbbae4,0x7b49bc3ebbdf7322f31c6449320382bbec3be1b6,0xad3b67bca8935cb510c8d18bd45f0b94f54a968f,2026-08-15T16:56:14,dense_internal_fund_flow;complex_trace;high_gas_used_context;token_activity_burst;approval_burst,0x146ee74d,true
25759381,0x140e0a5ad07cfb21ddead62caccef6ce9b22237c8248f6bfed7422c1f2383e54,0xf6a7ca005196b75e679fcde93f059d1be2f41d64,0x881d40237659c251811cec9c364ef91dc08d300c,2026-08-15T16:56:14,dense_internal_fund_flow;complex_trace;high_gas_used_context,0x5f575529,true
25759381,0x15e72589e5102e4fc0deaa0532dde21cf05b3393eb3a567122564e315b355f55,0x70e59f9c304e4d5096bd408b571e2dcd99c3120b,0xad3b67bca8935cb510c8d18bd45f0b94f54a968f,2026-08-15T16:56:14,complex_trace;high_gas_used_context;token_activity_burst;approval_burst,0x146ee74d,false
25759381,0x392d5302c4188a30b979221ecfb42c253e0be8bd796d641f5a5184345fcf5a9e,0x663a71be0238a40df4bd5760615de07fe2b7b6ac,0x004395edb43efca9885cedad51ec9faf93bd34ac,2026-08-15T16:56:14,complex_trace;high_gas_used_context,0xac9650d8,false
25759381,0x46ecf146c492dffeb9054648b6768c047b3c2c5cb7b35c60f4e4389c4b73fa57,0xa23b6c608e9bbd7a90a91f1adf534b626e4a3b9b,0xd74e84dcd8cbf883c3e5da604fb95c8101439182,2026-08-15T16:56:14,complex_trace;high_gas_used_context,0x2960250d,false
25759381,0x69de948908f4a7920d9f0099308f59df15c9988e59f5cea0100f41e62e2de899,0x3d7a311d3383e88c6d417ce47489cd49b0f431fe,0x881d40237659c251811cec9c364ef91dc08d300c,2026-08-15T16:56:14,dense_internal_fund_flow;complex_trace,0x5f575529,true
25759381,0x6d089416fb600d50cb04324f65d39515b469a61fd691c9b63f2268cf6a3ec388,0xd8018099f78b5b5b37305193a722c2ffe296c558,0x0000000000771a79d0fc7f3b7fe270eb4498f20b,2026-08-15T16:56:14,dense_internal_fund_flow;large_mint_to_sender;very_complex_trace;high_gas_used_context;token_activity_burst,0xd0b0fe59,true
25759381,0x998cf90cddfb9dd8066918fc8747c83cd9977182e9296921391083367f9b511c,0x4b82847c82087ea19418bed079966810f64f39f4,0x6ed60864fb8fb610a65af5d16cef272548bc64d6,2026-08-15T16:56:14,complex_trace;high_gas_used_context;token_activity_burst,0xe32bbc9e,false
25759381,0xb77820c8c3384505e6d18f14046f16e8236a967b8e6a4706178494251a6eb381,0x4838b106fce9647bdf1e7877bf73ce8b0bad5f97,0xfeeeeee44046c3f61a8cc081e0918ef0de0a7ffc,2026-08-15T16:56:14,selfdestruct_context,0x6a80290f,true
25759381,0xc28ae02cd72f59e96ce63ea9771adc1f3c1ec45ab19a609a81bd80f399410bff,0x6f938e7360d8f7390e89c67f16df6abc21195187,0x99e66f3ce49266bd04a64d989ea63df0b8f43b80,2026-08-15T16:56:14,complex_trace;high_gas_used_context,0x036e036e,false
25759381,0x73a5f66ce46a44f4c651c449eb6a33a1d73d8b4524cfc995cee00afe51c14a05,0x0f69ed24a16ccd1c4648c01aa4dcb9f661f0c90c,0xee030ec6f4307411607e55acd08e628ae6655b86,2026-08-15T16:56:15,dense_internal_fund_flow;complex_trace;high_gas_used_context,0x6e1537da,true
25759381,0xd7a42dd2c3fc46c684ea61a99ee550b5eb7c73b2f989de30910657e9d7e2c615,0x4838b106fce9647bdf1e7877bf73ce8b0bad5f97,0xfeeeeee44046c3f61a8cc081e0918ef0de0a7ffc,2026-08-15T16:56:15,selfdestruct_context,0x6a80290f,true
25759382,0x1dcaf86afb2252f62815630d5c01d4cfc4c43459cf3784a485c52de955fc8240,0x59aab1bd0d26290274398c07b55955c15425e16b,0x00fe78205f5f0e63b8ad2b2ae5337f538a610e04,2026-08-15T16:56:33,complex_trace;high_gas_used_context;token_activity_burst,0x34fcd5be,false
25759382,0x36dd24099908708351a6e1e79026707b651b2707fc62c1b4bf67f4f38437bd88,0x7b49bc3ebbdf7322f31c6449320382bbec3be1b6,0xad3b67bca8935cb510c8d18bd45f0b94f54a968f,2026-08-15T16:56:33,dense_internal_fund_flow;complex_trace,0x146ee74d,true
25759382,0x5aa18cb79d7e0bf70bd9f305f0fcd65f0853d3110bd0f9e9f325adf3f61596eb,0x09cfee647fa339133380191c8db6b44f24500c9d,0x77b85afbcd336993ac1c65057531c5a5b33b76b8,2026-08-15T16:56:33,repeated_internal_token_drain;dense_internal_fund_flow;complex_trace;high_gas_used_context;token_activity_burst;repeated_risky_internal_calls,0xa9059cbb,true
25759382,0x6d09149816417f1891331caea3a7e27dec33ad78664d81c6cb566a6031cafae9,0x5f8769281662a4af0175f7efe521892c52850ac6,0x40a6700b99115cda7b12bd0e21db1be8ae524bf2,2026-08-15T16:56:33,repeated_internal_token_drain;dense_internal_fund_flow;complex_trace;high_gas_used_context;token_activity_burst;repeated_risky_internal_calls,0xa9059cbb,true
25759382,0x7cf31f919253b15baac9f23871b3d019c9c9f21503824c83f30ece9c9bd81f34,0x5b43453fce04b92e190f391a83136bfbecedefd1,0xbdb3ba9ffe392549e1f8658dd2630c141fdf47b6,2026-08-15T16:56:33,complex_trace;high_gas_used_context;token_activity_burst,0x000000c3,false
25759382,0xabc6f1da10966d5cd7346d44629028609df00bb16badef51eb68ac5a359a9d5f,0x59aab1bd0d26290274398c07b55955c15425e16b,0x00fe78205f5f0e63b8ad2b2ae5337f538a610e04,2026-08-15T16:56:33,complex_trace;high_gas_used_context,0x34fcd5be,false
25759382,0xc3ef871f472dca38acf25035b6e25aaf36e97b47f71328474a9758af922cba56,0xae2fc483527b8ef99eb5d9b44875f005ba1fae13,0x1f2f10d1c40777ae1da742455c65828ff36df387,2026-08-15T16:56:33,complex_trace;high_gas_used_context;token_activity_burst,0x2b6643e7,false
25759382,0x93ed45050f9b1038be18106f695a222d0c89614ade267bdab3fcd3b7dfae680e,0x4838b106fce9647bdf1e7877bf73ce8b0bad5f97,0xfeeeeee44046c3f61a8cc081e0918ef0de0a7ffc,2026-08-15T16:56:34,selfdestruct_context,0x6a80291b,true
25759383,0x1c1128ff661b97ebb585b7e2a1ae3976941423c05283d891112cd90a4e55c1a4,0x59aab1bd0d26290274398c07b55955c15425e16b,0x00fe78205f5f0e63b8ad2b2ae5337f538a610e04,2026-08-15T16:56:49,complex_trace;high_gas_used_context,0x34fcd5be,false
25759383,0x1e5e68570dbc90da27b656920e807bb8a139f60eee39a5f1d05dbbc44ba1681c,0x59aab1bd0d26290274398c07b55955c15425e16b,0x00fe78205f5f0e63b8ad2b2ae5337f538a610e04,2026-08-15T16:56:49,complex_trace;high_gas_used_context,0x34fcd5be,false
25759383,0x9ebf1417749101606ade0696d349b97482793baa0dc64d163e253b8e8e1798a9,0xc633a00ff626f867de9b7642da3095451076db07,0xca11bde05977b3631167028862be2a173976ca11,2026-08-15T16:56:49,complex_trace;high_gas_used_context,0x82ad56cb,false
25759384,0x1c1323b81ad507588fd76433a66f54eba4441d06a0bd5ee8c63f78c286494317,0x4838b106fce9647bdf1e7877bf73ce8b0bad5f97,0xfeeeeee44046c3f61a8cc081e0918ef0de0a7ffc,2026-08-15T16:57:31,selfdestruct_context,0x6a802933,true
25759384,0x021540d11e7cf4fd7180e76088264bf8b0c97f2a1be0e3d3e3ae6a31ba633b5c,0x59aab1bd0d26290274398c07b55955c15425e16b,0x00fe78205f5f0e63b8ad2b2ae5337f538a610e04,2026-08-15T16:57:32,complex_trace;high_gas_used_context,0x34fcd5be,false
25759384,0x0a72687c375fe195965a850abbab52853b1d88c382ce4060f383a0cc35617680,0xd8018099f78b5b5b37305193a722c2ffe296c558,0x0000000000771a79d0fc7f3b7fe270eb4498f20b,2026-08-15T16:57:32,dense_internal_fund_flow;large_mint_to_sender;very_complex_trace;high_gas_used_context;token_activity_burst,0xd0b0fe59,true
25759384,0x2c77a31169332d47d2114c62469ebc4a657b803e1cc2888995759a5331e172fb,0xde992badd92adaf9146255e9bde6a70770973664,0x3d0f22bf11636cc9cb129e2b261eed35a487455c,2026-08-15T16:57:32,complex_trace;high_gas_used_context,0xa9059cbb,false
25759384,0x6d38114b095c7ac04473ffa3f2ec95145a790a2d1ccaffe575f92c9bb6153171,0x4838b106fce9647bdf1e7877bf73ce8b0bad5f97,0xfeeeeee44046c3f61a8cc081e0918ef0de0a7ffc,2026-08-15T16:57:32,selfdestruct_context,0x6a802933,true
25759384,0xc9855de797e03c8abe03f615f5b3b7f805f8b93b3bdfdd33b2d9c8dee47cb5d8,0xde992badd92adaf9146255e9bde6a70770973664,0x3d0f22bf11636cc9cb129e2b261eed35a487455c,2026-08-15T16:57:32,complex_trace;high_gas_used_context,0xa9059cbb,false
25759384,0xd34aeda3e7eef20695dc3262bc0159d741bdd123e7e1d6b6cca2067143ca86d4,0x50d9ddb043919e2c72f2f15aaf06749a3ce3a569,0x689d6b93c87568b0245d59209cbfdf12e6e5d5c9,2026-08-15T16:57:32,complex_trace;high_gas_used_context;repeated_risky_internal_calls,0xe020f441,false
25759384,0xd36dee066b93819f177386bd890d4c4b10f9cb0a7ad5efeb918c828da042ca00,0xde7a849216aa3884d53d84ecb02c19eb67e5dae2,0x7d9f4ca54131e588fc1fe577973b55fb11231e76,2026-08-15T16:57:32,high_gas_used_context;token_activity_burst,0x6aac3a0b,false
25759385,0x72d64f859b59dd9709bb3f817c71a024a4ab41dbf82cd8cb30a4accd716bf42a,0x823de6b63f9cb010cbb58951c90eea30bf02bd36,0x0889e9327b98d7d1be3c301a4585ff3330502c9a,2026-08-15T16:57:36,dense_internal_fund_flow;token_activity_burst,0x1fff991f,true
25759385,0xb84c8e59209f2de65ee4a5e5207024e7ae234b6bc1b0bbe9d57a16faf343a384,0x59cadf9199248b50d40a6891c9e329ea13a88d31,0xfeeeeee44046c3f61a8cc081e0918ef0de0a7ffc,2026-08-15T16:57:37,selfdestruct_context,0x6a80293f,true
25759385,0xfbe9357ab4cc3c21da318be3b67836a1bf7aa7850f954b51d8a1ec2010b81100,0xdadb0d80178819f2319190d340ce9a924f783711,0xfeeeeee44046c3f61a8cc081e0918ef0de0a7ffc,2026-08-15T16:57:37,selfdestruct_context,0x6a80293f,true
25759386,0x0121e304e7146e51d8dcc6b6a9966461af5f73f15b1257355c6048efa03b66f8,0x5b43453fce04b92e190f391a83136bfbecedefd1,0xbdb3ba9ffe392549e1f8658dd2630c141fdf47b6,2026-08-15T16:57:40,complex_trace;high_gas_used_context;token_activity_burst,0x000000c3,false
25759386,0x9edaebb6581daeefd8177520be5f7a53982775b8d6767488737665ded5d166eb,0x8778d986d9c52cc6347f0fe94f1ed9be24cdf61d,0x74a60dae44deda8e6c6445cbbb067097e08b682c,2026-08-15T16:57:40,complex_trace;high_gas_used_context,0xa971a913,false
25759386,0xa42ebbc289447e8034252b69a760c37153656f3bb643158b1c0e8baf1f8774dd,0x4838b106fce9647bdf1e7877bf73ce8b0bad5f97,0xfeeeeee44046c3f61a8cc081e0918ef0de0a7ffc,2026-08-15T16:57:40,selfdestruct_context,0x6a80294b,true
25759386,0xf527001a47ff5f3b0b8e70bfc843f9f3b319fc112ce67f64131c210c210b01d2,0x7f881d3ea884051dfa36dcf68fa879dc83a9fc85,0x00000f91109c4d0007e90000d9facad5298a0cac,2026-08-15T16:57:40,complex_trace;high_gas_used_context;token_activity_burst,0x00000000,false
25759387,0x4be2fce39a9cef27710f0e78330d6299e905ecc725b43413f305d441a60f49eb,0x7b49bc3ebbdf7322f31c6449320382bbec3be1b6,0xad3b67bca8935cb510c8d18bd45f0b94f54a968f,2026-08-15T16:58:08,complex_trace;approval_burst,0x146ee74d,false
25759387,0x6bd599da3f6848664cb61968973223fd1577dd12ccbc68be30903ca374636450,0xc0ffeebabe5d496b2dde509f9fa189c25cf29671,0xe08d97e151473a848c3d9ca3f323cb720472d015,2026-08-15T16:58:08,complex_trace;high_gas_used_context;token_activity_burst,0x1d23a9c4,false
25759387,0x8be229574302b6cd2ef35f4c0bae31bc16a9cf3ca970260ae3bd772ae714e0df,0x433702256b464248dcbe403c1334757be4ed9f26,0x0000000071727de22e5e9d8baf0edac6f37da032,2026-08-15T16:58:08,privileged_execution_context;complex_trace,0x765e827f,false
25759387,0x29e936b1982d4ec6913d922e9882a869fa9909a49d09ef1a9c8d58d2a8ec2450,0x59aab1bd0d26290274398c07b55955c15425e16b,0x00fe78205f5f0e63b8ad2b2ae5337f538a610e04,2026-08-15T16:58:10,complex_trace;high_gas_used_context,0x34fcd5be,false
25759387,0x65cc60f728a2fd61d4e718978a72645d8773b8a368806e319f085adc3f6eda0a,0x4838b106fce9647bdf1e7877bf73ce8b0bad5f97,0xfeeeeee44046c3f61a8cc081e0918ef0de0a7ffc,2026-08-15T16:58:10,selfdestruct_context,0x6a802957,true
25759387,0x7d002c3fe0dc9b36ec173ddf576bbbc8ed0b313ba188c3a7f08ba9bc2af9d9bc,0xd8018099f78b5b5b37305193a722c2ffe296c558,0x0000000000771a79d0fc7f3b7fe270eb4498f20b,2026-08-15T16:58:10,dense_internal_fund_flow;large_mint_to_sender;very_complex_trace;high_gas_used_context;token_activity_burst,0xd0b0fe59,true
25759387,0xc02dfc4efb2e388f4bb199e252b9cc7b27108983205e8f8630bf712f389ac782,0x1584a8ee67789d1fe161065388657ad2f2a3c7dd,0x77eb52e44db06777bce478159f25c0d55a295314,2026-08-15T16:58:10,repeated_internal_token_drain;dense_internal_fund_flow;complex_trace;token_activity_burst;repeated_risky_internal_calls,0xa9059cbb,true
25759387,0xc7dda4c221f19e3f1209482386f2791c371cc2b6644807c63d36838d37b8b05a,0x59aab1bd0d26290274398c07b55955c15425e16b,0x00fe78205f5f0e63b8ad2b2ae5337f538a610e04,2026-08-15T16:58:10,complex_trace;high_gas_used_context,0x34fcd5be,false
25759387,0xe59baeb4fbbfa4d2fbc212725ef8e6a023775b64c813e2e9b0cc9f444c18b4cf,0xada1ca2b1f0f649f4e5fb2a0d7b6b35b31035d0f,0x004395edb43efca9885cedad51ec9faf93bd34ac,2026-08-15T16:58:10,complex_trace;high_gas_used_context,0xac9650d8,false
25759388,0x00cd653c8bdf379aef6883a803d7ed3e7bc8470a6b42239e0eb9125f79d65e17,0x4838b106fce9647bdf1e7877bf73ce8b0bad5f97,0xfeeeeee44046c3f61a8cc081e0918ef0de0a7ffc,2026-08-15T16:58:19,selfdestruct_context,0x6a802963,true
25759388,0x6672a4cb778c86537a6b3461ed48c48454cb7a4082a0f7e64420aef52daebb7a,0x3ee92cd00993a4488ae153ab41ac7947cbcbc1de,0x9205a569b0ff45df1e4f5ae48e21bc7f0656f0bb,2026-08-15T16:58:19,large_erc20_asset_flow;complex_trace,0x8b578ac6,true
25759388,0x7ab86391450ae9b5226ad3e67163fb8d1f6198048be677f0d4b472e37e503aeb,0x3ee92cd00993a4488ae153ab41ac7947cbcbc1de,0x9205a569b0ff45df1e4f5ae48e21bc7f0656f0bb,2026-08-15T16:58:19,large_erc20_asset_flow;complex_trace,0x8b578ac6,true
25759388,0x6e86e853689599f1564e6031282fefd804008c12fac3147d7e8be2e2f736ff2c,0x70e59f9c304e4d5096bd408b571e2dcd99c3120b,0xad3b67bca8935cb510c8d18bd45f0b94f54a968f,2026-08-15T16:58:20,dense_internal_fund_flow;complex_trace;approval_burst,0x146ee74d,true
25759388,0xce9896566b9f8614f76fa0b4b52b394fbc0f365fc3c93f8299ac895b68f8019e,0xd8018099f78b5b5b37305193a722c2ffe296c558,0x0000000000771a79d0fc7f3b7fe270eb4498f20b,2026-08-15T16:58:20,dense_internal_fund_flow;large_mint_to_sender;very_complex_trace;high_gas_used_context;token_activity_burst,0xd0b0fe59,true
25759388,0xcf70677730fb95623b37af1d3f1a84b24d40d94e78b8cee4a6f7a84e4d81c091,0x741904bcda6616739d4fb98c8d21a84f5f2f106c,0x28b1dc1a5e3699a428bc51d234dfab7c9cb2a183,2026-08-15T16:58:20,complex_trace;high_gas_used_context,0x0c307f76,true
25759388,0x0339ccd1bb856657f58fa3e1d69f743e784f6004c7e9fd87dd63dbcd378acd8c,0x59aab1bd0d26290274398c07b55955c15425e16b,0x00fe78205f5f0e63b8ad2b2ae5337f538a610e04,2026-08-15T16:58:21,complex_trace;high_gas_used_context,0x34fcd5be,false
25759388,0x46174a262a491489824fabb4918bbd4f29d10fc73ad4eaedfd07935aeaefe5ad,0x50d9ddb043919e2c72f2f15aaf06749a3ce3a569,0x689d6b93c87568b0245d59209cbfdf12e6e5d5c9,2026-08-15T16:58:21,complex_trace;high_gas_used_context;repeated_risky_internal_calls,0xe020f441,false
25759388,0x53f058f9f02d99c9b35c927d95dd9d688dbd1416f8abab41eb268ceda6b12df0,0xeedba2484aaf940f37cd3cd21a5d7c4a7dafbfc0,0x86e4dc95c7fbdbf52e33d563bbdb00823894c287,2026-08-15T16:58:21,complex_trace;high_gas_used_context,0x4e43e495,false
25759388,0xcf82c97aca9106a069a8d090fa43b713b03b7a52c7ec395d6350a18b62a5069b,0x4838b106fce9647bdf1e7877bf73ce8b0bad5f97,0xfeeeeee44046c3f61a8cc081e0918ef0de0a7ffc,2026-08-15T16:58:21,selfdestruct_context,0x6a802963,true
25759388,0xfe509a3e74e7f83ecb9a89593982f8e17805e7ec89c5a15eda5407d4d4836e36,0xde992badd92adaf9146255e9bde6a70770973664,0x3d0f22bf11636cc9cb129e2b261eed35a487455c,2026-08-15T16:58:21,complex_trace;high_gas_used_context,0xa9059cbb,false
25759389,0x3e84a453b3db138fd987e3587390f1cca0e07513e3cc9d6e67a01fa677b0d084,0x0e0052a184fd59c6b7e1e99d739802ecb3aec0e4,0xd82461784eb72d4b67cbab077989eb215315e272,2026-08-15T16:58:30,complex_trace;approval_burst,0xac9650d8,false
25759389,0x69fd605195a99f5d7b7c7890fe0a112575315dfe943609d5774c1483d0500d03,0x883a95fdf8df78e7128fced0e9d931a687ff542f,0x4ebc36dcee3ca916ff4157b51c2a16105a3774b5,2026-08-15T16:58:30,complex_trace;high_gas_used_context,0x1749e1e3,false
25759389,0x7c18352b4982a74fe4d99cca071d0306e304944960bcc5d011e808c6e2946c4d,0x7556699aa8e6a7c9c69bcfaf9debd05f8192b063,0x84cab37995229530d9e6e5cff2f8f4ebe4517d66,2026-08-15T16:58:30,complex_trace;high_gas_used_context;token_activity_burst,0xe587456a,false
25759389,0xecf4580a12c4179c43976a2709c75ff0d397da4f9919b7b6e7212cc6b3d9cfe3,0xe487832018fbd594c84f1db3dfac61cde98a5f36,0x91ff8bbd8ebb07893010d50a48a1609e5ebd8e34,2026-08-15T16:58:30,complex_trace;high_gas_used_context,0x069d1525,false
25759389,0x2bae9becb137ba212be11da3880b0a927b0144b599b0d0fe1e4a75db17789a1d,0x59aab1bd0d26290274398c07b55955c15425e16b,0x00fe78205f5f0e63b8ad2b2ae5337f538a610e04,2026-08-15T16:58:31,complex_trace;high_gas_used_context,0x34fcd5be,false
25759389,0xc91d4e8f5c03aa36e5b3b7a4e840e39bceb031ce3020b188c12e4b5a5df5aa34,0xd8018099f78b5b5b37305193a722c2ffe296c558,0x0000000000771a79d0fc7f3b7fe270eb4498f20b,2026-08-15T16:58:31,dense_internal_fund_flow;large_mint_to_sender;very_complex_trace;high_gas_used_context;token_activity_burst,0xd0b0fe59,true
25759389,0xdc55a5dee2f6c1c23248eb09fe3f3d37af026cff064dc31c466dcff6fa1e8824,0xd8018099f78b5b5b37305193a722c2ffe296c558,0x0000000000771a79d0fc7f3b7fe270eb4498f20b,2026-08-15T16:58:31,dense_internal_fund_flow;large_mint_to_sender;very_complex_trace;high_gas_used_context;token_activity_burst,0xd0b0fe59,true
25759390,0x7aad5a67147c78a615ee6cb25776e9b2d9f5f30883ba31f65366a3df7bfad23e,0xbe0b407782a7599380fa726db315340126d62229,0x4d2fb5f8ec243fde4df1a9678b82238570c7e0e4,2026-08-15T16:58:34,repeated_internal_token_drain;dense_internal_fund_flow;complex_trace;high_gas_used_context;token_activity_burst;repeated_risky_internal_calls,0x6a761202,true
25759390,0x945bc884aab7c6503d54441f8ec911faed944e93c0b086bc4cb3c6e675a2c4cc,0xe487832018fbd594c84f1db3dfac61cde98a5f36,0x91ff8bbd8ebb07893010d50a48a1609e5ebd8e34,2026-08-15T16:58:34,complex_trace;high_gas_used_context,0x069d1525,false
25759390,0xe9a1767f19fd23399ca857fc9c83492bc05bf80ee6d5e0c3de1539f2800b4741,0x70e59f9c304e4d5096bd408b571e2dcd99c3120b,0xad3b67bca8935cb510c8d18bd45f0b94f54a968f,2026-08-15T16:58:34,complex_trace;high_gas_used_context;token_activity_burst;approval_burst,0x146ee74d,false
25759390,0x4d2cf36911f29ee7c3ded7d2a6a23792c3d3a4cb3b208f998e64cf17ff940984,0x59aab1bd0d26290274398c07b55955c15425e16b,0x00fe78205f5f0e63b8ad2b2ae5337f538a610e04,2026-08-15T16:58:35,complex_trace;high_gas_used_context,0x34fcd5be,false
25759390,0xd33880f89da48f549fe03472411c85c1e89d983c1c6480d879e38bed0ba08294,0xd8018099f78b5b5b37305193a722c2ffe296c558,0x0000000000771a79d0fc7f3b7fe270eb4498f20b,2026-08-15T16:58:35,dense_internal_fund_flow;large_mint_to_sender;very_complex_trace;high_gas_used_context;token_activity_burst,0xd0b0fe59,true
25759390,0xd9a374d68455de5101f2835f1cc4e0496aa842e138a4c1a78e08123c82f2307d,0x50d9ddb043919e2c72f2f15aaf06749a3ce3a569,0x689d6b93c87568b0245d59209cbfdf12e6e5d5c9,2026-08-15T16:58:35,complex_trace;high_gas_used_context;repeated_risky_internal_calls,0xe020f441,false
25759390,0xf8fd795c12ff105fce7b29f6266a5f5df36ebc102da49f3f63bcd3fd3b2528cf,0xd8018099f78b5b5b37305193a722c2ffe296c558,0x0000000000771a79d0fc7f3b7fe270eb4498f20b,2026-08-15T16:58:35,dense_internal_fund_flow;large_mint_to_sender;very_complex_trace;high_gas_used_context;token_activity_burst,0xd0b0fe59,true
25759391,0x6cc2c401c183a5e78ca0859ac134bfae88d12846450c9e5b10ae45c5bd565b25,0x7b49bc3ebbdf7322f31c6449320382bbec3be1b6,0xad3b67bca8935cb510c8d18bd45f0b94f54a968f,2026-08-15T16:58:39,dense_internal_fund_flow;complex_trace;high_gas_used_context;token_activity_burst;approval_burst,0x146ee74d,true
25759391,0x4a162d486c12ecc387b525905e27b0fa5c82598d4a652abaac103f045e841f59,0xdb4732b81600e0feac5bfb588ff39e1078242938,0xccc88a9d1b4ed6b0eaba998850414b24f1c315be,2026-08-15T16:58:40,complex_trace;high_gas_used_context,0xf9e4bab4,false
25759391,0x4a7f8f63ac245712bc17d37e5542336f64622e5911965b65e891cdba8310f07a,0x433702873e33d4846d399a75aaf96eacf181d0b2,0x0000000071727de22e5e9d8baf0edac6f37da032,2026-08-15T16:58:40,privileged_execution_context;complex_trace,0x765e827f,false
25759391,0x6812648ff3f2497e15c6d7dd8203b8b957106e983617a5c96d9818dee3185db0,0x4838b106fce9647bdf1e7877bf73ce8b0bad5f97,0xfeeeeee44046c3f61a8cc081e0918ef0de0a7ffc,2026-08-15T16:58:40,selfdestruct_context,0x6a802987,true
25759391,0x9429a74831e7611ba5d67bf1f56e990258681fe55fa2cf016d14866a84d29da6,0xd8018099f78b5b5b37305193a722c2ffe296c558,0x0000000000771a79d0fc7f3b7fe270eb4498f20b,2026-08-15T16:58:40,dense_internal_fund_flow;large_mint_to_sender;very_complex_trace;high_gas_used_context;token_activity_burst,0xd0b0fe59,true
25759391,0xb46a1c630335a138d461f712f568cf5ecf7e8d726053e9b350415050b692d905,0x1df39ea7df8deb1578d5027b6db17fc86453f3d6,0x09fc9b7545020f6a51d113e495e0a451597969d3,2026-08-15T16:58:40,complex_trace;high_gas_used_context;token_activity_burst,0x708909ad,false
25759391,0xcda5d94b174c10cf707bfba359649dea41d8d73d6009fb1150181258b08284ac,0xe487832018fbd594c84f1db3dfac61cde98a5f36,0x91ff8bbd8ebb07893010d50a48a1609e5ebd8e34,2026-08-15T16:58:40,complex_trace;high_gas_used_context,0x069d1525,false
25759391,0xedc2fe929e90ddc06ce0b06833d758a01f8b28eb0f6f14ea798ae8c355e4e7ec,0x59aab1bd0d26290274398c07b55955c15425e16b,0x00fe78205f5f0e63b8ad2b2ae5337f538a610e04,2026-08-15T16:58:40,complex_trace;high_gas_used_context,0x34fcd5be,false
25759392,0x751ac5d57d05ab281ef063a7a5d23e7ab3ca312ff52ca563bf96112ab53edc5e,0xe487832018fbd594c84f1db3dfac61cde98a5f36,0x91ff8bbd8ebb07893010d50a48a1609e5ebd8e34,2026-08-15T16:58:42,complex_trace;high_gas_used_context,0x069d1525,false
25759392,0x2aa3439bd928bc886abaf54e810bfc6e8a47b95e5a1e3385f0fd5d5b7aa668a5,0x59aab1bd0d26290274398c07b55955c15425e16b,0x00fe78205f5f0e63b8ad2b2ae5337f538a610e04,2026-08-15T16:58:43,complex_trace;high_gas_used_context,0x34fcd5be,false
25759393,0x661b95a16aafee1f5bec48f386cf20608f7ace99f711f7d92b1f5fbf51b60629,0x774c09828566852ecb30bb1c16cc3801c3bdbb69,0x00b19a5200a100e5fc4c9800772f4d002f218400,2026-08-15T16:58:47,privileged_execution_context,0x7e734c5a,false
25759393,0xb5590ffd61104eb4b241cb83e0108fbf16b6b5361b6c06810972e91980fdb262,0x70e59f9c304e4d5096bd408b571e2dcd99c3120b,0xad3b67bca8935cb510c8d18bd45f0b94f54a968f,2026-08-15T16:58:47,complex_trace;high_gas_used_context;token_activity_burst;approval_burst,0x146ee74d,false
25759393,0xdca7505cfac3474fcd3d132a2bac2ff6a684745b4a91fa5cb17ca7b596fa1f46,0x7830c87c02e56aff27fa8ab1241711331fa86f43,0xa9d1e08c7793af67e9d92fe308d5697fb81d3e43,2026-08-15T16:58:47,large_erc20_asset_flow,0xca350aa6,true
25759393,0x604b3a98bebe2a19819418e1355a1de86fdd18cea3e4caf75521ad697c8829bc,0x50bf934781f63028c5c8ef49c4affe19a86d99b6,0x8d04cc7e86e687854eb41d9d43512b655b93184b,2026-08-15T16:58:48,complex_trace;selfdestruct_context,0x4a1bf18a,false
25759393,0x995e9bcb031cf9e66df115bb36a6b6b2c6847de508d6e3b332bb47524710c99d,0xdadb0d80178819f2319190d340ce9a924f783711,0xfeeeeee44046c3f61a8cc081e0918ef0de0a7ffc,2026-08-15T16:58:48,selfdestruct_context,0x6a80299f,true
25759393,0x9c079d617414b69aae4decb697adb3c614fa7bbd02563d38efa45c755c180fce,0xe487832018fbd594c84f1db3dfac61cde98a5f36,0x91ff8bbd8ebb07893010d50a48a1609e5ebd8e34,2026-08-15T16:58:48,complex_trace;high_gas_used_context,0x069d1525,false
25759393,0xe737c66a75e5f173a3e9cc61033df70b43cf6d3a8c6d046c9f9c9e680e20d030,0xdadb0d80178819f2319190d340ce9a924f783711,0xfeeeeee44046c3f61a8cc081e0918ef0de0a7ffc,2026-08-15T16:58:48,selfdestruct_context,0x6a80299f,true
25759393,0xe88b2dfa520f6d1aab7c1da0ec4b96bee18255acf36649a15cb112933fdf9289,0x59aab1bd0d26290274398c07b55955c15425e16b,0x00fe78205f5f0e63b8ad2b2ae5337f538a610e04,2026-08-15T16:58:48,complex_trace;high_gas_used_context,0x34fcd5be,false
25759394,0x22da95abdadd79f8e43f261e4c3129fd45b4a8ba48bc797fca9f03ac016b532b,0x5b43453fce04b92e190f391a83136bfbecedefd1,0xbdb3ba9ffe392549e1f8658dd2630c141fdf47b6,2026-08-15T16:58:52,high_gas_used_context;token_activity_burst,0x000000c3,false
25759394,0x4be1f96d23ea35721ada2e4d5b4356493894b604bff01e4df59376618d2fef9f,0x0237dde0e4fb8514907247e8a6b3ea51c1416d97,0x0a252663dbcc0b073063d6420a40319e438cfa59,2026-08-15T16:58:52,dense_internal_fund_flow;large_mint_to_sender;very_complex_trace;high_gas_used_context;token_activity_burst;selfdestruct_context,0xf5878b9b,true
25759394,0xc4abe2cd4d84caae090471331056dc5e7c1403946b3018d0813d2ce770da4f36,0xcbf5959b2c660fbc602e8e14749b3a355380aef8,0x5bf4edb2fa14ee639e584de67345eda45eef18cc,2026-08-15T16:58:52,complex_trace;high_gas_used_context,0xc0970e92,false
25759394,0x4da1a3e42df8ff71b06045971f821521f18d07d15cf769442652bbecc1bae803,0x305bde22c0dcf0a1df83aec0b3ca341cf6149057,0xb300000b72deaeb607a12d5f54773d1c19c7028d,2026-08-15T16:58:53,dense_internal_fund_flow;complex_trace,0x810c705b,true
25759394,0x4f8119713c250f4a362d9a5b2f3bc108059d9ce0feb4c56fd0afb1b23dbc5e6c,0x3431172c887cf150d9fdaba9876273d9db566367,0x64f5aad0e38e2ff9f50f2e51e813e49c05aca41a,2026-08-15T16:58:53,complex_trace;high_gas_used_context;token_activity_burst,0xa9059cbb,false
25759394,0x64f025f3ccc79a82e1901d97170446e7901a47553cf04b0f77d12c8e54ad3ec4,0x98cfffa5603706b8b0f803d1875cf69a924415c1,0xc36442b4a4522e871399cd717abdd847ab11fe88,2026-08-15T16:58:53,dense_internal_fund_flow,0xac9650d8,true
25759394,0x786d7a1c8e24c59452d6268f07ea8d9b2d76dd0103f97acf6960a5f51d83028e,0xaea901026c52335aa86ab4d73bf8f538c0f8a5ac,0xac2a612c49f29e26858df1a53f7623180bcc3753,2026-08-15T16:58:53,privileged_execution_context;complex_trace,0xf6e5eb67,false
25759394,0x7a1bb8b801835fd7c5d2544683727e22941660457dce95e221bf8f075b3a0bfd,0xde7a849216aa3884d53d84ecb02c19eb67e5dae2,0x7d9f4ca54131e588fc1fe577973b55fb11231e76,2026-08-15T16:58:53,complex_trace;high_gas_used_context;token_activity_burst,0x6aac3a0b,false
25759394,0xa081c67b9373a672280c0879fd6efa24d1b48ecab92701571e090a8b3387aa85,0xe1b0f449b8714b44c86e8e57c2cb4d91b1c23118,0x881d40237659c251811cec9c364ef91dc08d300c,2026-08-15T16:58:53,dense_internal_fund_flow;complex_trace,0x5f575529,true
25759394,0xc0429c968982245e1e8a9bac0f2eb055514bdef6d37c3f1d966c4d3d54c936fd,0xaea901026c52335aa86ab4d73bf8f538c0f8a5ac,0xac2a612c49f29e26858df1a53f7623180bcc3753,2026-08-15T16:58:53,privileged_execution_context;complex_trace,0xf6e5eb67,false
25759394,0xd23f46c34437daaefdae6d2dbfe6982c35d311bf490b399e5e7ff90d1fde472f,0x9fc3da866e7df3a1c57ade1a97c9f00a70f010c8,0xfeeeeee44046c3f61a8cc081e0918ef0de0a7ffc,2026-08-15T16:58:53,selfdestruct_context,0x6a8029ab,true
25759394,0xe67f53f67f9424db4beab7651549eb1e2237d271e1e37c5f8283f0ed4fee59cc,0xe487832018fbd594c84f1db3dfac61cde98a5f36,0x91ff8bbd8ebb07893010d50a48a1609e5ebd8e34,2026-08-15T16:58:53,complex_trace;high_gas_used_context,0x069d1525,false
25759395,0x27f58f28678802542aae937f196957de39b4626e590c3cccb018d64f22f409c5,0x4838b106fce9647bdf1e7877bf73ce8b0bad5f97,0xfeeeeee44046c3f61a8cc081e0918ef0de0a7ffc,2026-08-15T16:58:58,selfdestruct_context,0x6a8029b7,true
25759395,0x534366c0a4cf2b25f02f4b909cd22266538bc9227200d34a3afe6c9bce7b29d8,0xc78304acdf1f0d62b51441a38e5c1bab78f03f7a,0x0000000071727de22e5e9d8baf0edac6f37da032,2026-08-15T16:58:58,complex_trace;high_gas_used_context;token_activity_burst,0x765e827f,false
25759395,0x93807326451fef5fd64b6745008a7fab8e6b5df3ed98342d9c6cf07c8e81e03b,0xe487832018fbd594c84f1db3dfac61cde98a5f36,0x91ff8bbd8ebb07893010d50a48a1609e5ebd8e34,2026-08-15T16:58:58,complex_trace;high_gas_used_context,0x069d1525,false
25759395,0xf5d1d0853c7e7824b13484dbef8318d450430dc91f9f976a55746f8c5f796df7,0x823de6b63f9cb010cbb58951c90eea30bf02bd36,0x6a000f20005980200259b80c5102003040001068,2026-08-15T16:58:58,dense_internal_fund_flow,0xe3ead59e,true
25759396,0x2846039c2c30781bca7802843036af77a368fa8149cca3475932c27d92dc1508,0x9ebb9398051b3ab81516178faf62f3df2d16c0e7,0x004395edb43efca9885cedad51ec9faf93bd34ac,2026-08-15T16:59:03,complex_trace;high_gas_used_context,0xac9650d8,false
25759396,0x34b575f739434ffc22e182571aa8a83d16ed3b3b2f621cc6260eccf6ebb69f8c,0x305bde22c0dcf0a1df83aec0b3ca341cf6149057,0xb300000b72deaeb607a12d5f54773d1c19c7028d,2026-08-15T16:59:03,dense_internal_fund_flow;complex_trace,0x810c705b,true
25759396,0xad2327c7843b7aae1388c7c98aa7f5cd239d060e75101d84db8f15a54a953fb7,0x754dcfb2861547015b221e963b4133a71dbdc024,0x3e07be15370d8b12d80a159a7ef14b9e51869497,2026-08-15T16:59:03,dense_internal_fund_flow,0x21af54c6,true
25759396,0xd718ebe494dab65187890c197c1f896ebc9665548a42db12040ccde6979b639c,0xe487832018fbd594c84f1db3dfac61cde98a5f36,0x91ff8bbd8ebb07893010d50a48a1609e5ebd8e34,2026-08-15T16:59:03,complex_trace;high_gas_used_context,0x069d1525,false
25759396,0xe28b8711b5b34c71f4617fd7813705bbc6694747cbf2448747a51ad5b045c15a,0xdda3b51e29f9d6fad865c5dd7070d5f7eb57663e,0x8d8210a0252a706cb5de0c6f8e46b6d3692afc19,2026-08-15T16:59:03,complex_trace;high_gas_used_context,0xffc3a769,false
25759397,0x3bf1967a09cbfd508bf43e1c348bbbad88fce0d1bcf961ca4bc3ffcd185ff5f1,0xe487832018fbd594c84f1db3dfac61cde98a5f36,0x91ff8bbd8ebb07893010d50a48a1609e5ebd8e34,2026-08-15T16:59:11,complex_trace;high_gas_used_context,0x069d1525,false
25759397,0xf0b5b5056b40596a3583a3a1f1fc44f6b85fcc6dc3a3d095725df5d3583c4985,0x192ba985663222691de0284d1b88c2f3eed4dd2a,0x881d40237659c251811cec9c364ef91dc08d300c,2026-08-15T16:59:11,dense_internal_fund_flow;complex_trace,0x5f575529,true
25759397,0xfa463f4a8c37519ad80a667bc3d13b3612ad711f68df9b925c3b4dcc57760e02,0xe99bd1c2dd70cd58e5efd47887991700e7318ce2,0xad3b67bca8935cb510c8d18bd45f0b94f54a968f,2026-08-15T16:59:11,complex_trace;approval_burst,0x146ee74d,false
25759397,0x2a66777bccb856aa180d075e945ca6d197e9019c540c7e1b9792079aa1287dcb,0x4838b106fce9647bdf1e7877bf73ce8b0bad5f97,0xfeeeeee44046c3f61a8cc081e0918ef0de0a7ffc,2026-08-15T16:59:12,selfdestruct_context,0x6a8029cf,true
25759397,0x794a5f46b595b695f9f95916fac4d4e4cd166fda96e7828c864981c7afbefa94,0x59aab1bd0d26290274398c07b55955c15425e16b,0x00fe78205f5f0e63b8ad2b2ae5337f538a610e04,2026-08-15T16:59:12,high_gas_used_context;token_activity_burst,0x34fcd5be,false
25759397,0x8501ca7b5b0ebf73ceaffaeeb14428f834956e560ae30316655282a72efcccaa,0x50d9ddb043919e2c72f2f15aaf06749a3ce3a569,0x689d6b93c87568b0245d59209cbfdf12e6e5d5c9,2026-08-15T16:59:12,complex_trace;high_gas_used_context;repeated_risky_internal_calls,0xe020f441,false
25759397,0x94a736e95794c638eae43d0027bf09fd03bf271d4f325b90080cdafe294cd892,0xd8018099f78b5b5b37305193a722c2ffe296c558,0x0000000000771a79d0fc7f3b7fe270eb4498f20b,2026-08-15T16:59:12,dense_internal_fund_flow;large_mint_to_sender;very_complex_trace;high_gas_used_context;token_activity_burst,0xd0b0fe59,true
25759398,0xfdbf20c411685e221dc9af37c6683db48a4b3f26de35dc6d6a27eb148998317f,0xe487832018fbd594c84f1db3dfac61cde98a5f36,0x91ff8bbd8ebb07893010d50a48a1609e5ebd8e34,2026-08-15T16:59:21,complex_trace;high_gas_used_context,0x069d1525,false
25759398,0x156935c3df35253de2f5b98d16107e0f2241e17bc34e7db9ca5022b7dc72532c,0x4838b106fce9647bdf1e7877bf73ce8b0bad5f97,0xfeeeeee44046c3f61a8cc081e0918ef0de0a7ffc,2026-08-15T16:59:22,selfdestruct_context,0x6a8029db,true
25759398,0x2e656a7072b54a933412e05b6e549c4460ae7c712e8374091db7daae160e54a1,0xdda3b51e29f9d6fad865c5dd7070d5f7eb57663e,0x8d8210a0252a706cb5de0c6f8e46b6d3692afc19,2026-08-15T16:59:22,complex_trace;high_gas_used_context,0xffc3a769,false
25759398,0xbff738c1ed875d638042d51ffa1442bd213a5b6ed1a945ddaf8c45405ccbea74,0xd8018099f78b5b5b37305193a722c2ffe296c558,0x0000000000771a79d0fc7f3b7fe270eb4498f20b,2026-08-15T16:59:22,dense_internal_fund_flow;large_mint_to_sender;very_complex_trace;high_gas_used_context;token_activity_burst,0xd0b0fe59,true
25759399,0xb5a8684bf6474fa34f6b0bf8f5980c64e3928919fcf0d8c45dc4aa896888d806,0xe487832018fbd594c84f1db3dfac61cde98a5f36,0x91ff8bbd8ebb07893010d50a48a1609e5ebd8e34,2026-08-15T16:59:34,complex_trace;high_gas_used_context,0x069d1525,false
25759399,0xfa5ea5df68644c5603d8e2205f2c189d33648c9ea423cc2142ee14c1f0ecafcf,0xe99bd1c2dd70cd58e5efd47887991700e7318ce2,0xad3b67bca8935cb510c8d18bd45f0b94f54a968f,2026-08-15T16:59:34,dense_internal_fund_flow;complex_trace;high_gas_used_context;token_activity_burst;approval_burst,0x146ee74d,true
25759399,0x2de7819c42fa7bc71f2e5e6090a534796cd4e4553cad77ae459540240ae845ef,0x50d9ddb043919e2c72f2f15aaf06749a3ce3a569,0x689d6b93c87568b0245d59209cbfdf12e6e5d5c9,2026-08-15T16:59:35,complex_trace;high_gas_used_context;repeated_risky_internal_calls,0xe020f441,false
25759400,0xe05927e3466e143954749e747f96efa6dc0d1df7e118646dd47c340ec53a6a51,0xe487832018fbd594c84f1db3dfac61cde98a5f36,0x91ff8bbd8ebb07893010d50a48a1609e5ebd8e34,2026-08-15T16:59:48,complex_trace;high_gas_used_context,0x069d1525,false
25759400,0xd120484cc1f394e1488debc91131080e27b13b4188745648ac575ab24d96b243,0xd8018099f78b5b5b37305193a722c2ffe296c558,0x0000000000771a79d0fc7f3b7fe270eb4498f20b,2026-08-15T16:59:49,dense_internal_fund_flow;large_mint_to_sender;very_complex_trace;high_gas_used_context;token_activity_burst,0xd0b0fe59,true
25759400,0xe01072ff8a637a9f8657065029b410c295154da60ed2f0b336ec1a4eb88f804e,0xdda3b51e29f9d6fad865c5dd7070d5f7eb57663e,0x8d8210a0252a706cb5de0c6f8e46b6d3692afc19,2026-08-15T16:59:49,complex_trace;high_gas_used_context,0xffc3a769,false
