block_num,tx_hash,from,to,detect_time,attack_signals,selector,has_asset_impact
25755001,0x26b7d3b92596c0d973d41e0ff445a41a38a66a1a13b0d9d9643ec8dc894ec65d,0x4838b106fce9647bdf1e7877bf73ce8b0bad5f97,0xfeeeeee44046c3f61a8cc081e0918ef0de0a7ffc,2026-08-15T02:15:08,selfdestruct_context,0x6a7f5b0b,true
25755001,0x429e4931e97023e0b1e51d6b6e738f8255eed560ec288ec3183ffccb15de45a7,0x5aca530c36b8f4605786c485796e80a66ef42830,0x4b47d7291664beb43e03588e2698e10ba2cd21b3,2026-08-15T02:15:08,complex_trace;approval_burst,0x9eb723c7,false
25755001,0xe21a36decf76e21e6d0ece8244a036af5b3fd9a820f8431c05ed3ac46fee8d54,0x7830c87c02e56aff27fa8ab1241711331fa86f43,0xa9d1e08c7793af67e9d92fe308d5697fb81d3e43,2026-08-15T02:15:08,large_erc20_asset_flow,0xca350aa6,true
25755001,0x2759d0bb43bd2a5a996d6c891e7955084799c1187bba3fd982525235e201c74a,0x07d3af6a3217f6d24cd01d4fd86d9500eb109dfa,0x3d90f66b534dd8482b181e24655a9e8265316be9,2026-08-15T02:15:09,complex_trace;high_gas_used_context,0x47ee97ff,false
25755001,0x39a9f4f281c8b7f4dcc4af69c8b0b5d57a88f04d192800027aaba4c0e683ddab,0x50bf934781f63028c5c8ef49c4affe19a86d99b6,0x8d04cc7e86e687854eb41d9d43512b655b93184b,2026-08-15T02:15:09,complex_trace;selfdestruct_context,0x4a1bf18a,false
25755001,0x5ef26053f35ff9c3d8895c095efc35ef3a696ac0d74f1edf5577a06ef41682c5,0x05854d0c70d2f696fb3d9c0863100956b795e2ff,0x0fb6e8ecd8ca55c79122f4e114fb46afe1924089,2026-08-15T02:15:09,complex_trace;high_gas_used_context;approval_burst,0x9d83fd7f,false
25755001,0xc574164d06f2285d5346f7b1982b8a5025113efedad00ed36428c21d55614d6b,0x706246bef1fe26e850d17228b27dd38a90b9b686,0x3d90f66b534dd8482b181e24655a9e8265316be9,2026-08-15T02:15:09,complex_trace;high_gas_used_context;token_activity_burst,0x47ee97ff,false
25755001,0x8f053a54846d8182b4c229aaca23bd8e54920f04939acdfbe8e838d6f342ae3f,0x09cfee647fa339133380191c8db6b44f24500c9d,0x77b85afbcd336993ac1c65057531c5a5b33b76b8,2026-08-15T02:15:10,repeated_internal_token_drain;dense_internal_fund_flow;complex_trace;high_gas_used_context;token_activity_burst;repeated_risky_internal_calls,0xa9059cbb,true
25755001,0x92c41e5def9f1afd122f35039dd7cce01bcb16b5981eb820d58d32070b419c43,0x3cfdc212769c890907bce93d3d8c2c53de6a7a89,0x0000000071727de22e5e9d8baf0edac6f37da032,2026-08-15T02:15:10,privileged_execution_context;complex_trace,0x765e827f,false
25755001,0xbaff6c7ee44c584fdecd6d77d196fd7f9f32afc70c1d183fcbcb5107963fec40,0x4838b106fce9647bdf1e7877bf73ce8b0bad5f97,0xfeeeeee44046c3f61a8cc081e0918ef0de0a7ffc,2026-08-15T02:15:10,selfdestruct_context,0x6a7f5b0b,true
25755002,0xb40a22c20000ea15346a7cce97a743526fdb6be4e532bafd1d640e956cdaa61b,0xc6acbee42e9e323140c1ed060c2f6ea9cc3b4b75,0x7c5a71c9fefbc7691f9d4ac7baf70c743792f716,2026-08-15T02:15:16,selfdestruct_context,0xf3fef3a3,false
25755002,0x557c5b8d1d6db96edcafb3c110283b041e7dcb2f7c2fd1be57cc422888f167e0,0x9ea339251007caea838f157e2e43526ff60f6ed8,0x7a250d5630b4cf539739df2c5dacb4c659f2488d,2026-08-15T02:15:17,dense_internal_fund_flow,0x791ac947,true
25755002,0x60374cd44af5505856d4308afd8d76105e1913b56a02a4bfb07eea91a3a2d299,0xf1edea7bb1da404f49eb65d079292a0d1e2297fe,0x7a250d5630b4cf539739df2c5dacb4c659f2488d,2026-08-15T02:15:17,dense_internal_fund_flow,0x791ac947,true
25755002,0x727739419f578135d410d6142124c60432448c96fdb06d9485c0c069a254563d,0x59aab1bd0d26290274398c07b55955c15425e16b,0x00fe78205f5f0e63b8ad2b2ae5337f538a610e04,2026-08-15T02:15:17,complex_trace;high_gas_used_context;token_activity_burst,0x34fcd5be,false
25755002,0x852f46530e59b7f802f5dcd18c44dd5cb0c22dc5900f1f0f5e33d675faa696d3,0xc86000b0a08ee1bfc4b248d458cad9c1df0d2708,0x7a250d5630b4cf539739df2c5dacb4c659f2488d,2026-08-15T02:15:17,dense_internal_fund_flow,0x791ac947,true
25755002,0xa12f0fcb2800ed6bbf4819ac21eed2073c2e7440c54c5c2829d9064e590ef6fd,0x50bf934781f63028c5c8ef49c4affe19a86d99b6,0x8d04cc7e86e687854eb41d9d43512b655b93184b,2026-08-15T02:15:17,complex_trace;selfdestruct_context,0x4a1bf18a,false
25755002,0xb69a80df6cf064a3d762d4ec4c33fdb111ba2ea7d713de3604d40938e25b83be,0x3cfdc212769c890907bce93d3d8c2c53de6a7a89,0x433709009b8330fda32311df1c2afa402ed8d009,2026-08-15T02:15:17,privileged_execution_context;complex_trace,0x765e827f,false
25755002,0xe3835460c6d2872da8a182743ce42dab13b37b0b7ae48b692ecf197b567b2e4b,0xeedba2484aaf940f37cd3cd21a5d7c4a7dafbfc0,0x86e4dc95c7fbdbf52e33d563bbdb00823894c287,2026-08-15T02:15:17,complex_trace;high_gas_used_context,0x4e43e495,false
25755002,0xec65a393b309e8592da8e9d0a22d662ba91dc2e9f1f0089a9913a70efe3b5d72,0x4838b106fce9647bdf1e7877bf73ce8b0bad5f97,0xfeeeeee44046c3f61a8cc081e0918ef0de0a7ffc,2026-08-15T02:15:17,selfdestruct_context,0x6a7f5b17,true
25755003,0x292dc99a8b5780468f08d3a626f896b0d73878b7d19fd6c24654a54f2e05079b,0xcfd8aa4314bb9a0da2f3c806b23b54e811b98310,0x0b8a49d816cc709b6eadb09498030ae3416b66dc,2026-08-15T02:15:23,dense_internal_fund_flow;complex_trace,0xf497df75,true
25755003,0x6b6f6f2487eaaf4ddc344f8f41b618de6b7baa8c71ae365349c5415a1f124e6d,0x283504f935274046827e023fafc74b328c9c06f1,0xd1a557fe9d49d047a2318c05a13523e4b9e56e09,2026-08-15T02:15:23,large_erc20_asset_flow;complex_trace,0x311b0198,true
25755003,0x6b7ca3c89346656af0cb6489d73687ca85cf130f67c5592a93bea01297750def,0x7b49bc3ebbdf7322f31c6449320382bbec3be1b6,0xad3b67bca8935cb510c8d18bd45f0b94f54a968f,2026-08-15T02:15:23,complex_trace;high_gas_used_context;token_activity_burst;approval_burst,0x146ee74d,false
25755004,0x62c4715e7feed8cce7570102313de886feed3e3edee1758894e4a959dbfa21b7,0x7830c87c02e56aff27fa8ab1241711331fa86f43,0xa9d1e08c7793af67e9d92fe308d5697fb81d3e43,2026-08-15T02:15:29,dense_internal_fund_flow,0x1a1da075,true
25755004,0xadc3e4f00fbdcf21e05a6cd479ae829cbec661c9146821b75c32b0a56017e02f,0x4337023cce7419f20db4057b4dc3e2ea0c2151e0,0x4337084d9e255ff0702461cf8895ce9e3b5ff108,2026-08-15T02:15:29,complex_trace;high_gas_used_context,0x765e827f,false
25755004,0xe10107569d3e0e2ed8967e7d91564d47e01dd78ebb689a16a6f9f43aea59d47f,0x50bf934781f63028c5c8ef49c4affe19a86d99b6,0x8d04cc7e86e687854eb41d9d43512b655b93184b,2026-08-15T02:15:29,complex_trace;selfdestruct_context,0x4a1bf18a,false
25755004,0x14a14207b7c7e3659325c54426f6dfecceb967c716e0e64df4be7cb66ff740c4,0x59aab1bd0d26290274398c07b55955c15425e16b,0x00fe78205f5f0e63b8ad2b2ae5337f538a610e04,2026-08-15T02:15:30,complex_trace;high_gas_used_context,0x34fcd5be,false
25755004,0xcccd8f9bfb99667122b6a2fc69d7f63e1544a4e130de3793e6e9cdb38fad7090,0x182b9569feb9bfc90ece9e2d3489a19882ed522a,0x6566194141eefa99af43bb5aa71460ca2dc90245,2026-08-15T02:15:30,large_erc20_asset_flow,0x374f435d,true
25755004,0xf99b8e750548d46bf7a10e6deb4e54a3352a81756a6775c9824f1b3da41eb77e,0x4838b106fce9647bdf1e7877bf73ce8b0bad5f97,0xfeeeeee44046c3f61a8cc081e0918ef0de0a7ffc,2026-08-15T02:15:30,selfdestruct_context,0x6a7f5b2f,true
25755005,0x5d7c3642188224dd68e07aa4fcbd70d110471e0d840460a2cfb686f57f8a4609,0xbe0b407782a7599380fa726db315340126d62229,0x4d2fb5f8ec243fde4df1a9678b82238570c7e0e4,2026-08-15T02:15:34,repeated_internal_token_drain;dense_internal_fund_flow;complex_trace;high_gas_used_context;token_activity_burst;repeated_risky_internal_calls,0x6a761202,true
25755005,0x8330d1612a475affd276dbc9d677b0bed0acb0621c4cc633c3de327ae7e56626,0xdedb0e722e69d7794cbae19bac32da650849490a,0x99c9fc46f92e8a1c0dec1b1747d010903e884be1,2026-08-15T02:15:34,dense_internal_fund_flow;complex_trace,0x09fc8843,true
25755005,0x8f877a5fc3de1babe8674bd74a851511954b9d3324b1e6b163a61312216161a8,0x59aab1bd0d26290274398c07b55955c15425e16b,0x00fe78205f5f0e63b8ad2b2ae5337f538a610e04,2026-08-15T02:15:35,complex_trace;high_gas_used_context,0x34fcd5be,false
25755006,0xc6a1db14d7854839a118a3de18421fb9a2aa872bd9b8678258830459a74b2d58,0xe99bd1c2dd70cd58e5efd47887991700e7318ce2,0xad3b67bca8935cb510c8d18bd45f0b94f54a968f,2026-08-15T02:15:45,dense_internal_fund_flow;complex_trace;token_activity_burst;approval_burst,0x146ee74d,true
25755006,0x1acb3db0b432f0414c27fe84d06a40576486e19f23f12ba5507cf85221011499,0x1584a8ee67789d1fe161065388657ad2f2a3c7dd,0x77eb52e44db06777bce478159f25c0d55a295314,2026-08-15T02:15:46,repeated_internal_token_drain;dense_internal_fund_flow;complex_trace;high_gas_used_context;token_activity_burst;repeated_risky_internal_calls,0xa9059cbb,true
25755006,0x1e743b404145765626058de2f8632b011b736ec9c0c7e6ace641f0b4ebe5eeaa,0xb23360ccdd9ed1b15d45e5d3824bb409c8d7c460,0x09c30cdcdd971423cb3ba757a47d56c35d06d818,2026-08-15T02:15:46,dense_internal_fund_flow,0x318adb8b,true
25755006,0xa8223d816811b2217cabd8380b787a789f64dc9b4643ec33d72b9430b5b672fe,0x7a512a59b7f7472ac8ccd2f4dd69dc35b39abec6,0x07964f135f276412b3182a3b2407b8dd45000000,2026-08-15T02:15:46,dense_internal_fund_flow;complex_trace,0x6b3ec416,true
25755006,0xb097d4f39cd252ec58b9681baa99baacef456fd121db990befcc54b703fdf744,0x2ac94942502c77ed7c6005dc8864a8fa531ac8b2,0xc36442b4a4522e871399cd717abdd847ab11fe88,2026-08-15T02:15:46,large_erc20_asset_flow,0x88316456,true
25755006,0xe449ca8c7e870e08cec29cc7b44352498dd689fb08138c57f751f9f28f612b05,0xdda3b51e29f9d6fad865c5dd7070d5f7eb57663e,0x8d8210a0252a706cb5de0c6f8e46b6d3692afc19,2026-08-15T02:15:46,complex_trace;high_gas_used_context,0xffc3a769,false
25755006,0xb3af8bda63f06de97757d262c0fd3a0975aedf28f19ef6bd56620ba93231b300,0x59aab1bd0d26290274398c07b55955c15425e16b,0x00fe78205f5f0e63b8ad2b2ae5337f538a610e04,2026-08-15T02:15:47,complex_trace;high_gas_used_context,0x34fcd5be,false
25755006,0xb5760a894687204a6c1fe194adfa8ce4d1a2679f41e8511862da4527eda340b4,0x4838b106fce9647bdf1e7877bf73ce8b0bad5f97,0xfeeeeee44046c3f61a8cc081e0918ef0de0a7ffc,2026-08-15T02:15:47,selfdestruct_context,0x6a7f5b47,true
25755007,0xd4c3a53efdf14b823385236e896e1321c089bb2b5ace88d1afb45dcaa1dd2e5d,0xdda3b51e29f9d6fad865c5dd7070d5f7eb57663e,0x8d8210a0252a706cb5de0c6f8e46b6d3692afc19,2026-08-15T02:16:00,complex_trace;high_gas_used_context,0xffc3a769,false
25755007,0xe0cbee779b83cfa52f7572a9f941ea5dea59cfcba75bdbf5e1c26cf94a7a8a34,0x4838b106fce9647bdf1e7877bf73ce8b0bad5f97,0xfeeeeee44046c3f61a8cc081e0918ef0de0a7ffc,2026-08-15T02:16:00,selfdestruct_context,0x6a7f5b53,true
25755009,0xb056c0453b9d6b286a08fe9bca2b02f768625e596930604b7886d2b721d72595,0x7830c87c02e56aff27fa8ab1241711331fa86f43,0xa9d1e08c7793af67e9d92fe308d5697fb81d3e43,2026-08-15T02:16:35,dense_internal_fund_flow,0x1a1da075,true
25755009,0x36b9aa6170203f2a100208c62e9d0d29cc3a52189b4ef0bc148cf8eef4ef7a4f,0x09a591f0e4fa0abac08f05bc0916c51ee34c1a1b,0x5cb16a393b9b43c590953b51058edab1bde0f5fa,2026-08-15T02:16:37,dense_internal_fund_flow,0x501d976c,true
25755009,0x4173ecb679d0811b44dfe5c24e9578236bd16fa74ab0e2ff706fd6fe593fbf3e,0x1584a8ee67789d1fe161065388657ad2f2a3c7dd,0x77eb52e44db06777bce478159f25c0d55a295314,2026-08-15T02:16:37,repeated_internal_token_drain;dense_internal_fund_flow;complex_trace;token_activity_burst;repeated_risky_internal_calls,0xa9059cbb,true
25755009,0x59490ff56e61ea43c1613573435172f8addc6bf0f8eb4f809016bcf4f025da02,0x7830c87c02e56aff27fa8ab1241711331fa86f43,0xa9d1e08c7793af67e9d92fe308d5697fb81d3e43,2026-08-15T02:16:37,large_erc20_asset_flow;token_activity_burst,0xca350aa6,true
25755009,0x66dae57ee4908472066d87bb1c0783902d6a1ee667178e85b964b09223f87e3f,0xdda3b51e29f9d6fad865c5dd7070d5f7eb57663e,0x8d8210a0252a706cb5de0c6f8e46b6d3692afc19,2026-08-15T02:16:37,complex_trace;high_gas_used_context,0xffc3a769,false
25755010,0x1287c52209504183f9be7ccc1d584364e68fd1f7ccea1bc081c3653e488cd45d,0xdadb0d80178819f2319190d340ce9a924f783711,0xfeeeeee44046c3f61a8cc081e0918ef0de0a7ffc,2026-08-15T02:16:43,selfdestruct_context,0x6a7f5b77,true
25755010,0x1a39ad0604ca42dddb83d31bdb1fdedda137bf45da0b7a3bbb2858512031b757,0xdadb0d80178819f2319190d340ce9a924f783711,0xfeeeeee44046c3f61a8cc081e0918ef0de0a7ffc,2026-08-15T02:16:43,selfdestruct_context,0x6a7f5b77,true
25755010,0x2a18f5bdddb550bbfff3b24e1e3189e210e4385fc9438afb9f2529cb69f68188,0xd6434d157f254276d69ede3bd9fc805482206908,0x7ec8a30a34b86927dc77b302603d1d53e640bef7,2026-08-15T02:16:43,repeated_internal_token_drain;dense_internal_fund_flow;complex_trace;high_gas_used_context;token_activity_burst;repeated_risky_internal_calls,0xa9059cbb,true
25755010,0x9fc9f2ee4cc891459378ce6532530466318166bdb994290b85864bd68fcd1776,0xdadb0d80178819f2319190d340ce9a924f783711,0xfeeeeee44046c3f61a8cc081e0918ef0de0a7ffc,2026-08-15T02:16:43,selfdestruct_context,0x6a7f5b77,true
25755010,0xf7f7933c92d594e3082d3e4307ee8da4a1d4a2dd6a30fffcb423efca9831455e,0xdadb0d80178819f2319190d340ce9a924f783711,0xfeeeeee44046c3f61a8cc081e0918ef0de0a7ffc,2026-08-15T02:16:43,selfdestruct_context,0x6a7f5b77,true
25755011,0x818dc6bab5da5e99f7ae4be3b91b4367dcdea87af3d5c99b484c422779c87f88,0x70e59f9c304e4d5096bd408b571e2dcd99c3120b,0xad3b67bca8935cb510c8d18bd45f0b94f54a968f,2026-08-15T02:16:58,complex_trace;token_activity_burst;approval_burst,0x146ee74d,false
25755011,0x8da1c7f191b1a46e2dd35bcc65f6ac581f0e8d65cc1ec5eae3309d590de128f4,0xd6434d157f254276d69ede3bd9fc805482206908,0x7ec8a30a34b86927dc77b302603d1d53e640bef7,2026-08-15T02:16:59,repeated_internal_token_drain;dense_internal_fund_flow;complex_trace;high_gas_used_context;token_activity_burst;approval_burst;repeated_risky_internal_calls,0xa9059cbb,true
25755011,0xd869a1898de1ed309473b430ed6762052d6c717b3ca571580bdf502492e9d7ae,0x4838b106fce9647bdf1e7877bf73ce8b0bad5f97,0xfeeeeee44046c3f61a8cc081e0918ef0de0a7ffc,2026-08-15T02:16:59,selfdestruct_context,0x6a7f5b83,true
25755012,0x4464d45f15c1cd9a901ca867e4bfa8bb02b49d77ee87e98e3e94ae5a6f7df1a7,0xfe377d0171ad1617af848ebd20dd59e09af87bd9,0xb62093c8dd041c758b7062f755f4975189f3e0af,2026-08-15T02:17:07,dense_internal_fund_flow;complex_trace,0x0965d04b,true
25755012,0xd07953330c88e66915491436caa6b412278612a2ae745f03da958180f7e7adc6,0xb61b165d336d39bad96642fcf56b4d3d8093070b,0x28b1dc1a5e3699a428bc51d234dfab7c9cb2a183,2026-08-15T02:17:07,complex_trace;high_gas_used_context,0x0c307f76,true
25755012,0xcdddef258bb0a8f63147f5ebd5d1588c53cb7cfc75ae1c1ab1cf8438fad40f42,0x59aab1bd0d26290274398c07b55955c15425e16b,0x00fe78205f5f0e63b8ad2b2ae5337f538a610e04,2026-08-15T02:17:09,complex_trace;high_gas_used_context,0x34fcd5be,false
25755012,0xeb0d69fdd34f4697b6f08e75210bd0d35d805f7261dd5f75f01fd8832114cb49,0x4838b106fce9647bdf1e7877bf73ce8b0bad5f97,0xfeeeeee44046c3f61a8cc081e0918ef0de0a7ffc,2026-08-15T02:17:09,selfdestruct_context,0x6a7f5b8f,true
25755013,0xe25476266ab4c595e5fd98499e247f1bd42bd8e2ca0e6fa07ee176791481f523,0x3135887f360975b341a0ce0b442e9660d5d5e0d5,0x1231deb6f5749ef6ce6943a275a1d3e7486f4eae,2026-08-15T02:17:16,dense_internal_fund_flow;complex_trace,0x736eac0b,true
25755013,0xfc3a42a4b76447eccd819170b2590378356ecd8cba77647dce711d35e9302129,0xd6434d157f254276d69ede3bd9fc805482206908,0x7ec8a30a34b86927dc77b302603d1d53e640bef7,2026-08-15T02:17:16,repeated_internal_token_drain;dense_internal_fund_flow;complex_trace;high_gas_used_context;token_activity_burst;approval_burst;repeated_risky_internal_calls,0xa9059cbb,true
25755013,0x0ba23d0ef923f5ce34220c8bb23aa1bdecb1996433f19b869c5228cd59e159a8,0xdadb0d80178819f2319190d340ce9a924f783711,0xfeeeeee44046c3f61a8cc081e0918ef0de0a7ffc,2026-08-15T02:17:18,selfdestruct_context,0x6a7f5b9b,true
25755013,0x3d81acfede3eed21926d65893c595c511aa7d0c1560ef6be2b490874731197f9,0xdadb0d80178819f2319190d340ce9a924f783711,0xfeeeeee44046c3f61a8cc081e0918ef0de0a7ffc,2026-08-15T02:17:18,selfdestruct_context,0x6a7f5b9b,true
25755013,0x480d2f472e963241e2664aa1bc8793fc2834f7ac2d394fc690f4bd3c25de1cca,0xdadb0d80178819f2319190d340ce9a924f783711,0xfeeeeee44046c3f61a8cc081e0918ef0de0a7ffc,2026-08-15T02:17:18,selfdestruct_context,0x6a7f5b9b,true
25755014,0x55bf90a9dca9d5884d765dd81a66d832e97a0ed500f09f9565eca5f828c657dd,0x754dcfb2861547015b221e963b4133a71dbdc024,0x3e07be15370d8b12d80a159a7ef14b9e51869497,2026-08-15T02:17:23,dense_internal_fund_flow;complex_trace,0x21af54c6,true
25755014,0x9b328d5e0b9cce4426415c203c657da476ae7a5bfc327f9cb584a582e303a674,0x7830c87c02e56aff27fa8ab1241711331fa86f43,0xa9d1e08c7793af67e9d92fe308d5697fb81d3e43,2026-08-15T02:17:23,large_erc20_asset_flow;token_activity_burst,0xca350aa6,true
25755014,0x2f98be49de53f58a85a066b283ee7630e574ff510e3922daafe4907a60bb6ced,0x59aab1bd0d26290274398c07b55955c15425e16b,0x00fe78205f5f0e63b8ad2b2ae5337f538a610e04,2026-08-15T02:17:24,complex_trace;high_gas_used_context,0x34fcd5be,false
25755014,0x58f0b8111e2dd5510f2ee2a7de98c25c0ce2b10d530d46f14b848002b2c5e77e,0x48f07c16cbd5f12939e1ab24b8a23d161d6c3596,0x0000000071727de22e5e9d8baf0edac6f37da032,2026-08-15T02:17:24,complex_trace;high_gas_used_context;token_activity_burst,0x765e827f,false
25755014,0xd16a5a0401468b933ad4e83fbcf0f63cb6c8975e23c96b860975de62134a04ad,0x4838b106fce9647bdf1e7877bf73ce8b0bad5f97,0xfeeeeee44046c3f61a8cc081e0918ef0de0a7ffc,2026-08-15T02:17:24,selfdestruct_context,0x6a7f5ba7,true
25755014,0xd40823ffb38905f85fbc0e6eba8b3c01ccf026249fba26a01dcbe0adcd3136be,0xd6434d157f254276d69ede3bd9fc805482206908,0x7ec8a30a34b86927dc77b302603d1d53e640bef7,2026-08-15T02:17:24,repeated_internal_token_drain;dense_internal_fund_flow;complex_trace;high_gas_used_context;token_activity_burst;repeated_risky_internal_calls,0xa9059cbb,true
25755015,0x24a49a643611da7e7cc8f05d300829fa5b7f71810cebfcec02441888b6bd18f8,0x4838b106fce9647bdf1e7877bf73ce8b0bad5f97,0xfeeeeee44046c3f61a8cc081e0918ef0de0a7ffc,2026-08-15T02:17:33,selfdestruct_context,0x6a7f5bb3,true
25755015,0x88d8360c09a4e07d76fb5621de6e27da4196607eacc51c1d1594f2bcd52dce1a,0x4838b106fce9647bdf1e7877bf73ce8b0bad5f97,0xfeeeeee44046c3f61a8cc081e0918ef0de0a7ffc,2026-08-15T02:17:34,selfdestruct_context,0x6a7f5bb3,true
25755015,0xf86837694bfc237a838fca5bde3dab22d47c4401310f4f504c5f8e7a194a83f1,0x09cfee647fa339133380191c8db6b44f24500c9d,0x77b85afbcd336993ac1c65057531c5a5b33b76b8,2026-08-15T02:17:34,repeated_internal_token_drain;dense_internal_fund_flow;complex_trace;high_gas_used_context;token_activity_burst;repeated_risky_internal_calls,0xa9059cbb,true
25755015,0xfd4eba4562c26afe4f0e4b1d6741e86d25caea66f3d2a511b179b66579a9dc1f,0x59aab1bd0d26290274398c07b55955c15425e16b,0x00fe78205f5f0e63b8ad2b2ae5337f538a610e04,2026-08-15T02:17:34,complex_trace;high_gas_used_context,0x34fcd5be,false
25755016,0x027fa5b7e63bd8a2cfb6a4107db637f14a71d4ecedc7ee6b33c9b2868d4603fe,0x6dad0e8941b6f83d6a86e4a6072174788410b37c,0xc88fd3c032406f64c70a6c1aac9831602362ee04,2026-08-15T02:17:45,complex_trace;high_gas_used_context;token_activity_burst,0x1fa32640,false
25755016,0x1b95e8663eec9828df9666707b5a35729bb67eaf49854c82aa275119fa3a1124,0x104f0b40604b72a5ed967c13e64379093076bbb0,0x7a250d5630b4cf539739df2c5dacb4c659f2488d,2026-08-15T02:17:45,dense_internal_fund_flow,0x791ac947,true
25755016,0x24cca0351893e42b13d4c3e24bba159cd29027b0fefa8617ef2f5d0f1fa19d3d,0xdadb0d80178819f2319190d340ce9a924f783711,0xfeeeeee44046c3f61a8cc081e0918ef0de0a7ffc,2026-08-15T02:17:45,selfdestruct_context,0x6a7f5bbf,true
25755016,0x2ddc6376407ed36bfd61910ded9cc6716a041819cf70395b9a907038a5eb15b5,0x8014d206e8a6b9aaf91100f86da1f35babe6f819,0xbc1d9760bd6ca468ca9fb5ff2cfbeac35d86c973,2026-08-15T02:17:45,dense_internal_fund_flow;complex_trace;high_gas_used_context;token_activity_burst,0xd984396a,true
25755016,0x4d7d967416b6778bd7fdd4f88945a8d11fb6e05655ae3351cf91a95e5f9a8845,0xe99bd1c2dd70cd58e5efd47887991700e7318ce2,0xad3b67bca8935cb510c8d18bd45f0b94f54a968f,2026-08-15T02:17:45,complex_trace;token_activity_burst;approval_burst,0x146ee74d,false
25755016,0xa413fdc6913ce4ee5ef8cc56d4415d2d599789c06d7137af899a1d38112092b6,0xdadb0d80178819f2319190d340ce9a924f783711,0xfeeeeee44046c3f61a8cc081e0918ef0de0a7ffc,2026-08-15T02:17:45,selfdestruct_context,0x6a7f5bbf,true
25755016,0xb96641bdf7ed980a3c3bdbd36bb31d2f4b969b6401823069e6696a4ae9853270,0x346d25338f3cbd5a102011ca33a47d26b9400b90,0xacddac6c77318b615f7f6fb9bb67c6833e9c05f1,2026-08-15T02:17:45,large_erc20_asset_flow;complex_trace,0x571d3dc7,true
25755016,0xfb963f4b36d01691f2e4def2a983a2b5955e95fda31a3ed06869be31fde20c81,0xd6434d157f254276d69ede3bd9fc805482206908,0x7ec8a30a34b86927dc77b302603d1d53e640bef7,2026-08-15T02:17:45,repeated_internal_token_drain;dense_internal_fund_flow;complex_trace;high_gas_used_context;token_activity_burst;repeated_risky_internal_calls,0xa9059cbb,true
25755017,0x8231fb1dafb7547c5399488bd24a3fe49c02e144f2d34a4265298a243d75e96b,0x7b49bc3ebbdf7322f31c6449320382bbec3be1b6,0xad3b67bca8935cb510c8d18bd45f0b94f54a968f,2026-08-15T02:17:55,complex_trace;high_gas_used_context;token_activity_burst;approval_burst,0x146ee74d,false
25755017,0xd56f19176c1285efaa29b92c0eb57e6a30e5fd5c615605bf14e0971a903eadd1,0x79cce126256a64b5417008c0143cc23e3ddea69b,0x50461744cb3dea4d678be82b8f1b9cead383065d,2026-08-15T02:17:55,large_mint_to_sender;complex_trace,0x6e553f65,true
25755017,0x4d85bd98ee2765ca8c06840fe800f5bc302e44b14b014cae85aa263f694e943a,0x161643f280b09be8e0271eef8efc6c264d125003,0x6eb53247e1e278e4893bce9f3e060977bb000f64,2026-08-15T02:17:59,dense_internal_fund_flow;token_activity_burst,0xa9059cbb,true
25755017,0x72b521923a3ac8735ebc75a8dabfa75fd91f7aa8babbdf193a3aae1aab606cff,0x9fc3da866e7df3a1c57ade1a97c9f00a70f010c8,0xfeeeeee44046c3f61a8cc081e0918ef0de0a7ffc,2026-08-15T02:17:59,selfdestruct_context,0x6a7f5bcb,true
25755017,0xb158c88e0b8d7cb0eb7f1671df4ff43c772cac70da7a2cffd16c91cf65df9a9e,0x5c096ef846447cb935c5d247e4ab2a867ecc33a9,0x00000f91109c4d0007e90000d9facad5298a0cac,2026-08-15T02:17:59,complex_trace;high_gas_used_context;token_activity_burst,0x00000000,false
25755017,0xcfab5305b0b22afb1112aff4fd1c2b89a58320ae4ac80a478e61b2560803dacd,0x1584a8ee67789d1fe161065388657ad2f2a3c7dd,0x77eb52e44db06777bce478159f25c0d55a295314,2026-08-15T02:17:59,repeated_internal_token_drain;dense_internal_fund_flow;complex_trace;high_gas_used_context;token_activity_burst;repeated_risky_internal_calls,0xa9059cbb,true
25755018,0x332d8240bb9c3cf07c3a8f7bcbbcb52a87f00bcc56bf5f328031437b5b91b6c4,0x4838b106fce9647bdf1e7877bf73ce8b0bad5f97,0xfeeeeee44046c3f61a8cc081e0918ef0de0a7ffc,2026-08-15T02:18:13,selfdestruct_context,0x6a7f5bd7,true
25755018,0x43c6315696b92cef89461d63ed482dddd0efe2a153597c8c92b06f60c348e846,0x1b1b3b03c20bce2f4777b505058277513bc8cc21,0x04b57729e21a1a8c8b787013d1dbd81e4001163c,2026-08-15T02:18:13,large_erc20_asset_flow;complex_trace,0xc7c7f5b3,true
25755018,0x7c2b2d10678d372fa04b6873cda60173b9f8024eaa34b864b9b21f7abce8abab,0xfe377d0171ad1617af848ebd20dd59e09af87bd9,0xb62093c8dd041c758b7062f755f4975189f3e0af,2026-08-15T02:18:13,dense_internal_fund_flow;complex_trace,0x0965d04b,true
25755018,0x8f983a5d216d8e5ad381f0aa388e09978dbf98a44398f4e00b1349985c286134,0xd6434d157f254276d69ede3bd9fc805482206908,0x7ec8a30a34b86927dc77b302603d1d53e640bef7,2026-08-15T02:18:14,repeated_internal_token_drain;dense_internal_fund_flow;complex_trace;high_gas_used_context;token_activity_burst;repeated_risky_internal_calls,0xa9059cbb,true
25755018,0xa8a5ffe55c81e9a4683d9a7283a7d7495381d585e49d29beb9b2387898d0d602,0x4838b106fce9647bdf1e7877bf73ce8b0bad5f97,0xfeeeeee44046c3f61a8cc081e0918ef0de0a7ffc,2026-08-15T02:18:14,selfdestruct_context,0x6a7f5bd7,true
25755020,0x00dbae42690b13033b134e10bcbfb894851082c4fc9ebf5dc5f70a7e5a9aa73c,0xd6434d157f254276d69ede3bd9fc805482206908,0x7ec8a30a34b86927dc77b302603d1d53e640bef7,2026-08-15T02:18:31,repeated_internal_token_drain;dense_internal_fund_flow;complex_trace;high_gas_used_context;token_activity_burst;repeated_risky_internal_calls,0xa9059cbb,true
25755020,0x1f05e956c6c4bca77be5e2f03abece1e9d4163d26256ef0b9951bee0ba6c660b,0x5b43453fce04b92e190f391a83136bfbecedefd1,0xbdb3ba9ffe392549e1f8658dd2630c141fdf47b6,2026-08-15T02:18:31,dense_internal_fund_flow;complex_trace,0x000000c3,true
25755020,0x369710d34d6cbc3fd6e1fedd61b3ef4c92ac6db5d61cbe8d5dc7cee1ae62e382,0xe99bd1c2dd70cd58e5efd47887991700e7318ce2,0xad3b67bca8935cb510c8d18bd45f0b94f54a968f,2026-08-15T02:18:32,complex_trace;token_activity_burst;approval_burst,0x146ee74d,false
25755020,0x4d74abff3907f53512dfd6cc69f13dcd737d7e71a1c52a06b90c81be48437363,0x21ecbeaf3170787ef3421c5c259a0e5f481d0c88,0x97caca78ac2a94c67643d07843f85afaa44a3ea5,2026-08-15T02:18:32,dense_internal_fund_flow;complex_trace,0xc02409ba,true
25755020,0x64137c4bbdc4de81f7c70904fee240f30c86db91fc64ef2b5f11719112e23f3e,0xb61b165d336d39bad96642fcf56b4d3d8093070b,0x28b1dc1a5e3699a428bc51d234dfab7c9cb2a183,2026-08-15T02:18:32,dense_internal_fund_flow;complex_trace,0x0c307f76,true
25755020,0xea675205435d718097b9c519c2ae06563d2f5460cfd0e76ea751fb56c9ec6df4,0xdda3b51e29f9d6fad865c5dd7070d5f7eb57663e,0x8d8210a0252a706cb5de0c6f8e46b6d3692afc19,2026-08-15T02:18:32,complex_trace;high_gas_used_context,0xffc3a769,false
25755020,0x1a1e6fdffda330fcf6521cc4b11f6478c5bde89a4489bc975a850d364a9016f3,0x3cfdc212769c890907bce93d3d8c2c53de6a7a89,0x0000000071727de22e5e9d8baf0edac6f37da032,2026-08-15T02:18:33,privileged_execution_context;complex_trace,0x765e827f,false
25755020,0x5fefeb2028c283da427e6a087b2339413e56ed8601346e7dc9d71cbfa9e97fd2,0x4838b106fce9647bdf1e7877bf73ce8b0bad5f97,0xfeeeeee44046c3f61a8cc081e0918ef0de0a7ffc,2026-08-15T02:18:33,selfdestruct_context,0x6a7f5bef,true
25755021,0x8e00cbb6e865ad4647f59637dfe7be4b53118f0441394a688932c9f1d128116e,0xc0ffeebabe5d496b2dde509f9fa189c25cf29671,0xe08d97e151473a848c3d9ca3f323cb720472d015,2026-08-15T02:18:42,complex_trace;high_gas_used_context;token_activity_burst,0x1d23a9c4,false
25755021,0xd7e8fb47d9173a0df8d85beb74ecd35734df34867a49dfc70b2cc283f6657b97,0xc0ffeebabe5d496b2dde509f9fa189c25cf29671,0xe08d97e151473a848c3d9ca3f323cb720472d015,2026-08-15T02:18:42,complex_trace;high_gas_used_context;token_activity_burst,0x1d23a9c4,false
25755021,0xcf428213b6dc82c9c1c2775df12919d518cef8b842d6679c8c597e201042272e,0x283132390ea87d6ecc20255b59ba94329ee17961,0x604e586f17ce106b64185a7a0d2c1da5bace711e,2026-08-15T02:18:44,complex_trace;high_gas_used_context,0x22bee494,false
25755021,0xdcfc29f01a8f43710436bcdad9db8556b43c5e53b7460e6b7e304b82f1a8380f,0x6c42a0b5d13059fa36d5567ab04f83bab57bbf0e,0xfeeeeee44046c3f61a8cc081e0918ef0de0a7ffc,2026-08-15T02:18:44,selfdestruct_context,0x6a7f5bfb,true
25755022,0x5ee9c03653322065f0b13f4a960eae900a0ad06e045b6e215c6ca0598a236539,0x2946edd9ae8c05af023a089eb67ba0086ed03d19,0x78ace9b2ee9a31737fad748015266a59f32dc79a,2026-08-15T02:18:59,dense_internal_fund_flow;complex_trace;high_gas_used_context;token_activity_burst,0x9265bb9d,true
25755022,0x3b06ad0e0c773d1a92a16db3228a34940e54e78092febd3eec84dceb9b37f441,0x7b49bc3ebbdf7322f31c6449320382bbec3be1b6,0xad3b67bca8935cb510c8d18bd45f0b94f54a968f,2026-08-15T02:19:00,complex_trace;high_gas_used_context;token_activity_burst;approval_burst,0x146ee74d,false
25755022,0x6128e45e9992b072e1f905a945ced12817dcf269d0b01c9fb1c493d88f78f391,0x4838b106fce9647bdf1e7877bf73ce8b0bad5f97,0xfeeeeee44046c3f61a8cc081e0918ef0de0a7ffc,2026-08-15T02:19:00,selfdestruct_context,0x6a7f5c07,true
25755022,0x7c0eed6e8ef2698100990499e263b569b2b633d659759878fbb199455201b787,0x56c262027e0de4aea31d2489529cb25d23e58a8b,0xccc88a9d1b4ed6b0eaba998850414b24f1c315be,2026-08-15T02:19:00,dense_internal_fund_flow;complex_trace;high_gas_used_context,0x0a2b8f36,true
25755022,0x66f6ee2e8caa1d7878ff9a6185354b51e82c396eb34ab788d736bc9150e29dd6,0xe71cdb6ece4f1bce002d9fa7ba8ba1ccd9a078a3,0x28b1dc1a5e3699a428bc51d234dfab7c9cb2a183,2026-08-15T02:19:01,complex_trace;high_gas_used_context,0x0c307f76,true
25755022,0xc486709cbcd4f23b9d5f17767265fc935d4314f7175bd790bf1e90fc85557ed5,0x4838b106fce9647bdf1e7877bf73ce8b0bad5f97,0xfeeeeee44046c3f61a8cc081e0918ef0de0a7ffc,2026-08-15T02:19:01,selfdestruct_context,0x6a7f5c07,true
25755023,0x8806a1dd0a912a725175d5732c2677dba5548387bc3a521657f5b5cd1ff45f3f,0x433700890211c1c776c391d414cffd38efdd1811,0x4337084d9e255ff0702461cf8895ce9e3b5ff108,2026-08-15T02:19:20,dense_internal_fund_flow;complex_trace;high_gas_used_context;token_activity_burst,0x765e827f,true
25755023,0x9cf2b132d32cdc7166face9f3db5528ef653942b74c40ca76fe217c903687558,0xd6434d157f254276d69ede3bd9fc805482206908,0x7ec8a30a34b86927dc77b302603d1d53e640bef7,2026-08-15T02:19:20,repeated_internal_token_drain;dense_internal_fund_flow;complex_trace;high_gas_used_context;token_activity_burst;repeated_risky_internal_calls,0xa9059cbb,true
25755024,0x012b11a5a4d6fe0b05f3feba8d6d0b60c7bba64662899b4e328d577cd3920285,0x7830c87c02e56aff27fa8ab1241711331fa86f43,0xa9d1e08c7793af67e9d92fe308d5697fb81d3e43,2026-08-15T02:19:56,dense_internal_fund_flow,0x1a1da075,true
25755024,0x0f4cf73e80991552af49005a25b1eb9ccc4119a46ade1f71ab42010702b76cfb,0x66279c02405bcfccc27dfbfc4978721620d9ea3d,0x4313c378cc91ea583c91387b9216e2c03096b27f,2026-08-15T02:19:56,dense_internal_fund_flow;complex_trace,0xeffbec13,true
25755024,0x7ef44eafc146b48c51e9e6fe7cc4268f29872b90891dcd160d98d222e3bfa227,0x2ec8d402f6bbd77cd2bc415b99c4d39004b507af,0x6131b5fae19ea4f9d964eac0408e4408b66337b5,2026-08-15T02:19:57,large_erc20_asset_flow;complex_trace,0xe21fd0e9,true
25755024,0xaacb65abcdb5ea67bd0b29fc2e8301a38fd5eafe9070de534273b7c9b0913e7d,0xbc9264e8f7b460b9453afd6ffcbc3ef615515f01,0x00b19a5200a100e5fc4c9800772f4d002f218400,2026-08-15T02:19:57,privileged_execution_context,0x7e734c5a,false
25755025,0x1f44236b056b727d489ad9a7526365e1fc5b5dce4aa4372214b18d1478c92014,0x1584a8ee67789d1fe161065388657ad2f2a3c7dd,0x77eb52e44db06777bce478159f25c0d55a295314,2026-08-15T02:20:03,repeated_internal_token_drain;dense_internal_fund_flow;complex_trace;token_activity_burst;repeated_risky_internal_calls,0xa9059cbb,true
25755025,0x5bfdd1de67e68f9128c54d3ffab8f1728ae73c734367db64adc184d7b66884bd,0x4838b106fce9647bdf1e7877bf73ce8b0bad5f97,0xfeeeeee44046c3f61a8cc081e0918ef0de0a7ffc,2026-08-15T02:20:03,selfdestruct_context,0x6a7f5c2b,true
25755025,0x5f37650b10744734ac50f861c34a05763b082ac06d0446949c7118702583ab51,0x4337003fcd2f56de3977ccb806383e9161628d0e,0x4337084d9e255ff0702461cf8895ce9e3b5ff108,2026-08-15T02:20:03,complex_trace;approval_burst,0x765e827f,false
25755025,0xb1dac00f6de71b2a1e0182144f012149c5e942287c38d42e236c5b412e8b63f3,0xc6acbee42e9e323140c1ed060c2f6ea9cc3b4b75,0x7c5a71c9fefbc7691f9d4ac7baf70c743792f716,2026-08-15T02:20:03,selfdestruct_context,0xf3fef3a3,false
25755025,0xc5b01d1c93349815a1621cb2df080c53ad1f8dea295b6ffc64ad95571b3be34e,0x0541abace6a2cb0cf52a396b9e00b5e582e58449,0x663dc15d3c1ac63ff12e45ab68fea3f0a883c251,2026-08-15T02:20:03,dense_internal_fund_flow;complex_trace;high_gas_used_context;token_activity_burst,0x4d8160ba,true
25755026,0x3e9f1caeb4023b66e50d76991a4f5458e10ff3f3397490959a4fbdf856e9fb66,0x59aab1bd0d26290274398c07b55955c15425e16b,0x00fe78205f5f0e63b8ad2b2ae5337f538a610e04,2026-08-15T02:20:07,complex_trace;high_gas_used_context,0x34fcd5be,false
25755027,0xc792fe72e28e5559804b2eacb9d996655a0a86ddf9dc3d6e473544c4cc015c5e,0x6b0f970d35c865863c87a97b01c8f5595a1a20b0,0x28d492ee34442edf86365fe0b0dbd09f928c1458,2026-08-15T02:20:13,complex_trace;high_gas_used_context;token_activity_burst,0x601881f3,false
25755027,0x0cec1d4cc85a2bc5007c907ab8af5c98d35ecab3f76137c401c465fbe456117e,0xe469ee44d92bb173b7edc576ebb09da55dbfe32e,0x5ff137d4b0fdcd49dca30c7cf57e578a026d2789,2026-08-15T02:20:14,complex_trace;high_gas_used_context,0x1fad948c,false
25755027,0x2f664b8c5136e9a88fd804b4c00fdc34b633d067262bde5cc63f5848642a302c,0x59aab1bd0d26290274398c07b55955c15425e16b,0x00fe78205f5f0e63b8ad2b2ae5337f538a610e04,2026-08-15T02:20:14,complex_trace;high_gas_used_context,0x34fcd5be,false
25755027,0x857f786e79a4c81b0a044d0c715ca42ced8a88c930218372c1b77203f972c420,0x9fb7f6ee45fc9955c33021a2a189019a33f52f91,0x0000000000000068f116a894984e2db1123eb395,2026-08-15T02:20:14,complex_trace;high_gas_used_context,0x87201b41,false
25755027,0xeb55e550942c6c3d605c3b30e9c94128fe8c4139cd76fae32d3e88bfdba0570a,0x347c26de1daedd8417919bbe133566b93feab19e,0xca11bde05977b3631167028862be2a173976ca11,2026-08-15T02:20:14,complex_trace;high_gas_used_context,0x174dea71,false
25755027,0x21e5a6715ad6b772d3e3acbb52b3e7562d50fe0ee70c72bad6142e656516507e,0xdadb0d80178819f2319190d340ce9a924f783711,0xfeeeeee44046c3f61a8cc081e0918ef0de0a7ffc,2026-08-15T02:20:15,selfdestruct_context,0x6a7f5c43,true
25755027,0x250881e6367dcc4937fcddbefbcd1e4cbd1ece0693cf7e50375a8c6181f929b1,0xdadb0d80178819f2319190d340ce9a924f783711,0xfeeeeee44046c3f61a8cc081e0918ef0de0a7ffc,2026-08-15T02:20:15,selfdestruct_context,0x6a7f5c43,true
25755027,0x54f5440d096abccac3a0dbcea229ee6df204ab7ac7f113041e06055bf618de18,0xdadb0d80178819f2319190d340ce9a924f783711,0xfeeeeee44046c3f61a8cc081e0918ef0de0a7ffc,2026-08-15T02:20:15,selfdestruct_context,0x6a7f5c43,true
25755029,0x04760293a5ac90a9b4ce181d93fbe6b5480ba33a888c5f57169dafd444bc8196,0xde992badd92adaf9146255e9bde6a70770973664,0x3d0f22bf11636cc9cb129e2b261eed35a487455c,2026-08-15T02:20:30,complex_trace;high_gas_used_context,0xa9059cbb,false
25755029,0x19a9e29916ae47f2238107f8cbce77f980896543952d72142eef92105c3658b0,0xdb39f11c909bfa976fdc27538152c1a0e4f0fcca,0x6131b5fae19ea4f9d964eac0408e4408b66337b5,2026-08-15T02:20:30,dense_internal_fund_flow;complex_trace,0xe21fd0e9,true
25755029,0x1a21d18369e80aef49ff733553191a7c2b3ad53920089f105a42f5916187a45a,0x7830c87c02e56aff27fa8ab1241711331fa86f43,0xa9d1e08c7793af67e9d92fe308d5697fb81d3e43,2026-08-15T02:20:30,dense_internal_fund_flow,0x1a1da075,true
25755029,0x290b93a22ae999dea632c304480ce09a889fad141ab6fe7b0546c606b035ce6a,0xde7a849216aa3884d53d84ecb02c19eb67e5dae2,0x7d9f4ca54131e588fc1fe577973b55fb11231e76,2026-08-15T02:20:30,repeated_internal_token_drain;dense_internal_fund_flow;complex_trace;high_gas_used_context;token_activity_burst;repeated_risky_internal_calls,0x6aac3a0b,true
25755029,0x4ad4146a67ae6adb8844161df506979b9ac68a207174312419dfc2182d1a796d,0x7830c87c02e56aff27fa8ab1241711331fa86f43,0xa9d1e08c7793af67e9d92fe308d5697fb81d3e43,2026-08-15T02:20:30,large_erc20_asset_flow;token_activity_burst,0xca350aa6,true
25755029,0x7478c319c9a1a8ecb5a6b657ea2b5200606f3e7f2cb51511489f8be6a0e082a0,0xe99bd1c2dd70cd58e5efd47887991700e7318ce2,0xad3b67bca8935cb510c8d18bd45f0b94f54a968f,2026-08-15T02:20:30,complex_trace;high_gas_used_context;token_activity_burst;approval_burst,0x146ee74d,false
25755029,0xc8786e97339604c82aa2d7ca5846b24f2020f270c8fc364287feba8f0739a057,0x4838b106fce9647bdf1e7877bf73ce8b0bad5f97,0xfeeeeee44046c3f61a8cc081e0918ef0de0a7ffc,2026-08-15T02:20:30,selfdestruct_context,0x6a7f5c5b,true
25755029,0x26ba633a25e13d1a56e49f878a7a3d2927a4c6e576f2b21ac99c87a641010dc6,0x5e0f299f8b371b439deaac30069981f757914567,0x003ec233e6d3ff289d195f05e38f654afb5f4c11,2026-08-15T02:20:31,complex_trace;high_gas_used_context,0x6a761202,false
25755029,0x3457b27c0e3f83a1d114afcc06c7ac0ae897a96a3396f48a70f2c3a59a23d61e,0xdda3b51e29f9d6fad865c5dd7070d5f7eb57663e,0x8d8210a0252a706cb5de0c6f8e46b6d3692afc19,2026-08-15T02:20:31,complex_trace;high_gas_used_context,0xffc3a769,false
25755029,0x91c31274c85ca9bf1a4a18a0dda2358fa3f42b8722fe59a055bb742e8e56e88e,0x5a4fc9dd7b390a0f9b2909a0c34ce55cedc42377,0xa308597678d831e3645d2ce9fb8d9bd924b0e754,2026-08-15T02:20:31,dense_internal_fund_flow;high_gas_used_context;token_activity_burst,0x983bc41b,true
25755029,0xeeb8119020703c19873c91d47814dd038813e83d88c909f1f10208c1bb90df90,0x1584a8ee67789d1fe161065388657ad2f2a3c7dd,0x77eb52e44db06777bce478159f25c0d55a295314,2026-08-15T02:20:31,repeated_internal_token_drain;dense_internal_fund_flow;complex_trace;high_gas_used_context;token_activity_burst;repeated_risky_internal_calls,0xa9059cbb,true
25755029,0xf280f46905e3d2f8360bd491034987dccd6613b1e8d8ced6989dfd4e56204319,0x4838b106fce9647bdf1e7877bf73ce8b0bad5f97,0xfeeeeee44046c3f61a8cc081e0918ef0de0a7ffc,2026-08-15T02:20:31,selfdestruct_context,0x6a7f5c5b,true
25755030,0x4977d7e2ed822c6757493241afea68482a4ee8068bc9301c83e18126cc2c66bf,0x2b3fed49557bd88f78b898684f82fbb355305dbb,0x09c30cdcdd971423cb3ba757a47d56c35d06d818,2026-08-15T02:20:42,dense_internal_fund_flow,0x318adb8b,true
25755030,0x5a8646944f13097adecffd0c8f4658fe61688c4690d233e2deac866ee8b73d35,0xbe0b407782a7599380fa726db315340126d62229,0x4d2fb5f8ec243fde4df1a9678b82238570c7e0e4,2026-08-15T02:20:42,repeated_internal_token_drain;dense_internal_fund_flow;complex_trace;high_gas_used_context;token_activity_burst;repeated_risky_internal_calls,0x6a761202,true
25755031,0x745ed11a36df949554e9765d0f3132dc91bb231b977514c9e5c078c9f4e533ff,0x4838b106fce9647bdf1e7877bf73ce8b0bad5f97,0xfeeeeee44046c3f61a8cc081e0918ef0de0a7ffc,2026-08-15T02:20:59,selfdestruct_context,0x6a7f5c73,true
25755031,0x03161acec704737738a3abadd37665093f75726baf322bf86d11df9ab724601d,0x50bf934781f63028c5c8ef49c4affe19a86d99b6,0x8d04cc7e86e687854eb41d9d43512b655b93184b,2026-08-15T02:21:00,selfdestruct_context,0xb5291b32,false
25755031,0x1d4c84389bfee31fef5736b0d8cb83db7e960dab70c2e41b9b438fa02b0a1734,0xfeed46c11f57b7126a773eec6ae9ca7ae1c03c9a,0xaad84c80b013c34d70e54fb343d0c2f309f635e7,2026-08-15T02:21:00,complex_trace;high_gas_used_context,0x2f5066dd,false
25755031,0x68c1fd6c87d7eb12e9251b0486c2b283e3f595b5ea15b21123f31771ca8d6dab,0x0dc6672a7edcc724310e5707c2094d70a6993eaf,0x1921e0ff550c09066edd4df05d304151c45e77de,2026-08-15T02:21:00,dense_internal_fund_flow;complex_trace,0x13d79a0b,true
25755031,0xad2baabc379647507c0eaf8f93a61bc046c8cc6ebfa5f617703f10284c35409b,0xdda3b51e29f9d6fad865c5dd7070d5f7eb57663e,0x8d8210a0252a706cb5de0c6f8e46b6d3692afc19,2026-08-15T02:21:00,complex_trace;high_gas_used_context,0xffc3a769,false
25755031,0x2812ff85dea55bc425b41808ad66a408a3ad9c1c27fb7375b0e57b6bd67cf86c,0x4838b106fce9647bdf1e7877bf73ce8b0bad5f97,0xfeeeeee44046c3f61a8cc081e0918ef0de0a7ffc,2026-08-15T02:21:01,selfdestruct_context,0x6a7f5c73,true
25755031,0x457e4de4bd6ac7d46d4fb11264d459afb6c591cff1945cc47882ee060f702192,0xfcbe7b6da18a08a86ab1beb68c7372a60ab4e331,0xb276f62db0ce8ca2ca5bc522695be604521eac1c,2026-08-15T02:21:01,dense_internal_fund_flow;high_gas_used_context,0xb840cf36,true
25755031,0x6773429f7f7ab1f586ef5b6678570df1b55b25b6b61a43904b7c2b01eaaa2700,0x70c69520eb6595d102bfd8aed8fc58428489c4e4,0x04b57729e21a1a8c8b787013d1dbd81e4001163c,2026-08-15T02:21:01,large_erc20_asset_flow;complex_trace,0xc7c7f5b3,true
25755031,0x78ac599c90d23da6fab66ddc8fbfef783619193de2a29afae63d190ce4a15a2e,0x09cfee647fa339133380191c8db6b44f24500c9d,0x77b85afbcd336993ac1c65057531c5a5b33b76b8,2026-08-15T02:21:01,repeated_internal_token_drain;dense_internal_fund_flow;complex_trace;high_gas_used_context;token_activity_burst;repeated_risky_internal_calls,0xa9059cbb,true
25755032,0xf75ecb0a35da629a700240f16278421a7c5b5ed1ec26a2baf6e6d2bb8f76369b,0xeeb4b4c94c3f8c5f6a4294dc55dbf6f0fa583a42,,2026-08-15T02:21:17,dense_internal_fund_flow;privileged_execution_context;high_gas_used_context;contract_creation_context,0x60078054,true
25755032,0x8d491b7d6768ddaddb2ac82988637c34edf88a39eb7635453454d16efd21610c,0xeeb4b4c94c3f8c5f6a4294dc55dbf6f0fa583a42,0x2281a32f34f9352a64cddba4e15e11a9ef147130,2026-08-15T02:21:18,privileged_execution_context,0x715018a6,false
25755032,0x8f90868798473cd02e2fae0f58ffcf1655e6d0778186fb61306bcc76c21ec154,0x91437f708622386bb6c73d75a961dbc75c23cbcc,0x69460570c93f9de5e2edbc3052bf10125f0ca22d,2026-08-15T02:21:18,dense_internal_fund_flow;complex_trace,0xb25b1c31,true
25755032,0xbb916e8b2540798e38c613de00e39dc60edc840c8d7499372312d423c22e82ec,0xeeb4b4c94c3f8c5f6a4294dc55dbf6f0fa583a42,0x2281a32f34f9352a64cddba4e15e11a9ef147130,2026-08-15T02:21:18,dense_internal_fund_flow,0x8a8c523c,true
25755032,0x5cc0745ebb3b36cb2c4096d447b43d09a90b83cad91290c58fd23606737cc59c,0x826ea3092ec6287577c9d226354261300be9ecc2,0xee030ec6f4307411607e55acd08e628ae6655b86,2026-08-15T02:21:19,dense_internal_fund_flow;complex_trace,0x6e1537da,true
25755032,0x65e18288d04b94fefe81928712934ec8b70dd72ba79c7988da8a3ea03939e28e,0xd236cbcf5125e08bb09f6d81a306235cadf3b8ad,0xdb9b1e94b5b69df7e401ddbede43491141047db3,2026-08-15T02:21:20,large_erc20_asset_flow;complex_trace;high_gas_used_context,0xcef6d209,true
25755033,0xb1c70a7d5fe74bcece610f41b697d92d3f0b81a9ba890b46578b024ceeb9ee32,0xae2fc483527b8ef99eb5d9b44875f005ba1fae13,0x1f2f10d1c40777ae1da742455c65828ff36df387,2026-08-15T02:21:27,dense_internal_fund_flow;complex_trace;high_gas_used_context,0x2bd0a0b8,true
25755033,0xdd7b576b5ca17e213b1faa5c2a29ddf5b2768ccb953b8c3a467829f3da54e433,0x0e14a3e9af1afdfc60554e3e2a40c8284d647093,0x28b1dc1a5e3699a428bc51d234dfab7c9cb2a183,2026-08-15T02:21:27,complex_trace;high_gas_used_context,0x0c307f76,false
25755033,0xe506cb4ace3632473338c051cae22845c92fea4b769865ef7696df9de0f06960,0x971ca6c5956d219cc64d7eec1c883e4c685f68ba,0xd152f549545093347a162dce210e7293f1452150,2026-08-15T02:21:27,dense_internal_fund_flow,0xe63d38ed,true
25755033,0x4dbf1e034f3493067c661f97bfe7babcce7b77049b0231ea89deb019e3262825,0x1584a8ee67789d1fe161065388657ad2f2a3c7dd,0x77eb52e44db06777bce478159f25c0d55a295314,2026-08-15T02:21:28,repeated_internal_token_drain;dense_internal_fund_flow;complex_trace;token_activity_burst;repeated_risky_internal_calls,0xa9059cbb,true
25755033,0x8175b8fb212a97f1b01c8a5ab03300ec1f1947223147480113600c6dfd0c1350,0x4838b106fce9647bdf1e7877bf73ce8b0bad5f97,0xfeeeeee44046c3f61a8cc081e0918ef0de0a7ffc,2026-08-15T02:21:28,selfdestruct_context,0x6a7f5c8b,true
25755033,0x95eb6791ba0f688873d58f9229c3cfc0d00a579b4daa38a0eb8de4f988613e37,0x09cfee647fa339133380191c8db6b44f24500c9d,0x77b85afbcd336993ac1c65057531c5a5b33b76b8,2026-08-15T02:21:28,repeated_internal_token_drain;dense_internal_fund_flow;complex_trace;high_gas_used_context;token_activity_burst;repeated_risky_internal_calls,0xa9059cbb,true
25755033,0xbbd371dc4180b89568260ff9ade1962e1f383ed42e22a0823d33ab9d60faca0e,0x59aab1bd0d26290274398c07b55955c15425e16b,0x00fe78205f5f0e63b8ad2b2ae5337f538a610e04,2026-08-15T02:21:28,complex_trace;high_gas_used_context,0x34fcd5be,false
25755033,0xcc0dc0512ba84ed3ee62f9c1f80f13f8b7a3cd2064c871cd392dd2a20998da68,0x195ecf5c991e185faec8433ed81ff9fd872632bc,0xacddac6c77318b615f7f6fb9bb67c6833e9c05f1,2026-08-15T02:21:28,large_erc20_asset_flow;complex_trace,0x571d3dc7,true
25755034,0x2130ee213617eb1124a5d82e2b6f141b99f84682acae37857d055ba9e6b0846f,0x7830c87c02e56aff27fa8ab1241711331fa86f43,0xa9d1e08c7793af67e9d92fe308d5697fb81d3e43,2026-08-15T02:21:33,dense_internal_fund_flow,0x1a1da075,true
25755034,0xa5bb98d7135127d1302e95725fa5f68ef0b6b80684bfe84ca4de61da7ae61b78,0xae2fc483527b8ef99eb5d9b44875f005ba1fae13,0x1f2f10d1c40777ae1da742455c65828ff36df387,2026-08-15T02:21:33,dense_internal_fund_flow;complex_trace;high_gas_used_context,0x2bd0d6c4,true
25755034,0x03a8c15c30ca1a7e39927c515aeab74bddef8fd6921d49936ac4436388bdd010,0x58c874ff458940eda8346bc6a1ede0f820b77e99,0xac4c6e212a361c968f1725b4d055b47e63f80b75,2026-08-15T02:21:34,dense_internal_fund_flow;complex_trace,0x5f3bd1c8,true
25755034,0x948b5ca12d87e11ed6f2c8808872e9da5f20525d1fa6186802eed4126e79469f,0xe99bd1c2dd70cd58e5efd47887991700e7318ce2,0xad3b67bca8935cb510c8d18bd45f0b94f54a968f,2026-08-15T02:21:34,dense_internal_fund_flow;complex_trace;high_gas_used_context;token_activity_burst;approval_burst,0x146ee74d,true
25755034,0x57eaa4e0b98bbb1e701eccd7c561c76d890c81730948580e5da68a7f0740faf9,0x4838b106fce9647bdf1e7877bf73ce8b0bad5f97,0xfeeeeee44046c3f61a8cc081e0918ef0de0a7ffc,2026-08-15T02:21:35,selfdestruct_context,0x6a7f5c97,true
25755035,0x628abced550c58cafe21e3fa4a04b1d0f869371fc2dcac1e6767c819d8477c87,0x4838b106fce9647bdf1e7877bf73ce8b0bad5f97,0xfeeeeee44046c3f61a8cc081e0918ef0de0a7ffc,2026-08-15T02:21:37,selfdestruct_context,0x6a7f5ca3,true
25755035,0x64b91dbf397875649b59cdfbd39bc5274d68ff916df7815c692eb19ed9111b8e,0xe99bd1c2dd70cd58e5efd47887991700e7318ce2,0xad3b67bca8935cb510c8d18bd45f0b94f54a968f,2026-08-15T02:21:37,complex_trace;high_gas_used_context;token_activity_burst;approval_burst,0x146ee74d,false
25755035,0xbbb6f5eb836e56451fb4f1c979961518b427a37b37b91ca8337494a24daf0dc1,0x4838b106fce9647bdf1e7877bf73ce8b0bad5f97,0xfeeeeee44046c3f61a8cc081e0918ef0de0a7ffc,2026-08-15T02:21:37,selfdestruct_context,0x6a7f5ca3,true
25755036,0x5ac67f1e13a33110f68bd46461e630266eff72b02c23d0ee53daef383e6837cb,0x5ee5782f665c3a7277d0d8b59b264ec2afe699b0,0xd03a6771b64e9a759523af3a89fc982b2dd38591,2026-08-15T02:21:44,complex_trace;high_gas_used_context,0x6a761202,false
25755036,0x0ad032c805841e695d0c8c60a893f590c19c9a4209bec5a7d63422895cc713c2,0x59aab1bd0d26290274398c07b55955c15425e16b,0x00fe78205f5f0e63b8ad2b2ae5337f538a610e04,2026-08-15T02:21:46,complex_trace;high_gas_used_context,0x34fcd5be,false
25755036,0x58d1204395d126ed49aa48fb21b7ffe278bfe182c525a6206413b1158900da5d,0xd6434d157f254276d69ede3bd9fc805482206908,0x7ec8a30a34b86927dc77b302603d1d53e640bef7,2026-08-15T02:21:46,repeated_internal_token_drain;dense_internal_fund_flow;complex_trace;high_gas_used_context;token_activity_burst;repeated_risky_internal_calls,0xa9059cbb,true
25755036,0xbb0550e18105473ce223728744882750976e421b7ddd13167800c366032d7300,0x59aab1bd0d26290274398c07b55955c15425e16b,0x00fe78205f5f0e63b8ad2b2ae5337f538a610e04,2026-08-15T02:21:46,complex_trace;high_gas_used_context;token_activity_burst,0x34fcd5be,false
25755036,0xee0e78dea94b6fd99bbafa785ad77e130f6e50e0db2089449b53ef9d8f67aba8,0x1584a8ee67789d1fe161065388657ad2f2a3c7dd,0x77eb52e44db06777bce478159f25c0d55a295314,2026-08-15T02:21:46,repeated_internal_token_drain;dense_internal_fund_flow;complex_trace;token_activity_burst;repeated_risky_internal_calls,0xa9059cbb,true
25755036,0xefcc143c48fb5bb0a01a50bc2fb21d81272048dccac5922ed68a9c186f88bc75,0x09cfee647fa339133380191c8db6b44f24500c9d,0x77b85afbcd336993ac1c65057531c5a5b33b76b8,2026-08-15T02:21:46,repeated_internal_token_drain;dense_internal_fund_flow;complex_trace;high_gas_used_context;token_activity_burst;repeated_risky_internal_calls,0xa9059cbb,true
25755036,0x96259a52878c3fc650fdaab608a6955551472a1e4a005cad81ce642bb888b6db,0x4838b106fce9647bdf1e7877bf73ce8b0bad5f97,0xfeeeeee44046c3f61a8cc081e0918ef0de0a7ffc,2026-08-15T02:21:47,selfdestruct_context,0x6a7f5caf,true
25755037,0x8e95f4c2dc01ca8242f5d13cc6205a9b3eed2ff63e2ceb8dabf99355665309de,0x8268304c84889418f9b96d2bb2f258a73d8b223b,0xbc1d9760bd6ca468ca9fb5ff2cfbeac35d86c973,2026-08-15T02:22:00,dense_internal_fund_flow;complex_trace;high_gas_used_context;token_activity_burst,0xd984396a,true
25755037,0xb18562fead8e970799b83f30d3e7fc899a78ada9040f8aabc1a0dade27fc5622,0xf7bac63fc7ceacf0589f25454ecf5c2ce904997c,0xca11bde05977b3631167028862be2a173976ca11,2026-08-15T02:22:00,dense_internal_fund_flow;complex_trace;high_gas_used_context;token_activity_burst,0x252dba42,true
25755037,0xb48c05ede199f211f4e2c1074beae842e34e5183dad8daf8e554d924c01ab6d4,0xdadb0d80178819f2319190d340ce9a924f783711,0xfeeeeee44046c3f61a8cc081e0918ef0de0a7ffc,2026-08-15T02:22:00,selfdestruct_context,0x6a7f5cbb,true
25755037,0xdf473822bc795d737013ce7917244239a52ced2099807aad0f4031b65e5b6fbc,0xdadb0d80178819f2319190d340ce9a924f783711,0xfeeeeee44046c3f61a8cc081e0918ef0de0a7ffc,2026-08-15T02:22:00,selfdestruct_context,0x6a7f5cbb,true
25755037,0xf0b8ddf4640f95f0cf8e43410131905464e6ba7583c5004498293c600e61d5bb,0x59aab1bd0d26290274398c07b55955c15425e16b,0x00fe78205f5f0e63b8ad2b2ae5337f538a610e04,2026-08-15T02:22:00,complex_trace;high_gas_used_context;token_activity_burst,0x34fcd5be,false
25755038,0x252e93eb1013a3e8e489c93054759a288f42b42be26c0c14c1466d30d77e67bd,0x578fc7a5b72d62eadd1b3e97c9201d362cab63d7,0x000000000000fb114709235f1ccbffb925f600e4,2026-08-15T02:22:09,dense_internal_fund_flow,0x5f3bd1c8,true
25755038,0xa1c4318b07ccac81cbd18fda1b6e2c7c8059c32de3d75115513606170a76d0c2,0x05854d0c70d2f696fb3d9c0863100956b795e2ff,0x0fb6e8ecd8ca55c79122f4e114fb46afe1924089,2026-08-15T02:22:09,complex_trace;approval_burst,0x9d83fd7f,false
25755038,0x317b8841f42bf7e80f83da0b55992dc76b45c2e7533ec85f687cb528656103c7,0x59aab1bd0d26290274398c07b55955c15425e16b,0x00fe78205f5f0e63b8ad2b2ae5337f538a610e04,2026-08-15T02:22:10,complex_trace;high_gas_used_context;token_activity_burst,0x34fcd5be,false
25755038,0x3b106947f5d1a72e987b9b3b63f3f5f71115f99e26dcdd49cbe21683dc6dbd8a,0x3cfdc212769c890907bce93d3d8c2c53de6a7a89,0x0000000071727de22e5e9d8baf0edac6f37da032,2026-08-15T02:22:10,privileged_execution_context;complex_trace,0x765e827f,false
25755038,0xf26ce7ef5d2def7e5dd68cb5cc042e830a1e8d8b0863e654a9896335d2bc9034,0x4838b106fce9647bdf1e7877bf73ce8b0bad5f97,0xfeeeeee44046c3f61a8cc081e0918ef0de0a7ffc,2026-08-15T02:22:10,selfdestruct_context,0x6a7f5cc7,true
25755039,0x307362f8bd3cb56a2f771f564d94b32ebb84a077c93d94c7fd8262458ad43b91,0xd7873d7c93a9fb1977e23be037a093697f3e0b6d,0xacddac6c77318b615f7f6fb9bb67c6833e9c05f1,2026-08-15T02:22:21,large_erc20_asset_flow;complex_trace,0x571d3dc7,true
25755039,0x714c5b03c54fbdfa38645a786cecdced713bc589b75598c125bad0c07039664d,0x7830c87c02e56aff27fa8ab1241711331fa86f43,0xa9d1e08c7793af67e9d92fe308d5697fb81d3e43,2026-08-15T02:22:21,dense_internal_fund_flow,0x1a1da075,true
25755039,0xae78d932ba719a80ebc2773eadbf5735bffc6a28155348e9cefb372d9925e9c7,0x4838b106fce9647bdf1e7877bf73ce8b0bad5f97,0xfeeeeee44046c3f61a8cc081e0918ef0de0a7ffc,2026-08-15T02:22:21,selfdestruct_context,0x6a7f5cd3,true
25755039,0xd51406db21124c25b15ceea9e2282346089bc8d93419bb1eb42451bbc26159c7,0x7830c87c02e56aff27fa8ab1241711331fa86f43,0xa9d1e08c7793af67e9d92fe308d5697fb81d3e43,2026-08-15T02:22:21,large_erc20_asset_flow;token_activity_burst,0xca350aa6,true
25755040,0xb44fcc8ccebd14299c7ca13182e887b485d32e56686e3dbacd2ada33ec370141,0xca7ded7e4f4ba8ab3b10009236ae6d1b95094589,0xb92fe925dc43a0ecde6c8b1a2709c170ec4fff4f,2026-08-15T02:22:31,dense_internal_fund_flow,0xcd6e13f7,true
25755040,0x4d068506793c67daf5fc8c43f96f1b0947c8a403e4ddd8765d9003024c7bc40f,0x73b9b602d8d47fe381d79be4749f00b8087ee3c5,0x1231deb6f5749ef6ce6943a275a1d3e7486f4eae,2026-08-15T02:22:33,dense_internal_fund_flow,0x1794958f,true
25755040,0x96259fbd8a8f6d25ae1dfcb8bc145c88655eed84210f283ec869ec59861df580,0x4838b106fce9647bdf1e7877bf73ce8b0bad5f97,0xfeeeeee44046c3f61a8cc081e0918ef0de0a7ffc,2026-08-15T02:22:33,selfdestruct_context,0x6a7f5cdf,true
25755041,0x32acf63f1a5db87580bdba57c7400ba305345fa44556ebdf8e9cf3d666f73dd1,0xa127edc40fea07cdff89f8d812931f612ec13fa6,0xb222da0f9c22ad2addcb0b0d6b150f398e44157a,2026-08-15T02:22:42,complex_trace;approval_burst,0xef4d7b75,false
25755041,0x55bf9ad08c11871dda64a25a5d69a3980a10563d0da75c929caaed6988ac2f5c,0x617ccb6d070f08953c2fc481fb19674162e672f1,0x91ff8bbd8ebb07893010d50a48a1609e5ebd8e34,2026-08-15T02:22:42,complex_trace;high_gas_used_context,0x069d1525,false
25755041,0x814f5bc310e810f0170cb1c0d555857a556b8232f01b997de72e265ba293d26e,0x0e0052a184fd59c6b7e1e99d739802ecb3aec0e4,0xd82461784eb72d4b67cbab077989eb215315e272,2026-08-15T02:22:43,complex_trace;approval_burst,0x805f7b65,false
25755041,0xba72fb0e48be3af2f79952a5c17d15fb5fc6bbb458f8fb363030862f23fa5f8d,0x6c45b0a56a451a86f67e65ffb090bcde940933cf,0x91ff8bbd8ebb07893010d50a48a1609e5ebd8e34,2026-08-15T02:22:43,complex_trace;high_gas_used_context,0x069d1525,false
25755041,0xd8fc847553d94ba0856db0a9f43ce2d9aed0b1cb7ef9172c2d74d2c226615a5b,0x4838b106fce9647bdf1e7877bf73ce8b0bad5f97,0xfeeeeee44046c3f61a8cc081e0918ef0de0a7ffc,2026-08-15T02:22:43,selfdestruct_context,0x6a7f5ceb,true
25755042,0x3b6be2cd880d8add0f5d347cd3d85f26cc068f89a15674f1e2d2a4f01ba76080,0xb23360ccdd9ed1b15d45e5d3824bb409c8d7c460,0x09c30cdcdd971423cb3ba757a47d56c35d06d818,2026-08-15T02:23:06,dense_internal_fund_flow,0x318adb8b,true
25755042,0x8c6328510860f4d40f812bfadfc53e84d08cad0f87b92789dc24258b99432dcc,0xb08b2c3099193bcf05f742ccb7f206635fe243b3,0x91ff8bbd8ebb07893010d50a48a1609e5ebd8e34,2026-08-15T02:23:06,complex_trace;high_gas_used_context,0x069d1525,false
25755042,0xdad80afddb91cd647e2149b44883a52183ac52c09bc11d204eed498c83b8336f,0x346d25338f3cbd5a102011ca33a47d26b9400b90,0xacddac6c77318b615f7f6fb9bb67c6833e9c05f1,2026-08-15T02:23:06,large_erc20_asset_flow;complex_trace,0x571d3dc7,true
25755042,0xe42ea1b81222a117e6f2fa73a15f67f5f40c8260b7d1d9508cff7f6df3430f73,0xe99bd1c2dd70cd58e5efd47887991700e7318ce2,0xad3b67bca8935cb510c8d18bd45f0b94f54a968f,2026-08-15T02:23:06,dense_internal_fund_flow;complex_trace;high_gas_used_context;token_activity_burst;approval_burst,0x146ee74d,true
25755042,0x7a0faef81e3f786d8941acc77a680e7f3ac50096e59ae09a86e2b13005f7f371,0xea488f5986e56fef20f4635bf29aa75cb276a3ac,0x1231deb6f5749ef6ce6943a275a1d3e7486f4eae,2026-08-15T02:23:07,dense_internal_fund_flow,0x1794958f,true
25755043,0x002de37179f94ca8db91012d331f5f644dbc4777cc2c344a4965175e508846e9,0x69a143e1d00bc8fe61f071db31c1b71f168cee67,0x04b57729e21a1a8c8b787013d1dbd81e4001163c,2026-08-15T02:23:17,large_erc20_asset_flow;complex_trace,0xc7c7f5b3,true
25755043,0x1a6b29d6360670169f7e0fa5c5c7940f19fb7e16ce74b463430a19f9f758baac,0xde992badd92adaf9146255e9bde6a70770973664,0x3d0f22bf11636cc9cb129e2b261eed35a487455c,2026-08-15T02:23:18,complex_trace;high_gas_used_context,0xa9059cbb,false
25755043,0xc3c1fb9ec648d518a962a7007f705aa75e6c630514f3477cee6ec5e730e578e6,0x1584a8ee67789d1fe161065388657ad2f2a3c7dd,0x77eb52e44db06777bce478159f25c0d55a295314,2026-08-15T02:23:18,repeated_internal_token_drain;dense_internal_fund_flow;complex_trace;token_activity_burst;repeated_risky_internal_calls,0xa9059cbb,true
25755044,0x1b0e59810d6dcbaf201fa21574b3b2ecf47b3b38d8672ae294ed70843de413d6,0xf70da97812cb96acdf810712aa562db8dfa3dbef,0xccc88a9d1b4ed6b0eaba998850414b24f1c315be,2026-08-15T02:23:31,dense_internal_fund_flow,0x0a2b8f36,true
25755044,0x20a5d5f6a9675d8ba65749e4632a962e04e28e56fb0acd29017a91ac81e9d4d4,0xed8982578836f7d498856b3f543f128bb8621f2a,0x0000000000001ff3684f28c67538d4d072c22734,2026-08-15T02:23:31,dense_internal_fund_flow;complex_trace,0x2213bc0b,true
25755044,0x3f0b4305992cc8c15fdb93dddb01d13adf3f91621efb0745fc39b250fa4338dd,0x7830c87c02e56aff27fa8ab1241711331fa86f43,0xa9d1e08c7793af67e9d92fe308d5697fb81d3e43,2026-08-15T02:23:31,dense_internal_fund_flow,0x1a1da075,true
25755044,0x5d20fccf429e4dd24ad2666cce0d35e2adc34d844d71b2fd8de32d9b5951db07,0x370a7e2d300c14d79d4a7ee07aaca46c4b3012cf,0xccc88a9d1b4ed6b0eaba998850414b24f1c315be,2026-08-15T02:23:31,dense_internal_fund_flow;complex_trace,0x0a2b8f36,true
25755044,0x84e4eec0ff3fa017e86482c47e6f387e55850ae8f2c967bd9a2435c5c72afc3f,0x7b49bc3ebbdf7322f31c6449320382bbec3be1b6,0xad3b67bca8935cb510c8d18bd45f0b94f54a968f,2026-08-15T02:23:31,complex_trace;approval_burst,0x146ee74d,false
25755044,0xc6257ad10a5127038f250e92e7608370ee3721c2771d8107373b7f111ca922ac,0xdc01fb6738c743c7be6fb7986706764ec3a54af0,0x7a250d5630b4cf539739df2c5dacb4c659f2488d,2026-08-15T02:23:31,dense_internal_fund_flow,0x02751cec,true
25755044,0xd1e43c96a10e7d925dd04433a0d6a0b37e84f16b47b10c220846b04a0580f101,0xa36fc80d4fea7613b5cf32a0cb89d86d5ff4bfce,0x28b1dc1a5e3699a428bc51d234dfab7c9cb2a183,2026-08-15T02:23:31,dense_internal_fund_flow;complex_trace,0x0c307f76,true
25755044,0xf2336c51361e0fc504b427a6f8e958191bc698aec16831ab1235328304bc0a4a,0xeb27b0a6dc383ee023f1203091134b4f759ee23e,0x04b57729e21a1a8c8b787013d1dbd81e4001163c,2026-08-15T02:23:31,large_erc20_asset_flow;complex_trace,0xc7c7f5b3,true
25755046,0x177c1ed9a41c61793d6ce728b85a47505274e8b510d729104abeb772c071bd59,0xa5c7857bf8c8220403caf189066ce5bac4462705,0x91ff8bbd8ebb07893010d50a48a1609e5ebd8e34,2026-08-15T02:23:48,complex_trace;high_gas_used_context,0x069d1525,false
25755046,0x631277ea373c3b63eb0fc3bfa5b1b83de774896e678e10f31997a52920231bbd,0x598c64c579d2bf594c55eb46f0dfc5a539e59759,0x20f6ee51340adeed01a59b0e65cb3703f3dc860c,2026-08-15T02:23:48,dense_internal_fund_flow,0x46ec278a,true
25755046,0x7ae82f68277e4a9428beef9f7166ff16bbeca7b1a7004fd5596a69b4c5308d1c,0xa7b5ce53d71d2215d679642307adfa3f39de5448,0x78ace9b2ee9a31737fad748015266a59f32dc79a,2026-08-15T02:23:48,dense_internal_fund_flow;complex_trace;high_gas_used_context;token_activity_burst,0x9265bb9d,true
25755046,0x7da0d351431cb874231b14c6f7a30a4a75303a716ef4ca155d8232187d7a18ae,0xdda3b51e29f9d6fad865c5dd7070d5f7eb57663e,0x8d8210a0252a706cb5de0c6f8e46b6d3692afc19,2026-08-15T02:23:48,complex_trace;high_gas_used_context,0xffc3a769,false
25755046,0x1808bfadfa0954da084349a236d9740aa5722c0fd00ad54ef6587013f32aea7d,0x00c501a744b3db320f1eb5675f9a606bd298d2b9,0x91ff8bbd8ebb07893010d50a48a1609e5ebd8e34,2026-08-15T02:23:49,complex_trace;high_gas_used_context,0x069d1525,false
25755046,0x5db62f017b98025070467c238df9b35db9f963632af9c8d5e8271b3a57cb8158,0x59aab1bd0d26290274398c07b55955c15425e16b,0x00fe78205f5f0e63b8ad2b2ae5337f538a610e04,2026-08-15T02:23:49,complex_trace;high_gas_used_context,0x34fcd5be,false
25755046,0xc3d8855826e5b3e0889914ae32a719b2b9aa38037280c3907c752a48dadb2098,0x0816cfde9980c2f2296213cf35a9e8c5f2c6b2d9,0x91ff8bbd8ebb07893010d50a48a1609e5ebd8e34,2026-08-15T02:23:49,complex_trace;high_gas_used_context,0x069d1525,false
25755046,0xc69808a7f0e5090b3cbeff1c45aaa90f358001b1f499b1201515c66ebdd8a175,0x59aab1bd0d26290274398c07b55955c15425e16b,0x00fe78205f5f0e63b8ad2b2ae5337f538a610e04,2026-08-15T02:23:49,complex_trace;high_gas_used_context,0x34fcd5be,false
25755046,0x3bfd74332fde044936af8602e1c36c32d029e8223b76eed7b463320a69a0a05b,0x4838b106fce9647bdf1e7877bf73ce8b0bad5f97,0xfeeeeee44046c3f61a8cc081e0918ef0de0a7ffc,2026-08-15T02:23:50,selfdestruct_context,0x6a7f5d27,true
25755047,0x53c32e5526ab5b22b5aa23a8d9ff675987dc1da53aea1d615de9c384b499d30d,0x062ed643b73a61eaab7251e2025fdb227753551a,0x7a250d5630b4cf539739df2c5dacb4c659f2488d,2026-08-15T02:23:59,dense_internal_fund_flow,0x791ac947,true
25755047,0x53ee57270d1d5a1a2f603dea34630819b07e2b94733e74cc96718930276e9ad7,0x59aab1bd0d26290274398c07b55955c15425e16b,0x00fe78205f5f0e63b8ad2b2ae5337f538a610e04,2026-08-15T02:23:59,complex_trace;high_gas_used_context,0x34fcd5be,false
25755047,0x9ff640e1724b9c242c9cdc56f3914d2e7045462ad2af6e7bf28113e90c518c39,0xe99bd1c2dd70cd58e5efd47887991700e7318ce2,0xad3b67bca8935cb510c8d18bd45f0b94f54a968f,2026-08-15T02:23:59,complex_trace;approval_burst,0x146ee74d,false
25755047,0xa93b7697af80211b9ce4b4e92de13f0cba1d995320468d59d76f179277fcee3a,0x4838b106fce9647bdf1e7877bf73ce8b0bad5f97,0xfeeeeee44046c3f61a8cc081e0918ef0de0a7ffc,2026-08-15T02:24:00,selfdestruct_context,0x6a7f5d33,true
25755048,0x2341f1a6819efb819cd98225caf474a779cdf63c7ced8d24ec41c90da6f68543,0x1584a8ee67789d1fe161065388657ad2f2a3c7dd,0x77eb52e44db06777bce478159f25c0d55a295314,2026-08-15T02:24:16,repeated_internal_token_drain;dense_internal_fund_flow;complex_trace;high_gas_used_context;token_activity_burst;repeated_risky_internal_calls,0xa9059cbb,true
25755048,0x5fb8c5c309556b74650b2dc0adbbda1b3b6a5e1816e947060546e9e262c20597,0x7830c87c02e56aff27fa8ab1241711331fa86f43,0xa9d1e08c7793af67e9d92fe308d5697fb81d3e43,2026-08-15T02:24:16,dense_internal_fund_flow,0x1a1da075,true
25755048,0xacb6464c4cc867a1158304a09c9ac5683ca7690d9ec057ee5e90b24f31188824,0x09a591f0e4fa0abac08f05bc0916c51ee34c1a1b,0x5cb16a393b9b43c590953b51058edab1bde0f5fa,2026-08-15T02:24:16,dense_internal_fund_flow,0x501d976c,true
25755048,0xe4c7dad49dd67e025605433c2c19dac4d1024dddece86eeaa415f36cc26be4b5,0x69a143e1d00bc8fe61f071db31c1b71f168cee67,0x04b57729e21a1a8c8b787013d1dbd81e4001163c,2026-08-15T02:24:16,large_erc20_asset_flow;complex_trace,0xc7c7f5b3,true
25755049,0x342df4679bf93221ab127b8af33c8fa6a39575ae01dae34df192415ffa47b9ee,0x70e59f9c304e4d5096bd408b571e2dcd99c3120b,0xad3b67bca8935cb510c8d18bd45f0b94f54a968f,2026-08-15T02:24:22,complex_trace;high_gas_used_context;token_activity_burst;approval_burst,0x146ee74d,false
25755049,0x553b834bfa2a2db4ec41b37481e9ec030f325f3062911f5c3a709669d5b0e4e0,0xb9e1ab1b075a9ea2c7e123d17cda92675492f24d,0xccc88a9d1b4ed6b0eaba998850414b24f1c315be,2026-08-15T02:24:22,complex_trace;high_gas_used_context,0xf9e4bab4,false
25755049,0xa4ecb71d3fcaeb5f87d95f31771e16079f5ac94ef4f5b36a5d8e8aa3ae8dc31d,0x09cfee647fa339133380191c8db6b44f24500c9d,0x77b85afbcd336993ac1c65057531c5a5b33b76b8,2026-08-15T02:24:22,repeated_internal_token_drain;dense_internal_fund_flow;complex_trace;high_gas_used_context;token_activity_burst;repeated_risky_internal_calls,0xa9059cbb,true
25755049,0xb4d3786eb85762d4cb5e4305f332197eec2627569f336968e12233931baa9054,0x4838b106fce9647bdf1e7877bf73ce8b0bad5f97,0xfeeeeee44046c3f61a8cc081e0918ef0de0a7ffc,2026-08-15T02:24:22,selfdestruct_context,0x6a7f5d4b,true
25755049,0xc6e7906930ad14f65007549c2fbc248cb697ef3b3b7d330a3ed112c429c9c54d,0x9d9e5233e399c84cfff5b080f0012987a25a045a,0x91ff8bbd8ebb07893010d50a48a1609e5ebd8e34,2026-08-15T02:24:22,complex_trace;high_gas_used_context,0x069d1525,false
25755050,0x7e5c34cdfc48e9fb39f5f4e5433dda9ab069a006758d2efa688751dbab04bddd,0x59aab1bd0d26290274398c07b55955c15425e16b,0x00fe78205f5f0e63b8ad2b2ae5337f538a610e04,2026-08-15T02:24:38,complex_trace;high_gas_used_context,0x34fcd5be,false
25755050,0x81e98d3c21e9e9fe5dc323e31af453597fb5b5342902763b4a0ab8b944f24508,0xeeb4b4c94c3f8c5f6a4294dc55dbf6f0fa583a42,0x7a250d5630b4cf539739df2c5dacb4c659f2488d,2026-08-15T02:24:38,dense_internal_fund_flow,0x791ac947,true
25755050,0x8c2c0887ebae4272748a0de126a46b37b1c51eaa57b021a5a6e9da2739abfd3f,0xd7873d7c93a9fb1977e23be037a093697f3e0b6d,0xacddac6c77318b615f7f6fb9bb67c6833e9c05f1,2026-08-15T02:24:38,large_erc20_asset_flow;complex_trace,0x571d3dc7,true
25755050,0xff4ee687ee1384404ccabf8cd012f8bcd5a9b3abc3dcae1b7cb495a101b9cbd8,0x1dfecf04962bd7c5e9d0267a52ce269adfbe50fc,,2026-08-15T02:24:38,large_mint_to_sender;contract_creation_context,0x60806040,true
25755051,0xb9b24b8de37249fa9415baa60ec323c82f10ea65faa77694cf29fabdcb80a3a2,0xb876842bb8405f34e1cefe497d0d85d39f83badf,0x91ff8bbd8ebb07893010d50a48a1609e5ebd8e34,2026-08-15T02:24:44,complex_trace;high_gas_used_context,0x069d1525,false
25755051,0xf91b8fd203ff0d4bcbfc9491db23a788eaab3a70345e8266c4c355b272a79eb0,0xeeb4e7601559733d3879f55d58502f8cfb4d116e,0xacddac6c77318b615f7f6fb9bb67c6833e9c05f1,2026-08-15T02:24:44,large_erc20_asset_flow;complex_trace,0x571d3dc7,true
25755051,0x0d0ad84e4e799a63748ae0907b897ec58dd9935f03613da9cea3d95eba697abb,0x59aab1bd0d26290274398c07b55955c15425e16b,0x00fe78205f5f0e63b8ad2b2ae5337f538a610e04,2026-08-15T02:24:45,complex_trace;high_gas_used_context,0x34fcd5be,false
25755052,0xd873485bb24f4e3b691f552ca46c1b41e9b34a0ae54fe332d3a66b1d97e34d6b,0x22977be37141bbb024d8c49489990e4049c5b82a,0x4c82d1fbfe28c977cbb58d8c7ff8fcf9f70a2cca,2026-08-15T02:24:58,dense_internal_fund_flow,0x3593564c,true
25755052,0x03011b5a2320efafa5edfaf8c1d0cd83f71c97a44f0e8d32826ee2521fb2f6e8,0x908a140be10e726dd969d1c311b4c3a813e0efff,0x06fd4eb2f2def33c1820444981b81c96f45df0fb,2026-08-15T02:24:59,complex_trace;high_gas_used_context,0x935944a8,false
25755052,0x5343606385ec68e249d900c10403de2372ccab9bbca14b559951e70f5d4941cd,0x5e6e835ec4e69fdaf9cad50cedafc687976d6a22,0x91ff8bbd8ebb07893010d50a48a1609e5ebd8e34,2026-08-15T02:25:00,complex_trace;high_gas_used_context,0x069d1525,false
25755052,0x7b981925d5f56c0fc7e7ad087ad300669750b853b489053c7860d7c13779c699,0xde992badd92adaf9146255e9bde6a70770973664,0x3d0f22bf11636cc9cb129e2b261eed35a487455c,2026-08-15T02:25:00,complex_trace;high_gas_used_context,0xa9059cbb,false
25755052,0x9fdd79306eed77c2dafa1ffd1235f1c5847bec3c6855fa6595e2b05c92d5a057,0x1584a8ee67789d1fe161065388657ad2f2a3c7dd,0x77eb52e44db06777bce478159f25c0d55a295314,2026-08-15T02:25:00,repeated_internal_token_drain;dense_internal_fund_flow;complex_trace;token_activity_burst;repeated_risky_internal_calls,0xa9059cbb,true
25755053,0x49ac6ef846bcb5b7a708c1073d46d90540126c723f2ea05e6e47b03dab10a31e,0x370a7e2d300c14d79d4a7ee07aaca46c4b3012cf,0xccc88a9d1b4ed6b0eaba998850414b24f1c315be,2026-08-15T02:25:18,complex_trace;high_gas_used_context,0x0a2b8f36,false
25755053,0x9e47b1a5d8a7a79e5530734879a93aa95bce08d3e09561131f99b06ab3401f41,0x59bdfb381ca2080d0d042903e776d3dcb548050a,0x0000000000000068f116a894984e2db1123eb395,2026-08-15T02:25:18,complex_trace;high_gas_used_context;token_activity_burst,0x87201b41,false
25755053,0xa9b3ce2bd8b32a5c8c68b4acbe87b866093c39665f4f43d662d844948967cac9,0xb75e1c8ed141b8a22c6ce86e642b3e8154fe98b4,0x3154cf16ccdb4c6d922629664174b904d80f2c35,2026-08-15T02:25:18,dense_internal_fund_flow;complex_trace,0xe11013dd,true
25755053,0xf7fcf32983d87bad7a949b1b86e62b100d7ad9e7cb29e12a74a8eb28ad3ff7fa,0xe487832018fbd594c84f1db3dfac61cde98a5f36,0x91ff8bbd8ebb07893010d50a48a1609e5ebd8e34,2026-08-15T02:25:18,complex_trace;high_gas_used_context,0x069d1525,false
25755054,0x75fb81564f88edb4cb870761ff00155eef437449fb049f88226f03c5ac5d3b15,0xdda3b51e29f9d6fad865c5dd7070d5f7eb57663e,0x8d8210a0252a706cb5de0c6f8e46b6d3692afc19,2026-08-15T02:25:30,complex_trace;high_gas_used_context,0xffc3a769,false
25755054,0xc702830748a43d41ac4de0a375374cc69d36dc2b1aeee74eb78e822404ada5c4,0xe487832018fbd594c84f1db3dfac61cde98a5f36,0x91ff8bbd8ebb07893010d50a48a1609e5ebd8e34,2026-08-15T02:25:30,complex_trace;high_gas_used_context,0x069d1525,false
25755055,0x69866782b73441baf98e9031fab1afb75c198c089e6f87cd53a154c98ffd0660,0xbe0b407782a7599380fa726db315340126d62229,0x4d2fb5f8ec243fde4df1a9678b82238570c7e0e4,2026-08-15T02:25:45,repeated_internal_token_drain;dense_internal_fund_flow;complex_trace;high_gas_used_context;token_activity_burst;repeated_risky_internal_calls,0x6a761202,true
25755055,0xb5cc392b77bb3314ef8aa90b5475ebf50d768add1cd49cd7b19d9f46e31abe43,0x4838b106fce9647bdf1e7877bf73ce8b0bad5f97,0xfeeeeee44046c3f61a8cc081e0918ef0de0a7ffc,2026-08-15T02:25:45,selfdestruct_context,0x6a7f5d93,true
25755055,0xddfa463e3f4443400c544407328f4c16b366452949bd4fd600ef95876624e00b,0xc6acbee42e9e323140c1ed060c2f6ea9cc3b4b75,0x7c5a71c9fefbc7691f9d4ac7baf70c743792f716,2026-08-15T02:25:45,selfdestruct_value_return;selfdestruct_context,0xf3fef3a3,true
25755055,0xed380786a4971c2f3f777ab904bf2938f49015a2ba8f5b32a917d621dc2f1707,0x4337021d22bcd0775a0fd1b4a6665051dc15d995,0x4337084d9e255ff0702461cf8895ce9e3b5ff108,2026-08-15T02:25:45,complex_trace;high_gas_used_context,0x765e827f,false
25755055,0x3d896bcb392988ccbba0f183b4e966831588fcafe5365a6909870771e3e9b7f5,0x59aab1bd0d26290274398c07b55955c15425e16b,0x00fe78205f5f0e63b8ad2b2ae5337f538a610e04,2026-08-15T02:25:46,complex_trace;high_gas_used_context,0x34fcd5be,false
25755055,0x504e00ec1ad1e2ef281f836540abce1b281acfbe6eaa33fe82ea2417ca401d44,0x4838b106fce9647bdf1e7877bf73ce8b0bad5f97,0xfeeeeee44046c3f61a8cc081e0918ef0de0a7ffc,2026-08-15T02:25:46,selfdestruct_context,0x6a7f5d93,true
25755055,0x52b29fdaa855dea08462eb95644924eac6f95d2837c5d353e3f8a79af71123c7,0x1584a8ee67789d1fe161065388657ad2f2a3c7dd,0x77eb52e44db06777bce478159f25c0d55a295314,2026-08-15T02:25:46,repeated_internal_token_drain;dense_internal_fund_flow;complex_trace;high_gas_used_context;token_activity_burst;repeated_risky_internal_calls,0xa9059cbb,true
25755056,0x00e68167fcb45879651363dab0f92df3c08100936bf680082c78b89abc2c1447,0x6da33963a12a4d426dc909fdea65ab48f179c234,0x80a64c6d7f12c47b7c66c5b4e20e72bc1fcd5d9e,2026-08-15T02:25:54,dense_internal_fund_flow,0x3d0e3ec5,true
25755056,0x286a430ce3f07f812333992582ba81536098b83befee96bb9369036c71a6d1f3,0x360f0c76d6329870277f494a1d17232c5aec5f74,,2026-08-15T02:25:54,dense_internal_fund_flow;privileged_execution_context;high_gas_used_context;contract_creation_context,0x60078054,true
25755056,0x29bf9f713322b65470eefd1bcf1b54cee7ee5c7c298e9cfb2ce431853d03ebb0,0x5b43453fce04b92e190f391a83136bfbecedefd1,0xbdb3ba9ffe392549e1f8658dd2630c141fdf47b6,2026-08-15T02:25:54,complex_trace;high_gas_used_context;token_activity_burst,0x000000c3,false
25755056,0x0386f042e089da53b4136fffed3d3adb54068b48acc4b01a69907cd9ef06e042,0xe487832018fbd594c84f1db3dfac61cde98a5f36,0x91ff8bbd8ebb07893010d50a48a1609e5ebd8e34,2026-08-15T02:25:55,complex_trace;high_gas_used_context,0x069d1525,false
25755056,0x04c1ebd675a2c6a8eeb3e326810c9ce2d6edefc28ad67a1e48c48dd3f59f5af1,0x90eaf48c09dbd3b9b6b042dd007b7c5b73dee3fb,0x337685fdab40d39bd02028545a4ffa7d287cc3e2,2026-08-15T02:25:55,dense_internal_fund_flow;complex_trace,0xfa74fd43,true
25755056,0x1415b923e495a46c035a820a56add85f09ab7f0dd57f355f41c52e69a4279f15,0x8a35cee6630805cb0feaed4e6b7abafe27a4334a,0x1231deb6f5749ef6ce6943a275a1d3e7486f4eae,2026-08-15T02:25:55,dense_internal_fund_flow;complex_trace,0x80c65808,true
25755056,0x4b0d824ae46651e8c770e716d113207a623be56237c2d44e44641781f81a6f98,0x360f0c76d6329870277f494a1d17232c5aec5f74,0x5ce68faa5617b2a2deb0a4b9b83fb9ff38a026de,2026-08-15T02:25:55,privileged_execution_context,0x715018a6,false
25755056,0x702e08f23f9a39383d1630e721e293971d9d4ac468c544b8fcb561e0d7b098ee,0xde992badd92adaf9146255e9bde6a70770973664,0x3d0f22bf11636cc9cb129e2b261eed35a487455c,2026-08-15T02:25:55,complex_trace;high_gas_used_context,0xa9059cbb,false
25755056,0x7772978caec1cccf4d0ed82f15dbfe907fcb602d8aae8341afbbc98ca5793833,0x360f0c76d6329870277f494a1d17232c5aec5f74,0x5ce68faa5617b2a2deb0a4b9b83fb9ff38a026de,2026-08-15T02:25:55,dense_internal_fund_flow,0x8a8c523c,true
25755056,0xb228ba1aad98a922937c196a14f62b1761b0807ce1523503246bc7bc0864ff13,0x59aab1bd0d26290274398c07b55955c15425e16b,0x00fe78205f5f0e63b8ad2b2ae5337f538a610e04,2026-08-15T02:25:55,complex_trace;high_gas_used_context,0x34fcd5be,false
25755056,0xe379f14d43600e651b642faa9bb26b7ef64bb84be7b4a52bc05f5774be31971a,0xde992badd92adaf9146255e9bde6a70770973664,0x3d0f22bf11636cc9cb129e2b261eed35a487455c,2026-08-15T02:25:55,complex_trace;high_gas_used_context,0xa9059cbb,false
25755056,0xf666065d113ced2f3df80285a165419bc10a6eced4ba9399404fd02990ee1942,0x4838b106fce9647bdf1e7877bf73ce8b0bad5f97,0xfeeeeee44046c3f61a8cc081e0918ef0de0a7ffc,2026-08-15T02:25:55,selfdestruct_context,0x6a7f5d9f,true
25755057,0x0a4b6c36fea3ab5b1bb64b397f2dde18a223d4662d80c58e9b08e089cf35f43e,0xb2860e52a68c01a31aa03810208b069d72359563,0x91ff8bbd8ebb07893010d50a48a1609e5ebd8e34,2026-08-15T02:26:12,complex_trace;high_gas_used_context,0x069d1525,false
25755057,0x1561bd0a32e50def6fcc5a2f419f4ac94378fc85ab5477b49b0a596ccb325f1f,0xf70da97812cb96acdf810712aa562db8dfa3dbef,0xb92fe925dc43a0ecde6c8b1a2709c170ec4fff4f,2026-08-15T02:26:12,dense_internal_fund_flow;complex_trace,0xcd6e13f7,true
25755057,0x349ce33e40f6fae589ba72621b6a4520b75a6ee1738c297aa82ae47315f34d81,0x1b1b3b03c20bce2f4777b505058277513bc8cc21,0x04b57729e21a1a8c8b787013d1dbd81e4001163c,2026-08-15T02:26:12,large_erc20_asset_flow;complex_trace,0xc7c7f5b3,true
25755057,0x50aa8812315b87a8ab71e03d3503e64e68a6cfc92eb816f9c0d3eac80ff316f5,0xde992badd92adaf9146255e9bde6a70770973664,0x3d0f22bf11636cc9cb129e2b261eed35a487455c,2026-08-15T02:26:12,complex_trace;high_gas_used_context,0xa9059cbb,false
25755057,0x8cd78562b3ab39a0c0c14dac3ccd7a132a893643bc093110ef524e0ae29fa5fb,0x4838b106fce9647bdf1e7877bf73ce8b0bad5f97,0xfeeeeee44046c3f61a8cc081e0918ef0de0a7ffc,2026-08-15T02:26:12,selfdestruct_context,0x6a7f5dab,true
25755057,0x95a3196905fb344d81ef4e4d0ef54c82cc5471aabc3d9a00a5574cce0c366641,0x59aab1bd0d26290274398c07b55955c15425e16b,0x00fe78205f5f0e63b8ad2b2ae5337f538a610e04,2026-08-15T02:26:12,complex_trace;high_gas_used_context,0x34fcd5be,false
25755058,0x3d726d8ffeda5b89a9f34f86a28af6af407e4b1ea979dfa36e0ec69eae21ca8f,0x6f386255dc0beaaa83f0e8316791b9922da32013,0xee57274c1665ddf9902a92ec8713368f8b3bc46a,2026-08-15T02:26:24,complex_trace;high_gas_used_context,0xad226847,false
25755058,0x429add6208a75bd899679e6cb54f0519aaf637946c966a92b3c022489f3ff709,0xf264e7a810aafe91115b7a4dcad5f8dcf17cf656,0x28b1dc1a5e3699a428bc51d234dfab7c9cb2a183,2026-08-15T02:26:24,dense_internal_fund_flow;complex_trace;high_gas_used_context,0x0c307f76,true
25755058,0xb36243fa9999834d3ab59a5657bf85f0e5bd2e0d96a994f39afdd4d11ad4b687,0x2b3fed49557bd88f78b898684f82fbb355305dbb,0x09c30cdcdd971423cb3ba757a47d56c35d06d818,2026-08-15T02:26:24,dense_internal_fund_flow,0x318adb8b,true
25755058,0xce8ea54e8c18c457968ccdedfcf8c800fb1fe8be7910e7724a5e5f0539c3feac,0x59aab1bd0d26290274398c07b55955c15425e16b,0x00fe78205f5f0e63b8ad2b2ae5337f538a610e04,2026-08-15T02:26:24,complex_trace;high_gas_used_context,0x34fcd5be,false
25755058,0xf0c3f0612ee0eb4e4b8d2167f958d595052273ac7d1b86179a219063d7babd87,0xa67d7eb4dc68fa6ce8e34ef8cadaf075b9893fbb,0xb92fe925dc43a0ecde6c8b1a2709c170ec4fff4f,2026-08-15T02:26:24,complex_trace;high_gas_used_context,0xcd6e13f7,false
25755058,0xff166f514a6edd05da6550783e5538a0a5378c5dd3d56e922f88ac405fbc4a2d,0x7830c87c02e56aff27fa8ab1241711331fa86f43,0xa9d1e08c7793af67e9d92fe308d5697fb81d3e43,2026-08-15T02:26:24,dense_internal_fund_flow,0x1a1da075,true
25755058,0x87bd9674e03020a1b9246c6aa206091cdaa53277eeac8dcce42cc672d1f04a30,0x4838b106fce9647bdf1e7877bf73ce8b0bad5f97,0xfeeeeee44046c3f61a8cc081e0918ef0de0a7ffc,2026-08-15T02:26:25,selfdestruct_context,0x6a7f5db7,true
25755058,0xb28e508c93fe54e283c47f0fdaa4cf2d9ee849bc354005c6424943b9c2d4254f,0xf79e213d53845065183ac7cedd7b3cf8920e3a89,0x8c589e9fbb8663c64dd7266fea07cdf2a0c92317,2026-08-15T02:26:25,selfdestruct_context,0x0954d9da,false
25755058,0xf7608932dc3619cdb39f1381b85e97b502f33e8c9d6b09be62ef54a963efcb91,0xde7a849216aa3884d53d84ecb02c19eb67e5dae2,0x7d9f4ca54131e588fc1fe577973b55fb11231e76,2026-08-15T02:26:25,repeated_internal_token_drain;dense_internal_fund_flow;complex_trace;high_gas_used_context;token_activity_burst;repeated_risky_internal_calls,0x6aac3a0b,true
25755059,0x101a761864b83d52d392652fe812f55a3aaaa4b3e199a5ff165860865e64d840,0xde992badd92adaf9146255e9bde6a70770973664,0x3d0f22bf11636cc9cb129e2b261eed35a487455c,2026-08-15T02:26:30,complex_trace;high_gas_used_context,0xa9059cbb,false
25755059,0x654a6cda4a70bdd480c08a1fb921817882210ed457be544525b1acc36d345c2b,0xde992badd92adaf9146255e9bde6a70770973664,0x3d0f22bf11636cc9cb129e2b261eed35a487455c,2026-08-15T02:26:30,complex_trace;high_gas_used_context,0xa9059cbb,false
25755059,0x7be5bf09fa712ca6bd3f8b824f1c459cd4dd05451e94fe87e335321783d1e5ff,0xc1b2aff52877b4a23422f554f3d240be50ec80cf,0xacddac6c77318b615f7f6fb9bb67c6833e9c05f1,2026-08-15T02:26:30,large_erc20_asset_flow;complex_trace,0x571d3dc7,true
25755059,0x88080eb57be4d868cc0b0dd1575efb91f2b21b8240be7ad2eacb86e6e3cd701d,0x70e59f9c304e4d5096bd408b571e2dcd99c3120b,0xad3b67bca8935cb510c8d18bd45f0b94f54a968f,2026-08-15T02:26:30,complex_trace;high_gas_used_context;token_activity_burst;approval_burst,0x146ee74d,false
25755059,0xa9adfac35c95b381b9e9c0718e1496c837220c019af4f913ffe662f9a187381c,0x4838b106fce9647bdf1e7877bf73ce8b0bad5f97,0xfeeeeee44046c3f61a8cc081e0918ef0de0a7ffc,2026-08-15T02:26:30,selfdestruct_context,0x6a7f5dc3,true
25755059,0xb0633d5c4088429e7ea8d2b6d4033d47649fe0b88332945a64d154fe910714be,0x59aab1bd0d26290274398c07b55955c15425e16b,0x00fe78205f5f0e63b8ad2b2ae5337f538a610e04,2026-08-15T02:26:30,complex_trace;high_gas_used_context,0x34fcd5be,false
25755059,0xb77db96e4a3dc12f6015b46a284abd496e9172d2f0c36be9bca157152bcff408,0x1584a8ee67789d1fe161065388657ad2f2a3c7dd,0x77eb52e44db06777bce478159f25c0d55a295314,2026-08-15T02:26:30,repeated_internal_token_drain;dense_internal_fund_flow;complex_trace;token_activity_burst;repeated_risky_internal_calls,0xa9059cbb,true
25755059,0xc477e45b648114c44d56b8c385fb20f9e4749214856179487b527c08cf0f8888,0xe73010f2590baef90e1471933268e48ee7a16cbd,0x03f34be1bf910116595db1b11e9d1b2ca5d59659,2026-08-15T02:26:30,dense_internal_fund_flow;complex_trace,0xa32fe0a1,true
25755059,0xc6647879252dac59634d55c5c2a9a00da3accfc94ae00bf98681350c9009360c,0xde992badd92adaf9146255e9bde6a70770973664,0x3d0f22bf11636cc9cb129e2b261eed35a487455c,2026-08-15T02:26:30,complex_trace;high_gas_used_context,0xa9059cbb,false
25755060,0xbad73eea5cd74941d7b6baee75e6769ba31dc3a9d2dfbcf29ceca0d5e7bf2580,0x754dcfb2861547015b221e963b4133a71dbdc024,0x3e07be15370d8b12d80a159a7ef14b9e51869497,2026-08-15T02:26:51,dense_internal_fund_flow;complex_trace;high_gas_used_context;token_activity_burst,0x21af54c6,true
25755060,0x1b6101c99669ebebbeec6fa37890eb20a5a998dfef949d5fa19c5a226e6347e9,0x4838b106fce9647bdf1e7877bf73ce8b0bad5f97,0xfeeeeee44046c3f61a8cc081e0918ef0de0a7ffc,2026-08-15T02:26:52,selfdestruct_context,0x6a7f5dcf,true
25755060,0x3a4e0137e7b15b84845b38193bb90fe8ab145bc4afce59ae57019216a86a1a46,0x59aab1bd0d26290274398c07b55955c15425e16b,0x00fe78205f5f0e63b8ad2b2ae5337f538a610e04,2026-08-15T02:26:52,complex_trace;high_gas_used_context,0x34fcd5be,false
25755061,0x4da480ffbe6a1a593b339332d4aeef132f3fddb95d942eec3c37ca91b756507d,0x09cfee647fa339133380191c8db6b44f24500c9d,0x77b85afbcd336993ac1c65057531c5a5b33b76b8,2026-08-15T02:26:57,repeated_internal_token_drain;dense_internal_fund_flow;complex_trace;high_gas_used_context;token_activity_burst;repeated_risky_internal_calls,0xa9059cbb,true
25755061,0x5bfb3f15465fe44f2d1f0040435f337cb2371d7656f7915ee960de8cd9d0c227,0x59aab1bd0d26290274398c07b55955c15425e16b,0x00fe78205f5f0e63b8ad2b2ae5337f538a610e04,2026-08-15T02:26:57,complex_trace;high_gas_used_context,0x34fcd5be,false
25755061,0xb40f8b98c77cebe0678888fded283f8d546b7ca30a305c73f6a71237012ef5d1,0x4838b106fce9647bdf1e7877bf73ce8b0bad5f97,0xfeeeeee44046c3f61a8cc081e0918ef0de0a7ffc,2026-08-15T02:26:57,selfdestruct_context,0x6a7f5ddb,true
25755061,0xbf67ea3a90a3f34e9657ca41794a92d06e1a69b42b7de6c3ce05b7716c1c8ecc,0x4838b106fce9647bdf1e7877bf73ce8b0bad5f97,0xfeeeeee44046c3f61a8cc081e0918ef0de0a7ffc,2026-08-15T02:26:57,selfdestruct_context,0x6a7f5ddb,true
25755061,0xcfbcac924ca7bc7179cf4ba96843ba31f21ccdc6a726f9e3e1460b31f1739f5a,0x70c69520eb6595d102bfd8aed8fc58428489c4e4,0x04b57729e21a1a8c8b787013d1dbd81e4001163c,2026-08-15T02:26:57,large_erc20_asset_flow;complex_trace,0xc7c7f5b3,true
25755062,0x08fd0d0f01b638b31a04c28614a35890b2faedc9b8a7fa3ea3de672f2bd96e0e,0xdadb0d80178819f2319190d340ce9a924f783711,0xfeeeeee44046c3f61a8cc081e0918ef0de0a7ffc,2026-08-15T02:27:05,selfdestruct_context,0x6a7f5de7,true
25755062,0x2b0feda76b8f772cedfc4c16b834a02a5492466e09dcb4676ee1a44b4766eb1c,0x59aab1bd0d26290274398c07b55955c15425e16b,0x00fe78205f5f0e63b8ad2b2ae5337f538a610e04,2026-08-15T02:27:05,complex_trace;high_gas_used_context,0x34fcd5be,false
25755062,0x35ed62e89138e94abaecbdd9d2bd8124318f027623aed317bac88b269e19a466,0x48f07c16cbd5f12939e1ab24b8a23d161d6c3596,0x0000000071727de22e5e9d8baf0edac6f37da032,2026-08-15T02:27:05,dense_internal_fund_flow;complex_trace,0x765e827f,true
25755062,0x838782f93c56bab1c6e3bfcaec4d082547a033d0727dfd3254d522f2fe7409b7,0xdadb0d80178819f2319190d340ce9a924f783711,0xfeeeeee44046c3f61a8cc081e0918ef0de0a7ffc,2026-08-15T02:27:05,selfdestruct_context,0x6a7f5de7,true
25755062,0xac8ba64d981c50a0a11d5f73595567846461b6c17f77ab0906f479a84f5f9eef,0xdadb0d80178819f2319190d340ce9a924f783711,0xfeeeeee44046c3f61a8cc081e0918ef0de0a7ffc,2026-08-15T02:27:05,selfdestruct_context,0x6a7f5de7,true
25755062,0xb19e3b31cabc0fe7d377dd3b7640ecb7254ce06c486bc90e6e51a81ea4bad57e,0x40cf06ca8b5a445258d1db7bb79584f829ff9c15,0x0000002fc8e77585a008aa45d78a71ad36293aee,2026-08-15T02:27:05,privileged_execution_context;high_gas_used_context,0x72cf7bd8,false
25755063,0x7882d4bbb349f77c4d225eadc08ae5a9622f590dcbecc7d8559251a5f44f540e,0xd905de91f928b20ea0ccf455e5ba07eb6373955c,0x66a9893cc07d91d95644aedd05d03f95e1dba8af,2026-08-15T02:27:09,dense_internal_fund_flow;complex_trace,0x3593564c,true
25755063,0x82291aa5158691ef7230106b861bfaa08bd9b14a75fdbd91027e45262a72fffb,0x4838b106fce9647bdf1e7877bf73ce8b0bad5f97,0xfeeeeee44046c3f61a8cc081e0918ef0de0a7ffc,2026-08-15T02:27:09,selfdestruct_context,0x6a7f5df3,true
25755063,0x0edff73f222f7ffe65e6d623f702e98cff889953f24d0010648d81ae6f8aea7d,0x7556699aa8e6a7c9c69bcfaf9debd05f8192b063,0x84cab37995229530d9e6e5cff2f8f4ebe4517d66,2026-08-15T02:27:10,complex_trace;high_gas_used_context,0xe587456a,false
25755063,0x3b572bcad679c31828fed9cce6204801695bc840e71a60b2c983640d9a4e5c48,0xac5b1c3595ea005daa22af54672c933b56de1e19,0x7a250d5630b4cf539739df2c5dacb4c659f2488d,2026-08-15T02:27:10,dense_internal_fund_flow,0x791ac947,true
25755063,0x69575b3d9154613e7d1fc436ea5eb5258e98a1afb806e4a3ae31b36f77007e0f,0x4838b106fce9647bdf1e7877bf73ce8b0bad5f97,0xfeeeeee44046c3f61a8cc081e0918ef0de0a7ffc,2026-08-15T02:27:10,selfdestruct_context,0x6a7f5df3,true
25755063,0x81600f4001cc3b7ded8570473b815ec53256ff53d1d8b0fb5ef1345a726d13ca,0x1584a8ee67789d1fe161065388657ad2f2a3c7dd,0x77eb52e44db06777bce478159f25c0d55a295314,2026-08-15T02:27:10,repeated_internal_token_drain;dense_internal_fund_flow;complex_trace;high_gas_used_context;token_activity_burst;repeated_risky_internal_calls,0xa9059cbb,true
25755063,0xc44cf769a057f65bff3932b86a8cd4c7bfc56353dd2f78e917c425b35cd956c2,0x4838b106fce9647bdf1e7877bf73ce8b0bad5f97,0xfeeeeee44046c3f61a8cc081e0918ef0de0a7ffc,2026-08-15T02:27:10,selfdestruct_context,0x6a7f5df3,true
25755063,0xe773d63eb23bb062561dc69383b337d30b0b9b9eb2ace81fddce878ed00110bd,0x59aab1bd0d26290274398c07b55955c15425e16b,0x00fe78205f5f0e63b8ad2b2ae5337f538a610e04,2026-08-15T02:27:10,complex_trace;high_gas_used_context,0x34fcd5be,false
25755064,0x157f272df7fbc126d35f1988f223145bb69c89dbeea94e603c4578d2c11e46bd,0x7830c87c02e56aff27fa8ab1241711331fa86f43,0xa9d1e08c7793af67e9d92fe308d5697fb81d3e43,2026-08-15T02:27:20,dense_internal_fund_flow,0x1a1da075,true
25755064,0x6c59a77ab76d2766010a597fd0b2ca3d4b36241adbe8d9023c25f610092099e5,0x4337003fcd2f56de3977ccb806383e9161628d0e,0x0000000071727de22e5e9d8baf0edac6f37da032,2026-08-15T02:27:20,privileged_execution_context;complex_trace,0x765e827f,false
25755064,0x6cd7e8f88f18f46176d236133611dd22558897770d4c776cbe9f66805daa13ef,0x971ca6c5956d219cc64d7eec1c883e4c685f68ba,0xd152f549545093347a162dce210e7293f1452150,2026-08-15T02:27:20,dense_internal_fund_flow,0xe63d38ed,true
25755064,0xf2965e10b44af7cd540a10c3c946277ac8d565e88d64535a6a45e2a675cb3488,0x4838b106fce9647bdf1e7877bf73ce8b0bad5f97,0xfeeeeee44046c3f61a8cc081e0918ef0de0a7ffc,2026-08-15T02:27:20,selfdestruct_context,0x6a7f5dff,true
25755064,0x0d49e970367f435a2d6ef0a9a97d61a6480bb9fb209baf8ba373d0ab7128b199,0xa3ab2b10bf2508a9e4455a35e2f4a9d0ced18464,0x91ff8bbd8ebb07893010d50a48a1609e5ebd8e34,2026-08-15T02:27:21,complex_trace;high_gas_used_context,0x069d1525,false
25755064,0x3116f3131de460c207333c841e917fc682b4918251722ac7cce99f8cc3428541,0x45df5e6c3bccb8a03049653472096156aaec8012,0x78ace9b2ee9a31737fad748015266a59f32dc79a,2026-08-15T02:27:21,dense_internal_fund_flow;complex_trace;high_gas_used_context;token_activity_burst,0x9265bb9d,true
25755064,0x37ed0793eb1de030324c0d1524191cb2abdb049724851969ebef60291dc10840,0x59aab1bd0d26290274398c07b55955c15425e16b,0x00fe78205f5f0e63b8ad2b2ae5337f538a610e04,2026-08-15T02:27:21,complex_trace;high_gas_used_context,0x34fcd5be,false
25755064,0x6c9947e2620714be5be9413db860cacd4139e7c85bcb8a6324cde938e4901660,0x5a9ce6113eb1a3d6cb3ee9739b438c6f0c8d32c7,0x91ff8bbd8ebb07893010d50a48a1609e5ebd8e34,2026-08-15T02:27:21,complex_trace;high_gas_used_context,0x069d1525,false
25755064,0x75b1876d57ba5c2c7d85e5b6274bae4011f3efaf8339cbf9bae361937f6f24fb,0x4838b106fce9647bdf1e7877bf73ce8b0bad5f97,0xfeeeeee44046c3f61a8cc081e0918ef0de0a7ffc,2026-08-15T02:27:21,selfdestruct_context,0x6a7f5dff,true
25755064,0xb9a7f1afbba0e95852128a934099b4f1971fb3aba082fc36d5c09b6e4f15d4eb,0x4838b106fce9647bdf1e7877bf73ce8b0bad5f97,0xfeeeeee44046c3f61a8cc081e0918ef0de0a7ffc,2026-08-15T02:27:21,selfdestruct_context,0x6a7f5dff,true
25755065,0x1311bdaee43cf2e01e0dcb5e5494cc9849a9743e4e6fa1898b4bb02d19b032d2,0x0e0052a184fd59c6b7e1e99d739802ecb3aec0e4,0x0b8a49d816cc709b6eadb09498030ae3416b66dc,2026-08-15T02:27:32,complex_trace;approval_burst,0xf497df75,false
25755065,0x93ccc04a7282d4203b2b6714383b033161eb7eb418d0747bd4a38036855c4663,0x5609bb231ec547c727d65eb6811ccd0c731339de,0xf4e147db314947fc1275a8cbb6cde48c510cd8cf,2026-08-15T02:27:32,privileged_execution_context,0x760d0f9d,false
25755066,0x8541432d88e1dfc7a77a0a45e74cb1dcc6a7e4f46b34487fbf0e4fabf66b9f73,0x0e0052a184fd59c6b7e1e99d739802ecb3aec0e4,0x0b8a49d816cc709b6eadb09498030ae3416b66dc,2026-08-15T02:27:45,complex_trace;approval_burst,0xf497df75,false
25755066,0x9f8c2e6cde03d0537f3c834cc727dd0799c910b66d3b6b87337e84f9a681dfca,0x50bf934781f63028c5c8ef49c4affe19a86d99b6,0x8d04cc7e86e687854eb41d9d43512b655b93184b,2026-08-15T02:27:45,selfdestruct_context,0xb5291b32,false
25755067,0x0f0f05c0d503569b203115b0b7a03af486319e546a5da7bb3b9ca34c0778eefb,0x1e060fb7847ab8de0e05e898c16714c9dcc9de6d,0x91ff8bbd8ebb07893010d50a48a1609e5ebd8e34,2026-08-15T02:28:00,complex_trace;high_gas_used_context,0x069d1525,false
25755067,0x1354e3d5ad746081bffc00985c820c180c1988a884d018452d9c33c4b286ed4d,0x7f56302966ef91afb0d7baddc92b793efa8da7d9,0x91ff8bbd8ebb07893010d50a48a1609e5ebd8e34,2026-08-15T02:28:00,complex_trace;high_gas_used_context,0x069d1525,false
25755067,0x1d053ff10803e56c9dc0cc3c11162361ac7dba75c8ef160c8bc56cb926c5bd58,0x161643f280b09be8e0271eef8efc6c264d125003,0x6eb53247e1e278e4893bce9f3e060977bb000f64,2026-08-15T02:28:00,dense_internal_fund_flow;token_activity_burst,0xa9059cbb,true
25755067,0x2ff313e89cc9c42a1f953ed72e058ef68d2e48d402d1f8d0c1a0133be4187801,0x4838b106fce9647bdf1e7877bf73ce8b0bad5f97,0xfeeeeee44046c3f61a8cc081e0918ef0de0a7ffc,2026-08-15T02:28:00,selfdestruct_context,0x6a7f5e23,true
25755067,0x44645a0a36b4678cb76d880c7c07d4caeb65aa82e8f579f9381dd479ddeba833,0x6572d9dbd1e4a1a1a81760dcc4310269b59950c7,0x91ff8bbd8ebb07893010d50a48a1609e5ebd8e34,2026-08-15T02:28:00,complex_trace;high_gas_used_context,0x069d1525,false
25755067,0x585d9c7618469e738b845f1c6e4f9574cf7ce1cd76b7fef81995890b6d22bed9,0xe9fce949e03ed55426471dbdb33847a248a83573,0x91ff8bbd8ebb07893010d50a48a1609e5ebd8e34,2026-08-15T02:28:00,complex_trace;high_gas_used_context,0x069d1525,false
25755067,0x591bd56506e84af3c6c90d2e1fed9df6412ed5b9c961c9d43619d7e54cf4cc2b,0x41d209d275027e3dcf5ddc4d0c30cd6c6ece1ffd,0x91ff8bbd8ebb07893010d50a48a1609e5ebd8e34,2026-08-15T02:28:00,complex_trace;high_gas_used_context,0x069d1525,false
25755067,0x7f2a21e29a116de4cd9646fde0573324efc586ef467dee7938842b744f4ee8f4,0x64b9edd67c96c76bc3f9472c5a9e83547cfd4380,0x91ff8bbd8ebb07893010d50a48a1609e5ebd8e34,2026-08-15T02:28:00,complex_trace;high_gas_used_context,0x069d1525,false
25755067,0x978871a02a878ffa00f0eaf44905aff88d8f0cadaef1ac363cad5cc39ef75bc6,0x61193d978c9ce5ba69293da96a56113be8de981c,0x91ff8bbd8ebb07893010d50a48a1609e5ebd8e34,2026-08-15T02:28:00,complex_trace;high_gas_used_context,0x069d1525,false
25755067,0xd9e2c85b2d1b5264171f5bfc02bd07e2df388f283c5b94239de934177d90c651,0x96065737f425963af3442b1c6da7c816afd72746,0x0000000000000068f116a894984e2db1123eb395,2026-08-15T02:28:00,complex_trace;high_gas_used_context,0x87201b41,false
25755068,0x4c92e5c6b1623cd990c1327f07c1f427dcf4d69a42c33ee18c31b834c7355470,0x72663ec3f3dcf59beff5d20594fd5777e05d9c17,0x91ff8bbd8ebb07893010d50a48a1609e5ebd8e34,2026-08-15T02:28:13,complex_trace;high_gas_used_context,0x069d1525,false
25755068,0x7628b9e688a2da6b659efb310c0298edaffc46210f6d96b4b20ad07fa5ab4725,0x0f6d91fbafa15c3f20e72a4cbf16ed65dd96323d,0x91ff8bbd8ebb07893010d50a48a1609e5ebd8e34,2026-08-15T02:28:13,complex_trace;high_gas_used_context,0x069d1525,false
25755068,0xf4a50a26b48f49a21e3c03a89bee9541f85f2d9e5f3f1d9008855d72982f8a51,0xbcca6aed433d9020c50d44560f9679f1b5eb511d,0x66a3c2fa3e467aa586e90912f977e648589cabaf,2026-08-15T02:28:13,complex_trace;high_gas_used_context;token_activity_burst,0x095ea7b3,false
25755068,0xfcac5b8f65f0bd202f2e3a2d12d477db85264e488b955f214354b7fe467af87c,0xd15f6f532db1b501b0c72640734d3173fc9417d3,0x7a250d5630b4cf539739df2c5dacb4c659f2488d,2026-08-15T02:28:13,dense_internal_fund_flow,0x02751cec,true
25755068,0x30cf26229d6b0d1093f5ba5020e0884242eaeaf2fc83d71160eeb77db9c6959b,0x346d25338f3cbd5a102011ca33a47d26b9400b90,0xacddac6c77318b615f7f6fb9bb67c6833e9c05f1,2026-08-15T02:28:15,large_erc20_asset_flow;complex_trace,0x571d3dc7,true
25755069,0x4472f862117e23c531dad4d9acb0ef9df96c56c43a7501f0080f34e3435ff8a6,0x77746d6ffa0bf81eda08b16826d9b1e3068b593c,0x555ce236c0220695b68341bc48c68d52210cc35b,2026-08-15T02:28:21,complex_trace;high_gas_used_context;token_activity_burst,0xc3c16ee4,false
25755069,0x64371a76c9880bafc56227abab7d9a8b1b6e8b4f08a529291b3550675fbb830b,0x7b49bc3ebbdf7322f31c6449320382bbec3be1b6,0xad3b67bca8935cb510c8d18bd45f0b94f54a968f,2026-08-15T02:28:21,dense_internal_fund_flow;complex_trace;token_activity_burst;approval_burst,0x146ee74d,true
25755069,0x7d7f1e79db29e381f9a7fcfdeaae8d3774fe059c3b4efba8c98c73539d08eb7a,0xdda3b51e29f9d6fad865c5dd7070d5f7eb57663e,0x8d8210a0252a706cb5de0c6f8e46b6d3692afc19,2026-08-15T02:28:21,complex_trace;high_gas_used_context,0xffc3a769,false
25755069,0xd64a219d057205dcd1e86b730b3259cb2c2aa2359a0e5ce6e3366e89bf74b968,0x7830c87c02e56aff27fa8ab1241711331fa86f43,0xa9d1e08c7793af67e9d92fe308d5697fb81d3e43,2026-08-15T02:28:21,dense_internal_fund_flow,0x1a1da075,true
25755069,0xe227d074cfeaa83004ea189632924b10ea919da2c0b4d8dc953ac27951e417e6,0x4838b106fce9647bdf1e7877bf73ce8b0bad5f97,0xfeeeeee44046c3f61a8cc081e0918ef0de0a7ffc,2026-08-15T02:28:21,selfdestruct_context,0x6a7f5e3b,true
25755069,0xec1d30299eb83e42584b3c1a9499ff9002b4d36c5c1347cb1858314a255fee80,0x4838b106fce9647bdf1e7877bf73ce8b0bad5f97,0xfeeeeee44046c3f61a8cc081e0918ef0de0a7ffc,2026-08-15T02:28:21,selfdestruct_context,0x6a7f5e3b,true
25755070,0xbe90754c7af4aa74af0a2a826d2e8abab7ddba9fab03ef4b5cc3e6a1c1729d15,0x536d4763211552c44dc7331079e26fb41d394786,0xb300000b72deaeb607a12d5f54773d1c19c7028d,2026-08-15T02:28:35,complex_trace;approval_burst,0x810c705b,true
25755070,0xed2cd3ac3bf06af00152d13f88c63f5804c22dbf6f95a21c9b42a705d9a153ea,0x5b43453fce04b92e190f391a83136bfbecedefd1,0xbdb3ba9ffe392549e1f8658dd2630c141fdf47b6,2026-08-15T02:28:35,complex_trace;high_gas_used_context;token_activity_burst,0x000000c3,false
25755070,0x15942a9c8b7eb3fb63c741d4a0669a164e2b1311cfe6526d5970154670a875c4,0x09cfee647fa339133380191c8db6b44f24500c9d,0x77b85afbcd336993ac1c65057531c5a5b33b76b8,2026-08-15T02:28:36,repeated_internal_token_drain;dense_internal_fund_flow;complex_trace;high_gas_used_context;token_activity_burst;repeated_risky_internal_calls,0xa9059cbb,true
25755070,0x1eeaf9039af3fe0524457541deb23b9264f63fdc8222a694ce0ac67f85fb10fc,0xd6434d157f254276d69ede3bd9fc805482206908,0x7ec8a30a34b86927dc77b302603d1d53e640bef7,2026-08-15T02:28:36,repeated_internal_token_drain;dense_internal_fund_flow;complex_trace;high_gas_used_context;token_activity_burst;repeated_risky_internal_calls,0xa9059cbb,true
25755070,0x430d7169cbb97b395062d94a8e4206feefbb9d2352fe19bc2a28eca00b61efea,0xdda3b51e29f9d6fad865c5dd7070d5f7eb57663e,0x8d8210a0252a706cb5de0c6f8e46b6d3692afc19,2026-08-15T02:28:36,complex_trace;high_gas_used_context,0xffc3a769,false
25755070,0x7de524ef9d67a65dbffe62980c62dcd90408e88f6a5f51503ffe53c9d7345e83,0x3431172c887cf150d9fdaba9876273d9db566367,0x64f5aad0e38e2ff9f50f2e51e813e49c05aca41a,2026-08-15T02:28:36,complex_trace;token_activity_burst,0xa9059cbb,false
25755070,0xb5dc43e44bfebf7fb46619558a94f875b6546c82335ca9fb847a3d9b346188a8,0x4838b106fce9647bdf1e7877bf73ce8b0bad5f97,0xfeeeeee44046c3f61a8cc081e0918ef0de0a7ffc,2026-08-15T02:28:36,selfdestruct_context,0x6a7f5e47,true
25755070,0xb8fd574c297596354192f429d91dcc4419ddbfc510958f1695f5eb8c1fb76ff5,0xf5d9fc91ca9f9806d661d85e8efb5346f573c476,0x7a250d5630b4cf539739df2c5dacb4c659f2488d,2026-08-15T02:28:36,dense_internal_fund_flow,0x791ac947,true
25755070,0xefb20c6db49cd5d451949d5e7ecb59aa1455e557a9313da36958c6b0fc819596,0x1584a8ee67789d1fe161065388657ad2f2a3c7dd,0x77eb52e44db06777bce478159f25c0d55a295314,2026-08-15T02:28:36,repeated_internal_token_drain;dense_internal_fund_flow;complex_trace;high_gas_used_context;token_activity_burst;repeated_risky_internal_calls,0xa9059cbb,true
25755071,0x6ed846d7dee2dca2aac2598f4da075fc89c266e9d113ffaec8b0605d791a0a37,0xf82ac5937a20dc862f9bc0668779031e06000f17,0xf573e9e3de1f86b085417ab294f56e7920b4e9be,2026-08-15T02:28:53,dense_internal_fund_flow;complex_trace;high_gas_used_context,0x78a94ff0,true
25755071,0x9941810ce9853080ff46400cadf16c6b649f865d374c9b5455eeb12b80bc5261,0x4838b106fce9647bdf1e7877bf73ce8b0bad5f97,0xfeeeeee44046c3f61a8cc081e0918ef0de0a7ffc,2026-08-15T02:28:55,selfdestruct_context,0x6a7f5e53,true
25755071,0xd4d25007cb9d23489de559cd590b04fa404d2ed388cfabdfe6319f88f2d1e2ed,0x59aab1bd0d26290274398c07b55955c15425e16b,0x00fe78205f5f0e63b8ad2b2ae5337f538a610e04,2026-08-15T02:28:55,complex_trace;high_gas_used_context,0x34fcd5be,false
25755072,0xf70a0c9cc16b8e2a3ab03695862c3fec50626becc305e0049e46bda719954aaf,0x283132390ea87d6ecc20255b59ba94329ee17961,0x604e586f17ce106b64185a7a0d2c1da5bace711e,2026-08-15T02:29:00,complex_trace;high_gas_used_context,0x22bee494,false
25755073,0x06925b708da705a37259a1a8cbbc597c611ec59359caf390152fd6a9cd42feb7,0x3bfd1ab8e550d2fb94f171b5f82afad538d5b155,0x337685fdab40d39bd02028545a4ffa7d287cc3e2,2026-08-15T02:29:19,dense_internal_fund_flow;complex_trace,0x30dedc57,true
25755073,0xa58634c7097d4013cd153fe33b5aa715c7b599710ebe754aee5571e3760624ff,0x50bf934781f63028c5c8ef49c4affe19a86d99b6,0x8d04cc7e86e687854eb41d9d43512b655b93184b,2026-08-15T02:29:19,dense_internal_fund_flow;complex_trace;selfdestruct_context,0x4a1bf18a,true
25755073,0xcbafbd619ab0658c4c3aa2bb2f0d3fa50d514e8bc4285b10601702629b7fbd0a,0xada5bb90d0de0bd1b6f3938708f49295a8d1f7cb,0xccc88a9d1b4ed6b0eaba998850414b24f1c315be,2026-08-15T02:29:19,dense_internal_fund_flow;complex_trace,0x0a2b8f36,true
25755073,0xd9ff2ec7a414998cb06e400aefb3b4a80e1419749d11ba38882982d3b148b6d7,0x22977be37141bbb024d8c49489990e4049c5b82a,0x4c82d1fbfe28c977cbb58d8c7ff8fcf9f70a2cca,2026-08-15T02:29:19,dense_internal_fund_flow,0x3593564c,true
25755073,0x0457f4acc8364aa78983cf266941af7ec1e569500305cbcc190b64990f4b87fa,0x09cfee647fa339133380191c8db6b44f24500c9d,0x77b85afbcd336993ac1c65057531c5a5b33b76b8,2026-08-15T02:29:20,repeated_internal_token_drain;dense_internal_fund_flow;complex_trace;high_gas_used_context;token_activity_burst;repeated_risky_internal_calls,0xa9059cbb,true
25755073,0x0cc9c24e02d5c68a69f5d6197da9b976f55dab4db89b7d3917b0ee66ed74e47c,0x7830c87c02e56aff27fa8ab1241711331fa86f43,0xa9d1e08c7793af67e9d92fe308d5697fb81d3e43,2026-08-15T02:29:20,dense_internal_fund_flow,0x1a1da075,true
25755073,0x2a4e64bb3ee0993601e01a591b775197e0f6c992ecee361c6dd8b1b17f12c792,0x59aab1bd0d26290274398c07b55955c15425e16b,0x00fe78205f5f0e63b8ad2b2ae5337f538a610e04,2026-08-15T02:29:20,repeated_internal_token_drain;dense_internal_fund_flow;complex_trace;high_gas_used_context;token_activity_burst;repeated_risky_internal_calls,0x34fcd5be,true
25755073,0x35d18e914808d8e75beb410bdddbb961e676bd41f96d04b20e166ec63797fabf,0x18dd3c14e34c1bc379f7538068c59160d9f68e25,0xb92fe925dc43a0ecde6c8b1a2709c170ec4fff4f,2026-08-15T02:29:20,dense_internal_fund_flow,0xcd6e13f7,true
25755073,0x495e36619a97a8b79effed1b7c796fe10ad22aa63b07b7c7a063a1392d451e8b,0xd6434d157f254276d69ede3bd9fc805482206908,0x7ec8a30a34b86927dc77b302603d1d53e640bef7,2026-08-15T02:29:20,repeated_internal_token_drain;dense_internal_fund_flow;complex_trace;high_gas_used_context;token_activity_burst;repeated_risky_internal_calls,0xa9059cbb,true
25755073,0x4f0f4babeba5e4fe9bcc9cda5978f3822e28505429eb84e798c0dfeae3a7b75b,0x4838b106fce9647bdf1e7877bf73ce8b0bad5f97,0xfeeeeee44046c3f61a8cc081e0918ef0de0a7ffc,2026-08-15T02:29:20,selfdestruct_context,0x6a7f5e6b,true
25755073,0x6bf562145f4e5f679eb268bba8e4f36c143784fae0315a10be4292dd28749675,0x4d442e0ef7bca385c730fee37c1d9b0b5a582cad,0x28b1dc1a5e3699a428bc51d234dfab7c9cb2a183,2026-08-15T02:29:20,dense_internal_fund_flow;complex_trace;high_gas_used_context,0xf2c42696,true
25755073,0x80d63e7b8d7c4ee4f0a016b2584b1b14e47bb03ef91cedb30abb40589348ace8,0x0e14a3e9af1afdfc60554e3e2a40c8284d647093,0x28b1dc1a5e3699a428bc51d234dfab7c9cb2a183,2026-08-15T02:29:20,complex_trace;high_gas_used_context,0x0c307f76,false
25755073,0x951a55ca9051a8531f9cc7fd5ed41c946fc7cf6ff27684c4543e5c68fdab86a2,0xd0c1d936d946ca4ac5f2f799a15d34f93f628e03,,2026-08-15T02:29:20,large_mint_to_sender;privileged_execution_context;contract_creation_context,0x60806040,true
25755073,0xa7ec2231df6ecfd97b9ef65737006cd9e37ae131f2812ecc6d621b35cdfc58f2,0x647d6a8c8e09c17629c1526e5b933d4a6cb8fc0f,0x781cdf8805e01f016fc39204a94e4382c48bcbb4,2026-08-15T02:29:20,complex_trace;high_gas_used_context,0x873f371c,false
25755073,0xccbc321739159a9b27b541c1fd6dec9a09e73099f6a5ada3a2db4912baa0c4d5,0x4838b106fce9647bdf1e7877bf73ce8b0bad5f97,0xfeeeeee44046c3f61a8cc081e0918ef0de0a7ffc,2026-08-15T02:29:20,selfdestruct_context,0x6a7f5e6b,true
25755073,0xedbb1599220f0d5a675c132ce66029c9074c95bccfa5752662223e4da852d0ab,0xf70da97812cb96acdf810712aa562db8dfa3dbef,0xb92fe925dc43a0ecde6c8b1a2709c170ec4fff4f,2026-08-15T02:29:20,dense_internal_fund_flow;complex_trace,0xcd6e13f7,true
25755074,0x1d50782dbcf75d2db84965173b5275c7ca066e7245095627b8d1a0f4b4bcea31,0x59aab1bd0d26290274398c07b55955c15425e16b,0x00fe78205f5f0e63b8ad2b2ae5337f538a610e04,2026-08-15T02:29:28,complex_trace;high_gas_used_context;token_activity_burst,0x34fcd5be,false
25755074,0x3168c50f7bed12888140b1a8164188179fb1201c0105f4b6f2a1b17e0b6ff705,0xe487832018fbd594c84f1db3dfac61cde98a5f36,0x91ff8bbd8ebb07893010d50a48a1609e5ebd8e34,2026-08-15T02:29:28,complex_trace;high_gas_used_context,0x069d1525,false
25755074,0x3498ed08f08c8b64b70ebd0813cf63a5d92408666df7dba0b055292571e4782b,0x622704015884a6972617589d7163dcfc86982cf2,0x950fd558f47e234a2fde23b7d61f7ccdbcb4a86f,2026-08-15T02:29:28,large_erc20_asset_flow;complex_trace;high_gas_used_context;token_activity_burst,0xdd225095,true
25755074,0xb365272158a193c6ee1cd0752f8ccee4d267cf8436dbe3baeff1332ec07d59eb,0xde992badd92adaf9146255e9bde6a70770973664,0x3d0f22bf11636cc9cb129e2b261eed35a487455c,2026-08-15T02:29:28,complex_trace;high_gas_used_context,0xa9059cbb,false
25755074,0xd3445d1cfe43f29976263a05add75b80ad2c229397ce3735bb23b2cf4b0fe757,0x1584a8ee67789d1fe161065388657ad2f2a3c7dd,0x77eb52e44db06777bce478159f25c0d55a295314,2026-08-15T02:29:28,repeated_internal_token_drain;dense_internal_fund_flow;complex_trace;token_activity_burst;repeated_risky_internal_calls,0xa9059cbb,true
25755074,0xf2c65a24fdd4f28aa2b5bae89f3c06a1bcf1c31ea7c47afeebb4cd21bcd269f1,0xd6434d157f254276d69ede3bd9fc805482206908,0x7ec8a30a34b86927dc77b302603d1d53e640bef7,2026-08-15T02:29:28,repeated_internal_token_drain;dense_internal_fund_flow;complex_trace;high_gas_used_context;token_activity_burst;repeated_risky_internal_calls,0xa9059cbb,true
25755075,0x0564c677be7b960b656792a01c51721b9fe7e059ee40a5866409aabd5cc35600,0x2b3fed49557bd88f78b898684f82fbb355305dbb,0x09c30cdcdd971423cb3ba757a47d56c35d06d818,2026-08-15T02:29:37,dense_internal_fund_flow,0x318adb8b,true
25755075,0x1c72c640d960e79b454eb4c392f388e7cf7b8edcf5ff97b91b74680680281403,0xea5148cdd35e2e743c8d6d2f00c37f456d2cd2c1,0x69460570c93f9de5e2edbc3052bf10125f0ca22d,2026-08-15T02:29:37,dense_internal_fund_flow;complex_trace,0x14d08fca,true
25755075,0x3ac5951298c41437095b885dc8fd4d525056960b53a2a7ebfa5a98747fdd14bc,0x56cea297e6f183e2bd1d6e373c12c8e2c62f21f8,0x3d90f66b534dd8482b181e24655a9e8265316be9,2026-08-15T02:29:37,complex_trace;high_gas_used_context;token_activity_burst,0x47ee97ff,false
25755075,0x5172a3ee2cd565a3b11ea4e67eeb96c630a7fc7fa6f00d5a2aaea54a4f410135,0x8b5606469e21c75edd7c74d1c7a65824675d9aff,0x9ccc2f3ecde026230e11a5c8799ac7524f2bb294,2026-08-15T02:29:37,dense_internal_fund_flow;complex_trace,0x1bc74526,true
25755075,0x97a55cdf36b1ccfec94277377611f2be062e218192c6291adf576b353b6dac68,0xdadb0d80178819f2319190d340ce9a924f783711,0xfeeeeee44046c3f61a8cc081e0918ef0de0a7ffc,2026-08-15T02:29:37,selfdestruct_context,0x6a7f5e83,true
25755075,0xa88a786c5604e1d3d4c9736700689f28b18d12cb10c6d41d30b0d6d0b4565ace,0xdadb0d80178819f2319190d340ce9a924f783711,0xfeeeeee44046c3f61a8cc081e0918ef0de0a7ffc,2026-08-15T02:29:37,selfdestruct_context,0x6a7f5e83,true
25755075,0xbcb36cdb73bf2d30754dc51e701b5d5130fcdb6d6287e28d408113a7d41ffac9,0x5afec0de001999766fb883860cae06f5932e6f32,0xe27baebd7b14602de3797974db9f5f4f8dcb6679,2026-08-15T02:29:37,extreme_dex_price_manipulation;dense_internal_fund_flow;complex_trace,0x00000000,true
25755075,0xc223667c99453a4f07ede105c2a909f155e5de629ad2996f483d47a9a0f0d93b,0xdadb0d80178819f2319190d340ce9a924f783711,0xfeeeeee44046c3f61a8cc081e0918ef0de0a7ffc,2026-08-15T02:29:37,selfdestruct_context,0x6a7f5e83,true
25755076,0x6013e99edfb7eed765b0825db774e54f3ab345425b3bd880b18d5f272a4bea70,0x4838b106fce9647bdf1e7877bf73ce8b0bad5f97,0xfeeeeee44046c3f61a8cc081e0918ef0de0a7ffc,2026-08-15T02:29:42,selfdestruct_context,0x6a7f5e8f,true
25755076,0xd7cc5e802cf6bfd9c4a9f534f3d5b060e8de6bfe0586ecc853cfa0ef9eea0a7e,0x41d61fe85967ec538106b20a7757a1e405f5c1f6,0x0000000000000068f116a894984e2db1123eb395,2026-08-15T02:29:42,complex_trace;token_activity_burst;approval_burst,0x87201b41,false
25755076,0xeb11a24426e0c055b03343d876244b7a85951685009759512d59c9ff247be5ae,0x4838b106fce9647bdf1e7877bf73ce8b0bad5f97,0xfeeeeee44046c3f61a8cc081e0918ef0de0a7ffc,2026-08-15T02:29:42,selfdestruct_context,0x6a7f5e8f,true
25755076,0x50ffaaf67b6f380f66abb6336afbedc01f22fd45c0f15a5add5c060057f5063a,0x8a8c3c1355d63bb2c48796c584253bae912b6a58,0x91ff8bbd8ebb07893010d50a48a1609e5ebd8e34,2026-08-15T02:29:43,complex_trace;high_gas_used_context,0x069d1525,false
