block_num,tx_hash,from,to,detect_time,attack_signals,selector,has_asset_impact
25674407,0xc19bfab7ff4b593d180121a80b8acb8951cf376ebe3678438b3d93d079034018,0x6e868d581784220e4f1a0f922091fe188c31f012,0xbd216513d74c8cf14cf4747e6aaa6420ff64ee9e,2026-08-03T20:45:05,dense_internal_fund_flow;complex_trace,0xdd46508f,true
25674408,0xd8a20199c9bd40f0b7c29c3d18ccef9538e036c25935895a06365de1ecbd0509,0x3e7e0b934ea68fc461ef181263e6ee078b5fd542,0x03f34be1bf910116595db1b11e9d1b2ca5d59659,2026-08-03T20:45:09,dense_internal_fund_flow;complex_trace,0xe47d166c,true
25674409,0x442c30728a158532954b2051bd02d2d09ac6c074f11cfdff5d1c4803d6daffab,0x82329f65340f739854625cdf0b1a7b2fd67852b9,0x28b1dc1a5e3699a428bc51d234dfab7c9cb2a183,2026-08-03T20:45:17,complex_trace;high_gas_used_context,0x0c307f76,true
25674409,0x2613892c2cf02642776d1550ca6cd7e4fa0aa99bd7c7232ea5ca1aad8b6beb36,0x30cd428241ddef35431404532edf868369d2a5b0,0x0000000000001ff3684f28c67538d4d072c22734,2026-08-03T20:45:19,large_erc20_profit_to_sender;large_erc20_asset_flow;complex_trace,0x2213bc0b,true
25674409,0x48878a7b2c7be8f798f665faecb3c5154d310fab95b26503b662cf1438804aa8,0xd7f455cb72895a8b55dedf2e6c90629e8a0bf91f,0x6566194141eefa99af43bb5aa71460ca2dc90245,2026-08-03T20:45:19,large_erc20_asset_flow;complex_trace,0x374f435d,true
25674409,0x8b5caa084261e3849f86d95233fb6b5e2037c22cd1e535bf2824cf9b482c7646,0x4337016838785634c63fce393bfc6222564436c4,0x0000000071727de22e5e9d8baf0edac6f37da032,2026-08-03T20:45:19,privileged_execution_context;complex_trace,0x765e827f,false
25674409,0xee300a79f63a73c78042108aa8f138788ca4ff870c6f6a6f8fe7cddc4c75d8f2,0x3431172c887cf150d9fdaba9876273d9db566367,0x64f5aad0e38e2ff9f50f2e51e813e49c05aca41a,2026-08-03T20:45:19,complex_trace;token_activity_burst,0xa9059cbb,false
25674410,0x9da5c0b1391a557f406605c5d9fdc5ed3303f842d4a5928744ae66bb4d7be648,0xed0896aaa00b60387f22647278b8cddf2f3ee00d,0xd15e62e64c1265dfb753ed6e7c76cb5ff8f276c7,2026-08-03T20:45:26,large_erc20_asset_flow;complex_trace,0xe9ae5c53,true
25674410,0xfe8d76dc9899f3397f9376ad3aa0fb6ef61aeab83231fba5e34de0029bcd43f1,0xf5b99c98e5f4b5a99fe61d97533cdd408d5bfd43,0x069662d2588fcac24b5c209456db965d151556f0,2026-08-03T20:45:26,large_erc20_asset_flow,0xac9650d8,true
25674410,0xe742522c7bb742744d7dd311920d001f44378c7c5deec2a8dfc3712a56f0bee2,0x28232dac1e213d7d313dc1d65e9133aa918ee27f,0xbb7626158dece9ad43d76817826a5c4a4c3579cc,2026-08-03T20:45:27,dense_internal_fund_flow;complex_trace,0x9304c934,true
25674410,0xc9de20a30a4563c46a8d65d693d31344750dd022189c7fa479fbef639da397bf,0x56a6f704d6047531168a2cd273f4d80973ff4883,0xd9f56e8a1b159b1482ec3bb6ce742fa5ce084f4c,2026-08-03T20:45:29,dense_internal_fund_flow;complex_trace,0xeb1f622a,true
25674411,0x78f635c0401373fb7a98d6c4965c680c1be8d9add422c0f217bc4d317e8a5725,0x4337032d9c9291f05bebded166d947f22b25fa00,0x0000000071727de22e5e9d8baf0edac6f37da032,2026-08-03T20:45:32,large_erc20_asset_flow,0x765e827f,true
25674411,0x86d7aec56d0a4ae446c91d4b920a98cc486db28cd92b133fe14aad018497b5da,0x7830c87c02e56aff27fa8ab1241711331fa86f43,0xa9d1e08c7793af67e9d92fe308d5697fb81d3e43,2026-08-03T20:45:32,large_erc20_asset_flow,0xca350aa6,true
25674412,0x657c6163275e6d5b5ee494240b90db09b693519ec6cb265d560e4a0f20a74a51,0x85b3c124a704ae638622a1e99310f22eee7279c6,0xeddc25b67d474eeecfa4f69227b81d870c467011,2026-08-03T20:45:41,large_erc20_asset_flow;complex_trace,0xc5ebeaec,true
25674412,0x7fc89bd445a3d57ff2ec7ee85b13c6095d5e6818e572e681ad52c3254a1422ae,0x5b43453fce04b92e190f391a83136bfbecedefd1,0xbdb3ba9ffe392549e1f8658dd2630c141fdf47b6,2026-08-03T20:45:41,dense_internal_fund_flow;complex_trace;token_activity_burst,0x000000c3,true
25674412,0x8a75bd583c85bc77d5e7c4cde573f5a683676b40715f1c793e7c3d08d7ea0cfb,0xf53206d8955314b80c1e39c20954c5cab4b387e8,0x881d40237659c251811cec9c364ef91dc08d300c,2026-08-03T20:45:41,dense_internal_fund_flow;complex_trace,0x5f575529,true
25674412,0xd127df73f7d3a1896ed3877e7ccd862795a5518aabe937c074e3e5a7a2fcf926,0x8163751177aef91e66f5a18c931f9ab02c5f14b1,0x0000000000000068f116a894984e2db1123eb395,2026-08-03T20:45:41,complex_trace;high_gas_used_context;token_activity_burst,0x87201b41,true
25674412,0xd19f8873a748d952c18e3a05cfaeff2f006a260f2348b889c65535028daa4dc5,0x7830c87c02e56aff27fa8ab1241711331fa86f43,0xa9d1e08c7793af67e9d92fe308d5697fb81d3e43,2026-08-03T20:45:41,large_erc20_asset_flow,0xca350aa6,true
25674412,0x49aff4bb608d5741161b5e05823db62e036f8adfebe9bbdbe980c50bed9da89f,0x1584a8ee67789d1fe161065388657ad2f2a3c7dd,0x77eb52e44db06777bce478159f25c0d55a295314,2026-08-03T20:45:42,repeated_internal_token_drain;dense_internal_fund_flow;complex_trace;high_gas_used_context;token_activity_burst;repeated_risky_internal_calls,0xa9059cbb,true
25674412,0x6623570034a01a9567b608063621bd25e97ce6a086c830777cc5c4a7d5287062,0x161643f280b09be8e0271eef8efc6c264d125003,0x9df405335696133f243884ad5ef12770ecf8ff44,2026-08-03T20:45:42,dense_internal_fund_flow;token_activity_burst,0xa9059cbb,true
25674412,0x6eb7d928972743bcf5a743ac6a2459fcbf46af320c0565177138023f111203b1,0x7dc5e815303033ece60b4d6a94ad7dcfefccd748,0xb300000b72deaeb607a12d5f54773d1c19c7028d,2026-08-03T20:45:42,dense_internal_fund_flow;complex_trace,0x810c705b,true
25674412,0xc6141f244221a27507bf1150e123693195d07e0841cae5c74f6730d3b51ad538,0xf70da97812cb96acdf810712aa562db8dfa3dbef,0xccc88a9d1b4ed6b0eaba998850414b24f1c315be,2026-08-03T20:45:42,dense_internal_fund_flow,0x0a2b8f36,true
25674412,0xebe7941ec294a232a1190fa532523b2a16a5697b9e12f261220a4ad5cd6f070f,0xde992badd92adaf9146255e9bde6a70770973664,0x3d0f22bf11636cc9cb129e2b261eed35a487455c,2026-08-03T20:45:42,complex_trace;high_gas_used_context,0xa9059cbb,false
25674412,0xf1574d52e7027a1b06b9573dd995aff5de5483391742e01408a9eac2f40ba0c7,0x38d1347bd7c37cecb372fee72c8537d8adef8abf,,2026-08-03T20:45:42,selfdestruct_context;contract_creation_context,0x60806040,true
25674412,0x976fb67bfecba74e088db2fb4a1456ce565ef765cf55690ead94c94b7c2d8b8e,0xcbf7c05345155d548ec0985ea5651e2d022b731c,0xb300000b72deaeb607a12d5f54773d1c19c7028d,2026-08-03T20:45:43,complex_trace;high_gas_used_context;token_activity_burst,0x810c705b,true
25674412,0xe16861df71456dd72f76d47851f95b396ecf93d55de8904ac58c4355147ee1d4,0x3cfdc212769c890907bce93d3d8c2c53de6a7a89,0x0000000071727de22e5e9d8baf0edac6f37da032,2026-08-03T20:45:43,privileged_execution_context;complex_trace,0x765e827f,false
25674412,0xec62010ade4a9f30b4fd57a2368d0e75643e26c8b271e429ae6c1bc92984af80,0x59aab1bd0d26290274398c07b55955c15425e16b,0x00fe78205f5f0e63b8ad2b2ae5337f538a610e04,2026-08-03T20:45:43,repeated_internal_token_drain;dense_internal_fund_flow;complex_trace;high_gas_used_context;token_activity_burst;repeated_risky_internal_calls,0x34fcd5be,true
25674414,0xe071f81695baf2460ab456182dad47b132a2121ffd93a65c69fd65bbc732ebcc,0x09cfee647fa339133380191c8db6b44f24500c9d,0x77b85afbcd336993ac1c65057531c5a5b33b76b8,2026-08-03T20:46:01,high_gas_used_context;token_activity_burst,0xa9059cbb,false
25674414,0xeb76b02180dab8fc1aebeba63b9a9578b3360a474de243a472e2e8211439165e,0x82139c6f24eac27ca10e3627a28e127b85df37bb,0x28b1dc1a5e3699a428bc51d234dfab7c9cb2a183,2026-08-03T20:46:01,complex_trace;high_gas_used_context,0x0c307f76,false
25674414,0xa6a5057d732228539549c4b7fb6b9da33f16cef51a74537494fa556b288a967e,0xb23360ccdd9ed1b15d45e5d3824bb409c8d7c460,0x09c30cdcdd971423cb3ba757a47d56c35d06d818,2026-08-03T20:46:02,dense_internal_fund_flow,0x318adb8b,true
25674415,0xad74f5dca4dcbaa574dee233edb81fc99b567c7d268f558ea4bc13b738c16799,0x535fbde7553a9b04a3bf869956a12f19d66b1e18,0x4313c378cc91ea583c91387b9216e2c03096b27f,2026-08-03T20:46:11,dense_internal_fund_flow;complex_trace,0xeffbec13,true
25674415,0x02a064d03b574bd6b8348ea9f7d7a3b6ef9b8af3f9cfa12fab346d8477b24260,0xe21f8fec8a23168bde3ec7e5e4e1c332acbd2602,0x40a1fe393a7f566f27df6ace18e6773be844dafc,2026-08-03T20:46:12,dense_internal_fund_flow,0xedad400c,true
25674415,0x2776d8d22bfd33c581c82d8a57267e697c0fe1ed8f9585c187f1bef567811bf6,0x283132390ea87d6ecc20255b59ba94329ee17961,0x604e586f17ce106b64185a7a0d2c1da5bace711e,2026-08-03T20:46:13,large_erc20_asset_flow;complex_trace;high_gas_used_context,0x22bee494,true
25674415,0x87efad6f084d3b6f9a57e7ccea9f929a2f2d2020f69640b4dbc43e47eb9ed478,0xf2374bcb265505002055942d070459a4d2011012,0xe5abcc40196174ae0d12153de286f0d8e401769d,2026-08-03T20:46:13,large_erc20_asset_flow;complex_trace;high_gas_used_context,0x6a761202,true
25674415,0xfe7422b72b8165bdd684f01f60aee8f98cf4cd0d2f5278d47715fe254a659d96,0x09cfee647fa339133380191c8db6b44f24500c9d,0x77b85afbcd336993ac1c65057531c5a5b33b76b8,2026-08-03T20:46:13,high_gas_used_context;token_activity_burst,0xa9059cbb,false
25674416,0xd574d65eb12306fb4c91fe0d622bbf5209e1959ea3c625b3e43116bfb878d9d2,0x35a31744530bf5963c83998344567965969b8f11,0x8090a9db6aca56ffa186c75ca0787b18af1058a0,2026-08-03T20:46:19,privileged_execution_context;complex_trace,0xd85064c2,false
25674417,0x9c107dcb2ba83886b35c29be77f48c5220bb7457ab3e436b8f99c52b08938bb3,0x40e5dae1606d32d0d228c26f92e3eb92a92536e4,0x4313c378cc91ea583c91387b9216e2c03096b27f,2026-08-03T20:46:27,dense_internal_fund_flow;complex_trace,0xeffbec13,true
25674417,0xd4ce8eec9eb51740e8bba267fb80a39e003633ab6c57bca1fd4186ce9968f3e9,0x50837288ba720044d07ab645ab1f2eba96ffc344,0x52b335fd4d229c4b4ffa6190526e4b5fb8e3fb09,2026-08-03T20:46:27,large_erc20_asset_flow;complex_trace,0x085c8c5e,true
25674417,0x564a867b2748d82f18cb3289e508fbf9b6ac183fcceee9fffe70f5ae1f0e1c31,0x59aab1bd0d26290274398c07b55955c15425e16b,0x00fe78205f5f0e63b8ad2b2ae5337f538a610e04,2026-08-03T20:46:28,complex_trace;high_gas_used_context;token_activity_burst,0x34fcd5be,false
25674417,0x67d2b38eca37863604df8c4f2d7f349f145eaee3bd4425f6d5861c17a697467b,0x85b3c124a704ae638622a1e99310f22eee7279c6,0x6131b5fae19ea4f9d964eac0408e4408b66337b5,2026-08-03T20:46:28,large_erc20_asset_flow;complex_trace,0xe21fd0e9,true
25674417,0x9104a6b0955000ee0a7aafe43bcc983aef3f5b52295aa159ab8edf4e934509d2,0x09cfee647fa339133380191c8db6b44f24500c9d,0x77b85afbcd336993ac1c65057531c5a5b33b76b8,2026-08-03T20:46:28,high_gas_used_context;token_activity_burst,0xa9059cbb,false
25674417,0xd40590958894dd1201299ce3e0b6ea6e9d85af1b81285d5358b61f3623b6fb18,0x3cfdc212769c890907bce93d3d8c2c53de6a7a89,0x0000000071727de22e5e9d8baf0edac6f37da032,2026-08-03T20:46:28,privileged_execution_context;complex_trace,0x765e827f,false
25674417,0xd9252364deee8da6ba2637b186eedd52f5b7a2002b2499add6ca8402271088ff,0xde992badd92adaf9146255e9bde6a70770973664,0x3d0f22bf11636cc9cb129e2b261eed35a487455c,2026-08-03T20:46:28,complex_trace;high_gas_used_context,0xa9059cbb,false
25674418,0xbaa7e38711e70065c6c034c8f1088b90b112ddc919d35dcaaf4658d1a61d4ddb,0xe71cdb6ece4f1bce002d9fa7ba8ba1ccd9a078a3,0x28b1dc1a5e3699a428bc51d234dfab7c9cb2a183,2026-08-03T20:46:41,complex_trace;high_gas_used_context,0x0c307f76,true
25674418,0xca2ca98030c1f5205bbcc92f3a1504670a9c6ca0e78f34b8a917c920c75c4bb4,0x8f4ed9d2ff30f9df9920b2e3a50a95d97e6549e0,0x39da41747a83aee658334415666f3ef92dd0d541,2026-08-03T20:46:41,dense_internal_fund_flow,0x09ba153d,true
25674418,0xca3417023dfde6657310a2e297d8bdbef1b6c07a5e2ff267cf3b9439c7e24af9,0x09cfee647fa339133380191c8db6b44f24500c9d,0x77b85afbcd336993ac1c65057531c5a5b33b76b8,2026-08-03T20:46:41,high_gas_used_context;token_activity_burst,0xa9059cbb,false
25674419,0x37d2438c159a6d561517b19f4fc0dbeb80fdd98431b420d757bda1208299acc7,0x7dc5e815303033ece60b4d6a94ad7dcfefccd748,0xb300000b72deaeb607a12d5f54773d1c19c7028d,2026-08-03T20:46:47,dense_internal_fund_flow;complex_trace;high_gas_used_context;token_activity_burst,0x810c705b,true
25674419,0xa1fb9abde25e3341efda6ade8547349c4160da8d373a6bb3906ed6105113361e,0xf2374bcb265505002055942d070459a4d2011012,0xe5abcc40196174ae0d12153de286f0d8e401769d,2026-08-03T20:46:47,dense_internal_fund_flow;complex_trace;high_gas_used_context,0x6a761202,true
25674419,0xb18daff2b4ca328c2041dcb15193f85f36d4d380a9be52f6b02ce38a9bc4cd39,0x59aab1bd0d26290274398c07b55955c15425e16b,0x00fe78205f5f0e63b8ad2b2ae5337f538a610e04,2026-08-03T20:46:47,complex_trace;high_gas_used_context;token_activity_burst,0x34fcd5be,false
25674419,0xbd39dbd5026700f2fec1350149e2ebb135bac7cff9cf3016f271dadb93ab75ff,0x1fcc47ee0f19ca0f07f8b987f0ad32ac204c03a7,0x24ed27b2bc7848b88570f32066a5f5b9a37b07fa,2026-08-03T20:46:47,large_erc20_profit_to_sender;large_erc20_asset_flow;complex_trace,0x70a10c89,true
25674419,0x82bc9765d7ff74231f7abcdd4d27abe1b528771fbe730756790ebe0d01dd3776,0x0280b5a5292f815f2e5392006c6cd0c0bd5edaa9,0x950fd558f47e234a2fde23b7d61f7ccdbcb4a86f,2026-08-03T20:46:48,large_erc20_asset_flow;complex_trace,0xdd225095,true
25674419,0x8eb27a0ac5d624685857a9cac7ec5a3ed4623d7b0769f906ba85213c61babf86,0x3cfdc212769c890907bce93d3d8c2c53de6a7a89,0x0000000071727de22e5e9d8baf0edac6f37da032,2026-08-03T20:46:48,privileged_execution_context;complex_trace,0x765e827f,false
25674419,0xaef79a82bb038dac057592805c38a7eb42e0e5b52f348d1a6ff5d39c9f111753,0x17a9aa3f7945fb00c2eb16857baa4adb63da59db,0x0000000071727de22e5e9d8baf0edac6f37da032,2026-08-03T20:46:48,complex_trace;high_gas_used_context;token_activity_burst,0x765e827f,false
25674420,0x05142d05a5508cc639885358050c753f78a74da4294b932854ca8b9dd5966b64,0xed0896aaa00b60387f22647278b8cddf2f3ee00d,0xd15e62e64c1265dfb753ed6e7c76cb5ff8f276c7,2026-08-03T20:46:54,large_erc20_asset_flow;complex_trace,0xe9ae5c53,true
25674420,0x0ada87f2a1ce7d437691a074c2e921e9c0dfff7cbff3dc0e184d241940d93efb,0xc912027e7143b98ae64aedaa8f60cecb641bc247,0x52b335fd4d229c4b4ffa6190526e4b5fb8e3fb09,2026-08-03T20:46:54,large_erc20_asset_flow;complex_trace,0x085c8c5e,true
25674420,0x4c6e32d5faf76b63a79cfef7989aa1e27c4fa11b687c566dc98ae603a5fcfce6,0x7c52a2836bb70d54779db14a3c78672b7cb877fc,0xb222da0f9c22ad2addcb0b0d6b150f398e44157a,2026-08-03T20:46:54,large_erc20_asset_flow;complex_trace;high_gas_used_context;token_activity_burst;approval_burst,0xef4d7b75,true
25674420,0xe53390fb1ce206bee538f85102d84745de6e2a4412e2a1c2e80383cf67c69f9b,0x920c10369e619a1369e9a647aeb36e4ca8f238b5,0x4313c378cc91ea583c91387b9216e2c03096b27f,2026-08-03T20:46:54,dense_internal_fund_flow,0xeffbec13,true
25674420,0xe7f895b50d4071de47064ca3f279645aaf616f6230e9ef6af7b412412ad6060d,0x1584a8ee67789d1fe161065388657ad2f2a3c7dd,0x77eb52e44db06777bce478159f25c0d55a295314,2026-08-03T20:46:54,repeated_internal_token_drain;dense_internal_fund_flow;complex_trace;high_gas_used_context;token_activity_burst;repeated_risky_internal_calls,0xa9059cbb,true
25674420,0x27768e08bdaecc1cd54116b7788e63d24b5b7a95d5607aee709233397d5809e4,0xbad000006db10503589262b55d09bb7b3c5e1472,0xbbbbb048b1a85ca221058c45525095b6a68bbbbb,2026-08-03T20:46:55,complex_trace;high_gas_used_context;token_activity_burst,0xa9059cbb,false
25674421,0x29b95eac7a7611b1a58baf2186be2ed31b2ac107470d49ca59789516da903636,0x59aab1bd0d26290274398c07b55955c15425e16b,0x00fe78205f5f0e63b8ad2b2ae5337f538a610e04,2026-08-03T20:47:00,complex_trace;high_gas_used_context;token_activity_burst,0x34fcd5be,false
25674422,0xdd613630951b36752b1fc1e42438089251d55a3ac89aff5633c0df9a804a38b6,0x7830c87c02e56aff27fa8ab1241711331fa86f43,0xa9d1e08c7793af67e9d92fe308d5697fb81d3e43,2026-08-03T20:47:08,large_erc20_asset_flow,0xca350aa6,true
25674422,0xebb72b97f3419e25b5cfd218fc26b996baee2f3bc2e63737d2e7c1a0741698c5,0x56c262027e0de4aea31d2489529cb25d23e58a8b,0xccc88a9d1b4ed6b0eaba998850414b24f1c315be,2026-08-03T20:47:08,dense_internal_fund_flow;complex_trace,0x0a2b8f36,true
25674422,0xeeb862dfd22e931d671fe06f3164b28cd6c6220a844bcfe339a07e817a84a790,0x938a4978a5403b7b564f9a473b059d1f5afc6936,0x6131b5fae19ea4f9d964eac0408e4408b66337b5,2026-08-03T20:47:08,large_erc20_asset_flow;complex_trace,0xe21fd0e9,true
25674422,0x30210a1fe8cc904188a977df330a4fb2f6b8cb0b19a5b97d9d957ee1f65ba1fd,0x00de4d8658ab249627286fcf9f920b3078aea4fe,0x1f21d09c65bc8af92634dcd5a100b6d04f0c81c3,2026-08-03T20:47:09,large_erc20_asset_flow;complex_trace,0x2f336f54,true
25674422,0x3483a082e4129e073baf7ee7487ec7382ef8c3b3d92a1bbf98da18163a63c586,0x00de4d8658ab249627286fcf9f920b3078aea4fe,0x1f21d09c65bc8af92634dcd5a100b6d04f0c81c3,2026-08-03T20:47:09,large_erc20_asset_flow;complex_trace,0x2f336f54,true
25674422,0x7c3cf3b0224463e567e6ce9be3f178a5b92b7523580be2a90ace7bde3cd41335,0x062f05cd6c835677b05a8658a351969476861316,,2026-08-03T20:47:09,privileged_execution_context;high_gas_used_context;contract_creation_context,0x60806040,false
25674422,0xbe4e15d9992bd907e2b96f65c9d46a8bafeae0f667eec600c65353bade27d17b,0x56a6f704d6047531168a2cd273f4d80973ff4883,0x4e6a0740aa4c89c7e36c430afe3dd3bec68b6aec,2026-08-03T20:47:09,dense_internal_fund_flow;complex_trace,0xeb1f622a,true
25674422,0xdb08abda9f50c9ec056dfe1ffd6443ac66e7c9b472e956d71ce213b6ec8d76b0,0xbad000006db10503589262b55d09bb7b3c5e1472,0xbbbbb048b1a85ca221058c45525095b6a68bbbbb,2026-08-03T20:47:09,high_gas_used_context;token_activity_burst,0xa9059cbb,false
25674423,0x179d6bbf52dd93c4aabab0fd1d502d181848f9deb8c43e812994d393380db886,0x4337034c17597470b36ce40a761f2e9f55a2df48,0x4337084d9e255ff0702461cf8895ce9e3b5ff108,2026-08-03T20:47:15,complex_trace;high_gas_used_context,0x765e827f,false
25674423,0x3202aa3a7008223f1b8f8e1b4ff204f8864cc0ea8d90c077626c6da218b79560,0x32a3c547a845ed7274a1a3ba6b15a15362ea9948,0x03f34be1bf910116595db1b11e9d1b2ca5d59659,2026-08-03T20:47:15,dense_internal_fund_flow;complex_trace,0xe47d166c,true
25674423,0x7b25f820e41640791d9b2c2f8732f85482fea3b9c4b1198940343a246b2c2df2,0x4ce519106761d2d87bb89e14c91ac80981e396d8,0x72fe31aae72fea4e1f9048a8a3ca580eeba3cd58,2026-08-03T20:47:15,repeated_internal_token_drain;dense_internal_fund_flow;complex_trace;token_activity_burst;repeated_risky_internal_calls,0x1239ec8c,true
25674423,0x8f0758a095dd0a8c3e995ba17e961e703b0f012e94f38ee804e70353f058b7f2,0x09cfee647fa339133380191c8db6b44f24500c9d,0x77b85afbcd336993ac1c65057531c5a5b33b76b8,2026-08-03T20:47:15,repeated_internal_token_drain;dense_internal_fund_flow;complex_trace;high_gas_used_context;token_activity_burst;repeated_risky_internal_calls,0xa9059cbb,true
25674423,0xda5f0ca2e323a3da7c2a54bce0828209c11eea49557b125dc8ba519b1fe3f676,0xb6b472ed8bdb3ff302fd354fbccaa8cc010fc214,0x4313c378cc91ea583c91387b9216e2c03096b27f,2026-08-03T20:47:15,dense_internal_fund_flow,0xeffbec13,true
25674424,0xc75cb45dce77d14acccd2e0152ac998b4205fb03e5ca28d3f3db107364086a27,0xa154b98e53fc35e1bad1ff758acbc8c629bdcd2b,0x19917386eeae67b6ff7ddf07de4019fca40aa4ec,2026-08-03T20:47:18,complex_trace;high_gas_used_context;token_activity_burst,0xa9059cbb,false
25674424,0x76596a6e81b0fa18e4f9a8ce8ff205a2c2203df464bdd6dd0890f59f8d513fbf,0x59aab1bd0d26290274398c07b55955c15425e16b,0x00fe78205f5f0e63b8ad2b2ae5337f538a610e04,2026-08-03T20:47:19,repeated_internal_token_drain;dense_internal_fund_flow;complex_trace;high_gas_used_context;token_activity_burst;repeated_risky_internal_calls,0x34fcd5be,true
25674425,0x15cd8e6dda9e3ad953537f3e8c93e90901f28d18ff33d942e8136111431b7991,0xdb57fdf5fd24a9d0e1ea94552eb2c7bdcb28fa27,0xda3bd1fe1973470312db04551b65f401bc8a92fd,2026-08-03T20:47:29,large_erc20_asset_flow,0x212afaff,true
25674425,0x54843f38b320e4799fbcbc46be29710d1f048579b6eea9368393f4bffa837072,0xf84c9f6d59be057f60b484ceda185449848044e1,0x56dfa3a6b36611889c62ff90115c2681b72269cf,2026-08-03T20:47:29,privileged_execution_context;complex_trace;high_gas_used_context,0x6a761202,true
25674425,0x78d050474ef0c68171fff661f601bb11922ad9e71cad762513bc52dc5160b118,0x4337032d9c9291f05bebded166d947f22b25fa00,0x4337084d9e255ff0702461cf8895ce9e3b5ff108,2026-08-03T20:47:29,dense_internal_fund_flow;complex_trace,0x765e827f,true
25674425,0xe847b393e09574081eb89b2dfcc0a2ca1e67342df95d92c07f01bb45b0c852c1,0x4337004ec9c1417f1c7a26ebd4b4fbed6acf9e5d,0x4337084d9e255ff0702461cf8895ce9e3b5ff108,2026-08-03T20:47:29,dense_internal_fund_flow;complex_trace,0x765e827f,true
25674425,0x312d3ebd035ac1684687cde0d014c6e16153628f83586e6ce0dbdc0cd174a763,0x59aab1bd0d26290274398c07b55955c15425e16b,0x00fe78205f5f0e63b8ad2b2ae5337f538a610e04,2026-08-03T20:47:30,complex_trace;high_gas_used_context;token_activity_burst,0x34fcd5be,false
25674426,0xca3ad1f39820703a6f429b0763ea55631ec8c1b1248fbca42d65b59943d0ef5c,0x20213a08fb89fe90f0b232610dc390b15dd93514,0x28b1dc1a5e3699a428bc51d234dfab7c9cb2a183,2026-08-03T20:47:35,complex_trace;token_activity_burst,0xf2c42696,false
25674426,0xdca3a08877440146b52c355c61298f38992c0487b1af6616f4577b29a4b47065,0x7a4b19c2f1cc045e8084d95f6afa2c2bcc14adae,0xf0bc39fc911f6437c84d16188dd8294f7110f451,2026-08-03T20:47:35,large_erc20_asset_flow;complex_trace,0x49c0fb89,true
25674427,0x394b8827005e93b7a77bc8a8a1e0ae1a0d8b315b4aa3202e189604f5b08d2b84,0xf5c08d55a77063ac4e5e18f1a470804088be1ad4,0xac12290b097f6893322f5430627e472131fbc1b5,2026-08-03T20:47:43,very_complex_trace;high_gas_used_context,0xbb702e6b,false
25674427,0xca9488ff309069955444c24bfe34c4dbea7d62f1402f0306b213271d348bb0ef,0xf0a56327d1c309ee9383798aeafdf33043be761c,0x80a64c6d7f12c47b7c66c5b4e20e72bc1fcd5d9e,2026-08-03T20:47:43,dense_internal_fund_flow,0x3d0e3ec5,true
25674427,0x24c2e7b8d715a760386590c9f5573b66aae31f188efbaca090654fd40a1525b4,0xc868879f3ae6a5c3cd3899338826909cb71a686a,0x0000000071727de22e5e9d8baf0edac6f37da032,2026-08-03T20:47:45,complex_trace;high_gas_used_context,0x765e827f,true
25674427,0x4d6edd504267e39cdc092941362851343fd2e0bad3659373e1ab246d6e1509b9,0x949fcc554c5747179300cd39687d344e66293df8,0xabdf03d7b8548050235685bcbb4c8225dff3aba9,2026-08-03T20:47:45,dense_internal_fund_flow;complex_trace;approval_burst,0xa9967a5b,true
25674427,0x511e144e4482ef82198c732d70723dd8454cc475cd50320d6b10290e5ee7bf35,0x139618a4991d7dda7a8422e6807bd82d5f681664,0x78ace9b2ee9a31737fad748015266a59f32dc79a,2026-08-03T20:47:45,dense_internal_fund_flow;complex_trace;high_gas_used_context;token_activity_burst,0x9265bb9d,true
25674427,0x6a4c93fa119e5e2e07381f757022c53f64f1b0d9ac4f81d274ec670d5dcf1068,0x28232dac1e213d7d313dc1d65e9133aa918ee27f,0xbb7626158dece9ad43d76817826a5c4a4c3579cc,2026-08-03T20:47:45,dense_internal_fund_flow;complex_trace,0x9304c934,true
25674427,0x71a6495edd0dad42b8da378248adc6505338d5c9f63f871c61bca70551b2ef60,0x252806f592060346404b600d0823685e400eb3c9,0x28b1dc1a5e3699a428bc51d234dfab7c9cb2a183,2026-08-03T20:47:45,complex_trace;token_activity_burst,0xf2c42696,true
25674427,0xdea00892026e0297b07e623cb16c9c8a5d72806bf1069c2dacd78ef879d2ce79,0x1584a8ee67789d1fe161065388657ad2f2a3c7dd,0x77eb52e44db06777bce478159f25c0d55a295314,2026-08-03T20:47:45,repeated_internal_token_drain;dense_internal_fund_flow;complex_trace;high_gas_used_context;token_activity_burst;repeated_risky_internal_calls,0xa9059cbb,true
25674427,0xf439583fb489bc7e20a3958c04dcb94a6fe964c6db78e2b3df65bea953ec0c57,0xbad000006db10503589262b55d09bb7b3c5e1472,0xbbbbb048b1a85ca221058c45525095b6a68bbbbb,2026-08-03T20:47:45,complex_trace;token_activity_burst,0xa9059cbb,false
25674428,0x039b9700492e02cb9f49c3aaf1f4edff4488e77a17ad42f3e60b3d1be5db7b28,0x77746d6ffa0bf81eda08b16826d9b1e3068b593c,0x555ce236c0220695b68341bc48c68d52210cc35b,2026-08-03T20:47:53,dense_internal_fund_flow;complex_trace,0xc3c16ee4,true
25674428,0x276468b2da23af80b0d5eeb9d8a52a1983edc0ecb8bc256f384d51b27d2b45c3,0xf5c08d55a77063ac4e5e18f1a470804088be1ad4,0xac12290b097f6893322f5430627e472131fbc1b5,2026-08-03T20:47:53,very_complex_trace;high_gas_used_context,0xbb702e6b,false
25674428,0x99367d75929d73783d86052fdcc67df1ac6a55a8dbe1a35f1ba112a6b3a85f81,0x35f2d81b9840d615dffc76bf7d9e1970f0ed6af4,0x2401c39d7ba9e283668a53fcc7b8f5fd9e716fdf,2026-08-03T20:47:54,dense_internal_fund_flow,0xb7ba18c7,true
25674429,0x0230ad5d6a864f913bdaec710ed45faf756b43e21b757098e5b8307fc62dfab6,0xfd121baee4e8f45e1f6a3c09dc26c4079308217c,0x950fd558f47e234a2fde23b7d61f7ccdbcb4a86f,2026-08-03T20:48:01,large_erc20_asset_flow;complex_trace,0xdd225095,true
25674429,0x1ff7095d6d23b98b5a0aaf7cee0696e89ffba3ad0db4fc2580c2436592e76b14,0xe836ef5abbcde8c2a22c299f639cc9480aa52219,0xd226997439ecfbeff8e110c8c78c8a7eefd19f89,2026-08-03T20:48:01,large_erc20_asset_flow;complex_trace,0x99999999,true
25674429,0x367936d2499b1672ff5f63d3e605438fac4002caf7d8d7078681f1260908b139,0xe8d8bb57edf69e4daf806ba60bf2658c81eb91db,0x6131b5fae19ea4f9d964eac0408e4408b66337b5,2026-08-03T20:48:01,large_erc20_asset_flow;complex_trace;high_gas_used_context;token_activity_burst,0xe21fd0e9,true
25674429,0x3f712f3e2c39a3c51a1610f8aebd2326152d387c36e81af05602a5eb2f6f753e,0x4ce519106761d2d87bb89e14c91ac80981e396d8,0x72fe31aae72fea4e1f9048a8a3ca580eeba3cd58,2026-08-03T20:48:01,repeated_internal_token_drain;dense_internal_fund_flow;complex_trace;high_gas_used_context;token_activity_burst;repeated_risky_internal_calls,0x1239ec8c,true
25674429,0x56a63bd4502c5a4c89b4f68a9093f96c6444f9b65eda0ddb2fb6429c14778d40,0x739212d5bafe6aac8be49a60b7d003bd41dbf38b,0x85b78aca6deae198fbf201c82daf6ca21942acc6,2026-08-03T20:48:01,large_erc20_asset_flow;complex_trace,0xabaa9916,true
25674429,0x808c1b283f2cf2e1638590c56147fcfbf95dcdac18e3b8f7b31b0ac4d41348b4,0x5b43453fce04b92e190f391a83136bfbecedefd1,0xbdb3ba9ffe392549e1f8658dd2630c141fdf47b6,2026-08-03T20:48:01,complex_trace;high_gas_used_context;token_activity_burst,0x000000c3,false
25674429,0x91713772d1cb0abc4a74c1c594ef4fd63a6723a854354ca06fb20d8471657f28,0xf5c08d55a77063ac4e5e18f1a470804088be1ad4,0x1711e93eec78ba83d38c26f0ff284eb478bdbec4,2026-08-03T20:48:01,complex_trace;high_gas_used_context,0x128606a6,false
25674429,0xa61089ea19a6d4f078bfce52efd98ed379eb9ff79898cbc9a8f8a19df075ce7c,0x161643f280b09be8e0271eef8efc6c264d125003,0x9df405335696133f243884ad5ef12770ecf8ff44,2026-08-03T20:48:01,dense_internal_fund_flow;token_activity_burst,0xa9059cbb,true
25674429,0xc36ea87a5f0e31a2e4b19b829ce2d534e0e4f5a0412d82cb7faa1a64fc27a5a6,0x09cfee647fa339133380191c8db6b44f24500c9d,0x96b481c22ee3d6c3667f8c7f60c9e00212799f50,2026-08-03T20:48:01,repeated_internal_token_drain;dense_internal_fund_flow;complex_trace;high_gas_used_context;token_activity_burst,0xa9059cbb,true
25674429,0xce85e352430e17eefabdbf7690b64f75dcce04b25614ac6b3eb3cba4e5cb6432,0xf6c40c4391d6570032d2eb7a9cd9935898c430cf,0x663dc15d3c1ac63ff12e45ab68fea3f0a883c251,2026-08-03T20:48:01,dense_internal_fund_flow;complex_trace;high_gas_used_context;token_activity_burst,0x258c16ee,true
25674430,0x448fadf9ab13967bd47c759cc357f48f47e7cc4cb7584cfbedecc81f172228c3,0x2f4e1a92dd8d3a57328c5a87cd6dcdb49ac8be7b,0xa0f1c3ad83e07d97b5e7030e177718be175275ea,2026-08-03T20:48:05,dense_internal_fund_flow;large_erc20_asset_flow;complex_trace,0x12aa3caf,true
25674430,0x4c5db3d51737fdb361c782f2c72d31e822c030db69ae9db76d4c3324c4646244,0x8b5606469e21c75edd7c74d1c7a65824675d9aff,0x9ccc2f3ecde026230e11a5c8799ac7524f2bb294,2026-08-03T20:48:05,dense_internal_fund_flow;complex_trace,0x1bc74526,true
25674430,0x67a94830bdf44c8db260ad3b1d5e829f8598924e857d0963317e918996bb1351,0x59aab1bd0d26290274398c07b55955c15425e16b,0x00fe78205f5f0e63b8ad2b2ae5337f538a610e04,2026-08-03T20:48:05,complex_trace;high_gas_used_context;token_activity_burst,0x34fcd5be,false
25674430,0x75c4e30d863fe9c80614c6c8dbbd1c639dcaaf5af767a0bd4fbbc58034b83d6d,0x9a8a3c602846911c51362cce3d0138c8b294fbd0,0x00000000075d9aed2e32de0aec3d7fe316514e79,2026-08-03T20:48:05,large_erc20_asset_flow;complex_trace,0x00000002,true
25674430,0xacd059883eb8ebee66aff5229be7a28a695c0b9f1f50e6cbe324538a67bd0eef,0x9534d95f2e57687a96be68f2fde4331064f8224e,0x093272c07700d3ca5301c3bf9b3a392624179e2f,2026-08-03T20:48:05,large_erc20_asset_flow,0xac9650d8,true
25674430,0xc6e994a24f205653729c54b69ada085d85b76776fdd0c1c80842f570007f2f01,0xc78304acdf1f0d62b51441a38e5c1bab78f03f7a,0x0000000071727de22e5e9d8baf0edac6f37da032,2026-08-03T20:48:05,dense_internal_fund_flow;complex_trace,0x765e827f,true
25674430,0xedb82a9aade141002233866c4a03c0384ead9f6503e27f81df181ddafbc6dc7a,0x3af24b14590917bf0d07b03bf1114cec3b69ae94,0xa0f1c3ad83e07d97b5e7030e177718be175275ea,2026-08-03T20:48:05,large_erc20_asset_flow;complex_trace,0x12aa3caf,true
25674430,0xfdc748f3da0d385120532c094272e0790136d6ca90fbdb0211494ceb9ba9b47b,0x477cac2fc44a60492a8b637b77a99be4debcef20,0x2d5805a423d6ce771f06972ad4499f120902631a,2026-08-03T20:48:05,large_erc20_asset_flow;complex_trace,0xf497df75,true
25674430,0xfeb9fc85b5c07dc09a32f1b6ca9ab8e3250d9dca564ff74e6d5605ff79e8d77d,0x27c07bdafe1d087ec943f95f5137d93c1a6217d5,0x28b1dc1a5e3699a428bc51d234dfab7c9cb2a183,2026-08-03T20:48:05,dense_internal_fund_flow;complex_trace,0x0c307f76,true
25674430,0x1b43728b41a6375115788c6b1afacf3a5a638cdbe787348a98162e148719a145,0x80d04079ffc53eb14edbeeb37279d126f45552df,0x558f8cfabfebac5da8d87de31987179a61df6f66,2026-08-03T20:48:06,repeated_internal_token_drain;dense_internal_fund_flow;complex_trace;token_activity_burst;repeated_risky_internal_calls,0x8aaa8f3b,true
25674431,0x03e202508c69502e28b26aaa7ddd562ef80a15c838ea3a1a7e52b2613b18d0ff,0x09cfee647fa339133380191c8db6b44f24500c9d,0x96b481c22ee3d6c3667f8c7f60c9e00212799f50,2026-08-03T20:48:12,repeated_internal_token_drain;dense_internal_fund_flow;complex_trace;high_gas_used_context;token_activity_burst;repeated_risky_internal_calls,0xa9059cbb,true
25674432,0x7d23d149cf1d950fb9d267d71eb491ac50d128eb10a0883e5a66880fe6e5ecbc,0x7830c87c02e56aff27fa8ab1241711331fa86f43,0xa9d1e08c7793af67e9d92fe308d5697fb81d3e43,2026-08-03T20:48:22,large_erc20_asset_flow,0xca350aa6,true
25674432,0x82b2578348f8864c62e86d54059e7ff8f2dfdd0789f7dbc3dfedef0b1fa63d06,0xbad000006db10503589262b55d09bb7b3c5e1472,0xbbbbb048b1a85ca221058c45525095b6a68bbbbb,2026-08-03T20:48:23,repeated_internal_token_drain;dense_internal_fund_flow;complex_trace;high_gas_used_context;token_activity_burst;repeated_risky_internal_calls,0xa9059cbb,true
25674432,0xa124c33d4fd6da6ff667884951f7d589166e85e562753aaaa5eecb0c72bbcdce,0x09cfee647fa339133380191c8db6b44f24500c9d,0x77b85afbcd336993ac1c65057531c5a5b33b76b8,2026-08-03T20:48:23,high_gas_used_context;token_activity_burst,0xa9059cbb,false
25674432,0xab316e64ff21b8630127578689b8770f0f1b706f754335def1d8b0686c006692,0x29ebbc872ce1af08508a65053b725beadba43c48,0xf4e147db314947fc1275a8cbb6cde48c510cd8cf,2026-08-03T20:48:23,privileged_execution_context,0x760d0f9d,false
25674433,0x5b78fa1dc3ff3d20a5be84832f2e5a6c68ecd452624b5bde6a903a3096f5a5c5,0x2b3fed49557bd88f78b898684f82fbb355305dbb,0x09c30cdcdd971423cb3ba757a47d56c35d06d818,2026-08-03T20:48:32,dense_internal_fund_flow,0x318adb8b,true
25674433,0x34f58e80d853eaff932f04c86f2ad6a92fe60d6877df5f5e93523ce7ddf5c0f1,0xa06f22804c9b1ab527bdfd15ca0c666c1e8c1416,0xf805ea34abac30338d2394fb804e7f9c16589ccf,2026-08-03T20:48:33,complex_trace;high_gas_used_context,0x71f05f39,false
25674433,0x44ecbe474d6db42677313cbf234cd3111876357c50f70762bff008ddfc9533c7,0x00de4d8658ab249627286fcf9f920b3078aea4fe,0x1f21d09c65bc8af92634dcd5a100b6d04f0c81c3,2026-08-03T20:48:33,large_erc20_asset_flow;complex_trace,0x2f336f54,true
25674433,0x4ae25cef28feb3f701cd92e4048fdc3d1542b671e246e05ce5d0b00e3eb6ce25,0x39c17ed9b54ba84176dace95f2c4095bd9eedecd,0x28b1dc1a5e3699a428bc51d234dfab7c9cb2a183,2026-08-03T20:48:33,dense_internal_fund_flow;complex_trace;high_gas_used_context;token_activity_burst,0x0c307f76,true
25674433,0xcec2af7dc041f533ac75695ef63a0d0c92e73016fbacf2f3ad8765f81e639f01,0x82f5762d5d61285b6717090c0df367222e2d562d,0xb300000b72deaeb607a12d5f54773d1c19c7028d,2026-08-03T20:48:33,dense_internal_fund_flow,0x810c705b,true
25674433,0xe2865f7fad0ee500e31fb88a4ef88a0d32715260538dd352f6331edd616ddfde,0xc6acbee42e9e323140c1ed060c2f6ea9cc3b4b75,0x7c5a71c9fefbc7691f9d4ac7baf70c743792f716,2026-08-03T20:48:33,selfdestruct_context,0xf3fef3a3,true
25674434,0x1d0261ebe221f8e37d2d2174e339084bf5b8c9ed9391cc40780954537441615b,0x3c11cb897cbad55d9a38fdee27054290815d9b22,0xde6c23e561f3e55846207ec45a91b777e0f7c889,2026-08-03T20:48:39,large_erc20_asset_flow;complex_trace,0x6e553f65,true
25674434,0x2f8135d429c2100eec75eebe24c9c7770a0e2243d998cf6e1c2918fcfb73e13f,0x09cfee647fa339133380191c8db6b44f24500c9d,0x96b481c22ee3d6c3667f8c7f60c9e00212799f50,2026-08-03T20:48:39,repeated_internal_token_drain;dense_internal_fund_flow;complex_trace;high_gas_used_context;token_activity_burst;repeated_risky_internal_calls,0xa9059cbb,true
25674435,0x273e4394ee13ae0afad6619f246dbf1c1b73c61bd1fbbd833594132b8c576701,0xbb026a6e2d69a3543116dc5241b420cae6340e59,0x4313c378cc91ea583c91387b9216e2c03096b27f,2026-08-03T20:48:49,dense_internal_fund_flow;complex_trace,0xeffbec13,true
25674435,0x7eddb0877a7dcc762ddba77f71f723014bb8ba83262a27c600cf566de364408f,0x82f5762d5d61285b6717090c0df367222e2d562d,0xb300000b72deaeb607a12d5f54773d1c19c7028d,2026-08-03T20:48:49,dense_internal_fund_flow,0x810c705b,true
25674435,0xca848ada23b11e374ce82d5ab1d63d584f25231ffec1f4adad64b8b46eb5d7de,0x59aab1bd0d26290274398c07b55955c15425e16b,0x00fe78205f5f0e63b8ad2b2ae5337f538a610e04,2026-08-03T20:48:49,repeated_internal_token_drain;dense_internal_fund_flow;complex_trace;high_gas_used_context;token_activity_burst;repeated_risky_internal_calls,0x34fcd5be,true
25674435,0x500dee775a2e25a70d111bc226d01850503beae279238b15cbc4ee179e487280,0x3f250ef88821501d8b2aaab9b3651925fc1e31ec,0x5cc9400ffb4da168cf271e912f589462c3a00d1f,2026-08-03T20:48:52,privileged_execution_context;complex_trace;high_gas_used_context;token_activity_burst,0xf41b2db6,true
25674435,0x04862fc82343b002f66bf36e6afb5c5a867021aed2d3c90ea9a1dd588cb5111a,0x6aecfce4b43a15a9db2c9095ebe35f810eee8ae4,0x0000000000000068f116a894984e2db1123eb395,2026-08-03T20:48:54,complex_trace;high_gas_used_context;token_activity_burst,0x87201b41,false
25674435,0x47bfe275c6b329daea7f30f2fb0039580b41215112a089141a102c74c18f03d8,0x17a9aa3f7945fb00c2eb16857baa4adb63da59db,0x5ff137d4b0fdcd49dca30c7cf57e578a026d2789,2026-08-03T20:48:54,privileged_execution_context;complex_trace,0x1fad948c,false
25674435,0x4cf2f2da35b89ff4013fdf19b44542227d68cbb719b5a8ed2270cfad184b8d33,0xfc9928f6590d853752824b0b403a6ae36785e535,0xe2536231fc1512babc8c856ad7499830a936bdd9,2026-08-03T20:48:54,complex_trace;high_gas_used_context;token_activity_burst,0x03fb13d5,false
25674435,0xc77a9d62f3597be422963145acb42d4ddda6a34869e0d7388a0c66398a59c825,0x6330cdfe9ab3b9f9600f61f9ef5c06477bfd8d58,0xb276f62db0ce8ca2ca5bc522695be604521eac1c,2026-08-03T20:48:54,dense_internal_fund_flow;complex_trace,0x20bd63ba,true
25674436,0xdbf29132e00d3f66510579bc9dd7f73a39cbc41837f63f4de48b02659a7980ef,0x1fec1df6b61e7b20a30acc6e3974036479ed7d44,0x0000000000001ff3684f28c67538d4d072c22734,2026-08-03T20:49:01,dense_internal_fund_flow;complex_trace,0x2213bc0b,true
25674436,0x456400f701a2ce955d1e1cb5aa2b133a3cdacf7b92b3dc20662bcfc999f348e3,0xbea1417e48335e580200d8bd4242b27746de4f00,0x8920d7e7dbf8f649ae91040e94a76e703b8c171f,2026-08-03T20:49:02,large_erc20_asset_flow;complex_trace,0x244b0f6a,true
25674436,0x8790d1ca860c5a1fbcaf7a4300c0b7d87b4a07a9f338a60546bba5590acd3aaf,0x09cfee647fa339133380191c8db6b44f24500c9d,0x96b481c22ee3d6c3667f8c7f60c9e00212799f50,2026-08-03T20:49:02,repeated_internal_token_drain;dense_internal_fund_flow;complex_trace;high_gas_used_context;token_activity_burst;repeated_risky_internal_calls,0xa9059cbb,true
25674436,0x5ede9ca3a161f932a931d466a5ea7d8dd0b5d49877ea337fa5a15f2d79518c5a,0x788b6308ce26a736cf80cb3faa23366abb1e7f4d,0xe45572dff1865af5f12208b09ce7506847f628bd,2026-08-03T20:49:07,dense_internal_fund_flow;complex_trace;high_gas_used_context,0x00000000,true
25674436,0xf311de9414040e5ea056e7eb0eb42d6c95d7262602c838a08d06085305bc92d8,0xde992badd92adaf9146255e9bde6a70770973664,0x3d0f22bf11636cc9cb129e2b261eed35a487455c,2026-08-03T20:49:07,complex_trace;high_gas_used_context,0xa9059cbb,false
25674436,0xf7e3369de66af57d08fdbd221343f88e1b4cc9b06a9e36ff84a8df8ed551538d,0x43debe92a7a32dca999593fad617dbd2e6b080a5,0x5b5a0580bcfd3673820bb249514234afad33e209,2026-08-03T20:49:07,large_erc20_asset_flow,0xe99aa0c3,true
25674437,0x4c475630339c321fa38b01dd473e68b81e50550104a96f8c19dc95b87c219c03,0xdf8adfe10d4a4d9f0fc4d3e377a6e8d5730eb40c,0x06cff7088619c7178f5e14f0b119458d08d2f5ef,2026-08-03T20:49:23,large_erc20_asset_flow;complex_trace,0x99999999,true
25674437,0x1364158a60a2a5dfa8541fc29e036222217c9e30ea9821a97fc7e6f880905639,0x09cfee647fa339133380191c8db6b44f24500c9d,0x77b85afbcd336993ac1c65057531c5a5b33b76b8,2026-08-03T20:49:24,repeated_internal_token_drain;dense_internal_fund_flow;complex_trace;high_gas_used_context;token_activity_burst;repeated_risky_internal_calls,0xa9059cbb,true
25674437,0x32d6485a50890dca5c74ac7c2463d4aebeb6697a2071686e8d362e20df1e3d2d,0xdda3b51e29f9d6fad865c5dd7070d5f7eb57663e,0x8d8210a0252a706cb5de0c6f8e46b6d3692afc19,2026-08-03T20:49:24,complex_trace;high_gas_used_context,0xffc3a769,false
25674437,0x4f873d8d3a475b785d6d67bc784c1c96310c5b269c3a19c6a86f0e68a683e0ca,0x09cfee647fa339133380191c8db6b44f24500c9d,0x96b481c22ee3d6c3667f8c7f60c9e00212799f50,2026-08-03T20:49:24,repeated_internal_token_drain;dense_internal_fund_flow;complex_trace;high_gas_used_context;token_activity_burst;repeated_risky_internal_calls,0xa9059cbb,true
25674437,0xae8217bc488dd51456b9527300a2b82a91483a6f0162b69fdc45634bf00790d7,0x4e23424b3c635ec2cad284787467b1700517421d,0x0000000071727de22e5e9d8baf0edac6f37da032,2026-08-03T20:49:24,complex_trace;high_gas_used_context;token_activity_burst,0x765e827f,false
25674437,0xf90f5231b130abc92fb41eca1e4fdd6912ea7269d3e5ae08446c9f353a3c211e,0x9c2848bcc031a95648c16dd2bf7ac532349e7857,0x28b1dc1a5e3699a428bc51d234dfab7c9cb2a183,2026-08-03T20:49:24,complex_trace;high_gas_used_context;token_activity_burst,0x0c307f76,false
25674437,0xff316a43157142db3ece3ddc522a7d7438a6593374dd3bc0d9376ea3e38299d3,0x283132390ea87d6ecc20255b59ba94329ee17961,0x604e586f17ce106b64185a7a0d2c1da5bace711e,2026-08-03T20:49:24,large_erc20_asset_flow;complex_trace;high_gas_used_context,0x22bee494,true
25674437,0x48aadcecd5ae4a1f38217c24b85a376001b048c18dd3c5494a605998c4744135,0x062f05cd6c835677b05a8658a351969476861316,,2026-08-03T20:49:25,privileged_execution_context;high_gas_used_context;contract_creation_context,0x60806040,false
25674438,0x0cfa0b32e4581807e802bb14e1b10639325202df0bd89535462a0a7fcaaab56f,0x4337031ade3a53d10121f350369907076b6d32a4,0x0000000071727de22e5e9d8baf0edac6f37da032,2026-08-03T20:49:37,privileged_execution_context;complex_trace,0x765e827f,false
25674438,0x11c63512ffe95dcf716f95b5784e2255aa964479d7298edb02345f002f3b0468,0x433702948d7be4201a2bcee6c349ad807c547a5d,0x0000000071727de22e5e9d8baf0edac6f37da032,2026-08-03T20:49:37,large_erc20_asset_flow,0x765e827f,true
25674438,0x69e68ae36a29672eb30acf09ca3031309b9ffe052968463ac31f53d10a4ffa4f,0xdda3b51e29f9d6fad865c5dd7070d5f7eb57663e,0x8d8210a0252a706cb5de0c6f8e46b6d3692afc19,2026-08-03T20:49:37,complex_trace;high_gas_used_context,0xffc3a769,false
25674438,0xd1ed56b543fb49765b5aee4b3c102a934475799ee74da91c03da3b51edf8eeda,0xf521afc3892c84987038dd552dc437bc584347c4,0xd90e2f925da726b50c4ed8d0fb90ad053324f31b,2026-08-03T20:49:37,dense_internal_fund_flow,0x13d98d13,true
25674438,0x2209f231efa958d7e331a7d4235cabd45c15319b000e4fec21120a44a52eb908,0xd6434d157f254276d69ede3bd9fc805482206908,0x7ec8a30a34b86927dc77b302603d1d53e640bef7,2026-08-03T20:49:38,repeated_internal_token_drain;dense_internal_fund_flow;complex_trace;high_gas_used_context;token_activity_burst;repeated_risky_internal_calls,0xa9059cbb,true
25674438,0x260deb321974a9c5769b8012b21bb1e4d9431c4c1c94c417293f249a7abfc0a8,0x3cfdc212769c890907bce93d3d8c2c53de6a7a89,0x0000000071727de22e5e9d8baf0edac6f37da032,2026-08-03T20:49:38,privileged_execution_context;complex_trace,0x765e827f,false
25674439,0x8c72e1a4b187793bdfd52eb9d0598b1ef07b3587747fe6ec3b9bb1a8edbfe887,0xf521afc3892c84987038dd552dc437bc584347c4,0xd90e2f925da726b50c4ed8d0fb90ad053324f31b,2026-08-03T20:49:41,dense_internal_fund_flow,0x13d98d13,true
25674439,0xa770a14713b9158ba9b8f643435a63209e8bdbeebe8e444a0bd5cefc62da5f27,0x880fcc236bf42d5035bf583dfe2b07dbceb53759,0x4313c378cc91ea583c91387b9216e2c03096b27f,2026-08-03T20:49:41,dense_internal_fund_flow;complex_trace,0xeffbec13,true
25674439,0xac390471953b2f3637a19e8d21957584342e4e3158b145e0a03ae2a6d077a1c1,0xf521afc3892c84987038dd552dc437bc584347c4,0xd90e2f925da726b50c4ed8d0fb90ad053324f31b,2026-08-03T20:49:41,dense_internal_fund_flow,0x13d98d13,true
25674439,0xcbc0c2616889c5b3548df5380d23aaca627e66dd056254c7bb7ad2d4770ff40d,0xf521afc3892c84987038dd552dc437bc584347c4,0xd90e2f925da726b50c4ed8d0fb90ad053324f31b,2026-08-03T20:49:41,dense_internal_fund_flow,0x13d98d13,true
25674439,0x14f19475b2d2a596f1a5b65871d0d7634498b2794d83202d2eb9d5e6f285c416,0xdda3b51e29f9d6fad865c5dd7070d5f7eb57663e,0x8d8210a0252a706cb5de0c6f8e46b6d3692afc19,2026-08-03T20:49:42,complex_trace;high_gas_used_context,0xffc3a769,false
25674439,0x96186cbc64c61be412ac6ae0563f33971de31a7e40f49d9dd37cb6cd3b8517e0,0x1250a399a362fdae2e3638db612d3c6a4015536e,0x69460570c93f9de5e2edbc3052bf10125f0ca22d,2026-08-03T20:49:42,dense_internal_fund_flow;complex_trace,0x14d08fca,true
25674439,0xc5224bfa959a95e0be3e28e8a7a94c63bfd70c2b6c34f57b24dd8e0d543edf9d,0xf82ac5937a20dc862f9bc0668779031e06000f17,0xf573e9e3de1f86b085417ab294f56e7920b4e9be,2026-08-03T20:49:42,dense_internal_fund_flow;complex_trace;high_gas_used_context,0x78a94ff0,true
25674439,0xfd0d18b2338c5243515712ce5c6bee37946a5284ba6a4d4f43c111ae6bc832fd,0xf70da97812cb96acdf810712aa562db8dfa3dbef,0xb92fe925dc43a0ecde6c8b1a2709c170ec4fff4f,2026-08-03T20:49:42,dense_internal_fund_flow,0xcd6e13f7,true
25674440,0x71a1c40826e10f3bde8f67604ed6d94b95056b0b8fd97e79e43a8b1913bd57be,0xf23d535a88ebf8faf018b64cdeb1d27c8414dc69,0x0ccb9a2a5ad747baeebf00385da9e98f2e5dc829,2026-08-03T20:50:04,large_erc20_asset_flow;complex_trace,0x833f43c2,true
25674440,0x89481ba46ce83902df735ac1e2b72384830bf72b709ca9f5e9b7c2e768cc2260,0x433702256b464248dcbe403c1334757be4ed9f26,0x4337084d9e255ff0702461cf8895ce9e3b5ff108,2026-08-03T20:50:06,large_erc20_asset_flow,0x765e827f,true
25674440,0xaaed8a06a50fe514aeeb3f7aef1f871fa70c2578bc7c5973ce4e0c5daa6a804b,0x28232dac1e213d7d313dc1d65e9133aa918ee27f,0xb9ab2491935fba03920cd66c206aa98a25c501f2,2026-08-03T20:50:06,large_erc20_asset_flow;privileged_execution_context;complex_trace,0x6a761202,true
25674440,0xbfa6cb68ede1e8a7fd4563657a7113320a761dece7ff6ec4e1e269d41b46991c,0x59aab1bd0d26290274398c07b55955c15425e16b,0x00fe78205f5f0e63b8ad2b2ae5337f538a610e04,2026-08-03T20:50:06,complex_trace;high_gas_used_context;token_activity_burst,0x34fcd5be,false
25674441,0x3a24d10b0e61dd6098ae3f612c51fc19c0c2ef6acec90218322f11b82cff756c,0xdda3b51e29f9d6fad865c5dd7070d5f7eb57663e,0x8d8210a0252a706cb5de0c6f8e46b6d3692afc19,2026-08-03T20:50:13,complex_trace;high_gas_used_context,0xffc3a769,false
25674441,0xb44efade85a5f77b32f4403b3c7d0ad242c912cb4d8fdbf6e08cc3db9c15f3f7,0xdf8adfe10d4a4d9f0fc4d3e377a6e8d5730eb40c,0x06cff7088619c7178f5e14f0b119458d08d2f5ef,2026-08-03T20:50:13,large_erc20_asset_flow;complex_trace,0x99999999,true
25674441,0xe54a23ade952ae0707650fbe3a7d7f1d53709b5da97f62245589f97c36abe321,0xde992badd92adaf9146255e9bde6a70770973664,0x3d0f22bf11636cc9cb129e2b261eed35a487455c,2026-08-03T20:50:13,complex_trace;high_gas_used_context,0xa9059cbb,false
25674441,0x24e4c547b5a2707da888aae3ef049fe6e74a47d69bd3c238f1c01de8587968b9,0x59aab1bd0d26290274398c07b55955c15425e16b,0x00fe78205f5f0e63b8ad2b2ae5337f538a610e04,2026-08-03T20:50:14,complex_trace;high_gas_used_context;token_activity_burst,0x34fcd5be,false
25674441,0x46f2eed1de4197563931cee5e0b50c478ca666904bcc94ff296fe1ea5cc45f4d,0xde992badd92adaf9146255e9bde6a70770973664,0x3d0f22bf11636cc9cb129e2b261eed35a487455c,2026-08-03T20:50:14,complex_trace;high_gas_used_context,0xa9059cbb,false
25674441,0x5088174b6fa3f12324b59f9c798f1c48e6e35bd4811b366792d2ae06d4744226,0xde992badd92adaf9146255e9bde6a70770973664,0x3d0f22bf11636cc9cb129e2b261eed35a487455c,2026-08-03T20:50:14,complex_trace;high_gas_used_context,0xa9059cbb,false
25674441,0x552b3a55997045bd50a771ac44c08a7916ff28f92f16ae78c0ce2e2b4d47fd35,0xb6eb220f956eaaa100c5624d6b454acf0967e896,0x28b1dc1a5e3699a428bc51d234dfab7c9cb2a183,2026-08-03T20:50:14,dense_internal_fund_flow;complex_trace,0x0c307f76,true
25674441,0xa5312e55e7a6ec9acef49512ef4fb9ceeb8663065a0db9de68681b904ae3e3be,0xde992badd92adaf9146255e9bde6a70770973664,0x3d0f22bf11636cc9cb129e2b261eed35a487455c,2026-08-03T20:50:14,complex_trace;high_gas_used_context,0xa9059cbb,false
25674442,0x08ff5502b791fbacccd3b206c701a53114315650cb5ea7c1a87dab8e9544eb96,0x09cfee647fa339133380191c8db6b44f24500c9d,0x77b85afbcd336993ac1c65057531c5a5b33b76b8,2026-08-03T20:50:57,repeated_internal_token_drain;dense_internal_fund_flow;complex_trace;high_gas_used_context;token_activity_burst;repeated_risky_internal_calls,0xa9059cbb,true
25674442,0x1dc6c90d8c4b8384ef5027acd07f7219d927d642e021a160f0c5b32603a9bbe6,0xc6acbee42e9e323140c1ed060c2f6ea9cc3b4b75,0x7c5a71c9fefbc7691f9d4ac7baf70c743792f716,2026-08-03T20:50:57,selfdestruct_context,0xf3fef3a3,true
25674442,0x2c200cf51d81a530a66f6601f8c1a76b0156b830d4d8231737017f6f5f768b58,0x005ea0be32125792cbff9c6dbaf91a7001e43235,0xeccef525b3063705da5075a1ce5de1892d24c25a,2026-08-03T20:50:57,large_erc20_asset_flow;complex_trace;high_gas_used_context;token_activity_burst;approval_burst,0xa053db68,true
25674442,0xc13adc92c88c73d55354cb4685b1e9d2072a442c4ccf135f441a644b00d5920d,0xbad000006db10503589262b55d09bb7b3c5e1472,0xbbbbb048b1a85ca221058c45525095b6a68bbbbb,2026-08-03T20:50:57,complex_trace;high_gas_used_context;token_activity_burst,0xa9059cbb,false
25674442,0xc50127d22ad9ba5a010964b22234a4df1649ee92ecdf2e6d0d2a37be1ee7851c,0x38621e91d85f9fb43513fefe2f10a6602d7636fd,0xb300000b72deaeb607a12d5f54773d1c19c7028d,2026-08-03T20:50:57,dense_internal_fund_flow;complex_trace,0x810c705b,true
25674442,0xfa02bd51f2836a4d50a7334514a3b858435f28e02b9495f438d536e7b3700f33,0x03392600086874456e08d2bac104380bcdebcfc0,0xd90e2f925da726b50c4ed8d0fb90ad053324f31b,2026-08-03T20:50:57,dense_internal_fund_flow;complex_trace,0xb438689f,true
25674443,0x02493d2bdbf2ab4998c251b2e61d973dae26737bebc9d2a0187e824ed48271ba,0xd6434d157f254276d69ede3bd9fc805482206908,0x7ec8a30a34b86927dc77b302603d1d53e640bef7,2026-08-03T20:51:09,repeated_internal_token_drain;dense_internal_fund_flow;complex_trace;high_gas_used_context;token_activity_burst;repeated_risky_internal_calls,0xa9059cbb,true
25674443,0x2914126fee0dabee230870a6e45ebc886baf107060a4df17ffbdd8258cbe2a1e,0xde992badd92adaf9146255e9bde6a70770973664,0x3d0f22bf11636cc9cb129e2b261eed35a487455c,2026-08-03T20:51:09,complex_trace;high_gas_used_context,0xa9059cbb,false
25674443,0x5321e4eaf65b9d4ae9959dee313cdf728f897f8f3c6878957581e6fe5c2aaaf0,0x6e868d581784220e4f1a0f922091fe188c31f012,0xbd216513d74c8cf14cf4747e6aaa6420ff64ee9e,2026-08-03T20:51:09,dense_internal_fund_flow;complex_trace,0xac9650d8,true
25674443,0x57a77b84c3da4d996329de7aef9b0530c612ffa661f3d5ec9cea465967b36697,0xdda3b51e29f9d6fad865c5dd7070d5f7eb57663e,0x8d8210a0252a706cb5de0c6f8e46b6d3692afc19,2026-08-03T20:51:09,complex_trace;high_gas_used_context,0xffc3a769,false
25674443,0xb5d725b69515188c690569cc4a8dca787b7e49a566bb76e47376824501720c84,0x59aab1bd0d26290274398c07b55955c15425e16b,0x00fe78205f5f0e63b8ad2b2ae5337f538a610e04,2026-08-03T20:51:09,complex_trace;high_gas_used_context;token_activity_burst,0x34fcd5be,false
25674443,0xe5f7cffe2ada2af044b8804a9b7142576d97bd9ed1ab2bf8caa95f1a52c85599,0x38d1347bd7c37cecb372fee72c8537d8adef8abf,,2026-08-03T20:51:09,selfdestruct_context;contract_creation_context,0x60806040,true
25674443,0xbd745e079c3e00aa41069f128c41aa4a2a81adfc5785553a4e22da82643dc5cd,0x283132390ea87d6ecc20255b59ba94329ee17961,0x604e586f17ce106b64185a7a0d2c1da5bace711e,2026-08-03T20:51:10,large_erc20_asset_flow;complex_trace,0x22bee494,true
25674444,0x0c3b7399765deb5f43f9e71c73416b8765249eacb3c659ed6ab676852a95a2e5,0x3431172c887cf150d9fdaba9876273d9db566367,0x64f5aad0e38e2ff9f50f2e51e813e49c05aca41a,2026-08-03T20:51:21,repeated_internal_token_drain;dense_internal_fund_flow;complex_trace;high_gas_used_context;token_activity_burst;repeated_risky_internal_calls,0xa9059cbb,true
25674444,0x9fc4ff614920d71e60633473f657fa9f808afe486205556a02ac9dfd3a47139f,0x3cfdc212769c890907bce93d3d8c2c53de6a7a89,0x0000000071727de22e5e9d8baf0edac6f37da032,2026-08-03T20:51:22,privileged_execution_context;complex_trace,0x765e827f,false
25674444,0xa4b180f284fe06baeb6256ae630fe7ebb9f4fa19c8ca490a782d505a2d15dfd9,0x1da8498facdbb3089197bf12b9f1d24c04c21922,0x4313c378cc91ea583c91387b9216e2c03096b27f,2026-08-03T20:51:22,dense_internal_fund_flow;complex_trace,0xeffbec13,true
25674445,0x047b2b753c111b9d0f6d0a5248d627b882b04bf4801d318f6fee70c1314ba276,0xde992badd92adaf9146255e9bde6a70770973664,0x3d0f22bf11636cc9cb129e2b261eed35a487455c,2026-08-03T20:51:31,complex_trace;high_gas_used_context,0xa9059cbb,false
25674445,0x432ef2a047546a41a6b368eeb9a36ca93d92fb79b8896389524c99def79cc0d7,0x0eba5721065f961bced568527bfa03ea9ed61a00,0x6131b5fae19ea4f9d964eac0408e4408b66337b5,2026-08-03T20:51:31,dense_internal_fund_flow;large_erc20_asset_flow;complex_trace,0xe21fd0e9,true
25674445,0x9e32cbe98ba3f26cef7072d2393f44b8036801265217e63d50d856adc8d23b02,0xf279dfcdd57e1571c95e2c5b7e2ee453cbcdf77f,0x0000000071727de22e5e9d8baf0edac6f37da032,2026-08-03T20:51:31,dense_internal_fund_flow;complex_trace,0x765e827f,true
25674445,0xc604fb2922d0f91564e9aa67d1c3599aed0470cfddbdd1c44103f394395ac778,0xde992badd92adaf9146255e9bde6a70770973664,0x3d0f22bf11636cc9cb129e2b261eed35a487455c,2026-08-03T20:51:31,complex_trace;high_gas_used_context,0xa9059cbb,false
25674445,0xdff2596db38241d0bded8896c5b6bcfcc2a2602bd8361097ea4d000fb1dd6d3f,0xde992badd92adaf9146255e9bde6a70770973664,0x3d0f22bf11636cc9cb129e2b261eed35a487455c,2026-08-03T20:51:31,complex_trace;high_gas_used_context,0xa9059cbb,false
25674445,0x1e55a81d92827f912246482d804fad9159b4c71ed1131262afccd5f62a22502c,0x59aab1bd0d26290274398c07b55955c15425e16b,0x00fe78205f5f0e63b8ad2b2ae5337f538a610e04,2026-08-03T20:51:32,complex_trace;high_gas_used_context,0x34fcd5be,false
25674445,0x60da8e141d030f673869129e19848dc1ca1266a3404bbe0341b622c43b433598,0x062f05cd6c835677b05a8658a351969476861316,,2026-08-03T20:51:32,privileged_execution_context;high_gas_used_context;contract_creation_context,0x60806040,false
25674446,0x3bc257d9d1fe2d701fdec4a9b08e32a3b918b41610f15c2917edeeb139933f5a,0xd0ee5b90e74e0f3addc9536dece5afbf0bf857d7,0xd90e2f925da726b50c4ed8d0fb90ad053324f31b,2026-08-03T20:52:04,dense_internal_fund_flow,0x13d98d13,true
25674446,0x46b91e49e3397c0794d7d1a838d4caf18882c69b60085f4eca01e26abc5afe40,0xd0ee5b90e74e0f3addc9536dece5afbf0bf857d7,0xd90e2f925da726b50c4ed8d0fb90ad053324f31b,2026-08-03T20:52:04,dense_internal_fund_flow,0x13d98d13,true
25674446,0x7794a3faff4fcbfadf4fb3e86f81f0b63c30c13c0d0c4d378c4df5dc7f66eb18,0xd0ee5b90e74e0f3addc9536dece5afbf0bf857d7,0xd90e2f925da726b50c4ed8d0fb90ad053324f31b,2026-08-03T20:52:04,dense_internal_fund_flow,0x13d98d13,true
25674446,0x7c9ec0c0c50b9f1c5db20c03786619c05b9816c9cf747c46a5048fb2fe94a562,0xd0ee5b90e74e0f3addc9536dece5afbf0bf857d7,0xd90e2f925da726b50c4ed8d0fb90ad053324f31b,2026-08-03T20:52:04,dense_internal_fund_flow,0x13d98d13,true
25674446,0x87de806158f72cd73c7910c8c42896b45ca7d7b45762147c5b32322ddfa546be,0xd0ee5b90e74e0f3addc9536dece5afbf0bf857d7,0xd90e2f925da726b50c4ed8d0fb90ad053324f31b,2026-08-03T20:52:04,dense_internal_fund_flow,0x13d98d13,true
25674446,0x8e2279c5c099d2120cd73cb3b42e8fafe59f19ee99162e28fac1aa7bd49d4456,0xd0ee5b90e74e0f3addc9536dece5afbf0bf857d7,0xd90e2f925da726b50c4ed8d0fb90ad053324f31b,2026-08-03T20:52:04,dense_internal_fund_flow,0x13d98d13,true
25674446,0x98d68ae1b71d42218378c7d3c8362a47ef8c044365cffc2d3aba77b3babf7198,0xd0ee5b90e74e0f3addc9536dece5afbf0bf857d7,0xd90e2f925da726b50c4ed8d0fb90ad053324f31b,2026-08-03T20:52:04,dense_internal_fund_flow,0x13d98d13,true
25674446,0xc2e29911e0ad541d2c6928a1053d97ea7ae363fcae0a82d9e5a785d13aa8900c,0xd0ee5b90e74e0f3addc9536dece5afbf0bf857d7,0xd90e2f925da726b50c4ed8d0fb90ad053324f31b,2026-08-03T20:52:04,dense_internal_fund_flow,0x13d98d13,true
25674446,0xcee106ba63d7d74357cdbf5c21e778028267d8eca90ffd4ffe971c12f6bcc300,0xd0ee5b90e74e0f3addc9536dece5afbf0bf857d7,0xd90e2f925da726b50c4ed8d0fb90ad053324f31b,2026-08-03T20:52:04,dense_internal_fund_flow,0x13d98d13,true
25674446,0xfe62a54b11fe4ca67ca58f7247085e65712ee28f51b1f7d6c10a574dc283fcaf,0xd0ee5b90e74e0f3addc9536dece5afbf0bf857d7,0xd90e2f925da726b50c4ed8d0fb90ad053324f31b,2026-08-03T20:52:04,dense_internal_fund_flow,0x13d98d13,true
25674446,0xb58ab8207f6eab88444ac5e25177bb23135e6fc285d49e3b3a9e679857b5997b,0x3edfb33486bd85f593b5e71371084e9e54667701,0x0000000000000068f116a894984e2db1123eb395,2026-08-03T20:52:05,complex_trace;high_gas_used_context;token_activity_burst;approval_burst,0x87201b41,true
25674446,0xfa8e4402cc4d9b83307c3feb04fd5e38873ba572fba1810b00be407c8872fe2a,0x59aab1bd0d26290274398c07b55955c15425e16b,0x00fe78205f5f0e63b8ad2b2ae5337f538a610e04,2026-08-03T20:52:05,complex_trace;high_gas_used_context,0x34fcd5be,false
25674447,0x414140d6d2e0b11817fdfb09c6ad7ce484f3bafc5710bca8bdf211a1c8a267cb,0xf521afc3892c84987038dd552dc437bc584347c4,0xd90e2f925da726b50c4ed8d0fb90ad053324f31b,2026-08-03T20:52:08,dense_internal_fund_flow,0x13d98d13,true
25674447,0x011c2b82068908b24a239012754cb006310caa2b713d065600d01337ac89976c,0x9642b23ed1e01df1092b92641051881a322f5d4e,0xfaf17849fb05a11a4e233f221bac99ca43fc83f8,2026-08-03T20:52:09,large_erc20_asset_flow,0x6b13fcb1,true
25674447,0x2b46115a7182a249e050f2698e867f659eb9bc7acbdc7439d1fed0fc9829a598,0xa5a5491bca93dd4c076e4906e79e7673f4a5a142,0xccc88a9d1b4ed6b0eaba998850414b24f1c315be,2026-08-03T20:52:09,dense_internal_fund_flow;complex_trace,0x0a2b8f36,true
25674447,0x7b4277fb29c771b7c775f88b655b48ee44967a5675412195ae05c5ab704595f2,0x7830c87c02e56aff27fa8ab1241711331fa86f43,0xa9d1e08c7793af67e9d92fe308d5697fb81d3e43,2026-08-03T20:52:09,large_erc20_asset_flow;token_activity_burst,0xca350aa6,true
25674447,0xf06610edcfd4f3037c563eaacccb1ad37b142a7399e2cceca476549a47d93130,0xfc521b5fb44ffa779761dbe069ae80783752e41b,0xee030ec6f4307411607e55acd08e628ae6655b86,2026-08-03T20:52:09,dense_internal_fund_flow;complex_trace,0x6e1537da,true
25674449,0x0ed2cbfe9a4f01395249c64ac58c6b4dfcb4decad3c0da3d5034b18f68ead839,0x3cfdc212769c890907bce93d3d8c2c53de6a7a89,0x0000000071727de22e5e9d8baf0edac6f37da032,2026-08-03T20:52:36,privileged_execution_context;complex_trace,0x765e827f,false
25674449,0x1d500561249251765e4ac3baef262d21e0b5d4841fa36a36f84c09f1db868207,0xb89007a0908d4bcac0926425266b23d0dc3f0cda,0x4313c378cc91ea583c91387b9216e2c03096b27f,2026-08-03T20:52:36,dense_internal_fund_flow;complex_trace,0xeffbec13,true
25674449,0x251aeec48165322e6867df4fe2674aaa106cd1d4f7c6bb7608b4c50278787eaa,0xa154b98e53fc35e1bad1ff758acbc8c629bdcd2b,0x19917386eeae67b6ff7ddf07de4019fca40aa4ec,2026-08-03T20:52:36,complex_trace;high_gas_used_context;token_activity_burst,0xa9059cbb,false
25674449,0x3d667963309e77dbd2436e4e2a496d4cae89d36aa1385578c8fcb13523c0a9be,0x59aab1bd0d26290274398c07b55955c15425e16b,0x00fe78205f5f0e63b8ad2b2ae5337f538a610e04,2026-08-03T20:52:36,complex_trace;high_gas_used_context;token_activity_burst,0x34fcd5be,false
25674449,0x3d8122042c16cb5779537355628f99b706c44d3416c8bb38e000030c5a5edb4f,0x59aab1bd0d26290274398c07b55955c15425e16b,0x00fe78205f5f0e63b8ad2b2ae5337f538a610e04,2026-08-03T20:52:36,complex_trace;high_gas_used_context;token_activity_burst,0x34fcd5be,false
25674449,0x4e1e7f82578d3a90d88b00c89a65b76b6f1fd6820afd4da4bab460263d1f5a55,0xf70da97812cb96acdf810712aa562db8dfa3dbef,0x6c96de32cea08842dcc4058c14d3aaad7fa41dee,2026-08-03T20:52:36,large_erc20_asset_flow;complex_trace,0xc7c7f5b3,true
25674449,0x5f126fbd5cd3118fd780f19bb83c9f2313129aea5279986e20c6468db05f4306,0xb04e00e3e0f31073464804fe4182844ac2f7d418,0xfa572f5563411bbf20fc40b0a6a0d5a9fa1af00d,2026-08-03T20:52:36,complex_trace;high_gas_used_context;token_activity_burst,0x564a5158,false
25674449,0x6e8ee8c306a93c98e8aaf15c7886972cdc8769ee5cbbc374e6515822eeb434fd,0x473bb07225961ae7b27a9b6f3293def693455696,0x28b1dc1a5e3699a428bc51d234dfab7c9cb2a183,2026-08-03T20:52:36,dense_internal_fund_flow;complex_trace;high_gas_used_context;token_activity_burst,0x0c307f76,true
25674449,0x792d18808a8471d0850b97feb91182d5618a3502bf19c1811d87e3b89fc14c13,0xe99bd1c2dd70cd58e5efd47887991700e7318ce2,0xad3b67bca8935cb510c8d18bd45f0b94f54a968f,2026-08-03T20:52:36,complex_trace;token_activity_burst;approval_burst,0x146ee74d,false
25674449,0x7d5b3bec71d17f89548b97f2d2c5a75662e457f2573301ab92d82bed6332b0db,0xde992badd92adaf9146255e9bde6a70770973664,0x3d0f22bf11636cc9cb129e2b261eed35a487455c,2026-08-03T20:52:36,complex_trace;high_gas_used_context,0xa9059cbb,false
25674449,0x864f9bcf746316c2421228abbb7b80821279c3c0c9efcc5fba091d8ad65d079a,0x67836ec7c2ae8e4a4031a41532c07a4ca48ea16d,0x6566194141eefa99af43bb5aa71460ca2dc90245,2026-08-03T20:52:36,large_erc20_asset_flow;complex_trace,0x374f435d,true
25674449,0xc97aca3ccbca16a3b97eda55bf2ccec2f4937b23887cd5023697995797935c76,0xde992badd92adaf9146255e9bde6a70770973664,0x3d0f22bf11636cc9cb129e2b261eed35a487455c,2026-08-03T20:52:36,complex_trace;high_gas_used_context,0xa9059cbb,false
25674449,0xd5c2f414531851844b9938033e6c0220056aba6753c9fe0bbc7bc93365efd9dd,0x2be6a24c1ed78b6e0f5506ab9ef12d116c1c58d6,0x87870bca3f3fd6335c3f4ce8392d69350b4fa4e2,2026-08-03T20:52:36,large_erc20_asset_flow;complex_trace;high_gas_used_context;token_activity_burst,0x42b0b77c,true
25674450,0x940941832939e3178367bd93b13ff215219f435650047f411ddaf9a1d211ec0e,0x5b43453fce04b92e190f391a83136bfbecedefd1,0xbdb3ba9ffe392549e1f8658dd2630c141fdf47b6,2026-08-03T20:52:50,large_erc20_asset_flow;complex_trace;high_gas_used_context;token_activity_burst,0x000000c3,true
25674450,0x11d6a614b55bb5731ff7f916c1bd529583a015072eedfbd649c43d02db2dca62,0xf84c9f6d59be057f60b484ceda185449848044e1,0x56dfa3a6b36611889c62ff90115c2681b72269cf,2026-08-03T20:52:51,privileged_execution_context;complex_trace,0x6a761202,false
25674451,0x3da00bdc262990017e117a9425214a5f189a1514742f4fab509b871dd1b2bf9b,0x81eb6f2babd5d53a1f401e242d566c7cd19aaf00,0x93c30e6e09f698cfea99b09b5166ed90cfaedd17,2026-08-03T20:53:00,dense_internal_fund_flow,0x0fe20a3f,true
25674451,0x3e1fd4642f1a4aeed20dd81cdec9fc56a105c9032a76ff08071fe99bee342b8c,0xc6acbee42e9e323140c1ed060c2f6ea9cc3b4b75,0x7c5a71c9fefbc7691f9d4ac7baf70c743792f716,2026-08-03T20:53:00,selfdestruct_context,0xf3fef3a3,false
25674451,0x73830f6bfa089963b8bfd9afcae110a95ab58197cce9711ee250dd4cf3a8120c,0x6f1eda5514b318f70a31ec74e3dd52c2985faaa2,0x28b1dc1a5e3699a428bc51d234dfab7c9cb2a183,2026-08-03T20:53:00,dense_internal_fund_flow;complex_trace;high_gas_used_context;token_activity_burst,0xf2c42696,true
25674451,0x79eb626f01d7d3387d947754a1ed60b9bb320c9b3e61d43e340fb25f7c0c70ae,0xa5b6cebb8343253c6f4d73333da6d110a3fa9406,0xacddac6c77318b615f7f6fb9bb67c6833e9c05f1,2026-08-03T20:53:00,large_erc20_asset_flow;complex_trace,0x571d3dc7,true
25674451,0xa76b899a5a74e461263036ad1cb26e7e3a6cf1bd1845477c76b17436a66590df,0x133a5a86159bbad128468ef1340e847b0afd45f9,0xee030ec6f4307411607e55acd08e628ae6655b86,2026-08-03T20:53:00,complex_trace;high_gas_used_context,0x6e1537da,false
25674451,0xdde5261a01c897d8bc5b053316f16a6d422b276f7f1a5484062ab700241fccb2,0x7de11975b293c3a4aa62fb9505fc2bcc31e28f5d,0xddc796a66e8b83d0bccd97df33a6ccfba8fd60ea,2026-08-03T20:53:00,large_erc20_asset_flow,0x314b28aa,true
25674451,0x0e654f9baeb1db9eab57d21bb2dc25dbff245e7a083a187e51f898775ab2f1a9,0x59aab1bd0d26290274398c07b55955c15425e16b,0x00fe78205f5f0e63b8ad2b2ae5337f538a610e04,2026-08-03T20:53:01,complex_trace;high_gas_used_context,0x34fcd5be,false
25674451,0x2470f77cae17a7ac6ddc2607389638cb54bc9c4880b190b8d26da3cc4693f393,0xba020d1428110c72ad39ee71be37026e0a97ffa8,0xa5e1a81738259256181f9a0e478188553062d340,2026-08-03T20:53:01,large_erc20_asset_flow;token_activity_burst,0x24856bc3,true
25674451,0x3e0508bd357029f2c1520a4770828876ade73dcd9ecf38193804a0e4ca0d299e,0x59aab1bd0d26290274398c07b55955c15425e16b,0x00fe78205f5f0e63b8ad2b2ae5337f538a610e04,2026-08-03T20:53:01,complex_trace;high_gas_used_context,0x34fcd5be,false
25674451,0x81b524ca43748b44707e5e4718b3830ac30cd000d247741e242c9a6ddf204788,0xbad000006db10503589262b55d09bb7b3c5e1472,0xbbbbb048b1a85ca221058c45525095b6a68bbbbb,2026-08-03T20:53:01,repeated_internal_token_drain;dense_internal_fund_flow;complex_trace;high_gas_used_context;token_activity_burst;repeated_risky_internal_calls,0xa9059cbb,true
25674453,0x37f99834cdbffbc394951a9ca7b91e5f41b917e74c0fbda9b16f7b1afcdecf9b,0x9b3a8cb262644aec83a2f60a65d479ca514fb444,0x6964a40148ee51e4b4fc2290fed6ad2b7df4dd2f,2026-08-03T20:53:10,dense_internal_fund_flow;complex_trace,0x5a961912,true
25674453,0x39ef361060b72dc4bda75eecefda69d7d8b4a77e222cee0814322118856b399e,0xbf0c9cc4acbec112305d0cc2ca1a4465930ceb5c,0xd90e2f925da726b50c4ed8d0fb90ad053324f31b,2026-08-03T20:53:10,dense_internal_fund_flow,0x13d98d13,true
25674453,0x3c3b1d56ae2295974d655c57bd11c004eb2ef7d2e7925071023a49c3f10ebf23,0x22face80f43b857141e9752c3bae8c3309fcdd0f,0xa1368d53a26b6f7aacf97575a94b286527f6cf6d,2026-08-03T20:53:10,selfdestruct_context,0xf3fef3a3,false
25674454,0x251359808844501d6df16c4fb0d7e8a18eca8020e5c6db35a678ff099b9fa237,0x5b43453fce04b92e190f391a83136bfbecedefd1,0xbdb3ba9ffe392549e1f8658dd2630c141fdf47b6,2026-08-03T20:53:17,dense_internal_fund_flow;complex_trace;high_gas_used_context;token_activity_burst,0x000000c3,true
25674454,0x0e8db3f62c042b9b82e5b2b927cdb50b58bc143162cb51b45b704d5f44674e3f,0xb04e00e3e0f31073464804fe4182844ac2f7d418,0xfa572f5563411bbf20fc40b0a6a0d5a9fa1af00d,2026-08-03T20:53:18,complex_trace;high_gas_used_context;token_activity_burst,0x564a5158,false
25674454,0x906ae06025b345da842d58df6d3f7fef2bb8979b0c13e8d40d881729d28536c4,0x59aab1bd0d26290274398c07b55955c15425e16b,0x00fe78205f5f0e63b8ad2b2ae5337f538a610e04,2026-08-03T20:53:18,complex_trace;high_gas_used_context;token_activity_burst,0x34fcd5be,false
25674454,0xb7babda5e3940d368ae02c8a57f0715c27b7eb1d7ea1c5ba7373020e6b13281a,0x28232dac1e213d7d313dc1d65e9133aa918ee27f,0xb9ab2491935fba03920cd66c206aa98a25c501f2,2026-08-03T20:53:18,large_erc20_asset_flow;privileged_execution_context;complex_trace,0x6a761202,true
25674454,0xcc6a13cfa9cbf615a771e60e051be157a2ca937a20f7f5e50df246732a695d08,0x59aab1bd0d26290274398c07b55955c15425e16b,0x00fe78205f5f0e63b8ad2b2ae5337f538a610e04,2026-08-03T20:53:18,complex_trace;high_gas_used_context,0x34fcd5be,false
25674454,0xd85af82ba878152c80214eb7712e7220685d14a411991292e066addc9f075341,0xb70e998999707d1208a90699b5ea8f792c00b6f6,0x6131b5fae19ea4f9d964eac0408e4408b66337b5,2026-08-03T20:53:18,large_erc20_asset_flow;complex_trace,0xe21fd0e9,true
25674454,0xee2c98de7ee493c9c0df109f133d13f38d79f292c2213df758b1b6db83f15f91,0x00292bf65bafe5e8cb99c42b5c493ab497692400,0x28b1dc1a5e3699a428bc51d234dfab7c9cb2a183,2026-08-03T20:53:18,dense_internal_fund_flow;complex_trace;high_gas_used_context,0x0c307f76,true
25674455,0x0c57e8611d89d042aa4dd05d61626f78e11fdc814094526ae0d60817d865d7d3,0xd0ee5b90e74e0f3addc9536dece5afbf0bf857d7,0xd90e2f925da726b50c4ed8d0fb90ad053324f31b,2026-08-03T20:53:22,dense_internal_fund_flow,0x13d98d13,true
25674455,0x7164ecfa7b92147f0b4f3121e5ebfd6837d520725ce8190a0a176b58396fe2bc,0xc6acbee42e9e323140c1ed060c2f6ea9cc3b4b75,0x7c5a71c9fefbc7691f9d4ac7baf70c743792f716,2026-08-03T20:53:22,selfdestruct_context,0xf3fef3a3,false
25674455,0x98a3b59d6779481d585a549620cf65044a27c8a3cc9f3e6ebde47e8eba82d4f6,0xcb0f8e62a219381a144fef9e80236da0cba8beca,0x0000000071727de22e5e9d8baf0edac6f37da032,2026-08-03T20:53:22,repeated_internal_token_drain;dense_internal_fund_flow;very_complex_trace;high_gas_used_context;token_activity_burst;repeated_risky_internal_calls,0x765e827f,true
25674455,0x0b6b952be885750951e336ddb2bd845c9a1fa2a6a85a2b60a539b739d9182b95,0x433700890211c1c776c391d414cffd38efdd1811,0x0000000071727de22e5e9d8baf0edac6f37da032,2026-08-03T20:53:23,privileged_execution_context;complex_trace,0x765e827f,false
25674455,0x6a49da8b953cec20171a0b83a6a860d104f06310e3f8932b52c702b1408185fe,0x49e1bf431e9bbbd8e57afcd21ccac3f30e7d98d3,0x28b1dc1a5e3699a428bc51d234dfab7c9cb2a183,2026-08-03T20:53:23,complex_trace;high_gas_used_context;token_activity_burst,0xf2c42696,true
25674455,0x79b9057cd6f55da0af9235f5f060549c01502806ddc0d729df70b5608afb5abf,0x59aab1bd0d26290274398c07b55955c15425e16b,0x00fe78205f5f0e63b8ad2b2ae5337f538a610e04,2026-08-03T20:53:23,complex_trace;high_gas_used_context;token_activity_burst,0x34fcd5be,false
25674456,0xa929117a70a77cd648b2d6c44cd04c11811938fd56661c828c04d3b637f19490,0x7a738dae1854009d1dccee25e3b5a7c1764a9b2e,0x6566194141eefa99af43bb5aa71460ca2dc90245,2026-08-03T20:53:28,large_erc20_asset_flow;complex_trace,0x374f435d,true
25674456,0x0bdc3ad79e4c9eadd1d9ae07c086561c8415270589909032e44bcaff37836658,0x59aab1bd0d26290274398c07b55955c15425e16b,0x00fe78205f5f0e63b8ad2b2ae5337f538a610e04,2026-08-03T20:53:30,complex_trace;high_gas_used_context;token_activity_burst,0x34fcd5be,false
25674456,0x477cd1aa5b2bc2a91e4a0405296b02d267f8d62b06fe272045209608a3bd5c3e,0x00292bf65bafe5e8cb99c42b5c493ab497692400,0x28b1dc1a5e3699a428bc51d234dfab7c9cb2a183,2026-08-03T20:53:30,dense_internal_fund_flow;complex_trace,0x0c307f76,true
25674456,0x5fd7e1c8405e81a4118ebca70f6af73d482a19203a4f6d8cd051764e1a31427a,0x45df5e6c3bccb8a03049653472096156aaec8012,0x78ace9b2ee9a31737fad748015266a59f32dc79a,2026-08-03T20:53:30,dense_internal_fund_flow;complex_trace;high_gas_used_context,0x9265bb9d,true
25674456,0xab419e2459725280e9e45ed4cc9e60c6d0ccf95338a26132aaabe5080bb65a08,0xe99bd1c2dd70cd58e5efd47887991700e7318ce2,0xad3b67bca8935cb510c8d18bd45f0b94f54a968f,2026-08-03T20:53:30,complex_trace;high_gas_used_context;token_activity_burst;approval_burst,0x146ee74d,false
25674456,0xed31c96a5e1c5d0c2d29fd10200ad1be8fa97a461504e6e676847357985ba6bc,0xbad000006db10503589262b55d09bb7b3c5e1472,0xbbbbb048b1a85ca221058c45525095b6a68bbbbb,2026-08-03T20:53:30,repeated_internal_token_drain;dense_internal_fund_flow;complex_trace;high_gas_used_context;token_activity_burst;repeated_risky_internal_calls,0xa9059cbb,true
25674457,0x0ff59e5008b954694680e12a3590180c4f351e48176c5a9239f2a7aa2af630fe,0x3edfb33486bd85f593b5e71371084e9e54667701,0x0000000000000068f116a894984e2db1123eb395,2026-08-03T20:53:35,complex_trace;high_gas_used_context;token_activity_burst,0x87201b41,true
25674457,0x3e0bbc3c234d6c6169de89608c7d443135ddf5e237bb71f41dba94904f156980,0x715d54b785152eefecc32d7d02b79440a9e84295,0x6131b5fae19ea4f9d964eac0408e4408b66337b5,2026-08-03T20:53:35,dense_internal_fund_flow;complex_trace,0xe21fd0e9,true
25674457,0x9d4869a9ebc3f3121cfd19eae61dbe30e44948b987eca6c92c6d6dc53d1557dd,0x59aab1bd0d26290274398c07b55955c15425e16b,0x00fe78205f5f0e63b8ad2b2ae5337f538a610e04,2026-08-03T20:53:37,complex_trace;high_gas_used_context;token_activity_burst,0x34fcd5be,false
25674458,0x0e16472fef5aed63e662bdd07e6731c2c477198a58b6dd91ced4f393235e47d1,0x70e59f9c304e4d5096bd408b571e2dcd99c3120b,0xad3b67bca8935cb510c8d18bd45f0b94f54a968f,2026-08-03T20:53:41,complex_trace;token_activity_burst;approval_burst,0x146ee74d,false
25674458,0x501b60d1a4533507ea8a83110c65c7006baf000c751fac687337b63792799409,0x48b8470fd956b5778fded969cfa8e0fefd24c55e,0xcb0151ac9479a6a0261622baa63ae843c9793d45,2026-08-03T20:53:41,large_erc20_asset_flow;complex_trace,0x64cd187f,true
25674458,0x64875b5b84b41b520551854696c0ce408fb3e0aa2ede604cc95a5919b6140ea7,0x56706f118e42ae069f20c5636141b844d1324ae1,0x989e348275b659d36f8751ea1c10d146211650be,2026-08-03T20:53:41,complex_trace;high_gas_used_context,0xfe0d94c1,true
25674458,0xff562a08fa8bfa32442d60f90cf3866006e93326141698aa0a7dc099406703b6,0x7556699aa8e6a7c9c69bcfaf9debd05f8192b063,0x84cab37995229530d9e6e5cff2f8f4ebe4517d66,2026-08-03T20:53:41,complex_trace;high_gas_used_context;token_activity_burst,0xe587456a,false
25674458,0xa62e212f8669caacbc3872fdc4a0aa13ebf949043f9576599ff81d00655157df,0xb870e184b80695c93ca142ceeddcf33759336d44,0xbc1d9760bd6ca468ca9fb5ff2cfbeac35d86c973,2026-08-03T20:53:42,dense_internal_fund_flow,0xd984396a,true
25674458,0xbfa7f0aac429ad2a471fff5571bd0b7d71b4fc8e5e59ea6d80f659ca22bf2e7b,0x59aab1bd0d26290274398c07b55955c15425e16b,0x00fe78205f5f0e63b8ad2b2ae5337f538a610e04,2026-08-03T20:53:42,complex_trace;high_gas_used_context;token_activity_burst,0x34fcd5be,false
25674459,0x636c2d80debdd29f287a542e8ecd3bd40526a034d793252ba35a394df66a1d78,0xb3afb6db38a8e72905165c1fbb96772e63560790,0x9e0a538749a486bbf127f8848a6f2cf4e1e92dbd,2026-08-03T20:53:50,privileged_execution_context;complex_trace,0xd05c2c94,false
25674459,0xbc916652b7bdbf7a97c4120c69a7d66bb55f397b65f1e34f0f9f1057bf06b3db,0x7b49bc3ebbdf7322f31c6449320382bbec3be1b6,0xad3b67bca8935cb510c8d18bd45f0b94f54a968f,2026-08-03T20:53:50,complex_trace;token_activity_burst;approval_burst,0x146ee74d,false
25674459,0x14bf20e0968a7ee41bd22232272fb515717fcdf2dddabac24ff335a09158f894,0xba03076f3f19948325513b48fc66e640699fb33c,0xa5e1a81738259256181f9a0e478188553062d340,2026-08-03T20:53:51,large_erc20_asset_flow;token_activity_burst,0x24856bc3,true
25674459,0x4e9ebb565ba22c41410faf81bfa3cbcbb45996ed61ff2286cc748c848330928d,0x59aab1bd0d26290274398c07b55955c15425e16b,0x00fe78205f5f0e63b8ad2b2ae5337f538a610e04,2026-08-03T20:53:51,repeated_internal_token_drain;dense_internal_fund_flow;complex_trace;high_gas_used_context;token_activity_burst;repeated_risky_internal_calls,0x34fcd5be,true
25674459,0xd42cf461fc1c1f5362e8b0b30c6ea6c69cfc1656351d435f6778d8089423fdf4,0xb1ca4a18aff443656f407fa8be3533ff27dde911,0x9da8b48441583a2b93e2ef8213aad0ec0b392c69,2026-08-03T20:53:51,large_erc20_asset_flow;complex_trace,0xe7c438c9,true
25674460,0x322b3d0c2f5507eb31ceecedea5e2426dcc57bc42e3c81d49feb4d6e6263d487,0x05d9f7a3d68f70ac571bafd3665ceda76a492f26,0xbca3039a18c0d2f2f84ba8a028c67290bc045afa,2026-08-03T20:53:55,large_erc20_asset_flow;complex_trace,0xec8acddf,true
25674460,0x22d3fd15675aa8423e167414cc5fda20c0bd591e10dda2035737746e49a3bdee,0x17a9aa3f7945fb00c2eb16857baa4adb63da59db,0x5ff137d4b0fdcd49dca30c7cf57e578a026d2789,2026-08-03T20:53:56,privileged_execution_context;complex_trace,0x1fad948c,false
25674460,0x49a51a2f02cb1bca7520f8d4464b51ee9c97e4f9e21151fdeeeff66bd51d8665,0x7575e4f77ff4f650dda9c89f5573bcc9c145d13f,0xe0ca26e5a6b0f2776ed14db18d4f238c1c7da03e,2026-08-03T20:53:56,privileged_execution_context;complex_trace;high_gas_used_context,0x6a761202,true
25674460,0x5fb4f97b343600046b25c2c7cd7c85dfa12bca50da6a527d5de197ac7440e65f,0x4d2fb16f56bee45e89915ea7ca12688bd2fbfc35,,2026-08-03T20:53:56,privileged_execution_context;high_gas_used_context;contract_creation_context,0x60c08060,false
25674460,0x67a4c27c3e0058d156eed1445959f90b1c8c53fdde24a4668a982c529f6600b8,0x8529e9b7799339ddf2f70e2adf4ad9aec1b0dd54,0xf9290424455a3374c65081afe810c95c38bd417c,2026-08-03T20:53:56,dense_internal_fund_flow;complex_trace,0xe2216330,true
25674461,0x45d3c1d20e7a31f6134c6c61e4f783c63dd6bfd705d94d48feee7c79e3db1603,0x9534d95f2e57687a96be68f2fde4331064f8224e,0x6566194141eefa99af43bb5aa71460ca2dc90245,2026-08-03T20:54:01,large_erc20_asset_flow;complex_trace,0x374f435d,true
25674461,0x749936db452463e649959d0b00e35ef6c70a949a8c9b344b3eef5bafb27e4543,0x751a8a4ba46be0cd308d24baf9dcc5dfe1118c00,0x1231deb6f5749ef6ce6943a275a1d3e7486f4eae,2026-08-03T20:54:01,large_erc20_asset_flow;complex_trace,0x4666fc80,true
25674461,0xaa572d15121f311aabe323a8c6cf117729ae2b3e2503150ba001a2d8d05ed0fb,0xc6acbee42e9e323140c1ed060c2f6ea9cc3b4b75,0x7c5a71c9fefbc7691f9d4ac7baf70c743792f716,2026-08-03T20:54:01,selfdestruct_context,0xf3fef3a3,false
25674461,0x2e456760734816a88748ff550cf86903ab15a900a255fc24bd09a9da418e106d,0x4d2fb16f56bee45e89915ea7ca12688bd2fbfc35,,2026-08-03T20:54:02,privileged_execution_context;high_gas_used_context;contract_creation_context,0x60c03461,false
25674461,0x6fb449ec657e85ccd91c89efa8db0145e685de2aa54ea3b64bb3c6ec1cb00bba,0x3431172c887cf150d9fdaba9876273d9db566367,0x64f5aad0e38e2ff9f50f2e51e813e49c05aca41a,2026-08-03T20:54:02,complex_trace;high_gas_used_context;token_activity_burst,0xa9059cbb,false
25674461,0xf08a8760272d6c0978502b520b9328ea3289d577874dcb7677bf8c7938bae659,0x7de11975b293c3a4aa62fb9505fc2bcc31e28f5d,0x6566194141eefa99af43bb5aa71460ca2dc90245,2026-08-03T20:54:02,large_erc20_asset_flow,0x374f435d,true
25674462,0xa7569e60e50e41022dcf56e3692c38aa13267d619941a3290bed940b15d79732,0x7830c87c02e56aff27fa8ab1241711331fa86f43,0xa9d1e08c7793af67e9d92fe308d5697fb81d3e43,2026-08-03T20:54:08,dense_internal_fund_flow,0x1a1da075,true
25674462,0x1a50534e7a0f7c42af09f86a902f077c8dca4f62ebf8932b2fd670ddc824ef77,0x450545f4cc7425dde582091a7fe9e63471af1045,0x4371e7ec29bbb60872e15c5123c3cac948967eb7,2026-08-03T20:54:09,large_erc20_asset_flow;complex_trace,0x6a761202,true
25674462,0xc07abe4b74c73e7eb9b27816e6b72a4751878c6cb91ddc23e70903af707b445c,0x77746d6ffa0bf81eda08b16826d9b1e3068b593c,0x555ce236c0220695b68341bc48c68d52210cc35b,2026-08-03T20:54:09,complex_trace;high_gas_used_context;token_activity_burst,0xc3c16ee4,false
25674463,0x193577d7687b0e209963e394715f61163c7e0cd0450294d74d3b630185959409,0xc6acbee42e9e323140c1ed060c2f6ea9cc3b4b75,0x7c5a71c9fefbc7691f9d4ac7baf70c743792f716,2026-08-03T20:54:13,selfdestruct_context,0xf3fef3a3,true
25674463,0x3085365019c26bafd7ccefbfaa940e928fb4a146ffb4afa880883447ab6b2292,0x161643f280b09be8e0271eef8efc6c264d125003,0x9df405335696133f243884ad5ef12770ecf8ff44,2026-08-03T20:54:13,dense_internal_fund_flow;token_activity_burst,0xa9059cbb,true
25674463,0x36a9022c3bdf3d4e80e72c1aa47b1ec00c8773980d35489369522974c4761152,0x50bf934781f63028c5c8ef49c4affe19a86d99b6,0x8d04cc7e86e687854eb41d9d43512b655b93184b,2026-08-03T20:54:13,selfdestruct_context,0xb5291b32,false
25674463,0xb8e27a83670f118639051d01e45264f300602fcfbc91f829a942da5c9a13145a,0x4d16ebd8a910425aa05d52385cf4ec3a05e1be30,0xa0f1c3ad83e07d97b5e7030e177718be175275ea,2026-08-03T20:54:13,large_erc20_asset_flow;complex_trace,0x12aa3caf,true
25674464,0x4ef895624e3f78a03d7e902106d46ff264eefdaf89932ce32a208d7140f3efce,0x17a9aa3f7945fb00c2eb16857baa4adb63da59db,0x5ff137d4b0fdcd49dca30c7cf57e578a026d2789,2026-08-03T20:54:18,privileged_execution_context;complex_trace,0x1fad948c,false
25674464,0xe5d3a41c9588eccf6a022643be5f918ab6dd9ff48a4371787ee9eecb8b996882,0x9534d95f2e57687a96be68f2fde4331064f8224e,0x6566194141eefa99af43bb5aa71460ca2dc90245,2026-08-03T20:54:18,large_erc20_asset_flow;complex_trace,0x374f435d,true
25674464,0xea553ccce86d52e0f66256fc3fa091bd0dc1f4e82e558f0d9760aacaf65e9650,0xfc476cf04cf704d789a83850a6ea4604e5f68f47,0x1231deb6f5749ef6ce6943a275a1d3e7486f4eae,2026-08-03T20:54:18,complex_trace;high_gas_used_context,0x1794958f,false
25674465,0x0082189e9d0006ba064f445c6ec49a661b877d15f43390220374e478a3dbc3cb,0x59aab1bd0d26290274398c07b55955c15425e16b,0x00fe78205f5f0e63b8ad2b2ae5337f538a610e04,2026-08-03T20:54:25,complex_trace;high_gas_used_context;token_activity_burst,0x34fcd5be,false
25674466,0x75c5f143fe5353ba5c2c2918e4133efa24552fcb538b8504f12e7e8b54d82c2c,0xe2da046340e00264c4f0443243a0565007ae08ac,0xa6d85f3b3be6ff6dc52c3aabe9a35d0ce252b79f,2026-08-03T20:54:36,complex_trace;high_gas_used_context,0x380db829,false
25674466,0x8483405f134b4c539a8b7171bbd2ccced58ed65482b642bbd89349e9a770471b,0xe2da046340e00264c4f0443243a0565007ae08ac,0xe85bc6df4bce507fc789bcbefd6471abe5b93df2,2026-08-03T20:54:36,complex_trace;high_gas_used_context,0x380db829,false
25674466,0xe6121da680926c432a556be93c66c72209f791113a360267c221d5cd5ac3064c,0xe2da046340e00264c4f0443243a0565007ae08ac,0x39b7f514c199e4beb1739576a2dbd4de7414981b,2026-08-03T20:54:36,complex_trace;high_gas_used_context,0x380db829,false
25674466,0xe762f6c37c4e8a3dd5bd9eadf49082f2139ae47296672c0a7d05cfde10246f22,0xde992badd92adaf9146255e9bde6a70770973664,0x3d0f22bf11636cc9cb129e2b261eed35a487455c,2026-08-03T20:54:36,complex_trace;high_gas_used_context,0xa9059cbb,false
25674466,0x7a71f2a61a67141594ed1a243f5260e69a116f6ec8e6a0e8fd740eecf693068f,0x80d04079ffc53eb14edbeeb37279d126f45552df,0x558f8cfabfebac5da8d87de31987179a61df6f66,2026-08-03T20:54:37,repeated_internal_token_drain;dense_internal_fund_flow;complex_trace;token_activity_burst;repeated_risky_internal_calls,0x8aaa8f3b,true
25674467,0xc49b1a030470dad1048ad4f5d5261921a20699195a60db085c0530bd0a60f528,0x7830c87c02e56aff27fa8ab1241711331fa86f43,0xa9d1e08c7793af67e9d92fe308d5697fb81d3e43,2026-08-03T20:54:46,dense_internal_fund_flow,0x1a1da075,true
25674467,0xdbdbf86dd121d87a57429256d06f8b5a67035d46bace14d4cb90508bff875741,0x7830c87c02e56aff27fa8ab1241711331fa86f43,0xa9d1e08c7793af67e9d92fe308d5697fb81d3e43,2026-08-03T20:54:46,large_erc20_asset_flow;token_activity_burst,0xca350aa6,true
25674467,0x60f1255cb31baf39897c0a8482e18cb6d4d95b23a223e254100a07644256d7ce,0xd1692402c26392ccc8588631d7d5ca9aed4348e5,0x888888888889758f76e7103c6cbf23abbf58f946,2026-08-03T20:54:49,large_erc20_profit_to_sender;large_erc20_asset_flow;complex_trace;token_activity_burst,0x60fc8466,true
25674468,0xfa836d9fd62ffc7fca81b65df3d054560c1086d130b024bccef0ba8cf0bfa31f,0x1eda738c90fb3f80067a2e420a1e2f81b75ecaf5,0xa6d85f3b3be6ff6dc52c3aabe9a35d0ce252b79f,2026-08-03T20:54:57,complex_trace;high_gas_used_context,0x380db829,false
25674469,0xc2eb6b49c1fc542a7e0f2e55dee56da263377788b432c82052dc25a69ba5e5d4,0x5b43453fce04b92e190f391a83136bfbecedefd1,0xbdb3ba9ffe392549e1f8658dd2630c141fdf47b6,2026-08-03T20:55:03,dense_internal_fund_flow;complex_trace;token_activity_burst,0x000000c3,true
25674469,0x0ca054f77b83911972972475d89c167974e2f97ae0a1840466cb6aafadface4c,0x97e1e6c70fe9f2209792640336534bfc9f93aa7a,0x6352a56caadc4f1e25cd6c75970fa768a3304e64,2026-08-03T20:55:04,large_erc20_asset_flow;complex_trace,0x90411a32,true
25674469,0x46c5c8e72ff920e185ba3bcbaa76a98ed2d58b41260d78b0339980ae439430d1,0x2d0e59ab7690130f28742b796857ce516655d0cc,0xcb0151ac9479a6a0261622baa63ae843c9793d45,2026-08-03T20:55:04,large_erc20_asset_flow;complex_trace,0x64cd187f,true
25674469,0x6d331717efc87907e740963431791095deb4c9e92c6c7b9e63363935c6c2798c,0x2c6fd2df673d7709842c23f6097ed72002771875,0xd1d61c7aabe6e08ba852e226430b73612d1b7366,2026-08-03T20:55:05,large_erc20_asset_flow;complex_trace,0xa646f7d6,true
25674469,0xadff593c9c9872dfcdb2c02efaf38841ffbd6a4f2562d25dc04d66837768b119,0x450545f4cc7425dde582091a7fe9e63471af1045,0x4371e7ec29bbb60872e15c5123c3cac948967eb7,2026-08-03T20:55:05,large_erc20_asset_flow;complex_trace,0x6a761202,true
25674469,0xb7294f36b9da339aea6d7e1ad66ffbaf5f9f2d9cb8ce4fc424f12b2440550e81,0xed0896aaa00b60387f22647278b8cddf2f3ee00d,0xd15e62e64c1265dfb753ed6e7c76cb5ff8f276c7,2026-08-03T20:55:05,large_erc20_asset_flow;complex_trace,0xe9ae5c53,true
25674470,0x009c90d3280e576b16b1f62abfc87ad556de3e417f0852cac5b3b25e7e8de789,0x1c244ad85b650a10d92175f16d466406a1221acb,0xacddac6c77318b615f7f6fb9bb67c6833e9c05f1,2026-08-03T20:55:10,large_erc20_asset_flow;complex_trace,0x571d3dc7,true
25674470,0x0c9cd7b462df656035989c7e2609fc98a9eb54acab68221633945b88a11bef53,0xbad000006db10503589262b55d09bb7b3c5e1472,0xbbbbb048b1a85ca221058c45525095b6a68bbbbb,2026-08-03T20:55:11,complex_trace;high_gas_used_context;token_activity_burst,0xa9059cbb,false
25674470,0x271f5f8ac70132b2d23631431c9613691879a0d7cb3a005688d745b672bb9558,0x49f55da8050ed4b938da68fb1fabf487fe60dead,0xfc9aaa5bd8dc0c7cce6d1ddcf0243d2c47aa1054,2026-08-03T20:55:11,selfdestruct_context,0x00000000,true
25674470,0x5325b105286e0d160cdb3e85ba34bd9799a52450ebb2322502dc2967e5a94efa,0x49f55da8050ed4b938da68fb1fabf487fe60dead,0xfc9aaa5bd8dc0c7cce6d1ddcf0243d2c47aa1054,2026-08-03T20:55:11,selfdestruct_context,0x00000000,true
25674470,0x6d336b9123499e94ef5fee968c4a24c595a4f15230acfe79138eaa0d6d36a21d,0x9b3a8cb262644aec83a2f60a65d479ca514fb444,0x6964a40148ee51e4b4fc2290fed6ad2b7df4dd2f,2026-08-03T20:55:11,dense_internal_fund_flow;complex_trace,0x5a961912,true
25674470,0x6f8a725a1faace0204c00fc88dd8275db4248eb8a3b74ef680ec8a92eab42a0f,0x49f55da8050ed4b938da68fb1fabf487fe60dead,0xfc9aaa5bd8dc0c7cce6d1ddcf0243d2c47aa1054,2026-08-03T20:55:11,selfdestruct_context,0x00000000,true
25674470,0x86d3d85650c54d4c905d062c5e973e60578ac3fe919298588a39d49bf6285190,0x49f55da8050ed4b938da68fb1fabf487fe60dead,0xfc9aaa5bd8dc0c7cce6d1ddcf0243d2c47aa1054,2026-08-03T20:55:11,selfdestruct_context,0x00000000,true
25674470,0xa9fa8725453e26c955f5952fdc2ebb778983867dbcd664cf8a2d2c03d271f096,0x49f55da8050ed4b938da68fb1fabf487fe60dead,0xfc9aaa5bd8dc0c7cce6d1ddcf0243d2c47aa1054,2026-08-03T20:55:11,selfdestruct_context,0x00000000,true
25674470,0xae87669efdadf40d3205fc665152fc44f2f229203995671a680fa3643ed52b34,0x49f55da8050ed4b938da68fb1fabf487fe60dead,0xfc9aaa5bd8dc0c7cce6d1ddcf0243d2c47aa1054,2026-08-03T20:55:11,selfdestruct_context,0x00000000,true
25674470,0xb449e0d3d20b20fea7cf6aed08f624dfa559da807a442d9bdadcd60ef7524c1d,0x2cc9bf94668eaba990e77297ddb87de0641cb536,0x663dc15d3c1ac63ff12e45ab68fea3f0a883c251,2026-08-03T20:55:11,dense_internal_fund_flow;complex_trace;high_gas_used_context;token_activity_burst,0x4d8160ba,true
25674470,0xc0a92eecbcb11ec2380c1896f5908731c457423f8b79805b6c8d6423c449fc8e,0x49f55da8050ed4b938da68fb1fabf487fe60dead,0xfc9aaa5bd8dc0c7cce6d1ddcf0243d2c47aa1054,2026-08-03T20:55:11,selfdestruct_context,0x00000000,true
25674470,0xd334dc291443ef21efbc7b1e9f46f42778ded1b386bbd6ef5e3a6d3bdf96fd98,0x49f55da8050ed4b938da68fb1fabf487fe60dead,0xfc9aaa5bd8dc0c7cce6d1ddcf0243d2c47aa1054,2026-08-03T20:55:11,selfdestruct_context,0x00000000,true
25674471,0x0742ca4456f75ccde0b562a5ad811a7f1fd32d562ed78f04e9972a7dd44f2f94,0xca686974913389d42f3c5f61010503daccdb487a,0xbf10bdfe177de0336afd7fccf80a904e15386219,2026-08-03T20:55:17,large_erc20_asset_flow;complex_trace,0xac9650d8,true
25674471,0x2373761f1b0d9905c24a08bfbacf361192c71c91b56c410c8b239caed8a05708,0x7b49bc3ebbdf7322f31c6449320382bbec3be1b6,0xad3b67bca8935cb510c8d18bd45f0b94f54a968f,2026-08-03T20:55:18,complex_trace;high_gas_used_context;token_activity_burst;approval_burst,0x146ee74d,false
25674471,0x73f8b16ed6acd6c7ec72446d6d08557a79b5a8399e39dce864d51e9b82ae62f2,0x279fca4994c82293ee90efd3312261c772976aef,0x29469395eaf6f95920e59f858042f0e28d98a20b,2026-08-03T20:55:19,dense_internal_fund_flow,0x8553b234,true
25674472,0x47d1568c2a3577b1f7204144ed98940c87363f61c68b476ed70eccec28d2ab67,0xcf76a87e24fe2054dcf02a5f65eac0f24a34c439,0x9cbee534b5d8a6280e01a14844ee8af350399c7f,2026-08-03T20:55:24,complex_trace;high_gas_used_context,0x6a761202,false
25674473,0x72b412009d5a7844f2191120c9bda84bc071e4f24f005401ae7260b2b9987ab1,0x59aab1bd0d26290274398c07b55955c15425e16b,0x00fe78205f5f0e63b8ad2b2ae5337f538a610e04,2026-08-03T20:55:33,complex_trace;high_gas_used_context;token_activity_burst,0x34fcd5be,false
25674473,0x77df395b3588dcbeb0bb48eac4f7d0ca5dd04624566c56b49835ec49e3aa0c42,0x7830c87c02e56aff27fa8ab1241711331fa86f43,0xa9d1e08c7793af67e9d92fe308d5697fb81d3e43,2026-08-03T20:55:33,large_erc20_asset_flow;token_activity_burst,0xca350aa6,true
25674474,0x308485446a75121dad70e1037b4eafd36d8987f7e00b53740d7c151f3a1b34d5,0xd6434d157f254276d69ede3bd9fc805482206908,0x7ec8a30a34b86927dc77b302603d1d53e640bef7,2026-08-03T20:55:38,repeated_internal_token_drain;dense_internal_fund_flow;complex_trace;high_gas_used_context;token_activity_burst;repeated_risky_internal_calls,0xa9059cbb,true
25674474,0x51cd3b788ce0ecbba98bd20ffe394d67c97a5804f25a4e34bdc24c59c8984847,0xca686974913389d42f3c5f61010503daccdb487a,0xe68ab4f90fe026b9873f5f276ed2d7efbbbe42be,2026-08-03T20:55:38,dense_internal_fund_flow;large_erc20_asset_flow;complex_trace,0x4a32eaaf,true
25674474,0x9d8542da0e1233698562694656b400aee468654ef6186bc162a97d013d5f5eda,0x18dd3c14e34c1bc379f7538068c59160d9f68e25,0xccc88a9d1b4ed6b0eaba998850414b24f1c315be,2026-08-03T20:55:38,dense_internal_fund_flow;complex_trace,0x0a2b8f36,true
25674475,0x4d05529b11d64e6643919e0a122b5a71403efbd70391e4fe089dfeddce73f9ca,0xde992badd92adaf9146255e9bde6a70770973664,0x3d0f22bf11636cc9cb129e2b261eed35a487455c,2026-08-03T20:55:44,complex_trace;high_gas_used_context,0xa9059cbb,false
25674475,0xdf175eecf75bc73fa8f1f71ecffa3603b527753d3e140154d646f7ffc9fe66da,0x1eda738c90fb3f80067a2e420a1e2f81b75ecaf5,0x4c175ee61c3c1da847e339e1158d61bbd2537046,2026-08-03T20:55:44,complex_trace;high_gas_used_context,0x380db829,false
25674475,0x967a7eaf2558209d5cacd434d8f0b21693a0fc9ce0afb828feb23f4515885e78,0x72a12caefc60ed89b87c2efcbce700e4a3fa9775,0x1111111254eeb25477b68fb85ed929f73a960582,2026-08-03T20:55:46,dense_internal_fund_flow;complex_trace,0x12aa3caf,true
25674476,0x26f0cf46a1b2f640432760bab7d33c292e3df22a9fa5fbfaa3fe3041f82e2d84,0xd6434d157f254276d69ede3bd9fc805482206908,0x7ec8a30a34b86927dc77b302603d1d53e640bef7,2026-08-03T20:55:53,repeated_internal_token_drain;dense_internal_fund_flow;complex_trace;high_gas_used_context;token_activity_burst;repeated_risky_internal_calls,0xa9059cbb,true
25674476,0x7600f98b895a0e48b19c1699f9bac577186a73d2b3dcd38944187036f0bdefa6,0x1a0c96ef4c775697d9ba9a99124df73536fd3866,0xf75584ef6673ad213a685a1b58cc0330b8ea22cf,2026-08-03T20:55:53,large_erc20_asset_flow,0xb94c3609,true
25674476,0x8baa39c6cd23fe28d1375b52b0c2b6145fbc8dab9f8eec530678314656382134,0xe20446cccbfd5f9038e747f1dea8016ecbd94ae5,0x442be06bb5d13711a22ccd3fa382b72a874c5135,2026-08-03T20:55:53,privileged_execution_context;complex_trace,0xf7b5c341,false
25674477,0x402d263a770e63739832389df6161f8715ab56f841c358c2cb4482a9ae17dce5,0x6a772ae29691bdf41722c569d61bbf71eb98de51,0x07964f135f276412b3182a3b2407b8dd45000000,2026-08-03T20:55:58,dense_internal_fund_flow;complex_trace,0xd808d889,true
25674477,0x6c05d688bb35d2fd25bc0c30b5f49c2f4898e1d37d408e88107056b3cbfd049d,0xe99bd1c2dd70cd58e5efd47887991700e7318ce2,0xad3b67bca8935cb510c8d18bd45f0b94f54a968f,2026-08-03T20:55:58,large_erc20_asset_flow;complex_trace;token_activity_burst;approval_burst,0x146ee74d,true
25674477,0x741a857bc52b5dbe5a51304a2a718198d4ef1d410dea75a73964f3da60f4bcc1,0x5b43453fce04b92e190f391a83136bfbecedefd1,0xbdb3ba9ffe392549e1f8658dd2630c141fdf47b6,2026-08-03T20:55:58,dense_internal_fund_flow;complex_trace;high_gas_used_context;token_activity_burst,0x000000c3,true
25674477,0xaaaff4244683d8086f09e0380521188fe2ae5185e63e6a962dac9dd14d21c54c,0xead566b0f46a63ff3f01f1c7022ad3a822f3dadd,0xbeefff209270748ddd194831b3fa287a5386f5bc,2026-08-03T20:55:59,complex_trace;high_gas_used_context,0xb460af94,true
25674477,0xa297cb58e2813bf0e1efd982eaaf76413bcde0f1d5f76d60e75826d3478f8be1,0x74cae0ecc47b02ed9b9d32e000fd70b9417970c5,0xc005dc82818d67af737725bd4bf75435d065d239,2026-08-03T20:56:00,large_erc20_asset_flow;complex_trace,0x7c39d130,true
25674477,0xd616ac680db4ff95735f1841da208dbb67892e1d2b0f7c06033fe30fd2bcf0a5,0x4215f2014239cf0e1a8617b31fcaf88aac6e4779,0x0559a1b22409eef7559a5c88cbaa4e285e7b9c30,2026-08-03T20:56:00,dense_internal_fund_flow;complex_trace,0x96f19cce,true
25674477,0xfab4efbbe8d2c2d4e5345c7cde531ee32e6583a9b4fc6832da6c3487c8103626,0xd93b96f33ddd15893813764ee17a41c85c8d8227,0x66a9893cc07d91d95644aedd05d03f95e1dba8af,2026-08-03T20:56:00,dense_internal_fund_flow;large_erc20_asset_flow,0x3593564c,true
25674478,0x060e480f695b50ff9e45ddf19829ab3049e19c58c4ee544c41bebb3e13bf00b7,0x7a738dae1854009d1dccee25e3b5a7c1764a9b2e,0x6566194141eefa99af43bb5aa71460ca2dc90245,2026-08-03T20:56:06,large_erc20_asset_flow,0x374f435d,true
25674478,0x26411cc45146e52b5dd722599c9b67d9ac81bf041239197c0e72f7da86d71a54,0x49f55da8050ed4b938da68fb1fabf487fe60dead,0xfc9aaa5bd8dc0c7cce6d1ddcf0243d2c47aa1054,2026-08-03T20:56:06,selfdestruct_context,0x00000000,true
25674478,0xcf40e6ca783a086003439bcd7ddea642d2b8800dbac5575c24020e98809bdbd0,0x3431172c887cf150d9fdaba9876273d9db566367,0x64f5aad0e38e2ff9f50f2e51e813e49c05aca41a,2026-08-03T20:56:06,repeated_internal_token_drain;dense_internal_fund_flow;complex_trace;high_gas_used_context;token_activity_burst;repeated_risky_internal_calls,0xa9059cbb,true
25674478,0x4c49dc8815909079b6923197cc5b651d2b0d5d1dd6ca5b11587302d5709a919f,0x739212d5bafe6aac8be49a60b7d003bd41dbf38b,0x85b78aca6deae198fbf201c82daf6ca21942acc6,2026-08-03T20:56:07,large_erc20_asset_flow;complex_trace,0xabaa9916,true
25674478,0x86af038cbb3491ebf7fd1df7267189d7f1d391eb24c411ca0c81593468718e44,0xde5ce22a56ed76bf7054121500b23a718399feb7,0x43de2d77bf8027e25dbd179b491e8d64f38398aa,2026-08-03T20:56:07,large_erc20_asset_flow;complex_trace,0xc280c905,true
25674479,0x0b76fd9a62425f4ec20ada9cdccc13344f4c305f14e92542e1116622cc88e436,0x1b878f3af0a7420ef87899696caad92e63e5c4ae,0xa0f1c3ad83e07d97b5e7030e177718be175275ea,2026-08-03T20:56:11,large_erc20_asset_flow;complex_trace,0x12aa3caf,true
25674479,0x1f17756c0d6cfa67585cf9c8dffcbc4890d9a0ce8e278c616dfccf43d6d1362d,0xca686974913389d42f3c5f61010503daccdb487a,0x0000000000001ff3684f28c67538d4d072c22734,2026-08-03T20:56:11,large_erc20_profit_to_sender;dense_internal_fund_flow;large_erc20_asset_flow;complex_trace,0x2213bc0b,true
25674479,0x61752f59824060feaf9491dc0e8bcb8a1fd22387db8381e5853ad6ea1e36fa7e,0x1aed6d75bea7698a8a34ecc1361aec712474073c,0xcb0151ac9479a6a0261622baa63ae843c9793d45,2026-08-03T20:56:11,dense_internal_fund_flow;complex_trace;high_gas_used_context;token_activity_burst;approval_burst,0x64cd187f,true
25674479,0x86893c40e615041713dc693fbdadb4653383b19197e4af35245f27aae9bfffa1,0x5884b2faa9ad6f38010831e2290e515af17a7d47,0x06cff7088619c7178f5e14f0b119458d08d2f5ef,2026-08-03T20:56:11,large_erc20_asset_flow;complex_trace,0x99999999,true
25674479,0xc84f34aa54429b0b2a3d51b8a185290d8ffc611c0a47604da153c3e4d4ff4bca,0x8192b7519bdeb9d356cf223d45bb2581aec14229,0x1231deb6f5749ef6ce6943a275a1d3e7486f4eae,2026-08-03T20:56:11,large_erc20_asset_flow;complex_trace;high_gas_used_context,0x5fd9ae2e,true
25674479,0xdbcaef3b9d875f12ab17347b53afcf0d0f5ab659cacc734b5df7d9ab4190282b,0x49e1bf431e9bbbd8e57afcd21ccac3f30e7d98d3,0x28b1dc1a5e3699a428bc51d234dfab7c9cb2a183,2026-08-03T20:56:11,complex_trace;token_activity_burst,0xf2c42696,true
25674481,0xa2989b500e4758b729786307b5f63f11e3071225c5f612bcbdbad4d9afe1ee41,0x4ebe7faaf4bd533fc1689c93d5c8b66492203608,0x28b1dc1a5e3699a428bc51d234dfab7c9cb2a183,2026-08-03T20:56:22,dense_internal_fund_flow;complex_trace,0x0c307f76,true
25674481,0xac8313e9b6a9309e4050a69a04ac603018dae2a498efaf8a592d1b9406676241,0xf50ef13e5c29f9cf52b6476997d7d9a9352587e7,0xd90e2f925da726b50c4ed8d0fb90ad053324f31b,2026-08-03T20:56:22,dense_internal_fund_flow;complex_trace,0xb438689f,true
25674481,0xc5c9d32e702fde975a4718fd712c7722e72d678b5b9d967c6c513b85f3130fad,0x161643f280b09be8e0271eef8efc6c264d125003,0x9df405335696133f243884ad5ef12770ecf8ff44,2026-08-03T20:56:22,dense_internal_fund_flow;token_activity_burst,0xa9059cbb,true
25674481,0x09723dc3c58f364cc1fa6c50086f3c6be2d396f2dcd3839a64a3ddb4c4a74b2e,0x49f55da8050ed4b938da68fb1fabf487fe60dead,0xfc9aaa5bd8dc0c7cce6d1ddcf0243d2c47aa1054,2026-08-03T20:56:24,selfdestruct_context,0x00000000,true
25674481,0x1143d56c429feed16b8cfebc52b3819235bf62fa8748859601f8ce56851b5bdf,0x49f55da8050ed4b938da68fb1fabf487fe60dead,0xfc9aaa5bd8dc0c7cce6d1ddcf0243d2c47aa1054,2026-08-03T20:56:24,selfdestruct_context,0x00000000,true
25674481,0x419b066a598ec5df97fe6db0670f9c9c399d1d0fe62fe8c5e4e295e73fc87879,0x49f55da8050ed4b938da68fb1fabf487fe60dead,0xfc9aaa5bd8dc0c7cce6d1ddcf0243d2c47aa1054,2026-08-03T20:56:24,selfdestruct_context,0x00000000,true
25674481,0x53b0ec12f47078fccd8e2feb3fe1ebde486c14f1c141bef4c7174d9041d4ecc2,0x49f55da8050ed4b938da68fb1fabf487fe60dead,0xfc9aaa5bd8dc0c7cce6d1ddcf0243d2c47aa1054,2026-08-03T20:56:24,selfdestruct_context,0x00000000,true
25674481,0x62613b73cd96469f0562f40480465b10ad600ea742303bfd0023438223e1ebb0,0x49f55da8050ed4b938da68fb1fabf487fe60dead,0xfc9aaa5bd8dc0c7cce6d1ddcf0243d2c47aa1054,2026-08-03T20:56:24,selfdestruct_context,0x00000000,true
25674481,0x71a6a8822c4e4b6ee716ea2bba970da5c3dbde02dccf3a665f9e39ff2381284a,0x7830c87c02e56aff27fa8ab1241711331fa86f43,0xa9d1e08c7793af67e9d92fe308d5697fb81d3e43,2026-08-03T20:56:24,dense_internal_fund_flow,0x1a1da075,true
25674481,0x75173042f77023088cbec72e4f2583686f026bbb24c2fbb7643a5ea0ff862318,0x49f55da8050ed4b938da68fb1fabf487fe60dead,0xfc9aaa5bd8dc0c7cce6d1ddcf0243d2c47aa1054,2026-08-03T20:56:24,selfdestruct_context,0x00000000,true
25674481,0x8f0297d005f6a9a96d36023f197ea844a0b74ede9bce2e658abd56bfa72971c7,0xb8df65dd1ff912bc3159c3d74ea134cc8da56aa5,0xf9290424455a3374c65081afe810c95c38bd417c,2026-08-03T20:56:24,dense_internal_fund_flow,0xe2216330,true
25674481,0x9bfcb873ddccbb2268a2eb3fb9a0de7fb55b219d1b2e66c138a9cc8d53f702bc,0x49f55da8050ed4b938da68fb1fabf487fe60dead,0xfc9aaa5bd8dc0c7cce6d1ddcf0243d2c47aa1054,2026-08-03T20:56:24,selfdestruct_context,0x00000000,true
25674481,0xa120853aa031198d91252f181fff60a5261f9fdc1c2806f53a47f64edda67b3b,0x59aab1bd0d26290274398c07b55955c15425e16b,0x00fe78205f5f0e63b8ad2b2ae5337f538a610e04,2026-08-03T20:56:24,complex_trace;high_gas_used_context;token_activity_burst,0x34fcd5be,false
25674481,0xba1bdf4b04f6ef5b7a5d019573e63192786732bf442c99b03141dd872811d3ff,0x49f55da8050ed4b938da68fb1fabf487fe60dead,0xfc9aaa5bd8dc0c7cce6d1ddcf0243d2c47aa1054,2026-08-03T20:56:24,selfdestruct_context,0x00000000,true
25674482,0x19f9408a286023f55ab1e6b1597ed3c1cf3ef3241a1bb699bf2ca9afaed272a2,0x09cfee647fa339133380191c8db6b44f24500c9d,0x77b85afbcd336993ac1c65057531c5a5b33b76b8,2026-08-03T20:56:30,complex_trace;high_gas_used_context;token_activity_burst,0xa9059cbb,false
25674482,0xfcac2a93cf8cac65fd7625b14d2e5cd166287a3e45039e25985d49238863376f,0x417c19056b8ef9f6af6dd36928332b6337b4843f,0x4313c378cc91ea583c91387b9216e2c03096b27f,2026-08-03T20:56:30,dense_internal_fund_flow,0xeffbec13,true
25674482,0x1f72e89f7578b0b630265cedb8864ecbb452ce27ca0f021ceaf8c25b4106fb7d,0x4337006f33e2940fcbebd899bf2396117e65df9b,0x0000000071727de22e5e9d8baf0edac6f37da032,2026-08-03T20:56:31,privileged_execution_context;complex_trace,0x765e827f,false
25674482,0x57a693afeafefa30865437e04716217bfd7c405ae594daf0b8c56d67df20f022,0xf1c38898d95ce8edd1c4c4011b586708acf1679c,0x4313c378cc91ea583c91387b9216e2c03096b27f,2026-08-03T20:56:31,dense_internal_fund_flow;complex_trace,0xeffbec13,true
25674482,0x6f602464f702cf89b64a5fd76785ee34823cd6136b3aa0d13ba7e926908e556c,0x50bf934781f63028c5c8ef49c4affe19a86d99b6,0x8d04cc7e86e687854eb41d9d43512b655b93184b,2026-08-03T20:56:31,dense_internal_fund_flow;complex_trace;selfdestruct_context,0x4a1bf18a,true
25674482,0xe367dd1ec7a7a7d72970b3bf2690eb7931186d3ace7302f2aa0f4878c21252e5,0x7830c87c02e56aff27fa8ab1241711331fa86f43,0xa9d1e08c7793af67e9d92fe308d5697fb81d3e43,2026-08-03T20:56:31,large_erc20_asset_flow,0xca350aa6,true
25674483,0x09e59f70096828d784f65e0a890aaf68c0ece0eb5bc53c384ce8c7b06fc77086,0xaaaaa4e5bc0efb33bdf0f3966a7b608db707d8fe,0x00000000008d5f1200332af8a6813cb8377b5bfd,2026-08-03T20:56:37,large_erc20_asset_flow;complex_trace,0xca8bd1f9,true
25674483,0xafaf71f0690651598b6fd4e0cd31e152da4e5ff93907af2cabe54dea65509447,0x70e59f9c304e4d5096bd408b571e2dcd99c3120b,0xad3b67bca8935cb510c8d18bd45f0b94f54a968f,2026-08-03T20:56:37,complex_trace;token_activity_burst;approval_burst,0x146ee74d,false
25674483,0x684c074602b64bb1d791e79a195d6c519d9c2c29cc70deac2b1fc9c4c80c0047,0x50bf934781f63028c5c8ef49c4affe19a86d99b6,0x8d04cc7e86e687854eb41d9d43512b655b93184b,2026-08-03T20:56:38,complex_trace;selfdestruct_context,0x4a1bf18a,false
25674483,0x78f39b7167618d492f86bb5b4fa1cea03da676d4a3b39bf6838e5afbde11752f,0xe4c19e73770fe133fd0ad41b1885dfeae3f99e72,0x28b1dc1a5e3699a428bc51d234dfab7c9cb2a183,2026-08-03T20:56:38,complex_trace;high_gas_used_context,0xf2c42696,true
25674483,0x82b80f5d42b7f6dda4b54d27912fc6f0754d803c75f04acc93722825e8aff726,0x3c442b9bd52045a7e12d9375b1deb379421e3100,0x7a250d5630b4cf539739df2c5dacb4c659f2488d,2026-08-03T20:56:38,dense_internal_fund_flow,0x02751cec,true
25674483,0xc297679c7b5764a023609525bc822b26fa2e5f957063f240b083c4e942186c67,0x2b3fed49557bd88f78b898684f82fbb355305dbb,0x09c30cdcdd971423cb3ba757a47d56c35d06d818,2026-08-03T20:56:38,dense_internal_fund_flow,0x318adb8b,true
25674484,0xbca7cbcbffb880670e75a6f54ee57bdfd6cef0d741feda0a37ec884f90a648db,0x518a3d11503327456a9c1a1db3dd87841f721728,0x1231deb6f5749ef6ce6943a275a1d3e7486f4eae,2026-08-03T20:56:43,dense_internal_fund_flow,0x3110c7b9,true
25674484,0x0df03da9a751072cf372e97d242ba6a8dbc20107c6cebf9d31439deeac8f1212,0x80d04079ffc53eb14edbeeb37279d126f45552df,0x558f8cfabfebac5da8d87de31987179a61df6f66,2026-08-03T20:56:44,complex_trace;token_activity_burst,0x8aaa8f3b,false
25674484,0x999c7a7bcdf239b06ce0cd3efb9df637999aa7e4bdd3e069c64346b79391ae7e,0x09cfee647fa339133380191c8db6b44f24500c9d,0x77b85afbcd336993ac1c65057531c5a5b33b76b8,2026-08-03T20:56:44,high_gas_used_context;token_activity_burst,0xa9059cbb,false
25674485,0x0ffda5733c6ae8755c991426a54b773334943fda60bf5d9ad0c8f504cc37a2b5,0xc6acbee42e9e323140c1ed060c2f6ea9cc3b4b75,0x7c5a71c9fefbc7691f9d4ac7baf70c743792f716,2026-08-03T20:56:46,selfdestruct_context,0xf3fef3a3,false
25674485,0x5fa4741ffae2af07df5b100ac483fcb43712cb2227dfc74b324c7ca61e4e8ac4,0x8e90675e889fcf027d47b04d859aa537f7052626,0x00000688768803bbd44095770895ad27ad6b0d95,2026-08-03T20:56:46,large_erc20_asset_flow;complex_trace,0x56a75868,true
25674486,0x119bfadcf0d57e5e07d7446f3a749926b22d774c9cfc01f8065a9ce146afc8a7,0x7575e4f77ff4f650dda9c89f5573bcc9c145d13f,0xe0ca26e5a6b0f2776ed14db18d4f238c1c7da03e,2026-08-03T20:56:55,privileged_execution_context;complex_trace;high_gas_used_context,0x6a761202,false
25674486,0xd8306ef518af61cb4e412ca4cc2d90b7add9fa04d252d9c440cd108be8374ee9,0xed0896aaa00b60387f22647278b8cddf2f3ee00d,0xd15e62e64c1265dfb753ed6e7c76cb5ff8f276c7,2026-08-03T20:56:55,large_erc20_asset_flow;complex_trace,0xe9ae5c53,true
25674486,0xf9179901eda2b83ed0b56e8be293e5ef6807a1192254d624fd3d49a3759e1682,0x09cfee647fa339133380191c8db6b44f24500c9d,0x77b85afbcd336993ac1c65057531c5a5b33b76b8,2026-08-03T20:56:56,repeated_internal_token_drain;dense_internal_fund_flow;complex_trace;high_gas_used_context;token_activity_burst;repeated_risky_internal_calls,0xa9059cbb,true
25674487,0x1ca6679466995aa0cf457aa1d795b7f90828aa2ab1d3070113b9ad1e6861e6b8,0x761ee338b0f4c0ebb72f84cf51dd9090e27b23c3,0x99e66f3ce49266bd04a64d989ea63df0b8f43b80,2026-08-03T20:57:01,large_erc20_asset_flow;complex_trace;high_gas_used_context,0x03500350,true
25674487,0xf57352d57c6c778b9954e1082cd8c47d33824884b205ed0ec30d3c7a3934a183,0xae2fc483527b8ef99eb5d9b44875f005ba1fae13,0x1f2f10d1c40777ae1da742455c65828ff36df387,2026-08-03T20:57:01,dense_internal_fund_flow,0x2b66babe,true
25674487,0xda6309399ef4d1a328f37711ee0fba814f0fc60ebfb9b98b9b269b19d5136b07,0x9494f3a304194b79c97bd1d440a33f0693c096d4,0xacddac6c77318b615f7f6fb9bb67c6833e9c05f1,2026-08-03T20:57:04,large_erc20_asset_flow,0x571d3dc7,true
25674488,0x69edede4aa26a162c35292b78fabdabdcd67e5d136df967bc5795b288b8a5e8f,0x5e8b11492066bb133cba52782a23f160adb04fbf,0x8278da54b4a47c0f6f4a0a4b00b6f31678f30181,2026-08-03T20:57:24,privileged_execution_context;complex_trace;high_gas_used_context,0x78920554,false
25674488,0x71363693bac5dae22232000d6ac69ba606f38baa17f48b447253e7c0b5d78647,0x09482fb24dad318cc93719ce3c5040dcc01a67ab,0xb996443f693af1e29168eaf3a29994f89636e4cc,2026-08-03T20:57:24,selfdestruct_context,0xf3fef3a3,false
25674489,0x420bd01c8c4a9bfcb5021e535d9f6777be35f1a2d904569223dc203631699a75,0xa5b6cebb8343253c6f4d73333da6d110a3fa9406,0xacddac6c77318b615f7f6fb9bb67c6833e9c05f1,2026-08-03T20:57:32,large_erc20_asset_flow;complex_trace,0x571d3dc7,true
25674489,0xa3052724232c7a93c7d31b4aeaa36c951e11739df43fcd700819f88e7e7237d8,0xba020d1428110c72ad39ee71be37026e0a97ffa8,0xa5e1a81738259256181f9a0e478188553062d340,2026-08-03T20:57:33,large_erc20_asset_flow;token_activity_burst,0x24856bc3,true
25674490,0x1241124a68f743cf11d7a32e34aea472136202a8b7705921529d4a2d0029ff69,0x754dcfb2861547015b221e963b4133a71dbdc024,0xd78d199f8c402e7b5cc2abe278df0412400a3bae,2026-08-03T20:57:39,large_erc20_asset_flow,0x19535a54,true
25674490,0x35049ad352c4ca80c190809e60943192ebc1b24212ca08dc00b6dee7c6f0c039,0x8192b7519bdeb9d356cf223d45bb2581aec14229,0x6566194141eefa99af43bb5aa71460ca2dc90245,2026-08-03T20:57:39,large_erc20_asset_flow;complex_trace,0x374f435d,true
25674490,0x724f2a259619ad06f56574cac8208ae669a4c3be3d6259cedfd36deb68ce57ff,0xbad000006db10503589262b55d09bb7b3c5e1472,0xbbbbb048b1a85ca221058c45525095b6a68bbbbb,2026-08-03T20:57:41,complex_trace;high_gas_used_context;token_activity_burst,0xa9059cbb,false
25674490,0x8123adb320db8161cef3790bec03fcdde9cfe527144af2cb2831d17ae978ada9,0xc6acbee42e9e323140c1ed060c2f6ea9cc3b4b75,0x7c5a71c9fefbc7691f9d4ac7baf70c743792f716,2026-08-03T20:57:41,selfdestruct_context,0xf3fef3a3,false
25674491,0x38270d92ea6b481d702b8b1bf0c2dfb82ecb8739b57b2c2630a3decc9c9789fc,0x3a89a1354e124179349656cb2436850d5574c0cb,0x1231deb6f5749ef6ce6943a275a1d3e7486f4eae,2026-08-03T20:57:49,large_erc20_asset_flow;complex_trace;high_gas_used_context,0x80c65808,true
25674491,0x6405a0f106e8662ea713c3edf0024dc18036580e73c74eba8c3a09cd923ef516,0x944f8646918b17011a91257a9ff3da31b845ffad,0xf4e147db314947fc1275a8cbb6cde48c510cd8cf,2026-08-03T20:57:49,large_erc20_asset_flow;complex_trace,0x0bf5d35e,true
25674491,0xaacb7ce6237ce9554cfe6f32fd64c21a92a6f52f5b5cd7e152994545e2eaaedf,0x59aab1bd0d26290274398c07b55955c15425e16b,0x00fe78205f5f0e63b8ad2b2ae5337f538a610e04,2026-08-03T20:57:50,complex_trace;token_activity_burst,0x34fcd5be,false
25674491,0xdc14a8a0c63fb348a0162b92537f9f535fa0e5cccfa64ea51de8d846e823c476,0x49e1bf431e9bbbd8e57afcd21ccac3f30e7d98d3,0x28b1dc1a5e3699a428bc51d234dfab7c9cb2a183,2026-08-03T20:57:50,complex_trace;high_gas_used_context,0xf2c42696,true
25674492,0x6c2466932fdb0d02bbcde9bcd55756349b4862ce5bfc1fee68c408bc5ed96efc,0xae2fc483527b8ef99eb5d9b44875f005ba1fae13,0x1f2f10d1c40777ae1da742455c65828ff36df387,2026-08-03T20:57:57,dense_internal_fund_flow;large_erc20_asset_flow;complex_trace,0x2bd0bd21,true
25674492,0x95c4e889d75f74191835f60113147bdcc237aaebcd1b4fd52125db36c76d5d00,0x1b9c624b8b39c558188b652390ed21846877f324,0x1231deb6f5749ef6ce6943a275a1d3e7486f4eae,2026-08-03T20:57:57,dense_internal_fund_flow;complex_trace,0x4f3b0759,true
25674492,0xafa75f305a40cc0d59f722cebf787c4bc188afdc867671866af46f30447cbd29,0x7830c87c02e56aff27fa8ab1241711331fa86f43,0xa9d1e08c7793af67e9d92fe308d5697fb81d3e43,2026-08-03T20:57:57,large_erc20_asset_flow,0xca350aa6,true
25674492,0xbd9d8d71f350fc5a6e30ad7c9d91e1f3ae70deaf1597e7e8920c09ee8123be6b,0xae2fc483527b8ef99eb5d9b44875f005ba1fae13,0x1f2f10d1c40777ae1da742455c65828ff36df387,2026-08-03T20:57:57,dense_internal_fund_flow;large_erc20_asset_flow;complex_trace,0x2bad1b04,true
25674492,0xde88b79413dcef18f1115ca03c3b6ba2fd82dcce9272ea6a764a2881fbb9fb64,0x09cfee647fa339133380191c8db6b44f24500c9d,0x77b85afbcd336993ac1c65057531c5a5b33b76b8,2026-08-03T20:57:58,repeated_internal_token_drain;dense_internal_fund_flow;complex_trace;high_gas_used_context;token_activity_burst;repeated_risky_internal_calls,0xa9059cbb,true
25674492,0x476d36631d6512cab60d58490cfc4a938a3e4af2ce5b81d9d5a8b3334a001d8b,0x3085f4eeafe327b5a44cdabe748070b02f1dd261,0x7a7f0b3c23c23a31cfcb0c44709be70d4d545c6e,2026-08-03T20:57:59,dense_internal_fund_flow,0x33986ffa,true
25674493,0x362adc09cf20a444497135aac8861e4d9c83c33ca2a5247daa813ae200749efc,0xe3d5e8d77dc4031013e6fa53c26164555dc273ad,0x18428a1ee4dc771f40b68d4f496b9dc653351a13,2026-08-03T20:58:01,large_erc20_asset_flow,0xbc73ddf0,true
25674493,0xf7b6b361de0f79184bdde8ee180b4035540117475ea49fe65bd2c9f3d7546daa,0xe3d5e8d77dc4031013e6fa53c26164555dc273ad,0x18428a1ee4dc771f40b68d4f496b9dc653351a13,2026-08-03T20:58:01,large_erc20_asset_flow,0xbc73ddf0,true
25674493,0x340a3c86877e49114f08e6856aa5449796902055f883e7835153b9127e19bd8c,0xaf9b98d2acde5f13eaeaeb0101273cdfa86dcc95,0x0000000000001ff3684f28c67538d4d072c22734,2026-08-03T20:58:02,large_erc20_profit_to_sender;large_erc20_asset_flow;complex_trace,0x2213bc0b,true
25674493,0x695250f2c33e5bd65d731935ffe9be3f598e5a6cbba404f7c3058bcb1256b043,0x062ce42cae04c51d04e77e3d64cc8953a2296ffe,0x8a25a24ede9482c4fc0738f99611be58f1c839ab,2026-08-03T20:58:02,large_erc20_asset_flow;complex_trace,0x6a761202,true
25674494,0x116a9c441870369d5aa387db050425c582ed7df798787c600cd26ef0a89a37c3,0x97254a671bb90e184b8c117ace2c7feaae0012db,0x07964f135f276412b3182a3b2407b8dd45000000,2026-08-03T20:58:09,dense_internal_fund_flow;complex_trace,0xd808d889,true
25674494,0x8b91980a18bbbcbf1fe0d434738848657af64ccace5b604074983d92177a6b70,0xe2589eee423fbbc42ddeb68f5dc64ee6991e8980,0x07964f135f276412b3182a3b2407b8dd45000000,2026-08-03T20:58:09,dense_internal_fund_flow;complex_trace,0xd808d889,true
25674494,0x281677e6a4cc648aed21a18a2b3189b602c4df60d700ccfe90bfb339cdc76735,0x62f9fb910825fc98be0c80a3b62336e0f899422a,,2026-08-03T20:58:10,large_mint_to_sender;high_gas_used_context;contract_creation_context,0x60806040,true
25674494,0x0788b7dc1db44470d853dbf05f7d9b20d865c3fe39215d20f8a122566c6d32aa,0x27ee6fb6901f561480a0a04cdbd6456345c24d35,0x3d90f66b534dd8482b181e24655a9e8265316be9,2026-08-03T20:58:12,dense_internal_fund_flow;complex_trace,0x47ee97ff,true
25674494,0x16a3daa02fe294e104b5b1d3fdefe91df1c238af2dc39f06cf32014db9b8f7ea,0xaf7da5a331d357b29e720a068f6a1a7927b03a56,0x769cc002d504032bd18be5fc2b379e8dace9d56d,2026-08-03T20:58:12,very_complex_trace;high_gas_used_context,0x6a761202,false
25674494,0x393d498a0e6dffecc98feaa0381b8ee2d54c009231ad56a338dd9c80586e0a9f,0xbad000006db10503589262b55d09bb7b3c5e1472,0xbbbbb048b1a85ca221058c45525095b6a68bbbbb,2026-08-03T20:58:12,complex_trace;high_gas_used_context;token_activity_burst,0xa9059cbb,false
25674494,0x3be844fb7fbd3d5837292b15cb972f9025b7711f33a4a493468340baeb9bdd4a,0x59aab1bd0d26290274398c07b55955c15425e16b,0x00fe78205f5f0e63b8ad2b2ae5337f538a610e04,2026-08-03T20:58:12,complex_trace;high_gas_used_context;token_activity_burst,0x34fcd5be,false
25674494,0x4818d363f6aaee10f660cbc5fd98eb864551598bd14dc4782ec5fd06b8bb9749,0x17a9aa3f7945fb00c2eb16857baa4adb63da59db,0x0000000071727de22e5e9d8baf0edac6f37da032,2026-08-03T20:58:12,dense_internal_fund_flow;complex_trace,0x765e827f,true
25674495,0x1f2ba30b06893563d5b67b040f99c5eda1623078447d53efc9b54c1abf2340cf,0x563aed06f79737136ff2533ed6bbcc3496ced970,0xee030ec6f4307411607e55acd08e628ae6655b86,2026-08-03T20:58:18,complex_trace;high_gas_used_context,0x6e1537da,false
25674495,0x79f2a9c32762a429ba5f4659b4efe9a705b41ef3fb398c7ef0ad7d6a51ffa4e8,0xe99bd1c2dd70cd58e5efd47887991700e7318ce2,0xad3b67bca8935cb510c8d18bd45f0b94f54a968f,2026-08-03T20:58:18,complex_trace;high_gas_used_context;token_activity_burst;approval_burst,0x146ee74d,false
25674495,0xa35020c020896b496242285794da66fc3b6319a1009432d62a032368cf41b390,0xc40d9f00d34232c49531d73d29ac2a94b7d233a4,0x0439e60f02a8900a951603950d8d4527f400c3f1,2026-08-03T20:58:18,dense_internal_fund_flow;complex_trace,0x3ce33bff,true
25674495,0x0eeae513e7de0179bac5f272a314a855638218e615cf1ce9ff5a0a0ff93579e1,0x38d1347bd7c37cecb372fee72c8537d8adef8abf,,2026-08-03T20:58:19,selfdestruct_context;contract_creation_context,0x60806040,true
25674495,0x540802d9886b6ac5dc930b6c7c00e10ac678781bbe4b08e926a99be383ad75dd,0xf70da97812cb96acdf810712aa562db8dfa3dbef,0xccc88a9d1b4ed6b0eaba998850414b24f1c315be,2026-08-03T20:58:19,dense_internal_fund_flow;complex_trace,0x0a2b8f36,true
25674495,0x8aa2af188c795f0b562e19e20eb2922440f8607e78fdcab406eb44f4b37489ee,0x0551fa03e31b1604b2106cab0718a87bb0ecdfeb,0x6566194141eefa99af43bb5aa71460ca2dc90245,2026-08-03T20:58:19,large_erc20_asset_flow;complex_trace,0x374f435d,true
25674495,0x957914574e5a712a5d6aa38e344cef3f8bc45bc06683421da582903f7f4e4c26,0x7c091640a8c0867fb4738fd9eca4be4edf28735d,0x69460570c93f9de5e2edbc3052bf10125f0ca22d,2026-08-03T20:58:19,dense_internal_fund_flow;complex_trace,0x14d08fca,true
25674495,0x9a9ad5e917a930fe2d517962d6ffa29f8e282bc000a42f3526e3dada0da5eb43,0xb3dacc732509ba6b7f25ad149e56ca44fe901ab9,0xf684014771c01e50b8b526968b3a1e33acda63f6,2026-08-03T20:58:19,large_erc20_asset_flow;complex_trace,0xac9650d8,true
25674496,0xac7d667d83e8a35651412b113123d37edf6d4271170cd3687b0821c400362b1c,0x9534d95f2e57687a96be68f2fde4331064f8224e,0x6566194141eefa99af43bb5aa71460ca2dc90245,2026-08-03T20:58:30,large_erc20_asset_flow;complex_trace,0x374f435d,true
25674496,0xd5957666dcd0edb0bfe26f1a06ffc5150d9a7fcecd85e33f1b63f7f65aaaf445,0x6e5c6ab9ba527181ffda8fee18bd79e132b9e17a,0x03f34be1bf910116595db1b11e9d1b2ca5d59659,2026-08-03T20:58:30,dense_internal_fund_flow;complex_trace,0xa32fe0a1,true
25674496,0xe1fba7a8dec8b813a7854ac9cbe61e9a14c1d1496d70485f641a2e2f643a1bce,0x2b3fed49557bd88f78b898684f82fbb355305dbb,0x09c30cdcdd971423cb3ba757a47d56c35d06d818,2026-08-03T20:58:31,dense_internal_fund_flow,0x318adb8b,true
25674496,0x669af30f3e17697a8bd2a28f8017086d4fc3affac9ab22797aab8160ac2cc449,0x340fd3b164ce979b103684ee74dc66ca6d5782ba,0xa53638218aa1f6336feea1a7f65facf2866b90a8,2026-08-03T20:58:32,selfdestruct_context,0xf3fef3a3,false
25674496,0x6abaaa41a33ec1cf18dd5e5e4bd389c7b855b119ea9fcd833cc22d2f9d0b867a,0x2be1a36363ce0d8307bb04cb097539cd45d50cad,0xbc1d9760bd6ca468ca9fb5ff2cfbeac35d86c973,2026-08-03T20:58:32,complex_trace;high_gas_used_context;token_activity_burst;approval_burst,0xd984396a,true
25674497,0x4ecc2094fdff7a25c4fefcd2d92ac3c6192bc53d702d0118ba0caec0a8f4bd66,0xfc9928f6590d853752824b0b403a6ae36785e535,0xe2536231fc1512babc8c856ad7499830a936bdd9,2026-08-03T20:58:40,complex_trace;high_gas_used_context;token_activity_burst,0x03fb13d5,false
25674497,0xb46143c2ad6192e54e6d1e5165fabd7ed091bb09d1da4df5f33db6bb59d5a94f,0x7830c87c02e56aff27fa8ab1241711331fa86f43,0xa9d1e08c7793af67e9d92fe308d5697fb81d3e43,2026-08-03T20:58:40,large_erc20_asset_flow,0xca350aa6,true
25674497,0x284951e13381afbafe5e9abab696f4e27e182e0a8e1d2f625cb6ec6cb20f8857,0x834d10cef4e5a75d3edddcbb1c5a94f8094e5713,0xd226997439ecfbeff8e110c8c78c8a7eefd19f89,2026-08-03T20:58:41,large_erc20_asset_flow;complex_trace,0x99999999,true
25674497,0x523688e0d66b96d717be9db5e7e19a82777693d612f87642cfa4dddcda12c66d,0xc1c7b1c577463957ef5ef24c6c99419baf0d0a09,0x334f5d28a71432f8fc21c7b2b6f5dbbcd8b32a7b,2026-08-03T20:58:41,complex_trace;high_gas_used_context,0x6e553f65,false
25674497,0x94597152f036f4902a8cdcc6bcb220d419381b69a2f0d2983d25219613e93724,0x18b9b57921622d8ca8e18d381caf3a957931201f,0xb300000b72deaeb607a12d5f54773d1c19c7028d,2026-08-03T20:58:41,dense_internal_fund_flow;complex_trace,0x810c705b,true
25674497,0xfc7dcf187683082d27ebe95a44fc1d6b8f2ceef7d7111247dc09a02097c23121,0x1a0c96ef4c775697d9ba9a99124df73536fd3866,0xacddac6c77318b615f7f6fb9bb67c6833e9c05f1,2026-08-03T20:58:41,large_erc20_asset_flow;complex_trace,0x571d3dc7,true
25674498,0x0f337096a823db001c3642d2d5e0e5b2cf98aea2f1508fb5df5821eeb4fc6a3d,0x0cb62eec26b3bc54afbff7be330f5486cd5d9426,0x4313c378cc91ea583c91387b9216e2c03096b27f,2026-08-03T20:58:50,dense_internal_fund_flow;complex_trace,0xeffbec13,true
25674498,0x40cd6d781abf98893b52af12349c6334357b7a5f8aa732f404ccadf402c6563b,0xbad000006db10503589262b55d09bb7b3c5e1472,0xbbbbb048b1a85ca221058c45525095b6a68bbbbb,2026-08-03T20:58:51,complex_trace;high_gas_used_context;token_activity_burst,0xa9059cbb,false
25674498,0x9b4a0918114b232d3f296c517d7d1e4b332e58a5fc793efcee8b636642e643e2,0x4337034c17597470b36ce40a761f2e9f55a2df48,0x0000000071727de22e5e9d8baf0edac6f37da032,2026-08-03T20:58:51,large_erc20_asset_flow,0x765e827f,true
25674499,0x37c2c9426ed1171a157004bc95103e160f49775e6bedeaf6b0416952830c2b89,0x59aab1bd0d26290274398c07b55955c15425e16b,0x00fe78205f5f0e63b8ad2b2ae5337f538a610e04,2026-08-03T20:58:55,complex_trace;token_activity_burst,0x34fcd5be,false
25674500,0x4f35977de2167dcb0d2581a7cf0fb8dab1c63de9c08d9c0d91d573aeb87076c8,0x46565eedb0bb948ae787dd105cce300f736da28e,0x000000000004598d17aad017bf0734a364c5588b,2026-08-03T20:59:05,complex_trace;high_gas_used_context,0x0fbb12dc,false
25674500,0x0c10018ffe3a4907637abb4f368f2f308c6c0a9820330dbc5afdadea5748230c,0xe2589eee423fbbc42ddeb68f5dc64ee6991e8980,0x07964f135f276412b3182a3b2407b8dd45000000,2026-08-03T20:59:06,dense_internal_fund_flow;large_erc20_asset_flow,0xd808d889,true
25674500,0xc9a7557ec0bef687f98f5deb675203c6442c7d379033c541143bedd44e65da02,0x7b49bc3ebbdf7322f31c6449320382bbec3be1b6,0xad3b67bca8935cb510c8d18bd45f0b94f54a968f,2026-08-03T20:59:06,dense_internal_fund_flow;complex_trace;high_gas_used_context;token_activity_burst;approval_burst,0x146ee74d,true
25674500,0x072d00eb414eaa8ecfd3ff75f2de2c77aa8ed5772e47a9716c930c5b1a03f8a7,0x10d8fe9719050dd798b385e566301f05fbebbeca,0xef1d31c9cbf185e2313e36b9aa9911ad02705854,2026-08-03T20:59:07,large_erc20_asset_flow;complex_trace;high_gas_used_context,0x2ef14b24,true
25674500,0x108939b3eefce71c77d90f52e2f009e8994884de2eaba9f9adb316253abadea3,0x2eb6ffcfc1591349a1983aad3e80d8fb3cec1df2,0x70e60fbfe09caaad444d6c489ef865bfaabbefc8,2026-08-03T20:59:07,privileged_execution_context;complex_trace;high_gas_used_context,0x01200000,false
25674500,0x1a15c8286573c019b70b7318c6898d6b7dcc6e67740b0dc288e22c5320899cac,0x7575e4f77ff4f650dda9c89f5573bcc9c145d13f,0xe0ca26e5a6b0f2776ed14db18d4f238c1c7da03e,2026-08-03T20:59:07,privileged_execution_context;complex_trace;high_gas_used_context,0x6a761202,false
25674500,0x4490f40420d053d87f3d0be8c7d78555f6510f79084288c17c62e17efb1aff2e,0x62dfa6eba6a34e55c454894dd9b3e688f88cb09b,0xca11bde05977b3631167028862be2a173976ca11,2026-08-03T20:59:07,complex_trace;high_gas_used_context,0x252dba42,true
25674500,0x586578a1965d9c558eb6a0977dfc91ce296911b4e84a83cb301d8bf7cd25080c,0x091179e3c74e33545ce8cc07fa385827256cb84f,0x6141718f8a599f14f6ce7bbb0cd2366c191fb7de,2026-08-03T20:59:07,complex_trace;high_gas_used_context;token_activity_burst;approval_burst,0x09c5eabe,true
25674500,0x59f1dfce6feae49ee7e9b64cbd5eb61a7c3813360b2c183f8bc4a7322a25ab42,0x70c7f51b256ba5f761f49b78e22775382a0df816,0x1231deb6f5749ef6ce6943a275a1d3e7486f4eae,2026-08-03T20:59:07,dense_internal_fund_flow;complex_trace,0x2c57e884,true
25674500,0x949c11af7e5355a1558a2c2875746e2f5ccbaa3fa5b064cfdbc85740a32559d2,0xa154b98e53fc35e1bad1ff758acbc8c629bdcd2b,0x19917386eeae67b6ff7ddf07de4019fca40aa4ec,2026-08-03T20:59:07,complex_trace;high_gas_used_context;token_activity_burst,0xa9059cbb,false
25674500,0xcbdfac4077cbe9b476f771493233799fa8bdce3c2579bdc28413633845a82741,0xde992badd92adaf9146255e9bde6a70770973664,0x3d0f22bf11636cc9cb129e2b261eed35a487455c,2026-08-03T20:59:07,complex_trace;high_gas_used_context,0xa9059cbb,false
25674501,0xd388944e7f4c786892f893f520cf1da307ffa7772f885e51dd3b673252deb157,0xcffed5abae3abd17591d74c61784c075e7edde35,0xa8c1c98aaf99a5dfc907d61b892b2ad624901185,2026-08-03T20:59:22,large_erc20_asset_flow,0x90998dd3,true
25674501,0xad57e668a2e3bfd7b8c4101e27ceca5e01c7b2d4eece84f0ce20b2ca4ed610d2,0x7b49bc3ebbdf7322f31c6449320382bbec3be1b6,0xad3b67bca8935cb510c8d18bd45f0b94f54a968f,2026-08-03T20:59:23,complex_trace;high_gas_used_context;token_activity_burst;approval_burst,0x146ee74d,false
25674501,0x075dd4c245a4e201548c3860698b574c9c2822e0f4edb153bb5eb0c76b18dafd,0x59aab1bd0d26290274398c07b55955c15425e16b,0x00fe78205f5f0e63b8ad2b2ae5337f538a610e04,2026-08-03T20:59:24,complex_trace;high_gas_used_context;token_activity_burst,0x34fcd5be,false
25674502,0x2022cc425b3493d3d3e79561de2e3de3df2d8b7429e49d0fe7ddf288d045a1a2,0x02f92a70164e2f663f1999ad8d6011d518bf7a61,0xb300000b72deaeb607a12d5f54773d1c19c7028d,2026-08-03T20:59:32,complex_trace;high_gas_used_context;token_activity_burst,0x810c705b,true
25674502,0x9b66f0e3c3a95eef19b3262fdfd0c01f3f9cc70f2408e7dfa9df2938fdcf66e2,0xafa562d383a63101a030c955286f3ddd86af1bc6,0x69460570c93f9de5e2edbc3052bf10125f0ca22d,2026-08-03T20:59:32,complex_trace;high_gas_used_context;token_activity_burst,0x57e780ad,false
25674502,0xcdb1efe9f74b0779b1c12c7acea22564b03e2684c801efbf2b928d99d6dba4c2,0xdec03919846f1b929ead493a927d3bda27a33d2e,0x0000000000001ff3684f28c67538d4d072c22734,2026-08-03T20:59:32,major_dex_price_change,0x2213bc0b,true
25674502,0x091c164fb783e62fc6c1a1384a729dd5220bb07a582557d6e523514c1dd6304c,0x161643f280b09be8e0271eef8efc6c264d125003,0x9df405335696133f243884ad5ef12770ecf8ff44,2026-08-03T20:59:33,dense_internal_fund_flow;token_activity_burst,0xa9059cbb,true
25674502,0x8954b675ce077d46ddc67f94709abed8b5ac7d32e4654d97a861979d8eca17fd,0xde992badd92adaf9146255e9bde6a70770973664,0x3d0f22bf11636cc9cb129e2b261eed35a487455c,2026-08-03T20:59:33,complex_trace;high_gas_used_context,0xa9059cbb,false
25674502,0x781d8599a858293b9f7c032f01e644b54769d6ed549c579f0d4af2c1ec9e36b6,0xde992badd92adaf9146255e9bde6a70770973664,0x3d0f22bf11636cc9cb129e2b261eed35a487455c,2026-08-03T20:59:34,complex_trace;high_gas_used_context,0xa9059cbb,false
25674502,0x66054a903a734d54a7ea730a3110654da27a144b54e2aeb8fcc13a3565cb8dfc,0xde992badd92adaf9146255e9bde6a70770973664,0x3d0f22bf11636cc9cb129e2b261eed35a487455c,2026-08-03T20:59:35,complex_trace;high_gas_used_context,0xa9059cbb,false
