block_num,tx_hash,from,to,detect_time,attack_signals,selector,has_asset_impact
25675274,0x698e3c855154ec87e04c684ddb82fb5f59e2d6ecca04f38ac6d88ab8b6f9ec4c,0x50bf934781f63028c5c8ef49c4affe19a86d99b6,0x8d04cc7e86e687854eb41d9d43512b655b93184b,2026-08-03T23:30:00,complex_trace;selfdestruct_context,0x8066179c,false
25675274,0x93610a2b62cb002b1ec1ab457d466b227c3a4651607fa8bec1f3dd8fa88f3d0c,0x59aab1bd0d26290274398c07b55955c15425e16b,0x00fe78205f5f0e63b8ad2b2ae5337f538a610e04,2026-08-03T23:30:00,complex_trace;high_gas_used_context,0x34fcd5be,false
25675274,0xf48f6271f7878bc3444159a96d13bd46b288209d7184a72b0359a161c449ad5d,0x5b43453fce04b92e190f391a83136bfbecedefd1,0xbdb3ba9ffe392549e1f8658dd2630c141fdf47b6,2026-08-03T23:30:00,complex_trace;token_activity_burst,0x000000c3,false
25675275,0x275f62cab4b6717eab588ff548c25eda20f54622a12892368c710f648ee363c0,0xb08b2c3099193bcf05f742ccb7f206635fe243b3,0x91ff8bbd8ebb07893010d50a48a1609e5ebd8e34,2026-08-03T23:30:09,complex_trace;high_gas_used_context,0x069d1525,false
25675275,0xe9ccbccb974a74cd72f614ef266077806ee012b516bad46f6994a517de2c1a3c,0x617ccb6d070f08953c2fc481fb19674162e672f1,0x91ff8bbd8ebb07893010d50a48a1609e5ebd8e34,2026-08-03T23:30:09,complex_trace;high_gas_used_context,0x069d1525,false
25675275,0x4d6e96432294f804793b9129a92ed9027fd524792ebd1087caf1f987348898ac,0x59aab1bd0d26290274398c07b55955c15425e16b,0x00fe78205f5f0e63b8ad2b2ae5337f538a610e04,2026-08-03T23:30:10,complex_trace;high_gas_used_context;token_activity_burst,0x34fcd5be,false
25675275,0x8037ad36bcd9055d38ab611e539795aca99d1e51dfed0f2a09800be41330f413,0x95719729e13b093f546544b1e7028639829ef357,0x324c5dc1fc42c7a4d43d92df1eba58a54d13bf2d,2026-08-03T23:30:10,large_erc20_asset_flow;complex_trace,0xb88d4fde,true
25675275,0xdf914c282a4bdf25be31af5c66ac49f49c4fccda5baa5edc17cf0f317be18fd9,0x5552bfcf30e3bda3dceb6b3f42a97285c7cd62a7,,2026-08-03T23:30:10,privileged_execution_context;contract_creation_context,0x60a06040,false
25675276,0x3986ad2eb01086d74d1740efac274a606d0907c019ad9509cd75a144cca22968,0x70dadc7dcaaaeee9819addae6e3261f7ddc18f66,0x774b9655413c34809c1f1b16b654465a89ebe989,2026-08-03T23:30:31,large_erc20_asset_flow;complex_trace,0xac9650d8,true
25675276,0x7e7e9486e9c0b571270e1ba6b785cf90e82dd119ef595f7ca739a957f60090af,0x6975cc15f1cc31b04a9b1dcf495a52260f09186f,,2026-08-03T23:30:31,large_mint_to_sender;contract_creation_context,0x60806040,true
25675276,0x994825273f5b6d0851da8e2f8b6f3f22d6f951c498bcbb701373fc0e981cb73f,0xbad000006db10503589262b55d09bb7b3c5e1472,0xbbbbb048b1a85ca221058c45525095b6a68bbbbb,2026-08-03T23:30:31,repeated_internal_token_drain;dense_internal_fund_flow;complex_trace;high_gas_used_context;token_activity_burst;repeated_risky_internal_calls,0xa9059cbb,true
25675276,0x38d436d08a20e92c159d990aff92ff5f03f9736b5617ae90e5613f9511bc1154,0x7b49bc3ebbdf7322f31c6449320382bbec3be1b6,0xad3b67bca8935cb510c8d18bd45f0b94f54a968f,2026-08-03T23:30:32,complex_trace;high_gas_used_context;token_activity_burst;approval_burst,0x146ee74d,false
25675276,0x5a73f3c0aaf25d99e774aeca968f301e9f93da11758f7cc32777fa7c801c865d,0x3cfdc212769c890907bce93d3d8c2c53de6a7a89,0x0000000071727de22e5e9d8baf0edac6f37da032,2026-08-03T23:30:32,privileged_execution_context;complex_trace,0x765e827f,false
25675276,0xf972ef30c2f7dcf336434c75ea500441e3369a02c9b457244cd1ad3a305c3645,0x7830c87c02e56aff27fa8ab1241711331fa86f43,0xa9d1e08c7793af67e9d92fe308d5697fb81d3e43,2026-08-03T23:30:32,large_erc20_asset_flow;token_activity_burst,0xca350aa6,true
25675276,0xfc1b679b8e4f77cccfb57749e0288c741c1d2494bbe030c6a71568c3e2b48edb,0xde992badd92adaf9146255e9bde6a70770973664,0x3d0f22bf11636cc9cb129e2b261eed35a487455c,2026-08-03T23:30:32,complex_trace;high_gas_used_context,0xa9059cbb,false
25675277,0x159e217e73ecf776f45ec17018aa53c628c990bdfce1121d3f65d5d1a23a3cf3,0xa75c9890caee194fb598cdf7b84c9610e6e21a12,0x6a000f20005980200259b80c5102003040001068,2026-08-03T23:30:45,dense_internal_fund_flow;complex_trace;high_gas_used_context;token_activity_burst,0xe3ead59e,true
25675277,0xbc879aa8a87ad356af176a49e6e9b8ec4c3ee0961668a2dfe4e4727b4088d3fc,0xfb2c579c1d5f82c7b0f2a3479e5f9bc26bd22b62,0xaf63c06970086d535f338565d77c5fa3bdc5fd79,2026-08-03T23:30:46,large_erc20_asset_flow;complex_trace,0xb4dc8294,true
25675277,0xd70527cf1f79f486de650ab2e1dcbfb5532fc2c18e0e6180e244fba1fb0a6c58,0x09cfee647fa339133380191c8db6b44f24500c9d,0x77b85afbcd336993ac1c65057531c5a5b33b76b8,2026-08-03T23:30:46,repeated_internal_token_drain;dense_internal_fund_flow;complex_trace;high_gas_used_context;token_activity_burst;repeated_risky_internal_calls,0xa9059cbb,true
25675278,0x7d75968f69504d60b893dc95d19718940b88c984f9564ddb877d16cd4cbc659e,0x7556699aa8e6a7c9c69bcfaf9debd05f8192b063,0x84cab37995229530d9e6e5cff2f8f4ebe4517d66,2026-08-03T23:30:58,dense_internal_fund_flow;complex_trace;high_gas_used_context;token_activity_burst,0xe587456a,true
25675278,0xe938a57456adb0be307938c0ddde8693364e8f060cefc0eba880784c928e1e00,0x48016a2ee65758ea0adf560ba35ac18c827610e5,0x91ff8bbd8ebb07893010d50a48a1609e5ebd8e34,2026-08-03T23:30:59,complex_trace;high_gas_used_context,0x069d1525,false
25675278,0x0bd60a4319f0d5f33baefdfcbe69a69b441cb09f896d0ba05e3d69098acbc65c,0xba9bc9a8aa87872f7b990031bde984a00b9ced49,0xf57f9e622bc12da707db20a9e21cd88f212effc1,2026-08-03T23:31:00,large_erc20_asset_flow;complex_trace;high_gas_used_context,0x82ad56cb,true
25675279,0x0c1a0a70b87c62085d0cc9d1defc90e6fdec91a003b9806c9e54768fbd02690a,0x370a7e2d300c14d79d4a7ee07aaca46c4b3012cf,0xb92fe925dc43a0ecde6c8b1a2709c170ec4fff4f,2026-08-03T23:31:09,dense_internal_fund_flow,0xcd6e13f7,true
25675279,0x552d49d1a37d3e5c389978cf3f3c18273abfc779cadd93838e85812e006a288f,0xaaaaa34e4bb04f1c5f5a56d3be9e7637d309bc05,0x00000000008d5f1200332af8a6813cb8377b5bfd,2026-08-03T23:31:09,large_erc20_asset_flow;complex_trace;token_activity_burst,0xca8bd1f9,true
25675279,0x6e0e1fda070f780ce4e5cce2f4b544fe47479a83c454d138f253dfeb44950efb,0xaaaa2889378851fe14dc0d39714b5eb2a029b916,0x00000000008d5f1200332af8a6813cb8377b5bfd,2026-08-03T23:31:09,large_erc20_asset_flow;complex_trace;high_gas_used_context,0xca8bd1f9,true
25675279,0xaacd001671405a0a28c3e5dc5b8a26a57a390862a0d1fdc4debd20dc8be776d7,0x6d36a1d24e151ed2a5fb730f3eb96599c596c707,0xe60fae7817aeee84f378cde1ea2587795694347e,2026-08-03T23:31:09,dense_internal_fund_flow,0x02000000,true
25675279,0xc7d2cdcf10e0c84d2ee46a95c6994f6ddc593b2a6c292339266b6cb6c050cb5d,0x51d4b1dfa3b8f5d93fc6bfe8466d333eb29be62b,0x33808d178729f21122bcc6d197632f6bac5bd6e5,2026-08-03T23:31:09,very_complex_trace;high_gas_used_context,0x5e2c5b55,false
25675279,0x3ebff9de55333904e8c0ecf19db45eca63ef30df740e994ff510df41ababdace,0x09cfee647fa339133380191c8db6b44f24500c9d,0x96b481c22ee3d6c3667f8c7f60c9e00212799f50,2026-08-03T23:31:10,repeated_internal_token_drain;dense_internal_fund_flow;complex_trace;high_gas_used_context;token_activity_burst;repeated_risky_internal_calls,0xa9059cbb,true
25675279,0x4fe1ab59fc6ff5f05688b5cbb69b49d273bc32c879f2715f6081ef938b753fcf,0xd13674ef90c4ef8da43f3fe90aba61a2aa43c1f6,0x91ff8bbd8ebb07893010d50a48a1609e5ebd8e34,2026-08-03T23:31:10,complex_trace;high_gas_used_context,0x069d1525,false
25675279,0x74ee2fca500aa538bf9fd5674825a8274a891266a8d0d0449fad5ea520e1bb71,0xde992badd92adaf9146255e9bde6a70770973664,0x3d0f22bf11636cc9cb129e2b261eed35a487455c,2026-08-03T23:31:10,complex_trace;high_gas_used_context,0xa9059cbb,false
25675279,0x9d6a08afcb56d35ffbd8b30e37d2348095ea6b8da46b91a8ec7a2690a722f99a,0x7a27f9586d0895f045b80b3fb1d9d6ef4d54e9bc,0x6566194141eefa99af43bb5aa71460ca2dc90245,2026-08-03T23:31:10,large_erc20_asset_flow;complex_trace,0x374f435d,true
25675279,0xabcf09bd077d75d01310987340bb800d39f85013cefb30472ce11120d4b4bc1b,0x50b0d233ceebe846fb084505b4eb288f5339bf83,0x53e82abbb12638f09d9e624578ccb666217a765e,2026-08-03T23:31:10,large_erc20_asset_flow;complex_trace,0x1fdae50b,true
25675280,0x52df887f705e25e398918fc42c0a4bc651aa74ed079f6e8b1cf3bf8a99537ed1,0xc6acbee42e9e323140c1ed060c2f6ea9cc3b4b75,0x7c5a71c9fefbc7691f9d4ac7baf70c743792f716,2026-08-03T23:31:20,selfdestruct_context,0xf3fef3a3,false
25675280,0x2817def21ce44a118b085af8f0f981a38ad849f7788a3a174b255ca113ff2508,0xf8caa2a7368a93d79b00f74ca22edc84069f5b2f,0x33024d4791413438aa1de6a8b6cb7cceb25459b1,2026-08-03T23:31:21,large_mint_to_sender;complex_trace,0x6e553f65,true
25675280,0x418eb2afdce7c85d68a2e3dd72c66af047226f72f8fae63c99428f1b68a6bf3f,0x161643f280b09be8e0271eef8efc6c264d125003,0x9df405335696133f243884ad5ef12770ecf8ff44,2026-08-03T23:31:21,dense_internal_fund_flow;token_activity_burst,0xa9059cbb,true
25675280,0x0942063a778df2104da701f015b9365cf159a829061e55f315ceec610170457d,0xf84c9f6d59be057f60b484ceda185449848044e1,0x56dfa3a6b36611889c62ff90115c2681b72269cf,2026-08-03T23:31:22,dense_internal_fund_flow;privileged_execution_context;complex_trace;high_gas_used_context,0x6a761202,true
25675280,0x625995f7c48fe0488260752c311b8123c07dff26060bb4667be0eb66217c0aa9,0xb43c1981d57161dcb077ee4bcbb2d376b577a857,0x1111111254eeb25477b68fb85ed929f73a960582,2026-08-03T23:31:22,dense_internal_fund_flow;complex_trace;token_activity_burst,0x12aa3caf,true
25675280,0xc4a25c0f16a4e3a4caa50d3b19a0479114ac63b750561b09b5673bd6d7e52c4d,0x957a670ece294ddf71c6a9c030432db013082fd1,0xf4e147db314947fc1275a8cbb6cde48c510cd8cf,2026-08-03T23:31:22,large_erc20_asset_flow;complex_trace,0x0bf5d35e,true
25675281,0x115ab3e3614e07a157dd214dbd1de5363cf55ddc5ca247366ef753ec791caec2,0x1cda83fe97a2e0a8f94a9cf32da947c23b72ba02,0xe0181090c22579b6a217f1522cbf8c9f1f0c1965,2026-08-03T23:31:30,large_erc20_asset_flow,0xac9650d8,true
25675281,0x12b82a9dce48f3f2b12a1b4a4e6330c5accd542f54bf567663d83aaccb637d4e,0x7830c87c02e56aff27fa8ab1241711331fa86f43,0xa9d1e08c7793af67e9d92fe308d5697fb81d3e43,2026-08-03T23:31:30,large_erc20_asset_flow,0xca350aa6,true
25675281,0x17f7cca40c022c7c1df2d53c02c480067c8d4246dbd6eb63cb5f1442b9973b1a,0x7830c87c02e56aff27fa8ab1241711331fa86f43,0xa9d1e08c7793af67e9d92fe308d5697fb81d3e43,2026-08-03T23:31:30,dense_internal_fund_flow,0x1a1da075,true
25675281,0xf7f7badcb4e983c8ca0bab9520bcd6c2837be8cfd063e5c539e0ebdf007be7ff,0xde992badd92adaf9146255e9bde6a70770973664,0x3d0f22bf11636cc9cb129e2b261eed35a487455c,2026-08-03T23:31:30,complex_trace;high_gas_used_context,0xa9059cbb,false
25675281,0x6dce69fbe447fcafc6870de33f6c03f5344da09ec16bf05204952988c0d4d2ef,0x22ca2cc0ddffe1fa7f039ad65b5adeca48f9a490,0x111111125421ca6dc452d289314280a0f8842a65,2026-08-03T23:31:31,large_erc20_asset_flow;complex_trace,0x07ed2379,true
25675281,0x9b8628ebbe6f7033a55cafbdb8fbeb00e77c90cadf3d0befceb95f5c9f823586,0x59aab1bd0d26290274398c07b55955c15425e16b,0x00fe78205f5f0e63b8ad2b2ae5337f538a610e04,2026-08-03T23:31:31,complex_trace;high_gas_used_context,0x34fcd5be,false
25675281,0xc3672ac6f5e91a963269883bfd5fb0c72188fc56278096a11988649b01d2ad9e,0x59aab1bd0d26290274398c07b55955c15425e16b,0x00fe78205f5f0e63b8ad2b2ae5337f538a610e04,2026-08-03T23:31:31,complex_trace;high_gas_used_context,0x34fcd5be,false
25675281,0xd5c3ddc81e4a62b34f4d4a5a59f051b086f0964ee1eac1e6c2f8812f0fee290a,0xd52bcfa0933ef86d1dd423dd52a5950d6984bec4,0x1231deb6f5749ef6ce6943a275a1d3e7486f4eae,2026-08-03T23:31:31,dense_internal_fund_flow,0x1794958f,true
25675282,0x5ecd2c1008519e80ef249ccbba0933f465009b341c8cd8b4fe20ecc943a2fece,0xad78662714cd0042b4c602a8e18d0e4a25cf79d7,0x0889e9327b98d7d1be3c301a4585ff3330502c9a,2026-08-03T23:31:43,large_erc20_asset_flow,0x1fff991f,true
25675282,0xe7e131934861d336f9739b91d00dec8db5184132ff35d6d731323eaa4e861f45,0x062ce42cae04c51d04e77e3d64cc8953a2296ffe,0x8a25a24ede9482c4fc0738f99611be58f1c839ab,2026-08-03T23:31:43,large_erc20_asset_flow;complex_trace,0x6a761202,true
25675282,0xf51eac257df58f65365eb836803dbd71d0000b7306724c24ffc42a39f81e0ccc,0xd6c8c7ebc21ec6cde34e845c9186d4e14597d847,0x1fe04bc15cf2c5a2d41a0b3a96725596676eba1e,2026-08-03T23:31:43,large_erc20_asset_flow;complex_trace,0x6a761202,true
25675283,0x005da27ef7e497c40a1ecb75c3ea7e203c296b901dcbaaa7ca680e989d6b4d95,0x43370188473a398394e4ba4a7c7cbb2c6265e22a,0x0000000071727de22e5e9d8baf0edac6f37da032,2026-08-03T23:31:51,privileged_execution_context;complex_trace,0x765e827f,false
25675283,0x0c62e7e811041eb5fb5b0a88ba8303f427d1df6a5580efd96c7ebf59afa1d5f6,0xe2da046340e00264c4f0443243a0565007ae08ac,0x595ca88510a9101bd40a244ae92d2a6fc860ea75,2026-08-03T23:31:51,complex_trace;high_gas_used_context,0x380db829,false
25675283,0x88a3f53b7efd5b00dabe8bfa5223b69b906a5d6d89f2e4d86f10197ce6b1aad8,0x59aab1bd0d26290274398c07b55955c15425e16b,0x00fe78205f5f0e63b8ad2b2ae5337f538a610e04,2026-08-03T23:31:51,complex_trace;high_gas_used_context,0x34fcd5be,false
25675283,0xbb181e18a1015c4444996000cc36f91c5e61b917217c835fd56a04223e02fff3,0x80d04079ffc53eb14edbeeb37279d126f45552df,0x23b341a69eb38252a8e2751f9d68272cb9b2e489,2026-08-03T23:31:51,repeated_internal_token_drain;dense_internal_fund_flow;complex_trace;token_activity_burst;repeated_risky_internal_calls,0x8aaa8f3b,true
25675283,0xc88bcab7129fbcf95951d01ed8b1003cafb4002f85b4d0c7b8a4b311d6fef942,0x70dadc7dcaaaeee9819addae6e3261f7ddc18f66,0x774b9655413c34809c1f1b16b654465a89ebe989,2026-08-03T23:31:51,large_erc20_asset_flow;complex_trace,0xd6bda0c0,true
25675283,0xd44da1c7f1d708d7fd06d14ab31f65408164aa39a1e0ad48f50b8407f24e3c74,0xe2da046340e00264c4f0443243a0565007ae08ac,0x0939726264f2667429ef68e2b3734ecfbbad3abb,2026-08-03T23:31:51,complex_trace;high_gas_used_context,0x380db829,false
25675283,0x009ce39c08b35236c75d359d62ebfee7a6b4df90c1e9e57e6eaa010b75346085,0x5e6e835ec4e69fdaf9cad50cedafc687976d6a22,0x91ff8bbd8ebb07893010d50a48a1609e5ebd8e34,2026-08-03T23:31:53,complex_trace;high_gas_used_context,0x069d1525,false
25675283,0x59c280ae4a44b30432f3c7d34a52945187dcaadb13c8f5695605ccdfb1c62578,0x1cda83fe97a2e0a8f94a9cf32da947c23b72ba02,0x64c18dcc4ccb3b8d27877a4aebb4c3126cb39cb9,2026-08-03T23:31:53,large_erc20_asset_flow,0xac9650d8,true
25675284,0x67854512a24813a351109b04114967b74391848eeea2dc9a0ebc312a21dd8afc,0x9cd74118eed35372672e66bb6af6e6454f94df05,0x774b9655413c34809c1f1b16b654465a89ebe989,2026-08-03T23:31:59,large_erc20_asset_flow;complex_trace,0x0ad58d2f,true
25675284,0x90f59e7f0f931251c1e8ba5f2ffb880e9b692800d5c9164a47d80bc3cbae89af,0x5343b904bf837befb2f5a256b0cd5fbf30503d38,0x367c1eaf14aa06b78ce76bd0243297de79d85270,2026-08-03T23:31:59,very_complex_trace;high_gas_used_context,0xb8cdbd27,false
25675284,0x90d182af29d8754d3867cd5c19447aa90fd06ded86fde3c3748dafe9519a14dc,0x95719729e13b093f546544b1e7028639829ef357,0x324c5dc1fc42c7a4d43d92df1eba58a54d13bf2d,2026-08-03T23:32:00,large_erc20_asset_flow;complex_trace;high_gas_used_context,0xb88d4fde,true
25675286,0x00600894f8fc044e28a67e4ea7d654be8a4137b27cc324b1e656fc2d4c81fa85,0x9cd74118eed35372672e66bb6af6e6454f94df05,0x87b65c4aaffa76881f9e96f3e7ed945ddfc3cd7a,2026-08-03T23:32:27,large_erc20_asset_flow;complex_trace,0x107703ab,true
25675286,0x2410b4f225631f0b616f8aa35c82e1fca51e5d136c0ce9a790b7930ba3352caf,0x7830c87c02e56aff27fa8ab1241711331fa86f43,0xa9d1e08c7793af67e9d92fe308d5697fb81d3e43,2026-08-03T23:32:27,dense_internal_fund_flow,0x1a1da075,true
25675286,0xa54fefcd0a1a6dfead43ad28eb8b6d4cac58f8decb62c03946aef627a954e17a,0x70dadc7dcaaaeee9819addae6e3261f7ddc18f66,0x191ac16255f49f7c6cb2e3b2502064a805943849,2026-08-03T23:32:27,large_erc20_asset_flow,0x6807c8dc,true
25675286,0xda57631121058b538976387ee0cd39c1e6a5e52641677d9354579c2d4142890c,0x7830c87c02e56aff27fa8ab1241711331fa86f43,0xa9d1e08c7793af67e9d92fe308d5697fb81d3e43,2026-08-03T23:32:27,large_erc20_asset_flow;token_activity_burst,0xca350aa6,true
25675286,0x4f235e9d5f18382e967151a2e45592a06818a600c0b3be79687dcbeff5ce0af3,0x59aab1bd0d26290274398c07b55955c15425e16b,0x00fe78205f5f0e63b8ad2b2ae5337f538a610e04,2026-08-03T23:32:28,complex_trace;high_gas_used_context,0x34fcd5be,false
25675286,0x09b378e0574ac022bce41e814fd4adb383b8288f57a4d9f91aebfd9647bc6f34,0xf9ce8498968f3e1e98dfed7e5f5e7a516750f7ed,0x5f342382d5f77f0f99e8f26161e689df6c7cded3,2026-08-03T23:32:29,large_erc20_asset_flow,0xac9650d8,true
25675286,0x42fb5e12b6e08557d5b1de6ccef07f7f782bfcb778b04ececde6b179400366d1,0xba020d1428110c72ad39ee71be37026e0a97ffa8,0xa5e1a81738259256181f9a0e478188553062d340,2026-08-03T23:32:29,large_erc20_asset_flow;token_activity_burst,0x24856bc3,true
25675286,0xee5ef3b9605be5d8785764e48e2c5af9cbf3f4664398e848ce20ddfde562f2fc,0x6d36a1d24e151ed2a5fb730f3eb96599c596c707,0xe60fae7817aeee84f378cde1ea2587795694347e,2026-08-03T23:32:29,dense_internal_fund_flow,0x02000000,true
25675286,0xef351326bb11c9723e44cfa4686ec62ffc54ce6ec2dfcb0611ccb155a720fbf7,0x4337009be43c7ecc9bfbde0f1780553aa065187e,0x0000000071727de22e5e9d8baf0edac6f37da032,2026-08-03T23:32:29,privileged_execution_context;complex_trace,0x765e827f,false
25675287,0x0c167c1d53dafe63b08fa91928db214277d811aabe1eccf67c048bdfef2a6a6b,0xa690308421f6160273983fd86e3f82919e6cda21,0x8c106eedad96553e64287a5a6839c3cc78afa3d0,2026-08-03T23:32:37,large_erc20_asset_flow,0xac9650d8,true
25675287,0x92a1df7d53fb8dfaed4183a2330f6ffda17883837cd780327eaf26e70eb41140,0x4337005db25dbad41da5692ba1188751ee5d98b6,0x0000000071727de22e5e9d8baf0edac6f37da032,2026-08-03T23:32:37,complex_trace;high_gas_used_context,0x765e827f,false
25675288,0x6413d1d3b89d99b46f273445294c032718fd78197b46e0cfd34c48d8ce9b5a4a,0x00c501a744b3db320f1eb5675f9a606bd298d2b9,0x91ff8bbd8ebb07893010d50a48a1609e5ebd8e34,2026-08-03T23:33:00,complex_trace;high_gas_used_context,0x069d1525,false
25675288,0x64b57cd8031ea9092f9106a8e126ed34534dc201b9ee219f3cccfb29ddb1215f,0x0626a8e8b4f4219c96c106045e2d475aefe0a6a2,0x33024d4791413438aa1de6a8b6cb7cceb25459b1,2026-08-03T23:33:00,large_mint_to_sender;complex_trace,0x6e553f65,true
25675288,0x99631b3ada0e8bcf7345e6381e48b59f87d10be312663e9168311c367610a567,0x0816cfde9980c2f2296213cf35a9e8c5f2c6b2d9,0x91ff8bbd8ebb07893010d50a48a1609e5ebd8e34,2026-08-03T23:33:00,complex_trace;high_gas_used_context,0x069d1525,false
25675288,0xa2a848bc334611a1d52016b9cdbf3fef7abf40bb12f466886fbfc04e2c9ee83e,0x70dadc7dcaaaeee9819addae6e3261f7ddc18f66,0x774b9655413c34809c1f1b16b654465a89ebe989,2026-08-03T23:33:00,large_erc20_asset_flow;complex_trace,0xac9650d8,true
25675288,0xaa14953a98d45490ab4e6db1fa0abb4be93cfca9bf6dbe1a044225820d3be3d5,0xc34fabccad0d29cbd1c68b4e57c26f9d64827472,0x5b453493d2328e7f747eb2e66446efe707728be7,2026-08-03T23:33:00,large_erc20_asset_flow,0xac9650d8,true
25675289,0x6e36eeb9eda955228a5fbd165fda0c6c68dfbd2b011e4c41313286c2d60f527f,0x09cfee647fa339133380191c8db6b44f24500c9d,0x77b85afbcd336993ac1c65057531c5a5b33b76b8,2026-08-03T23:33:14,high_gas_used_context;token_activity_burst,0xa9059cbb,false
25675289,0x03020e0dbe75aa7997cf9696cea697785aa592e45a67b53584f758934606b2d4,0x43370250bfc02c7f085cb105558da41e9cdb2d79,0x5ff137d4b0fdcd49dca30c7cf57e578a026d2789,2026-08-03T23:33:15,privileged_execution_context;complex_trace,0x1fad948c,false
25675289,0x22066d273466d4d045a9695c73fd9f2b0a9065d048b9bb03bc13947672e17a92,0x95719729e13b093f546544b1e7028639829ef357,0x324c5dc1fc42c7a4d43d92df1eba58a54d13bf2d,2026-08-03T23:33:15,large_erc20_asset_flow;complex_trace;high_gas_used_context,0xb88d4fde,true
25675289,0x357e6045f14c3934bec67c63c8587b463d5e384084af03f58db7bc867db63b8e,0x22ca2cc0ddffe1fa7f039ad65b5adeca48f9a490,0x111111125421ca6dc452d289314280a0f8842a65,2026-08-03T23:33:16,large_erc20_asset_flow;complex_trace,0x07ed2379,true
25675289,0x46460bfa3436861db527391f5037d358e44e58ddac2b611ec88bb2d4830a5ac7,0xad78662714cd0042b4c602a8e18d0e4a25cf79d7,0x9a873656c19efecbfb4f9fab5b7acdeab466a0b0,2026-08-03T23:33:16,large_erc20_asset_flow;complex_trace,0xad58bdd1,true
25675289,0xe2b4615c56be2ef40ef7585de8f3bc5693a48d69b3e2d25a6be4ee4e47775cba,0xa154b98e53fc35e1bad1ff758acbc8c629bdcd2b,0x19917386eeae67b6ff7ddf07de4019fca40aa4ec,2026-08-03T23:33:16,complex_trace;high_gas_used_context;token_activity_burst,0xa9059cbb,false
25675289,0xe89e5e53ea3e89db767988aedd458c1fd3ea09d825ee6612de4121bc2de50e1b,0xd8383ef64f49f7bb16c60411080239863d9a823b,0x80226fc0ee2b096224eeac085bb9a8cba1146f7d,2026-08-03T23:33:16,large_erc20_asset_flow,0x96f4e9f9,true
25675289,0xe9f3e4cc6cb045ab7bc6a8a53ea9ff67c74eda4d0c576b541e3bb7a0f69a2ae3,0x59aab1bd0d26290274398c07b55955c15425e16b,0x00fe78205f5f0e63b8ad2b2ae5337f538a610e04,2026-08-03T23:33:16,complex_trace;high_gas_used_context;token_activity_burst,0x34fcd5be,false
25675290,0x6384529732b7be37f3134868a8a40098a9368e5fe09c801a626eca21eb87cbee,0x7830c87c02e56aff27fa8ab1241711331fa86f43,0xa9d1e08c7793af67e9d92fe308d5697fb81d3e43,2026-08-03T23:33:20,dense_internal_fund_flow,0x1a1da075,true
25675290,0x53cb57f2f022903c4d7fcbbd66acb60dc98c73591618c4a20dd21edc2d509c08,0xe99bd1c2dd70cd58e5efd47887991700e7318ce2,0xad3b67bca8935cb510c8d18bd45f0b94f54a968f,2026-08-03T23:33:21,complex_trace;high_gas_used_context;token_activity_burst;approval_burst,0x146ee74d,false
25675290,0xb84d8cbd66f3d0baa78cdcc0525c9d74efe4f1a37c614263ee990796d84a4e12,0xf70da97812cb96acdf810712aa562db8dfa3dbef,0xb92fe925dc43a0ecde6c8b1a2709c170ec4fff4f,2026-08-03T23:33:21,dense_internal_fund_flow;complex_trace,0xcd6e13f7,true
25675290,0xd4fcfd638d1b7447cc16c4c536065b2f4b481c6657c9d768df09bfcf50d1402d,0x79725f00e373a467009cc745a4f20bf4ae29706e,0xb222da0f9c22ad2addcb0b0d6b150f398e44157a,2026-08-03T23:33:21,dense_internal_fund_flow;large_erc20_asset_flow;complex_trace,0xef4d7b75,true
25675291,0x031762fc3ac6c12a2b6adb7dcb119e28f01e9156bdd8b45504270a5a06157bb0,0x595caa1ce7d8cb5df54c017d07d86ed0e24a3b2c,0x18428a1ee4dc771f40b68d4f496b9dc653351a13,2026-08-03T23:33:33,large_erc20_asset_flow,0xbc73ddf0,true
25675291,0x043ccc65e75e365a5a5db56bcffe8174e7a0dbd4ca4449a127621e54c2d9975c,0xdda3b51e29f9d6fad865c5dd7070d5f7eb57663e,0x8d8210a0252a706cb5de0c6f8e46b6d3692afc19,2026-08-03T23:33:33,complex_trace;high_gas_used_context,0xffc3a769,false
25675291,0x4c94026dffd2a77bbb742565c88b3b0aa17c9f704eccd999ad622d1505edde96,0x595caa1ce7d8cb5df54c017d07d86ed0e24a3b2c,0x18428a1ee4dc771f40b68d4f496b9dc653351a13,2026-08-03T23:33:33,large_erc20_asset_flow,0xbc73ddf0,true
25675291,0x60a5389080079f530b2c835e640b79e4cef50435f810da86ad429f9104a82139,0xf70da97812cb96acdf810712aa562db8dfa3dbef,0xb92fe925dc43a0ecde6c8b1a2709c170ec4fff4f,2026-08-03T23:33:33,dense_internal_fund_flow;complex_trace,0xcd6e13f7,true
25675291,0x6be07d8e000cfe168fb0085425e7b11d8f3f2fbc8da933eba50f4b00b74337f1,0x5b43453fce04b92e190f391a83136bfbecedefd1,0xbdb3ba9ffe392549e1f8658dd2630c141fdf47b6,2026-08-03T23:33:33,dense_internal_fund_flow;complex_trace;high_gas_used_context;token_activity_burst,0x000000c3,true
25675293,0xf6193cd76caa8c0247994df9064e7a6a476889a8051e85967b937166a7afca46,0x3c5bc6a2544a3d0edf5dfddcbb819c9f8df7747d,,2026-08-03T23:34:03,privileged_execution_context;high_gas_used_context;contract_creation_context,0x60806040,false
25675293,0x6adb16de9f6d673bf13f8ef771eff3f24a211386d40280571b09ba58455b7158,0x213cfeb89529efc2eae2a502d4a8253fe4ae76ef,0xd90e2f925da726b50c4ed8d0fb90ad053324f31b,2026-08-03T23:34:04,dense_internal_fund_flow;complex_trace,0xb438689f,true
25675293,0xdbcc62318699aa5896cc64f3fcc89cce073c9dbcfe87fdcf1be53aef32aed3ad,0xffeee831b329e96909fa4a0d84a9766b7a28f31e,0x50461744cb3dea4d678be82b8f1b9cead383065d,2026-08-03T23:34:04,large_mint_to_sender;complex_trace,0x6e553f65,true
25675293,0x272f502d9b1cbe65885148fcb10dbdad36adf6e54fbd50c8d2bebdcebee2595b,0x7349bf269f5dd38e0e8e1e0ca764031910cf6865,0xd90e2f925da726b50c4ed8d0fb90ad053324f31b,2026-08-03T23:34:05,dense_internal_fund_flow,0x13d98d13,true
25675293,0x90df527ef833858e255936032c1b76a3dd47ec4985c21d84f00d8809c9f01f7c,0x373095b9c0eba7669ebacdc776c65230126a2a5a,0x59da89baee7c773f991731fca0a8bba58d511c05,2026-08-03T23:34:05,dense_internal_fund_flow,0xfd3ad6d4,true
25675293,0x561ff63a74ee4c4422f47f10a4f09b238a40bb07dcbb79a6aa06ff1c1f4247e7,0xf84c9f6d59be057f60b484ceda185449848044e1,0x56dfa3a6b36611889c62ff90115c2681b72269cf,2026-08-03T23:34:06,dense_internal_fund_flow;privileged_execution_context;complex_trace;high_gas_used_context,0x6a761202,true
25675293,0xdfdf072560ab1a9e9507ef202493e8991c42b2ba7e67992655103151cb061c0f,0x50b0d233ceebe846fb084505b4eb288f5339bf83,0x6566194141eefa99af43bb5aa71460ca2dc90245,2026-08-03T23:34:06,large_erc20_asset_flow;complex_trace,0x374f435d,true
25675294,0x861e437ce4a877d669b68d6ab5231e74c4d111220aed3bf08b670c4f0f13f0a8,0xc912027e7143b98ae64aedaa8f60cecb641bc247,0x52b335fd4d229c4b4ffa6190526e4b5fb8e3fb09,2026-08-03T23:34:19,dense_internal_fund_flow;complex_trace,0x085c8c5e,true
25675294,0x143f719cf8148d9af9dd6861e574968964520dcef020497e109c819ba92534c6,0x95719729e13b093f546544b1e7028639829ef357,0x324c5dc1fc42c7a4d43d92df1eba58a54d13bf2d,2026-08-03T23:34:20,large_erc20_asset_flow;complex_trace;high_gas_used_context,0xb88d4fde,true
25675294,0x68d5668db10b030e885fb0ec18940307bfef43eb37d6982c3817412bcbaa1c5c,0xdda3b51e29f9d6fad865c5dd7070d5f7eb57663e,0x8d8210a0252a706cb5de0c6f8e46b6d3692afc19,2026-08-03T23:34:20,complex_trace;high_gas_used_context,0xffc3a769,false
25675294,0xb8bc75925e358394b540e0c9f6672d18cd0130c4f65b955663f744b1deb6f694,0x93d540dd6893bf9ea8ecd57fce32cb49b2d1b510,0xf4e147db314947fc1275a8cbb6cde48c510cd8cf,2026-08-03T23:34:20,privileged_execution_context,0x760d0f9d,false
25675294,0xe8dc184fd59d706100fb92ec44945db55016788158f6c3d49f995b7a50d460de,0x3b25d8e0801df1264a3d3a5f0bb79bbc292a09fb,0x50d3865a63d52c0a54e4679949647ea752107390,2026-08-03T23:34:20,complex_trace;high_gas_used_context,0x00000000,false
25675294,0xfc73afd9075f2160d71d04cbf9e084e4494b6fc6873ab8b84bbe2414a1cc5679,0xde992badd92adaf9146255e9bde6a70770973664,0x3d0f22bf11636cc9cb129e2b261eed35a487455c,2026-08-03T23:34:20,complex_trace;high_gas_used_context,0xa9059cbb,false
25675294,0x39b6621aa922bab0e8a4069d20d34d9729be0c8510b5ce58c7f69225d66897a8,0x09cfee647fa339133380191c8db6b44f24500c9d,0x77b85afbcd336993ac1c65057531c5a5b33b76b8,2026-08-03T23:34:21,high_gas_used_context;token_activity_burst,0xa9059cbb,false
25675295,0x37c88445911a778cfc0776489bd8c1864c9e97f4fe70799cadf78d01d8fcbf26,0xc01eaa1a9e7879841b6c05e9802b79d38d425bf0,0xd90e2f925da726b50c4ed8d0fb90ad053324f31b,2026-08-03T23:34:32,dense_internal_fund_flow,0x13d98d13,true
25675295,0x44127274918d6fc6e7eb6d0386227f0dd58b02a48a71e3c3eb8beefd9e0ff035,0x7830c87c02e56aff27fa8ab1241711331fa86f43,0xa9d1e08c7793af67e9d92fe308d5697fb81d3e43,2026-08-03T23:34:32,dense_internal_fund_flow,0x1a1da075,true
25675295,0x724c3d66a3aa67278e7d0208ce3dbfb3b3b629b29869dba76d550533fbadc763,0xc01eaa1a9e7879841b6c05e9802b79d38d425bf0,0xd90e2f925da726b50c4ed8d0fb90ad053324f31b,2026-08-03T23:34:32,dense_internal_fund_flow,0x13d98d13,true
25675295,0x7f01749fda2f4807645bed2123f8a56a9440eca8113d97dc7c9e633630ef9069,0xf70da97812cb96acdf810712aa562db8dfa3dbef,0x147bde4f997f0d4c7544ed0c55eacf1e5e6bf9c4,2026-08-03T23:34:33,large_erc20_asset_flow;complex_trace,0xc7c7f5b3,true
25675295,0x873a9745a429056a55f808640d7a3785cbe3c6e5ec3ce91972a4990cb3480bcc,0x43370240c309f6cc0815929a176609267971224f,0x0000000071727de22e5e9d8baf0edac6f37da032,2026-08-03T23:34:33,privileged_execution_context;complex_trace,0x765e827f,false
25675296,0x0c74fbb300aaf027c80c064a2e9d7e3a0c5cd44e59a8b93c3d165964b4078d8a,0x22ca2cc0ddffe1fa7f039ad65b5adeca48f9a490,0x111111125421ca6dc452d289314280a0f8842a65,2026-08-03T23:34:44,large_erc20_asset_flow;complex_trace,0x07ed2379,true
25675296,0x820543f802d79e0d126bc516ed381c91d8901bdac15f1003d12dfac0c7888d46,0xe3e42719daa4a74538814721ae2f327ecf6c793c,0xd90e2f925da726b50c4ed8d0fb90ad053324f31b,2026-08-03T23:34:44,dense_internal_fund_flow,0x13d98d13,true
25675296,0x0bc3e062fe08ec415665aab51242b6d659994bd35bb99c7b38fc36a5873a6bbf,0x7830c87c02e56aff27fa8ab1241711331fa86f43,0xa9d1e08c7793af67e9d92fe308d5697fb81d3e43,2026-08-03T23:34:45,large_erc20_asset_flow;token_activity_burst,0xca350aa6,true
25675296,0xb3a1ecb2648eb8f9745f772288844e55cf330f312b99f27a0fde74ca2460d53c,0xb42f812a44c22cc6b861478900401ee759ebead6,0xdb9b1e94b5b69df7e401ddbede43491141047db3,2026-08-03T23:34:45,dense_internal_fund_flow;complex_trace;high_gas_used_context;token_activity_burst,0xcef6d209,true
25675296,0xe4629628e570ba94e38eee1d262d45aa3e93d3519dd24d089284b805519a6df2,0x6a3566f3ca11c5d0f4df6d3dbc4fb8d1ffcbb807,0xb300000b72deaeb607a12d5f54773d1c19c7028d,2026-08-03T23:34:45,dense_internal_fund_flow;complex_trace,0x810c705b,true
25675296,0x57037ca005aa6d2e577c2cddeb0cb1dcdf70be0d2910d5471aebbfa45fb67da5,0xa3ab2b10bf2508a9e4455a35e2f4a9d0ced18464,0x91ff8bbd8ebb07893010d50a48a1609e5ebd8e34,2026-08-03T23:34:46,complex_trace;high_gas_used_context,0x069d1525,false
25675296,0xa95bdafce44fa8293d5ed5abe171c145a28eba462a82c878b546d9b3432805c2,0x5a9ce6113eb1a3d6cb3ee9739b438c6f0c8d32c7,0x91ff8bbd8ebb07893010d50a48a1609e5ebd8e34,2026-08-03T23:34:46,complex_trace;high_gas_used_context,0x069d1525,false
25675296,0xab62d2706dd843387e51744b19cdc3740e88c144b1083d0de6a95df1fc3ad751,0x283132390ea87d6ecc20255b59ba94329ee17961,0x604e586f17ce106b64185a7a0d2c1da5bace711e,2026-08-03T23:34:47,large_erc20_asset_flow;complex_trace,0x22bee494,true
25675296,0xb4b969d394447401cb5770e358941bb55b9390440a7277fa30946b5bb18bfea6,0x2e015302441ecc3513f7496568dc56abfa77dbbb,0xf3d4cdb61af541f2d6dfd354d0fea1a889e0748f,2026-08-03T23:34:47,dense_internal_fund_flow;high_gas_used_context,0xc9567bf9,true
25675296,0xf53b2883d6ce6e95afa353ac3c164567e2bb2b6fed7fb9167e358d9db647dbb8,0xb23360ccdd9ed1b15d45e5d3824bb409c8d7c460,0x09c30cdcdd971423cb3ba757a47d56c35d06d818,2026-08-03T23:34:47,dense_internal_fund_flow,0x318adb8b,true
25675297,0x0e81de117d7d5f424934aa9b2036847026b3cdb2212cb4b46824b0443a0df893,0xafe6b56cfc8268df005fce33c95bb617cc1bed71,0xb300000b72deaeb607a12d5f54773d1c19c7028d,2026-08-03T23:34:54,complex_trace;high_gas_used_context;token_activity_burst;approval_burst,0x810c705b,true
25675297,0xaf7e98d3052e0199e59fb0f1773ffdc695d1877b6332f6d4f92ae2781039e303,0x09a591f0e4fa0abac08f05bc0916c51ee34c1a1b,0x5cb16a393b9b43c590953b51058edab1bde0f5fa,2026-08-03T23:34:54,dense_internal_fund_flow,0x501d976c,true
25675297,0x8abf55a45a9597b95e6d56c2d76d1ffc2efe1801b6daa93cf905772cf26fd116,0x59aab1bd0d26290274398c07b55955c15425e16b,0x00fe78205f5f0e63b8ad2b2ae5337f538a610e04,2026-08-03T23:34:55,complex_trace;high_gas_used_context;token_activity_burst,0x34fcd5be,false
25675297,0xb1b32cf04023725a93280b68e94418380bd186cd80255ae6b8a67b6a60e8ea6d,0xa154b98e53fc35e1bad1ff758acbc8c629bdcd2b,0x19917386eeae67b6ff7ddf07de4019fca40aa4ec,2026-08-03T23:34:55,complex_trace;high_gas_used_context;token_activity_burst,0xa9059cbb,false
25675298,0x848a635fd707d1ae82aa1e761d7ecd7a4f5b9a95a7b73a8ae4a6e605cf74aa1a,0x59aab1bd0d26290274398c07b55955c15425e16b,0x00fe78205f5f0e63b8ad2b2ae5337f538a610e04,2026-08-03T23:35:05,complex_trace;high_gas_used_context,0x34fcd5be,false
25675298,0xdfce556092416073b7880f9cface9e2ece744488f820b753a88596c25d42e977,0x9d3c73222f2a4c0f9ced848d669393340db7d623,0x0000000000001ff3684f28c67538d4d072c22734,2026-08-03T23:35:05,large_erc20_asset_flow;complex_trace,0x2213bc0b,true
25675299,0x05c3d4fe8114d5394efa6e72daad3765b3b5cd2734347a209c62dcc15d3cb4c9,0x03c558aee40a9fced1cabe9b465bae8096e05230,0x36331e299247e5d0d3261e1d9852f6e0cffee95c,2026-08-03T23:35:11,complex_trace;high_gas_used_context;token_activity_burst,0xad8aec37,false
25675299,0x068524588379e0288c0d48feb0dac65e2a169d58f7a04c3d0df8ae9fa023563f,0xf279dfcdd57e1571c95e2c5b7e2ee453cbcdf77f,0x0000000071727de22e5e9d8baf0edac6f37da032,2026-08-03T23:35:11,dense_internal_fund_flow;complex_trace,0x765e827f,true
25675299,0x92b1b2b81c43936d20244758044e50b19896f0bfa5ff39a6e36da8c356ea56fc,0x61193d978c9ce5ba69293da96a56113be8de981c,0x91ff8bbd8ebb07893010d50a48a1609e5ebd8e34,2026-08-03T23:35:11,complex_trace;high_gas_used_context,0x069d1525,false
25675299,0xa9a3bd70d1859cab44662fb3db011edfc141f59cfe97b9392e35d7c6b59d850f,0x7f56302966ef91afb0d7baddc92b793efa8da7d9,0x91ff8bbd8ebb07893010d50a48a1609e5ebd8e34,2026-08-03T23:35:11,complex_trace;high_gas_used_context,0x069d1525,false
25675299,0xc73abe746a73400ed4d3e98c5c98ae46326430c012a6c8e4f2b18be58651f414,0x1e060fb7847ab8de0e05e898c16714c9dcc9de6d,0x91ff8bbd8ebb07893010d50a48a1609e5ebd8e34,2026-08-03T23:35:11,complex_trace;high_gas_used_context,0x069d1525,false
25675299,0xf53ed28d4a96714e5bb42e6d451e2f4f7bc9fd6e2982f0c0831d50add95888b6,0x95719729e13b093f546544b1e7028639829ef357,0x324c5dc1fc42c7a4d43d92df1eba58a54d13bf2d,2026-08-03T23:35:12,large_erc20_asset_flow;complex_trace;high_gas_used_context;token_activity_burst,0xb88d4fde,true
25675300,0x37ead3a6b72e8bb842c56549cd93be8e2c114169c0418353135f144c08c888f8,0xde992badd92adaf9146255e9bde6a70770973664,0x3d0f22bf11636cc9cb129e2b261eed35a487455c,2026-08-03T23:35:22,complex_trace;high_gas_used_context,0xa9059cbb,false
25675300,0x442dabc50b69a7f86e2d1ccfd75a090941677a26953bb60b5e739bae06b2cf8e,0x9642b23ed1e01df1092b92641051881a322f5d4e,0xfaf17849fb05a11a4e233f221bac99ca43fc83f8,2026-08-03T23:35:23,large_erc20_asset_flow,0x6b13fcb1,true
25675300,0xa5f28675d82bfe73b0860757b3fe1c5e2305bef585d5109bbe6f7da786cadc74,0x7830c87c02e56aff27fa8ab1241711331fa86f43,0xa9d1e08c7793af67e9d92fe308d5697fb81d3e43,2026-08-03T23:35:23,dense_internal_fund_flow,0x1a1da075,true
25675300,0xe2f81bba52bda0231cc6b606ffd84c7d241ddb852d7a29a7ba9970b62d34d355,0x59aab1bd0d26290274398c07b55955c15425e16b,0x00fe78205f5f0e63b8ad2b2ae5337f538a610e04,2026-08-03T23:35:23,complex_trace;high_gas_used_context,0x34fcd5be,false
25675300,0x31efbb32ff0c8252db9b0782c8b0a06be9ff09c5c17f216ed331be96b6ca23d0,0x0f6d91fbafa15c3f20e72a4cbf16ed65dd96323d,0x91ff8bbd8ebb07893010d50a48a1609e5ebd8e34,2026-08-03T23:35:24,complex_trace;high_gas_used_context,0x069d1525,false
25675300,0x412db918d9868440b7357e271b08c670d9a61bdafe9e5e87255df7fe3bd4edb7,0xd411d428a63cf4c7029bc53f0e0f56c4933fdbb7,0xacddac6c77318b615f7f6fb9bb67c6833e9c05f1,2026-08-03T23:35:24,large_erc20_asset_flow;complex_trace,0x571d3dc7,true
25675300,0x4e3a9fbbca5e210d252220da4514018a412c6b454832240fc8442b190fcf07ac,0x72663ec3f3dcf59beff5d20594fd5777e05d9c17,0x91ff8bbd8ebb07893010d50a48a1609e5ebd8e34,2026-08-03T23:35:24,complex_trace;high_gas_used_context,0x069d1525,false
25675300,0x4ffe5f89925aa18ccf12a06d028597dfccadcb0b9933c5339b46bb9d359ebae7,0x64b9edd67c96c76bc3f9472c5a9e83547cfd4380,0x91ff8bbd8ebb07893010d50a48a1609e5ebd8e34,2026-08-03T23:35:24,complex_trace;high_gas_used_context,0x069d1525,false
25675300,0x78c5697dcb731487460b01280dea36d960fcbf99ff169100d561f1355f634a32,0x6572d9dbd1e4a1a1a81760dcc4310269b59950c7,0x91ff8bbd8ebb07893010d50a48a1609e5ebd8e34,2026-08-03T23:35:24,complex_trace;high_gas_used_context,0x069d1525,false
25675300,0x97e806d4121887bf1ae8918d0c2e53ed04d7eceb351f12a16380dc488f2e6da3,0x22ca2cc0ddffe1fa7f039ad65b5adeca48f9a490,0x111111125421ca6dc452d289314280a0f8842a65,2026-08-03T23:35:24,large_erc20_asset_flow;complex_trace,0x07ed2379,true
25675300,0xde77569a017965831cfa00f9be78dcb6b5ab1116b01cbcae32c40c1bb37b262a,0xe9fce949e03ed55426471dbdb33847a248a83573,0x91ff8bbd8ebb07893010d50a48a1609e5ebd8e34,2026-08-03T23:35:24,complex_trace;high_gas_used_context,0x069d1525,false
25675300,0xc5742e92713183392f4f96f2bb09aaaa8280e2038c6e073800926018be7c0a4d,0x59aab1bd0d26290274398c07b55955c15425e16b,0x00fe78205f5f0e63b8ad2b2ae5337f538a610e04,2026-08-03T23:35:25,complex_trace;high_gas_used_context;token_activity_burst,0x34fcd5be,false
25675301,0x0c079e99aa6941ae5c8ce0de8de0892881c5638c4916366e43bd7c2a7c220653,0xae2fc483527b8ef99eb5d9b44875f005ba1fae13,0x1f2f10d1c40777ae1da742455c65828ff36df387,2026-08-03T23:35:31,large_erc20_asset_flow;complex_trace;high_gas_used_context,0x2b333f12,true
25675301,0x553407ad16c284ea8fe5f0167a3b14d726da5977162cbd999c12b129b8e8d0ea,0xae2fc483527b8ef99eb5d9b44875f005ba1fae13,0x1f2f10d1c40777ae1da742455c65828ff36df387,2026-08-03T23:35:31,large_erc20_asset_flow;complex_trace,0x2b313f12,true
25675301,0x3a4907c45d2fbbb0fd809ada864bd02f87fedcf64011a0ab262ff68c841e200d,0x41d209d275027e3dcf5ddc4d0c30cd6c6ece1ffd,0x91ff8bbd8ebb07893010d50a48a1609e5ebd8e34,2026-08-03T23:35:32,complex_trace;high_gas_used_context,0x069d1525,false
25675301,0x0f251b23fb6a44232da1e6c089f7a7ef3cfc6507e497ad83aabc815e10f2334a,0x59aab1bd0d26290274398c07b55955c15425e16b,0x00fe78205f5f0e63b8ad2b2ae5337f538a610e04,2026-08-03T23:35:33,complex_trace;high_gas_used_context,0x34fcd5be,false
25675301,0x11b018dc8fc5d258ed9f999c8d4637f29b4cc32e03d76a3bc8a333197d2dc578,0x05854d0c70d2f696fb3d9c0863100956b795e2ff,0x0fb6e8ecd8ca55c79122f4e114fb46afe1924089,2026-08-03T23:35:33,complex_trace;approval_burst,0x9d83fd7f,false
25675301,0xb0c9356db280f997493f5e2db1c2ad8563db895a70b17a27b8ab18032023b47a,0x05854d0c70d2f696fb3d9c0863100956b795e2ff,0x0fb6e8ecd8ca55c79122f4e114fb46afe1924089,2026-08-03T23:35:33,complex_trace;approval_burst,0x9d83fd7f,false
25675301,0xb934daf26c8a6ec4349b96444f4da0e4d03d8fc0b0f386f90db148b1cdc33e23,0xbe8476c0026069446612b6149191bbec4f259ac0,0x91ff8bbd8ebb07893010d50a48a1609e5ebd8e34,2026-08-03T23:35:33,complex_trace;high_gas_used_context,0x069d1525,false
25675303,0xa64f15faab6f526098ae7703027e3e5473509391d92c2ce000aa81187958f360,0x604d23a2ebb002df6fdc77b82da716222ca43b8b,0xbdb3ba9ffe392549e1f8658dd2630c141fdf47b6,2026-08-03T23:36:01,large_erc20_asset_flow,0x00000069,true
25675303,0xd613540e453bef5a2074ccdfb6b1ed6df9f1c2ada7d5141662b92e0211ce8f37,0xc01eaa1a9e7879841b6c05e9802b79d38d425bf0,0xd90e2f925da726b50c4ed8d0fb90ad053324f31b,2026-08-03T23:36:01,dense_internal_fund_flow,0x13d98d13,true
25675303,0x14ac1f63e888e2f3da69202f09c427ea3d03ba8101af015604d1c4315a5855f4,0xf70da97812cb96acdf810712aa562db8dfa3dbef,0xb92fe925dc43a0ecde6c8b1a2709c170ec4fff4f,2026-08-03T23:36:02,dense_internal_fund_flow,0xcd6e13f7,true
25675303,0xffae53a2b000a7509a15a7af15d23529b94887827304661ae09d3cd30e3174b1,0x1ff855d144ddb73b152d297cb6acf05383863a47,0x0de8bf93da2f7eecb3d9169422413a9bef4ef628,2026-08-03T23:36:05,large_mint_to_sender;complex_trace;high_gas_used_context;token_activity_burst,0xc2580804,true
25675304,0x7c71324bdc5fb3281aedf41e717621f8c2f5de311d993e671754e4328eec14f2,0x5b43453fce04b92e190f391a83136bfbecedefd1,0xbdb3ba9ffe392549e1f8658dd2630c141fdf47b6,2026-08-03T23:36:10,dense_internal_fund_flow;large_erc20_asset_flow;token_activity_burst,0x000000c3,true
25675304,0x30043b61b5d6951534986e653633153a63b38fd6f159b1aad69ebc8c813ca008,0x970df0f4bd124df46b1dee31329f7444f9e66b68,0xd226997439ecfbeff8e110c8c78c8a7eefd19f89,2026-08-03T23:36:11,complex_trace;high_gas_used_context,0x01040504,false
25675304,0x51fd7668965f877493d124eb4f1f58a3a44a056236ad490e629041e37ecb7e6a,0xe3e42719daa4a74538814721ae2f327ecf6c793c,0xd90e2f925da726b50c4ed8d0fb90ad053324f31b,2026-08-03T23:36:11,dense_internal_fund_flow,0x13d98d13,true
25675304,0x84ae923b5f28f4a22900d12cef2a3ee7ac0506b6fee189e6dec3f36e52d14e5b,0x97667d210b374a8852797c8bc984a0e2fac51bc7,0x86e4dc95c7fbdbf52e33d563bbdb00823894c287,2026-08-03T23:36:11,complex_trace;high_gas_used_context,0x4e43e495,false
25675304,0xac359aa469ba7e1ea37aa036ea365d1e0924b7632994a844c5386ed57b22d52a,0x1ff855d144ddb73b152d297cb6acf05383863a47,0x0de8bf93da2f7eecb3d9169422413a9bef4ef628,2026-08-03T23:36:11,dense_internal_fund_flow;large_mint_to_sender;very_complex_trace;high_gas_used_context;token_activity_burst,0xc2580804,true
25675304,0xbaf697056c02ed74a284ada8fd4d5cdae1640b67cee913aaa56327b54c7a41dd,0x872068e789b865960e5cd68b43539444e90e3eee,0x0439e60f02a8900a951603950d8d4527f400c3f1,2026-08-03T23:36:11,dense_internal_fund_flow;complex_trace,0x3ce33bff,true
25675304,0xcfd2e177a1df79e153d7d05ce6fb6666ffc6af22e5e6a430decc6fa97b64945e,0x24695fee912914df9650f6e62ac4c46bbf55033c,0x7a7f0b3c23c23a31cfcb0c44709be70d4d545c6e,2026-08-03T23:36:11,dense_internal_fund_flow,0x33986ffa,true
25675304,0x3d2027ab9ae5128645f26b199bac1763f5f777a2f43463bb06d1890792d1479a,0xde992badd92adaf9146255e9bde6a70770973664,0x3d0f22bf11636cc9cb129e2b261eed35a487455c,2026-08-03T23:36:12,complex_trace;high_gas_used_context,0xa9059cbb,false
25675304,0x4a7995799b5a872f835a447c0b3530adadbfd32acac7dfc871efcdd1b1d3ce71,0x3431172c887cf150d9fdaba9876273d9db566367,0x64f5aad0e38e2ff9f50f2e51e813e49c05aca41a,2026-08-03T23:36:12,repeated_internal_token_drain;dense_internal_fund_flow;complex_trace;high_gas_used_context;token_activity_burst;repeated_risky_internal_calls,0xa9059cbb,true
25675304,0x55b819d031c8d06b7f86f634fcabd81da5f227f8d5b324fc432a413b7558f9f4,0x18fc2ced19b4e8c2d7676346d0b4fc20847974e7,0x03f34be1bf910116595db1b11e9d1b2ca5d59659,2026-08-03T23:36:12,dense_internal_fund_flow;complex_trace,0xe47d166c,true
25675304,0xa099b83ea059db24ec64eff041179da52d56a21c59b374dad5d0fe111bac8ed1,0x3cfdc212769c890907bce93d3d8c2c53de6a7a89,0x0000000071727de22e5e9d8baf0edac6f37da032,2026-08-03T23:36:12,privileged_execution_context;complex_trace,0x765e827f,false
25675304,0xba8715e7e69bc77af30b68bbdfe72c3e53c597e9f01e71d5c898feb1c90a3fb1,0xd0d08887e8a5b16049534a7f3fc1de92848f5bea,0x6131b5fae19ea4f9d964eac0408e4408b66337b5,2026-08-03T23:36:12,large_erc20_asset_flow;complex_trace,0xe21fd0e9,true
25675304,0xe0029888acb8b915e9b1a1865be1544fc829a6676f8d234e06faa66b98343d75,0x95719729e13b093f546544b1e7028639829ef357,0x324c5dc1fc42c7a4d43d92df1eba58a54d13bf2d,2026-08-03T23:36:12,large_erc20_asset_flow;complex_trace;high_gas_used_context;token_activity_burst,0xb88d4fde,true
25675305,0x2da8c1567ed1a434566256f5509cd712c70358aa52584926209fff8e3952888a,0x6c45b0a56a451a86f67e65ffb090bcde940933cf,0x91ff8bbd8ebb07893010d50a48a1609e5ebd8e34,2026-08-03T23:36:33,complex_trace;high_gas_used_context,0x069d1525,false
25675305,0x6374fe05d890b6c86ba3858a9251a9ab8178aa988b722924b2b0cf03c5e78884,0x4c8701c14b802b4b0eae3df4074fd68a457ce507,0x91ff8bbd8ebb07893010d50a48a1609e5ebd8e34,2026-08-03T23:36:33,complex_trace;high_gas_used_context,0x069d1525,false
25675305,0xb2db6e7aea3cabba0bdad637086c22990c5e64fbbfbe5410c0ad380de65be6a8,0x0370046d62e8ee03d4f7773868fa67028f561f6b,0x6131b5fae19ea4f9d964eac0408e4408b66337b5,2026-08-03T23:36:33,large_erc20_profit_to_sender;large_erc20_asset_flow;complex_trace,0xe21fd0e9,true
25675305,0xbb8c72bb1eff7f0901ac4a69db7950175522551d7e91a71dc8490e6de1a98d22,0x1feed341f68ae6812b30e139ab074182ea4e3830,0x9e9110cfd24cd851ea5bc73a27975b33e308f9e1,2026-08-03T23:36:33,large_erc20_asset_flow,0xeb7499cf,true
25675305,0xc6249b923251fe9234352afcada4c210834c0d882dbe007fd0a7c4f35b5f0383,0xca686974913389d42f3c5f61010503daccdb487a,0x0000000000001ff3684f28c67538d4d072c22734,2026-08-03T23:36:33,large_erc20_profit_to_sender;large_erc20_asset_flow;complex_trace;high_gas_used_context;token_activity_burst,0x2213bc0b,true
25675305,0x406104cd823011471ad72da35dfcb60279fbfe48af43788d80a5c8e69e711ded,0x7556699aa8e6a7c9c69bcfaf9debd05f8192b063,0x84cab37995229530d9e6e5cff2f8f4ebe4517d66,2026-08-03T23:36:35,complex_trace;high_gas_used_context,0xe587456a,false
25675305,0xa1ec64e2f6bca2b8b7078315e250bf52b73e984df787126666b812b547b08b13,0xde992badd92adaf9146255e9bde6a70770973664,0x3d0f22bf11636cc9cb129e2b261eed35a487455c,2026-08-03T23:36:35,complex_trace;high_gas_used_context,0xa9059cbb,false
25675306,0x3632becd3f7144a422cbc7115bec192f4ba4d0b5a388a847d59608143fe428c0,0x590fe2dc5a6c7bfb1853746e62b764565c5877fc,0x28b1dc1a5e3699a428bc51d234dfab7c9cb2a183,2026-08-03T23:36:43,complex_trace;high_gas_used_context,0x0c307f76,true
25675306,0x01079c448c54b5937a623958c8008e676cafce17d03aee59da170a55e49fe9a7,0xde992badd92adaf9146255e9bde6a70770973664,0x3d0f22bf11636cc9cb129e2b261eed35a487455c,2026-08-03T23:36:44,complex_trace;high_gas_used_context,0xa9059cbb,false
25675306,0x7ad55a15f4066fc7c8656d92fd3bd1441d1194117d3ff1f5f047f422787af886,0x7b49bc3ebbdf7322f31c6449320382bbec3be1b6,0xad3b67bca8935cb510c8d18bd45f0b94f54a968f,2026-08-03T23:36:44,complex_trace;high_gas_used_context;token_activity_burst;approval_burst,0x146ee74d,false
25675306,0xe37dd8886eb74cd47e1751cb61a528d065affed3c1bcec954d18ae6b6e722803,0x7830c87c02e56aff27fa8ab1241711331fa86f43,0xa9d1e08c7793af67e9d92fe308d5697fb81d3e43,2026-08-03T23:36:44,large_erc20_asset_flow;token_activity_burst,0xca350aa6,true
25675307,0x8c8e2413740bf3ca56c013764e1c8bba75654105d7c0807972ae2d985a63ca53,0x0462501953cf8b276570e98018274be7842ba45f,0x28b1dc1a5e3699a428bc51d234dfab7c9cb2a183,2026-08-03T23:36:56,dense_internal_fund_flow,0x0c307f76,true
25675307,0xb339d545f08bdf456b38f704ee7d27269f45bf86533fe18e1fbfdcae6bb48248,0x70e59f9c304e4d5096bd408b571e2dcd99c3120b,0xad3b67bca8935cb510c8d18bd45f0b94f54a968f,2026-08-03T23:36:56,complex_trace;high_gas_used_context;token_activity_burst;approval_burst,0x146ee74d,false
25675307,0xabfcd42f44ac798bd6468c1617642c7247fb661cf62169006e05a96dca28a39d,0x00568594ac34b321ba41a27318ed306cce21f880,0x2f6f4b01bbcf6568eab372f9305a6044c47029cb,2026-08-03T23:36:57,very_complex_trace;high_gas_used_context,0x3d546218,false
25675307,0xd717620ad00f5db52ecd5b2ac827ba7e50b64107bc6bed225a8eea0695fd8717,0x04ea416f12619d50f0cb1d24c29fc4bc55027e08,0x6131b5fae19ea4f9d964eac0408e4408b66337b5,2026-08-03T23:36:57,dense_internal_fund_flow;complex_trace,0xe21fd0e9,true
25675307,0xf3d4b105102ca78b3074802a654188ba42d1e3037e4b320d71ac3b0e2f00fda1,0x515cc41a9b9a0e040082d027b72230ecdf0b41a1,0x6a000f20005980200259b80c5102003040001068,2026-08-03T23:36:57,large_erc20_profit_to_sender;large_erc20_asset_flow;complex_trace,0xe3ead59e,true
25675307,0x79aac2fda798d1568f717702fdca6c9c31a4cf78161f55ff81ecc2aaa2175e83,0x3cfdc212769c890907bce93d3d8c2c53de6a7a89,0x0000000071727de22e5e9d8baf0edac6f37da032,2026-08-03T23:36:58,privileged_execution_context;complex_trace,0x765e827f,false
25675307,0x8d02a7d3e091e9d5f43c5cde799568c2d8eca99ec648d4d4d79a2cc8e2560a6e,0x59aab1bd0d26290274398c07b55955c15425e16b,0x00fe78205f5f0e63b8ad2b2ae5337f538a610e04,2026-08-03T23:36:58,repeated_internal_token_drain;dense_internal_fund_flow;complex_trace;high_gas_used_context;token_activity_burst;repeated_risky_internal_calls,0x34fcd5be,true
25675308,0x5f83a88b908b219b4b3dfde99a13a2be4abbbc4af4d503cd70d6fbd1a9bf5952,0x59aab1bd0d26290274398c07b55955c15425e16b,0x00fe78205f5f0e63b8ad2b2ae5337f538a610e04,2026-08-03T23:37:06,complex_trace;high_gas_used_context,0x34fcd5be,false
25675308,0x80a2282541417164bb2eb17215c9f47ed3fb17e33c9fd627456b9b75a93033a7,0xf70da97812cb96acdf810712aa562db8dfa3dbef,0xccc88a9d1b4ed6b0eaba998850414b24f1c315be,2026-08-03T23:37:06,large_erc20_profit_to_sender;large_erc20_asset_flow;complex_trace,0x0a2b8f36,true
25675308,0x9e219b85e467ba7b604eafb65ff90dcc9cf4a6d381aa590641b46f0e651cac22,0xfb2c579c1d5f82c7b0f2a3479e5f9bc26bd22b62,0xaf63c06970086d535f338565d77c5fa3bdc5fd79,2026-08-03T23:37:06,large_erc20_asset_flow;complex_trace,0xb4dc8294,true
25675308,0xadfdad03ef2c3363861299c6ecf1a1a3eb0210528d8c7a24b0066f6abd255907,0x46ac7a830feefa55f79efb83614cdf58b37267e1,0x1cf751685d24c096ff99855797fe3e1f13b87a8c,2026-08-03T23:37:06,large_erc20_asset_flow;complex_trace,0x6a761202,true
25675308,0xc176904d6f0e69506e1d47e5edaa4d4938eb85acf287e1f27cc16ea5c22953da,0x5cd60db7ab383cff6ba0f8e3b1dea9fde82deea0,0x1b6257cae4192e62b629efca21771be3d759183d,2026-08-03T23:37:06,complex_trace;approval_burst,0x9be111d1,false
25675308,0xce8b42cd2f6edeafc587823f766f2e14bc36075872e5e4e7253c1cd2172c5a09,0x09cfee647fa339133380191c8db6b44f24500c9d,0x77b85afbcd336993ac1c65057531c5a5b33b76b8,2026-08-03T23:37:06,high_gas_used_context;token_activity_burst,0xa9059cbb,false
25675309,0x875f4cae48977c002b71c9245df9af620d3514b76103dfa59b47f4f5b8db17fe,0x06b2952fca75e1496bf902f81cc2b4a3cb8c6df7,0xb300000b72deaeb607a12d5f54773d1c19c7028d,2026-08-03T23:37:11,complex_trace;high_gas_used_context,0x810c705b,true
25675309,0xb2b5ef96e3fbeab39f9d14b414884e378fd7ed4eea3c792654696e5573c746f4,0x28966445417f6e03aae7180a0f1c67e3a9092431,0x3d90f66b534dd8482b181e24655a9e8265316be9,2026-08-03T23:37:11,dense_internal_fund_flow;complex_trace;high_gas_used_context;token_activity_burst,0x47ee97ff,true
25675310,0x8535d13eeba79d022cbb56fbc8ab070b990a6553d215f8dbd8e83364e3d39348,0x59aab1bd0d26290274398c07b55955c15425e16b,0x00fe78205f5f0e63b8ad2b2ae5337f538a610e04,2026-08-03T23:37:25,complex_trace;high_gas_used_context;token_activity_burst,0x34fcd5be,false
25675310,0xea559689d0bb55a988851401b824896fb693851ee66be34401c6bb56861d165c,0x7830c87c02e56aff27fa8ab1241711331fa86f43,0xa9d1e08c7793af67e9d92fe308d5697fb81d3e43,2026-08-03T23:37:25,dense_internal_fund_flow,0x1a1da075,true
25675310,0x3fdd9541d593ce1b362135dae73998c0e6b013f31c5ae0dec368f9d9df304b53,0xdd9ca63877441e0000003bed4379836d147978a4,0x71d5dcd76fb9ca8fe92b4952f13eaad149a955e0,2026-08-03T23:37:26,large_erc20_asset_flow;complex_trace,0x88000000,true
25675310,0x6677b92853d066e576afa211d91eaed79d1288f2c698451a03766c86715ee095,0x916b7621ea6e2dea1f14f8b11e2df633ae4e983b,0xbabcc964619cf5c8a57f2b989a35cd887e8ce739,2026-08-03T23:37:26,dense_internal_fund_flow;large_erc20_asset_flow;complex_trace,0x6a761202,true
25675310,0x8577d70d11577c8da8428225282c77914e91e9001e17d19bf267e2d6f5dc3f59,0x7b49bc3ebbdf7322f31c6449320382bbec3be1b6,0xad3b67bca8935cb510c8d18bd45f0b94f54a968f,2026-08-03T23:37:26,complex_trace;high_gas_used_context;token_activity_burst;approval_burst,0x146ee74d,false
25675310,0x01ec4d5f31e521b0f3fef4b53ea1457c752e74ab0e237d624106de83bbe0a66d,0x965c00ffafb5db1967aa445d075c5dc836e2d6b7,0x28b1dc1a5e3699a428bc51d234dfab7c9cb2a183,2026-08-03T23:37:27,dense_internal_fund_flow,0x0c307f76,true
25675310,0xfc65238f04c5b442ab52794a0385b42657fac88c6938459c2a9df67127558c68,0x796dbe6593e339d76ad5d59ad584595156071849,0x26d3681dfc9e4c8c79cfbf461adec8a21d5d73c5,2026-08-03T23:37:27,large_erc20_asset_flow;complex_trace,0xf58e03fc,true
25675311,0x49131746c8664dfdfb0414712ac2a2ec7ae642554b12af607182007630077032,0x7575e4f77ff4f650dda9c89f5573bcc9c145d13f,0x86ab497e1b614985d75e6b44690139a3a9520ad0,2026-08-03T23:37:34,privileged_execution_context;complex_trace;high_gas_used_context,0x6a761202,true
25675311,0x8cb8462cbaaa5380f1c2bc8137f0e1d8487deda529e31bb3a491d03b10ea7078,0x001900845643957d031ecdb3c5fd84ef08f6aaca,0x888888888889758f76e7103c6cbf23abbf58f946,2026-08-03T23:37:34,complex_trace;high_gas_used_context,0x60fc8466,true
25675311,0x6fa4ebed9b953e2a757606ebcce7ec4be5bbbdac60229eb579d6c06f61f12df7,0xb3983cddba4b127960a4cdd531ab989264509e23,0x0889e9327b98d7d1be3c301a4585ff3330502c9a,2026-08-03T23:37:35,large_erc20_asset_flow;token_activity_burst,0x1fff991f,true
25675311,0x7cc82b46045f9e630d143b043d50326d573474065f6173ee1fadf5e2d5324ed6,0xe6705fccaf951870ef24463c88a81f31610efba4,0xf8b2c637a68cf6a17b1df9f8992eebeff63d2dff,2026-08-03T23:37:35,dense_internal_fund_flow;large_erc20_asset_flow;complex_trace,0x8c9732c4,true
25675311,0x913d708839b90773efe2ad438cda849103a853f2060ae09b34021cf5626d1f8d,0x50b0d233ceebe846fb084505b4eb288f5339bf83,0x6566194141eefa99af43bb5aa71460ca2dc90245,2026-08-03T23:37:35,large_erc20_asset_flow;complex_trace,0x374f435d,true
25675312,0x1d26c08c0408546f5fb665df3890355ac31dbd125270634e4341ae66bd41c45c,0x9d9e5233e399c84cfff5b080f0012987a25a045a,0x91ff8bbd8ebb07893010d50a48a1609e5ebd8e34,2026-08-03T23:37:46,complex_trace;high_gas_used_context,0x069d1525,false
25675312,0x26f8599ccfb55ac47d3d1fc1ad51b1c5131eb4ece8271ac1305d575a33eaeb09,0x749cd4becf058a6dff1d52692f784bca837de9c9,0xd90e2f925da726b50c4ed8d0fb90ad053324f31b,2026-08-03T23:37:46,dense_internal_fund_flow,0x13d98d13,true
25675312,0x06c70646f5c8aaa19b0d6ddbf6a6580b8ff17f3980079053ad69438c09f93076,0x50bf934781f63028c5c8ef49c4affe19a86d99b6,0x8d04cc7e86e687854eb41d9d43512b655b93184b,2026-08-03T23:37:50,selfdestruct_context,0xb5291b32,false
25675313,0xd9c15afafa4f1ca9af87ae85232529fd51c9dc6003b24afe816ed0e13b534010,0xc6acbee42e9e323140c1ed060c2f6ea9cc3b4b75,0x7c5a71c9fefbc7691f9d4ac7baf70c743792f716,2026-08-03T23:37:54,selfdestruct_context,0xf3fef3a3,true
25675313,0x77ed09e7f744856d264582166b7ed3b8e833f2bd2ac76b64bc55d6df28b21551,0xc35f42d70a6ff687e8818fc2ce57921347026eee,0x950fd558f47e234a2fde23b7d61f7ccdbcb4a86f,2026-08-03T23:37:55,large_erc20_asset_flow;complex_trace,0xdd225095,true
25675313,0x23203b5865f9a14d83643d5ad5a4acede44bdaa87f0dab17253401c8eb2cbec7,0xbad000006db10503589262b55d09bb7b3c5e1472,0xbbbbb048b1a85ca221058c45525095b6a68bbbbb,2026-08-03T23:37:56,repeated_internal_token_drain;dense_internal_fund_flow;complex_trace;high_gas_used_context;token_activity_burst;repeated_risky_internal_calls,0xa9059cbb,true
25675313,0x9798b825bbbc2e22afacceb5380af6b007e0b6f675f145a8c2df8e1f5bc2150c,0x161643f280b09be8e0271eef8efc6c264d125003,0x9df405335696133f243884ad5ef12770ecf8ff44,2026-08-03T23:37:56,dense_internal_fund_flow;token_activity_burst,0xa9059cbb,true
25675314,0xbdfabea4373a66b1e5bfdc0aa3c0ef522e8791122050540a0f0f9973e484e05b,0x9d1b6e56dccf99d4eab9fea6f6717f52f84d8c44,0x28b1dc1a5e3699a428bc51d234dfab7c9cb2a183,2026-08-03T23:38:11,dense_internal_fund_flow;complex_trace;high_gas_used_context;token_activity_burst,0x0c307f76,true
25675314,0xda650ccf2c6cdc883bb966113f1855496971084ea2585ce5fcb6ae36f250f0f0,0x7bdb93962284fb270bfcc14212a2c40f0799863e,0xda3bd1fe1973470312db04551b65f401bc8a92fd,2026-08-03T23:38:11,large_erc20_asset_flow,0x212afaff,true
25675314,0x70ffc0d1410ccdd5546d56430cfc29d1f53f78fa156290349df018d780da4778,0x062ce42cae04c51d04e77e3d64cc8953a2296ffe,0x8a25a24ede9482c4fc0738f99611be58f1c839ab,2026-08-03T23:38:12,large_erc20_asset_flow;complex_trace,0x6a761202,true
25675315,0x81dc2c06bcc2d7140e97f56ee5fb97fb0a3ede8014a60ff4f69e82d99b77986b,0x7830c87c02e56aff27fa8ab1241711331fa86f43,0xa9d1e08c7793af67e9d92fe308d5697fb81d3e43,2026-08-03T23:38:23,dense_internal_fund_flow,0x1a1da075,true
25675315,0x546f051e74bcee2d62fd6afab64b260a50b4e163f61cf6e46655ac9927f0ef95,0x7830c87c02e56aff27fa8ab1241711331fa86f43,0xa9d1e08c7793af67e9d92fe308d5697fb81d3e43,2026-08-03T23:38:26,large_erc20_asset_flow;complex_trace;token_activity_burst,0xca350aa6,true
25675316,0x63ff4c5cbf1b697302eb47f1d14a591133f11eca629a3a1895246a5dfd13e7a0,0x4245995f5a5740e1a1279273eb508403f5ec3fd6,0x6131b5fae19ea4f9d964eac0408e4408b66337b5,2026-08-03T23:38:30,large_erc20_profit_to_sender;large_erc20_asset_flow;complex_trace,0xe21fd0e9,true
25675316,0x86feaf74c9a118f269b1c054b8369e55929f475f3d88157bd49e67e526617a89,0x2306e970470e3f50e77b7df1b50be9a3e5799db1,0x881d40237659c251811cec9c364ef91dc08d300c,2026-08-03T23:38:30,dense_internal_fund_flow;complex_trace;high_gas_used_context,0x5f575529,true
25675316,0xd21838d30247fa074881cbf75a0396be47c59406696a2e455adbc9b96ee856b5,0xc6acbee42e9e323140c1ed060c2f6ea9cc3b4b75,0x7c5a71c9fefbc7691f9d4ac7baf70c743792f716,2026-08-03T23:38:30,selfdestruct_context,0xf3fef3a3,false
25675316,0xccb6af49784bcf580f74d609f57a78b535a5fbfc59bd5e461e4f39d812e60d52,0x59aab1bd0d26290274398c07b55955c15425e16b,0x00fe78205f5f0e63b8ad2b2ae5337f538a610e04,2026-08-03T23:38:31,repeated_internal_token_drain;dense_internal_fund_flow;complex_trace;high_gas_used_context;token_activity_burst;repeated_risky_internal_calls,0x34fcd5be,true
25675317,0x77fd8f5dc8c698c5c1c7db092356c53185a1715246c1522b4a70e0a93950cdb9,0xc78304acdf1f0d62b51441a38e5c1bab78f03f7a,0x0000000071727de22e5e9d8baf0edac6f37da032,2026-08-03T23:38:50,complex_trace;high_gas_used_context;token_activity_burst,0x765e827f,false
25675317,0x9cc1683a9aa0652fcb0924c31d13611e441022d4bb9561aae4741f2953b844cb,0x80d04079ffc53eb14edbeeb37279d126f45552df,0x23b341a69eb38252a8e2751f9d68272cb9b2e489,2026-08-03T23:38:50,repeated_internal_token_drain;dense_internal_fund_flow;complex_trace;token_activity_burst;repeated_risky_internal_calls,0x8aaa8f3b,true
25675317,0xc64d66a018b191fcbcbbf5d8e677bdd8349c831146f69c259066f4e3ec2820a8,0x604bfcdb18a132e3ccd9452e68279c4bf8ab0499,0x6dd1ad99c9f93beb6e3a9ddfa6fbe4827809300e,2026-08-03T23:38:50,selfdestruct_context,0xf3fef3a3,false
25675317,0x2a46ba1559bd318a06503a51cecc1573b75991451fa4165725fe3f2a565a7c40,0x1053ec0d66c4d1678099521b07f19a4532d33578,0x3057fe9ce0785055d546e974befa47b5e9f0cccc,2026-08-03T23:38:51,dense_internal_fund_flow;complex_trace,0x07ed2379,true
25675317,0xb9deaff592130f160c5adaf131878bc9807625d22b0bcd07aa7a5887b7541e14,0x0ff851571845a9b644233db98c1b00157404358d,0x950fd558f47e234a2fde23b7d61f7ccdbcb4a86f,2026-08-03T23:38:51,large_erc20_asset_flow;complex_trace,0xdd225095,true
25675318,0x38068f1514492e4a48d9da7f20c2c7c24432c96b6316fd1b55ff84c380754412,0xb23360ccdd9ed1b15d45e5d3824bb409c8d7c460,0x09c30cdcdd971423cb3ba757a47d56c35d06d818,2026-08-03T23:38:59,dense_internal_fund_flow,0x318adb8b,true
25675318,0x4af082ab3d30317815c44a58a30913bdc66005c909b6b3ae7edc48cecefeb686,0xdda3b51e29f9d6fad865c5dd7070d5f7eb57663e,0x8d8210a0252a706cb5de0c6f8e46b6d3692afc19,2026-08-03T23:38:59,complex_trace;high_gas_used_context,0xffc3a769,false
25675318,0x85a0f6a61743e58106a0ee69222bb62ea75c0138e412cc3584b40d8ffc9cf7f4,0x1feed341f68ae6812b30e139ab074182ea4e3830,0x9e9110cfd24cd851ea5bc73a27975b33e308f9e1,2026-08-03T23:38:59,large_erc20_asset_flow,0xeb7499cf,true
25675318,0xd51c5a554749c32e66280fa67f24f1c3e0035309fadc9adb41dc4fb5b0af2262,0x09cfee647fa339133380191c8db6b44f24500c9d,0x77b85afbcd336993ac1c65057531c5a5b33b76b8,2026-08-03T23:38:59,high_gas_used_context;token_activity_burst,0xa9059cbb,false
25675318,0xdbc10a10317db29109c060bf3c82e5b6924ce2b5c049becca2aeb74c44f289e5,0xd411d428a63cf4c7029bc53f0e0f56c4933fdbb7,0xda3bd1fe1973470312db04551b65f401bc8a92fd,2026-08-03T23:38:59,large_erc20_asset_flow,0x212afaff,true
25675318,0x7d0b6e86ebbca85bcd332227e85ae23659ab5503264b6a51383536320549fc0e,0x62f9fb910825fc98be0c80a3b62336e0f899422a,0x7a250d5630b4cf539739df2c5dacb4c659f2488d,2026-08-03T23:39:01,dense_internal_fund_flow,0x02751cec,true
25675319,0xb2a6dbd46a34c10fbe6a5a3582fa378da1e4ec5048600e9f55b0a4feb3621999,0xe28660e51e08f988aef28e46421305e83eb479e8,0x87870bca3f3fd6335c3f4ce8392d69350b4fa4e2,2026-08-03T23:39:18,large_erc20_asset_flow;complex_trace,0xa415bcad,true
25675319,0xdf09bdf7a86895babf698e4d5d57c3a50d6bd2bc48d6e3d0e227c043313e7466,0x8c260ebb5b435361136f1a09dba10d855d531d7b,0xddd3c063daf499d66886151219152e129ace3f4e,2026-08-03T23:39:18,major_dex_price_change,0x34ea30c4,true
25675319,0x7f751da4ac42aef3192f50b8fbfcb99fb6c0b62af77756eb9fa76bce5d092693,0x7348e75f9baa4de9875c948e427c4bde3e8a08aa,0x0000000000001ff3684f28c67538d4d072c22734,2026-08-03T23:39:20,large_erc20_asset_flow;complex_trace,0x2213bc0b,true
25675320,0x381852b7e73300fe7050f9d0422bbd176216a2af9a5fd5d5134b1c35ef188e47,0x7830c87c02e56aff27fa8ab1241711331fa86f43,0xa9d1e08c7793af67e9d92fe308d5697fb81d3e43,2026-08-03T23:39:23,dense_internal_fund_flow,0x1a1da075,true
25675320,0x98384843e0c107870b1b721392c9f983d1b0bb5b4629d1e9401521f45d9663ee,0xbad000006db10503589262b55d09bb7b3c5e1472,0xbbbbb048b1a85ca221058c45525095b6a68bbbbb,2026-08-03T23:39:24,complex_trace;high_gas_used_context;token_activity_burst,0xa9059cbb,false
25675320,0xc89f34a6a93176d9916db0380174ed4f67335f353a725f4209259877f99e2b47,0x7830c87c02e56aff27fa8ab1241711331fa86f43,0xa9d1e08c7793af67e9d92fe308d5697fb81d3e43,2026-08-03T23:39:24,large_erc20_asset_flow;token_activity_burst,0xca350aa6,true
25675321,0x0882339774652c64cee4cf890f0717c3b55f3ef7798ea25ab344e5ad9ceadf6d,0x793eca600e3216e39f438abd657eb514b2072e7f,0x3c3c559cd2cb4e3564da663c360746e81c145c50,2026-08-03T23:39:43,privileged_execution_context,0x79ba5097,false
25675321,0x28d3489f9174d1171a140f669e70652a97426bf3954ee88e04f06987eaa06035,0x09cfee647fa339133380191c8db6b44f24500c9d,0x77b85afbcd336993ac1c65057531c5a5b33b76b8,2026-08-03T23:39:43,high_gas_used_context;token_activity_burst,0xa9059cbb,false
25675321,0x66e501e4b921ca74d4b1e2200bfd1985d0aba84a893197557af56e8357a0f64a,0x09cfee647fa339133380191c8db6b44f24500c9d,0x77b85afbcd336993ac1c65057531c5a5b33b76b8,2026-08-03T23:39:43,repeated_internal_token_drain;dense_internal_fund_flow;complex_trace;high_gas_used_context;token_activity_burst;repeated_risky_internal_calls,0xa9059cbb,true
25675321,0x7df29b02e5cc441686d08415d0c62d955d2d830051b40bc0cb92ddff71690a26,0x4337032d9c9291f05bebded166d947f22b25fa00,0x0000000071727de22e5e9d8baf0edac6f37da032,2026-08-03T23:39:43,large_erc20_asset_flow,0x765e827f,true
25675321,0x9fa881cb4ce4c84116b9f3df5760a347f2f6dacae47f32f044abfb1d419658f0,0x3985a5261b7bb0d24f882ca0d3b03a1ff00a96a0,0x0000000000001ff3684f28c67538d4d072c22734,2026-08-03T23:39:43,dense_internal_fund_flow;complex_trace,0x2213bc0b,true
25675321,0xd7e535213ccfefb99da33408927c6f84ac5cb2aebcb7bdafc4911dfe165fff79,0xc7ff335645bee4f06583d7198d65295f9fd05db0,0x44b0440e35c596e858cea433d0d82f5a985fd19c,2026-08-03T23:39:43,large_erc20_asset_flow;complex_trace,0x8b53f75e,true
25675321,0xdd43636963debcbf06e78c6e292ab96e4ba439af8ff649a3f49cd343db8729b4,0xb72510742c8509c6011d9e53015fd0c4bc8201d5,0x008ebccae39d001200c3003c3225ce0a00690066,2026-08-03T23:39:43,privileged_execution_context,0x7e734c5a,false
25675321,0xe962b040982934de8070c3bca8f1758dbd28125f03d6e28118785a3568dcb855,0x2a2a1fb6382a528f1b23e76d3ed6f4c17a9e5966,0xd90e2f925da726b50c4ed8d0fb90ad053324f31b,2026-08-03T23:39:43,dense_internal_fund_flow,0x13d98d13,true
25675321,0x79583c38f2dddd4f78d59d5e7db412de95d5a871935fed51a1622919737b6d05,0x4d2fb16f56bee45e89915ea7ca12688bd2fbfc35,0xa21fea456eb297f9f9bcdd677a6592203fb89133,2026-08-03T23:39:44,large_erc20_asset_flow;complex_trace,0xbeb35775,true
25675322,0xcbc51d3195a17fcd82bb5905d122107597978c545af32705833e45d4f45e5a08,0xe28660e51e08f988aef28e46421305e83eb479e8,0xacddac6c77318b615f7f6fb9bb67c6833e9c05f1,2026-08-03T23:39:54,large_erc20_asset_flow;complex_trace,0x571d3dc7,true
25675322,0xf267e5b5d6e8d8eeda4ee443d6fb46c222079fde9cdd9077cd465f7b454d1d53,0x0d9ef6bcb3ca6ed39e6de53014115b9828313ae6,,2026-08-03T23:39:54,privileged_execution_context;contract_creation_context,0x60a06040,false
25675322,0xbaddbcdb7b6912e67c92b835e10675c7a89cc15d5b3760771c01eb9c0c70e691,0xae97836e3dc86b7ad22882f0164c32a2f78b90cc,0x704154d733e96a124b50e95ef78b7c2a62e1e0b5,2026-08-03T23:39:55,complex_trace;high_gas_used_context,0xa2a6dd3d,false
25675322,0xca1eec844df07235c9bf6d695590580d275ae8bd23ec1b8c9447167c94bd3e7e,0x59aab1bd0d26290274398c07b55955c15425e16b,0x00fe78205f5f0e63b8ad2b2ae5337f538a610e04,2026-08-03T23:39:55,complex_trace;high_gas_used_context,0x34fcd5be,false
25675323,0x00b4e1c7fd8bbf2f80eafd23c48051489979f2a52196bae7f69dcd377868cb86,0x5b43453fce04b92e190f391a83136bfbecedefd1,0xbdb3ba9ffe392549e1f8658dd2630c141fdf47b6,2026-08-03T23:40:04,complex_trace;high_gas_used_context;token_activity_burst,0x000000c3,false
25675323,0x1ef9fb311f8aa07a60d59b0d5954e727fb9cb0c443a434e9706137ab14f2362f,0xeed04788b6b078da714c0235db6dbe58ea922bab,0xd90e2f925da726b50c4ed8d0fb90ad053324f31b,2026-08-03T23:40:04,dense_internal_fund_flow,0x13d98d13,true
25675323,0x24cbea402408ca2780daaabb731903523ee6ddc134b1601b6873bbb9c6dda4cc,0x06f342efcdd0b8a28053530cef15fa3dad46570a,0x5ff137d4b0fdcd49dca30c7cf57e578a026d2789,2026-08-03T23:40:04,complex_trace;high_gas_used_context,0x1fad948c,false
25675323,0x3672567713501aefd8716c02d1a4be3e80debdf6e78811f64c7220fc167964cb,0xeed04788b6b078da714c0235db6dbe58ea922bab,0xd90e2f925da726b50c4ed8d0fb90ad053324f31b,2026-08-03T23:40:04,dense_internal_fund_flow,0x13d98d13,true
25675323,0x3bf9685829d906e638fd77f51dddfc4e59034896a55b8d11dc3d1939c65bc00b,0xeed04788b6b078da714c0235db6dbe58ea922bab,0xd90e2f925da726b50c4ed8d0fb90ad053324f31b,2026-08-03T23:40:04,dense_internal_fund_flow,0x13d98d13,true
25675323,0x4b1630a1ff5b2fd8881577aa0da6ebedc3045624da0e499bf40868a0589cf8b2,0xeed04788b6b078da714c0235db6dbe58ea922bab,0xd90e2f925da726b50c4ed8d0fb90ad053324f31b,2026-08-03T23:40:04,dense_internal_fund_flow,0x13d98d13,true
25675323,0x7fc7dc4de6de05b61f9d8f7818d76f87fc4ff157bf1848c388adbe12a4344147,0x19e8044d46ce1855b353b50c98fd7075d3241550,0x28b1dc1a5e3699a428bc51d234dfab7c9cb2a183,2026-08-03T23:40:04,dense_internal_fund_flow;complex_trace,0x0c307f76,true
25675323,0x8f85c76e7ee040ce44e06a4cc51ca0b2f5e4bb4df5feb16ba03c17b003397e7c,0xbd973b2a74ea06358395f5efe6ebd5be51e05a35,,2026-08-03T23:40:04,large_mint_to_sender;high_gas_used_context;contract_creation_context,0x60806040,true
25675323,0xa057b0724abc5b8d26cc48958e275bad0e24b1f1d21790ed1829e5a69cbb1449,0xf279dfcdd57e1571c95e2c5b7e2ee453cbcdf77f,0x0000000071727de22e5e9d8baf0edac6f37da032,2026-08-03T23:40:04,dense_internal_fund_flow;complex_trace,0x765e827f,true
25675323,0xa38eed13b75418f7e597a4d159d05a4b8db52ab85f7c9e1ba293249e7fb7fe00,0xf70da97812cb96acdf810712aa562db8dfa3dbef,0xccc88a9d1b4ed6b0eaba998850414b24f1c315be,2026-08-03T23:40:04,large_erc20_profit_to_sender;large_erc20_asset_flow;complex_trace,0x0a2b8f36,true
25675323,0xfa1cc44f40d11fbd9264c9b604b859d9497069b1267cd7ea18840f2ebafd60f3,0xbd60ce01e6cf712bdfb48a4634be27b34d40f647,0xe87b933e326195d399725a8d4f7abde743bcfb1a,2026-08-03T23:40:04,complex_trace;token_activity_burst,0xe2216330,false
25675324,0x2b4718a49cd97127958c2d5863da9b796eb09b1098b6e55959fd65c95e456f3f,0xf70da97812cb96acdf810712aa562db8dfa3dbef,0x147bde4f997f0d4c7544ed0c55eacf1e5e6bf9c4,2026-08-03T23:40:11,large_erc20_asset_flow;complex_trace,0xc7c7f5b3,true
25675324,0x33370eba183524460f3ab7e5a82c1e4e45e584056f057cb92ca80b9cca117acb,0x59aab1bd0d26290274398c07b55955c15425e16b,0x00fe78205f5f0e63b8ad2b2ae5337f538a610e04,2026-08-03T23:40:11,complex_trace;high_gas_used_context;token_activity_burst,0x34fcd5be,false
25675324,0x455c395f2b17630348114b0d27f16915627e339e004571947b7cf79c91f2df0f,0x5f6a52b95148adfb4bfcc2afe7dcbc514020ccee,0x888888888889758f76e7103c6cbf23abbf58f946,2026-08-03T23:40:11,complex_trace;token_activity_burst,0x05eb5327,true
25675324,0x6c31a158e5f41e7aa5a344149a32a38e4d99e5fa610dd83ca048e0631c06a9a2,0xce269e6ce7e1ba8bd5c1b11c3933c3ebe95742d9,0xcb0151ac9479a6a0261622baa63ae843c9793d45,2026-08-03T23:40:11,large_erc20_asset_flow;complex_trace;high_gas_used_context;approval_burst,0x64cd187f,true
25675324,0xbdb06c817636c6bd1779eb46cbcf9f9e709b280564fa122d0cce09282cdc94b2,0xf7bac63fc7ceacf0589f25454ecf5c2ce904997c,0xca11bde05977b3631167028862be2a173976ca11,2026-08-03T23:40:11,dense_internal_fund_flow;complex_trace;high_gas_used_context;token_activity_burst,0x252dba42,true
25675324,0xc1494a8e3b5280a20fb999838214059c4cc097d0d2ae3321fdde2b6ba7861d5f,0xc84c1d2fd17579de238af62866345cbd84da77b0,0xb300000b72deaeb607a12d5f54773d1c19c7028d,2026-08-03T23:40:11,dense_internal_fund_flow;complex_trace;high_gas_used_context;token_activity_burst;approval_burst,0x810c705b,true
25675324,0xefdb9e57cafec3122396e4a7ce582735e492ef7d213868b35346214bc65b87a0,0xb876842bb8405f34e1cefe497d0d85d39f83badf,0x91ff8bbd8ebb07893010d50a48a1609e5ebd8e34,2026-08-03T23:40:12,complex_trace;high_gas_used_context,0x069d1525,false
25675325,0x5141235e3ac08ada0d79623954a8bb9760c84a4426b656958cb77c6defeacad8,0x7830c87c02e56aff27fa8ab1241711331fa86f43,0xa9d1e08c7793af67e9d92fe308d5697fb81d3e43,2026-08-03T23:40:22,dense_internal_fund_flow,0x1a1da075,true
25675325,0x02fb97fc64f75e87d4351452dd0d5ff1b784282ccb829f84bcc5379347bf7834,0x59aab1bd0d26290274398c07b55955c15425e16b,0x00fe78205f5f0e63b8ad2b2ae5337f538a610e04,2026-08-03T23:40:23,complex_trace;high_gas_used_context,0x34fcd5be,false
25675325,0xd9e516e6b56909c9c64c0879a5f8e63d49fc0b5586cd1bee6a684a669478343b,0x7830c87c02e56aff27fa8ab1241711331fa86f43,0xa9d1e08c7793af67e9d92fe308d5697fb81d3e43,2026-08-03T23:40:23,large_erc20_asset_flow;token_activity_burst,0xca350aa6,true
25675325,0x1d053087e3003e75f56a86b9924734fa5988be34db2b516b105ecab7fbaf5e04,0xdd17b58c9a932addcfcc2f1d384123cc26e60a1a,0xd90e2f925da726b50c4ed8d0fb90ad053324f31b,2026-08-03T23:40:24,dense_internal_fund_flow,0x13d98d13,true
25675325,0x2d31e8aa6db58cbbedd3958af086c80aec4bb55ba7e9a8349e072d780d17f6f3,0xdd17b58c9a932addcfcc2f1d384123cc26e60a1a,0xd90e2f925da726b50c4ed8d0fb90ad053324f31b,2026-08-03T23:40:24,dense_internal_fund_flow,0x13d98d13,true
25675325,0x8bd341fbf85968728f154e676443cde2c514dc484208cac58fa851f43b18da31,0xdd17b58c9a932addcfcc2f1d384123cc26e60a1a,0xd90e2f925da726b50c4ed8d0fb90ad053324f31b,2026-08-03T23:40:24,dense_internal_fund_flow,0x13d98d13,true
25675325,0x9bcfe2dad0ce7dab1d18dee839339601539de7d2cb9641ca2571235d0e9e14b4,0x5c93103bc8bcd63d5d5cbaa450a393e176aad68e,0x4313c378cc91ea583c91387b9216e2c03096b27f,2026-08-03T23:40:24,dense_internal_fund_flow;complex_trace,0xeffbec13,true
25675325,0xd67d12bc2985917ac00f8d7d768666803782da4523964e4866dcaee0dfbe9b7f,0xdd17b58c9a932addcfcc2f1d384123cc26e60a1a,0xd90e2f925da726b50c4ed8d0fb90ad053324f31b,2026-08-03T23:40:24,dense_internal_fund_flow,0x13d98d13,true
25675326,0x4288ef9b01b156b522ed0736a451e959754fbf6af066c798f23931d94ba36361,0x40074ed3469873dfa95edbb8c28ee72c572c6815,0x52b335fd4d229c4b4ffa6190526e4b5fb8e3fb09,2026-08-03T23:40:35,large_erc20_asset_flow;complex_trace;high_gas_used_context,0x085c8c5e,true
25675326,0xc0684948eba4cce210de727e57a3dc66eaf6a12300c63cd3065fab2122d912ff,0xc161988303a8a0e614024fe6dd4c29d273af1701,0x28b1dc1a5e3699a428bc51d234dfab7c9cb2a183,2026-08-03T23:40:36,complex_trace;high_gas_used_context,0x0c307f76,true
25675327,0xa51295902a3aff47ad727a363eb5f6ac92545f087a78e04ce8dd11971e5dfb59,0xfcc977f13fbdc3d89ae37f7788134015a681c2ee,0xddd3c063daf499d66886151219152e129ace3f4e,2026-08-03T23:40:43,major_dex_price_change,0x34ea30c4,true
25675327,0x639ca36677c8111e13fbb46694f27e0cb5fef8ff055ec04e2ec52666f241f990,0x971b9e73f3f19ff1db611c79921841ad96424c28,0x337685fdab40d39bd02028545a4ffa7d287cc3e2,2026-08-03T23:40:44,dense_internal_fund_flow;complex_trace,0xfa74fd43,true
25675327,0xa1bb03af65e026285a7da3df01c30e4055e90f27d308c83b836ebadd013e6f0e,0x5b43453fce04b92e190f391a83136bfbecedefd1,0xbdb3ba9ffe392549e1f8658dd2630c141fdf47b6,2026-08-03T23:40:44,complex_trace;high_gas_used_context;token_activity_burst,0x000000c3,false
25675327,0x9923e91cf109453174f3c707825d5106d81244953a5589b2cdd9d5aa5a6b80f3,0x09cfee647fa339133380191c8db6b44f24500c9d,0x77b85afbcd336993ac1c65057531c5a5b33b76b8,2026-08-03T23:40:45,high_gas_used_context;token_activity_burst,0xa9059cbb,false
25675327,0xb40cd66f5791149bcc85aa96cb1e742d4877637785b460f8af3db3fd9638c2e0,0x59aab1bd0d26290274398c07b55955c15425e16b,0x00fe78205f5f0e63b8ad2b2ae5337f538a610e04,2026-08-03T23:40:45,complex_trace;high_gas_used_context;token_activity_burst,0x34fcd5be,false
25675327,0xe3eac0454947730646efd52ad970a81aa67a50742de28e8dbd9faee92143e8c8,0xe165ef8ab4ad859a0d61d0fd1b73dcc79db65e57,0xbc1d9760bd6ca468ca9fb5ff2cfbeac35d86c973,2026-08-03T23:40:45,dense_internal_fund_flow,0xd984396a,true
25675328,0x94abd8775f7c2813a10c7fc742697abc6b1e124bfe49d2c88fad43e779a60fd0,0x09cfee647fa339133380191c8db6b44f24500c9d,0x77b85afbcd336993ac1c65057531c5a5b33b76b8,2026-08-03T23:40:56,high_gas_used_context;token_activity_burst,0xa9059cbb,false
25675328,0xa176c97d7e71f7dd08b72d9197b237b6bd2ffe7e03cef0e7a3d40139788cf0dc,0x684d6f9b611299ff79e6a768f81b3620be70e7f7,0x6a000f20005980200259b80c5102003040001068,2026-08-03T23:40:57,dense_internal_fund_flow;complex_trace;high_gas_used_context,0xe3ead59e,true
25675328,0xeba1a6ee3cd1a34fc21a3a4c685c64f9fc34c1b95e3bbd9b967becc5bd0e375b,0x1aed6d75bea7698a8a34ecc1361aec712474073c,0xcb0151ac9479a6a0261622baa63ae843c9793d45,2026-08-03T23:40:57,large_erc20_asset_flow;complex_trace;approval_burst,0x64cd187f,true
25675329,0xfc84bd34d74bd013d7669fece98b805e4fd8315dfa372d25c1d7712a6e7cdcf0,0x5b43453fce04b92e190f391a83136bfbecedefd1,0xbdb3ba9ffe392549e1f8658dd2630c141fdf47b6,2026-08-03T23:41:06,large_erc20_asset_flow;complex_trace,0x000000c3,true
25675329,0xccdf77d7fd9d0d120ad77d854c9fc896eac3a5ef0ec0ce4cb77f1145182b93a6,0x4245995f5a5740e1a1279273eb508403f5ec3fd6,0x6131b5fae19ea4f9d964eac0408e4408b66337b5,2026-08-03T23:41:07,dense_internal_fund_flow;complex_trace;high_gas_used_context;token_activity_burst,0xe21fd0e9,true
25675329,0xd5991848e7bc86505bc4bf7c9299e7e09d331810379cc5f3ac618580f82ce604,0x072b45a57aeb17de037ae1ff6e208ca8f166b584,0x28b1dc1a5e3699a428bc51d234dfab7c9cb2a183,2026-08-03T23:41:07,dense_internal_fund_flow;complex_trace,0x0c307f76,true
25675329,0xcfc9f6d7ff34db58090b3db86344447c5033c0d27d7e1ad04c6ff97b019ef3c1,0x161643f280b09be8e0271eef8efc6c264d125003,0x9df405335696133f243884ad5ef12770ecf8ff44,2026-08-03T23:41:08,dense_internal_fund_flow;token_activity_burst,0xa9059cbb,true
25675330,0x28939460936163d22bb24f6f7083ae6fa0d184d8f2403fcb98c29285d0c14a1e,0x7225d8708b78772f7ccadc6df264c42b2b96c35a,0x0b8a49d816cc709b6eadb09498030ae3416b66dc,2026-08-03T23:41:15,large_erc20_asset_flow;complex_trace,0xf497df75,true
25675330,0x8d5f1a0afbeb5cb52cf24b9252c103aff436d34cf4b29743ac2da9a7bf775f2c,0x09cfee647fa339133380191c8db6b44f24500c9d,0x77b85afbcd336993ac1c65057531c5a5b33b76b8,2026-08-03T23:41:15,high_gas_used_context;token_activity_burst,0xa9059cbb,false
25675330,0xcd1ca96af7ebdfc52900f7c4daed7c49093e77682c8a6af6761d982469f497b0,0xd9af4455b56f8c703b63392f25a66e083b26c379,0x52b335fd4d229c4b4ffa6190526e4b5fb8e3fb09,2026-08-03T23:41:15,large_erc20_asset_flow;complex_trace,0x085c8c5e,true
25675331,0x6d50519179e289a38f51779002d22cf9278e1782bf7f19f0e46ab35b596109d1,0xbee6a469e91e8787d44455e38318769e02f88004,0xbee3211ab312a8d065c4fef0247448e17a8da000,2026-08-03T23:41:28,large_erc20_asset_flow;complex_trace,0x4cf3fe9c,true
25675331,0xa3f9059180e57fbea36083d45f6db6febcb271ccceecd4f8f7247f7898486f12,0xe99bd1c2dd70cd58e5efd47887991700e7318ce2,0xad3b67bca8935cb510c8d18bd45f0b94f54a968f,2026-08-03T23:41:28,large_erc20_asset_flow;complex_trace;high_gas_used_context;token_activity_burst;approval_burst,0x146ee74d,true
25675331,0x076603a885977780d5bceb36f1460b6102b05379563f00e74d755fb5cbe9620a,0x837530b56324e2d78e68679d65bea86162d4e819,0x1035b5bd6192c7ed574cef8b1b04b65df8bb0ee4,2026-08-03T23:41:29,dense_internal_fund_flow;complex_trace;high_gas_used_context;token_activity_burst,0x601881f3,true
25675331,0x221a042d176b903bc32445fa918db5bed5f9d15631fd1bdb203cfc2c762bd23f,0x16c60d3e294f609bd9aeb10f3ef4b5c901f4bd23,0xebb4a56b0c079d931428e2100693d318e9d801dd,2026-08-03T23:41:29,dense_internal_fund_flow;complex_trace;high_gas_used_context;token_activity_burst,0xdb9dda19,true
25675331,0x0382a41215037326631151484a8d46fa2ec6cf3f79aaaf074fd6d26694e354ce,0xdbafcbeef0355f4c8380d7fe9a36eb85c4959a89,0x0a8accba63f42e743a31f33c44b87be0c83fe230,2026-08-03T23:41:30,dense_internal_fund_flow;complex_trace;high_gas_used_context,0x99000000,true
25675331,0x0c0055ec3ad3626024dca6aa9c29c0a5de945dc11346316ef0868d36037294bc,0x1b878f3af0a7420ef87899696caad92e63e5c4ae,0xa0f1c3ad83e07d97b5e7030e177718be175275ea,2026-08-03T23:41:30,dense_internal_fund_flow;complex_trace,0x12aa3caf,true
25675331,0x4c47308d8e0519561cf7b3658ebd699918a70051b1bc70df5a056cffbd07a173,0x50086c1bc2364cde1555970178c575b2a8f8bb4b,0x28b1dc1a5e3699a428bc51d234dfab7c9cb2a183,2026-08-03T23:41:30,dense_internal_fund_flow;complex_trace;high_gas_used_context;token_activity_burst,0x0c307f76,true
25675331,0x4dead8f62afeb26d397d4d3a71bddb3076740f9dd8b3f46cb4bb577a90fc2f7a,0x26e9b6e5eaebb3455688297576a344481b2a05cd,0x43283d245caae80066c0e877ecdc9b39ffe3b8b5,2026-08-03T23:41:30,large_erc20_asset_flow;complex_trace;high_gas_used_context;token_activity_burst,0x601881f3,true
25675331,0x68dd732dd427b66304490f84d34d9547a9408a3525fb80cf14bfc97699841197,0xf41c1f8d4ca7f619286efcef3a5bf4925ef569f1,0x71d5dcd76fb9ca8fe92b4952f13eaad149a955e0,2026-08-03T23:41:30,complex_trace;high_gas_used_context,0x99000000,false
25675331,0xb4d8dbc08bc71aad0ece3e945c2e98955a5dd6f773ed920fae3b103dadaea4d4,0xa3098b17c7966c59d6d0775d7f6d4fb3d1755580,0x28b1dc1a5e3699a428bc51d234dfab7c9cb2a183,2026-08-03T23:41:30,complex_trace;high_gas_used_context,0xf2c42696,false
25675331,0xc62ff220c7106810fe7e740de9a851b639c922154cf7debbcf1276f2658d4dfa,0xa2764538be8a92ff563048ad4316000000947f0e,0x71d5dcd76fb9ca8fe92b4952f13eaad149a955e0,2026-08-03T23:41:30,complex_trace;high_gas_used_context,0x99000000,false
25675331,0xd0d4aa57e24ca6846cde7b122a89994bc1915fc68010c65ebb7565e4cb8f4be9,0xf07b4d27cae6571857e51ab3fb209f5226de2d88,0x06cff7088619c7178f5e14f0b119458d08d2f5ef,2026-08-03T23:41:30,large_erc20_asset_flow;complex_trace;high_gas_used_context;token_activity_burst,0x99999999,true
25675331,0xdda3d3497512e835a1ec541bbb333fab045bcd88b60b12305ce8e9fbcc3a6d94,0xeed04788b6b078da714c0235db6dbe58ea922bab,0xd90e2f925da726b50c4ed8d0fb90ad053324f31b,2026-08-03T23:41:30,dense_internal_fund_flow,0x13d98d13,true
25675332,0x2c199c595ef7a277306dbbde98566c802c2bec271e77e0589c28d30fcdb5fdcb,0x1a9f2d2a11654282360683aee55a2acad681832d,0x00000688768803bbd44095770895ad27ad6b0d95,2026-08-03T23:41:47,large_erc20_asset_flow;complex_trace,0xf497df75,true
25675332,0x13cc4f3051f91bf66ab6334a0bd0ff96ce3d56e41cf25bed6e98f4a7d7f318ba,0x571b01c14d4b5ebb9cef01c9d41b6a2fc930c0f8,0x0a8accba63f42e743a31f33c44b87be0c83fe230,2026-08-03T23:41:48,complex_trace;high_gas_used_context,0x99000000,false
25675332,0x1f6337d767237f5e15246e581ba5e8b500ab82227521397cf766d65b11987ee3,0x7830c87c02e56aff27fa8ab1241711331fa86f43,0xa9d1e08c7793af67e9d92fe308d5697fb81d3e43,2026-08-03T23:41:48,large_erc20_asset_flow;token_activity_burst,0xca350aa6,true
25675332,0x2ddac05e6e725fb22a98f5498d1926858dcffe9f6834ae58a3b7d56b25581ae3,0x7830c87c02e56aff27fa8ab1241711331fa86f43,0xa9d1e08c7793af67e9d92fe308d5697fb81d3e43,2026-08-03T23:41:48,dense_internal_fund_flow,0x1a1da075,true
25675332,0xe830c5be11727e50d01108186c0cb2e265b48a782d716d37c05b4d84fd291963,0x517c898c3a813bd2c75a8c55fb05298420aec792,0x28b1dc1a5e3699a428bc51d234dfab7c9cb2a183,2026-08-03T23:41:49,dense_internal_fund_flow,0x08298b5a,true
25675332,0xdb750adcc23f21b7568f527494c917209413f45afce49ac3990ac3de8d7c0af1,0x331d9a049d496385998067abf6cbb6371c8d2466,0xb92fe925dc43a0ecde6c8b1a2709c170ec4fff4f,2026-08-03T23:41:50,dense_internal_fund_flow;complex_trace,0xcd6e13f7,true
25675332,0x0d52e009aa288505d0848295cdc8cf8de68221507a304e4c249c05828f432e97,0x3b8c679abd153d5eb1cc3edffbfc819a3ff4db9f,0x28b1dc1a5e3699a428bc51d234dfab7c9cb2a183,2026-08-03T23:41:51,complex_trace;high_gas_used_context,0x0c307f76,false
25675333,0xfe8d8b2f4b9b012deaaba209b6affc96c0ecd5f68811f36115b801661601b250,0xf8caa2a7368a93d79b00f74ca22edc84069f5b2f,0x33024d4791413438aa1de6a8b6cb7cceb25459b1,2026-08-03T23:41:56,large_mint_to_sender;complex_trace,0x6e553f65,true
25675333,0x34a6804c80294fc4db05dd2a6de38f1c5e2df2f8bedd5141e28e90a3591e8d01,0xde992badd92adaf9146255e9bde6a70770973664,0x3d0f22bf11636cc9cb129e2b261eed35a487455c,2026-08-03T23:41:57,complex_trace;high_gas_used_context,0xa9059cbb,false
25675333,0xbc68f5883039079e6df55f3e3444034dabb9929cf27ff3f61f94570af07ede64,0x80d04079ffc53eb14edbeeb37279d126f45552df,0x23b341a69eb38252a8e2751f9d68272cb9b2e489,2026-08-03T23:41:57,repeated_internal_token_drain;dense_internal_fund_flow;complex_trace;token_activity_burst;repeated_risky_internal_calls,0x8aaa8f3b,true
25675334,0x541feb0f6801c09c3ae0f1574b87f8c82544214afa164f3558293200595db1b3,0x488fba8aa49be3659324408f69da9273afe27f34,0x94e7a5dcbe816e498b89ab752661904e2f56c485,2026-08-03T23:42:10,large_erc20_asset_flow;complex_trace,0xac9650d8,true
25675334,0x3ca1a6c40e8c476ec90bc565188eb65f2e10c0d8a23a3e9ef8a78c111c5fb23e,0xdd17b58c9a932addcfcc2f1d384123cc26e60a1a,0xd90e2f925da726b50c4ed8d0fb90ad053324f31b,2026-08-03T23:42:11,dense_internal_fund_flow,0x13d98d13,true
25675334,0x75b9d3c2a9c30de058bcb8be33bfed5c9fcd4468d79dfe7d9225d61555896910,0x970df0f4bd124df46b1dee31329f7444f9e66b68,0xd226997439ecfbeff8e110c8c78c8a7eefd19f89,2026-08-03T23:42:11,large_erc20_asset_flow;complex_trace,0x99999999,true
25675334,0x7cb8d3040301b62870882a8d10dd029c7a1e557f5c0a7a7eea46b0d3c776d9f2,0xb9ac9ebc7436e5742f2bdefcddcef47201db71ab,0x69460570c93f9de5e2edbc3052bf10125f0ca22d,2026-08-03T23:42:11,complex_trace;high_gas_used_context,0xb6ba374a,false
25675334,0xb3e8df0b80f707e715e58069f98dbdc1f0b742f24d66c997a5dda277fd1ad749,0x5e3d1448a0365c3b1cd08908d410bfccca449c45,0x50d3865a63d52c0a54e4679949647ea752107390,2026-08-03T23:42:11,large_erc20_asset_flow,0x00000000,true
25675334,0xbd3e892754235554486f4d38eabc4769ba14be32012c3ef29db6d5a272a55b42,0x1d425d5c3fe77f5f91f5582f2a98d4a94cb0549b,0x111111125421ca6dc452d289314280a0f8842a65,2026-08-03T23:42:11,dense_internal_fund_flow;complex_trace,0x07ed2379,true
25675334,0xc93d99a6d52ed887ac852b8fa768ce04232617a7cd5367b8a6bca6c377767681,0x604bfcdb18a132e3ccd9452e68279c4bf8ab0499,0x6dd1ad99c9f93beb6e3a9ddfa6fbe4827809300e,2026-08-03T23:42:11,selfdestruct_context,0xf3fef3a3,false
25675334,0xd83c66c65749004ea1651da727c0f9db55d5e648cdcbbe9ca4eae15a9b8298ec,0xa63b57f75442ce2b569f6d0764799f2a8530fa6b,0x03f34be1bf910116595db1b11e9d1b2ca5d59659,2026-08-03T23:42:11,dense_internal_fund_flow;complex_trace,0xe47d166c,true
25675334,0xf47fcb969d030f831474f5b87c6a3b68aa966cd4f4ab1a3b0ea6e646b7d977c3,0xde992badd92adaf9146255e9bde6a70770973664,0x3d0f22bf11636cc9cb129e2b261eed35a487455c,2026-08-03T23:42:11,complex_trace;high_gas_used_context,0xa9059cbb,false
25675334,0xf79edc1bdd7c0639d4dec47861c51804fa672f72ead08804b105f71e9f2defaf,0x70e59f9c304e4d5096bd408b571e2dcd99c3120b,0xad3b67bca8935cb510c8d18bd45f0b94f54a968f,2026-08-03T23:42:11,large_erc20_asset_flow;complex_trace;high_gas_used_context;token_activity_burst;approval_burst,0x146ee74d,true
25675334,0x209980712a20a73397a0031ac88469f92c00bbf3e869c9b1416986cf441d1ca1,0xe99bd1c2dd70cd58e5efd47887991700e7318ce2,0xad3b67bca8935cb510c8d18bd45f0b94f54a968f,2026-08-03T23:42:12,complex_trace;high_gas_used_context;token_activity_burst;approval_burst,0x146ee74d,false
25675334,0x35ea7f529d186d5a00549b3d42bdff6111c37ec51bc014b6d8ebee5707934633,0xf3e3d9f222c2b0393482b8e5b120971b3b878ad6,0x6bf97afe2d2c790999cded2a8523009eb8a0823f,2026-08-03T23:42:12,dense_internal_fund_flow;complex_trace;token_activity_burst,0x13d79a0b,true
25675334,0x58bb3f2a2fc9813fc3be6cca1ab3c386b61ea9885638e49634f263a0cb24928a,0xca7ded7e4f4ba8ab3b10009236ae6d1b95094589,0xccc88a9d1b4ed6b0eaba998850414b24f1c315be,2026-08-03T23:42:12,dense_internal_fund_flow;complex_trace,0x0a2b8f36,true
25675334,0x58cfd2ef1a150d4f30117cba4d2a45a4be94808b7d9be720f733a6354bb67675,0xdd9ca63877441e0000003bed4379836d147978a4,0x71d5dcd76fb9ca8fe92b4952f13eaad149a955e0,2026-08-03T23:42:12,large_erc20_asset_flow;complex_trace,0x88000000,true
25675334,0x461767a15d8a13f01a6d4c63d7e192c7fadcb53d7ada850f5dac4ef2339ed278,0x834d10cef4e5a75d3edddcbb1c5a94f8094e5713,0xd226997439ecfbeff8e110c8c78c8a7eefd19f89,2026-08-03T23:42:13,large_erc20_asset_flow;complex_trace;high_gas_used_context;token_activity_burst,0x99999999,true
25675335,0xca7a039ea4179862a20e57911d405f4797266fc1112b1e473de875ca09e2e7a8,0x2b3fed49557bd88f78b898684f82fbb355305dbb,0x09c30cdcdd971423cb3ba757a47d56c35d06d818,2026-08-03T23:42:20,dense_internal_fund_flow,0x318adb8b,true
25675335,0x58454c4239e959028c3952cd232bae3c24d7cce23631085e63df6a56700716b7,0x77c49c2976ba141e4cc4d36bece6ee86e37741ff,0x15e4a464ff06a58b1f112e07239ad14ccd3a7483,2026-08-03T23:42:21,dense_internal_fund_flow;complex_trace;high_gas_used_context;token_activity_burst,0x601881f3,true
25675335,0x63ad0451e6aa912350cc705d61075ad09ce510783a5b47875937551db33f4148,0xaaaaa34e4bb04f1c5f5a56d3be9e7637d309bc05,0x00000000008d5f1200332af8a6813cb8377b5bfd,2026-08-03T23:42:21,dense_internal_fund_flow;complex_trace;high_gas_used_context,0x00000011,true
25675335,0xeca8ce0bb202032362c262fc78a12666240dc6dbf5547fa1ceee3b63059480bb,0x70e59f9c304e4d5096bd408b571e2dcd99c3120b,0xad3b67bca8935cb510c8d18bd45f0b94f54a968f,2026-08-03T23:42:21,large_erc20_asset_flow;complex_trace;high_gas_used_context;token_activity_burst;approval_burst,0x146ee74d,true
25675335,0x9e8358cbdaf3497356d06ea2f33d6824506dfffdef3e53118554d87b739a9d8f,0x8a3999c2a419d11635a5146035824a49c33ca211,0xd226997439ecfbeff8e110c8c78c8a7eefd19f89,2026-08-03T23:42:22,large_erc20_asset_flow;complex_trace;high_gas_used_context;token_activity_burst,0x99999999,true
25675336,0x06ae3b2c8b318c9f5639275b72a4dcb8f42d1db3f0a1440de2d9405e08621553,0xeeea11d98f6a742cdc084a2f1afa747dc28f1186,0x6c96de32cea08842dcc4058c14d3aaad7fa41dee,2026-08-03T23:42:43,large_erc20_asset_flow;complex_trace,0xc7c7f5b3,true
25675336,0x91bd7864fe6bca9c5a8a2073b9ec29b050d6b4ffe05a0f13a8ef27f5a2112a74,0x7b49bc3ebbdf7322f31c6449320382bbec3be1b6,0xad3b67bca8935cb510c8d18bd45f0b94f54a968f,2026-08-03T23:42:43,complex_trace;high_gas_used_context;token_activity_burst;approval_burst,0x146ee74d,false
25675336,0x0576819d47de65ec8df358411426b8a66e227e027a7b7c37a731eb03e0ea49d6,0xca7ded7e4f4ba8ab3b10009236ae6d1b95094589,0xccc88a9d1b4ed6b0eaba998850414b24f1c315be,2026-08-03T23:42:44,dense_internal_fund_flow;complex_trace,0x0a2b8f36,true
25675336,0x361d34f3686a475a769f0c2f5a257683e9a87fb9b0e83bd14610ef7ce17be5f5,0x09cfee647fa339133380191c8db6b44f24500c9d,0x77b85afbcd336993ac1c65057531c5a5b33b76b8,2026-08-03T23:42:44,high_gas_used_context;token_activity_burst,0xa9059cbb,false
25675336,0x63b3b449e906ce0d14b9dca98b2783f95b476050e57f9b6c7d0ec3fba203fbe1,0x43370240c309f6cc0815929a176609267971224f,0x4337084d9e255ff0702461cf8895ce9e3b5ff108,2026-08-03T23:42:44,large_erc20_asset_flow,0x765e827f,true
25675336,0xbf9c30a2b69c286d5cbcb42440a5f42114b9ae5605fe3633fcca2fbb1f876cd5,0xf70da97812cb96acdf810712aa562db8dfa3dbef,0xccc88a9d1b4ed6b0eaba998850414b24f1c315be,2026-08-03T23:42:44,dense_internal_fund_flow;complex_trace,0x0a2b8f36,true
25675336,0xe67905d738a558fca5f364a1930decc9a0477e82e3e4f34055a02375e3476b61,0x7830c87c02e56aff27fa8ab1241711331fa86f43,0xa9d1e08c7793af67e9d92fe308d5697fb81d3e43,2026-08-03T23:42:44,dense_internal_fund_flow,0x1a1da075,true
25675336,0xa1b4b9a850c2ef9dde947b14c8f91c766c3db745e0e1ce266b603c30ab2e3d1a,0x9642b23ed1e01df1092b92641051881a322f5d4e,0xfaf17849fb05a11a4e233f221bac99ca43fc83f8,2026-08-03T23:42:45,large_erc20_asset_flow,0x6b13fcb1,true
25675336,0xa24d112e5a38f32da37fe22dd9f4990e8e94673dffd1a8facf54fe391a32f074,0x9642b23ed1e01df1092b92641051881a322f5d4e,0xfaf17849fb05a11a4e233f221bac99ca43fc83f8,2026-08-03T23:42:45,large_erc20_asset_flow,0x6b13fcb1,true
25675336,0xe71a2db47dbb354ba435ae8b6b0a96e74b98bb5e7777d639c21309f6cf6aea45,0xea25ea1568776f90389e5c692674cc080489de58,0xb2e2184cacb3ceb21ada2d0d2f020245d2161b88,2026-08-03T23:42:45,dense_internal_fund_flow;complex_trace,0xe0175b80,true
25675336,0xf8eeb0518dc0c91e470003777a6dfc090d4abb7690a52cdacb63b16ce89c2b63,0xae2fc483527b8ef99eb5d9b44875f005ba1fae13,0x1f2f10d1c40777ae1da742455c65828ff36df387,2026-08-03T23:42:45,dense_internal_fund_flow,0x2bd01f98,true
25675337,0x27c07274ce9cef110b96f493c0beae3484cbc583d608b0f671d56d5b879d1d94,0xea4572681b340dd366ba27831efb9b74195591c3,0x03f34be1bf910116595db1b11e9d1b2ca5d59659,2026-08-03T23:42:54,dense_internal_fund_flow;complex_trace,0xe47d166c,true
25675337,0x6b409ee58952c0402b86ac4d7137b817f3ca636f744715f1ada8e5601ba92e05,0xbee12bd9a3b777b29fecf6097f18aec13db6e013,0xbee3211ab312a8d065c4fef0247448e17a8da000,2026-08-03T23:42:54,large_erc20_asset_flow;complex_trace,0x4cf3fe9c,true
25675337,0x1ba049ed6ef8daf7554ee80f6656834f4d77c762f56b997fbc5ddff587920d48,0x58ea3cedd694ed361d1428426e63f0b6879cbff3,0x0ec68c5b10f21effb74f2a5c61dfe6b08c0db6cb,2026-08-03T23:42:55,dense_internal_fund_flow;complex_trace,0x3dca9c41,true
25675337,0x50576d98ac55cf4135b519a16e932ff2af77b8ceeb110a69598f1d73a4dce7af,0xac8c841635aae0337559ee17afd754d0da87d75e,0x33024d4791413438aa1de6a8b6cb7cceb25459b1,2026-08-03T23:42:55,large_mint_to_sender;complex_trace,0x6e553f65,true
25675337,0x77738f578071cef3401fe19492156661f76305956c545d862aea0f305ab99e45,0x370a7e2d300c14d79d4a7ee07aaca46c4b3012cf,0xb92fe925dc43a0ecde6c8b1a2709c170ec4fff4f,2026-08-03T23:42:55,dense_internal_fund_flow,0xcd6e13f7,true
25675337,0x91a4d9db519ed825326167a2b0553a6205b9183afe2b636dd1b3ec139dad7d50,0x1c5bb001cf26ecb9e4af7fc0656d4fb452019790,0xd226997439ecfbeff8e110c8c78c8a7eefd19f89,2026-08-03T23:42:55,large_erc20_asset_flow;complex_trace,0x99999999,true
25675337,0x9458965bd31db6bdd465170f4b0b406a68e3f595d34ac804f17a1be9b98ae6e7,0xb9e1ab1b075a9ea2c7e123d17cda92675492f24d,0xb92fe925dc43a0ecde6c8b1a2709c170ec4fff4f,2026-08-03T23:42:55,dense_internal_fund_flow;complex_trace;high_gas_used_context,0xcd6e13f7,true
25675337,0xbbe6b52a53fcd4a1de7a41a53bd0c2dd67df86005e8a380c11087fb424db9cee,0x94d8702905262f9a287808c1b46642d2161d49f0,0x29469395eaf6f95920e59f858042f0e28d98a20b,2026-08-03T23:42:55,dense_internal_fund_flow,0x8553b234,true
25675337,0x552dcb17658b45e3555ca4dbfc28f7ab0e6bd010e963572a600ac3119767ab7d,0x209861dadf2f094658bfddd1f37fed80cc7577d7,0x6566194141eefa99af43bb5aa71460ca2dc90245,2026-08-03T23:42:56,dense_internal_fund_flow,0x374f435d,true
25675337,0x2caebe0ec5d39a58d62c7361675f5f6e5bb3a77c61ca5b284ed9e1813c14fb0d,0x4337005db25dbad41da5692ba1188751ee5d98b6,0x4337084d9e255ff0702461cf8895ce9e3b5ff108,2026-08-03T23:42:57,dense_internal_fund_flow;complex_trace,0x765e827f,true
25675337,0x4751115acc6ea26ceedb6c71f840e5687f5bfc6a4787f0dcdb090ad2af14e0f3,0x43370371e0bb085d04d02a815230aaf67b35ef25,0x0000000071727de22e5e9d8baf0edac6f37da032,2026-08-03T23:42:57,privileged_execution_context;complex_trace,0x765e827f,false
25675337,0x7a4e6508e1c1476fa1ba7ac16c5630a4f6a2692f138016fce9c2c329e1ead9ad,0x1011afe1e12216587df30223f898c7924d76dd72,0x6a000f20005980200259b80c5102003040001068,2026-08-03T23:42:57,complex_trace;high_gas_used_context;token_activity_burst,0xe3ead59e,true
25675337,0xd916e02959ffbeda9906d480fdde35d321d50ed0bb21a88464d38c0ba40c261a,0x17325007396076b293bd5bafbbd1ab059bba2942,0x6a000f20005980200259b80c5102003040001068,2026-08-03T23:42:57,dense_internal_fund_flow;complex_trace;high_gas_used_context,0xe3ead59e,true
25675338,0xc9bcb05b2af0051cbf2e3bd5c4d8f6959fceeffca9988463612f8c569bc36220,0xe99bd1c2dd70cd58e5efd47887991700e7318ce2,0xad3b67bca8935cb510c8d18bd45f0b94f54a968f,2026-08-03T23:43:06,large_erc20_asset_flow;complex_trace;high_gas_used_context;token_activity_burst;approval_burst,0x146ee74d,true
25675338,0x282ef34d20ae87a0b2d1dda77fc5f7a708c2a563292efb4adcac6cee01400f87,0x56c262027e0de4aea31d2489529cb25d23e58a8b,0xccc88a9d1b4ed6b0eaba998850414b24f1c315be,2026-08-03T23:43:07,dense_internal_fund_flow;complex_trace,0x0a2b8f36,true
25675338,0x73d11787103bded5058231d8452f5e50289950200470cc26496ca5d6b3da2b33,0xcb9240ff4a99e086f1843229fc7fe1ba7b30f941,0x0000000000001ff3684f28c67538d4d072c22734,2026-08-03T23:43:07,large_erc20_asset_flow;complex_trace,0x2213bc0b,true
25675338,0x60f1d2e3b4d9bd8ca0ee20a22777f4bbcfa5efac6526b92069f222fe272848f6,0xaf074592bb02214a38a81b0439b1c304223851af,0xf8b2c637a68cf6a17b1df9f8992eebeff63d2dff,2026-08-03T23:43:08,dense_internal_fund_flow;large_erc20_asset_flow;complex_trace,0xaec8de39,true
25675338,0x7cf06bcd451147e3300df21877965ca6be0c351a4a62f47e8ff572d9bc9394b7,0xd0d08887e8a5b16049534a7f3fc1de92848f5bea,0x6131b5fae19ea4f9d964eac0408e4408b66337b5,2026-08-03T23:43:08,large_erc20_asset_flow;complex_trace,0xe21fd0e9,true
25675338,0xacd84d3ddb5a361b14d7703e411bb38f16381d7792b9f32e0c93b59e9d075b6b,0x9b0752e163346da3baf90a3489de79e92c769ff2,0x950fd558f47e234a2fde23b7d61f7ccdbcb4a86f,2026-08-03T23:43:09,complex_trace;high_gas_used_context;token_activity_burst,0xdd225095,false
25675339,0x0a85d1282fc116120ce5f372548b5547183b47ef736440496a6bd532af2f41d7,0xe28660e51e08f988aef28e46421305e83eb479e8,0x87870bca3f3fd6335c3f4ce8392d69350b4fa4e2,2026-08-03T23:43:20,large_erc20_asset_flow;complex_trace,0xa415bcad,true
25675339,0xad16a5c9c7264c3f2861711f8bc0908055a54afc084f7570e9f1e75234fcb706,0xde5ce22a56ed76bf7054121500b23a718399feb7,0x43de2d77bf8027e25dbd179b491e8d64f38398aa,2026-08-03T23:43:20,large_erc20_asset_flow;complex_trace,0xc280c905,true
25675339,0xfedb35db70dc338fe0a06d18d2ea0fd261a7f2e0e1861467db56f6b5f3c3493b,0xe99bd1c2dd70cd58e5efd47887991700e7318ce2,0xad3b67bca8935cb510c8d18bd45f0b94f54a968f,2026-08-03T23:43:20,large_erc20_asset_flow;complex_trace;high_gas_used_context;token_activity_burst;approval_burst,0x146ee74d,true
25675339,0xf765b36763bf6d5f378c5a3f09f9f632da1c3686d74b876ba0e8b7a0f6832c82,0x3431172c887cf150d9fdaba9876273d9db566367,0x64f5aad0e38e2ff9f50f2e51e813e49c05aca41a,2026-08-03T23:43:22,repeated_internal_token_drain;dense_internal_fund_flow;complex_trace;high_gas_used_context;token_activity_burst;repeated_risky_internal_calls,0xa9059cbb,true
25675340,0x0dd6fd117005319c84b31e6a52c9e9005ce3e239aa6f3e7690256fc01951c40b,0x062ce42cae04c51d04e77e3d64cc8953a2296ffe,0x8a25a24ede9482c4fc0738f99611be58f1c839ab,2026-08-03T23:43:31,large_erc20_asset_flow;complex_trace,0x6a761202,true
25675340,0x33abc38a1151cfbebb278dae4b42cdd7890260a552b850a9cfeef4cba6a7cd20,0x7830c87c02e56aff27fa8ab1241711331fa86f43,0xa9d1e08c7793af67e9d92fe308d5697fb81d3e43,2026-08-03T23:43:31,dense_internal_fund_flow,0x1a1da075,true
25675340,0x61055524d1e65284e2549b3c1a5bf783755c291522406d98d9e6a30198038f5e,0x3dcc7c30cc73aa175e14c83cb70ef66186eac327,0x4313c378cc91ea583c91387b9216e2c03096b27f,2026-08-03T23:43:31,dense_internal_fund_flow;complex_trace,0xeffbec13,true
25675340,0x945b7f0a786f79043b5b6ce594047d95f6d37a67f40519ffcd474afc45f783b1,0x7830c87c02e56aff27fa8ab1241711331fa86f43,0xa9d1e08c7793af67e9d92fe308d5697fb81d3e43,2026-08-03T23:43:31,large_erc20_asset_flow;token_activity_burst,0xca350aa6,true
25675340,0x1a797293e8faca0be3fa1726e76cca0eacbb410da5a02abb29f888caa18185fb,0x353b8bcea78a57cb33eeea5db076e35653ff58bb,0x97caca78ac2a94c67643d07843f85afaa44a3ea5,2026-08-03T23:43:32,dense_internal_fund_flow;large_erc20_asset_flow;complex_trace,0xc02409ba,true
25675340,0x1d3a183f4eef5ccd48b8211e4ae6ed252fae4e3c0ff6b104be2a917566bb00a1,0x3f86e497b1566b48b13915e45ca882d2c89007ba,0xd0764fae29e0a6a96ff685f71cfc685456d5636c,2026-08-03T23:43:32,large_mint_to_sender,0x23caab49,true
25675340,0xa1223a3dd304ca26361ae549ee212f615d60d7210661407f789d8ce504247f9a,0x59aab1bd0d26290274398c07b55955c15425e16b,0x00fe78205f5f0e63b8ad2b2ae5337f538a610e04,2026-08-03T23:43:32,complex_trace;high_gas_used_context;token_activity_burst,0x34fcd5be,false
25675340,0xe31fd45840188fefc5b34572416cfc7293c8a93a851549776b540ecf7250d445,0x283132390ea87d6ecc20255b59ba94329ee17961,0x604e586f17ce106b64185a7a0d2c1da5bace711e,2026-08-03T23:43:33,large_erc20_asset_flow;complex_trace;high_gas_used_context,0x22bee494,true
25675341,0x1ec9db3845a10e2e7c8e4573ea63d14d75b9481ef2983baaf36cd6f4cefd5734,0x2441cb33e012f8f1e738dac18235e6ef155ad872,0xb300000b72deaeb607a12d5f54773d1c19c7028d,2026-08-03T23:43:39,complex_trace;high_gas_used_context;token_activity_burst,0x810c705b,true
25675341,0x39eef953253d6ea0a90fce6ef9dc9bdc0c61387124e1c0d81f67e645b8594b66,0xd99ac0681b904991169a4f398b9043781adbe0c3,0x5523985926aa12ba58dc5ad00ddca99678d7227e,2026-08-03T23:43:40,dense_internal_fund_flow;complex_trace,0x84d61c97,true
25675341,0x78f6283076b0b1b42dcb403f506d0356a70ec57f0d09025ef0257f3519db5a30,0xe93685f3bba03016f02bd1828badd6195988d950,0x173272739bd7aa6e4e214714048a9fe699453059,2026-08-03T23:43:40,complex_trace;high_gas_used_context,0x7cd44734,false
25675341,0x3952dbdcddfe9c219d6247833cd327e28c71ba7145b84599841922339182dcd4,0x8b5606469e21c75edd7c74d1c7a65824675d9aff,0x9ccc2f3ecde026230e11a5c8799ac7524f2bb294,2026-08-03T23:43:41,dense_internal_fund_flow;complex_trace,0x1bc74526,true
25675341,0x51789ea13ced18b5aa3d6869c2e062f87727a3529d73babbc48db3368ca0a21e,0xa154b98e53fc35e1bad1ff758acbc8c629bdcd2b,0x19917386eeae67b6ff7ddf07de4019fca40aa4ec,2026-08-03T23:43:41,complex_trace;high_gas_used_context;token_activity_burst,0xa9059cbb,false
25675341,0x8a2f9ec0409707122a9d2f221c7c276d87aa56f79b44385124a329466683fbc0,0x2e015302441ecc3513f7496568dc56abfa77dbbb,0x7a250d5630b4cf539739df2c5dacb4c659f2488d,2026-08-03T23:43:41,dense_internal_fund_flow,0xaf2979eb,true
25675341,0xbff71fd8a7476e2c6f8a30683cd755a9d20cc356751e69c9203d39eafe698918,0xda87a28fcd476d42385b07dfc1d4da7af2aa1775,0x4337084d9e255ff0702461cf8895ce9e3b5ff108,2026-08-03T23:43:41,large_erc20_asset_flow,0x765e827f,true
25675342,0x03d6cc6bbe9af4b5bbe7d676af526c48133aac416160d06d82b54fb26ebecb84,0x70e59f9c304e4d5096bd408b571e2dcd99c3120b,0xad3b67bca8935cb510c8d18bd45f0b94f54a968f,2026-08-03T23:43:48,complex_trace;high_gas_used_context;token_activity_burst;approval_burst,0x146ee74d,false
25675342,0x43fd8d2d1b1489559ebea0c689334aab17a58f80fe331fceb5250b7f9baf98ec,0xb1c9256b24fc9d56acb6b2e4440138cc9460b0ed,0x87870bca3f3fd6335c3f4ce8392d69350b4fa4e2,2026-08-03T23:43:48,large_erc20_asset_flow;complex_trace,0x02c205f0,true
25675342,0xeed14074884508d5372ba4816640b0815ff93191f057d0677f2a703f1ba7eb70,0xa09080d67461f67e8e4f9a847b2919cf1cc54fad,0x1c046774f3f5c1b26d0fc1d6ad06d8b710deb9cd,2026-08-03T23:43:48,dense_internal_fund_flow;complex_trace;high_gas_used_context,0x57b7bf20,true
25675342,0xa04c38d92e20b0ae9b828638862ec66f58d3d381420ce55c03fed76923a8c121,0x4b82847c82087ea19418bed079966810f64f39f4,0xf3dcf08ddce36387f176b9cfc56561287cfca6c6,2026-08-03T23:43:49,complex_trace;high_gas_used_context;token_activity_burst;approval_burst,0xe32bbc9e,false
25675342,0xc082a091112d4ca2e361d912f1e957eb518780ae8ae4c5662c14a63cc013e709,0x59aab1bd0d26290274398c07b55955c15425e16b,0x00fe78205f5f0e63b8ad2b2ae5337f538a610e04,2026-08-03T23:43:49,repeated_internal_token_drain;dense_internal_fund_flow;complex_trace;high_gas_used_context;token_activity_burst;repeated_risky_internal_calls,0x34fcd5be,true
25675343,0x4bfa7d919c38749721f3c2942ac016818827db26e48452adce688fac60ee13fb,0x64cd46175ff7986196c135aa6d885040206733b6,0x4313c378cc91ea583c91387b9216e2c03096b27f,2026-08-03T23:43:54,dense_internal_fund_flow;complex_trace,0xeffbec13,true
25675343,0xa56e635961c9d854c4344ea346716b5fa4c4dabdbea56fc34cd7ae300debc720,0x754dcfb2861547015b221e963b4133a71dbdc024,0x3e07be15370d8b12d80a159a7ef14b9e51869497,2026-08-03T23:43:54,complex_trace;token_activity_burst,0x21af54c6,false
25675343,0x1665c4a443de7007c6141dab4b92b1ab226d5f1aa30c87e8917b42d5eb16de75,0xa154b98e53fc35e1bad1ff758acbc8c629bdcd2b,0x19917386eeae67b6ff7ddf07de4019fca40aa4ec,2026-08-03T23:43:56,complex_trace;high_gas_used_context;token_activity_burst,0xa9059cbb,false
25675344,0x5add79c04b0eb3327d54fa792ac2893d0c1090fe372182800985804c401390f8,0x5f8d74fcfe0b42a3a4d5646c0f5d9124059817a2,0x52b335fd4d229c4b4ffa6190526e4b5fb8e3fb09,2026-08-03T23:44:06,dense_internal_fund_flow;complex_trace;token_activity_burst,0x085c8c5e,true
25675344,0x6363997902c7b37e35635f990d9266c7154155e75d84f427f5138f211b5d889d,0x73be04abaa96c7d92db28cd3aef1539a77775d5b,0x96b3169611b4ad45417a4ff8ca712944b2257851,2026-08-03T23:44:06,complex_trace;token_activity_burst,0x9265bb9d,false
25675344,0x3cfb00777486ab38f38ce35b1a5299a218666d8140bdc5b5006c70eeac4dae98,0x414826beb718f2b204bca67b949604bdc739fcba,0x0000000000000068f116a894984e2db1123eb395,2026-08-03T23:44:07,complex_trace;high_gas_used_context,0x87201b41,false
25675344,0x8df926db82ce42958e7cc79fbffa3d2261f3b895027fbde23a0ae05b4ff126a8,0x8c37bb40f3cc11579a59cf6ba0e541be20079830,0xd90e2f925da726b50c4ed8d0fb90ad053324f31b,2026-08-03T23:44:07,dense_internal_fund_flow,0x13d98d13,true
25675344,0xe401f9ef04096bb895cd71b538b2bb8573ddc50a7ac5a7f4d6583980ee12de20,0x283132390ea87d6ecc20255b59ba94329ee17961,0x604e586f17ce106b64185a7a0d2c1da5bace711e,2026-08-03T23:44:07,large_erc20_asset_flow;complex_trace,0x22bee494,true
25675344,0xf92c9f2935f4c51ed77592ebcfdd148e4fe4fa56a6f46e768a23ce6322429162,0x05917c2b4811e78deaa4f68f3900242acfb9beab,0x9a74442ad2d0c8c2ca035a6f9b6122a085e72f0f,2026-08-03T23:44:07,complex_trace;high_gas_used_context;token_activity_burst,0x6234d42b,false
25675345,0x74890fdb571d2b86ee69e8809bab8a3a5d90547913de9d203b8f1868581ca4ec,0x7830c87c02e56aff27fa8ab1241711331fa86f43,0xa9d1e08c7793af67e9d92fe308d5697fb81d3e43,2026-08-03T23:44:23,dense_internal_fund_flow,0x1a1da075,true
25675345,0x19327859137d4121946bea81e9bd52d2e66fbc7691722f69e8d14ea4ace0275a,0x4337013ef5cd421cef649fc58c1b0defd37bbeb1,0x0000000071727de22e5e9d8baf0edac6f37da032,2026-08-03T23:44:24,large_erc20_asset_flow,0x765e827f,true
25675345,0x36398e5a619813d35ae00fa94096c617647bcd6831ca0a9e26073da46a6a7a4f,0x7c5b3c87c0d09a2cf08b14dd32eecf370635d9f9,0x59da89baee7c773f991731fca0a8bba58d511c05,2026-08-03T23:44:24,dense_internal_fund_flow,0xfd3ad6d4,true
25675345,0x5cb26efdf31b5e067264645c3fc9c8c01811e524c882f537997f2986c5d04c77,0x7830c87c02e56aff27fa8ab1241711331fa86f43,0xa9d1e08c7793af67e9d92fe308d5697fb81d3e43,2026-08-03T23:44:24,large_erc20_asset_flow;token_activity_burst,0xca350aa6,true
25675345,0xa39e5bc38111f549a18c924aa0a84c9567a41b77debec3f70681f5afe9f6c266,0xcf957ebda5ded10c3e155a9de34d83dc1755207f,0x28b1dc1a5e3699a428bc51d234dfab7c9cb2a183,2026-08-03T23:44:24,complex_trace;high_gas_used_context;token_activity_burst,0x0c307f76,true
25675345,0xc0209b6f891c67029f269598f81c11d28351c9a73a9add0185b25f8cf7325b3c,0x924465cf8cfc56b56539a5c59f2a85bfd64adb93,0x33b41fe18d3a39046ad672f8a0c8c415454f629c,2026-08-03T23:44:24,complex_trace;approval_burst,0x139a2ef0,false
25675345,0x818227998ba0e77fb52a8a50f463bcd6f770877961ff117d9421dd310d0758cc,0x283132390ea87d6ecc20255b59ba94329ee17961,0x604e586f17ce106b64185a7a0d2c1da5bace711e,2026-08-03T23:44:25,large_erc20_asset_flow;complex_trace;high_gas_used_context,0x22bee494,true
25675346,0xf5ac389b655fd4d513b2de15de8cce7e94f226325cbb945960884ec04cdeef6b,0x53a594138e5692de23da68e3b393b5f67e0c5686,0x4313c378cc91ea583c91387b9216e2c03096b27f,2026-08-03T23:44:35,dense_internal_fund_flow,0xeffbec13,true
25675346,0x21728886ef94571ee9487531fce6db4fb6e52764a25d8d9d1bf8d2f032a4f9df,0x1b1ea339ae1825ec995e29a40cb8ce497181db82,0xf4e147db314947fc1275a8cbb6cde48c510cd8cf,2026-08-03T23:44:36,large_erc20_asset_flow;complex_trace,0x0bf5d35e,true
25675346,0x940e96b84c599248c1811dea8053dfe4cb964caa4d72a55d75f77cf957916fe2,0xfe9989cca8ecb2d48dbdddce182629f85564a302,0xb300000b72deaeb607a12d5f54773d1c19c7028d,2026-08-03T23:44:36,complex_trace;approval_burst,0x810c705b,false
25675346,0xcc5f39cee3c4bb53f13f57bfcdc61459cc81cffac8d2174b61ef2f71e7b140bd,0x70e59f9c304e4d5096bd408b571e2dcd99c3120b,0xad3b67bca8935cb510c8d18bd45f0b94f54a968f,2026-08-03T23:44:36,repeated_internal_token_drain;dense_internal_fund_flow;complex_trace;high_gas_used_context;token_activity_burst;approval_burst,0x146ee74d,true
25675347,0x9fe3a8dc7ea116a700f3bac585673b280559e18144a49bcea98c5c85faa251b4,0xc41d490048d0287cc08085db0bb241a560ee5b49,0x0d07033f478f3b585397b854df4a7163cbe8986f,2026-08-03T23:44:44,large_erc20_asset_flow;complex_trace,0xda64f0f7,true
25675347,0x781ebe61576569edb83eb683a7fda54c044d9643e8f04997af1d8814156fb5e5,0xdb8345450b0e4d28514a1c18ee1110c417b5b0a2,0x92b10e02825986bac2375bdacafa3e89e3f612aa,2026-08-03T23:44:46,large_erc20_asset_flow;complex_trace,0x5ff8a71f,true
25675348,0x18e976e3c3e77ece2e0f35497776995ab03d449a6fa14ee314c19a827e8cdcf5,0x54632df3db2f9203caeffe46dd9ae9360b1eb200,0x75d9ef48e30bcb0b658c1d387233fb52ebf9a4fe,2026-08-03T23:44:58,complex_trace;high_gas_used_context,0xf6dbcb18,false
25675348,0x545bdeacea0fb6296943da9553064f8c7d7bf036080daab5d530997efd6dd97a,0xab3a05f984f27afd63d90c4ca92399cd70fac027,0x00b19a5200a100e5fc4c9800772f4d002f218400,2026-08-03T23:44:58,privileged_execution_context,0x7e734c5a,false
25675348,0x75f0900ddd21f62a7ca6969362b98fe5dd5b8288608839072ac5c32e53a28436,0x0d9ef6bcb3ca6ed39e6de53014115b9828313ae6,,2026-08-03T23:44:58,privileged_execution_context;contract_creation_context,0x60a06040,false
25675348,0xd5a1e8bcde8c0ec24fa0c61525046f1dee4e0feb948401e0143d12b0cd8b2220,0xc6acbee42e9e323140c1ed060c2f6ea9cc3b4b75,0x7c5a71c9fefbc7691f9d4ac7baf70c743792f716,2026-08-03T23:44:58,selfdestruct_context,0xf3fef3a3,false
25675348,0x218b075d8728221b79a022c3649f9050d33b2c343caaab0caf90258f374ef6fe,0xa31922c36f63e823d45d723364c53985f814a032,0x0d07033f478f3b585397b854df4a7163cbe8986f,2026-08-03T23:44:59,complex_trace;high_gas_used_context;token_activity_burst,0xc1041818,false
25675348,0xeecf29410a104af8d502803b76de3a2cc15a1a9a5908c3cd8037c9c77c0b6c7a,0xa154b98e53fc35e1bad1ff758acbc8c629bdcd2b,0x19917386eeae67b6ff7ddf07de4019fca40aa4ec,2026-08-03T23:44:59,repeated_internal_token_drain;dense_internal_fund_flow;complex_trace;high_gas_used_context;token_activity_burst;repeated_risky_internal_calls,0xa9059cbb,true
