block_num,tx_hash,from,to,detect_time,attack_signals,selector,has_asset_impact
25689435,0x938520c54e5356df90aebd2514996dac8f448834626f830b8ed2ef08caf2c952,0xc1161bcdee474791d22f36271c674d653e9cf385,0x881d40237659c251811cec9c364ef91dc08d300c,2026-08-05T23:00:15,large_erc20_asset_flow;complex_trace,0x5f575529,true
25689435,0xfba2798399255cf3400d89f1d13d4f91e83e7df1f9099c8213a38748e745fb81,0x69557f6c1c5ff243f7df11f0fb6ca2d7e5ca7f7e,0x888888888889758f76e7103c6cbf23abbf58f946,2026-08-05T23:00:15,dense_internal_fund_flow;complex_trace,0xa373cf1a,true
25689435,0x02c932eb2432527c1bcfd843c938cc10cd2939c3859ee5a542b29b9e4cad07da,0x5feedece88ae69749dda1f93765b2f9246caca70,0x9e9110cfd24cd851ea5bc73a27975b33e308f9e1,2026-08-05T23:00:16,large_erc20_asset_flow,0xeb7499cf,true
25689435,0xbf9a3020d110458a8aa4d7d091910cc08b17c8f89f679631fcc6bad564ead26c,0x2a42a2a6477854b8d9d980090291edfc92b25be4,0x6131b5fae19ea4f9d964eac0408e4408b66337b5,2026-08-05T23:00:16,dense_internal_fund_flow;very_complex_trace;high_gas_used_context;token_activity_burst,0xe21fd0e9,true
25689435,0xe79c0194a2e4f8f76590431f7aeed4dd0669e6c6b27bbdcf873b6e7962524ad4,0x3932456ba61961b2c55eba355041727f8c448054,0x405f3a0cf62ff3fee42c49d4f6d8bb397d04da33,2026-08-05T23:00:16,large_erc20_asset_flow;complex_trace,0x09e0e753,true
25689435,0xeb27febe82ded8dfdad4ae898c42116f8fc5fe1bc73ac9a54982872ef665a8d9,0xd6434d157f254276d69ede3bd9fc805482206908,0x7ec8a30a34b86927dc77b302603d1d53e640bef7,2026-08-05T23:00:17,repeated_internal_token_drain;dense_internal_fund_flow;complex_trace;high_gas_used_context;token_activity_burst;repeated_risky_internal_calls,0xa9059cbb,true
25689435,0x1917f6d2f3c0ca1701d02cede666ff6a8866ac42126e45892791b43ea04b37f6,0xf7bac63fc7ceacf0589f25454ecf5c2ce904997c,0xca11bde05977b3631167028862be2a173976ca11,2026-08-05T23:00:18,large_erc20_asset_flow;complex_trace;high_gas_used_context;token_activity_burst,0x252dba42,true
25689436,0x14b55029ecc47d3b6cc82597fa92ff8aac6141cbc96274768bf0c5a82b294ca1,0x7830c87c02e56aff27fa8ab1241711331fa86f43,0xa9d1e08c7793af67e9d92fe308d5697fb81d3e43,2026-08-05T23:00:22,dense_internal_fund_flow,0x1a1da075,true
25689436,0x4b9b98ab5e6e77866f7c6dc99ff3111c883e0e04a25dca0e29e376c1810baf38,0x9a8a3c602846911c51362cce3d0138c8b294fbd0,0x00000000075d9aed2e32de0aec3d7fe316514e79,2026-08-05T23:00:23,complex_trace;high_gas_used_context;token_activity_burst,0x00000002,false
25689437,0x35d223ea97d1b1441f20bb952634792147d7329b8b63c9f6b71dcf994713967e,0x5b43453fce04b92e190f391a83136bfbecedefd1,0xbdb3ba9ffe392549e1f8658dd2630c141fdf47b6,2026-08-05T23:00:30,dense_internal_fund_flow;complex_trace;high_gas_used_context;token_activity_burst,0x000000c3,true
25689437,0x684bcef2f557844b1a090c1ce10bb2406fb9b575cb401779020eaafe985265f3,0x3cfdc212769c890907bce93d3d8c2c53de6a7a89,0x0000000071727de22e5e9d8baf0edac6f37da032,2026-08-05T23:00:32,privileged_execution_context;complex_trace,0x765e827f,false
25689437,0x78459ea554455773b3fccb3083f0af617ad453127fa4a1b1cc7a2bdece1a5222,0xe20446cccbfd5f9038e747f1dea8016ecbd94ae5,0x442be06bb5d13711a22ccd3fa382b72a874c5135,2026-08-05T23:00:32,large_erc20_asset_flow;complex_trace,0xf7b5c341,true
25689437,0x880e08476f5a767efb056a86cb548223cf6e2290c85e8750138e5dce7134a4cd,0x43370371e0bb085d04d02a815230aaf67b35ef25,0x5ff137d4b0fdcd49dca30c7cf57e578a026d2789,2026-08-05T23:00:32,privileged_execution_context;complex_trace,0x1fad948c,false
25689437,0xe37dc589b26954bcff18f0562f80bb44d4398e7afe6e8577e42c41c9c0234d2c,0x59aab1bd0d26290274398c07b55955c15425e16b,0x00fe78205f5f0e63b8ad2b2ae5337f538a610e04,2026-08-05T23:00:32,repeated_internal_token_drain;dense_internal_fund_flow;complex_trace;high_gas_used_context;token_activity_burst;repeated_risky_internal_calls,0x34fcd5be,true
25689438,0x17ef66e8a5e34ee21c14231fc7b8b752ec049143e9e086a5386ec0c8762fd77f,0xbee82923a152d4044a045110adca4db95b050009,0xbee3211ab312a8d065c4fef0247448e17a8da000,2026-08-05T23:00:39,large_erc20_asset_flow;complex_trace;high_gas_used_context,0x4cf3fe9c,true
25689438,0xd47b49c4e7b03bba502f359f23b245e55f26aba327fcd72cba9c357362dabfb9,0xb1ca4a18aff443656f407fa8be3533ff27dde911,0x9da8b48441583a2b93e2ef8213aad0ec0b392c69,2026-08-05T23:00:39,complex_trace;high_gas_used_context,0xe7c438c9,false
25689438,0xdfb599a6b31503977f87f96684ec2630fa457392a7368b3ca5a7c01d6c374e89,0xce269e6ce7e1ba8bd5c1b11c3933c3ebe95742d9,0xcb0151ac9479a6a0261622baa63ae843c9793d45,2026-08-05T23:00:39,large_erc20_asset_flow;complex_trace,0x64cd187f,true
25689438,0xfb898b8704912f914a8d67d4ad6bf693e3196aa2c497973ccd2f635e711b7f35,0x3227da63bcc2d057fde3eafebb07de7b8a66a9c5,0x28b1dc1a5e3699a428bc51d234dfab7c9cb2a183,2026-08-05T23:00:39,dense_internal_fund_flow,0x0c307f76,true
25689438,0x0f00993ec830f7b6a1d63002da37084fc1ed0e50635a0304a37dcba5e7f85afc,0xc6acbee42e9e323140c1ed060c2f6ea9cc3b4b75,0x7c5a71c9fefbc7691f9d4ac7baf70c743792f716,2026-08-05T23:00:40,selfdestruct_context,0xf3fef3a3,true
25689438,0x9cb5154b295a552d971b403b57cd24f181a69c8bfe54e4f3f2e7320b4473408c,0x59aab1bd0d26290274398c07b55955c15425e16b,0x00fe78205f5f0e63b8ad2b2ae5337f538a610e04,2026-08-05T23:00:40,complex_trace;high_gas_used_context,0x34fcd5be,false
25689438,0xbc20c3da05f1a8a501d938a2cf24d728da76e863661dc6f82d6339e2d53103a8,0x14d0a6bf9e7e162226f2563ea787809217a79033,0x8090a9db6aca56ffa186c75ca0787b18af1058a0,2026-08-05T23:00:40,privileged_execution_context;complex_trace,0xd85064c2,false
25689440,0x2d3a22a30a2c2560c0451c294f2f0ca19794e322c6e7f648e60ff27e89d91f22,0x1584a8ee67789d1fe161065388657ad2f2a3c7dd,0x77eb52e44db06777bce478159f25c0d55a295314,2026-08-05T23:00:53,repeated_internal_token_drain;dense_internal_fund_flow;complex_trace;token_activity_burst;repeated_risky_internal_calls,0xa9059cbb,true
25689440,0x30493fdaddb08ca1f4fb13d8a9fd17477f8ddb66d7e5d2fccaae2867ed734b9e,0xde5ce22a56ed76bf7054121500b23a718399feb7,0x43de2d77bf8027e25dbd179b491e8d64f38398aa,2026-08-05T23:00:53,large_erc20_asset_flow;complex_trace,0xc280c905,true
25689440,0x32ac93e760b33ccd4fc11574c80dc7a3eae0ec212841bd3dea21d86874108921,0xfc9928f6590d853752824b0b403a6ae36785e535,0xe2536231fc1512babc8c856ad7499830a936bdd9,2026-08-05T23:00:53,complex_trace;high_gas_used_context;token_activity_burst,0x03fb13d5,false
25689440,0x404b910dc6ccaf81c48d9e6998fb56e1c73accf512572ffd3548373d69572767,0xb19e4e2ce4fe5740c52cfc7e30317d8797dcd59c,0x97a01dff88641a8b850d51f8fe1e752ff0da67b4,2026-08-05T23:00:53,large_erc20_asset_flow;complex_trace,0x601881f3,true
25689440,0xab32325b44c36e75995fcdcca3db4ac59b341b5cb4b673d71fe685fc64704661,0x161643f280b09be8e0271eef8efc6c264d125003,0x44d634202014285775197a914be8b4fd7895d32f,2026-08-05T23:00:53,dense_internal_fund_flow;token_activity_burst,0xa9059cbb,true
25689440,0xc2995b29db0378cfc8bb26fc013593a955065516ed2dcffc4df94edcabce40c3,0xc6acbee42e9e323140c1ed060c2f6ea9cc3b4b75,0x7c5a71c9fefbc7691f9d4ac7baf70c743792f716,2026-08-05T23:00:53,selfdestruct_context,0xf3fef3a3,false
25689441,0x95d2458531d33cfc2a0d83c64c2e12cef29f4891d93609161cbfe3669f586d7d,0x7830c87c02e56aff27fa8ab1241711331fa86f43,0xa9d1e08c7793af67e9d92fe308d5697fb81d3e43,2026-08-05T23:01:07,large_erc20_asset_flow;token_activity_burst,0xca350aa6,true
25689441,0x0584d2e201e01d3f6f9c23e361609acf3b2402a6239fde6b3a299dbc0f14ed98,0x617ccb6d070f08953c2fc481fb19674162e672f1,0x91ff8bbd8ebb07893010d50a48a1609e5ebd8e34,2026-08-05T23:01:09,complex_trace;high_gas_used_context,0x069d1525,false
25689441,0xc5622e438e94e26fc9e4eebc62499007d9f68faea9942afec25afff37ad6bf8d,0x9a8a3c602846911c51362cce3d0138c8b294fbd0,0x00000000075d9aed2e32de0aec3d7fe316514e79,2026-08-05T23:01:09,dense_internal_fund_flow;complex_trace;high_gas_used_context;token_activity_burst,0x00000002,true
25689441,0x131008f3d3326c20bacc959b3ef26cca658f2485b384b9983889f2a170f553b9,0x3cfdc212769c890907bce93d3d8c2c53de6a7a89,0x0000000071727de22e5e9d8baf0edac6f37da032,2026-08-05T23:01:40,privileged_execution_context;complex_trace,0x765e827f,false
25689441,0xe2a92013b4434e3bf1ab2c2ce0f99ad7e2b33a4a5b55e61b53e896d5109b8d3e,0x754dcfb2861547015b221e963b4133a71dbdc024,0x337685fdab40d39bd02028545a4ffa7d287cc3e2,2026-08-05T23:01:40,large_erc20_asset_flow,0xe4269fc4,true
25689441,0xfdc543e6072b14c4f425fd8a40076ba1fc047b09b0575ea62d7955d50a3f2812,0x02ba3f9a5c9a8e957e4ac234c848af3b9521f65c,0x950fd558f47e234a2fde23b7d61f7ccdbcb4a86f,2026-08-05T23:01:40,large_erc20_asset_flow;complex_trace,0xdd225095,true
25689442,0x904a86c08c9a05187684d822606f2e8e4d7ec9e48168a6e54d34e92dc6464ff1,0x0e0052a184fd59c6b7e1e99d739802ecb3aec0e4,0xd82461784eb72d4b67cbab077989eb215315e272,2026-08-05T23:01:50,complex_trace;approval_burst,0x805f7b65,false
25689442,0x94ca1a51629cf5d37b77d51c2ef576d250d9a93f5230e19d416028c4c040dcc9,0xc6acbee42e9e323140c1ed060c2f6ea9cc3b4b75,0x7c5a71c9fefbc7691f9d4ac7baf70c743792f716,2026-08-05T23:01:50,selfdestruct_context,0xf3fef3a3,false
25689442,0x29014f431d7d9e22db0fba79348e7a4a236c97182a7e435c837937399880760a,0x754dcfb2861547015b221e963b4133a71dbdc024,0x337685fdab40d39bd02028545a4ffa7d287cc3e2,2026-08-05T23:01:51,large_erc20_asset_flow,0xe4269fc4,true
25689442,0x3cc2659bac9de64116170628d037438161581b8a2b9f6b74346885747b517c35,0x46bc61a0f45c1d2041e3e3369135b499a6019f97,0x28b1dc1a5e3699a428bc51d234dfab7c9cb2a183,2026-08-05T23:01:51,complex_trace;high_gas_used_context,0x0c307f76,false
25689442,0xaa99582b5a32585c76846342c4759c13c79a48fb4b674dca31a925f4e45812fe,0x2b3fed49557bd88f78b898684f82fbb355305dbb,0x09c30cdcdd971423cb3ba757a47d56c35d06d818,2026-08-05T23:01:51,dense_internal_fund_flow,0x318adb8b,true
25689443,0x71deb0f0609b16cbffec477f350e081fb4ffbeac613dcb450b1c5d7f5d5188ee,0x1bfd997d7d8cad60e8e9a3d1dfb078f676d5a95a,0x2621b38e2b764ede29afa54db0df598068cd410c,2026-08-05T23:01:58,dense_internal_fund_flow;complex_trace,0x0ab35bb0,true
25689443,0x640b58f42752751015523a2e1ab7ede21b676e14286b1e66ecf1accb81b9d56e,0x4a2a8e3cb5445c5a0fefe5b15ca422b29dca63de,0x7a250d5630b4cf539739df2c5dacb4c659f2488d,2026-08-05T23:01:59,dense_internal_fund_flow,0xf305d719,true
25689443,0x240d6c48b89ec82b13c13d6bb1ce2aecfa6d86e1abd7f5aab0769a3096a42fae,0x631f82fb2a62496d28780a821f47786b05e2278a,0x268392606b809ba5be65a321ae9b98056194fd03,2026-08-05T23:02:00,very_complex_trace;high_gas_used_context,0x3f09591d,false
25689443,0x437d8e8af65b4dc7fc21374ba72279a43522f43cd2edba394b255504354d49ae,0xbad000006db10503589262b55d09bb7b3c5e1472,0xbbbbb048b1a85ca221058c45525095b6a68bbbbb,2026-08-05T23:02:00,complex_trace;high_gas_used_context;token_activity_burst,0xa9059cbb,false
25689443,0xb26b2bbf42446e995ec2d8319dc8ccd79c137b00b58e9a9111cfd42d782f2312,0xb66f376f3699c8e87c115de85575be49ae29a20c,0x0000000000001ff3684f28c67538d4d072c22734,2026-08-05T23:02:00,large_erc20_profit_to_sender;large_erc20_asset_flow;complex_trace;high_gas_used_context;token_activity_burst,0x2213bc0b,true
25689443,0xd7915639e79d8dad62578d9505d3be601521ac3a09623a8ac3aac886acc4feb0,0x098c8bec309bf23aa30343d74e64e8a59ce1cca7,0x008ebccae39d001200c3003c3225ce0a00690066,2026-08-05T23:02:00,privileged_execution_context,0x7e734c5a,false
25689443,0x418cbf053b5005c9d723b70953f401753beeb683ef4f0e5c8cc58d1858839ab9,0x59aab1bd0d26290274398c07b55955c15425e16b,0x00fe78205f5f0e63b8ad2b2ae5337f538a610e04,2026-08-05T23:02:01,complex_trace;high_gas_used_context,0x34fcd5be,false
25689443,0xacde07066bfedbf777dbb850b2e7ceeb34b3731c4463593d21013a621d22da55,0x80d04079ffc53eb14edbeeb37279d126f45552df,0x8a7e5c307ddaa8cc47737a96b7c2b496cce7e339,2026-08-05T23:02:01,repeated_internal_token_drain;dense_internal_fund_flow;complex_trace;high_gas_used_context;token_activity_burst;repeated_risky_internal_calls,0x8aaa8f3b,true
25689443,0xd04d1898349462d86b29078a331de39f4c77c04827f163a9d84ee1860ebfef18,0x09cfee647fa339133380191c8db6b44f24500c9d,0x77b85afbcd336993ac1c65057531c5a5b33b76b8,2026-08-05T23:02:01,high_gas_used_context;token_activity_burst,0xa9059cbb,false
25689444,0x20b5a17c29929067ef66c05bc52418b4c699a3bfc354b8eacf09a71987699358,0x5d4ccbc9b8e4a9b779b51ad966beeb7bc8862d1a,,2026-08-05T23:02:08,large_mint_to_sender;privileged_execution_context;high_gas_used_context;contract_creation_context,0x61018060,true
25689444,0x30b2602ba6698e8ce9a7e3cdd791a5a10645219dff02b022579e74fd1df8c5ad,0xae2fc483527b8ef99eb5d9b44875f005ba1fae13,0x1f2f10d1c40777ae1da742455c65828ff36df387,2026-08-05T23:02:08,large_erc20_asset_flow;complex_trace,0x2ba63416,true
25689444,0x11281202975a655ff55ebb3c61654b39b7b5c4c837f929b998e8d09a3f60c4c7,0x9abe1355078b45b7e7f42e3f3e40df246139bc7d,0x6131b5fae19ea4f9d964eac0408e4408b66337b5,2026-08-05T23:02:10,dense_internal_fund_flow;complex_trace,0xe21fd0e9,true
25689444,0x2e7a42ac4f46d5fc66172b8ca6349487a56d0538460fadea5fa730427581de57,0xa909965786484e9e958257e895782ea3200fa0ab,0x2b1ad77a50cc32359fc4504956ee17dabed1abb7,2026-08-05T23:02:10,large_erc20_asset_flow;complex_trace,0x6a761202,true
25689444,0x3a8529fb90dc2289e1a9fb4a992a372427d6ac1ceef05747058deac4fcb6572f,0xb08b2c3099193bcf05f742ccb7f206635fe243b3,0x91ff8bbd8ebb07893010d50a48a1609e5ebd8e34,2026-08-05T23:02:10,complex_trace;high_gas_used_context,0x069d1525,false
25689444,0x494771555d5b266ac794f6052280cd64e09bce6933290e003a9ff326689906b5,0x48016a2ee65758ea0adf560ba35ac18c827610e5,0x91ff8bbd8ebb07893010d50a48a1609e5ebd8e34,2026-08-05T23:02:10,complex_trace;high_gas_used_context,0x069d1525,false
25689444,0x6cb0d27b2e422f48717e1c3f0a80e0e6e5cb9d877d7b4a74f3ce4bab8b7cbdd1,0x547090eb068220b3da1f7b611ef21723caa4121e,0x6a000f20005980200259b80c5102003040001068,2026-08-05T23:02:10,large_erc20_profit_to_sender;large_erc20_asset_flow,0x1a01c532,true
25689444,0xab2982a72ea24a6d980daee30cda43d677c6bb31d928772743a44dd8331ef048,0xc5175318e50ee896ea57e1c3b32817de0b9c2de9,0xccc88a9d1b4ed6b0eaba998850414b24f1c315be,2026-08-05T23:02:10,dense_internal_fund_flow;complex_trace,0xf9e4bab4,true
25689444,0x566ff596f22d8495f0f931d472d5b2bd646d46ff4f7455719444d9c7d7466006,0x6d1ff977357b215cd1739660d49e794a676c3e03,0x4b47d7291664beb43e03588e2698e10ba2cd21b3,2026-08-05T23:02:11,large_erc20_asset_flow;complex_trace,0x9eb723c7,true
25689444,0x9a621a4dbcd4f4dfd7d2f2dd52b2146213f25cd4b17af855f369de9d8acf585b,0xde992badd92adaf9146255e9bde6a70770973664,0x3d0f22bf11636cc9cb129e2b261eed35a487455c,2026-08-05T23:02:11,complex_trace;high_gas_used_context,0xa9059cbb,false
25689444,0xf7314bc87f4011c3dd97422efe63a9aca786bb3b8dbd83ddc0a7643e8e276d2e,0xd13674ef90c4ef8da43f3fe90aba61a2aa43c1f6,0x91ff8bbd8ebb07893010d50a48a1609e5ebd8e34,2026-08-05T23:02:11,complex_trace;high_gas_used_context,0x069d1525,false
25689445,0x3e9b0d07a123ce8332cdf20caf9950017e8163bab197366a6f2124083cea0ae9,0x59aab1bd0d26290274398c07b55955c15425e16b,0x00fe78205f5f0e63b8ad2b2ae5337f538a610e04,2026-08-05T23:02:18,complex_trace;high_gas_used_context,0x34fcd5be,false
25689445,0xb46e236567393c332c2df8b3f4a5d1f5effbead1d5b29a1eeae4c33079038e0c,0xde992badd92adaf9146255e9bde6a70770973664,0x3d0f22bf11636cc9cb129e2b261eed35a487455c,2026-08-05T23:02:18,complex_trace;high_gas_used_context,0xa9059cbb,false
25689446,0x5bc2b089d2ae2eca0f1a41db062b667cac9619f80e1e3e1a331ec6fb905ce115,0x5b43453fce04b92e190f391a83136bfbecedefd1,0xbdb3ba9ffe392549e1f8658dd2630c141fdf47b6,2026-08-05T23:02:35,dense_internal_fund_flow;complex_trace,0x000000c3,true
25689446,0x5aedb496c8fcdf41d49f5241acc21d796cf60172ec307d79acc6d673f734166e,0xf70da97812cb96acdf810712aa562db8dfa3dbef,0xccc88a9d1b4ed6b0eaba998850414b24f1c315be,2026-08-05T23:02:36,large_erc20_profit_to_sender;large_erc20_asset_flow;complex_trace,0x0a2b8f36,true
25689446,0x2b5447788c7971c5633b7340c85c6a5a4194969b5285fa4977a7d3b0bd3cf271,0xc6acbee42e9e323140c1ed060c2f6ea9cc3b4b75,0x7c5a71c9fefbc7691f9d4ac7baf70c743792f716,2026-08-05T23:02:37,selfdestruct_context,0xf3fef3a3,false
25689446,0xa7bde671e432bf1770ef89fe31eadba493b9dc2d7423f84cab4efa56051160d0,0xa77ce92a601d504a6d64af843eb5a3994616969c,0x28b1dc1a5e3699a428bc51d234dfab7c9cb2a183,2026-08-05T23:02:37,complex_trace;high_gas_used_context,0x0c307f76,false
25689446,0xec0d91b0d7ba2d3d26df44f6b263b01deb7f5f63f9bd06d89ea34dce5f4eb134,0xd411d428a63cf4c7029bc53f0e0f56c4933fdbb7,0x6131b5fae19ea4f9d964eac0408e4408b66337b5,2026-08-05T23:02:37,large_erc20_asset_flow;complex_trace,0xe21fd0e9,true
25689446,0x81c79dc201c785f11f4594799e9f1939f074c0a463c3da0706d5a23ff51cf60a,0x50bf934781f63028c5c8ef49c4affe19a86d99b6,0x8d04cc7e86e687854eb41d9d43512b655b93184b,2026-08-05T23:02:39,complex_trace;selfdestruct_context,0x4a1bf18a,false
25689446,0xe627ff73038e4d9491fc4cd8ec02aed29d6cc6e465310ecb0c9e88014e7e5019,0x4337013ef5cd421cef649fc58c1b0defd37bbeb1,0x4337084d9e255ff0702461cf8895ce9e3b5ff108,2026-08-05T23:02:39,dense_internal_fund_flow;complex_trace,0x765e827f,true
25689446,0x052820d6c6edc3608ec5ad5278d68abeb6784d33184d8eafef59203262055bbe,0x1584a8ee67789d1fe161065388657ad2f2a3c7dd,0x77eb52e44db06777bce478159f25c0d55a295314,2026-08-05T23:02:40,repeated_internal_token_drain;dense_internal_fund_flow;complex_trace;high_gas_used_context;token_activity_burst;repeated_risky_internal_calls,0xa9059cbb,true
25689446,0x0c23e31f55adaa36f624bf1e084dbbac2ee798e4c53ddb7eab95d4d93b384a50,0x1b1ea339ae1825ec995e29a40cb8ce497181db82,0xf4e147db314947fc1275a8cbb6cde48c510cd8cf,2026-08-05T23:03:10,large_erc20_asset_flow;complex_trace,0x0bf5d35e,true
25689446,0x18a475d60fff9d8e93860e2b4b6d0a163b363e3054350a905110e3f4ac513306,0x59aab1bd0d26290274398c07b55955c15425e16b,0x00fe78205f5f0e63b8ad2b2ae5337f538a610e04,2026-08-05T23:03:10,complex_trace;high_gas_used_context;token_activity_burst,0x34fcd5be,false
25689446,0x67c678d550daebdf7343f1245688ce7b9c16c6437e098a9359d292358112c29e,0x508172d285591fe723366bf03ad3611982949368,0xc36442b4a4522e871399cd717abdd847ab11fe88,2026-08-05T23:03:10,dense_internal_fund_flow,0xac9650d8,true
25689446,0xa75fbec03c233cf9826cd27fd61b7c9b7ea78bac25e7c279c6f990554adc49da,0xcdcb516937f95c18a98dd70458afb64e3c43dc13,0x87d5e4caaf4358a4337c10859c7107c7aef4f8ce,2026-08-05T23:03:10,large_erc20_asset_flow;complex_trace,0xa590bc1e,true
25689446,0xd6f504b2e061dc99673382a380573665276e66c5c227bce54b65c73e146eeb15,0x9ead03f7136fc6b4bdb0780b00a1c14ae5a8b6d0,0x86e4dc95c7fbdbf52e33d563bbdb00823894c287,2026-08-05T23:03:10,complex_trace;high_gas_used_context,0x4e43e495,false
25689447,0xa2fbeaf2cf94bd741e2ce7623340695e46c520460b316b3a8b56881c5804e50c,0xf70da97812cb96acdf810712aa562db8dfa3dbef,0xccc88a9d1b4ed6b0eaba998850414b24f1c315be,2026-08-05T23:03:18,dense_internal_fund_flow,0x0a2b8f36,true
25689447,0x35e02e39d293e30f4a8ade8af50282707287e882240b1b70aa9451e1d84dcc55,0x7830c87c02e56aff27fa8ab1241711331fa86f43,0xa9d1e08c7793af67e9d92fe308d5697fb81d3e43,2026-08-05T23:03:19,large_erc20_asset_flow;token_activity_burst,0xca350aa6,true
25689447,0x3a62065158d2c6ffa0ad62abc1848029409e42b613375891c14bf9c28a1b85ee,0x7830c87c02e56aff27fa8ab1241711331fa86f43,0xa9d1e08c7793af67e9d92fe308d5697fb81d3e43,2026-08-05T23:03:19,dense_internal_fund_flow,0x1a1da075,true
25689447,0x880d288d6c78b488e7db3e6c4770fec15ffec930db82da4318cc28bdab6e2b96,0xa5c7857bf8c8220403caf189066ce5bac4462705,0x91ff8bbd8ebb07893010d50a48a1609e5ebd8e34,2026-08-05T23:03:19,complex_trace;high_gas_used_context,0x069d1525,false
25689447,0x3467f4781e7e708d82773689900a1f1f0496f5142e569496aa464754ea2f94a8,0xe487832018fbd594c84f1db3dfac61cde98a5f36,0x91ff8bbd8ebb07893010d50a48a1609e5ebd8e34,2026-08-05T23:03:21,complex_trace;high_gas_used_context,0x069d1525,false
25689447,0xc93fc01300b7036e9542031a59537619648e356cad31f2c0d99e4d7a742def16,0xe99bd1c2dd70cd58e5efd47887991700e7318ce2,0xad3b67bca8935cb510c8d18bd45f0b94f54a968f,2026-08-05T23:03:21,complex_trace;high_gas_used_context;token_activity_burst;approval_burst,0x146ee74d,false
25689447,0xf05105b43565591bd9e032b8f15e6584cf386139928dbb41e4f90833dd5b2470,0x43370398500dae4ba10669646a1fd1577407f637,0x0000000071727de22e5e9d8baf0edac6f37da032,2026-08-05T23:03:21,large_erc20_asset_flow,0x765e827f,true
25689447,0xfb7264649953e79bb08faffebf97e6e12ea49ab128a4309791c9fe5bc08e2222,0x46565eedb0bb948ae787dd105cce300f736da28e,0x00000000005ad9ce1f5035fd62ca96cef16adaaf,2026-08-05T23:03:21,privileged_execution_context;complex_trace,0x8f5c3522,false
25689447,0x0289b36dd439b09bed5c7361879fed601f3ec1dc251ed3c6bc94caabf6b98d67,0x35f74aab2bb462fd59bc27adecf526af5e646f1e,0xf4e147db314947fc1275a8cbb6cde48c510cd8cf,2026-08-05T23:03:22,privileged_execution_context,0x760d0f9d,false
25689448,0xb9237587c238c0563ac5a5d288a73110bcc0c49568e020960174e455d3646fad,0xe487832018fbd594c84f1db3dfac61cde98a5f36,0x91ff8bbd8ebb07893010d50a48a1609e5ebd8e34,2026-08-05T23:03:39,complex_trace;high_gas_used_context,0x069d1525,false
25689448,0xc741ce542682f99e188f7f9bf8010c0f346b9392628e30eff956b8e6ddadc570,0xa765a629f11f538f6d67e3fdf799baed1506017d,0x6131b5fae19ea4f9d964eac0408e4408b66337b5,2026-08-05T23:03:39,large_erc20_asset_flow;complex_trace,0xe21fd0e9,true
25689448,0xf0248184f82abfb3dc2e774159621caf9d25fddc69ee5004e6dbee9267df2b5c,0x59aab1bd0d26290274398c07b55955c15425e16b,0x00fe78205f5f0e63b8ad2b2ae5337f538a610e04,2026-08-05T23:03:39,complex_trace;high_gas_used_context,0x34fcd5be,false
25689449,0x52b71199599ceb1c5491669ac29579f92dba4e4cc1872d3c47997e49db78f418,0x3763c9776a6c2c876488aa401af9761a0639223b,0x9ee9e98ea4fa66918b8a570adbe4607b9e53313d,2026-08-05T23:03:43,large_erc20_asset_flow;complex_trace;high_gas_used_context;token_activity_burst;approval_burst,0x601881f3,true
25689449,0x73c085c39d769b01957d53e86111dd7964504c67c95045707f636b2ce9a249b2,0x331d9a049d496385998067abf6cbb6371c8d2466,0xca11bde05977b3631167028862be2a173976ca11,2026-08-05T23:03:43,large_erc20_asset_flow,0x174dea71,true
25689449,0x1e750af145a1ffb05e7c70137f101852fe52f0f08dc9e2fdec5b123b5cecad7f,0xfd0b94905d0d9cbc7f5ddb4bab9f81b22619407e,0xd01607c3c5ecaba394d8be377a08590149325722,2026-08-05T23:03:44,dense_internal_fund_flow;complex_trace,0xe74f7b85,true
25689450,0xe5e7c009d9cb37bf1eba46a3b1156581f1abfc79b5fce2a37364aa3dcc659dd0,0x90b082dd8a5fbd98f60760e950024f5e8107f8d0,0x93c30e6e09f698cfea99b09b5166ed90cfaedd17,2026-08-05T23:03:51,large_erc20_asset_flow,0x0fe20a3f,true
25689450,0x812ba8d591a1a1a34cc1f50112c81355021822681a73e3bc7fd3af8df6b3cf06,0x6018336d49d78d3e7178e3703a68466d1d6e1d8b,0xa8c1c98aaf99a5dfc907d61b892b2ad624901185,2026-08-05T23:03:52,large_erc20_asset_flow,0x90998dd3,true
25689451,0xca055b8abefa77e5d2fc2a0e0168328719ed3ede3a35f88c2b81241b260d3168,0x39a50a0fa7e1465e7c0381a4191f8e2dbc6638a5,0x93c30e6e09f698cfea99b09b5166ed90cfaedd17,2026-08-05T23:04:02,large_erc20_asset_flow,0x0fe20a3f,true
25689451,0x17041ace72c2a660c8e236ad59d64e98f4fc29587ad570b0d6fd68c847cfe1ce,0xf279dfcdd57e1571c95e2c5b7e2ee453cbcdf77f,0x5ff137d4b0fdcd49dca30c7cf57e578a026d2789,2026-08-05T23:04:03,complex_trace;high_gas_used_context,0x1fad948c,false
25689451,0x22817c4ade021d232a9f2e79477450490cdd085fdb1156db3dae9b779ca8c4f1,0x29c8e4afaa7a22da3cc803846c8c24e77e808cb3,0xf527da9662f36244197f8f4cf16bf5c0d9d25d27,2026-08-05T23:04:03,large_erc20_asset_flow;privileged_execution_context;complex_trace,0xc6fe8747,true
25689451,0x51a70384a57685a0c57b58469ec8282f630955238ee6e50638c81ceff3c13712,0x7830c87c02e56aff27fa8ab1241711331fa86f43,0xa9d1e08c7793af67e9d92fe308d5697fb81d3e43,2026-08-05T23:04:03,large_erc20_asset_flow,0xca350aa6,true
25689451,0xb97948f9d60850e1f9dbf7a16dd6074036d61bf6956dc2e1d5bf4dcc7d94456d,0x7830c87c02e56aff27fa8ab1241711331fa86f43,0xa9d1e08c7793af67e9d92fe308d5697fb81d3e43,2026-08-05T23:04:03,dense_internal_fund_flow,0x1a1da075,true
25689451,0xd38579675ed439cdaae23c1d57b88f67d87c7442bf00a669a7df593fb0ee40a3,0x480a15f9fdb1757d1db6cedc620772553f496637,0xd226997439ecfbeff8e110c8c78c8a7eefd19f89,2026-08-05T23:04:03,large_erc20_asset_flow;complex_trace,0x99999999,true
25689451,0x0738e19ad20327e86137a1553db5a443471061b16a3f4e0083205cac71b28c2e,0xc6acbee42e9e323140c1ed060c2f6ea9cc3b4b75,0x7c5a71c9fefbc7691f9d4ac7baf70c743792f716,2026-08-05T23:04:05,selfdestruct_context,0xf3fef3a3,false
25689451,0xb38c310df35896a85a04a7a78f7a10d82f2ed6e39c9b1953ef7729cb5e63b46a,0x4337016838785634c63fce393bfc6222564436c4,0x0000000071727de22e5e9d8baf0edac6f37da032,2026-08-05T23:04:05,privileged_execution_context;complex_trace,0x765e827f,false
25689451,0xddac9058b13631fc41e357d3a6801c93c9c088bfa2d801e158ba5c2fb0adeb5f,0x43370368dccceb147c89d1d78f14589225220290,0x0000000071727de22e5e9d8baf0edac6f37da032,2026-08-05T23:04:05,large_erc20_asset_flow,0x765e827f,true
25689451,0xf6b233e75a60a67a063fcbed1c9538b71611e51c63bb4c06ad47335d4e5aa0a4,0x1fcc47ee0f19ca0f07f8b987f0ad32ac204c03a7,0x24ed27b2bc7848b88570f32066a5f5b9a37b07fa,2026-08-05T23:04:05,large_erc20_asset_flow;complex_trace,0x70a10c89,true
25689451,0x825d4bba3822b6fb6d60dbeb009b10d412f7d636417d2d819e0934ed5f653989,0x00d9fe085d99b33ab2aae8063180c63e23bf2e69,0x75884f3ada15c953529abaac6549d5204135ec36,2026-08-05T23:04:06,high_gas_used_context;token_activity_burst,0xa9059cbb,false
25689451,0xa7c45eae651a215b79dc8153fdc9e90346b10d5473a7d70c0be68742ae73b222,0x1584a8ee67789d1fe161065388657ad2f2a3c7dd,0x77eb52e44db06777bce478159f25c0d55a295314,2026-08-05T23:04:06,repeated_internal_token_drain;dense_internal_fund_flow;complex_trace;high_gas_used_context;token_activity_burst;repeated_risky_internal_calls,0xa9059cbb,true
25689451,0x78245c3dc520a229b5a0f616419c060c0d13cc343921d19597e368daee084758,0x59aab1bd0d26290274398c07b55955c15425e16b,0x00fe78205f5f0e63b8ad2b2ae5337f538a610e04,2026-08-05T23:04:07,complex_trace;high_gas_used_context,0x34fcd5be,false
25689452,0x0c2534d2f96158ad2dee2ab30c19a002327e3240f5acaa1aaf4203802872e821,0x45c3ee52a012c5dc41216742e55b24198d741501,0x33024d4791413438aa1de6a8b6cb7cceb25459b1,2026-08-05T23:04:15,large_mint_to_sender;complex_trace,0x6e553f65,true
25689452,0x459287c99c4cdf145a8e8ce797176c6fe93229d66fc6265f768c5e99ee18ad87,0x5c096ef846447cb935c5d247e4ab2a867ecc33a9,0x00000f91109c4d0007e90000d9facad5298a0cac,2026-08-05T23:04:15,large_erc20_asset_flow;complex_trace,0x0053be41,true
25689452,0x7c857a78c50c101f0c5636ea165a1b95df359035faf2c812c130235e27fe19b1,0xde992badd92adaf9146255e9bde6a70770973664,0x3d0f22bf11636cc9cb129e2b261eed35a487455c,2026-08-05T23:04:15,complex_trace;high_gas_used_context,0xa9059cbb,false
25689452,0x8760a1f74c2c92b8ba5a08989264e6a6f8f09dfbfab3e7190af05bc368991f7a,0x43370402cbeba6ab53fbc8a52894537024a39269,0x0000000071727de22e5e9d8baf0edac6f37da032,2026-08-05T23:04:15,privileged_execution_context;complex_trace,0x765e827f,false
25689452,0xd655b7de33719cc6689916a811b6d5575146c660e5e3d250c996c49a089cb000,0xe20446cccbfd5f9038e747f1dea8016ecbd94ae5,0x442be06bb5d13711a22ccd3fa382b72a874c5135,2026-08-05T23:04:15,large_erc20_asset_flow;privileged_execution_context;complex_trace,0xf7b5c341,true
25689452,0xe57672a2dd79fba7f496d407a5cfa6b430134e479ff252e72258e07a20630cb8,0x0a5b2bf3ccfb44c1d22f07eed9553ecba752d4ad,0xd90e2f925da726b50c4ed8d0fb90ad053324f31b,2026-08-05T23:04:15,dense_internal_fund_flow;complex_trace,0xb438689f,true
25689452,0xf2871640fd52fbeb53a84903d3a34b51d9cbe271c0711e5ad4c6ba3be3907daf,0x26b5c504ea3be359eea35aa41ba9e1a68b3cc366,0x0000000000001ff3684f28c67538d4d072c22734,2026-08-05T23:04:15,large_erc20_asset_flow;complex_trace,0x2213bc0b,true
25689452,0x3a202efa33849bfedcc4727a20858dfcaccba2fe66b84cf7730c817481774bcc,0x55fa9aac40af97faab697cc74d4da452abf0272c,0x6131b5fae19ea4f9d964eac0408e4408b66337b5,2026-08-05T23:04:16,large_erc20_asset_flow;complex_trace,0xe21fd0e9,true
25689452,0xce80679adbad9013a4ffc6491bebf80ff902ce68a2318ac11def4ad3fc0a3637,0xbad000006db10503589262b55d09bb7b3c5e1472,0xbbbbb048b1a85ca221058c45525095b6a68bbbbb,2026-08-05T23:04:16,complex_trace;high_gas_used_context;token_activity_burst,0xa9059cbb,false
25689453,0x04113a49bafe5db10fbc2d480185361917f127f74215b43837560e73232a0aec,0x3af24b14590917bf0d07b03bf1114cec3b69ae94,0xa0f1c3ad83e07d97b5e7030e177718be175275ea,2026-08-05T23:04:28,large_erc20_asset_flow;complex_trace,0x12aa3caf,true
25689453,0x067ecd5465479692d8fb868ee379218b6f6e8d6dd76723424ab400c4385d6628,0xd411d428a63cf4c7029bc53f0e0f56c4933fdbb7,0xacddac6c77318b615f7f6fb9bb67c6833e9c05f1,2026-08-05T23:04:28,large_erc20_asset_flow;complex_trace,0x571d3dc7,true
25689453,0x19739f4734af6546cb5ce1869745915be6791c0aa1d74d9a3e714ad1587e62a4,0x6e2c8549ecc8615f14351889066a4ef196a688cd,0xa0f1c3ad83e07d97b5e7030e177718be175275ea,2026-08-05T23:04:28,large_erc20_asset_flow;complex_trace,0x12aa3caf,true
25689453,0x211523d5f1e5621950834f136673b1c14933474c0b8be233e156544deaecbf62,0xbec2c8276cbb407b56bc6da77207bdef64142ab5,0x8f5835e9d756c9bd934bce527157a4b0ef3c5cb7,2026-08-05T23:04:28,large_erc20_asset_flow,0x4a7cf362,true
25689453,0x72a7af166287b78bdf3e6338f1b01c7b950822fb42958fe4203511c2b5c7a226,0x2f4e1a92dd8d3a57328c5a87cd6dcdb49ac8be7b,0xa0f1c3ad83e07d97b5e7030e177718be175275ea,2026-08-05T23:04:28,large_erc20_asset_flow;complex_trace,0x12aa3caf,true
25689453,0xcbc4f91f00bfdc5c8b58b6abcd0b485b9c8a0beb9db2368b96696c82ced69b75,0x1b878f3af0a7420ef87899696caad92e63e5c4ae,0xa0f1c3ad83e07d97b5e7030e177718be175275ea,2026-08-05T23:04:28,large_erc20_asset_flow;complex_trace,0x12aa3caf,true
25689453,0x564cd02b8c594345cb072bfb59154bdf23f5748eda304f532c2a9b455bcb733d,0xc6acbee42e9e323140c1ed060c2f6ea9cc3b4b75,0x7c5a71c9fefbc7691f9d4ac7baf70c743792f716,2026-08-05T23:04:30,selfdestruct_context,0xf3fef3a3,false
25689454,0x37a02d6f6a0f65bc548d41cb1607ccfb12837f64b03269f7936d6e84fef7bda3,0xd99ac0681b904991169a4f398b9043781adbe0c3,0x5523985926aa12ba58dc5ad00ddca99678d7227e,2026-08-05T23:04:38,large_erc20_asset_flow;complex_trace,0x84d61c97,true
25689454,0x40e3bce645e331f640f8276c967e80721ac857042b0414899db84a947c217f26,0x2f4e1a92dd8d3a57328c5a87cd6dcdb49ac8be7b,0xa0f1c3ad83e07d97b5e7030e177718be175275ea,2026-08-05T23:04:38,large_erc20_asset_flow;complex_trace,0x12aa3caf,true
25689454,0x5d1882de6480d54ffe59ad9e014a2895ddefe699cc27fb9c624995589616f697,0x64b870e5e1fecd557d4c2cd7896ee7f5a668e5b0,0x00000688768803bbd44095770895ad27ad6b0d95,2026-08-05T23:04:38,large_erc20_asset_flow;complex_trace,0xf497df75,true
25689454,0xa89e70a5b58a4e6a58aa6d35119620d877c25708af32275e753ce8cb8658ee5d,0xe445fb0297f7d1f507df708185946210eb6a9de6,0x06541c3a165f09dffbd1de44ddcf86c0235136a1,2026-08-05T23:04:38,high_gas_used_context;token_activity_burst,0x9c5643e7,false
25689454,0xd89c90d42252700573e57bf7036fe7086f1ff6787131c22296fed61c9fa228de,0x3af24b14590917bf0d07b03bf1114cec3b69ae94,0xa0f1c3ad83e07d97b5e7030e177718be175275ea,2026-08-05T23:04:38,large_erc20_asset_flow;complex_trace,0x12aa3caf,true
25689454,0xf955fbe265e24326ce97b5c37d5d124514955f46b2e510d5ab7aa171558346d5,0x4d16ebd8a910425aa05d52385cf4ec3a05e1be30,0xa0f1c3ad83e07d97b5e7030e177718be175275ea,2026-08-05T23:04:38,large_erc20_asset_flow;complex_trace,0x12aa3caf,true
25689454,0xfbb72d1b569941bcbef9e6815f86c6814afbd99bd87d62fa0a13f5c49d22ab0d,0xbb0611fde3e968d138eb3e9e386d8103c4730001,0xb6f54caed61c318027c022c47b94baf139a99dab,2026-08-05T23:04:39,large_erc20_asset_flow;complex_trace;high_gas_used_context;token_activity_burst,0x02d40187,true
25689454,0x5ab0a05b595ed0aabaec8e8b38de99e6789876cb60befb3116343d07f878794f,0x80d04079ffc53eb14edbeeb37279d126f45552df,0x8a7e5c307ddaa8cc47737a96b7c2b496cce7e339,2026-08-05T23:04:40,repeated_internal_token_drain;dense_internal_fund_flow;complex_trace;token_activity_burst;repeated_risky_internal_calls,0x8aaa8f3b,true
25689454,0x9f09e80d50cd55fa4c621418848de7911fe2971d00f6761b21361c952370f0db,0x1b878f3af0a7420ef87899696caad92e63e5c4ae,0xa0f1c3ad83e07d97b5e7030e177718be175275ea,2026-08-05T23:04:40,large_erc20_asset_flow;complex_trace,0x12aa3caf,true
25689454,0xab28f68c4fb6511012850b21c5bf4fc18e8034bcfe6c5459eee643b897d7290b,0x398018f5539f281ab3adea3a46862b047dbed1b6,0x05aaf3e5ed10289016a38f73dda456d8fa3cce31,2026-08-05T23:04:40,dense_internal_fund_flow,0x0fc55fd1,true
25689455,0x8bd1d6a8283b99d738c97ecf50e7caea89207f9c36f134997dc6096baa291555,0xe1d43eed9cfb348a477fbd7c4970f4469d3bb6dc,0x73851bf6c6e49cc44a1680451a127795c951c3e5,2026-08-05T23:04:48,large_erc20_asset_flow;complex_trace,0x79f2ad6a,true
25689455,0x8d0f6d626a13d0529ee3376cae54ab0d13e7d864b7b8773443ec12c9338f170f,0x70e59f9c304e4d5096bd408b571e2dcd99c3120b,0xad3b67bca8935cb510c8d18bd45f0b94f54a968f,2026-08-05T23:04:48,complex_trace;high_gas_used_context;token_activity_burst;approval_burst,0x146ee74d,false
25689455,0x32b44cd95ff88296b8e60029772a5326d520c4d6521ec50e5dd543e4dea13edd,0xbb0611fde3e968d138eb3e9e386d8103c4730001,0xb6f54caed61c318027c022c47b94baf139a99dab,2026-08-05T23:04:49,large_erc20_asset_flow;complex_trace,0x02d40187,true
25689455,0x6dcd649075ef1e5951c771859d852d982c8626848c011819b2a87e54fe63f3e8,0xa765a629f11f538f6d67e3fdf799baed1506017d,0xb3fa262d0fb521cc93be83d87b322b8a23daf3f0,2026-08-05T23:04:49,large_erc20_asset_flow;complex_trace,0x513e1175,true
25689456,0x957db39682b6b571341894e5637ce4ebd372ebb0c9c5913c8a1f264d8467ccf7,0x883a95fdf8df78e7128fced0e9d931a687ff542f,0x4ebc36dcee3ca916ff4157b51c2a16105a3774b5,2026-08-05T23:04:55,complex_trace;high_gas_used_context,0x1749e1e3,false
25689457,0xc5e28553431a58afcd162d6590bc256721f356be8fcb7ce3c74379ed486e8201,0x0000000000898bb46ca667d3af435d100e33f57e,0x00000000000762339537bd0fd01e44f661bd8f67,2026-08-05T23:05:05,large_erc20_asset_flow;complex_trace,0x00050000,true
25689457,0x47dc13c4bb6984a511f6a5045727457180923670d5dad720bf4420895d6caf9f,0xbb0611fde3e968d138eb3e9e386d8103c4730001,0xb6f54caed61c318027c022c47b94baf139a99dab,2026-08-05T23:05:06,large_erc20_asset_flow;complex_trace,0x02d40187,true
25689457,0x85f332a4f431bf40ca4a750b42ad9fdc25f0632a0339ec57fc10b69e2882c215,0xdda3b51e29f9d6fad865c5dd7070d5f7eb57663e,0x8d8210a0252a706cb5de0c6f8e46b6d3692afc19,2026-08-05T23:05:06,complex_trace;high_gas_used_context,0xffc3a769,false
25689457,0x9679be385fa68fe6574cd88c846d1ad8f479f2fa781e53fd52f58cc625c4afe3,0x1584a8ee67789d1fe161065388657ad2f2a3c7dd,0x77eb52e44db06777bce478159f25c0d55a295314,2026-08-05T23:05:06,repeated_internal_token_drain;dense_internal_fund_flow;complex_trace;token_activity_burst;repeated_risky_internal_calls,0xa9059cbb,true
25689457,0xaacab5955de8b9fd8ad7bb5eb81eea16d56edf84473a0f23c5035d52a0aef1b3,0xb23360ccdd9ed1b15d45e5d3824bb409c8d7c460,0x09c30cdcdd971423cb3ba757a47d56c35d06d818,2026-08-05T23:05:06,dense_internal_fund_flow,0x318adb8b,true
25689457,0xd7e0e7db3b16f9617c0048d7f86e0426b2616bf84481e351c6715a61e4b212cc,0x5e6e835ec4e69fdaf9cad50cedafc687976d6a22,0x91ff8bbd8ebb07893010d50a48a1609e5ebd8e34,2026-08-05T23:05:06,complex_trace;high_gas_used_context,0x069d1525,false
25689457,0xfc08aab20b40ab080eddaf42ac27f177754ecce82699f16474d25b543952dcc1,0xc7981df766adb34e229893dc597e5b6b1a8b3c43,0x89c6340b1a1f4b25d36cd8b063d49045caf3f818,2026-08-05T23:05:06,dense_internal_fund_flow;complex_trace,0x0193b9fc,true
25689457,0x103df9383c2f72d756a27ce907f4b6452cfbfacfbcae3d69f042381aa9b67d54,0x3cfdc212769c890907bce93d3d8c2c53de6a7a89,0x0000000071727de22e5e9d8baf0edac6f37da032,2026-08-05T23:05:07,privileged_execution_context;complex_trace,0x765e827f,false
25689457,0x605fafbb7242f1756fd87ec18d69fbcbca4b55ad4276c7d4fbbf337d2831723a,0xde5ce22a56ed76bf7054121500b23a718399feb7,0x43de2d77bf8027e25dbd179b491e8d64f38398aa,2026-08-05T23:05:07,dense_internal_fund_flow;complex_trace,0xc280c905,true
25689457,0x8257a6e2bb86317d63605f511dcb948e79464bd05785e5787c22ccdaa9b9bc59,0x59aab1bd0d26290274398c07b55955c15425e16b,0x00fe78205f5f0e63b8ad2b2ae5337f538a610e04,2026-08-05T23:05:07,complex_trace;high_gas_used_context;token_activity_burst,0x34fcd5be,false
25689458,0x18a34b96e334afe496fce2f8e5e79dc8d7afd67f32b4074a05eaa8e3f4b93d59,0x5c8e47d95714c0dd48c7b0c91b0228ccd3dfbfbe,0xa0f1c3ad83e07d97b5e7030e177718be175275ea,2026-08-05T23:05:19,large_erc20_asset_flow;complex_trace,0x12aa3caf,true
25689458,0x7d9bbe119ae415ce22d5a4efabf2b41c8c996bb1cd65522808b403fbbb4a8a98,0x4d16ebd8a910425aa05d52385cf4ec3a05e1be30,0xa0f1c3ad83e07d97b5e7030e177718be175275ea,2026-08-05T23:05:19,large_erc20_asset_flow;complex_trace,0x12aa3caf,true
25689458,0x9296bf3bac1909cb897b55a264a32d05266e2c8a57cf3f38790b5fea6e35d5c9,0x1b878f3af0a7420ef87899696caad92e63e5c4ae,0xa0f1c3ad83e07d97b5e7030e177718be175275ea,2026-08-05T23:05:19,large_erc20_asset_flow;complex_trace,0x12aa3caf,true
25689458,0xa64f8417c489b48e7ed564f1fe3ed5b0dd389af9d73fd095e6aa011d71528491,0x3af24b14590917bf0d07b03bf1114cec3b69ae94,0xa0f1c3ad83e07d97b5e7030e177718be175275ea,2026-08-05T23:05:19,large_erc20_asset_flow;complex_trace,0x12aa3caf,true
25689458,0xa95f0b59d73559905a7ea0c5c28f6f9278c99b2cea21211aaef930cbeae87ac6,0xf82ac5937a20dc862f9bc0668779031e06000f17,0xf573e9e3de1f86b085417ab294f56e7920b4e9be,2026-08-05T23:05:19,dense_internal_fund_flow;very_complex_trace;high_gas_used_context,0x78a94ff0,true
25689458,0xad3a478c8a76da800dcc94c4bd025ade78a8f3a13ac00e7252df9a107d807cf8,0x2f4e1a92dd8d3a57328c5a87cd6dcdb49ac8be7b,0xa0f1c3ad83e07d97b5e7030e177718be175275ea,2026-08-05T23:05:19,large_erc20_asset_flow;complex_trace,0x12aa3caf,true
25689458,0xb96f5d5b5a37d8bd4df2d6bf803c60f75772078ed42dab9cff58f5a4e58f1e16,0x6e2c8549ecc8615f14351889066a4ef196a688cd,0xa0f1c3ad83e07d97b5e7030e177718be175275ea,2026-08-05T23:05:19,large_erc20_asset_flow;complex_trace,0x12aa3caf,true
25689458,0xd33bad4168cf4146c58c440898b3ac80e25fabad2f078bd95a95c2c0148be9a2,0xe20446cccbfd5f9038e747f1dea8016ecbd94ae5,0x442be06bb5d13711a22ccd3fa382b72a874c5135,2026-08-05T23:05:20,large_erc20_asset_flow;complex_trace,0xf7b5c341,true
25689458,0x2efee5629a6ef389d290480d32c5623ed75d19b798e0bc795486f8da6526ef1f,0x9c4cc9ae584d5a51368cf7c90008602abfb4fb08,0x89163e4cd81619019e22e8a62f0c96d86c89c984,2026-08-05T23:05:21,complex_trace;high_gas_used_context,0x7ae7cfb5,false
25689458,0x3d621dcf8bd84de5de3c467fef7d6ddcbcec1badd6b022432724270402ed3eec,0xfb2c579c1d5f82c7b0f2a3479e5f9bc26bd22b62,0x1bc47a0dd0fdab96e9ef982fdf1f34dc6207cfe3,2026-08-05T23:05:21,large_erc20_asset_flow;very_complex_trace;high_gas_used_context;token_activity_burst,0xb4dc8294,true
25689458,0x4e47f82e569060aa2b22cb6dcff2e29b18aa61c691da5b283a14b83b762efc72,0x59aab1bd0d26290274398c07b55955c15425e16b,0x00fe78205f5f0e63b8ad2b2ae5337f538a610e04,2026-08-05T23:05:21,complex_trace;high_gas_used_context;token_activity_burst,0x34fcd5be,false
25689458,0x97be032669109e8a5e094380e2b23a669dfda9f9ecc828c45159a603cbbfd7c3,0xd99ac0681b904991169a4f398b9043781adbe0c3,0x5523985926aa12ba58dc5ad00ddca99678d7227e,2026-08-05T23:05:21,dense_internal_fund_flow;complex_trace,0x84d61c97,true
25689458,0x9f5f10392148c89dd70161d405068cef7edb85553f05b31a4c72a500f2ec79aa,0xc2a8467a52fec8383c424149000cf384de9ba1b5,0xf285361059b2c17e4f3c562bd8a1868ce22ae826,2026-08-05T23:05:21,large_erc20_asset_flow,0x35faa416,true
25689459,0x1987c6aedcb8175db065a401c717fed0c6ab90036dd3a2a7877e680743424baa,0x7777ff8ea1fed0badce1149a9b433d708cd27777,,2026-08-05T23:05:57,selfdestruct_context;contract_creation_context,,true
25689459,0x139b2d806260b68c6e98de63d54478e0955bb179df3905dfea456b23b512fbba,0x3af24b14590917bf0d07b03bf1114cec3b69ae94,0xa0f1c3ad83e07d97b5e7030e177718be175275ea,2026-08-05T23:05:59,large_erc20_asset_flow;complex_trace,0x12aa3caf,true
25689459,0x2c340c5814f7e07c1c96bfd337302547ee26acadb1cf00eba10c357d08b22bb8,0x1b878f3af0a7420ef87899696caad92e63e5c4ae,0xa0f1c3ad83e07d97b5e7030e177718be175275ea,2026-08-05T23:05:59,large_erc20_asset_flow;complex_trace,0x12aa3caf,true
25689459,0x7724681aa62d7113cab3002b6673e8c231b29385f5828d2c325ecdc60f1d49cb,0x2f4e1a92dd8d3a57328c5a87cd6dcdb49ac8be7b,0xa0f1c3ad83e07d97b5e7030e177718be175275ea,2026-08-05T23:05:59,large_erc20_asset_flow;complex_trace,0x12aa3caf,true
25689459,0x93e0e0635697a35247aa4516e9801ce749fd97c7646d0f2d0e1febc3940ee458,0x1246790114a79a3e26a248ead2e6cd6e85c533ad,0x6324cd92203bb218079f2f44eb3893bd1ebea9a4,2026-08-05T23:05:59,privileged_execution_context;complex_trace,0x6e553f65,false
25689459,0xaad7272aece108363f2b2ebd9b1b7fb5c553fffe954d2abb625321887ae10f4a,0x5c8e47d95714c0dd48c7b0c91b0228ccd3dfbfbe,0xa0f1c3ad83e07d97b5e7030e177718be175275ea,2026-08-05T23:05:59,large_erc20_asset_flow;complex_trace,0x12aa3caf,true
25689460,0x031319977d627221a34726280332e59d8da46eef859e74d2cf4a877af945ccde,0xc0ffeebabe5d496b2dde509f9fa189c25cf29671,0xe08d97e151473a848c3d9ca3f323cb720472d015,2026-08-05T23:06:04,large_erc20_asset_flow;complex_trace;token_activity_burst,0x1d23a9c4,true
25689460,0x25719a600941aa9c6a2bba06fff0c7cd695e30e391aabab37625a17aecae8fa6,0xc0ffeebabe5d496b2dde509f9fa189c25cf29671,0xe08d97e151473a848c3d9ca3f323cb720472d015,2026-08-05T23:06:04,large_erc20_asset_flow;complex_trace;token_activity_burst,0x1d23a9c4,true
25689460,0x5dd052da326d2ac71b46d42f0f5441c266750ab01821f4edda730a6246ae367a,0xc0ffeebabe5d496b2dde509f9fa189c25cf29671,0xe08d97e151473a848c3d9ca3f323cb720472d015,2026-08-05T23:06:04,large_erc20_asset_flow;complex_trace;token_activity_burst,0x1d23a9c4,true
25689460,0x81b7c788cfef31cbb42febff2688c97b85f6db0d161a5bc60a8b683178a80266,0xc0ffeebabe5d496b2dde509f9fa189c25cf29671,0xe08d97e151473a848c3d9ca3f323cb720472d015,2026-08-05T23:06:04,large_erc20_asset_flow;complex_trace;token_activity_burst,0x1d23a9c4,true
25689460,0xcdd50279fb6e6038a92887236f03e70a0dbfccaba4f2d527c0122cc4ae6e876a,0xc0ffeebabe5d496b2dde509f9fa189c25cf29671,0xe08d97e151473a848c3d9ca3f323cb720472d015,2026-08-05T23:06:04,large_erc20_asset_flow;complex_trace;token_activity_burst,0x1d23a9c4,true
25689460,0xdbf8cce62542188b027f41034124e70267a9df0bba048c874f779a6e831b0412,0xc0ffeebabe5d496b2dde509f9fa189c25cf29671,0xe08d97e151473a848c3d9ca3f323cb720472d015,2026-08-05T23:06:04,complex_trace;high_gas_used_context,0x1d23a9c4,false
25689460,0xf0a1c07f353d5f9b0d04b63933b9e27269da6868da7a997ea2f38639d238847c,0xc0ffeebabe5d496b2dde509f9fa189c25cf29671,0xe08d97e151473a848c3d9ca3f323cb720472d015,2026-08-05T23:06:04,large_erc20_asset_flow;complex_trace;token_activity_burst,0x1d23a9c4,true
25689460,0x9a7fdae639fdd3e7ed17df2a623bbe388cfb72606d7965c3ddb686592263a741,0x6c42a0b5d13059fa36d5567ab04f83bab57bbf0e,0x04ec5ff770ac30a431da1c907746408e296dc10c,2026-08-05T23:06:07,selfdestruct_context,0x00000000,true
25689461,0x22b7236f9f209f7069751f2904c60815e98322444bb422f75ec679882c2ad0f3,0x7830c87c02e56aff27fa8ab1241711331fa86f43,0xa9d1e08c7793af67e9d92fe308d5697fb81d3e43,2026-08-05T23:06:16,large_erc20_asset_flow,0xca350aa6,true
25689461,0x756ca697cbd0a9592269b95493b94a6793c502661d13f0cd5b5f22ed0e883393,0x00000027f490acee7f11ab5fdd47209d6422c5a7,0x42e213a3ad048e899b89ea8cb11d21bc97b84748,2026-08-05T23:06:16,complex_trace;approval_burst,0x2bd0dac1,false
25689461,0xe20ee113e73417997b3917a441d91089e937c815e20f317f3df2029b75f50395,0x5b43453fce04b92e190f391a83136bfbecedefd1,0xbdb3ba9ffe392549e1f8658dd2630c141fdf47b6,2026-08-05T23:06:16,dense_internal_fund_flow;complex_trace;high_gas_used_context;token_activity_burst,0x000000c3,true
25689461,0xe31e576914b6a4fa96630a098c5731ff7a710b5bc18d330904d59f4d692c62a8,0x7830c87c02e56aff27fa8ab1241711331fa86f43,0xa9d1e08c7793af67e9d92fe308d5697fb81d3e43,2026-08-05T23:06:16,dense_internal_fund_flow;high_gas_used_context,0x1a1da075,true
25689461,0xe0c54527ef2b03ca24acc84cdc63ffc75bc03f1aa77900169eae45bb278677b1,0xc117f40101336f5c767d4e023971a9c12b4eb982,0xb300000b72deaeb607a12d5f54773d1c19c7028d,2026-08-05T23:06:17,complex_trace;token_activity_burst,0x810c705b,true
25689461,0x2a4c97e10e6353ccb88bbb2996de13d6ec4b3ace16eb6dcc4cf6b7922a249b16,0xa3ab2b10bf2508a9e4455a35e2f4a9d0ced18464,0x91ff8bbd8ebb07893010d50a48a1609e5ebd8e34,2026-08-05T23:06:18,complex_trace;high_gas_used_context,0x069d1525,false
25689461,0x57781fe1fec931f3a95d66f18cdc24328469c03374be16bcb966cac3660d7479,0x5d322301f6e4fdded1098180d73e7b6aa4a4b37c,0x50ae1e4a612a4623b747aeefb30afba82804e12c,2026-08-05T23:06:18,large_erc20_asset_flow,0x1ae7f5a6,true
25689461,0x7530a6b1eb205ee1eedec385fe46518feb8ea8a7245ff996f7850ea1a21341d6,0xdda3b51e29f9d6fad865c5dd7070d5f7eb57663e,0x8d8210a0252a706cb5de0c6f8e46b6d3692afc19,2026-08-05T23:06:18,complex_trace;high_gas_used_context,0xffc3a769,false
25689461,0xe93651bb7127ab219ef6f438843bb2fa0a030360b6f531d7f7e78fba0294ac6e,0x5a9ce6113eb1a3d6cb3ee9739b438c6f0c8d32c7,0x91ff8bbd8ebb07893010d50a48a1609e5ebd8e34,2026-08-05T23:06:18,complex_trace;high_gas_used_context,0x069d1525,false
25689461,0x1d969998e2bd133faa6c2477e099d850b131aa9cb31eb69a29326e0c57475d1a,0xc6acbee42e9e323140c1ed060c2f6ea9cc3b4b75,0x7c5a71c9fefbc7691f9d4ac7baf70c743792f716,2026-08-05T23:06:19,selfdestruct_context,0xf3fef3a3,false
25689461,0x334c7054691b7dc123bdf51b20135e476bbbe3124b8eedbab2034b1b5af4f9af,0x4337006f33e2940fcbebd899bf2396117e65df9b,0x0000000071727de22e5e9d8baf0edac6f37da032,2026-08-05T23:06:19,large_erc20_asset_flow,0x765e827f,true
25689461,0x3546d4adf6448a4fa53353237d71bd58a8ac1c54859beb93ed3fe5786c4f3b8f,0xa909965786484e9e958257e895782ea3200fa0ab,0x2b1ad77a50cc32359fc4504956ee17dabed1abb7,2026-08-05T23:06:19,large_erc20_asset_flow;complex_trace,0x6a761202,true
25689461,0x6cc38a0083d234d6dcb259bbfcd675a8bcf4cbf1db577a1497e6f2027cbf72c9,0x289c204b35859bfb924b9c0759a4fe80f610671c,0x6a000f20005980200259b80c5102003040001068,2026-08-05T23:06:19,large_erc20_profit_to_sender;large_erc20_asset_flow;complex_trace,0xe3ead59e,true
25689461,0x819abf5258461cdf86c188754bbd1c72f178048f019e487ea77f120ab55588f4,0x59aab1bd0d26290274398c07b55955c15425e16b,0x00fe78205f5f0e63b8ad2b2ae5337f538a610e04,2026-08-05T23:06:19,complex_trace;high_gas_used_context,0x34fcd5be,false
25689461,0xbc20328f939235d3d1cef0e263c6409cfe227e66e36588fbcca6e3f850e1d08c,0xe4637833f5513524d0b9337a75963619034fbb23,0x6ad038ca6c04e885630851278ca0a856ad9a66cc,2026-08-05T23:06:19,large_erc20_asset_flow,0x50921b23,true
25689462,0x06898be1857a4f1125605db4dd90ff399c8e09324c0d875ff189e20cd2b19a70,0xf44b95991cadd73ed769454a03b3820997f00873,0xa0243448a12d9ea0ae6e01a67d372869a716e661,2026-08-05T23:06:29,large_erc20_asset_flow;complex_trace,0x6a761202,true
25689462,0x55974a26253724a0ea188b790205d731d7fa1a5c06dca4efa83819b966d5354d,0x0816cfde9980c2f2296213cf35a9e8c5f2c6b2d9,0x91ff8bbd8ebb07893010d50a48a1609e5ebd8e34,2026-08-05T23:06:29,complex_trace;high_gas_used_context,0x069d1525,false
25689462,0x86a19655de84eabc451d13010da53413761bafd65aa33487c6605794155a29af,0x0e14a3e9af1afdfc60554e3e2a40c8284d647093,0x28b1dc1a5e3699a428bc51d234dfab7c9cb2a183,2026-08-05T23:06:29,complex_trace;high_gas_used_context,0x0c307f76,false
25689462,0xc4f005919867422a7c1fd5e2e151ccb493bfc1e4895002eea9357028312101ea,0x00c501a744b3db320f1eb5675f9a606bd298d2b9,0x91ff8bbd8ebb07893010d50a48a1609e5ebd8e34,2026-08-05T23:06:29,complex_trace;high_gas_used_context,0x069d1525,false
25689462,0xccb7ac9847b9d8ae2fbb06f9c397937ee6f2fe1d869beb3768f6b437b4d5549a,0x82540a84769f77893787b76d2eb1fb8200888dcf,0xe571b648569619566cf6ce1060c97b621cb635d3,2026-08-05T23:06:29,large_erc20_asset_flow,0xac9650d8,true
25689462,0xfdcabddaa8eec50f3ce502a788e3e5eade9b1b88b06dbd7c8e6617f533af89f8,0xa0648494037132df17ebac10b902f1568fda8698,0x9a1d6bd5b8642c41f25e0958129b85f8e1176f3e,2026-08-05T23:06:29,large_erc20_asset_flow,0xac9650d8,true
25689462,0x7d3c694478f91d64aae4676e031004be1288dca0dffd29595bd9f5951d9cf208,0x36c74ed01f8df60172b7a6ce885400b9bec653a7,0x5fa487bca6158c64046b2813623e20755091da0b,2026-08-05T23:06:31,large_erc20_asset_flow,0xba087652,true
25689463,0x87f97149662b2168c2d52ea410a4369be789d68b141fb469bd4b6bd55ad662d7,0x7830c87c02e56aff27fa8ab1241711331fa86f43,0xa9d1e08c7793af67e9d92fe308d5697fb81d3e43,2026-08-05T23:06:34,dense_internal_fund_flow,0x1a1da075,true
25689463,0xc90adb6da8cf5e1d5a168f011a29322b8843fdb59f99c59f842da7219bcad104,0xd0d08887e8a5b16049534a7f3fc1de92848f5bea,0xc026395860db2d07ee33e05fe50ed7bd583189c7,2026-08-05T23:06:34,large_erc20_asset_flow;complex_trace,0xc7c7f5b3,true
25689464,0x6bf1a5982911e108bacc64198e786b380f40277ea9511fe33362712ba2555fa9,0xb876842bb8405f34e1cefe497d0d85d39f83badf,0x91ff8bbd8ebb07893010d50a48a1609e5ebd8e34,2026-08-05T23:06:39,complex_trace;high_gas_used_context,0x069d1525,false
25689464,0xb280786e45a7cd205506d43f3ab10f9d604f910d31e30657387d40990cff6dd4,0x1e060fb7847ab8de0e05e898c16714c9dcc9de6d,0x91ff8bbd8ebb07893010d50a48a1609e5ebd8e34,2026-08-05T23:06:39,complex_trace;high_gas_used_context,0x069d1525,false
25689464,0x781546956a169386139ddfba544d0a60bf8f8d8f3ad85bc26d17c4154370c1bf,0xbad000006db10503589262b55d09bb7b3c5e1472,0xbbbbb048b1a85ca221058c45525095b6a68bbbbb,2026-08-05T23:06:40,high_gas_used_context;token_activity_burst,0xa9059cbb,false
25689465,0x41f2c0d9efecb0a672be54b27659620872de16dfc72358431972123b10285a01,0x51c49d009ae6b7aafd543aac03a46fde50fdf61b,0x5c3593481cba011737e36ded62f1797c9f6afce1,2026-08-05T23:06:55,large_erc20_asset_flow;complex_trace,0x1cff79cd,true
25689465,0x950b5be7272abf500db49b5a57540fe9f80b9bb83a64020aab38103be8aa06d6,0xae0cc0d6e76c2b13451ab90cd13a5fa71a5c59ba,0xd226997439ecfbeff8e110c8c78c8a7eefd19f89,2026-08-05T23:06:55,large_erc20_asset_flow;complex_trace,0x99999999,true
25689465,0x18f6e178cac5098dbff4e823aac88e4f6b9af9f38c6c433efe63b2f0f939d1bb,0xe20446cccbfd5f9038e747f1dea8016ecbd94ae5,0x442be06bb5d13711a22ccd3fa382b72a874c5135,2026-08-05T23:06:56,large_erc20_asset_flow;complex_trace,0xf7b5c341,true
25689465,0x79147b6fc5d761f629ef314a5f226d73b230c602ea94ee4dc5869ec70b3d71b3,0xe4637833f5513524d0b9337a75963619034fbb23,0x19ebb35279a16207ec4ba82799cc64715065f7f6,2026-08-05T23:06:56,large_erc20_profit_to_sender;large_erc20_asset_flow,0x50921b23,true
25689465,0xb887fb9e8901e51b25709e8058e5b8f36928e4a93e7aaac5167a06c936816a40,0xae2fc483527b8ef99eb5d9b44875f005ba1fae13,0x1f2f10d1c40777ae1da742455c65828ff36df387,2026-08-05T23:06:56,large_erc20_asset_flow;complex_trace;high_gas_used_context;approval_burst,0x2bd0a0b8,true
25689465,0xd6fc37ca3bd042fb9a10bcef8f04965faf79f26fab51e0ad7d1129bcd3e858d6,0x00000000009239387124ca3c7feb2852d2934d06,0x00000000000762339537bd0fd01e44f661bd8f67,2026-08-05T23:06:56,large_erc20_asset_flow;complex_trace,0x00050000,true
25689465,0xe0064d1e60f76d24662bd7b6e3e1d84a64c2e985fb71ed3a44ceaa0564077d77,0xae2fc483527b8ef99eb5d9b44875f005ba1fae13,0x1f2f10d1c40777ae1da742455c65828ff36df387,2026-08-05T23:06:56,large_erc20_asset_flow;complex_trace,0x2bd0bd21,true
25689465,0x2ed9b7b24f8af27059b6ad7f425a0b37d832f60c76ab336f65aa6068b2b18271,0x1584a8ee67789d1fe161065388657ad2f2a3c7dd,0x77eb52e44db06777bce478159f25c0d55a295314,2026-08-05T23:06:57,repeated_internal_token_drain;dense_internal_fund_flow;complex_trace;high_gas_used_context;token_activity_burst;repeated_risky_internal_calls,0xa9059cbb,true
25689465,0x216cf74d39748d499880cee36c636616c53c8f28e2fad864cca9646d93866297,0xc6acbee42e9e323140c1ed060c2f6ea9cc3b4b75,0x7c5a71c9fefbc7691f9d4ac7baf70c743792f716,2026-08-05T23:06:58,selfdestruct_context,0xf3fef3a3,false
25689465,0x2f9b67cc1246bebc30e0e1d98657dba616489992030243571494dcf632c97a05,0xe8c38a77cda1dbcf3172d23b1430b9ade6521660,0xc36442b4a4522e871399cd717abdd847ab11fe88,2026-08-05T23:06:58,dense_internal_fund_flow,0xac9650d8,true
25689465,0x5b8fc396b8ffab90658d268df5eaac7c08163b4395e081bb6f910bc4f518ce45,0x73be04abaa96c7d92db28cd3aef1539a77775d5b,0x54fe65c3964d9cbe7458a99220c9ae1cfe776bae,2026-08-05T23:06:58,complex_trace;high_gas_used_context;token_activity_burst,0x9265bb9d,false
25689465,0x6819252c95ff27f0567525926350b86b77bc6ad718bbd3298cef04b4789e0801,0x7bf6e86eea9b360a49066d7fdf12c9d2f3bc6c29,0x6131b5fae19ea4f9d964eac0408e4408b66337b5,2026-08-05T23:06:58,large_erc20_asset_flow;complex_trace,0xe21fd0e9,true
25689465,0xd3286c137928a10a40848622b0c5ad106c1cbd3fd0eb22b5cf3ca43f9b44f9b2,0x4337009be43c7ecc9bfbde0f1780553aa065187e,0x0000000071727de22e5e9d8baf0edac6f37da032,2026-08-05T23:06:58,privileged_execution_context;complex_trace,0x765e827f,false
25689465,0xf27d6492c689a1e2742de208d86a536c0db99b91ea1f851e994435291e586dbb,0x6d2f3e2e27e9328b00257c50a1f0a4895c4a1d6b,0x59da89baee7c773f991731fca0a8bba58d511c05,2026-08-05T23:06:58,dense_internal_fund_flow,0xfd3ad6d4,true
25689466,0x1e8506498a05857c0a28c172530be9c129f7889444ed5b99c871abc2828fd498,0x4d16ebd8a910425aa05d52385cf4ec3a05e1be30,0xa0f1c3ad83e07d97b5e7030e177718be175275ea,2026-08-05T23:07:07,large_erc20_asset_flow;complex_trace,0x12aa3caf,true
25689466,0x363b78cde44eaba121037db29dcbcf6b21d333a7a9a6bf262582f84210724357,0x5c8e47d95714c0dd48c7b0c91b0228ccd3dfbfbe,0xa0f1c3ad83e07d97b5e7030e177718be175275ea,2026-08-05T23:07:07,large_erc20_asset_flow;complex_trace,0x12aa3caf,true
25689466,0x5d52db364a272c4b983cd950ede58bc068852bb895fa7bcbf17b5d735d6574c8,0x3af24b14590917bf0d07b03bf1114cec3b69ae94,0xa0f1c3ad83e07d97b5e7030e177718be175275ea,2026-08-05T23:07:07,large_erc20_asset_flow;complex_trace,0x12aa3caf,true
25689466,0x7b0c9c267d227530c0a9c0844ec42083855e84b0f52545801d936f63787d6a7e,0x7830c87c02e56aff27fa8ab1241711331fa86f43,0xa9d1e08c7793af67e9d92fe308d5697fb81d3e43,2026-08-05T23:07:07,large_erc20_asset_flow;token_activity_burst,0xca350aa6,true
25689466,0xc0871d5a3815b4509af9cf44ffd9274b9253beda4735628ea8c69b008ba56706,0x175194145929f9950fcbfed7ecfde7b7f6a64be0,0xbd216513d74c8cf14cf4747e6aaa6420ff64ee9e,2026-08-05T23:07:07,dense_internal_fund_flow;complex_trace,0xb88d4fde,true
25689466,0xde12d64602e5194f03b646d7ae9f654845da6d278cd96ad2c766fb37ead2b8eb,0x0000000000bfec68be5d46795e9692a177af4d6b,0x00000000000762339537bd0fd01e44f661bd8f67,2026-08-05T23:07:07,large_erc20_asset_flow;complex_trace,0x00050000,true
25689466,0xf7aa99967044dd1eb5a948b3bfebc86142e03cd68fbaaf63f52b5c671d73f4ff,0x5e8381077866763692f151ca44cce0435a76d78c,0xcb0151ac9479a6a0261622baa63ae843c9793d45,2026-08-05T23:07:07,large_erc20_asset_flow;complex_trace;approval_burst,0x64cd187f,true
25689466,0x0d006d7919e806b754432a47da7f3a17cc52f3321a182eb7112aba49feb2ab47,0xe2b39391d60bc5d5c44872ef8fca1dce614e4237,0x50ae1e4a612a4623b747aeefb30afba82804e12c,2026-08-05T23:07:08,large_erc20_asset_flow;complex_trace,0xd3396e88,true
25689466,0xca43b35b7bdbca4d5a52e4c733642400ccf4c5efb8f4f3732a9e2ed2921d5864,0x6e2c8549ecc8615f14351889066a4ef196a688cd,0xa0f1c3ad83e07d97b5e7030e177718be175275ea,2026-08-05T23:07:09,large_erc20_asset_flow;complex_trace,0x12aa3caf,true
25689466,0xd6b17e0baec390c589b96a92de83792b3fca722c2bfe5f0bbb94eaef09081620,0x50bf934781f63028c5c8ef49c4affe19a86d99b6,0x8d04cc7e86e687854eb41d9d43512b655b93184b,2026-08-05T23:07:09,complex_trace;selfdestruct_context,0x4a1bf18a,false
25689466,0xe95892e462f9d0caa8c58ca328f3b35b6761b61ad56e9ba39eaa986dc0397525,0xec5ad8d88085488906694b7cafa74886d08aab19,0x28b1dc1a5e3699a428bc51d234dfab7c9cb2a183,2026-08-05T23:07:11,complex_trace;high_gas_used_context,0xf2c42696,true
25689467,0x0986c016ce9fa6bdafe059f534e15e4b91ddfc37f2eaa9e3e8f8119074974bd7,0xfb076e0b813cc205a2d032b639f6d10f500dd9b7,0x000000ae384600d7252543855e3b0400f6008d00,2026-08-05T23:07:27,large_erc20_asset_flow;complex_trace;high_gas_used_context,0x00000000,true
25689467,0x27baf2ad3d5ec9034c3ff1e83167b41f102ea67c147ad91c6390bf6f4542323d,0xb7554f88045be5327a6ffd4253867ffeda3a82fb,0x498f35e3485136fb5ef702f57c8bbea8b1f856fd,2026-08-05T23:07:27,large_erc20_asset_flow,0xc8f53c6d,true
25689467,0x131f21823844dc3a7781f61234d7f0cfbb7ab3e10a0b869daf0eeec12c82599c,0x3d358be65cf428e1a97dfad3affca747e8d67a64,0x0000000000000068f116a894984e2db1123eb395,2026-08-05T23:07:29,very_complex_trace;high_gas_used_context;token_activity_burst,0x87201b41,true
25689468,0x185a862ec553d3e09c9103c509c7f4de53083d944ac2e2a3a8a87ec93cfa5a62,0x00d69ef746ae701cc3aa228c08b6cc2367e8433b,0x94e7a5dcbe816e498b89ab752661904e2f56c485,2026-08-05T23:07:35,large_erc20_asset_flow,0xd6bda0c0,true
25689468,0x985a4a11b597188c9a96908ebb38b68ce4fac2acf1f026f30307e2a5b28fa5ed,0xbeeba31f8ca3349c3ed24a5146e6b20d233ad540,0xbeef02961503351625926ea9a11ae13b29f5c555,2026-08-05T23:07:36,dense_internal_fund_flow;complex_trace,0x64f5e9e7,true
25689468,0xb319f27738fa1b0a4b447c330918ec512a51641497219f7ae0dcc486751c2a1d,0x3e00d14c2fc4bada34f57fdadb8e2fb2341eae90,0x1399bb39c241f3b0755a8584205a2f99bdb15bf7,2026-08-05T23:07:36,dense_internal_fund_flow,0x60642803,true
25689468,0xbefd42eb72dd73afab12e7464cf7339e8b2092f2345ddf65d42b32aecda907e1,0x59aab1bd0d26290274398c07b55955c15425e16b,0x00fe78205f5f0e63b8ad2b2ae5337f538a610e04,2026-08-05T23:07:36,complex_trace;high_gas_used_context;token_activity_burst,0x34fcd5be,false
25689469,0xe147267aaaad42b328a2881b7c2a978bbc9216cec0c884fbc663f271906c003b,0xbee234bba62bbea4358ee787a264105f1b07f543,0xbeef02961503351625926ea9a11ae13b29f5c555,2026-08-05T23:07:42,dense_internal_fund_flow;complex_trace,0x64f5e9e7,true
25689469,0x0d286563b73bb336f0424c1c9e7fbcf609ab39c16b3e40c5059d6511d44e2c0f,0xa7286bcfd25bbd526b566baca569d7e98c9974bb,0x0000000000001ff3684f28c67538d4d072c22734,2026-08-05T23:07:44,large_erc20_asset_flow;complex_trace,0x2213bc0b,true
25689470,0x586b8dcf7fcbfdf30d7cde4a017b2efad239aa6cece059b386763499a2001f60,0x000000000005657288325bcc32a1531094fb53c0,0x00000000000762339537bd0fd01e44f661bd8f67,2026-08-05T23:07:53,large_erc20_asset_flow;complex_trace,0x00060000,true
25689470,0x8084d4140dd2b8832530d671a52e6224b36abcc32d7c20032800543bf5609d60,0x7830c87c02e56aff27fa8ab1241711331fa86f43,0xa9d1e08c7793af67e9d92fe308d5697fb81d3e43,2026-08-05T23:07:53,dense_internal_fund_flow,0x1a1da075,true
25689470,0x246cab0a0f8040a0e7ea376cb33a3e8706beef27b7ac08e0d619d32cb11a89ca,0x7830c87c02e56aff27fa8ab1241711331fa86f43,0xa9d1e08c7793af67e9d92fe308d5697fb81d3e43,2026-08-05T23:07:54,large_erc20_asset_flow;token_activity_burst,0xca350aa6,true
25689470,0x3e77628b5d231f12507fa621b132136d602c8b12e2506b0bd9d05cd6d6a42de8,0x56c262027e0de4aea31d2489529cb25d23e58a8b,0xccc88a9d1b4ed6b0eaba998850414b24f1c315be,2026-08-05T23:07:54,dense_internal_fund_flow;complex_trace;high_gas_used_context,0x0a2b8f36,true
25689470,0xb753cfda1f3bea24e5f07957a210b63ba8d41270eb7af0ef2f23a5282e13d56f,0xda87a28fcd476d42385b07dfc1d4da7af2aa1775,0x4337084d9e255ff0702461cf8895ce9e3b5ff108,2026-08-05T23:07:54,large_erc20_asset_flow,0x765e827f,true
25689470,0x35a800d575d7bd52166677427c9b6a3f436048772269f5f6919fb65be146bdb0,0x289c204b35859bfb924b9c0759a4fe80f610671c,0xacddac6c77318b615f7f6fb9bb67c6833e9c05f1,2026-08-05T23:07:55,large_erc20_asset_flow,0x571d3dc7,true
25689471,0x2cca14a080e309fca6878ae4f11dc2708c0e3f6c4e8292ad1ee62fb3872b6e73,0xe4637833f5513524d0b9337a75963619034fbb23,0x6566194141eefa99af43bb5aa71460ca2dc90245,2026-08-05T23:08:02,large_erc20_profit_to_sender;large_erc20_asset_flow,0x374f435d,true
25689471,0x4ae16abd53fd0a4454d625364c174cd90b82183b2d2b1ce5ffefa81a5d9d4d7e,0xf70da97812cb96acdf810712aa562db8dfa3dbef,0xca11bde05977b3631167028862be2a173976ca11,2026-08-05T23:08:02,complex_trace;high_gas_used_context;token_activity_burst,0x174dea71,false
25689471,0xa248e1b1356394db0ac62d3655cdb25acb0060523bc234d0256d7f8dfac81f5f,0x72663ec3f3dcf59beff5d20594fd5777e05d9c17,0x91ff8bbd8ebb07893010d50a48a1609e5ebd8e34,2026-08-05T23:08:02,complex_trace;high_gas_used_context,0x069d1525,false
25689471,0xb2ba7d22d4cbe9c7cfcf37b69932ef07766fc98863df293a8dd6fe0b3515f36b,0x64b9edd67c96c76bc3f9472c5a9e83547cfd4380,0x91ff8bbd8ebb07893010d50a48a1609e5ebd8e34,2026-08-05T23:08:02,complex_trace;high_gas_used_context,0x069d1525,false
25689471,0xecb915cc27b58b30f809d1c0744df98289c287a6b23b48da7381417566864c60,0x17a9aa3f7945fb00c2eb16857baa4adb63da59db,0x5ff137d4b0fdcd49dca30c7cf57e578a026d2789,2026-08-05T23:08:02,complex_trace;high_gas_used_context,0x1fad948c,false
25689471,0x5af71e922478423c2ca774ea1a1f07f68e796d170b24a8e6b74a97675d9997d3,0x3431172c887cf150d9fdaba9876273d9db566367,0x64f5aad0e38e2ff9f50f2e51e813e49c05aca41a,2026-08-05T23:08:03,repeated_internal_token_drain;dense_internal_fund_flow;complex_trace;high_gas_used_context;token_activity_burst;repeated_risky_internal_calls,0xa9059cbb,true
25689472,0x6556e778fd18f8508bad52b5011d165cb661cbe69880ea5eae3e7377835583d4,0x5b43453fce04b92e190f391a83136bfbecedefd1,0xbdb3ba9ffe392549e1f8658dd2630c141fdf47b6,2026-08-05T23:08:08,dense_internal_fund_flow;complex_trace;high_gas_used_context;token_activity_burst,0x000000c3,true
25689472,0x99c38f13c3d6ecffd7b9da47805626cfc5206faab080bf99bf7c7992b7458082,0x11b67c03e71b9d7d79ece1bea8f393621add81aa,0x4313c378cc91ea583c91387b9216e2c03096b27f,2026-08-05T23:08:08,dense_internal_fund_flow,0xeffbec13,true
25689472,0x12dc2c0ffac112bca5a30f2bb99002bb95cbd6c51d61a4bce036197f6bf9af4f,0xe9fce949e03ed55426471dbdb33847a248a83573,0x91ff8bbd8ebb07893010d50a48a1609e5ebd8e34,2026-08-05T23:08:10,complex_trace;high_gas_used_context,0x069d1525,false
25689472,0x17c7f908359a5f0bf391ad1c5914f34db87a8c6e6cc11d7e02911d0d8dab98c6,0x6572d9dbd1e4a1a1a81760dcc4310269b59950c7,0x91ff8bbd8ebb07893010d50a48a1609e5ebd8e34,2026-08-05T23:08:10,complex_trace;high_gas_used_context,0x069d1525,false
25689472,0x2b03a27304d62c14ce63f3d59354dc14550788f62da6abf37cdaf6c8d9173627,0xde5ce22a56ed76bf7054121500b23a718399feb7,0x43de2d77bf8027e25dbd179b491e8d64f38398aa,2026-08-05T23:08:10,large_erc20_asset_flow;complex_trace,0xc280c905,true
25689472,0x4282a0b0a4d9ab6b6fe91edc875761b8cbc41dc560653a963acf5be3062ed016,0x0e14a3e9af1afdfc60554e3e2a40c8284d647093,0x28b1dc1a5e3699a428bc51d234dfab7c9cb2a183,2026-08-05T23:08:10,complex_trace;token_activity_burst,0x0c307f76,false
25689472,0x428c6060c577d0c3faefa5cbd39c401381f310d0adabcc54edca4ee456159dce,0x1584a8ee67789d1fe161065388657ad2f2a3c7dd,0x77eb52e44db06777bce478159f25c0d55a295314,2026-08-05T23:08:10,repeated_internal_token_drain;dense_internal_fund_flow;complex_trace;token_activity_burst;repeated_risky_internal_calls,0xa9059cbb,true
25689472,0x5807167157ae13da6a795595f4f324457449fc2a1464fc03fe378cfc68b73aad,0xa154b98e53fc35e1bad1ff758acbc8c629bdcd2b,0x19917386eeae67b6ff7ddf07de4019fca40aa4ec,2026-08-05T23:08:10,complex_trace;high_gas_used_context;token_activity_burst,0xa9059cbb,false
25689472,0x6c5de299a38d81f3a6ce95c00416df1a073ea003554e3cc904ac364962b22b50,0x64f3f1691101cd41b9908fc10a6c7a292d5defd3,0x75d9ef48e30bcb0b658c1d387233fb52ebf9a4fe,2026-08-05T23:08:10,complex_trace;high_gas_used_context,0xf6dbcb18,false
25689472,0x8d087a7640b8756dfe46dfddc8df1fb624f56d789f960a68f31b8e80dd580439,0x4077d50bb40d2a2c734754d82bc37ebee4038bce,0x0f67c05a034fec0183ad74d3be42c8ba27f6c4c4,2026-08-05T23:08:10,privileged_execution_context;complex_trace,0xb460af94,false
25689472,0x9219fccd1fc8c9558f82b0f6e3741a7cfd7e6a7d165115cf5a7938530055490e,0xf70da97812cb96acdf810712aa562db8dfa3dbef,0x6c96de32cea08842dcc4058c14d3aaad7fa41dee,2026-08-05T23:08:10,large_erc20_asset_flow;complex_trace,0xc7c7f5b3,true
25689472,0xad0af2123eaccd22cd5f598cd02cac8524edd3e5388f9ead0e47652982caee1b,0x59aab1bd0d26290274398c07b55955c15425e16b,0x00fe78205f5f0e63b8ad2b2ae5337f538a610e04,2026-08-05T23:08:10,complex_trace;high_gas_used_context,0x34fcd5be,false
25689472,0xb396492cc95a5f4cd13129b3ef45fe5ef3e87ee03ae9f40e065c712c55b50a52,0x61193d978c9ce5ba69293da96a56113be8de981c,0x91ff8bbd8ebb07893010d50a48a1609e5ebd8e34,2026-08-05T23:08:10,complex_trace;high_gas_used_context,0x069d1525,false
25689472,0xba05373c29f7ee683c30cc7ef809bde847b5b94f7354a0c572c16dd8ec184286,0xbb0611fde3e968d138eb3e9e386d8103c4730001,0xb6f54caed61c318027c022c47b94baf139a99dab,2026-08-05T23:08:10,large_erc20_asset_flow;complex_trace;high_gas_used_context;token_activity_burst,0x02d40187,true
25689472,0xc97e02d655303ba9bac525b1ab6831850782c69f6dcd6e6ae2cdd8ffbf185ee6,0x00000000009c8cbbc5a6322b07066f2b6c2cbe3a,0x00000000000762339537bd0fd01e44f661bd8f67,2026-08-05T23:08:10,large_erc20_asset_flow;complex_trace,0x00050000,true
25689472,0xe9f44acf02427fe620a952f2f8678b843070cf43078c7226f67a296f3bde8d97,0x7f56302966ef91afb0d7baddc92b793efa8da7d9,0x91ff8bbd8ebb07893010d50a48a1609e5ebd8e34,2026-08-05T23:08:10,complex_trace;high_gas_used_context,0x069d1525,false
25689472,0xfe474c24bd68834e264a8a762ff69a9fe80e5048856144d7ce79cfabeacc0105,0xefd216217d022a0c33957a0557afdf4a2fe82990,0x0000000071727de22e5e9d8baf0edac6f37da032,2026-08-05T23:08:10,privileged_execution_context,0x765e827f,false
25689473,0xcbe088cff14e20f21aedd0bf5cec5a4b50f08c41792b157f42297b21b9ede125,0x54632df3db2f9203caeffe46dd9ae9360b1eb200,0x75d9ef48e30bcb0b658c1d387233fb52ebf9a4fe,2026-08-05T23:08:19,dense_internal_fund_flow;complex_trace;high_gas_used_context,0xf6dbcb18,true
25689473,0x07bddf08a5bdf3aba40589a4d6ce1d0e01b4e696191e4e3c6cfa2e8dbbc4a242,0xc13c1c0b5919e2fca746df2e4a25257dab245b67,0x6566194141eefa99af43bb5aa71460ca2dc90245,2026-08-05T23:08:20,large_erc20_asset_flow;complex_trace,0x374f435d,true
25689473,0x34ec340d5b9d5136b69ee5dfc05a3abcb0a8f25e91a8f9112005c8de6210b77d,0x3af24b14590917bf0d07b03bf1114cec3b69ae94,0xa0f1c3ad83e07d97b5e7030e177718be175275ea,2026-08-05T23:08:20,large_erc20_asset_flow;complex_trace,0x12aa3caf,true
25689473,0x4367e25da1e9442ef2c69c40c5c94387b95679445ede2cf5e76c0ba7c03ae7ca,0x1b878f3af0a7420ef87899696caad92e63e5c4ae,0xa0f1c3ad83e07d97b5e7030e177718be175275ea,2026-08-05T23:08:20,large_erc20_asset_flow;complex_trace,0x12aa3caf,true
25689473,0x4515fe18ad089a12bc4e0e8de3eb33aba68856001e0d2c8daf5ffcb60e96803a,0x3f339fdd1ff02db03d8eec31d3e280ab8c258724,0xd01607c3c5ecaba394d8be377a08590149325722,2026-08-05T23:08:20,dense_internal_fund_flow;large_erc20_asset_flow;complex_trace,0x80500d20,true
25689473,0x655462c37c6337de8f333d1af1fc2a0aaef6a1acb80c68f9d43c1f92a3e970a7,0x0f6d91fbafa15c3f20e72a4cbf16ed65dd96323d,0x91ff8bbd8ebb07893010d50a48a1609e5ebd8e34,2026-08-05T23:08:20,complex_trace;high_gas_used_context,0x069d1525,false
25689473,0x79637869a571c0c78880b3cdc8b870852833a4dc967531103677a5aa1102e84d,0x41d209d275027e3dcf5ddc4d0c30cd6c6ece1ffd,0x91ff8bbd8ebb07893010d50a48a1609e5ebd8e34,2026-08-05T23:08:20,complex_trace;high_gas_used_context,0x069d1525,false
25689473,0x9671c2cc5824296b3f2f59430a3890141885849cbcc534974cfe6a9c14b60119,0x4d16ebd8a910425aa05d52385cf4ec3a05e1be30,0xa0f1c3ad83e07d97b5e7030e177718be175275ea,2026-08-05T23:08:20,large_erc20_asset_flow;complex_trace,0x12aa3caf,true
25689473,0x9b1634f06e2b8aac6cdd62319e602182bdd8ee90f8f4aadce46c16239e8df607,0x2f4e1a92dd8d3a57328c5a87cd6dcdb49ac8be7b,0xa0f1c3ad83e07d97b5e7030e177718be175275ea,2026-08-05T23:08:20,large_erc20_asset_flow;complex_trace,0x12aa3caf,true
25689473,0xfc4c30f38157bafee36857a93e343ed6f7683d2349e32d7d04211264520dd855,0x6e2c8549ecc8615f14351889066a4ef196a688cd,0xa0f1c3ad83e07d97b5e7030e177718be175275ea,2026-08-05T23:08:20,large_erc20_asset_flow;complex_trace,0x12aa3caf,true
25689473,0x357b5deaca2158d4943a3dd779a905e6b2a42332e6d1a8eb9e63766001837b8b,0x3cfdc212769c890907bce93d3d8c2c53de6a7a89,0x0000000071727de22e5e9d8baf0edac6f37da032,2026-08-05T23:08:21,privileged_execution_context;complex_trace,0x765e827f,false
25689473,0xb2e22ead52ddfb21670894c988b3e221918120b5d64475283ee5652a6294af5e,0x4c2c0f0bb2631b02ac9299c59690914ee7a200b8,0xc026395860db2d07ee33e05fe50ed7bd583189c7,2026-08-05T23:08:21,large_erc20_asset_flow;complex_trace,0xc7c7f5b3,true
25689474,0x525e1de89cf5aebfa4374370dbd10886c23b001e421831baa47e8732fb8ead5d,0xada5bb90d0de0bd1b6f3938708f49295a8d1f7cb,0xccc88a9d1b4ed6b0eaba998850414b24f1c315be,2026-08-05T23:08:28,dense_internal_fund_flow;complex_trace;high_gas_used_context,0x0a2b8f36,true
25689474,0x968d1471267b6a2ca31d2b99efc5761f31ec91fdfb9e564f8262974830b9ea25,0x0e0052a184fd59c6b7e1e99d739802ecb3aec0e4,0xd82461784eb72d4b67cbab077989eb215315e272,2026-08-05T23:08:28,complex_trace;approval_burst,0x805f7b65,false
25689474,0xcb14ee6edc01de10d79729bc79652c0e68e2b9437bb14e5a436b963fbcb9a833,0x5b43453fce04b92e190f391a83136bfbecedefd1,0xbdb3ba9ffe392549e1f8658dd2630c141fdf47b6,2026-08-05T23:08:28,dense_internal_fund_flow,0x000000c3,true
25689474,0xd022d3d242eb29af2c62d7e355d8e7e9355a59097b3d1a0176b64efb6076ba64,0x161643f280b09be8e0271eef8efc6c264d125003,0x44d634202014285775197a914be8b4fd7895d32f,2026-08-05T23:08:28,dense_internal_fund_flow;token_activity_burst,0xa9059cbb,true
25689474,0xe564b6984fda5117c8246361c24d739bee698b59277d0d1d7db294a109ea1bed,0x73064f6c1c5dad8d917782aec16ab564feb3c011,0x89c6340b1a1f4b25d36cd8b063d49045caf3f818,2026-08-05T23:08:28,complex_trace;high_gas_used_context,0x0193b9fc,false
25689474,0x5b94057f11d672b11bbcd64507440088d9b5a0fed3ba27cfb4fd40a99db50462,0xc0ffeebabe5d496b2dde509f9fa189c25cf29671,0xe08d97e151473a848c3d9ca3f323cb720472d015,2026-08-05T23:08:29,large_erc20_asset_flow;complex_trace;token_activity_burst,0x1d23a9c4,true
25689474,0x63e31247907b965f25d2af65004fc1ff4b1033cdead77014f7bdd9533a29c444,0xc0ffeebabe5d496b2dde509f9fa189c25cf29671,0xe08d97e151473a848c3d9ca3f323cb720472d015,2026-08-05T23:08:29,large_erc20_asset_flow;complex_trace;token_activity_burst,0x1d23a9c4,true
25689474,0x744266c1178f279ffdd417e70f4a130f4852b3470692154437a4e5c5d89d5414,0x4d16ebd8a910425aa05d52385cf4ec3a05e1be30,0xa0f1c3ad83e07d97b5e7030e177718be175275ea,2026-08-05T23:08:29,large_erc20_asset_flow;complex_trace,0x12aa3caf,true
25689474,0xa9aff0b2076240cd5ab8040b35ad7faaebf2e7dc39bb23299d85033b80da87ab,0x59aab1bd0d26290274398c07b55955c15425e16b,0x00fe78205f5f0e63b8ad2b2ae5337f538a610e04,2026-08-05T23:08:29,repeated_internal_token_drain;dense_internal_fund_flow;complex_trace;high_gas_used_context;token_activity_burst;repeated_risky_internal_calls,0x34fcd5be,true
25689475,0xeef0e495ce138cfe36b8566dd647212b48390d1c346b51d68595aefb6a602abb,0x4d87c67d47f59b35a2ee0c31c915000d59296257,,2026-08-05T23:08:39,privileged_execution_context;high_gas_used_context;contract_creation_context,0x60c06040,false
25689475,0x32efbe3f5d58c7c8378086413638cac7fae548bc0b48d718231d41b3ddcf863b,0x1584a8ee67789d1fe161065388657ad2f2a3c7dd,0x77eb52e44db06777bce478159f25c0d55a295314,2026-08-05T23:08:40,repeated_internal_token_drain;dense_internal_fund_flow;complex_trace;token_activity_burst;repeated_risky_internal_calls,0xa9059cbb,true
25689475,0x3e13bad632e80e4117ab9456a774c6562953b53260e820d2e11aab05fe08c481,0x4d87c67d47f59b35a2ee0c31c915000d59296257,0xef4720a368c0fde2a0f7b88b232f65b7b1e04762,2026-08-05T23:08:40,dense_internal_fund_flow;high_gas_used_context,0x204d6e1e,true
25689475,0x4f6659639535e146d9e14cbfe262582d6460fe321f8fbf9060acb19c4784f7e3,0x5eae0b3f6ab5b31b27cd2ae5f414b54d93ba6920,0x03f34be1bf910116595db1b11e9d1b2ca5d59659,2026-08-05T23:08:40,dense_internal_fund_flow;complex_trace,0xe47d166c,true
25689475,0x89823d27d171c3550f6ec751866fcd26803849c7db2ee3e5fe3584922c6f40a6,0xc6acbee42e9e323140c1ed060c2f6ea9cc3b4b75,0x7c5a71c9fefbc7691f9d4ac7baf70c743792f716,2026-08-05T23:08:40,selfdestruct_context,0xf3fef3a3,false
25689475,0xc841dea7f451438b5686524027816391e192c0dc1f3bd6bf3246c687c969ab9a,0x82ab9b3eea855edebcae33b20fac3cc6800f3597,0xf4e147db314947fc1275a8cbb6cde48c510cd8cf,2026-08-05T23:08:41,privileged_execution_context,0x760d0f9d,false
25689476,0x07f75a71af7a298316569768e5af61385721901e7d575f734a9bd8cd8760aa47,0x7830c87c02e56aff27fa8ab1241711331fa86f43,0xa9d1e08c7793af67e9d92fe308d5697fb81d3e43,2026-08-05T23:08:46,large_erc20_asset_flow;token_activity_burst,0xca350aa6,true
25689476,0x2e40a17d13a495f4112ab017c12e651e1aa423eaaedf3285b935fcd42a8e3fe5,0x43370240c309f6cc0815929a176609267971224f,0x0000000071727de22e5e9d8baf0edac6f37da032,2026-08-05T23:08:46,large_erc20_asset_flow,0x765e827f,true
25689476,0x89a316dcb2e0e82fed0a86c941231da1afc0ae795be3c9eedc8f9dd02afbe5c5,0x54632df3db2f9203caeffe46dd9ae9360b1eb200,0x75d9ef48e30bcb0b658c1d387233fb52ebf9a4fe,2026-08-05T23:08:46,complex_trace;high_gas_used_context,0xf6dbcb18,false
25689476,0x705a458a2a07f8c1b0f5b1075bf9584b1b49c4694a7d2974b1ee06b00a21aff1,0x5d99551ce4a2c1467adf632474424e7e22c72c66,0x6131b5fae19ea4f9d964eac0408e4408b66337b5,2026-08-05T23:08:47,large_erc20_asset_flow;complex_trace,0xe21fd0e9,true
25689477,0x06b97e847a2ed76a8e043994cf67f47ba10e11edfd3a08bfbbd1e0c0f22d1720,0xaf074592bb02214a38a81b0439b1c304223851af,0xf8b2c637a68cf6a17b1df9f8992eebeff63d2dff,2026-08-05T23:08:56,large_erc20_asset_flow;complex_trace,0xcc8832d9,true
25689477,0x71d46d525c0d8a011a349e815008b827e3a7e337ef17425ed97231f5eae5ab3e,0x4679170bdabd52fcf2ed2c89991f1317b08e7aba,0x0d07033f478f3b585397b854df4a7163cbe8986f,2026-08-05T23:08:56,large_erc20_asset_flow;complex_trace,0xda64f0f7,true
25689477,0x8148135bf634a8be2282bd98ade145f1464bb8a98b6708e820d67dca2cfd0458,0x502d222e8e4daef69032f55f0c1a999effd78fb3,0xacddac6c77318b615f7f6fb9bb67c6833e9c05f1,2026-08-05T23:08:56,large_erc20_asset_flow;complex_trace,0x571d3dc7,true
25689477,0xd458616d3cca5dd423ee2f782c8f2ea697728a3652ee411022e796f6585f55bb,0x60a36588d8ed7a8bb886659d17b36b34e81e6dbd,0x0000000000001ff3684f28c67538d4d072c22734,2026-08-05T23:08:56,large_erc20_asset_flow;complex_trace,0x2213bc0b,true
25689477,0x0240282adefb0a8e291f4dc1724c7190859fbb6ab781097c743dbc0911d26d0a,0x80d04079ffc53eb14edbeeb37279d126f45552df,0x8a7e5c307ddaa8cc47737a96b7c2b496cce7e339,2026-08-05T23:08:57,repeated_internal_token_drain;dense_internal_fund_flow;complex_trace;token_activity_burst;repeated_risky_internal_calls,0x8aaa8f3b,true
25689477,0x80130eccd58c73fe9bedb14d27905ffbee400aa9cb443c1c8171483a89fbfa5a,0x23ffe7033286e91c707bd68af7501cdba1ba1b69,0xb300000b72deaeb607a12d5f54773d1c19c7028d,2026-08-05T23:08:57,complex_trace;high_gas_used_context;token_activity_burst,0x810c705b,true
25689478,0x4288c421b5627ce1a572f9b54831f5dcf650d68ba46064dbb6d72ee53eb5c46e,0x9d9e5233e399c84cfff5b080f0012987a25a045a,0x91ff8bbd8ebb07893010d50a48a1609e5ebd8e34,2026-08-05T23:09:06,complex_trace;high_gas_used_context,0x069d1525,false
25689478,0x736fb2d5fa0c0fa8a6a6536d66965daaee58f67747bee32fca2f4aa664a63bd0,0x1584a8ee67789d1fe161065388657ad2f2a3c7dd,0x77eb52e44db06777bce478159f25c0d55a295314,2026-08-05T23:09:06,repeated_internal_token_drain;dense_internal_fund_flow;complex_trace;high_gas_used_context;token_activity_burst;repeated_risky_internal_calls,0xa9059cbb,true
25689478,0xe6f75b960b654a5f7859e0e417ba4241b1a63263442311a759dab0f30168b5f0,0xfbce9641b18f9c12206a917f4f3a5b4ce63aed9b,0x28b1dc1a5e3699a428bc51d234dfab7c9cb2a183,2026-08-05T23:09:06,dense_internal_fund_flow;complex_trace,0x0c307f76,true
25689478,0x1bcca5c2b47661e397ec1baa9e2fab6c762b940046913bb700f56f4816330a77,0x59aab1bd0d26290274398c07b55955c15425e16b,0x00fe78205f5f0e63b8ad2b2ae5337f538a610e04,2026-08-05T23:09:08,complex_trace;high_gas_used_context,0x34fcd5be,false
25689478,0x8c7de8721c1bcb4a58125b30e419e917fdf840ba0df0ea8483a139b7a850dbb1,0x3cfdc212769c890907bce93d3d8c2c53de6a7a89,0x0000000071727de22e5e9d8baf0edac6f37da032,2026-08-05T23:09:08,privileged_execution_context;complex_trace,0x765e827f,false
25689479,0xe7aebbc9d820cb0d71bb354f396232eb566817b47b911d707a6e6920fa8ea946,0x0389221acbe47f87e6eeadd42fdb70764d4c693d,0x0d07033f478f3b585397b854df4a7163cbe8986f,2026-08-05T23:09:14,large_erc20_asset_flow;complex_trace,0xda64f0f7,true
25689479,0x8b726226855fa668822feda6bdd05fa9da9899f691857a4b6e84261aa558d070,0x327c062a42348561313da6e38da8b6d0da4e7279,0x91ff8bbd8ebb07893010d50a48a1609e5ebd8e34,2026-08-05T23:09:15,complex_trace;high_gas_used_context,0x069d1525,false
25689479,0xc020b945d1c606c77a4e2e646f82fe98676254504db8ccc71a996a301b578d07,0xc19600ac7a551ebe6a38353b554ffbcba08fcf3c,0x69460570c93f9de5e2edbc3052bf10125f0ca22d,2026-08-05T23:09:15,large_erc20_asset_flow;complex_trace,0x60d09476,true
25689480,0x0ea23001f0845bd603c6da08401ff6c913dbb62c44599264ef9f5ff989f5088f,0xe99bd1c2dd70cd58e5efd47887991700e7318ce2,0xad3b67bca8935cb510c8d18bd45f0b94f54a968f,2026-08-05T23:09:21,complex_trace;high_gas_used_context;token_activity_burst;approval_burst,0x146ee74d,false
25689480,0x5f5f741eb58c8bd0067d4e050b5d0800eeabc1102896563875859ad79bf8eccb,0xb55ee36a19b06bc0df69802abf0f849f1e4ff529,0xd1d7b571134d1f519485bf7b46d9e25698f62a65,2026-08-05T23:09:21,selfdestruct_context,0xf3fef3a3,true
25689480,0xfcb99d4e698848389ed8532b5305160d6762a68812710e7dd6714fad5ba76ef5,0x5b43453fce04b92e190f391a83136bfbecedefd1,0xbdb3ba9ffe392549e1f8658dd2630c141fdf47b6,2026-08-05T23:09:21,dense_internal_fund_flow;complex_trace;token_activity_burst,0x000000c3,true
25689480,0x307d20e8c0435fcf8350d5f1646a55833a6fd9d7bf52093b5902e9b0dae98bbc,0xc99d6e641fe5fc285564943d1869f3c821eea8f4,0x000000000004598d17aad017bf0734a364c5588b,2026-08-05T23:09:22,complex_trace;high_gas_used_context,0x0fbb12dc,false
25689480,0x7b86f07f6491134317259a20b5b740bdfdc965b122b36fffa7c896338ce50b14,0xe20446cccbfd5f9038e747f1dea8016ecbd94ae5,0x442be06bb5d13711a22ccd3fa382b72a874c5135,2026-08-05T23:09:22,privileged_execution_context;complex_trace;high_gas_used_context,0xf7b5c341,false
25689480,0x879d9b32d613de5d92fc2d69dec8c25a79053a7d0ce2956acf13bb71c57e6939,0xa154b98e53fc35e1bad1ff758acbc8c629bdcd2b,0x19917386eeae67b6ff7ddf07de4019fca40aa4ec,2026-08-05T23:09:22,repeated_internal_token_drain;dense_internal_fund_flow;complex_trace;high_gas_used_context;token_activity_burst;repeated_risky_internal_calls,0xa9059cbb,true
25689480,0xb75a521dd97fd5dfb3537fce31d37704642df72067da24bb09bb2703c2676438,0x60a36588d8ed7a8bb886659d17b36b34e81e6dbd,0x6566194141eefa99af43bb5aa71460ca2dc90245,2026-08-05T23:09:22,large_erc20_asset_flow;complex_trace,0x374f435d,true
25689480,0x00019fe39bde354036cb22934a670f7af1e01374f22ae60e316928e20922c555,0x64f3f1691101cd41b9908fc10a6c7a292d5defd3,0x75d9ef48e30bcb0b658c1d387233fb52ebf9a4fe,2026-08-05T23:09:23,complex_trace;high_gas_used_context,0xf6dbcb18,false
25689481,0x417557c2890a1a2ccbfe759b90e62b24640c5600783cc2e219abe34dccc53b88,0x7830c87c02e56aff27fa8ab1241711331fa86f43,0xa9d1e08c7793af67e9d92fe308d5697fb81d3e43,2026-08-05T23:09:37,dense_internal_fund_flow,0x1a1da075,true
25689481,0x9c2cbaae5116ed10a0de8bd506c4101fd1bf4d8f94cd8c6f0271c964ca6c45a6,0x5dc5533754022b5ca3c256d7552ef59d07f64c91,0x6aba0315493b7e6989041c91181337b662fb1b90,2026-08-05T23:09:37,complex_trace;high_gas_used_context;token_activity_burst;approval_burst,0x4de165c3,false
25689481,0xa25e524b90bbe68abe9f999edcf50fd66fcabbee5ba053c07f2b0030367f0ddd,0x6b063481f8216b5624ec496dd72376bef00faffd,0xa9d635ef85bc37eb9ff9d6165481ea230ed32392,2026-08-05T23:09:40,complex_trace;high_gas_used_context,0x13d79a0b,false
25689481,0x207b45fe3dbf2a1765bdd06c478e62e4c5347436ded950a5799d81d3ec43d52f,0x96c4af8a6634f1dd8d50d7e373a44852a511487b,0xac07ad80caeedc3b1465c4077907b34063a518e6,2026-08-05T23:09:42,privileged_execution_context;complex_trace,0xc6fe8747,false
25689481,0xf608686d4a9b33c342db90563aa8270976477e793083fb19a3477ee3de552b33,0xa154b98e53fc35e1bad1ff758acbc8c629bdcd2b,0x19917386eeae67b6ff7ddf07de4019fca40aa4ec,2026-08-05T23:09:42,high_gas_used_context;token_activity_burst,0xa9059cbb,false
25689482,0x1138aacd7739c17bbac4dcee941785c6e5113108a808ca1aaf0f806cddd72853,0x5b43453fce04b92e190f391a83136bfbecedefd1,0xbdb3ba9ffe392549e1f8658dd2630c141fdf47b6,2026-08-05T23:09:50,dense_internal_fund_flow;complex_trace;high_gas_used_context;token_activity_burst,0x000000c3,true
25689482,0x424420721009bb2521016fc1c28c76502e3eeb9a3c630a75bf14fc901326d08d,0xd5b4b674331adaa4dbef08852de8a1d05f87c361,0x32401b9fb79065bc15949de0bd43927492f02f0c,2026-08-05T23:09:53,large_erc20_asset_flow,0xac9650d8,true
25689482,0x532a51329c665a51fd433782bd3d24a9c878e438c2b42586fbe45796b44bc2e9,0xdf8adfe10d4a4d9f0fc4d3e377a6e8d5730eb40c,0x06cff7088619c7178f5e14f0b119458d08d2f5ef,2026-08-05T23:09:53,large_erc20_asset_flow;complex_trace,0x99999999,true
25689482,0x5903776be105b8256a1151a76c87856fd557d91f1b8b0da17acaba2eb2ffa085,0x1584a8ee67789d1fe161065388657ad2f2a3c7dd,0x77eb52e44db06777bce478159f25c0d55a295314,2026-08-05T23:09:53,repeated_internal_token_drain;dense_internal_fund_flow;complex_trace;token_activity_burst;repeated_risky_internal_calls,0xa9059cbb,true
25689482,0xddf89156d6ddac3b8282d3cdd203340f34900d45a3f86b51b76eea27e39f40b7,0x5d99551ce4a2c1467adf632474424e7e22c72c66,0x4e73af5663c997a796ff2cc1ad8c5d406541b4f2,2026-08-05T23:09:53,large_erc20_asset_flow;complex_trace,0x21c69a19,true
25689482,0x3cc60aaa2a22e6b9f5851ea480d32d51a5f1acb4e912c4235f26b061c27d4796,0x5cc6a3eb84beb52242384e76bd7917c55cc86211,0x1231deb6f5749ef6ce6943a275a1d3e7486f4eae,2026-08-05T23:09:54,complex_trace;high_gas_used_context,0x5fd9ae2e,true
25689483,0x921e822587584d9efd51c550d0f92daf5ec2c095173807abdb39d5afd8e2a51c,0x59aab1bd0d26290274398c07b55955c15425e16b,0x00fe78205f5f0e63b8ad2b2ae5337f538a610e04,2026-08-05T23:10:01,repeated_internal_token_drain;dense_internal_fund_flow;complex_trace;high_gas_used_context;token_activity_burst;repeated_risky_internal_calls,0x34fcd5be,true
25689484,0x11c5a34d923bdb2d93ff96d1553311c98e2006933a08d5e336defdf59299a1b3,0xbb0611fde3e968d138eb3e9e386d8103c4730001,0xb6f54caed61c318027c022c47b94baf139a99dab,2026-08-05T23:10:13,large_erc20_asset_flow;complex_trace;high_gas_used_context;token_activity_burst,0x02d40187,true
25689484,0xcba23b7c449dc885c4e4b3cca52bc4b148e766b028b548c0affe3afc87f9c566,0xa7afe370ae2857abd3ee861c99c666e892e1c3ee,0xbd216513d74c8cf14cf4747e6aaa6420ff64ee9e,2026-08-05T23:10:13,dense_internal_fund_flow;complex_trace,0xb88d4fde,true
25689485,0x3b43edb50514e5e42ddf6b8211b94044b988bae9a88a9cbfa7e687fa6415456f,0x54632df3db2f9203caeffe46dd9ae9360b1eb200,0x75d9ef48e30bcb0b658c1d387233fb52ebf9a4fe,2026-08-05T23:10:22,dense_internal_fund_flow;complex_trace;high_gas_used_context,0xf6dbcb18,true
25689485,0x4e3b30cd13c1e545d1c5432f7235907719921d00636b3bc61d0f4558f3ee073a,0xa8ecbc0cb4c0c5b0a5a8c4d3e6028451540a66a9,0x9640c8dd3b96fc35e08ddeba4d04637ba096c426,2026-08-05T23:10:23,large_erc20_asset_flow;complex_trace,0x00000000,true
25689485,0xa572f9cb4765c2703ca613271505b14826087d704693f3e5f7d532090400a328,0x50bf934781f63028c5c8ef49c4affe19a86d99b6,0x8d04cc7e86e687854eb41d9d43512b655b93184b,2026-08-05T23:10:23,complex_trace;selfdestruct_context,0x4a1bf18a,false
25689485,0x270f839c43324c7dc538b10065f76eeb08e8e4255553faad476f45569a295107,0x20542372cbfd5c6874ae5945af68f2053f89899e,0x28b1dc1a5e3699a428bc51d234dfab7c9cb2a183,2026-08-05T23:10:24,complex_trace;high_gas_used_context;token_activity_burst,0x0c307f76,true
25689485,0x50c6ac6f3260f84a88757151facf6acd175da981d55aac31bbdeed3806fae91a,0x1584a8ee67789d1fe161065388657ad2f2a3c7dd,0x77eb52e44db06777bce478159f25c0d55a295314,2026-08-05T23:10:24,repeated_internal_token_drain;dense_internal_fund_flow;complex_trace;high_gas_used_context;token_activity_burst;repeated_risky_internal_calls,0xa9059cbb,true
25689485,0xd29028bd693b9690b226b3418c4b8ac37eeffe7e0c96aa11a253a76159ac371b,0x1cda83fe97a2e0a8f94a9cf32da947c23b72ba02,0xe0181090c22579b6a217f1522cbf8c9f1f0c1965,2026-08-05T23:10:25,large_erc20_asset_flow,0xac9650d8,true
25689485,0xe872e39cd8c748f9fa52f992aead5123d6902d0bfed5b69b0691ec9cd6b74a64,0x3cfdc212769c890907bce93d3d8c2c53de6a7a89,0x0000000071727de22e5e9d8baf0edac6f37da032,2026-08-05T23:10:25,privileged_execution_context;complex_trace,0x765e827f,false
25689486,0x32481948438521a4c618a016b54a70c8a565fc42fc735ed04ad09c364cd55b22,0x631f82fb2a62496d28780a821f47786b05e2278a,0x268392606b809ba5be65a321ae9b98056194fd03,2026-08-05T23:10:34,very_complex_trace;high_gas_used_context,0x3f09591d,false
25689486,0x3a208b3957b5ed8a96ca8cdb7ce6285a1b54ebb4660c2f1ab4e004aa1c855382,0xcdd37ada79f589c15bd4f8fd2083dc88e34a2af2,0x6a000f20005980200259b80c5102003040001068,2026-08-05T23:10:34,large_erc20_asset_flow;complex_trace;high_gas_used_context;token_activity_burst,0xe3ead59e,true
25689486,0x3be07f572a584af0b9ce4a6211a4ee570db38b844e504881e40efa0c3feb68f4,0x3d358be65cf428e1a97dfad3affca747e8d67a64,0x0000000000000068f116a894984e2db1123eb395,2026-08-05T23:10:34,complex_trace;high_gas_used_context;token_activity_burst,0x87201b41,true
25689486,0x66723c8da9d3cd102ebf94886879192f7206300f635674ac3a808c2e417e6326,0x654fae4aa229d104cabead47e56703f58b174be4,0x000000000035b5e5ad9019092c665357240f594e,2026-08-05T23:10:34,large_erc20_asset_flow;complex_trace,0x00000004,true
25689486,0x826b4db48357f194e8ed2b0764e025222817e2399aea80f6f116d98b01b3039b,0x654fae4aa229d104cabead47e56703f58b174be4,0x000000000035b5e5ad9019092c665357240f594e,2026-08-05T23:10:34,large_erc20_asset_flow;complex_trace,0x00000004,true
25689486,0xd79074fb0def9b35d0a7e6ee5c43c9ac8f3965731b4a5ea921a00106f3c6d0b4,0xabb2acd3be814a80e502575d6c1dc5f789e9cd10,0xccc88a9d1b4ed6b0eaba998850414b24f1c315be,2026-08-05T23:10:34,dense_internal_fund_flow;complex_trace,0x0a2b8f36,true
25689486,0xf61f6102266b473ab10dc1b627a440a23ea8052b53ea5277c5d5123534d73ae7,0x3f339fdd1ff02db03d8eec31d3e280ab8c258724,0xe68ab4f90fe026b9873f5f276ed2d7efbbbe42be,2026-08-05T23:10:34,dense_internal_fund_flow;large_erc20_asset_flow,0x614b3341,true
25689486,0x3a5ea772b01e4b5396e2e40d3525a4a5f66ce0c2a8b6d85b65d2f408d515fcdd,0xe93685f3bba03016f02bd1828badd6195988d950,0x173272739bd7aa6e4e214714048a9fe699453059,2026-08-05T23:10:35,large_erc20_asset_flow;complex_trace,0xcfc32570,true
25689486,0x68238d8182f6e2acd8286148114eddee174f2199eb1ab37707bf28cf602ae291,0x7830c87c02e56aff27fa8ab1241711331fa86f43,0xa9d1e08c7793af67e9d92fe308d5697fb81d3e43,2026-08-05T23:10:35,dense_internal_fund_flow,0x1a1da075,true
25689486,0xa5b10a90fe2cf42b2ce8d34115c241b94836f2ee83e2ad6a0194ce23bb2f148c,0x13b5f7c38da2f6d22c48b69feadab8bf2397bfe6,0xcec1caa28ebc876d0883a0c492831e06e167b8b3,2026-08-05T23:10:35,selfdestruct_context,0xf3fef3a3,false
25689486,0xa919e07b619015286211bdb2a76b242bec6404040a33eb26642bb3368c7cd0ea,0x7830c87c02e56aff27fa8ab1241711331fa86f43,0xa9d1e08c7793af67e9d92fe308d5697fb81d3e43,2026-08-05T23:10:35,large_erc20_asset_flow;token_activity_burst,0xca350aa6,true
25689487,0x7c999f558ea9e6edb222b509a0c62bb339410e20477ede4932b1becd6ffffc1b,0x2ba932350a1f1f3f66cc9dbb9149612f04ffee67,0xb4769e9c5be31199a25ecd1b0c6609183fa72521,2026-08-05T23:10:44,dense_internal_fund_flow;complex_trace,0xa11b1198,true
25689487,0x8426ebd48eca7c2bdad80b5c4712c4adb6fc0b3333c150777139c58dad295035,0x1aed6d75bea7698a8a34ecc1361aec712474073c,0xcb0151ac9479a6a0261622baa63ae843c9793d45,2026-08-05T23:10:44,large_erc20_asset_flow;complex_trace;approval_burst,0x64cd187f,true
25689487,0xb8801d4a00ec6abadea58275bd899a1f454e02a2c59440798cff608346ec9e48,0xae2fc483527b8ef99eb5d9b44875f005ba1fae13,0x1f2f10d1c40777ae1da742455c65828ff36df387,2026-08-05T23:10:44,dense_internal_fund_flow;large_erc20_asset_flow;complex_trace,0x2bd0bd21,true
25689487,0xf8637b95c047edee9a26749c2b53dbd4dd586078a07832c8a0c118d17a606e68,0xae2fc483527b8ef99eb5d9b44875f005ba1fae13,0x1f2f10d1c40777ae1da742455c65828ff36df387,2026-08-05T23:10:44,dense_internal_fund_flow;large_erc20_asset_flow;complex_trace,0x2bad1b07,true
25689487,0x2f60f088969a4a57e7cdd46646c1b47027cabc16f9df4ff0c6e65cf1080db510,0x3431172c887cf150d9fdaba9876273d9db566367,0x64f5aad0e38e2ff9f50f2e51e813e49c05aca41a,2026-08-05T23:10:45,complex_trace;high_gas_used_context;token_activity_burst,0xa9059cbb,false
25689487,0xb043487fb01f04578b6487428a2b50ebbea361d878ba80094e10ac71410e04f3,0x4337017d2e3f5e4160a27f6fdbdc38719343c62f,0x0000000071727de22e5e9d8baf0edac6f37da032,2026-08-05T23:10:45,large_erc20_asset_flow,0x765e827f,true
25689487,0xcb0c74460fedc34245fa90fbea31c71693c5000a0a00e6bf1c79a782fb7f083a,0x64f3f1691101cd41b9908fc10a6c7a292d5defd3,0x75d9ef48e30bcb0b658c1d387233fb52ebf9a4fe,2026-08-05T23:10:45,complex_trace;high_gas_used_context,0xf6dbcb18,false
25689488,0x87dac68e03a41e12d166842719e41302dc9fd0f63396a11d0ecb0cb1a07fff04,0x54632df3db2f9203caeffe46dd9ae9360b1eb200,0x75d9ef48e30bcb0b658c1d387233fb52ebf9a4fe,2026-08-05T23:10:53,complex_trace;high_gas_used_context,0xf6dbcb18,false
25689488,0xaee3d483eff2bd4d81723204b297e73989330253718b6cb5af92a62994674611,0x0bbee5b77059ace8e7b63a813aebdcf445ffb2d2,0x28b1dc1a5e3699a428bc51d234dfab7c9cb2a183,2026-08-05T23:10:53,complex_trace;high_gas_used_context,0x0c307f76,true
25689489,0x19a7493a838cfed7716c591d54d880cdec9cd9082fbc26f3aa7b1f1926a05ed9,0x943810707e090f1bdc486c4c990d43da3b162e52,0xa9d635ef85bc37eb9ff9d6165481ea230ed32392,2026-08-05T23:11:03,large_erc20_asset_flow;complex_trace,0x13d79a0b,true
25689489,0xc2fba9c15af22e76a3112b9476b5ebbbf90b0ae06f20cfb0ea641ec14bec49ea,0xd1041f09a600132db54c350e8524537c8f6604bc,0xfbe2284ccd2403c9cfe7fae875149681607cb512,2026-08-05T23:11:03,large_erc20_asset_flow;complex_trace;high_gas_used_context;token_activity_burst,0x734ef54b,true
25689489,0x3153b51851e7e9af27d89914b70123aaf4253269cc67e49af59aa9665d42b12a,0xeeea11d98f6a742cdc084a2f1afa747dc28f1186,0x6c96de32cea08842dcc4058c14d3aaad7fa41dee,2026-08-05T23:11:04,large_erc20_asset_flow;complex_trace,0xc7c7f5b3,true
25689489,0x896c01e8eca830a15a6460585702dc53d8ab147d38f26e3fe5f115707e579a55,0x6c45b0a56a451a86f67e65ffb090bcde940933cf,0x91ff8bbd8ebb07893010d50a48a1609e5ebd8e34,2026-08-05T23:11:04,complex_trace;high_gas_used_context,0x069d1525,false
25689489,0x2c40332874a88f3eacf87a0efe5cf982cf25c9f67e430e1ffa71cbd50431d418,0x415fd807d411e0c10002431be70a65f24f0b505c,0xf4e147db314947fc1275a8cbb6cde48c510cd8cf,2026-08-05T23:11:07,privileged_execution_context,0x760d0f9d,false
25689490,0xc031b65c8450423d4bdc2ae8f02e9a8a8d795f873a7ed81dd78a4e973bc0795e,0x4c8701c14b802b4b0eae3df4074fd68a457ce507,0x91ff8bbd8ebb07893010d50a48a1609e5ebd8e34,2026-08-05T23:11:16,complex_trace;high_gas_used_context,0x069d1525,false
25689490,0x2f9095acde2b5ab78b92575ace7672fb0b6cafc1dc3754420751a91615807c07,0x59aab1bd0d26290274398c07b55955c15425e16b,0x00fe78205f5f0e63b8ad2b2ae5337f538a610e04,2026-08-05T23:11:17,high_gas_used_context;token_activity_burst,0x34fcd5be,false
25689490,0xeb8617452e7a771615882038857eb6f841a95641b50307546ad613d5c7bef9e6,0xc1e18ffd8825ffb286d177ddebeba345ec70b49f,0x6aceb4caba81fa6a8065059f3a944fb066a10fac,2026-08-05T23:11:17,large_erc20_asset_flow,0x23024408,true
25689491,0xb115444ec609964f6844d2a27e0b52d7e4ee85323b5c2d8c30ab7b582458cc13,0xcd231d4ba7b15a4722ac057419d9cd7689e7b8db,0xc2ff3bf7128345099514e592866210ff6789583f,2026-08-05T23:11:27,very_complex_trace;high_gas_used_context,0x780d5710,false
25689491,0x1332c2b39552fb440b7010e74c3c8fc48168bf8ae902c1b34d27e528b9f55e0a,0x7830c87c02e56aff27fa8ab1241711331fa86f43,0xa9d1e08c7793af67e9d92fe308d5697fb81d3e43,2026-08-05T23:11:29,dense_internal_fund_flow,0x1a1da075,true
25689491,0x1b195b05365291c5caef11f701ea122616ef83b6a0e4c88eb53ce4bfbbf9415e,0xf279dfcdd57e1571c95e2c5b7e2ee453cbcdf77f,0x0000000071727de22e5e9d8baf0edac6f37da032,2026-08-05T23:11:29,dense_internal_fund_flow;complex_trace,0x765e827f,true
25689491,0x20517089767c1e92131a51eb344f69ade59899b2ad76a157306ac87aad028858,0x161643f280b09be8e0271eef8efc6c264d125003,0x44d634202014285775197a914be8b4fd7895d32f,2026-08-05T23:11:29,dense_internal_fund_flow;token_activity_burst,0xa9059cbb,true
25689491,0xbdddce3c1153a8884c9324dd268f95e39b75c6f48a6c8ac4cd42d13e7521a61e,0x46d7920e6a2ee8e4f3edee3c22c57a145196e3fc,0x930a38bedd28a58d96561aa01618ebb08856bf2a,2026-08-05T23:11:29,large_erc20_asset_flow;complex_trace;high_gas_used_context,0xac9650d8,true
25689492,0x0cd603db3fe3f733cbe348c9773597fa7f3522a3a796229ab84c83d20d4769c4,0xae2fc483527b8ef99eb5d9b44875f005ba1fae13,0x1f2f10d1c40777ae1da742455c65828ff36df387,2026-08-05T23:11:34,large_erc20_asset_flow;complex_trace,0x2bd02260,true
25689492,0x291742a1e75ada177db9b8041b78eaafe902b389c8349f8c03468cf1a18f84a5,0x803ea56cbe5f44e03e98aa3fdff313e8e4d30db2,0x4313c378cc91ea583c91387b9216e2c03096b27f,2026-08-05T23:11:35,dense_internal_fund_flow,0xeffbec13,true
25689492,0x8ef7c64a011093e8962e6f40cf55d876578c22d7b3e6680f7c9ceeccdef7b2fd,0x08b9cb027d2f2a25a825118becbc4e7aac883c25,0xb4769e9c5be31199a25ecd1b0c6609183fa72521,2026-08-05T23:11:35,dense_internal_fund_flow;complex_trace,0xa11b1198,true
25689492,0xa182a92f341dfbcd8a4902c902c8a8d20631bf29d8a91e01abafaa9f827e1d8e,0xc6acbee42e9e323140c1ed060c2f6ea9cc3b4b75,0x7c5a71c9fefbc7691f9d4ac7baf70c743792f716,2026-08-05T23:11:35,selfdestruct_context,0xf3fef3a3,false
25689492,0xd51fbd228ffc88644b2175a82c6e41262ec677ae9b80088328f363d632900850,0x1584a8ee67789d1fe161065388657ad2f2a3c7dd,0x77eb52e44db06777bce478159f25c0d55a295314,2026-08-05T23:11:35,repeated_internal_token_drain;dense_internal_fund_flow;complex_trace;high_gas_used_context;token_activity_burst;repeated_risky_internal_calls,0xa9059cbb,true
25689493,0xd042594eddeb8644a5ff6a550f3e2526981db9dd3452c6c46569a36d7ba42503,0xf279dfcdd57e1571c95e2c5b7e2ee453cbcdf77f,0x0000000071727de22e5e9d8baf0edac6f37da032,2026-08-05T23:11:46,dense_internal_fund_flow;complex_trace,0x765e827f,true
25689494,0x2d79846a4dc087b2d6c3507703f964dff333bb3042d9128f56aa739cd5b03a68,0xdf05ac28dd1bed7d2ac35f08a28000ec0d291c4e,0x03f34be1bf910116595db1b11e9d1b2ca5d59659,2026-08-05T23:11:56,dense_internal_fund_flow;complex_trace,0xa32fe0a1,true
25689494,0xb85ceaa4117ef4d611d7469892bf65dfbdc1839b8a7128d4ed5c57ae44504074,0xa690308421f6160273983fd86e3f82919e6cda21,0x8c106eedad96553e64287a5a6839c3cc78afa3d0,2026-08-05T23:11:56,large_erc20_asset_flow,0xac9650d8,true
25689494,0x90fa77121e2fcbc03678ed2e3dcc9b5bf34b14df7848ad95a4b425e5f9b9498b,0x49335b4b2cae23580db5ecbab0a217b18cc83409,0xf3557ad5e984211ac8a0874a670344f2c3376471,2026-08-05T23:11:57,large_erc20_asset_flow,0xac9650d8,true
25689494,0xb6c2845572d5623b47d15de94ef6fdba17424f2f4774e0e9db425bd710978e0c,0x80d04079ffc53eb14edbeeb37279d126f45552df,0x8a7e5c307ddaa8cc47737a96b7c2b496cce7e339,2026-08-05T23:11:57,repeated_internal_token_drain;dense_internal_fund_flow;complex_trace;token_activity_burst;repeated_risky_internal_calls,0x8aaa8f3b,true
25689494,0x09caae939087562a2fc014d8348ac224cda3bd40bd05175744a6a2e4fd7e50dd,0x39d4173eb6cca26cbe87a40a758bb2d57324949d,0x1231deb6f5749ef6ce6943a275a1d3e7486f4eae,2026-08-05T23:11:59,complex_trace;high_gas_used_context;token_activity_burst,0x80c65808,true
25689494,0x3d2da2db6bcc089b87035af9e0ac1114a3dc51216f11680965d2e07668fc5d22,0x45df5e6c3bccb8a03049653472096156aaec8012,0xea43105f07ced808d22d1c2dcfb8b3b2da8a06b2,2026-08-05T23:11:59,dense_internal_fund_flow;complex_trace;high_gas_used_context;token_activity_burst,0x9265bb9d,true
25689495,0x9851f84032dda1a75ec2c0fe613b67f5fa1fc136409a2a60ed06af6cc95454a6,0x1584a8ee67789d1fe161065388657ad2f2a3c7dd,0x77eb52e44db06777bce478159f25c0d55a295314,2026-08-05T23:12:04,repeated_internal_token_drain;dense_internal_fund_flow;complex_trace;high_gas_used_context;token_activity_burst;repeated_risky_internal_calls,0xa9059cbb,true
25689495,0x1546279f1545078b131b7161a8427d14db33cfbd686a6e8b0891d555dc1fac46,0x7ea49f025d36450ffe9c5b99749f2fa7c11cfd58,0xf4a1c3a0f386867938443436e07c60f8c35ceb71,2026-08-05T23:12:06,complex_trace;high_gas_used_context,0x65547df2,false
25689495,0x541719167132deaea39cbd7e04ebdc49a9419ba39bfbff76548513a75821ad61,0x7830c87c02e56aff27fa8ab1241711331fa86f43,0xa9d1e08c7793af67e9d92fe308d5697fb81d3e43,2026-08-05T23:12:06,large_erc20_asset_flow;token_activity_burst,0xca350aa6,true
25689496,0x3320286fb7dcf2fd907117bf6da7c82d5d9f7fa445d19089d786ca29b496373e,0x7830c87c02e56aff27fa8ab1241711331fa86f43,0xa9d1e08c7793af67e9d92fe308d5697fb81d3e43,2026-08-05T23:12:16,dense_internal_fund_flow,0x1a1da075,true
25689496,0xbc2307071669cdaf4aeedd361ceb66f5a3702501706c6559297861696aabdc9d,0x38e47fece3ea323e864c65410f6458c820eaa897,0x4313c378cc91ea583c91387b9216e2c03096b27f,2026-08-05T23:12:16,dense_internal_fund_flow,0xeffbec13,true
25689496,0x1aebca2c67077184fc66ae6110030b414f365e1a7b24531703afaa34c310e930,0x9cc483bd4727074f08b09a21d05362ba1e9e9c15,0x28b1dc1a5e3699a428bc51d234dfab7c9cb2a183,2026-08-05T23:12:17,complex_trace;high_gas_used_context;token_activity_burst,0xf2c42696,true
25689496,0x3cd8c1e1198fbbb5f1e51a01c240b76b3ff27c88498dbe32c79178e75095b225,0xc30c7ea910a71ce06ae840868b0c7e47616ba4c9,0xd7092b85456b7a28b6664ba482ce23457abf8f2c,2026-08-05T23:12:17,large_erc20_asset_flow;complex_trace;high_gas_used_context;token_activity_burst,0x6a761202,true
25689496,0xf9960e692c3180051fb6416aa72defdd83ca69e9bc17feac89b6396c698a2115,0x9642b23ed1e01df1092b92641051881a322f5d4e,0xfaf17849fb05a11a4e233f221bac99ca43fc83f8,2026-08-05T23:12:21,large_erc20_asset_flow,0x6b13fcb1,true
25689497,0x0b857cea86a78a671ea5b6ee1c74798312bb77519179f28c49f8d913a1e68192,0xe20446cccbfd5f9038e747f1dea8016ecbd94ae5,0x442be06bb5d13711a22ccd3fa382b72a874c5135,2026-08-05T23:12:33,privileged_execution_context;complex_trace,0xf7b5c341,false
25689497,0x85b71c631daf19e2868882bd09dd5dad95600a3508e70c5df0533442f47692eb,0xcdd93a6351b96a0fd09eb414a2244cad3d269cf7,0x4313c378cc91ea583c91387b9216e2c03096b27f,2026-08-05T23:12:33,dense_internal_fund_flow,0xeffbec13,true
25689497,0xf66e2b9de23858dc7e0927dde3204d657d7f0c9a00048325fbfd9a20d33dd1ad,0xc6acbee42e9e323140c1ed060c2f6ea9cc3b4b75,0x7c5a71c9fefbc7691f9d4ac7baf70c743792f716,2026-08-05T23:12:33,selfdestruct_context,0xf3fef3a3,false
25689498,0xc558d1d0db8ea2ad690f86eaf8fd062d0821afddb5da71923cb28719d93dac47,0xe99bd1c2dd70cd58e5efd47887991700e7318ce2,0xad3b67bca8935cb510c8d18bd45f0b94f54a968f,2026-08-05T23:12:42,complex_trace;high_gas_used_context;token_activity_burst;approval_burst,0x146ee74d,false
25689498,0x0cbdebd6d03975587010c76189f071d2a00f54d55fb1a313049dccb11c984aeb,0x7915e2f76f699c82e9162fbfe9ef4dc269586042,0x008ebccae39d001200c3003c3225ce0a00690066,2026-08-05T23:12:43,privileged_execution_context,0x7e734c5a,false
25689498,0x19887eb730e1e418e5c8dc69507075b8dd2b1ab0c27d730eea68051a8f872033,0x5609bb231ec547c727d65eb6811ccd0c731339de,0xf4e147db314947fc1275a8cbb6cde48c510cd8cf,2026-08-05T23:12:44,privileged_execution_context,0x760d0f9d,false
25689498,0xd68fc3a50fa2788b1a333c42bf98ef807cf6ba5ccbbb46ba95fecca02a6c5b75,0x97ed334b92432827fdad06c4dc9b1c763e86e796,0x66a9893cc07d91d95644aedd05d03f95e1dba8af,2026-08-05T23:12:44,large_erc20_asset_flow;complex_trace,0x3593564c,true
25689499,0x0cfe19395d8ae6fe9c8d017d10b7057c0ab9d2d8511b0825ab1c185097097f3f,0xdc1d013dff3087837a260f6d124bd4890c56f571,0x5ea8094119c8dcf99c6ea2646400f206a281de35,2026-08-05T23:12:52,large_erc20_asset_flow;complex_trace;high_gas_used_context,0x734ef54b,true
25689499,0x1f91bac22c25a506e3ce128e3f47987d3bb475a0dcf1d8bc94b0bb858f0f50a8,0x1584a8ee67789d1fe161065388657ad2f2a3c7dd,0x77eb52e44db06777bce478159f25c0d55a295314,2026-08-05T23:12:52,repeated_internal_token_drain;dense_internal_fund_flow;complex_trace;token_activity_burst;repeated_risky_internal_calls,0xa9059cbb,true
25689499,0x65718928e230bc51f12d04fa531069cb3da31ff363b5ed084b54fd4a7060a928,0xab00819212917da43a81b696877cc0bca798b613,0xf4e147db314947fc1275a8cbb6cde48c510cd8cf,2026-08-05T23:12:52,privileged_execution_context,0x760d0f9d,false
25689499,0xe077eeb870f6f70d1b290ec1289837019dbdd7379ab49a6a9b8a7cacc77deb0e,0xc6acbee42e9e323140c1ed060c2f6ea9cc3b4b75,0x7c5a71c9fefbc7691f9d4ac7baf70c743792f716,2026-08-05T23:12:52,selfdestruct_context,0xf3fef3a3,false
25689499,0xffa346091f46a0592cec916134544a36877a515d6a7b6a1f686c944a963b3758,0x0ae5c9e63771f14e57471c53d052781ad5cd8061,0x28b1dc1a5e3699a428bc51d234dfab7c9cb2a183,2026-08-05T23:12:52,dense_internal_fund_flow,0x08298b5a,true
25689500,0x9b8114ff000ab6b65479eab77193aae1af086738d6aeeac0ffa0aac2916fdd7f,0x7830c87c02e56aff27fa8ab1241711331fa86f43,0xa9d1e08c7793af67e9d92fe308d5697fb81d3e43,2026-08-05T23:12:59,large_erc20_asset_flow,0xca350aa6,true
25689500,0xaf349ac95201f928a6d0eaaa1bc92860174ff0a0545357c22bc2ec369d28b590,0x0a534043a34a43a78e5585c8eb95acc8b3eeeed1,0x0000000000000068f116a894984e2db1123eb395,2026-08-05T23:12:59,complex_trace;high_gas_used_context,0x87201b41,false
25689501,0x721952edf516be7f5a04eb9969e01b8c50689b1abf1eee43308c2889561823bc,0xe89a821529e4ffb90b2a7896ae6bcab4c690c8c3,0xd15fe25ed0dba12fe05e7029c88b10c25e8880e3,2026-08-05T23:13:05,large_erc20_asset_flow;token_activity_burst,0xc73a2d60,true
25689501,0xcdf40f1113c41ee899afd9255c7b71279c01429acb78f791d427826b4e414378,0xfdff0b569f14af593d446e51b3e42f502124ac85,0x6a000f20005980200259b80c5102003040001068,2026-08-05T23:13:05,dense_internal_fund_flow;complex_trace;high_gas_used_context;token_activity_burst,0xe3ead59e,true
25689501,0xfeea7c1393068e9664e90ec576e07850e5e089ee1be39d8adf902f58ccae1d74,0x7830c87c02e56aff27fa8ab1241711331fa86f43,0xa9d1e08c7793af67e9d92fe308d5697fb81d3e43,2026-08-05T23:13:05,large_erc20_asset_flow;token_activity_burst,0xca350aa6,true
25689501,0xae3a39e99f54132de1909d6adb8c41d138f77e53b5b87d1be2f30b96e4e6d86f,0x0ae5c9e63771f14e57471c53d052781ad5cd8061,0x28b1dc1a5e3699a428bc51d234dfab7c9cb2a183,2026-08-05T23:13:06,dense_internal_fund_flow;complex_trace;high_gas_used_context;token_activity_burst,0x0c307f76,true
25689502,0x0de01f3e9961434de19f27ca1d4d1ae1e3ca3fd6e564bbff79259c933cc2a0bf,0x754dcfb2861547015b221e963b4133a71dbdc024,0x3e07be15370d8b12d80a159a7ef14b9e51869497,2026-08-05T23:13:13,complex_trace;high_gas_used_context;token_activity_burst,0x21af54c6,false
25689502,0x2715e8800b937d9940fb0400b4446d68e456778a90a237eb4fe4fac9600433c4,0x13b5f7c38da2f6d22c48b69feadab8bf2397bfe6,0xcec1caa28ebc876d0883a0c492831e06e167b8b3,2026-08-05T23:13:13,selfdestruct_context,0xf3fef3a3,false
25689502,0x6c450352d9d03f2ca1a4021848e40d2b82dcdc1d4c88b4533f51d69d0f1fb2f8,0x1584a8ee67789d1fe161065388657ad2f2a3c7dd,0x77eb52e44db06777bce478159f25c0d55a295314,2026-08-05T23:13:13,repeated_internal_token_drain;dense_internal_fund_flow;complex_trace;high_gas_used_context;token_activity_burst;repeated_risky_internal_calls,0xa9059cbb,true
25689502,0xd17a01b8f5abc1281043e97cbc47bc206386a5eac06ef00d4ea33ca7a57586cd,0x4ae8f9294dcf802d22af1ccb1e05e8fc7ac26bb2,0x78ace9b2ee9a31737fad748015266a59f32dc79a,2026-08-05T23:13:13,dense_internal_fund_flow;very_complex_trace;high_gas_used_context;token_activity_burst,0x9265bb9d,true
25689502,0x12f3a50b5cf7f21960ee271fe62c367fa7151cf433305ae318e9b7dff296a2e2,0xf279dfcdd57e1571c95e2c5b7e2ee453cbcdf77f,0x0000000071727de22e5e9d8baf0edac6f37da032,2026-08-05T23:13:14,dense_internal_fund_flow;complex_trace,0x765e827f,true
25689502,0x7bea0ce491bde1b564397f0b59e83dfe066707d8d30b2b72af0b11f47827e9a5,0x3f339fdd1ff02db03d8eec31d3e280ab8c258724,0xd01607c3c5ecaba394d8be377a08590149325722,2026-08-05T23:13:15,dense_internal_fund_flow;large_erc20_asset_flow;complex_trace,0x80500d20,true
25689502,0x14856e08139b88bcaaa1c0a56fd148ac45ea28ea8041b804c7e78e3b84208345,0xba2c1df4652df1f1df2c8fab9e25d7ce5a2e34fb,0x6131b5fae19ea4f9d964eac0408e4408b66337b5,2026-08-05T23:13:16,large_erc20_asset_flow;complex_trace,0xe21fd0e9,true
25689502,0x6ef73e334b1def1aba11eb3a9f9eff516441675dac678999ff0d0f8197aab8ff,0xd6434d157f254276d69ede3bd9fc805482206908,0x7ec8a30a34b86927dc77b302603d1d53e640bef7,2026-08-05T23:13:16,repeated_internal_token_drain;dense_internal_fund_flow;complex_trace;high_gas_used_context;token_activity_burst;repeated_risky_internal_calls,0xa9059cbb,true
25689503,0x777211cf2248cc6946dbd519b25fced03b62bfc09c48f9175c3f262452bb35da,0x85113e3dfdfedb1dd19c33976c2a5e7056c4cb9d,0x07964f135f276412b3182a3b2407b8dd45000000,2026-08-05T23:13:21,dense_internal_fund_flow;complex_trace,0x6b3ec416,true
25689503,0xdd7e5adb00a6c64bb1811ca80bd83260582ae04824aeb4c4eaa180885c1120b6,0x595caa1ce7d8cb5df54c017d07d86ed0e24a3b2c,0x18428a1ee4dc771f40b68d4f496b9dc653351a13,2026-08-05T23:13:21,large_erc20_asset_flow,0xbc73ddf0,true
25689503,0xef289f8dde086fc5276c9ee330586310326890f4599ebd235377d19962a59008,0x595caa1ce7d8cb5df54c017d07d86ed0e24a3b2c,0x18428a1ee4dc771f40b68d4f496b9dc653351a13,2026-08-05T23:13:21,large_erc20_asset_flow,0xbc73ddf0,true
25689503,0xf2ef5feb369efe669fa385416654fa0215f4044362e9c82a52dd5fbc2ccdbc46,0x79a8b317d73c1907b801145ea5a2418e961ddeef,0xe77e9642c0953f804f5051e12b36b4adf86fd0ef,2026-08-05T23:13:21,dense_internal_fund_flow;complex_trace,0xb05beaa0,true
25689504,0x6436999eda43f9108896d2a02fe7dabd721f5039aab0cd0d163bb68d23a11545,0xc8ad355c8291cbd52e738ed1df1f5ccbbbbf00ee,0xa9d635ef85bc37eb9ff9d6165481ea230ed32392,2026-08-05T23:13:29,large_erc20_asset_flow;complex_trace;high_gas_used_context,0x13d79a0b,true
25689505,0xb20da5831213527099f65233d73a90ed6282cfde2d7ebaf925706c61511af230,0xc6acbee42e9e323140c1ed060c2f6ea9cc3b4b75,0x7c5a71c9fefbc7691f9d4ac7baf70c743792f716,2026-08-05T23:13:36,selfdestruct_context,0xf3fef3a3,false
25689505,0x6230c236f5243e49f217f7c5595cedc956d9984d37636ccd2462d2ec8361e2b9,0xfc9928f6590d853752824b0b403a6ae36785e535,0xe2536231fc1512babc8c856ad7499830a936bdd9,2026-08-05T23:13:37,large_erc20_asset_flow;complex_trace;token_activity_burst,0x03fb13d5,true
25689505,0x851d333e94621d75b5112890f80912086416ee2ecdbd04f362ed767de613cd63,0xf279dfcdd57e1571c95e2c5b7e2ee453cbcdf77f,0x0000000071727de22e5e9d8baf0edac6f37da032,2026-08-05T23:13:37,complex_trace;high_gas_used_context,0x765e827f,false
25689505,0xc6e049b2d8ecdfbed482a82553347837850edd2db1b680f78f786b84cce21e06,0x957a670ece294ddf71c6a9c030432db013082fd1,0xf4e147db314947fc1275a8cbb6cde48c510cd8cf,2026-08-05T23:13:38,privileged_execution_context,0x760d0f9d,false
25689505,0xe718cf6d32842202685bab04297c9efa6b759f197050bce4e60a6c4002e7bfe3,0x80d04079ffc53eb14edbeeb37279d126f45552df,0x8a7e5c307ddaa8cc47737a96b7c2b496cce7e339,2026-08-05T23:13:38,repeated_internal_token_drain;dense_internal_fund_flow;complex_trace;token_activity_burst;repeated_risky_internal_calls,0x8aaa8f3b,true
25689506,0xa200814aa23de770cefc2d51cb7c2a99b583898de8b4b4498a8de83e28e85a1a,0x7830c87c02e56aff27fa8ab1241711331fa86f43,0xa9d1e08c7793af67e9d92fe308d5697fb81d3e43,2026-08-05T23:13:47,dense_internal_fund_flow,0x1a1da075,true
25689506,0x290d9400dd1c23fd2d51629efc3f0991fe620bc4cde4e4c6f955f3cbcecc86c7,0xd0a6db95f52d2a0285bf2f920c9bd527407b47a8,0xa9d635ef85bc37eb9ff9d6165481ea230ed32392,2026-08-05T23:13:48,dense_internal_fund_flow;complex_trace,0x13d79a0b,true
25689506,0x5ab599846f7c032438133f5357086377f288ede533ded3801612ba75d41d7057,0x7830c87c02e56aff27fa8ab1241711331fa86f43,0xa9d1e08c7793af67e9d92fe308d5697fb81d3e43,2026-08-05T23:13:48,large_erc20_asset_flow;token_activity_burst,0xca350aa6,true
25689506,0xa69c23765f802d9b958d23b0727d7be24d25e7a309a0ccf770c683cd0ac98d58,0xde992badd92adaf9146255e9bde6a70770973664,0x3d0f22bf11636cc9cb129e2b261eed35a487455c,2026-08-05T23:13:48,complex_trace;high_gas_used_context,0xa9059cbb,false
25689506,0xe6e79aa035c87c2397e217878bea688d12e461657181043d8c96ce853350c9d0,0x1584a8ee67789d1fe161065388657ad2f2a3c7dd,0x77eb52e44db06777bce478159f25c0d55a295314,2026-08-05T23:13:49,repeated_internal_token_drain;dense_internal_fund_flow;complex_trace;token_activity_burst;repeated_risky_internal_calls,0xa9059cbb,true
25689506,0x95b64067424df8e1c49d29e3279e4fb61a9b47d24c761db7ef31a1f78455fa4a,0x161643f280b09be8e0271eef8efc6c264d125003,0x44d634202014285775197a914be8b4fd7895d32f,2026-08-05T23:13:52,dense_internal_fund_flow;token_activity_burst,0xa9059cbb,true
25689506,0x8cc9f7ac37c87acaa35f3cfc28bdce567e0cbf7ad982e2f1f2a0e092f3639f8f,0xb0bada5d45d939a03c6d211d24a61a4418d7cd13,0x3f3126f770608669f5bac8e0c8c43e32ca10034c,2026-08-05T23:14:20,large_erc20_asset_flow;complex_trace;high_gas_used_context;approval_burst,0x2f372a8d,true
25689506,0xd0534eb196c8dc5fc2b816933421ed92ea773531a5b0960a8963c707215a011f,0x35a31744530bf5963c83998344567965969b8f11,0x8090a9db6aca56ffa186c75ca0787b18af1058a0,2026-08-05T23:14:20,complex_trace;high_gas_used_context,0xd85064c2,false
25689507,0x8c58e2ef4c239287cbf128b9292a05d1798d6fd7096976f1b5aa5c04fd12a609,0x12dd84730df507542cd8b8b5492eb6e0081e1585,0x03f34be1bf910116595db1b11e9d1b2ca5d59659,2026-08-05T23:14:27,large_erc20_asset_flow;complex_trace,0xe47d166c,true
25689507,0xf68f6f208b5b822e5ebd217d04278debe6be7b9f88e36d85f115a59c81c1fceb,0x2b3fed49557bd88f78b898684f82fbb355305dbb,0x09c30cdcdd971423cb3ba757a47d56c35d06d818,2026-08-05T23:14:27,dense_internal_fund_flow,0x318adb8b,true
25689508,0x4e6bfbc5c41d90078293b4af80dbd25c92a735af84dc5b5c1ac3a3d1796fc2d8,0x0e0052a184fd59c6b7e1e99d739802ecb3aec0e4,0xd82461784eb72d4b67cbab077989eb215315e272,2026-08-05T23:14:37,complex_trace;approval_burst,0x805f7b65,false
25689508,0x6357604c724459acf0846474a4bd81cbc8912b50ad05aa9729d0defe07428c7d,0x45558e26c5853cf5d89ea37b522f5c57fcc8b5c0,0x28b1dc1a5e3699a428bc51d234dfab7c9cb2a183,2026-08-05T23:14:37,dense_internal_fund_flow;complex_trace,0xf2c42696,true
25689509,0x9294a4969cf31bba3e8db2e800f7b42af55b9788fc9d145d36c48cc508ec9da5,0xc6acbee42e9e323140c1ed060c2f6ea9cc3b4b75,0x7c5a71c9fefbc7691f9d4ac7baf70c743792f716,2026-08-05T23:14:44,selfdestruct_context,0xf3fef3a3,false
25689509,0x0cb248ebb765333ed60ea619c5e1dd29bc04c67054e4c5c0a0b572850761f05c,0x3f339fdd1ff02db03d8eec31d3e280ab8c258724,0xe68ab4f90fe026b9873f5f276ed2d7efbbbe42be,2026-08-05T23:14:45,dense_internal_fund_flow;large_erc20_asset_flow,0x614b3341,true
25689510,0x62b8c0faf5d78a4197eaa21d818b4fca7976650f272b19a481902fe544e62560,0x9a8a3c602846911c51362cce3d0138c8b294fbd0,0x00000000075d9aed2e32de0aec3d7fe316514e79,2026-08-05T23:14:55,dense_internal_fund_flow;complex_trace,0x00000002,true
25689510,0xec54383d4aacf8e22ab0db8fbafa83b878ec31a72f9f64d3e102a1449992f9b0,0xe2da046340e00264c4f0443243a0565007ae08ac,0x923c7ae586b748da0fbea964c7a6089569bad61c,2026-08-05T23:14:56,complex_trace;high_gas_used_context,0x380db829,false
25689510,0x43cc2a940e58b71224aac5a53878ac716b228c65e8a420b027208b7507a6abbc,0x80d04079ffc53eb14edbeeb37279d126f45552df,0x8a7e5c307ddaa8cc47737a96b7c2b496cce7e339,2026-08-05T23:14:59,repeated_internal_token_drain;dense_internal_fund_flow;complex_trace;high_gas_used_context;token_activity_burst;repeated_risky_internal_calls,0x8aaa8f3b,true
25689510,0x63f54f3d4eb4139f6d7fe3f757fc5475786e5bbac8caf772a55bac40f49280c4,0xa5bd158921ace632d438cdffe8851bda583c52c7,0xc36442b4a4522e871399cd717abdd847ab11fe88,2026-08-05T23:14:59,large_erc20_asset_flow,0xac9650d8,true
25689510,0x7b6e7e08abd856f389a0ac84e6dd6a37a3ff829de47dff5cfe57b7757aef54c7,0xb706420e59712900eb10acc8d6a29312ecd3044c,0x5cc9400ffb4da168cf271e912f589462c3a00d1f,2026-08-05T23:14:59,privileged_execution_context;complex_trace;high_gas_used_context,0xf41b2db6,true
25689510,0xc51f73a60b8daa3b27931eabfbf1dc2c25230909dfb53c8e07de84d464164edd,0x96c4af8a6634f1dd8d50d7e373a44852a511487b,0x32e8c0b986bf7f79420d455320346d017f9a74c5,2026-08-05T23:14:59,privileged_execution_context;complex_trace,0xc6fe8747,false
25689510,0xf25f05603f3aac45725f48eaf5989d6c24fd64441758bed2ca40772dbffc9734,0x3cfdc212769c890907bce93d3d8c2c53de6a7a89,0x0000000071727de22e5e9d8baf0edac6f37da032,2026-08-05T23:14:59,privileged_execution_context;complex_trace,0x765e827f,false
