block_num,tx_hash,from,to,detect_time,attack_signals,selector,has_asset_impact
25684029,0x2ef9d6c282c81091fcd15980845fb7a2303cd8857c67033d18dbfe8c8c099776,0xb8f563e3348ff51b32227f4cff56eed7020c6f6a,0x28b1dc1a5e3699a428bc51d234dfab7c9cb2a183,2026-08-05T04:45:05,complex_trace;high_gas_used_context;token_activity_burst,0x0c307f76,true
25684029,0x5cc1f40a269b3bc87d59fcd5bf02f6e4eed1bdc6d65cc6dc66031a36ef83b5a2,0x6caef2a44cb3e2beb1db7ec829caf63c6d39ace4,0x4313c378cc91ea583c91387b9216e2c03096b27f,2026-08-05T04:45:05,dense_internal_fund_flow,0xeffbec13,true
25684029,0x7f229fc905378ce942e3104dbfaab2a290bc6638387713e1b50a5dc6d19b0a20,0xb2b6a2b2611e0e64ae5042ec20a31158f5ce89c3,0x28b1dc1a5e3699a428bc51d234dfab7c9cb2a183,2026-08-05T04:45:06,dense_internal_fund_flow;complex_trace,0x0c307f76,true
25684029,0xa8ac839988b358c93f1a0da91cb158c59551660d203e2e6fcbb74f96f9178c2f,0x7172e43177bcba1cf8d4217e1766226a4cd1b547,,2026-08-05T04:45:06,large_mint_to_sender;contract_creation_context,0x60806040,true
25684029,0xa9d7c8c06e6175918faf64271ed58f223cbaad6a9a0913042e335e2cb7c25fc6,0xd71eddcfa7588cbede6fde08c5fe3690123e757b,0x6a000f20005980200259b80c5102003040001068,2026-08-05T04:45:06,dense_internal_fund_flow;large_erc20_asset_flow;complex_trace,0x0d893d62,true
25684029,0xad0f0c02ade8d4cd84457684abf627527f5bc4e07d8bf3a3f6cb4d3de68e8162,0x0d3b074b2e077165f2c411088c03453157afaa89,0x0889e9327b98d7d1be3c301a4585ff3330502c9a,2026-08-05T04:45:06,dense_internal_fund_flow;complex_trace;high_gas_used_context;token_activity_burst,0x1fff991f,true
25684029,0xfc1b065e5135f78bde0d1b4b608f6540e3e8b8ad505d315e3a75ec35c549e5f1,0xc066ac5d385419b1a8c43a0e146fa439837a8b8c,0xdb9b1e94b5b69df7e401ddbede43491141047db3,2026-08-05T04:45:06,complex_trace;high_gas_used_context;token_activity_burst,0xcef6d209,false
25684029,0xe0962b09db60c5a7683e8ff96ef4054eaa8bffe341be7309373657a7f8f08b46,0x09cfee647fa339133380191c8db6b44f24500c9d,0x77b85afbcd336993ac1c65057531c5a5b33b76b8,2026-08-05T04:45:07,high_gas_used_context;token_activity_burst,0xa9059cbb,false
25684030,0x184df45e8f7c692c8af2e1d486ddf02e8947d900f69961b14d52b1550bfaf3b0,0x47da8dba29f6ed62fcd95acdaaeda07d6a947147,0xb49b1f78838f4889836ca0bd13521b42f47de5c1,2026-08-05T04:45:10,complex_trace;high_gas_used_context,0x11da60b4,false
25684030,0xc79da27525e9920b757f6c0774b2dcec087cd243f394a9a960b452bfb4002f8d,0x7830c87c02e56aff27fa8ab1241711331fa86f43,0xa9d1e08c7793af67e9d92fe308d5697fb81d3e43,2026-08-05T04:45:10,large_erc20_asset_flow;token_activity_burst,0xca350aa6,true
25684030,0x49f8a3d4172981bc4845b311371b6e36118409fc86ac481a09595be2b04f44d7,0x6b063481f8216b5624ec496dd72376bef00faffd,0xa9d635ef85bc37eb9ff9d6165481ea230ed32392,2026-08-05T04:45:11,complex_trace;high_gas_used_context,0x13d79a0b,false
25684031,0x0c7dbdf6172717730722e19dc527d7ca199cb9b73f662d9600ec44bc7171639c,0x7830c87c02e56aff27fa8ab1241711331fa86f43,0xa9d1e08c7793af67e9d92fe308d5697fb81d3e43,2026-08-05T04:45:23,large_erc20_asset_flow,0xca350aa6,true
25684031,0x1e87e1b67f4e6496601d4c300fdcd71e6d190c0134fb97f4d4a033cd96f599e8,0xedaca27b2f78640b7c7e7bce5d2ca0ac6b4b1e26,0xb300000b72deaeb607a12d5f54773d1c19c7028d,2026-08-05T04:45:23,complex_trace;high_gas_used_context;token_activity_burst;approval_burst,0x810c705b,false
25684031,0x3907bc3e45bfb9b13f77b5e7b22128fc8d8054ba944baf877fd09a434692b7d5,0xfe5db87631c5b06eccd17880e9d8e944d4f1bfc8,0x28b1dc1a5e3699a428bc51d234dfab7c9cb2a183,2026-08-05T04:45:23,complex_trace;token_activity_burst,0x0c307f76,false
25684031,0x3a18f3509b44fca43f6eab9c7f89a932a18e6aa59775ddc39f504ef2354fabc9,0x4123cfe1e475ac42a10ee22971a78462738f0509,0xb300000b72deaeb607a12d5f54773d1c19c7028d,2026-08-05T04:45:23,dense_internal_fund_flow;complex_trace;high_gas_used_context;token_activity_burst,0x810c705b,true
25684031,0x555b36021ccab97b0b4334b0a9efe26bd2e2c0dbe474f53a45359d4e4722dd60,0xdf8adfe10d4a4d9f0fc4d3e377a6e8d5730eb40c,0x06cff7088619c7178f5e14f0b119458d08d2f5ef,2026-08-05T04:45:23,dense_internal_fund_flow;large_erc20_asset_flow;complex_trace,0x99999999,true
25684031,0x7613a8618b3e08d5f19def6349ef205dc07db649666e67913dc03ab0e64d2de3,0xf70da97812cb96acdf810712aa562db8dfa3dbef,0xccc88a9d1b4ed6b0eaba998850414b24f1c315be,2026-08-05T04:45:23,dense_internal_fund_flow,0x0a2b8f36,true
25684031,0xd0e8af0ff128b4e67ae209ad2fdf38d87cfacdcc4cd5b44e197126c5b7271046,0x4dfbbe1e197bf62e87989e8dbc1b0bd800552dfe,0x0000000000000068f116a894984e2db1123eb395,2026-08-05T04:45:23,complex_trace;high_gas_used_context,0x87201b41,false
25684031,0xf43420a3424fd00a40f210256ebefbd10a6d0187db0adfab51a706a05fe62aab,0xace0000083d3952db57d903f26f2009480d3ebc1,0xbe80844f0a2708b564a2708311165bb2a54cfa61,2026-08-05T04:45:23,complex_trace;high_gas_used_context,0xd2fca68a,false
25684031,0x0e668e3be1eefc8bb63957abfeeb4b65062ddee051ce7e949d92fa8370f45490,0xd034065a2df27dfe9400030a659e5509bcb6a8f5,0x5f7d04544208377f1789b0ec05cac07d7e182873,2026-08-05T04:45:24,complex_trace;high_gas_used_context,0x0102cb76,false
25684031,0xd574a7573322c2e8c877cae108277a5dd57dd9db5c126ffad463ace6dd47f731,0x54ed1ac2ffb170a7e6df7bd9cb71fd60a1fb0eab,0xa7e427d177616e5cd409b52e0fc58617a726c7cb,2026-08-05T04:45:24,complex_trace;high_gas_used_context,0x74dae1ed,false
25684031,0x4d5c343695eeb47dd04ab3fe314e9a311a580d9349309551de084f41544d53db,0x80d04079ffc53eb14edbeeb37279d126f45552df,0x75183b81549e9bd5215e5661a049d30340ffac55,2026-08-05T04:45:26,repeated_internal_token_drain;dense_internal_fund_flow;complex_trace;token_activity_burst;repeated_risky_internal_calls,0x8aaa8f3b,true
25684031,0x88068b2e25a926ee7d59977cec92f9873543d6f90504c38778548e5ae4f4ba29,0x8b5606469e21c75edd7c74d1c7a65824675d9aff,0x9ccc2f3ecde026230e11a5c8799ac7524f2bb294,2026-08-05T04:45:26,dense_internal_fund_flow;complex_trace,0x1bc74526,true
25684032,0x84979da9655c745e2328174bf559b3c067686f1cb49a32e04237ad500c35f772,0xacb774eec3d23b3846d21fb0abc97ebbd5e91436,0x4313c378cc91ea583c91387b9216e2c03096b27f,2026-08-05T04:45:30,dense_internal_fund_flow,0xeffbec13,true
25684032,0xc2f0305818362f9f043c94cb95c6291345acfcc85c07c40e959be912f13a502c,0xbad000006db10503589262b55d09bb7b3c5e1472,0xbbbbb048b1a85ca221058c45525095b6a68bbbbb,2026-08-05T04:45:31,repeated_internal_token_drain;dense_internal_fund_flow;complex_trace;high_gas_used_context;token_activity_burst;repeated_risky_internal_calls,0xa9059cbb,true
25684033,0x023e59ef333f36a65ac88c6bc7acb8c6c1085b3481f908747ec75ed0e5530766,0xb8b3946fba124f3c0c38ca786c7d9db15af6c209,0x4313c378cc91ea583c91387b9216e2c03096b27f,2026-08-05T04:45:45,dense_internal_fund_flow,0xeffbec13,true
25684033,0x0669b7a55a7fb932a3e9ca5ba0ad836fdad3d53b206c3ee2d3520397222982f7,0x119b554ed2b73f524a91f139b2d43bf7cdd3a08c,0x4313c378cc91ea583c91387b9216e2c03096b27f,2026-08-05T04:45:45,dense_internal_fund_flow,0xeffbec13,true
25684033,0x0b2be86282e0f9c8a11037cb503745d61a16ccbf8aa13876bb19685703705ccd,0x1399b3af616d86d0d1c4f50380ecbec629836552,0x4313c378cc91ea583c91387b9216e2c03096b27f,2026-08-05T04:45:45,dense_internal_fund_flow,0xeffbec13,true
25684033,0x0bbc996f2cce5e63dfa3b2b1aec40f9f04e444cef904ab6d82232c0aa2ee54e2,0xb7b32ffb5034ac4b701b518d901d86d17d92ae5b,0x4313c378cc91ea583c91387b9216e2c03096b27f,2026-08-05T04:45:45,dense_internal_fund_flow,0xeffbec13,true
25684033,0x31f5bcfae5a24dbe59d98bb06b9daeed9c180c946df427fb70de870a38bbd618,0x1882c9b451258ce511a45062792ad47e08b0ec88,0x4313c378cc91ea583c91387b9216e2c03096b27f,2026-08-05T04:45:45,dense_internal_fund_flow,0xeffbec13,true
25684033,0x57d70258344505a289ab4f3eb55bb6aea0be98571c09dfaba9b2ae7df6319f77,0x7b49bc3ebbdf7322f31c6449320382bbec3be1b6,0xad3b67bca8935cb510c8d18bd45f0b94f54a968f,2026-08-05T04:45:45,complex_trace;high_gas_used_context;token_activity_burst;approval_burst,0x146ee74d,false
25684033,0x9e95198d5792ca2fc3e4f9edc5568d73cc6d59f1c4fa9b41d4e01301b8782c11,0x1927a547963a39813bd2ab2982f08b469cfdd62a,0x0889e9327b98d7d1be3c301a4585ff3330502c9a,2026-08-05T04:45:45,dense_internal_fund_flow,0x1fff991f,true
25684033,0xa16788ba59c26440c0c43aff404ac5758e4e3195bbb321db05fbe4caefb9bb4f,0x8a2a3d6fcefd9427ac46b07c91d21207aaa0e168,0x4313c378cc91ea583c91387b9216e2c03096b27f,2026-08-05T04:45:45,dense_internal_fund_flow,0xeffbec13,true
25684033,0xaf4e9b455a25b945b8493b818d7302a5f994c892d03ba1bdba5f5ebbe493142c,0x51a329c65cb8c50efc9a1171d568fcab957761c6,0xb216fd07b50a1d251724949e301d9fb8bb525f02,2026-08-05T04:45:45,complex_trace;high_gas_used_context,0x03ac03ac,false
25684033,0xd81f27c4bcc1536eecaa8222d20f8b75d3e5d83c1e6e3ccd065bd62cce2504f7,0xcc5ecdfc4f4b81e3363e6417031a4e3e3186a2f5,0x4313c378cc91ea583c91387b9216e2c03096b27f,2026-08-05T04:45:45,dense_internal_fund_flow;complex_trace;high_gas_used_context,0xeffbec13,true
25684033,0xea26bcfbcd4f5c2ceb119125d8b6bd4314f578f458e5ba7de3a35d85a2cbb162,0x6f938e7360d8f7390e89c67f16df6abc21195187,0x99e66f3ce49266bd04a64d989ea63df0b8f43b80,2026-08-05T04:45:45,large_erc20_asset_flow;complex_trace;high_gas_used_context,0x036e036e,true
25684033,0x109c8ff975dbf9fb86d8c2ce6ac06372281583dc81562b6a73de8382f6cbbb87,0x4337009be43c7ecc9bfbde0f1780553aa065187e,0x4337084d9e255ff0702461cf8895ce9e3b5ff108,2026-08-05T04:45:46,dense_internal_fund_flow;complex_trace;high_gas_used_context;token_activity_burst,0x765e827f,true
25684033,0x945ee22dde78a5006b740a5b235da468a6d88b62ba037390597294687b64515d,0x690a990e1b03905587cd25762cd574501d312bff,0x55c3337d3564aa839b34e38fba291eaaaacb890e,2026-08-05T04:45:46,complex_trace;high_gas_used_context,0x4618b137,false
25684033,0xa21af4197fbef61ff68ff72d159b33f834b43844ddeea8d48eb540a1e5d04ca4,0xab3a05f984f27afd63d90c4ca92399cd70fac027,0x00b19a5200a100e5fc4c9800772f4d002f218400,2026-08-05T04:45:46,privileged_execution_context,0x7e734c5a,false
25684033,0x9ae918a49ede4e50223ceb03100184f6faa53b66d11325b0a90502400b3d81f8,0x2156f29d64f81701b58877129006e8b1964149b6,0x888888888889758f76e7103c6cbf23abbf58f946,2026-08-05T04:45:47,large_erc20_asset_flow;complex_trace,0x47f1de22,true
25684033,0xe5e57739daa8c1a603cf7ba68301c5a12eddc432a84eb6defcc88041ec4ea4b3,0x4337023cce7419f20db4057b4dc3e2ea0c2151e0,0x0000000071727de22e5e9d8baf0edac6f37da032,2026-08-05T04:45:47,privileged_execution_context;complex_trace,0x765e827f,false
25684035,0x1bd3e2a6f22fe6a73ed6c9e95ff4f53742800a5e405bf06fc8bf5ff12ac98658,0xb8f563e3348ff51b32227f4cff56eed7020c6f6a,0x28b1dc1a5e3699a428bc51d234dfab7c9cb2a183,2026-08-05T04:46:12,complex_trace;high_gas_used_context;token_activity_burst,0x0c307f76,true
25684035,0xe8ab6b3f43f6c246b8abc4a358a5d590af8b9dcf1d10a3db01e4d98d775cf2b4,0xd1959a9634c0b54b7433756bbd20d8744e895278,0xe7e68d336f90f98d22a479253eafa5f2424acad8,2026-08-05T04:46:12,dense_internal_fund_flow;large_erc20_asset_flow;complex_trace,0x21c69a19,true
25684035,0x291afbe448213c5678cf9660bb29d91b0c008486ad1f4c784158da4e88bd75cd,0xbcaccc1a2b839f713bc9f6c4a6372bc3984bcc0b,0x0a8accba63f42e743a31f33c44b87be0c83fe230,2026-08-05T04:46:14,dense_internal_fund_flow;complex_trace;high_gas_used_context,0x99000000,true
25684035,0x3bf759efdbb6157bfef4e4087c1d506e0fe20a09ce24ee35874f17c1a92711ad,0x6caef2a44cb3e2beb1db7ec829caf63c6d39ace4,0x4313c378cc91ea583c91387b9216e2c03096b27f,2026-08-05T04:46:14,dense_internal_fund_flow,0xeffbec13,true
25684035,0x4912f455fdaf0d4fbbaf9ac813beb663e24beb2b6e196693526acbd37001dba9,0x09cfee647fa339133380191c8db6b44f24500c9d,0x96b481c22ee3d6c3667f8c7f60c9e00212799f50,2026-08-05T04:46:14,high_gas_used_context;token_activity_burst,0xa9059cbb,false
25684035,0x6c38a3131be6f98683b60520745873d5d500102674f58deecf2d168c2bbe4e21,0x7b49bc3ebbdf7322f31c6449320382bbec3be1b6,0xad3b67bca8935cb510c8d18bd45f0b94f54a968f,2026-08-05T04:46:14,complex_trace;high_gas_used_context;token_activity_burst;approval_burst,0x146ee74d,false
25684036,0x5347781f3571c6b889f2f210821fd574c097d2fbbcf58a950fc1a0bcabf02acd,0x4d88ef8b16d78ed70de7b6aa8ee1cb31f9834271,0xccc88a9d1b4ed6b0eaba998850414b24f1c315be,2026-08-05T04:46:23,large_erc20_asset_flow;complex_trace,0xf9e4bab4,true
25684036,0x702e7eac0b9c7b4545f7b4896bdb49ce1155df3991d4b156a0cc71252a8e2f44,0xea37d15913605f8fa6cd6e85a8b67bad825f50fd,0xb300000b72deaeb607a12d5f54773d1c19c7028d,2026-08-05T04:46:23,dense_internal_fund_flow;complex_trace,0x810c705b,true
25684036,0x539259535910494ae2b3a293b405cdd9b718e365736c3f63806d824095526714,0x86d4531cda26c19643a8ed1a75565d01c721c006,0x337685fdab40d39bd02028545a4ffa7d287cc3e2,2026-08-05T04:46:24,dense_internal_fund_flow;complex_trace,0x30dedc57,true
25684036,0xacd70a0bdf7758dd76db0cebf8344a6fe84efca39812ea71afc8b70b1eaf30c0,0x986fdc1af63802073ccfec1d864374c7afffe91e,0x07964f135f276412b3182a3b2407b8dd45000000,2026-08-05T04:46:24,dense_internal_fund_flow,0x0dc4bdae,true
25684036,0xc4d17043a0100aaab1f6bb1d6184e86b9315809adf63b3b72b6e0660d81429af,0x50bf934781f63028c5c8ef49c4affe19a86d99b6,0x8d04cc7e86e687854eb41d9d43512b655b93184b,2026-08-05T04:46:24,complex_trace;selfdestruct_context,0x4a1bf18a,false
25684036,0xcb65d795d0cc9ea05d8261e655443673981d2c90077cfc781857c6bdeadd790b,0xbad000006db10503589262b55d09bb7b3c5e1472,0xbbbbb048b1a85ca221058c45525095b6a68bbbbb,2026-08-05T04:46:24,repeated_internal_token_drain;dense_internal_fund_flow;complex_trace;high_gas_used_context;token_activity_burst;repeated_risky_internal_calls,0xa9059cbb,true
25684036,0xf35730861a09a19015c529c4d5533179955a147a875215f3e553b660d33acb25,0xe91bcae4a2d7b951304695f93cf1b9a1837cfe43,0x7ec8a30a34b86927dc77b302603d1d53e640bef7,2026-08-05T04:46:24,high_gas_used_context;token_activity_burst,0xa9059cbb,false
25684036,0x0767322c693b737e21f1531ba56417459e9d35c764490900ad549822954c1d53,0x161643f280b09be8e0271eef8efc6c264d125003,0x84fee5c97dc2fafcfdfdafa4b7d8cd39421cac31,2026-08-05T04:46:25,dense_internal_fund_flow;token_activity_burst,0xa9059cbb,true
25684036,0x172c2a0bebbaea0ab275785c73648b6965f9f9c09969d81ea8fc564fdb697cf8,0x84c8d3be3d2cf8c198c0a6c058437092f5481027,0x28b1dc1a5e3699a428bc51d234dfab7c9cb2a183,2026-08-05T04:46:25,complex_trace;high_gas_used_context,0x0c307f76,true
25684037,0x23eb17fb4c4ee8963f417e6754b22d0e0c4ae7a6924f1632c82764fce731ed50,0x43370368dccceb147c89d1d78f14589225220290,0x0000000071727de22e5e9d8baf0edac6f37da032,2026-08-05T04:46:31,dense_internal_fund_flow;complex_trace;high_gas_used_context;token_activity_burst,0x765e827f,true
25684038,0x077fb5fa1516dbc928d485e644a6cfeddc0f8ea6366624851c4943544aca57c9,0xf70da97812cb96acdf810712aa562db8dfa3dbef,0xb92fe925dc43a0ecde6c8b1a2709c170ec4fff4f,2026-08-05T04:46:46,dense_internal_fund_flow,0xcd6e13f7,true
25684038,0xba723d1855c34641f96b3aae376a7581d3d146fd0328657d176e11a36ef185f4,0x8a2a3d6fcefd9427ac46b07c91d21207aaa0e168,0x4313c378cc91ea583c91387b9216e2c03096b27f,2026-08-05T04:46:46,dense_internal_fund_flow,0xeffbec13,true
25684038,0xbae2a5c2d402f6749223757d2dc58fc9804cf80238e198c8b266abc5210f778b,0x77746d6ffa0bf81eda08b16826d9b1e3068b593c,0x555ce236c0220695b68341bc48c68d52210cc35b,2026-08-05T04:46:46,dense_internal_fund_flow;large_erc20_asset_flow;complex_trace,0xc3c16ee4,true
25684038,0x5d24efb6749beabd7e765c7c35c2c23da60d26e2646a8e7f94ba30e7c7753e4c,0x09cfee647fa339133380191c8db6b44f24500c9d,0x77b85afbcd336993ac1c65057531c5a5b33b76b8,2026-08-05T04:46:47,high_gas_used_context;token_activity_burst,0xa9059cbb,false
25684038,0xbde06e836975406d503aad30954f14c766b573dc7db34ec9c90cf767b0dfa32c,0xc30c7ea910a71ce06ae840868b0c7e47616ba4c9,0xd7092b85456b7a28b6664ba482ce23457abf8f2c,2026-08-05T04:46:47,large_erc20_asset_flow;complex_trace,0x6a761202,true
25684038,0xdd0a45e4b50d31c12a783f61b96234622a8d5990344acb55fcd0c2605c3aad89,0x7556699aa8e6a7c9c69bcfaf9debd05f8192b063,0x84cab37995229530d9e6e5cff2f8f4ebe4517d66,2026-08-05T04:46:47,complex_trace;high_gas_used_context;token_activity_burst,0xe587456a,false
25684038,0x0b562a9bf0a47cd387bf9009f9c6e90ecac482a3092f107f62dd87f1d65f7877,0x863bc5e6296155567f5e7f48a22aadfb68ad4c54,0x7a250d5630b4cf539739df2c5dacb4c659f2488d,2026-08-05T04:46:48,dense_internal_fund_flow,0x02751cec,true
25684038,0xf40b75e985838382fa5e170f50063ec9f04f90212479d0f04cef10b397878804,0x2f2382806ea9d6e8d4d172cd6bdc72b7cab7792c,0xa032afd73fd42deb549698f5ac93e8b373330b09,2026-08-05T04:46:48,privileged_execution_context;complex_trace,0x311b0198,false
25684039,0x24b3bbe8249b1c657460ac40aa490d05279426149b3135cccc419073a19c92c9,0x995d38316abc9c0958caca1472b3e4bb27551868,0xf9280799c85d376e0425f6fb38e4a674e8bedb56,2026-08-05T04:47:02,dense_internal_fund_flow,0x39ecce49,true
25684039,0x184bb9c516d9ce18747c08a97f46e747aef20862abacb78af61fd0f6827a1b12,0xc6acbee42e9e323140c1ed060c2f6ea9cc3b4b75,0x7c5a71c9fefbc7691f9d4ac7baf70c743792f716,2026-08-05T04:47:05,selfdestruct_context,0xf3fef3a3,false
25684039,0x53162e540edd205b4215a609964aff74d1942e6aa27d69a35680450de4d086f3,0x856f4e2e4ea8b69b7b9f9e79665a4b42b241d5f8,0xd01607c3c5ecaba394d8be377a08590149325722,2026-08-05T04:47:05,dense_internal_fund_flow;large_erc20_asset_flow;complex_trace,0x80500d20,true
25684039,0x6905fb7e51df224787144d03f2e45e6d689ec63c90a4914b4517af8c4503c498,0xe20446cccbfd5f9038e747f1dea8016ecbd94ae5,0x442be06bb5d13711a22ccd3fa382b72a874c5135,2026-08-05T04:47:05,privileged_execution_context,0xf7b5c341,false
25684039,0x7b89f4aa4215afcd6691879390f22c3e81aef4135dafcb56825e8322a3e2b73c,0x09a591f0e4fa0abac08f05bc0916c51ee34c1a1b,0x5cb16a393b9b43c590953b51058edab1bde0f5fa,2026-08-05T04:47:05,dense_internal_fund_flow,0x501d976c,true
25684039,0x9e3eeac6385aaad26eecead6bfcff042eb3ae64b25505bf3e7841e89cfac40ae,0xdd6835c55bc2d4a6ddb168b956e4cf1a3a66e621,0x6131b5fae19ea4f9d964eac0408e4408b66337b5,2026-08-05T04:47:05,large_erc20_asset_flow;complex_trace;high_gas_used_context,0xe21fd0e9,true
25684040,0xd7482a3631e84e467f3d479c254fd86f6558a08fdc6aad60002b912978177d44,0x7a26967bba9eef027f7484a194bf19994eb12831,0x308861a430be4cce5502d0a12724771fc6daf216,2026-08-05T04:47:17,large_erc20_asset_flow;complex_trace,0x397a1b28,true
25684040,0x6d858d434f4a493252150a2c796f220845af5324942e6f6a4ec242a5c9a44203,0x80d04079ffc53eb14edbeeb37279d126f45552df,0x75183b81549e9bd5215e5661a049d30340ffac55,2026-08-05T04:47:18,repeated_internal_token_drain;dense_internal_fund_flow;complex_trace;token_activity_burst;repeated_risky_internal_calls,0x8aaa8f3b,true
25684040,0x9850ac1777a48c32654339af0d720e29ed1c71f8b44bf84204fcbd566903a940,0x8a2a3d6fcefd9427ac46b07c91d21207aaa0e168,0x4313c378cc91ea583c91387b9216e2c03096b27f,2026-08-05T04:47:18,dense_internal_fund_flow,0xeffbec13,true
25684040,0xa4c1fa8feeae68535fd74ffbfe999dbee815ff43be80fdbbfcdffbf564ad2143,0x66666acfc84d4abb990c3a621214df1b0e4e7ace,0x28b1dc1a5e3699a428bc51d234dfab7c9cb2a183,2026-08-05T04:47:18,complex_trace;high_gas_used_context,0x0c307f76,true
25684040,0xebc77dd845d8ae644c3858b60053542c903ba939f5c65ef586ed0b9d39288c6a,0x8a2a3d6fcefd9427ac46b07c91d21207aaa0e168,0x4313c378cc91ea583c91387b9216e2c03096b27f,2026-08-05T04:47:18,dense_internal_fund_flow,0xeffbec13,true
25684040,0xfd2e87a4fd27bdb9dfe4c2e499c19b0bb165c15adaa4c0fca6d72c0f1fa5101f,0x7556699aa8e6a7c9c69bcfaf9debd05f8192b063,0x84cab37995229530d9e6e5cff2f8f4ebe4517d66,2026-08-05T04:47:18,complex_trace;high_gas_used_context;token_activity_burst,0xe587456a,false
25684040,0xf5004d77ffc71c7e1dcb10011fb5a8eb196eb7b4db7614273836ed34bddfef56,0x4fe6c9d986d30791d87692490a4c0c280ad90abe,0xccc88a9d1b4ed6b0eaba998850414b24f1c315be,2026-08-05T04:47:19,dense_internal_fund_flow;complex_trace,0xf9e4bab4,true
25684041,0x5d436212d15965a2e2788e73fd64c945e359dc52d5e709af98224254bb3ea6ce,0x7830c87c02e56aff27fa8ab1241711331fa86f43,0xa9d1e08c7793af67e9d92fe308d5697fb81d3e43,2026-08-05T04:47:33,large_erc20_asset_flow,0xca350aa6,true
25684041,0xe08b2040dc9dae901725a9c65fde8ae791b0377a3d325a42d13ee3ad81908ab9,0x59aab1bd0d26290274398c07b55955c15425e16b,0x00fe78205f5f0e63b8ad2b2ae5337f538a610e04,2026-08-05T04:47:34,repeated_internal_token_drain;dense_internal_fund_flow;complex_trace;high_gas_used_context;token_activity_burst;repeated_risky_internal_calls,0x34fcd5be,true
25684042,0xd60feef0b8fb40c52dbc7403d61a833cc32a93be6b43634c586ac7b31d5a3b8e,0xc812ef41d6dd23c386ee8430822db25448c97469,0xf9280799c85d376e0425f6fb38e4a674e8bedb56,2026-08-05T04:47:49,dense_internal_fund_flow,0x39ecce49,true
25684042,0x19046547c42be818f1e8fc4589aa3f227ee63a90dbe4a5cbc050b96f60b97bda,0x4ae8f9294dcf802d22af1ccb1e05e8fc7ac26bb2,0x78ace9b2ee9a31737fad748015266a59f32dc79a,2026-08-05T04:47:50,large_erc20_asset_flow;complex_trace,0x9265bb9d,true
25684042,0x2958173d35ee26ca5a717bebb68a5fde377549c70cef0f4b142dae93bf980698,0x7556699aa8e6a7c9c69bcfaf9debd05f8192b063,0x84cab37995229530d9e6e5cff2f8f4ebe4517d66,2026-08-05T04:47:51,complex_trace;high_gas_used_context,0xe587456a,false
25684042,0xd1f49aa92a5406e7eba9623ffe6f94e759d93cbe54406ae8ce4f5ac3f9cfc249,0xd6434d157f254276d69ede3bd9fc805482206908,0x7ec8a30a34b86927dc77b302603d1d53e640bef7,2026-08-05T04:47:51,repeated_internal_token_drain;dense_internal_fund_flow;very_complex_trace;high_gas_used_context;token_activity_burst;repeated_risky_internal_calls,0xa9059cbb,true
25684043,0xcef5801ce5a7fad81a086bfd51a64b89d04a8cbafcca28e5a47b31a21631c53b,0x668001289b9da5a23840a6d4fa195d977f23bb3b,0x0000000071727de22e5e9d8baf0edac6f37da032,2026-08-05T04:48:04,complex_trace;high_gas_used_context;token_activity_burst,0x765e827f,false
25684043,0x969fc7b29d87750e78eef60ef095b2f847d0b51d039fc6deef5cfdb56a6f4b83,0xb23360ccdd9ed1b15d45e5d3824bb409c8d7c460,0x09c30cdcdd971423cb3ba757a47d56c35d06d818,2026-08-05T04:48:06,dense_internal_fund_flow,0x318adb8b,true
25684043,0x75c94ae696583074b3ae0ef5c0b6534de61c8a55e526d4ec06c6cefacc2f0fae,0x22ea0e66c9afe2879135f4d16b5627454c53877e,,2026-08-05T04:48:07,privileged_execution_context;contract_creation_context,0x60806040,false
25684043,0xcfa1740567c556847342794398bdd73cba018a78c50e1c5dabc08c9cbdf69a79,0xbad000006db10503589262b55d09bb7b3c5e1472,0xbbbbb048b1a85ca221058c45525095b6a68bbbbb,2026-08-05T04:48:07,complex_trace;token_activity_burst,0xa9059cbb,false
25684043,0xa27cee736e62095bf16e8436d39c804b32dc92f104006e7e9779a68ddde1fa44,0x09cfee647fa339133380191c8db6b44f24500c9d,0x77b85afbcd336993ac1c65057531c5a5b33b76b8,2026-08-05T04:48:08,high_gas_used_context;token_activity_burst,0xa9059cbb,false
25684044,0x0e69053c6da838cd812ed15385f589024099d88ec5f25170546bde6e7ca06811,0x46cba1e9b1e5db32da28428f2fb85587bcb785e7,0xdadef1ffbfeaab4f68a9fd181395f68b4e4e7ae0,2026-08-05T04:48:21,large_erc20_asset_flow;complex_trace,0x6dcc078e,true
25684044,0x46c005933b2aa5ceb33bc7b1e604271ac8cc57bb01e386159f41b076f71c55c8,0x09cfee647fa339133380191c8db6b44f24500c9d,0x77b85afbcd336993ac1c65057531c5a5b33b76b8,2026-08-05T04:48:21,high_gas_used_context;token_activity_burst,0xa9059cbb,false
25684044,0x5e24311b1e837e0d45f07b6161d63678cbd1539231665f9112db6f0361a61dd2,0x4ac4a33101abb2aa21167de2b881429b915818a3,0x66a9893cc07d91d95644aedd05d03f95e1dba8af,2026-08-05T04:48:21,dense_internal_fund_flow;large_erc20_asset_flow;complex_trace,0x3593564c,true
25684044,0x79699fba53fe4e71905b5957c0cad376e84ed5887cf58d92d1c9d00a9ac86b12,0xc30c7ea910a71ce06ae840868b0c7e47616ba4c9,0xd7092b85456b7a28b6664ba482ce23457abf8f2c,2026-08-05T04:48:21,large_erc20_asset_flow;complex_trace,0x6a761202,true
25684045,0x178af60fa6cb520e2a7baee90cf3d1121e1fe5d14c47b06cafddd6d005c56c7e,0xd99ac0681b904991169a4f398b9043781adbe0c3,0x5523985926aa12ba58dc5ad00ddca99678d7227e,2026-08-05T04:48:32,large_erc20_asset_flow;complex_trace,0x84d61c97,true
25684045,0x362a68bcde5d3daf7d03d999b18181b4f7669ab5a518ee7d063cb89890645be8,0xada5bb90d0de0bd1b6f3938708f49295a8d1f7cb,0xccc88a9d1b4ed6b0eaba998850414b24f1c315be,2026-08-05T04:48:32,dense_internal_fund_flow;complex_trace,0x0a2b8f36,true
25684045,0x8b093a8161b1aa39abdafa01f75125c29f6fdc15864cce8b9e02541027fccb8a,0x0165556a41a18c918dbe1bbfdbbd91a9ac3880c6,0x2621b38e2b764ede29afa54db0df598068cd410c,2026-08-05T04:48:32,large_erc20_asset_flow;complex_trace,0x0ab35bb0,true
25684045,0x8dccca68c1878655ec97e165560de91e5844213cfa5a3aa57d8ab615c784b9da,0x0d40e498f24aff313d839949a0051b78069d0268,0x28b1dc1a5e3699a428bc51d234dfab7c9cb2a183,2026-08-05T04:48:33,complex_trace;high_gas_used_context;token_activity_burst,0x0c307f76,false
25684045,0xf54024125bf876c79c3865e76385fdfa159ab645d186b714b4ff029c1af44f76,0xc0ffeebabe5d496b2dde509f9fa189c25cf29671,0xe08d97e151473a848c3d9ca3f323cb720472d015,2026-08-05T04:48:33,dense_internal_fund_flow;large_erc20_asset_flow;complex_trace,0x1d23a9c4,true
25684045,0x2fad92baf73c607dbd889d8a18b0f7787627d17de0742cc7dec914a1889df20f,0x80d04079ffc53eb14edbeeb37279d126f45552df,0x75183b81549e9bd5215e5661a049d30340ffac55,2026-08-05T04:48:34,repeated_internal_token_drain;dense_internal_fund_flow;complex_trace;token_activity_burst;repeated_risky_internal_calls,0x8aaa8f3b,true
25684045,0x897d2e6a71e44a2c4b846a058cdf4208ffdf2c98dc9cd111a16baf10c2355c78,0x09cfee647fa339133380191c8db6b44f24500c9d,0x77b85afbcd336993ac1c65057531c5a5b33b76b8,2026-08-05T04:48:34,high_gas_used_context;token_activity_burst,0xa9059cbb,false
25684045,0xcabdc4220407b9273432e87350a0d0161e14f2b0336579bfab3920a56475ff48,0xcf943543695cfa6d796c675745372f75287419f7,,2026-08-05T04:48:34,large_mint_to_sender;high_gas_used_context;contract_creation_context,0x60806040,true
25684045,0xd86284e956ebc21ab943f33db95e3022ef666159bffc5f71de6a502cca6bca8f,0x1584a8ee67789d1fe161065388657ad2f2a3c7dd,0x77eb52e44db06777bce478159f25c0d55a295314,2026-08-05T04:48:34,repeated_internal_token_drain;dense_internal_fund_flow;complex_trace;high_gas_used_context;token_activity_burst;repeated_risky_internal_calls,0xa9059cbb,true
25684046,0x17016dfd8dae753ade32c7e3e081b9b238345040ac54631d0e2f3235adf57d22,0x7830c87c02e56aff27fa8ab1241711331fa86f43,0xa9d1e08c7793af67e9d92fe308d5697fb81d3e43,2026-08-05T04:48:48,dense_internal_fund_flow,0x1a1da075,true
25684046,0x286ddd70560299c8b032ef6bd32bdd6af33c5590a7f392ca6f21502c4cd49869,0xe37795e7bfdc29a67ba3faa0feb7e619e902833d,0x0000000000000068f116a894984e2db1123eb395,2026-08-05T04:48:48,complex_trace;high_gas_used_context,0x87201b41,false
25684046,0xb3ba0a9ee01bb574edd070373c8bf986a28bdafea077b31716fb5074ac7b38a4,0x1525f39f740cc2ab2f594252a4565bd7285d3afe,0x1231deb6f5749ef6ce6943a275a1d3e7486f4eae,2026-08-05T04:48:48,dense_internal_fund_flow,0x3110c7b9,true
25684046,0xbfb4072d43c6d49d5e1b5a1244bf14d323374bfa2127578a47aa9da97ec2a02f,0x97e1e6c70fe9f2209792640336534bfc9f93aa7a,0x0000000000001ff3684f28c67538d4d072c22734,2026-08-05T04:48:48,dense_internal_fund_flow;complex_trace;high_gas_used_context;token_activity_burst,0x2213bc0b,true
25684046,0x2ae699ac3d73d924ccf3936604773bf63e1af8098a8968314ea4b1d3d1245bab,0xada5bb90d0de0bd1b6f3938708f49295a8d1f7cb,0xccc88a9d1b4ed6b0eaba998850414b24f1c315be,2026-08-05T04:48:49,dense_internal_fund_flow;complex_trace,0x0a2b8f36,true
25684046,0xb28f96f7672225208a59d10b40a10c2b9b31913c07c7c21a2dadbc76fd1c0dbe,0xd6434d157f254276d69ede3bd9fc805482206908,0x7ec8a30a34b86927dc77b302603d1d53e640bef7,2026-08-05T04:48:49,repeated_internal_token_drain;dense_internal_fund_flow;complex_trace;high_gas_used_context;token_activity_burst,0xa9059cbb,true
25684046,0x82c450d394d118e560ecf5f902ae08153f16867f91c6b40512a39fe721df8208,0x59aab1bd0d26290274398c07b55955c15425e16b,0x00fe78205f5f0e63b8ad2b2ae5337f538a610e04,2026-08-05T04:48:50,complex_trace;high_gas_used_context;token_activity_burst,0x34fcd5be,false
25684046,0xaf856ac0c472da064a1a9ddf701f41447a71c1e1caf839d631def1215caa5819,0x09cfee647fa339133380191c8db6b44f24500c9d,0x77b85afbcd336993ac1c65057531c5a5b33b76b8,2026-08-05T04:48:50,high_gas_used_context;token_activity_burst,0xa9059cbb,false
25684047,0xb56aaff1a6985aa0ab86211104127ee4fdc7e2ed53ba4dde761830c885cb5b8f,0xc6c3a60a626c5fb87beda9028d69bccb2d82ef6c,0xb422b27b25f840fab430cc7cb7fe42c4b702db82,2026-08-05T04:49:03,large_erc20_asset_flow,0x18405256,true
25684047,0x24daa47d73106a84b7a05f1ca134c20829b1623bf18bdb5d2c62d25c887d53c2,0x7556699aa8e6a7c9c69bcfaf9debd05f8192b063,0x84cab37995229530d9e6e5cff2f8f4ebe4517d66,2026-08-05T04:49:09,complex_trace;high_gas_used_context;token_activity_burst,0xe587456a,false
25684047,0xad166ef0b4e835fd7d3733e944b5ca5336b3d5ee5ea517caa5fb74fd68897826,0x50bf934781f63028c5c8ef49c4affe19a86d99b6,0x8d04cc7e86e687854eb41d9d43512b655b93184b,2026-08-05T04:49:09,complex_trace;selfdestruct_context,0x4a1bf18a,false
25684047,0xfa5b57d1b67fbd7ee0c3f62cf4a12f802fc897c95154911cd3f4d516923e2227,0xf50ef13e5c29f9cf52b6476997d7d9a9352587e7,0xd90e2f925da726b50c4ed8d0fb90ad053324f31b,2026-08-05T04:49:09,dense_internal_fund_flow;complex_trace,0xb438689f,true
25684048,0x6e45e29a53507effb1c9729b2c19356e13758dd9dbbb6e986c6c0e0a7660e143,0x22ea0e66c9afe2879135f4d16b5627454c53877e,,2026-08-05T04:49:22,privileged_execution_context;high_gas_used_context;contract_creation_context,0x61012060,false
25684048,0x808bd2a52dc6a8b28dde13e8a5d46f6e6166286632b22ef93e166ad1759aa232,0x942b41d990133d8d9989bf3bb2f89f9aa1d127fd,0x05898436b412f23d339df2f9fe5d34f12e394d92,2026-08-05T04:49:22,large_erc20_asset_flow;complex_trace,0x9e79d47a,true
25684048,0x8355939f33202b3b07495152692e2324353757469579308aa590ec30f1706bae,0x09cfee647fa339133380191c8db6b44f24500c9d,0x96b481c22ee3d6c3667f8c7f60c9e00212799f50,2026-08-05T04:49:22,high_gas_used_context;token_activity_burst,0xa9059cbb,false
25684048,0x76dda40117318cceb7650b719d78f19eac4e1fb2000f69f6be92c38b97ca8c98,0x9fbd096ab9dddee2a2a858fcb9187637c234dacd,0x6131b5fae19ea4f9d964eac0408e4408b66337b5,2026-08-05T04:49:23,dense_internal_fund_flow;large_erc20_asset_flow;complex_trace,0xe21fd0e9,true
25684048,0x8ede2c0b371633ebae38013685cd5df817840901c3d21a1c68301abdb3dc6da7,0xca7ded7e4f4ba8ab3b10009236ae6d1b95094589,0xccc88a9d1b4ed6b0eaba998850414b24f1c315be,2026-08-05T04:49:23,complex_trace;high_gas_used_context;token_activity_burst,0x0a2b8f36,false
25684048,0x83bc441ce8a0b875d058de56bd8cad747251e55622d391729c32faa9fa84cc3d,0xc0f12799b8d3fa8810dfe1616095170c72117f8f,0xd90e2f925da726b50c4ed8d0fb90ad053324f31b,2026-08-05T04:49:24,dense_internal_fund_flow;complex_trace,0xb438689f,true
25684049,0x61d79fa43baf6a58102b8cfe7d687fd502ac61e8f236d11933367bfb664ff751,0x0e0052a184fd59c6b7e1e99d739802ecb3aec0e4,0xd82461784eb72d4b67cbab077989eb215315e272,2026-08-05T04:49:38,complex_trace;token_activity_burst;approval_burst,0xac9650d8,false
25684049,0x2884612658d56cbcadee7ae291f58b855454bcfb56be724c58043a26b368d22d,0xc98ba84ac58857bb6ac03a7e6bcce6a7522f8dac,0x72435289676a361f4d8dfabda228aa9c479d10ad,2026-08-05T04:49:39,complex_trace;high_gas_used_context,0x2b408d65,false
25684049,0xa43e3f7b901ae280a40953b6cc4d409ab37ec0a7286c89a4a39a2fefd6196c9d,0x2156f29d64f81701b58877129006e8b1964149b6,0x6566194141eefa99af43bb5aa71460ca2dc90245,2026-08-05T04:49:39,large_erc20_asset_flow;complex_trace,0x374f435d,true
25684050,0x585e46f5ef0c19b06db66cd6a1f7b03e8582cddc9bff44d6f34693063d2ec1d3,0x8bc8bc078335799ff5284822f0302b6df8e7a6cf,0xb2ecfe4e4d61f8790bbb9de2d1259b9e2410cea5,2026-08-05T04:49:52,high_gas_used_context;token_activity_burst,0x7034d120,false
25684050,0x5c29f38ab102ea450f04f5185f587c3fdf1485ebca03e787536584a0b7711066,0xe20446cccbfd5f9038e747f1dea8016ecbd94ae5,0x442be06bb5d13711a22ccd3fa382b72a874c5135,2026-08-05T04:49:52,privileged_execution_context;complex_trace;high_gas_used_context,0xf7b5c341,false
25684050,0x0e786f88a4238ce4789208772c4b7d9556f5b029d2cdf587b5c70da316a91c6e,0xdc77bc261d3e890faa53c8910cd85173d9fb926d,0x5af5194b4b0909eb978e3cf1e25333852277f07d,2026-08-05T04:49:53,large_erc20_asset_flow,0x9aefaff8,true
25684050,0xeaaa3d970a8abd668ddb3c0d143a40bf0e63d262429c0c0d0024f4a89e6665b9,0x09cfee647fa339133380191c8db6b44f24500c9d,0x96b481c22ee3d6c3667f8c7f60c9e00212799f50,2026-08-05T04:49:53,high_gas_used_context;token_activity_burst,0xa9059cbb,false
25684051,0x2b1fa9b69de3dd1b059f3e8bbd670c492866d1a6850dc02c49a2f9dd587f7320,0x09cfee647fa339133380191c8db6b44f24500c9d,0x96b481c22ee3d6c3667f8c7f60c9e00212799f50,2026-08-05T04:50:08,high_gas_used_context;token_activity_burst,0xa9059cbb,false
25684051,0x87ea480ceba25838aa503f71a3a91d5cc939440c8c8e9c546a689f42685a1203,0x14b04fe299c8d08d05338ff3e8849d60ee1f063d,0x7a250d5630b4cf539739df2c5dacb4c659f2488d,2026-08-05T04:50:08,dense_internal_fund_flow;large_erc20_asset_flow,0x18cbafe5,true
25684051,0xb820cf0ae2ea10d82c7ec0684f05604a6c2c19fb81fbf3c32b173e7b8559275a,0x36b81e076c843af86a7f92d1887b83869c866335,0xacddac6c77318b615f7f6fb9bb67c6833e9c05f1,2026-08-05T04:50:08,large_erc20_asset_flow;complex_trace,0x571d3dc7,true
25684051,0xd6d52850a8f73601cd3e1db3706a93e7987254c37baa773830d232a4fcc2e6c7,0xae2fc483527b8ef99eb5d9b44875f005ba1fae13,0x1f2f10d1c40777ae1da742455c65828ff36df387,2026-08-05T04:50:08,repeated_internal_token_drain;dense_internal_fund_flow;very_complex_trace;high_gas_used_context;token_activity_burst;approval_burst;repeated_risky_internal_calls,0x2b6011b8,true
25684051,0x1ca3901280db574f3d5633036cee0875f0eccd09d41cbe96c164bc0456276080,0x50bf934781f63028c5c8ef49c4affe19a86d99b6,0x8d04cc7e86e687854eb41d9d43512b655b93184b,2026-08-05T04:50:09,complex_trace;selfdestruct_context,0x4a1bf18a,false
25684051,0x4466a7d566771a6f28199046815ca2597dd99301154460aaa93ad39125cac154,0x7830c87c02e56aff27fa8ab1241711331fa86f43,0xa9d1e08c7793af67e9d92fe308d5697fb81d3e43,2026-08-05T04:50:09,dense_internal_fund_flow,0x1a1da075,true
25684051,0x70fab11fd4d8f40fb9795d6cb42b878814966a5668887b4731532e6b881bbb55,0xfa56a015f301f964b17b1bd25c0cdee410d45d91,0x10d8b8daa26d307489803e10477de69c0492b610,2026-08-05T04:50:09,dense_internal_fund_flow;large_erc20_asset_flow;complex_trace,0x110560ad,true
25684052,0x7f3eb45effde9661aff556f9637a2fff2fcba54c1b3d01e7aed2ff1d00cb3679,0xdf0d72571c7bd715e9604b37c484987c31af2263,0x28b1dc1a5e3699a428bc51d234dfab7c9cb2a183,2026-08-05T04:50:20,complex_trace;high_gas_used_context;token_activity_burst,0x0c307f76,true
25684052,0x8bb50375e92792f460e512425e0d6f2780c7f85de8b101190308dec636739b31,0x09cfee647fa339133380191c8db6b44f24500c9d,0x77b85afbcd336993ac1c65057531c5a5b33b76b8,2026-08-05T04:50:21,high_gas_used_context;token_activity_burst,0xa9059cbb,false
25684052,0xdc81e1a5d254e13d88d19ee7612656770954e4c5436d68781363e805fd8baf4b,0x85781dc2836b3370be05c7662b749c07a3f080bb,0x03f34be1bf910116595db1b11e9d1b2ca5d59659,2026-08-05T04:50:21,dense_internal_fund_flow;complex_trace,0xe47d166c,true
25684052,0x1207850f82c7c17f0e7dc1fe869d96e77e6e808b504175a6e7064cbbe9d24c3e,0xa1fee4ec1c56ff67632719f9bb24fd63ed019ff6,0x28b1dc1a5e3699a428bc51d234dfab7c9cb2a183,2026-08-05T04:50:22,complex_trace;high_gas_used_context,0x0c307f76,false
25684052,0xf83cb55673fa52e73539c658e96bf7d8baf0d7c6f8e87efc87316896dd844334,0x43370371e0bb085d04d02a815230aaf67b35ef25,0x4337084d9e255ff0702461cf8895ce9e3b5ff108,2026-08-05T04:50:22,large_erc20_asset_flow;complex_trace;high_gas_used_context;token_activity_burst,0x765e827f,true
25684053,0x61f570053f43af054cb7c3315762994d34ab98761e18c76ebb0370ef5032d376,0x77f6c40f0ed2aed7e076eea189df51a8bf2b8d8c,0xae78736cd615f374d3085123a210448e74fc6393,2026-08-05T04:50:28,dense_internal_fund_flow,0x42966c68,true
25684053,0x415c727dd483a4bf4be36b5ebc34064064c60cc281219224851f6e10844f3412,0x09cfee647fa339133380191c8db6b44f24500c9d,0x96b481c22ee3d6c3667f8c7f60c9e00212799f50,2026-08-05T04:50:29,high_gas_used_context;token_activity_burst,0xa9059cbb,false
25684053,0xaa0bf9189f4a667b58a077212f2c7067ce9438f0c4420706cb4d9efe1bb52184,0x09cfee647fa339133380191c8db6b44f24500c9d,0x77b85afbcd336993ac1c65057531c5a5b33b76b8,2026-08-05T04:50:29,high_gas_used_context;token_activity_burst,0xa9059cbb,false
25684053,0x38fd65fb0a1642e27fe910249e42857e8f3fba9dc3c7f28c8b164440c03c3894,0x74d804e37e92e02bd1e98fe6497df9d6e9eeaf38,0x2d77b594b9bbaed03221f7c63af8c4307432daf1,2026-08-05T04:50:30,large_mint_to_sender,0xe2bbb158,true
25684053,0x68a1c149d5515b6d241b91fca176168c9659506e3ed0de66e514d595e2629b10,0x43370146366cfea21302962ae3a558d72bbcc487,0x0000000071727de22e5e9d8baf0edac6f37da032,2026-08-05T04:50:30,privileged_execution_context;complex_trace,0x765e827f,false
25684054,0x3320c8e4ef7946838e8385c77ceb4426b4f0b2eaae1113f06ed32874380283b5,0xca7ded7e4f4ba8ab3b10009236ae6d1b95094589,0xccc88a9d1b4ed6b0eaba998850414b24f1c315be,2026-08-05T04:50:38,complex_trace;high_gas_used_context,0x0a2b8f36,false
25684054,0x428022c48c50fc92a66ed2e9382170ffcc1af48f8957eb7fb2a22b06ddc45302,0x3090b41f47c55e79228403ec4516e8e326298b80,0x79b4cdb14a31e8b0e21c0120c409ac14af35f919,2026-08-05T04:50:39,complex_trace;high_gas_used_context,0x22ad6185,false
25684054,0x4c66df067a30ca52fc72ebaf8607c1493ce5903d4f7a495d29c18904c652f1b6,0xe99bd1c2dd70cd58e5efd47887991700e7318ce2,0xad3b67bca8935cb510c8d18bd45f0b94f54a968f,2026-08-05T04:50:39,repeated_internal_token_drain;dense_internal_fund_flow;complex_trace;high_gas_used_context;token_activity_burst;approval_burst;repeated_risky_internal_calls,0x146ee74d,true
25684054,0x004172a42df8b75c6f50a129bd85e45f3f9b78bd1c5117e61ff4643baee275bc,0xcf1369d6cdd148af5af04f4002dee9a00c7f8ae9,0xf4e147db314947fc1275a8cbb6cde48c510cd8cf,2026-08-05T04:51:09,large_erc20_asset_flow;complex_trace,0x0bf5d35e,true
25684054,0x0808dacd0b42bb10b232690f708ca2a6a027d50e152507e2037a89c11c9c3a8e,0x09cfee647fa339133380191c8db6b44f24500c9d,0x77b85afbcd336993ac1c65057531c5a5b33b76b8,2026-08-05T04:51:09,high_gas_used_context;token_activity_burst,0xa9059cbb,false
25684054,0x2c66f44c54e00cc2bb98b21ce3ab000cac5bcf1885bf8a23a3f3cdf66fecf24a,0x22ea0e66c9afe2879135f4d16b5627454c53877e,0xc63e8defa545e4353d574720e6762baca651fbf2,2026-08-05T04:51:09,privileged_execution_context,0xc0c53b8b,false
25684054,0xe0340a9ba9a3bbb9964c6b938c8fa10142c12aa78d6e51e739ab5d263c2109d8,0x09cfee647fa339133380191c8db6b44f24500c9d,0x96b481c22ee3d6c3667f8c7f60c9e00212799f50,2026-08-05T04:51:09,high_gas_used_context;token_activity_burst,0xa9059cbb,false
25684055,0x0e2bee16414b6c415e6be69317b6b347a496e71dad38ef42d08fcf0853c2f27a,0x50bf934781f63028c5c8ef49c4affe19a86d99b6,0x8d04cc7e86e687854eb41d9d43512b655b93184b,2026-08-05T04:51:14,complex_trace;selfdestruct_context,0x4a1bf18a,false
25684055,0x72d5998db067e8f1122e588147c84b4303baf1f9a303681d71c943f7f8357ce8,0x5609bb231ec547c727d65eb6811ccd0c731339de,0xf4e147db314947fc1275a8cbb6cde48c510cd8cf,2026-08-05T04:51:14,large_erc20_asset_flow;complex_trace,0x0bf5d35e,true
25684055,0x9014a67255a6624cd6baaae28140fb7bb44b061617cfbef7531816d50a3659c8,0x1584a8ee67789d1fe161065388657ad2f2a3c7dd,0x77eb52e44db06777bce478159f25c0d55a295314,2026-08-05T04:51:14,repeated_internal_token_drain;dense_internal_fund_flow;complex_trace;token_activity_burst;repeated_risky_internal_calls,0xa9059cbb,true
25684055,0xf912fe7ef31d5f51729e609360fc72cf978afaf1c4c5c22aa8000e5719673b86,0x46565eedb0bb948ae787dd105cce300f736da28e,0x000000000004598d17aad017bf0734a364c5588b,2026-08-05T04:51:14,complex_trace;high_gas_used_context,0x00000000,false
25684056,0x53dc22e09ae5c88c51d4751e15576759e067cf67fc7327654ab8943906f19701,0x7830c87c02e56aff27fa8ab1241711331fa86f43,0xa9d1e08c7793af67e9d92fe308d5697fb81d3e43,2026-08-05T04:51:20,dense_internal_fund_flow,0x1a1da075,true
25684056,0x8e6093afe6b07527f3bb177475fc84f0773c2a35b36b52da5ce9e68888963065,0x7830c87c02e56aff27fa8ab1241711331fa86f43,0xa9d1e08c7793af67e9d92fe308d5697fb81d3e43,2026-08-05T04:51:20,large_erc20_asset_flow;token_activity_burst,0xca350aa6,true
25684056,0x2c639387a43f3b3672f398711de8f04dee739c03259d163f6049dd1ca539394d,0x09cfee647fa339133380191c8db6b44f24500c9d,0x96b481c22ee3d6c3667f8c7f60c9e00212799f50,2026-08-05T04:51:21,high_gas_used_context;token_activity_burst,0xa9059cbb,false
25684056,0x3995c7be0de95bb9b1ac44545c86b1536646f7d2b842daa487c41b93d19d0073,0x09cfee647fa339133380191c8db6b44f24500c9d,0x77b85afbcd336993ac1c65057531c5a5b33b76b8,2026-08-05T04:51:21,high_gas_used_context;token_activity_burst,0xa9059cbb,false
25684056,0xf58642a38f0a234ce2a2a5e9ca6ed719782650eea14c2bf354f41460dddfaacd,0x672a213d783fc30d016010b0896438bb1f5644b1,,2026-08-05T04:51:21,large_mint_to_sender;contract_creation_context,0x60a06040,true
25684057,0xeb12de896b858f31616bc827cdb5e119df210e08423a05fafafda8e8fb3440e2,0xc6acbee42e9e323140c1ed060c2f6ea9cc3b4b75,0x7c5a71c9fefbc7691f9d4ac7baf70c743792f716,2026-08-05T04:51:27,selfdestruct_context,0xf3fef3a3,false
25684057,0x93b5766a9cd18067c6c467678b2eec6c8013fe617f71b337791f74821e73b5c6,0xf279dfcdd57e1571c95e2c5b7e2ee453cbcdf77f,0x5ff137d4b0fdcd49dca30c7cf57e578a026d2789,2026-08-05T04:51:28,dense_internal_fund_flow,0x1fad948c,true
25684057,0xd4ab3a1d74192cd4c4cde3c978dcd2cbcf87bbbebfb5312e87f6d6eba9667b3e,0x93ad580cfe194ccb0514c8be79c068cf77f822a0,0xca11bde05977b3631167028862be2a173976ca11,2026-08-05T04:51:28,complex_trace;high_gas_used_context,0x82ad56cb,false
25684057,0x1c7beadcb4a6b07891196e81cbbcaf11669aadd4912f2e8a7809f522c6995fb1,0x1be45fef92c4e2538fecd150757ed62b7b3757d7,0x6566194141eefa99af43bb5aa71460ca2dc90245,2026-08-05T04:51:29,large_erc20_asset_flow,0x374f435d,true
25684057,0x5c20508dd01767c533d84b27a706e0ee518a60adbd339c277f9743b641143f0e,0x09cfee647fa339133380191c8db6b44f24500c9d,0x96b481c22ee3d6c3667f8c7f60c9e00212799f50,2026-08-05T04:51:29,high_gas_used_context;token_activity_burst,0xa9059cbb,false
25684057,0xb1968750419b60cb34644a1c44d80141249ea2904c5e49b4ec5198a2ed629cd6,0x09cfee647fa339133380191c8db6b44f24500c9d,0x77b85afbcd336993ac1c65057531c5a5b33b76b8,2026-08-05T04:51:29,high_gas_used_context;token_activity_burst,0xa9059cbb,false
25684057,0xef14972ab494d3b13b7f229624090fbd80880eed302cb7f8c7c5dbd0e249ccc0,0x587157ba5cd0dd90f0b8db05be44d4731be79458,0x06b964d96f5dcf7eae9d7c559b09edce244d4b8e,2026-08-05T04:51:29,large_erc20_asset_flow;large_mint_to_sender,0x50921b23,true
25684058,0x82c1dd6c686a08415534875b0bb24785c02cbf2fd38f10496a839b15918edb89,0xabb2acd3be814a80e502575d6c1dc5f789e9cd10,0xccc88a9d1b4ed6b0eaba998850414b24f1c315be,2026-08-05T04:51:33,dense_internal_fund_flow;complex_trace,0x0a2b8f36,true
25684058,0xb8a7d9442e61781401b7412b3322845efbca0d57c1cff2830cc65a5ab7acb12e,0xdf0d72571c7bd715e9604b37c484987c31af2263,0x28b1dc1a5e3699a428bc51d234dfab7c9cb2a183,2026-08-05T04:51:33,dense_internal_fund_flow;complex_trace;high_gas_used_context;token_activity_burst,0x0c307f76,true
25684058,0x77f06371e6c29eb46585bd83e0761b70fa488c78f99fcc60fed16b83fe1ec20a,0x46cba1e9b1e5db32da28428f2fb85587bcb785e7,0xcd5fe23c85820f7b72d0926fc9b05b43e359b7ee,2026-08-05T04:51:34,large_erc20_asset_flow;complex_trace,0xea598cb0,true
25684058,0x790e2871ca886ba2bc4f511e354d19a1923d2c98163a8ff1ad7511596f0ccd4a,0x2ca86c704f6c777d12c5a3e9d8c01f4d29f610e6,0xb300000b72deaeb607a12d5f54773d1c19c7028d,2026-08-05T04:51:34,dense_internal_fund_flow;complex_trace,0x810c705b,true
25684059,0x09b1b0c29a61f91b7141fb7084a30560ac62c8173cad651a55a0081750c25482,0xdd6835c55bc2d4a6ddb168b956e4cf1a3a66e621,0xacddac6c77318b615f7f6fb9bb67c6833e9c05f1,2026-08-05T04:51:41,large_erc20_asset_flow;complex_trace,0x571d3dc7,true
25684059,0x197bd91391b6bf383e4b3d5ba31906de39c620fd86f1769378248ababfa2949d,0xa67d7eb4dc68fa6ce8e34ef8cadaf075b9893fbb,0xccc88a9d1b4ed6b0eaba998850414b24f1c315be,2026-08-05T04:51:41,complex_trace;high_gas_used_context;token_activity_burst,0x0a2b8f36,false
25684059,0x9d6792285ac8e22c85253656381d97d1887503cb01c28f81fefcd98304e9e5df,0x0e0052a184fd59c6b7e1e99d739802ecb3aec0e4,0xd82461784eb72d4b67cbab077989eb215315e272,2026-08-05T04:51:41,complex_trace;token_activity_burst;approval_burst,0xac9650d8,false
25684059,0xc19c47d076219268565da8d9d4b48d15ea868659a8a82b3abf1c87298631ad35,0x56c262027e0de4aea31d2489529cb25d23e58a8b,0xccc88a9d1b4ed6b0eaba998850414b24f1c315be,2026-08-05T04:51:41,complex_trace;token_activity_burst,0x0a2b8f36,false
25684059,0xd877182555a547ed78036fedcbae049654234fbf43ff3ee74eb67fa058efb442,0x370a7e2d300c14d79d4a7ee07aaca46c4b3012cf,0xccc88a9d1b4ed6b0eaba998850414b24f1c315be,2026-08-05T04:51:41,complex_trace;token_activity_burst,0x0a2b8f36,false
25684059,0x0e0e5ad5776cd6845a7621eda5ce19da97a046ff0dac4ee389a11a31b393ee5f,0x09cfee647fa339133380191c8db6b44f24500c9d,0x77b85afbcd336993ac1c65057531c5a5b33b76b8,2026-08-05T04:51:42,complex_trace;high_gas_used_context;token_activity_burst,0xa9059cbb,false
25684059,0x1d0fd6a0a36a41a6a8a6c649a3f14b4b311a630327e27e200c9d0ea95d071292,0x22ea0e66c9afe2879135f4d16b5627454c53877e,,2026-08-05T04:51:42,privileged_execution_context;contract_creation_context,0x60806040,false
25684059,0x3b460fbd5bea63d94bc9cefec477a2e807f0a6ec40130da779b02188053fa7d6,0xd6434d157f254276d69ede3bd9fc805482206908,0x7ec8a30a34b86927dc77b302603d1d53e640bef7,2026-08-05T04:51:42,high_gas_used_context;token_activity_burst,0xa9059cbb,false
25684059,0x6cfd2f99aa38e34fbc13b54af8a1f2b893a39726e0899c2d813905cb58deb7b6,0xb23360ccdd9ed1b15d45e5d3824bb409c8d7c460,0x09c30cdcdd971423cb3ba757a47d56c35d06d818,2026-08-05T04:51:42,dense_internal_fund_flow,0x318adb8b,true
25684059,0xe3bf320e349381914b4a4ad0f8b6f977f4fc33782f88b43ef765cfb90fadd267,0x09cfee647fa339133380191c8db6b44f24500c9d,0x96b481c22ee3d6c3667f8c7f60c9e00212799f50,2026-08-05T04:51:42,high_gas_used_context;token_activity_burst,0xa9059cbb,false
25684060,0xe8ae66864ec34e6d40fd3afc3bca7be978c4464487e5cfd3327c702384a524ec,0x0304492c94d8dafab67756c7b7aaf94e2c9ca709,0x4e6ef371c9cdde8c3e6716affeebad14c8c62d0b,2026-08-05T04:51:47,complex_trace;high_gas_used_context;token_activity_burst;approval_burst,0x8bf0f8f8,true
25684061,0x436255b0391a89104676d1efeec8f7c076f3f70f130351096b7edbc7f846ae39,0x3b1d41f8d5040bcfc4cf639090ee55d679160c59,0x0439e60f02a8900a951603950d8d4527f400c3f1,2026-08-05T04:51:54,dense_internal_fund_flow;complex_trace,0x3ce33bff,true
25684061,0x5e61aafe0dea5793649e3b7a94add28017d9a7c7b92a9fd5b945915d1c3e2b2e,0x7830c87c02e56aff27fa8ab1241711331fa86f43,0xa9d1e08c7793af67e9d92fe308d5697fb81d3e43,2026-08-05T04:51:54,large_erc20_asset_flow,0xca350aa6,true
25684061,0x9593d7627f7af4abe2bebe456722a97c9bda07bc392128da9f959520b5ca4d51,0xc4dd52892e4a18500379987a7800b5204d0d58e6,0x0000000000000068f116a894984e2db1123eb395,2026-08-05T04:51:54,complex_trace;high_gas_used_context,0x87201b41,false
25684061,0xab66471b8f46eb30f333f23a45e92dfb03f6ee18cd267f9f9632825f3e6320d1,0x7830c87c02e56aff27fa8ab1241711331fa86f43,0xa9d1e08c7793af67e9d92fe308d5697fb81d3e43,2026-08-05T04:51:54,dense_internal_fund_flow,0x1a1da075,true
25684061,0xd66d4438b4eca23912b4ebefaed70a372f8598f3781d36c362d9f90dbf15bd7f,0xc6c3a60a626c5fb87beda9028d69bccb2d82ef6c,0xb422b27b25f840fab430cc7cb7fe42c4b702db82,2026-08-05T04:51:54,large_erc20_asset_flow,0x18405256,true
25684061,0xed3c823acad765079b29520bc1456909d57438434fb9ba0b9bdac89e08be5a49,0xa3720e3c42afcfcbcd911cfba42cffa7b42c0bd4,0x66a9893cc07d91d95644aedd05d03f95e1dba8af,2026-08-05T04:51:54,dense_internal_fund_flow;complex_trace,0x3593564c,true
25684061,0xf760d128db06ddf642ba44459dbfaef1194d86b66b1c798c6b6454c9cae08566,0x963737c550e70ffe4d59464542a28604edb2ef9a,0xa3222357a0eccf60c73606170be6c99adecb59b3,2026-08-05T04:51:54,large_erc20_asset_flow,0x0007e964,true
25684061,0x08d7fde66b7f6ef31276c41ead7669afc18601ebb80e65e004f867e3c5c14a20,0xd6434d157f254276d69ede3bd9fc805482206908,0x7ec8a30a34b86927dc77b302603d1d53e640bef7,2026-08-05T04:51:55,repeated_internal_token_drain;dense_internal_fund_flow;complex_trace;high_gas_used_context;token_activity_burst;repeated_risky_internal_calls,0xa9059cbb,true
25684061,0x0a650630ff3d37b33df54d878947b69371ede6a91bc3dfc1d70fffb683a4ae6b,0x970df0f4bd124df46b1dee31329f7444f9e66b68,0xd226997439ecfbeff8e110c8c78c8a7eefd19f89,2026-08-05T04:51:55,large_erc20_asset_flow;complex_trace,0x99999999,true
25684061,0x845e0d1868d6cabc6a7dcb362700138f34253bfd443f041fc303b740509b79d6,0x1aa780bb10425b86bcf05ecbb7953f9a93729ed9,0x663dc15d3c1ac63ff12e45ab68fea3f0a883c251,2026-08-05T04:51:55,dense_internal_fund_flow;complex_trace,0x4d8160ba,true
25684061,0x49fea5e060af0b5393cc5785d3cad760a503e24016ad4ec03bc110798aa405c0,0x97e1e6c70fe9f2209792640336534bfc9f93aa7a,0x0000000000001ff3684f28c67538d4d072c22734,2026-08-05T04:51:56,complex_trace;high_gas_used_context;token_activity_burst,0x2213bc0b,true
25684061,0xc761a9c42092785bbd4bb5d77d046ce56d93ce778b8466739c463a1b77ee450e,0x09cfee647fa339133380191c8db6b44f24500c9d,0x96b481c22ee3d6c3667f8c7f60c9e00212799f50,2026-08-05T04:51:56,high_gas_used_context;token_activity_burst,0xa9059cbb,false
25684061,0xce440cb5dd526401fcf10ae69777d77c68fdcf0916cefb877ab737af1ffc7704,0x09cfee647fa339133380191c8db6b44f24500c9d,0x77b85afbcd336993ac1c65057531c5a5b33b76b8,2026-08-05T04:51:56,high_gas_used_context;token_activity_burst,0xa9059cbb,false
25684061,0xfa4f72b8a97a750a704ee8c1c25586d76540a8c8190b70099ae21107813d4ad7,0x09cfee647fa339133380191c8db6b44f24500c9d,0x77b85afbcd336993ac1c65057531c5a5b33b76b8,2026-08-05T04:51:56,high_gas_used_context;token_activity_burst,0xa9059cbb,false
25684062,0x6afd91d02179759e0f3910954c3d186ac78bff13e53c061b2845cf52b1a534eb,0x09cfee647fa339133380191c8db6b44f24500c9d,0x96b481c22ee3d6c3667f8c7f60c9e00212799f50,2026-08-05T04:52:02,high_gas_used_context;token_activity_burst,0xa9059cbb,false
25684062,0x8acfc658d717af225e135d8179a9a5fe2bbda966e512c6e366ebcb3950b9d2eb,0x72ea5d7055282c5daabe9bb40c69d097e5760d61,0x69460570c93f9de5e2edbc3052bf10125f0ca22d,2026-08-05T04:52:02,dense_internal_fund_flow;complex_trace,0x14d08fca,true
25684062,0x980c8ea6205412defbe4d027e5bddc417c9010eccb1e8f8c98bdd6f0f4e0924c,0x4337004ec9c1417f1c7a26ebd4b4fbed6acf9e5d,0x4337084d9e255ff0702461cf8895ce9e3b5ff108,2026-08-05T04:52:02,complex_trace;high_gas_used_context;token_activity_burst,0x765e827f,false
25684062,0x6cf34c71b5a93bc7c89fb8705b6ddfd961eadfe02ad5ee13fb341b3e44852ff2,0xd386f8f1e31550d8a55a6baf921168b06c8716fb,0x547b5ad9f71ac50efd8755bc144767ac1768fc3d,2026-08-05T04:52:04,large_erc20_asset_flow;complex_trace;token_activity_burst,0x214bc20e,true
25684063,0x16c3746527748891f6ffd931b97d4e7f166a79157b9ac6d756a21187d6644390,0x672a213d783fc30d016010b0896438bb1f5644b1,,2026-08-05T04:52:12,large_mint_to_sender;contract_creation_context,0x60a06040,true
25684063,0x29dc3b606f30bec8d12c87b566b1260a8d5dc4ab08f1c5daeb91f8c7f522aab9,0x09cfee647fa339133380191c8db6b44f24500c9d,0x96b481c22ee3d6c3667f8c7f60c9e00212799f50,2026-08-05T04:52:12,high_gas_used_context;token_activity_burst,0xa9059cbb,false
25684063,0x3dd3b18674a92994c649c788d6ddb6edad9acbbe45ee59620fac7798ed0d4e64,0x5a4fc9dd7b390a0f9b2909a0c34ce55cedc42377,0x39b1b1adc629841fa33a4bb2741db28a9f282117,2026-08-05T04:52:12,dense_internal_fund_flow;high_gas_used_context;token_activity_burst,0x983bc41b,true
25684063,0xe608ff99917e4a073f19099140cd96ee8592d3fefa6f05a42d04b49d837ede92,0x09cfee647fa339133380191c8db6b44f24500c9d,0x77b85afbcd336993ac1c65057531c5a5b33b76b8,2026-08-05T04:52:12,high_gas_used_context;token_activity_burst,0xa9059cbb,false
25684064,0x2b94c452da8942d0e2ac85f88b7cb928a70e30cfc4cd3e5ea4453ff054bf1549,0x1927a547963a39813bd2ab2982f08b469cfdd62a,0x0889e9327b98d7d1be3c301a4585ff3330502c9a,2026-08-05T04:52:18,dense_internal_fund_flow;complex_trace,0x1fff991f,true
25684064,0x1dd017a3f8730b09d5a20c29b44c0f5eda02dd8cfc180a4558341be7d89662f1,0xd6434d157f254276d69ede3bd9fc805482206908,0x7ec8a30a34b86927dc77b302603d1d53e640bef7,2026-08-05T04:52:19,repeated_internal_token_drain;dense_internal_fund_flow;complex_trace;high_gas_used_context;token_activity_burst;repeated_risky_internal_calls,0xa9059cbb,true
25684064,0xa7a78189be13a527b838b53ff221e4734b041e44faefefc9d1b482bf241f32e1,0x83e7322328d902940c490634396860d875e448c2,0x66a9893cc07d91d95644aedd05d03f95e1dba8af,2026-08-05T04:52:19,dense_internal_fund_flow;complex_trace,0x3593564c,true
25684064,0xaedb03b6d3f002456e583a39235d7e2ea76eb386a047feadceae8dbf863092df,0xbee584df29c8223df7347ada7d4de76175efcccf,0xbee162fa5ae892be74f3f3e01c23da89adbccccc,2026-08-05T04:52:19,large_erc20_asset_flow;complex_trace,0x6d7b7040,true
25684064,0xb1500d3b46856a4c529a14240b7922a9eaf33d08b4c644184809342ac1a561f6,0xf07b4d27cae6571857e51ab3fb209f5226de2d88,0x06cff7088619c7178f5e14f0b119458d08d2f5ef,2026-08-05T04:52:19,large_erc20_asset_flow;complex_trace,0x99999999,true
25684064,0xda8a123334111b6a29e53710e84ee360442dadcd590cb0f02001bf797cbf0159,0x754dcfb2861547015b221e963b4133a71dbdc024,0x3e07be15370d8b12d80a159a7ef14b9e51869497,2026-08-05T04:52:19,complex_trace;token_activity_burst,0x21af54c6,false
25684065,0x58694438335d141739468e160035016314579a6f25937b5f4b6a069829f3a5a7,0x09cfee647fa339133380191c8db6b44f24500c9d,0x96b481c22ee3d6c3667f8c7f60c9e00212799f50,2026-08-05T04:52:26,high_gas_used_context;token_activity_burst,0xa9059cbb,false
25684065,0x975f6d93f6e618aee70577b08506725ac2f3a5d23bd6215f639da3b9f07052d6,0x09cfee647fa339133380191c8db6b44f24500c9d,0x77b85afbcd336993ac1c65057531c5a5b33b76b8,2026-08-05T04:52:26,complex_trace;high_gas_used_context;token_activity_burst,0xa9059cbb,false
25684065,0xa2fc3fbc26d6d97be5f4ae5e7b406feb594775495e376d9db75ca0e6b76de07e,0x1584a8ee67789d1fe161065388657ad2f2a3c7dd,0x77eb52e44db06777bce478159f25c0d55a295314,2026-08-05T04:52:26,repeated_internal_token_drain;dense_internal_fund_flow;complex_trace;token_activity_burst;repeated_risky_internal_calls,0xa9059cbb,true
25684065,0xe26f28ee0e6dc9190af059dbf8d0ff27225d8b6fa23982f68e377594cafd1e33,0xd6434d157f254276d69ede3bd9fc805482206908,0x7ec8a30a34b86927dc77b302603d1d53e640bef7,2026-08-05T04:52:26,repeated_internal_token_drain;dense_internal_fund_flow;complex_trace;high_gas_used_context;token_activity_burst;approval_burst;repeated_risky_internal_calls,0xa9059cbb,true
25684066,0xac2b62d04eac0fbb7c074e437589b1fa8b2757297776185ebd53026b726d6a8a,0x819b9f8701a14676b836b7ce665112e5d2896267,0x4313c378cc91ea583c91387b9216e2c03096b27f,2026-08-05T04:52:33,dense_internal_fund_flow,0xeffbec13,true
25684066,0xae0da0834b730dda03331df4228b763260d0ca5b2cb4e5944e00b001f754acad,0x7830c87c02e56aff27fa8ab1241711331fa86f43,0xa9d1e08c7793af67e9d92fe308d5697fb81d3e43,2026-08-05T04:52:33,large_erc20_asset_flow;token_activity_burst,0xca350aa6,true
25684066,0x2347cb7e9e3482f0fa99dc43376ed1c38e1a9c75cbe6b494a6fb4edac6002935,0xde7a849216aa3884d53d84ecb02c19eb67e5dae2,0x7d9f4ca54131e588fc1fe577973b55fb11231e76,2026-08-05T04:52:34,repeated_internal_token_drain;dense_internal_fund_flow;complex_trace;high_gas_used_context;token_activity_burst;repeated_risky_internal_calls,0x6aac3a0b,true
25684066,0x2431bd1302f25a0c0dcd340d1259f9b4136936e6ea147a2052121836058937d0,0x09cfee647fa339133380191c8db6b44f24500c9d,0x96b481c22ee3d6c3667f8c7f60c9e00212799f50,2026-08-05T04:52:34,high_gas_used_context;token_activity_burst,0xa9059cbb,false
25684066,0x60d2a3227aa8898ec85c3685ccfe8ba88c9b02e68169eaab4bb600d8872cb503,0x1c53b02ddb0c853ff2d861001853a4a0f32ac584,0xda3bd1fe1973470312db04551b65f401bc8a92fd,2026-08-05T04:52:34,large_erc20_asset_flow,0xbeb0d55c,true
25684066,0xfe4c76e31bf7e9f944d459821589a6b0caaebf044196340f39ac3164bc833a3e,0x09cfee647fa339133380191c8db6b44f24500c9d,0x77b85afbcd336993ac1c65057531c5a5b33b76b8,2026-08-05T04:52:34,complex_trace;high_gas_used_context;token_activity_burst,0xa9059cbb,false
25684067,0x32aa39fe8f81119d47b273332a963b4ba0df8b1a1fe4953fe3ec17281a0e4aaa,0xd6434d157f254276d69ede3bd9fc805482206908,0x7ec8a30a34b86927dc77b302603d1d53e640bef7,2026-08-05T04:52:42,repeated_internal_token_drain;dense_internal_fund_flow;complex_trace;high_gas_used_context;token_activity_burst;repeated_risky_internal_calls,0xa9059cbb,true
25684067,0x65842423f5eb5508e5e85654da0bf4633023d1641617aa39888c9b5e0153b459,0xde5ce22a56ed76bf7054121500b23a718399feb7,0x43de2d77bf8027e25dbd179b491e8d64f38398aa,2026-08-05T04:52:42,dense_internal_fund_flow;complex_trace,0xc280c905,true
25684067,0x9055080ae9a06f91a380020c94f810f07edd18daa9d8c02996294c1281f785d0,0xa154b98e53fc35e1bad1ff758acbc8c629bdcd2b,0x19917386eeae67b6ff7ddf07de4019fca40aa4ec,2026-08-05T04:52:42,repeated_internal_token_drain;dense_internal_fund_flow;very_complex_trace;high_gas_used_context;token_activity_burst;repeated_risky_internal_calls,0xa9059cbb,true
25684067,0xcb686897076d7b941d65e6b1093bac2a3e14dc920ab0a6d2e529b9699afa47ff,0xb8895936eab0e05d6c85ffbcd1cdbdf2a64cf067,0xda13933c341499f391650d75ecf3b92d8343012c,2026-08-05T04:52:42,privileged_execution_context;complex_trace;high_gas_used_context,0xc6fe8747,false
25684067,0xd319299dac26e3215cd2cfc14b17e287e5590bcd98fcc90e2dbcd53714721df0,0xb6f5f0f3f264e897cdfd2f04007299bd31cb5af0,0xda13933c341499f391650d75ecf3b92d8343012c,2026-08-05T04:52:42,large_erc20_asset_flow;privileged_execution_context;complex_trace,0xc6fe8747,true
25684068,0x4a5c7a3f63fdc184fee1971dcb2f169324ac23e80e71a7680d39ce094fefa86a,0xfb076e0b813cc205a2d032b639f6d10f500dd9b7,0x000000ae384600d7252543855e3b0400f6008d00,2026-08-05T04:52:51,large_erc20_asset_flow;complex_trace;high_gas_used_context,0x00000000,true
25684068,0x24833cc0ced8d77fd5126d559d3ccb7c9506222409d437712266f3a968e95e3e,0x03ef3b46123045f910aae92e45a443cc6340f8a8,0x881d40237659c251811cec9c364ef91dc08d300c,2026-08-05T04:52:52,complex_trace;token_activity_burst,0x5f575529,true
25684068,0x7275e3a9a4c1ad803ea512cdbbd4d71ce5bbf6a165a3139b8d5d855febb07da7,0x7b49bc3ebbdf7322f31c6449320382bbec3be1b6,0xad3b67bca8935cb510c8d18bd45f0b94f54a968f,2026-08-05T04:52:52,complex_trace;high_gas_used_context;token_activity_burst;approval_burst,0x146ee74d,false
25684068,0xeb1c8fdf1d20afa7aa2fe24cc7fa8a37d8d6ad323163cdbe9615650f325cf435,0x0270ce9d9c8ae0bfb6333d216efed90042b877d6,0x25ed72c3f671b626810a6db597dcfd50f215a423,2026-08-05T04:52:52,complex_trace;high_gas_used_context;token_activity_burst,0xf1c95699,true
25684068,0xee9f049ed4649da2e17a82708514032a39b7a386935feac597079c8f21695795,0xe0bbc4bc7c1ad85cb4e8aa310b19eafb736b6a3b,0x4313c378cc91ea583c91387b9216e2c03096b27f,2026-08-05T04:52:52,dense_internal_fund_flow;complex_trace,0xeffbec13,true
25684068,0x13d97ec3b44691679bded0ecf66a597ddcb9acfcb07f0507c58edf7fea31f930,0xd6434d157f254276d69ede3bd9fc805482206908,0x7ec8a30a34b86927dc77b302603d1d53e640bef7,2026-08-05T04:52:53,repeated_internal_token_drain;dense_internal_fund_flow;complex_trace;high_gas_used_context;token_activity_burst;approval_burst;repeated_risky_internal_calls,0xa9059cbb,true
25684068,0x1b91bba492881f1d671c43bc0858c2c66dfffdbd43c4d541063aeb895119e69a,0x09cfee647fa339133380191c8db6b44f24500c9d,0x96b481c22ee3d6c3667f8c7f60c9e00212799f50,2026-08-05T04:52:53,high_gas_used_context;token_activity_burst,0xa9059cbb,false
25684068,0x6b86b0d02f7c56a7c12f4c84fa06066631cc3a2d9aed9b9b1ab7be6a2be49d37,0x22ea0e66c9afe2879135f4d16b5627454c53877e,,2026-08-05T04:52:53,privileged_execution_context;high_gas_used_context;contract_creation_context,0x60e06040,false
25684068,0x7639e1d1cbea60a4e209da4ece2c64c4a7c4f687de6c6ab5d27d9435204fdff4,0xfbaea26b6493bcd946cb489fe902c8ff36e2934e,0xb300000b72deaeb607a12d5f54773d1c19c7028d,2026-08-05T04:52:53,complex_trace;high_gas_used_context,0x810c705b,false
25684068,0x81deb8498ca6ff4055da6d3bc8de5e3c035543bf30b798c56f12fd86361fddb8,0x1be45fef92c4e2538fecd150757ed62b7b3757d7,0x6566194141eefa99af43bb5aa71460ca2dc90245,2026-08-05T04:52:53,large_erc20_asset_flow;large_mint_to_sender,0x374f435d,true
25684068,0xb25d12abb7aee4264637ef6228e8f2d28806c5ccae66186f3483f9ca1168d696,0x09cfee647fa339133380191c8db6b44f24500c9d,0x77b85afbcd336993ac1c65057531c5a5b33b76b8,2026-08-05T04:52:53,high_gas_used_context;token_activity_burst,0xa9059cbb,false
25684068,0xd610c7c8cf442b13b1050aa99e09a10d0e13fe7eabae13d249de148ef6b99cf1,0x672a213d783fc30d016010b0896438bb1f5644b1,,2026-08-05T04:52:53,large_mint_to_sender;contract_creation_context,0x60a06040,true
25684069,0xe7888befa81bc6e15bacf933b882f9ca8a0757a9ad91a3b148073346ae1632b3,0x819b9f8701a14676b836b7ce665112e5d2896267,0x4313c378cc91ea583c91387b9216e2c03096b27f,2026-08-05T04:52:59,dense_internal_fund_flow,0xeffbec13,true
25684069,0x686b3bd9390b64aa0ab929922500138a5d60a4bb9b1de15533b01c98de181c7b,0xa154b98e53fc35e1bad1ff758acbc8c629bdcd2b,0x19917386eeae67b6ff7ddf07de4019fca40aa4ec,2026-08-05T04:53:00,repeated_internal_token_drain;dense_internal_fund_flow;complex_trace;high_gas_used_context;token_activity_burst;repeated_risky_internal_calls,0xa9059cbb,true
25684069,0x09f25e07a7eb64679d9a458be760532cbd72f0b0215aecad93fc11b1dd804a09,0x9ead03f7136fc6b4bdb0780b00a1c14ae5a8b6d0,0x86e4dc95c7fbdbf52e33d563bbdb00823894c287,2026-08-05T04:53:01,complex_trace;high_gas_used_context,0x4e43e495,false
25684069,0x279388ee8bff6e1d9d06b76b84d6464740e84b6a601e9ffd9e3a4a15b2b42133,0x09cfee647fa339133380191c8db6b44f24500c9d,0x77b85afbcd336993ac1c65057531c5a5b33b76b8,2026-08-05T04:53:01,high_gas_used_context;token_activity_burst,0xa9059cbb,false
25684069,0x3115d2cb513f0ce7670cdda2145664d3c50035483d128f42914b3fb446b50565,0x09cfee647fa339133380191c8db6b44f24500c9d,0x96b481c22ee3d6c3667f8c7f60c9e00212799f50,2026-08-05T04:53:01,high_gas_used_context;token_activity_burst,0xa9059cbb,false
25684069,0x5b5ad2b62257b5d2faf35653433847e9f3c4e3c34c2eec7960ee46a01f885f4c,0xa0c85ffaff895c0cf5aed1993dc6e3195adf593b,0x9b6eda8460ac664287493038b23f25b03dfbbdb1,2026-08-05T04:53:01,large_erc20_asset_flow;complex_trace,0x469f504f,true
25684069,0xd253cdbe1209bf508be8bf10f961b1d731881f4a7fd0a410ebbcf5032ed10716,0x161643f280b09be8e0271eef8efc6c264d125003,0x84fee5c97dc2fafcfdfdafa4b7d8cd39421cac31,2026-08-05T04:53:01,dense_internal_fund_flow;token_activity_burst,0xa9059cbb,true
25684070,0x7acf0bafcfdf64091c264be903218054d0646a3bf534afbaddce1d52e9088f9b,0x819b9f8701a14676b836b7ce665112e5d2896267,0x4313c378cc91ea583c91387b9216e2c03096b27f,2026-08-05T04:53:11,dense_internal_fund_flow,0xeffbec13,true
25684070,0x7b26257728e46a94ef1c13737bf1e5fd72f403f205bfad4c23b769b484f905d7,0x68498e95d3ff90d634015d005ae641c74fbd07f9,0x03f34be1bf910116595db1b11e9d1b2ca5d59659,2026-08-05T04:53:11,large_erc20_asset_flow;complex_trace,0xe47d166c,true
25684070,0x660021e83be45db0febb02a61e55a75dfb59c8c1b045106fd8b67fddb7843184,0x29ebbc872ce1af08508a65053b725beadba43c48,0xf4e147db314947fc1275a8cbb6cde48c510cd8cf,2026-08-05T04:53:13,privileged_execution_context,0x760d0f9d,false
25684071,0x5af11975201e66b89bb2f80d58b36186f2e4af856ffbd15b48c5e0acc8f30f26,0x433702873e33d4846d399a75aaf96eacf181d0b2,0x0000000071727de22e5e9d8baf0edac6f37da032,2026-08-05T04:53:23,complex_trace;high_gas_used_context;token_activity_burst,0x765e827f,false
25684071,0x6df6dcc5e007607b3566b37194d8cc61dddc6134de5a330c5729551cf26ac449,0xa67d7eb4dc68fa6ce8e34ef8cadaf075b9893fbb,0xccc88a9d1b4ed6b0eaba998850414b24f1c315be,2026-08-05T04:53:23,dense_internal_fund_flow;complex_trace,0x0a2b8f36,true
25684071,0x7f2ce2fb8f79b4b4394a38243c734185fea83db86fa75b110cecbebc8d87c92e,0xafe8869ee0f9bc8e3e4feadf398efa3d200a473f,0x1abdb2547273419c9bc5b0250d2f10bcd38bf558,2026-08-05T04:53:23,complex_trace;high_gas_used_context,0x6a761202,false
25684071,0x892c7dc64572c55c837218ccb7590ac790406775ccd3792f1deec16f2f7a1e3f,0x7b49bc3ebbdf7322f31c6449320382bbec3be1b6,0xad3b67bca8935cb510c8d18bd45f0b94f54a968f,2026-08-05T04:53:23,dense_internal_fund_flow;complex_trace;high_gas_used_context;token_activity_burst;approval_burst,0x146ee74d,true
25684071,0xa4def067f88a8ac2e040def02830764f483ce4ecd115a1edb0846117fdc6c34e,0x50bf934781f63028c5c8ef49c4affe19a86d99b6,0x8d04cc7e86e687854eb41d9d43512b655b93184b,2026-08-05T04:53:23,complex_trace;selfdestruct_context,0x8066179c,false
25684071,0xc865aa2a5862a19cf23061900726baf3250cdcba98fecb364a820a892b837b5b,0x4d5aec7283cdd6adacf9174880cbf29dd492334b,0x28b1dc1a5e3699a428bc51d234dfab7c9cb2a183,2026-08-05T04:53:23,complex_trace;high_gas_used_context;token_activity_burst,0x0c307f76,true
25684071,0xec4bb6dcc70f85848fc150a21852ccde350db112779c918c32930924790bb167,0x7830c87c02e56aff27fa8ab1241711331fa86f43,0xa9d1e08c7793af67e9d92fe308d5697fb81d3e43,2026-08-05T04:53:23,dense_internal_fund_flow,0x1a1da075,true
25684071,0x5b4ffb201edc2891d18cd11b4c1d2ae3880af1d788e7ef1b0eb008118b54cd71,0xd6434d157f254276d69ede3bd9fc805482206908,0x7ec8a30a34b86927dc77b302603d1d53e640bef7,2026-08-05T04:53:24,repeated_internal_token_drain;dense_internal_fund_flow;complex_trace;high_gas_used_context;token_activity_burst;repeated_risky_internal_calls,0xa9059cbb,true
25684071,0xae135313a93c47cf960fc938508f56c3f84c6ca5bb513433efd76a99f8c60b34,0x09cfee647fa339133380191c8db6b44f24500c9d,0x77b85afbcd336993ac1c65057531c5a5b33b76b8,2026-08-05T04:53:24,high_gas_used_context;token_activity_burst,0xa9059cbb,false
25684071,0xfb22464609c4e0b3612e5626448778e29685e92c5644fffd96000fd89789b7fb,0x09cfee647fa339133380191c8db6b44f24500c9d,0x96b481c22ee3d6c3667f8c7f60c9e00212799f50,2026-08-05T04:53:24,high_gas_used_context;token_activity_burst,0xa9059cbb,false
25684071,0x6308c5a63fa85dbf39ce657a1fd2eff7366075d143b13f1479eba0aea1275d10,0x59aab1bd0d26290274398c07b55955c15425e16b,0x00fe78205f5f0e63b8ad2b2ae5337f538a610e04,2026-08-05T04:53:25,complex_trace;high_gas_used_context;token_activity_burst,0x34fcd5be,false
25684071,0xef1a1dbc1877d163c82279a77d517cde1f353e6132219bfd6b53b6c920af650d,0x93d540dd6893bf9ea8ecd57fce32cb49b2d1b510,0xf4e147db314947fc1275a8cbb6cde48c510cd8cf,2026-08-05T04:53:25,privileged_execution_context,0x760d0f9d,false
25684072,0x0044796daeec85da2f84546b3616f03d0623b8e27a8c234475b0037b866209dd,0x61fc4e803e2ac2c6d4b536e6b6abbfd86628e03d,0x4313c378cc91ea583c91387b9216e2c03096b27f,2026-08-05T04:53:33,dense_internal_fund_flow,0xeffbec13,true
25684072,0x08dad267d6679e43f11da4f1f8d3acdf701e0b3dd2116f1e83ba0ff616784479,0xa154b98e53fc35e1bad1ff758acbc8c629bdcd2b,0x19917386eeae67b6ff7ddf07de4019fca40aa4ec,2026-08-05T04:53:33,repeated_internal_token_drain;dense_internal_fund_flow;very_complex_trace;high_gas_used_context;token_activity_burst;repeated_risky_internal_calls,0xa9059cbb,true
25684072,0x87de5d8a20d09eec39c4b2d56e58d80261300f360c1fefb4e0d83cf3388d638c,0x1efc1fcae492b0d657c1edde32d2e2acfd3db947,,2026-08-05T04:53:33,large_mint_to_sender;contract_creation_context,0x60806040,true
25684072,0xda1006d0fc899be42528a43e27f5141cde075bcd6f53a7de44c70d1e8e7f4f14,0x80d04079ffc53eb14edbeeb37279d126f45552df,0x75183b81549e9bd5215e5661a049d30340ffac55,2026-08-05T04:53:33,repeated_internal_token_drain;dense_internal_fund_flow;complex_trace;token_activity_burst;repeated_risky_internal_calls,0x8aaa8f3b,true
25684072,0xe4a73a0f9e47bb3b8dbef821aabdc554f774ab05c87c9c9dc9cad0af0e68847f,0x59aab1bd0d26290274398c07b55955c15425e16b,0x00fe78205f5f0e63b8ad2b2ae5337f538a610e04,2026-08-05T04:53:33,complex_trace;high_gas_used_context;token_activity_burst,0x34fcd5be,false
25684074,0xbd8c6b8051adc83b33c04e71234657eb3453afa1b70a5e6c0a8d7d2211cd5023,0x97e1e6c70fe9f2209792640336534bfc9f93aa7a,0x0000000000001ff3684f28c67538d4d072c22734,2026-08-05T04:53:59,dense_internal_fund_flow;complex_trace;high_gas_used_context;token_activity_burst,0x2213bc0b,true
25684074,0x18e8517bf5398770db6b13497a32a117522d18a55662ce4e12085fd0a5959916,0x3f05b2ca316e82c900a6f652bc94dd6312d9b3c5,0x28b1dc1a5e3699a428bc51d234dfab7c9cb2a183,2026-08-05T04:54:00,complex_trace;token_activity_burst,0x0c307f76,true
25684074,0x63cd90c8f32dea9ee8018325b39eeb8f268a4bc05c02c61b345e03f9ca7cbc04,0x433702256b464248dcbe403c1334757be4ed9f26,0x0000000071727de22e5e9d8baf0edac6f37da032,2026-08-05T04:54:00,dense_internal_fund_flow;privileged_execution_context;complex_trace,0x765e827f,true
25684074,0xda2e0d6c60a8f40db9b1550870815c7847f9ec090fe0994352742222944d6823,0xa5cce50b52eba6c30be3f18def74a98472ff3f3d,0x6131b5fae19ea4f9d964eac0408e4408b66337b5,2026-08-05T04:54:00,large_erc20_profit_to_sender;large_erc20_asset_flow;complex_trace,0xe21fd0e9,true
25684074,0xf9d1c11f844e709307c9c6c092f0f8086d83063d794079238440ef010bd7d033,0xa154b98e53fc35e1bad1ff758acbc8c629bdcd2b,0x19917386eeae67b6ff7ddf07de4019fca40aa4ec,2026-08-05T04:54:00,repeated_internal_token_drain;dense_internal_fund_flow;complex_trace;high_gas_used_context;token_activity_burst;repeated_risky_internal_calls,0xa9059cbb,true
25684074,0x1fc8b525e5adc877fb75ba9aa5e438ad81c502eefcfe2ef5beae43d1aa2c4a9f,0x09cfee647fa339133380191c8db6b44f24500c9d,0x77b85afbcd336993ac1c65057531c5a5b33b76b8,2026-08-05T04:54:02,high_gas_used_context;token_activity_burst,0xa9059cbb,false
25684074,0x2db21658e85c33dc62882b830099466425aed78b6cf1558fd233bbec8f388d62,0x09cfee647fa339133380191c8db6b44f24500c9d,0x77b85afbcd336993ac1c65057531c5a5b33b76b8,2026-08-05T04:54:02,high_gas_used_context;token_activity_burst,0xa9059cbb,false
25684074,0x30f7798064c6a237f34ff7b094b26ea1b1602b1e987e91be96af280756268a5b,0xd6434d157f254276d69ede3bd9fc805482206908,0x7ec8a30a34b86927dc77b302603d1d53e640bef7,2026-08-05T04:54:02,repeated_internal_token_drain;dense_internal_fund_flow;complex_trace;high_gas_used_context;token_activity_burst;repeated_risky_internal_calls,0xa9059cbb,true
25684074,0x3d7f74428f5e94404709776a3af2fca02a79e9e0762eddc3cde7aafe5c6d3b45,0x8d1d5a29afe6c02fab7959385673d35a8e88fc23,0xfb60cd0b36ad4bd839b91767a6ad9055ab6ad825,2026-08-05T04:54:02,complex_trace;high_gas_used_context,0x171f9e3e,false
25684074,0x952417f510ddcb394987558f90ed1dde45264f8ab1451bf48c7a024703581e60,0x80d04079ffc53eb14edbeeb37279d126f45552df,0x75183b81549e9bd5215e5661a049d30340ffac55,2026-08-05T04:54:02,repeated_internal_token_drain;dense_internal_fund_flow;complex_trace;token_activity_burst;repeated_risky_internal_calls,0x8aaa8f3b,true
25684074,0xbe4c3019bb757926121db1c678d3cffaf405563ef9eb75cc92ccd2c330095bd0,0xf88e4e3db8ca35ebfd41076ec4bad483c9c4f805,0xfa86aa141e45da5183b42792d99dede3d26ec515,2026-08-05T04:54:02,complex_trace;high_gas_used_context;token_activity_burst,0x04117561,false
25684074,0xcf29048650d805e6a492e099d4cbec136d59a00ac5f6bca86f460157db06cf5c,0x09cfee647fa339133380191c8db6b44f24500c9d,0x96b481c22ee3d6c3667f8c7f60c9e00212799f50,2026-08-05T04:54:02,high_gas_used_context;token_activity_burst,0xa9059cbb,false
25684074,0xe23d34c6f3f9964e866ccce237beb7e046ac25c7d50ecc050118785a91b0245b,0x09cfee647fa339133380191c8db6b44f24500c9d,0x96b481c22ee3d6c3667f8c7f60c9e00212799f50,2026-08-05T04:54:02,high_gas_used_context;token_activity_burst,0xa9059cbb,false
25684075,0x8c70a7418ba1c58c984f8d4cdad4a7a1504c9ea28ae8394f30d6fee366e38092,0x7830c87c02e56aff27fa8ab1241711331fa86f43,0xa9d1e08c7793af67e9d92fe308d5697fb81d3e43,2026-08-05T04:54:07,large_erc20_asset_flow;token_activity_burst,0xca350aa6,true
25684075,0xab7936132d10473b9c17da0e67dc7af7c05bdd1fbd7aee8a14a3f3c951da3344,0x19efd4bff32423ff99f822d8d150924f061030f2,0xda891bfbdecade4c0ad50e0ab593f2de015c55d1,2026-08-05T04:54:07,large_erc20_asset_flow;complex_trace,0x601881f3,true
25684075,0xb0b0785f3bb9301d8399c3d2ab71cf5d7c4980c5cff2da90a7da1c48ede8a17f,0xc7ce658ebff23eddc948a844b684d84942a16db2,0x28b1dc1a5e3699a428bc51d234dfab7c9cb2a183,2026-08-05T04:54:07,complex_trace;high_gas_used_context,0x0c307f76,false
25684075,0x012a25dcc393e00effba7baf3583d901b736b79cd753ee680d5b1f94a62bdd7f,0xe91bcae4a2d7b951304695f93cf1b9a1837cfe43,0x7ec8a30a34b86927dc77b302603d1d53e640bef7,2026-08-05T04:54:08,repeated_internal_token_drain;dense_internal_fund_flow;complex_trace;high_gas_used_context;token_activity_burst;repeated_risky_internal_calls,0xa9059cbb,true
25684075,0xbad328a176c1f6b35190a55d7d47ea13a617c2b6b383df3034a3a4907baf7096,0x8b5606469e21c75edd7c74d1c7a65824675d9aff,0x9ccc2f3ecde026230e11a5c8799ac7524f2bb294,2026-08-05T04:54:08,dense_internal_fund_flow;complex_trace,0x1bc74526,true
25684076,0x240ab02ad94ef8ab1bdbf65dda86c0dc0daca6dd49058b63658462669bab6037,0x09cfee647fa339133380191c8db6b44f24500c9d,0x77b85afbcd336993ac1c65057531c5a5b33b76b8,2026-08-05T04:54:23,high_gas_used_context;token_activity_burst,0xa9059cbb,false
25684076,0x663ca9f6f227f1752955d41c0fe59d51b9519f75de40eb542ea25a981270f47a,0x09cfee647fa339133380191c8db6b44f24500c9d,0x96b481c22ee3d6c3667f8c7f60c9e00212799f50,2026-08-05T04:54:23,high_gas_used_context;token_activity_burst,0xa9059cbb,false
25684076,0x6f8ac1cfb61ccf558edf2083ad76301a168b4504f7ec13d2c583a3726c7e07e7,0x7830c87c02e56aff27fa8ab1241711331fa86f43,0xa9d1e08c7793af67e9d92fe308d5697fb81d3e43,2026-08-05T04:54:23,dense_internal_fund_flow,0x1a1da075,true
25684076,0x732a13fffb2bdafc081f2678f2f1a9afc2aa40674b00fb3b0140d54325067d97,0xc7eeffcf1e5c5b97eff3544dba4593e67b820bd3,0xfdc5a256305e0911346e1524f0eedd57f3695ddf,2026-08-05T04:54:23,large_erc20_asset_flow;complex_trace,0x6a761202,true
25684076,0xa147f7ecfc51f109587e9d02a22c55a6dd7974e9f01fdde483b2d0c2118c2e58,0xe610a13266b8200dc9b5ed2becf894564dfaba14,0x950fd558f47e234a2fde23b7d61f7ccdbcb4a86f,2026-08-05T04:54:23,large_erc20_asset_flow;complex_trace,0xdd225095,true
25684076,0xa82ced92830df9480d5cac4fe2b6c578f2d3c59e3b11e41154a59857d68487fa,0x27c2a1733f14e1247c5feb1c37cd52ae7d0d2bf2,0x140022b7000081000001094700609300d2187dab,2026-08-05T04:54:23,large_erc20_asset_flow;complex_trace,0xd00263d6,true
25684076,0x47a3667cc6705dafb938bcb05b6345e864986fe55b145950d9bc4a9ad65b435a,0x2b3fed49557bd88f78b898684f82fbb355305dbb,0x09c30cdcdd971423cb3ba757a47d56c35d06d818,2026-08-05T04:54:24,dense_internal_fund_flow,0x318adb8b,true
25684076,0x8ac62a14d83aac97ca32693c4f4a3129c15a3eb70200d2498cd48eeb6c6713df,0xf62217deb69e532578794fbbaa7d849bff336eba,0xbc1d9760bd6ca468ca9fb5ff2cfbeac35d86c973,2026-08-05T04:54:24,dense_internal_fund_flow;complex_trace;high_gas_used_context;token_activity_burst,0xd984396a,true
25684076,0x8bbbc480b5fb2e4ab6bc8523c0c483f982ec22975f79f3f951acc9cf9b2c260a,0xf70da97812cb96acdf810712aa562db8dfa3dbef,0xccc88a9d1b4ed6b0eaba998850414b24f1c315be,2026-08-05T04:54:24,dense_internal_fund_flow;complex_trace,0x0a2b8f36,true
25684076,0xe981f3a8fd27b324042e427a89ac38fa5fe9ef4e636e70b301db2f7adfdf21cf,0xde7a849216aa3884d53d84ecb02c19eb67e5dae2,0x7d9f4ca54131e588fc1fe577973b55fb11231e76,2026-08-05T04:54:24,repeated_internal_token_drain;dense_internal_fund_flow;complex_trace;high_gas_used_context;token_activity_burst;repeated_risky_internal_calls,0x6aac3a0b,true
25684077,0x0d6529a03de40bf4a99fe3e7174ee50866a0da8a27916ae7bdf0f7e03e32bfdd,0x56c262027e0de4aea31d2489529cb25d23e58a8b,0xccc88a9d1b4ed6b0eaba998850414b24f1c315be,2026-08-05T04:54:34,dense_internal_fund_flow;complex_trace,0x0a2b8f36,true
25684077,0x3be7199528219824351ed2e129cc4b948e56fe06bfb1742dbba3d8e24fd9e252,0xae0cc0d6e76c2b13451ab90cd13a5fa71a5c59ba,0xd226997439ecfbeff8e110c8c78c8a7eefd19f89,2026-08-05T04:54:34,large_erc20_asset_flow;complex_trace,0x99999999,true
25684077,0x61e8be0a9459d307f18fdb35fb4c20ab6b5e63aa21458592d3ac3722da1719a9,0x9a8a3c602846911c51362cce3d0138c8b294fbd0,0x00000000075d9aed2e32de0aec3d7fe316514e79,2026-08-05T04:54:34,complex_trace;high_gas_used_context;token_activity_burst,0x00000002,false
25684077,0xed53e7a7fb587bde629a48b543c11f50debfc3d5ec72f5d86ac493eff800f706,0xbf567b7c88b73f2c5ada6f352452641a94c47fe4,0x0000000000001ff3684f28c67538d4d072c22734,2026-08-05T04:54:34,dense_internal_fund_flow;complex_trace,0x2213bc0b,true
25684077,0x81a846538aa2e21cbf44acdf83352604291976399ea88ac5508f4cc971c3edab,0x59aab1bd0d26290274398c07b55955c15425e16b,0x00fe78205f5f0e63b8ad2b2ae5337f538a610e04,2026-08-05T04:54:35,complex_trace;high_gas_used_context;token_activity_burst,0x34fcd5be,false
25684077,0xa5f8cd464f7b675cf6528022e907ee9e832b16c5f9562c1efb52842fd4dbe1ec,0x27a89c547cffb8e6ac7d213b8bc888d29d5edbc7,0x4b47d7291664beb43e03588e2698e10ba2cd21b3,2026-08-05T04:54:35,large_erc20_asset_flow;complex_trace,0x9eb723c7,true
25684078,0x94f45cdf5d12dd73ffce64992994f37a1783c17bdee4e436173eb6cad5a54605,0xdbe1496a99a6d46ae55befd232718cc604c9edef,0x6566194141eefa99af43bb5aa71460ca2dc90245,2026-08-05T04:54:45,large_erc20_asset_flow,0x374f435d,true
25684078,0x6dae544e2f45341ba837f0d99173daada5c3cce2c729ec8f59361ccb07173a4b,0xe91bcae4a2d7b951304695f93cf1b9a1837cfe43,0x7ec8a30a34b86927dc77b302603d1d53e640bef7,2026-08-05T04:54:46,repeated_internal_token_drain;dense_internal_fund_flow;complex_trace;high_gas_used_context;token_activity_burst;repeated_risky_internal_calls,0xa9059cbb,true
25684078,0x9cf7de316f457b6d62d91e2dc9d4117d0d72c1dbd4a1c2a10a63b90dfde6f1f4,0xd6434d157f254276d69ede3bd9fc805482206908,0x7ec8a30a34b86927dc77b302603d1d53e640bef7,2026-08-05T04:54:46,repeated_internal_token_drain;dense_internal_fund_flow;complex_trace;high_gas_used_context;token_activity_burst;repeated_risky_internal_calls,0xa9059cbb,true
25684078,0xbe1e636c8d6dfa6de1e5b51bc82ae223fd4a43931555d62bab02cfd08c696ef0,0x09cfee647fa339133380191c8db6b44f24500c9d,0x96b481c22ee3d6c3667f8c7f60c9e00212799f50,2026-08-05T04:54:46,high_gas_used_context;token_activity_burst,0xa9059cbb,false
25684079,0x282ad1bc5a687a6465da534530664e0886dfadc856220096f0b03c334c9788c0,0x61a418d72ddae926c8c7a5f6810851a6652cecf0,0x03f34be1bf910116595db1b11e9d1b2ca5d59659,2026-08-05T04:54:57,large_erc20_asset_flow;complex_trace,0xe47d166c,true
25684079,0x319614d1081d671bd0ee71de4de07d7d031a931971ae261b7368a792b700d3f5,0x9ded347c53d6878ddd8ad20f5c1b0a91db65ea12,0x4313c378cc91ea583c91387b9216e2c03096b27f,2026-08-05T04:54:57,dense_internal_fund_flow;complex_trace,0xeffbec13,true
25684079,0x3868dec3e2bc7d6f29e233a66a372bdda04cd128c54f178f80bc0c50daae0408,0xa154b98e53fc35e1bad1ff758acbc8c629bdcd2b,0x19917386eeae67b6ff7ddf07de4019fca40aa4ec,2026-08-05T04:54:58,repeated_internal_token_drain;dense_internal_fund_flow;very_complex_trace;high_gas_used_context;token_activity_burst;repeated_risky_internal_calls,0xa9059cbb,true
25684079,0xe316d5abecf5dfe587d431ea10e7b74d22b02237b9f40badb3836f283e4bcdc1,0x1584a8ee67789d1fe161065388657ad2f2a3c7dd,0x77eb52e44db06777bce478159f25c0d55a295314,2026-08-05T04:54:58,repeated_internal_token_drain;dense_internal_fund_flow;complex_trace;high_gas_used_context;token_activity_burst;repeated_risky_internal_calls,0xa9059cbb,true
25684079,0xf12e0e5ce0f6510968534e9f965748c76cbca47ccae62f5dd6dd70c1a1d5155d,0xa5a5491bca93dd4c076e4906e79e7673f4a5a142,0xccc88a9d1b4ed6b0eaba998850414b24f1c315be,2026-08-05T04:54:58,dense_internal_fund_flow;complex_trace,0x0a2b8f36,true
25684080,0x7c3a3cec712e5deee194785c3f5f6d1033ee97e8bba3cf4a8c0ce97aaa7353b3,0x7830c87c02e56aff27fa8ab1241711331fa86f43,0xa9d1e08c7793af67e9d92fe308d5697fb81d3e43,2026-08-05T04:55:10,dense_internal_fund_flow,0x1a1da075,true
25684080,0xc2ea7f77feaead3345f6b13a94280f676455873512a0700bec988cdb1f7f4dc8,0x7830c87c02e56aff27fa8ab1241711331fa86f43,0xa9d1e08c7793af67e9d92fe308d5697fb81d3e43,2026-08-05T04:55:10,large_erc20_asset_flow;token_activity_burst,0xca350aa6,true
25684080,0x361ada766df5d3d3c6801aef3c28a3ad7f149f78952aa2f4e823c96608d303c4,0x09cfee647fa339133380191c8db6b44f24500c9d,0x96b481c22ee3d6c3667f8c7f60c9e00212799f50,2026-08-05T04:55:11,high_gas_used_context;token_activity_burst,0xa9059cbb,false
25684080,0x4fa23292cee1f49f36267733da665d22e3f73ed14252e5e570ae71336a7e5f1c,0xf1edbaeab4ad5f0d33d7e39d3c390588ca44d2ae,0xf4e147db314947fc1275a8cbb6cde48c510cd8cf,2026-08-05T04:55:11,privileged_execution_context,0x760d0f9d,false
25684080,0x60cbda70de37c17de2e8e45ebf84f1cd4e90c7ae234842cb0208140d69428667,0x966fff671c53bbe0ab04e4143aa0a3de83e81a41,0x7a250d5630b4cf539739df2c5dacb4c659f2488d,2026-08-05T04:55:11,dense_internal_fund_flow;large_erc20_asset_flow,0xaf2979eb,true
25684080,0x8338bb910d210073876ad353f3afb2193adf10caafb89b660a9e3102fb2a0ec2,0x22ea0e66c9afe2879135f4d16b5627454c53877e,,2026-08-05T04:55:11,privileged_execution_context;high_gas_used_context;contract_creation_context,0x60e06040,false
25684080,0x970eadcb169d824f462b12dec322356009a280f8e686994134a7c47b6b87a2ce,0xfeed46c11f57b7126a773eec6ae9ca7ae1c03c9a,0xbeeff89abb7815ccd5182bd1ff82c4a4f8fcb13d,2026-08-05T04:55:11,complex_trace;high_gas_used_context;token_activity_burst,0xac9650d8,false
25684081,0x13d8b3d76b40665ef8dc549050de54c8c95f79d0341ee2d89af401de22accd7b,0x4b82847c82087ea19418bed079966810f64f39f4,0x6ed60864fb8fb610a65af5d16cef272548bc64d6,2026-08-05T04:55:17,complex_trace;high_gas_used_context;token_activity_burst,0xe32bbc9e,false
25684082,0x15ffc8b95c5f4f170a19876caf8517d18d22db43e7e0cc52d28b000d88035f78,0x5d26b4f7d08d90dd2f33e41c807710926248819e,0x28b1dc1a5e3699a428bc51d234dfab7c9cb2a183,2026-08-05T04:55:34,complex_trace;high_gas_used_context;token_activity_burst,0xf2c42696,true
25684082,0x2e09c78ade766d1758a320a1d27e2324eff7311580eee4ff98b40e004f45650b,0xa1fee4ec1c56ff67632719f9bb24fd63ed019ff6,0x28b1dc1a5e3699a428bc51d234dfab7c9cb2a183,2026-08-05T04:55:34,complex_trace;high_gas_used_context,0x0c307f76,false
25684082,0x7cd27ce7a53c5547df7e893be72803038ac3259f19e321c4e40cb841ce83d93f,0x1d155cee73cc8b131cb4b803d5c6199d2ee00000,0x0000000000771a79d0fc7f3b7fe270eb4498f20b,2026-08-05T04:55:34,dense_internal_fund_flow;large_mint_to_sender;very_complex_trace;high_gas_used_context;token_activity_burst,0x6dab1dc5,true
25684082,0xbf5d51a1bd1e2a88f1e6a6d8e10f6567506d17da7a334b6af2875fd04a91fb45,0x5b43453fce04b92e190f391a83136bfbecedefd1,0xbdb3ba9ffe392549e1f8658dd2630c141fdf47b6,2026-08-05T04:55:34,dense_internal_fund_flow;complex_trace,0x000000c3,true
25684082,0xfbfbfbcd61690e9ed0a649b1ad9a2e94d475461b2b6a0ba378bec8997aa0f3e7,0xc67e560f5aa239ca3fdcfea159116cd3cab87a7a,0x0889e9327b98d7d1be3c301a4585ff3330502c9a,2026-08-05T04:55:34,dense_internal_fund_flow;large_erc20_asset_flow,0x1fff991f,true
25684082,0xfe8e54625ff0fedfec46ed768302747fa0eb636fd79e4f516e887848b92f29ff,0x091179e3c74e33545ce8cc07fa385827256cb84f,0x6141718f8a599f14f6ce7bbb0cd2366c191fb7de,2026-08-05T04:55:34,repeated_internal_token_drain;dense_internal_fund_flow;very_complex_trace;high_gas_used_context;token_activity_burst;approval_burst,0x09c5eabe,true
25684082,0x50ecf4f6bba66058b8fbba13587d3840e5085a4b7341f5eda5d4b9dab439630c,0xa154b98e53fc35e1bad1ff758acbc8c629bdcd2b,0x19917386eeae67b6ff7ddf07de4019fca40aa4ec,2026-08-05T04:55:36,repeated_internal_token_drain;dense_internal_fund_flow;complex_trace;high_gas_used_context;token_activity_burst;repeated_risky_internal_calls,0xa9059cbb,true
25684082,0x7f6faa7649072c3f77b81c785af444cb573403856164831a14b05c24ac55ba8c,0xd6434d157f254276d69ede3bd9fc805482206908,0x7ec8a30a34b86927dc77b302603d1d53e640bef7,2026-08-05T04:55:36,repeated_internal_token_drain;dense_internal_fund_flow;complex_trace;high_gas_used_context;token_activity_burst;repeated_risky_internal_calls,0xa9059cbb,true
25684082,0xc9a6ce877b0898190863aadcd22a522d96d935c982fac6abdf00f7a427060cc1,0x9f47624c77a332279c97b4e1fe169293cfc1c85e,0x004c26816da9219cf3408e84edd9716df4b5739a,2026-08-05T04:55:36,dense_internal_fund_flow;complex_trace,0x39125215,true
25684084,0x070295fba62a6cd809bd133ecb5856a780054fdbeb668013cfaf72ccae9621d0,0x8a2a3d6fcefd9427ac46b07c91d21207aaa0e168,0x4313c378cc91ea583c91387b9216e2c03096b27f,2026-08-05T04:56:00,dense_internal_fund_flow,0xeffbec13,true
25684084,0x0b6361fb8a4f1150cc0fba47666caf486a65064b6fe43b4dcfd4b7d899285f98,0x856f4e2e4ea8b69b7b9f9e79665a4b42b241d5f8,0xd01607c3c5ecaba394d8be377a08590149325722,2026-08-05T04:56:00,dense_internal_fund_flow;large_erc20_asset_flow;complex_trace,0x80500d20,true
25684084,0xf689eb261a6fda488f663a460834ea873cfcbc34b22ca00a898110d80dd539de,0xfd244fe5afc422adccc1763ff77b809c227b0240,0x881d40237659c251811cec9c364ef91dc08d300c,2026-08-05T04:56:00,dense_internal_fund_flow;large_erc20_asset_flow;complex_trace,0x5f575529,true
25684084,0x486d43198204c9fda170bc0ad799f9fdd6f5740b236a9fff7256b23753034fbe,0x4006c797fd3850473b7bec993a86a77fe7ab882d,0xa6a147946facac9e0b99824870b36088764f969f,2026-08-05T04:56:01,complex_trace;high_gas_used_context,0xac9650d8,false
25684084,0x4eb8c09eedd362f7391fbadefeff25a12b5b34b7d79515a75f36a86949b5cae0,0x2156f29d64f81701b58877129006e8b1964149b6,0x888888888889758f76e7103c6cbf23abbf58f946,2026-08-05T04:56:01,large_erc20_asset_flow;complex_trace,0x47f1de22,true
25684084,0xad1c8e9bf524ddf9c7233339f8f0fcab0a39f4fb6090822c15223dbcc1a4a463,0x4337032d9c9291f05bebded166d947f22b25fa00,0x4337084d9e255ff0702461cf8895ce9e3b5ff108,2026-08-05T04:56:01,complex_trace;high_gas_used_context,0x765e827f,false
25684084,0xc580e54bafa6dedd57b27902117952680f1525d3e27814a7256ddb458cf7b4cb,0x4b173f7f65088c1be11b1f41c712428cad3f833a,0x28b1dc1a5e3699a428bc51d234dfab7c9cb2a183,2026-08-05T04:56:01,complex_trace;high_gas_used_context;token_activity_burst,0x0c307f76,true
25684084,0xca04ab4e218b234d09fdad9dc95a46c625ea5ad320d41b18abf41183470c3a5f,0x8b5606469e21c75edd7c74d1c7a65824675d9aff,0x9ccc2f3ecde026230e11a5c8799ac7524f2bb294,2026-08-05T04:56:01,large_erc20_asset_flow;complex_trace,0x1bc74526,true
25684084,0xb04c1099e353143ae8ac94d6091b9c5cb3a37ead2a516f47bf71b6260847bbfa,0x09cfee647fa339133380191c8db6b44f24500c9d,0x96b481c22ee3d6c3667f8c7f60c9e00212799f50,2026-08-05T04:56:02,high_gas_used_context;token_activity_burst,0xa9059cbb,false
25684084,0xdb50998772c00c5c0ea54d56c4cc5fab347513c89614e982883434746ed6787d,0x09cfee647fa339133380191c8db6b44f24500c9d,0x77b85afbcd336993ac1c65057531c5a5b33b76b8,2026-08-05T04:56:02,high_gas_used_context;token_activity_burst,0xa9059cbb,false
25684084,0xf074f35ac7ce7b1c1c2467e19317e511ab5e2214df242c490e0343abaed9e076,0xe91bcae4a2d7b951304695f93cf1b9a1837cfe43,0x7ec8a30a34b86927dc77b302603d1d53e640bef7,2026-08-05T04:56:02,repeated_internal_token_drain;dense_internal_fund_flow;complex_trace;high_gas_used_context;token_activity_burst;repeated_risky_internal_calls,0xa9059cbb,true
25684084,0xf3d2faee0766706f6d931446a33452a4996f104faa9f31a114f9cd410ec94d82,0x730ee5f7e78f885c0105485c0f2fe1c41d85b1bb,0x0de8bf93da2f7eecb3d9169422413a9bef4ef628,2026-08-05T04:56:02,dense_internal_fund_flow;large_mint_to_sender;very_complex_trace;high_gas_used_context;token_activity_burst,0xc2580804,true
25684085,0x0a2439ecbf142a2d59b1d0bab0ccdaceb070ae09bf8417b18a9b9730e3873f1e,0xa0648494037132df17ebac10b902f1568fda8698,0x9a1d6bd5b8642c41f25e0958129b85f8e1176f3e,2026-08-05T04:56:04,large_erc20_asset_flow,0xac9650d8,true
25684085,0x0ee20652ca1ccc689408145bfdf642ded686ca09f9d1b217238dc71121e20437,0x82540a84769f77893787b76d2eb1fb8200888dcf,0xe571b648569619566cf6ce1060c97b621cb635d3,2026-08-05T04:56:04,large_erc20_asset_flow,0xac9650d8,true
25684086,0x61976955141cfad951c8c83707c1de3eebf74e79ae7795721ea002757d7e9135,0x8a2a3d6fcefd9427ac46b07c91d21207aaa0e168,0x4313c378cc91ea583c91387b9216e2c03096b27f,2026-08-05T04:56:21,dense_internal_fund_flow,0xeffbec13,true
25684086,0x7315799bdf5b199dd7353df20f4c5fe8f09911fc129a86f89464dde2e415e6f6,0x9a8a3c602846911c51362cce3d0138c8b294fbd0,0x00000000075d9aed2e32de0aec3d7fe316514e79,2026-08-05T04:56:21,complex_trace;token_activity_burst,0x00000002,false
25684086,0x639c993db2dcefc3df2d3a0f6894cdd3d0de65f7384083455dab340f08901d1e,0xde7a849216aa3884d53d84ecb02c19eb67e5dae2,0x7d9f4ca54131e588fc1fe577973b55fb11231e76,2026-08-05T04:56:22,repeated_internal_token_drain;dense_internal_fund_flow;complex_trace;high_gas_used_context;token_activity_burst;repeated_risky_internal_calls,0x6aac3a0b,true
25684086,0x65535cd9cb303108a8c65e1c865478ac5fb40098c37233039d7dbf5210c77616,0x0270ce9d9c8ae0bfb6333d216efed90042b877d6,0x25ed72c3f671b626810a6db597dcfd50f215a423,2026-08-05T04:56:22,complex_trace;high_gas_used_context;token_activity_burst,0xf1c95699,true
25684086,0x6a9d2f82b1714cab870bc1aaf95472d45bf967e45983ef1d3c485dbf1647dd33,0x7830c87c02e56aff27fa8ab1241711331fa86f43,0xa9d1e08c7793af67e9d92fe308d5697fb81d3e43,2026-08-05T04:56:22,dense_internal_fund_flow,0x1a1da075,true
25684086,0x791b3cc9bde465193f38d474fab8fef4ce1f13c8dff5720085eb9f1df945b86c,0xe52c16f103f00a69457fcc254ea0bf3b2198cad8,0xb300000b72deaeb607a12d5f54773d1c19c7028d,2026-08-05T04:56:22,complex_trace;high_gas_used_context;token_activity_burst,0x810c705b,false
25684086,0x5ba413ca0f87b77aa20ae4749aad77d3c53d3ca486e814cb3c2a11a8bc2ee675,0x59aab1bd0d26290274398c07b55955c15425e16b,0x00fe78205f5f0e63b8ad2b2ae5337f538a610e04,2026-08-05T04:56:24,repeated_internal_token_drain;dense_internal_fund_flow;complex_trace;high_gas_used_context;token_activity_burst;repeated_risky_internal_calls,0x34fcd5be,true
25684086,0x75898340a91da52e48e2024990dda1458ea9477e70f0b95077ee82668758e5e7,0xf88e4e3db8ca35ebfd41076ec4bad483c9c4f805,0xfa86aa141e45da5183b42792d99dede3d26ec515,2026-08-05T04:56:24,complex_trace;high_gas_used_context;token_activity_burst;approval_burst,0x04117561,true
25684086,0x8a7ef5914a0abd751f927e03a771cd68c4eb91361d36a3ce7cd12c8345dbeaf2,0xe91bcae4a2d7b951304695f93cf1b9a1837cfe43,0x7ec8a30a34b86927dc77b302603d1d53e640bef7,2026-08-05T04:56:24,repeated_internal_token_drain;dense_internal_fund_flow;complex_trace;high_gas_used_context;token_activity_burst;repeated_risky_internal_calls,0xa9059cbb,true
25684086,0xda4f80a5b2e69b94e2ee79682e264a2d5806060f829ef2f56421f63abd822e8d,0x398c1a23631821efbe9fd62bd9341394afefdee4,0x008ebccae39d001200c3003c3225ce0a00690066,2026-08-05T04:56:24,privileged_execution_context,0x7e734c5a,false
25684086,0xe06e652462db0993279aca9f0e41519020fb931f7fa5f817e547e1a2c42c1175,0x09cfee647fa339133380191c8db6b44f24500c9d,0x77b85afbcd336993ac1c65057531c5a5b33b76b8,2026-08-05T04:56:24,high_gas_used_context;token_activity_burst,0xa9059cbb,false
25684086,0xf4828cf4295fa3c6bd15ebb3f4f3a8af0bb82d0fe43db1b736fd85eadb6cbe96,0x617ccb6d070f08953c2fc481fb19674162e672f1,0x91ff8bbd8ebb07893010d50a48a1609e5ebd8e34,2026-08-05T04:56:24,complex_trace;high_gas_used_context,0x069d1525,false
25684086,0xfc69cbb82e41d78b285c6dff6d14ad72a8f7a4e56e496df7ca7ec80b6ec88c67,0xd6434d157f254276d69ede3bd9fc805482206908,0x7ec8a30a34b86927dc77b302603d1d53e640bef7,2026-08-05T04:56:24,repeated_internal_token_drain;dense_internal_fund_flow;complex_trace;high_gas_used_context;token_activity_burst;repeated_risky_internal_calls,0xa9059cbb,true
25684086,0xfedf2e457edf9a0fbaf1943da141bb22b79b643060d0c40bae30794054ba4f88,0x09cfee647fa339133380191c8db6b44f24500c9d,0x96b481c22ee3d6c3667f8c7f60c9e00212799f50,2026-08-05T04:56:24,high_gas_used_context;token_activity_burst,0xa9059cbb,false
25684087,0xa51ef34199041723420e6d3abd455e9153fcbd4866694078fe86bba2ca9b4686,0x161643f280b09be8e0271eef8efc6c264d125003,0x84fee5c97dc2fafcfdfdafa4b7d8cd39421cac31,2026-08-05T04:56:36,dense_internal_fund_flow;token_activity_burst,0xa9059cbb,true
25684087,0xcf6f281b5d6caf7e9eaaf3ade13d95e67cacec73969c41894b97d67b2ce01370,0x09cfee647fa339133380191c8db6b44f24500c9d,0x96b481c22ee3d6c3667f8c7f60c9e00212799f50,2026-08-05T04:56:36,high_gas_used_context;token_activity_burst,0xa9059cbb,false
25684087,0xe97d469ece2ec26eada75b894158f466509bca30d6e1bd9afd8f881bccbaf452,0x09cfee647fa339133380191c8db6b44f24500c9d,0x77b85afbcd336993ac1c65057531c5a5b33b76b8,2026-08-05T04:56:36,high_gas_used_context;token_activity_burst,0xa9059cbb,false
25684088,0x1293c8bb0ad61ab066040aa2771669cafc07f06e5378df8e4c1a02174d80051c,0x48016a2ee65758ea0adf560ba35ac18c827610e5,0x91ff8bbd8ebb07893010d50a48a1609e5ebd8e34,2026-08-05T04:56:43,complex_trace;high_gas_used_context,0x069d1525,false
25684088,0x533f1b7f1b0e70e5b859425eb90a25f871dc14e45c6dab35e732bf95172be768,0x09cfee647fa339133380191c8db6b44f24500c9d,0x96b481c22ee3d6c3667f8c7f60c9e00212799f50,2026-08-05T04:56:43,high_gas_used_context;token_activity_burst,0xa9059cbb,false
25684088,0xa77994a2bfdcd731c0eaf2401eab67caf32076a8309960ca1dc4a01be589c6fd,0xb08b2c3099193bcf05f742ccb7f206635fe243b3,0x91ff8bbd8ebb07893010d50a48a1609e5ebd8e34,2026-08-05T04:56:43,complex_trace;high_gas_used_context,0x069d1525,false
25684088,0xae1486f60ba9ddda1b90616405fa7933b8864ea5573e9a8dfd5295f30702520d,0xd6434d157f254276d69ede3bd9fc805482206908,0x7ec8a30a34b86927dc77b302603d1d53e640bef7,2026-08-05T04:56:44,repeated_internal_token_drain;dense_internal_fund_flow;complex_trace;high_gas_used_context;token_activity_burst;repeated_risky_internal_calls,0xa9059cbb,true
25684089,0x0f554743818a77a583babf0d335a063f50043ab277ed5b81ce68ab8a10d1c564,0x09cfee647fa339133380191c8db6b44f24500c9d,0x77b85afbcd336993ac1c65057531c5a5b33b76b8,2026-08-05T04:57:02,high_gas_used_context;token_activity_burst,0xa9059cbb,false
25684089,0x32f00de46e2d01dc9095f01a7d17eafb4a03dbb4b5db1be67a6212703f86bf97,0xd6434d157f254276d69ede3bd9fc805482206908,0x7ec8a30a34b86927dc77b302603d1d53e640bef7,2026-08-05T04:57:02,repeated_internal_token_drain;dense_internal_fund_flow;complex_trace;high_gas_used_context;token_activity_burst;repeated_risky_internal_calls,0xa9059cbb,true
25684089,0x7e50f89d8efacd3c4cd08ee03d562ad6dfe3fe3890acf9b538ce776f658fd6a4,0x43370371e0bb085d04d02a815230aaf67b35ef25,0x4337084d9e255ff0702461cf8895ce9e3b5ff108,2026-08-05T04:57:02,dense_internal_fund_flow;complex_trace,0x765e827f,true
25684089,0x8ee28b049367627832e3f0f14ed53eccba9ff9ef441a3d69c99088ea3aa197ae,0xd13674ef90c4ef8da43f3fe90aba61a2aa43c1f6,0x91ff8bbd8ebb07893010d50a48a1609e5ebd8e34,2026-08-05T04:57:02,complex_trace;high_gas_used_context,0x069d1525,false
25684089,0xd86ec3c8bfe5bfd8c47a020f3f5a2123ad8206041c4673c63316b6efeed34a0f,0xbad000006db10503589262b55d09bb7b3c5e1472,0xbbbbb048b1a85ca221058c45525095b6a68bbbbb,2026-08-05T04:57:02,repeated_internal_token_drain;dense_internal_fund_flow;very_complex_trace;high_gas_used_context;token_activity_burst;repeated_risky_internal_calls,0xa9059cbb,true
25684089,0xb92d7870c13cf091d1d252c41f0a78f61b65f766ef6cd29dba401a3243007cea,0x730ee5f7e78f885c0105485c0f2fe1c41d85b1bb,0x0de8bf93da2f7eecb3d9169422413a9bef4ef628,2026-08-05T04:57:03,dense_internal_fund_flow;large_mint_to_sender;very_complex_trace;high_gas_used_context;token_activity_burst,0xc2580804,true
25684089,0x86ce5f22d301d87b411301ba139dc5623bb72bdb040ab55807bf2cdf5b932460,0x59aab1bd0d26290274398c07b55955c15425e16b,0x00fe78205f5f0e63b8ad2b2ae5337f538a610e04,2026-08-05T04:57:04,high_gas_used_context;token_activity_burst,0x34fcd5be,false
25684089,0xbf46b67d9b08a4ec438c7bfbebec0f88aed644aa8ba4073bef21ec86d20aa175,0x80d04079ffc53eb14edbeeb37279d126f45552df,0x75183b81549e9bd5215e5661a049d30340ffac55,2026-08-05T04:57:04,repeated_internal_token_drain;dense_internal_fund_flow;complex_trace;token_activity_burst;repeated_risky_internal_calls,0x8aaa8f3b,true
25684090,0x6c310f652ffccea4d0bde474175363dc7da9482add00fba4f6f82237347b637e,0x09cfee647fa339133380191c8db6b44f24500c9d,0x77b85afbcd336993ac1c65057531c5a5b33b76b8,2026-08-05T04:57:08,complex_trace;high_gas_used_context;token_activity_burst,0xa9059cbb,false
25684090,0x8f12f9ae34c7a2aea05943df60d7fdb292881393d65489b76b83e6685de5a333,0x09cfee647fa339133380191c8db6b44f24500c9d,0x96b481c22ee3d6c3667f8c7f60c9e00212799f50,2026-08-05T04:57:08,high_gas_used_context;token_activity_burst,0xa9059cbb,false
25684090,0x9258f420aaea346ce5f8299e68456a147acb14e3184f2b714b4bfb03d33bfbc9,0x77746d6ffa0bf81eda08b16826d9b1e3068b593c,0x555ce236c0220695b68341bc48c68d52210cc35b,2026-08-05T04:57:08,dense_internal_fund_flow;large_erc20_asset_flow;complex_trace,0xc3c16ee4,true
25684090,0xa1bb5b96c0711ded021a24c7d5e59b3a5cf3fe8bbe29a9043d4dda0c6cbcc843,0x80d04079ffc53eb14edbeeb37279d126f45552df,0x75183b81549e9bd5215e5661a049d30340ffac55,2026-08-05T04:57:08,repeated_internal_token_drain;dense_internal_fund_flow;complex_trace;token_activity_burst;repeated_risky_internal_calls,0x8aaa8f3b,true
25684090,0xe9dfc3a22a08a913eddd37688cc7549f4a4143974349950457f4bb5c0a0c1222,0x7830c87c02e56aff27fa8ab1241711331fa86f43,0xa9d1e08c7793af67e9d92fe308d5697fb81d3e43,2026-08-05T04:57:08,large_erc20_asset_flow;token_activity_burst,0xca350aa6,true
25684091,0x158cc850c52d7ac4d667ce43a15918a3cedcc56e60e52146b5c934f583ef3f76,0x0ec7e396328ddb567c2eb4575642ec80a0155629,0x28b1dc1a5e3699a428bc51d234dfab7c9cb2a183,2026-08-05T04:57:18,dense_internal_fund_flow,0x0c307f76,true
25684091,0x32299b2fa95b9f79ed194658b5aec16ce6db19064d9a909801d29e241951a307,0x36b81e076c843af86a7f92d1887b83869c866335,0xacddac6c77318b615f7f6fb9bb67c6833e9c05f1,2026-08-05T04:57:18,large_erc20_asset_flow;complex_trace,0x571d3dc7,true
25684091,0x343c3051067794c34c0c776cedc89e368f6f095cf220722f97b8c8ac2b606f0c,0x5f9acf4e85aa7283e0c16dd94cbc942f9d625151,0xf7c04d03efdc876cc8cb59f0ad58290388edd004,2026-08-05T04:57:18,selfdestruct_context,0xf3fef3a3,false
25684091,0x80009ad5dd773d2468f70e82a6db6da5f77c687dc2c19b911ac2687c2da5c7d8,0x7830c87c02e56aff27fa8ab1241711331fa86f43,0xa9d1e08c7793af67e9d92fe308d5697fb81d3e43,2026-08-05T04:57:18,dense_internal_fund_flow,0x1a1da075,true
25684091,0xcde6f735ee8fe1e05180cf03f7597d5b6c8910e14a3751c10f771eb9962ee3ff,0x4337026d731283f9917fa3c9194d74809bfbec26,0x4337084d9e255ff0702461cf8895ce9e3b5ff108,2026-08-05T04:57:18,complex_trace;high_gas_used_context,0x765e827f,false
25684091,0xdfde929052d16131b9a20c6457e2539d55dd892cd90a606dace1851e7a96434a,0xbad000006db10503589262b55d09bb7b3c5e1472,0xbbbbb048b1a85ca221058c45525095b6a68bbbbb,2026-08-05T04:57:19,repeated_internal_token_drain;dense_internal_fund_flow;complex_trace;high_gas_used_context;token_activity_burst;repeated_risky_internal_calls,0xa9059cbb,true
25684091,0xe4a16f1bfa8f77d50b027ca4511a43b2827d5bf1c7c9b5bafd95efc38664ebd7,0xd6434d157f254276d69ede3bd9fc805482206908,0x7ec8a30a34b86927dc77b302603d1d53e640bef7,2026-08-05T04:57:19,repeated_internal_token_drain;dense_internal_fund_flow;complex_trace;high_gas_used_context;token_activity_burst;repeated_risky_internal_calls,0xa9059cbb,true
25684091,0x130e5e3e074353d07c96f6c7a3f3d68f1fb14f4daddba7621d94f2e1aa1b74c9,0xf88e4e3db8ca35ebfd41076ec4bad483c9c4f805,0xfa86aa141e45da5183b42792d99dede3d26ec515,2026-08-05T04:57:21,complex_trace;high_gas_used_context;approval_burst,0xc7f884c6,false
25684091,0x255ca2ea7ff265b2c0e071bf208f6251ad67b7b9209cf7949971b3426537a3a6,0x22ea0e66c9afe2879135f4d16b5627454c53877e,,2026-08-05T04:57:21,privileged_execution_context;high_gas_used_context;contract_creation_context,0x60e06040,false
25684091,0x923d8a6b6b369e1234b8d7d0fc7f503fd0b7cec5563617aca065374676157913,0x09cfee647fa339133380191c8db6b44f24500c9d,0x96b481c22ee3d6c3667f8c7f60c9e00212799f50,2026-08-05T04:57:21,high_gas_used_context;token_activity_burst,0xa9059cbb,false
25684092,0x6ba568c48427796dc8a88ac5c93d855b8d5b237a052b43365fe6d2e71d296d1a,0xd0b1b166caa72364e5cb7f0ffe182fb5c5ac6484,0x89c6340b1a1f4b25d36cd8b063d49045caf3f818,2026-08-05T04:57:31,dense_internal_fund_flow;complex_trace;high_gas_used_context;token_activity_burst,0x0193b9fc,true
25684092,0x20214af5a6268897117904bcefd748205d01e9a20c4e407bbb171fd8a8a6e46e,0x65802cc308aea8bb913882696c2df6bf23ff9e48,0x7a3ddeac7a0ae6dfa9391c764499a3564f3c2aad,2026-08-05T04:57:32,complex_trace;high_gas_used_context,0x778ddcb3,false
25684092,0x499a5a1fe9bb7116f307468174fe85f544562f1360122d0c56e75ddc8a8d3982,0x09cfee647fa339133380191c8db6b44f24500c9d,0x77b85afbcd336993ac1c65057531c5a5b33b76b8,2026-08-05T04:57:32,high_gas_used_context;token_activity_burst,0xa9059cbb,false
25684092,0x4d2828a82e06f19a54ee4c85d9bf9a8a03effcc124b2392f3efe3d1f87b15ec7,0x1584a8ee67789d1fe161065388657ad2f2a3c7dd,0x77eb52e44db06777bce478159f25c0d55a295314,2026-08-05T04:57:32,repeated_internal_token_drain;dense_internal_fund_flow;complex_trace;token_activity_burst;repeated_risky_internal_calls,0xa9059cbb,true
25684092,0xa78ff4d82a6a859b65e532202b154d5be2674a09e433f502065627b330ecd9a1,0xd6434d157f254276d69ede3bd9fc805482206908,0x7ec8a30a34b86927dc77b302603d1d53e640bef7,2026-08-05T04:57:32,repeated_internal_token_drain;dense_internal_fund_flow;complex_trace;high_gas_used_context;token_activity_burst;repeated_risky_internal_calls,0xa9059cbb,true
25684093,0x1b68b80858f09a66b16ac2c77db09af0ce792225a6fb2c9cb858c704fdc4e2c7,0x730ee5f7e78f885c0105485c0f2fe1c41d85b1bb,0x0de8bf93da2f7eecb3d9169422413a9bef4ef628,2026-08-05T04:57:46,large_mint_to_sender;complex_trace;high_gas_used_context;token_activity_burst,0xc2580804,true
25684093,0x26bd20c64b665395f5d16602fb527fee49e359aa98e27f3403964e69c090aed0,0xe20446cccbfd5f9038e747f1dea8016ecbd94ae5,0x442be06bb5d13711a22ccd3fa382b72a874c5135,2026-08-05T04:57:46,privileged_execution_context;complex_trace,0xf7b5c341,false
25684093,0x8cf14d25903c879645a26cc909b6de7c0637df8c0696ab3605175d38b4c1e9ea,0xdf0d72571c7bd715e9604b37c484987c31af2263,0x28b1dc1a5e3699a428bc51d234dfab7c9cb2a183,2026-08-05T04:57:46,dense_internal_fund_flow;complex_trace;high_gas_used_context;token_activity_burst,0x0c307f76,true
25684093,0x742f6f1151a16999b71adfbb88273c57dd13bbf4cef8dd5146f9ab3b316ae19f,0x09cfee647fa339133380191c8db6b44f24500c9d,0x96b481c22ee3d6c3667f8c7f60c9e00212799f50,2026-08-05T04:57:47,high_gas_used_context;token_activity_burst,0xa9059cbb,false
25684093,0x4f3d01c39b5c6d76893a9a5161f78b7e3944e860501a8be96f262b195085f48a,0xf7bac63fc7ceacf0589f25454ecf5c2ce904997c,0xca11bde05977b3631167028862be2a173976ca11,2026-08-05T04:57:48,large_erc20_asset_flow;complex_trace;high_gas_used_context;token_activity_burst,0x252dba42,true
25684093,0xe175e4df42135e92774dd94bee7c471684d2bfd5e481da902e8a33e9496548b5,0x09cfee647fa339133380191c8db6b44f24500c9d,0x77b85afbcd336993ac1c65057531c5a5b33b76b8,2026-08-05T04:57:48,complex_trace;high_gas_used_context;token_activity_burst,0xa9059cbb,false
25684094,0x859f8b47e6e75c4a10563df410c7c8acebe71c3f6a77cfa84f56b3c99d6d8605,0x730ee5f7e78f885c0105485c0f2fe1c41d85b1bb,0x0de8bf93da2f7eecb3d9169422413a9bef4ef628,2026-08-05T04:57:57,dense_internal_fund_flow;large_mint_to_sender;very_complex_trace;high_gas_used_context;token_activity_burst,0xc2580804,true
25684095,0x109202d1385db2ab410f6ce5835c613b758f98d729311f1f118a4f050d9d8ba4,0x730ee5f7e78f885c0105485c0f2fe1c41d85b1bb,0x0de8bf93da2f7eecb3d9169422413a9bef4ef628,2026-08-05T04:58:36,dense_internal_fund_flow;large_mint_to_sender;very_complex_trace;high_gas_used_context;token_activity_burst,0xc2580804,true
25684095,0x39fe5177064b711180375edd08eb76b1953f2fd117e81a829a2fde213fa9b37f,0x730ee5f7e78f885c0105485c0f2fe1c41d85b1bb,0x0de8bf93da2f7eecb3d9169422413a9bef4ef628,2026-08-05T04:58:36,dense_internal_fund_flow;large_mint_to_sender;very_complex_trace;high_gas_used_context;token_activity_burst,0xc2580804,true
25684095,0x4d9838bf6fedb6a009d9c9baafac55cae317f7e593875aaef17727c5dee4396e,0x730ee5f7e78f885c0105485c0f2fe1c41d85b1bb,0x0de8bf93da2f7eecb3d9169422413a9bef4ef628,2026-08-05T04:58:36,dense_internal_fund_flow;large_mint_to_sender;very_complex_trace;high_gas_used_context;token_activity_burst,0xc2580804,true
25684095,0x544ebd324962e6231df41c96df27fa1af92680d9f1894fd6b069c7c35adb7729,0x730ee5f7e78f885c0105485c0f2fe1c41d85b1bb,0x0de8bf93da2f7eecb3d9169422413a9bef4ef628,2026-08-05T04:58:36,dense_internal_fund_flow;large_mint_to_sender;very_complex_trace;high_gas_used_context;token_activity_burst,0xc2580804,true
25684095,0x724fd16eed9ee3d345011e8de083c8b7a46b02e57c646cc27308d834e128dd3d,0x730ee5f7e78f885c0105485c0f2fe1c41d85b1bb,0x0de8bf93da2f7eecb3d9169422413a9bef4ef628,2026-08-05T04:58:36,dense_internal_fund_flow;large_mint_to_sender;very_complex_trace;high_gas_used_context;token_activity_burst,0xc2580804,true
25684095,0xb71f7eb7ed434ac3cacb6f7fc2490e57442bd9e8da1b96b0bfef3e71605bcca6,0x730ee5f7e78f885c0105485c0f2fe1c41d85b1bb,0x0de8bf93da2f7eecb3d9169422413a9bef4ef628,2026-08-05T04:58:36,dense_internal_fund_flow;large_mint_to_sender;very_complex_trace;high_gas_used_context;token_activity_burst,0xc2580804,true
25684095,0xcafc0e337002ab7b7b385fd22808bea4504691095ceff824a6baa193bce71f2e,0x730ee5f7e78f885c0105485c0f2fe1c41d85b1bb,0x0de8bf93da2f7eecb3d9169422413a9bef4ef628,2026-08-05T04:58:36,dense_internal_fund_flow;large_mint_to_sender;very_complex_trace;high_gas_used_context;token_activity_burst,0xc2580804,true
25684095,0xed3f9015fb602230a7753dce0067e662ea2e3baeca613d06d32d1e11868b0b7b,0x5e6e835ec4e69fdaf9cad50cedafc687976d6a22,0x91ff8bbd8ebb07893010d50a48a1609e5ebd8e34,2026-08-05T04:58:36,complex_trace;high_gas_used_context,0x069d1525,false
25684096,0x032fe42a62a104f599147de77ae45cbf47ae6ea254f16c334c11bcb56f6a33d1,0xb8f73f69c6ff894b544bb585946edb16b13aec3a,0xaf6d057f77284e4c2d84b903a8ec06db49e2c15e,2026-08-05T04:58:40,very_complex_trace;high_gas_used_context,0x21f515c1,false
25684096,0x4c471a50bf75b84323baae8c9c00eac8b59624f9a7693b0ff34cdb2f4d06fe42,0x7830c87c02e56aff27fa8ab1241711331fa86f43,0xa9d1e08c7793af67e9d92fe308d5697fb81d3e43,2026-08-05T04:58:40,dense_internal_fund_flow,0x1a1da075,true
25684096,0x84ad14e8e84bdc749b5d53ecf39dac88d783526617b55d949230a10e3ee5901c,0x782220e5f05c2d7b6d5ae8e21e418cdb4fb26f24,0x4313c378cc91ea583c91387b9216e2c03096b27f,2026-08-05T04:58:40,dense_internal_fund_flow,0xeffbec13,true
25684096,0xa385be912d3cf2c03552f2eb84080aa88d4c43f882493eaaabefc59bb17ae719,0x245c1739ba35fea3caa7a261a3d212324c5574c6,0x881d40237659c251811cec9c364ef91dc08d300c,2026-08-05T04:58:40,dense_internal_fund_flow;complex_trace,0x5f575529,true
25684096,0xf663c170b6705da987e7bee3296d3978bc2d56213e8cc2bf212930b99d40bc57,0x331d9a049d496385998067abf6cbb6371c8d2466,0xccc88a9d1b4ed6b0eaba998850414b24f1c315be,2026-08-05T04:58:40,dense_internal_fund_flow;complex_trace;high_gas_used_context;token_activity_burst,0x0a2b8f36,true
25684096,0x607c1beb645eeeb9986d2370a415ca864155b4e83df0a99cc90b397c581e8a38,0xde7a849216aa3884d53d84ecb02c19eb67e5dae2,0x7d9f4ca54131e588fc1fe577973b55fb11231e76,2026-08-05T04:58:41,repeated_internal_token_drain;dense_internal_fund_flow;complex_trace;high_gas_used_context;token_activity_burst;repeated_risky_internal_calls,0x6aac3a0b,true
25684096,0xc6b68c2392f096219384e8f2518528e4a0ea7105e12a225b44d8986f84eb9289,0xd6434d157f254276d69ede3bd9fc805482206908,0x7ec8a30a34b86927dc77b302603d1d53e640bef7,2026-08-05T04:58:41,repeated_internal_token_drain;dense_internal_fund_flow;complex_trace;high_gas_used_context;token_activity_burst;repeated_risky_internal_calls,0xa9059cbb,true
25684096,0xf5b7fad24bb605c21ecb4bc4a818ccb8a520c0fcee2d318c9bf887e16ced5482,0xe91bcae4a2d7b951304695f93cf1b9a1837cfe43,0x7ec8a30a34b86927dc77b302603d1d53e640bef7,2026-08-05T04:58:41,repeated_internal_token_drain;dense_internal_fund_flow;complex_trace;high_gas_used_context;token_activity_burst;repeated_risky_internal_calls,0xa9059cbb,true
25684096,0xf7ef2473b0b66ccf0bcbec6faf1eccd1892aacda19ebf3b39aa445e2825b2037,0xc801ce5d3e2df2303fffefc60b6c783f19e0ba56,0x6255fb7bbf93ae5e44724fcdd66c01d166168934,2026-08-05T04:58:41,complex_trace;high_gas_used_context,0x7dbbf18b,false
25684096,0xc34dc10313306970993b469ba3f2a737dd838acc88c53a8a866c3d877567e570,0x558a02089e3bb87ed4daaa7e72fe4562d6eb7abf,0x440019a8ccc765b4600ebd1f1a2c1ca5c21198c8,2026-08-05T04:58:42,complex_trace;high_gas_used_context,0xcaf216c0,false
25684097,0x51265bd5c18948e1dcfcc314383ae4c711930f2adbf62929ea5bed1e72c705f0,0x09a591f0e4fa0abac08f05bc0916c51ee34c1a1b,0x5cb16a393b9b43c590953b51058edab1bde0f5fa,2026-08-05T04:58:48,dense_internal_fund_flow,0x501d976c,true
25684097,0x1264e4a42522629926ef34e94cbd05d068616e03b441cdbd7d7c5ed17f10b2a7,0x8a2a3d6fcefd9427ac46b07c91d21207aaa0e168,0x4313c378cc91ea583c91387b9216e2c03096b27f,2026-08-05T04:58:49,dense_internal_fund_flow,0xeffbec13,true
25684097,0x4854be6125e085212ccdd7ceed323f73fbdf956988c13aaaf78420381c6cfb76,0xe884946507e8f2303db5e0738a5e69560e4f3428,0x4313c378cc91ea583c91387b9216e2c03096b27f,2026-08-05T04:58:49,dense_internal_fund_flow,0xeffbec13,true
25684097,0x6809ff5b0c7a5fff393b1decfb4037f702ebcfea8e3d7baa06274d21916ee079,0x966fff671c53bbe0ab04e4143aa0a3de83e81a41,,2026-08-05T04:58:49,large_mint_to_sender;contract_creation_context,0x60806040,true
25684097,0x0559a7f4e7d4643ce3db4f5453af07121d4ca093371c297289f389b183e9b97d,0x18ace1a4d09735932a02ddf1df8a3a98d2b3e717,0x4313c378cc91ea583c91387b9216e2c03096b27f,2026-08-05T04:58:51,dense_internal_fund_flow,0xeffbec13,true
25684097,0x33b94ebcbc485ab27bcd251e36a33b3d5f1de0055b7eca7bb5df07a09a848311,0xa58627a29bb59743ce1d781b1072c59bb1dda86d,0x6a000f20005980200259b80c5102003040001068,2026-08-05T04:58:51,large_erc20_profit_to_sender;large_erc20_asset_flow;complex_trace,0xe3ead59e,true
25684097,0x94e3e4388d6f975e72873ee7c6018da6eca5b24f915531461630fd9711436e08,0x190975a805c1678cde86a1cbc76fc00774f2d145,0x4c82d1fbfe28c977cbb58d8c7ff8fcf9f70a2cca,2026-08-05T04:58:51,dense_internal_fund_flow;large_erc20_asset_flow,0x3593564c,true
25684097,0x01016be6425d4ea84e27227f7dc361a7e4239b0fd553cf4b12de71773047e203,0x06f342efcdd0b8a28053530cef15fa3dad46570a,0x5ff137d4b0fdcd49dca30c7cf57e578a026d2789,2026-08-05T04:58:53,complex_trace;high_gas_used_context,0x1fad948c,false
25684097,0x34d0e1c4e1612638db3aff78dafa6a8e4e30a4b3b7cbf9eb18a9337788d3376a,0x09cfee647fa339133380191c8db6b44f24500c9d,0x96b481c22ee3d6c3667f8c7f60c9e00212799f50,2026-08-05T04:58:53,high_gas_used_context;token_activity_burst,0xa9059cbb,false
25684097,0x5076c9970966a21a4995f53f5accaae18c887a899bf921535bc6000ad48c5133,0x09cfee647fa339133380191c8db6b44f24500c9d,0x77b85afbcd336993ac1c65057531c5a5b33b76b8,2026-08-05T04:58:53,high_gas_used_context;token_activity_burst,0xa9059cbb,false
25684097,0x5c6d51538de7b26179bdb31f0b5ab608b956a7c70efef39627e4b35f9d5b5396,0x09cfee647fa339133380191c8db6b44f24500c9d,0x96b481c22ee3d6c3667f8c7f60c9e00212799f50,2026-08-05T04:58:53,high_gas_used_context;token_activity_burst,0xa9059cbb,false
25684097,0xadeb32be2a32f94611cda51f303f1d4c2c9b94d29205b88e408db9351de8d936,0x09cfee647fa339133380191c8db6b44f24500c9d,0x77b85afbcd336993ac1c65057531c5a5b33b76b8,2026-08-05T04:58:53,high_gas_used_context;token_activity_burst,0xa9059cbb,false
25684097,0xd592fe2acd5ca4dfb6fa688d1f2570dec157ad9bdda502e388020805e9521063,0x2b3fed49557bd88f78b898684f82fbb355305dbb,0x09c30cdcdd971423cb3ba757a47d56c35d06d818,2026-08-05T04:58:53,dense_internal_fund_flow,0x318adb8b,true
25684098,0x13b21e08d8c5453b28e5e593df4416eae0614efde478fb52b6256b240ed125f8,0xe67bfe6502c8ad228393b9343740bb6489e756b3,0x4313c378cc91ea583c91387b9216e2c03096b27f,2026-08-05T04:58:53,dense_internal_fund_flow,0xeffbec13,true
25684099,0x89b1a567875acbd3ac562db7f5f18cae6c514c675e05e7458995ae6158ab9102,0xb8f73f69c6ff894b544bb585946edb16b13aec3a,0xaf6d057f77284e4c2d84b903a8ec06db49e2c15e,2026-08-05T04:59:03,complex_trace;high_gas_used_context,0x21f515c1,false
25684099,0x0be2900cc4f853333f7e92f16b3014b745edf20738a034868c03234a6db9fbf9,0x2ceac2bc0fe045b5a944531f91971b12979fe7bf,0xd01607c3c5ecaba394d8be377a08590149325722,2026-08-05T04:59:05,dense_internal_fund_flow;complex_trace,0x80500d20,true
25684099,0x0f32ddf58f2d4e4fba0fe0a4414b878cd94875f17549265628476899620d2cb0,0x1efc1fcae492b0d657c1edde32d2e2acfd3db947,,2026-08-05T04:59:05,large_mint_to_sender;contract_creation_context,0x60806040,true
25684099,0x29d19514d4bc36c3f59b5de9374e496158735ec00f5501e84b24acf8359a2185,0xd996e05dadd05a7d1dfebec04350f26d9dec349e,0x0a508c574415cf22c7c5cc6230a7f4784b69ea8b,2026-08-05T04:59:05,complex_trace;high_gas_used_context,0x9265bb9d,false
25684099,0x7d354fafb13af7e70a9c834ad9f77cf71b0ffd628ae377339f9cf84552d09190,0xa440ff687dbd1ec8bbd379124bfa0fac5449ec4e,0x28b1dc1a5e3699a428bc51d234dfab7c9cb2a183,2026-08-05T04:59:05,complex_trace;high_gas_used_context;token_activity_burst,0x0c307f76,false
25684099,0xc8e43ae5711def36fd59be0b6bcc6d08de7830743f33ad917ec3473c4d1a491c,0x7f828e33c6deb5b27115e2389f0d10341d633492,0x881d40237659c251811cec9c364ef91dc08d300c,2026-08-05T04:59:05,dense_internal_fund_flow;complex_trace,0x5f575529,true
25684099,0xfb3527533f2091569571e252cec8511505442771eae8494fb8cd7cf3e0bda210,0x50bf934781f63028c5c8ef49c4affe19a86d99b6,0x8d04cc7e86e687854eb41d9d43512b655b93184b,2026-08-05T04:59:05,selfdestruct_context,0xb5291b32,false
25684099,0x12ac4078e2369e2576482ee140cc02171bcc3790aa1d4a7b846d76922294e019,0x09cfee647fa339133380191c8db6b44f24500c9d,0x96b481c22ee3d6c3667f8c7f60c9e00212799f50,2026-08-05T04:59:06,high_gas_used_context;token_activity_burst,0xa9059cbb,false
25684099,0x529caad32f4d303da912c26bd51460eef328575988428bcf32b1b41e0961c518,0xe91bcae4a2d7b951304695f93cf1b9a1837cfe43,0x7ec8a30a34b86927dc77b302603d1d53e640bef7,2026-08-05T04:59:06,repeated_internal_token_drain;dense_internal_fund_flow;complex_trace;high_gas_used_context;token_activity_burst;repeated_risky_internal_calls,0xa9059cbb,true
25684099,0x6a1ad125d68980a902b8bfea0c50c5880b1f2768edab9df8fca83db3f810af9b,0xd6434d157f254276d69ede3bd9fc805482206908,0x7ec8a30a34b86927dc77b302603d1d53e640bef7,2026-08-05T04:59:06,repeated_internal_token_drain;dense_internal_fund_flow;complex_trace;high_gas_used_context;token_activity_burst;repeated_risky_internal_calls,0xa9059cbb,true
25684099,0x9890ce46e5e16b0f43696dbbc925b5ebca01a3f6098ee51d239de41f9c389277,0x09cfee647fa339133380191c8db6b44f24500c9d,0x77b85afbcd336993ac1c65057531c5a5b33b76b8,2026-08-05T04:59:06,high_gas_used_context;token_activity_burst,0xa9059cbb,false
25684099,0xa19f10d57750845c12077eed0978ae3cc084e99c9636d3abc5e99b2e56913b1f,0x09cfee647fa339133380191c8db6b44f24500c9d,0x77b85afbcd336993ac1c65057531c5a5b33b76b8,2026-08-05T04:59:06,high_gas_used_context;token_activity_burst,0xa9059cbb,false
25684100,0x99bf3a0acdd43a5c37f2819489d820bd28ce4e9cac13d6c15e902726222e4953,0x8a2a3d6fcefd9427ac46b07c91d21207aaa0e168,0x4313c378cc91ea583c91387b9216e2c03096b27f,2026-08-05T04:59:12,dense_internal_fund_flow,0xeffbec13,true
25684100,0x9c9f013317712bbf7d62652b792c2f35888049fc935387e601575163b1f82830,0x8a02495884a9820d3239b80f982385c8f74b8b66,0x28b1dc1a5e3699a428bc51d234dfab7c9cb2a183,2026-08-05T04:59:12,dense_internal_fund_flow;complex_trace;high_gas_used_context;token_activity_burst,0x0c307f76,true
25684100,0x6d71ecb3b52f1867838cadccd7e36885123b97948bc1e80eeb2303dfbbb2221f,0x09cfee647fa339133380191c8db6b44f24500c9d,0x77b85afbcd336993ac1c65057531c5a5b33b76b8,2026-08-05T04:59:13,high_gas_used_context;token_activity_burst,0xa9059cbb,false
25684100,0xc00996cf99c137c60ff619895bf6142c080bf75a8826ebb40778c48f537411cf,0x09cfee647fa339133380191c8db6b44f24500c9d,0x96b481c22ee3d6c3667f8c7f60c9e00212799f50,2026-08-05T04:59:13,high_gas_used_context;token_activity_burst,0xa9059cbb,false
25684100,0xce1ef3310c74f00834bf2661bb58dde1a4d32abe37d3d21cff36075153f70b9c,0xf70da97812cb96acdf810712aa562db8dfa3dbef,0xb92fe925dc43a0ecde6c8b1a2709c170ec4fff4f,2026-08-05T04:59:13,dense_internal_fund_flow,0xcd6e13f7,true
25684100,0xf51d8166067e7359c8093ff516dde10ec06c4e0d2014207009e1a288f047b1a4,0x870684f7fbbbfe5aec1ae5226d1d5650b743efe3,0x7a250d5630b4cf539739df2c5dacb4c659f2488d,2026-08-05T04:59:13,dense_internal_fund_flow,0xaf2979eb,true
25684101,0x4f74efa912976c8523fdf8d64273e90ed6e38da9c868c5c943dcc0bfc28ef3dd,0x382d998eb6a47ed6624db0f6bf1ad72c6e6b244c,0x4313c378cc91ea583c91387b9216e2c03096b27f,2026-08-05T04:59:19,dense_internal_fund_flow,0xeffbec13,true
25684101,0x56a39b3c030b767c080e45e4f834441dee67887e5a122c10b0c8e3a0b8df3a42,0x7830c87c02e56aff27fa8ab1241711331fa86f43,0xa9d1e08c7793af67e9d92fe308d5697fb81d3e43,2026-08-05T04:59:19,large_erc20_asset_flow;token_activity_burst,0xca350aa6,true
25684101,0x5babaa5141cafed17cfab37845e84bf90f3c63c23707762d19653da015d1922c,0x4612137e26caea4f82f271e6b0fb7e65dc87c559,0x4313c378cc91ea583c91387b9216e2c03096b27f,2026-08-05T04:59:19,dense_internal_fund_flow,0xeffbec13,true
25684101,0xc22aff8cb0c5d11c62288c5a9860d6e02da0deff7ede29ca3995476d06c3a98a,0x7830c87c02e56aff27fa8ab1241711331fa86f43,0xa9d1e08c7793af67e9d92fe308d5697fb81d3e43,2026-08-05T04:59:19,dense_internal_fund_flow,0x1a1da075,true
25684101,0x10856531ac8289de3289f2042c514a0dcdb54633f72cdb7338f596d3d061ca2a,0xd6434d157f254276d69ede3bd9fc805482206908,0x7ec8a30a34b86927dc77b302603d1d53e640bef7,2026-08-05T04:59:21,repeated_internal_token_drain;dense_internal_fund_flow;complex_trace;high_gas_used_context;token_activity_burst;repeated_risky_internal_calls,0xa9059cbb,true
25684101,0x2e5e044a0879bc2cc1d76ca2796786878d557439cc318656fd15d628927a32d9,0xe91bcae4a2d7b951304695f93cf1b9a1837cfe43,0x7ec8a30a34b86927dc77b302603d1d53e640bef7,2026-08-05T04:59:21,repeated_internal_token_drain;dense_internal_fund_flow;complex_trace;high_gas_used_context;token_activity_burst;repeated_risky_internal_calls,0xa9059cbb,true
25684101,0x95c47e1654cd72b2c10257adab394487e0986a9ad6e30d1bcded9a846a176c4c,0x88538812e41b89689f5e23871ef5d5ce2be0f987,0x28b1dc1a5e3699a428bc51d234dfab7c9cb2a183,2026-08-05T04:59:21,dense_internal_fund_flow;complex_trace,0xf2c42696,true
25684101,0xde5b48c5a1ca44ff093434b5a0e0304b8526c3f56e8c6a7f5a2136cc1969023a,0x09cfee647fa339133380191c8db6b44f24500c9d,0x96b481c22ee3d6c3667f8c7f60c9e00212799f50,2026-08-05T04:59:21,high_gas_used_context;token_activity_burst,0xa9059cbb,false
25684101,0xe6c6ea4f9519b5c284dcbf9b48f24b0c19d34581e00d2ed227fda251d43cb5c2,0xf70da97812cb96acdf810712aa562db8dfa3dbef,0xb92fe925dc43a0ecde6c8b1a2709c170ec4fff4f,2026-08-05T04:59:21,dense_internal_fund_flow,0xcd6e13f7,true
25684102,0x38000ff600db820916b7134ccd6ee107b1a257a31357a3c91effe71a36955597,0x382d998eb6a47ed6624db0f6bf1ad72c6e6b244c,0x4313c378cc91ea583c91387b9216e2c03096b27f,2026-08-05T04:59:30,dense_internal_fund_flow,0xeffbec13,true
25684102,0x5aa428c542fca4bbfbfa027bd7646f2224bf150849a56082ba793e67a17e2354,0x9eb42f017e793512e4734f8785de605c4cb3a24e,0x4313c378cc91ea583c91387b9216e2c03096b27f,2026-08-05T04:59:30,dense_internal_fund_flow;large_erc20_asset_flow,0xeffbec13,true
25684102,0xb7c9be4fb72d9d4bb48f2e91a33463c9f0a919b5ec1a50d7cdde1862b62f10bc,0x8a2a3d6fcefd9427ac46b07c91d21207aaa0e168,0x4313c378cc91ea583c91387b9216e2c03096b27f,2026-08-05T04:59:30,dense_internal_fund_flow,0xeffbec13,true
25684102,0xebe4696eec56b9035a6c0a75b3c10e0b8aa6fc21aea7a786de1d95149ed0955b,0x6e255ee487ecc0f0a1a242949b1096b533c8409b,0xaf6d057f77284e4c2d84b903a8ec06db49e2c15e,2026-08-05T04:59:30,complex_trace;high_gas_used_context,0x21f515c1,false
25684102,0x00df2974d69999eebd6ded13e48982c1ba999baa504cfaa80cfe5d22e3eefb51,0x0816cfde9980c2f2296213cf35a9e8c5f2c6b2d9,0x91ff8bbd8ebb07893010d50a48a1609e5ebd8e34,2026-08-05T04:59:31,complex_trace;high_gas_used_context,0x069d1525,false
25684102,0x30ce2db1cc984b4d4c942460b3556f820b01848e5f602b43cac124c66297b6fc,0x26064591aab10090c50d568197afee2509f58715,0x52be2f3cd0237e3ff0a39478c3956dd7135e39e5,2026-08-05T04:59:31,complex_trace;high_gas_used_context,0x7c7c78c0,false
25684102,0x52bb3e8b2fcc217328657b68eb001a4eccea79637d9095e166ead6b28edb2132,0x00c501a744b3db320f1eb5675f9a606bd298d2b9,0x91ff8bbd8ebb07893010d50a48a1609e5ebd8e34,2026-08-05T04:59:31,complex_trace;high_gas_used_context,0x069d1525,false
25684102,0x5f5a67bc6c7509dd9f0804c45556e1a5f0ebb58613ea6fd83eb271a3764d6574,0x77746d6ffa0bf81eda08b16826d9b1e3068b593c,0x555ce236c0220695b68341bc48c68d52210cc35b,2026-08-05T04:59:31,dense_internal_fund_flow;complex_trace,0xc3c16ee4,true
25684103,0x5992babe5e162ef286288a3d476b606185b48416633911a8c839748b5baa7bec,0x9eb42f017e793512e4734f8785de605c4cb3a24e,0x4313c378cc91ea583c91387b9216e2c03096b27f,2026-08-05T04:59:44,dense_internal_fund_flow,0xeffbec13,true
25684103,0x63cf9b53a2af0ff22e47411ee4a4fd0b60abc6fa653817b51c0f1f4755f8acf7,0xb876842bb8405f34e1cefe497d0d85d39f83badf,0x91ff8bbd8ebb07893010d50a48a1609e5ebd8e34,2026-08-05T04:59:45,complex_trace;high_gas_used_context,0x069d1525,false
