block_num,tx_hash,from,to,detect_time,attack_signals,selector,has_asset_impact
25684402,0x1a3c98e71edcaea8bae09d3696ea3532857bef6947f09c03636db7ba81a2e51a,0x00d9fe085d99b33ab2aae8063180c63e23bf2e69,0x75884f3ada15c953529abaac6549d5204135ec36,2026-08-05T06:00:09,repeated_internal_token_drain;dense_internal_fund_flow;complex_trace;high_gas_used_context;token_activity_burst;repeated_risky_internal_calls,0xa9059cbb,true
25684402,0x20beb73997d74bb9a6ffaa3f9fb90fcdfa948045a6fb073c1c39cd4a87e18eed,0x67e10b7764a99165665557b3e6cf24555bfc88c3,0x8b71140ad2e5d1e7018d2a7f8a288bd3cd38916f,2026-08-05T06:00:10,dense_internal_fund_flow;complex_trace,0x3816f29d,true
25684402,0x90754cdb166ce2bd1ca67aa07682088b34d55ab53547cba2cdb63167c261d82c,0xd6434d157f254276d69ede3bd9fc805482206908,0x7ec8a30a34b86927dc77b302603d1d53e640bef7,2026-08-05T06:00:10,repeated_internal_token_drain;dense_internal_fund_flow;very_complex_trace;high_gas_used_context;token_activity_burst;repeated_risky_internal_calls,0xa9059cbb,true
25684402,0xe667a65b59bf73246cfbd2f7288af8a146bbe05304285148d7290ec3ccbd47a3,0xf7bac63fc7ceacf0589f25454ecf5c2ce904997c,0xca11bde05977b3631167028862be2a173976ca11,2026-08-05T06:00:10,dense_internal_fund_flow;complex_trace;high_gas_used_context;token_activity_burst,0x252dba42,true
25684403,0x2fbb194d57bedab3ce6eb237d7079334a31127a4b3cd1831694183bbdd844b2e,0xde7a849216aa3884d53d84ecb02c19eb67e5dae2,0x7d9f4ca54131e588fc1fe577973b55fb11231e76,2026-08-05T06:00:19,repeated_internal_token_drain;dense_internal_fund_flow;complex_trace;high_gas_used_context;token_activity_burst;repeated_risky_internal_calls,0x6aac3a0b,true
25684403,0x536c57d303dbbfe2da72700cd699ff8afc80f4cb83fb4e529d6db512717754ef,0x1b92388f41ae9080a790a8ca6e31c5027d0e7f6e,0xc80b4457fccd49e7c3a2f5566dd1b827d85f6c98,2026-08-05T06:00:19,dense_internal_fund_flow;high_gas_used_context;token_activity_burst,0xa9dfb838,true
25684404,0x7f3c4e343263b81e11812c5f38eb835609788946c4cd9b3151c0292a7a2e676c,0x7556699aa8e6a7c9c69bcfaf9debd05f8192b063,0x84cab37995229530d9e6e5cff2f8f4ebe4517d66,2026-08-05T06:00:43,complex_trace;high_gas_used_context;token_activity_burst,0xe587456a,false
25684404,0x8c72ff12d0f366357f14530b06aae9b33af6fcaf4b7636708a1323bfd71e97c6,0xa154b98e53fc35e1bad1ff758acbc8c629bdcd2b,0x19917386eeae67b6ff7ddf07de4019fca40aa4ec,2026-08-05T06:00:43,repeated_internal_token_drain;dense_internal_fund_flow;very_complex_trace;high_gas_used_context;token_activity_burst;repeated_risky_internal_calls,0xa9059cbb,true
25684404,0x8e2a7c0262c0032ea1fdd44f420086bb309f5538d553b1c24910ac6f2a1814f1,0x43370368dccceb147c89d1d78f14589225220290,0x0000000071727de22e5e9d8baf0edac6f37da032,2026-08-05T06:00:43,large_erc20_asset_flow,0x765e827f,true
25684404,0x9872d75c023b46b95676a7f97de1c175a71128a2856fb1e9d4bbd9274a3fbe1f,0x6329c2ebf2d1f0414efb021f30b3c26268dafa52,0x28b1dc1a5e3699a428bc51d234dfab7c9cb2a183,2026-08-05T06:00:43,complex_trace;high_gas_used_context,0x0c307f76,true
25684404,0xdc59c25036df5ffe9a7c872b6ab27fdfd77a892f0313996b23a943ced88dbae1,0xd6434d157f254276d69ede3bd9fc805482206908,0x7ec8a30a34b86927dc77b302603d1d53e640bef7,2026-08-05T06:00:43,repeated_internal_token_drain;dense_internal_fund_flow;very_complex_trace;high_gas_used_context;token_activity_burst;repeated_risky_internal_calls,0xa9059cbb,true
25684404,0xe3772c72cffa7bfc043cbed0244ee5b8baecbcbbaf3b08792d78e5017f6eaab8,0xc6acbee42e9e323140c1ed060c2f6ea9cc3b4b75,0x7c5a71c9fefbc7691f9d4ac7baf70c743792f716,2026-08-05T06:00:43,selfdestruct_context,0xf3fef3a3,false
25684404,0xe662b8949f478603b1eec66332c4783f700b488f58c25314c56ac9b006f5c7e0,0x00d9fe085d99b33ab2aae8063180c63e23bf2e69,0x75884f3ada15c953529abaac6549d5204135ec36,2026-08-05T06:00:43,repeated_internal_token_drain;dense_internal_fund_flow;complex_trace;high_gas_used_context;token_activity_burst;repeated_risky_internal_calls,0xa9059cbb,true
25684404,0xf93c25465236977fbb7cfc1db8f8203eb719dd63bbcd6435b1e4d1a8575a981c,0x5b43453fce04b92e190f391a83136bfbecedefd1,0xbdb3ba9ffe392549e1f8658dd2630c141fdf47b6,2026-08-05T06:00:43,complex_trace;token_activity_burst,0x000000c3,false
25684404,0x074d262a5f5ff44419a91553ddd93b6d50c5d8e8d040fe1cd59f14dadae344dc,0x67e10b7764a99165665557b3e6cf24555bfc88c3,0x8b71140ad2e5d1e7018d2a7f8a288bd3cd38916f,2026-08-05T06:00:44,dense_internal_fund_flow;complex_trace,0x3816f29d,true
25684404,0x979e21d66910af88f7baa4723cd6f42a4dafe93879c78bf0d84283a650cce1c3,0x80d04079ffc53eb14edbeeb37279d126f45552df,0x7b49f9031acd1ac7fb4a307be70a94ba7984634d,2026-08-05T06:00:44,repeated_internal_token_drain;dense_internal_fund_flow;complex_trace;token_activity_burst;repeated_risky_internal_calls,0x8aaa8f3b,true
25684405,0x22119596f8c2ab01c4d0df4ed4f942d5420ac2747fee931223a14a412ac2d6e8,0x1b92388f41ae9080a790a8ca6e31c5027d0e7f6e,0xc80b4457fccd49e7c3a2f5566dd1b827d85f6c98,2026-08-05T06:00:53,dense_internal_fund_flow;high_gas_used_context;token_activity_burst,0xa9dfb838,true
25684405,0x4c814fef56cba884f1f76bd1900c4275533701a0679a3b1203f9d03c23365d42,0x80d04079ffc53eb14edbeeb37279d126f45552df,0x7b49f9031acd1ac7fb4a307be70a94ba7984634d,2026-08-05T06:00:53,repeated_internal_token_drain;dense_internal_fund_flow;complex_trace;token_activity_burst;repeated_risky_internal_calls,0x8aaa8f3b,true
25684405,0xba0e4798b42505ad7db915e5f854409c13efb4854301c8ff305b81900f7d6ce3,0x67e10b7764a99165665557b3e6cf24555bfc88c3,0x8b71140ad2e5d1e7018d2a7f8a288bd3cd38916f,2026-08-05T06:00:53,dense_internal_fund_flow;complex_trace,0x3816f29d,true
25684406,0x2f465248afa5cee5a200ce2677a2b2cc26cc0036e4f6b9577ed10af65e26f529,0xf70da97812cb96acdf810712aa562db8dfa3dbef,0xb92fe925dc43a0ecde6c8b1a2709c170ec4fff4f,2026-08-05T06:01:03,dense_internal_fund_flow;complex_trace,0xcd6e13f7,true
25684406,0xe9c5014cb3ac10d9fdd84f07322b4d0544861b45746c0e6abeabba3f3aa04f31,0x8b65363a01510490fba03cea97b14c73b7ee8f75,0x2f9ec37d6ccfff1cab21733bdadede11c823ccb0,2026-08-05T06:01:03,dense_internal_fund_flow,0xb77d239b,true
25684406,0x01bd0fe76f9299eec1fda3d57948feca268f6a333fe9ede3c367fdc72003e2e1,0x00d9fe085d99b33ab2aae8063180c63e23bf2e69,0x75884f3ada15c953529abaac6549d5204135ec36,2026-08-05T06:01:05,repeated_internal_token_drain;dense_internal_fund_flow;complex_trace;high_gas_used_context;token_activity_burst;repeated_risky_internal_calls,0xa9059cbb,true
25684406,0x1673e3f11c348b3af76f991300e44c0b25ffa15b6b6dbe685e437523353c0042,0x67e10b7764a99165665557b3e6cf24555bfc88c3,0x8b71140ad2e5d1e7018d2a7f8a288bd3cd38916f,2026-08-05T06:01:05,dense_internal_fund_flow;complex_trace,0x3816f29d,true
25684406,0x3814a05d6b969787bfed8724570cfa3d02d4977d90f540419a9cf3f8e9cbca59,0xaa49446a5f3668fe71c9790ff681a29ef32cb369,0x07964f135f276412b3182a3b2407b8dd45000000,2026-08-05T06:01:05,dense_internal_fund_flow,0x0dc4bdae,true
25684406,0xebdf1af06579173b0ed31a3c572cc0144790923445a60a2a66c1f77477cc63d1,0xd6434d157f254276d69ede3bd9fc805482206908,0x7ec8a30a34b86927dc77b302603d1d53e640bef7,2026-08-05T06:01:05,repeated_internal_token_drain;dense_internal_fund_flow;very_complex_trace;high_gas_used_context;token_activity_burst;repeated_risky_internal_calls,0xa9059cbb,true
25684406,0xfff898a9d11d9a1a00db58d19131fb9ff8e9f213868f1af989df2e7f23b17e39,0xe91bcae4a2d7b951304695f93cf1b9a1837cfe43,0x7ec8a30a34b86927dc77b302603d1d53e640bef7,2026-08-05T06:01:05,repeated_internal_token_drain;dense_internal_fund_flow;very_complex_trace;high_gas_used_context;token_activity_burst;repeated_risky_internal_calls,0xa9059cbb,true
25684407,0xcb279cff8db2c5a7d63c3f0aa9aa95b34af58393ed48debcc708f43a8400fd9c,0x1b92388f41ae9080a790a8ca6e31c5027d0e7f6e,0xc80b4457fccd49e7c3a2f5566dd1b827d85f6c98,2026-08-05T06:01:11,dense_internal_fund_flow;high_gas_used_context;token_activity_burst,0xa9dfb838,true
25684407,0xd19e4ac3f1f4c102332e43fbec6f4b9e55b75ea9e09535a0d516af6712677fc6,0x2c09d04ce870c922ba1aa68a45c9f92c5f09c04e,0x950fd558f47e234a2fde23b7d61f7ccdbcb4a86f,2026-08-05T06:01:11,dense_internal_fund_flow;complex_trace,0xdd225095,true
25684407,0x33272368673dd761edaa22d6b2e13559f1790fcf5053428c16d5c7fc0b76f538,0x80d04079ffc53eb14edbeeb37279d126f45552df,0x7b49f9031acd1ac7fb4a307be70a94ba7984634d,2026-08-05T06:01:13,repeated_internal_token_drain;dense_internal_fund_flow;complex_trace;token_activity_burst;repeated_risky_internal_calls,0x8aaa8f3b,true
25684407,0x3adec088126a1efef526129e8f53320f6977046e9f6300be7fa9e8b24547916b,0x59aab1bd0d26290274398c07b55955c15425e16b,0x00fe78205f5f0e63b8ad2b2ae5337f538a610e04,2026-08-05T06:01:13,complex_trace;high_gas_used_context;token_activity_burst,0x34fcd5be,false
25684407,0x3f32773372da7e96edfbd3e4d4171fae88d1762c6c5a36910a5e652bfd471a83,0x82ab9b3eea855edebcae33b20fac3cc6800f3597,0xf4e147db314947fc1275a8cbb6cde48c510cd8cf,2026-08-05T06:01:13,large_erc20_asset_flow;complex_trace,0x0bf5d35e,true
25684408,0x1a1f3e27767144dfa027ae74157100b6b01984a577a84c428a8c565fc0731784,0x97e1e6c70fe9f2209792640336534bfc9f93aa7a,0x0000000000001ff3684f28c67538d4d072c22734,2026-08-05T06:01:34,dense_internal_fund_flow;complex_trace;high_gas_used_context;token_activity_burst,0x2213bc0b,true
25684408,0xa1d0483d98b9c4a20e060ee38edfee057a71234e620af147f39e73f4d7b23c64,0x679fa566d349913d3e1f171a17d88a631690dbe1,0x1231deb6f5749ef6ce6943a275a1d3e7486f4eae,2026-08-05T06:01:34,complex_trace;token_activity_burst,0x5fd9ae2e,true
25684408,0xa2b277175cfb02beb7a02125313e299157965022c21fc20e1f9a0e13b8bf45c5,0x7830c87c02e56aff27fa8ab1241711331fa86f43,0xa9d1e08c7793af67e9d92fe308d5697fb81d3e43,2026-08-05T06:01:34,large_erc20_asset_flow;token_activity_burst,0xca350aa6,true
25684408,0xc925784fa420704fa644d19bdeaf0739e00f154a6375fc8454a9e7053e785dad,0x7830c87c02e56aff27fa8ab1241711331fa86f43,0xa9d1e08c7793af67e9d92fe308d5697fb81d3e43,2026-08-05T06:01:34,dense_internal_fund_flow,0x1a1da075,true
25684408,0xe41aa8b185675151469aa470a04730ce4406825ba6011bb6a57bce0414d78782,0xc6acbee42e9e323140c1ed060c2f6ea9cc3b4b75,0x7c5a71c9fefbc7691f9d4ac7baf70c743792f716,2026-08-05T06:01:34,selfdestruct_context,0xf3fef3a3,false
25684408,0xf6e19c40aa20ac05e8a74af62c6df325b0a718cd5d544bdc3726fc8b9d1e7b6d,0x34acefdb2d010102911b60e5666790a786d2ce41,0x280b500f4f81e686be4bdbb1b42c786c6061138d,2026-08-05T06:01:34,complex_trace;high_gas_used_context,0x19c3886a,false
25684408,0xfbd542c9eb9ca02db8386f53d1d88dd1291ec5dcb81893fe8b294d20d36641c4,0x1b92388f41ae9080a790a8ca6e31c5027d0e7f6e,0xc80b4457fccd49e7c3a2f5566dd1b827d85f6c98,2026-08-05T06:01:34,dense_internal_fund_flow;high_gas_used_context;token_activity_burst,0xa9dfb838,true
25684408,0x2130c84abd5fdb4a837351db74af13dd541a129a79ffc17610fff98c0ec213cd,0x00d9fe085d99b33ab2aae8063180c63e23bf2e69,0x75884f3ada15c953529abaac6549d5204135ec36,2026-08-05T06:01:35,repeated_internal_token_drain;dense_internal_fund_flow;complex_trace;high_gas_used_context;token_activity_burst;repeated_risky_internal_calls,0xa9059cbb,true
25684408,0xa0588db767db378dddfefe822250a3e7af0fabb685074a7f7fc6f354bb117063,0xa154b98e53fc35e1bad1ff758acbc8c629bdcd2b,0x19917386eeae67b6ff7ddf07de4019fca40aa4ec,2026-08-05T06:01:35,repeated_internal_token_drain;dense_internal_fund_flow;very_complex_trace;high_gas_used_context;token_activity_burst;repeated_risky_internal_calls,0xa9059cbb,true
25684408,0xef2412bfc06aefe1353d0bfc84c0ff901f69d9c2d418b2e18ae462c44bd8d671,0xd6434d157f254276d69ede3bd9fc805482206908,0x7ec8a30a34b86927dc77b302603d1d53e640bef7,2026-08-05T06:01:35,repeated_internal_token_drain;dense_internal_fund_flow;very_complex_trace;high_gas_used_context;token_activity_burst;repeated_risky_internal_calls,0xa9059cbb,true
25684408,0x32c85427146a49263b4a3e893dfa51bf2d462159155638de280f413434f6ca7c,0x1584a8ee67789d1fe161065388657ad2f2a3c7dd,0x77eb52e44db06777bce478159f25c0d55a295314,2026-08-05T06:01:36,repeated_internal_token_drain;dense_internal_fund_flow;complex_trace;token_activity_burst;repeated_risky_internal_calls,0xa9059cbb,true
25684409,0x4aadb51fc21c52f5c23df867a5fe31b8cfcd6e20096fa5d4453c721e7a6354f1,0x9ed3c04a7cecc442e0e0cb7f47fadf369afd09d4,0x0000000000001ff3684f28c67538d4d072c22734,2026-08-05T06:01:45,dense_internal_fund_flow;complex_trace,0x2213bc0b,true
25684409,0x726c1cfa829b81ea058db16e5849422a41d948f4560c85543ad3493a8a9140f2,0x2a9cd0627ff9fa85a0ba5ba11c76f97a4a77001c,0x00b19a5200a100e5fc4c9800772f4d002f218400,2026-08-05T06:01:45,privileged_execution_context,0x7e734c5a,false
25684409,0xb384522ce6951f5ffe532fb55620c7c82d249325cf4ce7dcd3f94a710eeb8579,0x5ee5782f665c3a7277d0d8b59b264ec2afe699b0,0xb4b1de03f229220edbbb31a224b2a004b3c3e47f,2026-08-05T06:01:45,complex_trace;high_gas_used_context,0xac9650d8,true
25684409,0xc3283ce0240de064df04539d9367b64357444d7a628c15e1867c2b3df978323a,0x1db067738292cb36cce75393a41410fd55d24b76,0xb4c9b9494e5069fa49327230aff6587d80a44096,2026-08-05T06:01:45,large_erc20_asset_flow;complex_trace;high_gas_used_context;token_activity_burst;approval_burst,0x601881f3,true
25684409,0xd4aba8d5f701b14f6a4562734771eb125977990fe86fbb245d2cefe822d862db,0xe91bcae4a2d7b951304695f93cf1b9a1837cfe43,0x7ec8a30a34b86927dc77b302603d1d53e640bef7,2026-08-05T06:01:45,repeated_internal_token_drain;dense_internal_fund_flow;very_complex_trace;high_gas_used_context;token_activity_burst;repeated_risky_internal_calls,0xa9059cbb,true
25684409,0xdb31f63b54627bf832828f5a28a3a368e3fdd86b52aa1e5d4d965ead0b123820,0xe75ed6f453c602bd696ce27af11565edc9b46b0d,0x81463b0f960f247f704377661ec81c1fd65b5128,2026-08-05T06:01:45,complex_trace;high_gas_used_context;token_activity_burst,0xb92c9d18,false
25684409,0xa6a82b57a6b6840ab9e45d6eb61cd925a153c27e813fc64b982e2442ca0be52c,0x8520599af5b1a6d741aa9479b36efacb862bc871,0x33024d4791413438aa1de6a8b6cb7cceb25459b1,2026-08-05T06:01:46,large_mint_to_sender;complex_trace,0x6e553f65,true
25684409,0xfd04919585d08bd91b03750d278a3d91149148a853b29a28c848231632a8484a,0xa154b98e53fc35e1bad1ff758acbc8c629bdcd2b,0x19917386eeae67b6ff7ddf07de4019fca40aa4ec,2026-08-05T06:01:46,high_gas_used_context;token_activity_burst,0xa9059cbb,false
25684410,0x9c07a86d4e061dea1450aba4b5e32aa1cafc7cb779968a1e811894592aaa50f1,0x9eda3f96d97faa07c1748bf571084ce5a85a60cc,0x2d61101b595111b0df83381730a8c5a762a93773,2026-08-05T06:02:00,dense_internal_fund_flow;complex_trace,0x6a761202,true
25684410,0xed1b5e9b9564b93adee3911f203c393f1fa408cef6bbc3e7cda270772f00a9c0,0x331d9a049d496385998067abf6cbb6371c8d2466,0xccc88a9d1b4ed6b0eaba998850414b24f1c315be,2026-08-05T06:02:00,dense_internal_fund_flow;complex_trace,0x0a2b8f36,true
25684410,0xf9c85a521d35dbb4e34d761624972262e6a1d3ffebc6ac596d7fa400f64e481d,0x1b92388f41ae9080a790a8ca6e31c5027d0e7f6e,0xc80b4457fccd49e7c3a2f5566dd1b827d85f6c98,2026-08-05T06:02:00,dense_internal_fund_flow;high_gas_used_context;token_activity_burst,0xa9dfb838,true
25684410,0x02a0319d083392e394de1ef77c36dd449c4320bc139e64b73bfac43dbaebd23c,0x67e10b7764a99165665557b3e6cf24555bfc88c3,0x8b71140ad2e5d1e7018d2a7f8a288bd3cd38916f,2026-08-05T06:02:01,dense_internal_fund_flow;complex_trace,0x3816f29d,true
25684410,0x6e1d1ae9177fb54741ea00191185480a2f29e5038c66b74a80dd15b33d445559,0xd6434d157f254276d69ede3bd9fc805482206908,0x7ec8a30a34b86927dc77b302603d1d53e640bef7,2026-08-05T06:02:01,repeated_internal_token_drain;dense_internal_fund_flow;very_complex_trace;high_gas_used_context;token_activity_burst;repeated_risky_internal_calls,0xa9059cbb,true
25684410,0x757c1f69e11889df1571e9b10bda41391d7dcf3e92bda22c8ebab06481517ae8,0x3431172c887cf150d9fdaba9876273d9db566367,0x64f5aad0e38e2ff9f50f2e51e813e49c05aca41a,2026-08-05T06:02:01,complex_trace;high_gas_used_context;token_activity_burst,0xa9059cbb,false
25684410,0x778a8fbbc8546e4399494e938ccebb2c599d2b2415cb43f9050c5ed1c21c9c94,0x1cda83fe97a2e0a8f94a9cf32da947c23b72ba02,0xe0181090c22579b6a217f1522cbf8c9f1f0c1965,2026-08-05T06:02:01,large_erc20_asset_flow,0xac9650d8,true
25684410,0xcf5910e8fe041e291365e6fdf926eadeb831536279feed72e9aa776896d1108e,0x00d9fe085d99b33ab2aae8063180c63e23bf2e69,0x75884f3ada15c953529abaac6549d5204135ec36,2026-08-05T06:02:01,repeated_internal_token_drain;dense_internal_fund_flow;complex_trace;high_gas_used_context;token_activity_burst;repeated_risky_internal_calls,0xa9059cbb,true
25684410,0xe904e2d49517846835594b3dab9ca558dd516554840982615775dfc75f04190a,0x7bee8d37fba61a6251a08b957d502c56e2a50fab,0x134ccaaa4f1e4552ec8aecb9e4a2360ddcf8df76,2026-08-05T06:02:01,large_erc20_profit_to_sender;large_erc20_asset_flow;complex_trace,0x6807c8dc,true
25684410,0xaaa15e0ba0665e87b1bf33df4c3c9f01a8b6111d11b2e41257b882262c2a8e89,0x80d04079ffc53eb14edbeeb37279d126f45552df,0x7b49f9031acd1ac7fb4a307be70a94ba7984634d,2026-08-05T06:02:02,repeated_internal_token_drain;dense_internal_fund_flow;complex_trace;high_gas_used_context;token_activity_burst;repeated_risky_internal_calls,0x8aaa8f3b,true
25684411,0xe9a1a6c823a4424d1046eeeba4544943656381ac9fd647eed48554d634ac8929,0x604eb7e859fad7513dd94bb0494d19489b064798,0xccc88a9d1b4ed6b0eaba998850414b24f1c315be,2026-08-05T06:02:10,complex_trace;high_gas_used_context;token_activity_burst,0xf9e4bab4,false
25684411,0xfaa5f4d4f33b6d3f4ed0941bf48c2111cc64d7b29de7b7d36a208f4019eedf56,0x67e10b7764a99165665557b3e6cf24555bfc88c3,0x8b71140ad2e5d1e7018d2a7f8a288bd3cd38916f,2026-08-05T06:02:42,dense_internal_fund_flow;complex_trace,0x3816f29d,true
25684412,0xff49cfaa8d17eb14745aa606219ac8240f3900707045a9ab071ac900f8548fb5,0x7830c87c02e56aff27fa8ab1241711331fa86f43,0xa9d1e08c7793af67e9d92fe308d5697fb81d3e43,2026-08-05T06:02:46,dense_internal_fund_flow,0x1a1da075,true
25684412,0x1c9a0031db6dafb9ad083754d361bb38b9a111dc69d7179f26091fcf6eb20042,0xce1ece8340abe150e3d8e6785402ed6e792d729e,0xb92fe925dc43a0ecde6c8b1a2709c170ec4fff4f,2026-08-05T06:02:47,dense_internal_fund_flow;complex_trace,0xcd6e13f7,true
25684412,0x2fa9fed307706b01595b46d14047cf990c1e857e4bda9fa7387ed39268f87b19,0x80d04079ffc53eb14edbeeb37279d126f45552df,0x7b49f9031acd1ac7fb4a307be70a94ba7984634d,2026-08-05T06:02:47,repeated_internal_token_drain;dense_internal_fund_flow;complex_trace;high_gas_used_context;token_activity_burst;repeated_risky_internal_calls,0x8aaa8f3b,true
25684412,0x431990c5a0acf05961a5dcfbcb061438215b7932ce436b8bc9e3661175aedb34,0xde7a849216aa3884d53d84ecb02c19eb67e5dae2,0x7d9f4ca54131e588fc1fe577973b55fb11231e76,2026-08-05T06:02:47,repeated_internal_token_drain;dense_internal_fund_flow;complex_trace;high_gas_used_context;token_activity_burst;repeated_risky_internal_calls,0x6aac3a0b,true
25684412,0xee7ba1edd5e4021f9c1cb6c5e47965203dfb30d36e01c2bd9bceb70329c705f4,0x00d9fe085d99b33ab2aae8063180c63e23bf2e69,0x75884f3ada15c953529abaac6549d5204135ec36,2026-08-05T06:02:47,repeated_internal_token_drain;dense_internal_fund_flow;complex_trace;high_gas_used_context;token_activity_burst;repeated_risky_internal_calls,0xa9059cbb,true
25684412,0x7a4a52c8e396e68112e30985649dac525b96d1d9493475d98168b8afb62529e9,0x1b92388f41ae9080a790a8ca6e31c5027d0e7f6e,0xc80b4457fccd49e7c3a2f5566dd1b827d85f6c98,2026-08-05T06:02:48,dense_internal_fund_flow;high_gas_used_context;token_activity_burst,0xa9dfb838,true
25684412,0x7be15cb42a399f4e9cb122be1445750ed7aa3894fa5759640c101d96d849dafa,0xd6434d157f254276d69ede3bd9fc805482206908,0x7ec8a30a34b86927dc77b302603d1d53e640bef7,2026-08-05T06:02:48,repeated_internal_token_drain;dense_internal_fund_flow;very_complex_trace;high_gas_used_context;token_activity_burst;repeated_risky_internal_calls,0xa9059cbb,true
25684412,0x7ea0a905e10d6c693284c1a0ac2350f3f33ac1565806f56667207aa09c8dde89,0x4337031ade3a53d10121f350369907076b6d32a4,0x4337084d9e255ff0702461cf8895ce9e3b5ff108,2026-08-05T06:02:48,complex_trace;high_gas_used_context;token_activity_burst,0x765e827f,false
25684413,0x799e2ba3795add9acf225be2e7617d0d568d5dfc68246be3317c61d057341854,0xbad000006db10503589262b55d09bb7b3c5e1472,0xbbbbb048b1a85ca221058c45525095b6a68bbbbb,2026-08-05T06:02:56,repeated_internal_token_drain;dense_internal_fund_flow;very_complex_trace;high_gas_used_context;token_activity_burst;repeated_risky_internal_calls,0xa9059cbb,true
25684413,0xf56aa971b89a8d975c3654e2b1aead041aa71a723eeba24968c8c98426bd74e3,0x67e10b7764a99165665557b3e6cf24555bfc88c3,0x8b71140ad2e5d1e7018d2a7f8a288bd3cd38916f,2026-08-05T06:02:56,dense_internal_fund_flow;complex_trace,0x3816f29d,true
25684413,0x33e50fa92831829810701da9159dd1ef2c74aabfab772d9f013dce7db131841c,0x7830c87c02e56aff27fa8ab1241711331fa86f43,0xa9d1e08c7793af67e9d92fe308d5697fb81d3e43,2026-08-05T06:02:57,large_erc20_asset_flow,0xca350aa6,true
25684413,0x43a950a8d43e04935e830356992cd0bf2b469c49daf6f0403e3deba444e154d0,0x370a7e2d300c14d79d4a7ee07aaca46c4b3012cf,0xccc88a9d1b4ed6b0eaba998850414b24f1c315be,2026-08-05T06:02:57,dense_internal_fund_flow;complex_trace,0x0a2b8f36,true
25684413,0x47ad8ab0fcfd698fe36953c7b126322b68138b40746596953cedd1d369ce3d18,0x161643f280b09be8e0271eef8efc6c264d125003,0x087d129a1550353066b97511dd2e1dcb292e9d05,2026-08-05T06:02:57,dense_internal_fund_flow;token_activity_burst,0xa9059cbb,true
25684413,0x6f503e23377572ddf8dd96ddfeb19d8dc052bab6917f792285614487f358915d,0x7140333aabc828420d6f061e27ae044d8aeed079,0x28b1dc1a5e3699a428bc51d234dfab7c9cb2a183,2026-08-05T06:02:57,dense_internal_fund_flow;complex_trace;high_gas_used_context,0x0c307f76,true
25684413,0xd7288ea8c65d63fd2adb9531d7187468eefea4735bde6435230d2fc0d1d1ebff,0x36b81e076c843af86a7f92d1887b83869c866335,0xacddac6c77318b615f7f6fb9bb67c6833e9c05f1,2026-08-05T06:02:57,large_erc20_asset_flow;complex_trace,0x571d3dc7,true
25684413,0xe4d3a9ccb4650b0901a9b11fca73f26c5f8867d2acef8bf21c701193ce2dc1e9,0x6f386255dc0beaaa83f0e8316791b9922da32013,0xee57274c1665ddf9902a92ec8713368f8b3bc46a,2026-08-05T06:02:57,complex_trace;high_gas_used_context,0x6e4979cc,false
25684414,0x418ee07e4aeb6e8d4e38ca0129eb1dba74b8784ef0887ee9c135ddf9eafa6f2f,0x00d9fe085d99b33ab2aae8063180c63e23bf2e69,0x75884f3ada15c953529abaac6549d5204135ec36,2026-08-05T06:03:04,repeated_internal_token_drain;dense_internal_fund_flow;complex_trace;high_gas_used_context;token_activity_burst;repeated_risky_internal_calls,0xa9059cbb,true
25684414,0xc01e37e2a4e9cd527be1be67ae6bd879f6a6b693638d295c8c938c4b06888c88,0x1b92388f41ae9080a790a8ca6e31c5027d0e7f6e,0xc80b4457fccd49e7c3a2f5566dd1b827d85f6c98,2026-08-05T06:03:04,dense_internal_fund_flow;high_gas_used_context;token_activity_burst,0xa9dfb838,true
25684414,0xcaf92120000bb4bf9da71e0f1cf6d59a5cbc818e3b7e335654a9704bd05d0615,0xe20446cccbfd5f9038e747f1dea8016ecbd94ae5,0x442be06bb5d13711a22ccd3fa382b72a874c5135,2026-08-05T06:03:04,privileged_execution_context;complex_trace,0xf7b5c341,false
25684414,0x0b7678f1b67e40a4285af25d1d1ae9b678a6ef7c48587d0a7ba470555ee34702,0xd6434d157f254276d69ede3bd9fc805482206908,0x7ec8a30a34b86927dc77b302603d1d53e640bef7,2026-08-05T06:03:05,repeated_internal_token_drain;dense_internal_fund_flow;very_complex_trace;high_gas_used_context;token_activity_burst;repeated_risky_internal_calls,0xa9059cbb,true
25684414,0x133cf80beba6ef936f9e949c22c44687576c4116d48ac008cb7795d8a20f599c,0x59aab1bd0d26290274398c07b55955c15425e16b,0x00fe78205f5f0e63b8ad2b2ae5337f538a610e04,2026-08-05T06:03:05,high_gas_used_context;token_activity_burst,0x34fcd5be,false
25684414,0xa5955cc15f98c1ea241f9111a20295adbddc8d90fabf8149e806e7943af19ed4,0x80d04079ffc53eb14edbeeb37279d126f45552df,0x7b49f9031acd1ac7fb4a307be70a94ba7984634d,2026-08-05T06:03:05,repeated_internal_token_drain;dense_internal_fund_flow;complex_trace;token_activity_burst;repeated_risky_internal_calls,0x8aaa8f3b,true
25684414,0xc2d503b6d21a6a7e94f45e7ab9cccee10bdd9f3fadfd666914d3ff2d6854c30e,0xb992ad53ee7dbdaa7e01631f97a2f05c10ed9f00,0x6131b5fae19ea4f9d964eac0408e4408b66337b5,2026-08-05T06:03:05,large_erc20_asset_flow;complex_trace,0xe21fd0e9,true
25684415,0x2f6e64c7214fbca34a20e59d3033381e3c0f7dc55774bf9fbf57167dfb0c777d,0x09cfee647fa339133380191c8db6b44f24500c9d,0x96b481c22ee3d6c3667f8c7f60c9e00212799f50,2026-08-05T06:03:11,high_gas_used_context;token_activity_burst,0xa9059cbb,false
25684415,0xc363b66cb307ea034d40d43e50c1fb88db331b6e269a196212bc00926a1df3c4,0x67e10b7764a99165665557b3e6cf24555bfc88c3,0x8b71140ad2e5d1e7018d2a7f8a288bd3cd38916f,2026-08-05T06:03:11,dense_internal_fund_flow;complex_trace,0x3816f29d,true
25684415,0xdaf71e93d10530f340308bf827d9145c5491dc39075498dca54e4163ec0b035d,0xf279dfcdd57e1571c95e2c5b7e2ee453cbcdf77f,0x5ff137d4b0fdcd49dca30c7cf57e578a026d2789,2026-08-05T06:03:12,privileged_execution_context;complex_trace;high_gas_used_context,0x1fad948c,false
25684416,0x302061ecfa1a73e5d7b41b82d8a479bc5f0ba0845b39233231d52e9e3ff45695,0xc6dcd5ecf5861f53eae5a819022223ad52ced928,0x28b1dc1a5e3699a428bc51d234dfab7c9cb2a183,2026-08-05T06:03:16,complex_trace;high_gas_used_context,0x0c307f76,true
25684416,0x52a9ae06718df63bfc0c380850aa9c4b6aed98169bbdd6022f0fb17c17e0c35f,0xc34fabccad0d29cbd1c68b4e57c26f9d64827472,0x5b453493d2328e7f747eb2e66446efe707728be7,2026-08-05T06:03:18,large_erc20_asset_flow,0xac9650d8,true
25684416,0xbd306c60aec14418ebfe2aeec787b521ea3046c09fc94270a3939337499c8e74,0x433702256b464248dcbe403c1334757be4ed9f26,0x4337084d9e255ff0702461cf8895ce9e3b5ff108,2026-08-05T06:03:18,dense_internal_fund_flow;complex_trace,0x765e827f,true
25684417,0xc4c6c1dbd3652b75371f070cfef0cf54d587a78272ee74a89107a1f34e5bb627,0xb1cce727e8182335e39352ddfcefe99223914bd2,0x6b9246b59c3239b500c6d22c79f234d471506eb1,2026-08-05T06:03:22,complex_trace;high_gas_used_context,0x80021f00,false
25684417,0x05ecd2c950bdfe7a26362a7ffec8b331d0adce4edd3f030d4f0ba404acf929bf,0x7830c87c02e56aff27fa8ab1241711331fa86f43,0xa9d1e08c7793af67e9d92fe308d5697fb81d3e43,2026-08-05T06:03:23,dense_internal_fund_flow,0x1a1da075,true
25684417,0x8381fde15f3b2cd9160bfce57e79a1d43658fad1752e187189904c9fe8edd0af,0xc6acbee42e9e323140c1ed060c2f6ea9cc3b4b75,0x7c5a71c9fefbc7691f9d4ac7baf70c743792f716,2026-08-05T06:03:25,selfdestruct_context,0xf3fef3a3,true
25684417,0xc36a3a24328cebe8685af78dcd9dd34128ce8cb3f67ec4cba30fb948c9e1315e,0x0e0052a184fd59c6b7e1e99d739802ecb3aec0e4,0xd82461784eb72d4b67cbab077989eb215315e272,2026-08-05T06:03:25,complex_trace;approval_burst,0xac9650d8,false
25684417,0xc6989656a8b5794f0184801e4dc35f2a84d5fbfd003edea40a6c8df521546e98,0x1b92388f41ae9080a790a8ca6e31c5027d0e7f6e,0xc80b4457fccd49e7c3a2f5566dd1b827d85f6c98,2026-08-05T06:03:25,dense_internal_fund_flow;high_gas_used_context;token_activity_burst,0xa9dfb838,true
25684417,0xe6a47269b4011556a9099b0102b38bea24a3161678ab176d2063e2a4ec1a7bfa,0x7556699aa8e6a7c9c69bcfaf9debd05f8192b063,0x84cab37995229530d9e6e5cff2f8f4ebe4517d66,2026-08-05T06:03:25,complex_trace;high_gas_used_context;token_activity_burst,0xe587456a,false
25684417,0xfeebc28622e3f123be84f9650ecb04033cac44e2532dd1f1ae34ea5cfaa0ce17,0xdc47f7b34e9303498e83dbc1998b1661f522a408,0x96f531acaf5b2dec854919f539e07c107f4937e3,2026-08-05T06:03:25,repeated_internal_token_drain;dense_internal_fund_flow;very_complex_trace;high_gas_used_context;token_activity_burst;repeated_risky_internal_calls,0x601881f3,true
25684417,0x85fad45069712d9d8749e01d3bfd3f71ee8fcb448ec515903f09905d7caec691,0x6f9e2fe6575b846b438383664e504edafdc8e29d,0x28b1dc1a5e3699a428bc51d234dfab7c9cb2a183,2026-08-05T06:03:26,complex_trace;high_gas_used_context,0x0c307f76,false
25684417,0xe48fa65c7e446b599a78dd370511013e3b645f25ea23f705ad38bb523b5404b4,0xd6434d157f254276d69ede3bd9fc805482206908,0x7ec8a30a34b86927dc77b302603d1d53e640bef7,2026-08-05T06:03:26,repeated_internal_token_drain;dense_internal_fund_flow;very_complex_trace;high_gas_used_context;token_activity_burst;repeated_risky_internal_calls,0xa9059cbb,true
25684418,0x07c831bcbd9c7fb939788805255d267a0f17ca6f935158cca31fe42d7a2479f3,0x00d9fe085d99b33ab2aae8063180c63e23bf2e69,0x75884f3ada15c953529abaac6549d5204135ec36,2026-08-05T06:03:36,repeated_internal_token_drain;dense_internal_fund_flow;complex_trace;high_gas_used_context;token_activity_burst;repeated_risky_internal_calls,0xa9059cbb,true
25684418,0x129fa7265bdab7f8142165abbeba9d05c46b7eb41f02f78164f31f79838cce61,0xe0db2625dfd4ea87793d70db6720a6e2c15da776,0x1921e0ff550c09066edd4df05d304151c45e77de,2026-08-05T06:03:36,dense_internal_fund_flow;complex_trace,0x13d79a0b,true
25684418,0x182386915344034949ce35813ec50c41a4f69f6162bf9dab1ad7d9c6a334b984,0xf80fb849ea66768150995740159e6ac20d07b381,0xfb60cd0b36ad4bd839b91767a6ad9055ab6ad825,2026-08-05T06:03:36,complex_trace;high_gas_used_context,0x171f9e3e,false
25684418,0x5f2a787e59fc54978831fa6665aff35beecc5eeb113c96b4c146dbbc06353386,0x4a4ea3271080b199da416fed0c1c223c67c8d858,0x0000000000001ff3684f28c67538d4d072c22734,2026-08-05T06:03:36,dense_internal_fund_flow;complex_trace,0x2213bc0b,true
25684418,0x7690dc3c64722e5fd679c87f8e0dec11352d4a1d2024db3d51c78144c8ed971d,0x88c9f3654919c4811c993741888f74bfd9b666f2,0xf71207ba86005832c38cdb34fb9171de2b2538ea,2026-08-05T06:03:36,privileged_execution_context,0xf2fde38b,false
25684418,0x90d4d92286792304e23de088373a29a317c3ec04491e875bd2bf39123efe86f6,0x67e10b7764a99165665557b3e6cf24555bfc88c3,0x8b71140ad2e5d1e7018d2a7f8a288bd3cd38916f,2026-08-05T06:03:36,dense_internal_fund_flow;complex_trace,0x3816f29d,true
25684418,0x99cf44726293b8ddbb0dfa3daf90c9a89f3ccebd4652c656e40ecf6531d38e39,0xa690308421f6160273983fd86e3f82919e6cda21,0x8c106eedad96553e64287a5a6839c3cc78afa3d0,2026-08-05T06:03:36,large_erc20_asset_flow,0xac9650d8,true
25684418,0x9c39691f9ecd4f1a46f0775344e5837a9414010cdcdc1d602cd36f8a274a85c6,0x80d04079ffc53eb14edbeeb37279d126f45552df,0x7b49f9031acd1ac7fb4a307be70a94ba7984634d,2026-08-05T06:03:36,repeated_internal_token_drain;dense_internal_fund_flow;complex_trace;token_activity_burst;repeated_risky_internal_calls,0x8aaa8f3b,true
25684418,0xa0051887a39f738e0d7d349f4c8b7602c253f1a2b4ae4743600decb93d405a11,0xa154b98e53fc35e1bad1ff758acbc8c629bdcd2b,0x19917386eeae67b6ff7ddf07de4019fca40aa4ec,2026-08-05T06:03:36,repeated_internal_token_drain;dense_internal_fund_flow;very_complex_trace;high_gas_used_context;token_activity_burst;repeated_risky_internal_calls,0xa9059cbb,true
25684418,0xbe7a5485b80c9cf526d4f330fffea0d3629dfc4d42e152f07b0b9283ed0141e7,0x80fbefbee7e2bb2ac085f082674dc8c0bccfa135,0xec2c96e75b09e29b66bf2ee5c37fa749ef9aa7c7,2026-08-05T06:03:36,large_erc20_asset_flow;complex_trace,0xdb5c7e88,true
25684418,0xc47f1026d80396ade48e6218933321aa50b58e91b1d0ba0bedf87c792c949772,0x5b43453fce04b92e190f391a83136bfbecedefd1,0xbdb3ba9ffe392549e1f8658dd2630c141fdf47b6,2026-08-05T06:03:36,complex_trace;high_gas_used_context;token_activity_burst,0x000000c3,false
25684418,0xf6dda00a4d0f2390eb2c810551adab544e943087d023d42433c44460f79d8de6,0x80d04079ffc53eb14edbeeb37279d126f45552df,0x7b49f9031acd1ac7fb4a307be70a94ba7984634d,2026-08-05T06:03:36,repeated_internal_token_drain;dense_internal_fund_flow;complex_trace;high_gas_used_context;token_activity_burst;repeated_risky_internal_calls,0x8aaa8f3b,true
25684419,0x225b2b71e237630c032631c06d152bafd6ce50839762c0be8af60d2311ebcafa,0x1b92388f41ae9080a790a8ca6e31c5027d0e7f6e,0xc80b4457fccd49e7c3a2f5566dd1b827d85f6c98,2026-08-05T06:03:45,dense_internal_fund_flow;high_gas_used_context;token_activity_burst,0xa9dfb838,true
25684419,0x57e23a6525931658d4093ca512e57ea5a46dad8954a7ea3362bcd8ce6674a2e3,0xce269e6ce7e1ba8bd5c1b11c3933c3ebe95742d9,0xcb0151ac9479a6a0261622baa63ae843c9793d45,2026-08-05T06:03:45,large_erc20_asset_flow;complex_trace;high_gas_used_context;approval_burst,0x64cd187f,true
25684419,0xaf1549744b785d5de67e2a8c8fed50f5eacc277c865aafe1850912fbecb3d0a8,0x67e10b7764a99165665557b3e6cf24555bfc88c3,0x8b71140ad2e5d1e7018d2a7f8a288bd3cd38916f,2026-08-05T06:03:45,dense_internal_fund_flow;complex_trace,0x3816f29d,true
25684419,0x0de7e2ef7cfeb234dd80535525c2d2fe86759cc75be2bdf1bba19ef2106cb232,0xd6434d157f254276d69ede3bd9fc805482206908,0x7ec8a30a34b86927dc77b302603d1d53e640bef7,2026-08-05T06:03:46,repeated_internal_token_drain;dense_internal_fund_flow;very_complex_trace;high_gas_used_context;token_activity_burst;repeated_risky_internal_calls,0xa9059cbb,true
25684419,0x9f211475b610d074483287d7b3e04a9664b765b5cd9e2715dfcc2222dd083616,0x09cfee647fa339133380191c8db6b44f24500c9d,0x77b85afbcd336993ac1c65057531c5a5b33b76b8,2026-08-05T06:03:46,high_gas_used_context;token_activity_burst,0xa9059cbb,false
25684419,0xcaa82aa1f088d8acc6a9d932bc75adc30656d83129639e10808233543fbc0708,0x8f643cfa216514f9e1403bd167bb7bf0a5824600,0xb300000b72deaeb607a12d5f54773d1c19c7028d,2026-08-05T06:03:46,dense_internal_fund_flow;complex_trace;high_gas_used_context,0x810c705b,true
25684420,0x4ada59f4551173bfd70e9a197cceaeb88efa372964dc505fa32e5f2491f95b95,0xb992ad53ee7dbdaa7e01631f97a2f05c10ed9f00,0xacddac6c77318b615f7f6fb9bb67c6833e9c05f1,2026-08-05T06:03:57,large_erc20_asset_flow;complex_trace,0x571d3dc7,true
25684420,0x8fa878fb5afc12dd7e4378b12789a6ceaf7706c7b99e03e8a68ff9d85bc48d35,0x00d9fe085d99b33ab2aae8063180c63e23bf2e69,0x75884f3ada15c953529abaac6549d5204135ec36,2026-08-05T06:03:57,repeated_internal_token_drain;dense_internal_fund_flow;complex_trace;high_gas_used_context;token_activity_burst;repeated_risky_internal_calls,0xa9059cbb,true
25684420,0xec3874226ccd7d4f3791c36aac8ffc54a683c3289fa73c1acf1cb2fe4f0e9d7b,0xad32e40271badf292aa4abdfa509da58fd7dc2ee,0x6566194141eefa99af43bb5aa71460ca2dc90245,2026-08-05T06:03:57,large_erc20_asset_flow,0x374f435d,true
25684420,0xff0d8c22e581f0b39549d08d0319da709fb03680be05a94076eb78585737eaf4,0x43370398500dae4ba10669646a1fd1577407f637,0x0000000071727de22e5e9d8baf0edac6f37da032,2026-08-05T06:03:57,privileged_execution_context;complex_trace,0x765e827f,false
25684420,0x1ea0bdcb484df81869392b7df5d2b455fc0c52d58abf954e2ba22b6beb3e4ef1,0x67e10b7764a99165665557b3e6cf24555bfc88c3,0x8b71140ad2e5d1e7018d2a7f8a288bd3cd38916f,2026-08-05T06:03:58,dense_internal_fund_flow;complex_trace,0x3816f29d,true
25684420,0x3ccd7974699480132e6fab34a6c780ed0c11ddf1a8d0a7d3608a2d8a006149fb,0xca188e6eedb2027e93900fb783de6981651764a0,0xf4e147db314947fc1275a8cbb6cde48c510cd8cf,2026-08-05T06:03:58,privileged_execution_context,0x760d0f9d,false
25684420,0x81c01691bb84677c7d4d28cd621a9ed0a8587f57b0f7738fd582733b2d55a0b4,0x1226858e04b9d077258f153275613734421cd06b,0x4e59b44847b379578588920ca78fbf26c0b4956c,2026-08-05T06:03:58,privileged_execution_context;high_gas_used_context,0x336a616e,false
25684420,0x8b1f9d1190b7f889be6b64dbdd6753d65a3b2a1d5ae1c3063e9cbb929d6f0717,0x80d04079ffc53eb14edbeeb37279d126f45552df,0x7b49f9031acd1ac7fb4a307be70a94ba7984634d,2026-08-05T06:03:58,repeated_internal_token_drain;dense_internal_fund_flow;complex_trace;token_activity_burst;repeated_risky_internal_calls,0x8aaa8f3b,true
25684421,0x77e95cd6a074ceeef77814ac5ae88c9c17cde92842cb9abc8a6931c8540deec7,0xcf3372e6c3600eeba7974e0753234d989e0c0aec,0x0439e60f02a8900a951603950d8d4527f400c3f1,2026-08-05T06:04:06,complex_trace;high_gas_used_context,0x3ce33bff,false
25684421,0x4517eeb60b1c987215df57b3676a853f9bf52a067188235b1dec153e32b96e35,0x038d32f8adb5d960ebe8e27bd4194688586d2077,0x7a250d5630b4cf539739df2c5dacb4c659f2488d,2026-08-05T06:04:07,dense_internal_fund_flow,0x02751cec,true
25684421,0xc651d51c0737db5e71e0a96d40fc8241ed8c511e3679715d6f4fef767436f773,0xd6434d157f254276d69ede3bd9fc805482206908,0x7ec8a30a34b86927dc77b302603d1d53e640bef7,2026-08-05T06:04:07,repeated_internal_token_drain;dense_internal_fund_flow;very_complex_trace;high_gas_used_context;token_activity_burst;repeated_risky_internal_calls,0xa9059cbb,true
25684421,0xf6bfabd65275086847b9848902271c08db3e0de3481bb2453db17361aef0dba3,0x1b92388f41ae9080a790a8ca6e31c5027d0e7f6e,0xc80b4457fccd49e7c3a2f5566dd1b827d85f6c98,2026-08-05T06:04:07,dense_internal_fund_flow;high_gas_used_context;token_activity_burst,0xa9dfb838,true
25684422,0x4a7e62235ff7f351ad451ae19e00a6519d99a07e6110c57f7e95672bec76e605,0x7830c87c02e56aff27fa8ab1241711331fa86f43,0xa9d1e08c7793af67e9d92fe308d5697fb81d3e43,2026-08-05T06:04:17,dense_internal_fund_flow,0x1a1da075,true
25684422,0x2ac7ed2d0cbbaa509a204c4180376b0992f6b698bda5d25f4c55b283d1f8a9c2,0xbad000006db10503589262b55d09bb7b3c5e1472,0xbbbbb048b1a85ca221058c45525095b6a68bbbbb,2026-08-05T06:04:18,repeated_internal_token_drain;dense_internal_fund_flow;very_complex_trace;high_gas_used_context;token_activity_burst;repeated_risky_internal_calls,0xa9059cbb,true
25684422,0xa0e45475b221f246cd85bfefa2119f3738b4ac3495dc8991e0b4718ed95126e6,0xde7a849216aa3884d53d84ecb02c19eb67e5dae2,0x7d9f4ca54131e588fc1fe577973b55fb11231e76,2026-08-05T06:04:18,repeated_internal_token_drain;dense_internal_fund_flow;complex_trace;high_gas_used_context;token_activity_burst;repeated_risky_internal_calls,0x6aac3a0b,true
25684423,0x89bd2fddcf1d099c14341533596caaccbba303840a0e52ea52d2a065ab4724b8,0x1741906460a4ca1c875658f9bd853084823edadd,0x7a250d5630b4cf539739df2c5dacb4c659f2488d,2026-08-05T06:04:35,dense_internal_fund_flow,0x02751cec,true
25684423,0xbfd360917a4c82a3850c2255ca091074e9393904e7207bf057562afe25108ba7,0x1b92388f41ae9080a790a8ca6e31c5027d0e7f6e,0xc80b4457fccd49e7c3a2f5566dd1b827d85f6c98,2026-08-05T06:04:35,dense_internal_fund_flow;high_gas_used_context;token_activity_burst,0xa9dfb838,true
25684423,0x20ba981d290b07316869d23637c462ccba3625ccc2ce8f2b974b2d18bbb3f865,0xfa8a2f14df223578321339474ad696997d29a60b,0x337685fdab40d39bd02028545a4ffa7d287cc3e2,2026-08-05T06:04:37,dense_internal_fund_flow;complex_trace,0x30dedc57,true
25684423,0x5382e26156f484fd9bae2d2c64fdfbe7baf4722bd59a89965f3aa81ac1ff1bee,0x40ebf8a762801d1706d9d16a8abfec4c452d15e5,0x663dc15d3c1ac63ff12e45ab68fea3f0a883c251,2026-08-05T06:04:37,complex_trace;high_gas_used_context;token_activity_burst,0x4d8160ba,false
25684423,0x5e1223331a714fa34416a99309c393fbec3c859a5f7ff239c2bcdd6ebe456280,0xd6434d157f254276d69ede3bd9fc805482206908,0x7ec8a30a34b86927dc77b302603d1d53e640bef7,2026-08-05T06:04:37,repeated_internal_token_drain;dense_internal_fund_flow;very_complex_trace;high_gas_used_context;token_activity_burst;repeated_risky_internal_calls,0xa9059cbb,true
25684423,0x75c6d0f1f88f4e279e8afc271d8b05cd07d0cd0cac922068df887f8d6e1873fe,0x7bee8d37fba61a6251a08b957d502c56e2a50fab,0x80226fc0ee2b096224eeac085bb9a8cba1146f7d,2026-08-05T06:04:37,large_erc20_asset_flow,0x96f4e9f9,true
25684423,0x8d84601e8ca37851d4861fd8f611ed3e0e7615291c3d1f40b671c9d454e01ebb,0x1584a8ee67789d1fe161065388657ad2f2a3c7dd,0x77eb52e44db06777bce478159f25c0d55a295314,2026-08-05T06:04:37,repeated_internal_token_drain;dense_internal_fund_flow;complex_trace;high_gas_used_context;token_activity_burst;repeated_risky_internal_calls,0xa9059cbb,true
25684423,0x9eb374a3184a6c87737ba44a61ae2d1b1bde1bd39ba23c4d43198cb0591e4705,0x00d9fe085d99b33ab2aae8063180c63e23bf2e69,0x75884f3ada15c953529abaac6549d5204135ec36,2026-08-05T06:04:37,repeated_internal_token_drain;dense_internal_fund_flow;complex_trace;high_gas_used_context;token_activity_burst;repeated_risky_internal_calls,0xa9059cbb,true
25684423,0xbb591757357bcdfc9ccc170e61813de44397e655c6c06c82dd256eaf3a88155a,0x80d04079ffc53eb14edbeeb37279d126f45552df,0x7b49f9031acd1ac7fb4a307be70a94ba7984634d,2026-08-05T06:04:37,repeated_internal_token_drain;dense_internal_fund_flow;complex_trace;token_activity_burst;repeated_risky_internal_calls,0x8aaa8f3b,true
25684423,0xf52287632e9a42a49e63da5885814c148a05bf523a3e5cb969fa0d1535180880,0x67e10b7764a99165665557b3e6cf24555bfc88c3,0x8b71140ad2e5d1e7018d2a7f8a288bd3cd38916f,2026-08-05T06:04:37,dense_internal_fund_flow;complex_trace,0x3816f29d,true
25684424,0x6f057eab9216614b9b5b906b11540629225aa7b108429cbb4d4ef019a60ee185,0x67e10b7764a99165665557b3e6cf24555bfc88c3,0x8b71140ad2e5d1e7018d2a7f8a288bd3cd38916f,2026-08-05T06:04:48,dense_internal_fund_flow;complex_trace,0x3816f29d,true
25684424,0x7319695912952901045eecf7d9c94a00a0ee8b6b047bdee4adf2a4ef9eec9c87,0xcf6103b64cae9516ebc8670031eb0377e37250b3,0xde4aaf47413e87bf469c13ac4647c985b2fc6846,2026-08-05T06:04:48,large_erc20_asset_flow,0x6a761202,true
25684424,0xe8119c3f47efd90f5368b8dcc8a4d68549098b1a2ee99b39f372de332913ac74,0x80d04079ffc53eb14edbeeb37279d126f45552df,0x7b49f9031acd1ac7fb4a307be70a94ba7984634d,2026-08-05T06:04:48,repeated_internal_token_drain;dense_internal_fund_flow;complex_trace;token_activity_burst;repeated_risky_internal_calls,0x8aaa8f3b,true
25684424,0x1d967f4b57caa11c4f8bd1863fde1e14eaa1cf3e2a914ffc54a4d6dde4077460,0xd6434d157f254276d69ede3bd9fc805482206908,0x7ec8a30a34b86927dc77b302603d1d53e640bef7,2026-08-05T06:04:49,repeated_internal_token_drain;dense_internal_fund_flow;very_complex_trace;high_gas_used_context;token_activity_burst;repeated_risky_internal_calls,0xa9059cbb,true
25684424,0x25c55af99f400c33edb9e1e9a52d04ca79531c8ee8b548d8c593069cabd0eded,0x5afec0de001999766fb883860cae06f5932e6f32,0xe27baebd7b14602de3797974db9f5f4f8dcb6679,2026-08-05T06:04:49,extreme_dex_price_manipulation;dense_internal_fund_flow;complex_trace,0x00000000,true
25684425,0xaa726e2a2cf3b568a578f3523f694a5f8c8a55906d3f30389b8bdf2b2ea374ff,0x04d9634df20aa66b23f114d37c45fa6c6ab76d56,0x875d6d37ec55c8cf220b9e5080717549d8aa8eca,2026-08-05T06:04:54,large_erc20_asset_flow;complex_trace,0xa0883526,true
25684425,0x6465fc8fae0b61aa73f2ea856cf05fe3442b14e586b27e73ebf70e2bdcfddcd1,0x4efdff0ed7d9ee75b15cfd340c62c9b11c832497,0x13a5a916356242879b9509fd12bf8e4760a3f438,2026-08-05T06:04:55,complex_trace;high_gas_used_context,0xb460af94,false
25684425,0xb3fe547a424f771912ad912f67dcd32fbb468cf844de89cc94eb796db8e4033a,0x1b92388f41ae9080a790a8ca6e31c5027d0e7f6e,0xc80b4457fccd49e7c3a2f5566dd1b827d85f6c98,2026-08-05T06:04:55,dense_internal_fund_flow;high_gas_used_context;token_activity_burst,0xa9dfb838,true
25684425,0xf3f4a2e4d0624cb9d590d315f727eed267b7eab4992c01d85e9622466d3da25b,0x2d05f732cba8d50bc7ca202391c352af13d1e517,0xd03a6771b64e9a759523af3a89fc982b2dd38591,2026-08-05T06:04:55,complex_trace;high_gas_used_context,0x6a761202,false
25684425,0x192f4ce88e1361c5f9b4732251c70a7059d0af998be2f15480c57d8ebcb08fc0,0x65802cc308aea8bb913882696c2df6bf23ff9e48,0x7a3ddeac7a0ae6dfa9391c764499a3564f3c2aad,2026-08-05T06:04:56,complex_trace;high_gas_used_context,0x778ddcb3,false
25684425,0x8a1703ac507adf44dab9e7dce6d04206c9d2b132ace5a3fbfc4c23f0add8ae73,0x00d9fe085d99b33ab2aae8063180c63e23bf2e69,0x75884f3ada15c953529abaac6549d5204135ec36,2026-08-05T06:04:56,repeated_internal_token_drain;dense_internal_fund_flow;complex_trace;high_gas_used_context;token_activity_burst;repeated_risky_internal_calls,0xa9059cbb,true
25684426,0x8b8378490854c7f10c702f01b28fbfb17ae91d19922c81efaa73cd862d60ddbd,0xd6434d157f254276d69ede3bd9fc805482206908,0x7ec8a30a34b86927dc77b302603d1d53e640bef7,2026-08-05T06:05:12,repeated_internal_token_drain;dense_internal_fund_flow;very_complex_trace;high_gas_used_context;token_activity_burst;repeated_risky_internal_calls,0xa9059cbb,true
25684426,0x9286aadb7fa48f3ed91413dc091441f3c61e6e500314621c230cfdcd315265a0,0x8a02495884a9820d3239b80f982385c8f74b8b66,0xccc88a9d1b4ed6b0eaba998850414b24f1c315be,2026-08-05T06:05:12,complex_trace;high_gas_used_context,0xf9e4bab4,false
25684427,0x3e176ffd4fbb7d21bfd2bd4f6995e801550d858ef4df30443e2ef29fe84a4a8e,0x1b92388f41ae9080a790a8ca6e31c5027d0e7f6e,0xc80b4457fccd49e7c3a2f5566dd1b827d85f6c98,2026-08-05T06:05:22,dense_internal_fund_flow;high_gas_used_context;token_activity_burst,0xa9dfb838,true
25684427,0x6e56a43dad774af8dbceb9cc15667f1273e192fcd0731e61b96e13c71135d3b9,0x80d04079ffc53eb14edbeeb37279d126f45552df,0x7b49f9031acd1ac7fb4a307be70a94ba7984634d,2026-08-05T06:05:23,repeated_internal_token_drain;dense_internal_fund_flow;complex_trace;high_gas_used_context;token_activity_burst;repeated_risky_internal_calls,0x8aaa8f3b,true
25684427,0xae9c04ece3736497a333d2212ae39abb331a97135cd51981d150d2aaf08b6fae,0x67e10b7764a99165665557b3e6cf24555bfc88c3,0x8b71140ad2e5d1e7018d2a7f8a288bd3cd38916f,2026-08-05T06:05:23,dense_internal_fund_flow;complex_trace,0x3816f29d,true
25684427,0xf4a2bc1f4dedd7d5f9f79f9464add0b45854bb1006d5d356b8a0a065385b3c02,0xa9c9ab34f60363dd0c57ca005b14e19e4ce962ed,0x134ccaaa4f1e4552ec8aecb9e4a2360ddcf8df76,2026-08-05T06:05:23,large_erc20_asset_flow;complex_trace,0x6807c8dc,true
25684427,0x51d2140e1d977247de11668f6c01d39d3e7706a65f9ca3811d4b9588e184945c,0xd6434d157f254276d69ede3bd9fc805482206908,0x7ec8a30a34b86927dc77b302603d1d53e640bef7,2026-08-05T06:05:24,repeated_internal_token_drain;dense_internal_fund_flow;very_complex_trace;high_gas_used_context;token_activity_burst;repeated_risky_internal_calls,0xa9059cbb,true
25684427,0x5ff5dbe633d5114a65a4e4e4196bdfd54c2eb256e14186f7072d698d8a60a934,0xa154b98e53fc35e1bad1ff758acbc8c629bdcd2b,0x19917386eeae67b6ff7ddf07de4019fca40aa4ec,2026-08-05T06:05:24,repeated_internal_token_drain;dense_internal_fund_flow;very_complex_trace;high_gas_used_context;token_activity_burst;repeated_risky_internal_calls,0xa9059cbb,true
25684427,0xb4eb7620a8a2ca88506bd28e7e9d0a13979888f4b9547107d8dfe4d7d251c943,0x00d9fe085d99b33ab2aae8063180c63e23bf2e69,0x75884f3ada15c953529abaac6549d5204135ec36,2026-08-05T06:05:24,repeated_internal_token_drain;dense_internal_fund_flow;complex_trace;high_gas_used_context;token_activity_burst;repeated_risky_internal_calls,0xa9059cbb,true
25684428,0x5d769bd1f9633cad157bdf4da759db6a49ec9a0bfe7b7c976ce3159a7f54686d,0x1927a547963a39813bd2ab2982f08b469cfdd62a,0x0889e9327b98d7d1be3c301a4585ff3330502c9a,2026-08-05T06:05:35,dense_internal_fund_flow,0x1fff991f,true
25684428,0xca5ab0fbbfaa2275bbc9a23dbf861fd61b71ff4deceacbc2696f3a281026aeaf,0x7830c87c02e56aff27fa8ab1241711331fa86f43,0xa9d1e08c7793af67e9d92fe308d5697fb81d3e43,2026-08-05T06:05:35,large_erc20_asset_flow,0xca350aa6,true
25684428,0x220c163c79168131988f53cff40ea1fa92921bfb1e2b7b37df0221070beb440b,0x5609bb231ec547c727d65eb6811ccd0c731339de,0xf4e147db314947fc1275a8cbb6cde48c510cd8cf,2026-08-05T06:05:37,privileged_execution_context,0x760d0f9d,false
25684428,0x4123c51c06a4b3a140a5ac988a1a8548db1538ae120916131c71805d6dd18aed,0x59aab1bd0d26290274398c07b55955c15425e16b,0x00fe78205f5f0e63b8ad2b2ae5337f538a610e04,2026-08-05T06:05:37,complex_trace;high_gas_used_context;token_activity_burst,0x34fcd5be,false
25684428,0x80bd66c790daf9a153fc628dfec0ff1b081373b61aa7acdc7eb0139773f84efa,0x80d04079ffc53eb14edbeeb37279d126f45552df,0x7b49f9031acd1ac7fb4a307be70a94ba7984634d,2026-08-05T06:05:37,repeated_internal_token_drain;dense_internal_fund_flow;complex_trace;token_activity_burst;repeated_risky_internal_calls,0x8aaa8f3b,true
25684429,0x1273f25107568dfff0dafa4fba01a872e097d111b758de1766e77c03a718cc86,0x1b92388f41ae9080a790a8ca6e31c5027d0e7f6e,0xc80b4457fccd49e7c3a2f5566dd1b827d85f6c98,2026-08-05T06:05:46,dense_internal_fund_flow;high_gas_used_context;token_activity_burst,0xa9dfb838,true
25684429,0x192d9ce86ae4fb2c0c91aec7aa51b84d7a912a290d5e89d049457982e290ad4c,0x80d04079ffc53eb14edbeeb37279d126f45552df,0x7b49f9031acd1ac7fb4a307be70a94ba7984634d,2026-08-05T06:05:48,repeated_internal_token_drain;dense_internal_fund_flow;complex_trace;token_activity_burst;repeated_risky_internal_calls,0x8aaa8f3b,true
25684429,0x22648a36aca323caf0fdf79fcab1a421c2540e6f0cdc19bd49bf04ad0fa4c708,0x00d9fe085d99b33ab2aae8063180c63e23bf2e69,0x75884f3ada15c953529abaac6549d5204135ec36,2026-08-05T06:05:48,repeated_internal_token_drain;dense_internal_fund_flow;complex_trace;high_gas_used_context;token_activity_burst;repeated_risky_internal_calls,0xa9059cbb,true
25684429,0x4aa8e01b2f4da0cbeafd436d978082d9532d594533f12dd3ebd843b5eba33add,0xd6434d157f254276d69ede3bd9fc805482206908,0x7ec8a30a34b86927dc77b302603d1d53e640bef7,2026-08-05T06:05:48,repeated_internal_token_drain;dense_internal_fund_flow;very_complex_trace;high_gas_used_context;token_activity_burst;repeated_risky_internal_calls,0xa9059cbb,true
25684429,0x8f847997a1a3ff478bc059027202d7cb442003ac6bc579a4ed02bcfbfbc344ef,0x8506e43d89d80bb24d678f67f9e063444b8ab536,0x0000000000000068f116a894984e2db1123eb395,2026-08-05T06:05:48,complex_trace;token_activity_burst,0x87201b41,true
25684429,0x9abd6632cd12cc81161c3dc6f551647f531412daec5d915ad6ef05d66b1d970c,0xf70da97812cb96acdf810712aa562db8dfa3dbef,0xb92fe925dc43a0ecde6c8b1a2709c170ec4fff4f,2026-08-05T06:05:48,dense_internal_fund_flow;complex_trace,0xcd6e13f7,true
25684429,0xa519f1a635e373d42bef7a88838013d7d0963fe0078fac8c2cadd88c8723c9e0,0x67e10b7764a99165665557b3e6cf24555bfc88c3,0x8b71140ad2e5d1e7018d2a7f8a288bd3cd38916f,2026-08-05T06:05:48,dense_internal_fund_flow;complex_trace,0x3816f29d,true
25684429,0xc6a14fa85271e319f1e23011a103386d239e9c16bc0bb2f60ed4ae1e20be0d9e,0x5b43453fce04b92e190f391a83136bfbecedefd1,0xbdb3ba9ffe392549e1f8658dd2630c141fdf47b6,2026-08-05T06:05:48,complex_trace;high_gas_used_context;token_activity_burst,0x000000c3,false
25684429,0xe35aa800945551eb9ba8e52ed43dfb147d72b033cb4c8b68af0be37f86608dd2,0x5d98f54d829708eeb2aa555badb96bcb5400def1,0x04ce218ead72401702dd5f3e56cedb7d2d477777,2026-08-05T06:05:48,dense_internal_fund_flow;complex_trace,0x295f0582,true
25684430,0x635e1a3d6dd4ad29211988c8ff24a07c122418a605e482fdd7b6bd9b0b8a6dc7,0x1927a547963a39813bd2ab2982f08b469cfdd62a,0x0889e9327b98d7d1be3c301a4585ff3330502c9a,2026-08-05T06:05:51,dense_internal_fund_flow,0x1fff991f,true
25684430,0x663c2bed054a8af3b97c80d4518e1ce422d2756b91656b51087deec8f53be973,0xa8b192dba46e58ef1b3ca78d8be92c7879d857ec,0x28b1dc1a5e3699a428bc51d234dfab7c9cb2a183,2026-08-05T06:05:52,complex_trace;high_gas_used_context,0x0c307f76,true
25684430,0x12160f995d08bf62e0f9d0a3073f293becf21f4ed2c042769d5a49c579729927,0xd6434d157f254276d69ede3bd9fc805482206908,0x7ec8a30a34b86927dc77b302603d1d53e640bef7,2026-08-05T06:05:53,repeated_internal_token_drain;dense_internal_fund_flow;very_complex_trace;high_gas_used_context;token_activity_burst;repeated_risky_internal_calls,0xa9059cbb,true
25684430,0xb9551b4145996d120c37f2d92f68f3b3b55ae44f76de90a534145447a9248ece,0x92fa8b7cc084c3696d5f8fdc0eb7b71dd20391d0,0x89c6340b1a1f4b25d36cd8b063d49045caf3f818,2026-08-05T06:05:53,complex_trace;high_gas_used_context,0x0193b9fc,true
25684431,0x7590a37f0c36ce002c5ecb9b3240c880173d3ac20653d17d4e52675956d2afbe,0x50bf934781f63028c5c8ef49c4affe19a86d99b6,0x8d04cc7e86e687854eb41d9d43512b655b93184b,2026-08-05T06:06:08,complex_trace;selfdestruct_context,0x4a1bf18a,false
25684431,0x216fa6121395780fcc5bb0b84f9aebb506d66a744ec85d205a385931738bd2d8,0x48aace1f5547f201178fd422f93117daa03a38c1,0x134ccaaa4f1e4552ec8aecb9e4a2360ddcf8df76,2026-08-05T06:06:09,large_erc20_asset_flow;complex_trace,0x6807c8dc,true
25684431,0x25bd8ccb8fab491d32174085afd7fccdf7a61cb93d50fe0195293ce3c191e508,0x59aab1bd0d26290274398c07b55955c15425e16b,0x00fe78205f5f0e63b8ad2b2ae5337f538a610e04,2026-08-05T06:06:09,high_gas_used_context;token_activity_burst,0x34fcd5be,false
25684431,0x39c013679da453e6d5a259f78ff3e80a722931da420cc4e986edee20f8049069,0x3cfdc212769c890907bce93d3d8c2c53de6a7a89,0x433709009b8330fda32311df1c2afa402ed8d009,2026-08-05T06:06:09,privileged_execution_context;complex_trace,0x765e827f,false
25684431,0x6532e0683ae88dc72557e4a1093342d9b73eff9dfde31db80c521ba23dc42b58,0x80d04079ffc53eb14edbeeb37279d126f45552df,0x7b49f9031acd1ac7fb4a307be70a94ba7984634d,2026-08-05T06:06:09,repeated_internal_token_drain;dense_internal_fund_flow;complex_trace;token_activity_burst;repeated_risky_internal_calls,0x8aaa8f3b,true
25684431,0x8b2f054518332dc515effc8f991b353844648b4d85b27264a827a83b649eca50,0xa154b98e53fc35e1bad1ff758acbc8c629bdcd2b,0x19917386eeae67b6ff7ddf07de4019fca40aa4ec,2026-08-05T06:06:09,repeated_internal_token_drain;dense_internal_fund_flow;very_complex_trace;high_gas_used_context;token_activity_burst;repeated_risky_internal_calls,0xa9059cbb,true
25684431,0x9c252bfc1f5eb6f997637365f6194c777c9417f224f2d7742f38df66bc5281ef,0x00d9fe085d99b33ab2aae8063180c63e23bf2e69,0x75884f3ada15c953529abaac6549d5204135ec36,2026-08-05T06:06:09,repeated_internal_token_drain;dense_internal_fund_flow;complex_trace;high_gas_used_context;token_activity_burst;repeated_risky_internal_calls,0xa9059cbb,true
25684432,0x4e660897b5fd070ddd583a387fb39caab6f9d8f867b35091f1e3a2c222566efb,0x7830c87c02e56aff27fa8ab1241711331fa86f43,0xa9d1e08c7793af67e9d92fe308d5697fb81d3e43,2026-08-05T06:06:20,dense_internal_fund_flow,0x1a1da075,true
25684432,0x50d3e4a3f39c1f7a7501b63ffd2873b294b2b37253ca4dd7022ea10bfbfefb22,0x1925565c8d02c8437bb05380ca85ed334aa02614,0x881d40237659c251811cec9c364ef91dc08d300c,2026-08-05T06:06:20,dense_internal_fund_flow;complex_trace,0x5f575529,true
25684432,0xbfc68bde1fd0c5afa9c6d9f18435d39aafce8b3776c89ba8aca3ac9d4a111a8b,0x1927a547963a39813bd2ab2982f08b469cfdd62a,0x0889e9327b98d7d1be3c301a4585ff3330502c9a,2026-08-05T06:06:20,dense_internal_fund_flow,0x1fff991f,true
25684432,0x06aab624bd9e8640289e98480dc78e5d828e05a82a3b32601df13c4792830629,0xde7a849216aa3884d53d84ecb02c19eb67e5dae2,0x7d9f4ca54131e588fc1fe577973b55fb11231e76,2026-08-05T06:06:21,repeated_internal_token_drain;dense_internal_fund_flow;complex_trace;high_gas_used_context;token_activity_burst;repeated_risky_internal_calls,0x6aac3a0b,true
25684432,0x11bc3fc58c6a0be63fe62e943b4ae3e6d9c472c6efd25cd48381ff5175e3023c,0x67e10b7764a99165665557b3e6cf24555bfc88c3,0x8b71140ad2e5d1e7018d2a7f8a288bd3cd38916f,2026-08-05T06:06:21,dense_internal_fund_flow;complex_trace,0x3816f29d,true
25684432,0x1549baa961f8d67d5e657eb45db182f9425bd718b1a2b58dcd6f3dcde51fb2c8,0xd6434d157f254276d69ede3bd9fc805482206908,0x7ec8a30a34b86927dc77b302603d1d53e640bef7,2026-08-05T06:06:21,repeated_internal_token_drain;dense_internal_fund_flow;very_complex_trace;high_gas_used_context;token_activity_burst;repeated_risky_internal_calls,0xa9059cbb,true
25684432,0x4b47f4ae65d63867a994c60fe16fbb040773a620e073ef57f794ce8fd0773e46,0x80d04079ffc53eb14edbeeb37279d126f45552df,0x7b49f9031acd1ac7fb4a307be70a94ba7984634d,2026-08-05T06:06:21,repeated_internal_token_drain;dense_internal_fund_flow;complex_trace;token_activity_burst;repeated_risky_internal_calls,0x8aaa8f3b,true
25684432,0x6bbe2d4c9698f5c20a0641c4b10abef532b2ab06579464949d7b69167421de09,0x9379e546675db383365f8718342a92ac3ba3a4f8,0x6a000f20005980200259b80c5102003040001068,2026-08-05T06:06:21,large_erc20_asset_flow;complex_trace,0xe3ead59e,true
25684432,0x5e0c27da168d8e695c77741c1e8a3b45cf4e9e9873e27396840c51b312cc9c1c,0xab00819212917da43a81b696877cc0bca798b613,0xf4e147db314947fc1275a8cbb6cde48c510cd8cf,2026-08-05T06:06:22,privileged_execution_context,0x760d0f9d,false
25684433,0x0cdf0085d08bbb66737d173ea3b6b02991ebad097a4e36f4b2ee715928ebbb40,0x00d9fe085d99b33ab2aae8063180c63e23bf2e69,0x75884f3ada15c953529abaac6549d5204135ec36,2026-08-05T06:06:34,repeated_internal_token_drain;dense_internal_fund_flow;complex_trace;high_gas_used_context;token_activity_burst;repeated_risky_internal_calls,0xa9059cbb,true
25684433,0x171847a1731f273373885e61ebbf02a71ebe67c0cafa50b7e670669e5f342908,0x80d04079ffc53eb14edbeeb37279d126f45552df,0x7b49f9031acd1ac7fb4a307be70a94ba7984634d,2026-08-05T06:06:34,repeated_internal_token_drain;dense_internal_fund_flow;complex_trace;token_activity_burst;repeated_risky_internal_calls,0x8aaa8f3b,true
25684433,0x7519f29bd31e7152f5cca49c82a0458e1be2ff24369634c3916e7af294d5e82d,0x67e10b7764a99165665557b3e6cf24555bfc88c3,0x8b71140ad2e5d1e7018d2a7f8a288bd3cd38916f,2026-08-05T06:06:34,dense_internal_fund_flow;complex_trace,0x3816f29d,true
25684433,0xb7f3a5e0b6248c30196236adb15f8839b9e172fda2e98136f207e723aa5e5ad0,0xfa2d904758ddf363b47049d1d8f933008414ee45,0x6566194141eefa99af43bb5aa71460ca2dc90245,2026-08-05T06:06:34,large_erc20_asset_flow,0x374f435d,true
25684434,0x419a2e0697a6188d422476b21107202a3c1cc394ff4e56c4a28a1084311975fb,0x1927a547963a39813bd2ab2982f08b469cfdd62a,0x0889e9327b98d7d1be3c301a4585ff3330502c9a,2026-08-05T06:06:44,dense_internal_fund_flow,0x1fff991f,true
25684434,0x5130c13e4e4eb5446571b256bb43ca49aac6f93852317ecf12e985d98d9055dc,0x17a9aa3f7945fb00c2eb16857baa4adb63da59db,0x5ff137d4b0fdcd49dca30c7cf57e578a026d2789,2026-08-05T06:06:45,large_erc20_asset_flow;complex_trace,0x1fad948c,true
25684434,0xed5bd1985999694162c2093c9158fdd3dbc3cf0919cc48ea1d5a7b112a20949a,0x56c262027e0de4aea31d2489529cb25d23e58a8b,0xccc88a9d1b4ed6b0eaba998850414b24f1c315be,2026-08-05T06:06:45,dense_internal_fund_flow;complex_trace;high_gas_used_context;token_activity_burst,0x0a2b8f36,true
25684434,0x18af263ec5560b5fb3149e70c4bc0d2eadedb64e082eca32e1169a7370d2768c,0xc0f12799b8d3fa8810dfe1616095170c72117f8f,0xd90e2f925da726b50c4ed8d0fb90ad053324f31b,2026-08-05T06:06:46,dense_internal_fund_flow;complex_trace,0xb438689f,true
25684434,0x7182f5d83774bbe4e7e7cda9fd62e5cb7c93a514eacf77e31e5c069f2b7aef7d,0x5884b2faa9ad6f38010831e2290e515af17a7d47,0x06cff7088619c7178f5e14f0b119458d08d2f5ef,2026-08-05T06:06:46,large_erc20_asset_flow;complex_trace,0x99999999,true
25684434,0xb74c24ca688d69ce309447a4c8c5fdde5eb35a7b9ccaf9a4ee893b0b691dec63,0xd6434d157f254276d69ede3bd9fc805482206908,0x7ec8a30a34b86927dc77b302603d1d53e640bef7,2026-08-05T06:06:46,repeated_internal_token_drain;dense_internal_fund_flow;very_complex_trace;high_gas_used_context;token_activity_burst;repeated_risky_internal_calls,0xa9059cbb,true
25684434,0xcde3af50435f14d3fb7a59e97734913a145db632649af1382a8627d83d94a305,0xf70da97812cb96acdf810712aa562db8dfa3dbef,0xccc88a9d1b4ed6b0eaba998850414b24f1c315be,2026-08-05T06:06:46,dense_internal_fund_flow;complex_trace,0x0a2b8f36,true
25684435,0x76dbb79ae59f08656f2e7925528273e520fcba12d2d13561cbb00642e138dfbf,0x00d9fe085d99b33ab2aae8063180c63e23bf2e69,0x75884f3ada15c953529abaac6549d5204135ec36,2026-08-05T06:06:57,repeated_internal_token_drain;dense_internal_fund_flow;complex_trace;high_gas_used_context;token_activity_burst;repeated_risky_internal_calls,0xa9059cbb,true
25684435,0xac8d4910bd258fcb0c55dbd0cd349d0cb2cae698be4d2e38deb74472d7b2310b,0x3f1759068563cc4d29c6748ee5b2fc5cc2c78603,0x0000000000001ff3684f28c67538d4d072c22734,2026-08-05T06:06:57,dense_internal_fund_flow;complex_trace,0x2213bc0b,true
25684435,0xc69dcca647851cf55631f01335398560597a238b551f2ee7713c176529cec420,0xd6434d157f254276d69ede3bd9fc805482206908,0x7ec8a30a34b86927dc77b302603d1d53e640bef7,2026-08-05T06:06:57,repeated_internal_token_drain;dense_internal_fund_flow;very_complex_trace;high_gas_used_context;token_activity_burst;repeated_risky_internal_calls,0xa9059cbb,true
25684435,0x0cccf50f204f33bb90c02f9082feb1db2cd38eb7c8f59ce49c7c818b45b08968,0x1584a8ee67789d1fe161065388657ad2f2a3c7dd,0x77eb52e44db06777bce478159f25c0d55a295314,2026-08-05T06:06:58,repeated_internal_token_drain;dense_internal_fund_flow;complex_trace;token_activity_burst;repeated_risky_internal_calls,0xa9059cbb,true
25684435,0x479948abd1581f83291b22240c3378b14709c5d542ac5a56964a62fe2368b738,0x67e10b7764a99165665557b3e6cf24555bfc88c3,0x8b71140ad2e5d1e7018d2a7f8a288bd3cd38916f,2026-08-05T06:06:58,dense_internal_fund_flow;complex_trace,0x3816f29d,true
25684435,0xc18ee70ad40375404af8097e078a1d781b6b4f087808d6dafe513d7026866786,0x80d04079ffc53eb14edbeeb37279d126f45552df,0x7b49f9031acd1ac7fb4a307be70a94ba7984634d,2026-08-05T06:06:58,repeated_internal_token_drain;dense_internal_fund_flow;complex_trace;token_activity_burst;repeated_risky_internal_calls,0x8aaa8f3b,true
25684436,0x4cf4e99fc688ac0f7a4c923faf3dda5b373b960f975885393a713635e5bfda9b,0x7830c87c02e56aff27fa8ab1241711331fa86f43,0xa9d1e08c7793af67e9d92fe308d5697fb81d3e43,2026-08-05T06:07:10,large_erc20_asset_flow,0xca350aa6,true
25684436,0x8c3e43c1a94a93bfa3a83fa2c5364d2d1dafff2d760ca0f3675a39813ffef4f6,0xbad000006db10503589262b55d09bb7b3c5e1472,0xbbbbb048b1a85ca221058c45525095b6a68bbbbb,2026-08-05T06:07:11,repeated_internal_token_drain;dense_internal_fund_flow;very_complex_trace;high_gas_used_context;token_activity_burst;repeated_risky_internal_calls,0xa9059cbb,true
25684437,0x0de0abc52d56494c6e28b48daf2ce8e6cb60a1bce6b7c265f45a59459420f727,0x92d5270cdf984ae8a15d5ca7ce77bc756599650a,0x0000000000000068f116a894984e2db1123eb395,2026-08-05T06:07:20,dense_internal_fund_flow;complex_trace;high_gas_used_context,0x87201b41,true
25684437,0xc4ab204be4dbb34fe45125b4964ef632f35fa792e5d9632f8ee9b85eac9fd5b7,0x7830c87c02e56aff27fa8ab1241711331fa86f43,0xa9d1e08c7793af67e9d92fe308d5697fb81d3e43,2026-08-05T06:07:20,dense_internal_fund_flow,0x1a1da075,true
25684437,0x83c0fb459e7817c47e9c02103c4c4f1f538f66a264b5f37937579fdf7f2f4905,0x00d9fe085d99b33ab2aae8063180c63e23bf2e69,0x75884f3ada15c953529abaac6549d5204135ec36,2026-08-05T06:07:21,repeated_internal_token_drain;dense_internal_fund_flow;complex_trace;high_gas_used_context;token_activity_burst;repeated_risky_internal_calls,0xa9059cbb,true
25684437,0x8ab04fc6e9c3c76b71fe318110228592ea7dfe9124a546d8b1b48ef51416c41b,0x80d04079ffc53eb14edbeeb37279d126f45552df,0x7b49f9031acd1ac7fb4a307be70a94ba7984634d,2026-08-05T06:07:21,repeated_internal_token_drain;dense_internal_fund_flow;complex_trace;token_activity_burst;repeated_risky_internal_calls,0x8aaa8f3b,true
25684437,0x92a1bc1bb271f7ccc69a4579341955942d971bad12d5e1b66862d9725bc84e36,0xb9ede6f94d192073d8eaf85f8db677133d483249,0x86e4dc95c7fbdbf52e33d563bbdb00823894c287,2026-08-05T06:07:21,complex_trace;high_gas_used_context,0x4e43e495,false
25684437,0xfc2eece93e28d3803770faa25c7efb8eccafb4825d2337872fbf042487aecd57,0x67e10b7764a99165665557b3e6cf24555bfc88c3,0x8b71140ad2e5d1e7018d2a7f8a288bd3cd38916f,2026-08-05T06:07:21,dense_internal_fund_flow;complex_trace,0x3816f29d,true
25684438,0x42b2a395dcf944ab057f3d47c79f9f0ae3a6f9f86b4ceab8934c50555a48f473,0x0dc6672a7edcc724310e5707c2094d70a6993eaf,0x1921e0ff550c09066edd4df05d304151c45e77de,2026-08-05T06:07:32,dense_internal_fund_flow;complex_trace,0x13d79a0b,true
25684438,0x45ad0a9bbe9ee05505b44509214d96a92189e0c11537fbdb7597528b20a74cb2,0x654fae4aa229d104cabead47e56703f58b174be4,0x000000000035b5e5ad9019092c665357240f594e,2026-08-05T06:07:32,large_erc20_asset_flow;complex_trace,0x00000004,true
25684438,0x47a43e70834746b30ce35fd980399b9af5bd95ab30b42b43eb97c0bcd8496eb7,0x512da245e6db34f8c6673a578f1f5137a1bd463e,0xccc88a9d1b4ed6b0eaba998850414b24f1c315be,2026-08-05T06:07:32,dense_internal_fund_flow;complex_trace;high_gas_used_context;token_activity_burst,0xf9e4bab4,true
25684438,0x5b72d1438838f84a834c9cbeb0bd6bca220b0696a2406a7158d30284ebb04f53,0x654fae4aa229d104cabead47e56703f58b174be4,0x000000000035b5e5ad9019092c665357240f594e,2026-08-05T06:07:32,large_erc20_asset_flow;complex_trace,0x00000004,true
25684438,0x8c0afa42517ab3cc92c29f59e3e7946f8dabc4e1a587c14b0cb03b4c4b100685,0xd0588c940bdbfcfb5f3e8e3c843ed1462d9f828e,0x6a2e3a1e16fc29f27ce61429746d558d656975bb,2026-08-05T06:07:32,dense_internal_fund_flow;complex_trace,0xd2ce7d65,true
25684438,0x93363fba5d56e59dfdc5eb1ab807304e3962fa9940ca4872ceb0c95ce0bd1c74,0x67e10b7764a99165665557b3e6cf24555bfc88c3,0x8b71140ad2e5d1e7018d2a7f8a288bd3cd38916f,2026-08-05T06:07:32,dense_internal_fund_flow;complex_trace,0x3816f29d,true
25684438,0xd6f29123dd8d41fa591ab213e9e69b7c8ad50f24642f69078a3d4ebd88d32a85,0xd6434d157f254276d69ede3bd9fc805482206908,0x7ec8a30a34b86927dc77b302603d1d53e640bef7,2026-08-05T06:07:32,repeated_internal_token_drain;dense_internal_fund_flow;very_complex_trace;high_gas_used_context;token_activity_burst;repeated_risky_internal_calls,0xa9059cbb,true
25684438,0xc300ce5656e5c38234549bb5ddc688f8adeb31ec06726afa476aba7bebbbe7bc,0x1226858e04b9d077258f153275613734421cd06b,0x4e59b44847b379578588920ca78fbf26c0b4956c,2026-08-05T06:07:33,privileged_execution_context,0x336a616e,false
25684438,0xe0d0a41afac28784f5d1dc829a8703f32173d4ef039aa8c7ebaf80223f5e4147,0x80d04079ffc53eb14edbeeb37279d126f45552df,0x7b49f9031acd1ac7fb4a307be70a94ba7984634d,2026-08-05T06:07:33,repeated_internal_token_drain;dense_internal_fund_flow;complex_trace;token_activity_burst;repeated_risky_internal_calls,0x8aaa8f3b,true
25684439,0x486caa8736c2fff40ea8dfada73ec3333e874a8b87a257ba22f03fbaebcb1118,0x67e10b7764a99165665557b3e6cf24555bfc88c3,0x8b71140ad2e5d1e7018d2a7f8a288bd3cd38916f,2026-08-05T06:07:42,dense_internal_fund_flow;complex_trace,0x3816f29d,true
25684439,0x7f4df1d7d6de09e55d7be42fb3c642b9e06738349392444026cbb654b9f84e67,0x09a591f0e4fa0abac08f05bc0916c51ee34c1a1b,0x5cb16a393b9b43c590953b51058edab1bde0f5fa,2026-08-05T06:07:42,dense_internal_fund_flow,0x501d976c,true
25684439,0x81df59ee36c0eaebe531b53d895e708aa83e1938c9a86b8c08e7291a87f70d7e,0x5b43453fce04b92e190f391a83136bfbecedefd1,0xbdb3ba9ffe392549e1f8658dd2630c141fdf47b6,2026-08-05T06:07:42,dense_internal_fund_flow;complex_trace,0x000000c3,true
25684439,0x2a92321c84b59219b9bdea2bd7469fd79337671fc7eb9713e9cef0d176610e50,0xe91bcae4a2d7b951304695f93cf1b9a1837cfe43,0x7ec8a30a34b86927dc77b302603d1d53e640bef7,2026-08-05T06:07:43,repeated_internal_token_drain;dense_internal_fund_flow;very_complex_trace;high_gas_used_context;token_activity_burst;repeated_risky_internal_calls,0xa9059cbb,true
25684439,0x35169a633c1fb16168073f616f59ca9df7ab7c517ec57aeb8dbee42c29fae2f1,0x55af0abeadc56ae3ff9e51cf798f7a7ea9ec320a,0x1231deb6f5749ef6ce6943a275a1d3e7486f4eae,2026-08-05T06:07:43,complex_trace;high_gas_used_context,0xa3443faa,false
25684439,0x5eaee108502d964bc726ea10dd05b737d158dd064bc472f38066c2a9cb99afd3,0x00d9fe085d99b33ab2aae8063180c63e23bf2e69,0x75884f3ada15c953529abaac6549d5204135ec36,2026-08-05T06:07:43,repeated_internal_token_drain;dense_internal_fund_flow;complex_trace;high_gas_used_context;token_activity_burst;repeated_risky_internal_calls,0xa9059cbb,true
25684439,0xb6308e9045a39737756e9c4d21c7692b7e236feebafc42a73834a070aafc69c5,0xbad000006db10503589262b55d09bb7b3c5e1472,0xbbbbb048b1a85ca221058c45525095b6a68bbbbb,2026-08-05T06:07:43,repeated_internal_token_drain;dense_internal_fund_flow;very_complex_trace;high_gas_used_context;token_activity_burst;repeated_risky_internal_calls,0xa9059cbb,true
25684439,0x94f3a87c6cdf1bf01a5ce38d5cbedb900fa0b41b7be20f3d4697ec6f9faf3ada,0x1584a8ee67789d1fe161065388657ad2f2a3c7dd,0x77eb52e44db06777bce478159f25c0d55a295314,2026-08-05T06:07:44,repeated_internal_token_drain;dense_internal_fund_flow;complex_trace;high_gas_used_context;token_activity_burst;repeated_risky_internal_calls,0xa9059cbb,true
25684440,0x1b9fa2569b7f755860a8ad6ce11c412617e9b6a6a178bfb40687312a663df455,0xd6434d157f254276d69ede3bd9fc805482206908,0x7ec8a30a34b86927dc77b302603d1d53e640bef7,2026-08-05T06:07:59,repeated_internal_token_drain;dense_internal_fund_flow;very_complex_trace;high_gas_used_context;token_activity_burst;repeated_risky_internal_calls,0xa9059cbb,true
25684440,0x26b494b29780749dcf9e30749c3478c97f45aeac2e9ecefeb8dd6772265fef95,0x67e10b7764a99165665557b3e6cf24555bfc88c3,0x8b71140ad2e5d1e7018d2a7f8a288bd3cd38916f,2026-08-05T06:07:59,dense_internal_fund_flow;complex_trace,0x3816f29d,true
25684441,0xae387f793f485189421a37b1043b8d6d92aae8834b54e38182fe894098b3cdd0,0x7556699aa8e6a7c9c69bcfaf9debd05f8192b063,0x84cab37995229530d9e6e5cff2f8f4ebe4517d66,2026-08-05T06:08:09,complex_trace;high_gas_used_context,0xe587456a,false
25684441,0x035eb56af2a32eb3520cce8d33e966ba90b57c0df839a67f617f1db529d815f9,0x00d9fe085d99b33ab2aae8063180c63e23bf2e69,0x75884f3ada15c953529abaac6549d5204135ec36,2026-08-05T06:08:11,repeated_internal_token_drain;dense_internal_fund_flow;complex_trace;high_gas_used_context;token_activity_burst;repeated_risky_internal_calls,0xa9059cbb,true
25684441,0x163977435f3a8aa751af8e254c23da7a252ad85c4e3bf386dc56659c45c7d686,0x80d04079ffc53eb14edbeeb37279d126f45552df,0x7b49f9031acd1ac7fb4a307be70a94ba7984634d,2026-08-05T06:08:11,repeated_internal_token_drain;dense_internal_fund_flow;complex_trace;token_activity_burst;repeated_risky_internal_calls,0x8aaa8f3b,true
25684442,0x907ccd87abd515835a64288e8a335c4f87d4ead82cd96c5bfa69cd66dc70294b,0x7830c87c02e56aff27fa8ab1241711331fa86f43,0xa9d1e08c7793af67e9d92fe308d5697fb81d3e43,2026-08-05T06:08:21,dense_internal_fund_flow,0x1a1da075,true
25684442,0x52b05859350166dfda0aad6233a125e531496a7650d04edcdcf71991f3e027c9,0xde7a849216aa3884d53d84ecb02c19eb67e5dae2,0x7d9f4ca54131e588fc1fe577973b55fb11231e76,2026-08-05T06:08:22,repeated_internal_token_drain;dense_internal_fund_flow;complex_trace;high_gas_used_context;token_activity_burst;repeated_risky_internal_calls,0x6aac3a0b,true
25684442,0x6cfbdbf09d4504c5f62f9d014c1c5badcb3c271c201f90b5c82129b40361b05e,0xf70da97812cb96acdf810712aa562db8dfa3dbef,0xccc88a9d1b4ed6b0eaba998850414b24f1c315be,2026-08-05T06:08:22,dense_internal_fund_flow,0x0a2b8f36,true
25684442,0x5c4897cff0c99707ec9bd51f3f529bc6555c15ac2b711382bb18f05128741c16,0x67e10b7764a99165665557b3e6cf24555bfc88c3,0x8b71140ad2e5d1e7018d2a7f8a288bd3cd38916f,2026-08-05T06:08:23,dense_internal_fund_flow;complex_trace,0x3816f29d,true
25684442,0xce3edaf4519ead7b3ff1fb109f4fe5cb963656d6e692e45d3fd479b929468bc8,0xd6434d157f254276d69ede3bd9fc805482206908,0x7ec8a30a34b86927dc77b302603d1d53e640bef7,2026-08-05T06:08:23,repeated_internal_token_drain;dense_internal_fund_flow;very_complex_trace;high_gas_used_context;token_activity_burst;repeated_risky_internal_calls,0xa9059cbb,true
25684442,0xed98443896355677c14de94fb6210d4a4a1b4774e75cb75ed4e0b5cbb0080ac0,0x80d04079ffc53eb14edbeeb37279d126f45552df,0x7b49f9031acd1ac7fb4a307be70a94ba7984634d,2026-08-05T06:08:23,repeated_internal_token_drain;dense_internal_fund_flow;complex_trace;token_activity_burst;repeated_risky_internal_calls,0x8aaa8f3b,true
25684443,0x45a7f0b0bb645416dd4865a80211e9766f91dc54c078dcbd0ba8466243d024bf,0xd6434d157f254276d69ede3bd9fc805482206908,0x7ec8a30a34b86927dc77b302603d1d53e640bef7,2026-08-05T06:08:31,repeated_internal_token_drain;dense_internal_fund_flow;very_complex_trace;high_gas_used_context;token_activity_burst;repeated_risky_internal_calls,0xa9059cbb,true
25684443,0x616739efb29e89172a190b82242fa86cecd580c47209991c12cd3cb09bd67045,0x9c04ac1cadc6143cf1f2cae1fb2fab26f33871c8,,2026-08-05T06:08:31,large_mint_to_sender;contract_creation_context,0x600f6080,true
25684443,0xf5dfcc843e3b958eb45c6d81c652af7bc1dfaa8c9b5af8ed6f851155198a1c4a,0x80d04079ffc53eb14edbeeb37279d126f45552df,0x7b49f9031acd1ac7fb4a307be70a94ba7984634d,2026-08-05T06:08:31,repeated_internal_token_drain;dense_internal_fund_flow;complex_trace;token_activity_burst;repeated_risky_internal_calls,0x8aaa8f3b,true
25684444,0xce1ce1e73fd39dce979ecd6ee9f0db42c1621f2d1afd693dc3f0ea2f2479d447,0x0a8ddfcd38e30b3ec9fd92cd913d3b03eb26fc9c,0xd523794c879d9ec028960a231f866758e405be34,2026-08-05T06:08:45,dense_internal_fund_flow;complex_trace,0x3a29dbae,true
25684444,0x2073e4ee9eec075d7c77081afeed99cc82e349c82a0e5af538facd15fcaddb7d,0xbad000006db10503589262b55d09bb7b3c5e1472,0xbbbbb048b1a85ca221058c45525095b6a68bbbbb,2026-08-05T06:08:46,repeated_internal_token_drain;dense_internal_fund_flow;complex_trace;high_gas_used_context;token_activity_burst;repeated_risky_internal_calls,0xa9059cbb,true
25684444,0xd6ac0b139a99cb36669a4bd10a473090429fa1dd951ea6df5aab8acf7071d043,0x00d9fe085d99b33ab2aae8063180c63e23bf2e69,0x75884f3ada15c953529abaac6549d5204135ec36,2026-08-05T06:08:46,repeated_internal_token_drain;dense_internal_fund_flow;complex_trace;high_gas_used_context;token_activity_burst;repeated_risky_internal_calls,0xa9059cbb,true
25684445,0x322ce5b8b84f55e6dcc602ad182da44d66e541e6c5dc17ea13a9e7985bc4f844,0x80d04079ffc53eb14edbeeb37279d126f45552df,0x7b49f9031acd1ac7fb4a307be70a94ba7984634d,2026-08-05T06:08:59,repeated_internal_token_drain;dense_internal_fund_flow;complex_trace;token_activity_burst;repeated_risky_internal_calls,0x8aaa8f3b,true
25684445,0x3933e89f49ca72aef84f2016b2e939cb0c7a046f861badab8ddd122425330ec2,0x0f4bc970e348a061b69d05b7e2e5c13eb687e5e3,0xc36442b4a4522e871399cd717abdd847ab11fe88,2026-08-05T06:08:59,dense_internal_fund_flow,0xac9650d8,true
25684445,0x4e0476bdf57d15232f1b2aceb0afd29043d57ee62b91bea4e6d5e8ce0e509c84,0xd6434d157f254276d69ede3bd9fc805482206908,0x7ec8a30a34b86927dc77b302603d1d53e640bef7,2026-08-05T06:08:59,repeated_internal_token_drain;dense_internal_fund_flow;very_complex_trace;high_gas_used_context;token_activity_burst;repeated_risky_internal_calls,0xa9059cbb,true
25684445,0x6449f4ee7c2802f12e6a49693b37b78b9a82764f07d4b8740fd6f12de70215f5,0x9e9ccdb250b66a48c214992668f0d0ba13a5c44a,,2026-08-05T06:08:59,large_mint_to_sender;contract_creation_context,0x601b6080,true
25684445,0x789862767dccb1c0ce8e82cd1d81f6ae90fea33c1961b35e7a04e9f5ebe62ac6,0x67e10b7764a99165665557b3e6cf24555bfc88c3,0x8b71140ad2e5d1e7018d2a7f8a288bd3cd38916f,2026-08-05T06:08:59,dense_internal_fund_flow;complex_trace,0x3816f29d,true
25684445,0xaf009e10a9d4cb28f205247b80c534919f354e53532ae7724c37eb350ae705ac,0xbce61171718d427c5516f23641ace099995f0d37,0x89c6340b1a1f4b25d36cd8b063d49045caf3f818,2026-08-05T06:08:59,complex_trace;high_gas_used_context,0x0193b9fc,true
25684446,0x6ea671395aa91c07a9f3c2d493e58b694074ff2095a3439b1bc677ac49d7bab7,0x7830c87c02e56aff27fa8ab1241711331fa86f43,0xa9d1e08c7793af67e9d92fe308d5697fb81d3e43,2026-08-05T06:09:09,large_erc20_asset_flow,0xca350aa6,true
25684446,0xe3ece9b967a552717c237e6b4581f3e25fb5c9575545c0320cca94eb9735a0df,0x06bfe68ab875445b65b52593c4599a03011f650b,0x03f34be1bf910116595db1b11e9d1b2ca5d59659,2026-08-05T06:09:09,dense_internal_fund_flow;complex_trace,0xe47d166c,true
25684446,0x30cd51158742e151180671f9b527178894c291e625574ff5fb778166314e7fe3,0x67e10b7764a99165665557b3e6cf24555bfc88c3,0x8b71140ad2e5d1e7018d2a7f8a288bd3cd38916f,2026-08-05T06:09:11,dense_internal_fund_flow;complex_trace,0x3816f29d,true
25684446,0x52982ec630e3e552d9af8d6c5204821bbc82e29c59b292837a151a0027afa1ce,0x80d04079ffc53eb14edbeeb37279d126f45552df,0x7b49f9031acd1ac7fb4a307be70a94ba7984634d,2026-08-05T06:09:11,repeated_internal_token_drain;dense_internal_fund_flow;complex_trace;token_activity_burst;repeated_risky_internal_calls,0x8aaa8f3b,true
25684446,0x5f9b7d389e0005fc0373afb9abf5f63225c1dbb3ebeac5679e29c440438bf4c8,0xf1edbaeab4ad5f0d33d7e39d3c390588ca44d2ae,0xf4e147db314947fc1275a8cbb6cde48c510cd8cf,2026-08-05T06:09:11,privileged_execution_context,0x760d0f9d,false
25684446,0x7f81a4c6ca670c29bb25db74ec747ccaa98462ed55dafbc87f959656d4ed958f,0x00d9fe085d99b33ab2aae8063180c63e23bf2e69,0x75884f3ada15c953529abaac6549d5204135ec36,2026-08-05T06:09:11,repeated_internal_token_drain;dense_internal_fund_flow;complex_trace;high_gas_used_context;token_activity_burst;repeated_risky_internal_calls,0xa9059cbb,true
25684446,0x854e1bbd9f51d804eed35a7da0810abe7e718fbe9830cfc3c58b23f812e085a4,0xd6434d157f254276d69ede3bd9fc805482206908,0x7ec8a30a34b86927dc77b302603d1d53e640bef7,2026-08-05T06:09:11,repeated_internal_token_drain;dense_internal_fund_flow;complex_trace;high_gas_used_context;token_activity_burst;repeated_risky_internal_calls,0xa9059cbb,true
25684447,0x0bd2df2cc4ac72792f715a179c29af3dd61ac1ed18a25461c0702c55913acbb2,0xd076c5a6c7cd4e1bb69177ac5892aefb0abb1f7d,0x1399bb39c241f3b0755a8584205a2f99bdb15bf7,2026-08-05T06:09:21,dense_internal_fund_flow;complex_trace,0x60642803,true
25684447,0x26833e01172436dcb6f492986b4dcd513e1c32a2c94cc981c5c8eee7a05c50ab,0x1584a8ee67789d1fe161065388657ad2f2a3c7dd,0x77eb52e44db06777bce478159f25c0d55a295314,2026-08-05T06:09:21,repeated_internal_token_drain;dense_internal_fund_flow;complex_trace;token_activity_burst;repeated_risky_internal_calls,0xa9059cbb,true
25684447,0x550b4e1bc3d5afbcfe54e0d0a9730d96106b528846848e7cbdc4e72bc93c3c62,0xe7e4badb106fffb318c40a4d3740ac7b41af0045,0x07964f135f276412b3182a3b2407b8dd45000000,2026-08-05T06:09:21,dense_internal_fund_flow;complex_trace,0xd808d889,true
25684448,0xc1275d8fc96f660d8cd05a5d714e9e13203c902947ee12df997a18e2489d2548,0x832bc12fd9889cd08f30e091f94af4688061865a,0xad213ae0b710c7bc6c915984d91bad008b2d3221,2026-08-05T06:09:29,dense_internal_fund_flow;complex_trace,0x37afc55c,true
25684448,0x00027be71fa68614f5a0af76da001b17f29b8b3badb3f755ca1ce318d0bcf8f9,0x7830c87c02e56aff27fa8ab1241711331fa86f43,0xa9d1e08c7793af67e9d92fe308d5697fb81d3e43,2026-08-05T06:09:31,large_erc20_asset_flow,0xca350aa6,true
25684448,0x9477cae39d915dd3ac0f92c8eceddcb21f8bb0c2117a91f106958cbf57d78c04,0x80d04079ffc53eb14edbeeb37279d126f45552df,0x7b49f9031acd1ac7fb4a307be70a94ba7984634d,2026-08-05T06:09:31,repeated_internal_token_drain;dense_internal_fund_flow;complex_trace;token_activity_burst;repeated_risky_internal_calls,0x8aaa8f3b,true
25684448,0xe65a6724759527187f58b43257cfc3fdac639eeee541ba178f6e4d5a7d8bdadb,0xa154b98e53fc35e1bad1ff758acbc8c629bdcd2b,0x19917386eeae67b6ff7ddf07de4019fca40aa4ec,2026-08-05T06:09:31,repeated_internal_token_drain;dense_internal_fund_flow;very_complex_trace;high_gas_used_context;token_activity_burst;repeated_risky_internal_calls,0xa9059cbb,true
25684449,0x161511362ad9b4f2575324ac53f55d95edb6c241b233fded94c83b7b9c72d5c3,0xbeeba31f8ca3349c3ed24a5146e6b20d233ad540,0xbeef02961503351625926ea9a11ae13b29f5c555,2026-08-05T06:09:46,dense_internal_fund_flow;complex_trace,0x64f5e9e7,true
25684449,0x9e265aa85b05ad4b63eb706434c8dc359d9883d2dfb7c96fbd08ae4b5a523e27,0x67e10b7764a99165665557b3e6cf24555bfc88c3,0x8b71140ad2e5d1e7018d2a7f8a288bd3cd38916f,2026-08-05T06:09:46,dense_internal_fund_flow;complex_trace,0x3816f29d,true
25684449,0xf8fdc079876cc8994389b6e75d23b47df095cdb409569cf6fc3d725c08256a08,0x2a9cd0627ff9fa85a0ba5ba11c76f97a4a77001c,0x008ebccae39d001200c3003c3225ce0a00690066,2026-08-05T06:09:46,privileged_execution_context,0x7e734c5a,false
25684449,0xfc987eceeec39f7326f7606ddf0ca298487135cde8e9dbf4010216c2762818c9,0x80d04079ffc53eb14edbeeb37279d126f45552df,0x7b49f9031acd1ac7fb4a307be70a94ba7984634d,2026-08-05T06:09:46,repeated_internal_token_drain;dense_internal_fund_flow;complex_trace;token_activity_burst;repeated_risky_internal_calls,0x8aaa8f3b,true
25684449,0x01240df42cc44307739b455ca95d72a010fde5123785ea304ddedef180f64b30,0x00d9fe085d99b33ab2aae8063180c63e23bf2e69,0x75884f3ada15c953529abaac6549d5204135ec36,2026-08-05T06:09:48,repeated_internal_token_drain;dense_internal_fund_flow;complex_trace;high_gas_used_context;token_activity_burst;repeated_risky_internal_calls,0xa9059cbb,true
25684449,0x6adb9f4ef631c21481360fae47ef39f2cffb251f2adf50be9fe9ae53cdf1bc9c,0xd6434d157f254276d69ede3bd9fc805482206908,0x7ec8a30a34b86927dc77b302603d1d53e640bef7,2026-08-05T06:09:48,repeated_internal_token_drain;dense_internal_fund_flow;complex_trace;high_gas_used_context;token_activity_burst;repeated_risky_internal_calls,0xa9059cbb,true
25684449,0x776ffa69ed7cfd06805866b936f1ad9b964e53827932e7153b561e370c64e655,0x5735cdb7e4ac167cd2e14d8568f261387b4b1c44,0xb300000b72deaeb607a12d5f54773d1c19c7028d,2026-08-05T06:09:48,complex_trace;high_gas_used_context,0x810c705b,false
25684449,0xa3fbe732566995df8497a56f65830d0637b4eda65b833cbc2eacb3af3ffe45a6,0x5b43453fce04b92e190f391a83136bfbecedefd1,0xbdb3ba9ffe392549e1f8658dd2630c141fdf47b6,2026-08-05T06:09:48,complex_trace;high_gas_used_context;token_activity_burst,0x000000c3,false
25684449,0xa94116c2e76d3a6765ffcd07df425ec073a53549f0642984df3b957ceb028927,0x09cfee647fa339133380191c8db6b44f24500c9d,0x77b85afbcd336993ac1c65057531c5a5b33b76b8,2026-08-05T06:09:48,high_gas_used_context;token_activity_burst,0xa9059cbb,false
25684449,0xb79f22055a2ee6f34c610b6da367c7889502223496fee3749a3ddc722ab086f4,0xce54f65abb8b61b83c14cbe97de97fce75bbf556,0x0000000071727de22e5e9d8baf0edac6f37da032,2026-08-05T06:09:48,dense_internal_fund_flow;complex_trace,0x765e827f,true
25684449,0xc7b5445753235c35dd5354d81fdea26a66e808c55c533b22abae06bcd97f092d,0xb4c5355f35e0fc4a3dafc55f64319416e154fb11,0xf993aef0fe2018d01ec10cbdffeb1836de9c196e,2026-08-05T06:09:48,complex_trace;high_gas_used_context;token_activity_burst,0x11d37e13,true
25684449,0xd85732e473602ca6f19aaa2581838ae5c9fbafbdac26892912aa553ffcc2d5fd,0x8b5606469e21c75edd7c74d1c7a65824675d9aff,0x9ccc2f3ecde026230e11a5c8799ac7524f2bb294,2026-08-05T06:09:48,dense_internal_fund_flow;complex_trace,0x1bc74526,true
25684450,0x15cca7307f80d9c75ad154493d94da6cb6297596cfe12cfa45506333eb25c20a,0xf279dfcdd57e1571c95e2c5b7e2ee453cbcdf77f,0x0000000071727de22e5e9d8baf0edac6f37da032,2026-08-05T06:09:59,dense_internal_fund_flow;complex_trace,0x765e827f,true
25684450,0x70ed15f97e4dbd774f009d4ae381007d552dcadbff17e138c1001c07f048553c,0xc05eb557bd844800f483244c174e4061908b5fdd,0x28b1dc1a5e3699a428bc51d234dfab7c9cb2a183,2026-08-05T06:09:59,complex_trace;token_activity_burst,0x0c307f76,false
25684450,0x981ca1494b1218cfcc3f0fd14562ae1fb878893acadae67fa0a433ac7d21a296,0x771b20098a9136964498c0c8e66f3037cdc3cc29,0xf4e147db314947fc1275a8cbb6cde48c510cd8cf,2026-08-05T06:10:00,privileged_execution_context,0x760d0f9d,false
25684450,0xa18e0422cb935568404543b885fb033ed36e6257090159fe1e36379d10c36800,0x67e10b7764a99165665557b3e6cf24555bfc88c3,0x8b71140ad2e5d1e7018d2a7f8a288bd3cd38916f,2026-08-05T06:10:00,dense_internal_fund_flow;complex_trace,0x3816f29d,true
25684450,0xc46d3faf449459b4e34382f0a52f3d4d66a4119258a30feeb24158b9506a5205,0xb945d6fee736646a9dafe5a55d5b39052b45dfe1,0x28b1dc1a5e3699a428bc51d234dfab7c9cb2a183,2026-08-05T06:10:00,large_erc20_asset_flow;complex_trace,0x0c307f76,true
25684451,0x1788e6652b2014ce9236842c4de0a8f00c1f8d8094c6209c6c7defcbb9eb1a73,0x9123b39058c5bcd00d4b0b9142fe9f527ddb562f,0x093272c07700d3ca5301c3bf9b3a392624179e2f,2026-08-05T06:10:11,large_erc20_asset_flow,0xac9650d8,true
25684451,0xd80ce9adf99db7eb5844c606920f6359acd82a86ac018258ed3d67b11192164a,0x67e10b7764a99165665557b3e6cf24555bfc88c3,0x8b71140ad2e5d1e7018d2a7f8a288bd3cd38916f,2026-08-05T06:10:11,dense_internal_fund_flow;complex_trace,0x3816f29d,true
25684451,0x19a06135226ff75eba4b457d6e1d66c88280b9068eb5a34cb1ff73af10426946,0x4337003fcd2f56de3977ccb806383e9161628d0e,0x5ff137d4b0fdcd49dca30c7cf57e578a026d2789,2026-08-05T06:10:12,large_erc20_asset_flow;privileged_execution_context;complex_trace,0x1fad948c,true
25684451,0x75acfe8ba3075e3c809a90317e975c78a7530b46c5feb06a943199d473c57674,0x7b49bc3ebbdf7322f31c6449320382bbec3be1b6,0xad3b67bca8935cb510c8d18bd45f0b94f54a968f,2026-08-05T06:10:12,large_erc20_asset_flow;complex_trace;high_gas_used_context,0x146ee74d,true
25684451,0x58e2faaa6fe3a0ddc48af5ba295742e6a0d57209d7a8f294f46ffa3346635e9c,0xd6434d157f254276d69ede3bd9fc805482206908,0x7ec8a30a34b86927dc77b302603d1d53e640bef7,2026-08-05T06:10:13,repeated_internal_token_drain;dense_internal_fund_flow;very_complex_trace;high_gas_used_context;token_activity_burst;repeated_risky_internal_calls,0xa9059cbb,true
25684451,0x8acbbdacbee8c1a4b631a9dd9d0ad216a1c0ac1707d35b801aa1a6c478cf8879,0x00d9fe085d99b33ab2aae8063180c63e23bf2e69,0x75884f3ada15c953529abaac6549d5204135ec36,2026-08-05T06:10:13,repeated_internal_token_drain;dense_internal_fund_flow;complex_trace;high_gas_used_context;token_activity_burst;repeated_risky_internal_calls,0xa9059cbb,true
25684451,0xb64ed9d62c6d247267c5dd3fe26dd63430eb97eb26630f75e905b1c6afd078ae,0xa154b98e53fc35e1bad1ff758acbc8c629bdcd2b,0x19917386eeae67b6ff7ddf07de4019fca40aa4ec,2026-08-05T06:10:13,repeated_internal_token_drain;dense_internal_fund_flow;complex_trace;high_gas_used_context;token_activity_burst;repeated_risky_internal_calls,0xa9059cbb,true
25684452,0x70573171faf1b89cd6d878b5bd1cd1b3db3c2106a6ec2878d88b652391854c76,0xac836b11240e35c116d2268fd1a93a9344dc3978,0x8f5835e9d756c9bd934bce527157a4b0ef3c5cb7,2026-08-05T06:10:23,dense_internal_fund_flow;large_erc20_asset_flow,0x4a7cf362,true
25684452,0x1a25e1e4866e458c05ad9576d8f3e7abc1759d9a0fbec54bbc337af24f1825dc,0xc0ffee077edd3997c2a65ef68c71a5bc6400051a,0xb1f4c171b2c393176dd6070e02f65388398eacf3,2026-08-05T06:10:26,large_erc20_asset_flow;complex_trace;token_activity_burst,0x000007d3,true
25684452,0xa10098ae27be6b55802f00ab4c09718e3ec0491fdb6e45bf9cb642ac80f7c5f6,0xde7a849216aa3884d53d84ecb02c19eb67e5dae2,0x7d9f4ca54131e588fc1fe577973b55fb11231e76,2026-08-05T06:10:26,repeated_internal_token_drain;dense_internal_fund_flow;complex_trace;high_gas_used_context;token_activity_burst;repeated_risky_internal_calls,0x6aac3a0b,true
25684452,0xc61223c01a183c4849d53a42d92ff2b9a42af56e254fea31f43858cd8f69ddb8,0x67e10b7764a99165665557b3e6cf24555bfc88c3,0x8b71140ad2e5d1e7018d2a7f8a288bd3cd38916f,2026-08-05T06:10:26,dense_internal_fund_flow;complex_trace,0x3816f29d,true
25684452,0xec1066bbe527dbc5a1e04e26f52e7adf9159f0eaa24bc963246143a4ebfa09ca,0x36b81e076c843af86a7f92d1887b83869c866335,0xacddac6c77318b615f7f6fb9bb67c6833e9c05f1,2026-08-05T06:10:26,large_erc20_asset_flow;complex_trace,0x571d3dc7,true
25684452,0xf7a32d28fd509cbaef1a69ca901f1738240c6ac1717ccb1907220dbfedd51f12,0xd6434d157f254276d69ede3bd9fc805482206908,0x7ec8a30a34b86927dc77b302603d1d53e640bef7,2026-08-05T06:10:26,repeated_internal_token_drain;dense_internal_fund_flow;very_complex_trace;high_gas_used_context;token_activity_burst;repeated_risky_internal_calls,0xa9059cbb,true
25684453,0x7f7e7552c34e2228d64ee6aeabb40b15b2cad5ef9f9145494fac3d6065dc87f9,0x67e10b7764a99165665557b3e6cf24555bfc88c3,0x8b71140ad2e5d1e7018d2a7f8a288bd3cd38916f,2026-08-05T06:10:35,dense_internal_fund_flow;complex_trace,0x3816f29d,true
25684453,0x2d2d93dac77077d5db13b910fccb4e9af80123dcbed12748837f31960cd6ffd5,0x00d9fe085d99b33ab2aae8063180c63e23bf2e69,0x75884f3ada15c953529abaac6549d5204135ec36,2026-08-05T06:10:37,repeated_internal_token_drain;dense_internal_fund_flow;complex_trace;high_gas_used_context;token_activity_burst;repeated_risky_internal_calls,0xa9059cbb,true
25684453,0xefcae122f47f3737e3f77a7b901c512a3564c038a8e71891c99b0bcfd44b5209,0xd6434d157f254276d69ede3bd9fc805482206908,0x7ec8a30a34b86927dc77b302603d1d53e640bef7,2026-08-05T06:10:37,repeated_internal_token_drain;dense_internal_fund_flow;very_complex_trace;high_gas_used_context;token_activity_burst;repeated_risky_internal_calls,0xa9059cbb,true
25684453,0x23898877f2037e116d454b2e87a8ee7b222443482561881f9319c0b4d2e88900,0x09cfee647fa339133380191c8db6b44f24500c9d,0x77b85afbcd336993ac1c65057531c5a5b33b76b8,2026-08-05T06:10:38,high_gas_used_context;token_activity_burst,0xa9059cbb,false
25684455,0xef0290f1db620f1a4c8ef5ba3f7a7fe4817da38b39fe3b475d7d809db6894685,0xf86b347ce75e1d230f0522444201ed7f9c9df1fa,0x0000000000000068f116a894984e2db1123eb395,2026-08-05T06:10:59,complex_trace;high_gas_used_context;token_activity_burst,0x87201b41,true
25684455,0x724eedd6a318feae5028d27e357e16d0edbdedd965bfd34fd514c23c1def6871,0xd6434d157f254276d69ede3bd9fc805482206908,0x7ec8a30a34b86927dc77b302603d1d53e640bef7,2026-08-05T06:11:00,repeated_internal_token_drain;dense_internal_fund_flow;very_complex_trace;high_gas_used_context;token_activity_burst;repeated_risky_internal_calls,0xa9059cbb,true
25684455,0xa6a9e5088524049ed06d231e9ce4296761e636cb0c8c075f77891cef89837cf3,0x00d9fe085d99b33ab2aae8063180c63e23bf2e69,0x75884f3ada15c953529abaac6549d5204135ec36,2026-08-05T06:11:00,repeated_internal_token_drain;dense_internal_fund_flow;complex_trace;high_gas_used_context;token_activity_burst;repeated_risky_internal_calls,0xa9059cbb,true
25684455,0xaca53b2174b608ff19d952a63635b0464aa95085fddec35e4610efa64fff46e1,0x50bf934781f63028c5c8ef49c4affe19a86d99b6,0x8d04cc7e86e687854eb41d9d43512b655b93184b,2026-08-05T06:11:00,selfdestruct_context,0xb5291b32,false
25684455,0xef7561d8561f08c3af5a8f97082597de56b48f60bb01d8544fce7d9fd27a351c,0x67e10b7764a99165665557b3e6cf24555bfc88c3,0x8b71140ad2e5d1e7018d2a7f8a288bd3cd38916f,2026-08-05T06:11:00,dense_internal_fund_flow;complex_trace,0x3816f29d,true
25684455,0x3b768dc19e02d7b5fa47dd74fb63d7a056c192dca40ecffa2876e6c3c6770368,0x09cfee647fa339133380191c8db6b44f24500c9d,0x96b481c22ee3d6c3667f8c7f60c9e00212799f50,2026-08-05T06:11:01,high_gas_used_context;token_activity_burst,0xa9059cbb,false
25684455,0x3b857d4de89e190175ef79e35bd1d676057c54b602775ce20d9290572452df35,0x80d04079ffc53eb14edbeeb37279d126f45552df,0x7b49f9031acd1ac7fb4a307be70a94ba7984634d,2026-08-05T06:11:01,repeated_internal_token_drain;dense_internal_fund_flow;complex_trace;token_activity_burst;repeated_risky_internal_calls,0x8aaa8f3b,true
25684455,0x659a19a74c640c9d95647b14efcdd144f1adef088f6d394c2025a44ec9e5edcf,0x5c096ef846447cb935c5d247e4ab2a867ecc33a9,0x00000f91109c4d0007e90000d9facad5298a0cac,2026-08-05T06:11:01,privileged_execution_context;complex_trace;high_gas_used_context,0x0053be41,false
25684456,0x04499c426adc245df3b7adc9acc757d29d88b21cce6a01411ef726f56f4fd71d,0xd6434d157f254276d69ede3bd9fc805482206908,0x7ec8a30a34b86927dc77b302603d1d53e640bef7,2026-08-05T06:11:08,repeated_internal_token_drain;dense_internal_fund_flow;complex_trace;high_gas_used_context;token_activity_burst;repeated_risky_internal_calls,0xa9059cbb,true
25684456,0x0e1fc032bca0ec0d01dd735b1653c42b44bbf5635f41d32a612c79055acca05d,0x50bf934781f63028c5c8ef49c4affe19a86d99b6,0x8d04cc7e86e687854eb41d9d43512b655b93184b,2026-08-05T06:11:08,selfdestruct_context,0xb5291b32,false
25684456,0x33fc13612b9910f597010f35f747997b3230694f3e32f1b764123652c584b003,0x3ee92cd00993a4488ae153ab41ac7947cbcbc1de,0x9205a569b0ff45df1e4f5ae48e21bc7f0656f0bb,2026-08-05T06:11:08,large_erc20_asset_flow;complex_trace,0x8b578ac6,true
25684456,0x38cf21d5d88ed7977a0aa36288e293802abb229eb349d5a2389c5409924d5e56,0x3ee92cd00993a4488ae153ab41ac7947cbcbc1de,0x9205a569b0ff45df1e4f5ae48e21bc7f0656f0bb,2026-08-05T06:11:08,large_erc20_asset_flow;complex_trace,0x8b578ac6,true
25684456,0x5266c0dae791a11736777486563e44e041ab6117041d1792a2ad423acfb71593,0xa154b98e53fc35e1bad1ff758acbc8c629bdcd2b,0x19917386eeae67b6ff7ddf07de4019fca40aa4ec,2026-08-05T06:11:08,repeated_internal_token_drain;dense_internal_fund_flow;complex_trace;high_gas_used_context;token_activity_burst;repeated_risky_internal_calls,0xa9059cbb,true
25684456,0xd88afd0b8405054ddf4b12b370fd3f5ea2b3205c6374262bb9f5700396278ba2,0x80d04079ffc53eb14edbeeb37279d126f45552df,0x7b49f9031acd1ac7fb4a307be70a94ba7984634d,2026-08-05T06:11:08,repeated_internal_token_drain;dense_internal_fund_flow;complex_trace;token_activity_burst;repeated_risky_internal_calls,0x8aaa8f3b,true
25684456,0xe1cf242840db7c78cee8fda1985ec7eed233e5a8999c8db6ed1db541d04aeea0,0x67e10b7764a99165665557b3e6cf24555bfc88c3,0x8b71140ad2e5d1e7018d2a7f8a288bd3cd38916f,2026-08-05T06:11:08,dense_internal_fund_flow;complex_trace,0x3816f29d,true
25684456,0xe8fa301f7aa3231654ae973983d32ee814a42218275e5403306bcf05c7284569,0x50bf934781f63028c5c8ef49c4affe19a86d99b6,0x8d04cc7e86e687854eb41d9d43512b655b93184b,2026-08-05T06:11:08,selfdestruct_context,0xb5291b32,false
25684456,0xf41649e1b604b6ccaa878a5ee61b87017d70b45ffe970088477e2a3726f3a7f9,0x67c9cc4af1bd9ec25d004d5c94d360009fab163c,0xa9d635ef85bc37eb9ff9d6165481ea230ed32392,2026-08-05T06:11:08,complex_trace;high_gas_used_context;token_activity_burst,0xe7c438c9,false
25684457,0x7f4522da22a6a9884af49846f1aec201b88563123079d08fee7fb71a670e92eb,0x76ac94a97089345b7012a3105bdf905d9b0fd535,0x52b335fd4d229c4b4ffa6190526e4b5fb8e3fb09,2026-08-05T06:11:23,dense_internal_fund_flow;complex_trace;high_gas_used_context,0x085c8c5e,true
25684457,0x8579a50951c02e4c200edada2ac72068b0ad0f14b9844dfdba68eef187dbcfcd,0x7830c87c02e56aff27fa8ab1241711331fa86f43,0xa9d1e08c7793af67e9d92fe308d5697fb81d3e43,2026-08-05T06:11:23,dense_internal_fund_flow,0x1a1da075,true
25684457,0x2132141976ba0c6f6d37c781fb5a277411954cc5a8c568563558d5d4de347492,0xfaf2e4087f1b7e9863adb05392522c1f1d12d4b4,0xca11bde05977b3631167028862be2a173976ca11,2026-08-05T06:11:24,complex_trace;high_gas_used_context,0x82ad56cb,false
25684457,0x09fd7170df7887853903723cb763dff9cce63c24754474ab46b4d48538f15d7e,0x67e10b7764a99165665557b3e6cf24555bfc88c3,0x8b71140ad2e5d1e7018d2a7f8a288bd3cd38916f,2026-08-05T06:11:25,dense_internal_fund_flow;complex_trace,0x3816f29d,true
25684457,0x470a1c79c83e770033b1aa1b71b87215394c00623ebe86563e5e721be60b611d,0x7556699aa8e6a7c9c69bcfaf9debd05f8192b063,0x84cab37995229530d9e6e5cff2f8f4ebe4517d66,2026-08-05T06:11:25,complex_trace;high_gas_used_context;token_activity_burst,0xe587456a,false
25684457,0x47a4a5c16dca76668938a5facee6d46078e6aad88a32f0f8a5a1f9faf70d0eab,0x00d9fe085d99b33ab2aae8063180c63e23bf2e69,0x75884f3ada15c953529abaac6549d5204135ec36,2026-08-05T06:11:25,repeated_internal_token_drain;dense_internal_fund_flow;complex_trace;high_gas_used_context;token_activity_burst;repeated_risky_internal_calls,0xa9059cbb,true
25684457,0xf64ef2c1063731fe9bc379b0b179c9162a488bc5f3aa928503a7e0e9fb78b0d9,0x5a4fc9dd7b390a0f9b2909a0c34ce55cedc42377,0x39b1b1adc629841fa33a4bb2741db28a9f282117,2026-08-05T06:11:25,dense_internal_fund_flow;high_gas_used_context;token_activity_burst,0x983bc41b,true
25684458,0x70536837a419c96b9176940a79bab00e725eeb2cf70c7a61be33b95ef7a33cf5,0xbad000006db10503589262b55d09bb7b3c5e1472,0xbbbbb048b1a85ca221058c45525095b6a68bbbbb,2026-08-05T06:11:30,repeated_internal_token_drain;dense_internal_fund_flow;complex_trace;high_gas_used_context;token_activity_burst;repeated_risky_internal_calls,0xa9059cbb,true
25684458,0x9e389d45c070dade6283164232ea3ec1945c1a38a3f6b3ea199600011aa62e5a,0x80d04079ffc53eb14edbeeb37279d126f45552df,0x7b49f9031acd1ac7fb4a307be70a94ba7984634d,2026-08-05T06:11:30,repeated_internal_token_drain;dense_internal_fund_flow;complex_trace;token_activity_burst;repeated_risky_internal_calls,0x8aaa8f3b,true
25684459,0x0ec568567eccac90edb8a12aafbb3b7147f748782827f616bc6f34209efaab60,0x54b0138f3bfc0d7c7dcd8614237466aec8b62b63,0x0439e60f02a8900a951603950d8d4527f400c3f1,2026-08-05T06:11:43,dense_internal_fund_flow;complex_trace,0x3ce33bff,true
25684459,0x2110c92bdb778fc9745b8be21c791ffc393eccec88a39a3f8da0dbed9951827f,0x00d9fe085d99b33ab2aae8063180c63e23bf2e69,0x75884f3ada15c953529abaac6549d5204135ec36,2026-08-05T06:11:43,repeated_internal_token_drain;dense_internal_fund_flow;complex_trace;high_gas_used_context;token_activity_burst;repeated_risky_internal_calls,0xa9059cbb,true
25684459,0x626fd52cdc695b19fa09d9ea515bfab349893d2d9ac90af0488bdb63e8f9a2e7,0xae2fc483527b8ef99eb5d9b44875f005ba1fae13,0x1f2f10d1c40777ae1da742455c65828ff36df387,2026-08-05T06:11:43,large_erc20_asset_flow;complex_trace,0x2bd0a0b8,true
25684459,0xe5ed51e33b913c36bd52d3bd3806008718fe92cc4ee239b33bda2c9a60cc6074,0xae2fc483527b8ef99eb5d9b44875f005ba1fae13,0x1f2f10d1c40777ae1da742455c65828ff36df387,2026-08-05T06:11:43,large_erc20_asset_flow;complex_trace,0x2bd0a37c,true
25684459,0x61cd3a57fa0021192ebe33851ea93ac6b1a5076c833bbf984161a4b1114ad356,0x1584a8ee67789d1fe161065388657ad2f2a3c7dd,0x77eb52e44db06777bce478159f25c0d55a295314,2026-08-05T06:11:44,repeated_internal_token_drain;dense_internal_fund_flow;complex_trace;token_activity_burst;repeated_risky_internal_calls,0xa9059cbb,true
25684459,0xdd7eff473d5d77816b3a4b7e89589d0cc0fe0ae5701c6647b241349f69388d4f,0xfb05502b9cd8e54ddaa866c88b1a3bc6d6364ff0,0xcb0151ac9479a6a0261622baa63ae843c9793d45,2026-08-05T06:11:44,large_erc20_asset_flow;complex_trace;approval_burst,0x64cd187f,true
25684460,0x3bc56e48c795edf2dc47fb2224f968e88eb4c09d3591d4ffff07eeafb7135320,0xbad000006db10503589262b55d09bb7b3c5e1472,0xbbbbb048b1a85ca221058c45525095b6a68bbbbb,2026-08-05T06:11:53,repeated_internal_token_drain;dense_internal_fund_flow;complex_trace;high_gas_used_context;token_activity_burst;repeated_risky_internal_calls,0xa9059cbb,true
25684461,0x0fe7d39f0391fd8f83eb8117efc9e735129253ecb88bf3b5b189ff9f6c55ede8,0x9851ab6cc8365d8e4dc025c5be581768b56b12ed,0x0de8bf93da2f7eecb3d9169422413a9bef4ef628,2026-08-05T06:12:06,dense_internal_fund_flow;large_mint_to_sender;very_complex_trace;high_gas_used_context;token_activity_burst,0xc2580804,true
25684462,0xd5d323fe7c2bbd9b92bee785e31ccb5ebcc84b196817192f3428830ce22f1d70,0x7830c87c02e56aff27fa8ab1241711331fa86f43,0xa9d1e08c7793af67e9d92fe308d5697fb81d3e43,2026-08-05T06:12:22,dense_internal_fund_flow,0x1a1da075,true
25684462,0x0913db7158a1db65de7e91ce69a9a8d4e899ed5c008a1f845a27145b74a9e2c2,0x21378e678a111691a60fa688c72d61439e124c8f,0xcb0151ac9479a6a0261622baa63ae843c9793d45,2026-08-05T06:12:23,dense_internal_fund_flow;complex_trace,0x64cd187f,true
25684462,0x16e251c96650da2b4facaed2b3033ca30101e95e958f6b4dc704d8f10342adc6,0x9cf6b2f4421d1dbf5c295b8955a423210ff5392b,0x008ebccae39d001200c3003c3225ce0a00690066,2026-08-05T06:12:23,privileged_execution_context,0x7e734c5a,false
25684462,0x5763a602f43530146e0282a778618fa944e28d224cd12f4076ac3dab9d69328c,0x091179e3c74e33545ce8cc07fa385827256cb84f,0x6141718f8a599f14f6ce7bbb0cd2366c191fb7de,2026-08-05T06:12:23,repeated_internal_token_drain;dense_internal_fund_flow;privileged_execution_context;very_complex_trace;high_gas_used_context;token_activity_burst;approval_burst,0x09c5eabe,true
25684462,0xcc36bea601483d7ba47b65c0b0fd39cb99971677152bbbaf498a4ca51b72d3e9,0x3f1759068563cc4d29c6748ee5b2fc5cc2c78603,0x0000000000001ff3684f28c67538d4d072c22734,2026-08-05T06:12:23,dense_internal_fund_flow;complex_trace,0x2213bc0b,true
25684462,0xe9171cb77323b7b69ff94a2ad267aaabf87e916863724bbb23dd06d567c58d3d,0xde7a849216aa3884d53d84ecb02c19eb67e5dae2,0x7d9f4ca54131e588fc1fe577973b55fb11231e76,2026-08-05T06:12:23,repeated_internal_token_drain;dense_internal_fund_flow;complex_trace;high_gas_used_context;token_activity_burst;repeated_risky_internal_calls,0x6aac3a0b,true
25684462,0x95a584997a564d56b9767c14ba56bed9d91a03999f0048b4f6800a16ed4a9cc8,0x00d9fe085d99b33ab2aae8063180c63e23bf2e69,0x75884f3ada15c953529abaac6549d5204135ec36,2026-08-05T06:12:24,repeated_internal_token_drain;dense_internal_fund_flow;complex_trace;high_gas_used_context;token_activity_burst;repeated_risky_internal_calls,0xa9059cbb,true
25684462,0xc27ef0f27225e144da24c08865d16c1e87e3f8b05d50d1c04194ea204fc47d7a,0xe91bcae4a2d7b951304695f93cf1b9a1837cfe43,0x7ec8a30a34b86927dc77b302603d1d53e640bef7,2026-08-05T06:12:24,repeated_internal_token_drain;dense_internal_fund_flow;complex_trace;high_gas_used_context;token_activity_burst;repeated_risky_internal_calls,0xa9059cbb,true
25684462,0xce43e8af4feac67b5d7de0c671aa0b54f0ef3956c56402b851d8d4d2e637fd55,0x2eb6ffcfc1591349a1983aad3e80d8fb3cec1df2,0x70e60fbfe09caaad444d6c489ef865bfaabbefc8,2026-08-05T06:12:24,privileged_execution_context;complex_trace;high_gas_used_context;token_activity_burst,0x01200000,false
25684462,0x89215de10d50b438d97dc6f0fe1efce8343150fb96442927d511f92e035f7858,0x2b3fed49557bd88f78b898684f82fbb355305dbb,0x09c30cdcdd971423cb3ba757a47d56c35d06d818,2026-08-05T06:12:25,dense_internal_fund_flow,0x318adb8b,true
25684462,0xe3775d07876f0ce0d6587f7d7a8f1b7dba6f305574a96b8bbef7fde5604638f2,0xd6434d157f254276d69ede3bd9fc805482206908,0x7ec8a30a34b86927dc77b302603d1d53e640bef7,2026-08-05T06:12:25,repeated_internal_token_drain;dense_internal_fund_flow;complex_trace;high_gas_used_context;token_activity_burst;repeated_risky_internal_calls,0xa9059cbb,true
25684463,0x68eb428d3958d4c9d5ae6f734875ece72141a9631f4fd0af438b2454857ad314,0xe20446cccbfd5f9038e747f1dea8016ecbd94ae5,0x442be06bb5d13711a22ccd3fa382b72a874c5135,2026-08-05T06:12:38,privileged_execution_context,0xf7b5c341,false
25684463,0x74e3baa44b5a38ec728e30d06bfa7d32c6ed0fce3632c582be6734431110838e,0xbad000006db10503589262b55d09bb7b3c5e1472,0xbbbbb048b1a85ca221058c45525095b6a68bbbbb,2026-08-05T06:12:38,repeated_internal_token_drain;dense_internal_fund_flow;complex_trace;high_gas_used_context;token_activity_burst;repeated_risky_internal_calls,0xa9059cbb,true
25684463,0x8a1e27dc2d3a47d372df18b083987bb75116b048b619f739d3876943bbfda7c8,0x5b43453fce04b92e190f391a83136bfbecedefd1,0xbdb3ba9ffe392549e1f8658dd2630c141fdf47b6,2026-08-05T06:12:38,complex_trace;high_gas_used_context;token_activity_burst,0x000000c3,false
25684463,0xdfa1b31f69af5b3f4fbab51cd6fac05130771f509584e060e7184056a78ab84a,0x1a9f2d2a11654282360683aee55a2acad681832d,0x00000688768803bbd44095770895ad27ad6b0d95,2026-08-05T06:12:38,large_erc20_asset_flow;complex_trace,0xf497df75,true
25684463,0x4c76992119d0827dd84bddd340b977f08c9d83afc98cdff58c549ebc0e14f39b,0x1226858e04b9d077258f153275613734421cd06b,0x33333333bd7045f1a601a1e289d7ab21036fb5ef,2026-08-05T06:12:39,large_erc20_asset_flow;complex_trace,0x6a761202,true
25684463,0x1b2d28f09ab0758059db8e8f9925de74d8a40d19f2bdba757e2d3ca2612e11b8,0x67e10b7764a99165665557b3e6cf24555bfc88c3,0x8b71140ad2e5d1e7018d2a7f8a288bd3cd38916f,2026-08-05T06:12:41,dense_internal_fund_flow;complex_trace,0x3816f29d,true
25684463,0x7d891add1416ff8285c0eb5bdac88725f898e91e423631ca32267320e8a01e38,0xbd48b8aa8782f22a7c7d058fe89fa71d7ccb83fa,0x4c82d1fbfe28c977cbb58d8c7ff8fcf9f70a2cca,2026-08-05T06:12:41,dense_internal_fund_flow,0x3593564c,true
25684463,0xd1f9ce8f026285ce67b8b969d3e4b9915e053bffe48dc83b73eb6baf2efd0ab6,0xf88e4e3db8ca35ebfd41076ec4bad483c9c4f805,0xfa86aa141e45da5183b42792d99dede3d26ec515,2026-08-05T06:12:41,complex_trace;high_gas_used_context;token_activity_burst;approval_burst,0x04117561,true
25684464,0x10dbc3d32a8608a3e1a42d2c0489d9a898da6e9082e8efb28246a59e83fc4030,0x754dcfb2861547015b221e963b4133a71dbdc024,0x3e07be15370d8b12d80a159a7ef14b9e51869497,2026-08-05T06:12:47,complex_trace;high_gas_used_context,0x21af54c6,false
25684464,0x6aed9018955a175a161d0681990671065201c5c42a0ef74348816813d265527b,0xd6434d157f254276d69ede3bd9fc805482206908,0x7ec8a30a34b86927dc77b302603d1d53e640bef7,2026-08-05T06:12:49,repeated_internal_token_drain;dense_internal_fund_flow;complex_trace;high_gas_used_context;token_activity_burst;repeated_risky_internal_calls,0xa9059cbb,true
25684464,0x98f25a133d2bb17b8cb9024c39cf8daf166f85b47277cac7a3bf6af34d1552cf,0x67e10b7764a99165665557b3e6cf24555bfc88c3,0x8b71140ad2e5d1e7018d2a7f8a288bd3cd38916f,2026-08-05T06:12:49,dense_internal_fund_flow;complex_trace,0x3816f29d,true
25684464,0x9a33373690086692c7ab085a93753a97b5fcbaff47016dabe77789ddaa92d2a6,0x00d9fe085d99b33ab2aae8063180c63e23bf2e69,0x75884f3ada15c953529abaac6549d5204135ec36,2026-08-05T06:12:49,repeated_internal_token_drain;dense_internal_fund_flow;complex_trace;high_gas_used_context;token_activity_burst;repeated_risky_internal_calls,0xa9059cbb,true
25684464,0xfeba3e2c7559e74a788a148bf739e952766beacb8c7b3c3cb76bf6917b8a8f08,0xe91bcae4a2d7b951304695f93cf1b9a1837cfe43,0x7ec8a30a34b86927dc77b302603d1d53e640bef7,2026-08-05T06:12:49,repeated_internal_token_drain;dense_internal_fund_flow;complex_trace;high_gas_used_context;token_activity_burst;repeated_risky_internal_calls,0xa9059cbb,true
25684465,0x2953d041d6cea56a8e4a44b40353ddad801c95e9f55cbd34b8abfe8112ae5cf3,0xc7f8278721c86ea7a5b5a08ce47359a1f6601c8d,0xd90e2f925da726b50c4ed8d0fb90ad053324f31b,2026-08-05T06:12:57,dense_internal_fund_flow;complex_trace,0xb438689f,true
25684465,0x21368c704548df6eaa6b50e0dcedc0b82b5d93041f6c3596c625d5a2926e65a2,0x000000000018a93b59a5e1e3115d28788ea61444,0x00000000000762339537bd0fd01e44f661bd8f67,2026-08-05T06:12:59,privileged_execution_context;complex_trace;high_gas_used_context;token_activity_burst;approval_burst,0x00000000,false
25684465,0x8a937b169661f7053d73c59f43862f51a3328c7404dc2d746249ac2f541dd0c8,0x80d04079ffc53eb14edbeeb37279d126f45552df,0x7b49f9031acd1ac7fb4a307be70a94ba7984634d,2026-08-05T06:12:59,repeated_internal_token_drain;dense_internal_fund_flow;complex_trace;token_activity_burst;repeated_risky_internal_calls,0x8aaa8f3b,true
25684466,0x332067033b5e26fe6ced84d1d124155d58c669570014ea0371f7600faa4c8016,0xfcda668f825ca1f973b1f241278239cfc4741b51,0xf4e147db314947fc1275a8cbb6cde48c510cd8cf,2026-08-05T06:13:10,privileged_execution_context,0x760d0f9d,false
25684466,0x38b3cbd281f904da50ca0aa4166129e7219e7dddca02945e066d028a934fabab,0xe99bd1c2dd70cd58e5efd47887991700e7318ce2,0xad3b67bca8935cb510c8d18bd45f0b94f54a968f,2026-08-05T06:13:10,complex_trace;high_gas_used_context;token_activity_burst;approval_burst,0x146ee74d,false
25684466,0x5982f43b39a74cd213063aad28cf20d8e64ca5c2879499456d6ed68619a7ef7a,0xe08d623d3fc063011449b5296c1f534d721c91b3,0x3d90f66b534dd8482b181e24655a9e8265316be9,2026-08-05T06:13:10,complex_trace;high_gas_used_context,0x47ee97ff,false
25684466,0x74840c39eb769ceb3327adc2c1a04ae46831358c481c7ac102f78fe299795717,0x00d9fe085d99b33ab2aae8063180c63e23bf2e69,0x75884f3ada15c953529abaac6549d5204135ec36,2026-08-05T06:13:10,repeated_internal_token_drain;dense_internal_fund_flow;complex_trace;high_gas_used_context;token_activity_burst;repeated_risky_internal_calls,0xa9059cbb,true
25684466,0xc833dbda19c14b15fc7fcc387ca67715ae6f66f78f912489dcf840e7ee5e6467,0xae2fc483527b8ef99eb5d9b44875f005ba1fae13,0x1f2f10d1c40777ae1da742455c65828ff36df387,2026-08-05T06:13:10,complex_trace;approval_burst,0x091d47e5,false
25684466,0xbe29f5e09635cc13429d9da813fd27a918ca67d3731018e67ef00c96ffa6dc61,0xa1fee4ec1c56ff67632719f9bb24fd63ed019ff6,0x28b1dc1a5e3699a428bc51d234dfab7c9cb2a183,2026-08-05T06:13:11,complex_trace;high_gas_used_context,0x0c307f76,false
25684467,0x53f22d088cf92fd2a11e05d1ef10d6a2b30cc01cb68c5ccc0dca31bd15490d61,0x67e10b7764a99165665557b3e6cf24555bfc88c3,0x8b71140ad2e5d1e7018d2a7f8a288bd3cd38916f,2026-08-05T06:13:21,dense_internal_fund_flow;complex_trace,0x3816f29d,true
25684467,0xdb62b9e3baabf927b7ad5b612b88d778a2b382cf95f3b5c81a384c73d8dadb6e,0x80d04079ffc53eb14edbeeb37279d126f45552df,0x7b49f9031acd1ac7fb4a307be70a94ba7984634d,2026-08-05T06:13:21,repeated_internal_token_drain;dense_internal_fund_flow;complex_trace;token_activity_burst;repeated_risky_internal_calls,0x8aaa8f3b,true
25684467,0xfe3c2645593cdc2e6c08a8728d13cf12d06feefeb3b73fa826f93455e8bf9ff8,0xa154b98e53fc35e1bad1ff758acbc8c629bdcd2b,0x19917386eeae67b6ff7ddf07de4019fca40aa4ec,2026-08-05T06:13:21,repeated_internal_token_drain;dense_internal_fund_flow;very_complex_trace;high_gas_used_context;token_activity_burst;repeated_risky_internal_calls,0xa9059cbb,true
25684467,0xbc67947dbcbeb9d5bc2bc8347d5bc2228d38a76d753f1c954389269ea5b1c4f3,0x7830c87c02e56aff27fa8ab1241711331fa86f43,0xa9d1e08c7793af67e9d92fe308d5697fb81d3e43,2026-08-05T06:13:22,large_erc20_asset_flow,0xca350aa6,true
25684467,0xc4eadc15eb9a33e4dd9411cbae7e2c49793f2e6c08c68321950237d62c56c7b6,0x17a9aa3f7945fb00c2eb16857baa4adb63da59db,0x0000000071727de22e5e9d8baf0edac6f37da032,2026-08-05T06:13:23,dense_internal_fund_flow;complex_trace,0x765e827f,true
25684468,0xae8d2b9d3c54406ef3293a934a51dfa4ea79e77185b3789c46cc544b340b5e75,0x4abe1139f0a67771e928977d649cd6d20b12993c,0x00b19a5200a100e5fc4c9800772f4d002f218400,2026-08-05T06:13:33,privileged_execution_context,0x7e734c5a,false
25684468,0x2ff537dd1b87a495692ba3e83bd27800b8198744f60a9227a4843b6e4f617274,0x67e10b7764a99165665557b3e6cf24555bfc88c3,0x8b71140ad2e5d1e7018d2a7f8a288bd3cd38916f,2026-08-05T06:13:34,dense_internal_fund_flow;complex_trace,0x3816f29d,true
25684468,0x71014dae7473d0ac75e7d2be6841d03195a95c0c99895ab487b8c130cdd2d34a,0xd6434d157f254276d69ede3bd9fc805482206908,0x7ec8a30a34b86927dc77b302603d1d53e640bef7,2026-08-05T06:13:34,repeated_internal_token_drain;dense_internal_fund_flow;complex_trace;high_gas_used_context;token_activity_burst;repeated_risky_internal_calls,0xa9059cbb,true
25684468,0x89db42182cac7fb7c37824ef1683a271d6132a46334415fbb1765c93336fc9f8,0x00d9fe085d99b33ab2aae8063180c63e23bf2e69,0x75884f3ada15c953529abaac6549d5204135ec36,2026-08-05T06:13:34,repeated_internal_token_drain;dense_internal_fund_flow;complex_trace;high_gas_used_context;token_activity_burst;repeated_risky_internal_calls,0xa9059cbb,true
25684469,0x686ba575f0f6984410ae4cc6303fadea2d233d3c12dcdc310592040b7ef585c1,0x67e10b7764a99165665557b3e6cf24555bfc88c3,0x8b71140ad2e5d1e7018d2a7f8a288bd3cd38916f,2026-08-05T06:13:49,dense_internal_fund_flow;complex_trace,0x3816f29d,true
25684469,0x914aa38d6a2a21135b3e49c28cf4cf784a4ae6f59bb2c538097698c9dd022ffb,0xada5bb90d0de0bd1b6f3938708f49295a8d1f7cb,0xccc88a9d1b4ed6b0eaba998850414b24f1c315be,2026-08-05T06:13:49,dense_internal_fund_flow;complex_trace;high_gas_used_context,0x0a2b8f36,true
25684469,0x9ef29b20d037aff24c27d6eec1a205c0ba3993a9166a9f59a2b141b9425f73fc,0xbad000006db10503589262b55d09bb7b3c5e1472,0xbbbbb048b1a85ca221058c45525095b6a68bbbbb,2026-08-05T06:13:49,repeated_internal_token_drain;dense_internal_fund_flow;complex_trace;high_gas_used_context;token_activity_burst;repeated_risky_internal_calls,0xa9059cbb,true
25684469,0xc2959c74a195db11ccc53b63459d055b64f823f02d3f2a493748a3c63568e7ca,0xe91bcae4a2d7b951304695f93cf1b9a1837cfe43,0x7ec8a30a34b86927dc77b302603d1d53e640bef7,2026-08-05T06:13:49,repeated_internal_token_drain;dense_internal_fund_flow;complex_trace;high_gas_used_context;token_activity_burst;repeated_risky_internal_calls,0xa9059cbb,true
25684469,0xe20b1f760a4b268adae439bdbea7e8a3daeff7ce24e15be39ad2f51c1a0ddcde,0x27c2a1733f14e1247c5feb1c37cd52ae7d0d2bf2,0x140022b7000081000001094700609300d2187dab,2026-08-05T06:13:49,complex_trace;high_gas_used_context;token_activity_burst,0xd65a98fc,false
25684470,0x30f6a3c8dd9180350abca44d428799aef01d4865563760d5a3dc4520b1fd05a1,0x5d98f54d829708eeb2aa555badb96bcb5400def1,0x04ce218ead72401702dd5f3e56cedb7d2d477777,2026-08-05T06:13:52,cyclic_dex_swap_profit;complex_trace,0x295f0582,true
25684470,0x44466ba3dd6d0502ac5a85160e2fdbe27dd00e91edcb96bf4716914ccac37e57,0x00d9fe085d99b33ab2aae8063180c63e23bf2e69,0x75884f3ada15c953529abaac6549d5204135ec36,2026-08-05T06:13:53,repeated_internal_token_drain;dense_internal_fund_flow;very_complex_trace;high_gas_used_context;token_activity_burst;repeated_risky_internal_calls,0xa9059cbb,true
25684470,0xc99e16618499f400be172943ebaac18d14862bcd67df3ad781fac32e67bf2a45,0x67e10b7764a99165665557b3e6cf24555bfc88c3,0x8b71140ad2e5d1e7018d2a7f8a288bd3cd38916f,2026-08-05T06:13:53,dense_internal_fund_flow;complex_trace,0x3816f29d,true
25684470,0x01ea17f27e62b064f12e49b15f31574a1277e6d24b0c0e73d319f6ffd2e17ada,0x9235910f410478b89f86e06be0e4535335af6dea,0x00000f91109c4d0007e90000d9facad5298a0cac,2026-08-05T06:13:55,very_complex_trace;high_gas_used_context;token_activity_burst,0x0053be41,false
25684470,0x159817719e6f129df941473d69446be634767e963b2c6605a57ece35d2e46389,0xf88e4e3db8ca35ebfd41076ec4bad483c9c4f805,0xfa86aa141e45da5183b42792d99dede3d26ec515,2026-08-05T06:13:56,complex_trace;high_gas_used_context;approval_burst,0x04117561,false
25684471,0xa7336ae9d69ce21e5785b54dcc3a95ad51615cdfefb6ef46e548237875dc7d68,0x2d0b4ba5418c894853da98bb9ce21c03f632e77f,0x111111125421ca6dc452d289314280a0f8842a65,2026-08-05T06:14:05,complex_trace;high_gas_used_context;token_activity_burst,0x07ed2379,true
25684471,0x060e9b60b4c224aa50ead908b3a53db634a471d5293d7321f68a9dfe4e75e3e0,0xa154b98e53fc35e1bad1ff758acbc8c629bdcd2b,0x19917386eeae67b6ff7ddf07de4019fca40aa4ec,2026-08-05T06:14:07,repeated_internal_token_drain;dense_internal_fund_flow;complex_trace;high_gas_used_context;token_activity_burst;repeated_risky_internal_calls,0xa9059cbb,true
25684471,0x0d6c8829386bbb281f88468f75315e0b2f7b57734be7052e22c0350a975b7222,0x617ccb6d070f08953c2fc481fb19674162e672f1,0x91ff8bbd8ebb07893010d50a48a1609e5ebd8e34,2026-08-05T06:14:07,complex_trace;high_gas_used_context,0x069d1525,false
25684471,0x3a62b55afd27467a5d25ac90750ce29f71d3a4a3b3b1f0ef5f4f8422887db28a,0xb6febe62e8e2cefb16b92ef2a18ac9dfe1ffe74c,0x28b1dc1a5e3699a428bc51d234dfab7c9cb2a183,2026-08-05T06:14:07,complex_trace;high_gas_used_context,0x0c307f76,true
25684471,0xd49ad252641b6c79889a19ddf385593b1d475faa2373b5822f2b928657f6f010,0x287b67ebd97be0b1a94135aef6d41f220138f9fc,,2026-08-05T06:14:07,large_mint_to_sender;privileged_execution_context;high_gas_used_context;contract_creation_context,0x60806040,true
25684472,0x98a8b0d9ade38f681edf2f1fe8bd124c31e4b827fa4b3a14f3abfae2742dede8,0x50bf934781f63028c5c8ef49c4affe19a86d99b6,0x8d04cc7e86e687854eb41d9d43512b655b93184b,2026-08-05T06:14:22,complex_trace;selfdestruct_context,0x4a1bf18a,false
25684472,0xb1cd6f29f92c10f7200ffb447d21365332fd5f1dca4280d6cd8df6394d4e9f92,0xb08b2c3099193bcf05f742ccb7f206635fe243b3,0x91ff8bbd8ebb07893010d50a48a1609e5ebd8e34,2026-08-05T06:14:22,complex_trace;high_gas_used_context,0x069d1525,false
25684472,0x2d0d97612d426f648e0801260449f08d2012fb606bb5fff36c606b93e78e93e5,0xe20446cccbfd5f9038e747f1dea8016ecbd94ae5,0x442be06bb5d13711a22ccd3fa382b72a874c5135,2026-08-05T06:14:23,privileged_execution_context,0xf7b5c341,false
25684472,0x98962de944c29556e8cab0d4d22815c9a0a9cf82fefe922dce5eb05c670079bf,0xde7a849216aa3884d53d84ecb02c19eb67e5dae2,0x7d9f4ca54131e588fc1fe577973b55fb11231e76,2026-08-05T06:14:23,repeated_internal_token_drain;dense_internal_fund_flow;complex_trace;high_gas_used_context;token_activity_burst;repeated_risky_internal_calls,0x6aac3a0b,true
25684472,0xcc73dceddb973b44043ed7bb98fca7510c602566094b42c25014449faeb211ac,0x00d9fe085d99b33ab2aae8063180c63e23bf2e69,0x75884f3ada15c953529abaac6549d5204135ec36,2026-08-05T06:14:24,repeated_internal_token_drain;dense_internal_fund_flow;complex_trace;high_gas_used_context;token_activity_burst;repeated_risky_internal_calls,0xa9059cbb,true
25684473,0x772da074f09146ff7773dd88269088d302b542bb4fa16bd3fbf75b0618bcfff6,0x48016a2ee65758ea0adf560ba35ac18c827610e5,0x91ff8bbd8ebb07893010d50a48a1609e5ebd8e34,2026-08-05T06:14:33,complex_trace;high_gas_used_context,0x069d1525,false
25684473,0x7879d5dbcbc87607c91b170809e7dd024f9350b5507b17ee68bb7fc7c099ef35,0xd13674ef90c4ef8da43f3fe90aba61a2aa43c1f6,0x91ff8bbd8ebb07893010d50a48a1609e5ebd8e34,2026-08-05T06:14:33,complex_trace;high_gas_used_context,0x069d1525,false
25684473,0x14f98f01286e5fd55023d37636ece69c5d1e733cdb97d9bfbb383deac16abc61,0x67e10b7764a99165665557b3e6cf24555bfc88c3,0x8b71140ad2e5d1e7018d2a7f8a288bd3cd38916f,2026-08-05T06:14:34,dense_internal_fund_flow;complex_trace,0x3816f29d,true
25684473,0x882794bf9326b7a6f554ce5465c38e2421aa0367fdd2d09ed19c4b01f21330a1,0xde5ce22a56ed76bf7054121500b23a718399feb7,0x43de2d77bf8027e25dbd179b491e8d64f38398aa,2026-08-05T06:14:34,dense_internal_fund_flow;complex_trace,0xc280c905,true
25684474,0xd69ac34f5c60eda5e153c1f04ab384b73dcb43bf26df2143117ae6cd608ad378,0x50bf934781f63028c5c8ef49c4affe19a86d99b6,0x8d04cc7e86e687854eb41d9d43512b655b93184b,2026-08-05T06:14:44,selfdestruct_context,0xb5291b32,false
25684474,0xe5aaa5db7d44564738d74d6cc2b8aad1be507e00990480200d525c638dccc1fd,0x00d9fe085d99b33ab2aae8063180c63e23bf2e69,0x75884f3ada15c953529abaac6549d5204135ec36,2026-08-05T06:14:44,repeated_internal_token_drain;dense_internal_fund_flow;very_complex_trace;high_gas_used_context;token_activity_burst;repeated_risky_internal_calls,0xa9059cbb,true
25684474,0x898ca164b7c608d49abb62818aace0bfcf4db7a5aa4410146758f155bea50dd0,0xd6434d157f254276d69ede3bd9fc805482206908,0x7ec8a30a34b86927dc77b302603d1d53e640bef7,2026-08-05T06:14:45,repeated_internal_token_drain;dense_internal_fund_flow;complex_trace;high_gas_used_context;token_activity_burst;repeated_risky_internal_calls,0xa9059cbb,true
25684474,0x1c4542b7cfedf26edfa02c0ca783a66a796cdbe3be105fb58c22ea85728fd0ef,0x09cfee647fa339133380191c8db6b44f24500c9d,0x77b85afbcd336993ac1c65057531c5a5b33b76b8,2026-08-05T06:14:48,high_gas_used_context;token_activity_burst,0xa9059cbb,false
25684474,0x70e4d98c65ed513a83d5ca27619117624eb5de2cfe9d8278088fb80be444d37f,0x27c2a1733f14e1247c5feb1c37cd52ae7d0d2bf2,0x140022b7000081000001094700609300d2187dab,2026-08-05T06:14:48,complex_trace;approval_burst,0xd0055d17,false
25684475,0x17f7042d78e225c52852fe0490b624af9d69c96d2937d734cfe4221938a79652,0xb334ce700e79e4c31a0af836b32768f272d3821e,0x881d40237659c251811cec9c364ef91dc08d300c,2026-08-05T06:14:57,dense_internal_fund_flow;complex_trace,0x5f575529,true
