block_num,tx_hash,from,to,detect_time,attack_signals,selector,has_asset_impact
26121800,0x371d8682e09c06736c8430f5ed91f2987fbe5f17adea3c59229ae7b464a6a310,0x8b5606469e21c75edd7c74d1c7a65824675d9aff,0x9ccc2f3ecde026230e11a5c8799ac7524f2bb294,2026-10-05T06:00:21,dense_internal_fund_flow;complex_trace,0x1bc74526,true
26121800,0x6b25d7495b6e4f410f166946633e52ef18c80cb269f06fa73e1901f81e4100af,0x80d04079ffc53eb14edbeeb37279d126f45552df,0x33bc08b5997d0f19fc68b8e95fec52880c2bd8a6,2026-10-05T06:00:21,complex_trace;token_activity_burst,0x8aaa8f3b,false
26121800,0xa8793b23c957a4f58da850ba0d8e77871fa6b5b81bfe112e84ce9482295045f4,0x4838b106fce9647bdf1e7877bf73ce8b0bad5f97,0xfeeeeee44046c3f61a8cc081e0918ef0de0a7ffc,2026-10-05T06:00:21,selfdestruct_context,0x6ac2ca8b,true
26121801,0x316fca0e91ee682106f7ba2a7c1b33c93be8744e3f42719ad29b106527c1f983,0x85a73f63309128d53928ee891e6e11e2b4695c20,0xf0ccfbf6dba1e01ccb833ced6d551a8f000e9721,2026-10-05T06:00:23,complex_trace;high_gas_used_context,0x087be49f,false
26121801,0x42b2fc20f7ef6f36291d6491cc033b8cbb7852014108665cb42ac1a6afa9fdaa,0x1584a8ee67789d1fe161065388657ad2f2a3c7dd,0x77eb52e44db06777bce478159f25c0d55a295314,2026-10-05T06:00:23,repeated_internal_token_drain;dense_internal_fund_flow;very_complex_trace;high_gas_used_context;token_activity_burst;repeated_risky_internal_calls,0xa9059cbb,true
26121801,0x506bca423f0a44a90b10f650e9b0174991feff45d438fc14e56f478f57164d2a,0x128a2f8f2ab84adbf7777de0542f8af7fede2529,0x8feab81d36e7576107d5de0758c1b839be31b4f6,2026-10-05T06:00:23,dense_internal_fund_flow;complex_trace;high_gas_used_context;token_activity_burst,0x0c307f76,true
26121801,0x56c2951c45465e3864ba60675858752743c81b4b598de31fc162c0cb69a04240,0x4337013ef5cd421cef649fc58c1b0defd37bbeb1,0x4337084d9e255ff0702461cf8895ce9e3b5ff108,2026-10-05T06:00:23,complex_trace;high_gas_used_context,0x765e827f,false
26121801,0x5bfc2305a945eb4526f40ec11edf76528f918bc81fb7fc5c7b7c576b482b276c,0x396343362be2a4da1ce0c1c210945346fb82aa49,0xfeeeeee44046c3f61a8cc081e0918ef0de0a7ffc,2026-10-05T06:00:24,selfdestruct_context,0x6ac2ca97,true
26121801,0x7a7f9a2dedf97e5d208115379ea1fea5a627570ee06f63ae040f785fc8fe3806,0x396343362be2a4da1ce0c1c210945346fb82aa49,0xfeeeeee44046c3f61a8cc081e0918ef0de0a7ffc,2026-10-05T06:00:24,selfdestruct_context,0x6ac2ca97,true
26121801,0xa1f2809ece84d6d2dabbd4db5ce26afe9a46c14bc081dcbaf772acec75bea145,0x396343362be2a4da1ce0c1c210945346fb82aa49,0xfeeeeee44046c3f61a8cc081e0918ef0de0a7ffc,2026-10-05T06:00:24,selfdestruct_context,0x6ac2ca97,true
26121801,0xf54191636e5b46b455c330f927c5893f9163b521096dba770a5acec2f9dfb4ca,0x148480fca16eb5fa22b182d9b88c9b42d887fc86,0x0efa48cdc22f6fb2bcbe355d4c8e7117d0f7a128,2026-10-05T06:00:24,repeated_internal_token_drain;dense_internal_fund_flow;complex_trace;high_gas_used_context;token_activity_burst;repeated_risky_internal_calls,0xa9059cbb,true
26121802,0x1a88bbeb655f81fb1fca7d58e52786f773f18c3c5d38b3b218c1008d81ab47f0,0x85a73f63309128d53928ee891e6e11e2b4695c20,0xf0ccfbf6dba1e01ccb833ced6d551a8f000e9721,2026-10-05T06:00:25,complex_trace;high_gas_used_context,0x087be49f,false
26121802,0x723c6ad86c5e211214ee4061be2de4a1e91b0d64a3ad69f7fa8d16fceef03d3d,0xe8d1c8d774c7af962a687fb97a69a413d81dd262,0x78ace9b2ee9a31737fad748015266a59f32dc79a,2026-10-05T06:00:25,dense_internal_fund_flow,0x9265bb9d,true
26121802,0x9efae0b4b42c0724f6e0820ee6b9dddef7c5d6920cbdf69e80d5db27d0763f55,0x7556699aa8e6a7c9c69bcfaf9debd05f8192b063,0x7f3d4b092559b17f2227699a1f39cd56a90ef749,2026-10-05T06:00:25,complex_trace;high_gas_used_context;token_activity_burst,0xe587456a,false
26121802,0xac77d0996a674bd85a06e4ec326ff2a4162a315d7f752506b2a042e9dc603652,0x4838b106fce9647bdf1e7877bf73ce8b0bad5f97,0xfeeeeee44046c3f61a8cc081e0918ef0de0a7ffc,2026-10-05T06:00:25,selfdestruct_context,0x6ac2caa3,true
26121802,0xb7dd7ae02219bae74cc84a7dcfc73c5d42efcff7c551ed11e9f73708c20cb471,0x6640697e10522ebc30e77a3677e52e767a5cd25c,0x4ecc9754e80a5f97f54500a750296531219fbf81,2026-10-05T06:00:25,dense_internal_fund_flow;high_gas_used_context;token_activity_burst,0xa9059cbb,true
26121802,0xcfef3bb537a91036b5e2718c9130e6465f44848b0059ef6b48fb9a835054a6b1,0xd6434d157f254276d69ede3bd9fc805482206908,0x7ec8a30a34b86927dc77b302603d1d53e640bef7,2026-10-05T06:00:25,repeated_internal_token_drain;dense_internal_fund_flow;complex_trace;high_gas_used_context;token_activity_burst;repeated_risky_internal_calls,0xa9059cbb,true
26121802,0xebf062d86e270f76f60a3890759d74df021e11ad002bb5ac148902836744d204,0x4c187197452b300e890233a7c7230af485d796d7,0x4ecc9754e80a5f97f54500a750296531219fbf81,2026-10-05T06:00:25,dense_internal_fund_flow;high_gas_used_context;token_activity_burst,0xa9059cbb,true
26121803,0x1196b9b821de9c59ff736d28aa68c8dbd84283803690ae48c1bd75ab18111319,0x85a73f63309128d53928ee891e6e11e2b4695c20,0xf0ccfbf6dba1e01ccb833ced6d551a8f000e9721,2026-10-05T06:00:27,complex_trace;high_gas_used_context,0x087be49f,false
26121803,0x37d00e3deeee2e75f601b5ee2ff5262a7056320a1998864d2f9171c8d95a6f68,0x47c0a731008bcae586eaf43429e08ffb5a9e66d0,0x4ecc9754e80a5f97f54500a750296531219fbf81,2026-10-05T06:00:27,dense_internal_fund_flow;token_activity_burst,0xa9059cbb,true
26121803,0x679fc3a3dd2cc3e14ad5ee62db2318c7fc320e895c0dcd27d71d2b75290528f4,0x1584a8ee67789d1fe161065388657ad2f2a3c7dd,0x77eb52e44db06777bce478159f25c0d55a295314,2026-10-05T06:00:27,repeated_internal_token_drain;dense_internal_fund_flow;very_complex_trace;high_gas_used_context;token_activity_burst;repeated_risky_internal_calls,0xa9059cbb,true
26121803,0x86053958d149f01989b03b5636669ff10c9253a7e4170aa494599aaeeef67f88,0x80d04079ffc53eb14edbeeb37279d126f45552df,0x33bc08b5997d0f19fc68b8e95fec52880c2bd8a6,2026-10-05T06:00:27,repeated_internal_token_drain;dense_internal_fund_flow;complex_trace;high_gas_used_context;token_activity_burst;repeated_risky_internal_calls,0x8aaa8f3b,true
26121803,0x81e691465eac375feccd320eeb5f0a49985c23574102d22a65fe750d4adec2c0,0x396343362be2a4da1ce0c1c210945346fb82aa49,0xfeeeeee44046c3f61a8cc081e0918ef0de0a7ffc,2026-10-05T06:00:28,selfdestruct_context,0x6ac2caaf,true
26121803,0xa641c0676da6ad4ecc4e18638eb09970c636e0745baf691247e4bb9b5592e714,0x396343362be2a4da1ce0c1c210945346fb82aa49,0xfeeeeee44046c3f61a8cc081e0918ef0de0a7ffc,2026-10-05T06:00:28,selfdestruct_context,0x6ac2caaf,true
26121803,0xa9b0a45600bb56748385a51e31dfd99c6cb5ca8bedfed65952cef932cb025e16,0x396343362be2a4da1ce0c1c210945346fb82aa49,0xfeeeeee44046c3f61a8cc081e0918ef0de0a7ffc,2026-10-05T06:00:28,selfdestruct_context,0x6ac2caaf,true
26121805,0x0085ca127984939de4ae6c4ad94d70e8976c44ec9fa0fc60a2d0fafdae4314d8,0x80d04079ffc53eb14edbeeb37279d126f45552df,0x33bc08b5997d0f19fc68b8e95fec52880c2bd8a6,2026-10-05T06:01:32,repeated_internal_token_drain;dense_internal_fund_flow;complex_trace;high_gas_used_context;token_activity_burst;repeated_risky_internal_calls,0x8aaa8f3b,true
26121805,0x13f843b8daa6a652aa71e3d8abb5bcdb61017b5e66301b8b1382fa5720caf022,0x82d72d44008a70626650e604f49fe66e961d8000,0x69460570c93f9de5e2edbc3052bf10125f0ca22d,2026-10-05T06:01:32,dense_internal_fund_flow;complex_trace,0x14d08fca,true
26121805,0x2652d3c5664ab44dd48289feb6be026675efc9f348ad18027786a22977c69070,0x99a5b028d785a7bd475339b1f8548d6d659ce5c2,0x2d83ff1cb1c79c68fe530d35f439a92a645faded,2026-10-05T06:01:32,complex_trace;token_activity_burst,0x07ed2379,false
26121805,0x8ef02a202d8cd5dada18290de775978becd2927e3a7ec344770eb694ad22165f,0xd6434d157f254276d69ede3bd9fc805482206908,0x7ec8a30a34b86927dc77b302603d1d53e640bef7,2026-10-05T06:01:32,repeated_internal_token_drain;dense_internal_fund_flow;complex_trace;high_gas_used_context;token_activity_burst;repeated_risky_internal_calls,0xa9059cbb,true
26121805,0x8f9339a6085564df9098c87c2700b2fe7d17507bff5e9cd431b85cbd21ec80a1,0x5a4fc9dd7b390a0f9b2909a0c34ce55cedc42377,0xa4c865cb811f62ace1df8250a1249cdd2662014a,2026-10-05T06:01:32,dense_internal_fund_flow;high_gas_used_context;token_activity_burst,0x983bc41b,true
26121805,0x938b50301c2c4c955f83c3894be9aa7aa68c0ea30dddeb67d1b74c056aeac5ff,0x85a73f63309128d53928ee891e6e11e2b4695c20,0xf0ccfbf6dba1e01ccb833ced6d551a8f000e9721,2026-10-05T06:01:32,complex_trace;high_gas_used_context,0x087be49f,false
26121805,0xf82e62585c3ae2c13f95a3e686f95a835a021eee66b5b786c162ca8b93215e69,0x148480fca16eb5fa22b182d9b88c9b42d887fc86,0x0efa48cdc22f6fb2bcbe355d4c8e7117d0f7a128,2026-10-05T06:01:32,repeated_internal_token_drain;dense_internal_fund_flow;complex_trace;high_gas_used_context;token_activity_burst;repeated_risky_internal_calls,0xa9059cbb,true
26121805,0x6efee558c87ef3f505c9eae71620d3cd0a0952fb4809c81d708decaaed284bb1,0xeb73e55348ec9c1caf94c6dc519160af92769a39,0xf4e147db314947fc1275a8cbb6cde48c510cd8cf,2026-10-05T06:01:33,privileged_execution_context,0x760d0f9d,false
26121805,0x826b1efd806ac2ab632f98896a893c024174b702858ca9007b2cfc90e295b676,0x396343362be2a4da1ce0c1c210945346fb82aa49,0xfeeeeee44046c3f61a8cc081e0918ef0de0a7ffc,2026-10-05T06:01:33,selfdestruct_context,0x6ac2cac7,true
26121805,0xd43fd04b69edb67050542d0d0e204eb3c2ef254bb633024bead57234ba78e9c4,0x396343362be2a4da1ce0c1c210945346fb82aa49,0xfeeeeee44046c3f61a8cc081e0918ef0de0a7ffc,2026-10-05T06:01:33,selfdestruct_context,0x6ac2cac7,true
26121806,0xcaefa536572d3e4a01c8c2a36153d55c298840eee494b2f1045f24443e29393d,0x85a73f63309128d53928ee891e6e11e2b4695c20,0xf0ccfbf6dba1e01ccb833ced6d551a8f000e9721,2026-10-05T06:01:34,complex_trace;high_gas_used_context,0x087be49f,false
26121806,0xc683e1e7c11b04ebdeba037f8fd1586473a3fc164b39a36a11572185dbb5742b,0x4838b106fce9647bdf1e7877bf73ce8b0bad5f97,0xfeeeeee44046c3f61a8cc081e0918ef0de0a7ffc,2026-10-05T06:01:35,selfdestruct_context,0x6ac2cad3,true
26121807,0x017ddb98cd08c52dc705e3357eff08db5c760fb64591d4b1b3b16212ee6c6bd3,0x9621b6a2abedd4da0130e79ad62c2d04b36afd70,0xd90e2f925da726b50c4ed8d0fb90ad053324f31b,2026-10-05T06:02:38,dense_internal_fund_flow,0x13d98d13,true
26121807,0x039336fb213960e49318193d18ca18643a0a8d56d88ff36c3b3f461830750c46,0xbee771bdfd802a8a6e3c040902aec1be1a11b006,0xbee3211ab312a8d065c4fef0247448e17a8da000,2026-10-05T06:02:38,dense_internal_fund_flow;complex_trace,0x4cf3fe9c,true
26121807,0x3c2c82c9fc23418a34759dd1eb4973027eba3553a2182dec66714be55d5c4831,0x9621b6a2abedd4da0130e79ad62c2d04b36afd70,0xd90e2f925da726b50c4ed8d0fb90ad053324f31b,2026-10-05T06:02:38,dense_internal_fund_flow,0x13d98d13,true
26121807,0x4b5d1bd99f619649cc9943fc0ab4ac1ced03758ac903b4a2b6ec1475151cf91f,0x9621b6a2abedd4da0130e79ad62c2d04b36afd70,0xd90e2f925da726b50c4ed8d0fb90ad053324f31b,2026-10-05T06:02:38,dense_internal_fund_flow,0x13d98d13,true
26121807,0x4eac5c79e1bb7b76e97aaccd8beaa8805898a398dcb43d12111e95a0413c6b95,0x9621b6a2abedd4da0130e79ad62c2d04b36afd70,0xd90e2f925da726b50c4ed8d0fb90ad053324f31b,2026-10-05T06:02:38,dense_internal_fund_flow,0x13d98d13,true
26121807,0x80480094c9ab4dd1a4f8013e3af6fc39754603e93333d64d526f488d130cde76,0x4838b106fce9647bdf1e7877bf73ce8b0bad5f97,0xfeeeeee44046c3f61a8cc081e0918ef0de0a7ffc,2026-10-05T06:02:38,selfdestruct_context,0x6ac2cadf,true
26121807,0xa2390fbfa885ffe669216287b800e986daba46759734ac4c25617e3ef2b698d8,0x85a73f63309128d53928ee891e6e11e2b4695c20,0xf0ccfbf6dba1e01ccb833ced6d551a8f000e9721,2026-10-05T06:02:38,complex_trace;high_gas_used_context,0x087be49f,false
26121807,0xdb84c305170b010260b8b63834b4d4e55cb41bd85158b909b61a754f39e6480c,0x9621b6a2abedd4da0130e79ad62c2d04b36afd70,0xd90e2f925da726b50c4ed8d0fb90ad053324f31b,2026-10-05T06:02:38,dense_internal_fund_flow,0x13d98d13,true
26121807,0xee6430b01b05939fbf06816889812d3913f0ee98c2157e17ff1ac28cd586800b,0x9621b6a2abedd4da0130e79ad62c2d04b36afd70,0xd90e2f925da726b50c4ed8d0fb90ad053324f31b,2026-10-05T06:02:38,dense_internal_fund_flow,0x13d98d13,true
26121807,0xfd04447c6ec896481763d8551d013503ffc0d123efd0d22c68fc897e3f29822a,0x91355870a334ffc33e84503327773259e3030366,0x7e93093f58771780df74d72144efd618f514283d,2026-10-05T06:02:38,dense_internal_fund_flow;token_activity_burst,0xa9059cbb,true
26121808,0x106e75c3d2447e8216b2368a3cb50422ec10ca7b2a23f9a31960df8f4bf73a92,0x396343362be2a4da1ce0c1c210945346fb82aa49,0xfeeeeee44046c3f61a8cc081e0918ef0de0a7ffc,2026-10-05T06:02:39,selfdestruct_context,0x6ac2caeb,true
26121808,0x13916e800391391a3819a846ef694a2753cafe2247687b225602336ce21c93a1,0x312c458c8a54d8820b0483f3a5e1022d4f1f3d69,0x663dc15d3c1ac63ff12e45ab68fea3f0a883c251,2026-10-05T06:02:39,dense_internal_fund_flow;complex_trace;high_gas_used_context,0x4d8160ba,true
26121808,0x459aea9f625ef63f99006a340b1fd4988a73920322a7ac093332c4b9e80bb544,0x148480fca16eb5fa22b182d9b88c9b42d887fc86,0x0efa48cdc22f6fb2bcbe355d4c8e7117d0f7a128,2026-10-05T06:02:39,repeated_internal_token_drain;dense_internal_fund_flow;complex_trace;high_gas_used_context;token_activity_burst;repeated_risky_internal_calls,0xa9059cbb,true
26121808,0x61707b1afe6e3166d3d6cf31cd7086a4906637f46f940818c221f36dbfcbd1b3,0x80d04079ffc53eb14edbeeb37279d126f45552df,0x33bc08b5997d0f19fc68b8e95fec52880c2bd8a6,2026-10-05T06:02:39,repeated_internal_token_drain;dense_internal_fund_flow;complex_trace;token_activity_burst;repeated_risky_internal_calls,0x8aaa8f3b,true
26121808,0x8267de6a62a99f2666601867aa489e1f813bd69ebc2f8e9f6cda40ee35dd0508,0x85a73f63309128d53928ee891e6e11e2b4695c20,0xf0ccfbf6dba1e01ccb833ced6d551a8f000e9721,2026-10-05T06:02:39,complex_trace;high_gas_used_context,0x087be49f,false
26121808,0x9a7743b513f8db29e1a8b9a7626d3bf4e995e25f4446b16e756433c490959fbb,0x396343362be2a4da1ce0c1c210945346fb82aa49,0xfeeeeee44046c3f61a8cc081e0918ef0de0a7ffc,2026-10-05T06:02:39,selfdestruct_context,0x6ac2caeb,true
26121808,0xc18ede3d5ee317472a6f04dbd14b569a1557d7b2f37e46bc4508ec9ae69e2d1b,0xe99bd1c2dd70cd58e5efd47887991700e7318ce2,0xad3b67bca8935cb510c8d18bd45f0b94f54a968f,2026-10-05T06:02:39,complex_trace;high_gas_used_context,0x146ee74d,false
26121809,0x0c2b81f80d58e5fa5808e4a9924eda02e00b5cdf1e603af8f3df47fbc8deb4e2,0x85a73f63309128d53928ee891e6e11e2b4695c20,0xf0ccfbf6dba1e01ccb833ced6d551a8f000e9721,2026-10-05T06:02:40,complex_trace;high_gas_used_context,0x087be49f,false
26121809,0x62e89065b466336320b8b89dcb17b2ec44119d110f874ccb62a1baea1fa77577,0x148480fca16eb5fa22b182d9b88c9b42d887fc86,0x0efa48cdc22f6fb2bcbe355d4c8e7117d0f7a128,2026-10-05T06:02:40,repeated_internal_token_drain;dense_internal_fund_flow;complex_trace;high_gas_used_context;token_activity_burst;repeated_risky_internal_calls,0xa9059cbb,true
26121809,0x4f4ddbd52daa8ef54c30bb5b4c1a0ae630a162a27fb2c4b2182b89e0075696d2,0x4337012eaf1f862b8dbdc6b62a01782ae01ef038,0x0000000071727de22e5e9d8baf0edac6f37da032,2026-10-05T06:02:41,privileged_execution_context;complex_trace,0x765e827f,false
26121809,0xcabc1576521fbf3f087364c800ae8338293c5a95b436dadac96745ce856ec0d4,0x4838b106fce9647bdf1e7877bf73ce8b0bad5f97,0xfeeeeee44046c3f61a8cc081e0918ef0de0a7ffc,2026-10-05T06:02:41,selfdestruct_context,0x6ac2caf7,true
26121810,0x4cc79f1f6e48d5a07943378ea2044d9d6fac9290ebca631af0d1a854293f57d5,0x7830c87c02e56aff27fa8ab1241711331fa86f43,0xa9d1e08c7793af67e9d92fe308d5697fb81d3e43,2026-10-05T06:02:43,dense_internal_fund_flow,0x1a1da075,true
26121810,0x7eff6b924ef0c39a50b757e31f1deb461bd63986b2a23fd73f6482da4f7cec19,0x3b451846455ffc365cc8fc544a6e869514afe421,0xac9f360ae85469b27aeddeafc579ef2d052ad405,2026-10-05T06:02:43,dense_internal_fund_flow,0xe4899c13,true
26121810,0xd5a26a5a371fbe5b44fa0c20a20ae145f676d128a1139f258b07108898b096fa,0x85a73f63309128d53928ee891e6e11e2b4695c20,0xf0ccfbf6dba1e01ccb833ced6d551a8f000e9721,2026-10-05T06:02:43,complex_trace;high_gas_used_context,0x087be49f,false
26121810,0xe2369c0f326396a058fd83adec5a9b5110ee90d276fa64a09e2cd569d92ef4dc,0xabb2acd3be814a80e502575d6c1dc5f789e9cd10,0xccc88a9d1b4ed6b0eaba998850414b24f1c315be,2026-10-05T06:02:43,complex_trace;high_gas_used_context;token_activity_burst,0x0a2b8f36,false
26121810,0xfac9c9f47569df6199aa70d69aa893dc2245e58b515f2252fc3632c885f4e23a,0xaca4aee096b03eac85c2180dac9866aabb9efd57,0x8feab81d36e7576107d5de0758c1b839be31b4f6,2026-10-05T06:02:43,dense_internal_fund_flow;complex_trace,0x0c307f76,true
26121810,0x27a1f90ca5048a85eb21d9bcbd7d81842516520ae395c5e6f556113c41423601,0x4838b106fce9647bdf1e7877bf73ce8b0bad5f97,0xfeeeeee44046c3f61a8cc081e0918ef0de0a7ffc,2026-10-05T06:03:13,selfdestruct_context,0x6ac2cb03,true
26121810,0x9ea410e2157015b2956b74763ae1183f5ab64faf716b4d109e5dc93086d2c6d0,0xd6434d157f254276d69ede3bd9fc805482206908,0x7ec8a30a34b86927dc77b302603d1d53e640bef7,2026-10-05T06:03:13,repeated_internal_token_drain;dense_internal_fund_flow;complex_trace;high_gas_used_context;token_activity_burst;repeated_risky_internal_calls,0xa9059cbb,true
26121810,0xe476ed41d34e291f16c33a0412ff1ff1028547dd2cbae6b2588538f2fb4ef63f,0x148480fca16eb5fa22b182d9b88c9b42d887fc86,0x0efa48cdc22f6fb2bcbe355d4c8e7117d0f7a128,2026-10-05T06:03:13,repeated_internal_token_drain;dense_internal_fund_flow;complex_trace;high_gas_used_context;token_activity_burst;repeated_risky_internal_calls,0xa9059cbb,true
26121811,0x04dbd46733b1f23f964fc6916e7536966d55ca0e6faa30750c0eb0c510ea2eff,0xdadb0d80178819f2319190d340ce9a924f783711,0xfeeeeee44046c3f61a8cc081e0918ef0de0a7ffc,2026-10-05T06:04:16,selfdestruct_context,0x6ac2cb0f,true
26121811,0x38f31348145b3db9eb736024f07a445a0a1c6e9e18417f0439a5721402149511,0x148480fca16eb5fa22b182d9b88c9b42d887fc86,0x0efa48cdc22f6fb2bcbe355d4c8e7117d0f7a128,2026-10-05T06:04:16,repeated_internal_token_drain;dense_internal_fund_flow;complex_trace;high_gas_used_context;token_activity_burst;repeated_risky_internal_calls,0xa9059cbb,true
26121811,0x583b162fd08aa926c9503a9a61358a500164e76957449ca4c41c336ed540a89c,0x1f40188bef1f4bf68a5932f19ef2973235371bf9,0xb92fe925dc43a0ecde6c8b1a2709c170ec4fff4f,2026-10-05T06:04:16,dense_internal_fund_flow;complex_trace,0xcd6e13f7,true
26121811,0x6d18b6d2eac08092e4e6b96fa46b11de827e2298d20f4478e3c4d6ad0fedac38,0x80d04079ffc53eb14edbeeb37279d126f45552df,0x33bc08b5997d0f19fc68b8e95fec52880c2bd8a6,2026-10-05T06:04:16,repeated_internal_token_drain;dense_internal_fund_flow;complex_trace;high_gas_used_context;token_activity_burst;repeated_risky_internal_calls,0x8aaa8f3b,true
26121811,0x88a974c5275307d648ebe56804256f368298445a2f407eb504849e383d307d28,0xdadb0d80178819f2319190d340ce9a924f783711,0xfeeeeee44046c3f61a8cc081e0918ef0de0a7ffc,2026-10-05T06:04:16,selfdestruct_context,0x6ac2cb0f,true
26121811,0xe30489e66516f1d50706cf993fc4191c1889344902229c9bc433d330eaec9d2f,0x85a73f63309128d53928ee891e6e11e2b4695c20,0xf0ccfbf6dba1e01ccb833ced6d551a8f000e9721,2026-10-05T06:04:16,complex_trace;high_gas_used_context,0x087be49f,false
26121811,0xe423eede8d7ea011216a0ebb17b9881d41acbc6ea279dccc9861aec16cf132d5,0x43370240c309f6cc0815929a176609267971224f,0x4337084d9e255ff0702461cf8895ce9e3b5ff108,2026-10-05T06:04:16,dense_internal_fund_flow;complex_trace,0x765e827f,true
26121812,0x1eac406c4ead4e98773bfb62435f11e1fa7618bc2ac9ac2b838713246b02d0d9,0x4838b106fce9647bdf1e7877bf73ce8b0bad5f97,0xfeeeeee44046c3f61a8cc081e0918ef0de0a7ffc,2026-10-05T06:04:17,selfdestruct_context,0x6ac2cb1b,true
26121812,0x6d0edcc143cfa359949a6bbafeee254858de763ebd98888baa804486c9b07392,0x85a73f63309128d53928ee891e6e11e2b4695c20,0xf0ccfbf6dba1e01ccb833ced6d551a8f000e9721,2026-10-05T06:04:17,complex_trace;high_gas_used_context,0x087be49f,false
26121812,0x9c5c1d480d1d37bf01facaac424bc1771804727dd7b7b2a6520a47c69072b453,0x4cda236053c9ad8428bb0edc20535c598a0ef056,0x8feab81d36e7576107d5de0758c1b839be31b4f6,2026-10-05T06:04:17,complex_trace;high_gas_used_context,0x0c307f76,false
26121812,0xde6d9723b491f4ceb43ffd02075f873483c63c77fef03e1ad54f54f05ee1e33f,0x754dcfb2861547015b221e963b4133a71dbdc024,0x3e07be15370d8b12d80a159a7ef14b9e51869497,2026-10-05T06:04:17,dense_internal_fund_flow;complex_trace,0x21af54c6,true
26121812,0x0770b4fad40da4cecc900b69f099c6a69aee532d70039c420a25edd7092a17a2,0x4838b106fce9647bdf1e7877bf73ce8b0bad5f97,0xfeeeeee44046c3f61a8cc081e0918ef0de0a7ffc,2026-10-05T06:04:18,selfdestruct_context,0x6ac2cb1b,true
26121812,0x4eb1f89e21288c0121a377eab2c371cb5b44ce4b0a9c6940f0a888b7eeab0883,0x80d04079ffc53eb14edbeeb37279d126f45552df,0x33bc08b5997d0f19fc68b8e95fec52880c2bd8a6,2026-10-05T06:04:18,repeated_internal_token_drain;dense_internal_fund_flow;complex_trace;high_gas_used_context;token_activity_burst;repeated_risky_internal_calls,0x8aaa8f3b,true
26121812,0x8be71a7f350a0e09a81dc8f661380a4d25ee3e84236bf64a923575fd2ed8e191,0xb08b2c3099193bcf05f742ccb7f206635fe243b3,0x91ff8bbd8ebb07893010d50a48a1609e5ebd8e34,2026-10-05T06:04:18,complex_trace;high_gas_used_context,0x069d1525,false
26121812,0xa54200f06c93f9f5cd51c23c1b2443d13d090bc342649daa05e6f5417361d24e,0x148480fca16eb5fa22b182d9b88c9b42d887fc86,0x0efa48cdc22f6fb2bcbe355d4c8e7117d0f7a128,2026-10-05T06:04:18,repeated_internal_token_drain;dense_internal_fund_flow;complex_trace;high_gas_used_context;token_activity_burst;repeated_risky_internal_calls,0xa9059cbb,true
26121813,0x1ef5bb4d828ad1fd50996e54ba6e49b44aa6fa6d3ce16cdc7e7e86334b842c3d,0x85a73f63309128d53928ee891e6e11e2b4695c20,0xf0ccfbf6dba1e01ccb833ced6d551a8f000e9721,2026-10-05T06:04:20,complex_trace;high_gas_used_context,0x087be49f,false
26121813,0x2d9a6c39281ea0d854e443f0e263e5832f622b9a9f1dd4aacb40ebdc591b7404,0x50bf934781f63028c5c8ef49c4affe19a86d99b6,0x8d04cc7e86e687854eb41d9d43512b655b93184b,2026-10-05T06:04:20,complex_trace;selfdestruct_context,0x4a1bf18a,false
26121813,0x6d50e40a3aec0d0c180cd32cca7e50ea086ade1c9dff3d92f3e66843cb4f74db,0xa87eb9f2e6edc1297c0bf99393235503cb8b5023,0x2786ed4ce17214579e359064827715ad2acb1477,2026-10-05T06:04:20,complex_trace;high_gas_used_context,0xe9ae5c53,false
26121813,0x76ed27417b29804911d470b694c0b478a6fa84e08dc092b634ff0bbe4b1b8ca6,0x148480fca16eb5fa22b182d9b88c9b42d887fc86,0x0efa48cdc22f6fb2bcbe355d4c8e7117d0f7a128,2026-10-05T06:04:20,repeated_internal_token_drain;dense_internal_fund_flow;complex_trace;high_gas_used_context;token_activity_burst;repeated_risky_internal_calls,0xa9059cbb,true
26121813,0x7fd3c5dd791c69b22629f218c983b7c303801095357cdfc2eae2c39205cd49b2,0xa96f5ed8127eeb15ae10b5775295c21ecb203c4d,0xe2f707444d676504ae55edf4d60f939ab2e95abc,2026-10-05T06:04:20,repeated_internal_token_drain;dense_internal_fund_flow;complex_trace;high_gas_used_context;token_activity_burst;approval_burst;repeated_risky_internal_calls,0x7da5efc8,true
26121813,0x80c6146a3986f7b5eb6435debfd14658dd25c1929039b7dd267d9497d4e06523,0x9fc3da866e7df3a1c57ade1a97c9f00a70f010c8,0xfeeeeee44046c3f61a8cc081e0918ef0de0a7ffc,2026-10-05T06:04:20,selfdestruct_context,0x6ac2cb27,true
26121813,0x8aa294a809ce040e52687f635af170b393bd03177170e2ea68577832ce0f1241,0xe469ee44d92bb173b7edc576ebb09da55dbfe32e,0x0000000071727de22e5e9d8baf0edac6f37da032,2026-10-05T06:04:20,repeated_internal_token_drain;dense_internal_fund_flow;privileged_execution_context;very_complex_trace;high_gas_used_context;token_activity_burst;approval_burst,0x765e827f,true
26121813,0xc2f6a7fc5f01e1eb5695888d4e0248eace72dc5a26619207b7460a53a824272b,0xc02f5a1a6f35603d01b4f40f071e3c496b2dd671,0x881d40237659c251811cec9c364ef91dc08d300c,2026-10-05T06:04:20,dense_internal_fund_flow;complex_trace,0x5f575529,true
26121814,0x38ba9bf7634828c6a8d75ea8cb291553377a6dd8407b6d575cb2786ad4042686,0x85a73f63309128d53928ee891e6e11e2b4695c20,0xf0ccfbf6dba1e01ccb833ced6d551a8f000e9721,2026-10-05T06:05:23,complex_trace;high_gas_used_context,0x087be49f,false
26121814,0x927766165fdb3b6394225293d18994643ef52f921fad00387d8b0b7b2caaa106,0xdadb0d80178819f2319190d340ce9a924f783711,0xfeeeeee44046c3f61a8cc081e0918ef0de0a7ffc,2026-10-05T06:05:23,selfdestruct_context,0x6ac2cb33,true
26121814,0x97236c211ec96c1a623fed27a6d65abcd7571b98a646abe5dd322bb142132e14,0xdadb0d80178819f2319190d340ce9a924f783711,0xfeeeeee44046c3f61a8cc081e0918ef0de0a7ffc,2026-10-05T06:05:23,selfdestruct_context,0x6ac2cb33,true
26121814,0x9bf52ced565c7384d307b3453031a1645a8bb0fcb83e5e35ddd2671d0c5edf41,0xdadb0d80178819f2319190d340ce9a924f783711,0xfeeeeee44046c3f61a8cc081e0918ef0de0a7ffc,2026-10-05T06:05:23,selfdestruct_context,0x6ac2cb33,true
26121814,0xafe8684d9b25d6205cdbbef7021adbe35d568d0cbd9614b79ca013f10c99a928,0x4337009be43c7ecc9bfbde0f1780553aa065187e,0x4337084d9e255ff0702461cf8895ce9e3b5ff108,2026-10-05T06:05:23,dense_internal_fund_flow;complex_trace,0x765e827f,true
26121814,0xd69937fbfe125e90e996b265cc035779cf978287488e2450cc45a04e73d027b1,0xa96f5ed8127eeb15ae10b5775295c21ecb203c4d,0xe2f707444d676504ae55edf4d60f939ab2e95abc,2026-10-05T06:05:23,repeated_internal_token_drain;dense_internal_fund_flow;complex_trace;high_gas_used_context;token_activity_burst;approval_burst;repeated_risky_internal_calls,0x7da5efc8,true
26121815,0x04f54cd8c827c65b8e071b5d705c764f5b8bb5c986c733bc4e0cf6ef06f3022e,0xa96f5ed8127eeb15ae10b5775295c21ecb203c4d,0xe2f707444d676504ae55edf4d60f939ab2e95abc,2026-10-05T06:05:55,repeated_internal_token_drain;dense_internal_fund_flow;complex_trace;high_gas_used_context;token_activity_burst;approval_burst;repeated_risky_internal_calls,0x7da5efc8,true
26121815,0x46fdfa5822ffacb65729180a8c21f2a443fc2b26e0bdafbd69e50cdca41cff97,0x7830c87c02e56aff27fa8ab1241711331fa86f43,0xa9d1e08c7793af67e9d92fe308d5697fb81d3e43,2026-10-05T06:05:55,dense_internal_fund_flow,0x1a1da075,true
26121815,0x5f47e9bdec395f8a74836647a88edbe748fa849fb2f99678c68cb2f10a874c74,0x4337002c5702ce424cb62a56ca038e31e1d4a93d,0x4337084d9e255ff0702461cf8895ce9e3b5ff108,2026-10-05T06:05:55,dense_internal_fund_flow;complex_trace,0x765e827f,true
26121815,0x6e218fd80b615074d57caee273400dcf5934345ee23f18e6f0e7e92d7117cebb,0xae7e1a8a580fa971af766c1a46418cb2b096bd0f,0x0000000055ec25287227aa8693471ee5f89221be,2026-10-05T06:05:55,dense_internal_fund_flow;complex_trace,0x66f8ff62,true
26121815,0xb16dad4630fd2899a6be4e1609b5bceb19e04c9e0b163e59f6f419f08c8f0385,0x85a73f63309128d53928ee891e6e11e2b4695c20,0xf0ccfbf6dba1e01ccb833ced6d551a8f000e9721,2026-10-05T06:05:55,complex_trace;high_gas_used_context,0x087be49f,false
26121815,0x6971841abb0934a47f2790775695a4a4c0e4bf353e5955c47617474ee8ad00f1,0x91355870a334ffc33e84503327773259e3030366,0x7e93093f58771780df74d72144efd618f514283d,2026-10-05T06:06:00,dense_internal_fund_flow;token_activity_burst,0xa9059cbb,true
26121815,0xd24ea7628f82c2642617d070879edd801ae80bbc52536408bf999a23dbfa513e,0x4838b106fce9647bdf1e7877bf73ce8b0bad5f97,0xfeeeeee44046c3f61a8cc081e0918ef0de0a7ffc,2026-10-05T06:06:00,selfdestruct_context,0x6ac2cb3f,true
26121816,0x20a0f7a949bb718ad81fb55fad51d69bb05bae8a7b0d7995fc9f9b9eb26317f2,0xa96f5ed8127eeb15ae10b5775295c21ecb203c4d,0xe2f707444d676504ae55edf4d60f939ab2e95abc,2026-10-05T06:06:01,repeated_internal_token_drain;dense_internal_fund_flow;complex_trace;high_gas_used_context;token_activity_burst;approval_burst;repeated_risky_internal_calls,0x7da5efc8,true
26121816,0x4bde2c8543a9c7bf4b27fb639b5fdb1d5c60683b11384a1620d0e406b4b0f877,0xbe0b407782a7599380fa726db315340126d62229,0x4d2fb5f8ec243fde4df1a9678b82238570c7e0e4,2026-10-05T06:06:01,repeated_internal_token_drain;dense_internal_fund_flow;complex_trace;high_gas_used_context;token_activity_burst;repeated_risky_internal_calls,0x6a761202,true
26121816,0x5fe84362036a07dcab3e84b56d51a1739bf4d51efdf8edb829517ac3f1dd560c,0x148480fca16eb5fa22b182d9b88c9b42d887fc86,0x0efa48cdc22f6fb2bcbe355d4c8e7117d0f7a128,2026-10-05T06:06:01,repeated_internal_token_drain;dense_internal_fund_flow;complex_trace;high_gas_used_context;token_activity_burst;repeated_risky_internal_calls,0xa9059cbb,true
26121816,0x85ef8849f7aa4cb11f4bd9783b2d0d9d0a8fef688e61c1dcc65de8b05f863de0,0x4838b106fce9647bdf1e7877bf73ce8b0bad5f97,0xfeeeeee44046c3f61a8cc081e0918ef0de0a7ffc,2026-10-05T06:06:01,selfdestruct_context,0x6ac2cb4b,true
26121816,0xa0e05aab1422a14fc92a94e732fbf7b8c6fbdc522323da0d7c31506d035dd18b,0xb2860e52a68c01a31aa03810208b069d72359563,0x91ff8bbd8ebb07893010d50a48a1609e5ebd8e34,2026-10-05T06:06:01,complex_trace;high_gas_used_context,0x069d1525,false
26121816,0xccfd9f247b8580cb08f6a40d6ebacfdfb3a86e276fd67227d81e1f880cbae54e,0x85a73f63309128d53928ee891e6e11e2b4695c20,0xf0ccfbf6dba1e01ccb833ced6d551a8f000e9721,2026-10-05T06:06:01,complex_trace;high_gas_used_context,0x087be49f,false
26121816,0xcdd15158aaa9c799e2fc96ec747aeafac6047955ae85b9f25baaa2fa591e3f30,0x9621b6a2abedd4da0130e79ad62c2d04b36afd70,0xd90e2f925da726b50c4ed8d0fb90ad053324f31b,2026-10-05T06:06:01,dense_internal_fund_flow,0x13d98d13,true
26121816,0xd4b7a3824cbc774b86b0aff11b63f375e60fb5a12733a339a8da157f4a3bd18f,0x5b43453fce04b92e190f391a83136bfbecedefd1,0xbdb3ba9ffe392549e1f8658dd2630c141fdf47b6,2026-10-05T06:06:01,complex_trace;high_gas_used_context;token_activity_burst,0x000000c3,false
26121816,0xee2cacc21c2c6f60bc7eb4ed6acda7ac406439ebd4619d11e53765f56f773b3b,0x380075bda2e2ac9b3106d00ae2763cdfed5e5248,0x4563b9378b4ed1f35b3107d1d8e14c25a05898a4,2026-10-05T06:06:01,dense_internal_fund_flow;complex_trace;high_gas_used_context;token_activity_burst,0xfd3ad6d4,true
26121817,0x4f6778f8b295144ecb5875f96641e9d82cb672bf196ca3bb91aa13f33c5637e0,0x6572d9dbd1e4a1a1a81760dcc4310269b59950c7,0x7705fa7609b406234a26e8125ffcfce14fe3eba6,2026-10-05T06:06:02,complex_trace;high_gas_used_context,0x069d1525,false
26121817,0xca5adf67105ae38f43c38cc826010bcfdb4d390e6b440caff5c407957dba91ee,0xb4e7249020beb799de759a29b00aeb244a3e3068,0x4ecc9754e80a5f97f54500a750296531219fbf81,2026-10-05T06:06:02,dense_internal_fund_flow;high_gas_used_context;token_activity_burst,0xa9059cbb,true
26121817,0xd0808fecf4201ee52b7cbcaa46d803348781111bdc9613be1c10564a37935923,0xf7bac63fc7ceacf0589f25454ecf5c2ce904997c,0xca11bde05977b3631167028862be2a173976ca11,2026-10-05T06:06:02,complex_trace;high_gas_used_context;token_activity_burst,0x252dba42,false
26121818,0xb2b8dde826360437d1aae3ea7e6cc35d19fba90a50552f83a282386ff9e9eb69,0xf4bb8842dd662c8edded051e66376937e308b905,0x0aa6f2988722c1f5ef8d1e2f2fbb75676093358c,2026-10-05T06:07:05,complex_trace;approval_burst,0x09c5eabe,false
26121818,0xc0d955a5bc27b78ca24260a1c408ef81ab4ecb864007a5e991d5482a39ae2f2e,0xa87eb9f2e6edc1297c0bf99393235503cb8b5023,0x2786ed4ce17214579e359064827715ad2acb1477,2026-10-05T06:07:05,complex_trace;token_activity_burst,0xe9ae5c53,false
26121818,0x071838ce79d869ea4a516579ee49799030e4a44859b04b17e233fe71d1cc02b8,0x467b260bfad194cef9a4fbbd91b835a355224bd0,0xa2b2f71456a799fcf4ef7a3111c4b96b3e928cc8,2026-10-05T06:07:06,privileged_execution_context,0xa9e8f504,false
26121818,0xcc49a0a35713f5cee127fc39115f692f5c7105d7cd6c244c15fd400c36db4e45,0xa96f5ed8127eeb15ae10b5775295c21ecb203c4d,0xe2f707444d676504ae55edf4d60f939ab2e95abc,2026-10-05T06:07:06,repeated_internal_token_drain;dense_internal_fund_flow;complex_trace;high_gas_used_context;token_activity_burst;approval_burst;repeated_risky_internal_calls,0x7da5efc8,true
26121818,0xda9a6067233c27c520ba464677751eaf8f5fcbf17f9284355347e350855927fe,0x6640697e10522ebc30e77a3677e52e767a5cd25c,0x4ecc9754e80a5f97f54500a750296531219fbf81,2026-10-05T06:07:06,dense_internal_fund_flow;high_gas_used_context;token_activity_burst,0xa9059cbb,true
26121818,0xf01f24bd5627412378fc63183d58c38dfe53ed91c4fce9fb0664a13ce35edc1d,0x99999ff41e99629aef404025e66db546e3e99999,0xf9498199cd087fc7bc3a5ee47159f65015bd3787,2026-10-05T06:07:06,complex_trace;high_gas_used_context;token_activity_burst;approval_burst,0xf0463878,false
26121818,0xf93bc3a342efc2fdf30889a82e0dafe6522f5bb476934afe62aacc628885396f,0x85a73f63309128d53928ee891e6e11e2b4695c20,0xf0ccfbf6dba1e01ccb833ced6d551a8f000e9721,2026-10-05T06:07:06,complex_trace;high_gas_used_context,0x087be49f,false
26121818,0x039360fce31fe28f12754581b686bec3739930fd2d56653f622c6079989812f5,0x4838b106fce9647bdf1e7877bf73ce8b0bad5f97,0xfeeeeee44046c3f61a8cc081e0918ef0de0a7ffc,2026-10-05T06:07:07,selfdestruct_context,0x6ac2cb63,true
26121818,0x3727eeafae21ab681d8bcf26cf979519947e2c2775b48c356e7ac0234d0a485e,0x00d9fe085d99b33ab2aae8063180c63e23bf2e69,0x75884f3ada15c953529abaac6549d5204135ec36,2026-10-05T06:07:07,high_gas_used_context;token_activity_burst,0xa9059cbb,false
26121818,0x4e91c8df48221fec47885cf086ae3372b93a2c081bee4aa3acfca7c269450a1a,0xd6434d157f254276d69ede3bd9fc805482206908,0x7ec8a30a34b86927dc77b302603d1d53e640bef7,2026-10-05T06:07:07,repeated_internal_token_drain;dense_internal_fund_flow;complex_trace;high_gas_used_context;token_activity_burst;repeated_risky_internal_calls,0xa9059cbb,true
26121818,0xb6bb196332f0646119aa25c7a446b4bd95d5fe2c5549530cd6e941d13d397dee,0xe99bd1c2dd70cd58e5efd47887991700e7318ce2,0xad3b67bca8935cb510c8d18bd45f0b94f54a968f,2026-10-05T06:07:07,complex_trace;token_activity_burst,0x146ee74d,false
26121818,0xdcf993ddeb775fa5cc0d4acb15fa707648afd7455dd2e43091dde2166d397678,0x6c14f56559d10bf2f6d59ae2ac06c09b37f203a7,0xd35804a63f13a1eccf0aeb6b5c403fbe3e22cd01,2026-10-05T06:07:07,complex_trace;high_gas_used_context;token_activity_burst,0x05efc02a,false
26121818,0xe2ed1c0d334532cc81bc64f3bbd0136670a29fa114e0175ceed11536c0c8562e,0xc889754fbf5f7769f6801be03147a9468cee5560,0xd01607c3c5ecaba394d8be377a08590149325722,2026-10-05T06:07:07,dense_internal_fund_flow;complex_trace,0xbcc3c255,true
26121818,0xe9a270ea8f23eccdc7ee423eaa87d9370b6d53cafd3dfac250dc257ef78a0255,0xd714e1d25067c2421ea58b962d900732f77ab23b,0xcd2bdb8af031d29d2bc38ef08b842d31e344384c,2026-10-05T06:07:07,high_gas_used_context;token_activity_burst,0xa9059cbb,false
26121819,0x1a0fa3ef33dfc8e31c26eb1067f613150969ae7bdee177b2c87a298825a97bf2,0xe99bd1c2dd70cd58e5efd47887991700e7318ce2,0xad3b67bca8935cb510c8d18bd45f0b94f54a968f,2026-10-05T06:07:08,complex_trace;high_gas_used_context;token_activity_burst,0x146ee74d,false
26121819,0x4251c7b2feb564963115d4394442a3f9e7cbf8332ad080a01f53bbf640e881c1,0x7071e5e7753f3ad0c1467eda362fdfa92f1872c8,,2026-10-05T06:07:08,privileged_execution_context;high_gas_used_context;contract_creation_context,0x60806040,false
26121819,0x4d413073a1af14294949136e73a1aa59ecdcd8e839fb4c6162cfba365f392527,0x85a73f63309128d53928ee891e6e11e2b4695c20,0xf0ccfbf6dba1e01ccb833ced6d551a8f000e9721,2026-10-05T06:07:08,complex_trace;high_gas_used_context,0x087be49f,false
26121819,0x61c30895fa0cf93e9244d02b6cc1ca59f258323c7c7d5a1f08b923c4cddfabb1,0x4838b106fce9647bdf1e7877bf73ce8b0bad5f97,0xfeeeeee44046c3f61a8cc081e0918ef0de0a7ffc,2026-10-05T06:07:08,selfdestruct_context,0x6ac2cb6f,true
26121819,0x674c5afe3212a93997ca16a9b5c465df4b9da1e1f631fe3c1bc265017feab641,0xa96f5ed8127eeb15ae10b5775295c21ecb203c4d,0xe2f707444d676504ae55edf4d60f939ab2e95abc,2026-10-05T06:07:08,repeated_internal_token_drain;dense_internal_fund_flow;complex_trace;high_gas_used_context;token_activity_burst;approval_burst;repeated_risky_internal_calls,0x7da5efc8,true
26121819,0x81a0bb472f3bc1c6729ff63488f1537410ca182417f6907074e6a1ed85a82381,0x4838b106fce9647bdf1e7877bf73ce8b0bad5f97,0xfeeeeee44046c3f61a8cc081e0918ef0de0a7ffc,2026-10-05T06:07:08,selfdestruct_context,0x6ac2cb6f,true
26121819,0xe3f85206e246ed7e04890c64865de439ec729a6d3c4a30a52d2ca77b5139c519,0x7ea49f025d36450ffe9c5b99749f2fa7c11cfd58,0xf4a1c3a0f386867938443436e07c60f8c35ceb71,2026-10-05T06:07:08,complex_trace;token_activity_burst,0x65547df2,false
26121820,0x41925a9ecd0eefa0fca06d58e9de6a8fe645cd972e033f4ebe6e5d4cfc6b1a9c,0xa96f5ed8127eeb15ae10b5775295c21ecb203c4d,0xe2f707444d676504ae55edf4d60f939ab2e95abc,2026-10-05T06:07:09,repeated_internal_token_drain;dense_internal_fund_flow;complex_trace;high_gas_used_context;token_activity_burst;approval_burst;repeated_risky_internal_calls,0x7da5efc8,true
26121820,0x65c7beebbf6f0d2b012ac29bf068e88dceed10cb9c3512a88550253b0249f5ea,0x85a73f63309128d53928ee891e6e11e2b4695c20,0xf0ccfbf6dba1e01ccb833ced6d551a8f000e9721,2026-10-05T06:07:09,complex_trace;high_gas_used_context,0x087be49f,false
26121820,0x92211a9f5204166f579d8ea689abca7c650427557cab9db7c4631a3fe0f2654e,0x18dd3c14e34c1bc379f7538068c59160d9f68e25,0xccc88a9d1b4ed6b0eaba998850414b24f1c315be,2026-10-05T06:07:09,complex_trace;high_gas_used_context;token_activity_burst,0x0a2b8f36,false
26121820,0x01e2ea457abb24d1302d4b0df76213346562565cd8ec604f63b518f7e77fdd5d,0x85c2e985a4fb5c3ff25ee27ee424abd851e4cb33,0xfeeeeee44046c3f61a8cc081e0918ef0de0a7ffc,2026-10-05T06:07:10,selfdestruct_context,0x6ac2cb7b,true
26121820,0x055f650b1cb9307a60645136f637668e930691689f1d11141b6700d92a05043b,0x85c2e985a4fb5c3ff25ee27ee424abd851e4cb33,0xfeeeeee44046c3f61a8cc081e0918ef0de0a7ffc,2026-10-05T06:07:10,selfdestruct_context,0x6ac2cb7b,true
26121820,0x097ba3edb0886473a7c8c629027e30c7cd760719c5f955593447b6946c649fd1,0x85c2e985a4fb5c3ff25ee27ee424abd851e4cb33,0xfeeeeee44046c3f61a8cc081e0918ef0de0a7ffc,2026-10-05T06:07:10,selfdestruct_context,0x6ac2cb7b,true
26121820,0x0b5296efda427becb1b0d08b693117a06a55b3e75fd64ca02be3f9e2dc5a50f9,0x85c2e985a4fb5c3ff25ee27ee424abd851e4cb33,0xfeeeeee44046c3f61a8cc081e0918ef0de0a7ffc,2026-10-05T06:07:10,selfdestruct_context,0x6ac2cb7b,true
26121820,0x0e6ffbae2c99348ada42dd573553f1f3a680a6903eee77682396620ac5701795,0x85c2e985a4fb5c3ff25ee27ee424abd851e4cb33,0xfeeeeee44046c3f61a8cc081e0918ef0de0a7ffc,2026-10-05T06:07:10,selfdestruct_context,0x6ac2cb7b,true
26121820,0x15b619482d2891653ecbfeb8073b658a1d5f07424081826853ba68d69f712baf,0x56913b32671184ddc60d4f127ecd69c835aa02f3,0xfeeeeee44046c3f61a8cc081e0918ef0de0a7ffc,2026-10-05T06:07:10,selfdestruct_context,0x6ac2cb7b,true
26121820,0x19941518487780588123bb1b1656b9b9ba282e51f26115d5268d44df7ae6100e,0x85c2e985a4fb5c3ff25ee27ee424abd851e4cb33,0xfeeeeee44046c3f61a8cc081e0918ef0de0a7ffc,2026-10-05T06:07:10,selfdestruct_context,0x6ac2cb7b,true
26121820,0x269d26a09a5d16893969a9ed0051116172276e2a5c649676144d43c4bc0c5bcc,0x85c2e985a4fb5c3ff25ee27ee424abd851e4cb33,0xfeeeeee44046c3f61a8cc081e0918ef0de0a7ffc,2026-10-05T06:07:10,selfdestruct_context,0x6ac2cb7b,true
26121820,0x2aa29053e110599dfc4c1c5e3ccb946fc613098531d230d4ebcc63b1f4adbd26,0x85c2e985a4fb5c3ff25ee27ee424abd851e4cb33,0xfeeeeee44046c3f61a8cc081e0918ef0de0a7ffc,2026-10-05T06:07:10,selfdestruct_context,0x6ac2cb7b,true
26121820,0x38220b3a04ea16dd672d8ed83e814302d7b5ffcbfc18b9ad316a68a74f7febd6,0x85c2e985a4fb5c3ff25ee27ee424abd851e4cb33,0xfeeeeee44046c3f61a8cc081e0918ef0de0a7ffc,2026-10-05T06:07:10,selfdestruct_context,0x6ac2cb7b,true
26121820,0x3884cdc5ef34aeeebeacc81b55914e7112f8d21f5238a02a66fc7c7e63921fd8,0x85c2e985a4fb5c3ff25ee27ee424abd851e4cb33,0xfeeeeee44046c3f61a8cc081e0918ef0de0a7ffc,2026-10-05T06:07:10,selfdestruct_context,0x6ac2cb7b,true
26121820,0x38a8c9bae0dd7a017d35a3121b482f45e63b8b57e5eb260fd02dcd32e645a9cf,0x85c2e985a4fb5c3ff25ee27ee424abd851e4cb33,0xfeeeeee44046c3f61a8cc081e0918ef0de0a7ffc,2026-10-05T06:07:10,selfdestruct_context,0x6ac2cb7b,true
26121820,0x45a22fad036bfb7a1eba24aeb8bf0e5a633cb32e3b7fa95a6f7e5313788f751d,0x85c2e985a4fb5c3ff25ee27ee424abd851e4cb33,0xfeeeeee44046c3f61a8cc081e0918ef0de0a7ffc,2026-10-05T06:07:10,selfdestruct_context,0x6ac2cb7b,true
26121820,0x496f3120b40fd438b150eb1ec2c8514264b05d90e915e9405cc839043ba7bc1e,0x85c2e985a4fb5c3ff25ee27ee424abd851e4cb33,0xfeeeeee44046c3f61a8cc081e0918ef0de0a7ffc,2026-10-05T06:07:10,selfdestruct_context,0x6ac2cb7b,true
26121820,0x4fee99c4968c9fd4c690646f9eb7fecd891de0a6e524c70ee1c5a053487ef0c2,0x85c2e985a4fb5c3ff25ee27ee424abd851e4cb33,0xfeeeeee44046c3f61a8cc081e0918ef0de0a7ffc,2026-10-05T06:07:10,selfdestruct_context,0x6ac2cb7b,true
26121820,0x5084307859a8a6438e7ef111caea0e12fe60b153fa4b16d28c43692aba7ca895,0xe469ee44d92bb173b7edc576ebb09da55dbfe32e,0x0000000071727de22e5e9d8baf0edac6f37da032,2026-10-05T06:07:10,complex_trace;high_gas_used_context,0x765e827f,false
26121820,0x55fd47a5269f71131be1f173320a3a61e5ed600941bea091532914e62967fa93,0x85c2e985a4fb5c3ff25ee27ee424abd851e4cb33,0xfeeeeee44046c3f61a8cc081e0918ef0de0a7ffc,2026-10-05T06:07:10,selfdestruct_context,0x6ac2cb7b,true
26121820,0x6642636a84bcb9f41fcfaad098c49073bb9246ebd1f2756cc1a37ebed4cf54d7,0x85c2e985a4fb5c3ff25ee27ee424abd851e4cb33,0xfeeeeee44046c3f61a8cc081e0918ef0de0a7ffc,2026-10-05T06:07:10,selfdestruct_context,0x6ac2cb7b,true
26121820,0x6f32d7652315abbeae7da85acd69b20dc19b48b429cbf230f052a1da9d98007a,0x85c2e985a4fb5c3ff25ee27ee424abd851e4cb33,0xfeeeeee44046c3f61a8cc081e0918ef0de0a7ffc,2026-10-05T06:07:10,selfdestruct_context,0x6ac2cb7b,true
26121820,0x708ad7e5e905536af96ddb71533f32bf88badfeb9fd592121d74ab04b8cf9815,0x85c2e985a4fb5c3ff25ee27ee424abd851e4cb33,0xfeeeeee44046c3f61a8cc081e0918ef0de0a7ffc,2026-10-05T06:07:10,selfdestruct_context,0x6ac2cb7b,true
26121820,0x7273984c89e69e69a0ce6a45a4b45c89a1087c19b5e87b5bb7a507e295b5eced,0x85c2e985a4fb5c3ff25ee27ee424abd851e4cb33,0xfeeeeee44046c3f61a8cc081e0918ef0de0a7ffc,2026-10-05T06:07:10,selfdestruct_context,0x6ac2cb7b,true
26121820,0x753e9663dbd195a0494f83058069a5e73e17bc5d296ca10784cfc2efeaf13c08,0x85c2e985a4fb5c3ff25ee27ee424abd851e4cb33,0xfeeeeee44046c3f61a8cc081e0918ef0de0a7ffc,2026-10-05T06:07:10,selfdestruct_context,0x6ac2cb7b,true
26121820,0x8499e728975ee18cc3fc5552692043f810291e02008a1caa305f1bd33765d7df,0x85c2e985a4fb5c3ff25ee27ee424abd851e4cb33,0xfeeeeee44046c3f61a8cc081e0918ef0de0a7ffc,2026-10-05T06:07:10,selfdestruct_context,0x6ac2cb7b,true
26121820,0x84e0259d5684c7f334c28b54545f4ff5165df83d00dfeac2cc4b89a48a6edae8,0xd6434d157f254276d69ede3bd9fc805482206908,0x7ec8a30a34b86927dc77b302603d1d53e640bef7,2026-10-05T06:07:10,repeated_internal_token_drain;dense_internal_fund_flow;complex_trace;high_gas_used_context;token_activity_burst;repeated_risky_internal_calls,0xa9059cbb,true
26121820,0x9bec9a1499a878f9aca588e2ba9e66d848cbed07a861c84f11845bd6e2ce3d41,0x85c2e985a4fb5c3ff25ee27ee424abd851e4cb33,0xfeeeeee44046c3f61a8cc081e0918ef0de0a7ffc,2026-10-05T06:07:10,selfdestruct_context,0x6ac2cb7b,true
26121820,0xa440f0cbceef081964345cf5537d6a54225caf9055dd4d661e2546d898dbdb12,0x85c2e985a4fb5c3ff25ee27ee424abd851e4cb33,0xfeeeeee44046c3f61a8cc081e0918ef0de0a7ffc,2026-10-05T06:07:10,selfdestruct_context,0x6ac2cb7b,true
26121820,0xa752d6732de78b2ca97c5b69ec00f3bb050e88452080ef5e2aef20429245264e,0x85c2e985a4fb5c3ff25ee27ee424abd851e4cb33,0xfeeeeee44046c3f61a8cc081e0918ef0de0a7ffc,2026-10-05T06:07:10,selfdestruct_context,0x6ac2cb7b,true
26121820,0xa97db0310bdbeab96d50e423c5a92065032efbf27c50a3d177f417fe8a0101c8,0x85c2e985a4fb5c3ff25ee27ee424abd851e4cb33,0xfeeeeee44046c3f61a8cc081e0918ef0de0a7ffc,2026-10-05T06:07:10,selfdestruct_context,0x6ac2cb7b,true
26121820,0xad14bc285d20ad8a8428a0ce8d36424d464e572651a22d31d5a32c9de43ad195,0x85c2e985a4fb5c3ff25ee27ee424abd851e4cb33,0xfeeeeee44046c3f61a8cc081e0918ef0de0a7ffc,2026-10-05T06:07:10,selfdestruct_context,0x6ac2cb7b,true
26121820,0xb1da1b46357bf2f907dc1cd0ccf5a6d1b19df0a0bcc9b72d66eb9e47e998098a,0x85c2e985a4fb5c3ff25ee27ee424abd851e4cb33,0xfeeeeee44046c3f61a8cc081e0918ef0de0a7ffc,2026-10-05T06:07:10,selfdestruct_context,0x6ac2cb7b,true
26121820,0xb9eed072d8f2e694f67bb6e341bd4c67a2d4648f743f48d0e3d8a58c0ae02c11,0x85c2e985a4fb5c3ff25ee27ee424abd851e4cb33,0xfeeeeee44046c3f61a8cc081e0918ef0de0a7ffc,2026-10-05T06:07:10,selfdestruct_context,0x6ac2cb7b,true
26121820,0xca9c9bc277126913759cbe29133739bfb989843444bfcc4f808f0f46be387618,0x85c2e985a4fb5c3ff25ee27ee424abd851e4cb33,0xfeeeeee44046c3f61a8cc081e0918ef0de0a7ffc,2026-10-05T06:07:10,selfdestruct_context,0x6ac2cb7b,true
26121820,0xef6e6c84e1fcfd59fb9d709651591e9fdfe3094b6b089394a670f5dc66a9c6f3,0x85c2e985a4fb5c3ff25ee27ee424abd851e4cb33,0xfeeeeee44046c3f61a8cc081e0918ef0de0a7ffc,2026-10-05T06:07:10,selfdestruct_context,0x6ac2cb7b,true
26121820,0xf358c294ca94b6f1a5f1790e990b0cf3f7455f3e5fbdc3164644509491b6fbc3,0x31b9ca8fffde8b98f654c23f2a3a398d865398d1,,2026-10-05T06:07:10,large_mint_to_sender;contract_creation_context,0x60806040,true
26121820,0xf46fbfc19faab61f75340582dd8387add208d4bd78df654bf72dab5ef07c385d,0x85c2e985a4fb5c3ff25ee27ee424abd851e4cb33,0xfeeeeee44046c3f61a8cc081e0918ef0de0a7ffc,2026-10-05T06:07:10,selfdestruct_context,0x6ac2cb7b,true
26121820,0xf79f0427d8d75a0b598b07c4256e929b579818dcb3d50f411bf01b137fd4d71a,0x85c2e985a4fb5c3ff25ee27ee424abd851e4cb33,0xfeeeeee44046c3f61a8cc081e0918ef0de0a7ffc,2026-10-05T06:07:10,selfdestruct_context,0x6ac2cb7b,true
26121820,0xf959b45e76fdd6032d78dcd3917f308e62daba3c28de9ff4dcb00109e80cfa8f,0xa35a20b8874a8555bc50d620ab09e8ce773b8255,,2026-10-05T06:07:10,large_mint_to_sender;contract_creation_context,0x60806040,true
26121820,0xfaf1f51d086420e1e6a66bbd19b0e2a6c7fc1d1ab9734c4199092dc5aa47116a,0x85c2e985a4fb5c3ff25ee27ee424abd851e4cb33,0xfeeeeee44046c3f61a8cc081e0918ef0de0a7ffc,2026-10-05T06:07:10,selfdestruct_context,0x6ac2cb7b,true
26121820,0xfd77faab6b53ad0ff8f249ebd738ae242abb0051d4d1dbc24bf7063b8230a713,0x85c2e985a4fb5c3ff25ee27ee424abd851e4cb33,0xfeeeeee44046c3f61a8cc081e0918ef0de0a7ffc,2026-10-05T06:07:10,selfdestruct_context,0x6ac2cb7b,true
26121821,0x47f1c1f017a9560dde561dddc7102104dbaba3f75dc68778cd814b888b99c3c1,0xe91bcae4a2d7b951304695f93cf1b9a1837cfe43,0x7ec8a30a34b86927dc77b302603d1d53e640bef7,2026-10-05T06:08:13,repeated_internal_token_drain;dense_internal_fund_flow;complex_trace;high_gas_used_context;token_activity_burst;repeated_risky_internal_calls,0xa9059cbb,true
26121821,0x69eec94426dad55134d238d1dee5e521c8eeba36691880ea9bbb17a7f81cdffb,0x380075bda2e2ac9b3106d00ae2763cdfed5e5248,0x4563b9378b4ed1f35b3107d1d8e14c25a05898a4,2026-10-05T06:08:13,complex_trace;high_gas_used_context,0xfd3ad6d4,false
26121821,0x8d55278b2e592589b531f81d2c5d9ade59e0b7b654f2f0e528dd8d83734403f2,0xeedba2484aaf940f37cd3cd21a5d7c4a7dafbfc0,0x86e4dc95c7fbdbf52e33d563bbdb00823894c287,2026-10-05T06:08:13,complex_trace;high_gas_used_context,0x4e43e495,false
26121821,0x94e13f93dcb080390389d33a1d7e6a389591ff05387ff6934095c9f20cf6a4e0,0x85a73f63309128d53928ee891e6e11e2b4695c20,0xf0ccfbf6dba1e01ccb833ced6d551a8f000e9721,2026-10-05T06:08:13,complex_trace;high_gas_used_context,0x087be49f,false
26121821,0xbd2480a759329e4ed67aa062515e7cde72d43def513e93792c5e90ad24943d16,0xa96f5ed8127eeb15ae10b5775295c21ecb203c4d,0xe2f707444d676504ae55edf4d60f939ab2e95abc,2026-10-05T06:08:13,repeated_internal_token_drain;dense_internal_fund_flow;complex_trace;high_gas_used_context;token_activity_burst;approval_burst;repeated_risky_internal_calls,0x7da5efc8,true
26121821,0xd60919b0e57e0adba0f251a52d514324969be6a2259422ca4c5393490910ec42,0x4838b106fce9647bdf1e7877bf73ce8b0bad5f97,0xfeeeeee44046c3f61a8cc081e0918ef0de0a7ffc,2026-10-05T06:08:13,selfdestruct_context,0x6ac2cb87,true
26121821,0xd7e65b103e57ee817c3d9a07f140d2fa9a2537f13891dcc6891493a689c5d74c,0x14635b147d09823440e1d8e0703dd2748f14bcd2,0xd7e70861e6415c7830c8ab6fdbf2083681f50860,2026-10-05T06:08:13,complex_trace;high_gas_used_context,0x1cff79cd,false
26121821,0xf85591b87f100e6acd0c34372f5125c4b3f0fc3c73fd0f1a0e7cbe32e487b887,0x5b43453fce04b92e190f391a83136bfbecedefd1,0xbdb3ba9ffe392549e1f8658dd2630c141fdf47b6,2026-10-05T06:08:13,dense_internal_fund_flow;complex_trace;high_gas_used_context;token_activity_burst,0x000000c3,true
26121822,0x192082a2e477ac9406098d736fa5f425dfacfc00d3aceb7786f4cbe0ff502086,0x910df188b5018d1c3e4437fa46c5ac2492b1524c,0x663dc15d3c1ac63ff12e45ab68fea3f0a883c251,2026-10-05T06:08:14,dense_internal_fund_flow;complex_trace,0x4d8160ba,true
26121822,0x2e56be09fe6ab113f2afbc9a6e3f071b7e24015f71209290ef27fe06657dd498,0xa96f5ed8127eeb15ae10b5775295c21ecb203c4d,0xe2f707444d676504ae55edf4d60f939ab2e95abc,2026-10-05T06:08:14,repeated_internal_token_drain;dense_internal_fund_flow;complex_trace;high_gas_used_context;token_activity_burst;approval_burst;repeated_risky_internal_calls,0x7da5efc8,true
26121822,0x7564193f7fa8e127e58fb5c41f16350da0de3360e1cd790e48be90fdffdd74b3,0x85a73f63309128d53928ee891e6e11e2b4695c20,0xf0ccfbf6dba1e01ccb833ced6d551a8f000e9721,2026-10-05T06:08:14,complex_trace;high_gas_used_context,0x087be49f,false
26121822,0x9727b41c0436abdbb628d64fb3d29b2aa4c1dbbcad6071faf9fd73b0d08053c1,0x67c9cc4af1bd9ec25d004d5c94d360009fab163c,0xa9d635ef85bc37eb9ff9d6165481ea230ed32392,2026-10-05T06:08:14,complex_trace;high_gas_used_context;token_activity_burst,0xe7c438c9,false
26121822,0x0d038721bfa293fca80a8d64d4727c2083f5b2fd0f5154a2527dda087ecef08b,0x85c2e985a4fb5c3ff25ee27ee424abd851e4cb33,0xfeeeeee44046c3f61a8cc081e0918ef0de0a7ffc,2026-10-05T06:08:15,selfdestruct_context,0x6ac2cb93,true
26121822,0x121a2b66ecb242ab34d12290340564d559634ebe74fe07c3318d71df2ad04ffc,0x85c2e985a4fb5c3ff25ee27ee424abd851e4cb33,0xfeeeeee44046c3f61a8cc081e0918ef0de0a7ffc,2026-10-05T06:08:15,selfdestruct_context,0x6ac2cb93,true
26121822,0x13bec479fb8baf42f0485c01b3dbf7c9f3ad261d5c2c93c0e3362b8c3760a73e,0x85c2e985a4fb5c3ff25ee27ee424abd851e4cb33,0xfeeeeee44046c3f61a8cc081e0918ef0de0a7ffc,2026-10-05T06:08:15,selfdestruct_context,0x6ac2cb93,true
26121822,0x178ca48b83b5bb47873408898d96a08fce7b6f77ee8d0ab0c7a6babde7db3a8b,0x85c2e985a4fb5c3ff25ee27ee424abd851e4cb33,0xfeeeeee44046c3f61a8cc081e0918ef0de0a7ffc,2026-10-05T06:08:15,selfdestruct_context,0x6ac2cb93,true
26121822,0x18c1b6fed1ff62babbae54e59bf9e5e39a7cdcc291631e9badadf7da044eb212,0x7202932b3be70edf0657d5bada261d610e0d7db9,0x0000000071727de22e5e9d8baf0edac6f37da032,2026-10-05T06:08:15,dense_internal_fund_flow;very_complex_trace;high_gas_used_context,0x765e827f,true
26121822,0x1b6c21ac2cc73ccfd5e99544999a0c313f54426abb916fb0e3a7795c97ebc408,0x85c2e985a4fb5c3ff25ee27ee424abd851e4cb33,0xfeeeeee44046c3f61a8cc081e0918ef0de0a7ffc,2026-10-05T06:08:15,selfdestruct_context,0x6ac2cb93,true
26121822,0x1cc346e52f050606d5b7e908bb7a446e69b981723cb3179ab1ec03562e1e4240,0x85c2e985a4fb5c3ff25ee27ee424abd851e4cb33,0xfeeeeee44046c3f61a8cc081e0918ef0de0a7ffc,2026-10-05T06:08:15,selfdestruct_context,0x6ac2cb93,true
26121822,0x219b27c2009a527f2691924e4e36620344aee363989cb22d22b8dd7a4bcd8193,0x85c2e985a4fb5c3ff25ee27ee424abd851e4cb33,0xfeeeeee44046c3f61a8cc081e0918ef0de0a7ffc,2026-10-05T06:08:15,selfdestruct_context,0x6ac2cb93,true
26121822,0x2585f578be0c407a58b7cfda93becb609181555281745dd0997e9f03c8b94099,0xbea61c1a309158fa51fb0afb682d000c0ebb92f9,,2026-10-05T06:08:15,large_mint_to_sender;contract_creation_context,0x60806040,true
26121822,0x2d524e301787e30372621508b6a409c926743e45527e06ed48ed15a272d4ddeb,0x85c2e985a4fb5c3ff25ee27ee424abd851e4cb33,0xfeeeeee44046c3f61a8cc081e0918ef0de0a7ffc,2026-10-05T06:08:15,selfdestruct_context,0x6ac2cb93,true
26121822,0x300db311a0fe2ee270c4b6f46688fb4a45c5d8c20be77debc5305579a320e694,0x85c2e985a4fb5c3ff25ee27ee424abd851e4cb33,0xfeeeeee44046c3f61a8cc081e0918ef0de0a7ffc,2026-10-05T06:08:15,selfdestruct_context,0x6ac2cb93,true
26121822,0x369f1222978e402d90752041c5b9a468e5fc597ecb72c27ef308b6d4f721219c,0x85c2e985a4fb5c3ff25ee27ee424abd851e4cb33,0xfeeeeee44046c3f61a8cc081e0918ef0de0a7ffc,2026-10-05T06:08:15,selfdestruct_context,0x6ac2cb93,true
26121822,0x380fba4339e4b136121b7146439d38060fc1a6bb3184e343b85a8a3c9be73021,0x85c2e985a4fb5c3ff25ee27ee424abd851e4cb33,0xfeeeeee44046c3f61a8cc081e0918ef0de0a7ffc,2026-10-05T06:08:15,selfdestruct_context,0x6ac2cb93,true
26121822,0x3cc7a99a66392eeebe0c5ad6e6c6be2bdb9f98e950abde6a3f76bc3be1b54bea,0x85c2e985a4fb5c3ff25ee27ee424abd851e4cb33,0xfeeeeee44046c3f61a8cc081e0918ef0de0a7ffc,2026-10-05T06:08:15,selfdestruct_context,0x6ac2cb93,true
26121822,0x68dc9c56702dcbddb55ef1ca242c54656b7ff74cef12177529ae26a5f852b629,0x85c2e985a4fb5c3ff25ee27ee424abd851e4cb33,0xfeeeeee44046c3f61a8cc081e0918ef0de0a7ffc,2026-10-05T06:08:15,selfdestruct_context,0x6ac2cb93,true
26121822,0x69188d780d68f82411fe2aba441a856de21c6eb3fa708b81754fbefe0f04a430,0x85c2e985a4fb5c3ff25ee27ee424abd851e4cb33,0xfeeeeee44046c3f61a8cc081e0918ef0de0a7ffc,2026-10-05T06:08:15,selfdestruct_context,0x6ac2cb93,true
26121822,0x6ada84846b98d3432498e2e58848bb6576be6e0f6e8aa28c73e6a28f5b68a4a1,0x85c2e985a4fb5c3ff25ee27ee424abd851e4cb33,0xfeeeeee44046c3f61a8cc081e0918ef0de0a7ffc,2026-10-05T06:08:15,selfdestruct_context,0x6ac2cb93,true
26121822,0x71f46aadf913301009dcfe1891ae5fb82a85c81275f741a3dd2f6efce1bb56ec,0x85c2e985a4fb5c3ff25ee27ee424abd851e4cb33,0xfeeeeee44046c3f61a8cc081e0918ef0de0a7ffc,2026-10-05T06:08:15,selfdestruct_context,0x6ac2cb93,true
26121822,0x73b5778c7499b3a66ec49f3553677a33402c1b51e0dcfb104f227389ecb095c6,0x85c2e985a4fb5c3ff25ee27ee424abd851e4cb33,0xfeeeeee44046c3f61a8cc081e0918ef0de0a7ffc,2026-10-05T06:08:15,selfdestruct_context,0x6ac2cb93,true
26121822,0x8a74cbe2339181a87e2bc0df5ce120490fab4f6848a43418f21f47b6f66dc87d,0x85c2e985a4fb5c3ff25ee27ee424abd851e4cb33,0xfeeeeee44046c3f61a8cc081e0918ef0de0a7ffc,2026-10-05T06:08:15,selfdestruct_context,0x6ac2cb93,true
26121822,0x9211b1731f359964e0c7b11b12eb0c91e1dacf17470715873f7fa6f8084e1a61,0x85c2e985a4fb5c3ff25ee27ee424abd851e4cb33,0xfeeeeee44046c3f61a8cc081e0918ef0de0a7ffc,2026-10-05T06:08:15,selfdestruct_context,0x6ac2cb93,true
26121822,0x97062d98ce8dd20e32a3f0acd1ba15dea3e6d007953d87874a51a510a21dada0,0x85c2e985a4fb5c3ff25ee27ee424abd851e4cb33,0xfeeeeee44046c3f61a8cc081e0918ef0de0a7ffc,2026-10-05T06:08:15,selfdestruct_context,0x6ac2cb93,true
26121822,0xa2d5ce5140674e196543803612a847db93fe078ba6af7e7c7023f18385cf6e1c,0x85c2e985a4fb5c3ff25ee27ee424abd851e4cb33,0xfeeeeee44046c3f61a8cc081e0918ef0de0a7ffc,2026-10-05T06:08:15,selfdestruct_context,0x6ac2cb93,true
26121822,0xab899c7a155cad1e5552c758c9bb50ceeb9ac50bfab00f12ddd1e1e088254b61,0x56913b32671184ddc60d4f127ecd69c835aa02f3,0xfeeeeee44046c3f61a8cc081e0918ef0de0a7ffc,2026-10-05T06:08:15,selfdestruct_context,0x6ac2cb93,true
26121822,0xad52ee121168ee9ff66058797bfae345bf2ee80c56b036f910ff394c7fbe58c0,0x85c2e985a4fb5c3ff25ee27ee424abd851e4cb33,0xfeeeeee44046c3f61a8cc081e0918ef0de0a7ffc,2026-10-05T06:08:15,selfdestruct_context,0x6ac2cb93,true
26121822,0xb2f3133171022779180ff6b74649c1d0ac759b3059912888baa674ba35380e4e,0x85c2e985a4fb5c3ff25ee27ee424abd851e4cb33,0xfeeeeee44046c3f61a8cc081e0918ef0de0a7ffc,2026-10-05T06:08:15,selfdestruct_context,0x6ac2cb93,true
26121822,0xb83c1997401233ed1427b3e28b97b6395373c6e1fd9186c04f183c6b1a1b0058,0x85c2e985a4fb5c3ff25ee27ee424abd851e4cb33,0xfeeeeee44046c3f61a8cc081e0918ef0de0a7ffc,2026-10-05T06:08:15,selfdestruct_context,0x6ac2cb93,true
26121822,0xd293ba3374a8be21d70ac5acd81c9382038484dcdeef3e7a017a74c8d2726df6,0xd6434d157f254276d69ede3bd9fc805482206908,0x7ec8a30a34b86927dc77b302603d1d53e640bef7,2026-10-05T06:08:15,repeated_internal_token_drain;dense_internal_fund_flow;complex_trace;high_gas_used_context;token_activity_burst;repeated_risky_internal_calls,0xa9059cbb,true
26121822,0xd417b3d8ef5028fbb949af1a7360b5fa2facecf67e6383332b2f65c754ca6f7c,0x6c14f56559d10bf2f6d59ae2ac06c09b37f203a7,0xd35804a63f13a1eccf0aeb6b5c403fbe3e22cd01,2026-10-05T06:08:15,complex_trace;high_gas_used_context;token_activity_burst,0x2080c02a,false
26121822,0xd74400ff243d341f18d9fd5abb76fa46d4bc1c8a89852fef0a931811a0d66da3,0x85c2e985a4fb5c3ff25ee27ee424abd851e4cb33,0xfeeeeee44046c3f61a8cc081e0918ef0de0a7ffc,2026-10-05T06:08:15,selfdestruct_context,0x6ac2cb93,true
26121822,0xef8d84b214b3e4d61b20ea7ed60585a46630934616d9304a0dcfd9b07b3c0346,0x85c2e985a4fb5c3ff25ee27ee424abd851e4cb33,0xfeeeeee44046c3f61a8cc081e0918ef0de0a7ffc,2026-10-05T06:08:15,selfdestruct_context,0x6ac2cb93,true
26121822,0xf018d0acb1653d07415b3b0dd5b62bf1abdfbe5f5c3436ce357b6ce4fc6a8bd3,0x85c2e985a4fb5c3ff25ee27ee424abd851e4cb33,0xfeeeeee44046c3f61a8cc081e0918ef0de0a7ffc,2026-10-05T06:08:15,selfdestruct_context,0x6ac2cb93,true
26121822,0xf197c000019e1edfc65f22118dc734db6b4de0c1e0725439b14e2270abd7b3a2,0x85c2e985a4fb5c3ff25ee27ee424abd851e4cb33,0xfeeeeee44046c3f61a8cc081e0918ef0de0a7ffc,2026-10-05T06:08:15,selfdestruct_context,0x6ac2cb93,true
26121822,0xfbcdcaba4bac44745f25096f642345427b6ad3f7e0482deca9f0992fe9f0482a,0x85c2e985a4fb5c3ff25ee27ee424abd851e4cb33,0xfeeeeee44046c3f61a8cc081e0918ef0de0a7ffc,2026-10-05T06:08:15,selfdestruct_context,0x6ac2cb93,true
26121823,0x0a04742d7b2033e97540a211f9ec73ab77089482ae4779c20cc8285cb19cd257,0x85a73f63309128d53928ee891e6e11e2b4695c20,0xf0ccfbf6dba1e01ccb833ced6d551a8f000e9721,2026-10-05T06:08:16,complex_trace;high_gas_used_context,0x087be49f,false
26121823,0x179be26b8094da4f6d646021ef44f4eda2eb8b8023a4a10ba7bdd24b3e4e31b4,0x92a8d5ce2ecc201be0d707f4922ab6484bb50d61,0x9689992f5b5c09447f15906d8d11214944488341,2026-10-05T06:08:16,dense_internal_fund_flow;complex_trace,0x3e0f9c3c,true
26121823,0x18dce5af9114d740ed2faa478fad968a58b133ceaffd157c436e69840dea93a4,0xca7ded7e4f4ba8ab3b10009236ae6d1b95094589,0xccc88a9d1b4ed6b0eaba998850414b24f1c315be,2026-10-05T06:08:17,complex_trace;high_gas_used_context;token_activity_burst,0x0a2b8f36,false
26121823,0x33b7acb8768191403aabbec2f6ee5a26b7d64c6bb15d3e61104e2d7ebeecf540,0x7202932b3be70edf0657d5bada261d610e0d7db9,0x0000000071727de22e5e9d8baf0edac6f37da032,2026-10-05T06:08:17,complex_trace;high_gas_used_context,0x765e827f,false
26121823,0x6c416ecefbfa858fc34a4c038e32a524aa66c03eda95acfcfeb8826e1a4e369e,0x80d04079ffc53eb14edbeeb37279d126f45552df,0x33bc08b5997d0f19fc68b8e95fec52880c2bd8a6,2026-10-05T06:08:17,repeated_internal_token_drain;dense_internal_fund_flow;complex_trace;token_activity_burst;repeated_risky_internal_calls,0x8aaa8f3b,true
26121823,0xabc02486fb7a38b57bc53acfc240cdb347884ecd350dd057fce60d0a60330383,0xa96f5ed8127eeb15ae10b5775295c21ecb203c4d,0xe2f707444d676504ae55edf4d60f939ab2e95abc,2026-10-05T06:08:17,repeated_internal_token_drain;dense_internal_fund_flow;complex_trace;high_gas_used_context;token_activity_burst;approval_burst;repeated_risky_internal_calls,0x7da5efc8,true
26121823,0xbabb980c250877d43605fd1f400b930eafae360e691412b6be2b185ecbd5093f,0x4838b106fce9647bdf1e7877bf73ce8b0bad5f97,0xfeeeeee44046c3f61a8cc081e0918ef0de0a7ffc,2026-10-05T06:08:17,selfdestruct_context,0x6ac2cb9f,true
26121823,0xbb88abd10ac1c05d492749d907d872e89e4f48b73b57bee347432302dd0657a6,0x4337011463ef6bd863e47e7b5e743d2522261131,0x4337084d9e255ff0702461cf8895ce9e3b5ff108,2026-10-05T06:08:17,complex_trace;high_gas_used_context,0x765e827f,false
26121824,0x4becc5ae228f11fddd7e049d208929ae040d3468ce311c63d8d04a66b7716388,0x85a73f63309128d53928ee891e6e11e2b4695c20,0xf0ccfbf6dba1e01ccb833ced6d551a8f000e9721,2026-10-05T06:08:18,complex_trace;high_gas_used_context,0x087be49f,false
26121824,0x73735c81191be6d26176716618ee59a4ca68a61968f04885c0d4f976f3646250,0x7556699aa8e6a7c9c69bcfaf9debd05f8192b063,0x7f3d4b092559b17f2227699a1f39cd56a90ef749,2026-10-05T06:08:18,complex_trace;high_gas_used_context,0xe587456a,false
26121824,0x78bd4b1f485fbeea3b768d7968c9a5bff203537ae2b5659aeac3820acb8c2118,0x5b43453fce04b92e190f391a83136bfbecedefd1,0xbdb3ba9ffe392549e1f8658dd2630c141fdf47b6,2026-10-05T06:08:18,complex_trace;high_gas_used_context;token_activity_burst,0x000000c3,false
26121824,0xf1b6d367b559ad797fcd5b638f0473c7b824fec1e0aeae36041f9002f6d2020b,0x4108e8b5dbc12d28f1528008cce36cea9d7e972a,0x6131b5fae19ea4f9d964eac0408e4408b66337b5,2026-10-05T06:08:18,complex_trace;high_gas_used_context,0xe21fd0e9,false
26121824,0xfe2ac43d7f01728f8a4542effc37f6607af1d56967653466896d4ccb2ad0a0e8,0x4838b106fce9647bdf1e7877bf73ce8b0bad5f97,0xfeeeeee44046c3f61a8cc081e0918ef0de0a7ffc,2026-10-05T06:08:18,selfdestruct_context,0x6ac2cbab,true
26121825,0x07ffdcfc3d70ec844199f27b73cb19c99b7c3a5638bf6b3337593a4787bf1ac3,0x949fcc554c5747179300cd39687d344e66293df8,0xf91fbd15b5c8da6079ef5cba6d7a8da1b1d1e2bc,2026-10-05T06:09:20,dense_internal_fund_flow;complex_trace,0xa9967a5b,true
26121825,0xa6b877484111b35468176c3a55f313a22a28734cc7045ade3be714cb8257b284,0x4838b106fce9647bdf1e7877bf73ce8b0bad5f97,0xfeeeeee44046c3f61a8cc081e0918ef0de0a7ffc,2026-10-05T06:09:20,selfdestruct_context,0x6ac2cbb7,true
26121825,0xafca64e365e7c68b2d1a938a41b3e3ae2704be8e44f80ba4b659c472fea896ae,0xf642d926d3630181c0794b38bc74dfe8f48baef3,0x9c2ff3c21945ddaef4605b7721e01832fd2f4a41,2026-10-05T06:09:20,complex_trace;high_gas_used_context,0x16fce907,false
26121825,0xba5eb60cdddad8c3452e1840f083ce5a2d0e2d712d308313f18ef16ec1662bd5,0x7830c87c02e56aff27fa8ab1241711331fa86f43,0xa9d1e08c7793af67e9d92fe308d5697fb81d3e43,2026-10-05T06:09:20,dense_internal_fund_flow,0x1a1da075,true
26121825,0xc77ef4c660aad1efe29ac8c18d5ceee7d11b712a216e97a6a2a26fe7e892bbe0,0x85a73f63309128d53928ee891e6e11e2b4695c20,0xf0ccfbf6dba1e01ccb833ced6d551a8f000e9721,2026-10-05T06:09:20,complex_trace;high_gas_used_context,0x087be49f,false
26121825,0x5bbe31c3fc6fec0a60823a8e68fd682c02e7df7562c12200573261c1e9764a09,0x4838b106fce9647bdf1e7877bf73ce8b0bad5f97,0xfeeeeee44046c3f61a8cc081e0918ef0de0a7ffc,2026-10-05T06:09:21,selfdestruct_context,0x6ac2cbb7,true
26121825,0xed364b4407050c37f96f9811b79504848730cf78b0edc18805288b32612cfb21,0xa5a5491bca93dd4c076e4906e79e7673f4a5a142,0xccc88a9d1b4ed6b0eaba998850414b24f1c315be,2026-10-05T06:09:21,dense_internal_fund_flow;complex_trace,0x0a2b8f36,true
26121826,0x0c2655a7d0b9bb6613f20b7f303bf6160f6f84a78ca48c72ff803eb4603d3688,0xac6a989341fec0f643e42c1a8dac82294e3699e6,0x881d40237659c251811cec9c364ef91dc08d300c,2026-10-05T06:09:53,complex_trace;high_gas_used_context;token_activity_burst,0x5f575529,false
26121826,0x87e516231159332a771bfe424e0738515b586f391eaf97b43689c22508f8d8e6,0x85a73f63309128d53928ee891e6e11e2b4695c20,0xf0ccfbf6dba1e01ccb833ced6d551a8f000e9721,2026-10-05T06:09:53,complex_trace;high_gas_used_context,0x087be49f,false
26121826,0xbe37d64b152874999c5c078c97aea685e6f74af99c8e03e6aa3c5b0068762ed8,0x7c859db639bcd95f48464b14271a2aace0658503,0x0000000000367715a1c746bd336b65e5954c7660,2026-10-05T06:09:53,dense_internal_fund_flow;complex_trace,0x537760b2,true
26121826,0xcde38a901eafa4f8c556da110f63373e2dbe3db1fae8fee80e54491e560c11b0,0x5b43453fce04b92e190f391a83136bfbecedefd1,0xbdb3ba9ffe392549e1f8658dd2630c141fdf47b6,2026-10-05T06:09:53,dense_internal_fund_flow;complex_trace;high_gas_used_context;token_activity_burst,0x000000c3,true
26121826,0x523a0a1a487df6882f71168f2b71c52f28551270364eb02f3b376ff451a03743,0xd6434d157f254276d69ede3bd9fc805482206908,0x7ec8a30a34b86927dc77b302603d1d53e640bef7,2026-10-05T06:09:54,repeated_internal_token_drain;dense_internal_fund_flow;complex_trace;high_gas_used_context;token_activity_burst;repeated_risky_internal_calls,0xa9059cbb,true
26121826,0xf5671b2a7b03d8db8e32ff6b4b21821ac418fe32eb192db8b2ed77ff8b2d90aa,0x4838b106fce9647bdf1e7877bf73ce8b0bad5f97,0xfeeeeee44046c3f61a8cc081e0918ef0de0a7ffc,2026-10-05T06:09:54,selfdestruct_context,0x6ac2cbc3,true
26121827,0x9479e313195620c69dfdfad7ee41b8d6905da8d76a9a95f4b667c8b7eb9ae456,0x85a73f63309128d53928ee891e6e11e2b4695c20,0xf0ccfbf6dba1e01ccb833ced6d551a8f000e9721,2026-10-05T06:10:27,complex_trace;high_gas_used_context,0x087be49f,false
26121827,0x97fb57c7623770f04bb81bd6e56e6e1e25cad72cc0793c0fd44548a4a779affc,0xbee4b69f6821ee7196182788392ff188bac99011,0xbee3211ab312a8d065c4fef0247448e17a8da000,2026-10-05T06:10:27,complex_trace;high_gas_used_context,0x4cf3fe9c,false
26121827,0xa927a15198790543f56c00566a92524604be89afc3d1e7060521b89963a8acc5,0xfd8f979e26cce0c2891c6e00f18f208521e0e080,0x6131b5fae19ea4f9d964eac0408e4408b66337b5,2026-10-05T06:10:27,repeated_internal_token_drain;dense_internal_fund_flow;very_complex_trace;high_gas_used_context;token_activity_burst,0xe21fd0e9,true
26121827,0xdf9c92d86e96fc2ed5e2685674ff7fe64d69619164598d0f26b8babb3dbf2be0,0x64b230d4d75a8f12fa6c252b1e46c57a196e8833,0xe742f9df04a61ac0a6aea0b87d3c3b96ac6eea88,2026-10-05T06:10:27,dense_internal_fund_flow,0x87614bb9,true
26121827,0xedfe56477153dd697b3cc145ac38c42bb33565f2e4ad6d90751410e63f330734,0x4337021d22bcd0775a0fd1b4a6665051dc15d995,0x4337084d9e255ff0702461cf8895ce9e3b5ff108,2026-10-05T06:10:27,dense_internal_fund_flow;complex_trace,0x765e827f,true
26121827,0x1cdb06c5a9118fe87f67fe6f203f3f324c91352c6c8a41cbd1f02cea73dd6bf0,0xdadb0d80178819f2319190d340ce9a924f783711,0xfeeeeee44046c3f61a8cc081e0918ef0de0a7ffc,2026-10-05T06:10:28,selfdestruct_context,0x6ac2cbcf,true
26121827,0x5b5adc7ec2f16d78e44d207ab94ef13a2871e0b28d2d2fca0d48c93b748d8795,0xd6434d157f254276d69ede3bd9fc805482206908,0x7ec8a30a34b86927dc77b302603d1d53e640bef7,2026-10-05T06:10:28,repeated_internal_token_drain;dense_internal_fund_flow;very_complex_trace;high_gas_used_context;token_activity_burst;repeated_risky_internal_calls,0xa9059cbb,true
26121827,0xf57ddcda574b43329f7c3192da7bf4e0f63cba7f75f928bc6b7d27d67aabd744,0xdadb0d80178819f2319190d340ce9a924f783711,0xfeeeeee44046c3f61a8cc081e0918ef0de0a7ffc,2026-10-05T06:10:28,selfdestruct_context,0x6ac2cbcf,true
26121827,0xf6e46965c988149c0a7bf6d3e605aec3e65dd1c3755132b2ef7c4dd89236c777,0xdadb0d80178819f2319190d340ce9a924f783711,0xfeeeeee44046c3f61a8cc081e0918ef0de0a7ffc,2026-10-05T06:10:28,selfdestruct_context,0x6ac2cbcf,true
26121829,0x27e84c413ff0a6f34e96e15350a6d94feb121c4e17cff9dd139f1de7b56d06a7,0x8385c09eff88cabb3523988010c4ca0c5c7a54e3,0x45312ea0eff7e09c83cbe249fa1d7598c4c8cd4e,2026-10-05T06:10:30,dense_internal_fund_flow,0xc872a3c5,true
26121829,0x61633e718651b74018716a409430f2a6260fee5b6f3f89d8c040c1c0854af5be,0x9a14bac8263b3493ef32b029edfa8c65cb6d7bc0,0x4f79f0f2376e29b0437666e630ac8931272122bc,2026-10-05T06:10:30,complex_trace;high_gas_used_context,0x1fa9a21e,false
26121829,0x7083ac65c9483c2e6ec1a93e7138dc9b15fa3a4eafc000225b2de2a510e7c89a,0x64b230d4d75a8f12fa6c252b1e46c57a196e8833,0xe742f9df04a61ac0a6aea0b87d3c3b96ac6eea88,2026-10-05T06:10:30,dense_internal_fund_flow,0x87614bb9,true
26121829,0x72d96e8cf176615461adc78c65bff255c2a82edd64301af830d0865ebe33aeea,0x7830c87c02e56aff27fa8ab1241711331fa86f43,0xa9d1e08c7793af67e9d92fe308d5697fb81d3e43,2026-10-05T06:10:30,dense_internal_fund_flow,0x1a1da075,true
26121829,0x9e1c92ac30752654747b81a78014b3cc9d859362e02b745e54a00a7e4a7e4f0c,0xb3d4518cadc7054ec43c61a668c21c3772353f9d,0xd64ef1417eb047ed0b54736a5a41f01178c391c6,2026-10-05T06:10:30,dense_internal_fund_flow;very_complex_trace;high_gas_used_context,0x10c07082,true
26121829,0xa547d593457ea9dd7cf6bd5e89d5846ff5e3d64aaffa53dcdee2d6aa2fa610da,0x25f4c6c1e5cc564071a1dc1768a1f1ff0ba9d5a1,0x0aa6f2988722c1f5ef8d1e2f2fbb75676093358c,2026-10-05T06:10:30,complex_trace;approval_burst,0x09c5eabe,false
26121829,0xf434fd5163b98cf61c0d8dd5938ae9605e0f30dd8f78f1275ec046dfc136abee,0x61e77b17136aa0cd4a986ec0577a2fc7aa8bba21,0x881d40237659c251811cec9c364ef91dc08d300c,2026-10-05T06:10:30,dense_internal_fund_flow;complex_trace;high_gas_used_context;token_activity_burst,0x5f575529,true
26121829,0xf61b5d9074e21b595408891e780a40405964370a6cc12f486464fba551744738,0xc6acbee42e9e323140c1ed060c2f6ea9cc3b4b75,0x7c5a71c9fefbc7691f9d4ac7baf70c743792f716,2026-10-05T06:10:30,selfdestruct_context,0xf3fef3a3,false
26121829,0x652c619ba0cacc0e230a8b782ab8ace35683a92057c4fafb5d26b726bc546639,0x85a73f63309128d53928ee891e6e11e2b4695c20,0xf0ccfbf6dba1e01ccb833ced6d551a8f000e9721,2026-10-05T06:10:31,complex_trace;high_gas_used_context,0x087be49f,false
26121829,0x6e325e11c4f8083790e6b414c8ae4d62b66c8141fde9cec5148c61713cadb442,0xdadb0d80178819f2319190d340ce9a924f783711,0xfeeeeee44046c3f61a8cc081e0918ef0de0a7ffc,2026-10-05T06:10:31,selfdestruct_context,0x6ac2cbe7,true
26121829,0x9d624a6052eda81f805f3223762cae74bcb85db2bcbccab0a2f88cc17d5316a1,0xd6434d157f254276d69ede3bd9fc805482206908,0x7ec8a30a34b86927dc77b302603d1d53e640bef7,2026-10-05T06:10:31,repeated_internal_token_drain;dense_internal_fund_flow;complex_trace;high_gas_used_context;token_activity_burst;repeated_risky_internal_calls,0xa9059cbb,true
26121829,0xb62340a0a86ea9293afe72ddd1b2f7ad36ccc5da118cdccb49a00046a1b48f11,0x8b5606469e21c75edd7c74d1c7a65824675d9aff,0x9ccc2f3ecde026230e11a5c8799ac7524f2bb294,2026-10-05T06:10:31,dense_internal_fund_flow;complex_trace,0x1bc74526,true
26121829,0xc8ecf0a9299d518c209b40c71e2f2bafee7b44a5a3045a41ef7617f034c64fad,0xe487832018fbd594c84f1db3dfac61cde98a5f36,0x82c89d6ba0881a8b9e804aadfa0955d9acf7ba1f,2026-10-05T06:10:31,very_complex_trace;high_gas_used_context,0x656a7675,false
26121829,0xdfaa74bce8fbc21d6d20815a8a359cd8e7f8e3db45a9868cd441df922b329e16,0xdadb0d80178819f2319190d340ce9a924f783711,0xfeeeeee44046c3f61a8cc081e0918ef0de0a7ffc,2026-10-05T06:10:31,selfdestruct_context,0x6ac2cbe7,true
26121829,0xe257ef56510c5c9811c3a3adf609466686fae00dee1598aa5951e34f765a305b,0xdadb0d80178819f2319190d340ce9a924f783711,0xfeeeeee44046c3f61a8cc081e0918ef0de0a7ffc,2026-10-05T06:10:31,selfdestruct_context,0x6ac2cbe7,true
26121830,0x053bd58cc6a20e615c42f67e1e7386fd30d5ee12948e1be749980e9c4f675241,0x8bf44b00436d41fef72474bb0fa0778f7bf956ac,0x1103fc560de8b710983e7f3ec09d587f3f848566,2026-10-05T06:10:32,dense_internal_fund_flow,0x03f3fe26,true
26121830,0x2278fdb19d8f8b97b70c5c572ecd7e9c1eb2f759c61a96f3ddc8c656578d3963,0x85a73f63309128d53928ee891e6e11e2b4695c20,0xf0ccfbf6dba1e01ccb833ced6d551a8f000e9721,2026-10-05T06:10:32,complex_trace;high_gas_used_context,0x087be49f,false
26121830,0x6b2e0740ad081600a5288ccb71938db9793e571b366ac28c90c66aeb42e9a897,0x429cbcfde3f838405cf1a409c02b9613c84dae27,0x950fd558f47e234a2fde23b7d61f7ccdbcb4a86f,2026-10-05T06:10:32,dense_internal_fund_flow;complex_trace,0xdd225095,true
26121830,0xc28ea6730aac1e771d17583b1747b500ce08f6ba598e5fd4d4981093ef90fab0,0x5b43453fce04b92e190f391a83136bfbecedefd1,0xbdb3ba9ffe392549e1f8658dd2630c141fdf47b6,2026-10-05T06:10:32,complex_trace;token_activity_burst,0x000000c3,false
26121830,0x06a7cb2d837a10eedab0a429628bd4fddc8e5b3e05f34649516b5c353a8e0f52,0xe487832018fbd594c84f1db3dfac61cde98a5f36,0x91ff8bbd8ebb07893010d50a48a1609e5ebd8e34,2026-10-05T06:11:03,complex_trace;high_gas_used_context,0x069d1525,false
26121830,0x7100fbe35c7a4eb7f206dd199e26968966968599283b32668dce280223d8d568,0x4838b106fce9647bdf1e7877bf73ce8b0bad5f97,0xfeeeeee44046c3f61a8cc081e0918ef0de0a7ffc,2026-10-05T06:11:34,selfdestruct_context,0x6ac2cbf3,true
26121830,0xd69ed2e15eb8f1f7275f3b4074635f2ab28f5b2d2296ec0b4d6140a213184f6d,0x64b230d4d75a8f12fa6c252b1e46c57a196e8833,0xe742f9df04a61ac0a6aea0b87d3c3b96ac6eea88,2026-10-05T06:11:34,dense_internal_fund_flow,0x87614bb9,true
26121831,0x0930e11f4ec6d32a209a5b4d9df7752754fd2e56e71221a3ffd717c255cb59a5,0x85a73f63309128d53928ee891e6e11e2b4695c20,0xf0ccfbf6dba1e01ccb833ced6d551a8f000e9721,2026-10-05T06:12:06,complex_trace;high_gas_used_context,0x087be49f,false
26121831,0x34532a026b65a1364f4b87ea3d35804c6ee183e27a3c1e3005037ccf9671a013,0xa3ab2b10bf2508a9e4455a35e2f4a9d0ced18464,0x91ff8bbd8ebb07893010d50a48a1609e5ebd8e34,2026-10-05T06:12:06,complex_trace;high_gas_used_context,0x069d1525,false
26121831,0x3fc16acbc90222e1f77c382acad326614309f2d08f122d473ec70b7183ac5e7a,0xaea8c6444a5e4efd738a6ec51f3d0ed0928c110b,0x6131b5fae19ea4f9d964eac0408e4408b66337b5,2026-10-05T06:12:06,complex_trace;high_gas_used_context,0xe21fd0e9,false
26121831,0x5e6e194f6ef74ae11c2bda409b9197c2777d5faccfc99fb9aa5ef75691323eb3,0x4838b106fce9647bdf1e7877bf73ce8b0bad5f97,0xfeeeeee44046c3f61a8cc081e0918ef0de0a7ffc,2026-10-05T06:12:06,selfdestruct_context,0x6ac2cbff,true
26121831,0x92a35697f7163bb94b835e70916b9853c09dd5deb135a080d097cd12f1e1630f,0x5a9ce6113eb1a3d6cb3ee9739b438c6f0c8d32c7,0x91ff8bbd8ebb07893010d50a48a1609e5ebd8e34,2026-10-05T06:12:06,complex_trace;high_gas_used_context,0x069d1525,false
26121832,0xde8f73e200c771346a606deb0853c28b4d2613b7b4025d0dd2c4448d19c7693a,0x85a73f63309128d53928ee891e6e11e2b4695c20,0xf0ccfbf6dba1e01ccb833ced6d551a8f000e9721,2026-10-05T06:12:07,complex_trace;high_gas_used_context,0x087be49f,false
26121832,0x3d4dbcab826c40db1e8052bddc36d9092a0497b3cd5da62b0c3017e89ce50a0d,0xb4e7249020beb799de759a29b00aeb244a3e3068,0x4ecc9754e80a5f97f54500a750296531219fbf81,2026-10-05T06:12:08,dense_internal_fund_flow;high_gas_used_context;token_activity_burst,0xa9059cbb,true
26121832,0x4d82511167280b75920118569fa36a27423cf576016ea9ec649802c7ecf53da6,0x91355870a334ffc33e84503327773259e3030366,0x7e93093f58771780df74d72144efd618f514283d,2026-10-05T06:12:08,dense_internal_fund_flow;token_activity_burst,0xa9059cbb,true
26121832,0x4fe7fa9860c1ead34fab90be27902d4b7a1e47fe84017d56a2bfae53d5dfe0d7,0x4c187197452b300e890233a7c7230af485d796d7,0x4ecc9754e80a5f97f54500a750296531219fbf81,2026-10-05T06:12:08,dense_internal_fund_flow;token_activity_burst,0xa9059cbb,true
26121832,0x7bddc2ecb6234d252ae32e5838ed45fde8abe6ad7146694d50de5b90e73c68bc,0xd6434d157f254276d69ede3bd9fc805482206908,0x7ec8a30a34b86927dc77b302603d1d53e640bef7,2026-10-05T06:12:08,repeated_internal_token_drain;dense_internal_fund_flow;complex_trace;high_gas_used_context;token_activity_burst;repeated_risky_internal_calls,0xa9059cbb,true
26121832,0xc5dc816a1acfcb8ea748d1864a1f8c11686545992e26c4ce55efa7eec1eb2d12,0x1584a8ee67789d1fe161065388657ad2f2a3c7dd,0x77eb52e44db06777bce478159f25c0d55a295314,2026-10-05T06:12:08,repeated_internal_token_drain;dense_internal_fund_flow;very_complex_trace;high_gas_used_context;token_activity_burst;repeated_risky_internal_calls,0xa9059cbb,true
26121832,0xe829621d376d89859d37ed9132f979d7202301c1cbbefe2f59ab4c68a9ef7919,0x80d04079ffc53eb14edbeeb37279d126f45552df,0x33bc08b5997d0f19fc68b8e95fec52880c2bd8a6,2026-10-05T06:12:08,repeated_internal_token_drain;dense_internal_fund_flow;complex_trace;token_activity_burst;repeated_risky_internal_calls,0x8aaa8f3b,true
26121832,0x787dd44ed77d045620372d44cb48e3fb96b2a3d727ccbe086f54d8764003e4ce,0x396343362be2a4da1ce0c1c210945346fb82aa49,0xfeeeeee44046c3f61a8cc081e0918ef0de0a7ffc,2026-10-05T06:12:09,selfdestruct_context,0x6ac2cc0b,true
26121832,0x963d23812180f1d9df3e4fd86078dced9a4b060c381167986dd3060ba9956a05,0x396343362be2a4da1ce0c1c210945346fb82aa49,0xfeeeeee44046c3f61a8cc081e0918ef0de0a7ffc,2026-10-05T06:12:09,selfdestruct_context,0x6ac2cc0b,true
26121832,0xdbf486b4cc0e544d6714f4f155d7e12b455e304e6ef3d56b0d057fb9d4539622,0x396343362be2a4da1ce0c1c210945346fb82aa49,0xfeeeeee44046c3f61a8cc081e0918ef0de0a7ffc,2026-10-05T06:12:09,selfdestruct_context,0x6ac2cc0b,true
26121832,0xdca9a98cf233145c1856f5ce6949db9e688e44aa6cc77cde237e17678f4d7842,0x82ab9b3eea855edebcae33b20fac3cc6800f3597,0xf4e147db314947fc1275a8cbb6cde48c510cd8cf,2026-10-05T06:12:09,privileged_execution_context,0x760d0f9d,false
26121832,0xef30d316c49f3e9b0c40732517c05a09418da8545d8592f3717b4bb008114216,0x396343362be2a4da1ce0c1c210945346fb82aa49,0xfeeeeee44046c3f61a8cc081e0918ef0de0a7ffc,2026-10-05T06:12:09,selfdestruct_context,0x6ac2cc0b,true
26121833,0x02a24fe9a5ae24736162ad4c2032097e11432f00e650b5bd92eb70ed581abcf2,0x1584a8ee67789d1fe161065388657ad2f2a3c7dd,0x77eb52e44db06777bce478159f25c0d55a295314,2026-10-05T06:12:10,repeated_internal_token_drain;dense_internal_fund_flow;complex_trace;high_gas_used_context;token_activity_burst;repeated_risky_internal_calls,0xa9059cbb,true
26121833,0x09a398d64f043efbb7af69ac2546d87fcce7427804acf6b69593fafd30b6c3c5,0x4838b106fce9647bdf1e7877bf73ce8b0bad5f97,0xfeeeeee44046c3f61a8cc081e0918ef0de0a7ffc,2026-10-05T06:12:10,selfdestruct_context,0x6ac2cc17,true
26121833,0x1ef7776b7276f71a1dff6b0ec7f55198e896872c2ea5d19c188c38e2d987fee7,0xae2fc483527b8ef99eb5d9b44875f005ba1fae13,0x1f2f10d1c40777ae1da742455c65828ff36df387,2026-10-05T06:12:10,complex_trace;high_gas_used_context,0x2b66acdb,false
26121833,0x20ed06ba6f971acf5ca1cdf461c922bc9772c3030200cbdfba8a05bbe5036084,0x47c0a731008bcae586eaf43429e08ffb5a9e66d0,0x4ecc9754e80a5f97f54500a750296531219fbf81,2026-10-05T06:12:10,dense_internal_fund_flow;token_activity_burst,0xa9059cbb,true
26121833,0x4f810dfa3af648e02c494cf2dcfe9fdfb17b0f286038b059490d2a109bbfa97a,0x85a73f63309128d53928ee891e6e11e2b4695c20,0xf0ccfbf6dba1e01ccb833ced6d551a8f000e9721,2026-10-05T06:12:10,complex_trace;high_gas_used_context,0x087be49f,false
26121833,0x6f80435e0979cea45c1ae581aa1bb7b24ca1f958e28b862f679cf126622f916a,0x6640697e10522ebc30e77a3677e52e767a5cd25c,0x4ecc9754e80a5f97f54500a750296531219fbf81,2026-10-05T06:12:10,dense_internal_fund_flow;high_gas_used_context;token_activity_burst,0xa9059cbb,true
26121833,0x78b5b9e9249b15833745c2995e6d43819dd5ed0e763c4806f177e95f66518f6f,0x7556699aa8e6a7c9c69bcfaf9debd05f8192b063,0x7f3d4b092559b17f2227699a1f39cd56a90ef749,2026-10-05T06:12:10,complex_trace;high_gas_used_context,0xe587456a,false
26121833,0x8c2ae954b0d20a2b99e6e2a5978ffb0999d4ccfd46cb3535abf8d3a791bad570,0x5caa2b55aa4ac56d4798ed70eaf35b9b58c32cf2,0x6131b5fae19ea4f9d964eac0408e4408b66337b5,2026-10-05T06:12:10,dense_internal_fund_flow;complex_trace;high_gas_used_context;token_activity_burst,0xe21fd0e9,true
26121834,0x354ad65fabd7e959bf1c01f6d0e92ebbf189c35064ca47e6ff32086ce6217bad,0x85a73f63309128d53928ee891e6e11e2b4695c20,0xf0ccfbf6dba1e01ccb833ced6d551a8f000e9721,2026-10-05T06:12:11,complex_trace;high_gas_used_context,0x087be49f,false
26121834,0x5f13d140caee3258117aeab958a41d65f998dbfea3aa5b870d107daacfae0096,0x06c2846605473d60a3fb2f7180aec05823f9f4e4,0x467e8c6aeb0b84629ba81aca2b6e3156e6f28baa,2026-10-05T06:12:11,complex_trace;high_gas_used_context;approval_burst,0x166c14e3,false
26121834,0xaf23815817465bea7b1cd5ec09c452f5688dd84d4179e45dec40a04245528dd1,0xc193f2dcc56f08ff71e6c7296f5e78f527891a57,0x03f34be1bf910116595db1b11e9d1b2ca5d59659,2026-10-05T06:12:11,dense_internal_fund_flow;complex_trace,0xe47d166c,true
26121834,0xd7aba5c0511425e8b3e891a644703c15821c5f694b54c3d872cb4a20f3658f4d,0x22face80f43b857141e9752c3bae8c3309fcdd0f,0xa1368d53a26b6f7aacf97575a94b286527f6cf6d,2026-10-05T06:12:11,selfdestruct_context,0xf3fef3a3,false
26121834,0x02692d7eaab70b0328bc6ce6763dae57c4817460a96bc5500a2c88cd00fc4733,0x85c2e985a4fb5c3ff25ee27ee424abd851e4cb33,0xfeeeeee44046c3f61a8cc081e0918ef0de0a7ffc,2026-10-05T06:12:12,selfdestruct_context,0x6ac2cc23,true
26121834,0x082841c8b65f81217a3c66906904da63eaeb0fdf4c611b6fcffbe6c3b29af3fa,0x85c2e985a4fb5c3ff25ee27ee424abd851e4cb33,0xfeeeeee44046c3f61a8cc081e0918ef0de0a7ffc,2026-10-05T06:12:12,selfdestruct_context,0x6ac2cc23,true
26121834,0x0cbfae4008f514491845b5a40048be4ecceb0c574d002e2c23d155683096c6dc,0x85c2e985a4fb5c3ff25ee27ee424abd851e4cb33,0xfeeeeee44046c3f61a8cc081e0918ef0de0a7ffc,2026-10-05T06:12:12,selfdestruct_context,0x6ac2cc23,true
26121834,0x19f025074b0dceaaa05895e6bfa8e8d39be6b1417fe51687dd9a9e67a0aa0ca6,0x85c2e985a4fb5c3ff25ee27ee424abd851e4cb33,0xfeeeeee44046c3f61a8cc081e0918ef0de0a7ffc,2026-10-05T06:12:12,selfdestruct_context,0x6ac2cc23,true
26121834,0x1cd79349c1eb7060ee49c05c3525ca13af7ec5b5b1b9c4314f3e0fe3cbce18e8,0x85c2e985a4fb5c3ff25ee27ee424abd851e4cb33,0xfeeeeee44046c3f61a8cc081e0918ef0de0a7ffc,2026-10-05T06:12:12,selfdestruct_context,0x6ac2cc23,true
26121834,0x1cf7284ded16f74be3e82db6dc97299b50350e443df8fa4a4c75152985b0721f,0x85c2e985a4fb5c3ff25ee27ee424abd851e4cb33,0xfeeeeee44046c3f61a8cc081e0918ef0de0a7ffc,2026-10-05T06:12:12,selfdestruct_context,0x6ac2cc23,true
26121834,0x2b4b242fbf53ed61d5bcc7fd2292e8d21633101e38e6a70fad26e0892ad1dee2,0x85c2e985a4fb5c3ff25ee27ee424abd851e4cb33,0xfeeeeee44046c3f61a8cc081e0918ef0de0a7ffc,2026-10-05T06:12:12,selfdestruct_context,0x6ac2cc23,true
26121834,0x2eeaf5d58d56d527ab570ab5a18dfef3f07d4e2e3e9bef0dd39efd71bb71208f,0x85c2e985a4fb5c3ff25ee27ee424abd851e4cb33,0xfeeeeee44046c3f61a8cc081e0918ef0de0a7ffc,2026-10-05T06:12:12,selfdestruct_context,0x6ac2cc23,true
26121834,0x2f37eb058c115727561ac61ed36b89fd3b37a94f580cf3ff2625e133d567291f,0x85c2e985a4fb5c3ff25ee27ee424abd851e4cb33,0xfeeeeee44046c3f61a8cc081e0918ef0de0a7ffc,2026-10-05T06:12:12,selfdestruct_context,0x6ac2cc23,true
26121834,0x495672d03e3792f112f17631f29df30d1fdc22cd797764285cb190efab8e57c2,0xd6434d157f254276d69ede3bd9fc805482206908,0x7ec8a30a34b86927dc77b302603d1d53e640bef7,2026-10-05T06:12:12,repeated_internal_token_drain;dense_internal_fund_flow;complex_trace;high_gas_used_context;token_activity_burst;repeated_risky_internal_calls,0xa9059cbb,true
26121834,0x5b77f3d97b628c9bc9293b0e25be598d6829b9ef5679acba942f78cec95714a7,0x85c2e985a4fb5c3ff25ee27ee424abd851e4cb33,0xfeeeeee44046c3f61a8cc081e0918ef0de0a7ffc,2026-10-05T06:12:12,selfdestruct_context,0x6ac2cc23,true
26121834,0x5cdf64537629f50fff8accb319bb87af39617b107121c35e8a164a504378db63,0x85c2e985a4fb5c3ff25ee27ee424abd851e4cb33,0xfeeeeee44046c3f61a8cc081e0918ef0de0a7ffc,2026-10-05T06:12:12,selfdestruct_context,0x6ac2cc23,true
26121834,0x66cbf37e318e1fd87fc560df2b0b736bd053e7c5af3e32480e6eb0ad8b5502f7,0x85c2e985a4fb5c3ff25ee27ee424abd851e4cb33,0xfeeeeee44046c3f61a8cc081e0918ef0de0a7ffc,2026-10-05T06:12:12,selfdestruct_context,0x6ac2cc23,true
26121834,0x67fbe3374aba4a664fa6b943226e85a1f155074f4502ae2c6219dad5c56bb4d3,0x85c2e985a4fb5c3ff25ee27ee424abd851e4cb33,0xfeeeeee44046c3f61a8cc081e0918ef0de0a7ffc,2026-10-05T06:12:12,selfdestruct_context,0x6ac2cc23,true
26121834,0x6cb088176539cc64a52e3e6ad292ddcf961f6a21070e4aa7ae2db82c870d0420,0x85c2e985a4fb5c3ff25ee27ee424abd851e4cb33,0xfeeeeee44046c3f61a8cc081e0918ef0de0a7ffc,2026-10-05T06:12:12,selfdestruct_context,0x6ac2cc23,true
26121834,0x6ce7dc5325b4095b6088160c8a1876602bc960df7e8dad164c2e2dd3832a8f06,0x85c2e985a4fb5c3ff25ee27ee424abd851e4cb33,0xfeeeeee44046c3f61a8cc081e0918ef0de0a7ffc,2026-10-05T06:12:12,selfdestruct_context,0x6ac2cc23,true
26121834,0x77dc4b92b9a367711bde9301fbfce93a8c6122beea1ebb8c32646cd9d25290f2,0x85c2e985a4fb5c3ff25ee27ee424abd851e4cb33,0xfeeeeee44046c3f61a8cc081e0918ef0de0a7ffc,2026-10-05T06:12:12,selfdestruct_context,0x6ac2cc23,true
26121834,0x82ed1c2d530d41994ac1facfaf86a1889101c0275a1a644740ef02b4f1cff9de,0x56913b32671184ddc60d4f127ecd69c835aa02f3,0xfeeeeee44046c3f61a8cc081e0918ef0de0a7ffc,2026-10-05T06:12:12,selfdestruct_context,0x6ac2cc23,true
26121834,0x859f978e7c166c225ab25d675f9513a86e7f3096cd76b0825678358c2cc3370e,0x85c2e985a4fb5c3ff25ee27ee424abd851e4cb33,0xfeeeeee44046c3f61a8cc081e0918ef0de0a7ffc,2026-10-05T06:12:12,selfdestruct_context,0x6ac2cc23,true
26121834,0x8d71f06f304daa79f2808c6927d6bae008e5c39fe2e5e30a9ce5149ef55acb57,0x85c2e985a4fb5c3ff25ee27ee424abd851e4cb33,0xfeeeeee44046c3f61a8cc081e0918ef0de0a7ffc,2026-10-05T06:12:12,selfdestruct_context,0x6ac2cc23,true
26121834,0xa1f9fd91c1006abd5e4d29618b7f8092c54139eb8fd6896a0307372e7e247195,0x85c2e985a4fb5c3ff25ee27ee424abd851e4cb33,0xfeeeeee44046c3f61a8cc081e0918ef0de0a7ffc,2026-10-05T06:12:12,selfdestruct_context,0x6ac2cc23,true
26121834,0xa615891dc2af516ae7834fb4cf181a548cbc7cad6747dbbb6659e1ffb660bc41,0x85c2e985a4fb5c3ff25ee27ee424abd851e4cb33,0xfeeeeee44046c3f61a8cc081e0918ef0de0a7ffc,2026-10-05T06:12:12,selfdestruct_context,0x6ac2cc23,true
26121834,0xadbb43ab28aa4847d0237b64aa8d98f483efd2f2bbe2a28a3b3ab96040d303cf,0x85c2e985a4fb5c3ff25ee27ee424abd851e4cb33,0xfeeeeee44046c3f61a8cc081e0918ef0de0a7ffc,2026-10-05T06:12:12,selfdestruct_context,0x6ac2cc23,true
26121834,0xbaf856ac2621ac321a20a4a0621f6e78d6892f4eceeb5943e61cc3e8cf7da540,0x85c2e985a4fb5c3ff25ee27ee424abd851e4cb33,0xfeeeeee44046c3f61a8cc081e0918ef0de0a7ffc,2026-10-05T06:12:12,selfdestruct_context,0x6ac2cc23,true
26121834,0xbd303868a453e5635545dfb69b19318eab277c8f3542a8361e231bd9e0e813f6,0x85c2e985a4fb5c3ff25ee27ee424abd851e4cb33,0xfeeeeee44046c3f61a8cc081e0918ef0de0a7ffc,2026-10-05T06:12:12,selfdestruct_context,0x6ac2cc23,true
26121834,0xc320058d04711e8250316753bfc446780abd7e54137a4700f05721927ddb176e,0x85c2e985a4fb5c3ff25ee27ee424abd851e4cb33,0xfeeeeee44046c3f61a8cc081e0918ef0de0a7ffc,2026-10-05T06:12:12,selfdestruct_context,0x6ac2cc23,true
26121834,0xc70863be5d4a65fe6cf1fe10957ef67c3c9553a53cb02c14abca13ffd4b5c780,0x85c2e985a4fb5c3ff25ee27ee424abd851e4cb33,0xfeeeeee44046c3f61a8cc081e0918ef0de0a7ffc,2026-10-05T06:12:12,selfdestruct_context,0x6ac2cc23,true
26121834,0xd02b12dd134d07caa012007f3fa47a72b438d8b42aa7a24941c155946fb93ee8,0x85c2e985a4fb5c3ff25ee27ee424abd851e4cb33,0xfeeeeee44046c3f61a8cc081e0918ef0de0a7ffc,2026-10-05T06:12:12,selfdestruct_context,0x6ac2cc23,true
26121834,0xd2ce0a29be058ff39aeab4b690edae0ce1fb9fe4f1a28c5e5afed60ba42c7366,0x85c2e985a4fb5c3ff25ee27ee424abd851e4cb33,0xfeeeeee44046c3f61a8cc081e0918ef0de0a7ffc,2026-10-05T06:12:12,selfdestruct_context,0x6ac2cc23,true
26121834,0xddecb8838dc5e486d34678b11af5f244b5ad9fb9da79a781fce0fd63bbe5212f,0x85c2e985a4fb5c3ff25ee27ee424abd851e4cb33,0xfeeeeee44046c3f61a8cc081e0918ef0de0a7ffc,2026-10-05T06:12:12,selfdestruct_context,0x6ac2cc23,true
26121834,0xfb762fa6b1cad7a42fa83862be204c8666a5f565444506dd480d23413aaf2938,0x85c2e985a4fb5c3ff25ee27ee424abd851e4cb33,0xfeeeeee44046c3f61a8cc081e0918ef0de0a7ffc,2026-10-05T06:12:12,selfdestruct_context,0x6ac2cc23,true
26121835,0x2f89e5df2be09059e79d59e17f779616e7e712d6a854fc6863536530f60377aa,0xace000003c87f110c071353da69c7a7a8646d54c,0x85940d36a1f438d4292dd77365d99cc2d1eae3c7,2026-10-05T06:13:15,complex_trace;high_gas_used_context;token_activity_burst,0xd2fca68a,false
26121835,0x58cdd5f22c49129462840d598fb4bcab5391e30c7700930d8eae9958e109656e,0x7830c87c02e56aff27fa8ab1241711331fa86f43,0xa9d1e08c7793af67e9d92fe308d5697fb81d3e43,2026-10-05T06:13:15,dense_internal_fund_flow,0x1a1da075,true
26121835,0xbc58c0ee7b49bab6d69cfe98c153230da222689b0a84894bbbda1f99bc914cf8,0xfa87cd29b75e86461ad5330720d2fdd9a9b25baf,0x8f5835e9d756c9bd934bce527157a4b0ef3c5cb7,2026-10-05T06:13:15,complex_trace;high_gas_used_context,0x5ef68f68,false
26121835,0x5ffe9eb0545a605a7ab05ecf39423efd308e6a1d28a5d4d66570e5afe3c6cf86,0x85a73f63309128d53928ee891e6e11e2b4695c20,0xf0ccfbf6dba1e01ccb833ced6d551a8f000e9721,2026-10-05T06:13:16,complex_trace;high_gas_used_context,0x087be49f,false
26121835,0x2cac2d40f904e9760f8483a60c494621c9a62395c48a944e32a41a33f0749988,0x9fc3da866e7df3a1c57ade1a97c9f00a70f010c8,0xfeeeeee44046c3f61a8cc081e0918ef0de0a7ffc,2026-10-05T06:13:17,selfdestruct_context,0x6ac2cc2f,true
26121836,0x015dcc2ff17ac8cd25cb82122f01c5980d318ee72bad51c80182945803b16195,0x85a73f63309128d53928ee891e6e11e2b4695c20,0xf0ccfbf6dba1e01ccb833ced6d551a8f000e9721,2026-10-05T06:13:18,complex_trace;high_gas_used_context,0x087be49f,false
26121836,0x531f7ba431655af3f30d878c89bf542625fd0c1ed17d91b3276caa9f7c9c1ece,0xfb74767c1ce1aada0a0e114441173b57f8c1571b,0xfeeeeee44046c3f61a8cc081e0918ef0de0a7ffc,2026-10-05T06:13:18,selfdestruct_context,0x6ac2cc3b,true
26121836,0x894eb0b7e1827f01c13336e20765081e76a22f5df2c03a3b8d807bc027dd0a5c,0xfb74767c1ce1aada0a0e114441173b57f8c1571b,0xfeeeeee44046c3f61a8cc081e0918ef0de0a7ffc,2026-10-05T06:13:18,selfdestruct_context,0x6ac2cc3b,true
26121836,0xc95c4bb76a8ea8385a8f76a3a6ccb057fd0e04ac0b8ada79d3e5cec2fea728e0,0xfb74767c1ce1aada0a0e114441173b57f8c1571b,0xfeeeeee44046c3f61a8cc081e0918ef0de0a7ffc,2026-10-05T06:13:18,selfdestruct_context,0x6ac2cc3b,true
26121836,0xdbaa955b7633bef47d3e22a91480f966e9eb5475fb9de4d623d382743380335a,0xc6acbee42e9e323140c1ed060c2f6ea9cc3b4b75,0x7c5a71c9fefbc7691f9d4ac7baf70c743792f716,2026-10-05T06:13:18,selfdestruct_context,0xf3fef3a3,false
26121836,0xf9209d730dfb956b1597b6ec302c6d2d10b2046ed022e814e0bf5e03911f9ff1,0xfb74767c1ce1aada0a0e114441173b57f8c1571b,0xfeeeeee44046c3f61a8cc081e0918ef0de0a7ffc,2026-10-05T06:13:18,selfdestruct_context,0x6ac2cc3b,true
26121837,0xbe3ff08b152fd421052ad76a1fade6ff5ff46914deb82b8b9f01badb68893666,0x16903382895711039edf4aa87b67292261951c15,0xbd216513d74c8cf14cf4747e6aaa6420ff64ee9e,2026-10-05T06:13:19,complex_trace;high_gas_used_context;token_activity_burst,0xb88d4fde,false
26121837,0xef5d928d1f534ef57b68bda3b24e63dddbfefad1cfba2a748ab5b918527d770c,0x85a73f63309128d53928ee891e6e11e2b4695c20,0xf0ccfbf6dba1e01ccb833ced6d551a8f000e9721,2026-10-05T06:13:19,complex_trace;high_gas_used_context,0x087be49f,false
26121837,0x02314cab26c41aa15065415338dde006d9a5174141f9ffc6e7e107c9da3e746a,0x7202932b3be70edf0657d5bada261d610e0d7db9,0x0000000071727de22e5e9d8baf0edac6f37da032,2026-10-05T06:13:20,complex_trace;high_gas_used_context;token_activity_burst,0x765e827f,false
26121837,0x7d8096532177b7a92fd6a972148d279894deb3496e99376aee7f3032d89ed53b,0x4838b106fce9647bdf1e7877bf73ce8b0bad5f97,0xfeeeeee44046c3f61a8cc081e0918ef0de0a7ffc,2026-10-05T06:13:20,selfdestruct_context,0x6ac2cc47,true
26121837,0x8e046191b921c42daefa26328b691e556bc1952622cfc1bc13d56eaffd50f93c,0xe487832018fbd594c84f1db3dfac61cde98a5f36,0x82c89d6ba0881a8b9e804aadfa0955d9acf7ba1f,2026-10-05T06:13:20,very_complex_trace;high_gas_used_context,0x656a7675,false
26121837,0x9e405b5c066445086e7f15026f95dae6d6a2a5fbe642fe5f318f7a0b4bca9232,0x18ce06d54a73d36fe0d505a854a89502c8e044f6,0xabdcac13b637600bc5b954461d769ea531c8ba04,2026-10-05T06:13:20,complex_trace;high_gas_used_context;token_activity_burst,0x0700f403,false
26121837,0xc764f10b75d8e2449b7b3675caf4cb2419da02e81615fa7edcd68add14f42568,0xed62ffcab38b1110daf7c83c7bef39d0ca77c9b6,0x8feab81d36e7576107d5de0758c1b839be31b4f6,2026-10-05T06:13:20,complex_trace;high_gas_used_context,0x0c307f76,false
26121837,0xf9f4222c68f85d323ca282a99cb3f028afe78abe72059146363869fc489161d2,0xc99d6e641fe5fc285564943d1869f3c821eea8f4,0x000000000004598d17aad017bf0734a364c5588b,2026-10-05T06:13:20,complex_trace;high_gas_used_context,0x0fbb12dc,false
26121838,0x07efd0e89995231eaa2e44c11c764b57d54b57bcdc2e66b0c6fb0d1ba7a0d746,0x85c2e985a4fb5c3ff25ee27ee424abd851e4cb33,0xfeeeeee44046c3f61a8cc081e0918ef0de0a7ffc,2026-10-05T06:13:22,selfdestruct_context,0x6ac2cc53,true
26121838,0x0b15622edebbd090b2f592ae5c663a1025d59fc2ba9510eaec9dee1cd89e5802,0x85c2e985a4fb5c3ff25ee27ee424abd851e4cb33,0xfeeeeee44046c3f61a8cc081e0918ef0de0a7ffc,2026-10-05T06:13:22,selfdestruct_context,0x6ac2cc53,true
26121838,0x12762ee37fa69d4cf9d56bf7e6767aef0e1b89211257f43166c9ad4d7503aaba,0x85c2e985a4fb5c3ff25ee27ee424abd851e4cb33,0xfeeeeee44046c3f61a8cc081e0918ef0de0a7ffc,2026-10-05T06:13:22,selfdestruct_context,0x6ac2cc53,true
26121838,0x18e3e3eb74244a4e95a5c283464f2d3fb707618c9e1d8a4cc55cf90bfb61836d,0x85c2e985a4fb5c3ff25ee27ee424abd851e4cb33,0xfeeeeee44046c3f61a8cc081e0918ef0de0a7ffc,2026-10-05T06:13:22,selfdestruct_context,0x6ac2cc53,true
26121838,0x1aa3d8e423f7ad3ae267bf0c9dd3d1b9d6420357e16d5d17925f908ecbc7e7f1,0x85c2e985a4fb5c3ff25ee27ee424abd851e4cb33,0xfeeeeee44046c3f61a8cc081e0918ef0de0a7ffc,2026-10-05T06:13:22,selfdestruct_context,0x6ac2cc53,true
26121838,0x1d4b8ddfab7ddbd2c4d6b8c23920c848165f731821013a64c896c8b3fb9718cf,0x85c2e985a4fb5c3ff25ee27ee424abd851e4cb33,0xfeeeeee44046c3f61a8cc081e0918ef0de0a7ffc,2026-10-05T06:13:22,selfdestruct_context,0x6ac2cc53,true
26121838,0x2425d11f24b3c4868900d4b9eeebda8370e58eaa3be149f067548a4ebc624809,0x85c2e985a4fb5c3ff25ee27ee424abd851e4cb33,0xfeeeeee44046c3f61a8cc081e0918ef0de0a7ffc,2026-10-05T06:13:22,selfdestruct_context,0x6ac2cc53,true
26121838,0x2908648174893a2f7672c0278e4b627b7b940312681fff295cf36fa80d167b14,0x85c2e985a4fb5c3ff25ee27ee424abd851e4cb33,0xfeeeeee44046c3f61a8cc081e0918ef0de0a7ffc,2026-10-05T06:13:22,selfdestruct_context,0x6ac2cc53,true
26121838,0x2f6ad5c794ebf0572fcb0067eed247f190ec2caf57d35df6bd9cc474c9aabef9,0x85c2e985a4fb5c3ff25ee27ee424abd851e4cb33,0xfeeeeee44046c3f61a8cc081e0918ef0de0a7ffc,2026-10-05T06:13:22,selfdestruct_context,0x6ac2cc53,true
26121838,0x32d7c136249acd3f2abc49586790098c36bf73e06c48126dbf159a427ec80995,0x85c2e985a4fb5c3ff25ee27ee424abd851e4cb33,0xfeeeeee44046c3f61a8cc081e0918ef0de0a7ffc,2026-10-05T06:13:22,selfdestruct_context,0x6ac2cc53,true
26121838,0x4754fd92db0c1dc42adaec6b34c2d4758e39395e21413db917428d8504a8bc90,0x85c2e985a4fb5c3ff25ee27ee424abd851e4cb33,0xfeeeeee44046c3f61a8cc081e0918ef0de0a7ffc,2026-10-05T06:13:22,selfdestruct_context,0x6ac2cc53,true
26121838,0x478febb514455440e6758c32cde02a8b3e057ca7109f111d50cbf2b9bb84cd8c,0x85c2e985a4fb5c3ff25ee27ee424abd851e4cb33,0xfeeeeee44046c3f61a8cc081e0918ef0de0a7ffc,2026-10-05T06:13:22,selfdestruct_context,0x6ac2cc53,true
26121838,0x4ee0525df0a18bfb15eb36a14fe8b46d19839f4e53c0e533996525511cbfad4e,0x85c2e985a4fb5c3ff25ee27ee424abd851e4cb33,0xfeeeeee44046c3f61a8cc081e0918ef0de0a7ffc,2026-10-05T06:13:22,selfdestruct_context,0x6ac2cc53,true
26121838,0x6168f970c539972e8d22bb6f804fe07bd2b1ac6c0d84e22e380affca15dcfd55,0x85c2e985a4fb5c3ff25ee27ee424abd851e4cb33,0xfeeeeee44046c3f61a8cc081e0918ef0de0a7ffc,2026-10-05T06:13:22,selfdestruct_context,0x6ac2cc53,true
26121838,0x61c54500dfbad8a1ff0b36ea20abb58953b4ac7e82dbc38d4559aa99d36f1b94,0x85c2e985a4fb5c3ff25ee27ee424abd851e4cb33,0xfeeeeee44046c3f61a8cc081e0918ef0de0a7ffc,2026-10-05T06:13:22,selfdestruct_context,0x6ac2cc53,true
26121838,0x668d9a036ab7c67feb0f465c2c9f1498885d8412dd6ac02ef79fd9b053975433,0x85c2e985a4fb5c3ff25ee27ee424abd851e4cb33,0xfeeeeee44046c3f61a8cc081e0918ef0de0a7ffc,2026-10-05T06:13:22,selfdestruct_context,0x6ac2cc53,true
26121838,0x6cee1f69f30be1d04591f360ed29cc3297c15d7557f4341d7f93cfd4848a23f5,0x56913b32671184ddc60d4f127ecd69c835aa02f3,0xfeeeeee44046c3f61a8cc081e0918ef0de0a7ffc,2026-10-05T06:13:22,selfdestruct_context,0x6ac2cc53,true
26121838,0x6d75f93e41d352b8443c03220b5668f83177cafb065f2f6b4c47f90f7e5ecb67,0x85c2e985a4fb5c3ff25ee27ee424abd851e4cb33,0xfeeeeee44046c3f61a8cc081e0918ef0de0a7ffc,2026-10-05T06:13:22,selfdestruct_context,0x6ac2cc53,true
26121838,0x7022727f1c02eb6542d798e2e4330535de9e37ed0919defa575383b166c54a8a,0xc6acbee42e9e323140c1ed060c2f6ea9cc3b4b75,0x7c5a71c9fefbc7691f9d4ac7baf70c743792f716,2026-10-05T06:13:22,selfdestruct_context,0xf3fef3a3,true
26121838,0x713e7ea8af4d73e4592ba8dc9065bcd329fcfd2c62eded0089db7848801b0fc5,0x85c2e985a4fb5c3ff25ee27ee424abd851e4cb33,0xfeeeeee44046c3f61a8cc081e0918ef0de0a7ffc,2026-10-05T06:13:22,selfdestruct_context,0x6ac2cc53,true
26121838,0x73dbf5944885fb31fdd6aca5732d1ebbfc921866de09f1258b0b5a4d12fd0d42,0x85c2e985a4fb5c3ff25ee27ee424abd851e4cb33,0xfeeeeee44046c3f61a8cc081e0918ef0de0a7ffc,2026-10-05T06:13:22,selfdestruct_context,0x6ac2cc53,true
26121838,0x741e0e6e0f8da184cc8d137d0a71c998f96c4de3c20132557cc316f6ae010d06,0x85c2e985a4fb5c3ff25ee27ee424abd851e4cb33,0xfeeeeee44046c3f61a8cc081e0918ef0de0a7ffc,2026-10-05T06:13:22,selfdestruct_context,0x6ac2cc53,true
26121838,0x76ad932b224492f2fbccb1a44708dc5f93f9fa22a94cadc34d32a4dc1b42833a,0x85c2e985a4fb5c3ff25ee27ee424abd851e4cb33,0xfeeeeee44046c3f61a8cc081e0918ef0de0a7ffc,2026-10-05T06:13:22,selfdestruct_context,0x6ac2cc53,true
26121838,0x7bb119ef1b1f9213a7ba5366c87a608f4f8cff2cdff5b3a0135b7d6d60fcd3f3,0x85c2e985a4fb5c3ff25ee27ee424abd851e4cb33,0xfeeeeee44046c3f61a8cc081e0918ef0de0a7ffc,2026-10-05T06:13:22,selfdestruct_context,0x6ac2cc53,true
26121838,0x7bcf1aedf6e47543920c80d155813f5fff8438b84302591dd46c36a9aa419021,0x85c2e985a4fb5c3ff25ee27ee424abd851e4cb33,0xfeeeeee44046c3f61a8cc081e0918ef0de0a7ffc,2026-10-05T06:13:22,selfdestruct_context,0x6ac2cc53,true
26121838,0x814226e40c1e6beece07e10d98441b854b88de470d859bcac880d8e37d00df57,0x85c2e985a4fb5c3ff25ee27ee424abd851e4cb33,0xfeeeeee44046c3f61a8cc081e0918ef0de0a7ffc,2026-10-05T06:13:22,selfdestruct_context,0x6ac2cc53,true
26121838,0x9011f335ae0a5d0fc71d1c74c06ea52a8558d5a9ac71663f674209986927a71a,0x85c2e985a4fb5c3ff25ee27ee424abd851e4cb33,0xfeeeeee44046c3f61a8cc081e0918ef0de0a7ffc,2026-10-05T06:13:22,selfdestruct_context,0x6ac2cc53,true
26121838,0x913fd44583c7f53be36606876e726527cdf1041ec1a01a232190d41ffc56c707,0x85c2e985a4fb5c3ff25ee27ee424abd851e4cb33,0xfeeeeee44046c3f61a8cc081e0918ef0de0a7ffc,2026-10-05T06:13:22,selfdestruct_context,0x6ac2cc53,true
26121838,0x988c953f40201be3a33278b19675bc7c1171ca0badea150a05fd8fb5c1e37dff,0x85a73f63309128d53928ee891e6e11e2b4695c20,0xf0ccfbf6dba1e01ccb833ced6d551a8f000e9721,2026-10-05T06:13:22,complex_trace;high_gas_used_context,0x087be49f,false
26121838,0x9ad107001f18de33c7b0f1c5ea009317220f371f8a064134644b197bdc1c1a6b,0x85c2e985a4fb5c3ff25ee27ee424abd851e4cb33,0xfeeeeee44046c3f61a8cc081e0918ef0de0a7ffc,2026-10-05T06:13:22,selfdestruct_context,0x6ac2cc53,true
26121838,0xa89240e9205366b8c0034f2cce6d29f48b8f3fa47ccd44f80f298f3ceb2f536e,0x85c2e985a4fb5c3ff25ee27ee424abd851e4cb33,0xfeeeeee44046c3f61a8cc081e0918ef0de0a7ffc,2026-10-05T06:13:22,selfdestruct_context,0x6ac2cc53,true
26121838,0xab5258e984989b627a5b97f890e2780c7c159723f544a3de168f79ef61968d6d,0x85c2e985a4fb5c3ff25ee27ee424abd851e4cb33,0xfeeeeee44046c3f61a8cc081e0918ef0de0a7ffc,2026-10-05T06:13:22,selfdestruct_context,0x6ac2cc53,true
26121838,0xd1482ca2e62f6b6cd9bad7c38c806dc09fe55c015199c73c438878054049ff3d,0x85c2e985a4fb5c3ff25ee27ee424abd851e4cb33,0xfeeeeee44046c3f61a8cc081e0918ef0de0a7ffc,2026-10-05T06:13:22,selfdestruct_context,0x6ac2cc53,true
26121838,0xd9615de92662ea8ef6ccfc6f9698bfdc9df688f3442212ed192db374af00839f,0x85c2e985a4fb5c3ff25ee27ee424abd851e4cb33,0xfeeeeee44046c3f61a8cc081e0918ef0de0a7ffc,2026-10-05T06:13:22,selfdestruct_context,0x6ac2cc53,true
26121838,0xd977160636d19a07a26013b19e672e3a97cd3ab8b8ee2dfb56251c5bf49025bf,0x85c2e985a4fb5c3ff25ee27ee424abd851e4cb33,0xfeeeeee44046c3f61a8cc081e0918ef0de0a7ffc,2026-10-05T06:13:22,selfdestruct_context,0x6ac2cc53,true
26121838,0xea77e7385eec470bd2dd96d9d77e1b1b30dce6947659ebf9ce00523fd719f449,0x85c2e985a4fb5c3ff25ee27ee424abd851e4cb33,0xfeeeeee44046c3f61a8cc081e0918ef0de0a7ffc,2026-10-05T06:13:22,selfdestruct_context,0x6ac2cc53,true
26121838,0xf71f79c3ff60af045abe2b27386b357b0a0163d28b0b20bc039351f35cccb452,0x85c2e985a4fb5c3ff25ee27ee424abd851e4cb33,0xfeeeeee44046c3f61a8cc081e0918ef0de0a7ffc,2026-10-05T06:13:22,selfdestruct_context,0x6ac2cc53,true
26121838,0xf734d9e1811309c0170a2e1607e03733b2785b31be03452f97fb0e7b1222ab39,0x85c2e985a4fb5c3ff25ee27ee424abd851e4cb33,0xfeeeeee44046c3f61a8cc081e0918ef0de0a7ffc,2026-10-05T06:13:22,selfdestruct_context,0x6ac2cc53,true
26121838,0xfbc4b92c5b0c8b8f0f290420a25a99c52eb8b83e14800a907b9dbc3410e8869d,0x85c2e985a4fb5c3ff25ee27ee424abd851e4cb33,0xfeeeeee44046c3f61a8cc081e0918ef0de0a7ffc,2026-10-05T06:13:22,selfdestruct_context,0x6ac2cc53,true
26121839,0x78280687fa6716968eb4be618c657c150ba63b4299d8d58a48fb3e48dda26eab,0x85a73f63309128d53928ee891e6e11e2b4695c20,0xf0ccfbf6dba1e01ccb833ced6d551a8f000e9721,2026-10-05T06:14:24,complex_trace;high_gas_used_context,0x087be49f,false
26121839,0x7931a6dfd9ac7c482e49332cd4174aac3d0b0753bc4d7c1946fa1622c46d298f,0x4838b106fce9647bdf1e7877bf73ce8b0bad5f97,0xfeeeeee44046c3f61a8cc081e0918ef0de0a7ffc,2026-10-05T06:14:24,selfdestruct_context,0x6ac2cc5f,true
26121839,0x99a3e66dc7ea2d33621edd8b0dfce3dbadef0058aa0569623785afa928418b85,0x1584a8ee67789d1fe161065388657ad2f2a3c7dd,0x77eb52e44db06777bce478159f25c0d55a295314,2026-10-05T06:14:24,repeated_internal_token_drain;dense_internal_fund_flow;very_complex_trace;high_gas_used_context;token_activity_burst;repeated_risky_internal_calls,0xa9059cbb,true
26121839,0x9e4eca34c5e8df9b74319e34a754740213569441dadf901338e58f34e6ed7bf3,0xfc2d201c44b18e85ed39fbf9fd098b4c3d7bad14,0x008ebccae39d001200c3003c3225ce0a00690066,2026-10-05T06:14:24,privileged_execution_context,0x7e734c5a,false
26121839,0xa300bdeba2e2bf57f4ff3f48d2e7f87b5941eb841e948cbe88c718621cdc8bd6,0x80d04079ffc53eb14edbeeb37279d126f45552df,0x33bc08b5997d0f19fc68b8e95fec52880c2bd8a6,2026-10-05T06:14:24,repeated_internal_token_drain;dense_internal_fund_flow;complex_trace;high_gas_used_context;token_activity_burst;repeated_risky_internal_calls,0x8aaa8f3b,true
26121839,0xc01a42c793b68ddc7adca37eaeddaadcecc8532c0b9c7b490aef123ca7f4ca41,0xc6acbee42e9e323140c1ed060c2f6ea9cc3b4b75,0x7c5a71c9fefbc7691f9d4ac7baf70c743792f716,2026-10-05T06:14:24,selfdestruct_context,0xf3fef3a3,false
26121839,0xc54e4245e6de2f29fa3d8935ee168c918f0943346937a406ebb6a5c91e6a9ae5,0x4838b106fce9647bdf1e7877bf73ce8b0bad5f97,0xfeeeeee44046c3f61a8cc081e0918ef0de0a7ffc,2026-10-05T06:14:24,selfdestruct_context,0x6ac2cc5f,true
26121839,0xe4513f8ac64f6bf20508e49ed176d0faba6fc06373d9094a357fa94f6023a114,0xe487832018fbd594c84f1db3dfac61cde98a5f36,0x91ff8bbd8ebb07893010d50a48a1609e5ebd8e34,2026-10-05T06:14:24,complex_trace;high_gas_used_context,0x069d1525,false
26121840,0x18dabbd508bdba5e17cedefe9c7cb7e18d6b88699bbbb48f57a144bd63425e26,0x91355870a334ffc33e84503327773259e3030366,0x7e93093f58771780df74d72144efd618f514283d,2026-10-05T06:14:26,dense_internal_fund_flow;token_activity_burst,0xa9059cbb,true
26121840,0x1b9323238973d3f6b990acedfae99365410659c39aeba340c964ed03dabe359c,0x85a73f63309128d53928ee891e6e11e2b4695c20,0xf0ccfbf6dba1e01ccb833ced6d551a8f000e9721,2026-10-05T06:14:26,complex_trace;high_gas_used_context,0x087be49f,false
26121840,0x82da2a0708b2c84a84aedddb113e1c9d0269954fdff44f59a63d0c1c543bfc91,0x4838b106fce9647bdf1e7877bf73ce8b0bad5f97,0xfeeeeee44046c3f61a8cc081e0918ef0de0a7ffc,2026-10-05T06:14:26,selfdestruct_context,0x6ac2cc6b,true
26121840,0x8afe5efaadc5f1b546e146b5319132d9fd9e897c9b7db38cb89710dcb22103de,0x4dcfac3a9a9ff9f43cea1752e2ebc3bda60ff20d,0x2fca073c87fc6b2206458233d6886d7ddf4ed606,2026-10-05T06:14:26,complex_trace;high_gas_used_context,0x601881f3,false
26121840,0x8efee49ecaa6be5a2808cde621014e0871b30d86ae8a4a7903c593a0305bce60,0x5b43453fce04b92e190f391a83136bfbecedefd1,0xbdb3ba9ffe392549e1f8658dd2630c141fdf47b6,2026-10-05T06:14:26,dense_internal_fund_flow;complex_trace;high_gas_used_context;token_activity_burst,0x000000c3,true
26121840,0xc294c674e8befa71a00c891d14731f86eac688031e2c2c780eec4abeff663588,0xe91bcae4a2d7b951304695f93cf1b9a1837cfe43,0x7ec8a30a34b86927dc77b302603d1d53e640bef7,2026-10-05T06:14:26,high_gas_used_context;token_activity_burst,0xa9059cbb,false
26121840,0xecadea929fed5c61e97b5bc772a1ea4c8cac34f42a74255a93e08993becc08cb,0x7830c87c02e56aff27fa8ab1241711331fa86f43,0xa9d1e08c7793af67e9d92fe308d5697fb81d3e43,2026-10-05T06:14:26,dense_internal_fund_flow,0x1a1da075,true
26121841,0x2f58141fc66e1d57767bc640a618ae1ee625992c9e6c38be4776958499339c52,0xbe0b407782a7599380fa726db315340126d62229,0x4d2fb5f8ec243fde4df1a9678b82238570c7e0e4,2026-10-05T06:14:27,repeated_internal_token_drain;dense_internal_fund_flow;complex_trace;high_gas_used_context;token_activity_burst,0x6a761202,true
26121842,0xb2eeb805635bdf1deeabedfbfbc938783c414bfb710a3f4b9d04efe32a745652,0x3e932a1326a09c4c80499ccdcff20e3543487345,0x1897d37d600ade05a962dfe4e332d25eeacca242,2026-10-05T06:14:29,dense_internal_fund_flow;high_gas_used_context;token_activity_burst,0x983bc41b,true
26121843,0x775c55f35d77819d27f6402e322bbf80c371b07cb58af12b7e8b14c6ec103655,0xc91c69e04ef1275f2d4ee59ba23cb39f6babd8b9,0x6aba0315493b7e6989041c91181337b662fb1b90,2026-10-05T06:14:29,complex_trace;high_gas_used_context,0x25356bc7,false
26121843,0x858746282b508799679670587766055ccf7fab99f2db857d02096d70970feca0,0x106cc23a2dde357b88b2522e81c16fb35cf73207,0x147a429fbd403794587ff971207e684f5e141e7f,2026-10-05T06:14:29,dense_internal_fund_flow;complex_trace,0xbbf3196b,true
26121843,0x1c88a3d9fefddd8dfd409543fcdb8111a3e95e3636a482bd631ce91cebd0346c,0x148480fca16eb5fa22b182d9b88c9b42d887fc86,0x0efa48cdc22f6fb2bcbe355d4c8e7117d0f7a128,2026-10-05T06:14:30,repeated_internal_token_drain;dense_internal_fund_flow;complex_trace;high_gas_used_context;token_activity_burst;repeated_risky_internal_calls,0xa9059cbb,true
26121843,0x97ae6953b7693632c1c20b32365f84e8066a936cd10bdda5c88a61068a15721a,0xdadb0d80178819f2319190d340ce9a924f783711,0xfeeeeee44046c3f61a8cc081e0918ef0de0a7ffc,2026-10-05T06:14:30,selfdestruct_context,0x6ac2cc8f,true
