block_num,tx_hash,from,to,detect_time,attack_signals,selector,has_asset_impact
25728378,0x433b17790eb6164d08b3c17f325f1fc6c9321e7aff826edaead3be074928d3fa,0x59aab1bd0d26290274398c07b55955c15425e16b,0x00fe78205f5f0e63b8ad2b2ae5337f538a610e04,2026-08-11T09:15:01,complex_trace;high_gas_used_context,0x34fcd5be,false
25728378,0x43892d026021d8760800177103c0c9ce7a3c90583d8afd26d931f83612a290ce,0xb1ca4a18aff443656f407fa8be3533ff27dde911,0x9008d19f58aabd9ed0d60971565aa8510560ab41,2026-08-11T09:15:01,large_erc20_asset_flow,0x13d79a0b,true
25728378,0x46b30336f99142d55c4c7278b4ca6f2cadec31f12758618281b246f6ae78ca36,0x59aab1bd0d26290274398c07b55955c15425e16b,0x00fe78205f5f0e63b8ad2b2ae5337f538a610e04,2026-08-11T09:15:01,complex_trace;high_gas_used_context,0x34fcd5be,false
25728378,0x48ae3c4503837df15960d6c62c4d2f3a0d5ddb3cfaec27d3234d034d539d9650,0xa154b98e53fc35e1bad1ff758acbc8c629bdcd2b,0x19917386eeae67b6ff7ddf07de4019fca40aa4ec,2026-08-11T09:15:01,repeated_internal_token_drain;dense_internal_fund_flow;very_complex_trace;high_gas_used_context;token_activity_burst;repeated_risky_internal_calls,0xa9059cbb,true
25728378,0x54e4ff6436367daa839f66128a8109e4915e10eee8fbfd7d8a95d20e206c86cc,0x1584a8ee67789d1fe161065388657ad2f2a3c7dd,0x77eb52e44db06777bce478159f25c0d55a295314,2026-08-11T09:15:01,repeated_internal_token_drain;dense_internal_fund_flow;complex_trace;token_activity_burst;repeated_risky_internal_calls,0xa9059cbb,true
25728378,0xa7fc62f8d7187852db1073cd16a3a237431b776fd29cfa017eed2acae1c3c919,0xd6434d157f254276d69ede3bd9fc805482206908,0x7ec8a30a34b86927dc77b302603d1d53e640bef7,2026-08-11T09:15:01,repeated_internal_token_drain;dense_internal_fund_flow;complex_trace;high_gas_used_context;token_activity_burst;repeated_risky_internal_calls,0xa9059cbb,true
25728378,0xbeedde71b7f6a084db9aa7f1d5a1e97f2ae9425bc6237c045ba304d310cda3f8,0x739212d5bafe6aac8be49a60b7d003bd41dbf38b,0x68025a4615407993a680102b08a23a61d11c657c,2026-08-11T09:15:01,large_erc20_asset_flow;complex_trace,0xabaa9916,true
25728378,0xc13f75c4d1bf25c4f29262c52bb33ffa92b55a7fc7563edeabedc59ae52c22b0,0x1d9c4116e5784036dbd15bced8aff88970b4a598,0x6566194141eefa99af43bb5aa71460ca2dc90245,2026-08-11T09:15:01,large_erc20_asset_flow;complex_trace,0x374f435d,true
25728378,0xd2021a7c30ccb442640da31a37e1d500ba562b0142765c98f7a6e99bb334e1b5,0x3d4e12d540cf67a9c38da66a20943acac075725d,0x1eeda6359b726f7e5a662288ed7f1793ed6788b9,2026-08-11T09:15:01,repeated_internal_token_drain;dense_internal_fund_flow;complex_trace;high_gas_used_context;token_activity_burst;repeated_risky_internal_calls,0xa9059cbb,true
25728378,0x376886e4b845c76c6c61639639442c36e68e32308e46a2def0730c7875585854,0x5451794e3d44f1db21649c11518b832b7352bd15,0xbf7fe109f674ab1341d69e67a262e50ce87eb7c1,2026-08-11T09:15:02,high_gas_used_context;token_activity_burst,0x9f58dd7a,false
25728378,0xc5a59c6963f7247301e61272f7ad77e61d49ba0c7fbc27d7c22c4c919518015b,0x09cfee647fa339133380191c8db6b44f24500c9d,0x77b85afbcd336993ac1c65057531c5a5b33b76b8,2026-08-11T09:15:02,high_gas_used_context;token_activity_burst,0xa9059cbb,false
25728379,0x6dd5dfb06b58244fec005d23446b9877e86ac6e4993066cd1fcb483ec53256d2,0x59aab1bd0d26290274398c07b55955c15425e16b,0x00fe78205f5f0e63b8ad2b2ae5337f538a610e04,2026-08-11T09:15:08,complex_trace;high_gas_used_context,0x34fcd5be,false
25728380,0x5ad91f516ab6771bf71649e92cb355327cfd768e680f751ed0960f05088d17f0,0xa154b98e53fc35e1bad1ff758acbc8c629bdcd2b,0x19917386eeae67b6ff7ddf07de4019fca40aa4ec,2026-08-11T09:15:15,repeated_internal_token_drain;dense_internal_fund_flow;complex_trace;high_gas_used_context;token_activity_burst;repeated_risky_internal_calls,0xa9059cbb,true
25728380,0x6aa4db6d66518886d9975f80c8c295706b71d4b34e4fd03574f28834dcd530e8,0x02c4e2d6f5bb6401dee6277ee14e835bb2ff39b1,0x0de8bf93da2f7eecb3d9169422413a9bef4ef628,2026-08-11T09:15:15,complex_trace;high_gas_used_context,0xb1ae2ed1,false
25728380,0xfe2af7337692303d08de381f583a211fa28e48e30b068dd07347a66728a47fee,0x59aab1bd0d26290274398c07b55955c15425e16b,0x00fe78205f5f0e63b8ad2b2ae5337f538a610e04,2026-08-11T09:15:15,complex_trace;high_gas_used_context,0x34fcd5be,false
25728381,0x1d715a2a0c6cea9e641cc9477c50256eb779177cd057e56ac8d483e9ddb289f8,0x5b43453fce04b92e190f391a83136bfbecedefd1,0xbdb3ba9ffe392549e1f8658dd2630c141fdf47b6,2026-08-11T09:15:20,dense_internal_fund_flow;complex_trace;high_gas_used_context;token_activity_burst,0x000000c3,true
25728381,0xdef3ab0645c375244d2dfe034a019569028cfc75e01b0fce081cf2ac3e96b7ab,0xd6f00b7a4d98d6f2f2c78aa436ff0699b70482bc,0xe25fb378b2d98e6320cac3b32dcff2b2ae710879,2026-08-11T09:15:20,large_erc20_asset_flow;complex_trace,0x7ae7cfb5,true
25728381,0x747bde793cadbd99805001eb259d030e0724b51cdfb809fd795790dc3ba2bb40,0x5a4fc9dd7b390a0f9b2909a0c34ce55cedc42377,0x42571bfaebdd19aa20fce15fc97e59ff25090385,2026-08-11T09:15:21,dense_internal_fund_flow;high_gas_used_context;token_activity_burst,0x983bc41b,true
25728381,0x9eb3f3cad44b08642cf38e992f437cf87ebd7c93e9dddedd9555ad078e4a3d08,0x09cfee647fa339133380191c8db6b44f24500c9d,0x77b85afbcd336993ac1c65057531c5a5b33b76b8,2026-08-11T09:15:21,high_gas_used_context;token_activity_burst,0xa9059cbb,false
25728381,0xf631f279d42946496bbaa47e0d84027ea01acc633b00de3fec5e0b129e5d47b7,0x59aab1bd0d26290274398c07b55955c15425e16b,0x00fe78205f5f0e63b8ad2b2ae5337f538a610e04,2026-08-11T09:15:21,complex_trace;high_gas_used_context;token_activity_burst,0x34fcd5be,false
25728382,0xafae5ac18d8480df9657cf78300bb77114c6304a64e2fa06401224eae3ddb26c,0x7830c87c02e56aff27fa8ab1241711331fa86f43,0xa9d1e08c7793af67e9d92fe308d5697fb81d3e43,2026-08-11T09:15:24,dense_internal_fund_flow,0x1a1da075,true
25728382,0xc0c2bfb629d175b1339fd364b170326518c80b45621ef096255d1642b710b0a4,0x5537dd5b047201ef7d3ad1520a08c93a60d1cdd6,0x663dc15d3c1ac63ff12e45ab68fea3f0a883c251,2026-08-11T09:15:24,dense_internal_fund_flow;complex_trace;high_gas_used_context,0x4d8160ba,true
25728382,0x92154d09221e5be238151e12c3aaa16908962d3ba6c61b7cee5ef24fa7eb39c3,0x7830c87c02e56aff27fa8ab1241711331fa86f43,0xa9d1e08c7793af67e9d92fe308d5697fb81d3e43,2026-08-11T09:15:25,large_erc20_asset_flow;token_activity_burst,0xca350aa6,true
25728382,0xcee3068f221f51b7e5749dad27b89a90d6cb03226737f36333e18319ca36a2c9,0xa154b98e53fc35e1bad1ff758acbc8c629bdcd2b,0x19917386eeae67b6ff7ddf07de4019fca40aa4ec,2026-08-11T09:15:28,repeated_internal_token_drain;dense_internal_fund_flow;complex_trace;high_gas_used_context;token_activity_burst;repeated_risky_internal_calls,0xa9059cbb,true
25728383,0x239382dcb2f75e27fcbfcab7cc56ab8794a25e4dfecc18c43c52b3aa868e5790,0x9abe1355078b45b7e7f42e3f3e40df246139bc7d,0x6131b5fae19ea4f9d964eac0408e4408b66337b5,2026-08-11T09:15:40,complex_trace;high_gas_used_context,0xe21fd0e9,true
25728383,0xcd74853f4b857f2792c75832ad6f1525164f39bf6452e698bc64ecf7163f0421,0xe99bd1c2dd70cd58e5efd47887991700e7318ce2,0xad3b67bca8935cb510c8d18bd45f0b94f54a968f,2026-08-11T09:15:40,complex_trace;high_gas_used_context;token_activity_burst;approval_burst,0x146ee74d,false
25728383,0x05df8c113820aa7128f5956ab50084bc2a0068e42d9e760d686897dca566c2ee,0xd6f00b7a4d98d6f2f2c78aa436ff0699b70482bc,0xe25fb378b2d98e6320cac3b32dcff2b2ae710879,2026-08-11T09:15:41,large_erc20_asset_flow;complex_trace,0x7ae7cfb5,true
25728383,0xc519f447fa7c811835c483a6e90b61b21bbd7c65d5a4285e8b74c4504a97fcb1,0x49e1bf431e9bbbd8e57afcd21ccac3f30e7d98d3,0x28b1dc1a5e3699a428bc51d234dfab7c9cb2a183,2026-08-11T09:15:42,complex_trace;high_gas_used_context;token_activity_burst,0xf2c42696,true
25728384,0x066959a3964f028f09b80c49743401564cc06e9a28876f564df3cf8895ba72aa,0xa154b98e53fc35e1bad1ff758acbc8c629bdcd2b,0x19917386eeae67b6ff7ddf07de4019fca40aa4ec,2026-08-11T09:15:43,repeated_internal_token_drain;dense_internal_fund_flow;complex_trace;high_gas_used_context;token_activity_burst;repeated_risky_internal_calls,0xa9059cbb,true
25728385,0x5418099427ea904a4a55dbc75c79e10f046048bdd04811434ddf6673ae2fb5e5,0xd6f00b7a4d98d6f2f2c78aa436ff0699b70482bc,0xe25fb378b2d98e6320cac3b32dcff2b2ae710879,2026-08-11T09:16:04,large_erc20_asset_flow;complex_trace;high_gas_used_context,0x7ae7cfb5,true
25728385,0xad4f917bd0a08124ecf7e0555d89dba400832708c3b96cbb697bdd6a2531bf21,0x7556699aa8e6a7c9c69bcfaf9debd05f8192b063,0x84cab37995229530d9e6e5cff2f8f4ebe4517d66,2026-08-11T09:16:05,complex_trace;high_gas_used_context,0xe587456a,false
25728385,0xeef68a9af72a2c2c9ff85c6918b250e3d2cb4f01790d217519b9fe48415ec8e7,0x091179e3c74e33545ce8cc07fa385827256cb84f,0x6141718f8a599f14f6ce7bbb0cd2366c191fb7de,2026-08-11T09:16:05,repeated_internal_token_drain;dense_internal_fund_flow;privileged_execution_context;very_complex_trace;high_gas_used_context;token_activity_burst;approval_burst,0x09c5eabe,true
25728386,0xc5731d71ee048b7fad5a15f83ee7c6c27199e918fc0ea9d1e4abb1d3d2beab7a,0xa7b5ce53d71d2215d679642307adfa3f39de5448,0x78ace9b2ee9a31737fad748015266a59f32dc79a,2026-08-11T09:16:11,complex_trace;high_gas_used_context,0x9265bb9d,false
25728386,0xef6758876c08a36d291beac97bb3c70a98e1b488c9fd392c7479b3bbffca5e94,0xe487832018fbd594c84f1db3dfac61cde98a5f36,0x91ff8bbd8ebb07893010d50a48a1609e5ebd8e34,2026-08-11T09:16:11,complex_trace;high_gas_used_context,0x069d1525,false
25728386,0xfb7ae687300d0457e63465564145840f4b949a6c369fe47570d0a45c3045427f,0xaa208a41fadcd06443466e7b9fcc7a9bd3f35f2d,0x28b1dc1a5e3699a428bc51d234dfab7c9cb2a183,2026-08-11T09:16:11,complex_trace;high_gas_used_context,0xf2c42696,true
25728386,0x1a0e50f5406ee5fd5c0d809eb95140ffc70221ad8444025f4103c8ca4a26653e,0xbad000006db10503589262b55d09bb7b3c5e1472,0xbbbbb048b1a85ca221058c45525095b6a68bbbbb,2026-08-11T09:16:12,repeated_internal_token_drain;dense_internal_fund_flow;complex_trace;high_gas_used_context;token_activity_burst;repeated_risky_internal_calls,0xa9059cbb,true
25728386,0x387118bf2b8ddc1697e5a3b4d83567a2682c8dc6a13f121e8aac482a1e08698d,0xd714e1d25067c2421ea58b962d900732f77ab23b,0xcd2bdb8af031d29d2bc38ef08b842d31e344384c,2026-08-11T09:16:12,repeated_internal_token_drain;dense_internal_fund_flow;complex_trace;high_gas_used_context;token_activity_burst;repeated_risky_internal_calls,0xa9059cbb,true
25728386,0x67d3123a56fb51b8590f149783f7ed69f4a13ca3a6143d1bb1e3a208b938e8aa,0xee2becacfddc95ea0206903a67c06c5bbb0c6820,0x28b1dc1a5e3699a428bc51d234dfab7c9cb2a183,2026-08-11T09:16:12,dense_internal_fund_flow;complex_trace,0x0c307f76,true
25728386,0x798e9ad9d5fd0d5dc33301a833bfcd70a4d48fe40bb4c5e9cc5fe1f536fda6e2,0x00d9fe085d99b33ab2aae8063180c63e23bf2e69,0x75884f3ada15c953529abaac6549d5204135ec36,2026-08-11T09:16:12,repeated_internal_token_drain;dense_internal_fund_flow;complex_trace;high_gas_used_context;token_activity_burst;repeated_risky_internal_calls,0xa9059cbb,true
25728386,0xa66a1074be5562c83e844c8aa677e383900c43a25146a2aaaade619bc1d6af55,0xf719d44b5a7bac51101daf18a0990b46c9263dc9,0xbf7fe109f674ab1341d69e67a262e50ce87eb7c1,2026-08-11T09:16:12,high_gas_used_context;token_activity_burst,0x9f58dd7a,false
25728386,0xd08f632a43aebf3a1ecbc443f7db1d15a15cf0ba7b6cbb000865da82f48efe0d,0x67b94473d81d0cd00849d563c94d0432ac988b49,0x86e4dc95c7fbdbf52e33d563bbdb00823894c287,2026-08-11T09:16:12,complex_trace;high_gas_used_context,0x4e43e495,false
25728386,0xec0f6c1b2fdbedd661d453c8a18bf2cb2f1fd45d18b9f71a1c25ecf8ff8cead8,0x09cfee647fa339133380191c8db6b44f24500c9d,0x77b85afbcd336993ac1c65057531c5a5b33b76b8,2026-08-11T09:16:12,high_gas_used_context;token_activity_burst,0xa9059cbb,false
25728387,0x5629b1146ebe1167bb2d17d883e66e7e92f18f794edd5249f266eec472617e55,0x7830c87c02e56aff27fa8ab1241711331fa86f43,0xa9d1e08c7793af67e9d92fe308d5697fb81d3e43,2026-08-11T09:16:19,dense_internal_fund_flow,0x1a1da075,true
25728387,0x37f6b98418e51c4a41af8887c3523ff1bfad081d5b711f801e80072699cd2e7d,0x10f2ccefdd2257a44103379f4fe70421c2e81e96,0x88649f4743a758171077b98ee2003f1989b1615a,2026-08-11T09:16:20,complex_trace;high_gas_used_context;token_activity_burst;approval_burst,0x3271ba8d,false
25728387,0x5efadc5cf97b9ce101a59184fb7500428669dd105e88ab4de7d344cee8e136e0,0xb1ec487168092852edecd6a52d97cfd0a641fbf3,0x28b1dc1a5e3699a428bc51d234dfab7c9cb2a183,2026-08-11T09:16:20,dense_internal_fund_flow;complex_trace;high_gas_used_context,0x0c307f76,true
25728387,0x32af2d81af847cf1162526e7f1b7ee9bd890143a7db916daaa7ec9e7b5b6582f,0xde7a849216aa3884d53d84ecb02c19eb67e5dae2,0x7d9f4ca54131e588fc1fe577973b55fb11231e76,2026-08-11T09:16:21,high_gas_used_context;token_activity_burst,0x6aac3a0b,false
25728387,0x4693b941f43a58145a34ebd4b3e625fc34a56b979dc3e060dee98880361bc268,0x062ce42cae04c51d04e77e3d64cc8953a2296ffe,0x8a25a24ede9482c4fc0738f99611be58f1c839ab,2026-08-11T09:16:21,large_erc20_asset_flow;complex_trace,0x6a761202,true
25728388,0xb8731a2fc48b102f2d50732388a4a439cd4c6aab979f9b0c9b50aaaa24210ead,0x7b49bc3ebbdf7322f31c6449320382bbec3be1b6,0xad3b67bca8935cb510c8d18bd45f0b94f54a968f,2026-08-11T09:16:26,complex_trace;high_gas_used_context;token_activity_burst;approval_burst,0x146ee74d,false
25728388,0x2631eea2b0d70b2fe87466552bcea624dbb278c78a42078ad98be2219b8b325c,0xd6434d157f254276d69ede3bd9fc805482206908,0x7ec8a30a34b86927dc77b302603d1d53e640bef7,2026-08-11T09:16:27,repeated_internal_token_drain;dense_internal_fund_flow;complex_trace;high_gas_used_context;token_activity_burst;repeated_risky_internal_calls,0xa9059cbb,true
25728388,0x583847df667b6d0c42dc125c5ea32f189a54fe79dad050ee701755a13f7208c0,0xd714e1d25067c2421ea58b962d900732f77ab23b,0xcd2bdb8af031d29d2bc38ef08b842d31e344384c,2026-08-11T09:16:27,repeated_internal_token_drain;dense_internal_fund_flow;complex_trace;high_gas_used_context;token_activity_burst;repeated_risky_internal_calls,0xa9059cbb,true
25728388,0x723b2c4df44e43b84f35211269f9b8ed53a8601889f88e26b16f27f40e5e47a9,0xe0f3ca971e58547f6b00b0d6a1346b69ec37942f,0xbf7fe109f674ab1341d69e67a262e50ce87eb7c1,2026-08-11T09:16:27,high_gas_used_context;token_activity_burst,0x9f58dd7a,false
25728388,0xcb4d42b563da7d3f6fb61470a0c18661b5a5b781aa3cb47c2939bf9124b232aa,0xf279dfcdd57e1571c95e2c5b7e2ee453cbcdf77f,0x0000000071727de22e5e9d8baf0edac6f37da032,2026-08-11T09:16:27,privileged_execution_context,0x765e827f,false
25728388,0xd6036c3d94b6b6e112c2b397a91c8386fd4023d67e0a1af8af3fe74785c91e17,0xa154b98e53fc35e1bad1ff758acbc8c629bdcd2b,0x19917386eeae67b6ff7ddf07de4019fca40aa4ec,2026-08-11T09:16:27,repeated_internal_token_drain;dense_internal_fund_flow;complex_trace;high_gas_used_context;token_activity_burst;repeated_risky_internal_calls,0xa9059cbb,true
25728389,0x0adc01d7fcfabeefed5965c845189f166a073cc0333d6388d6758ea198143cf2,0x739212d5bafe6aac8be49a60b7d003bd41dbf38b,0x68025a4615407993a680102b08a23a61d11c657c,2026-08-11T09:16:32,large_erc20_asset_flow;complex_trace,0xa3049642,true
25728389,0x43fe0a0af6bc34622f5208ed96d613b2babb44a9ccac78ea1340add3cf2178cf,0x7830c87c02e56aff27fa8ab1241711331fa86f43,0xa9d1e08c7793af67e9d92fe308d5697fb81d3e43,2026-08-11T09:16:32,large_erc20_asset_flow;token_activity_burst,0xca350aa6,true
25728389,0x7b223b5f6861b6c1d8ee29cf8e42c1e4a92f0b58be75d327a3c60965ca1fb24b,0xd6434d157f254276d69ede3bd9fc805482206908,0x7ec8a30a34b86927dc77b302603d1d53e640bef7,2026-08-11T09:16:32,repeated_internal_token_drain;dense_internal_fund_flow;complex_trace;high_gas_used_context;token_activity_burst;repeated_risky_internal_calls,0xa9059cbb,true
25728390,0x6ffb0ed50f6752743b75371b67c4559cb435838e62cc905ac3112dc971dd2322,0x5b43453fce04b92e190f391a83136bfbecedefd1,0xbdb3ba9ffe392549e1f8658dd2630c141fdf47b6,2026-08-11T09:16:40,dense_internal_fund_flow;complex_trace;high_gas_used_context;token_activity_burst,0x000000c3,true
25728390,0x8329f67d3bfcf0719608213589509ab04027239d9183acc13fdc6a961bbea35a,0x67836ec7c2ae8e4a4031a41532c07a4ca48ea16d,0x6566194141eefa99af43bb5aa71460ca2dc90245,2026-08-11T09:16:41,large_erc20_asset_flow;complex_trace,0x374f435d,true
25728391,0x80617025224f1228ec46c4f9addca280da13d1fd28030b9b36741c0621f0c10a,0x70e59f9c304e4d5096bd408b571e2dcd99c3120b,0xad3b67bca8935cb510c8d18bd45f0b94f54a968f,2026-08-11T09:16:45,large_erc20_asset_flow;complex_trace;high_gas_used_context;token_activity_burst;approval_burst,0x146ee74d,true
25728391,0xe981134fcd072409f0c808256fc996fc47267cd02044afbe8240f26d847b6ef9,0x5c100bde37c131d099f71c9a2d2087ee074b8ee5,0x89931776025b6872758f0361ac82932d74935b5c,2026-08-11T09:16:45,large_erc20_asset_flow,0x675963e5,true
25728391,0xa06db2df522d63f0e93acba6970593159edece5c528abeb525e103da97b174fd,0xc30c7ea910a71ce06ae840868b0c7e47616ba4c9,0xd7092b85456b7a28b6664ba482ce23457abf8f2c,2026-08-11T09:16:46,large_erc20_asset_flow;complex_trace;high_gas_used_context;token_activity_burst,0x6a761202,true
25728392,0x9da710d1604f9028d748f1d9d3a9218b11ef062e8d76316c2f6366f50735c82c,0xbd554f774bc3101201a380ea03cc2bef18135a07,0x4b47d7291664beb43e03588e2698e10ba2cd21b3,2026-08-11T09:16:56,large_erc20_asset_flow;complex_trace,0x9eb723c7,true
25728392,0xd96cf0045e8296ae3c07337d47911428d7650d14fd5e6da170144ddbbb2d27ef,0x7830c87c02e56aff27fa8ab1241711331fa86f43,0xa9d1e08c7793af67e9d92fe308d5697fb81d3e43,2026-08-11T09:16:56,large_erc20_asset_flow,0xca350aa6,true
25728392,0x0a508e39b5e549a0d64a2d3d3aff160812d9f7a5aa360b8117492bf4ffcefe2a,0x02c4e2d6f5bb6401dee6277ee14e835bb2ff39b1,0x0de8bf93da2f7eecb3d9169422413a9bef4ef628,2026-08-11T09:16:57,complex_trace;high_gas_used_context,0xb1ae2ed1,false
25728392,0x38bb6c0424bc5843f11680cb077b9b5be6331053dc8c2baf3497fff8537a465c,0xdb61db256a30f3ef46110b8e2520aaec0db08153,0x0000317bec33af037b5fab2028f52d14658f6a56,2026-08-11T09:16:57,dense_internal_fund_flow;complex_trace;high_gas_used_context;token_activity_burst,0xe282dcdd,true
25728392,0x8f7e13ce215fc04a8981ea716d01fcb23338cedd3c7411c3bd6f67cedd56d640,0xab8d807a29560ee2f2bf97c752017052a3b5ffd8,0x0de8bf93da2f7eecb3d9169422413a9bef4ef628,2026-08-11T09:16:57,dense_internal_fund_flow;large_mint_to_sender;very_complex_trace;high_gas_used_context;token_activity_burst,0xc2580804,true
25728392,0xb51111a275bc2843c8d2a2862a7fdbf95e0cea8447e04b00cdc69fe24af5d73f,0x5f8769281662a4af0175f7efe521892c52850ac6,0x40a6700b99115cda7b12bd0e21db1be8ae524bf2,2026-08-11T09:16:57,repeated_internal_token_drain;dense_internal_fund_flow;complex_trace;high_gas_used_context;token_activity_burst;repeated_risky_internal_calls,0xa9059cbb,true
25728392,0xf0d376e5805e95091677150f19297aaf1c98ab3d5ded48f5f768c5fb821bae31,0xdda3b51e29f9d6fad865c5dd7070d5f7eb57663e,0x8d8210a0252a706cb5de0c6f8e46b6d3692afc19,2026-08-11T09:16:57,complex_trace;high_gas_used_context,0xffc3a769,false
25728394,0x0678d9c6befe729296361c3c2b1eca79c6ce0b6617bfbfda85ca3a3592b36cdf,0xdf8adfe10d4a4d9f0fc4d3e377a6e8d5730eb40c,0x06cff7088619c7178f5e14f0b119458d08d2f5ef,2026-08-11T09:17:13,large_erc20_asset_flow;complex_trace,0x99999999,true
25728394,0x56081737a36185199e10a348cb1c6c6d87dd65417eeb74b009587dbefdfa627f,0x3f704192849ad500d4085d2c96c2fb4bf82dbcdd,0x5b61db1e82ee0ee94a5c1fed019c1ff5bbb9e837,2026-08-11T09:17:14,privileged_execution_context,0x0ecaea73,false
25728394,0x7c20e21e27a23288084527d6f49e7a4e5bcd1302dc66c1b6653bec11d57fc86a,0xe99bd1c2dd70cd58e5efd47887991700e7318ce2,0xad3b67bca8935cb510c8d18bd45f0b94f54a968f,2026-08-11T09:17:16,large_erc20_asset_flow;complex_trace;high_gas_used_context;token_activity_burst;approval_burst,0x146ee74d,true
25728394,0x9b85663a3c53fa8c9dbcac958f727700044f6412df4900b04938d48a2453b6b6,0xe487832018fbd594c84f1db3dfac61cde98a5f36,0x91ff8bbd8ebb07893010d50a48a1609e5ebd8e34,2026-08-11T09:17:17,complex_trace;high_gas_used_context,0x069d1525,false
25728394,0x8542af2f170b0d40fa84b40dbe46faa2cc7227a42ccb331441227246ff97669a,0x3d4e12d540cf67a9c38da66a20943acac075725d,0x1eeda6359b726f7e5a662288ed7f1793ed6788b9,2026-08-11T09:17:18,repeated_internal_token_drain;dense_internal_fund_flow;complex_trace;high_gas_used_context;token_activity_burst;repeated_risky_internal_calls,0xa9059cbb,true
25728394,0x92309d95afee881ed4dff446763d80640352cee0989f01d7751d6449b981b955,0xb4c5355f35e0fc4a3dafc55f64319416e154fb11,0xf993aef0fe2018d01ec10cbdffeb1836de9c196e,2026-08-11T09:17:18,complex_trace;high_gas_used_context;token_activity_burst,0x1136ef13,true
25728394,0xbc11dd2a0167190af2f8d635d90451d785a6f86b21996c77c4f57b3593a0daf0,0x5f8769281662a4af0175f7efe521892c52850ac6,0x40a6700b99115cda7b12bd0e21db1be8ae524bf2,2026-08-11T09:17:18,repeated_internal_token_drain;dense_internal_fund_flow;complex_trace;high_gas_used_context;token_activity_burst;repeated_risky_internal_calls,0xa9059cbb,true
25728395,0x6e3967fcb7b36e9721950d9f79b2d1ce350125ed08b60a5449751ef026552c75,0xbee2a0be64fbf551424c9a66f837a28aefc97014,0xbee3211ab312a8d065c4fef0247448e17a8da000,2026-08-11T09:17:30,dense_internal_fund_flow;complex_trace,0x4cf3fe9c,true
25728395,0xac1d73c2aafe99d3e0c209c5a52a4643ffefe10f0864637e00353f58c22dde6d,0x5b43453fce04b92e190f391a83136bfbecedefd1,0xbdb3ba9ffe392549e1f8658dd2630c141fdf47b6,2026-08-11T09:17:30,complex_trace;high_gas_used_context;token_activity_burst,0x000000c3,false
25728395,0x0ff980f1db52f0e973d5442a3349bdc2c7d1cb2b7ae35346e9aafce5a5e4cbe1,0x5c100bde37c131d099f71c9a2d2087ee074b8ee5,0x89931776025b6872758f0361ac82932d74935b5c,2026-08-11T09:17:32,large_erc20_asset_flow,0x675963e5,true
25728395,0x27d620f5e335a4fc11f8763cb7cd131f6edd9b0f3695fa71cc838ad25b28293a,0x9bfb51c734c643a21be3499360154444c8f849d3,,2026-08-11T09:17:32,privileged_execution_context;high_gas_used_context;contract_creation_context,0x60e08060,false
25728395,0x8a410a507ab15268c90709311fd83f8f74b4ce176bf4be88da7845d2254cd25a,0xe487832018fbd594c84f1db3dfac61cde98a5f36,0x91ff8bbd8ebb07893010d50a48a1609e5ebd8e34,2026-08-11T09:17:32,complex_trace;high_gas_used_context,0x069d1525,false
25728395,0xc1283f8819f52318f876575020dda42223d46eef0d244b6ca109c4b215a4bef1,0xbad000006db10503589262b55d09bb7b3c5e1472,0xbbbbb048b1a85ca221058c45525095b6a68bbbbb,2026-08-11T09:17:32,repeated_internal_token_drain;dense_internal_fund_flow;very_complex_trace;high_gas_used_context;token_activity_burst;repeated_risky_internal_calls,0xa9059cbb,true
25728395,0xf57beef1f3cb1a30164bf23829fa4e2b4c812412aa5427719e1d20902e190795,0x18dd3c14e34c1bc379f7538068c59160d9f68e25,0xb92fe925dc43a0ecde6c8b1a2709c170ec4fff4f,2026-08-11T09:17:32,dense_internal_fund_flow,0xcd6e13f7,true
25728396,0xb2426878e29eae9ee80590f30ebb47fe6c8e88b0fdbc443337d5f7472b578c0e,0x99a5b028d785a7bd475339b1f8548d6d659ce5c2,0x2d83ff1cb1c79c68fe530d35f439a92a645faded,2026-08-11T09:17:41,complex_trace;token_activity_burst,0x07ed2379,false
25728396,0x2d4fb3a871af01fefc181a9fafdf0f1584f3f7061149b777d7b40f2a823f30cb,0x81633c1357ddb25d8625efb2cad26a60988475bf,0x6131b5fae19ea4f9d964eac0408e4408b66337b5,2026-08-11T09:17:42,large_erc20_profit_to_sender;large_erc20_asset_flow;complex_trace,0xe21fd0e9,true
25728396,0xb37a14d88cac3b69b0f03dbd245cbe1b0f0aaa070ee160c1b97b79b67a5c9f2d,0x5f8769281662a4af0175f7efe521892c52850ac6,0x40a6700b99115cda7b12bd0e21db1be8ae524bf2,2026-08-11T09:17:42,repeated_internal_token_drain;dense_internal_fund_flow;complex_trace;high_gas_used_context;token_activity_burst;repeated_risky_internal_calls,0xa9059cbb,true
25728396,0xe503b8d1f6d565763032e6e5cdf539cbc9822684102af6f3349d5b376e9036dc,0x3d4e12d540cf67a9c38da66a20943acac075725d,0x1eeda6359b726f7e5a662288ed7f1793ed6788b9,2026-08-11T09:17:42,repeated_internal_token_drain;dense_internal_fund_flow;complex_trace;high_gas_used_context;token_activity_burst;repeated_risky_internal_calls,0xa9059cbb,true
25728397,0x1b4954dd20c8be8d1f5184040a86b222cd2e866a2ca329ac15ef8476cb656b98,0xe99bd1c2dd70cd58e5efd47887991700e7318ce2,0xad3b67bca8935cb510c8d18bd45f0b94f54a968f,2026-08-11T09:17:48,complex_trace;high_gas_used_context;token_activity_burst;approval_burst,0x146ee74d,false
25728397,0x727c9d203a19fc2a2d82c521864ff6c44c86e7ef48c39857a9171a03809bf234,0xa3745f219cd6f78644d0e7e818d78de97566ca03,0xacddac6c77318b615f7f6fb9bb67c6833e9c05f1,2026-08-11T09:17:48,large_erc20_asset_flow;complex_trace,0x571d3dc7,true
25728397,0x8461f5b3c13050927ecf5de714c3e274bce3aaf54e8827054df941cf76d2ef66,0x7830c87c02e56aff27fa8ab1241711331fa86f43,0xa9d1e08c7793af67e9d92fe308d5697fb81d3e43,2026-08-11T09:17:48,dense_internal_fund_flow,0x1a1da075,true
25728397,0x44f65f9bfa73713edde3b3abba47ab877c635d568ea9de0af3b03f2bc7e88d43,0xa154b98e53fc35e1bad1ff758acbc8c629bdcd2b,0x19917386eeae67b6ff7ddf07de4019fca40aa4ec,2026-08-11T09:17:49,repeated_internal_token_drain;dense_internal_fund_flow;complex_trace;high_gas_used_context;token_activity_burst;repeated_risky_internal_calls,0xa9059cbb,true
25728397,0x706850558a5f0f2f2cc5088dfdc3f4c48c258fef5278345025d82506354445c4,0x0e52d4b8c283749bb46a083a51bbe757e4f3f55a,0xb300000b72deaeb607a12d5f54773d1c19c7028d,2026-08-11T09:17:49,large_dex_price_change;complex_trace;high_gas_used_context;token_activity_burst;approval_burst,0x810c705b,true
25728397,0xa3af3100bd097c9b79e415fd0696e78807db536d3903a1a2d3edbbdac47db466,0x8a3999c2a419d11635a5146035824a49c33ca211,0xd226997439ecfbeff8e110c8c78c8a7eefd19f89,2026-08-11T09:17:49,large_erc20_asset_flow;complex_trace;high_gas_used_context,0x99999999,true
25728397,0xb1384134f76b2c418251c3ecdf1eb0cb30743e363c871c52904a991c4dc32b81,0x59aab1bd0d26290274398c07b55955c15425e16b,0x00fe78205f5f0e63b8ad2b2ae5337f538a610e04,2026-08-11T09:17:49,complex_trace;high_gas_used_context,0x34fcd5be,false
25728397,0xced02b84db21ceb4f89619fe1e5c2b6c313dad6b21ff89b34fd2286798a3bc29,0xdf8adfe10d4a4d9f0fc4d3e377a6e8d5730eb40c,0x06cff7088619c7178f5e14f0b119458d08d2f5ef,2026-08-11T09:17:49,large_erc20_asset_flow;complex_trace,0x99999999,true
25728398,0x47df728cc9091183bd919d8551dd8a5e7b3e18d99f744e8c9048cde747ce9d1e,0x7b49bc3ebbdf7322f31c6449320382bbec3be1b6,0xad3b67bca8935cb510c8d18bd45f0b94f54a968f,2026-08-11T09:17:58,large_erc20_asset_flow;complex_trace;high_gas_used_context;token_activity_burst;approval_burst,0x146ee74d,true
25728398,0x5da1e52f0e419d161373495bbc8d546edec022af24ea094d46f4427193e2dfc3,0x3d4e12d540cf67a9c38da66a20943acac075725d,0x1eeda6359b726f7e5a662288ed7f1793ed6788b9,2026-08-11T09:18:00,repeated_internal_token_drain;dense_internal_fund_flow;complex_trace;high_gas_used_context;token_activity_burst;repeated_risky_internal_calls,0xa9059cbb,true
25728398,0x92f2f08c644f35250b52bdf5e6694f26d6ed886cf89d34595f732f01c030e642,0xdda3b51e29f9d6fad865c5dd7070d5f7eb57663e,0x8d8210a0252a706cb5de0c6f8e46b6d3692afc19,2026-08-11T09:18:00,complex_trace;high_gas_used_context,0xffc3a769,false
25728398,0x94358f9e6c3a3b3d677f4cbee66d6e9a1f6a008d7d0cbeb3e616b89d53bcfe75,0xde5ce22a56ed76bf7054121500b23a718399feb7,0x43de2d77bf8027e25dbd179b491e8d64f38398aa,2026-08-11T09:18:00,large_erc20_asset_flow;complex_trace,0xc280c905,true
25728398,0xc83d97859179abfa427e013c7a0a8a344b3bd705963e49bbcc8e7c8dcdf049a1,0xde992badd92adaf9146255e9bde6a70770973664,0x3d0f22bf11636cc9cb129e2b261eed35a487455c,2026-08-11T09:18:00,complex_trace;high_gas_used_context,0xa9059cbb,false
25728399,0xaf823236979f2e40b2f8ed4b2580fc6829d3a205484d9c8f569d0ceb16a7742d,0x5b43453fce04b92e190f391a83136bfbecedefd1,0xbdb3ba9ffe392549e1f8658dd2630c141fdf47b6,2026-08-11T09:18:16,dense_internal_fund_flow;complex_trace;high_gas_used_context;token_activity_burst,0x000000c3,true
25728399,0xd889724dd45b92a5f7a13db705cf499da30d4f0b913aaf214adbab1ebe917e0e,0xdda3b51e29f9d6fad865c5dd7070d5f7eb57663e,0x8d8210a0252a706cb5de0c6f8e46b6d3692afc19,2026-08-11T09:18:16,complex_trace;high_gas_used_context,0xffc3a769,false
25728400,0x6d4359f3db7ffead3ee21cbea86ddd891aa1509b992c3e26028b5a269f025e80,0x7b49bc3ebbdf7322f31c6449320382bbec3be1b6,0xad3b67bca8935cb510c8d18bd45f0b94f54a968f,2026-08-11T09:18:30,dense_internal_fund_flow;complex_trace;high_gas_used_context;token_activity_burst;approval_burst,0x146ee74d,true
25728400,0x8b9b5a986b2b5efc015dd8f2294d87909da4dfe09ae6c266d2fa8be16c9be1ed,0x09a591f0e4fa0abac08f05bc0916c51ee34c1a1b,0x5cb16a393b9b43c590953b51058edab1bde0f5fa,2026-08-11T09:18:30,dense_internal_fund_flow,0x501d976c,true
25728400,0xeb7238059a0862fd29673dba34033d001142cf933d218001d6d7c14e30426321,0xbee0330ead7ec2a81da3a34c05a1ba86a0c95012,0xbee3211ab312a8d065c4fef0247448e17a8da000,2026-08-11T09:18:30,dense_internal_fund_flow;complex_trace,0x4cf3fe9c,true
25728401,0x51b90cbbe1d6f89fb6d5046b596c50c5e3681230cfe357c385241ea00780d154,0x5b43453fce04b92e190f391a83136bfbecedefd1,0xbdb3ba9ffe392549e1f8658dd2630c141fdf47b6,2026-08-11T09:18:50,dense_internal_fund_flow;complex_trace;high_gas_used_context;token_activity_burst,0x000000c3,true
25728401,0x52e2586c105eafd985d637b08d7ee1f1c5b74bcdb11154e9dcd4ba759ed54bd6,0x7830c87c02e56aff27fa8ab1241711331fa86f43,0xa9d1e08c7793af67e9d92fe308d5697fb81d3e43,2026-08-11T09:18:50,large_erc20_asset_flow;token_activity_burst,0xca350aa6,true
25728401,0x69736585ccee4fc488464351b78f2896b7cd0cd83edd30b0fd4c1048deb14b87,0x7830c87c02e56aff27fa8ab1241711331fa86f43,0xa9d1e08c7793af67e9d92fe308d5697fb81d3e43,2026-08-11T09:18:50,dense_internal_fund_flow,0x1a1da075,true
25728401,0xcdff163594e97dbdd7dc99c99264670cb4d98912cc4fbc147196b033010b3b30,0x0e0052a184fd59c6b7e1e99d739802ecb3aec0e4,0xd82461784eb72d4b67cbab077989eb215315e272,2026-08-11T09:18:50,complex_trace;high_gas_used_context;token_activity_burst;approval_burst,0xac9650d8,false
25728401,0x345baa4d1debe3be8486edff3d9d2b4e8c820b7349dbb1084422bd65b873584d,0xdf8adfe10d4a4d9f0fc4d3e377a6e8d5730eb40c,0x06cff7088619c7178f5e14f0b119458d08d2f5ef,2026-08-11T09:18:51,large_erc20_asset_flow;complex_trace,0x99999999,true
25728401,0xaeb41a6ddb015e06def7a2ef42e32ff203a9e7e3769a8b83c6fac9fa771a0dd2,0x2a34ecd8b5bdb06727086f0c9e7895aebbbe29e9,0x111111125421ca6dc452d289314280a0f8842a65,2026-08-11T09:18:51,large_erc20_asset_flow;complex_trace;token_activity_burst,0x07ed2379,true
25728401,0xc068952ab0a218fc4178c272d2828bf3bfe5bf55e8095ad5d6d165702367fb50,0x50bf934781f63028c5c8ef49c4affe19a86d99b6,0x8d04cc7e86e687854eb41d9d43512b655b93184b,2026-08-11T09:18:51,complex_trace;selfdestruct_context,0x4a1bf18a,false
25728401,0xe74e47a46ad51f28d2cec8c8ba13dd7695dcfa5e797af48c958053cd6c8b1a8d,0xbad000006db10503589262b55d09bb7b3c5e1472,0xbbbbb048b1a85ca221058c45525095b6a68bbbbb,2026-08-11T09:18:52,repeated_internal_token_drain;dense_internal_fund_flow;complex_trace;high_gas_used_context;token_activity_burst;repeated_risky_internal_calls,0xa9059cbb,true
25728402,0x3fe3a4c59b8bec86558ec3b0d4375abef7039751e5e6a5c0546a8bb15c497b5c,0x0e0052a184fd59c6b7e1e99d739802ecb3aec0e4,0xd82461784eb72d4b67cbab077989eb215315e272,2026-08-11T09:19:21,complex_trace;high_gas_used_context;token_activity_burst;approval_burst,0xac9650d8,false
25728402,0xb04394dd1a164e089325ec9530d60b5de95635f3247b8c81baf84bcdc17aec71,0xc6acbee42e9e323140c1ed060c2f6ea9cc3b4b75,0x7c5a71c9fefbc7691f9d4ac7baf70c743792f716,2026-08-11T09:19:21,selfdestruct_context,0xf3fef3a3,false
25728402,0x17d5679e82c40293a8a6b5cec6da5a75fd60f620ed9fb29c14986b8b99ae9a79,0xb6a30fd5ed09dadd85ff5d6c0c704273053f6bc3,0x0000000000000068f116a894984e2db1123eb395,2026-08-11T09:19:22,complex_trace;high_gas_used_context,0x87201b41,false
25728402,0x347a98e8b6e54fb75dd3c8fa52fb086f1c74545965002d2aa5b130df5531944e,0xde992badd92adaf9146255e9bde6a70770973664,0x3d0f22bf11636cc9cb129e2b261eed35a487455c,2026-08-11T09:19:22,complex_trace;high_gas_used_context,0xa9059cbb,false
25728402,0x497b6216c1f80e92085976420c932c9e50f8b98a72bb14c436aab4fc36283ed6,0xde992badd92adaf9146255e9bde6a70770973664,0x3d0f22bf11636cc9cb129e2b261eed35a487455c,2026-08-11T09:19:22,complex_trace;high_gas_used_context,0xa9059cbb,false
25728403,0x4f9f50e201d21a1ffb21740d53757b7d6ab77f11ce630a196b664682aec33d8f,0x59aab1bd0d26290274398c07b55955c15425e16b,0x00fe78205f5f0e63b8ad2b2ae5337f538a610e04,2026-08-11T09:19:32,complex_trace;high_gas_used_context,0x34fcd5be,false
25728403,0xaef49a733fbfea5a44150b7e65b7e2d5a875a78c46e5d7a62989a5f7db390b5b,0x59aab1bd0d26290274398c07b55955c15425e16b,0x00fe78205f5f0e63b8ad2b2ae5337f538a610e04,2026-08-11T09:19:32,complex_trace;high_gas_used_context,0x34fcd5be,false
25728403,0xaf3aab7fe5c5e719837020f39343163c198eef390d7d80f395d2f563233ce386,0xa154b98e53fc35e1bad1ff758acbc8c629bdcd2b,0x19917386eeae67b6ff7ddf07de4019fca40aa4ec,2026-08-11T09:19:32,repeated_internal_token_drain;dense_internal_fund_flow;complex_trace;high_gas_used_context;token_activity_burst;repeated_risky_internal_calls,0xa9059cbb,true
25728403,0xe346be36299e03d3431c54de5d04c1c66cfb06ef36c6efe8e1195a3ea18d838c,0xde992badd92adaf9146255e9bde6a70770973664,0x3d0f22bf11636cc9cb129e2b261eed35a487455c,2026-08-11T09:19:32,complex_trace;high_gas_used_context,0xa9059cbb,false
25728404,0x13fabcce1965ba022ded3a0076708d22b51ef4a36d3332de0e7f1e0b35716213,0x1584a8ee67789d1fe161065388657ad2f2a3c7dd,0x77eb52e44db06777bce478159f25c0d55a295314,2026-08-11T09:19:54,repeated_internal_token_drain;dense_internal_fund_flow;complex_trace;token_activity_burst;repeated_risky_internal_calls,0xa9059cbb,true
25728404,0x4a7aaa9166288b60ce8396c50827f0b41e2f48d1ad01b6c7c4aba7d5565cb93d,0xa12e1462d0ced572f396f58b6e2d03894cd7c8a4,0x68b3465833fb72a70ecdf485e0e4c7bd8665fc45,2026-08-11T09:19:54,dense_internal_fund_flow,0x5ae401dc,true
25728404,0x6be52d6a13c30f1cccac3a4fd7a573f6ae03e3bbee42ea32167319c6326087f0,0xf07b4d27cae6571857e51ab3fb209f5226de2d88,0x06cff7088619c7178f5e14f0b119458d08d2f5ef,2026-08-11T09:19:54,large_erc20_asset_flow;complex_trace,0x99999999,true
25728404,0xaf577d4717ded7d797e67ebf70a2eda839af7e94d26c964b2b8f7d298f6d66dc,0x7830c87c02e56aff27fa8ab1241711331fa86f43,0xa9d1e08c7793af67e9d92fe308d5697fb81d3e43,2026-08-11T09:19:55,large_erc20_asset_flow,0xca350aa6,true
25728404,0xe60df0bc7eaa1182bd12432a7a04ae09a6271f5b719abc12595d1470ec7556db,0xe99bd1c2dd70cd58e5efd47887991700e7318ce2,0xad3b67bca8935cb510c8d18bd45f0b94f54a968f,2026-08-11T09:19:55,complex_trace;high_gas_used_context;token_activity_burst;approval_burst,0x146ee74d,false
25728404,0x0daa257dea765453ec96151ac0c66fa73b528b1ac6e4a987849df0f3108c4b5d,0x43375c57ba6456937b88e036ac8e7a8c5bd95e89,0x0000000071727de22e5e9d8baf0edac6f37da032,2026-08-11T09:19:58,privileged_execution_context;complex_trace,0x765e827f,false
25728404,0x18e6782b6b3daa70806a6a73492f3bc35cde8b74ff9b557e9920f9764583efde,0xd6434d157f254276d69ede3bd9fc805482206908,0x7ec8a30a34b86927dc77b302603d1d53e640bef7,2026-08-11T09:19:58,repeated_internal_token_drain;dense_internal_fund_flow;complex_trace;high_gas_used_context;token_activity_burst;repeated_risky_internal_calls,0xa9059cbb,true
25728404,0x7209e271111fc16307f0eba9c78eebee89c20448bc5e27506869a31803349052,0x27c2a1733f14e1247c5feb1c37cd52ae7d0d2bf2,0x140022b7000081000001094700609300d2187dab,2026-08-11T09:19:58,complex_trace;high_gas_used_context;token_activity_burst,0xd005cd11,false
25728404,0xa09892963f1f75ff2af4bebdd484d01d3be21330df579da18253c223997fca60,0x00d9fe085d99b33ab2aae8063180c63e23bf2e69,0x75884f3ada15c953529abaac6549d5204135ec36,2026-08-11T09:19:58,repeated_internal_token_drain;dense_internal_fund_flow;complex_trace;high_gas_used_context;token_activity_burst;repeated_risky_internal_calls,0xa9059cbb,true
25728404,0xbb0cfaea059b0d792648eb181cb07fab9e1a19f1cc28763d1a2f2f4a473afdd8,0x59aab1bd0d26290274398c07b55955c15425e16b,0x00fe78205f5f0e63b8ad2b2ae5337f538a610e04,2026-08-11T09:19:58,complex_trace;high_gas_used_context,0x34fcd5be,false
25728404,0xf75da0a38c4ac983b8b0f7b52045bd875f2ef16bda07d2844a43f49226187f0d,0xd714e1d25067c2421ea58b962d900732f77ab23b,0xcd2bdb8af031d29d2bc38ef08b842d31e344384c,2026-08-11T09:19:58,repeated_internal_token_drain;dense_internal_fund_flow;complex_trace;high_gas_used_context;token_activity_burst;repeated_risky_internal_calls,0xa9059cbb,true
25728406,0x679e8bcc692c956934e821a6a348da23ff731b0c83e7b6bb28801aa0b70f6167,0x70e59f9c304e4d5096bd408b571e2dcd99c3120b,0xad3b67bca8935cb510c8d18bd45f0b94f54a968f,2026-08-11T09:20:08,repeated_internal_token_drain;dense_internal_fund_flow;very_complex_trace;high_gas_used_context;token_activity_burst;approval_burst;repeated_risky_internal_calls,0x146ee74d,true
25728406,0xab225e73bf5106bbfbed01dc3aebedbe4fbea5f8ad8d15bb0906eaa3441d4318,0xdf8adfe10d4a4d9f0fc4d3e377a6e8d5730eb40c,0x06cff7088619c7178f5e14f0b119458d08d2f5ef,2026-08-11T09:20:08,large_erc20_asset_flow;complex_trace,0x99999999,true
25728406,0xfd47870eabc610820f8df51cf634f1d2c161e01ee910fdad9cf0f6328632fb81,0xc78304acdf1f0d62b51441a38e5c1bab78f03f7a,0x0000000071727de22e5e9d8baf0edac6f37da032,2026-08-11T09:20:08,complex_trace;high_gas_used_context;token_activity_burst,0x765e827f,false
25728406,0xdff2dbf6e0f0d0404145df186a50c50e4fcd5b60fb9fbacff0dbe5ba5bd30caa,0xbad000006db10503589262b55d09bb7b3c5e1472,0xbbbbb048b1a85ca221058c45525095b6a68bbbbb,2026-08-11T09:20:09,repeated_internal_token_drain;dense_internal_fund_flow;complex_trace;high_gas_used_context;token_activity_burst;repeated_risky_internal_calls,0xa9059cbb,true
25728406,0x1254dde622656602da4f8d91b43958180df8e071c98179a6a5228684e4f4d94f,0x59aab1bd0d26290274398c07b55955c15425e16b,0x00fe78205f5f0e63b8ad2b2ae5337f538a610e04,2026-08-11T09:20:10,complex_trace;high_gas_used_context,0x34fcd5be,false
25728406,0x6042d29b3001096d431591f181a53ced84d4c90db24a4d7a14ae84f9dab6542a,0x59aab1bd0d26290274398c07b55955c15425e16b,0x00fe78205f5f0e63b8ad2b2ae5337f538a610e04,2026-08-11T09:20:10,complex_trace;high_gas_used_context,0x34fcd5be,false
25728406,0x7939bec691c518b8d43d26a07c41d58cdbba98001a82b8a06ae4d9f527148e4f,0x00d9fe085d99b33ab2aae8063180c63e23bf2e69,0x75884f3ada15c953529abaac6549d5204135ec36,2026-08-11T09:20:10,repeated_internal_token_drain;dense_internal_fund_flow;complex_trace;high_gas_used_context;token_activity_burst;repeated_risky_internal_calls,0xa9059cbb,true
25728406,0xdeb95f2c44b842fe8acabac11046f17c42b976ea203f2f87c40bbf19c2dd3113,0xd714e1d25067c2421ea58b962d900732f77ab23b,0xcd2bdb8af031d29d2bc38ef08b842d31e344384c,2026-08-11T09:20:10,repeated_internal_token_drain;dense_internal_fund_flow;complex_trace;high_gas_used_context;token_activity_burst;repeated_risky_internal_calls,0xa9059cbb,true
25728407,0xb3c82b602252fb74f5419de608149d86d2b44bb161c3a0be9561269c93855172,0x56c262027e0de4aea31d2489529cb25d23e58a8b,0xccc88a9d1b4ed6b0eaba998850414b24f1c315be,2026-08-11T09:20:19,complex_trace;high_gas_used_context,0x0a2b8f36,false
25728407,0xb758babd667fe0ebca77f7e78e8c5fab16fef186b33ea9d51294ca9bac96f76a,0x7830c87c02e56aff27fa8ab1241711331fa86f43,0xa9d1e08c7793af67e9d92fe308d5697fb81d3e43,2026-08-11T09:20:19,large_erc20_asset_flow,0xca350aa6,true
25728407,0x3a9a4614d47300e5b9b04f480e9ddfdfc398c30f964a086514a949c697749d4a,0x59aab1bd0d26290274398c07b55955c15425e16b,0x00fe78205f5f0e63b8ad2b2ae5337f538a610e04,2026-08-11T09:20:20,complex_trace;high_gas_used_context,0x34fcd5be,false
25728407,0x409e29f6e6c29d569224c7fe55d46dcbe537d474cadbc87fe355de068ad0f8e0,0xe487832018fbd594c84f1db3dfac61cde98a5f36,0x91ff8bbd8ebb07893010d50a48a1609e5ebd8e34,2026-08-11T09:20:20,complex_trace;high_gas_used_context,0x069d1525,false
25728407,0x7e19740c19724a1ac99423b5fb2be768a429852017616e168d26da488053d347,0x3cfdc212769c890907bce93d3d8c2c53de6a7a89,0x433709009b8330fda32311df1c2afa402ed8d009,2026-08-11T09:20:20,privileged_execution_context;complex_trace,0x765e827f,false
25728407,0xb65ef6b4ee5b430b2ced6a145e74a9d956f92826d3032ad96d11fd0c5a3dc8cb,0x5451794e3d44f1db21649c11518b832b7352bd15,0xbf7fe109f674ab1341d69e67a262e50ce87eb7c1,2026-08-11T09:20:20,high_gas_used_context;token_activity_burst,0x9f58dd7a,false
25728408,0x31641720d1c406d083767e998576a53c74533441b9b5c1a30e5cf3e68a2a1ecd,0xe487832018fbd594c84f1db3dfac61cde98a5f36,0x91ff8bbd8ebb07893010d50a48a1609e5ebd8e34,2026-08-11T09:20:26,complex_trace;high_gas_used_context,0x069d1525,false
25728408,0x7b551691c12a4cbc65be68285cc0cfcb9b20470ec8c40ace67bba4be82d1a460,0xbad000006db10503589262b55d09bb7b3c5e1472,0xbbbbb048b1a85ca221058c45525095b6a68bbbbb,2026-08-11T09:20:26,repeated_internal_token_drain;dense_internal_fund_flow;complex_trace;high_gas_used_context;token_activity_burst;repeated_risky_internal_calls,0xa9059cbb,true
25728408,0x95167573f682966b7db5cda7dd0724c838b954fe5ab2b3329b812f990dbb6fa8,0xd714e1d25067c2421ea58b962d900732f77ab23b,0xcd2bdb8af031d29d2bc38ef08b842d31e344384c,2026-08-11T09:20:26,repeated_internal_token_drain;dense_internal_fund_flow;complex_trace;high_gas_used_context;token_activity_burst;repeated_risky_internal_calls,0xa9059cbb,true
25728408,0xf0bfdd609587b3ace36923a21ed114953f41611246bebc281fcb17f56ec391d3,0x00d9fe085d99b33ab2aae8063180c63e23bf2e69,0x75884f3ada15c953529abaac6549d5204135ec36,2026-08-11T09:20:26,repeated_internal_token_drain;dense_internal_fund_flow;complex_trace;high_gas_used_context;token_activity_burst;repeated_risky_internal_calls,0xa9059cbb,true
25728408,0xf4abce4c48c2a4d8e7cfa93f22817ff9753fd1b6e49d12540e7ab0a542267ff5,0xc6acbee42e9e323140c1ed060c2f6ea9cc3b4b75,0x7c5a71c9fefbc7691f9d4ac7baf70c743792f716,2026-08-11T09:20:26,selfdestruct_context,0xf3fef3a3,false
25728409,0xc77470aa3630f1d279cef025d5e1a842ce68dd7ad743be7624b2272c79c2d280,0x09cfee647fa339133380191c8db6b44f24500c9d,0x77b85afbcd336993ac1c65057531c5a5b33b76b8,2026-08-11T09:20:32,high_gas_used_context;token_activity_burst,0xa9059cbb,false
25728409,0xd0fa3d3171b4caa24c9f19b4528549fe8b44719c549792c5408fda7955e95cb3,0x433768457671718ef79bfeb17d895a5e81c5015b,0x0000000071727de22e5e9d8baf0edac6f37da032,2026-08-11T09:20:32,privileged_execution_context;complex_trace,0x765e827f,false
25728409,0xecf737d5f79c9ef8bd086cdf609610c3d4fb225e17df4617db758c9a18af630b,0xe99bd1c2dd70cd58e5efd47887991700e7318ce2,0xad3b67bca8935cb510c8d18bd45f0b94f54a968f,2026-08-11T09:20:32,repeated_internal_token_drain;dense_internal_fund_flow;complex_trace;high_gas_used_context;token_activity_burst;approval_burst,0x146ee74d,true
25728409,0xe875d029538a80cd4116e6718a69ae4df320b456e74648e7db6eebac408544e6,0xe487832018fbd594c84f1db3dfac61cde98a5f36,0x91ff8bbd8ebb07893010d50a48a1609e5ebd8e34,2026-08-11T09:20:33,complex_trace;high_gas_used_context,0x069d1525,false
25728410,0x19c1fa85c2e2b8a0d18e9f0ac23bd74870549a56de75d9e352fd11ac29ddb33e,0xc6acbee42e9e323140c1ed060c2f6ea9cc3b4b75,0x7c5a71c9fefbc7691f9d4ac7baf70c743792f716,2026-08-11T09:20:40,selfdestruct_context,0xf3fef3a3,false
25728410,0x3dafce8853b9959742a10bce9c14e9cc368aef946c84aba5fa56186ac3eb4b26,0xf719d44b5a7bac51101daf18a0990b46c9263dc9,0xbf7fe109f674ab1341d69e67a262e50ce87eb7c1,2026-08-11T09:20:40,high_gas_used_context;token_activity_burst,0x9f58dd7a,false
25728410,0x5112fe25f3cf649416b02e5c532efdd2c9444ac270a7f3239563260bfab12946,0xe487832018fbd594c84f1db3dfac61cde98a5f36,0x91ff8bbd8ebb07893010d50a48a1609e5ebd8e34,2026-08-11T09:20:40,complex_trace;high_gas_used_context,0x069d1525,false
25728410,0xe19c6519e315a4edb6f02685adaee5f606f572d30158420bcb790b458f754f98,0x00d9fe085d99b33ab2aae8063180c63e23bf2e69,0x75884f3ada15c953529abaac6549d5204135ec36,2026-08-11T09:20:40,repeated_internal_token_drain;dense_internal_fund_flow;complex_trace;high_gas_used_context;token_activity_burst;repeated_risky_internal_calls,0xa9059cbb,true
25728410,0xe64f36e45c8eac9f74af3daa1ad9914737d65828b2b2764fd0f44fc227b641e3,0xd714e1d25067c2421ea58b962d900732f77ab23b,0xcd2bdb8af031d29d2bc38ef08b842d31e344384c,2026-08-11T09:20:40,repeated_internal_token_drain;dense_internal_fund_flow;complex_trace;high_gas_used_context;token_activity_burst;repeated_risky_internal_calls,0xa9059cbb,true
25728411,0x7b08571b81470eb63e6599c67de77e8826aa1148ece1c7effb13c0661656e9da,0xe487832018fbd594c84f1db3dfac61cde98a5f36,0x91ff8bbd8ebb07893010d50a48a1609e5ebd8e34,2026-08-11T09:20:46,complex_trace;high_gas_used_context,0x069d1525,false
25728411,0xc2ed7b8c6366502437a474c7127c2b948d27e9faad1b9962e8d6f2291f6f2c98,0xe0f3ca971e58547f6b00b0d6a1346b69ec37942f,0xbf7fe109f674ab1341d69e67a262e50ce87eb7c1,2026-08-11T09:20:46,high_gas_used_context;token_activity_burst,0x9f58dd7a,false
25728412,0x45e47cdf18245f5e53e48dab535aa7504f68dc8899a662355c3ae1b97639b1f3,0x7830c87c02e56aff27fa8ab1241711331fa86f43,0xa9d1e08c7793af67e9d92fe308d5697fb81d3e43,2026-08-11T09:20:52,dense_internal_fund_flow,0x1a1da075,true
25728412,0x009f314fc586673704fbfe3bb1138a4e25dbae73899e3bd320ed0bbf11590ae8,0x00d9fe085d99b33ab2aae8063180c63e23bf2e69,0x75884f3ada15c953529abaac6549d5204135ec36,2026-08-11T09:20:54,repeated_internal_token_drain;dense_internal_fund_flow;complex_trace;high_gas_used_context;token_activity_burst;repeated_risky_internal_calls,0xa9059cbb,true
25728412,0x1499681cc4684f8a2bc5104339dec17a9c96fa4af806ee0c188bba06bb558e08,0xfba9ad99213270f91f6f610ce8c91071ea4e2f6c,0x0000000000000068f116a894984e2db1123eb395,2026-08-11T09:20:54,high_gas_used_context;token_activity_burst;approval_burst,0x87201b41,false
25728412,0x1f16435fb48616ced63e591e8f5a446feeb0ec1fa27fb73e2d583d3d8c5c5ea9,0xd714e1d25067c2421ea58b962d900732f77ab23b,0xcd2bdb8af031d29d2bc38ef08b842d31e344384c,2026-08-11T09:20:54,repeated_internal_token_drain;dense_internal_fund_flow;complex_trace;high_gas_used_context;token_activity_burst;repeated_risky_internal_calls,0xa9059cbb,true
25728412,0x4185fcbbde912efb1c95d5aab2d9ebce74efa8c3c6190fbbd46167c1d6d741a8,0xe487832018fbd594c84f1db3dfac61cde98a5f36,0x91ff8bbd8ebb07893010d50a48a1609e5ebd8e34,2026-08-11T09:20:54,complex_trace;high_gas_used_context,0x069d1525,false
25728412,0x5ed458f93e250f289988d4fcb354978139433ca877fb44049202904cffec0f6a,0x5f8769281662a4af0175f7efe521892c52850ac6,0x40a6700b99115cda7b12bd0e21db1be8ae524bf2,2026-08-11T09:20:54,repeated_internal_token_drain;dense_internal_fund_flow;complex_trace;high_gas_used_context;token_activity_burst;repeated_risky_internal_calls,0xa9059cbb,true
25728412,0xc4e8b3bd3ea2ae993e2e69c5d0fea3f184337b7fd3235d33803294701e2687c4,0xf70da97812cb96acdf810712aa562db8dfa3dbef,0xccc88a9d1b4ed6b0eaba998850414b24f1c315be,2026-08-11T09:20:54,large_erc20_profit_to_sender;large_erc20_asset_flow;complex_trace;high_gas_used_context;token_activity_burst,0x0a2b8f36,true
25728412,0xd631bf3b153f2e5d0f35f23b7115c4791857791ecf657b4369346f937396d312,0x7830c87c02e56aff27fa8ab1241711331fa86f43,0xa9d1e08c7793af67e9d92fe308d5697fb81d3e43,2026-08-11T09:20:54,large_erc20_asset_flow,0xca350aa6,true
25728412,0xfb361f61bd5c1dba68f8c0b0dadc33ed9f1f15f879106898d69133c1a50134c4,0xd386f8f1e31550d8a55a6baf921168b06c8716fb,0x547b5ad9f71ac50efd8755bc144767ac1768fc3d,2026-08-11T09:20:54,large_erc20_asset_flow;complex_trace;token_activity_burst,0x214bc20e,true
25728413,0xc07c1809cfcddbd62dcf6eddb4a7b943df2f2225c172f8b495b5496dd437a210,0xd8899a51f402cfd84469eb5b33697b3b8836dbbf,0x950fd558f47e234a2fde23b7d61f7ccdbcb4a86f,2026-08-11T09:21:31,large_erc20_asset_flow;complex_trace,0xdd225095,true
25728413,0x35d16107507511865a70c7ea19703f9b3bc3d9c6897f5d7dfd27c18b945e6c0d,0xa154b98e53fc35e1bad1ff758acbc8c629bdcd2b,0x19917386eeae67b6ff7ddf07de4019fca40aa4ec,2026-08-11T09:21:32,repeated_internal_token_drain;dense_internal_fund_flow;complex_trace;high_gas_used_context;token_activity_burst;repeated_risky_internal_calls,0xa9059cbb,true
25728413,0x43426e6b05e516ff096c25f5d64ef38c6997d9aeca888df0418d3f24edd44108,0x3d4e12d540cf67a9c38da66a20943acac075725d,0x1eeda6359b726f7e5a662288ed7f1793ed6788b9,2026-08-11T09:21:32,repeated_internal_token_drain;dense_internal_fund_flow;complex_trace;high_gas_used_context;token_activity_burst;repeated_risky_internal_calls,0xa9059cbb,true
25728413,0x4e3b898bad535fdafe34b320e01067fe61c15983f71ecbd336065b63ac769001,0x09cfee647fa339133380191c8db6b44f24500c9d,0x77b85afbcd336993ac1c65057531c5a5b33b76b8,2026-08-11T09:21:32,high_gas_used_context;token_activity_burst,0xa9059cbb,false
25728413,0xd2410c789a96103f8d491b379275e8147ab05e11b76eac75f5b6cc5f78c0fe68,0xe487832018fbd594c84f1db3dfac61cde98a5f36,0x91ff8bbd8ebb07893010d50a48a1609e5ebd8e34,2026-08-11T09:21:32,complex_trace;high_gas_used_context,0x069d1525,false
25728413,0xd4d9aa00983927f25d982d67f035a13c430dcf0fa9b9fc8fe4e458f0a7a3c838,0xdda3b51e29f9d6fad865c5dd7070d5f7eb57663e,0x8d8210a0252a706cb5de0c6f8e46b6d3692afc19,2026-08-11T09:21:32,complex_trace;high_gas_used_context,0xffc3a769,false
25728414,0x1c02d4de90de280fca27a1dc506cd9769400ce298561e5a7fda3638de9528e60,0x331d9a049d496385998067abf6cbb6371c8d2466,0xccc88a9d1b4ed6b0eaba998850414b24f1c315be,2026-08-11T09:21:44,large_erc20_asset_flow;complex_trace,0x0a2b8f36,true
25728414,0x53d06d08160dcaef61f0b8ac954041e8b6ed26b28836b3566f3d1430f621dd8b,0x1584a8ee67789d1fe161065388657ad2f2a3c7dd,0x77eb52e44db06777bce478159f25c0d55a295314,2026-08-11T09:21:44,repeated_internal_token_drain;dense_internal_fund_flow;complex_trace;token_activity_burst;repeated_risky_internal_calls,0xa9059cbb,true
25728414,0xb453485e4fe711781ba29f32d3f2dc1c312dabcb632250e584355ae7c51447a3,0x81633c1357ddb25d8625efb2cad26a60988475bf,0x0c9a3dd6b8f28529d72d7f9ce918d493519ee383,2026-08-11T09:21:44,large_erc20_profit_to_sender;large_erc20_asset_flow;complex_trace,0xc16ae7a4,true
25728414,0xbe4300287e40419475be52af9123fc92584a1b5be753dedae6f41cb47dd738ed,0x00d9fe085d99b33ab2aae8063180c63e23bf2e69,0x75884f3ada15c953529abaac6549d5204135ec36,2026-08-11T09:21:44,repeated_internal_token_drain;dense_internal_fund_flow;complex_trace;high_gas_used_context;token_activity_burst;repeated_risky_internal_calls,0xa9059cbb,true
25728414,0xd4a6e876dd70574a1d2bad90b550793b3cd4434b10873b2000753b450e58d756,0xd6434d157f254276d69ede3bd9fc805482206908,0x7ec8a30a34b86927dc77b302603d1d53e640bef7,2026-08-11T09:21:44,repeated_internal_token_drain;dense_internal_fund_flow;complex_trace;high_gas_used_context;token_activity_burst;repeated_risky_internal_calls,0xa9059cbb,true
25728414,0xf090bdbad07d6f50d7eab659f0744e1592c764b48d7cea191c4a4ff283e350ce,0xe487832018fbd594c84f1db3dfac61cde98a5f36,0x91ff8bbd8ebb07893010d50a48a1609e5ebd8e34,2026-08-11T09:21:44,complex_trace;high_gas_used_context,0x069d1525,false
25728415,0x1fb4a7f612546b2470166d4c3f3be851e7680b636300d1c93f7240f748aed75d,0xe487832018fbd594c84f1db3dfac61cde98a5f36,0x91ff8bbd8ebb07893010d50a48a1609e5ebd8e34,2026-08-11T09:21:52,complex_trace;high_gas_used_context,0x069d1525,false
25728415,0xf7549f94fb0a3cb9dd39c1c61bbb7147941d429ccb76453820b8bb748832607c,0x295201ef3038e00d920ea0099d5aa8953b58abaa,0x943aeabc9b11d1c7d8a881b9b930c38e618d9f40,2026-08-11T09:21:52,large_erc20_asset_flow;complex_trace,0x601881f3,true
25728415,0x27f760f244929a7cfe4c2cd366d1b9203c80d001f0608d7abee1439851bb7c58,0xa154b98e53fc35e1bad1ff758acbc8c629bdcd2b,0x19917386eeae67b6ff7ddf07de4019fca40aa4ec,2026-08-11T09:21:53,repeated_internal_token_drain;dense_internal_fund_flow;complex_trace;high_gas_used_context;token_activity_burst;repeated_risky_internal_calls,0xa9059cbb,true
25728415,0x9b2f5f6191bc0e368f48248888abbe09b48795b599b0495dd1bb8ce01d87dca7,0x3d4e12d540cf67a9c38da66a20943acac075725d,0x1eeda6359b726f7e5a662288ed7f1793ed6788b9,2026-08-11T09:21:53,repeated_internal_token_drain;dense_internal_fund_flow;complex_trace;high_gas_used_context;token_activity_burst;repeated_risky_internal_calls,0xa9059cbb,true
25728416,0xe112c4b52f7be63ba386c764bc100e2d2cbaaa4fb54ac74d1619a8ee802b30f6,0x5b43453fce04b92e190f391a83136bfbecedefd1,0xbdb3ba9ffe392549e1f8658dd2630c141fdf47b6,2026-08-11T09:22:04,dense_internal_fund_flow;complex_trace;token_activity_burst,0x000000c3,true
25728416,0x0977dc8b6bde1c5e508b7d195013ddfb9aba6f8c76d89c6dd097e59cf47b282a,0x49e1bf431e9bbbd8e57afcd21ccac3f30e7d98d3,0x28b1dc1a5e3699a428bc51d234dfab7c9cb2a183,2026-08-11T09:22:05,complex_trace;high_gas_used_context,0xf2c42696,true
25728416,0x4a000bfaa1056d5f2e6759efa4757e432efa5cf5b358a40019c90af1bd5577af,0x7d79bd0e4b3dc90665a3ed30aa6c6c06c89d224e,0x00000000000e56073987eaf8694fe54fca2f53de,2026-08-11T09:22:05,high_gas_used_context;token_activity_burst,0x3fdef701,false
25728416,0x4d2b0c7f971e022409e813ec99c3aec46123886b4ee075147f5e172ff95451db,0xe487832018fbd594c84f1db3dfac61cde98a5f36,0x91ff8bbd8ebb07893010d50a48a1609e5ebd8e34,2026-08-11T09:22:05,complex_trace;high_gas_used_context,0x069d1525,false
25728416,0x4f565cbb0af85cce8ccd8b3d70450edc0b5ae74087f230183d6e0f2c4d37af8a,0xa67d7eb4dc68fa6ce8e34ef8cadaf075b9893fbb,0xb92fe925dc43a0ecde6c8b1a2709c170ec4fff4f,2026-08-11T09:22:05,complex_trace;high_gas_used_context,0xcd6e13f7,false
25728416,0xcc97973781da874962e3b60be684c320f4b3d959c6728d6b1ae31b82843ddb15,0xd6434d157f254276d69ede3bd9fc805482206908,0x7ec8a30a34b86927dc77b302603d1d53e640bef7,2026-08-11T09:22:05,repeated_internal_token_drain;dense_internal_fund_flow;very_complex_trace;high_gas_used_context;token_activity_burst;repeated_risky_internal_calls,0xa9059cbb,true
25728417,0x104a2d8a808abd30ba7e5a345fb26823b11ea0776c8e58a4c62d0deca6f883eb,0x59aab1bd0d26290274398c07b55955c15425e16b,0x00fe78205f5f0e63b8ad2b2ae5337f538a610e04,2026-08-11T09:22:42,complex_trace;high_gas_used_context,0x34fcd5be,false
25728417,0x1c87cdf6674240de96531a24ed7483f2793b2919d78d4a76cdbc59c39eb8ea69,0x3d4e12d540cf67a9c38da66a20943acac075725d,0x1eeda6359b726f7e5a662288ed7f1793ed6788b9,2026-08-11T09:22:42,repeated_internal_token_drain;dense_internal_fund_flow;complex_trace;high_gas_used_context;token_activity_burst;repeated_risky_internal_calls,0xa9059cbb,true
25728417,0x56293ec8c47cd1ff7b94849e1524257b104570666797781a8c9bf196fbe7ae43,0xd6434d157f254276d69ede3bd9fc805482206908,0x7ec8a30a34b86927dc77b302603d1d53e640bef7,2026-08-11T09:22:42,repeated_internal_token_drain;dense_internal_fund_flow;very_complex_trace;high_gas_used_context;token_activity_burst;repeated_risky_internal_calls,0xa9059cbb,true
25728417,0x8c6168b13aa5c999fe5c827d4420d600ab030dee863e892edc213f6a5a51af77,0xbad000006db10503589262b55d09bb7b3c5e1472,0xbbbbb048b1a85ca221058c45525095b6a68bbbbb,2026-08-11T09:22:42,repeated_internal_token_drain;dense_internal_fund_flow;complex_trace;high_gas_used_context;token_activity_burst;repeated_risky_internal_calls,0xa9059cbb,true
25728417,0x971115f581e6870526ae34809815509a4b421510ab38a1e1307140cda6730c36,0xd411d428a63cf4c7029bc53f0e0f56c4933fdbb7,0x87870bca3f3fd6335c3f4ce8392d69350b4fa4e2,2026-08-11T09:22:42,large_erc20_asset_flow;complex_trace,0xa415bcad,true
25728417,0xa7ca75307830885965e34eee9a6abc22e45440033d7bdc5e955c06a280cf5b00,0x09cfee647fa339133380191c8db6b44f24500c9d,0x77b85afbcd336993ac1c65057531c5a5b33b76b8,2026-08-11T09:22:42,high_gas_used_context;token_activity_burst,0xa9059cbb,false
25728417,0xaed9921d53302a0d4b4c7863aa07d32af6f7b782ab96641bfd640a726e063530,0xcd01a3aced67e266be21117376c7025b384cd4d7,0x7a33bcf7588190e3123235db746339045207bb93,2026-08-11T09:22:42,dense_internal_fund_flow;complex_trace,0x0963cedd,true
25728417,0xd7a539a025027fa198b774b739dbf9e1ddba3da2e95a421e450ad2d9d7ad251d,0x7830c87c02e56aff27fa8ab1241711331fa86f43,0xa9d1e08c7793af67e9d92fe308d5697fb81d3e43,2026-08-11T09:22:42,dense_internal_fund_flow,0x1a1da075,true
25728417,0xd96f5d4bf9a882c6a0201baf19298b4fb507b346df3a7482c0e1615c371eefce,0x07ae8551be970cb1cca11dd7a11f47ae82e70e67,0x6a2e3a1e16fc29f27ce61429746d558d656975bb,2026-08-11T09:22:42,dense_internal_fund_flow;large_erc20_asset_flow;complex_trace,0xd2ce7d65,true
25728417,0xfdbc33432de7f641d7d3303d8e1866bafb340162160c59a592a6df83f7702fe7,0xe487832018fbd594c84f1db3dfac61cde98a5f36,0x91ff8bbd8ebb07893010d50a48a1609e5ebd8e34,2026-08-11T09:22:42,complex_trace;high_gas_used_context,0x069d1525,false
25728418,0x7dec76072d9880da77b93cfb679c82d203d610231ba121d8950c9d433612d5c0,0x1053ec0d66c4d1678099521b07f19a4532d33578,0x3057fe9ce0785055d546e974befa47b5e9f0cccc,2026-08-11T09:22:48,complex_trace;token_activity_burst,0x07ed2379,false
25728418,0x87382337bb7311dc2b9baacb1ee0b0eba872e6ae8f075fe298be1a3be343c173,0xe487832018fbd594c84f1db3dfac61cde98a5f36,0x91ff8bbd8ebb07893010d50a48a1609e5ebd8e34,2026-08-11T09:22:48,complex_trace;high_gas_used_context,0x069d1525,false
25728418,0x9f274f46c3838c3377b432f8e8cbf76a38dcfc29fc57aa5c4ed7ff20c543b870,0xce54f65abb8b61b83c14cbe97de97fce75bbf556,0x0000000071727de22e5e9d8baf0edac6f37da032,2026-08-11T09:22:48,large_erc20_asset_flow;complex_trace,0x765e827f,true
25728418,0xb7209967a3e5fd8fa0f5a53679e2ec96043908ff1032b6fd7cae34fab12c6235,0xd6f05b19bf2c05c264a646b7757057d774661c5c,0x0000000000001ff3684f28c67538d4d072c22734,2026-08-11T09:22:48,large_erc20_asset_flow;complex_trace;high_gas_used_context;token_activity_burst,0x2213bc0b,true
25728418,0xd9b0cec4dc60f658eafe23033e01bb338dc75552a68bd8a3b850eece4db4d551,0xdd680933a37b2014a77482ae51b22b68ed1c2996,,2026-08-11T09:22:48,privileged_execution_context;contract_creation_context,0x60806040,false
25728419,0x26d2ea3016a52cccafe397def370eefcfeac91af981df0532cbca58fe4b0befb,0x477cac2fc44a60492a8b637b77a99be4debcef20,0x2d5805a423d6ce771f06972ad4499f120902631a,2026-08-11T09:22:54,dense_internal_fund_flow;complex_trace;high_gas_used_context;token_activity_burst,0xf497df75,true
25728419,0x02e3d879fabccd75e4b532e51c3f2f40eea38428dba6e5b085c70c009f7ea2c6,0xd6434d157f254276d69ede3bd9fc805482206908,0x7ec8a30a34b86927dc77b302603d1d53e640bef7,2026-08-11T09:22:55,repeated_internal_token_drain;dense_internal_fund_flow;complex_trace;high_gas_used_context;token_activity_burst;repeated_risky_internal_calls,0xa9059cbb,true
25728419,0x3c2317af8c1ae416dd4d710d99e8d79113c3d7edad41a5ca4fde0f94e309ab7d,0x49e1bf431e9bbbd8e57afcd21ccac3f30e7d98d3,0x28b1dc1a5e3699a428bc51d234dfab7c9cb2a183,2026-08-11T09:22:55,complex_trace;high_gas_used_context;token_activity_burst,0xf2c42696,true
25728419,0x3e872be7ffc355cf84c778bbc0ca12fe8dac620d0cb3d090f01e693780083054,0xdda3b51e29f9d6fad865c5dd7070d5f7eb57663e,0x8d8210a0252a706cb5de0c6f8e46b6d3692afc19,2026-08-11T09:22:55,complex_trace;high_gas_used_context,0xffc3a769,false
25728419,0xcd257407599618948364d8ac2407c21ca1c7e6e8b4b0c494b2cfc41b1a8dbf7b,0xa154b98e53fc35e1bad1ff758acbc8c629bdcd2b,0x19917386eeae67b6ff7ddf07de4019fca40aa4ec,2026-08-11T09:22:55,repeated_internal_token_drain;dense_internal_fund_flow;complex_trace;high_gas_used_context;token_activity_burst;repeated_risky_internal_calls,0xa9059cbb,true
25728420,0x33e0c9d866d4bf0b3babf40e12413c9765f1b08f54352ea49d9e540b1778fb17,0xd411d428a63cf4c7029bc53f0e0f56c4933fdbb7,0x6131b5fae19ea4f9d964eac0408e4408b66337b5,2026-08-11T09:23:14,large_erc20_asset_flow;complex_trace,0xe21fd0e9,true
25728420,0xba7c4b211b567f0a17b4dc98a9d7aac6799341f7f31b05ffb77404d09db3e457,0xd6434d157f254276d69ede3bd9fc805482206908,0x7ec8a30a34b86927dc77b302603d1d53e640bef7,2026-08-11T09:23:15,repeated_internal_token_drain;dense_internal_fund_flow;complex_trace;high_gas_used_context;token_activity_burst;repeated_risky_internal_calls,0xa9059cbb,true
25728420,0x0368dc6077ebc298f8240697f476c50d1f758e18236f288c36591aba330ed431,0x09cfee647fa339133380191c8db6b44f24500c9d,0x77b85afbcd336993ac1c65057531c5a5b33b76b8,2026-08-11T09:23:16,high_gas_used_context;token_activity_burst,0xa9059cbb,false
25728420,0x0eaf79fc11726b7b9a89214edc22f5833f339ae0a54adff5b7fe18aa755ab28b,0x4337dae0470bb8ce0702cbe6a9ba40024644a673,0x0000000071727de22e5e9d8baf0edac6f37da032,2026-08-11T09:23:16,privileged_execution_context;complex_trace,0x765e827f,false
25728420,0x28c8f120868ec48a1edc772ecb0a96d03bf90a70874813197f2ef9e2685f892a,0xa154b98e53fc35e1bad1ff758acbc8c629bdcd2b,0x19917386eeae67b6ff7ddf07de4019fca40aa4ec,2026-08-11T09:23:16,repeated_internal_token_drain;dense_internal_fund_flow;complex_trace;high_gas_used_context;token_activity_burst;repeated_risky_internal_calls,0xa9059cbb,true
25728420,0x4adfc28ba05b4baa7dfe2ba84738f90780bcab4db51b46ae1b3e3d0f9cc74fc1,0x7830c87c02e56aff27fa8ab1241711331fa86f43,0xa9d1e08c7793af67e9d92fe308d5697fb81d3e43,2026-08-11T09:23:16,large_erc20_asset_flow,0xca350aa6,true
25728420,0x5ad1d72588e23bb0e7b7a496955ba30026d436b24f687582cfc8da4ffe22e615,0x70e59f9c304e4d5096bd408b571e2dcd99c3120b,0xad3b67bca8935cb510c8d18bd45f0b94f54a968f,2026-08-11T09:23:16,complex_trace;high_gas_used_context;token_activity_burst;approval_burst,0x146ee74d,false
25728420,0x79452fbdd1ddfcb65b8c1caf74fbab9053eb451702e137423e97930c256c1059,0xf7bac63fc7ceacf0589f25454ecf5c2ce904997c,0xca11bde05977b3631167028862be2a173976ca11,2026-08-11T09:23:16,large_erc20_asset_flow;complex_trace;high_gas_used_context;token_activity_burst,0x252dba42,true
25728420,0xcf3313a271e2c7a73c4cd0c294a65b466dd52df654da9979400a670ebbcdd55b,0x49e1bf431e9bbbd8e57afcd21ccac3f30e7d98d3,0x28b1dc1a5e3699a428bc51d234dfab7c9cb2a183,2026-08-11T09:23:16,complex_trace;high_gas_used_context,0xf2c42696,true
25728421,0x0a16c7f19e5a3211cd24ca54d0ae4e2eb191967b93c6d54832edb11511d4efe7,0xfba9ad99213270f91f6f610ce8c91071ea4e2f6c,0x0000000000c2d145a2526bd8c716263bfebe1a72,2026-08-11T09:23:33,token_activity_burst;approval_burst,0x32389b71,false
25728421,0x1bc678a302df37e5d5f4e50ed5060235c127e13afc9d50943bc6639b45f7f116,0x3f588f468c6e7359e49d289527704f7fda14a500,0x0000000000001ff3684f28c67538d4d072c22734,2026-08-11T09:23:33,dense_internal_fund_flow,0x2213bc0b,true
25728421,0x9ac62e23cd6e4fc79d2707257719e4b7e0adc6e68affc0eec958f2a7d9f0fcba,0xca7ded7e4f4ba8ab3b10009236ae6d1b95094589,0xb92fe925dc43a0ecde6c8b1a2709c170ec4fff4f,2026-08-11T09:23:33,complex_trace;high_gas_used_context,0xcd6e13f7,false
25728421,0xc5d18525683cdebb02421bf84b0c05cb2fa27e0ec7190f44fe771a062fce3e0c,0x7b49bc3ebbdf7322f31c6449320382bbec3be1b6,0xad3b67bca8935cb510c8d18bd45f0b94f54a968f,2026-08-11T09:23:33,complex_trace;high_gas_used_context;token_activity_burst;approval_burst,0x146ee74d,false
25728421,0x5b0f4d67cd81d0944de428868df4ce4b6d75099cfde76d21737576eaaf00ae66,0xa5a5491bca93dd4c076e4906e79e7673f4a5a142,0xb92fe925dc43a0ecde6c8b1a2709c170ec4fff4f,2026-08-11T09:23:34,complex_trace;high_gas_used_context,0xcd6e13f7,false
25728421,0xdac260cc596588c02c71eb52c88645b420a45a23975d4493cc566ef2fe87721b,0xada5bb90d0de0bd1b6f3938708f49295a8d1f7cb,0xccc88a9d1b4ed6b0eaba998850414b24f1c315be,2026-08-11T09:23:34,dense_internal_fund_flow;complex_trace,0x0a2b8f36,true
25728421,0xed519e1d0373e8a7d6caf632f29e193901fe180233256b45a7c73e39def9e629,0x81633c1357ddb25d8625efb2cad26a60988475bf,0x6566194141eefa99af43bb5aa71460ca2dc90245,2026-08-11T09:23:34,large_erc20_asset_flow,0x374f435d,true
25728421,0x209a1a75bf4f4f3430dbff1dd08f68ecdc33d48763b42db639c3dcd967a4f06d,0xdd680933a37b2014a77482ae51b22b68ed1c2996,,2026-08-11T09:23:35,privileged_execution_context;contract_creation_context,0x60806040,false
25728422,0xcedd276749bd67e0cdd577ed7ca94e4df7deec6e9d8841ea7234af6dff8bf6fc,0x5b43453fce04b92e190f391a83136bfbecedefd1,0xbdb3ba9ffe392549e1f8658dd2630c141fdf47b6,2026-08-11T09:23:44,complex_trace;token_activity_burst,0x000000c3,false
25728422,0xe81d09369b157f16d3eaf72fc581642a7d6ee045366a921bcec98b16708c12d2,0xe99bd1c2dd70cd58e5efd47887991700e7318ce2,0xad3b67bca8935cb510c8d18bd45f0b94f54a968f,2026-08-11T09:23:44,complex_trace;high_gas_used_context;token_activity_burst;approval_burst,0x146ee74d,false
25728422,0x271e65d495ef788694095eaa184ab72a4b8a6752404f04c0c88a7f96deaea69e,0x49e1bf431e9bbbd8e57afcd21ccac3f30e7d98d3,0x28b1dc1a5e3699a428bc51d234dfab7c9cb2a183,2026-08-11T09:23:45,complex_trace;high_gas_used_context;token_activity_burst,0xf2c42696,true
25728422,0xb7e8cf75d1898a58dcdf55f08ce7be01c427017a089eb8ea958d3440821256ee,0x09cfee647fa339133380191c8db6b44f24500c9d,0x77b85afbcd336993ac1c65057531c5a5b33b76b8,2026-08-11T09:23:45,high_gas_used_context;token_activity_burst,0xa9059cbb,false
25728422,0xe8b5b1306243ccd34df66eb7257391ee5701523ac7d8a9548b4c36b0283bdcf2,0xbad000006db10503589262b55d09bb7b3c5e1472,0xbbbbb048b1a85ca221058c45525095b6a68bbbbb,2026-08-11T09:23:45,repeated_internal_token_drain;dense_internal_fund_flow;complex_trace;high_gas_used_context;token_activity_burst;repeated_risky_internal_calls,0xa9059cbb,true
25728423,0x586d52f4c3090a304796691fac70875189aa5e02ce8241730a639b90f5b76aef,0xa5a5491bca93dd4c076e4906e79e7673f4a5a142,0xb92fe925dc43a0ecde6c8b1a2709c170ec4fff4f,2026-08-11T09:23:49,complex_trace;high_gas_used_context,0xcd6e13f7,false
25728423,0x84fae6d727855f89f7ee63e8495f38716592d777056616c73f6421797bdc0b70,0x59aab1bd0d26290274398c07b55955c15425e16b,0x00fe78205f5f0e63b8ad2b2ae5337f538a610e04,2026-08-11T09:23:50,complex_trace;high_gas_used_context,0x34fcd5be,false
25728424,0xe5e4aacde1815e9ca8685bc9eab58e6700cf7c92744fa5007b0843cbc8e6f750,0xa154b98e53fc35e1bad1ff758acbc8c629bdcd2b,0x19917386eeae67b6ff7ddf07de4019fca40aa4ec,2026-08-11T09:23:53,repeated_internal_token_drain;dense_internal_fund_flow;complex_trace;high_gas_used_context;token_activity_burst;repeated_risky_internal_calls,0xa9059cbb,true
25728425,0x733d6307bb7fd65d9174b226deca032d38d46fbac721f5bb0489c7ad55cfbb6f,0xc6acbee42e9e323140c1ed060c2f6ea9cc3b4b75,0x7c5a71c9fefbc7691f9d4ac7baf70c743792f716,2026-08-11T09:24:01,selfdestruct_context,0xf3fef3a3,true
25728425,0xf5421b2ba5a10098c18c9d9472d01a1bb3db159971adf99949f4b09ceaf73e0f,0xe99bd1c2dd70cd58e5efd47887991700e7318ce2,0xad3b67bca8935cb510c8d18bd45f0b94f54a968f,2026-08-11T09:24:01,complex_trace;high_gas_used_context;token_activity_burst;approval_burst,0x146ee74d,false
25728425,0x75b6b38a9e6ab40a2fa24db0a4743e5b4e9c9c0fd838c1941ebb0ebc695f6b4a,0x49e1bf431e9bbbd8e57afcd21ccac3f30e7d98d3,0x28b1dc1a5e3699a428bc51d234dfab7c9cb2a183,2026-08-11T09:24:02,complex_trace;high_gas_used_context,0xf2c42696,true
25728425,0x2e2ae182c0206702c3352c19d3d86676d699858d475a4e7545e37eb93696a5bf,0x09cfee647fa339133380191c8db6b44f24500c9d,0x77b85afbcd336993ac1c65057531c5a5b33b76b8,2026-08-11T09:24:04,high_gas_used_context;token_activity_burst,0xa9059cbb,false
25728425,0x5a2cd724246bf7be91217e9e376bade6dd4fe9a7d03602f7860de2bc68cdca19,0x59aab1bd0d26290274398c07b55955c15425e16b,0x00fe78205f5f0e63b8ad2b2ae5337f538a610e04,2026-08-11T09:24:04,complex_trace;high_gas_used_context,0x34fcd5be,false
25728425,0x8e0535f6b8bfd3eebe42ecc4aa9e4860837a1290f03c7e8ab68a84ae6e2bb754,0x59aab1bd0d26290274398c07b55955c15425e16b,0x00fe78205f5f0e63b8ad2b2ae5337f538a610e04,2026-08-11T09:24:04,complex_trace;high_gas_used_context,0x34fcd5be,false
25728425,0xb2b15808305a53f943de9e6237904ccde4a2b0386b2b8a97828ab9f9a12b58de,0xdda3b51e29f9d6fad865c5dd7070d5f7eb57663e,0x8d8210a0252a706cb5de0c6f8e46b6d3692afc19,2026-08-11T09:24:04,complex_trace;high_gas_used_context,0xffc3a769,false
25728426,0xde687faa6f9aef11ba118a9b95eaacfe98a7586255484f4b04375d9839e3ed51,0xa92dedab5474f5de0c230f8d562c8701214b410a,0x111111125421ca6dc452d289314280a0f8842a65,2026-08-11T09:24:20,dense_internal_fund_flow;complex_trace,0x07ed2379,true
25728426,0xf5500111a1feaa01521cdf5a19a4f988422957b1c1561e940148564dc897a5d0,0x331d9a049d496385998067abf6cbb6371c8d2466,0xb92fe925dc43a0ecde6c8b1a2709c170ec4fff4f,2026-08-11T09:24:20,complex_trace;high_gas_used_context,0xcd6e13f7,false
25728426,0xb68ad0017c76b49275bb4ebdc01e364263326ecce6c06cc0e92e772499336ea1,0xbad000006db10503589262b55d09bb7b3c5e1472,0xbbbbb048b1a85ca221058c45525095b6a68bbbbb,2026-08-11T09:24:21,repeated_internal_token_drain;dense_internal_fund_flow;complex_trace;high_gas_used_context;token_activity_burst;repeated_risky_internal_calls,0xa9059cbb,true
25728426,0xdca8b67328eb7f64cbae40b62a0c60cc6b53d9b70ba6029bad20d112528b75d9,0x5f8769281662a4af0175f7efe521892c52850ac6,0x40a6700b99115cda7b12bd0e21db1be8ae524bf2,2026-08-11T09:24:21,repeated_internal_token_drain;dense_internal_fund_flow;complex_trace;high_gas_used_context;token_activity_burst;repeated_risky_internal_calls,0xa9059cbb,true
25728427,0x43bb0bafaa84c244fa6880a8b266e5ca94ee5e54b9054385be1bc0d6ceb6afd2,0xd714e1d25067c2421ea58b962d900732f77ab23b,0xcd2bdb8af031d29d2bc38ef08b842d31e344384c,2026-08-11T09:24:37,repeated_internal_token_drain;dense_internal_fund_flow;complex_trace;high_gas_used_context;token_activity_burst;repeated_risky_internal_calls,0xa9059cbb,true
25728427,0xdd40fccb8dd5ba066634cf4ea6b6de4e236e286d3244714dba5fee55dd2defcb,0x43375c57ba6456937b88e036ac8e7a8c5bd95e89,0x0000000071727de22e5e9d8baf0edac6f37da032,2026-08-11T09:24:37,privileged_execution_context;complex_trace,0x765e827f,false
25728428,0x081f6f220bbc8983440c66c722f5814f4ae74e174b4f76ca269c58f44b8dbb91,0x00d9fe085d99b33ab2aae8063180c63e23bf2e69,0x75884f3ada15c953529abaac6549d5204135ec36,2026-08-11T09:24:44,repeated_internal_token_drain;dense_internal_fund_flow;complex_trace;high_gas_used_context;token_activity_burst;repeated_risky_internal_calls,0xa9059cbb,true
25728428,0x780ba96dd08521eb6ad34df691ed1cee18201677c2da2a1eb78c840c11e1c74a,0x50bf934781f63028c5c8ef49c4affe19a86d99b6,0x8d04cc7e86e687854eb41d9d43512b655b93184b,2026-08-11T09:24:44,selfdestruct_context,0xb5291b32,false
25728428,0x7c57894788e8951f3b4947ad1f4fbd336f190c75be88d94b6b81a71ea350ed4d,0x33460001c7d9e9ddf9ffcaed401467892cf07ffc,0x0000000000001ff3684f28c67538d4d072c22734,2026-08-11T09:24:44,dense_internal_fund_flow;complex_trace,0x2213bc0b,true
25728428,0x098a79c38e54eac50545f04e5f530acedbc2f6a2d5df3484ca49385d26719d7e,0x5f8769281662a4af0175f7efe521892c52850ac6,0x40a6700b99115cda7b12bd0e21db1be8ae524bf2,2026-08-11T09:24:45,repeated_internal_token_drain;dense_internal_fund_flow;complex_trace;high_gas_used_context;token_activity_burst;repeated_risky_internal_calls,0xa9059cbb,true
25728428,0x30982bef8cfb81bd6dbeceef80791c440b57a36dd7099af58f2c10c878f0e19e,0x09cfee647fa339133380191c8db6b44f24500c9d,0x77b85afbcd336993ac1c65057531c5a5b33b76b8,2026-08-11T09:24:45,high_gas_used_context;token_activity_burst,0xa9059cbb,false
25728429,0x2edf838ca7453fc02fd0c34034059ec6a828eb7bffdfd1294ee85b931758ab6d,0x7830c87c02e56aff27fa8ab1241711331fa86f43,0xa9d1e08c7793af67e9d92fe308d5697fb81d3e43,2026-08-11T09:24:47,large_erc20_asset_flow;complex_trace,0xca350aa6,true
25728429,0x367137c31fdf57c47eb52bd87555bd5915139803237b62d2fc33df1ff7c4da69,0xabb2acd3be814a80e502575d6c1dc5f789e9cd10,0xb92fe925dc43a0ecde6c8b1a2709c170ec4fff4f,2026-08-11T09:24:47,complex_trace;high_gas_used_context,0xcd6e13f7,false
25728430,0x1b2f1a4d4499433f07135d91f0d1c3df5d42f3fc43b687cc7544eb47a9c83f74,0x59aab1bd0d26290274398c07b55955c15425e16b,0x00fe78205f5f0e63b8ad2b2ae5337f538a610e04,2026-08-11T09:25:28,complex_trace;high_gas_used_context,0x34fcd5be,false
25728430,0x21cd1824dc59e640e2ea314db813c70e9c70e65edb3de30024c452b70091bfe6,0x5f8769281662a4af0175f7efe521892c52850ac6,0x40a6700b99115cda7b12bd0e21db1be8ae524bf2,2026-08-11T09:25:28,repeated_internal_token_drain;dense_internal_fund_flow;complex_trace;high_gas_used_context;token_activity_burst;repeated_risky_internal_calls,0xa9059cbb,true
25728430,0x3d74c55cb9cdd23ef922ace11bf43bda918574200bbff0c43ea2df956f1e57c5,0x09cfee647fa339133380191c8db6b44f24500c9d,0x77b85afbcd336993ac1c65057531c5a5b33b76b8,2026-08-11T09:25:28,repeated_internal_token_drain;dense_internal_fund_flow;complex_trace;high_gas_used_context;token_activity_burst;repeated_risky_internal_calls,0xa9059cbb,true
25728430,0x53af5db519b14caa2565d73b6aca238175fe4cfec40fa24dcf7ce8e515ece7f2,0xd6434d157f254276d69ede3bd9fc805482206908,0x7ec8a30a34b86927dc77b302603d1d53e640bef7,2026-08-11T09:25:28,repeated_internal_token_drain;dense_internal_fund_flow;complex_trace;high_gas_used_context;token_activity_burst;repeated_risky_internal_calls,0xa9059cbb,true
25728430,0x6344ea93a26b3163823faf81b9912daa8f4ea598fde2a4625f6d90c2bd87ebf9,0x70e59f9c304e4d5096bd408b571e2dcd99c3120b,0xad3b67bca8935cb510c8d18bd45f0b94f54a968f,2026-08-11T09:25:28,complex_trace;approval_burst,0x146ee74d,false
25728430,0x700745f88c72150a32d18232484823f386f647baf130dbbd071d9ba360f03fdb,0x59aab1bd0d26290274398c07b55955c15425e16b,0x00fe78205f5f0e63b8ad2b2ae5337f538a610e04,2026-08-11T09:25:28,complex_trace;high_gas_used_context,0x34fcd5be,false
25728430,0x7917cef27f6aae070bcca05638ca4a9a10d913e5cc2326dcce86914eca5e6180,0xe0f3ca971e58547f6b00b0d6a1346b69ec37942f,0xbf7fe109f674ab1341d69e67a262e50ce87eb7c1,2026-08-11T09:25:28,high_gas_used_context;token_activity_burst,0x9f58dd7a,false
25728430,0x8c4b912ecbddcbd55566c77f6aa2a43650f1118c837276dd5db1f5832b63040b,0xa511e07689753fcf34d92b8ebb5bcdda385b7efd,0x97ccdbea4632140639ad5ea9b944aa034eb15fd4,2026-08-11T09:25:28,dense_internal_fund_flow,0x110560ad,true
25728430,0xa62c3dde351c26906625e0ed2b9e7766b83ae51c5fa40e26ef72eb01b87d27dc,0x3d4e12d540cf67a9c38da66a20943acac075725d,0x1eeda6359b726f7e5a662288ed7f1793ed6788b9,2026-08-11T09:25:28,repeated_internal_token_drain;dense_internal_fund_flow;complex_trace;high_gas_used_context;token_activity_burst;repeated_risky_internal_calls,0xa9059cbb,true
25728430,0xe262881fc0d971356e9bf2c7827fe31723b6e4b74de7d228228601d50ffbb478,0x5451794e3d44f1db21649c11518b832b7352bd15,0xbf7fe109f674ab1341d69e67a262e50ce87eb7c1,2026-08-11T09:25:28,high_gas_used_context;token_activity_burst,0x9f58dd7a,false
25728430,0xe45f3d99b60ed2121db88258ef30c5ca2eb4d696108e8e55484ce12f1313016c,0x1584a8ee67789d1fe161065388657ad2f2a3c7dd,0x77eb52e44db06777bce478159f25c0d55a295314,2026-08-11T09:25:28,repeated_internal_token_drain;dense_internal_fund_flow;complex_trace;token_activity_burst;repeated_risky_internal_calls,0xa9059cbb,true
25728430,0xed0705d645eb305b44513287fa78c919fab3b43c694608a50a72dce5e01c5ac1,0xd714e1d25067c2421ea58b962d900732f77ab23b,0xcd2bdb8af031d29d2bc38ef08b842d31e344384c,2026-08-11T09:25:28,repeated_internal_token_drain;dense_internal_fund_flow;complex_trace;high_gas_used_context;token_activity_burst;repeated_risky_internal_calls,0xa9059cbb,true
25728431,0x93ca3dd6f100c58efa31fe6096a3ac201b91c9e365f1514b95c4907175a1b39d,0x7b49bc3ebbdf7322f31c6449320382bbec3be1b6,0xad3b67bca8935cb510c8d18bd45f0b94f54a968f,2026-08-11T09:25:32,complex_trace;high_gas_used_context;token_activity_burst;approval_burst,0x146ee74d,false
25728431,0xd725c86224c05c6f77202e3f7d1ca73334b7efceb05d6f7b99ee2f545f1ace1a,0xabb2acd3be814a80e502575d6c1dc5f789e9cd10,0xb92fe925dc43a0ecde6c8b1a2709c170ec4fff4f,2026-08-11T09:25:32,complex_trace;high_gas_used_context,0xcd6e13f7,false
25728431,0x48a2f2ff31f1e7b7988d83831c6b6d9eb821333358a7e0a5009dd6ef420b8928,0x09cfee647fa339133380191c8db6b44f24500c9d,0x77b85afbcd336993ac1c65057531c5a5b33b76b8,2026-08-11T09:25:33,high_gas_used_context;token_activity_burst,0xa9059cbb,false
25728431,0x92acd58ad7967c59fb18f9ddda1d535df9ee48d80a46b26a3b55fa5cd8d17e25,0x7ddb0773e979cd36ef0dc8b6e594a6ebc876e654,0x173272739bd7aa6e4e214714048a9fe699453059,2026-08-11T09:25:33,large_erc20_asset_flow;complex_trace,0xcfc32570,true
25728431,0xaead6b5f41ef58f22660dad4ea2d85953839e3bbdb65d3021a85117e0863a330,0x59aab1bd0d26290274398c07b55955c15425e16b,0x00fe78205f5f0e63b8ad2b2ae5337f538a610e04,2026-08-11T09:25:33,complex_trace;high_gas_used_context,0x34fcd5be,false
25728432,0x94bb4d6177cb3dd053c480d2a9fda0a7372630ebb6ee45a9a6fa3c9912f8eb34,0x06cb3cceb1110d2e48ee2fd0af438f0938eb7afc,0x6a000f20005980200259b80c5102003040001068,2026-08-11T09:25:38,large_erc20_asset_flow,0xe3ead59e,true
25728432,0x89cf3d3cf54548aa31172813345577503b7b7a34df88bd5de890b7da4b82968e,0x0e0052a184fd59c6b7e1e99d739802ecb3aec0e4,0xd82461784eb72d4b67cbab077989eb215315e272,2026-08-11T09:25:39,complex_trace;high_gas_used_context;token_activity_burst;approval_burst,0xac9650d8,false
25728432,0x1bdba3d868024a8942083f4d7b20031f5a9d3228a2cedda380693340344fa131,0xa67d7eb4dc68fa6ce8e34ef8cadaf075b9893fbb,0xb92fe925dc43a0ecde6c8b1a2709c170ec4fff4f,2026-08-11T09:25:40,complex_trace;high_gas_used_context,0xcd6e13f7,false
25728432,0x2af5be630661942cd86549ca1cd13f027d76439bfddb094c4736a1c22e902b91,0x3d4e12d540cf67a9c38da66a20943acac075725d,0x1eeda6359b726f7e5a662288ed7f1793ed6788b9,2026-08-11T09:25:40,repeated_internal_token_drain;dense_internal_fund_flow;complex_trace;high_gas_used_context;token_activity_burst;repeated_risky_internal_calls,0xa9059cbb,true
25728432,0x8aa8dc1c76e911276936ad756460a9b7ff8b03f326035b873e244a4fb13ef334,0x5f9146b91e25f7ea745ed19922b6df2f323a2d21,0x1231deb6f5749ef6ce6943a275a1d3e7486f4eae,2026-08-11T09:25:40,complex_trace;high_gas_used_context,0x80c65808,true
25728432,0xb24c554571f6688f4e986aa0875ef567cd3b8b07e639a8c07a7a8639c60c8fe1,0x93d540dd6893bf9ea8ecd57fce32cb49b2d1b510,0xf4e147db314947fc1275a8cbb6cde48c510cd8cf,2026-08-11T09:25:40,privileged_execution_context,0x760d0f9d,false
25728433,0x164340d42909f8c6e7c6d8f9cf2ce9858a7112df954a9bcbf509672066f5677c,0x59aab1bd0d26290274398c07b55955c15425e16b,0x00fe78205f5f0e63b8ad2b2ae5337f538a610e04,2026-08-11T09:25:46,complex_trace;high_gas_used_context;token_activity_burst,0x34fcd5be,false
25728433,0x754f64543509a8be637d3050195fc5a0914a9f8f1b7da6a53f6697bb1732cd8f,0xb5d149febb06d36996426633aedd416b7d0cebbd,0x0000000000000068f116a894984e2db1123eb395,2026-08-11T09:25:46,complex_trace;high_gas_used_context,0x87201b41,false
25728433,0x843b32a2fc488c0bb22abd98082f168d45ca0dbea067a0204099da4c0867bd09,0x27c2a1733f14e1247c5feb1c37cd52ae7d0d2bf2,0x140022b7000081000001094700609300d2187dab,2026-08-11T09:25:46,complex_trace;high_gas_used_context,0xd00664d6,false
25728433,0x8e0911ef24e2aaeb82c58773a0df50072fcc7f45af51e341a5fac1f3e18e6701,0x06f59f7718c877a19024d896c245acb477275461,0x080292ab379e137e8681d7eff47fa56ebbf32111,2026-08-11T09:25:46,complex_trace;high_gas_used_context,0xa28b111b,false
25728433,0xa774fa8a5564c020287fb65cd3a47e695d64c28cf7d170cd78bf9edffab8611c,0x0e0052a184fd59c6b7e1e99d739802ecb3aec0e4,0xd82461784eb72d4b67cbab077989eb215315e272,2026-08-11T09:25:46,complex_trace;approval_burst,0x805f7b65,false
25728433,0xf8bbdb6e559bf881a19045a3031f905c705303ee705119a82b53cca47b8a835e,0x0e0052a184fd59c6b7e1e99d739802ecb3aec0e4,0xd82461784eb72d4b67cbab077989eb215315e272,2026-08-11T09:25:46,complex_trace;approval_burst,0x805f7b65,false
25728434,0x09f5f1c16e91e878a6987782e9e122e92c7409d7ccb1fa758d2fbd6800376aa3,0x433702873e33d4846d399a75aaf96eacf181d0b2,0x4337084d9e255ff0702461cf8895ce9e3b5ff108,2026-08-11T09:25:54,complex_trace;high_gas_used_context;token_activity_burst,0x765e827f,false
25728434,0x2676c5b0d556de03b1047733c55b74442dbae076474e7ef41c12b59fd9e5ea97,0xdb61db256a30f3ef46110b8e2520aaec0db08153,0x0000317bec33af037b5fab2028f52d14658f6a56,2026-08-11T09:25:54,dense_internal_fund_flow;complex_trace;high_gas_used_context;token_activity_burst,0xe282dcdd,true
25728434,0x61b1de8c96647f8f377698ade095a33649ceed5b57b16d98a81c6dd47eec4415,0x777531c87819ade932c21314bb52d24a2a9a19c5,0x03f34be1bf910116595db1b11e9d1b2ca5d59659,2026-08-11T09:25:54,dense_internal_fund_flow;complex_trace,0xe47d166c,true
25728434,0x9e761f13471034c228edf42adaf2aafa6c0865ee76a164b3f21ee5078a607f1a,0x0e0052a184fd59c6b7e1e99d739802ecb3aec0e4,0xd82461784eb72d4b67cbab077989eb215315e272,2026-08-11T09:25:54,complex_trace;token_activity_burst;approval_burst,0xac9650d8,false
25728434,0x502086966111b8f1f62290f79b60e6dac587184defcba730453083a66d2d226b,0xc73019f991dcbcc899d6b76000fdccc99a208235,0xf4e147db314947fc1275a8cbb6cde48c510cd8cf,2026-08-11T09:25:55,privileged_execution_context,0x760d0f9d,false
25728434,0x9b6cb28b0ccb8e8ab9049f6b4befdc9b2bdb2fecd67eb1ad78d7fb524dcd9d04,0xf719d44b5a7bac51101daf18a0990b46c9263dc9,0xbf7fe109f674ab1341d69e67a262e50ce87eb7c1,2026-08-11T09:25:55,high_gas_used_context;token_activity_burst,0x9f58dd7a,false
25728435,0x07c9c8d74bb328d4078314e73698c7d9ccdf8d09063d0623487fd031b3b167de,0x45a426646f1aca607711e4c333d3a4ae587ae0cb,0x4ef606b9d82e6f7a9135d0583a7b4f5cfa418d00,2026-08-11T09:26:02,complex_trace;high_gas_used_context,0x33959056,false
25728435,0x27441d45ad154d1c304a92f9a25b2d373cd4a5f9c4a4792a237eb643cf593f8f,0xa154b98e53fc35e1bad1ff758acbc8c629bdcd2b,0x19917386eeae67b6ff7ddf07de4019fca40aa4ec,2026-08-11T09:26:02,repeated_internal_token_drain;dense_internal_fund_flow;complex_trace;high_gas_used_context;token_activity_burst;repeated_risky_internal_calls,0xa9059cbb,true
25728435,0x3a0cf7ff93f3c483006727e99c01755a8976a449eade336f880104d781e1111f,0xacb383552b84aedb96b103d9ea8b558b4cdfc9ea,0x071e944d0ec39b4f8fdc3903824bb99c86cc41c0,2026-08-11T09:26:02,dense_internal_fund_flow,0x388e5544,true
25728435,0x4c22f826cf82b6554987f16f6731bc94df0cd8483cefc985fec5d0a19a23bd14,0xf279dfcdd57e1571c95e2c5b7e2ee453cbcdf77f,0x0000000071727de22e5e9d8baf0edac6f37da032,2026-08-11T09:26:02,dense_internal_fund_flow;complex_trace,0x765e827f,true
25728435,0x502db1cfc6997d7016ae9cc99949b8789925b97e22eee2584de2e3b9e3357000,0xd99ac0681b904991169a4f398b9043781adbe0c3,0x5523985926aa12ba58dc5ad00ddca99678d7227e,2026-08-11T09:26:02,large_erc20_asset_flow;complex_trace,0x84d61c97,true
25728435,0x78763983f848e7a4c8b4e6dcaf1ecede471544c5490265664767d801b5247a4a,0x0e0052a184fd59c6b7e1e99d739802ecb3aec0e4,0x0b8a49d816cc709b6eadb09498030ae3416b66dc,2026-08-11T09:26:02,complex_trace;approval_burst,0xf497df75,false
25728435,0x992e5f91b342c07c419e9edf688a63d573091084740c06421df3da4345173516,0x335cccaca6c8ec8b46074fbeaa9fa00ec4a6df05,0xbf7a7b6300efef494cfe81f6c06818673f7e09d0,2026-08-11T09:26:02,dense_internal_fund_flow;complex_trace;high_gas_used_context,0x5fcf83fd,true
25728435,0xa899b37461f16248980aa6b3d5c13d3c6751d112f635e79e48b3c9c3b647cdf4,0x7830c87c02e56aff27fa8ab1241711331fa86f43,0xa9d1e08c7793af67e9d92fe308d5697fb81d3e43,2026-08-11T09:26:02,dense_internal_fund_flow,0x1a1da075,true
25728435,0xb1465321f50b89f4d340d18d06a73902822355a097cac3133347464455bb862c,0x7d79bd0e4b3dc90665a3ed30aa6c6c06c89d224e,0x00000000000e56073987eaf8694fe54fca2f53de,2026-08-11T09:26:02,high_gas_used_context;token_activity_burst,0x3fdef701,false
25728435,0xcc237ffb867e10fd32656ccb117f46606ccd8b050948e35aa0db375147055949,0xa09fe38187abecc2768b98b80ea30afbc2fbd774,0xbc65ad17c5c0a2a4d159fa5a503f4992c7b545fe,2026-08-11T09:26:02,large_erc20_profit_to_sender;large_erc20_asset_flow;complex_trace,0x9f40a7b3,true
25728435,0xe5a1c0dd9b2102dde0b6d45d2ff4e52e62f19fe704cdec118f26fcf8345f2fab,0x09cfee647fa339133380191c8db6b44f24500c9d,0x77b85afbcd336993ac1c65057531c5a5b33b76b8,2026-08-11T09:26:02,high_gas_used_context;token_activity_burst,0xa9059cbb,false
25728435,0xed4f911a56691b44892f2750734c61b41bc34b83d0ba62f44e31186c68254536,0xbee018a99073a0d838d2412add382db3af711005,0xbee3211ab312a8d065c4fef0247448e17a8da000,2026-08-11T09:26:02,dense_internal_fund_flow;complex_trace,0x4cf3fe9c,true
25728436,0xe68632ec8da1049eb2f2d29d915df5286db5abf4966d980566510b5d1ac14fe8,0xc6acbee42e9e323140c1ed060c2f6ea9cc3b4b75,0x7c5a71c9fefbc7691f9d4ac7baf70c743792f716,2026-08-11T09:26:05,selfdestruct_context,0xf3fef3a3,false
25728436,0xc6abedfa880e6d328cd674e7bcff8a8278fc353820f0b990cea74fe4c659bcd9,0x4337016838785634c63fce393bfc6222564436c4,0x0000000071727de22e5e9d8baf0edac6f37da032,2026-08-11T09:26:08,privileged_execution_context;complex_trace,0x765e827f,false
25728436,0xd5c58d66223c502a28cdefde2115415443ec17de6badd170e0cade43cc6305da,0x0e0052a184fd59c6b7e1e99d739802ecb3aec0e4,0x0b8a49d816cc709b6eadb09498030ae3416b66dc,2026-08-11T09:26:37,complex_trace;approval_burst,0xf497df75,false
25728437,0x14c55b12a8487e76b2f3509b731321cebb59d6327397dd2615f807e836e1dd4a,0x0e0052a184fd59c6b7e1e99d739802ecb3aec0e4,0xd82461784eb72d4b67cbab077989eb215315e272,2026-08-11T09:26:41,complex_trace;approval_burst,0xbad401db,false
25728437,0x8b58c1b126f1bc57a4d36e118cd6b63f58f673ec47e0221788277da38ec2c3bf,0xbad000006db10503589262b55d09bb7b3c5e1472,0xbbbbb048b1a85ca221058c45525095b6a68bbbbb,2026-08-11T09:26:41,repeated_internal_token_drain;dense_internal_fund_flow;complex_trace;high_gas_used_context;token_activity_burst;repeated_risky_internal_calls,0xa9059cbb,true
25728438,0xcef4a1c66f092d2f5c476af311cc395a14b11f0c1c00f0c76f78f8dcc794a242,0x09a591f0e4fa0abac08f05bc0916c51ee34c1a1b,0x5cb16a393b9b43c590953b51058edab1bde0f5fa,2026-08-11T09:26:50,dense_internal_fund_flow,0x501d976c,true
25728438,0x5f62d7e0412b80d88db4a9be41aa66336c3feab2cfa282fd30e03f565ab383ff,0x09cfee647fa339133380191c8db6b44f24500c9d,0x77b85afbcd336993ac1c65057531c5a5b33b76b8,2026-08-11T09:26:51,high_gas_used_context;token_activity_burst,0xa9059cbb,false
25728440,0x69cf6673362644f148402b451d187bd044c955abb49d3fe33caf166fc47bfac7,0xa154b98e53fc35e1bad1ff758acbc8c629bdcd2b,0x19917386eeae67b6ff7ddf07de4019fca40aa4ec,2026-08-11T09:27:07,repeated_internal_token_drain;dense_internal_fund_flow;complex_trace;high_gas_used_context;token_activity_burst;repeated_risky_internal_calls,0xa9059cbb,true
25728440,0xcc093d5dd1b6313e5b2de95da476af03da544f0014c872ed4f203d7953170100,0x09be5b9b1115d983a34a3b4eeddc75da08ee2c3e,0x0000000000771a79d0fc7f3b7fe270eb4498f20b,2026-08-11T09:27:07,very_complex_trace;high_gas_used_context,0x92aae536,false
25728440,0xcf9645bc4137a9728a655c32858a68d660644af2b1345feb32f611b75ff8ad43,0xab8d807a29560ee2f2bf97c752017052a3b5ffd8,0x0de8bf93da2f7eecb3d9169422413a9bef4ef628,2026-08-11T09:27:07,dense_internal_fund_flow;large_mint_to_sender;very_complex_trace;high_gas_used_context;token_activity_burst,0xc2580804,true
25728440,0xdfc5c58d7c58b4ac9e37fc13966411c95a3f0f16ac3c69e847f212312e7f28c4,0x09be5b9b1115d983a34a3b4eeddc75da08ee2c3e,0x0000000000771a79d0fc7f3b7fe270eb4498f20b,2026-08-11T09:27:07,very_complex_trace;high_gas_used_context,0x92aae536,false
25728441,0xd38c2e7ad0d47205115a0149e839de85f5d9686be9cf08ad830295bd27e5bbf1,0x70e59f9c304e4d5096bd408b571e2dcd99c3120b,0xad3b67bca8935cb510c8d18bd45f0b94f54a968f,2026-08-11T09:27:12,complex_trace;high_gas_used_context;token_activity_burst;approval_burst,0x146ee74d,false
25728441,0x33111048a80ef00902cc530b2f4970c3125dcdefe22c71c930f061e366be3c04,0xc9fb46fc6a72a35304851719950fc4d26c64d097,0x5af5194b4b0909eb978e3cf1e25333852277f07d,2026-08-11T09:27:13,complex_trace;token_activity_burst,0x9aefaff8,false
25728441,0x60439659f988103b89e46471f0fc5ee56b8d2e50d81ebe7a711c23acc06f7b53,0x0cd7e1660d63a6aebda782a2eb7f2875716ac3e8,0xca11bde05977b3631167028862be2a173976ca11,2026-08-11T09:27:13,complex_trace;high_gas_used_context;token_activity_burst,0x252dba42,true
25728441,0x0457c9633a8833d3d880d0513bd68b0ec733982d9856010f999b01c4726125ac,0xc8588dbb9204dc45a4a3d7caa17a9c8bc82d8e73,0x4c82d1fbfe28c977cbb58d8c7ff8fcf9f70a2cca,2026-08-11T09:27:14,dense_internal_fund_flow;complex_trace,0x3593564c,true
25728441,0x3b7aa4d6e79e532192478d4f6fdbd76d67f59e5b478f0427b53d9e3105acd2c6,0xd6434d157f254276d69ede3bd9fc805482206908,0x7ec8a30a34b86927dc77b302603d1d53e640bef7,2026-08-11T09:27:14,repeated_internal_token_drain;dense_internal_fund_flow;complex_trace;high_gas_used_context;token_activity_burst;repeated_risky_internal_calls,0xa9059cbb,true
25728441,0x59a060163b55a38a51355e976ae70ab03b0d09900ae08763e591ac92477f6a32,0x912d2b55ca41411caabaf67acd3d4c418cc8d2f7,0x888888888889758f76e7103c6cbf23abbf58f946,2026-08-11T09:27:15,complex_trace;high_gas_used_context,0xed48907e,false
25728442,0x9ed553a05db0a836731a78ad6981ed631cd1e1f54596cfb19b956ab74b81192a,0xbad000006db10503589262b55d09bb7b3c5e1472,0xbbbbb048b1a85ca221058c45525095b6a68bbbbb,2026-08-11T09:27:18,repeated_internal_token_drain;dense_internal_fund_flow;complex_trace;high_gas_used_context;token_activity_burst;repeated_risky_internal_calls,0xa9059cbb,true
25728443,0xaefe600d43a7a640ac291e798f74a777c7f90a95c9bc3c4a747b9332b9b0a36c,0x754dcfb2861547015b221e963b4133a71dbdc024,0x3e07be15370d8b12d80a159a7ef14b9e51869497,2026-08-11T09:27:27,complex_trace;high_gas_used_context;token_activity_burst,0x21af54c6,false
25728443,0x17319f3341e85a5b60f5ff04b84b01c541f8afbe94449ef09bf0ae32234fbeca,0x70e59f9c304e4d5096bd408b571e2dcd99c3120b,0xad3b67bca8935cb510c8d18bd45f0b94f54a968f,2026-08-11T09:27:28,dense_internal_fund_flow;complex_trace;high_gas_used_context;token_activity_burst;approval_burst,0x146ee74d,true
25728443,0xce8c8fbe159431b522d2ae900842adbe579e5208ada7b1153e3ca9362db2da91,0x4337013ef5cd421cef649fc58c1b0defd37bbeb1,0x4337084d9e255ff0702461cf8895ce9e3b5ff108,2026-08-11T09:27:29,dense_internal_fund_flow,0x765e827f,true
25728443,0xf019898bf84e556e6eaead8021ab3e1bbc7c712bdacf9cda70a7925b67be63ad,0x5a4fc9dd7b390a0f9b2909a0c34ce55cedc42377,0x42571bfaebdd19aa20fce15fc97e59ff25090385,2026-08-11T09:27:29,dense_internal_fund_flow;high_gas_used_context;token_activity_burst,0x983bc41b,true
25728443,0x048fb317134632bf78b70a5d389bd279e05f0fa99149280bd54a8093d9dd8875,0xbad000006db10503589262b55d09bb7b3c5e1472,0xbbbbb048b1a85ca221058c45525095b6a68bbbbb,2026-08-11T09:27:30,repeated_internal_token_drain;dense_internal_fund_flow;complex_trace;high_gas_used_context;token_activity_burst;repeated_risky_internal_calls,0xa9059cbb,true
25728443,0x3a1dfc8e2233b0ec03ff014b378061051afd252c5ca23ecbdbfb5e531b3f7cbb,0x09be5b9b1115d983a34a3b4eeddc75da08ee2c3e,0x0000000000771a79d0fc7f3b7fe270eb4498f20b,2026-08-11T09:27:30,very_complex_trace;high_gas_used_context,0x92aae536,false
25728443,0x3e56986317b5323ae431ae2425a5d629c581ebc46e490dce46f742e16baa31c1,0xab8d807a29560ee2f2bf97c752017052a3b5ffd8,0x0de8bf93da2f7eecb3d9169422413a9bef4ef628,2026-08-11T09:27:30,dense_internal_fund_flow;large_mint_to_sender;very_complex_trace;high_gas_used_context;token_activity_burst,0xc2580804,true
25728443,0xc9465f73ce0fe81ceff1226ce9c2badc397e738fece0629c85af3eb862604914,0xf96f8e03615f7b71e0401238d28bb08cceecbae7,0xf4e147db314947fc1275a8cbb6cde48c510cd8cf,2026-08-11T09:27:30,privileged_execution_context,0x760d0f9d,false
25728443,0xe9352ba33770494795c7fdc5e1843edd13ba7d4cf01b6bc3ce8ff1a8796855b5,0x1584a8ee67789d1fe161065388657ad2f2a3c7dd,0x77eb52e44db06777bce478159f25c0d55a295314,2026-08-11T09:27:30,repeated_internal_token_drain;dense_internal_fund_flow;complex_trace;token_activity_burst;repeated_risky_internal_calls,0xa9059cbb,true
25728444,0x7db28c4c2301720085db6cab75506d805e42d6f65d6618735313328e3ee2473b,0x7830c87c02e56aff27fa8ab1241711331fa86f43,0xa9d1e08c7793af67e9d92fe308d5697fb81d3e43,2026-08-11T09:27:36,dense_internal_fund_flow,0x1a1da075,true
25728444,0x876108d5817ecc0c78513b8b855647091c751cde3fc77ff27cc8aea57ea15a80,0xda458dac866affcc77574182a50de980139c983a,0x28b1dc1a5e3699a428bc51d234dfab7c9cb2a183,2026-08-11T09:27:36,dense_internal_fund_flow;complex_trace;high_gas_used_context;token_activity_burst,0x0c307f76,true
25728444,0x997c775beea2a3c8e909068f0968cdd7163d0ec7fe2829eb9cf3ae2f471bda8a,0xceb333468c036c3a824ba417ebd4f41f6c10b1a5,0x308861a430be4cce5502d0a12724771fc6daf216,2026-08-11T09:27:36,large_erc20_asset_flow;complex_trace,0x397a1b28,true
25728444,0x9ec5a329ef7b1ad6edd75e69792c88ae4ddee77888c1f8122931390e0af5059a,0xa09fe38187abecc2768b98b80ea30afbc2fbd774,0xbc65ad17c5c0a2a4d159fa5a503f4992c7b545fe,2026-08-11T09:27:36,large_erc20_asset_flow;large_mint_to_sender;complex_trace,0x0c71b121,true
25728444,0xe0b00c9465f295c784e89495f670b8dcdb7c7f7811e00045fff08d47e6d4fe0a,0xd6434d157f254276d69ede3bd9fc805482206908,0x7ec8a30a34b86927dc77b302603d1d53e640bef7,2026-08-11T09:27:37,repeated_internal_token_drain;dense_internal_fund_flow;complex_trace;high_gas_used_context;token_activity_burst;repeated_risky_internal_calls,0xa9059cbb,true
25728445,0x0a596cc727c9c5573f0c440636e6be22ab2bff4b182600a02b5a6a780b06a510,0x0e0052a184fd59c6b7e1e99d739802ecb3aec0e4,0xd82461784eb72d4b67cbab077989eb215315e272,2026-08-11T09:27:44,complex_trace;token_activity_burst;approval_burst,0xac9650d8,false
25728445,0x7898983cda3252b3f068757f0f2c7b9326364b0e5e951bbd590059f37934219a,0x0e0052a184fd59c6b7e1e99d739802ecb3aec0e4,0xd82461784eb72d4b67cbab077989eb215315e272,2026-08-11T09:27:44,complex_trace;token_activity_burst;approval_burst,0xac9650d8,false
25728445,0xab4268b113dffd57ada1cada9d6fadab64175ee5450d47f05cf8fdeeab8e5670,0x0e0052a184fd59c6b7e1e99d739802ecb3aec0e4,0xd82461784eb72d4b67cbab077989eb215315e272,2026-08-11T09:27:44,complex_trace;token_activity_burst;approval_burst,0xac9650d8,false
25728445,0x02476f80246f0464e622dd4219f667f89032c2edb66a942530019f22ca0bef19,0x9314c425b6839a596d15a5a9e4efa08dc5a9ef94,0x92e56d2146d54d5aecb25ca36c89d027a6ea0d90,2026-08-11T09:27:45,dense_internal_fund_flow;complex_trace,0xc6b861b9,true
25728445,0x68dc51d9da18de52821853a2166e829318a0f6e8f42a19d9d8632a2d4b0dd9e4,0xd6434d157f254276d69ede3bd9fc805482206908,0x7ec8a30a34b86927dc77b302603d1d53e640bef7,2026-08-11T09:27:45,repeated_internal_token_drain;dense_internal_fund_flow;complex_trace;high_gas_used_context;token_activity_burst;repeated_risky_internal_calls,0xa9059cbb,true
25728446,0x29cd40730edce0c6077e749d0495a10e2a5bdbe253a4a64970a4ee3abd9dc04c,0x7830c87c02e56aff27fa8ab1241711331fa86f43,0xa9d1e08c7793af67e9d92fe308d5697fb81d3e43,2026-08-11T09:27:54,large_erc20_asset_flow,0xca350aa6,true
25728446,0xb029933f66419f4dc275c8f756c0085fe769a7bbe5a3586d70713f8a8b4124c1,0xe99bd1c2dd70cd58e5efd47887991700e7318ce2,0xad3b67bca8935cb510c8d18bd45f0b94f54a968f,2026-08-11T09:27:54,complex_trace;token_activity_burst;approval_burst,0x146ee74d,false
25728447,0x6420a2ce3e4649f03640fce687cb0258c711cd3e2c15a0de40335192a8217631,0xe99bd1c2dd70cd58e5efd47887991700e7318ce2,0xad3b67bca8935cb510c8d18bd45f0b94f54a968f,2026-08-11T09:28:05,complex_trace;high_gas_used_context;token_activity_burst;approval_burst,0x146ee74d,false
25728447,0x665051f169169031d21444ee45b58e8767c581c896da5e4d8684c1bfd2673a49,0x2d0e59ab7690130f28742b796857ce516655d0cc,0xcb0151ac9479a6a0261622baa63ae843c9793d45,2026-08-11T09:28:05,large_erc20_asset_flow;complex_trace;high_gas_used_context;approval_burst,0x64cd187f,true
25728447,0x8f8ae21cbca7b51258edcdf908833c001a18d12e4a50b31c1300253805cc5a13,0xdf8adfe10d4a4d9f0fc4d3e377a6e8d5730eb40c,0x06cff7088619c7178f5e14f0b119458d08d2f5ef,2026-08-11T09:28:05,large_erc20_asset_flow;complex_trace,0x99999999,true
25728447,0xa43ff70f13f45b0cf19c457cca24a875a01b87dcaf36635e2ff0ac7f21ce4623,0x00000000fff16d2b960b3ef2686e40ba99403835,0x2dc16f84f6f44396d7d0bc17fcd4da2616457c2c,2026-08-11T09:28:05,large_erc20_asset_flow;complex_trace,0xc4c02aaa,true
25728447,0x36d7ca03e749f8a7c625870b74d20d5cc99ff36b7a59fe4e6c0a13466b641519,0x7d79bd0e4b3dc90665a3ed30aa6c6c06c89d224e,0x00000000000e56073987eaf8694fe54fca2f53de,2026-08-11T09:28:14,high_gas_used_context;token_activity_burst,0x3fdef701,false
25728447,0x82502c21127738945d19a4dec85b9d5aaecbc0f884dbec44359aa8b53c9163e0,0x09cfee647fa339133380191c8db6b44f24500c9d,0x77b85afbcd336993ac1c65057531c5a5b33b76b8,2026-08-11T09:28:14,high_gas_used_context;token_activity_burst,0xa9059cbb,false
25728447,0x98b354e5cfef667ca5447e56e154f24204624d636d4c7a84fefd3eef5d12569d,0x796dbe6593e339d76ad5d59ad584595156071849,0x26d3681dfc9e4c8c79cfbf461adec8a21d5d73c5,2026-08-11T09:28:14,large_erc20_asset_flow;complex_trace,0xf58e03fc,true
25728447,0xe89352486560952f5fa465849c399bfc929c62eebe12c96dbef2d4276ff7ab38,0xa5231ff7a31f15da3336d9ba9b78c198ec97cf0f,0x8d4cb2e7b14f8998a3def19c32245702f53b9c14,2026-08-11T09:28:14,complex_trace;high_gas_used_context;token_activity_burst;approval_burst,0xc04b5f4e,false
25728448,0x56aa55f1170b18f1197e3b3d66dcff472620ac0725fcc3c6913b920098d6c36f,0x3d4e12d540cf67a9c38da66a20943acac075725d,0x1eeda6359b726f7e5a662288ed7f1793ed6788b9,2026-08-11T09:28:21,repeated_internal_token_drain;dense_internal_fund_flow;complex_trace;high_gas_used_context;token_activity_burst;repeated_risky_internal_calls,0xa9059cbb,true
25728448,0xb7731c19c8832db838a93e8196e9a6a325d2c7688eeafbebe83e07d17158ddba,0x00d9fe085d99b33ab2aae8063180c63e23bf2e69,0x75884f3ada15c953529abaac6549d5204135ec36,2026-08-11T09:28:21,repeated_internal_token_drain;dense_internal_fund_flow;complex_trace;high_gas_used_context;token_activity_burst;repeated_risky_internal_calls,0xa9059cbb,true
25728448,0xdf11806e915105ad39fb3b45cdf4133f48236ceae7ada64f2f66161059b9732e,0x70e59f9c304e4d5096bd408b571e2dcd99c3120b,0xad3b67bca8935cb510c8d18bd45f0b94f54a968f,2026-08-11T09:28:21,complex_trace;high_gas_used_context;token_activity_burst;approval_burst,0x146ee74d,false
25728449,0x868680da7c468eafdba34143e6c5a7660e547655ac3a297a2609225302375e70,0x7830c87c02e56aff27fa8ab1241711331fa86f43,0xa9d1e08c7793af67e9d92fe308d5697fb81d3e43,2026-08-11T09:28:27,dense_internal_fund_flow,0x1a1da075,true
25728449,0x92c239b03050cccef8a5854e2ffc16cc79c3a5345fd71755ec387e8c29c08d54,0x5f8769281662a4af0175f7efe521892c52850ac6,0x40a6700b99115cda7b12bd0e21db1be8ae524bf2,2026-08-11T09:28:28,repeated_internal_token_drain;dense_internal_fund_flow;complex_trace;high_gas_used_context;token_activity_burst;repeated_risky_internal_calls,0xa9059cbb,true
25728449,0xc401092b3ab2d50438818d6bba3e9d48acf2045ed0201a5e6e5d38d2f93ff9eb,0x59aab1bd0d26290274398c07b55955c15425e16b,0x00fe78205f5f0e63b8ad2b2ae5337f538a610e04,2026-08-11T09:28:28,complex_trace;high_gas_used_context;token_activity_burst,0x34fcd5be,false
25728449,0xa221ba0ed9d1530806949d333523d42cc389de1c3281091df6cfab7b59b8e588,0xe0f3ca971e58547f6b00b0d6a1346b69ec37942f,0xbf7fe109f674ab1341d69e67a262e50ce87eb7c1,2026-08-11T09:28:29,high_gas_used_context;token_activity_burst,0x9f58dd7a,false
25728450,0x3c60b5036aecfbd159d074e804b2e4297cf97e494e6c3480eef83be4bdb5d2d0,0x0e0052a184fd59c6b7e1e99d739802ecb3aec0e4,0xd82461784eb72d4b67cbab077989eb215315e272,2026-08-11T09:28:33,complex_trace;approval_burst,0x805f7b65,false
25728450,0xd185af037af1c0bcf61adbd9bb79978d0d556364d0c44d861279f94f7f4151ac,0xa926414d5dfa0d84568e0c5b8f56e7f7e3efa586,0x225a38bc71102999dd13478bfabd7c4d53f2dc17,2026-08-11T09:28:33,dense_internal_fund_flow,0xbc4a02e4,true
25728450,0xe87dc233f2f861fa48487b7846d332547712a592129cf83e1e5132e339d6487e,0xa12e1462d0ced572f396f58b6e2d03894cd7c8a4,0x68b3465833fb72a70ecdf485e0e4c7bd8665fc45,2026-08-11T09:28:33,dense_internal_fund_flow,0x5ae401dc,true
25728450,0x6c295643099b9f1a0603c6044e9b157846f37a2cbc09b5c0c5eb68a3c0c3cea2,0xe20446cccbfd5f9038e747f1dea8016ecbd94ae5,0x442be06bb5d13711a22ccd3fa382b72a874c5135,2026-08-11T09:28:34,privileged_execution_context;complex_trace,0xf7b5c341,false
25728450,0xfb67a33400cfe6415b729d413c47da07c2f3c6c06ed495d406c4e3a6d4388e05,0x09cfee647fa339133380191c8db6b44f24500c9d,0x77b85afbcd336993ac1c65057531c5a5b33b76b8,2026-08-11T09:28:34,high_gas_used_context;token_activity_burst,0xa9059cbb,false
25728450,0x1b4d703c975a94bf60a6c418753abcd3cc94e7f2fa5174755716ed4fac528a91,0xe221e9e04b6c15a4b66785766f10f7977e17cbc0,0x28b1dc1a5e3699a428bc51d234dfab7c9cb2a183,2026-08-11T09:28:35,dense_internal_fund_flow;complex_trace;high_gas_used_context;token_activity_burst,0x0c307f76,true
25728450,0x35f91ecbcc6a12a35754acb73e53002a61018e53a4114443048cc017b3aa005f,0x4337015333e7c8a3c5af4acd2c4aa4befb0d663c,0x0000000071727de22e5e9d8baf0edac6f37da032,2026-08-11T09:28:35,large_erc20_asset_flow,0x765e827f,true
25728450,0x5c0d75693f101e4359c08e88bff41baf8606c8024bd0f7ab6ab04b08e0f35cac,0xf17985ec2dc74b3f51055b14f7f0195ade9b54f2,0x6a000f20005980200259b80c5102003040001068,2026-08-11T09:28:35,large_erc20_asset_flow;complex_trace,0xe3ead59e,true
25728450,0xa0333c1a96cd2d6329403c2dada7dc0c66469b7e532fdc0ed2ea87c7e2a3dd8d,0x00d9fe085d99b33ab2aae8063180c63e23bf2e69,0x75884f3ada15c953529abaac6549d5204135ec36,2026-08-11T09:28:35,repeated_internal_token_drain;dense_internal_fund_flow;complex_trace;high_gas_used_context;token_activity_burst;repeated_risky_internal_calls,0xa9059cbb,true
25728450,0xa45b20dc1b132d5c304aa04d8ce8deddd7835a3c7b804d299ac559a91313921d,0xd714e1d25067c2421ea58b962d900732f77ab23b,0xcd2bdb8af031d29d2bc38ef08b842d31e344384c,2026-08-11T09:28:35,repeated_internal_token_drain;dense_internal_fund_flow;complex_trace;high_gas_used_context;token_activity_burst;repeated_risky_internal_calls,0xa9059cbb,true
25728450,0xd60147e4b72e569ce36e07f84635fec3264d7adb778453bd16e06e2bc89e2fff,0x091179e3c74e33545ce8cc07fa385827256cb84f,0x6141718f8a599f14f6ce7bbb0cd2366c191fb7de,2026-08-11T09:28:35,complex_trace;high_gas_used_context;token_activity_burst;approval_burst,0x09c5eabe,true
25728450,0xefe3d77a45a779e776bbd5db147b5bd142cf51baebf2c7f0b8165301a4defe84,0x3d4e12d540cf67a9c38da66a20943acac075725d,0x1eeda6359b726f7e5a662288ed7f1793ed6788b9,2026-08-11T09:28:35,repeated_internal_token_drain;dense_internal_fund_flow;complex_trace;high_gas_used_context;token_activity_burst;repeated_risky_internal_calls,0xa9059cbb,true
25728451,0xaf79646d8cf9878e67d82cf20677c8af324866e0c1350bd622d53607929e6b33,0x45ddd8614ddd6471803d9d96c6c1f58bbacc2088,0x0000000000000068f116a894984e2db1123eb395,2026-08-11T09:28:40,complex_trace;high_gas_used_context;token_activity_burst,0x87201b41,true
25728451,0x15db49438d1de1b9686c5c95a1f34e7b6e8b67a5d5dc28d3ef2c48d3bc5d279f,0xf70da97812cb96acdf810712aa562db8dfa3dbef,0xccc88a9d1b4ed6b0eaba998850414b24f1c315be,2026-08-11T09:28:41,dense_internal_fund_flow,0x0a2b8f36,true
25728451,0x24c76fa97139210fbfbc8237be286b63c7379a34f3ac4c8b1cdbbf125620fe60,0x50bf934781f63028c5c8ef49c4affe19a86d99b6,0x8d04cc7e86e687854eb41d9d43512b655b93184b,2026-08-11T09:28:41,complex_trace;selfdestruct_context,0x4a1bf18a,false
25728451,0x4fa04a2dfa96baa4098d864ef6e62d543d0d6aa17f21bda301339246e333ac94,0xfb076e0b813cc205a2d032b639f6d10f500dd9b7,0x000000ae384600d7252543855e3b0400f6008d00,2026-08-11T09:28:41,large_erc20_asset_flow;complex_trace;high_gas_used_context,0x00000000,true
25728451,0x719dac654df0ee7963c6687574a501fadc5ddbd21e4c775b9282b97df1cba170,0x5f8769281662a4af0175f7efe521892c52850ac6,0x40a6700b99115cda7b12bd0e21db1be8ae524bf2,2026-08-11T09:28:41,repeated_internal_token_drain;dense_internal_fund_flow;complex_trace;high_gas_used_context;token_activity_burst;repeated_risky_internal_calls,0xa9059cbb,true
25728451,0x9cb63ad1bb09f99dd8d4511909a6452ede433f08e34ad7c4f72185725065914f,0x0e0052a184fd59c6b7e1e99d739802ecb3aec0e4,0xd82461784eb72d4b67cbab077989eb215315e272,2026-08-11T09:28:41,complex_trace;approval_burst,0x805f7b65,false
25728452,0x0b0eb920a370b66ef256d886cc9466f7d6195565b18db34589c487bb98f16f1c,0xa12e1462d0ced572f396f58b6e2d03894cd7c8a4,0x68b3465833fb72a70ecdf485e0e4c7bd8665fc45,2026-08-11T09:28:48,dense_internal_fund_flow,0x5ae401dc,true
25728452,0x138445d79de4c0340de054e0a25ac067f562743f0ae6296d8c09916080e84988,0x3d4e12d540cf67a9c38da66a20943acac075725d,0x1eeda6359b726f7e5a662288ed7f1793ed6788b9,2026-08-11T09:28:48,repeated_internal_token_drain;dense_internal_fund_flow;complex_trace;high_gas_used_context;token_activity_burst;repeated_risky_internal_calls,0xa9059cbb,true
25728452,0x5d89654ef6ab99dd2b7f280c643bbd4d6f6bbe5ab145f2de4c80b106ee790920,0x5b43453fce04b92e190f391a83136bfbecedefd1,0xbdb3ba9ffe392549e1f8658dd2630c141fdf47b6,2026-08-11T09:28:48,dense_internal_fund_flow;complex_trace,0x000000c3,true
25728452,0x86c53e48960f93e50cce68e8c83239f5f8f2ad0c3af35073578d74241c319a89,0x834d10cef4e5a75d3edddcbb1c5a94f8094e5713,0xd226997439ecfbeff8e110c8c78c8a7eefd19f89,2026-08-11T09:28:48,large_erc20_asset_flow;complex_trace,0x99999999,true
25728452,0x9c9a87283fd1c5709fd64639d070180f5583b4228088a0a481d30a716d4ef9ef,0xabb2acd3be814a80e502575d6c1dc5f789e9cd10,0xccc88a9d1b4ed6b0eaba998850414b24f1c315be,2026-08-11T09:28:48,dense_internal_fund_flow;complex_trace,0x0a2b8f36,true
25728452,0xa757f9dd0f0be84ceaad51aa4ee1c18fb5bb18e67d91c0527f983d589c4a7785,0xe99bd1c2dd70cd58e5efd47887991700e7318ce2,0xad3b67bca8935cb510c8d18bd45f0b94f54a968f,2026-08-11T09:28:48,repeated_internal_token_drain;dense_internal_fund_flow;complex_trace;high_gas_used_context;token_activity_burst;approval_burst;repeated_risky_internal_calls,0x146ee74d,true
25728452,0xc9490496ccdbe42464199a77625eeb6739a72797ac28b900d5e2cc88d7b10cb1,0xace0000083d3952db57d903f26f2009480d3ebc1,0xb8a22be3d948803f490787758ca525136007bd7d,2026-08-11T09:28:48,complex_trace;high_gas_used_context;token_activity_burst,0xd2fca68a,false
25728453,0x2566cd5e9479d1e888a1b0b160279a503efcf7a445812d2a6ff1bb74e406a71f,0x0e0052a184fd59c6b7e1e99d739802ecb3aec0e4,0xd82461784eb72d4b67cbab077989eb215315e272,2026-08-11T09:28:54,complex_trace;token_activity_burst;approval_burst,0xac9650d8,false
25728453,0x548896c433d157e9e859877bd476ab680adb8666f7148e95ed6c6a3b8b71dc7e,0x5f8769281662a4af0175f7efe521892c52850ac6,0x40a6700b99115cda7b12bd0e21db1be8ae524bf2,2026-08-11T09:28:54,repeated_internal_token_drain;dense_internal_fund_flow;complex_trace;high_gas_used_context;token_activity_burst;repeated_risky_internal_calls,0xa9059cbb,true
25728453,0x8cda2248e79e2f9b1c58b3d9df93ec03ee8a9b66de420578df51d75a312e1ac9,0x16b58403d2768988c82eada42330785e1c1aa4e2,0x80ac24aa929eaf5013f6436cda2a7ba190f5cc0b,2026-08-11T09:28:54,large_erc20_asset_flow;complex_trace,0x107703ab,true
25728453,0xf1cfc290a094445fc17cedf35d79519cfa7a3b8633725bc922502e0f147f3301,0xa12e1462d0ced572f396f58b6e2d03894cd7c8a4,0x68b3465833fb72a70ecdf485e0e4c7bd8665fc45,2026-08-11T09:28:54,dense_internal_fund_flow,0x5ae401dc,true
25728453,0x22583f414ed95def43a78d420f364078958668756b148949186b4f429a722691,0xa57e3e178e41201b05b4e4aa6dde347fdcd5614e,0xd226997439ecfbeff8e110c8c78c8a7eefd19f89,2026-08-11T09:28:55,large_erc20_asset_flow;complex_trace,0x99999999,true
25728453,0xf26103ccc2745b8cfbbb0c79a64ef2e06b04a60f4601d1085320f52f4d92e3a1,0x19534d72af969aa95ed64930f3067c6e0334a87b,0x8010770c8c44c165ca80f2c3080b97d7d21cbf7f,2026-08-11T09:28:55,large_erc20_asset_flow;complex_trace;high_gas_used_context;token_activity_burst;approval_burst,0x601881f3,true
25728454,0x09495389d63d5ad7abd2fe67efa23ff7f4cb14f983d5cd7c918620dd64b2c409,0x7830c87c02e56aff27fa8ab1241711331fa86f43,0xa9d1e08c7793af67e9d92fe308d5697fb81d3e43,2026-08-11T09:29:05,large_erc20_asset_flow,0xca350aa6,true
25728454,0x8d555cfbcea9f5588db4409f509e4d0ec652b50cc8ae42bd7847359dd97e72dc,0x48b8470fd956b5778fded969cfa8e0fefd24c55e,0xcb0151ac9479a6a0261622baa63ae843c9793d45,2026-08-11T09:29:06,large_erc20_asset_flow;complex_trace;approval_burst,0x64cd187f,true
25728454,0xb0fc5a34bada0f93623e2bf5e182cd6d0fc11ee3c4dd4781a818e205aabaaa54,0x7b49bc3ebbdf7322f31c6449320382bbec3be1b6,0xad3b67bca8935cb510c8d18bd45f0b94f54a968f,2026-08-11T09:29:06,complex_trace;token_activity_burst;approval_burst,0x146ee74d,false
25728454,0xaf7e120a11e8e716a6f111873d392d42537d20803b88cf1594542df677721c0d,0xde7a849216aa3884d53d84ecb02c19eb67e5dae2,0x7d9f4ca54131e588fc1fe577973b55fb11231e76,2026-08-11T09:29:07,high_gas_used_context;token_activity_burst,0x6aac3a0b,false
25728454,0xc19c14260e3ea91a1695e6ea95cdbf7b8f3441533b41201dc4da30e4fe7f2096,0x9dbb4c06357c3e9d92737d78f1a5d541b63ec7ee,0x94e7a5dcbe816e498b89ab752661904e2f56c485,2026-08-11T09:29:07,large_erc20_asset_flow;complex_trace,0xac9650d8,true
25728454,0xefda041cb87d61386a566695f0df675e2d75ab84e753308468a9207dbf66d1f9,0xdf8adfe10d4a4d9f0fc4d3e377a6e8d5730eb40c,0x06cff7088619c7178f5e14f0b119458d08d2f5ef,2026-08-11T09:29:07,large_erc20_asset_flow;complex_trace,0x99999999,true
25728454,0xf256fc7d37a2e3bb25280778b16f49a0bf5fe0700440219d029c3c18c8f02add,0xe28660e51e08f988aef28e46421305e83eb479e8,0x87870bca3f3fd6335c3f4ce8392d69350b4fa4e2,2026-08-11T09:29:07,large_erc20_asset_flow;complex_trace,0xa415bcad,true
25728455,0x1f96476b375215314923b64143011be39a03eaffa1f2e0161a394eaff44294ff,0xc6acbee42e9e323140c1ed060c2f6ea9cc3b4b75,0x7c5a71c9fefbc7691f9d4ac7baf70c743792f716,2026-08-11T09:29:44,selfdestruct_context,0xf3fef3a3,false
25728455,0x2d09b0d922afad2033d3b9002c44443091ef5044ac9eeb2655899ddcb2ed2035,0xd6434d157f254276d69ede3bd9fc805482206908,0x7ec8a30a34b86927dc77b302603d1d53e640bef7,2026-08-11T09:29:44,repeated_internal_token_drain;dense_internal_fund_flow;complex_trace;high_gas_used_context;token_activity_burst;repeated_risky_internal_calls,0xa9059cbb,true
25728455,0x3a436c9021f32d99cce796b2d88ea5920cfae7ad1a47ba8440ff46c6c390a420,0xac836b11240e35c116d2268fd1a93a9344dc3978,0x8f5835e9d756c9bd934bce527157a4b0ef3c5cb7,2026-08-11T09:29:44,large_erc20_asset_flow;complex_trace;high_gas_used_context,0x5ef68f68,true
25728455,0x3f74d8b7b8250bb10ed6881b07ef0c8ed97187bb3e65698f9b5b3ebbb876faed,0x0e0052a184fd59c6b7e1e99d739802ecb3aec0e4,0xd82461784eb72d4b67cbab077989eb215315e272,2026-08-11T09:29:44,complex_trace;approval_burst,0x805f7b65,false
25728455,0x7622118f981774b077292573293aa2f331c0341231feb651d1e554bb83998f47,0x00d9fe085d99b33ab2aae8063180c63e23bf2e69,0x75884f3ada15c953529abaac6549d5204135ec36,2026-08-11T09:29:44,repeated_internal_token_drain;dense_internal_fund_flow;complex_trace;high_gas_used_context;token_activity_burst;repeated_risky_internal_calls,0xa9059cbb,true
25728455,0x7bcc4dd3c21ed47fa9ee43e523127cfe5365148d15cb94aa9bb3ef750ec81731,0x76d5b963b36f6a1ee5a682d73d115dbe6a3ec5d7,0x62de59c08eb5dae4b7e6f7a8cad3006d6965ec16,2026-08-11T09:29:44,dense_internal_fund_flow;complex_trace,0xd3a86833,true
25728455,0x980b1190217acb10b412323dd3ee125c1cfc0984ae12c2cd442bfbadff0c0acf,0x7ad60aaa2b1355b48c2ec36ec7b059eb72dd82c6,0x881d40237659c251811cec9c364ef91dc08d300c,2026-08-11T09:29:44,dense_internal_fund_flow;complex_trace,0x5f575529,true
25728455,0xd4760ac96e38009877dbb13079c1f624dfc875c5346080c3862a2039c520bd71,0x06cb3cceb1110d2e48ee2fd0af438f0938eb7afc,0x6a000f20005980200259b80c5102003040001068,2026-08-11T09:29:44,large_erc20_asset_flow,0xe3ead59e,true
25728455,0xdb6a47a36043d2909abce66c9b91bbefcc465b06c93111c64e132168c28b828e,0x893c2ce330a9b78ded6233a3eaaa6d46e9513aab,0xb300000b72deaeb607a12d5f54773d1c19c7028d,2026-08-11T09:29:44,dense_internal_fund_flow;complex_trace,0x810c705b,true
25728455,0xe7a5ed942a10ba6dca865de6c2b7f2e0e79dff8f4def83a893ccb4ca2c73577f,0xe99bd1c2dd70cd58e5efd47887991700e7318ce2,0xad3b67bca8935cb510c8d18bd45f0b94f54a968f,2026-08-11T09:29:44,dense_internal_fund_flow;complex_trace;high_gas_used_context;token_activity_burst;approval_burst,0x146ee74d,true
25728455,0xf4a4a46ffe952d485d3fbead4ec66255e84f79c08228deae4fd5d9aba2e69a36,0x43370146366cfea21302962ae3a558d72bbcc487,0x0000000071727de22e5e9d8baf0edac6f37da032,2026-08-11T09:29:44,privileged_execution_context;complex_trace,0x765e827f,false
25728455,0x639a227d9d644295e2dbcae2699cf8cb89486857ca9bb960008f2786a16b26be,0xd714e1d25067c2421ea58b962d900732f77ab23b,0xcd2bdb8af031d29d2bc38ef08b842d31e344384c,2026-08-11T09:29:45,repeated_internal_token_drain;dense_internal_fund_flow;complex_trace;high_gas_used_context;token_activity_burst;repeated_risky_internal_calls,0xa9059cbb,true
25728455,0x64ad23214f56708c2c4599601558b02cb95950d46fffc616b198c06defa4e414,0xab8d807a29560ee2f2bf97c752017052a3b5ffd8,0x0de8bf93da2f7eecb3d9169422413a9bef4ef628,2026-08-11T09:29:45,dense_internal_fund_flow;large_mint_to_sender;very_complex_trace;high_gas_used_context;token_activity_burst,0xc2580804,true
25728455,0xa10e46709b5b0aea601e8834f7bc8ec8bee8faa86aef348b2cc8e2c21b1a6886,0x09cfee647fa339133380191c8db6b44f24500c9d,0x77b85afbcd336993ac1c65057531c5a5b33b76b8,2026-08-11T09:29:45,high_gas_used_context;token_activity_burst,0xa9059cbb,false
25728455,0xb4586a0d4623f6a027c51b424cd0b4068d82b00e01a5c3fe566a36db6036a3af,0xdda3b51e29f9d6fad865c5dd7070d5f7eb57663e,0x8d8210a0252a706cb5de0c6f8e46b6d3692afc19,2026-08-11T09:29:45,complex_trace;high_gas_used_context,0xffc3a769,false
25728455,0xe290d71f020ad9601b9141ba95e2250d3706537df8843ef5edafc811f2b163f3,0x3d4e12d540cf67a9c38da66a20943acac075725d,0x1eeda6359b726f7e5a662288ed7f1793ed6788b9,2026-08-11T09:29:45,repeated_internal_token_drain;dense_internal_fund_flow;complex_trace;high_gas_used_context;token_activity_burst;repeated_risky_internal_calls,0xa9059cbb,true
25728456,0x8daa185fcb749f1dc02c985e5c80ba2be9f4535de02804e48f08d3ff169dec66,0x6985dcd7f7dd79ea530343aaa66f459b1e8a4b76,0x7f39c581f595b53c5cb19bd0b3f8da6c935e2ca0,2026-08-11T09:29:48,large_erc20_asset_flow,0xea598cb0,true
