block_num,tx_hash,from,to,detect_time,attack_signals,selector,has_asset_impact
25730383,0x358ea384e1367ef0fc23ae09aac11f765ce375434568614c823d2b26fdd9a988,0xb0d973e78769fb828affbfc75651c9462398c6dc,0x28b1dc1a5e3699a428bc51d234dfab7c9cb2a183,2026-08-11T16:00:00,complex_trace;high_gas_used_context;token_activity_burst,0x0c307f76,true
25730383,0x48b644a8e72b5cc063d2cae943c95d427e18e0246174c9c8735007f88d8b3e88,0xd9af4455b56f8c703b63392f25a66e083b26c379,0x52b335fd4d229c4b4ffa6190526e4b5fb8e3fb09,2026-08-11T16:00:00,large_erc20_asset_flow;complex_trace;high_gas_used_context;token_activity_burst,0x085c8c5e,true
25730383,0x78debb61ce54b870553de97482d9dfc3bbcb3114092b8ac8a4f265c6df061b90,0x943810707e090f1bdc486c4c990d43da3b162e52,0xa9d635ef85bc37eb9ff9d6165481ea230ed32392,2026-08-11T16:00:01,large_erc20_asset_flow;complex_trace;high_gas_used_context,0xe7c438c9,true
25730383,0x3ad17f069c684792005e710062a5aff303f1850eca2cfb7d397a0658d9d2dbd9,0xf70da97812cb96acdf810712aa562db8dfa3dbef,0xb92fe925dc43a0ecde6c8b1a2709c170ec4fff4f,2026-08-11T16:00:02,dense_internal_fund_flow,0xcd6e13f7,true
25730383,0x59e5594494d91c6493eeb131eacf6fe45efc3fa5bf39a521cb9806700c3e3c61,0x59aab1bd0d26290274398c07b55955c15425e16b,0x00fe78205f5f0e63b8ad2b2ae5337f538a610e04,2026-08-11T16:00:04,complex_trace;high_gas_used_context,0x34fcd5be,false
25730383,0x84e489f09cf3af776b3b4d895af364614027a462fd92d68651aa6c4ccdd481e8,0x59aab1bd0d26290274398c07b55955c15425e16b,0x00fe78205f5f0e63b8ad2b2ae5337f538a610e04,2026-08-11T16:00:04,complex_trace;high_gas_used_context,0x34fcd5be,false
25730384,0x7305378270fe5c8fa32d3ab644382d4c305d22e1d6f399702432f5fd0429f479,0x2377fa2d6321f1ebc7a1d4fc4db82a0da8360e6b,0x663dc15d3c1ac63ff12e45ab68fea3f0a883c251,2026-08-11T16:00:16,dense_internal_fund_flow;complex_trace,0x4d8160ba,true
25730384,0xbfa633f8e7cec09864fae00624e2fb4af524479656d2e298e931a777171a6aa5,0xb88842d381592429cada3b3475efd61eaff2751d,0xec4fb7e7c35c241e1138a2d8cfbb09f3ad1ccb22,2026-08-11T16:00:16,large_erc20_asset_flow;complex_trace,0x349fc6bf,true
25730384,0xd285ed11ce868c1637590eca4b46ab5b0e95d8f0f905e19b610004f6aa9b49a0,0x0e0052a184fd59c6b7e1e99d739802ecb3aec0e4,0xd82461784eb72d4b67cbab077989eb215315e272,2026-08-11T16:00:17,complex_trace;approval_burst,0x805f7b65,false
25730384,0xc826b2722b3879c1528a211849283fd9cea1105db65ef5b7f911d477c2f6c718,0x59aab1bd0d26290274398c07b55955c15425e16b,0x00fe78205f5f0e63b8ad2b2ae5337f538a610e04,2026-08-11T16:00:18,complex_trace;high_gas_used_context;token_activity_burst,0x34fcd5be,false
25730384,0xe6af509e6d1780694999c75dce239496e9ac1f25b097513e6881a326d970c5f7,0xde7a849216aa3884d53d84ecb02c19eb67e5dae2,0x7d9f4ca54131e588fc1fe577973b55fb11231e76,2026-08-11T16:00:18,high_gas_used_context;token_activity_burst,0x6aac3a0b,false
25730385,0x582bc9c5b1ca266bf4ace1d53b3e85b5cb40c033f85b2c89ddc8d1d287add0fa,0x59aab1bd0d26290274398c07b55955c15425e16b,0x00fe78205f5f0e63b8ad2b2ae5337f538a610e04,2026-08-11T16:00:22,complex_trace;high_gas_used_context,0x34fcd5be,false
25730385,0x696eda123487cf9a2d6a68db26d8c53b89260df1caebe8204f83bf83b3924891,0xa55d09ac215d813b1fee5ed7ee68d0d8edc35aca,0xbf7fe109f674ab1341d69e67a262e50ce87eb7c1,2026-08-11T16:00:22,high_gas_used_context;token_activity_burst,0x9f58dd7a,false
25730385,0xfda88bb0e5e79ea1111d9e2a2763e548d4cb367295e82f661aadb6223771d5da,0x44d0bef64cd35f31e0b1a61c94ad21ab6b598696,0xac9f360ae85469b27aeddeafc579ef2d052ad405,2026-08-11T16:00:22,dense_internal_fund_flow,0xe4899c13,true
25730386,0x5255f5a6cebb2ed8f797e118c3ee07a09f4f9ad6c34ecbb18956f657bdf092b2,0x1aed6d75bea7698a8a34ecc1361aec712474073c,0xcb0151ac9479a6a0261622baa63ae843c9793d45,2026-08-11T16:00:32,large_erc20_asset_flow;complex_trace,0x64cd187f,true
25730386,0x65f13164b3f8dffd53a4224fec09894ed155b266057fab27edbf9b3a957ee89e,0x7b49bc3ebbdf7322f31c6449320382bbec3be1b6,0xad3b67bca8935cb510c8d18bd45f0b94f54a968f,2026-08-11T16:00:32,complex_trace;high_gas_used_context;token_activity_burst;approval_burst,0x146ee74d,false
25730386,0x7806d3955ebe1d4d97fbfe2693bcfd3b73498e76ea181349141f287247430f46,0x901eb0f2cb206f7dfbc956223b8fdaf805d6d6c1,0x334f5d28a71432f8fc21c7b2b6f5dbbcd8b32a7b,2026-08-11T16:00:33,complex_trace;high_gas_used_context,0x6e553f65,false
25730386,0x715c59b512a9141421a77a48372d9e8841b98ca2e10d8ee98acc91b9313d7c67,0x87da46a9220bf4cace763242b7ef7d0bca59842f,0x6104fe10ca937a086ba7adbd0910a4733d380cb6,2026-08-11T16:00:34,large_erc20_asset_flow;complex_trace,0x787d5152,true
25730386,0x5066d1dba3f72de1d0b8a4b53ce47ba0d1ce26f5f80913e079e4da727d6e559e,0x59aab1bd0d26290274398c07b55955c15425e16b,0x00fe78205f5f0e63b8ad2b2ae5337f538a610e04,2026-08-11T16:00:35,complex_trace;high_gas_used_context,0x34fcd5be,false
25730387,0x28c171d1242cfeafcd3acbbfdafb3cd0831b2b632102b397a29068aacb194f77,0x70e59f9c304e4d5096bd408b571e2dcd99c3120b,0xad3b67bca8935cb510c8d18bd45f0b94f54a968f,2026-08-11T16:00:45,complex_trace;token_activity_burst;approval_burst,0x146ee74d,false
25730387,0x53efab72d4e62e234d48f6d7f48906c669a2f51f60bfa93f22c6e378a741ffe6,0xe99bd1c2dd70cd58e5efd47887991700e7318ce2,0xad3b67bca8935cb510c8d18bd45f0b94f54a968f,2026-08-11T16:00:45,dense_internal_fund_flow;complex_trace;high_gas_used_context;token_activity_burst;approval_burst,0x146ee74d,true
25730387,0xed7d64b61f84cfa0149b59eca94041e0fd3af65e3f308aeec136b06c48e29863,0x335cccaca6c8ec8b46074fbeaa9fa00ec4a6df05,0xbf7a7b6300efef494cfe81f6c06818673f7e09d0,2026-08-11T16:00:45,large_erc20_asset_flow;complex_trace,0xb5cca618,true
25730387,0x1d94d3e3cbd3650b576fda9a8e938eafbd19f0984ba53ecac12d97e04c4b4928,0x59aab1bd0d26290274398c07b55955c15425e16b,0x00fe78205f5f0e63b8ad2b2ae5337f538a610e04,2026-08-11T16:00:47,complex_trace;high_gas_used_context,0x34fcd5be,false
25730387,0x64aadad9cfb708e051595f291fb0e95e84565a9244d117659334e629f1c9c1ad,0x333fa9160269879744d627843581c51cfac7fc40,0x28b1dc1a5e3699a428bc51d234dfab7c9cb2a183,2026-08-11T16:00:47,dense_internal_fund_flow;complex_trace;high_gas_used_context,0x0c307f76,true
25730387,0xb1650affc888885df763affd4329d71f5c19af632054b8ff9175434dfa51f1a9,0x1584a8ee67789d1fe161065388657ad2f2a3c7dd,0x77eb52e44db06777bce478159f25c0d55a295314,2026-08-11T16:00:47,repeated_internal_token_drain;dense_internal_fund_flow;complex_trace;token_activity_burst;repeated_risky_internal_calls,0xa9059cbb,true
25730387,0xb7b15752cd4bab9811a06c78847174f3b31f5b6d4f9161bb91aefb9d8d2be7c4,0xa7f739004a993183374e13fdffafe7c887b04fad,0x950fd558f47e234a2fde23b7d61f7ccdbcb4a86f,2026-08-11T16:00:47,large_erc20_asset_flow;complex_trace;token_activity_burst,0xdd225095,true
25730387,0xea97cce9fc93ed7accc9333d2d06172dd590a55eb7bf664ec3f2e1e4fd5e6936,0xb4de53ddbf53f719ca7f3ffd9024d7de1c8fea98,0xbf7fe109f674ab1341d69e67a262e50ce87eb7c1,2026-08-11T16:00:47,high_gas_used_context;token_activity_burst,0x9f58dd7a,false
25730388,0xaf628a54e3abf9657cf3e03d396f959b9f7a3bf0d31ffa3ef97d8c35762e0259,0x70e59f9c304e4d5096bd408b571e2dcd99c3120b,0xad3b67bca8935cb510c8d18bd45f0b94f54a968f,2026-08-11T16:00:56,complex_trace;high_gas_used_context;token_activity_burst;approval_burst,0x146ee74d,false
25730388,0x5e96b06ec9975cb64b20aebd1e31c51d1398fb08f18053b9c707db86ad7687de,0xd99ac0681b904991169a4f398b9043781adbe0c3,0x5523985926aa12ba58dc5ad00ddca99678d7227e,2026-08-11T16:00:57,large_erc20_asset_flow;complex_trace,0x84d61c97,true
25730388,0xcbcaf0d8807649c16b7aca0fb93bf4a1db9dbddd7c289a36942befbc864e7592,0x7556699aa8e6a7c9c69bcfaf9debd05f8192b063,0x84cab37995229530d9e6e5cff2f8f4ebe4517d66,2026-08-11T16:00:57,complex_trace;high_gas_used_context,0xe587456a,false
25730388,0x84108441e525d528174999a252ae23d5ecf42e337bc9fdba09803e69ad8e3dbd,0xa154b98e53fc35e1bad1ff758acbc8c629bdcd2b,0x19917386eeae67b6ff7ddf07de4019fca40aa4ec,2026-08-11T16:00:58,high_gas_used_context;token_activity_burst,0xa9059cbb,false
25730389,0x45675e2c3e2b3b2e30437701f530d44af76de8d51ee85accbea0b73e6dfb9485,0xf6d369b5cb69aafd2e6f99721b4e117cbc539ee2,0x28b1dc1a5e3699a428bc51d234dfab7c9cb2a183,2026-08-11T16:01:07,dense_internal_fund_flow;complex_trace;high_gas_used_context,0x0c307f76,true
25730389,0x1f1afc8bfd3d94d0d496b5c3b5f95b3bbb21aa59ac331710cb0382a1b0d419e9,0x70e59f9c304e4d5096bd408b571e2dcd99c3120b,0xad3b67bca8935cb510c8d18bd45f0b94f54a968f,2026-08-11T16:01:08,complex_trace;token_activity_burst;approval_burst,0x146ee74d,false
25730389,0x608ba80d777639a0aa2bbe37535baf0cd70bd46ee5a90d75571db0d874e38934,0x5c096ef846447cb935c5d247e4ab2a867ecc33a9,0x00000f91109c4d0007e90000d9facad5298a0cac,2026-08-11T16:01:08,privileged_execution_context;complex_trace,0x0053be41,false
25730390,0x562b7efb1f52d297703f639b9da5bd516edefc0dfbe9974b396e0998a6900104,0x5b43453fce04b92e190f391a83136bfbecedefd1,0xbdb3ba9ffe392549e1f8658dd2630c141fdf47b6,2026-08-11T16:01:15,dense_internal_fund_flow;complex_trace;high_gas_used_context;token_activity_burst,0x000000c3,true
25730390,0x1dc1525298b33d5d03de665c16cdb917db586e046832f9476005e303db7f9991,0x96cf0eb8c2f41058b646987f59b8eb3d86f67095,0x50461744cb3dea4d678be82b8f1b9cead383065d,2026-08-11T16:01:16,large_mint_to_sender;complex_trace,0x6e553f65,true
25730390,0x78a3531e78181963eae513fa3844c6e8459158431c64f941eb6f9e3ba938ef8e,0xbeebdeada7eb5bbb16bc0144e489be48a2081505,0xbeef02961503351625926ea9a11ae13b29f5c555,2026-08-11T16:01:16,complex_trace;high_gas_used_context;token_activity_burst;approval_burst,0x64f5e9e7,false
25730390,0xd3964728bd9ff13e97616d0b681a83cd7d4d5b99bda30b7d3614b462744ddc3e,0x1584a8ee67789d1fe161065388657ad2f2a3c7dd,0x77eb52e44db06777bce478159f25c0d55a295314,2026-08-11T16:01:16,repeated_internal_token_drain;dense_internal_fund_flow;complex_trace;high_gas_used_context;token_activity_burst;repeated_risky_internal_calls,0xa9059cbb,true
25730391,0x2909ef6135de797ba0a483352fca62cdfd02a0b226c2d058045a8949b0718bce,0xd6434d157f254276d69ede3bd9fc805482206908,0x7ec8a30a34b86927dc77b302603d1d53e640bef7,2026-08-11T16:01:26,repeated_internal_token_drain;dense_internal_fund_flow;complex_trace;high_gas_used_context;token_activity_burst;repeated_risky_internal_calls,0xa9059cbb,true
25730391,0x403cc07391c101484ee018061357ced93b62af104c0ff6514da39fe7d45cb7ba,0x5a9ce6113eb1a3d6cb3ee9739b438c6f0c8d32c7,0x91ff8bbd8ebb07893010d50a48a1609e5ebd8e34,2026-08-11T16:01:26,complex_trace;high_gas_used_context,0x069d1525,false
25730391,0x7fa71d71a7ad24017e820353090581878da02cb87f1be483db06c85c861e7332,0xb58332966dfa481da7941232645bfa915f00fe2a,0x881d40237659c251811cec9c364ef91dc08d300c,2026-08-11T16:01:26,large_erc20_asset_flow;complex_trace,0x5f575529,true
25730391,0x9b95163731d8dace50bfb7f949278e535c45b759acc72c41915ded10018a3083,0x50837288ba720044d07ab645ab1f2eba96ffc344,0x52b335fd4d229c4b4ffa6190526e4b5fb8e3fb09,2026-08-11T16:01:26,large_erc20_asset_flow;complex_trace;high_gas_used_context,0x085c8c5e,true
25730391,0xc259d1d698e3dd83c609797a00eb027b0ac4d88e8e0ea334b2371a598e775c6c,0xe487832018fbd594c84f1db3dfac61cde98a5f36,0x91ff8bbd8ebb07893010d50a48a1609e5ebd8e34,2026-08-11T16:01:26,complex_trace;high_gas_used_context,0x069d1525,false
25730391,0x202944417d5471b66c693fb2362e336734dcb4dd50b3ec658ed81e40e4374b7a,0xf719d44b5a7bac51101daf18a0990b46c9263dc9,0xbf7fe109f674ab1341d69e67a262e50ce87eb7c1,2026-08-11T16:01:27,high_gas_used_context;token_activity_burst,0x9f58dd7a,false
25730391,0x75db76b8a76b79484adf2ec68691531c14335129644630dd676692b2686ea682,0x161643f280b09be8e0271eef8efc6c264d125003,0x75c4245c0c5193b056d6d13908c481bc60b14ffc,2026-08-11T16:01:27,dense_internal_fund_flow;token_activity_burst,0xa9059cbb,true
25730391,0x8f0634034e6906fe42c5081dd1fa17383d93d4d3155cd68cf1cde08d1b93aac9,0xffeccc607ccc708f4ed224e00c9f3bd33acc8d38,0xbf7fe109f674ab1341d69e67a262e50ce87eb7c1,2026-08-11T16:01:27,high_gas_used_context;token_activity_burst,0x9f58dd7a,false
25730392,0xc6a766073e3b661f922b196ebaf08e4130d8b1372f0a02f043b6b09b0da9e1dc,0xb7554f88045be5327a6ffd4253867ffeda3a82fb,0x9c2ff3c21945ddaef4605b7721e01832fd2f4a41,2026-08-11T16:01:31,large_erc20_asset_flow;complex_trace,0xc8f53c6d,true
25730392,0xe8e3d905023263b5f8ea89fdc1c8b48d09906be22f0e1185b4ef4e6c07e089df,0xd364b963cfc8002f35c65c6465227a310b7dd7ea,0x9c2ff3c21945ddaef4605b7721e01832fd2f4a41,2026-08-11T16:01:31,large_erc20_asset_flow;complex_trace,0xc8f53c6d,true
25730392,0xea65312b37bffa27e8a78fdb937749e32977c4681319ff57596c0c26beb9536d,0xf90029931c7a9a27e350cd35c91cbedbb58350c4,0x63229adec4b89a6fe5484ceb2de146132eb754fd,2026-08-11T16:01:32,dense_internal_fund_flow;complex_trace;high_gas_used_context,0x3f325619,true
25730392,0xb09dfa8f6f915e4f1013d2bf435149207883d4b66050438458ee825db14b63c5,0xe487832018fbd594c84f1db3dfac61cde98a5f36,0x91ff8bbd8ebb07893010d50a48a1609e5ebd8e34,2026-08-11T16:01:33,complex_trace;high_gas_used_context,0x069d1525,false
25730393,0x1e8d02195d5e638b81e86d082d6ae8b8b1bdf30c45ace826895020174814f748,0x75ebb954f51eb05d2c93cf204089330b09a60950,0x313416870a4da6f12505a550b67bb73c8e21d5d3,2026-08-11T16:01:39,large_mint_to_sender,0x75273ece,true
25730393,0x2b55383dd4d223150bee2a6361c70eb7be172e54fea6d46d94b1f09a14629b6c,0x43370330be39d388f6219d8241dc1f76fb9df268,0x0000000071727de22e5e9d8baf0edac6f37da032,2026-08-11T16:01:39,privileged_execution_context;complex_trace,0x765e827f,false
25730393,0x2bb0696b79556b50b636cef0577e18727b3b51af8302a396763b3ead58d6dc16,0xbd554f774bc3101201a380ea03cc2bef18135a07,0x4b47d7291664beb43e03588e2698e10ba2cd21b3,2026-08-11T16:01:39,large_erc20_asset_flow;complex_trace,0x9eb723c7,true
25730393,0x98299ed620eda77baefdb9b910a89bcea62e730ca52d90e23be5acd7841d95bd,0x7b49bc3ebbdf7322f31c6449320382bbec3be1b6,0xad3b67bca8935cb510c8d18bd45f0b94f54a968f,2026-08-11T16:01:39,complex_trace;approval_burst,0x146ee74d,false
25730393,0xea7258337f2da5e7b3e862f15b522327b09ff1a3114360c9eb6d11afd643061c,0xa3ab2b10bf2508a9e4455a35e2f4a9d0ced18464,0x91ff8bbd8ebb07893010d50a48a1609e5ebd8e34,2026-08-11T16:01:39,complex_trace;high_gas_used_context,0x069d1525,false
25730393,0xf354afb2d35c7b83ad8b4ba558ca96759a3a091f3af36a628690c4c4f364c6eb,0x18dd3c14e34c1bc379f7538068c59160d9f68e25,0xb92fe925dc43a0ecde6c8b1a2709c170ec4fff4f,2026-08-11T16:01:39,complex_trace;high_gas_used_context,0xcd6e13f7,false
25730393,0x556fbd7da16555ae1aeac889c2636d768a1980b26e730b0cd6cb9469f5629bf2,0xe487832018fbd594c84f1db3dfac61cde98a5f36,0x91ff8bbd8ebb07893010d50a48a1609e5ebd8e34,2026-08-11T16:01:40,complex_trace;high_gas_used_context,0x069d1525,false
25730394,0x2871c96dc3009560cf266a00ec908fdb7054e218a08e243ac4f6ab1e9bb33e9a,0xde7a849216aa3884d53d84ecb02c19eb67e5dae2,0x7d9f4ca54131e588fc1fe577973b55fb11231e76,2026-08-11T16:01:45,high_gas_used_context;token_activity_burst,0x6aac3a0b,false
25730395,0x0bbacc53f7337f949d548acc4783abce8aea76296106c8eecfe75db912df8cfa,0x9191e22b2c1ae704d728f50be907c65f51bba88a,0x28b1dc1a5e3699a428bc51d234dfab7c9cb2a183,2026-08-11T16:01:53,complex_trace;high_gas_used_context;token_activity_burst,0x0c307f76,false
25730395,0xaf4bbdd7f3ca23cde4530f52890d3be60768d01cb4ec45d157daceb68c751d99,0xe487832018fbd594c84f1db3dfac61cde98a5f36,0x91ff8bbd8ebb07893010d50a48a1609e5ebd8e34,2026-08-11T16:01:55,complex_trace;high_gas_used_context,0x069d1525,false
25730395,0xcab7e93870ecebf82fd9392d4b6fc31b4666eacea1987e478e9426a3463f6e77,0xd386f8f1e31550d8a55a6baf921168b06c8716fb,0x547b5ad9f71ac50efd8755bc144767ac1768fc3d,2026-08-11T16:01:55,large_erc20_asset_flow;complex_trace;token_activity_burst,0x214bc20e,true
25730395,0xf4608638bccc22014147e1b1b0a00ce37861f933d7feae0685a4e8315d793ed7,0xe487832018fbd594c84f1db3dfac61cde98a5f36,0x91ff8bbd8ebb07893010d50a48a1609e5ebd8e34,2026-08-11T16:01:55,complex_trace;high_gas_used_context,0x069d1525,false
25730396,0x0e8feb6ecd0887d77d9c86ec5321ff4720d563a42acea549f1e06dd38086b7fc,0x1e060fb7847ab8de0e05e898c16714c9dcc9de6d,0x91ff8bbd8ebb07893010d50a48a1609e5ebd8e34,2026-08-11T16:02:05,complex_trace;high_gas_used_context,0x069d1525,false
25730396,0x033c1eeeedcb44b1f988e8e5f3423e0d20db36fc505ecaae8f8911f5fa752a7a,0x6572d9dbd1e4a1a1a81760dcc4310269b59950c7,0x91ff8bbd8ebb07893010d50a48a1609e5ebd8e34,2026-08-11T16:02:06,complex_trace;high_gas_used_context,0x069d1525,false
25730396,0x5f49380a033258168a24011e34e8bb116910d54f44e45f3898f01ed2cf681e1e,0x0f6d91fbafa15c3f20e72a4cbf16ed65dd96323d,0x91ff8bbd8ebb07893010d50a48a1609e5ebd8e34,2026-08-11T16:02:06,complex_trace;high_gas_used_context,0x069d1525,false
25730396,0x6eb9988ee8126aadf00fcec4ded23bf56ddcf169113ff7083491164e8962e721,0x64b9edd67c96c76bc3f9472c5a9e83547cfd4380,0x91ff8bbd8ebb07893010d50a48a1609e5ebd8e34,2026-08-11T16:02:06,complex_trace;high_gas_used_context,0x069d1525,false
25730396,0x8b33c71a5d8bcd9aee49a95f6d3942ffc92b2db740ed4d2b962915aa287419d0,0xe9fce949e03ed55426471dbdb33847a248a83573,0x91ff8bbd8ebb07893010d50a48a1609e5ebd8e34,2026-08-11T16:02:06,complex_trace;high_gas_used_context,0x069d1525,false
25730396,0x9baa9851bd7c071b344e577c56b7e7645db48362698cfdda83c683f85be62d5b,0x0e0052a184fd59c6b7e1e99d739802ecb3aec0e4,0xd82461784eb72d4b67cbab077989eb215315e272,2026-08-11T16:02:06,complex_trace;approval_burst,0x805f7b65,false
25730396,0xb421b512ffef639cfa5d82319fb01fb57f204bdca544b94135df670b1647de24,0x41d209d275027e3dcf5ddc4d0c30cd6c6ece1ffd,0x91ff8bbd8ebb07893010d50a48a1609e5ebd8e34,2026-08-11T16:02:06,complex_trace;high_gas_used_context,0x069d1525,false
25730396,0xc473020d259cf94cee6c36aba990cce9942f42315d221e0902fe31486c48bb0d,0x7f56302966ef91afb0d7baddc92b793efa8da7d9,0x91ff8bbd8ebb07893010d50a48a1609e5ebd8e34,2026-08-11T16:02:06,complex_trace;high_gas_used_context,0x069d1525,false
25730396,0xc59bbd118b8ba0a32f126900b79dce7c582c87ad0681c612a0b5a60620802ecd,0x72663ec3f3dcf59beff5d20594fd5777e05d9c17,0x91ff8bbd8ebb07893010d50a48a1609e5ebd8e34,2026-08-11T16:02:06,complex_trace;high_gas_used_context,0x069d1525,false
25730396,0xf071b9e83e1616317a1b9cd50ddc49e90c551fe165e0582dbcad52b10214e4c3,0x61193d978c9ce5ba69293da96a56113be8de981c,0x91ff8bbd8ebb07893010d50a48a1609e5ebd8e34,2026-08-11T16:02:06,complex_trace;high_gas_used_context,0x069d1525,false
25730396,0x1b3b1dc9ae20b055b3c7051ab6a3192fd682ca551b4be65900a1fa8eed91d001,0x9dcee0508f3c6f5f11b2da95fe6dfdb517ebd1db,0x97caca78ac2a94c67643d07843f85afaa44a3ea5,2026-08-11T16:02:08,dense_internal_fund_flow;complex_trace,0xc02409ba,true
25730396,0x7ca6bc91a67090f9a9e52e9e8852fcf72a7072952fe0cb885acc0f3f02377698,0xe487832018fbd594c84f1db3dfac61cde98a5f36,0x91ff8bbd8ebb07893010d50a48a1609e5ebd8e34,2026-08-11T16:02:08,complex_trace;high_gas_used_context,0x069d1525,false
25730396,0x95cd081f931378f138525347373474048fc3d249f946b1def171594f05b89df3,0x7ea3dbd1948e62b2fcb30f6ce0a4972e6045ebed,0x46a15b0b27311cedf172ab29e4f4766fbe7f4364,2026-08-11T16:02:08,large_erc20_asset_flow,0xac9650d8,true
25730396,0xc63b76dad5e337694fba0d49c6d4ef84bdeea1c5c1a94d3826d3fcf55c805d2b,0x09cfee647fa339133380191c8db6b44f24500c9d,0x77b85afbcd336993ac1c65057531c5a5b33b76b8,2026-08-11T16:02:08,high_gas_used_context;token_activity_burst,0xa9059cbb,false
25730396,0x4b27b915a269520ac3c24547ddc62ec679aff1accb727a16ba041fd9314ef969,0x5451794e3d44f1db21649c11518b832b7352bd15,0xbf7fe109f674ab1341d69e67a262e50ce87eb7c1,2026-08-11T16:02:09,high_gas_used_context;token_activity_burst,0x9f58dd7a,false
25730397,0x4aec5ee502d4cff7db9704a463c29cef21b7aa03a61765989a63ce65b792f171,0x465cb88b0bf2a984a7c6c053262c8137d667beae,0x66d84feded0e51aeb47ced1bb2fc0221ae8d7c12,2026-08-11T16:02:18,large_erc20_asset_flow,0xb1dc65a4,true
25730397,0xd58efbb8166e231660cef157cb6421f69ef3f786c82ea1009ef8a3c6535f2f0f,0x7b49bc3ebbdf7322f31c6449320382bbec3be1b6,0xad3b67bca8935cb510c8d18bd45f0b94f54a968f,2026-08-11T16:02:19,large_erc20_asset_flow;complex_trace;token_activity_burst,0x146ee74d,true
25730397,0xb64029ea7c799a520d2b20974fbeca9990eed13e4a57fbc707a567712debc5c5,0xd6c757043e7d59088969b188923c62fa960afe9b,0x6a000f20005980200259b80c5102003040001068,2026-08-11T16:02:20,large_erc20_profit_to_sender;large_erc20_asset_flow;complex_trace,0xe3ead59e,true
25730397,0xc3749908bd37f8ffc5576ab5ccd3d7d21ea18c00ec197753f7dce40a0761c8a1,0xd5ce7324e1d47e5cd94fa2c5a52f280569dc1f78,0x87be3fc3edfe10cb8ce1244d6a1969fc55f9f83c,2026-08-11T16:02:20,large_erc20_asset_flow,0xfa98a33f,true
25730397,0xfd91c3bd484885978f8df1865ef1fd647e97dc1892597b959975411eb540d227,0xe487832018fbd594c84f1db3dfac61cde98a5f36,0x91ff8bbd8ebb07893010d50a48a1609e5ebd8e34,2026-08-11T16:02:20,complex_trace;high_gas_used_context,0x069d1525,false
25730398,0x05165979e05b6c7cf58c1ed3be447a9530ae83857ecf47491b6aed367db0ccd0,0x7b49bc3ebbdf7322f31c6449320382bbec3be1b6,0xad3b67bca8935cb510c8d18bd45f0b94f54a968f,2026-08-11T16:02:29,complex_trace;high_gas_used_context;token_activity_burst;approval_burst,0x146ee74d,false
25730398,0x336c442f8fdad957e53598ebc4fe6cfcb04f48bc107b52e3fda997141d79d13e,0x4337017d2e3f5e4160a27f6fdbdc38719343c62f,0x0000000071727de22e5e9d8baf0edac6f37da032,2026-08-11T16:02:29,privileged_execution_context;complex_trace;high_gas_used_context,0x765e827f,false
25730398,0x3d812494496f95027846a66c31afe67c8c565fc14f7d16eb3155b698c3b19812,0xf70da97812cb96acdf810712aa562db8dfa3dbef,0xccc88a9d1b4ed6b0eaba998850414b24f1c315be,2026-08-11T16:02:30,large_erc20_asset_flow,0xf80f00fb,true
25730398,0x56da743bfcd39589f1f048e5a07c00f3d5f47b68eed30a08224eb0347157756b,0xa127edc40fea07cdff89f8d812931f612ec13fa6,0xb222da0f9c22ad2addcb0b0d6b150f398e44157a,2026-08-11T16:02:30,large_erc20_asset_flow;complex_trace,0xef4d7b75,true
25730398,0xe5dd170ee8028bcb714b1f65e81a0ced16758d66493ebd4c386c1a4b112804be,0xe487832018fbd594c84f1db3dfac61cde98a5f36,0x91ff8bbd8ebb07893010d50a48a1609e5ebd8e34,2026-08-11T16:02:30,complex_trace;high_gas_used_context,0x069d1525,false
25730399,0x2d7c09b335a4b88090484502fe58699a8be2a7b6db48cd5b16a275c18f47f01c,0xe487832018fbd594c84f1db3dfac61cde98a5f36,0x91ff8bbd8ebb07893010d50a48a1609e5ebd8e34,2026-08-11T16:02:37,complex_trace;high_gas_used_context,0x069d1525,false
25730399,0xbd2432f9347fcb81cbb1086567473fb8208620fcdb8b3f8d945a1639000fa768,0x902cabc83daf98bdc457c09a150fe62e2261063b,0x6131b5fae19ea4f9d964eac0408e4408b66337b5,2026-08-11T16:02:37,dense_internal_fund_flow;large_erc20_asset_flow;complex_trace,0xe21fd0e9,true
25730399,0xbb2f73188e98b405151154f7e0f179ed4d185f09f7464241929da962070d9d6f,0x59aab1bd0d26290274398c07b55955c15425e16b,0x00fe78205f5f0e63b8ad2b2ae5337f538a610e04,2026-08-11T16:02:38,complex_trace;high_gas_used_context;token_activity_burst,0x34fcd5be,false
25730400,0x4d3f5f15c3b623b941e365d51e98650104cb8a3b9892bf11439288e9b10702b0,0xdb61db256a30f3ef46110b8e2520aaec0db08153,0x0000317bec33af037b5fab2028f52d14658f6a56,2026-08-11T16:02:45,dense_internal_fund_flow;complex_trace;high_gas_used_context;token_activity_burst,0xe282dcdd,true
25730400,0x4eebf2e33d0454668dc2477c421f7e295cf1a7c1c93ba6b48cb7d25e3e8075e9,0xe85091501587b32a323be2512b36fab392d7c6bc,0x68f9dd5ba38250b9f1653c5e119f72b54f61092c,2026-08-11T16:02:45,dense_internal_fund_flow;complex_trace,0x111966f6,true
25730400,0x85a62fa17b559583c15c342e04dbdfca6fe5e35bff95ab99f00db81e67bdff91,0x50bf934781f63028c5c8ef49c4affe19a86d99b6,0x8d04cc7e86e687854eb41d9d43512b655b93184b,2026-08-11T16:03:15,selfdestruct_context,0xb5291b32,false
25730400,0xbf52c233e4b2d41b135d3959d217112a21d5b50b9d986c949e0fd01bb1ece678,0xe487832018fbd594c84f1db3dfac61cde98a5f36,0x91ff8bbd8ebb07893010d50a48a1609e5ebd8e34,2026-08-11T16:03:15,complex_trace;high_gas_used_context,0x069d1525,false
25730400,0xcf34f9da2df5767d6af711f61c72aa451b0602ed7648c3c76a0cc6af9456a7b9,0x17cc71dfb62b38e1d04aa20596dafb4148a565f6,0xd90e2f925da726b50c4ed8d0fb90ad053324f31b,2026-08-11T16:03:15,dense_internal_fund_flow,0x13d98d13,true
25730402,0x5a5975d714a054cddcf591bd6d4613b6f3451bd03fd381369fe4aab7f2148068,0xab8d807a29560ee2f2bf97c752017052a3b5ffd8,0x0de8bf93da2f7eecb3d9169422413a9bef4ef628,2026-08-11T16:03:21,dense_internal_fund_flow;large_mint_to_sender;very_complex_trace;high_gas_used_context;token_activity_burst,0xc2580804,true
25730403,0x51867282826c1b31b6eda272581e11079f258117b726d7ee6a3f7dab2128dccf,0xfb05502b9cd8e54ddaa866c88b1a3bc6d6364ff0,0xcb0151ac9479a6a0261622baa63ae843c9793d45,2026-08-11T16:03:31,large_erc20_asset_flow;complex_trace;approval_burst,0x64cd187f,true
25730403,0xa2f98147db44f486aab3046ffe879a858343473b85a667f4e95e112b0dfa2044,0xe99bd1c2dd70cd58e5efd47887991700e7318ce2,0xad3b67bca8935cb510c8d18bd45f0b94f54a968f,2026-08-11T16:03:31,complex_trace;high_gas_used_context;token_activity_burst;approval_burst,0x146ee74d,false
25730403,0x6b95bb7eea8d0008be175f9968ab13139d6d5b300f0f74ff0f69afc336177dc3,0x43370146366cfea21302962ae3a558d72bbcc487,0x0000000071727de22e5e9d8baf0edac6f37da032,2026-08-11T16:03:34,privileged_execution_context;complex_trace,0x765e827f,false
25730403,0x72681d597d36f16a8b8af23d05a31350bd7ab2a085a527db4e7ef32a9136c2ca,0x062ce42cae04c51d04e77e3d64cc8953a2296ffe,0x8a25a24ede9482c4fc0738f99611be58f1c839ab,2026-08-11T16:03:34,large_erc20_asset_flow;complex_trace,0x6a761202,true
25730403,0x8ec0f8421407bc0b2be2c0c555dbefef2036f5dd82a69a572a2e59975d6ba646,0x102407f67415dcc4068370625ca27f24bb2a03d5,0xacddac6c77318b615f7f6fb9bb67c6833e9c05f1,2026-08-11T16:03:34,large_erc20_asset_flow;complex_trace,0x571d3dc7,true
25730403,0xc3f38d03f1255567479b3c315dc49427854a829db27d2931799c49eb73fc4794,0xf4030cd3b27e279d011c88e6073ee6b903b83d36,0x89c6340b1a1f4b25d36cd8b063d49045caf3f818,2026-08-11T16:03:34,large_erc20_asset_flow;complex_trace,0x0193b9fc,true
25730403,0xf11a058af358b62b208c9f7b36ace4504e0648af8ad1a0f43e14838f467fffb1,0x43370308b53e3611521ba48e2f7632a5644d7b1f,0x0000000071727de22e5e9d8baf0edac6f37da032,2026-08-11T16:03:34,complex_trace;high_gas_used_context,0x765e827f,false
25730403,0x745713c87b312f5b8b10e6201ce9f499ba408c365368e973ae204acbe57b54a0,0xab8d807a29560ee2f2bf97c752017052a3b5ffd8,0x0de8bf93da2f7eecb3d9169422413a9bef4ef628,2026-08-11T16:03:35,dense_internal_fund_flow;large_mint_to_sender;very_complex_trace;high_gas_used_context;token_activity_burst,0xc2580804,true
25730403,0x9fbe2e41fe9a53e325a7616ef1377f3d974923abd2a8b131dbb3572ec1267a54,0x31cedba71ef9667845b8ff1cf4096a389c758e1d,0xee030ec6f4307411607e55acd08e628ae6655b86,2026-08-11T16:03:35,dense_internal_fund_flow;complex_trace;high_gas_used_context;token_activity_burst,0x6e1537da,true
25730403,0xc51b6217dc379be76fb615cee1c89c880d18fd48fde021bce6ec25ce9a8ac2b3,0x2eb6ffcfc1591349a1983aad3e80d8fb3cec1df2,0x70e60fbfe09caaad444d6c489ef865bfaabbefc8,2026-08-11T16:03:35,privileged_execution_context;complex_trace;high_gas_used_context;token_activity_burst,0x01200000,false
25730403,0x0710b59f98f4456afb62a9344459dfb8aef4f2c6656f49ec2546958b7fc7adf8,0xe487832018fbd594c84f1db3dfac61cde98a5f36,0x91ff8bbd8ebb07893010d50a48a1609e5ebd8e34,2026-08-11T16:03:36,complex_trace;high_gas_used_context,0x069d1525,false
25730403,0x558f749e0796613822a6b8d16274d56941eaf90975c8adc44e8830d6ac013f11,0x7f881d3ea884051dfa36dcf68fa879dc83a9fc85,0x00000f91109c4d0007e90000d9facad5298a0cac,2026-08-11T16:03:36,repeated_internal_token_drain;dense_internal_fund_flow;complex_trace;high_gas_used_context;token_activity_burst;approval_burst,0x0053be41,true
25730403,0x78965aa46db059e39c92a1cd15fbd71f6538eee91bebde5f499e45c05b9461a0,0x346d25338f3cbd5a102011ca33a47d26b9400b90,0xacddac6c77318b615f7f6fb9bb67c6833e9c05f1,2026-08-11T16:03:36,large_erc20_asset_flow;complex_trace,0x571d3dc7,true
25730403,0x7a76746fcdb5e1ac4b75fce188d735b10b619f570c32ee67618a808d23bc0ceb,0x7f881d3ea884051dfa36dcf68fa879dc83a9fc85,0x00000f91109c4d0007e90000d9facad5298a0cac,2026-08-11T16:03:36,very_complex_trace;high_gas_used_context;token_activity_burst,0x0053be41,false
25730403,0x8ffd10cea4c89d72aecc84325da91b039c682244dd149da1d3e45038b982b6a6,0xe487832018fbd594c84f1db3dfac61cde98a5f36,0x91ff8bbd8ebb07893010d50a48a1609e5ebd8e34,2026-08-11T16:03:36,complex_trace;high_gas_used_context,0x069d1525,false
25730403,0xcfa6a7984f0f7fb4294aadc2413bb7885f391b2aaa2096c9e21d37864d7bb8c2,0x1584a8ee67789d1fe161065388657ad2f2a3c7dd,0x77eb52e44db06777bce478159f25c0d55a295314,2026-08-11T16:03:36,repeated_internal_token_drain;dense_internal_fund_flow;complex_trace;high_gas_used_context;token_activity_burst;repeated_risky_internal_calls,0xa9059cbb,true
25730403,0xe33e4258792ccd9cc65a7d9c23b8a43efa134c8b08b4873a11b364c7a4a78684,0xdda3b51e29f9d6fad865c5dd7070d5f7eb57663e,0x8d8210a0252a706cb5de0c6f8e46b6d3692afc19,2026-08-11T16:03:36,complex_trace;high_gas_used_context,0xffc3a769,false
25730403,0xe4d1a2b9a06b695bb7b29fb6ca4ec3f350f0372a84c03056d4a3c3b80491ce99,0x902cabc83daf98bdc457c09a150fe62e2261063b,0x7d7327624bf9627fc11f6da240db8066c4beb3c8,2026-08-11T16:03:36,large_erc20_asset_flow,0xf4e8cd69,true
25730404,0x0854d397b8a146528e0418ad980755a9400786e59abc078d7da5bfcb5d06bfd1,0x1584a8ee67789d1fe161065388657ad2f2a3c7dd,0x77eb52e44db06777bce478159f25c0d55a295314,2026-08-11T16:03:54,repeated_internal_token_drain;dense_internal_fund_flow;complex_trace;token_activity_burst;repeated_risky_internal_calls,0xa9059cbb,true
25730404,0x1698023b8d083130ac221f5b573ab3f57476465baeb58c5c943af0590c91e352,0x3d4e12d540cf67a9c38da66a20943acac075725d,0x1eeda6359b726f7e5a662288ed7f1793ed6788b9,2026-08-11T16:03:54,repeated_internal_token_drain;dense_internal_fund_flow;complex_trace;high_gas_used_context;token_activity_burst;repeated_risky_internal_calls,0xa9059cbb,true
25730404,0x21f39034e0f088127d1ef53cc71c57f191636a209c97255cf3d4ed5e39a5a4a7,0x09cfee647fa339133380191c8db6b44f24500c9d,0x77b85afbcd336993ac1c65057531c5a5b33b76b8,2026-08-11T16:03:54,high_gas_used_context;token_activity_burst,0xa9059cbb,false
25730404,0x2f8fc8cb527fb6a499a948474c0b768fbb2a06bf83dfa4e6564afbb2cefe6ac0,0x6f1d2df2acc5f2da3167ad1967b648207cfc63db,0xe3490297a08d6fc8da46edb7b6142e4f461b62d3,2026-08-11T16:03:54,large_erc20_asset_flow,0x75c890dc,true
25730404,0x21618dd935caaebf2320858711906eb3860091e3ed1cb125988caf1692536306,0x57b1bafe51bca149bcd5d902ebeee4a321dd82c8,0xb300000b72deaeb607a12d5f54773d1c19c7028d,2026-08-11T16:03:56,dense_internal_fund_flow;complex_trace,0x810c705b,true
25730404,0x757bdf23a566f2a4323ae136cfa249eb0fd7d709f57729933b98ddcfb71eadd2,0xab8d807a29560ee2f2bf97c752017052a3b5ffd8,0x0de8bf93da2f7eecb3d9169422413a9bef4ef628,2026-08-11T16:03:57,dense_internal_fund_flow;large_mint_to_sender;very_complex_trace;high_gas_used_context;token_activity_burst,0xc2580804,true
25730404,0xb1cdd4e989c71b3956eb3674f1c651b7a486f62eedad72362317c697e0e541db,0xe487832018fbd594c84f1db3dfac61cde98a5f36,0x91ff8bbd8ebb07893010d50a48a1609e5ebd8e34,2026-08-11T16:03:57,complex_trace;high_gas_used_context,0x069d1525,false
25730404,0xfe33b5c34386494cce89ada65b9e0b90ee923a8a0cf7a1b66b9bef1b24fcc99d,0xde7a849216aa3884d53d84ecb02c19eb67e5dae2,0x7d9f4ca54131e588fc1fe577973b55fb11231e76,2026-08-11T16:03:57,high_gas_used_context;token_activity_burst,0x6aac3a0b,false
25730405,0x63c52242e7162a76ee7119c8d2fd170d0b093cc1a8aeef01ddf479dc826e0c99,0xe99bd1c2dd70cd58e5efd47887991700e7318ce2,0xad3b67bca8935cb510c8d18bd45f0b94f54a968f,2026-08-11T16:04:11,complex_trace;high_gas_used_context;token_activity_burst;approval_burst,0x146ee74d,false
25730405,0x5c15e2bf8da67bb0f4bb0cdc1829869eadf8fd5a646b68c2651263faa3ca454b,0xd6434d157f254276d69ede3bd9fc805482206908,0x7ec8a30a34b86927dc77b302603d1d53e640bef7,2026-08-11T16:04:13,repeated_internal_token_drain;dense_internal_fund_flow;complex_trace;high_gas_used_context;token_activity_burst;repeated_risky_internal_calls,0xa9059cbb,true
25730405,0xc3308f6cb501185b1133e5c577ca740b07aa24af174b1ecab7ebe1ef42e8bd4c,0x5f8769281662a4af0175f7efe521892c52850ac6,0x40a6700b99115cda7b12bd0e21db1be8ae524bf2,2026-08-11T16:04:13,repeated_internal_token_drain;dense_internal_fund_flow;complex_trace;high_gas_used_context;token_activity_burst;repeated_risky_internal_calls,0xa9059cbb,true
25730405,0xff46377130ab029608cdaf056a06f7000cb4089d683d9bc21a8e86d240c0b215,0x00d9fe085d99b33ab2aae8063180c63e23bf2e69,0x75884f3ada15c953529abaac6549d5204135ec36,2026-08-11T16:04:13,repeated_internal_token_drain;dense_internal_fund_flow;complex_trace;high_gas_used_context;token_activity_burst;repeated_risky_internal_calls,0xa9059cbb,true
25730405,0xaac782c26bd72406f81cc5abb00455c4d066c5f826bdd067641676b0cdd85bf1,0xe487832018fbd594c84f1db3dfac61cde98a5f36,0x91ff8bbd8ebb07893010d50a48a1609e5ebd8e34,2026-08-11T16:04:15,complex_trace;high_gas_used_context,0x069d1525,false
25730406,0x716c72bb2839803f4eb132fa4bc68301ec63a32586f07f7b4ac5a410c29134df,0xa23d9ccd8e3d1056c2ac5db2405f494e10de3538,0x66a9893cc07d91d95644aedd05d03f95e1dba8af,2026-08-11T16:04:32,dense_internal_fund_flow,0x3593564c,true
25730406,0x979a6499124efd6abfff847b3e218231078eab8198745bce6bb7804edffb657a,0x7556699aa8e6a7c9c69bcfaf9debd05f8192b063,0x84cab37995229530d9e6e5cff2f8f4ebe4517d66,2026-08-11T16:04:32,dense_internal_fund_flow;complex_trace;high_gas_used_context,0xe587456a,true
25730406,0x38937ce21fa0070102a72da21c8688e571e465cceb29e52aae2c86ebea67926e,0x09cfee647fa339133380191c8db6b44f24500c9d,0x77b85afbcd336993ac1c65057531c5a5b33b76b8,2026-08-11T16:04:34,high_gas_used_context;token_activity_burst,0xa9059cbb,false
25730406,0x48ae4a60bb61e1c5a487e29df95c94118e5b099eeae635af69de45bc34e44ee6,0xd8ee0915dabbb956498e30690d86a1274445b88e,0x6131b5fae19ea4f9d964eac0408e4408b66337b5,2026-08-11T16:04:34,dense_internal_fund_flow;complex_trace,0xe21fd0e9,true
25730406,0x4d03b4d164f853dee591c8218cf8a96fde54a90c19a20f3ae3acd114a65f4629,0x3976747b82316020a15662761c82860b9785e7f3,0xb4b1de03f229220edbbb31a224b2a004b3c3e47f,2026-08-11T16:04:34,large_erc20_asset_flow;complex_trace;high_gas_used_context,0xac9650d8,true
25730406,0x7fd8d89e63990381239f67ed02646c0990a480a35fc25589a3ce674309bb971b,0xd6434d157f254276d69ede3bd9fc805482206908,0x7ec8a30a34b86927dc77b302603d1d53e640bef7,2026-08-11T16:04:34,repeated_internal_token_drain;dense_internal_fund_flow;complex_trace;high_gas_used_context;token_activity_burst;repeated_risky_internal_calls,0xa9059cbb,true
25730406,0x853b3369dc0b9904f506a9f13bc0986ef56e9cc81aced387da593ec8d4b2877d,0x90fff1dad57875e08df86df05bcebb3fd3514dfb,0x6566194141eefa99af43bb5aa71460ca2dc90245,2026-08-11T16:04:34,large_erc20_profit_to_sender;large_erc20_asset_flow;complex_trace,0x374f435d,true
25730406,0x90f840cfff4ff7c4fe178d90f68e2cee4f5381439df37e6e5be0df6998677d49,0xeeea11d98f6a742cdc084a2f1afa747dc28f1186,0x0000000000001ff3684f28c67538d4d072c22734,2026-08-11T16:04:34,large_erc20_asset_flow;complex_trace,0x2213bc0b,true
25730406,0xbdbf57d632808872f6a32e03c688d171d2a03e09a51f820e5b4284bc508b2608,0xe487832018fbd594c84f1db3dfac61cde98a5f36,0x91ff8bbd8ebb07893010d50a48a1609e5ebd8e34,2026-08-11T16:04:34,complex_trace;high_gas_used_context,0x069d1525,false
25730406,0xf35c6c14e43bdb01745675e8f0a923fc972eb0d75992b62ce5bc69526df006fe,0x3d4e12d540cf67a9c38da66a20943acac075725d,0x1eeda6359b726f7e5a662288ed7f1793ed6788b9,2026-08-11T16:04:34,repeated_internal_token_drain;dense_internal_fund_flow;complex_trace;high_gas_used_context;token_activity_burst;repeated_risky_internal_calls,0xa9059cbb,true
25730407,0x14db4bf224134712ed7120e3518ffaae47243f7786f93974309f5b2d1924c8b5,0x3e461ca979f03657d3e33f6d9583b5d79bf17d9d,0xcafeac0ff5da0a2777d915531bfa6b29d282ee62,2026-08-11T16:04:47,complex_trace;high_gas_used_context,0x7c59cac4,false
25730407,0x3b9273ad8c124d3229927cafcad932d5c684a0eb9ea80532837049bf7bda7b5a,0xd6434d157f254276d69ede3bd9fc805482206908,0x7ec8a30a34b86927dc77b302603d1d53e640bef7,2026-08-11T16:04:47,repeated_internal_token_drain;dense_internal_fund_flow;complex_trace;high_gas_used_context;token_activity_burst;repeated_risky_internal_calls,0xa9059cbb,true
25730407,0x3f91f4a2a6891f4878106f80074a35bea7aeeb8b3cb9881b4e98251812b231a7,0xdda3b51e29f9d6fad865c5dd7070d5f7eb57663e,0x8d8210a0252a706cb5de0c6f8e46b6d3692afc19,2026-08-11T16:04:47,complex_trace;high_gas_used_context,0xffc3a769,false
25730407,0x630f917893eb18a6f9ec9ffc72f63ea76210cf39433e9aecefffbc26c0b3d2ff,0x5f8769281662a4af0175f7efe521892c52850ac6,0x40a6700b99115cda7b12bd0e21db1be8ae524bf2,2026-08-11T16:04:47,repeated_internal_token_drain;dense_internal_fund_flow;complex_trace;high_gas_used_context;token_activity_burst;repeated_risky_internal_calls,0xa9059cbb,true
25730407,0xb3b03825e9961df270a2cadbb0034296e327605f106a5d15abe152b544f7ea05,0xe487832018fbd594c84f1db3dfac61cde98a5f36,0x91ff8bbd8ebb07893010d50a48a1609e5ebd8e34,2026-08-11T16:04:47,complex_trace;high_gas_used_context,0x069d1525,false
25730407,0xd97e2353fc43bac09e594d33e883844f7a382438fc0af028b036faefe99f7a1e,0x00d9fe085d99b33ab2aae8063180c63e23bf2e69,0x75884f3ada15c953529abaac6549d5204135ec36,2026-08-11T16:04:47,repeated_internal_token_drain;dense_internal_fund_flow;complex_trace;high_gas_used_context;token_activity_burst;repeated_risky_internal_calls,0xa9059cbb,true
25730408,0x6daaa9385351b73cef7c8613697341a6bef4b22555b94b9de4c82beb908b3b99,0x433702948d7be4201a2bcee6c349ad807c547a5d,0x4337084d9e255ff0702461cf8895ce9e3b5ff108,2026-08-11T16:05:01,dense_internal_fund_flow;complex_trace;high_gas_used_context;token_activity_burst,0x765e827f,true
25730408,0xa41f30fca1e99d46fac14888c7d082e5c5b5a29991b85788088b82717667c91d,0x7556699aa8e6a7c9c69bcfaf9debd05f8192b063,0x84cab37995229530d9e6e5cff2f8f4ebe4517d66,2026-08-11T16:05:01,dense_internal_fund_flow;complex_trace;high_gas_used_context,0xe587456a,true
25730408,0xf45dca37746237c64bbb4f7245b3eac45952f2f1c223ab6bdba6d13bdcce7eb0,0xc6acbee42e9e323140c1ed060c2f6ea9cc3b4b75,0x7c5a71c9fefbc7691f9d4ac7baf70c743792f716,2026-08-11T16:05:01,selfdestruct_context,0xf3fef3a3,false
25730408,0x65ed34245798acf4ed45787bed929d88df4d95f3517e27ced539397c886b2b82,0x7b49bc3ebbdf7322f31c6449320382bbec3be1b6,0xad3b67bca8935cb510c8d18bd45f0b94f54a968f,2026-08-11T16:05:02,complex_trace;high_gas_used_context;token_activity_burst;approval_burst,0x146ee74d,false
25730408,0x05578336bb1923f83f3a014fdb6bd0c42074ff03a7ef1d856908a9b32a14b873,0xe487832018fbd594c84f1db3dfac61cde98a5f36,0x91ff8bbd8ebb07893010d50a48a1609e5ebd8e34,2026-08-11T16:05:03,complex_trace;high_gas_used_context,0x069d1525,false
25730408,0x1dc1ae715aa34631a043938deee6ff7b06ef7fe3e7ee98d1c19f232b831076bd,0x1584a8ee67789d1fe161065388657ad2f2a3c7dd,0x77eb52e44db06777bce478159f25c0d55a295314,2026-08-11T16:05:03,repeated_internal_token_drain;dense_internal_fund_flow;complex_trace;token_activity_burst;repeated_risky_internal_calls,0xa9059cbb,true
25730408,0x9cd27ac09c2f67b074d5ef99daa4c23542069b524737c2190c5c1e286ec087ef,0xf70da97812cb96acdf810712aa562db8dfa3dbef,0xccc88a9d1b4ed6b0eaba998850414b24f1c315be,2026-08-11T16:05:03,large_erc20_asset_flow,0xf80f00fb,true
25730408,0xd539aad94c480a85a22d12ed18b35b986e7c06db6b69d9f70e1962c936e39fe8,0xc371ba0fef01d7bd82c79ed1890d834277c3912e,0x49048044d57e1c92a77f79988d21fa8faf74e97e,2026-08-11T16:05:03,large_erc20_asset_flow;complex_trace,0x43ca1c50,true
25730408,0xdb23598e7bb153413e9834e7101ffe0036617a16393ef14bd84992b1bc70224b,0x062ce42cae04c51d04e77e3d64cc8953a2296ffe,0x8a25a24ede9482c4fc0738f99611be58f1c839ab,2026-08-11T16:05:03,large_erc20_asset_flow;complex_trace,0x6a761202,true
25730409,0x0bac8275b4fba8923b7a4e8ab181fa4979bae3b121f2060fa4e994fbecdd5823,0x7830c87c02e56aff27fa8ab1241711331fa86f43,0xa9d1e08c7793af67e9d92fe308d5697fb81d3e43,2026-08-11T16:05:21,large_erc20_asset_flow;token_activity_burst,0xca350aa6,true
25730409,0x7c270cfc9e07d8851b0d7699cc067fd25544f325df345b66fcc0e99f6a96ff75,0xe163430e606abd13f1796bd5e9e30724ae5ec857,0x67e10bf231865ce1cc04a363c5b0ad2bb9828b6a,2026-08-11T16:05:21,large_erc20_asset_flow;complex_trace;high_gas_used_context,0x2c4d0ac0,true
25730409,0xaea16e1278210d6edea15d37a8671572aedb7c37669a635cc972763db402a7fa,0x7b49bc3ebbdf7322f31c6449320382bbec3be1b6,0xad3b67bca8935cb510c8d18bd45f0b94f54a968f,2026-08-11T16:05:21,complex_trace;high_gas_used_context;token_activity_burst;approval_burst,0x146ee74d,false
25730409,0xed56e5c2eb8c7cd4fdbdc9611582dea9a115831d21a54218f15ce7f8632766b8,0xde992badd92adaf9146255e9bde6a70770973664,0x3d0f22bf11636cc9cb129e2b261eed35a487455c,2026-08-11T16:05:21,complex_trace;high_gas_used_context,0xa9059cbb,false
25730409,0x0bf227b509894ce212dc47f4008c2b265be1169528752e8537a39273f1744017,0xde2c08006380dc7623863debd06038911f437bb1,0x1231deb6f5749ef6ce6943a275a1d3e7486f4eae,2026-08-11T16:05:22,large_erc20_asset_flow;complex_trace,0x4666fc80,true
25730409,0x0c09af58e8c46a2114f02faa72514e2168d6b813962a0861607510f3be6c80e1,0x43370330be39d388f6219d8241dc1f76fb9df268,0x0000000071727de22e5e9d8baf0edac6f37da032,2026-08-11T16:05:22,privileged_execution_context;complex_trace,0x765e827f,false
25730409,0x10ac0feac32bef200933e6304cc664f5bb648bbd3662db3ce945cc7f4971dc4e,0x9791ff329dcce9ecd56a1ebb602a23b38362c47a,0x28b1dc1a5e3699a428bc51d234dfab7c9cb2a183,2026-08-11T16:05:22,large_erc20_asset_flow;complex_trace,0x0c307f76,true
25730409,0x3642fc88549df2dcd08e608ce8fde72194f6e46187cd8b059a12fb2878f4f50d,0x4337005db25dbad41da5692ba1188751ee5d98b6,0x0000000071727de22e5e9d8baf0edac6f37da032,2026-08-11T16:05:22,privileged_execution_context;complex_trace,0x765e827f,false
25730409,0x39b519ed5d2ca5a8fe358788f2436b92d4e8bb55d449948b887cc91575d9bc5f,0x3d4e12d540cf67a9c38da66a20943acac075725d,0x1eeda6359b726f7e5a662288ed7f1793ed6788b9,2026-08-11T16:05:22,repeated_internal_token_drain;dense_internal_fund_flow;complex_trace;high_gas_used_context;token_activity_burst;repeated_risky_internal_calls,0xa9059cbb,true
25730409,0x6a92979497ebb621b4356b1c6cddc2492628bf3a5324037f4cd00050d38f2499,0xdda3b51e29f9d6fad865c5dd7070d5f7eb57663e,0x8d8210a0252a706cb5de0c6f8e46b6d3692afc19,2026-08-11T16:05:22,complex_trace;high_gas_used_context,0xffc3a769,false
25730409,0x80c464468c347b4cab020f36a004098cd1b8fbac58234b5d11ebebafb987212b,0x3de4f8499935751ec4829e51fc5c64c7237f5c3a,0xe862bc39b8d5f12d8c4117d3e2d493dc20051ec6,2026-08-11T16:05:22,large_erc20_asset_flow;complex_trace,0x19f6626b,true
25730409,0x91308a17d70c3987323c55181758d6a5fb70a3dc0dce2ed8608644f47bf752d5,0x90fff1dad57875e08df86df05bcebb3fd3514dfb,0x888888888889758f76e7103c6cbf23abbf58f946,2026-08-11T16:05:22,large_erc20_asset_flow;complex_trace,0xd0f42385,true
25730409,0x5673f07f47b4ed3ef967363f50bb6aec8fadf4a7fe98edb1b7dd7cd5ce167f6a,0x59aab1bd0d26290274398c07b55955c15425e16b,0x00fe78205f5f0e63b8ad2b2ae5337f538a610e04,2026-08-11T16:05:23,complex_trace;high_gas_used_context;token_activity_burst,0x34fcd5be,false
25730409,0x7113e1a73502f3dded5bf47f83be638baa276882ffe438050ab486267120c705,0xa4f578c06a896350a7967fb227dbb7c034b00862,0x07964f135f276412b3182a3b2407b8dd45000000,2026-08-11T16:05:23,large_erc20_asset_flow;complex_trace;approval_burst,0x6b3ec416,true
25730409,0xd02de53f3acdd332594808afbc6ce529a7e276be349459d4f4f6a8ad64ca5562,0x59aab1bd0d26290274398c07b55955c15425e16b,0x00fe78205f5f0e63b8ad2b2ae5337f538a610e04,2026-08-11T16:05:23,complex_trace;high_gas_used_context;token_activity_burst,0x34fcd5be,false
25730410,0x8ca1db1ba6033c4f625b454aa115bc637b44edca82dde07ae330d399310a6b33,0x5f8769281662a4af0175f7efe521892c52850ac6,0x40a6700b99115cda7b12bd0e21db1be8ae524bf2,2026-08-11T16:05:30,repeated_internal_token_drain;dense_internal_fund_flow;complex_trace;high_gas_used_context;token_activity_burst;repeated_risky_internal_calls,0xa9059cbb,true
25730411,0x42bc40417cac5d228caad0290aec5976b96d21654884c3c296ce1f937f2512f3,0x94175b588f67be600a280ab8f260ab81a4109b7c,0x480a6a26dc39647ba9709fee818c1df1353e4199,2026-08-11T16:06:04,large_erc20_asset_flow;complex_trace,0x5e08a05e,true
25730411,0x46f47f901bd6efb9168ec8d2da6588815e6cad095c09d97cdbcc62373e461535,0xde992badd92adaf9146255e9bde6a70770973664,0x3d0f22bf11636cc9cb129e2b261eed35a487455c,2026-08-11T16:06:04,complex_trace;high_gas_used_context,0xa9059cbb,false
25730411,0x6fd08e5a40c8dae20ca5a20ce91a6f866957898aae73da44c7d6cea37227b71d,0xdda3b51e29f9d6fad865c5dd7070d5f7eb57663e,0x8d8210a0252a706cb5de0c6f8e46b6d3692afc19,2026-08-11T16:06:04,complex_trace;high_gas_used_context,0xffc3a769,false
25730411,0xd24144ee2e0efd042ff8f458b1eb1f34d2c3fcc9b0582a4ba311133e5c58f5ec,0x00d9fe085d99b33ab2aae8063180c63e23bf2e69,0x75884f3ada15c953529abaac6549d5204135ec36,2026-08-11T16:06:04,repeated_internal_token_drain;dense_internal_fund_flow;complex_trace;high_gas_used_context;token_activity_burst;repeated_risky_internal_calls,0xa9059cbb,true
25730411,0xf8a3bc5fb0872aa266e8629c2d85f639f9fe88d4af1371c7a18bdde299e386bd,0xe487832018fbd594c84f1db3dfac61cde98a5f36,0x91ff8bbd8ebb07893010d50a48a1609e5ebd8e34,2026-08-11T16:06:05,complex_trace;high_gas_used_context,0x069d1525,false
25730412,0x167f01c73f7ee98f31a9ff6f4556f0dbb91ddb392ba95a7989ea3f10e7fdb2e5,0x6018336d49d78d3e7178e3703a68466d1d6e1d8b,0xa8c1c98aaf99a5dfc907d61b892b2ad624901185,2026-08-11T16:06:28,large_erc20_asset_flow,0x90998dd3,true
25730412,0xfaca2f9e6ac8110b23a176dfd8da6156532ba548d682b297aa6845dc57751028,0xa154b98e53fc35e1bad1ff758acbc8c629bdcd2b,0x19917386eeae67b6ff7ddf07de4019fca40aa4ec,2026-08-11T16:06:28,repeated_internal_token_drain;dense_internal_fund_flow;complex_trace;high_gas_used_context;token_activity_burst;repeated_risky_internal_calls,0xa9059cbb,true
25730412,0x40cf23cb06c49d6835923fbc1301f09db5b9b34f2a83d961bf877a53d7e94443,0x7556699aa8e6a7c9c69bcfaf9debd05f8192b063,0x84cab37995229530d9e6e5cff2f8f4ebe4517d66,2026-08-11T16:06:29,complex_trace;high_gas_used_context,0xe587456a,false
25730412,0x7a227396dacb9947d90dad91276306f01f5c43ef5318e00304880631e2155d5d,0x50bf934781f63028c5c8ef49c4affe19a86d99b6,0x8d04cc7e86e687854eb41d9d43512b655b93184b,2026-08-11T16:06:29,complex_trace;selfdestruct_context,0x4a1bf18a,false
25730412,0x0459bdff2e6b9812e9f95b1edae043bdcfcf9ae825bebe0f79610da708e3f708,0x59aab1bd0d26290274398c07b55955c15425e16b,0x00fe78205f5f0e63b8ad2b2ae5337f538a610e04,2026-08-11T16:06:30,complex_trace;high_gas_used_context;token_activity_burst,0x34fcd5be,false
25730412,0x100e7441f52a65302192bceb3fe65aa21916ae3f1c807d1dec3f8cb947b12fbd,0x3d4e12d540cf67a9c38da66a20943acac075725d,0x1eeda6359b726f7e5a662288ed7f1793ed6788b9,2026-08-11T16:06:30,repeated_internal_token_drain;dense_internal_fund_flow;complex_trace;high_gas_used_context;token_activity_burst;repeated_risky_internal_calls,0xa9059cbb,true
25730412,0x7d7281f7478316719104b8a267f8c5898806357cf07b502bdbca367911e19a61,0x59aab1bd0d26290274398c07b55955c15425e16b,0x00fe78205f5f0e63b8ad2b2ae5337f538a610e04,2026-08-11T16:06:30,complex_trace;high_gas_used_context;token_activity_burst,0x34fcd5be,false
25730412,0x925cd6843b67533a4a8196fa25ede329e817cf111a92338d6258d1000bf066c7,0x59aab1bd0d26290274398c07b55955c15425e16b,0x00fe78205f5f0e63b8ad2b2ae5337f538a610e04,2026-08-11T16:06:30,complex_trace;high_gas_used_context;token_activity_burst,0x34fcd5be,false
25730413,0x675cf272b9fdf075695c7155ca44554bea3b2035a84f3adf307d95c859c33fb2,0xde992badd92adaf9146255e9bde6a70770973664,0x3d0f22bf11636cc9cb129e2b261eed35a487455c,2026-08-11T16:06:43,complex_trace;high_gas_used_context,0xa9059cbb,false
25730413,0x414c643e79bfc61278ccd65b6eab50c3a7b7215dfc1a608e10c02711b5d4ae98,0xb0d80109b910fffed91eba2f938e5183a126bc11,0x6a000f20005980200259b80c5102003040001068,2026-08-11T16:06:44,dense_internal_fund_flow;complex_trace,0x0d893d62,true
25730413,0x995c8f92ef7ebf9d0d102267cfa1d31aaeb47d6de211db12a5a3f6eda3eaaec9,0x5f8769281662a4af0175f7efe521892c52850ac6,0x40a6700b99115cda7b12bd0e21db1be8ae524bf2,2026-08-11T16:06:44,repeated_internal_token_drain;dense_internal_fund_flow;complex_trace;high_gas_used_context;token_activity_burst;repeated_risky_internal_calls,0xa9059cbb,true
25730414,0x1f9fb670edc26229bd3d56d69ba9f2cc9e1676136564fd1cbf2f3c6218d63663,0xde7a849216aa3884d53d84ecb02c19eb67e5dae2,0x7d9f4ca54131e588fc1fe577973b55fb11231e76,2026-08-11T16:07:05,high_gas_used_context;token_activity_burst,0x6aac3a0b,false
25730414,0x2a2116982fbaff2942188a19b3d30b92ed5daea0d80ccb1b268fea1df2797538,0xe99bd1c2dd70cd58e5efd47887991700e7318ce2,0xad3b67bca8935cb510c8d18bd45f0b94f54a968f,2026-08-11T16:07:05,dense_internal_fund_flow;complex_trace;high_gas_used_context;token_activity_burst;approval_burst,0x146ee74d,true
25730414,0x8e753360e6083d68b7621b0b46a7da3b7120abe8774a466ac6558db7285d8054,0x56c262027e0de4aea31d2489529cb25d23e58a8b,0xccc88a9d1b4ed6b0eaba998850414b24f1c315be,2026-08-11T16:07:05,dense_internal_fund_flow;complex_trace;high_gas_used_context;token_activity_burst,0x0a2b8f36,true
25730414,0x8f74e739266d21872714d4058bc243dc190993b3492557ff3504208104dcb580,0x3d9b5980233e5945106141e1d5eca39bcc1486e5,0x28b1dc1a5e3699a428bc51d234dfab7c9cb2a183,2026-08-11T16:07:05,complex_trace;high_gas_used_context,0xf2c42696,false
25730414,0x99abfce60c677996991d403dfb824f62c71550e6c1d394acca201845d544ee0d,0x7556699aa8e6a7c9c69bcfaf9debd05f8192b063,0x84cab37995229530d9e6e5cff2f8f4ebe4517d66,2026-08-11T16:07:05,complex_trace;high_gas_used_context,0xe587456a,false
25730414,0xec967e3a93c90b96d59f990e11c6a560474935904b023d839dbb729572066044,0x7830c87c02e56aff27fa8ab1241711331fa86f43,0xa9d1e08c7793af67e9d92fe308d5697fb81d3e43,2026-08-11T16:07:05,large_erc20_asset_flow,0xca350aa6,true
25730414,0x9292e30f8fd9c8e3da937ecf15d440b27b87bc350b271c3df467030cfe0444fa,0x0256c0763086cccadce825c22df8dcf217841ea4,0x88ff1e5b602916615391f55854588efcbb7663f0,2026-08-11T16:07:06,dense_internal_fund_flow;complex_trace,0xe11013dd,true
25730414,0xc586262b79066dd602c8f5af50d5e76ef5c9b954f1b6dc90fd322b9491b4494d,0xbad000006db10503589262b55d09bb7b3c5e1472,0xbbbbb048b1a85ca221058c45525095b6a68bbbbb,2026-08-11T16:07:06,repeated_internal_token_drain;dense_internal_fund_flow;very_complex_trace;high_gas_used_context;token_activity_burst;repeated_risky_internal_calls,0xa9059cbb,true
25730414,0xc8a1172bec2222a59f000069ea89423aa0d825642920c45424adb8661d78baea,0x00d9fe085d99b33ab2aae8063180c63e23bf2e69,0x75884f3ada15c953529abaac6549d5204135ec36,2026-08-11T16:07:06,repeated_internal_token_drain;dense_internal_fund_flow;complex_trace;high_gas_used_context;token_activity_burst;repeated_risky_internal_calls,0xa9059cbb,true
25730414,0xd1764b2c020c815575e2a3ace35f3f2547d91bd3cdb68e3952a7c0c83d3254d8,0x59aab1bd0d26290274398c07b55955c15425e16b,0x00fe78205f5f0e63b8ad2b2ae5337f538a610e04,2026-08-11T16:07:06,complex_trace;high_gas_used_context,0x34fcd5be,false
25730414,0xe9d9af35b3fa39e6a52d97d79916cf2d7a0bec7e05bd9b542068f689b2e002ec,0x59aab1bd0d26290274398c07b55955c15425e16b,0x00fe78205f5f0e63b8ad2b2ae5337f538a610e04,2026-08-11T16:07:06,complex_trace;high_gas_used_context;token_activity_burst,0x34fcd5be,false
25730415,0x5316359490b426042744e3a5fcf3baefcb3022cf2279734d4582db4f7488a8c8,0xde992badd92adaf9146255e9bde6a70770973664,0x3d0f22bf11636cc9cb129e2b261eed35a487455c,2026-08-11T16:07:09,complex_trace;high_gas_used_context,0xa9059cbb,false
25730416,0x349d989a125cf27d793aaac9d2e767265cb303bb10b34908e93cb10b24014312,0xcffed5abae3abd17591d74c61784c075e7edde35,0xa8c1c98aaf99a5dfc907d61b892b2ad624901185,2026-08-11T16:07:25,large_erc20_asset_flow,0x90998dd3,true
25730416,0xab0f0a1af9a8a2689d6248c854167560b14666cf7785f53714109d259d5953af,0xbad000006db10503589262b55d09bb7b3c5e1472,0xbbbbb048b1a85ca221058c45525095b6a68bbbbb,2026-08-11T16:07:27,repeated_internal_token_drain;dense_internal_fund_flow;very_complex_trace;high_gas_used_context;token_activity_burst;repeated_risky_internal_calls,0xa9059cbb,true
25730416,0xb9c23e808310f46e7eb032850dcc63c465a2863f2f70ad27ce92527c14ec2e18,0x1584a8ee67789d1fe161065388657ad2f2a3c7dd,0x77eb52e44db06777bce478159f25c0d55a295314,2026-08-11T16:07:27,repeated_internal_token_drain;dense_internal_fund_flow;complex_trace;token_activity_burst;repeated_risky_internal_calls,0xa9059cbb,true
25730417,0x183f8005a7a0e84d3bf1ca1f8ac3675b8411b503cbe9cfb2ebef8cc3ba5e7484,0x70e59f9c304e4d5096bd408b571e2dcd99c3120b,0xad3b67bca8935cb510c8d18bd45f0b94f54a968f,2026-08-11T16:07:34,dense_internal_fund_flow;complex_trace;high_gas_used_context;token_activity_burst;approval_burst,0x146ee74d,true
25730417,0x2eeba64b8a4c28d8ff3358afdf668d8acdfaad7c5365754aaadf04557ddd329b,0x175194145929f9950fcbfed7ecfde7b7f6a64be0,0xbd216513d74c8cf14cf4747e6aaa6420ff64ee9e,2026-08-11T16:07:34,dense_internal_fund_flow;complex_trace,0xb88d4fde,true
25730417,0x1d481dc90ca78fbdac51b47eb20138606eecc0bfbff2fb15571e548561119700,0x12eea0615e59be9f5e65e855447b24d53c6d95ed,0x888888888889758f76e7103c6cbf23abbf58f946,2026-08-11T16:07:35,complex_trace;high_gas_used_context;token_activity_burst,0x05eb5327,false
25730417,0x4906226f4a70712a157d5fc38aa114b2054f245b14a285c5c38a24f6c7983b53,0x59aab1bd0d26290274398c07b55955c15425e16b,0x00fe78205f5f0e63b8ad2b2ae5337f538a610e04,2026-08-11T16:07:35,complex_trace;high_gas_used_context,0x34fcd5be,false
25730417,0x82f08a85cfb5a1158a48f4e0357896f1fe04c36d4f3c7ca419f6be387643f408,0xabb2acd3be814a80e502575d6c1dc5f789e9cd10,0xccc88a9d1b4ed6b0eaba998850414b24f1c315be,2026-08-11T16:07:35,dense_internal_fund_flow;complex_trace,0x0a2b8f36,true
25730417,0x9ad9ab0fb1a2b14718a991078ccdbe6d7c4ddb4e1ab7b0439857161f106b861e,0x59aab1bd0d26290274398c07b55955c15425e16b,0x00fe78205f5f0e63b8ad2b2ae5337f538a610e04,2026-08-11T16:07:35,complex_trace;high_gas_used_context,0x34fcd5be,false
25730417,0xa1dcd3cd8af7081492743714ab7e64dd035e08d49c761ad21e3f20b42fd391c6,0xde992badd92adaf9146255e9bde6a70770973664,0x3d0f22bf11636cc9cb129e2b261eed35a487455c,2026-08-11T16:07:35,complex_trace;high_gas_used_context,0xa9059cbb,false
25730417,0xaa6854b6b240a4eb44f9aebc4ae1ed94dd30ee6330c856d58f1625812623135f,0x50bf934781f63028c5c8ef49c4affe19a86d99b6,0x8d04cc7e86e687854eb41d9d43512b655b93184b,2026-08-11T16:07:35,complex_trace;selfdestruct_context,0x4a1bf18a,false
25730418,0x136a6a6156e1b95f75bfc436b9336dccf4a8ad283b58a8995bdaad5333dd08c1,0x70e59f9c304e4d5096bd408b571e2dcd99c3120b,0xad3b67bca8935cb510c8d18bd45f0b94f54a968f,2026-08-11T16:07:49,complex_trace;approval_burst,0x146ee74d,false
25730418,0x6f75f558ddd95e4275bb1824ca0a3bb73a1baf90fb94cae243ca71b2224c8b92,0x99a5b028d785a7bd475339b1f8548d6d659ce5c2,0x2d83ff1cb1c79c68fe530d35f439a92a645faded,2026-08-11T16:07:49,dense_internal_fund_flow;complex_trace;token_activity_burst,0x07ed2379,true
25730418,0x3552ac8233458996209b0c76db21e768e73363978ce06697eebdca78b6a82914,0xd6434d157f254276d69ede3bd9fc805482206908,0x7ec8a30a34b86927dc77b302603d1d53e640bef7,2026-08-11T16:07:50,repeated_internal_token_drain;dense_internal_fund_flow;complex_trace;high_gas_used_context;token_activity_burst;repeated_risky_internal_calls,0xa9059cbb,true
25730418,0x6d3a1fe4f65860d86212605102e6b6ae583d380d3dac186b1b135a4bbfbdeef6,0x0e0052a184fd59c6b7e1e99d739802ecb3aec0e4,0xd82461784eb72d4b67cbab077989eb215315e272,2026-08-11T16:07:50,complex_trace;approval_burst,0xac9650d8,false
25730418,0xd434cfde8785c01065504d91e3b3a498a984d13efac286d358fd928d5cf50922,0x8f98a447e78adb8d1df0e48a4dc651b1960b57a8,0x33024d4791413438aa1de6a8b6cb7cceb25459b1,2026-08-11T16:07:50,large_mint_to_sender;complex_trace,0x6e553f65,true
25730418,0xde8ab5fbffa2bfaf099f344286a5bda535c3d6b5c2ed578adaba819473a3be38,0xa154b98e53fc35e1bad1ff758acbc8c629bdcd2b,0x19917386eeae67b6ff7ddf07de4019fca40aa4ec,2026-08-11T16:07:50,repeated_internal_token_drain;dense_internal_fund_flow;very_complex_trace;high_gas_used_context;token_activity_burst;repeated_risky_internal_calls,0xa9059cbb,true
25730418,0xf71ee3d8a6267dc2062517dd262b984603db5d4f3dc6333203f8df1da279f085,0x50bf934781f63028c5c8ef49c4affe19a86d99b6,0x8d04cc7e86e687854eb41d9d43512b655b93184b,2026-08-11T16:07:50,selfdestruct_context,0xd20b83bb,false
25730418,0x0cd99acc3bf4c3ae16d44118baef5397db4602d876d1b0c8af504b49f1a65436,0x04e3378748337fd0da1786b5793b52181cd63152,0x91ff8bbd8ebb07893010d50a48a1609e5ebd8e34,2026-08-11T16:07:52,complex_trace;high_gas_used_context,0x069d1525,false
25730418,0x38fb3fc65254dec36405e4c32b1ab26dd6767672ea992e1efa7c795023c0b698,0x327c062a42348561313da6e38da8b6d0da4e7279,0x91ff8bbd8ebb07893010d50a48a1609e5ebd8e34,2026-08-11T16:07:52,complex_trace;high_gas_used_context,0x069d1525,false
25730418,0xad8eeac2609ec3a257e4219bcd42617935e3b4e700574e65a559d7ed64fb9c79,0x59aab1bd0d26290274398c07b55955c15425e16b,0x00fe78205f5f0e63b8ad2b2ae5337f538a610e04,2026-08-11T16:07:53,complex_trace;high_gas_used_context,0x34fcd5be,false
25730419,0x10be2c356d0a7802fc664b148c88f7e771be51ce821d45073648f96e3b2e9553,0x1584a8ee67789d1fe161065388657ad2f2a3c7dd,0x77eb52e44db06777bce478159f25c0d55a295314,2026-08-11T16:07:58,repeated_internal_token_drain;dense_internal_fund_flow;complex_trace;high_gas_used_context;token_activity_burst;repeated_risky_internal_calls,0xa9059cbb,true
25730419,0x77ee32fb24aaf8b20c8c85797471b1127a6c36162bbed40dacb58c04e6c5eba5,0xf1f9c68057f7484f74314650e9ea991c21dae1f4,0x97caca78ac2a94c67643d07843f85afaa44a3ea5,2026-08-11T16:07:58,dense_internal_fund_flow;complex_trace,0xc02409ba,true
25730419,0x860f8e59006d5a1bb6ad82f9ab07c38ccd926561633288354d7f1f2e1bfb871e,0x99a5b028d785a7bd475339b1f8548d6d659ce5c2,0x2d83ff1cb1c79c68fe530d35f439a92a645faded,2026-08-11T16:07:58,dense_internal_fund_flow;complex_trace;high_gas_used_context;token_activity_burst,0x07ed2379,true
25730419,0x697fc2bb94cf8208d912c408e9aba9219eb9a7fef05e46fb7205a420638654d2,0x8b047665d9b75cfa54274540c4ee70c9110a4dbf,0x89c6340b1a1f4b25d36cd8b063d49045caf3f818,2026-08-11T16:07:59,complex_trace;high_gas_used_context;token_activity_burst,0x0193b9fc,true
25730419,0x7b0a03c46ca9ce0bf4303246f451a6acf0086970440167eda121d6b4ac1f53ef,0x340fd3b164ce979b103684ee74dc66ca6d5782ba,0xa53638218aa1f6336feea1a7f65facf2866b90a8,2026-08-11T16:07:59,selfdestruct_context,0xf3fef3a3,true
25730419,0x48732a0b25cd0a01f0ff3f1bc4be53e06417fdb110a7babfa3a87240fcaba3ac,0x59aab1bd0d26290274398c07b55955c15425e16b,0x00fe78205f5f0e63b8ad2b2ae5337f538a610e04,2026-08-11T16:08:01,complex_trace;high_gas_used_context,0x34fcd5be,false
25730420,0x55a7e007052baf24f9c28814bebfca9dde5654f925d78dd385627f83b7332a23,0x5b43453fce04b92e190f391a83136bfbecedefd1,0xbdb3ba9ffe392549e1f8658dd2630c141fdf47b6,2026-08-11T16:08:06,complex_trace;high_gas_used_context;token_activity_burst,0x000000c3,false
25730420,0x6483c974b07cc0987be3543308b3680435be3e80436d0ddcbdb7df87770bfaaf,0x70e59f9c304e4d5096bd408b571e2dcd99c3120b,0xad3b67bca8935cb510c8d18bd45f0b94f54a968f,2026-08-11T16:08:06,dense_internal_fund_flow;complex_trace;high_gas_used_context;token_activity_burst;approval_burst,0x146ee74d,true
25730421,0x22a969d9b7169228b18d5891238504da6436bbceaa662c00f5579226abb38e29,0xbad000006db10503589262b55d09bb7b3c5e1472,0xbbbbb048b1a85ca221058c45525095b6a68bbbbb,2026-08-11T16:08:13,repeated_internal_token_drain;dense_internal_fund_flow;very_complex_trace;high_gas_used_context;token_activity_burst;repeated_risky_internal_calls,0xa9059cbb,true
25730421,0x6002dce3010e3aabadde41d8009939a06df08afa866f21cb952b985228a0ba66,0xb15c421f60739f488c55729e2c6a6f057e1cc723,0xfe589fee5477f0b24ea72286358d43400b7b1f46,2026-08-11T16:08:14,privileged_execution_context;high_gas_used_context,0x8c1fb931,false
25730421,0xabe8508e4a6928092905fae3125010ee606c7ed842cdeea19324e380854c2f16,0x59aab1bd0d26290274398c07b55955c15425e16b,0x00fe78205f5f0e63b8ad2b2ae5337f538a610e04,2026-08-11T16:08:14,complex_trace;high_gas_used_context,0x34fcd5be,false
25730421,0xe0f70c3c8d516e449c685457e0fe4680919573429dd50be2e682d15b0ce2d0ac,0x59aab1bd0d26290274398c07b55955c15425e16b,0x00fe78205f5f0e63b8ad2b2ae5337f538a610e04,2026-08-11T16:08:14,complex_trace;high_gas_used_context,0x34fcd5be,false
25730422,0xab4866c3da765facb9908044f518aa75d61fabd4fd41a4f00c8fe3ae3f059ee7,0x70e59f9c304e4d5096bd408b571e2dcd99c3120b,0xad3b67bca8935cb510c8d18bd45f0b94f54a968f,2026-08-11T16:08:22,complex_trace;high_gas_used_context;token_activity_burst;approval_burst,0x146ee74d,false
25730422,0xceb75300c99e701c7c586763b9d29a3653332015dd0dba2421895e64c02b5821,0x7556699aa8e6a7c9c69bcfaf9debd05f8192b063,0x84cab37995229530d9e6e5cff2f8f4ebe4517d66,2026-08-11T16:08:22,dense_internal_fund_flow;complex_trace;high_gas_used_context,0xe587456a,true
25730422,0x30b129c80311b898ae0a5565b553ad9b9d264fa50c4045784b6109e497903461,0xd6434d157f254276d69ede3bd9fc805482206908,0x7ec8a30a34b86927dc77b302603d1d53e640bef7,2026-08-11T16:08:24,repeated_internal_token_drain;dense_internal_fund_flow;complex_trace;high_gas_used_context;token_activity_burst;repeated_risky_internal_calls,0xa9059cbb,true
25730422,0x7e32d2795c8cd448c1e6d5f0a1f6f4c9894e85cb52734af55ae912f83d55237e,0x3de4f8499935751ec4829e51fc5c64c7237f5c3a,0x6a000f20005980200259b80c5102003040001068,2026-08-11T16:08:24,large_erc20_asset_flow,0x1a01c532,true
25730422,0xa42a5de3ee3c9bd0f4d97290da60a270512f602a648ac680424b3b4b376f6990,0x5f8769281662a4af0175f7efe521892c52850ac6,0x40a6700b99115cda7b12bd0e21db1be8ae524bf2,2026-08-11T16:08:24,repeated_internal_token_drain;dense_internal_fund_flow;complex_trace;high_gas_used_context;token_activity_burst;repeated_risky_internal_calls,0xa9059cbb,true
25730422,0xe469a29432fcda75a4d07ff2b436277370fe766cd33328633146954af5f88705,0xb3afb6db38a8e72905165c1fbb96772e63560790,0x9e0a538749a486bbf127f8848a6f2cf4e1e92dbd,2026-08-11T16:08:25,privileged_execution_context;complex_trace,0xd05c2c94,false
25730422,0x9c4b2cdd681795985309f64d5a21029dc07f941fae7e23007edff00ec2cfc620,0x09cfee647fa339133380191c8db6b44f24500c9d,0x77b85afbcd336993ac1c65057531c5a5b33b76b8,2026-08-11T16:08:26,high_gas_used_context;token_activity_burst,0xa9059cbb,false
25730422,0xcba5d68d3ad56b315abe716766c1f25bc184b987d8345d05bd54d655510a6a08,0xa55d09ac215d813b1fee5ed7ee68d0d8edc35aca,0xbf7fe109f674ab1341d69e67a262e50ce87eb7c1,2026-08-11T16:08:26,high_gas_used_context;token_activity_burst,0x9f58dd7a,false
25730422,0xcd78ea2ce8c4b60e8fd9792f95b3c27007b21f2353bd0e859c0f8f56c6548374,0xffeccc607ccc708f4ed224e00c9f3bd33acc8d38,0xbf7fe109f674ab1341d69e67a262e50ce87eb7c1,2026-08-11T16:08:26,high_gas_used_context;token_activity_burst,0x9f58dd7a,false
25730422,0xe9ff73e9324c9aa58b76a39c772a956529a1e3101b7eaf94cf551d7bcd514127,0x59aab1bd0d26290274398c07b55955c15425e16b,0x00fe78205f5f0e63b8ad2b2ae5337f538a610e04,2026-08-11T16:08:26,complex_trace;high_gas_used_context;token_activity_burst,0x34fcd5be,false
25730422,0xea988f6d0079cfec83dd2a924788f09358633cf02dead336b258717b898d95c1,0xb4de53ddbf53f719ca7f3ffd9024d7de1c8fea98,0xbf7fe109f674ab1341d69e67a262e50ce87eb7c1,2026-08-11T16:08:26,high_gas_used_context;token_activity_burst,0x9f58dd7a,false
25730422,0x5d551446fce5c84806cad9fb49f41d4cf0deda80217ad626b07841f5d162c063,0xf719d44b5a7bac51101daf18a0990b46c9263dc9,0xbf7fe109f674ab1341d69e67a262e50ce87eb7c1,2026-08-11T16:08:27,high_gas_used_context;token_activity_burst,0x9f58dd7a,false
25730423,0x20b5a9efbad8420a43317b62e86c2f9e2c01affc8b645ad55466accae56436b4,0x3ee92cd00993a4488ae153ab41ac7947cbcbc1de,0x9205a569b0ff45df1e4f5ae48e21bc7f0656f0bb,2026-08-11T16:08:32,large_erc20_asset_flow;complex_trace,0x8b578ac6,true
25730423,0x6e2735060517405ae46e6d26e3b6c8ec8ddac0213f8c008af9704ed2a99dd29d,0x3ee92cd00993a4488ae153ab41ac7947cbcbc1de,0x9205a569b0ff45df1e4f5ae48e21bc7f0656f0bb,2026-08-11T16:08:32,large_erc20_asset_flow;complex_trace,0x8b578ac6,true
25730423,0xb213ede6f623e16bb10541776a52f14477333f08107ad234724ed2c9d15de07f,0x8bea1d30d9fc5c2ed90f0dcca63032340d216a40,0x33024d4791413438aa1de6a8b6cb7cceb25459b1,2026-08-11T16:08:32,large_mint_to_sender;complex_trace,0x6e553f65,true
25730423,0x2b3e776574377b41d7b645ff2b38ceb536f3d4a2c04b0f158697c3c84d90b238,0xd6434d157f254276d69ede3bd9fc805482206908,0x7ec8a30a34b86927dc77b302603d1d53e640bef7,2026-08-11T16:08:33,repeated_internal_token_drain;dense_internal_fund_flow;very_complex_trace;high_gas_used_context;token_activity_burst;repeated_risky_internal_calls,0xa9059cbb,true
25730423,0x4e55ce21c5163061c459d90ecef564384c61746437e556f73032d3e73c74813b,0xbad000006db10503589262b55d09bb7b3c5e1472,0xbbbbb048b1a85ca221058c45525095b6a68bbbbb,2026-08-11T16:08:33,repeated_internal_token_drain;dense_internal_fund_flow;very_complex_trace;high_gas_used_context;token_activity_burst;repeated_risky_internal_calls,0xa9059cbb,true
25730423,0x92c8b56e09842d47f55780fda739be0d3435aa258bf9d00a027f2ada9b4f6c9f,0x00d9fe085d99b33ab2aae8063180c63e23bf2e69,0x75884f3ada15c953529abaac6549d5204135ec36,2026-08-11T16:08:33,repeated_internal_token_drain;dense_internal_fund_flow;complex_trace;high_gas_used_context;token_activity_burst;repeated_risky_internal_calls,0xa9059cbb,true
25730423,0xb81dbb0f0f2a5b809a4e29597c23a6a01bf329ef34b03b8aace452436925f0f3,0x89c91540fc62f47faff38fc3ce140b9bc9813d39,0x0772c76c3e4b081e85747f248ed76cc3813d46c4,2026-08-11T16:08:33,large_erc20_asset_flow,0x0035e012,true
25730423,0xbfbb3d2b1f101b2ab008c4e2e6a6e436f8fc45637d545adafc8f8deecc7a3271,0x3d4e12d540cf67a9c38da66a20943acac075725d,0x1eeda6359b726f7e5a662288ed7f1793ed6788b9,2026-08-11T16:08:33,repeated_internal_token_drain;dense_internal_fund_flow;complex_trace;high_gas_used_context;token_activity_burst;repeated_risky_internal_calls,0xa9059cbb,true
25730423,0xc50e9c65819c28826f94e45d880d860bd60d62f22563318a887378ba55b7f952,0x5343b904bf837befb2f5a256b0cd5fbf30503d38,0x367c1eaf14aa06b78ce76bd0243297de79d85270,2026-08-11T16:08:33,large_erc20_asset_flow;very_complex_trace;high_gas_used_context,0xb8cdbd27,true
25730424,0x349f5d5b96d8734eacbfc8eaa9857392be13b371a8df7f6eba09ebe83abe5076,0xaaaaa11120784c31adb462bbc15e750b9d46b325,0x00000000008d5f1200332af8a6813cb8377b5bfd,2026-08-11T16:08:49,large_erc20_asset_flow;complex_trace;high_gas_used_context;token_activity_burst,0xca8bd1f9,true
25730424,0x7ace1ad8d8114d1c06fbe629e003f38b02e02c3dc60b45fa28c46fe555b559c1,0xdda3b51e29f9d6fad865c5dd7070d5f7eb57663e,0x8d8210a0252a706cb5de0c6f8e46b6d3692afc19,2026-08-11T16:08:49,complex_trace;high_gas_used_context,0xffc3a769,false
25730424,0xed1c839e608f6e490a133086ec71dce866cdd10e658db88220e9f91d7cf13a9d,0x7556699aa8e6a7c9c69bcfaf9debd05f8192b063,0x84cab37995229530d9e6e5cff2f8f4ebe4517d66,2026-08-11T16:08:49,complex_trace;high_gas_used_context,0xe587456a,false
25730424,0x57fd93e26699fe281b8386e5ed2d040d45953e6851f744b91de6883db813b864,0x7830c87c02e56aff27fa8ab1241711331fa86f43,0xa9d1e08c7793af67e9d92fe308d5697fb81d3e43,2026-08-11T16:08:52,large_erc20_asset_flow;token_activity_burst,0xca350aa6,true
25730424,0x76ac10cda7a3ef052c36fb704a2c1ec858cf072a2e45db1d4ee1fda5f38ec8bb,0xde7a849216aa3884d53d84ecb02c19eb67e5dae2,0x7d9f4ca54131e588fc1fe577973b55fb11231e76,2026-08-11T16:08:53,high_gas_used_context;token_activity_burst,0x6aac3a0b,false
25730425,0x434d327299bcf2c6804f2589b09a5417b1c57d676083be1a6cfde6bf6001dae4,0xbee898bca98a5b6de7323eeca168a775c566b008,0xbee3211ab312a8d065c4fef0247448e17a8da000,2026-08-11T16:09:09,dense_internal_fund_flow;complex_trace,0x4cf3fe9c,true
25730425,0x847f345cd26f72eb67fefaa971366b7a2d61d595aa85bef52db8094fe3e58e1d,0xbeeecce7f1b0f2040f40d746f2412ef46d3af508,0xbeef02961503351625926ea9a11ae13b29f5c555,2026-08-11T16:09:09,dense_internal_fund_flow;complex_trace;high_gas_used_context;token_activity_burst,0x64f5e9e7,true
25730425,0x87cca2fc8be1b35d3604994dfeb3b98f40c8b9b1921faa6e198aeb0647273d4c,0xa154b98e53fc35e1bad1ff758acbc8c629bdcd2b,0x19917386eeae67b6ff7ddf07de4019fca40aa4ec,2026-08-11T16:09:09,repeated_internal_token_drain;dense_internal_fund_flow;very_complex_trace;high_gas_used_context;token_activity_burst;repeated_risky_internal_calls,0xa9059cbb,true
25730425,0xc00db72166a9f7b5ddb92eac1c12a5f662dd1049fccd03794881e9baa89137cc,0xbeefd70df3680d22aef1b2586ed1691843c92503,0xbeef02961503351625926ea9a11ae13b29f5c555,2026-08-11T16:09:09,complex_trace;high_gas_used_context;token_activity_burst,0x64f5e9e7,false
25730425,0xe9b38e20e92a95684ec3574ace071af8e10a3c1f0bbc977849aac41dc1dc41ef,0xd6434d157f254276d69ede3bd9fc805482206908,0x7ec8a30a34b86927dc77b302603d1d53e640bef7,2026-08-11T16:09:09,repeated_internal_token_drain;dense_internal_fund_flow;complex_trace;high_gas_used_context;token_activity_burst;repeated_risky_internal_calls,0xa9059cbb,true
25730425,0x7720f84b34c4ae5a2aade21e39b9073f78d6b2117b82a53c29999c20ab04bf74,0x43370368dccceb147c89d1d78f14589225220290,0x0000000071727de22e5e9d8baf0edac6f37da032,2026-08-11T16:09:10,privileged_execution_context;complex_trace,0x765e827f,false
25730426,0x5489bee8230ee4045ee872f9d158dad7c71c8bab5da9693a94172af9b6e5db8a,0x3ee92cd00993a4488ae153ab41ac7947cbcbc1de,0x9205a569b0ff45df1e4f5ae48e21bc7f0656f0bb,2026-08-11T16:09:25,large_erc20_asset_flow;complex_trace,0x8b578ac6,true
25730426,0x5668876bcaf93425e0d595afff21b889a478becb21840498aec122d29ed686b9,0x57ef6a1cd9345780d22a3287bbda24f1e503e9fe,0x6131b5fae19ea4f9d964eac0408e4408b66337b5,2026-08-11T16:09:25,complex_trace;high_gas_used_context,0xe21fd0e9,true
25730426,0x5942d6e3f677f2cb5a3ec74429832324fe8dd99268447051602b54b8d155ab6f,0x3ee92cd00993a4488ae153ab41ac7947cbcbc1de,0x9205a569b0ff45df1e4f5ae48e21bc7f0656f0bb,2026-08-11T16:09:25,large_erc20_asset_flow;complex_trace,0x8b578ac6,true
25730426,0xd62ed96bc969c4a1d36c09c27e8c6a81e830a1019accc0173b41cddeead2cbe9,0x433702948d7be4201a2bcee6c349ad807c547a5d,0x0000000071727de22e5e9d8baf0edac6f37da032,2026-08-11T16:09:25,large_erc20_asset_flow,0x765e827f,true
25730426,0x6513cd80c5cbea253d031349d8630188b7b6c96256d3b8401b58092610f35633,0x80d04079ffc53eb14edbeeb37279d126f45552df,0x9b347b8de6c49891897f885ba46e1f50575c4282,2026-08-11T16:09:27,repeated_internal_token_drain;dense_internal_fund_flow;complex_trace;high_gas_used_context;token_activity_burst;repeated_risky_internal_calls,0x8aaa8f3b,true
25730426,0xc8996a37af70a69be5bc726350ececf39c24540c1922d63d9b579cd6d34783fc,0xe2e71ae24707a38e1f9086899f229a6a294eed3c,0xfa86aa141e45da5183b42792d99dede3d26ec515,2026-08-11T16:09:27,complex_trace;high_gas_used_context;token_activity_burst;approval_burst,0x04117561,true
25730427,0x1e522db7522ba4b2c0d5da59fe05b76204addc2f723dddb44c98f651ee2f0719,0x8bf44b00436d41fef72474bb0fa0778f7bf956ac,0x1103fc560de8b710983e7f3ec09d587f3f848566,2026-08-11T16:09:36,dense_internal_fund_flow,0x01affe26,true
25730427,0x57a1894fb06eefb92e6e369169701aca87aed83e27174bd98309b7546a106e23,0x2ca9cc38e5fa6e68c3200049e1c7d17ea1f31302,0x3d90f66b534dd8482b181e24655a9e8265316be9,2026-08-11T16:09:36,dense_internal_fund_flow;complex_trace,0x47ee97ff,true
25730427,0x75b304a099de54acc1e9f7f8c5859c27dcd4483c01f158ed85df119fc4a5696f,0xc216bfa5da000965e820845c32e6fd88db275743,0xc36442b4a4522e871399cd717abdd847ab11fe88,2026-08-11T16:09:36,large_erc20_asset_flow,0xac9650d8,true
25730427,0xcccca5091f5a850fc7675dceadb2b57b51fdd68a8e4d1d37a5f3a4fba2f7e817,0x5b43453fce04b92e190f391a83136bfbecedefd1,0xbdb3ba9ffe392549e1f8658dd2630c141fdf47b6,2026-08-11T16:09:36,complex_trace;token_activity_burst,0x000000c3,false
25730427,0xf81c9c51870e0e43304204cfc26616be7ca9258aefea43eb23461803bf14fec6,0x2e5ef37ade8afb712b8be858fec7389fe32857e2,0x0000000000bbf5c5fd284e657f01bd000933c96d,2026-08-11T16:09:36,large_erc20_asset_flow;complex_trace,0x49af9204,true
25730428,0xcf1f4871c030e4bfee285bdea14052a3d5c3e2837e57033f953bd2468e5724f5,0xd3ff34fbe635e294eb29810a9edbef0bbae52a63,0xa5d87aab3b1818ba74875db0e69ae91588de004f,2026-08-11T16:09:45,complex_trace;high_gas_used_context,0x61461954,false
25730428,0x00383a5a735a8419475e982234760be67c583feb058d59e9705d171ba3d922c2,0xc371ba0fef01d7bd82c79ed1890d834277c3912e,0x49048044d57e1c92a77f79988d21fa8faf74e97e,2026-08-11T16:09:48,large_erc20_asset_flow;complex_trace,0x43ca1c50,true
25730429,0x1db5fa58c18b91cd9e83ff72ed8077fafc12ea3b7a7efc2c76fa96424c0855a2,0xc92f36ecdf2c2a9f83f5f806634e4144fc4728d4,0xd90e2f925da726b50c4ed8d0fb90ad053324f31b,2026-08-11T16:09:53,dense_internal_fund_flow,0x13d98d13,true
25730429,0x4b6e46ebb174e72a6559df13db0a7a72e5b9ede3ae34a5b9381cc64653ce5f05,0x5b43453fce04b92e190f391a83136bfbecedefd1,0xbdb3ba9ffe392549e1f8658dd2630c141fdf47b6,2026-08-11T16:09:53,dense_internal_fund_flow;complex_trace;high_gas_used_context;token_activity_burst,0x000000c3,true
25730429,0x00ab5141cbbfd7f2f6f22bac9467478a168cdd201aad723c407e5132c5c85252,0xe20446cccbfd5f9038e747f1dea8016ecbd94ae5,0x442be06bb5d13711a22ccd3fa382b72a874c5135,2026-08-11T16:09:54,privileged_execution_context;complex_trace,0xf7b5c341,false
25730430,0x2baf589b99e10a58dc19abbb12d2ccd0ef1d1cce4b0746a7b818d0efe6369cde,0x5b43453fce04b92e190f391a83136bfbecedefd1,0xbdb3ba9ffe392549e1f8658dd2630c141fdf47b6,2026-08-11T16:10:00,dense_internal_fund_flow;complex_trace;high_gas_used_context;token_activity_burst,0x000000c3,true
25730430,0x1d2271d9994664139f60583cb9992d55d7d1db838e152a7ed6e8f843373c0dab,0x7b49bc3ebbdf7322f31c6449320382bbec3be1b6,0xad3b67bca8935cb510c8d18bd45f0b94f54a968f,2026-08-11T16:10:01,complex_trace;high_gas_used_context;token_activity_burst;approval_burst,0x146ee74d,false
25730430,0x4cbe3c977b1d3db1b54c83afa603922b4ff149a1bd292c310c008764266cb18f,0xbad000006db10503589262b55d09bb7b3c5e1472,0xbbbbb048b1a85ca221058c45525095b6a68bbbbb,2026-08-11T16:10:08,repeated_internal_token_drain;dense_internal_fund_flow;complex_trace;high_gas_used_context;token_activity_burst;repeated_risky_internal_calls,0xa9059cbb,true
25730430,0x6b28f76436b5636cb6ef198790cc7b31622cf4fc85187508448e04e4b8c9c3f7,0x59aab1bd0d26290274398c07b55955c15425e16b,0x00fe78205f5f0e63b8ad2b2ae5337f538a610e04,2026-08-11T16:10:08,complex_trace;high_gas_used_context;token_activity_burst,0x34fcd5be,false
25730430,0xf0bcc33e2670f776649e9d8679ee7c515f9955664a1dfce1fdee6d4fe1a5bd7f,0x59aab1bd0d26290274398c07b55955c15425e16b,0x00fe78205f5f0e63b8ad2b2ae5337f538a610e04,2026-08-11T16:10:08,complex_trace;high_gas_used_context;token_activity_burst,0x34fcd5be,false
25730431,0xae2e875a42b470974333b29c13271f36840cc8cb58137622d3e95574416594b6,0x5b43453fce04b92e190f391a83136bfbecedefd1,0xbdb3ba9ffe392549e1f8658dd2630c141fdf47b6,2026-08-11T16:10:13,dense_internal_fund_flow;complex_trace;high_gas_used_context;token_activity_burst,0x000000c3,true
25730431,0xde24a15c35fef087e28987cb72e9f1e4554f1553a8a6e977c9fdfa27db427a02,0x31cedba71ef9667845b8ff1cf4096a389c758e1d,0xee030ec6f4307411607e55acd08e628ae6655b86,2026-08-11T16:10:13,dense_internal_fund_flow;complex_trace;high_gas_used_context;token_activity_burst,0x6e1537da,true
25730431,0xe2258fa0a721bba6fccccc723ff0040eb4d88fb4a7c11c2acfcb4fef4611bf40,0x25e230d3a350feee5829f4c5aff8ec9eb05fda06,0xbf7a7b6300efef494cfe81f6c06818673f7e09d0,2026-08-11T16:10:13,dense_internal_fund_flow;large_erc20_asset_flow;complex_trace,0xb5cca618,true
25730431,0x936b88419c45e97963b78fbdf14bcdf6aa2d4b52ea634e8b5e5070c6f4f0f573,0xd8ee0915dabbb956498e30690d86a1274445b88e,0x0889e9327b98d7d1be3c301a4585ff3330502c9a,2026-08-11T16:10:16,complex_trace;high_gas_used_context;token_activity_burst,0x1fff991f,true
25730432,0x3ecc97773f1afb0829b518027caf0fa33af0a73a34d56ecde0da07243d01b428,0x8e89564670087fb951c79c03c0d68055693c7aa8,0x4b47d7291664beb43e03588e2698e10ba2cd21b3,2026-08-11T16:10:22,large_erc20_asset_flow;complex_trace,0x9eb723c7,true
25730432,0x207c71a714f4ff971d7b3ee1505570c3be8d36d4074c9dc1543f36d63aaaca40,0x07fa470938b12b87e25fd47f0af5566025540a9d,0x3554faf0bc3e0809ed94e4303029fbc1cf6b0aa1,2026-08-11T16:10:23,large_erc20_asset_flow;high_gas_used_context,0x97f0dd6c,true
25730432,0x5b5f996c23018ef52f1ebe61923291221d9c73a0b158c7935377fdb810b8407a,0xa154b98e53fc35e1bad1ff758acbc8c629bdcd2b,0x19917386eeae67b6ff7ddf07de4019fca40aa4ec,2026-08-11T16:10:23,repeated_internal_token_drain;dense_internal_fund_flow;very_complex_trace;high_gas_used_context;token_activity_burst;repeated_risky_internal_calls,0xa9059cbb,true
25730433,0x7f46364ac727af75e15e3dbe9e471c37e8ece31c1a8fe5982f4a258dcbbe8f42,0xc6acbee42e9e323140c1ed060c2f6ea9cc3b4b75,0x7c5a71c9fefbc7691f9d4ac7baf70c743792f716,2026-08-11T16:10:31,selfdestruct_context,0xf3fef3a3,false
25730433,0xb3f796238975887c2be0d147aeff91e7a31b4aac73615319ac623161f2142f54,0xded196465e2f360ef2ba9a4763c9a8a3431031aa,0x881d40237659c251811cec9c364ef91dc08d300c,2026-08-11T16:10:31,dense_internal_fund_flow;complex_trace,0x5f575529,true
25730433,0x53c11953684594ffa7fe0d15f61978f3b371ba9cd4a8998e85cb54c22b4c5758,0x7b49bc3ebbdf7322f31c6449320382bbec3be1b6,0xad3b67bca8935cb510c8d18bd45f0b94f54a968f,2026-08-11T16:10:32,complex_trace;high_gas_used_context;token_activity_burst;approval_burst,0x146ee74d,false
25730433,0xadea7b1951956b1334869fbe562601eac31e826a9eca800c317534ccf27b89f9,0x6f2a4a207e2c18e6240ba4d4f7a00d6f52316a16,0x1231deb6f5749ef6ce6943a275a1d3e7486f4eae,2026-08-11T16:10:32,dense_internal_fund_flow;complex_trace,0x1794958f,true
25730433,0x32cc1bef5945fd7e28bc649b62af18687e1e50bb1eab472e59e56b122c7daa2e,0x823de6b63f9cb010cbb58951c90eea30bf02bd36,0x0889e9327b98d7d1be3c301a4585ff3330502c9a,2026-08-11T16:10:34,dense_internal_fund_flow,0x1fff991f,true
25730434,0x2f11464fa6d45458d9a4c817ad2989342c76c11ebfda34cf506e605864c2902e,0x153c50ffeac17a718d3b1bbdf96d5ab767485d8e,0xd90e2f925da726b50c4ed8d0fb90ad053324f31b,2026-08-11T16:10:41,dense_internal_fund_flow,0x13d98d13,true
25730434,0x66bd35ac24ac565afab16be085d5516f84a1de469c964f1d75b19bf1a8aae71b,0x5b43453fce04b92e190f391a83136bfbecedefd1,0xbdb3ba9ffe392549e1f8658dd2630c141fdf47b6,2026-08-11T16:10:41,dense_internal_fund_flow;complex_trace;high_gas_used_context;token_activity_burst,0x000000c3,true
25730434,0x7f4d710850ea5418a1d297de3d826b890c4edcd80f47eab743bda892cf55b4f3,0x56162f9b456aaa614617352847dd52f695a02183,0x2d696a67d7c0fc37c9957e316fd779ab371a879e,2026-08-11T16:10:41,large_erc20_asset_flow;complex_trace,0x601881f3,true
25730434,0xad3314f57412c7247a245480fd871f2956b6729853e7f267689e2f2258c5a7c5,0x1e9e18152552609175826f3ee6f8bfd639532e37,,2026-08-11T16:10:42,privileged_execution_context;high_gas_used_context;contract_creation_context,0x60e06040,false
25730434,0xb08997067447bc25250f1f6dfdcb679d19cb488fcbfc7b0564f9aaaed8cbeb69,0x7830c87c02e56aff27fa8ab1241711331fa86f43,0xa9d1e08c7793af67e9d92fe308d5697fb81d3e43,2026-08-11T16:10:42,large_erc20_asset_flow,0xca350aa6,true
25730434,0xd67a48063a6ac3212bc10331e98c7c58b41b08f377cb4ff19940531a5fa6a7eb,0xf82ac5937a20dc862f9bc0668779031e06000f17,0xf573e9e3de1f86b085417ab294f56e7920b4e9be,2026-08-11T16:10:42,dense_internal_fund_flow;complex_trace;high_gas_used_context,0x78a94ff0,true
25730434,0x523fc1bd00150fa338df04fb4140df45ab72a5a16af288a050ff8f3c144e5d14,0xde7a849216aa3884d53d84ecb02c19eb67e5dae2,0x7d9f4ca54131e588fc1fe577973b55fb11231e76,2026-08-11T16:10:43,high_gas_used_context;token_activity_burst,0x6aac3a0b,false
25730434,0xe16827c66a66ea4c33626b707915294ba28ea9b651e5a7436871b1fb18a4b581,0xa154b98e53fc35e1bad1ff758acbc8c629bdcd2b,0x19917386eeae67b6ff7ddf07de4019fca40aa4ec,2026-08-11T16:10:43,complex_trace;token_activity_burst,0xa9059cbb,false
25730435,0x54fff11de81dd868c6a05b7eb48c2197eb8de3c618d228780339fc1bb2fe8da0,0x6ed7821d29b5bb2c897c29d5054b77647958f6e4,0x10f4c55aa15bf3ddcb3b8ac621a8db2649799da3,2026-08-11T16:10:50,large_erc20_asset_flow;complex_trace,0x0389032e,true
25730435,0xec0078850059b7c73b1337fbfbf0d8e39fcbd493e6d5d5f7a1bf216af82fcfc7,0x09cfee647fa339133380191c8db6b44f24500c9d,0x77b85afbcd336993ac1c65057531c5a5b33b76b8,2026-08-11T16:10:50,repeated_internal_token_drain;dense_internal_fund_flow;complex_trace;high_gas_used_context;token_activity_burst;repeated_risky_internal_calls,0xa9059cbb,true
25730435,0x327ac47be5fe0aa051158d3e9944ab4efdd436338ef98ed63f319e08b517bbf5,0x00d9fe085d99b33ab2aae8063180c63e23bf2e69,0x75884f3ada15c953529abaac6549d5204135ec36,2026-08-11T16:10:51,repeated_internal_token_drain;dense_internal_fund_flow;complex_trace;high_gas_used_context;token_activity_burst;repeated_risky_internal_calls,0xa9059cbb,true
25730435,0x4c7b68e763558a291c11f11f04cae7d76a884cfd33bb65134bc54f46cf4d180e,0xf728260bbbdee07822cf2c24ee38b69da11aaa38,0x337685fdab40d39bd02028545a4ffa7d287cc3e2,2026-08-11T16:10:51,dense_internal_fund_flow;large_erc20_asset_flow;complex_trace,0xfa74fd43,true
25730435,0x7a6a208a99325a7c02e674e710f49b76150e69e972f653b287cb2846fa210f8e,0x7b49bc3ebbdf7322f31c6449320382bbec3be1b6,0xad3b67bca8935cb510c8d18bd45f0b94f54a968f,2026-08-11T16:10:51,complex_trace;high_gas_used_context;token_activity_burst;approval_burst,0x146ee74d,false
25730436,0x2a1cb5c28ceeebe7abb7729fb7b96e56a3dabd52315194297a4590bba872d1ad,0x5b43453fce04b92e190f391a83136bfbecedefd1,0xbdb3ba9ffe392549e1f8658dd2630c141fdf47b6,2026-08-11T16:10:58,dense_internal_fund_flow;complex_trace;high_gas_used_context;token_activity_burst,0x000000c3,true
25730436,0x2ff22f176fae8042bd95b8b1f92f1d0ab69126bcacefb3b184790bb8ee8dbde1,0x2377fa2d6321f1ebc7a1d4fc4db82a0da8360e6b,0x663dc15d3c1ac63ff12e45ab68fea3f0a883c251,2026-08-11T16:10:59,dense_internal_fund_flow;large_erc20_asset_flow;complex_trace,0x4d8160ba,true
25730436,0xf8940454a1f0cf56fe54950e0a0c9d4249f0ae52b851f1cfb842287361b9f1ff,0x5f57ee6c7d018a9337dc2e54e3aeddc4f3f40662,0x98d2b241da14c5dd848812708eb8a1f3c5512f9d,2026-08-11T16:10:59,large_erc20_asset_flow,0xac9650d8,true
25730436,0x6b8f524f84f330423e09ed88aa519dcde525a112f22a06dff2a84a1dc76061e1,0x425bbc2cff0c7e7960baa9bac2f0cb67b41d3bef,0x5476f4e23daa093ce6700e1026013c55f7af9083,2026-08-11T16:11:00,very_complex_trace;high_gas_used_context,0xe3ee963b,false
25730436,0xaa47609a84f2a4b8abd3c081e6e7447a72ceef47daa462d7f553f1480a68dab1,0xc92f36ecdf2c2a9f83f5f806634e4144fc4728d4,0xd90e2f925da726b50c4ed8d0fb90ad053324f31b,2026-08-11T16:11:00,dense_internal_fund_flow,0x13d98d13,true
25730436,0xf77c1ca6b9b966fc6c2501f981f1054086d54cb9f94c9ec711c121aa55ce5af5,0x3976747b82316020a15662761c82860b9785e7f3,0x6566194141eefa99af43bb5aa71460ca2dc90245,2026-08-11T16:11:00,large_erc20_asset_flow,0x374f435d,true
25730436,0x41d6e3ccf37ba343731ea2e1eda0dafca94dbb8e454b90d646cce2af8c39b20d,0xd6434d157f254276d69ede3bd9fc805482206908,0x7ec8a30a34b86927dc77b302603d1d53e640bef7,2026-08-11T16:11:01,repeated_internal_token_drain;dense_internal_fund_flow;complex_trace;high_gas_used_context;token_activity_burst;repeated_risky_internal_calls,0xa9059cbb,true
25730436,0x4ac71ac4506f5ba636eca0c2610e99fa6de833118b11c596c0f97774d153aaea,0x3d4e12d540cf67a9c38da66a20943acac075725d,0x1eeda6359b726f7e5a662288ed7f1793ed6788b9,2026-08-11T16:11:01,repeated_internal_token_drain;dense_internal_fund_flow;complex_trace;high_gas_used_context;token_activity_burst;repeated_risky_internal_calls,0xa9059cbb,true
25730437,0x10dc2767dc4b900171224d93a028afb0a9d44aa74cb4ab53b26c647a837a64cb,0x1584a8ee67789d1fe161065388657ad2f2a3c7dd,0x77eb52e44db06777bce478159f25c0d55a295314,2026-08-11T16:11:08,repeated_internal_token_drain;dense_internal_fund_flow;complex_trace;high_gas_used_context;token_activity_burst;repeated_risky_internal_calls,0xa9059cbb,true
25730437,0x40a0253932cad6d47e428e33d4cf4a9c3f176af43bbc5ec565c856a9dcce132a,0xdda3b51e29f9d6fad865c5dd7070d5f7eb57663e,0x8d8210a0252a706cb5de0c6f8e46b6d3692afc19,2026-08-11T16:11:08,complex_trace;high_gas_used_context,0xffc3a769,false
25730437,0xc35383515e5c181be10f51e996e03db9ae749962e6741562625a95658206ae0c,0xf415f3dea67654ba2b7dc2344733e52abb7a6095,0x5476f4e23daa093ce6700e1026013c55f7af9083,2026-08-11T16:11:08,very_complex_trace;high_gas_used_context,0xe3ee963b,false
25730437,0xc4ac19ab668c217068c1c0b73dc99023ccb1fb862b62e86eb2f93592c132dde4,0xd6434d157f254276d69ede3bd9fc805482206908,0x7ec8a30a34b86927dc77b302603d1d53e640bef7,2026-08-11T16:11:08,repeated_internal_token_drain;dense_internal_fund_flow;complex_trace;high_gas_used_context;token_activity_burst;repeated_risky_internal_calls,0xa9059cbb,true
25730437,0xdb933c7a170f85e21558771f3cbfcd587de61671828817852bc09c6fba8e5f44,0x346d25338f3cbd5a102011ca33a47d26b9400b90,0xacddac6c77318b615f7f6fb9bb67c6833e9c05f1,2026-08-11T16:11:09,large_erc20_asset_flow;complex_trace,0x571d3dc7,true
25730438,0x6b6a592152dd5ad478e6a1e3294f8e27272f8a6f0e30d41d0c01b613ebd4c037,0x5b43453fce04b92e190f391a83136bfbecedefd1,0xbdb3ba9ffe392549e1f8658dd2630c141fdf47b6,2026-08-11T16:11:19,dense_internal_fund_flow;large_erc20_asset_flow;token_activity_burst,0x000000c3,true
25730438,0x597e05f7188fa7e5a9ded2702bfac4b781e7823b1df3f1194e875488216935fd,0x2377fa2d6321f1ebc7a1d4fc4db82a0da8360e6b,0x663dc15d3c1ac63ff12e45ab68fea3f0a883c251,2026-08-11T16:11:21,dense_internal_fund_flow;complex_trace;high_gas_used_context;token_activity_burst,0x4d8160ba,true
25730438,0x93e24a75bc70ea1257ec71626bd5ee02a80f465e04427f2bd6c8c820a1a5b337,0x70e59f9c304e4d5096bd408b571e2dcd99c3120b,0xad3b67bca8935cb510c8d18bd45f0b94f54a968f,2026-08-11T16:11:21,complex_trace;high_gas_used_context;token_activity_burst;approval_burst,0x146ee74d,false
25730438,0xc6cdbae49661ce9d5127a24986e78e5955bd01b6b5022617a10e39e6f943a8c1,0x43370368dccceb147c89d1d78f14589225220290,0x0000000071727de22e5e9d8baf0edac6f37da032,2026-08-11T16:11:21,privileged_execution_context;complex_trace,0x765e827f,false
25730438,0x6526aa260f55e1eb48ebbc0a5df5b3f84801081a6961165560b94c8b8151a67c,0xdda3b51e29f9d6fad865c5dd7070d5f7eb57663e,0x8d8210a0252a706cb5de0c6f8e46b6d3692afc19,2026-08-11T16:11:22,complex_trace;high_gas_used_context,0xffc3a769,false
25730438,0xda5174e1c172f35dcb6f54cc8d4117d173e0dfb0999634733b697669bc5c361c,0xe99bd1c2dd70cd58e5efd47887991700e7318ce2,0xad3b67bca8935cb510c8d18bd45f0b94f54a968f,2026-08-11T16:11:22,complex_trace;high_gas_used_context;token_activity_burst;approval_burst,0x146ee74d,false
25730439,0x54a3234dc46716c437e3d33f9bc481178fdfb9396b625a66440fca653af29256,0x7cc3d3f1b6e8c03d9749ca1c05f97d81658c54b5,0x03f34be1bf910116595db1b11e9d1b2ca5d59659,2026-08-11T16:11:36,dense_internal_fund_flow;complex_trace,0xe47d166c,true
25730439,0xc6b6a08f0e07941307179e47ae2783c21c918e5ab3ec96bbbcc6782f6706e695,0x99a5b028d785a7bd475339b1f8548d6d659ce5c2,0x2d83ff1cb1c79c68fe530d35f439a92a645faded,2026-08-11T16:11:36,dense_internal_fund_flow;complex_trace;token_activity_burst,0x07ed2379,true
25730439,0xce5c7414d1fc27c3334e2a38dec9611bc498d9fac17120310d7df98551a43461,0x1a9f2d2a11654282360683aee55a2acad681832d,0x00000688768803bbd44095770895ad27ad6b0d95,2026-08-11T16:11:36,large_erc20_asset_flow;complex_trace,0x56a75868,true
25730439,0xe9e17f21466e6dc2b0b713179472f93a3dfa7c7438c1aeb4185ea59bb9fbbd6f,0x64b0025da3fc095730128bc9e8164e514f6d01c2,0x1295f63fc70e239353fcbdb863737ea316f073d1,2026-08-11T16:11:36,dense_internal_fund_flow;complex_trace;high_gas_used_context;token_activity_burst,0x00000000,true
25730439,0x8e72f345e3b327a1f9fdd8696ab7c6ba7d04e89149763529c2747aaae9cbc648,0xd6434d157f254276d69ede3bd9fc805482206908,0x7ec8a30a34b86927dc77b302603d1d53e640bef7,2026-08-11T16:11:39,repeated_internal_token_drain;dense_internal_fund_flow;complex_trace;high_gas_used_context;token_activity_burst;repeated_risky_internal_calls,0xa9059cbb,true
25730439,0xb70bbed50d0948b49f27747939ca5e5c5c2ee32a9b587b823efdc2e5829d626e,0x97c6ed9a7ca523d2a88d151e8c4a5e954b0a974b,0x50461744cb3dea4d678be82b8f1b9cead383065d,2026-08-11T16:11:39,large_mint_to_sender;complex_trace,0x6e553f65,true
25730439,0xfbfdadaf07740b7e91b177fadadd833c84fd29fb7bbd01dfb5a93338df937ddd,0xde992badd92adaf9146255e9bde6a70770973664,0x3d0f22bf11636cc9cb129e2b261eed35a487455c,2026-08-11T16:11:40,complex_trace;high_gas_used_context,0xa9059cbb,false
25730440,0x7d8213607b2c2d5ecb0543e7a4d7db08e60af2131da958ab39efcacb0054b02b,0xc92f36ecdf2c2a9f83f5f806634e4144fc4728d4,0xd90e2f925da726b50c4ed8d0fb90ad053324f31b,2026-08-11T16:11:56,dense_internal_fund_flow,0x13d98d13,true
25730440,0xdb344fc10df74587dd1a6678288d2a9414df62d83d1417bdcfce81887465a5a6,0x5b43453fce04b92e190f391a83136bfbecedefd1,0xbdb3ba9ffe392549e1f8658dd2630c141fdf47b6,2026-08-11T16:11:56,dense_internal_fund_flow;complex_trace;high_gas_used_context;token_activity_burst,0x000000c3,true
25730440,0x15d6567b0a688ec3b3d0ca3713a952da7ffd398f5e93352283bf17a3e608adb6,0xd6434d157f254276d69ede3bd9fc805482206908,0x7ec8a30a34b86927dc77b302603d1d53e640bef7,2026-08-11T16:11:59,repeated_internal_token_drain;dense_internal_fund_flow;complex_trace;high_gas_used_context;token_activity_burst;repeated_risky_internal_calls,0xa9059cbb,true
25730440,0x70b1891e7345a80691fc35dc8f80dc7bb241e32c807b85454defd373be67e7e9,0xdda3b51e29f9d6fad865c5dd7070d5f7eb57663e,0x8d8210a0252a706cb5de0c6f8e46b6d3692afc19,2026-08-11T16:11:59,complex_trace;high_gas_used_context,0xffc3a769,false
25730440,0xc85d2ebe103503807a8853a4c401e43a7669a2ac76e7510edefc01b93ca8b468,0xde992badd92adaf9146255e9bde6a70770973664,0x3d0f22bf11636cc9cb129e2b261eed35a487455c,2026-08-11T16:11:59,complex_trace;high_gas_used_context,0xa9059cbb,false
25730440,0xfe4bc7e6fa6eac0cc1a1566760202b56bed588785846c636ce6bfb23f262b3c1,0x331d9a049d496385998067abf6cbb6371c8d2466,0xb92fe925dc43a0ecde6c8b1a2709c170ec4fff4f,2026-08-11T16:11:59,dense_internal_fund_flow,0xcd6e13f7,true
25730441,0x8fb33d949f6496292c2f54fc95aeb10a62dec37fbd0c1e1cd64cfb8aee0b9318,0xe99bd1c2dd70cd58e5efd47887991700e7318ce2,0xad3b67bca8935cb510c8d18bd45f0b94f54a968f,2026-08-11T16:12:15,complex_trace;high_gas_used_context;token_activity_burst;approval_burst,0x146ee74d,false
25730441,0x20575c5c5b284ba13bb2182bb0360b88ba2c3b5ad46c8e9fb2ef397d18357abb,0x7b49bc3ebbdf7322f31c6449320382bbec3be1b6,0xad3b67bca8935cb510c8d18bd45f0b94f54a968f,2026-08-11T16:12:16,complex_trace;approval_burst,0x146ee74d,false
25730441,0xea3eff2ed98edb4f2548760313ef2c0bce71ab23c6fb67c7d40b8da1d65b9667,0x09cfee647fa339133380191c8db6b44f24500c9d,0x77b85afbcd336993ac1c65057531c5a5b33b76b8,2026-08-11T16:12:17,high_gas_used_context;token_activity_burst,0xa9059cbb,false
25730442,0x16a591f7a40c41d140c1a9d663936e2024c12104d1adb51a915c97ee716a1472,0xdda3b51e29f9d6fad865c5dd7070d5f7eb57663e,0x8d8210a0252a706cb5de0c6f8e46b6d3692afc19,2026-08-11T16:12:34,complex_trace;high_gas_used_context,0xffc3a769,false
25730442,0x9e178f8bfcd7be4aa44f89b402a1b8617ddc79d2968fbea1e4922d540e67256a,0xa5a5491bca93dd4c076e4906e79e7673f4a5a142,0xccc88a9d1b4ed6b0eaba998850414b24f1c315be,2026-08-11T16:12:34,dense_internal_fund_flow;complex_trace,0x0a2b8f36,true
25730442,0xeb47943b9c11eef1db5eed53b4dae263db64f527ad78685bc5b31d58ecc3ae2d,0x5451794e3d44f1db21649c11518b832b7352bd15,0xbf7fe109f674ab1341d69e67a262e50ce87eb7c1,2026-08-11T16:12:34,high_gas_used_context;token_activity_burst,0x9f58dd7a,false
25730443,0xb8728568c29c06c9ee04087ff1a06c340e47d9fc3e21fcd23ed9e4d48775a887,0x85c76ae89c5c212151c574cc733e3aa1d5a6bba8,0x03f34be1bf910116595db1b11e9d1b2ca5d59659,2026-08-11T16:12:54,dense_internal_fund_flow;complex_trace,0xe47d166c,true
25730443,0xbca334aca29fa33efc88717de675474385dbf6cd4fbcf8af71b2a3489bf5938d,0x04d9634df20aa66b23f114d37c45fa6c6ab76d56,0x875d6d37ec55c8cf220b9e5080717549d8aa8eca,2026-08-11T16:12:54,complex_trace;high_gas_used_context,0xa0883526,true
25730443,0xf9647d161a825c4455a341cd37411a2e80c5c6337405b85f1fe8fb32cbd5f691,0xbee12bd9a3b777b29fecf6097f18aec13db6e013,0xbee3211ab312a8d065c4fef0247448e17a8da000,2026-08-11T16:12:54,dense_internal_fund_flow;complex_trace,0x4cf3fe9c,true
25730443,0x1eadb2edc640bd97fe1c08be76f4d5d94067bed8b96b8d7d51528c8c81e86def,0xde992badd92adaf9146255e9bde6a70770973664,0x3d0f22bf11636cc9cb129e2b261eed35a487455c,2026-08-11T16:12:57,complex_trace;high_gas_used_context,0xa9059cbb,false
25730443,0x9d3543aaa74e02e0b39da54abd1798b110c3dd7bf81535ff2e1489e5564754d0,0x1feed341f68ae6812b30e139ab074182ea4e3830,0x9e9110cfd24cd851ea5bc73a27975b33e308f9e1,2026-08-11T16:12:57,large_erc20_asset_flow,0xeb7499cf,true
25730443,0xc1fde99c862ecb1ce9c73d50363bfa8322635d21d5cf880d5b0eab3986decb8c,0x9a0c9bb10c349d79f46e430f8061dbcbedde69c6,0xd417d34d7aaf70b24fbc6b36808e3396c991c5e4,2026-08-11T16:12:57,complex_trace;high_gas_used_context,0x3698d492,true
25730443,0xd2550cc7991ca02d5c82c1709c24e77ee9a846fe82e023bc8130d463ec8fcff3,0x70e59f9c304e4d5096bd408b571e2dcd99c3120b,0xad3b67bca8935cb510c8d18bd45f0b94f54a968f,2026-08-11T16:12:57,complex_trace;token_activity_burst;approval_burst,0x146ee74d,false
25730443,0x3c1f6b4ea7c8d1afe225194c7e6a6eb7752ddaf625143857b7c399d2dd2576c7,0x80d04079ffc53eb14edbeeb37279d126f45552df,0x9b347b8de6c49891897f885ba46e1f50575c4282,2026-08-11T16:12:58,repeated_internal_token_drain;dense_internal_fund_flow;complex_trace;high_gas_used_context;token_activity_burst;repeated_risky_internal_calls,0x8aaa8f3b,true
25730443,0x4eb7bab983b059033ed4978cbd66b151ad80833189316b7bc52059434600ee8a,0xdda3b51e29f9d6fad865c5dd7070d5f7eb57663e,0x8d8210a0252a706cb5de0c6f8e46b6d3692afc19,2026-08-11T16:12:58,complex_trace;high_gas_used_context,0xffc3a769,false
25730444,0x6e45559b6c45386d2014e4a8f05b9587e6865f22d2fffd1ee9c6cb42ec3ddabf,0xe99bd1c2dd70cd58e5efd47887991700e7318ce2,0xad3b67bca8935cb510c8d18bd45f0b94f54a968f,2026-08-11T16:13:23,complex_trace;approval_burst,0x146ee74d,false
25730444,0x61165dc7050abc0d91ae2234052a5b6127ed722eaef7b714349b4536299bf07d,0x59aab1bd0d26290274398c07b55955c15425e16b,0x00fe78205f5f0e63b8ad2b2ae5337f538a610e04,2026-08-11T16:13:25,complex_trace;high_gas_used_context;token_activity_burst,0x34fcd5be,false
25730444,0x9a3f4b82201834fa01e212497d0604aaec0bd4ae6150033d6cfa6f2905e427ca,0x3de4f8499935751ec4829e51fc5c64c7237f5c3a,0xe862bc39b8d5f12d8c4117d3e2d493dc20051ec6,2026-08-11T16:13:25,large_erc20_asset_flow;complex_trace,0x24cbd36c,true
25730444,0xba18dd928aa10c82bfc5d2cadf569bf6e20e0f48886b19f9f4190877c6c9aff9,0x1584a8ee67789d1fe161065388657ad2f2a3c7dd,0x77eb52e44db06777bce478159f25c0d55a295314,2026-08-11T16:13:25,repeated_internal_token_drain;dense_internal_fund_flow;complex_trace;token_activity_burst;repeated_risky_internal_calls,0xa9059cbb,true
25730444,0xe502a5a07f4d2d626f4777039f60a8c222928a53516d4412edc55b5732d3c9cb,0xa154b98e53fc35e1bad1ff758acbc8c629bdcd2b,0x19917386eeae67b6ff7ddf07de4019fca40aa4ec,2026-08-11T16:13:25,repeated_internal_token_drain;dense_internal_fund_flow;complex_trace;high_gas_used_context;token_activity_burst;repeated_risky_internal_calls,0xa9059cbb,true
25730444,0xf37e1ee64663231dbbf39b6399c52e49d6c796f225596a4bdad7049ccbc77214,0xffeccc607ccc708f4ed224e00c9f3bd33acc8d38,0xbf7fe109f674ab1341d69e67a262e50ce87eb7c1,2026-08-11T16:13:25,high_gas_used_context;token_activity_burst,0x9f58dd7a,false
25730445,0xb8738d1c5bdaa432eb1b0e1d7fd31bdc53a959eeeeaba3c46efea428b91d8375,0x59aab1bd0d26290274398c07b55955c15425e16b,0x00fe78205f5f0e63b8ad2b2ae5337f538a610e04,2026-08-11T16:13:52,complex_trace;high_gas_used_context;token_activity_burst,0x34fcd5be,false
25730445,0xcdb56d1f0c4060a7588390f66586011891e29d7c90132c228570ff44e0e09db2,0x59aab1bd0d26290274398c07b55955c15425e16b,0x00fe78205f5f0e63b8ad2b2ae5337f538a610e04,2026-08-11T16:13:52,complex_trace;high_gas_used_context;token_activity_burst,0x34fcd5be,false
25730445,0xe7839db167ca11f9847e234bfb200081ab88b642f304724e373dd8d17d11a660,0x0819bd0c578ef73993e572eeaa67bc1093cddf0d,0x485843304c557e284bad9311e43289814f8cc08e,2026-08-11T16:13:52,large_erc20_asset_flow;complex_trace,0x601881f3,true
25730446,0xd0bd287004ef5a8115b2777aeb52cc8b772c82ce3bc2bbcbbaf0c4a22fed77b6,0x22b5d6b38ece9c9ef94ab53e65c8ee5eecb00ec9,0x1231deb6f5749ef6ce6943a275a1d3e7486f4eae,2026-08-11T16:14:04,complex_trace;high_gas_used_context;token_activity_burst;approval_burst,0x80c65808,true
25730446,0xb6c6803e57dcc8ff3d667aa9d3fdb118674283a33c6bff37c33f7e4aeb1fe437,0x7b801da14190cc16299966dd10a7468af20acd08,0x7a7f0b3c23c23a31cfcb0c44709be70d4d545c6e,2026-08-11T16:14:05,dense_internal_fund_flow,0x33986ffa,true
25730446,0xc1b27c371d0d121720d4e241b5bdbd12084f6b228fa6a6dd40b824c75cff8af7,0x1feed341f68ae6812b30e139ab074182ea4e3830,0x9e9110cfd24cd851ea5bc73a27975b33e308f9e1,2026-08-11T16:14:05,large_erc20_asset_flow,0xeb7499cf,true
25730446,0xff0bc1a07a925598c6f493c383b6c3affaa3fc48e14d6d683af66e467f9834b9,0xe99bd1c2dd70cd58e5efd47887991700e7318ce2,0xad3b67bca8935cb510c8d18bd45f0b94f54a968f,2026-08-11T16:14:05,complex_trace;approval_burst,0x146ee74d,false
25730446,0x2065b0b9845bf5e41da37b88615086633766deb54f97cb1ec70eed0ee23dc93e,0xa154b98e53fc35e1bad1ff758acbc8c629bdcd2b,0x19917386eeae67b6ff7ddf07de4019fca40aa4ec,2026-08-11T16:14:06,repeated_internal_token_drain;dense_internal_fund_flow;complex_trace;high_gas_used_context;token_activity_burst;repeated_risky_internal_calls,0xa9059cbb,true
25730446,0x0087604b3422bad43dbc6c21f979ec3b8433b51c41814ba84a95f9257cfbf544,0x59aab1bd0d26290274398c07b55955c15425e16b,0x00fe78205f5f0e63b8ad2b2ae5337f538a610e04,2026-08-11T16:14:07,complex_trace;high_gas_used_context,0x34fcd5be,false
25730447,0x0f9a893abd9d454e1e45e8f8ab230ca6a411e4eb8dd2c293f1df74d78a394513,0xe99bd1c2dd70cd58e5efd47887991700e7318ce2,0xad3b67bca8935cb510c8d18bd45f0b94f54a968f,2026-08-11T16:14:19,complex_trace;high_gas_used_context;token_activity_burst;approval_burst,0x146ee74d,false
25730447,0x5c834efb96f3268c99f42b62f52f2d70272f4135d5f41f4771c9d8366fe1479b,0xb4de53ddbf53f719ca7f3ffd9024d7de1c8fea98,0xbf7fe109f674ab1341d69e67a262e50ce87eb7c1,2026-08-11T16:14:19,high_gas_used_context;token_activity_burst,0x9f58dd7a,false
25730447,0x8c47a7596fb2582c1954839fd9a8693e3056f3cbeb31c7119e9135fa5e824334,0x59aab1bd0d26290274398c07b55955c15425e16b,0x00fe78205f5f0e63b8ad2b2ae5337f538a610e04,2026-08-11T16:14:19,complex_trace;high_gas_used_context;token_activity_burst,0x34fcd5be,false
25730447,0x980fdeb14bcd2e2d49a02b53658e4979288699025e5b487570766737daa93ecc,0xdf8adfe10d4a4d9f0fc4d3e377a6e8d5730eb40c,0x06cff7088619c7178f5e14f0b119458d08d2f5ef,2026-08-11T16:14:19,large_erc20_asset_flow;complex_trace,0x99999999,true
25730447,0x9c240782271d2f139bcf2781830e665cf557bb3dcda73055dab5d6b67a767edf,0x7d31d1e2e58f159c04fc64d9a43552ce96fd0e09,0xacddac6c77318b615f7f6fb9bb67c6833e9c05f1,2026-08-11T16:14:19,large_erc20_asset_flow;complex_trace,0x571d3dc7,true
25730447,0xa06fc94a9f7381cde64ba4ad2125496e4f904b0373365730ee9c29d849f4c948,0x754dcfb2861547015b221e963b4133a71dbdc024,0x337685fdab40d39bd02028545a4ffa7d287cc3e2,2026-08-11T16:14:19,large_erc20_asset_flow,0xe4269fc4,true
25730447,0xa78efd2202212f0f0d77ade8fd7d53d1ba945961181d8916ea8ef19a422c7bd2,0x3ee92cd00993a4488ae153ab41ac7947cbcbc1de,0x9205a569b0ff45df1e4f5ae48e21bc7f0656f0bb,2026-08-11T16:14:19,large_erc20_asset_flow;complex_trace,0x8b578ac6,true
25730447,0xafed8d35943111bcf03351644487c946bc16aba57ae78118c39f766b6e7e4fd5,0x3ee92cd00993a4488ae153ab41ac7947cbcbc1de,0x9205a569b0ff45df1e4f5ae48e21bc7f0656f0bb,2026-08-11T16:14:19,large_erc20_asset_flow;complex_trace,0x8b578ac6,true
25730447,0xf8bbcf331ab6683576ef49fb3539612c0894579b96a926ee7469c548eff1c716,0xa55d09ac215d813b1fee5ed7ee68d0d8edc35aca,0xbf7fe109f674ab1341d69e67a262e50ce87eb7c1,2026-08-11T16:14:19,high_gas_used_context;token_activity_burst,0x9f58dd7a,false
25730448,0x3490865e240d8a396da7ed56d5e07eb436abcba5fe68b1b06f64f4ed5f12b616,0x7b49bc3ebbdf7322f31c6449320382bbec3be1b6,0xad3b67bca8935cb510c8d18bd45f0b94f54a968f,2026-08-11T16:14:24,complex_trace;approval_burst,0x146ee74d,false
25730448,0xa365507ead1c41c53e91963c7596dc7b2bcca66b9e111cf95c8c410af51b78fe,0x3976747b82316020a15662761c82860b9785e7f3,0x888888888889758f76e7103c6cbf23abbf58f946,2026-08-11T16:14:26,large_erc20_asset_flow;complex_trace,0xc81f847a,true
25730448,0x365d3b15b410767b2632be1f4518427825e16edbb1c07621548e3978894ab087,0x1584a8ee67789d1fe161065388657ad2f2a3c7dd,0x77eb52e44db06777bce478159f25c0d55a295314,2026-08-11T16:14:28,repeated_internal_token_drain;dense_internal_fund_flow;complex_trace;high_gas_used_context;token_activity_burst;repeated_risky_internal_calls,0xa9059cbb,true
25730448,0x42ce29e02133ee4718aaf3ac0972e268937efc31de3154fcdd77c46562251a29,0x59aab1bd0d26290274398c07b55955c15425e16b,0x00fe78205f5f0e63b8ad2b2ae5337f538a610e04,2026-08-11T16:14:28,complex_trace;high_gas_used_context,0x34fcd5be,false
25730448,0xbcadf0637e4fbac5e78d08e42c964056acf71afcea680cb93e9e458e18a7da82,0x8b5606469e21c75edd7c74d1c7a65824675d9aff,0x9ccc2f3ecde026230e11a5c8799ac7524f2bb294,2026-08-11T16:14:28,large_erc20_asset_flow;complex_trace,0x1bc74526,true
25730449,0x7554f5407e341d6bf00de1c60a32ceb8b9cc38687169477dded7807fe3270e60,0x59aab1bd0d26290274398c07b55955c15425e16b,0x00fe78205f5f0e63b8ad2b2ae5337f538a610e04,2026-08-11T16:14:41,complex_trace;high_gas_used_context;token_activity_burst,0x34fcd5be,false
25730449,0x61e208986a4828739c0900d025d17902e3202431a922d09f5d4ab8aaa1e6e5f1,0x0260d0fb2a3c49bad3516ccfa377cd5fde78aba5,0x4a22f15d811a26ac292c8123274d3b31ddebb979,2026-08-11T16:14:42,dense_internal_fund_flow;complex_trace,0x3b1a871c,true
25730449,0x6f4e730100ec075737ffb35b9f8cab2503fe5090ed04ff1856d999c72d421483,0x70e59f9c304e4d5096bd408b571e2dcd99c3120b,0xad3b67bca8935cb510c8d18bd45f0b94f54a968f,2026-08-11T16:14:42,complex_trace;token_activity_burst;approval_burst,0x146ee74d,false
25730450,0x67416ee0456615bee2c262fd8bbcadc824387a6a0552b7e0b4d8cb196eb72f8d,0xde5ce22a56ed76bf7054121500b23a718399feb7,0x43de2d77bf8027e25dbd179b491e8d64f38398aa,2026-08-11T16:14:51,large_erc20_asset_flow;complex_trace,0xc280c905,true
25730450,0xe14bedb3a4a4d47d21228cc5574df37c45504b364a53f1c0efc4e8335ad48f2a,0x09cfee647fa339133380191c8db6b44f24500c9d,0x77b85afbcd336993ac1c65057531c5a5b33b76b8,2026-08-11T16:14:51,high_gas_used_context;token_activity_burst,0xa9059cbb,false
25730450,0x74fad72b5c1fea81fc2b582e705666d071839d8060b203f5091efe6fb978f6db,0xb2f52cb5a2094a00101d91eeb65b85cb1d86431e,0x0000000071727de22e5e9d8baf0edac6f37da032,2026-08-11T16:14:52,complex_trace;high_gas_used_context;token_activity_burst,0x765e827f,false
25730450,0x47f2bbb6c07ffe968c60ebd68a395f01e3bac2c2de9b1a8c909f16986fec38a4,0xfffffee6d1b0585e45a55b89c27aeb8c00efb44a,0xfc9cac67e02db61b6d5a36f2e00941a2f40970d4,2026-08-11T16:14:53,complex_trace;high_gas_used_context;token_activity_burst;approval_burst,0x760f2a0b,false
25730450,0xe275ec7ce82b962b1a82c9e2899fb3672bfaa9c28e85fd2435deb54e991173fb,0x70e59f9c304e4d5096bd408b571e2dcd99c3120b,0xad3b67bca8935cb510c8d18bd45f0b94f54a968f,2026-08-11T16:14:53,complex_trace;high_gas_used_context;token_activity_burst;approval_burst,0x146ee74d,false
25730451,0xff5dcdec12f98c01bd66ff0f092e46232eef56687277933505b440e2837e612b,0x6018336d49d78d3e7178e3703a68466d1d6e1d8b,0xa8c1c98aaf99a5dfc907d61b892b2ad624901185,2026-08-11T16:14:59,large_erc20_asset_flow,0x90998dd3,true
