block_num,tx_hash,from,to,detect_time,attack_signals,selector,has_asset_impact
25729741,0x3870e6789944df449e58080ab6da19d2b7039cf1dfa135aa93d7a5779087f8f0,0x00d9fe085d99b33ab2aae8063180c63e23bf2e69,0x75884f3ada15c953529abaac6549d5204135ec36,2026-08-11T13:45:04,repeated_internal_token_drain;dense_internal_fund_flow;complex_trace;high_gas_used_context;token_activity_burst;repeated_risky_internal_calls,0xa9059cbb,true
25729741,0x4782ecb04cf3342e96dcbf83331ec8cacdff62c94721b282252e02ead87421c3,0xc99d6e641fe5fc285564943d1869f3c821eea8f4,0x000000000004598d17aad017bf0734a364c5588b,2026-08-11T13:45:04,complex_trace;high_gas_used_context,0x0fbb12dc,false
25729741,0x91f5965404ba4ef3672adf2719de56fb97b1ef25ccf0bbb1e3baf23b5011c01d,0xab8d807a29560ee2f2bf97c752017052a3b5ffd8,0x0de8bf93da2f7eecb3d9169422413a9bef4ef628,2026-08-11T13:45:04,dense_internal_fund_flow;large_mint_to_sender;very_complex_trace;high_gas_used_context;token_activity_burst,0xc2580804,true
25729741,0x9748a4da7c32fb099a5018e449c79885ec5830e9b732ed4aa53481d9d23c2a26,0xde992badd92adaf9146255e9bde6a70770973664,0x3d0f22bf11636cc9cb129e2b261eed35a487455c,2026-08-11T13:45:04,complex_trace;high_gas_used_context,0xa9059cbb,false
25729742,0xb0550c52e3c2c87b34d2c08fba1e020b0dc96f247f56d5aefc245c476cecf04a,0xd840dbe718abc46c6c7704bd7ff16e69a23d37ba,0x0000000071727de22e5e9d8baf0edac6f37da032,2026-08-11T13:45:18,complex_trace;high_gas_used_context,0x765e827f,false
25729742,0x6fff5f8a065926d4687c2cf65d37083176712fcffb6ccb59853e198dae8b6ff0,0xc4efde046de44437d94e74b3178c03edcc42e854,0xc3dcdfb76ee8575e923bef9240cf58a9a7a222e0,2026-08-11T13:45:19,high_gas_used_context;token_activity_burst,0xca93aae9,false
25729742,0x5788477820baa6f2aab36fbf4d45c6f0c8c0424f48f5b47dc6f3ef39604c4b88,0xbad000006db10503589262b55d09bb7b3c5e1472,0xbbbbb048b1a85ca221058c45525095b6a68bbbbb,2026-08-11T13:45:20,repeated_internal_token_drain;dense_internal_fund_flow;complex_trace;high_gas_used_context;token_activity_burst;repeated_risky_internal_calls,0xa9059cbb,true
25729742,0x4e886db05bbb0ec8049ea4a29635bd8e532f2fc48d592cb19d2fa65477f2596a,0x59aab1bd0d26290274398c07b55955c15425e16b,0x00fe78205f5f0e63b8ad2b2ae5337f538a610e04,2026-08-11T13:45:21,complex_trace;high_gas_used_context,0x34fcd5be,false
25729742,0x9e0b6bb5113b0850bf6c32260f3dfb9ca7d7a6ccf371ce7c97a30f438fff10f6,0x59aab1bd0d26290274398c07b55955c15425e16b,0x00fe78205f5f0e63b8ad2b2ae5337f538a610e04,2026-08-11T13:45:21,complex_trace;high_gas_used_context,0x34fcd5be,false
25729743,0x0a8ab860a8d95075a2e3c3c4897447ed79fa828286bd73e0f658b66eb9de0c80,0xc6acbee42e9e323140c1ed060c2f6ea9cc3b4b75,0x7c5a71c9fefbc7691f9d4ac7baf70c743792f716,2026-08-11T13:45:27,selfdestruct_context,0xf3fef3a3,false
25729743,0x4113c760b2e604c71d716a0ace531c2b06bfcbdf1e4a1274fd55070ccccfddb5,0xd6434d157f254276d69ede3bd9fc805482206908,0x7ec8a30a34b86927dc77b302603d1d53e640bef7,2026-08-11T13:45:28,repeated_internal_token_drain;dense_internal_fund_flow;complex_trace;high_gas_used_context;token_activity_burst;repeated_risky_internal_calls,0xa9059cbb,true
25729743,0xd4487c84718bbcf5d910749c183afe208ded80b53214c2183f26c23063e291b1,0xe487832018fbd594c84f1db3dfac61cde98a5f36,0x91ff8bbd8ebb07893010d50a48a1609e5ebd8e34,2026-08-11T13:45:28,complex_trace;high_gas_used_context,0x069d1525,false
25729743,0x2e9f1670eada1b857aed0d726c7e8801b3b5acd268322ba3ab8f4d600e6b7a78,0xffeccc607ccc708f4ed224e00c9f3bd33acc8d38,0xbf7fe109f674ab1341d69e67a262e50ce87eb7c1,2026-08-11T13:45:29,high_gas_used_context;token_activity_burst,0x9f58dd7a,false
25729743,0x3b956404f9869b895ec6beb0f58c30a8af0210376cd5bcf547a760a4e170be23,0x59aab1bd0d26290274398c07b55955c15425e16b,0x00fe78205f5f0e63b8ad2b2ae5337f538a610e04,2026-08-11T13:45:29,complex_trace;high_gas_used_context,0x34fcd5be,false
25729743,0x9c44ca72967ffcfc533ea632d7574c44689b754ef25b09da7e94520d1374e47e,0x09cfee647fa339133380191c8db6b44f24500c9d,0x77b85afbcd336993ac1c65057531c5a5b33b76b8,2026-08-11T13:45:29,high_gas_used_context;token_activity_burst,0xa9059cbb,false
25729744,0x066ddaeb3bcbd379239d480e59b035c928d0601ee7976ebde1d46decd742beca,0xe513a3b40e14667b4356b735a3f305210eefc1a1,0x0000000000000068f116a894984e2db1123eb395,2026-08-11T13:45:34,dense_internal_fund_flow;complex_trace;high_gas_used_context,0x87201b41,true
25729744,0x3a4cab8bc0c59f377c50312997b18ca01d3b32c64b69f1ba407965d3f55e6d2c,0xc6acbee42e9e323140c1ed060c2f6ea9cc3b4b75,0x7c5a71c9fefbc7691f9d4ac7baf70c743792f716,2026-08-11T13:45:34,selfdestruct_context,0xf3fef3a3,true
25729744,0xb91b48b58eef69537fe65f2da7ae5bb81429993fb1b2814ab5c9c0392779ad13,0xdda3b51e29f9d6fad865c5dd7070d5f7eb57663e,0x8d8210a0252a706cb5de0c6f8e46b6d3692afc19,2026-08-11T13:45:34,complex_trace;high_gas_used_context,0xffc3a769,false
25729744,0x1329eca05a360aca6b3c569bf59d9d3d832e43f24d6ae1e33ce022e5d7e2bb60,0xd6434d157f254276d69ede3bd9fc805482206908,0x7ec8a30a34b86927dc77b302603d1d53e640bef7,2026-08-11T13:45:35,repeated_internal_token_drain;dense_internal_fund_flow;complex_trace;high_gas_used_context;token_activity_burst;repeated_risky_internal_calls,0xa9059cbb,true
25729744,0x5eacf5bb09f69746a861070c249129265b0365282743b3570a267120f3792f92,0x5f8769281662a4af0175f7efe521892c52850ac6,0x40a6700b99115cda7b12bd0e21db1be8ae524bf2,2026-08-11T13:45:35,repeated_internal_token_drain;dense_internal_fund_flow;complex_trace;high_gas_used_context;token_activity_burst;repeated_risky_internal_calls,0xa9059cbb,true
25729744,0x7413bc848d50c7b474e58f75406f9e7e87e95b5de0be05f321daf76111600a9f,0xa154b98e53fc35e1bad1ff758acbc8c629bdcd2b,0x19917386eeae67b6ff7ddf07de4019fca40aa4ec,2026-08-11T13:45:35,repeated_internal_token_drain;dense_internal_fund_flow;complex_trace;high_gas_used_context;token_activity_burst;repeated_risky_internal_calls,0xa9059cbb,true
25729744,0xd34e5ea07eb6fba6b2a4488f13c7a2c533bd98c96487dde4aaf0d455c454244f,0xa5351a74b4a9352cd9159a670fca947a0025832c,0x97f021f8d1cb43b35d65be276bbedcf6ef7dbc2d,2026-08-11T13:45:35,complex_trace;approval_burst,0x97bf3431,false
25729744,0xf88daf1ee125a8eea5e788a0f0b24aa71ba8f645df0a2ea9b2325a2151c54b99,0xe487832018fbd594c84f1db3dfac61cde98a5f36,0x91ff8bbd8ebb07893010d50a48a1609e5ebd8e34,2026-08-11T13:45:35,complex_trace;high_gas_used_context,0x069d1525,false
25729745,0x3100e17185bb264c8b73d9f8fd39315cd5459cc311f5c7e6384a6cc2b0749679,0x0e93a99fb6c26ade8a3446e5ca32daad9bfaf267,0xb300000b72deaeb607a12d5f54773d1c19c7028d,2026-08-11T13:45:45,dense_internal_fund_flow;complex_trace,0x810c705b,true
25729745,0x2b342a39ddc18b4a87b605247b4301ab7b04a55e94af48321ac8ec7cbd015706,0xeca9d112e68df4c7fa8c54af138ea292bb098574,0x6131b5fae19ea4f9d964eac0408e4408b66337b5,2026-08-11T13:45:47,complex_trace;high_gas_used_context,0xe21fd0e9,false
25729745,0x3555143cd2124626230d2482cf251ffb8d86a22cda5d1d21279d97e79b42714c,0x1584a8ee67789d1fe161065388657ad2f2a3c7dd,0x77eb52e44db06777bce478159f25c0d55a295314,2026-08-11T13:45:47,repeated_internal_token_drain;dense_internal_fund_flow;complex_trace;token_activity_burst;repeated_risky_internal_calls,0xa9059cbb,true
25729745,0x70efbf8bbcd12775a40edcf5371ebad232ec0ac4e0700ef6d688399008b0dcdb,0xe487832018fbd594c84f1db3dfac61cde98a5f36,0x91ff8bbd8ebb07893010d50a48a1609e5ebd8e34,2026-08-11T13:45:47,complex_trace;high_gas_used_context,0x069d1525,false
25729745,0xa68bef0b515d9a4761f16691fb5d4e2ffcaf36ad6d9a375bf604d4b00bae6fc9,0x3d4e12d540cf67a9c38da66a20943acac075725d,0x1eeda6359b726f7e5a662288ed7f1793ed6788b9,2026-08-11T13:45:47,repeated_internal_token_drain;dense_internal_fund_flow;complex_trace;high_gas_used_context;token_activity_burst;repeated_risky_internal_calls,0xa9059cbb,true
25729745,0xf5a1eabbd70c2884fe56cfa170723b2481c10eca18abacd1169e4fa6780f9110,0x59aab1bd0d26290274398c07b55955c15425e16b,0x00fe78205f5f0e63b8ad2b2ae5337f538a610e04,2026-08-11T13:45:47,complex_trace;high_gas_used_context,0x34fcd5be,false
25729745,0xfffe2aaebbf2bf7e36ac117014b65747e8a8daf80661e8ea34bcedf04f566a62,0x59aab1bd0d26290274398c07b55955c15425e16b,0x00fe78205f5f0e63b8ad2b2ae5337f538a610e04,2026-08-11T13:45:47,complex_trace;high_gas_used_context;token_activity_burst,0x34fcd5be,false
25729746,0x3a0d9fe725254838db3182ae98499d871cbf0cecdb6381d01c6bb593a8cd412a,0xa154b98e53fc35e1bad1ff758acbc8c629bdcd2b,0x19917386eeae67b6ff7ddf07de4019fca40aa4ec,2026-08-11T13:45:51,repeated_internal_token_drain;dense_internal_fund_flow;complex_trace;high_gas_used_context;token_activity_burst;repeated_risky_internal_calls,0xa9059cbb,true
25729746,0xd6b27c956b44df7e20fb30745e64dfe45f7c444c7b741104156aa079bc9f1dae,0x558118af67286cfbbe29cd0fef11ed2304e7b577,,2026-08-11T13:45:51,large_mint_to_sender;contract_creation_context,0x60806040,true
25729747,0x536a93465f50dab2fdfd68aed8743ae2f94517556b35aabb678c2b77f66fcd73,0x50bf934781f63028c5c8ef49c4affe19a86d99b6,0x8d04cc7e86e687854eb41d9d43512b655b93184b,2026-08-11T13:46:11,complex_trace;high_gas_used_context;selfdestruct_context,0x4a1bf18a,false
25729747,0x390dd54dcc6cd9ea5777e15ee2cd72e73604bfb96f0c66eb145c4056058b0158,0x5f8769281662a4af0175f7efe521892c52850ac6,0x40a6700b99115cda7b12bd0e21db1be8ae524bf2,2026-08-11T13:46:12,repeated_internal_token_drain;dense_internal_fund_flow;complex_trace;high_gas_used_context;token_activity_burst;repeated_risky_internal_calls,0xa9059cbb,true
25729747,0x61f92093895edb22df6dba076cd5533783376c328cffc7d168f1402bf2a1d8ef,0x71df6f000174e16943577d319083916db6892219,0x0de8bf93da2f7eecb3d9169422413a9bef4ef628,2026-08-11T13:46:12,complex_trace;high_gas_used_context,0xb1ae2ed1,false
25729747,0x650c72300ae2301038af11be64f40ebab6f0d3a335021d98639acd10910df615,0x4337002c5702ce424cb62a56ca038e31e1d4a93d,0x5ff137d4b0fdcd49dca30c7cf57e578a026d2789,2026-08-11T13:46:12,privileged_execution_context;complex_trace,0x1fad948c,false
25729747,0x793d46239eafa5b05ef232bee0d9fc2cba6832a58a5f6595098b3cdaa1baafa2,0xe7488e7f5c60bfa81d38965c02b4cc5aa6249a11,0x000000000004598d17aad017bf0734a364c5588b,2026-08-11T13:46:12,complex_trace;high_gas_used_context,0x0fbb12dc,false
25729747,0xac76d7de5b45ba697bdcacd091dc6440ce5010a18563162bee15ee09ebdffeab,0x3d4e12d540cf67a9c38da66a20943acac075725d,0x1eeda6359b726f7e5a662288ed7f1793ed6788b9,2026-08-11T13:46:12,repeated_internal_token_drain;dense_internal_fund_flow;complex_trace;high_gas_used_context;token_activity_burst;repeated_risky_internal_calls,0xa9059cbb,true
25729747,0xee913720cf8221652251fe42fbc75e1888c43707dbe14c19f036109db679fd28,0xc6acbee42e9e323140c1ed060c2f6ea9cc3b4b75,0x7c5a71c9fefbc7691f9d4ac7baf70c743792f716,2026-08-11T13:46:12,selfdestruct_context,0xf3fef3a3,false
25729747,0x08b84bd87c55e79cfd2aa1a24fb36d395c736acf6345e020a1b6f86c00284191,0xb70d29decca758bb72cd2967a989782f3acad3e6,0x49048044d57e1c92a77f79988d21fa8faf74e97e,2026-08-11T13:46:13,large_erc20_asset_flow;complex_trace,0x43ca1c50,true
25729747,0x1367f394c1731cd56334893f008773d162fa11f942d69bb2ec8ffca049b2c925,0xe487832018fbd594c84f1db3dfac61cde98a5f36,0x91ff8bbd8ebb07893010d50a48a1609e5ebd8e34,2026-08-11T13:46:13,complex_trace;high_gas_used_context,0x069d1525,false
25729747,0x78e257dbb216525cd06c263e20ec1e539e42faee3a3de0ed76c02dabea4b9f7c,0xe487832018fbd594c84f1db3dfac61cde98a5f36,0x91ff8bbd8ebb07893010d50a48a1609e5ebd8e34,2026-08-11T13:46:13,complex_trace;high_gas_used_context,0x069d1525,false
25729748,0x704ce6578ea4f02cd6c2cb1e337b14ed28fd73c3bb152216e0e9415468ab7f33,0xde992badd92adaf9146255e9bde6a70770973664,0x3d0f22bf11636cc9cb129e2b261eed35a487455c,2026-08-11T13:46:19,complex_trace;high_gas_used_context,0xa9059cbb,false
25729748,0xebe240b740beec4344c8032036313e6a807566ac180c99306e5b17989ed23dee,0xab8d807a29560ee2f2bf97c752017052a3b5ffd8,0x0de8bf93da2f7eecb3d9169422413a9bef4ef628,2026-08-11T13:46:19,dense_internal_fund_flow;large_mint_to_sender;very_complex_trace;high_gas_used_context;token_activity_burst,0xc2580804,true
25729748,0x6acbc6d29a731f9643aea567182fde7c6dbd61e375a5c1d7b650c475834401a6,0x59aab1bd0d26290274398c07b55955c15425e16b,0x00fe78205f5f0e63b8ad2b2ae5337f538a610e04,2026-08-11T13:46:20,complex_trace;high_gas_used_context,0x34fcd5be,false
25729748,0x7f747ace762f2777fd03a665cb627111a6b251db2a4491f11016a25306b1c7b4,0x521bfdfd090abb6a3f22e812b6273a1728da9afa,0xbf7fe109f674ab1341d69e67a262e50ce87eb7c1,2026-08-11T13:46:20,high_gas_used_context;token_activity_burst,0x9f58dd7a,false
25729749,0x881f24dc83e040e2deffa22146bcfdbe6a468de2508cc13a473cf1087d88fd09,0x70e59f9c304e4d5096bd408b571e2dcd99c3120b,0xad3b67bca8935cb510c8d18bd45f0b94f54a968f,2026-08-11T13:46:32,complex_trace;token_activity_burst;approval_burst,0x146ee74d,false
25729749,0xd41efbee494c4772f72f7f416d091ea039e8818299eb8d6e667f84f7a7192ad2,0x668001289b9da5a23840a6d4fa195d977f23bb3b,0x0000000071727de22e5e9d8baf0edac6f37da032,2026-08-11T13:46:32,complex_trace;high_gas_used_context,0x765e827f,false
25729749,0x0efa3cb9115de8e5937beba693a521dcca7b587b66fa30ebf0b222b8591f2f14,0xd91badc726d8a2783f0c0392599c73b093ff0b9c,0xae68b7117be0026cbd4366303f74eecbb19e4042,2026-08-11T13:46:33,complex_trace;high_gas_used_context,0xe4a9b20e,false
25729749,0x20a77cd543ece5647577ba4c9c70565b70ec81618f9d65c892b6f9138eb05860,0x5f8769281662a4af0175f7efe521892c52850ac6,0x40a6700b99115cda7b12bd0e21db1be8ae524bf2,2026-08-11T13:46:33,repeated_internal_token_drain;dense_internal_fund_flow;complex_trace;high_gas_used_context;token_activity_burst;repeated_risky_internal_calls,0xa9059cbb,true
25729749,0x3de5169d8e2a1a0f50e9325d096c9db45dd57dfdcea8c829c2478b03972f2336,0xab8d807a29560ee2f2bf97c752017052a3b5ffd8,0x0de8bf93da2f7eecb3d9169422413a9bef4ef628,2026-08-11T13:46:33,dense_internal_fund_flow;large_mint_to_sender;very_complex_trace;high_gas_used_context;token_activity_burst,0xc2580804,true
25729749,0x990777cf9f1644216550123f54ba2f1e30ca15ee53d2314ca82a7917668f2b92,0xbad000006db10503589262b55d09bb7b3c5e1472,0xbbbbb048b1a85ca221058c45525095b6a68bbbbb,2026-08-11T13:46:33,repeated_internal_token_drain;dense_internal_fund_flow;very_complex_trace;high_gas_used_context;token_activity_burst;repeated_risky_internal_calls,0xa9059cbb,true
25729749,0xee37f028a0e338c312b29e5015c81635464c534c06802038c963d543d18a8692,0x3d4e12d540cf67a9c38da66a20943acac075725d,0x1eeda6359b726f7e5a662288ed7f1793ed6788b9,2026-08-11T13:46:33,repeated_internal_token_drain;dense_internal_fund_flow;complex_trace;high_gas_used_context;token_activity_burst;repeated_risky_internal_calls,0xa9059cbb,true
25729749,0x36bc7682553ebbfa3447cb6b4f988a52f3f24ee0b582aa35183b0b30e924346b,0xd6434d157f254276d69ede3bd9fc805482206908,0x7ec8a30a34b86927dc77b302603d1d53e640bef7,2026-08-11T13:46:34,repeated_internal_token_drain;dense_internal_fund_flow;complex_trace;high_gas_used_context;token_activity_burst;repeated_risky_internal_calls,0xa9059cbb,true
25729749,0x43892e80241237d807e32152068e69913a922a8f564c1f522635860f97203677,0xe487832018fbd594c84f1db3dfac61cde98a5f36,0x91ff8bbd8ebb07893010d50a48a1609e5ebd8e34,2026-08-11T13:46:34,complex_trace;high_gas_used_context,0x069d1525,false
25729749,0xa6215d7ea9a3a177b59a85edd63aea46854400f6cff395c9a247c5ccd2a09f10,0x3cfdc212769c890907bce93d3d8c2c53de6a7a89,0x0000000071727de22e5e9d8baf0edac6f37da032,2026-08-11T13:46:34,privileged_execution_context;complex_trace,0x765e827f,false
25729749,0xd5583b28338d4a14238e7830fae36ca8ea723b7dd7699d354f4309b797c5c188,0xe487832018fbd594c84f1db3dfac61cde98a5f36,0x91ff8bbd8ebb07893010d50a48a1609e5ebd8e34,2026-08-11T13:46:34,complex_trace;high_gas_used_context,0x069d1525,false
25729750,0x8c077fe5c6b23a52b707ee272b91c1dcf9121a389c8488ddb5e250b0321e367a,0xc6acbee42e9e323140c1ed060c2f6ea9cc3b4b75,0x7c5a71c9fefbc7691f9d4ac7baf70c743792f716,2026-08-11T13:46:40,selfdestruct_context,0xf3fef3a3,false
25729750,0x0048dd61e0775f8283ab3c8d3383856f78769f0400a4c3778fba0ae9b74b46e6,0x7b02e757a86264acf2a4a7059ba38a84be052e59,0xbca3039a18c0d2f2f84ba8a028c67290bc045afa,2026-08-11T13:46:41,dense_internal_fund_flow,0x2090d831,true
25729750,0x25b38aa31085d98847726cdf0f576f44c70dc35b000c37d87c94a6d4796ea83e,0xe487832018fbd594c84f1db3dfac61cde98a5f36,0x91ff8bbd8ebb07893010d50a48a1609e5ebd8e34,2026-08-11T13:46:41,complex_trace;high_gas_used_context,0x069d1525,false
25729750,0x7bde33d40c6d2cc6098dd3968aaf509e4746cfcbb1abbe2a34c330cf2b111abe,0x59aab1bd0d26290274398c07b55955c15425e16b,0x00fe78205f5f0e63b8ad2b2ae5337f538a610e04,2026-08-11T13:46:41,complex_trace;high_gas_used_context,0x34fcd5be,false
25729751,0xa0d373f31169ae7b9f48ed97a5b64b90e16f9a076d88e73a2d6a093c5ab7dc8b,0xf12d0c166026e559e4315faf672d5ab5cdb74305,0x03f34be1bf910116595db1b11e9d1b2ca5d59659,2026-08-11T13:46:46,dense_internal_fund_flow;complex_trace,0xe47d166c,true
25729751,0x050fd90544967097a3a4c5cc43405cb2347cd1db1d7dfbac3893ec706546cf1b,0xe487832018fbd594c84f1db3dfac61cde98a5f36,0x91ff8bbd8ebb07893010d50a48a1609e5ebd8e34,2026-08-11T13:46:47,complex_trace;high_gas_used_context,0x069d1525,false
25729751,0x3f386e6f333709277f5f136982f348bb9e1ad727f686f1f333334b66c1f8bfc5,0xd6434d157f254276d69ede3bd9fc805482206908,0x7ec8a30a34b86927dc77b302603d1d53e640bef7,2026-08-11T13:46:47,repeated_internal_token_drain;dense_internal_fund_flow;complex_trace;high_gas_used_context;token_activity_burst;repeated_risky_internal_calls,0xa9059cbb,true
25729751,0x741e76501ec9f66942ae29a4abfdc497409431cdebc88936bfc575830d59580b,0xd6c757043e7d59088969b188923c62fa960afe9b,0x6566194141eefa99af43bb5aa71460ca2dc90245,2026-08-11T13:46:47,large_erc20_asset_flow,0x374f435d,true
25729751,0xa52ecd00314c179fba41d85b3d6224ba2403ef71efca315752225b2cccede517,0x5f8769281662a4af0175f7efe521892c52850ac6,0x40a6700b99115cda7b12bd0e21db1be8ae524bf2,2026-08-11T13:46:47,repeated_internal_token_drain;dense_internal_fund_flow;complex_trace;high_gas_used_context;token_activity_burst;repeated_risky_internal_calls,0xa9059cbb,true
25729752,0x6e834175b89a16b76fafb0b0ff98f6cc39b2f8dc7a6ecf95937debbc60a1f2c1,0xe99bd1c2dd70cd58e5efd47887991700e7318ce2,0xad3b67bca8935cb510c8d18bd45f0b94f54a968f,2026-08-11T13:46:54,complex_trace;high_gas_used_context;token_activity_burst;approval_burst,0x146ee74d,false
25729752,0x79823ab0bc8da1d05f59bff9680aa850973f995852ad51b246c1b0dbd562d965,0x1b2e668df159c7e06fec46bfc5949d0f7029ec04,0x9008d19f58aabd9ed0d60971565aa8510560ab41,2026-08-11T13:46:54,complex_trace;high_gas_used_context,0x13d79a0b,false
25729752,0x381fdf61af55e31d0e0aa249af75c1d4148a60339b80094ad7c36db021f0e814,0x59aab1bd0d26290274398c07b55955c15425e16b,0x00fe78205f5f0e63b8ad2b2ae5337f538a610e04,2026-08-11T13:46:56,complex_trace;high_gas_used_context;token_activity_burst,0x34fcd5be,false
25729752,0x60dc60e7dc00afee8b2954407bd2b06869725a677a2ef0e5e55671e5f8ee2dda,0x59aab1bd0d26290274398c07b55955c15425e16b,0x00fe78205f5f0e63b8ad2b2ae5337f538a610e04,2026-08-11T13:46:56,complex_trace;high_gas_used_context,0x34fcd5be,false
25729752,0xe4e10c61ec9a44a3307677457a61069511ad2e73c3535909a633eef4df75b52e,0x062ce42cae04c51d04e77e3d64cc8953a2296ffe,0x8a25a24ede9482c4fc0738f99611be58f1c839ab,2026-08-11T13:46:56,large_erc20_asset_flow;complex_trace,0x6a761202,true
25729752,0xee36aeefbff64e373f75abc544d4ebacece71610419b9af90cdb9c36b2353a10,0xe487832018fbd594c84f1db3dfac61cde98a5f36,0x91ff8bbd8ebb07893010d50a48a1609e5ebd8e34,2026-08-11T13:46:56,complex_trace;high_gas_used_context,0x069d1525,false
25729753,0xa9a40f12cb4044b68ff6f8805ea0907c40d5639d3da984b9dadc0cfddf48e710,0xd82f4947420e0f8315e6ce348c0e573334ed68e8,0x337685fdab40d39bd02028545a4ffa7d287cc3e2,2026-08-11T13:47:01,dense_internal_fund_flow;complex_trace,0x30dedc57,true
25729753,0xdfc25e4c6b73b02b2517d7eb23cf84319399b9e003aeff59d0953c56006a1e5e,0x70e59f9c304e4d5096bd408b571e2dcd99c3120b,0xad3b67bca8935cb510c8d18bd45f0b94f54a968f,2026-08-11T13:47:01,complex_trace;approval_burst,0x146ee74d,false
25729753,0x8695a430bec55b6d36672c41ca0cd9d7a12ef63f74ee585b2a98c5f2ac102446,0xbad000006db10503589262b55d09bb7b3c5e1472,0xbbbbb048b1a85ca221058c45525095b6a68bbbbb,2026-08-11T13:47:02,repeated_internal_token_drain;dense_internal_fund_flow;complex_trace;high_gas_used_context;token_activity_burst;repeated_risky_internal_calls,0xa9059cbb,true
25729753,0xc60974db89edf50c78de00f63dee7ed430eaadef69d35ac3901f425aeb4d3a0c,0xe487832018fbd594c84f1db3dfac61cde98a5f36,0x91ff8bbd8ebb07893010d50a48a1609e5ebd8e34,2026-08-11T13:47:02,complex_trace;high_gas_used_context,0x069d1525,false
25729754,0xaae3040c900ed0487002c5779d2c790187891de20b8abbd157b22e5269cb750d,0x4387018fc3390bf2faa96ac50789e99d1c47bc16,0xac9f360ae85469b27aeddeafc579ef2d052ad405,2026-08-11T13:47:09,dense_internal_fund_flow,0xe4899c13,true
25729754,0xab3c426c8cb8504ed55ccebd8855aa1b70e9e98a61aa231f486f461ba05cea59,0xd6434d157f254276d69ede3bd9fc805482206908,0x7ec8a30a34b86927dc77b302603d1d53e640bef7,2026-08-11T13:47:09,repeated_internal_token_drain;dense_internal_fund_flow;complex_trace;high_gas_used_context;token_activity_burst;repeated_risky_internal_calls,0xa9059cbb,true
25729754,0xdc4d49eb684047f89c7e3ec26f255811e10794ee1eb133c6a0b25cdd9dfd23e7,0xd714e1d25067c2421ea58b962d900732f77ab23b,0xcd2bdb8af031d29d2bc38ef08b842d31e344384c,2026-08-11T13:47:09,repeated_internal_token_drain;dense_internal_fund_flow;complex_trace;high_gas_used_context;token_activity_burst;repeated_risky_internal_calls,0xa9059cbb,true
25729754,0xeb7e0b48dea9e4535ff5f2216f49923cf9d975ad5e12451d1e2eea29d617a517,0x70e59f9c304e4d5096bd408b571e2dcd99c3120b,0xad3b67bca8935cb510c8d18bd45f0b94f54a968f,2026-08-11T13:47:09,complex_trace;approval_burst,0x146ee74d,false
25729754,0x40b502c82a20248bcae8a406989902ef21cd2f188b0046ca011642ef3fa4f30f,0xe487832018fbd594c84f1db3dfac61cde98a5f36,0x91ff8bbd8ebb07893010d50a48a1609e5ebd8e34,2026-08-11T13:47:10,complex_trace;high_gas_used_context,0x069d1525,false
25729754,0x69dd8b1cd915bd7a04db07b8572ec7c8804d39f3f8b4ad0335f41f9bfbf9150f,0x3cfdc212769c890907bce93d3d8c2c53de6a7a89,0x0000000071727de22e5e9d8baf0edac6f37da032,2026-08-11T13:47:11,privileged_execution_context;complex_trace,0x765e827f,false
25729755,0xde986ab54df461caeae632fda2690beb770d1f2808025d4b1e7e49d89e05d047,0xbad000006db10503589262b55d09bb7b3c5e1472,0xbbbbb048b1a85ca221058c45525095b6a68bbbbb,2026-08-11T13:47:17,repeated_internal_token_drain;dense_internal_fund_flow;complex_trace;high_gas_used_context;token_activity_burst;repeated_risky_internal_calls,0xa9059cbb,true
25729755,0xfa2d4257b102a04ff3a5a3661df8494b91d886de091c1b2cb3411ec5a1f4cf7f,0xe487832018fbd594c84f1db3dfac61cde98a5f36,0x91ff8bbd8ebb07893010d50a48a1609e5ebd8e34,2026-08-11T13:47:18,complex_trace;high_gas_used_context,0x069d1525,false
25729756,0x89609e08462261c51071041e559eb2879ffb72eb9ec33eaacf8463ced0c23d31,0xab8d807a29560ee2f2bf97c752017052a3b5ffd8,0x0de8bf93da2f7eecb3d9169422413a9bef4ef628,2026-08-11T13:47:22,dense_internal_fund_flow;large_mint_to_sender;very_complex_trace;high_gas_used_context;token_activity_burst,0xc2580804,true
25729756,0x171fb4386dd1d713afbdd33b14501b2ab5f58f05475ef3ce9e0b16a293c0933a,0x091179e3c74e33545ce8cc07fa385827256cb84f,0x6141718f8a599f14f6ce7bbb0cd2366c191fb7de,2026-08-11T13:47:23,repeated_internal_token_drain;dense_internal_fund_flow;privileged_execution_context;very_complex_trace;high_gas_used_context;token_activity_burst;approval_burst,0x09c5eabe,true
25729756,0x82432cea6309117358fbcbe99692e53bbf96689ff3a4aa3e852b3ff3185ee6f3,0xe487832018fbd594c84f1db3dfac61cde98a5f36,0x91ff8bbd8ebb07893010d50a48a1609e5ebd8e34,2026-08-11T13:47:23,complex_trace;high_gas_used_context,0x069d1525,false
25729756,0x9f9a653ce3e7cd12bcd95d5f81fb76c349038f8c31a23e58cf77b001c9ee6b34,0xd714e1d25067c2421ea58b962d900732f77ab23b,0xcd2bdb8af031d29d2bc38ef08b842d31e344384c,2026-08-11T13:47:23,repeated_internal_token_drain;dense_internal_fund_flow;complex_trace;high_gas_used_context;token_activity_burst;repeated_risky_internal_calls,0xa9059cbb,true
25729756,0xe9678747db4531c07f4fd84e27f9e115e68dbdc0214868925049a31347a4ce03,0x5451794e3d44f1db21649c11518b832b7352bd15,0xbf7fe109f674ab1341d69e67a262e50ce87eb7c1,2026-08-11T13:47:23,high_gas_used_context;token_activity_burst,0x9f58dd7a,false
25729757,0x471a9cd687f7f964b480af9846848a904d47edf0f89887e23c7c2da24dd31eb0,0x079628b8b81cd51e269dac0c1ec8655f889eb971,0xcfc7f4a7caa3ad175e179a0df4dac2425d1d40db,2026-08-11T13:47:31,repeated_internal_token_drain;dense_internal_fund_flow;privileged_execution_context;very_complex_trace;high_gas_used_context;token_activity_burst;approval_burst,0x9ada0048,true
25729757,0x70a42b4ee3a6dac83041ca1d7c03384938475cbe2dae60c50494b3ae15a390ed,0xe7488e7f5c60bfa81d38965c02b4cc5aa6249a11,0x000000000004598d17aad017bf0734a364c5588b,2026-08-11T13:47:31,complex_trace;high_gas_used_context,0x0fbb12dc,false
25729757,0x9527249f0c2f341bc620876cffe3181a91803e30c40f849c682e10a9432a328e,0x7830c87c02e56aff27fa8ab1241711331fa86f43,0xa9d1e08c7793af67e9d92fe308d5697fb81d3e43,2026-08-11T13:47:31,dense_internal_fund_flow,0x1a1da075,true
25729757,0xae7cc337534e5f87753386bac01c876bed44f24c8c5f717c8793676272ca17e4,0x023ab8e20a4682d315daef4c91db96bd77934d66,0x6a000f20005980200259b80c5102003040001068,2026-08-11T13:47:31,dense_internal_fund_flow;complex_trace,0xe3ead59e,true
25729757,0xbb73ca7d4c5a26fc8d114854d45b41597bc834431970f4c44f31ef44928d47dd,0xab8d807a29560ee2f2bf97c752017052a3b5ffd8,0x0de8bf93da2f7eecb3d9169422413a9bef4ef628,2026-08-11T13:47:31,dense_internal_fund_flow;large_mint_to_sender;very_complex_trace;high_gas_used_context;token_activity_burst,0xc2580804,true
25729757,0xc3428809f1b670c06c4e6e315b045287cb62743d2f14fc39b02af42a6cf0d6e8,0xa154b98e53fc35e1bad1ff758acbc8c629bdcd2b,0x19917386eeae67b6ff7ddf07de4019fca40aa4ec,2026-08-11T13:47:31,repeated_internal_token_drain;dense_internal_fund_flow;very_complex_trace;high_gas_used_context;token_activity_burst;repeated_risky_internal_calls,0xa9059cbb,true
25729757,0xed197599f2e72a04ca2c8d18c55c6c6e49d682d82ba3f3bac1915d25f793ba4b,0x754dcfb2861547015b221e963b4133a71dbdc024,0x3e07be15370d8b12d80a159a7ef14b9e51869497,2026-08-11T13:47:31,dense_internal_fund_flow;complex_trace,0x21af54c6,true
25729757,0x15b524b63fc7bfd68bb6c600520703c56c9994cb518239889c3e7d350f9ea470,0x09cfee647fa339133380191c8db6b44f24500c9d,0x77b85afbcd336993ac1c65057531c5a5b33b76b8,2026-08-11T13:47:32,high_gas_used_context;token_activity_burst,0xa9059cbb,false
25729757,0x456fe0fb4a9fc7248e013695fd688de31711089a9287912916452a487310a8dc,0xde7a849216aa3884d53d84ecb02c19eb67e5dae2,0x7d9f4ca54131e588fc1fe577973b55fb11231e76,2026-08-11T13:47:32,high_gas_used_context;token_activity_burst,0x6aac3a0b,false
25729757,0x88f0cc6c44613a3bbef0b2b6edb488426348e9ae6a276d32b8703538eefffdc9,0xe487832018fbd594c84f1db3dfac61cde98a5f36,0x91ff8bbd8ebb07893010d50a48a1609e5ebd8e34,2026-08-11T13:47:32,complex_trace;high_gas_used_context,0x069d1525,false
25729757,0x9348047e3993a31006c139c0bb36964ff04042efdfff89472271e28803907a10,0x00d9fe085d99b33ab2aae8063180c63e23bf2e69,0x75884f3ada15c953529abaac6549d5204135ec36,2026-08-11T13:47:32,repeated_internal_token_drain;dense_internal_fund_flow;complex_trace;high_gas_used_context;token_activity_burst;repeated_risky_internal_calls,0xa9059cbb,true
25729757,0xe419ef67d8063d0bc39cea4146dcef7f2baabce4c05ff073af88c630280e7a0d,0xdda3b51e29f9d6fad865c5dd7070d5f7eb57663e,0x8d8210a0252a706cb5de0c6f8e46b6d3692afc19,2026-08-11T13:47:32,complex_trace;high_gas_used_context,0xffc3a769,false
25729758,0xd8e5f721c48f93ba3fb20bfdaeda11b2916cf94a684c7826ddccd83c27eb5af8,0x5b43453fce04b92e190f391a83136bfbecedefd1,0xbdb3ba9ffe392549e1f8658dd2630c141fdf47b6,2026-08-11T13:47:40,complex_trace;token_activity_burst,0x000000c3,false
25729758,0x057efebb7f7c7702fdfc4f59ad97981eefeb2a465140b68629ae9b061a2ea7df,0xe99bd1c2dd70cd58e5efd47887991700e7318ce2,0xad3b67bca8935cb510c8d18bd45f0b94f54a968f,2026-08-11T13:47:41,complex_trace;approval_burst,0x146ee74d,false
25729758,0xed5d870d7a23959324e1f8a5b52dfe8e7900bbff8800682cd29129fbf2f375e9,0xc6acbee42e9e323140c1ed060c2f6ea9cc3b4b75,0x7c5a71c9fefbc7691f9d4ac7baf70c743792f716,2026-08-11T13:47:41,selfdestruct_context,0xf3fef3a3,false
25729758,0x912807c05eb335349fd61de5d10728b63c6150c761d2e5c47bf3f2dcacb6d650,0xd6434d157f254276d69ede3bd9fc805482206908,0x7ec8a30a34b86927dc77b302603d1d53e640bef7,2026-08-11T13:47:42,repeated_internal_token_drain;dense_internal_fund_flow;complex_trace;high_gas_used_context;token_activity_burst;repeated_risky_internal_calls,0xa9059cbb,true
25729759,0x67e007b7a8c5b0f182b6f24f4a2d3c947ae2b4b41bf1a8598ecd424c88a40c9f,0x00d9fe085d99b33ab2aae8063180c63e23bf2e69,0x75884f3ada15c953529abaac6549d5204135ec36,2026-08-11T13:47:50,repeated_internal_token_drain;dense_internal_fund_flow;complex_trace;high_gas_used_context;token_activity_burst;repeated_risky_internal_calls,0xa9059cbb,true
25729759,0x51b95608ff805cf78d19ffde9de8e25699f9144a51c5e938e77c48ceb7fc3a66,0xf719d44b5a7bac51101daf18a0990b46c9263dc9,0xbf7fe109f674ab1341d69e67a262e50ce87eb7c1,2026-08-11T13:47:51,high_gas_used_context;token_activity_burst,0x9f58dd7a,false
25729760,0x52827d9e257beaed4e9eba9e400eb538884723d111b7e49cc53c6abd36b264ea,0xa154b98e53fc35e1bad1ff758acbc8c629bdcd2b,0x19917386eeae67b6ff7ddf07de4019fca40aa4ec,2026-08-11T13:48:00,repeated_internal_token_drain;dense_internal_fund_flow;complex_trace;high_gas_used_context;token_activity_burst;repeated_risky_internal_calls,0xa9059cbb,true
25729762,0x06c7263cb7a59b6531e93c411deff5c9242aa57d957182733724593d68bd84f8,0x7fe4df63d71e6529c2b870bfe311dd1e3cbe3ad2,0x0de8bf93da2f7eecb3d9169422413a9bef4ef628,2026-08-11T13:48:19,complex_trace;high_gas_used_context,0xb1ae2ed1,false
25729762,0x0ee88a94501bbebd92311b41ca7a744712f76156c83e658286420efb8f379c16,0x7830c87c02e56aff27fa8ab1241711331fa86f43,0xa9d1e08c7793af67e9d92fe308d5697fb81d3e43,2026-08-11T13:48:19,large_erc20_asset_flow;token_activity_burst,0xca350aa6,true
25729762,0x2e530baf092448bd74d1d2050c089b7ec51a906265caba8d5185c1fe2b9fbd08,0x7fe4df63d71e6529c2b870bfe311dd1e3cbe3ad2,0x0de8bf93da2f7eecb3d9169422413a9bef4ef628,2026-08-11T13:48:19,complex_trace;high_gas_used_context,0xb1ae2ed1,false
25729762,0x96b7d1444432649de68bac94f73d8621c3622931377a1ab87dd7758b4b39f3c7,0x7fe4df63d71e6529c2b870bfe311dd1e3cbe3ad2,0x0de8bf93da2f7eecb3d9169422413a9bef4ef628,2026-08-11T13:48:19,complex_trace;high_gas_used_context,0xb1ae2ed1,false
25729762,0xbf8601b862bbbf313faf4e41e09bd44745e325524cb51436860e5237f2b727e9,0x7fe4df63d71e6529c2b870bfe311dd1e3cbe3ad2,0x0de8bf93da2f7eecb3d9169422413a9bef4ef628,2026-08-11T13:48:19,complex_trace;high_gas_used_context,0xb1ae2ed1,false
25729762,0xcde4ce74a225de5c925b0d5a4cc5196cacb42d4abbad8cf56ccd7559fb9b367d,0xf279dfcdd57e1571c95e2c5b7e2ee453cbcdf77f,0x0000000071727de22e5e9d8baf0edac6f37da032,2026-08-11T13:48:19,complex_trace;high_gas_used_context,0x765e827f,false
25729762,0x468aa6382d4de8f454fc0d277d6a2b2d7f427f7d3ea184e527393ebc9a2ce408,0x7fe4df63d71e6529c2b870bfe311dd1e3cbe3ad2,0x0de8bf93da2f7eecb3d9169422413a9bef4ef628,2026-08-11T13:48:20,complex_trace;high_gas_used_context,0xb1ae2ed1,false
25729763,0x302767ed1de9e57cd650d5f5a1a9c5f304bdc1ef0f9be78790a37b1cde96a283,0xf93a5f0a4925eec32cd585641c88a498523f383c,0x6131b5fae19ea4f9d964eac0408e4408b66337b5,2026-08-11T13:48:25,large_erc20_asset_flow;complex_trace;high_gas_used_context,0xe21fd0e9,true
25729763,0x7de6ed07ba6334d7a06048ef751d6fc3fe85e141d7fe2447d5674eece5636219,0x70e59f9c304e4d5096bd408b571e2dcd99c3120b,0xad3b67bca8935cb510c8d18bd45f0b94f54a968f,2026-08-11T13:48:25,complex_trace;high_gas_used_context;token_activity_burst;approval_burst,0x146ee74d,false
25729763,0xecf4824c0b4b76acc2a7d2a6b61904051072113190c081504c6a78cbb952e8cf,0xbad000006db10503589262b55d09bb7b3c5e1472,0xbbbbb048b1a85ca221058c45525095b6a68bbbbb,2026-08-11T13:48:25,repeated_internal_token_drain;dense_internal_fund_flow;complex_trace;high_gas_used_context;token_activity_burst;repeated_risky_internal_calls,0xa9059cbb,true
25729763,0x243c8d9beaa384f327f53a8f429ae1294cc84884c3c66b9ef40f4bf70b3b7765,0xd6434d157f254276d69ede3bd9fc805482206908,0x7ec8a30a34b86927dc77b302603d1d53e640bef7,2026-08-11T13:48:26,repeated_internal_token_drain;dense_internal_fund_flow;complex_trace;high_gas_used_context;token_activity_burst;repeated_risky_internal_calls,0xa9059cbb,true
25729763,0x2c826f9e8aae5d46e9b77f9949c061a15f91b0585cfad7b6e044898db87c9937,0x1584a8ee67789d1fe161065388657ad2f2a3c7dd,0x77eb52e44db06777bce478159f25c0d55a295314,2026-08-11T13:48:26,repeated_internal_token_drain;dense_internal_fund_flow;complex_trace;token_activity_burst;repeated_risky_internal_calls,0xa9059cbb,true
25729763,0xe5a1c0da7d1f8e60139571d00cbe3e66719f55cd07c5a6d187ed5c75726e20b1,0x82dc8618f2b4365a0b90ba430c45ceb8100c93cb,0xd523794c879d9ec028960a231f866758e405be34,2026-08-11T13:48:26,dense_internal_fund_flow;complex_trace,0x3a29dbae,true
25729764,0x7fead5937b463bcb6c3e796dc69608acfd2fb04fa9ae4cb70145afe118241f31,0xe99bd1c2dd70cd58e5efd47887991700e7318ce2,0xad3b67bca8935cb510c8d18bd45f0b94f54a968f,2026-08-11T13:48:32,complex_trace;token_activity_burst;approval_burst,0x146ee74d,false
25729764,0x49dcea99815ede137eb86d5623d6640cbefed77c9191139fdabc165e4efc8a0e,0xdda3b51e29f9d6fad865c5dd7070d5f7eb57663e,0x8d8210a0252a706cb5de0c6f8e46b6d3692afc19,2026-08-11T13:48:35,complex_trace;high_gas_used_context,0xffc3a769,false
25729764,0x8a920ab7feabbc8912d30afe2c84d554c8f75a3337706a7a37438f689785b141,0xb4de53ddbf53f719ca7f3ffd9024d7de1c8fea98,0xbf7fe109f674ab1341d69e67a262e50ce87eb7c1,2026-08-11T13:48:36,high_gas_used_context;token_activity_burst,0x9f58dd7a,false
25729765,0x734a9a9b169f540ab45556c68d63897253be6a6afc391b865495fad03a0a8e93,0xab8d807a29560ee2f2bf97c752017052a3b5ffd8,0x0de8bf93da2f7eecb3d9169422413a9bef4ef628,2026-08-11T13:48:55,dense_internal_fund_flow;large_mint_to_sender;very_complex_trace;high_gas_used_context;token_activity_burst,0xc2580804,true
25729765,0x9e2a72c9469484b64c20c525014e46cd3946beb4f757042de750fa23e5b60df0,0xf279dfcdd57e1571c95e2c5b7e2ee453cbcdf77f,0x0000000071727de22e5e9d8baf0edac6f37da032,2026-08-11T13:48:55,complex_trace;high_gas_used_context,0x765e827f,false
25729765,0x42eb353c576b61b341a25e1a6d59614ca8c5df0aeb67dc0e9f2d4e5532e0072c,0xa154b98e53fc35e1bad1ff758acbc8c629bdcd2b,0x19917386eeae67b6ff7ddf07de4019fca40aa4ec,2026-08-11T13:48:56,repeated_internal_token_drain;dense_internal_fund_flow;very_complex_trace;high_gas_used_context;token_activity_burst;repeated_risky_internal_calls,0xa9059cbb,true
25729765,0x7fe129582fb28aaba502b7551ddc3b98526e65f207f6acd10c18ed0aa9570229,0xdda3b51e29f9d6fad865c5dd7070d5f7eb57663e,0x8d8210a0252a706cb5de0c6f8e46b6d3692afc19,2026-08-11T13:48:56,complex_trace;high_gas_used_context,0xffc3a769,false
25729765,0x07868464cf2e22f64a52efc8b2fb586eb9dc0269f712ed0c11465745b3c4164b,0xffeccc607ccc708f4ed224e00c9f3bd33acc8d38,0xbf7fe109f674ab1341d69e67a262e50ce87eb7c1,2026-08-11T13:48:57,high_gas_used_context;token_activity_burst,0x9f58dd7a,false
25729765,0x0da79cdb073846adf176345520f23c2c2a8aca8200bc7defe09be274aebc16a0,0xd6434d157f254276d69ede3bd9fc805482206908,0x7ec8a30a34b86927dc77b302603d1d53e640bef7,2026-08-11T13:48:57,repeated_internal_token_drain;dense_internal_fund_flow;complex_trace;high_gas_used_context;token_activity_burst;repeated_risky_internal_calls,0xa9059cbb,true
25729765,0x0dc6184aaab9362b22ef1704ed452af836cdade6c2343b2dbf96d0273613648c,0xd6c757043e7d59088969b188923c62fa960afe9b,0x6566194141eefa99af43bb5aa71460ca2dc90245,2026-08-11T13:48:57,large_erc20_asset_flow,0x374f435d,true
25729765,0x430cbebf6abecdfc8895be6a9d64b661c1564815f53d04fa2593fe3714512819,0x59aab1bd0d26290274398c07b55955c15425e16b,0x00fe78205f5f0e63b8ad2b2ae5337f538a610e04,2026-08-11T13:48:57,complex_trace;high_gas_used_context,0x34fcd5be,false
25729765,0x9c58176b6e25ee8212daee9aff3108e9ad530c9c3461d1bd548258b27d0b1d4e,0xcf1369d6cdd148af5af04f4002dee9a00c7f8ae9,0xf4e147db314947fc1275a8cbb6cde48c510cd8cf,2026-08-11T13:48:57,privileged_execution_context,0x760d0f9d,false
25729766,0x5f51c279a43a16157b84a1956941b26d0092e196fab6647612d16827ae86fd4f,0xab8d807a29560ee2f2bf97c752017052a3b5ffd8,0x0de8bf93da2f7eecb3d9169422413a9bef4ef628,2026-08-11T13:49:14,dense_internal_fund_flow;large_mint_to_sender;very_complex_trace;high_gas_used_context;token_activity_burst,0xc2580804,true
25729766,0x15ba52aca935723194dd2627eaee7ce89555e547eb8d6a501fd81d2f9a831acf,0x3d4e12d540cf67a9c38da66a20943acac075725d,0x1eeda6359b726f7e5a662288ed7f1793ed6788b9,2026-08-11T13:49:15,repeated_internal_token_drain;dense_internal_fund_flow;complex_trace;high_gas_used_context;token_activity_burst;repeated_risky_internal_calls,0xa9059cbb,true
25729766,0x56095c6183c1fb3e50414b21f3866700ead1b0491242bac8346282bc5a0e7851,0x5609bb231ec547c727d65eb6811ccd0c731339de,0xf4e147db314947fc1275a8cbb6cde48c510cd8cf,2026-08-11T13:49:15,privileged_execution_context,0x760d0f9d,false
25729766,0xe3c7dac7c3c84d1469c7d292b2da128bb8ff956531b2c943551dfc89647b7d26,0xd6434d157f254276d69ede3bd9fc805482206908,0x7ec8a30a34b86927dc77b302603d1d53e640bef7,2026-08-11T13:49:15,repeated_internal_token_drain;dense_internal_fund_flow;complex_trace;high_gas_used_context;token_activity_burst;repeated_risky_internal_calls,0xa9059cbb,true
25729767,0x963b8993ee50bdbb2cf41a1019896b2e2d4dde0d3c43ee2d1a0ce673b6b72884,0xbad000006db10503589262b55d09bb7b3c5e1472,0xbbbbb048b1a85ca221058c45525095b6a68bbbbb,2026-08-11T13:49:26,repeated_internal_token_drain;dense_internal_fund_flow;very_complex_trace;high_gas_used_context;token_activity_burst;repeated_risky_internal_calls,0xa9059cbb,true
25729768,0xc8b424d91e3b3942af1bf32b191d3ccfa48492f88201b7413bed13f9b835b3fa,0x865a657b9bf5ba6dbdd94a360f6e771467e72751,0x663dc15d3c1ac63ff12e45ab68fea3f0a883c251,2026-08-11T13:49:44,dense_internal_fund_flow;complex_trace,0x4d8160ba,true
25729768,0x04a971b1fd9a867282987361651de47b5394693149b5612ab44ad93e21492033,0xd6434d157f254276d69ede3bd9fc805482206908,0x7ec8a30a34b86927dc77b302603d1d53e640bef7,2026-08-11T13:49:45,repeated_internal_token_drain;dense_internal_fund_flow;complex_trace;high_gas_used_context;token_activity_burst;repeated_risky_internal_calls,0xa9059cbb,true
25729768,0x3a5535be164c4ac7515a5aaf533539bb220d7d9cee78d86840d064474e5b18fe,0xe99bd1c2dd70cd58e5efd47887991700e7318ce2,0xad3b67bca8935cb510c8d18bd45f0b94f54a968f,2026-08-11T13:49:45,complex_trace;high_gas_used_context;token_activity_burst;approval_burst,0x146ee74d,false
25729768,0x3bf81631b863dfe2b05f41a271e0a77e8fbb07a9bf7231effe87146438c71195,0xde7a849216aa3884d53d84ecb02c19eb67e5dae2,0x7d9f4ca54131e588fc1fe577973b55fb11231e76,2026-08-11T13:49:45,high_gas_used_context;token_activity_burst,0x6aac3a0b,false
25729768,0x415b0261661d855b836240397eb5ef0e82c9dca1af3a1f7e5c510ef64493f7c4,0xdda3b51e29f9d6fad865c5dd7070d5f7eb57663e,0x8d8210a0252a706cb5de0c6f8e46b6d3692afc19,2026-08-11T13:49:45,complex_trace;high_gas_used_context,0xffc3a769,false
25729768,0x46662a29cb76b8857b3cf60965d9f2c0077628d5f13790c6f52300dc989c30c9,0x5f8769281662a4af0175f7efe521892c52850ac6,0x40a6700b99115cda7b12bd0e21db1be8ae524bf2,2026-08-11T13:49:45,repeated_internal_token_drain;dense_internal_fund_flow;complex_trace;high_gas_used_context;token_activity_burst;repeated_risky_internal_calls,0xa9059cbb,true
25729768,0xb4af4294608765fe75b1e60ec1e4752347e03fb9b7c42959886d276d03d2e053,0x353c1f5ca98f8aa984373bf7cdb8d807700442cc,0x095bfaca9f1c6f2b063cd67c6d6bfcd0c3aab7b4,2026-08-11T13:49:45,large_erc20_asset_flow;complex_trace,0xdb006a75,true
25729768,0x0b33a91a8f15afbc64557f11992c73adffe6861a01c2c38abda39d2278c301b2,0xa0c85ffaff895c0cf5aed1993dc6e3195adf593b,0x9b6eda8460ac664287493038b23f25b03dfbbdb1,2026-08-11T13:49:46,complex_trace;high_gas_used_context,0x469f504f,false
25729768,0xd151c212d871b6392f398d57d2bde63c1f1d0b8a66e99ef090f3458a7c555ac0,0x59aab1bd0d26290274398c07b55955c15425e16b,0x00fe78205f5f0e63b8ad2b2ae5337f538a610e04,2026-08-11T13:49:46,complex_trace;high_gas_used_context,0x34fcd5be,false
25729768,0xde6a4780f1eee38b5c8e8e5d05c3dab1b34633c5056e46661ade9482b32c02d1,0x521bfdfd090abb6a3f22e812b6273a1728da9afa,0xbf7fe109f674ab1341d69e67a262e50ce87eb7c1,2026-08-11T13:49:46,high_gas_used_context;token_activity_burst,0x9f58dd7a,false
25729770,0x3bd89ebfe510a85100efa2614cd3d307b08de0a9002fb5b4a1c168660e1cc854,0x3ad6c6bc6de6fce6433ffeafb133435ad933fd30,0xac9f360ae85469b27aeddeafc579ef2d052ad405,2026-08-11T13:50:20,dense_internal_fund_flow,0xe4899c13,true
25729770,0x8d250d482ef1cc70a56ed0b70bd40d9d189d16191ab98b4f56398e2c83faba0b,0x5a4fc9dd7b390a0f9b2909a0c34ce55cedc42377,0x42571bfaebdd19aa20fce15fc97e59ff25090385,2026-08-11T13:50:20,dense_internal_fund_flow;high_gas_used_context;token_activity_burst,0x983bc41b,true
25729770,0x9b8c8ee321b3f7df941a5d355e003874e1705532a8d6b43f13596bf128b1c7eb,0xb4c5355f35e0fc4a3dafc55f64319416e154fb11,0xf993aef0fe2018d01ec10cbdffeb1836de9c196e,2026-08-11T13:50:20,complex_trace;high_gas_used_context;token_activity_burst,0x11d86e13,false
25729770,0x2585681f59c83406146987ef2d6ee6a87634bd24f657be4e55e03628e9f91c55,0x1584a8ee67789d1fe161065388657ad2f2a3c7dd,0x77eb52e44db06777bce478159f25c0d55a295314,2026-08-11T13:50:21,repeated_internal_token_drain;dense_internal_fund_flow;complex_trace;token_activity_burst;repeated_risky_internal_calls,0xa9059cbb,true
25729770,0x640b0cb4cfc12a9276ffd84ec6625f91a3417bb998c576fe48af2e9ca5351193,0xd6434d157f254276d69ede3bd9fc805482206908,0x7ec8a30a34b86927dc77b302603d1d53e640bef7,2026-08-11T13:50:21,repeated_internal_token_drain;dense_internal_fund_flow;complex_trace;high_gas_used_context;token_activity_burst;repeated_risky_internal_calls,0xa9059cbb,true
25729770,0xa60c2c7193af2df0734543adbddfdae936b3db9196a65b367402fbda3a660955,0xc6877a65349b0fa45cc61a267ee682c7abf2b369,0xbd7d6a9ad7865463de44b05f04559f65e3b11704,2026-08-11T13:50:21,dense_internal_fund_flow;complex_trace,0x80500d20,true
25729770,0xcb7b5e70c5b6f4888939386a6383c2ea1fef98ee430e5ada79d2507fb752b8bc,0xeedde90d2293265121152a33c22db68221e6b6f8,0x542298e710b32b49883577883b75b39ef18883ce,2026-08-11T13:50:21,complex_trace;approval_burst,0x1cff79cd,false
25729770,0xcfcab5ef38cf6356f82a71b4115cb57bd614d38b4d95d803c76db2d0bfecfe71,0xd714e1d25067c2421ea58b962d900732f77ab23b,0xcd2bdb8af031d29d2bc38ef08b842d31e344384c,2026-08-11T13:50:21,repeated_internal_token_drain;dense_internal_fund_flow;complex_trace;high_gas_used_context;token_activity_burst;repeated_risky_internal_calls,0xa9059cbb,true
25729770,0xdce3dd0c90f362f64a41a0fe02ee1ed7e3191f273328a1f93539d3a4e4e965dd,0x5f8769281662a4af0175f7efe521892c52850ac6,0x40a6700b99115cda7b12bd0e21db1be8ae524bf2,2026-08-11T13:50:21,repeated_internal_token_drain;dense_internal_fund_flow;complex_trace;high_gas_used_context;token_activity_burst;repeated_risky_internal_calls,0xa9059cbb,true
25729770,0x7c04427d05773587fc0bd2a60320412a1aaee9f9a8e3efea748ff89bcb8634b3,0xa154b98e53fc35e1bad1ff758acbc8c629bdcd2b,0x19917386eeae67b6ff7ddf07de4019fca40aa4ec,2026-08-11T13:50:22,repeated_internal_token_drain;dense_internal_fund_flow;complex_trace;high_gas_used_context;token_activity_burst;repeated_risky_internal_calls,0xa9059cbb,true
25729771,0xc8f5ca095a3c1b9d9133da9ed4583d7762c4c92c4712bd7aa65992da42fd10a1,0x59aab1bd0d26290274398c07b55955c15425e16b,0x00fe78205f5f0e63b8ad2b2ae5337f538a610e04,2026-08-11T13:50:35,complex_trace;high_gas_used_context,0x34fcd5be,false
25729771,0xf683497c5060b18214e20a1a4c674bff9c5407a1a03a23fc45c61ae2b498988e,0x59aab1bd0d26290274398c07b55955c15425e16b,0x00fe78205f5f0e63b8ad2b2ae5337f538a610e04,2026-08-11T13:50:35,complex_trace;high_gas_used_context,0x34fcd5be,false
25729772,0x8e38176189649247fbdfdc0b95f408301c895dd0a688f9b2ebdffe755f76ff94,0x17a9aa3f7945fb00c2eb16857baa4adb63da59db,0x0000000071727de22e5e9d8baf0edac6f37da032,2026-08-11T13:50:45,complex_trace;high_gas_used_context,0x765e827f,false
25729772,0xa43ad13c58945c7aa7d2cefd38ea3ee7d6b9981e64144123d542ba4a7235e28f,0x7b341ac74d0576ad0feac821d5c2ee6c52b75a03,0x3154cf16ccdb4c6d922629664174b904d80f2c35,2026-08-11T13:50:45,large_erc20_asset_flow;complex_trace,0x58a997f6,true
25729772,0xe12582a0ac0acd116f0d3973262b9f29fca31be1bfd129152a29158403836251,0x754dcfb2861547015b221e963b4133a71dbdc024,0x3e07be15370d8b12d80a159a7ef14b9e51869497,2026-08-11T13:50:45,dense_internal_fund_flow;complex_trace,0x21af54c6,true
25729772,0xf3c76400c0ad0fc7c8c7951b1a5c974e9a49a1c841ef7cebc68f40c6bfd3365b,0xfbe2aade8c4fae6445918dabb822bc98bced859f,0x3154cf16ccdb4c6d922629664174b904d80f2c35,2026-08-11T13:50:45,large_erc20_asset_flow;complex_trace,0x58a997f6,true
25729772,0x1eb1a2ef6db3eb69eadea2f6b96553529c331c18262f8735ed37d3638c78dfa1,0xd714e1d25067c2421ea58b962d900732f77ab23b,0xcd2bdb8af031d29d2bc38ef08b842d31e344384c,2026-08-11T13:50:46,repeated_internal_token_drain;dense_internal_fund_flow;complex_trace;high_gas_used_context;token_activity_burst;repeated_risky_internal_calls,0xa9059cbb,true
25729772,0x2da639f0ee670204ef43dc3699206de105e1252b6a898968fdc815184f6c9e09,0x22ea4a4d930c3b538e05fe4176e9c1e359c68c9f,0x0000000000000068f116a894984e2db1123eb395,2026-08-11T13:50:46,complex_trace;high_gas_used_context,0x87201b41,false
25729772,0xd39d46c62572574216e44f037e6734cb34ccdd5396cb4fbe9de2670cc35bf61c,0xd6434d157f254276d69ede3bd9fc805482206908,0x7ec8a30a34b86927dc77b302603d1d53e640bef7,2026-08-11T13:50:46,repeated_internal_token_drain;dense_internal_fund_flow;complex_trace;high_gas_used_context;token_activity_burst;repeated_risky_internal_calls,0xa9059cbb,true
25729772,0xda654916b7e0a565e7a9acb7288e93a89dccdbcdc11e5680a56ca3c52a49b12d,0xf48d1bec9308e5a3ea6fa6b37c749a766daec70c,0x28b1dc1a5e3699a428bc51d234dfab7c9cb2a183,2026-08-11T13:50:46,complex_trace;high_gas_used_context,0x0c307f76,false
25729772,0x90d262de5db8a275dedd3b4b65770cf44078932fc5f83e6d8b02ae3407c31539,0xfbf8084fb81da2e24f9edd821172efef1b74f218,0x349a73444b1a310bae67ef67973022020d70020d,2026-08-11T13:50:48,very_complex_trace;high_gas_used_context,0x51ce226a,false
25729773,0x0072384ace8fd4159d5c59f27ed01c58404bf2d67cc9226b853eb8f2b3b335f0,0xb88842d381592429cada3b3475efd61eaff2751d,0xec4fb7e7c35c241e1138a2d8cfbb09f3ad1ccb22,2026-08-11T13:50:53,dense_internal_fund_flow;complex_trace,0x349fc6bf,true
25729773,0xabaa609f803f46b875c8be8f4ff78e1595ed54b477a322581c26cb27a12b3e54,0xbed03239b3180534e374729c889aee3b0d08c2ca,0x4296339b4ff8e67f07de40d97a49a680f2598e0f,2026-08-11T13:50:54,large_erc20_asset_flow,0x411bac04,true
25729774,0x267688f0b97647c312d52ef634ee368d4d75afdec40b1ddf9919d981f1ba8634,0x59aab1bd0d26290274398c07b55955c15425e16b,0x00fe78205f5f0e63b8ad2b2ae5337f538a610e04,2026-08-11T13:51:01,complex_trace;high_gas_used_context,0x34fcd5be,false
25729774,0x6466f78b2164039b8e5f2b6ee9161181c9415f04f1c369a065be6d3b2d3c9234,0x8c9bb0ef918a838bb271cecd252bb9d289672e7e,0x663dc15d3c1ac63ff12e45ab68fea3f0a883c251,2026-08-11T13:51:01,complex_trace;high_gas_used_context;token_activity_burst,0x4d8160ba,false
25729774,0x874b1ed80a9b164154a672918a33215abb021d57fd3f2f1f28a51b77180f2ae2,0xd6434d157f254276d69ede3bd9fc805482206908,0x7ec8a30a34b86927dc77b302603d1d53e640bef7,2026-08-11T13:51:01,repeated_internal_token_drain;dense_internal_fund_flow;complex_trace;high_gas_used_context;token_activity_burst;repeated_risky_internal_calls,0xa9059cbb,true
25729774,0xd2c8eba1801108a264690d26601fc1bf1a762b180db19fbe8db96a5da7219b87,0xd714e1d25067c2421ea58b962d900732f77ab23b,0xcd2bdb8af031d29d2bc38ef08b842d31e344384c,2026-08-11T13:51:01,repeated_internal_token_drain;dense_internal_fund_flow;complex_trace;high_gas_used_context;token_activity_burst;repeated_risky_internal_calls,0xa9059cbb,true
25729774,0xe5ee8fe7275ead814253feb620ab07fa815166807a49604a463293d25056b4af,0x00d9fe085d99b33ab2aae8063180c63e23bf2e69,0x75884f3ada15c953529abaac6549d5204135ec36,2026-08-11T13:51:01,repeated_internal_token_drain;dense_internal_fund_flow;complex_trace;high_gas_used_context;token_activity_burst;repeated_risky_internal_calls,0xa9059cbb,true
25729774,0xf601a10797aded6a152c958392dfe65bf1f77947edc57b9fecc31ebf647d1283,0x59aab1bd0d26290274398c07b55955c15425e16b,0x00fe78205f5f0e63b8ad2b2ae5337f538a610e04,2026-08-11T13:51:01,complex_trace;high_gas_used_context,0x34fcd5be,false
25729775,0xd8af64541bb4ab183d8b0e233828d4f1dd5413efc55e9624a515b37f07dbf01b,0xab8d807a29560ee2f2bf97c752017052a3b5ffd8,0x0de8bf93da2f7eecb3d9169422413a9bef4ef628,2026-08-11T13:51:06,dense_internal_fund_flow;large_mint_to_sender;very_complex_trace;high_gas_used_context;token_activity_burst,0xc2580804,true
25729775,0x2d5dd74d028ee260b8a1206cb39054d06c2fc41c67bb0f44818ece251b7753cf,0xfcbe7b6da18a08a86ab1beb68c7372a60ab4e331,0xb276f62db0ce8ca2ca5bc522695be604521eac1c,2026-08-11T13:51:07,dense_internal_fund_flow;high_gas_used_context,0xb840cf36,true
25729775,0x513cc9cdcec5470b4de999583ff845535e0c11ec0d5028da44bb2b8beeff083a,0x39633f6d2b5cd54d71e760539b920fb4456705db,0xee030ec6f4307411607e55acd08e628ae6655b86,2026-08-11T13:51:07,dense_internal_fund_flow;complex_trace;high_gas_used_context,0x6e1537da,true
25729775,0x52522daf2d2f93461a5a171cb8d1aed616dbd61a3a4585f846ecd38d2dacc2c3,0xdda3b51e29f9d6fad865c5dd7070d5f7eb57663e,0x8d8210a0252a706cb5de0c6f8e46b6d3692afc19,2026-08-11T13:51:07,complex_trace;high_gas_used_context,0xffc3a769,false
25729775,0xcb600685f486f1e247e4152d52f77fa2f010638f57faea7ee9887e119c3a386c,0x59aab1bd0d26290274398c07b55955c15425e16b,0x00fe78205f5f0e63b8ad2b2ae5337f538a610e04,2026-08-11T13:51:07,complex_trace;high_gas_used_context,0x34fcd5be,false
25729776,0xc4a87a2761422d98460d612bd96773c2cb984b91ee5d85098c4a0a9ad2c2dcc6,0xab8d807a29560ee2f2bf97c752017052a3b5ffd8,0x0de8bf93da2f7eecb3d9169422413a9bef4ef628,2026-08-11T13:51:16,dense_internal_fund_flow;large_mint_to_sender;very_complex_trace;high_gas_used_context;token_activity_burst,0xc2580804,true
25729776,0xc196eef38f92ea229c95715292ffb6c0aafa202a699a97dd543ea809d627aff1,0x00d9fe085d99b33ab2aae8063180c63e23bf2e69,0x75884f3ada15c953529abaac6549d5204135ec36,2026-08-11T13:51:17,repeated_internal_token_drain;dense_internal_fund_flow;complex_trace;high_gas_used_context;token_activity_burst;repeated_risky_internal_calls,0xa9059cbb,true
25729776,0xddccff82e8622a8f2a6100bd593a0e0699b88b729b8d5787fc209dffcf8a0130,0x59aab1bd0d26290274398c07b55955c15425e16b,0x00fe78205f5f0e63b8ad2b2ae5337f538a610e04,2026-08-11T13:51:17,complex_trace;high_gas_used_context,0x34fcd5be,false
25729776,0xffbfcedd3b4132958b0cc1ce018e399101fa9da35906faa83c4a0e4abcb40344,0x09cfee647fa339133380191c8db6b44f24500c9d,0x77b85afbcd336993ac1c65057531c5a5b33b76b8,2026-08-11T13:51:17,high_gas_used_context;token_activity_burst,0xa9059cbb,false
25729777,0xd6085bafe2527e84dfb5035f41464470cf7d0a5ead4d6c7e3f647883103f7a37,0xc54b77b28ee4d18cd3d93991f08b79bc85c71097,0xa462d9acaccb141ce7f17213b95198fe248c27a1,2026-08-11T13:51:32,large_erc20_asset_flow;complex_trace,0x44471415,true
25729777,0xfa374052c2584e0486577f61666abc9d250fb693bfd429b61d9a843e6f910e98,0xc54b77b28ee4d18cd3d93991f08b79bc85c71097,0xa462d9acaccb141ce7f17213b95198fe248c27a1,2026-08-11T13:51:32,large_erc20_asset_flow;complex_trace,0x44471415,true
25729777,0x8822e2293f0132b3f46721c1e90b84ec943816063e9e00f0abe065c806298bf5,0xbad000006db10503589262b55d09bb7b3c5e1472,0xbbbbb048b1a85ca221058c45525095b6a68bbbbb,2026-08-11T13:51:33,repeated_internal_token_drain;dense_internal_fund_flow;very_complex_trace;high_gas_used_context;token_activity_burst;repeated_risky_internal_calls,0xa9059cbb,true
25729777,0xe27607a1cda24bbebf9607a64c8407350076c85cea8baf48c504a902901629cd,0xab8d807a29560ee2f2bf97c752017052a3b5ffd8,0x0de8bf93da2f7eecb3d9169422413a9bef4ef628,2026-08-11T13:51:33,dense_internal_fund_flow;large_mint_to_sender;very_complex_trace;high_gas_used_context;token_activity_burst,0xc2580804,true
25729777,0x30ea58746e9898bbd1b56e121b2ec1afc90dd75f41cf4d75019b91d294b3a683,0xd6434d157f254276d69ede3bd9fc805482206908,0x7ec8a30a34b86927dc77b302603d1d53e640bef7,2026-08-11T13:51:34,repeated_internal_token_drain;dense_internal_fund_flow;complex_trace;high_gas_used_context;token_activity_burst;repeated_risky_internal_calls,0xa9059cbb,true
25729778,0x07a38dd70476e2c5d9a3b83811b50e5044ef765f29c03075d5239bc57ee1d6f6,0xcb19410c4cdfdfcfde69e67e65e8e1f28ded6869,0xd90e2f925da726b50c4ed8d0fb90ad053324f31b,2026-08-11T13:51:47,dense_internal_fund_flow,0x13d98d13,true
25729778,0x3dccf5c34056f53e645a979fb80955ef9f4c2a77c32d13983efb1852dd44dfb6,0x99a5b028d785a7bd475339b1f8548d6d659ce5c2,0x2d83ff1cb1c79c68fe530d35f439a92a645faded,2026-08-11T13:51:48,complex_trace;token_activity_burst,0x07ed2379,false
25729778,0xc85a47afd09d773a8a82a15997d0a5db4690e7bbee0f36daed814d4a5d374579,0x0e0052a184fd59c6b7e1e99d739802ecb3aec0e4,0xd82461784eb72d4b67cbab077989eb215315e272,2026-08-11T13:51:48,complex_trace;approval_burst,0x805f7b65,false
25729778,0x3863440896f3c05c72e003b960690c342bf527cdfb81586740f280a3d514183a,0x00d9fe085d99b33ab2aae8063180c63e23bf2e69,0x75884f3ada15c953529abaac6549d5204135ec36,2026-08-11T13:51:50,repeated_internal_token_drain;dense_internal_fund_flow;complex_trace;high_gas_used_context;token_activity_burst;repeated_risky_internal_calls,0xa9059cbb,true
25729779,0x3476ad53d4f67452f64380cd1f86017e1507523f9419aa19395dd909dbfbfeb3,0x5b43453fce04b92e190f391a83136bfbecedefd1,0xbdb3ba9ffe392549e1f8658dd2630c141fdf47b6,2026-08-11T13:51:56,complex_trace;high_gas_used_context;token_activity_burst,0x000000c3,false
25729779,0xc608cc7655c14ad19ea46ad1b4b09f2b31d3af77fa62dbd8c68359aa4d48d009,0xc78304acdf1f0d62b51441a38e5c1bab78f03f7a,0x0000000071727de22e5e9d8baf0edac6f37da032,2026-08-11T13:51:56,complex_trace;high_gas_used_context,0x765e827f,false
25729779,0x04be4ea9da191fdcf3bd4bb6c246dd848bb635b07f13257b045ad9c33b2f05b1,0x7556699aa8e6a7c9c69bcfaf9debd05f8192b063,0x84cab37995229530d9e6e5cff2f8f4ebe4517d66,2026-08-11T13:51:57,complex_trace;high_gas_used_context,0xe587456a,false
25729779,0xd5d27b3a05a809c73cd9af3ae401a522a7fc50f1199f11f12a5fb79c9d02df9f,0xbad000006db10503589262b55d09bb7b3c5e1472,0xbbbbb048b1a85ca221058c45525095b6a68bbbbb,2026-08-11T13:51:57,repeated_internal_token_drain;dense_internal_fund_flow;complex_trace;high_gas_used_context;token_activity_burst;repeated_risky_internal_calls,0xa9059cbb,true
25729780,0xdd4c225866675467aee5261a6565546da4572d81a12822a6461ffc904184fea7,0x70e59f9c304e4d5096bd408b571e2dcd99c3120b,0xad3b67bca8935cb510c8d18bd45f0b94f54a968f,2026-08-11T13:52:05,complex_trace;token_activity_burst;approval_burst,0x146ee74d,false
25729780,0x351cf087aa382e959007cd6e5baebce6b0bbb55c16764908d483d50ddb5723a3,0xd6c757043e7d59088969b188923c62fa960afe9b,0x6566194141eefa99af43bb5aa71460ca2dc90245,2026-08-11T13:52:06,large_erc20_asset_flow,0x374f435d,true
25729780,0x96acc7d8fae51d882a88f85e70c84a1bb4ad933c605df9c527b21f1ebdb87449,0xd6434d157f254276d69ede3bd9fc805482206908,0x7ec8a30a34b86927dc77b302603d1d53e640bef7,2026-08-11T13:52:06,high_gas_used_context;token_activity_burst,0xa9059cbb,false
25729781,0xc2215f0b378c9357b4abdf56411ae706f7ed0ba3e5ad5e48c3b68c19b3c6894a,0xd6434d157f254276d69ede3bd9fc805482206908,0x7ec8a30a34b86927dc77b302603d1d53e640bef7,2026-08-11T13:52:11,repeated_internal_token_drain;dense_internal_fund_flow;complex_trace;high_gas_used_context;token_activity_burst;repeated_risky_internal_calls,0xa9059cbb,true
25729781,0xda5984948fcd0e46a84e353c2460bdb3073e9de39bf2ee7e1c46652989b290a4,0xa154b98e53fc35e1bad1ff758acbc8c629bdcd2b,0x19917386eeae67b6ff7ddf07de4019fca40aa4ec,2026-08-11T13:52:11,repeated_internal_token_drain;dense_internal_fund_flow;complex_trace;high_gas_used_context;token_activity_burst;repeated_risky_internal_calls,0xa9059cbb,true
25729781,0xfbd468928589622ec10b73446a34c5054c95c1c99e30118defcdeb5b25807d74,0x3d4e12d540cf67a9c38da66a20943acac075725d,0x1eeda6359b726f7e5a662288ed7f1793ed6788b9,2026-08-11T13:52:11,repeated_internal_token_drain;dense_internal_fund_flow;complex_trace;high_gas_used_context;token_activity_burst;repeated_risky_internal_calls,0xa9059cbb,true
25729782,0x058bd2317b2f34be195673e8e5b1fb45ce498523f82324b72e2bdbf7e2861db6,0x67a0692d11274734d7e6b9ee8a73ac7dc25373f0,0x0de8bf93da2f7eecb3d9169422413a9bef4ef628,2026-08-11T13:52:16,complex_trace;high_gas_used_context,0xb1ae2ed1,false
25729782,0x187b07caf5489ae69e3bc43c14c61b0628d7b39ff85babf861f6ae682f8160ba,0xc4efde046de44437d94e74b3178c03edcc42e854,0xc3dcdfb76ee8575e923bef9240cf58a9a7a222e0,2026-08-11T13:52:16,high_gas_used_context;token_activity_burst,0xca93aae9,false
25729782,0x48e9cb7a10e71a02c9ed728a838bf41b84469cd00552d2f89878f82ebfda7588,0x67a0692d11274734d7e6b9ee8a73ac7dc25373f0,0x0de8bf93da2f7eecb3d9169422413a9bef4ef628,2026-08-11T13:52:16,complex_trace;high_gas_used_context,0xb1ae2ed1,false
25729782,0x8179d3070c02134a96400172d6ef656c8458d4c33a0bb65242a690039ce4cf08,0x67a0692d11274734d7e6b9ee8a73ac7dc25373f0,0x0de8bf93da2f7eecb3d9169422413a9bef4ef628,2026-08-11T13:52:16,complex_trace;high_gas_used_context,0xb1ae2ed1,false
25729782,0xcb43c61a8b752ed4829d411b072d13c2f5999c79a7715d416636a6e8700149cb,0x7fe4df63d71e6529c2b870bfe311dd1e3cbe3ad2,0x0de8bf93da2f7eecb3d9169422413a9bef4ef628,2026-08-11T13:52:16,complex_trace;high_gas_used_context,0xb1ae2ed1,false
25729782,0x7d9de35375b1c8fd498848130328e6cedbfa3384351d550776de633cd7a7a3c5,0xb4de53ddbf53f719ca7f3ffd9024d7de1c8fea98,0xbf7fe109f674ab1341d69e67a262e50ce87eb7c1,2026-08-11T13:52:18,high_gas_used_context;token_activity_burst,0x9f58dd7a,false
25729783,0x029b6e326160f1e3c942feefe1540463a31bc90d805dd2ccc28a8ebc07651e3e,0xbad000006db10503589262b55d09bb7b3c5e1472,0xbbbbb048b1a85ca221058c45525095b6a68bbbbb,2026-08-11T13:52:25,repeated_internal_token_drain;dense_internal_fund_flow;very_complex_trace;high_gas_used_context;token_activity_burst;repeated_risky_internal_calls,0xa9059cbb,true
25729783,0x45ea1cacf03e093cc8eb600355cf0d3314f5f023746924ad1637cee53561af14,0x3d4e12d540cf67a9c38da66a20943acac075725d,0x1eeda6359b726f7e5a662288ed7f1793ed6788b9,2026-08-11T13:52:25,repeated_internal_token_drain;dense_internal_fund_flow;complex_trace;high_gas_used_context;token_activity_burst;repeated_risky_internal_calls,0xa9059cbb,true
25729783,0xc4a20bad4d931ec7a4df0c4deaf8e4ad69fae08e67a21da67e2088a84fea1b1c,0xdda3b51e29f9d6fad865c5dd7070d5f7eb57663e,0x8d8210a0252a706cb5de0c6f8e46b6d3692afc19,2026-08-11T13:52:25,complex_trace;high_gas_used_context,0xffc3a769,false
25729783,0xdf3c07055cf562333cee4a0133fd785ba3030ac63f857e010b6e1b7dc3c497db,0xef46d5fe753c988606e6f703260d816af53b03eb,0x86e4dc95c7fbdbf52e33d563bbdb00823894c287,2026-08-11T13:52:25,complex_trace;high_gas_used_context,0x4e43e495,false
25729783,0x2df5dd8c372a63ee59354ac223ff2d0c500eb18c95a48731b888cd0bd059aa20,0x96c4af8a6634f1dd8d50d7e373a44852a511487b,0xe85e820f644e2bbde220ceed49ee27fd54464ae9,2026-08-11T13:52:26,privileged_execution_context;complex_trace,0xc6fe8747,false
25729783,0x498ec6b96075ad44218b5dff64e77d3778c2c026f721ce63b3c225c7b5fd3c16,0x59aab1bd0d26290274398c07b55955c15425e16b,0x00fe78205f5f0e63b8ad2b2ae5337f538a610e04,2026-08-11T13:52:26,complex_trace;high_gas_used_context,0x34fcd5be,false
25729783,0x7fe3fc4305d4774d125b2ab64c7369c68991f94a025d8d1290f18893f9819faf,0xf719d44b5a7bac51101daf18a0990b46c9263dc9,0xbf7fe109f674ab1341d69e67a262e50ce87eb7c1,2026-08-11T13:52:27,high_gas_used_context;token_activity_burst,0x9f58dd7a,false
25729783,0xa174f0b272c044d0fe3ba099922400f30c3587b084ec09c92fa80a183dcbc7f4,0x5451794e3d44f1db21649c11518b832b7352bd15,0xbf7fe109f674ab1341d69e67a262e50ce87eb7c1,2026-08-11T13:52:27,high_gas_used_context;token_activity_burst,0x9f58dd7a,false
25729784,0x58103b652cd9463a95e2ba9fcb4601bd900a3fe766c5358896317e2b5045255f,0x7556699aa8e6a7c9c69bcfaf9debd05f8192b063,0x84cab37995229530d9e6e5cff2f8f4ebe4517d66,2026-08-11T13:52:35,complex_trace;high_gas_used_context;token_activity_burst,0xe587456a,false
25729784,0x8e54930c695c606cf95add2e8feae1a63b5fddf2c57da62fabdbb1e3cf6dadbf,0xd6434d157f254276d69ede3bd9fc805482206908,0x7ec8a30a34b86927dc77b302603d1d53e640bef7,2026-08-11T13:52:35,repeated_internal_token_drain;dense_internal_fund_flow;complex_trace;high_gas_used_context;token_activity_burst;repeated_risky_internal_calls,0xa9059cbb,true
25729784,0x04310c617eb635149ee3c82385337970d73833b3e447c0749bae6a6592834c1f,0x59aab1bd0d26290274398c07b55955c15425e16b,0x00fe78205f5f0e63b8ad2b2ae5337f538a610e04,2026-08-11T13:52:36,complex_trace;high_gas_used_context;token_activity_burst,0x34fcd5be,false
25729785,0x1bc3b6d5b71104f1e5d17cbb4746dba2bcfd9509743203b3c3f2ee592c022ae5,0x5b43453fce04b92e190f391a83136bfbecedefd1,0xbdb3ba9ffe392549e1f8658dd2630c141fdf47b6,2026-08-11T13:52:51,complex_trace;high_gas_used_context;token_activity_burst,0x000000c3,false
25729785,0x39bfbbf74e5680b00f4783a143658679019397bbb6ea30670557c2fc50bbe281,0xd6434d157f254276d69ede3bd9fc805482206908,0x7ec8a30a34b86927dc77b302603d1d53e640bef7,2026-08-11T13:52:52,high_gas_used_context;token_activity_burst,0xa9059cbb,false
25729785,0x794268f540701909db56080462941ede36c7e34f15fe3b978c3d0190702fcb94,0xa154b98e53fc35e1bad1ff758acbc8c629bdcd2b,0x19917386eeae67b6ff7ddf07de4019fca40aa4ec,2026-08-11T13:52:52,repeated_internal_token_drain;dense_internal_fund_flow;complex_trace;high_gas_used_context;token_activity_burst;repeated_risky_internal_calls,0xa9059cbb,true
25729785,0xa2fb400e26e65d8cd0b30ea532aed9dcb98cfdf102f979c82a80daf1864d1dc0,0xecfea68a750c1979f303d5218a37cb82429e7b4d,0x28b1dc1a5e3699a428bc51d234dfab7c9cb2a183,2026-08-11T13:52:52,complex_trace;high_gas_used_context,0x0c307f76,false
25729785,0x8dce14b5a416b7e587cd92fe27f8f72191d1f4eff69acc0d71e813d4446498be,0xabe9a7c88107c55283a211b847f747e26edc09ed,0xca11bde05977b3631167028862be2a173976ca11,2026-08-11T13:52:54,complex_trace;token_activity_burst,0x82ad56cb,false
25729786,0x0d27c04ba974be951213bc8148089903aeb02b8cac762809ab65e4d609c14f15,0x654fae4aa229d104cabead47e56703f58b174be4,0x000000000035b5e5ad9019092c665357240f594e,2026-08-11T13:53:05,large_erc20_asset_flow;complex_trace,0x00000004,true
25729786,0x365a244f1533fb89459617fbd3adbc30d549da0cc9fa5d7aeaf4085c735d2bae,0x654fae4aa229d104cabead47e56703f58b174be4,0x000000000035b5e5ad9019092c665357240f594e,2026-08-11T13:53:05,large_erc20_asset_flow;complex_trace,0x00000004,true
25729786,0x7ba6a598573f262083f9556f6429f634904235d0f204c6ccec834aac1f2cf156,0x0e0052a184fd59c6b7e1e99d739802ecb3aec0e4,0xd82461784eb72d4b67cbab077989eb215315e272,2026-08-11T13:53:06,complex_trace;approval_burst,0x805f7b65,false
25729786,0xc99bef425144431d8c4ee983f94ac60de71fdb72af2189a7eda50cc7df92ccf0,0x5f8769281662a4af0175f7efe521892c52850ac6,0x40a6700b99115cda7b12bd0e21db1be8ae524bf2,2026-08-11T13:53:06,repeated_internal_token_drain;dense_internal_fund_flow;complex_trace;high_gas_used_context;token_activity_burst;repeated_risky_internal_calls,0xa9059cbb,true
25729787,0xe58c50ca6428fc227209382d19e933aa1dd5709225b9be8f702642fc6722a50b,0xa154b98e53fc35e1bad1ff758acbc8c629bdcd2b,0x19917386eeae67b6ff7ddf07de4019fca40aa4ec,2026-08-11T13:53:12,repeated_internal_token_drain;dense_internal_fund_flow;complex_trace;high_gas_used_context;token_activity_burst;repeated_risky_internal_calls,0xa9059cbb,true
25729788,0x14875b41207a2974d89dbc06aa8ce0f64bd8b82ad833673618520734ad75af41,0x654fae4aa229d104cabead47e56703f58b174be4,0x000000000035b5e5ad9019092c665357240f594e,2026-08-11T13:53:26,large_erc20_asset_flow;complex_trace,0x00000004,true
25729788,0xf0023be83fd2f3c7a176b2ed10a032794641742f5f4b04bfbfb7cade5cc016d0,0x654fae4aa229d104cabead47e56703f58b174be4,0x000000000035b5e5ad9019092c665357240f594e,2026-08-11T13:53:26,large_erc20_asset_flow;complex_trace,0x00000004,true
25729788,0x8a6e3c338d5898aa6147f93d244a9c4d9c30b48762dc4242035c6b8e707445fa,0x2eb6ffcfc1591349a1983aad3e80d8fb3cec1df2,0x70e60fbfe09caaad444d6c489ef865bfaabbefc8,2026-08-11T13:53:27,privileged_execution_context;complex_trace;high_gas_used_context;token_activity_burst,0x01200000,false
25729788,0xe497b0e6f8ab14bb08333b51982262c168717787805dabd1fd4e83d2aa933a22,0xe99bd1c2dd70cd58e5efd47887991700e7318ce2,0xad3b67bca8935cb510c8d18bd45f0b94f54a968f,2026-08-11T13:53:27,complex_trace;high_gas_used_context;token_activity_burst;approval_burst,0x146ee74d,false
25729788,0x5e84d8eae739e3fe5eed9f19cdb5119c7c53d61a470421b11aca267a27d89467,0xd6434d157f254276d69ede3bd9fc805482206908,0x7ec8a30a34b86927dc77b302603d1d53e640bef7,2026-08-11T13:53:29,repeated_internal_token_drain;dense_internal_fund_flow;complex_trace;high_gas_used_context;token_activity_burst;repeated_risky_internal_calls,0xa9059cbb,true
25729788,0xa6fbbce37cf13067315c2030396b106084809c0819c455189151ad1a9c14b2b9,0x433700890211c1c776c391d414cffd38efdd1811,0x0000000071727de22e5e9d8baf0edac6f37da032,2026-08-11T13:53:29,privileged_execution_context;complex_trace,0x765e827f,false
25729788,0xb446e4d31fbbc404c0789b29d1f61ddd22b473025e4dd2c1142c1bf9128c085c,0x091179e3c74e33545ce8cc07fa385827256cb84f,0x6141718f8a599f14f6ce7bbb0cd2366c191fb7de,2026-08-11T13:53:29,complex_trace;high_gas_used_context,0x09c5eabe,false
25729788,0xe4ded816846271c5c97dd84a154734039c080c9c6a793da9ef8b2e1b367ffb7d,0x5f8769281662a4af0175f7efe521892c52850ac6,0x40a6700b99115cda7b12bd0e21db1be8ae524bf2,2026-08-11T13:53:29,repeated_internal_token_drain;dense_internal_fund_flow;complex_trace;high_gas_used_context;token_activity_burst;repeated_risky_internal_calls,0xa9059cbb,true
25729788,0xef966146c7a0ea5ea57b0dad43bb75f1cd86cdaca852043a47068c384864aa22,0xd714e1d25067c2421ea58b962d900732f77ab23b,0xcd2bdb8af031d29d2bc38ef08b842d31e344384c,2026-08-11T13:53:29,repeated_internal_token_drain;dense_internal_fund_flow;complex_trace;high_gas_used_context;token_activity_burst;repeated_risky_internal_calls,0xa9059cbb,true
25729789,0x0f3a1eed31496e20787fa0279314da7fd1eb8df002eee00d6b8a84eca100e2f8,0x7556699aa8e6a7c9c69bcfaf9debd05f8192b063,0x84cab37995229530d9e6e5cff2f8f4ebe4517d66,2026-08-11T13:53:36,complex_trace;high_gas_used_context;token_activity_burst,0xe587456a,false
25729789,0x770873249030c81241c416e1e384564047a66333fc79a096454ee2cb996a8e60,0xbeefd70df3680d22aef1b2586ed1691843c92503,0xbeef02961503351625926ea9a11ae13b29f5c555,2026-08-11T13:53:36,complex_trace;high_gas_used_context;token_activity_burst,0x64f5e9e7,false
25729789,0x82d0269c6ba70df15b789e565902267e34442bf6c5e06e97468da3e850110131,0x09cfee647fa339133380191c8db6b44f24500c9d,0x77b85afbcd336993ac1c65057531c5a5b33b76b8,2026-08-11T13:53:36,high_gas_used_context;token_activity_burst,0xa9059cbb,false
25729789,0x1180052a2300b58a6c43f733b07bff8b8c068913a9793a47045d1ed086f3a47a,0xab8d807a29560ee2f2bf97c752017052a3b5ffd8,0x0de8bf93da2f7eecb3d9169422413a9bef4ef628,2026-08-11T13:53:37,dense_internal_fund_flow;large_mint_to_sender;very_complex_trace;high_gas_used_context;token_activity_burst,0xc2580804,true
25729789,0x1c0ac7128db47a3a41c626208124fe9e77e001677e226970a927027fb28cbce3,0x6b946f1c40b387eed57531505ebb7f76938a6287,0x0de8bf93da2f7eecb3d9169422413a9bef4ef628,2026-08-11T13:53:37,complex_trace;high_gas_used_context,0xb1ae2ed1,false
25729789,0x485092a20998df583bfa1df79b4271e372363f37c56aa1a90f3c3f2190827aa0,0x6b946f1c40b387eed57531505ebb7f76938a6287,0x0de8bf93da2f7eecb3d9169422413a9bef4ef628,2026-08-11T13:53:37,complex_trace;high_gas_used_context,0xb1ae2ed1,false
25729789,0x50fd23c1cda0b809d27a5f93fe6a7c425692442a8f399be829f295c2c334347d,0xa154b98e53fc35e1bad1ff758acbc8c629bdcd2b,0x19917386eeae67b6ff7ddf07de4019fca40aa4ec,2026-08-11T13:53:37,repeated_internal_token_drain;dense_internal_fund_flow;complex_trace;high_gas_used_context;token_activity_burst;repeated_risky_internal_calls,0xa9059cbb,true
25729790,0x6248b2991259e796e3253b8bd5ec4d8937ce4aaa3b04db4c5eb0e67b2b212d12,0x7b49bc3ebbdf7322f31c6449320382bbec3be1b6,0xad3b67bca8935cb510c8d18bd45f0b94f54a968f,2026-08-11T13:53:45,complex_trace;token_activity_burst;approval_burst,0x146ee74d,false
25729790,0x6bcce5fa7dc4a82fc6c53b48373b1bb4e5b249d24e0754bf9b4603d54abb4154,0x7556699aa8e6a7c9c69bcfaf9debd05f8192b063,0x84cab37995229530d9e6e5cff2f8f4ebe4517d66,2026-08-11T13:53:45,complex_trace;high_gas_used_context,0xe587456a,false
25729790,0xc5c703ad41f7fb2cf7ea71563812c82bf03a3032a5d7778a5855c82f8ce05b2b,0xab8d807a29560ee2f2bf97c752017052a3b5ffd8,0x0de8bf93da2f7eecb3d9169422413a9bef4ef628,2026-08-11T13:53:45,dense_internal_fund_flow;large_mint_to_sender;very_complex_trace;high_gas_used_context;token_activity_burst,0xc2580804,true
25729790,0x062ead536e52c4ca46986610edc3acd02ae99275be0f5afc70dd25fe0af2a1cc,0x5f8769281662a4af0175f7efe521892c52850ac6,0x40a6700b99115cda7b12bd0e21db1be8ae524bf2,2026-08-11T13:53:46,repeated_internal_token_drain;dense_internal_fund_flow;complex_trace;high_gas_used_context;token_activity_burst;repeated_risky_internal_calls,0xa9059cbb,true
25729790,0x0f95ae5aeec2b1a3ee7a283a51cae534885bd86fb213daabccc7dc6d817b92b5,0x04e3378748337fd0da1786b5793b52181cd63152,0x91ff8bbd8ebb07893010d50a48a1609e5ebd8e34,2026-08-11T13:53:46,complex_trace;high_gas_used_context,0x069d1525,false
25729790,0x92a5b045af102fa1ed36507864dcacd1f880707b5ce6ccf0b2f7f07901450c0b,0xd714e1d25067c2421ea58b962d900732f77ab23b,0xcd2bdb8af031d29d2bc38ef08b842d31e344384c,2026-08-11T13:53:46,repeated_internal_token_drain;dense_internal_fund_flow;complex_trace;high_gas_used_context;token_activity_burst;repeated_risky_internal_calls,0xa9059cbb,true
25729790,0xbecd4de89dd2fca187365e38c64d0589881a39c85a0121e12e160d269f4928cf,0x327c062a42348561313da6e38da8b6d0da4e7279,0x91ff8bbd8ebb07893010d50a48a1609e5ebd8e34,2026-08-11T13:53:46,complex_trace;high_gas_used_context,0x069d1525,false
25729791,0x1fb3f43d33704f88f0d5baba22cf9977ab54561bc530f4995a887c5d606d5062,0x01e87caa86c91c65d2e3e74a9dfac972c0b8944e,0x4a3ca500566c9ce2090ac552d2bcfb1c89e63be5,2026-08-11T13:53:48,complex_trace;high_gas_used_context,0xc5e4e0b2,false
25729791,0x7616a0daf711b5252022542b31abe5dc18e2f2793b200070480f8aa081e7aa34,0x8300f444462e55d11dba5823a1584badfc293fd9,0x0000000000000068f116a894984e2db1123eb395,2026-08-11T13:53:48,complex_trace;high_gas_used_context;token_activity_burst,0x87201b41,false
25729791,0xcf7f70f36eb445ae70772bb9d9182c0f9757dc9e2b4df4640c27506ea945637b,0xab8d807a29560ee2f2bf97c752017052a3b5ffd8,0x0de8bf93da2f7eecb3d9169422413a9bef4ef628,2026-08-11T13:53:48,dense_internal_fund_flow;large_mint_to_sender;very_complex_trace;high_gas_used_context;token_activity_burst,0xc2580804,true
25729791,0xe08096d88d0147b15dc0b3ee31054f01f0c571d68c14ea7e7a7e4f95c3f4a4ec,0xbad000006db10503589262b55d09bb7b3c5e1472,0xbbbbb048b1a85ca221058c45525095b6a68bbbbb,2026-08-11T13:53:48,complex_trace;high_gas_used_context;token_activity_burst,0xa9059cbb,false
25729792,0x168d6460a056c022cd8aa5bae683e9f3a06b02db26967610ee39b73f0ff04954,0xde992badd92adaf9146255e9bde6a70770973664,0x3d0f22bf11636cc9cb129e2b261eed35a487455c,2026-08-11T13:53:59,complex_trace;high_gas_used_context,0xa9059cbb,false
25729792,0x3d95440e52e655478ea376966897e68c725061111ad80077f57f8e538f2ce456,0xada5bb90d0de0bd1b6f3938708f49295a8d1f7cb,0xccc88a9d1b4ed6b0eaba998850414b24f1c315be,2026-08-11T13:53:59,dense_internal_fund_flow;complex_trace,0x0a2b8f36,true
25729792,0x677ad511483bfbbdaadaf4be9aef9d469f463bfd709daa70901ab52ab8d8ccaf,0x5b43453fce04b92e190f391a83136bfbecedefd1,0xbdb3ba9ffe392549e1f8658dd2630c141fdf47b6,2026-08-11T13:53:59,dense_internal_fund_flow;complex_trace;token_activity_burst,0x000000c3,true
25729792,0x7dc22c2c321a1ac5d2938d0d882626e8026eb9c1626a1ff4a83dd96ce261d0c7,0x50bf934781f63028c5c8ef49c4affe19a86d99b6,0x8d04cc7e86e687854eb41d9d43512b655b93184b,2026-08-11T13:53:59,complex_trace;high_gas_used_context;selfdestruct_context,0x4a1bf18a,false
25729792,0x94a1e2d9bddb3585614b7bb0d1bf4b23bd014c66f8ebc2305a359b5e6dc1b9b6,0x43370188473a398394e4ba4a7c7cbb2c6265e22a,0x0000000071727de22e5e9d8baf0edac6f37da032,2026-08-11T13:53:59,privileged_execution_context;complex_trace,0x765e827f,false
25729792,0xd9a09828da5e8793616698cf4a2b0178c87ec49d0bd0083f67e7d5cf7369349b,0xde992badd92adaf9146255e9bde6a70770973664,0x3d0f22bf11636cc9cb129e2b261eed35a487455c,2026-08-11T13:53:59,complex_trace;high_gas_used_context,0xa9059cbb,false
25729792,0x1e2d0cd88a8076475a9d3e94db0f5781e6c5753b2dacb1b6153edcc19a6dd5d1,0x01e87caa86c91c65d2e3e74a9dfac972c0b8944e,0x4a3ca500566c9ce2090ac552d2bcfb1c89e63be5,2026-08-11T13:54:00,complex_trace;high_gas_used_context,0xc5e4e0b2,false
25729792,0x27b5b66426df7ae0088da510c542199b4d7b53343280b94331f38a2425fdf18c,0x00d9fe085d99b33ab2aae8063180c63e23bf2e69,0x75884f3ada15c953529abaac6549d5204135ec36,2026-08-11T13:54:00,repeated_internal_token_drain;dense_internal_fund_flow;complex_trace;high_gas_used_context;token_activity_burst;repeated_risky_internal_calls,0xa9059cbb,true
25729792,0x55c508b56cab6b79ced3851cd608d7815e2d2b6bc8ad747171f026bd56333cdd,0x5f8769281662a4af0175f7efe521892c52850ac6,0x40a6700b99115cda7b12bd0e21db1be8ae524bf2,2026-08-11T13:54:00,repeated_internal_token_drain;dense_internal_fund_flow;complex_trace;high_gas_used_context;token_activity_burst;repeated_risky_internal_calls,0xa9059cbb,true
25729792,0xaceb979e95b6495d0593df5bafc2bfaffb574316e7b37fe53b22a614b1d9596b,0xd6434d157f254276d69ede3bd9fc805482206908,0x7ec8a30a34b86927dc77b302603d1d53e640bef7,2026-08-11T13:54:00,repeated_internal_token_drain;dense_internal_fund_flow;complex_trace;high_gas_used_context;token_activity_burst;repeated_risky_internal_calls,0xa9059cbb,true
25729793,0x281a3a7911acc6a0f3f3b6598ed2e83be0d69970e89c7eff33ad2c096b2da27c,0x340fd3b164ce979b103684ee74dc66ca6d5782ba,0xa53638218aa1f6336feea1a7f65facf2866b90a8,2026-08-11T13:54:20,selfdestruct_context,0xf3fef3a3,true
25729793,0x48ab35fcf91708f1e8faa6ad4ef82ff7ef839a4f569070f80c190c526ea987e8,0x7556699aa8e6a7c9c69bcfaf9debd05f8192b063,0x84cab37995229530d9e6e5cff2f8f4ebe4517d66,2026-08-11T13:54:20,complex_trace;high_gas_used_context;token_activity_burst,0xe587456a,false
25729793,0x6d6ecbc4266e6649fa14c5db098f7fa5a212c9b6aad10bcc0ea0b8f74ed91d53,0x01e87caa86c91c65d2e3e74a9dfac972c0b8944e,0x4a3ca500566c9ce2090ac552d2bcfb1c89e63be5,2026-08-11T13:54:20,complex_trace;high_gas_used_context,0xc5e4e0b2,false
25729793,0x918a92dae8b2f17b00ed23f5b4a8519a11f786176b63b4b00897ed7c3afca223,0xbad000006db10503589262b55d09bb7b3c5e1472,0xbbbbb048b1a85ca221058c45525095b6a68bbbbb,2026-08-11T13:54:20,repeated_internal_token_drain;dense_internal_fund_flow;complex_trace;high_gas_used_context;token_activity_burst;repeated_risky_internal_calls,0xa9059cbb,true
25729793,0x82119199a839564e92b021f7dd75fb98e8d9a98d681160e85e67d957ee0281c3,0x09cfee647fa339133380191c8db6b44f24500c9d,0x77b85afbcd336993ac1c65057531c5a5b33b76b8,2026-08-11T13:54:21,repeated_internal_token_drain;dense_internal_fund_flow;complex_trace;high_gas_used_context;token_activity_burst;repeated_risky_internal_calls,0xa9059cbb,true
25729793,0xd6b7e048203579e894f9e95b2afd5e8b00e47f2c53b29fe74b9c37288949b8f6,0xd6c757043e7d59088969b188923c62fa960afe9b,0x6566194141eefa99af43bb5aa71460ca2dc90245,2026-08-11T13:54:21,large_erc20_asset_flow,0x374f435d,true
25729793,0x24db65070620141bd676c7d399e2c63989eb0b014c3daabf9fbc04da7ce090c1,0x59aab1bd0d26290274398c07b55955c15425e16b,0x00fe78205f5f0e63b8ad2b2ae5337f538a610e04,2026-08-11T13:54:22,complex_trace;high_gas_used_context,0x34fcd5be,false
25729793,0x5f2b608c3382ed7f7fd1913eba5da18e69e2ccee6ce796961351cdae5fdcae76,0x59aab1bd0d26290274398c07b55955c15425e16b,0x00fe78205f5f0e63b8ad2b2ae5337f538a610e04,2026-08-11T13:54:22,complex_trace;high_gas_used_context;token_activity_burst,0x34fcd5be,false
25729794,0x12e3b10fe081a2e295d8e58a614d7d201d9f83b8e7146302d32dfe1834128342,0xd6434d157f254276d69ede3bd9fc805482206908,0x7ec8a30a34b86927dc77b302603d1d53e640bef7,2026-08-11T13:54:29,repeated_internal_token_drain;dense_internal_fund_flow;complex_trace;high_gas_used_context;token_activity_burst;repeated_risky_internal_calls,0xa9059cbb,true
25729794,0x35dd16c7e9d95df7cce6d350d30ba89f52bc089d1a14daf32c5b19d8882bf4a1,0x7556699aa8e6a7c9c69bcfaf9debd05f8192b063,0x84cab37995229530d9e6e5cff2f8f4ebe4517d66,2026-08-11T13:54:29,complex_trace;high_gas_used_context;token_activity_burst,0xe587456a,false
25729794,0xa1a9839e600c53d50bbb37476ecb86554cbb8ef0cbeaf6dd69e0d0c02b64b76c,0x00d9fe085d99b33ab2aae8063180c63e23bf2e69,0x75884f3ada15c953529abaac6549d5204135ec36,2026-08-11T13:54:29,repeated_internal_token_drain;dense_internal_fund_flow;complex_trace;high_gas_used_context;token_activity_burst;repeated_risky_internal_calls,0xa9059cbb,true
25729794,0xaff7ad56b13f7c4798296f166e4ca5717d6403e90f5075b0c683dcf2c934b38f,0x01e87caa86c91c65d2e3e74a9dfac972c0b8944e,0x4a3ca500566c9ce2090ac552d2bcfb1c89e63be5,2026-08-11T13:54:29,complex_trace;high_gas_used_context,0xc5e4e0b2,false
25729795,0x31488683dac34192c96c0b9f38cc5869fe8e6cd0608dac1068c7d18388ec047b,0x5b43453fce04b92e190f391a83136bfbecedefd1,0xbdb3ba9ffe392549e1f8658dd2630c141fdf47b6,2026-08-11T13:54:34,dense_internal_fund_flow;complex_trace;token_activity_burst,0x000000c3,true
25729795,0x8d049276be0ce61c9019346e9efe1bf6a81f98a1c644408f85f84640e9a2b1ac,0xc6acbee42e9e323140c1ed060c2f6ea9cc3b4b75,0x7c5a71c9fefbc7691f9d4ac7baf70c743792f716,2026-08-11T13:54:34,selfdestruct_context,0xf3fef3a3,false
25729795,0x097f43375b8b616811008e2bfa45e3f7e4fc6ec822ffac96f2646ba32c015196,0x01e87caa86c91c65d2e3e74a9dfac972c0b8944e,0x4a3ca500566c9ce2090ac552d2bcfb1c89e63be5,2026-08-11T13:54:35,complex_trace;high_gas_used_context,0xc5e4e0b2,false
25729795,0x2d200e7cb153979bb5ae450269af47182fba083b0a2c7e28056005a9520466ab,0xa154b98e53fc35e1bad1ff758acbc8c629bdcd2b,0x19917386eeae67b6ff7ddf07de4019fca40aa4ec,2026-08-11T13:54:35,repeated_internal_token_drain;dense_internal_fund_flow;complex_trace;high_gas_used_context;token_activity_burst;repeated_risky_internal_calls,0xa9059cbb,true
25729795,0x68e1feb031f1842765b388023c3cb26a462afabc975654c913a4ed0f1b16bebc,0xdda3b51e29f9d6fad865c5dd7070d5f7eb57663e,0x8d8210a0252a706cb5de0c6f8e46b6d3692afc19,2026-08-11T13:54:35,complex_trace;high_gas_used_context,0xffc3a769,false
25729795,0x7c9db3ad904d1a138fc7bd69eb7af966d91222e15d8493debbd684a5a367c995,0xd6434d157f254276d69ede3bd9fc805482206908,0x7ec8a30a34b86927dc77b302603d1d53e640bef7,2026-08-11T13:54:35,repeated_internal_token_drain;dense_internal_fund_flow;complex_trace;high_gas_used_context;token_activity_burst;repeated_risky_internal_calls,0xa9059cbb,true
25729796,0x881b7e96ba528988416b96f0784b29f452a3060aca73fbe57abb753f3f1d9c07,0x17a9aa3f7945fb00c2eb16857baa4adb63da59db,0x0000000071727de22e5e9d8baf0edac6f37da032,2026-08-11T13:54:48,privileged_execution_context;complex_trace,0x765e827f,false
25729796,0xf3dc80ec40270f42aeb83b35baef3bd5f7a034425edd8e6e78ff38df8689949e,0x01e87caa86c91c65d2e3e74a9dfac972c0b8944e,0x4a3ca500566c9ce2090ac552d2bcfb1c89e63be5,2026-08-11T13:54:50,complex_trace;high_gas_used_context,0xc5e4e0b2,false
25729796,0xc0f1863746d76f986157efb326917748dfc96aeca0e808a72a219e9f9992aaf3,0x00d9fe085d99b33ab2aae8063180c63e23bf2e69,0x75884f3ada15c953529abaac6549d5204135ec36,2026-08-11T13:54:51,repeated_internal_token_drain;dense_internal_fund_flow;complex_trace;high_gas_used_context;token_activity_burst;repeated_risky_internal_calls,0xa9059cbb,true
25729797,0x1cf1b07d06d93c91ef270b54cfcf390421ab75e9e2e51d394b85364b52c27888,0x8698f27070326ad8c843d5e2d632e00d1047b2b3,0xd01607c3c5ecaba394d8be377a08590149325722,2026-08-11T13:55:10,dense_internal_fund_flow;large_erc20_asset_flow;complex_trace,0x80500d20,true
25729797,0x3d610bffba199c57e466323c5d72a53838efe4b3c2173931d413284ea9fb02f1,0x3d4e12d540cf67a9c38da66a20943acac075725d,0x1eeda6359b726f7e5a662288ed7f1793ed6788b9,2026-08-11T13:55:10,repeated_internal_token_drain;dense_internal_fund_flow;complex_trace;high_gas_used_context;token_activity_burst;repeated_risky_internal_calls,0xa9059cbb,true
25729797,0x43eb7c5407732514010413730c08b4dfd89e72590f3b5037679fbef45fdae7ca,0x01e87caa86c91c65d2e3e74a9dfac972c0b8944e,0x4a3ca500566c9ce2090ac552d2bcfb1c89e63be5,2026-08-11T13:55:10,complex_trace;high_gas_used_context,0xc5e4e0b2,false
25729797,0xb8aec691295218e67145e89c57218ecf9c2bf956414436ea0ce2e169051b7285,0xdda3b51e29f9d6fad865c5dd7070d5f7eb57663e,0x8d8210a0252a706cb5de0c6f8e46b6d3692afc19,2026-08-11T13:55:10,complex_trace;high_gas_used_context,0xffc3a769,false
25729797,0xd322c80e8f2ae300aed8dd41ff9beda33eac12b638e7ee17a0804e360a635d68,0xbad000006db10503589262b55d09bb7b3c5e1472,0xbbbbb048b1a85ca221058c45525095b6a68bbbbb,2026-08-11T13:55:10,repeated_internal_token_drain;dense_internal_fund_flow;complex_trace;high_gas_used_context;token_activity_burst;repeated_risky_internal_calls,0xa9059cbb,true
25729798,0x664fe5a5fa9407bfd0a031f34fe6d8d2725f26ef89c8edd8ae7db737d4f8dc5e,0xbeea3fc7f306cbba9b292f247455b92ad66b3500,0xbeef02961503351625926ea9a11ae13b29f5c555,2026-08-11T13:55:27,dense_internal_fund_flow;complex_trace;token_activity_burst,0x64f5e9e7,true
25729798,0x114a6c30ce6d9b8b3b4cc690c985c5617ed059eb2d91b6c61641f42d98057551,0xf279dfcdd57e1571c95e2c5b7e2ee453cbcdf77f,0x0000000071727de22e5e9d8baf0edac6f37da032,2026-08-11T13:55:28,privileged_execution_context,0x765e827f,false
25729798,0x1e9fe7f443725c0df942578ae59ce73991f5ce9de16f06627d7b40c3a443925a,0xde992badd92adaf9146255e9bde6a70770973664,0x3d0f22bf11636cc9cb129e2b261eed35a487455c,2026-08-11T13:55:28,complex_trace;high_gas_used_context,0xa9059cbb,false
25729798,0x6b175ccc9c4d86395fe8eeba19cafc4b85b31512c5bfc4010f897807a3656e4f,0xd6434d157f254276d69ede3bd9fc805482206908,0x7ec8a30a34b86927dc77b302603d1d53e640bef7,2026-08-11T13:55:28,repeated_internal_token_drain;dense_internal_fund_flow;complex_trace;high_gas_used_context;token_activity_burst;repeated_risky_internal_calls,0xa9059cbb,true
25729798,0x9b0a0e7467dcd46f8ee6157ba37be8bac369849935e3dd27ec3d37b161eeab88,0x01e87caa86c91c65d2e3e74a9dfac972c0b8944e,0x4a3ca500566c9ce2090ac552d2bcfb1c89e63be5,2026-08-11T13:55:28,complex_trace;high_gas_used_context,0xc5e4e0b2,false
25729798,0xb92d25761c7b361e46eeef7a87850b09fa3b63d987e40d1de64902b3a698fa4d,0xab8d807a29560ee2f2bf97c752017052a3b5ffd8,0x0de8bf93da2f7eecb3d9169422413a9bef4ef628,2026-08-11T13:55:28,dense_internal_fund_flow;large_mint_to_sender;very_complex_trace;high_gas_used_context;token_activity_burst,0xc2580804,true
25729799,0x2ac0b66516365e8dea0a664e03a768df75766fdba9f3d358e9b7904ed7e314da,0xc6acbee42e9e323140c1ed060c2f6ea9cc3b4b75,0x7c5a71c9fefbc7691f9d4ac7baf70c743792f716,2026-08-11T13:55:44,selfdestruct_context,0xf3fef3a3,false
25729799,0x17fefe45062a6143ab0b4f22a109600447e99f16fff62aac2ddfc74eb5fb8c17,0xbad000006db10503589262b55d09bb7b3c5e1472,0xbbbbb048b1a85ca221058c45525095b6a68bbbbb,2026-08-11T13:55:45,repeated_internal_token_drain;dense_internal_fund_flow;complex_trace;high_gas_used_context;token_activity_burst;repeated_risky_internal_calls,0xa9059cbb,true
25729799,0x1bc6684130c71c32e0dc583c2e3e1e6b2e6645503be54ebcd6882d58b779e22a,0x3d4e12d540cf67a9c38da66a20943acac075725d,0x1eeda6359b726f7e5a662288ed7f1793ed6788b9,2026-08-11T13:55:45,repeated_internal_token_drain;dense_internal_fund_flow;complex_trace;high_gas_used_context;token_activity_burst;repeated_risky_internal_calls,0xa9059cbb,true
25729799,0x3e4d456ebea55bb07f50227619ba662f5864e0feeeeb285236b65e377cfd7cbc,0xab8d807a29560ee2f2bf97c752017052a3b5ffd8,0x0de8bf93da2f7eecb3d9169422413a9bef4ef628,2026-08-11T13:55:45,dense_internal_fund_flow;large_mint_to_sender;very_complex_trace;high_gas_used_context;token_activity_burst,0xc2580804,true
25729799,0xaa15ec449cca799fe65e68936b67ff0438ab77d0ea943118fb9bf0cdda1ce9d5,0x01e87caa86c91c65d2e3e74a9dfac972c0b8944e,0x4a3ca500566c9ce2090ac552d2bcfb1c89e63be5,2026-08-11T13:55:45,complex_trace;high_gas_used_context,0xc5e4e0b2,false
25729799,0xcd38aa1ee2a66b2317728cdeeaef829fdd375e22a231f8eed8c03efcc67d5aca,0xde992badd92adaf9146255e9bde6a70770973664,0x3d0f22bf11636cc9cb129e2b261eed35a487455c,2026-08-11T13:55:45,complex_trace;high_gas_used_context,0xa9059cbb,false
25729799,0x355e4d7d92f413b27f058bc56992d9af5df662da7fe47cb9e605c6ff985d3b45,0x59aab1bd0d26290274398c07b55955c15425e16b,0x00fe78205f5f0e63b8ad2b2ae5337f538a610e04,2026-08-11T13:55:46,complex_trace;high_gas_used_context,0x34fcd5be,false
25729799,0x7b9e2c788edb07c82e9daec0ae458e3f4342dbc2e53ae49c3dfd613338fc5d3e,0x09cfee647fa339133380191c8db6b44f24500c9d,0x77b85afbcd336993ac1c65057531c5a5b33b76b8,2026-08-11T13:55:46,high_gas_used_context;token_activity_burst,0xa9059cbb,false
25729799,0xd4f7ef702ae15080450b8610dd09dcde3c479cb63e8a3724c7ba70eee9b6b87f,0xb60d1d1c16858251a24c37b5ad86ae056b55bbea,0xc0150c90788836f06a4dedc512f66efe7ca0c31b,2026-08-11T13:55:46,privileged_execution_context,0x14604b8c,false
25729799,0x1e4d5067af6d6f78cdff34a6c5c71dc7c8108887e50169a872d6f9e41a104a7a,0xffeccc607ccc708f4ed224e00c9f3bd33acc8d38,0xbf7fe109f674ab1341d69e67a262e50ce87eb7c1,2026-08-11T13:55:47,high_gas_used_context;token_activity_burst,0x9f58dd7a,false
25729799,0xb64ea76596a1a3ec78be0e1f77733be88a5ab9470da56b88870b133efa35514a,0xa0c85ffaff895c0cf5aed1993dc6e3195adf593b,0x9b6eda8460ac664287493038b23f25b03dfbbdb1,2026-08-11T13:55:47,complex_trace;high_gas_used_context,0x469f504f,false
25729799,0xdbc7ecc03c483ddfb76ab918a86ca80b2b2ce511be7b061192cc766e0ae883fd,0x521bfdfd090abb6a3f22e812b6273a1728da9afa,0xbf7fe109f674ab1341d69e67a262e50ce87eb7c1,2026-08-11T13:55:47,high_gas_used_context;token_activity_burst,0x9f58dd7a,false
25729800,0x7fe755691f39eef023b655f437b3f3f266688638b20d8da47585a71bceaec7da,0xde992badd92adaf9146255e9bde6a70770973664,0x3d0f22bf11636cc9cb129e2b261eed35a487455c,2026-08-11T13:56:00,complex_trace;high_gas_used_context,0xa9059cbb,false
25729800,0x8fcf9ef1f5dfad4f7dd482e926b9d2218c0a5834a4e2c9b7f1f82ed8043da9d3,0x4337017d2e3f5e4160a27f6fdbdc38719343c62f,0x0000000071727de22e5e9d8baf0edac6f37da032,2026-08-11T13:56:00,privileged_execution_context;complex_trace,0x765e827f,false
25729800,0x9e6d89519d3712099c28914ce55f00c6ebb2c3aa08ba6fdcccae990fb36677c3,0xe99bd1c2dd70cd58e5efd47887991700e7318ce2,0xad3b67bca8935cb510c8d18bd45f0b94f54a968f,2026-08-11T13:56:00,complex_trace;high_gas_used_context;token_activity_burst;approval_burst,0x146ee74d,false
25729802,0x018cc71f727df7d83477ae133799766893b36f9e854b527cc4ef3bd14303450f,0x04aaa89e63096159bcc5d1009577ce576e9e09a5,0x3d90f66b534dd8482b181e24655a9e8265316be9,2026-08-11T13:56:15,complex_trace;high_gas_used_context,0x47ee97ff,false
25729802,0x79b359f7f92a7656b1e9eef9a9ea607f9928409327b0648770556a82336da55b,0x5b43453fce04b92e190f391a83136bfbecedefd1,0xbdb3ba9ffe392549e1f8658dd2630c141fdf47b6,2026-08-11T13:56:15,dense_internal_fund_flow;complex_trace;token_activity_burst,0x000000c3,true
25729802,0x7da95851a26e69c613a4b87602784462da3ebaf04ccf3b107cf68ff258ce1769,0xd6434d157f254276d69ede3bd9fc805482206908,0x7ec8a30a34b86927dc77b302603d1d53e640bef7,2026-08-11T13:56:16,repeated_internal_token_drain;dense_internal_fund_flow;complex_trace;high_gas_used_context;token_activity_burst;repeated_risky_internal_calls,0xa9059cbb,true
25729802,0x9a77c658a8a01ed659e2630d71f7c8d193334b7199fbddcba88a1a253372487b,0x9c0b8d83756fbfa5d89dae298395d9f906fc5cc1,0x28b1dc1a5e3699a428bc51d234dfab7c9cb2a183,2026-08-11T13:56:16,complex_trace;high_gas_used_context,0x0c307f76,false
25729802,0x9fdb32a3a122d21292337273bc05c4cda8e87b7b63a582ef3a29e9544f9e1096,0x283d706597b7a230be1669044760ce8e11730b41,0x33024d4791413438aa1de6a8b6cb7cceb25459b1,2026-08-11T13:56:16,large_mint_to_sender;complex_trace,0x6e553f65,true
25729802,0xa2d0cba029a304501a96686a3f6049f972d0bfe25dda079a646070cbdc32c554,0xa154b98e53fc35e1bad1ff758acbc8c629bdcd2b,0x19917386eeae67b6ff7ddf07de4019fca40aa4ec,2026-08-11T13:56:16,repeated_internal_token_drain;dense_internal_fund_flow;complex_trace;high_gas_used_context;token_activity_burst;repeated_risky_internal_calls,0xa9059cbb,true
25729802,0xd3b682f23c70d5728a426fcac32b856c2fac553503fdb996c2ab39bbefd424ea,0x43370398500dae4ba10669646a1fd1577407f637,0x0000000071727de22e5e9d8baf0edac6f37da032,2026-08-11T13:56:16,privileged_execution_context;complex_trace,0x765e827f,false
25729803,0xe69abe3d84cfdd6c297c0355c720bdf9be7c35306673d76caa90837ed0270299,0x70e59f9c304e4d5096bd408b571e2dcd99c3120b,0xad3b67bca8935cb510c8d18bd45f0b94f54a968f,2026-08-11T13:56:24,complex_trace;high_gas_used_context;token_activity_burst;approval_burst,0x146ee74d,false
25729803,0x8d3864ea4985d43434daa9315046b1962c74f2201b6bbb32add4c35218dbf5dd,0xf75028beeaf95e861400fca653ef12dd44c18a48,0x888888888889758f76e7103c6cbf23abbf58f946,2026-08-11T13:56:26,dense_internal_fund_flow;complex_trace,0xed48907e,true
25729803,0x8e753cb54059d852663689443cf2e4007f89a9b80a18e5b6b21ccb3367c5be63,0x0f6d91fbafa15c3f20e72a4cbf16ed65dd96323d,0x91ff8bbd8ebb07893010d50a48a1609e5ebd8e34,2026-08-11T13:56:26,complex_trace;high_gas_used_context,0x069d1525,false
25729803,0x940f9dc60b92ab9faeb3510ac1e60b694c08081acedc297c8239d9890ba84205,0x7f56302966ef91afb0d7baddc92b793efa8da7d9,0x91ff8bbd8ebb07893010d50a48a1609e5ebd8e34,2026-08-11T13:56:26,complex_trace;high_gas_used_context,0x069d1525,false
25729803,0x9613591366a3887a2ccd83a01f2b2e152ff6501fc5c2f3c6ac57d660e625f820,0x59aab1bd0d26290274398c07b55955c15425e16b,0x00fe78205f5f0e63b8ad2b2ae5337f538a610e04,2026-08-11T13:56:26,complex_trace;high_gas_used_context;token_activity_burst,0x34fcd5be,false
25729803,0xf7a5675ce2f78d743cca77c95565b67c6c6efcbfee72673aa857f8038589f0ff,0x59aab1bd0d26290274398c07b55955c15425e16b,0x00fe78205f5f0e63b8ad2b2ae5337f538a610e04,2026-08-11T13:56:26,complex_trace;high_gas_used_context,0x34fcd5be,false
25729803,0xfc7d68d0407067f92caac9a227210fc98345421c0b92fc68c540237d889b8f10,0x72663ec3f3dcf59beff5d20594fd5777e05d9c17,0x91ff8bbd8ebb07893010d50a48a1609e5ebd8e34,2026-08-11T13:56:26,complex_trace;high_gas_used_context,0x069d1525,false
25729804,0xcffba94236b2647b2774fb5080c7447ccd0450bc1dabf5ec0adc992fdb64ada3,0x1e060fb7847ab8de0e05e898c16714c9dcc9de6d,0x91ff8bbd8ebb07893010d50a48a1609e5ebd8e34,2026-08-11T13:56:32,complex_trace;high_gas_used_context,0x069d1525,false
25729804,0x0037b5fc8320b064258ef1f7595af812c11cb1e0e8ee3c36b2c617aecc3e6b6d,0x64b9edd67c96c76bc3f9472c5a9e83547cfd4380,0x91ff8bbd8ebb07893010d50a48a1609e5ebd8e34,2026-08-11T13:56:33,complex_trace;high_gas_used_context,0x069d1525,false
25729804,0x32d47fc4477908094f117940f33cc82f627790cf1a5ca7d24149e5e0b753f65a,0xa154b98e53fc35e1bad1ff758acbc8c629bdcd2b,0x19917386eeae67b6ff7ddf07de4019fca40aa4ec,2026-08-11T13:56:33,repeated_internal_token_drain;dense_internal_fund_flow;complex_trace;high_gas_used_context;token_activity_burst;repeated_risky_internal_calls,0xa9059cbb,true
25729804,0x35b8b3bf46e2543075ac45e53b082de2ec1dadf0dbcddbd9227d654e2fdb922e,0x5063a0ec5184fdd6c10c76664452d33c281e73e2,0x0000000000000068f116a894984e2db1123eb395,2026-08-11T13:56:33,complex_trace;high_gas_used_context,0x87201b41,false
25729804,0x409be1a3d8527d0e975a91b366b5ed90e2151c35a9d1459cebda4613c42cfc8a,0xe9fce949e03ed55426471dbdb33847a248a83573,0x91ff8bbd8ebb07893010d50a48a1609e5ebd8e34,2026-08-11T13:56:33,complex_trace;high_gas_used_context,0x069d1525,false
25729804,0xa445207e6c27328cee3ccd2c96800f58d57251dc89d06fd353084c82a11489a0,0x61193d978c9ce5ba69293da96a56113be8de981c,0x91ff8bbd8ebb07893010d50a48a1609e5ebd8e34,2026-08-11T13:56:33,complex_trace;high_gas_used_context,0x069d1525,false
25729804,0xcf2a2ada44d7fd6ee70f1483219b0feb827b5623eba1b949c08a1464eeef32f5,0x59aab1bd0d26290274398c07b55955c15425e16b,0x00fe78205f5f0e63b8ad2b2ae5337f538a610e04,2026-08-11T13:56:33,complex_trace;high_gas_used_context,0x34fcd5be,false
25729805,0x67174e25d5df12e2079c15ed0969155cb5d29e76fcf82427c4904e95eb70ada2,0x70e59f9c304e4d5096bd408b571e2dcd99c3120b,0xad3b67bca8935cb510c8d18bd45f0b94f54a968f,2026-08-11T13:56:41,complex_trace;high_gas_used_context;token_activity_burst;approval_burst,0x146ee74d,false
25729805,0x3e02f50829b40a39ac6555dd8a40ed9b73a418799a60cc7e596686cd3b338763,0xdda3b51e29f9d6fad865c5dd7070d5f7eb57663e,0x8d8210a0252a706cb5de0c6f8e46b6d3692afc19,2026-08-11T13:56:42,complex_trace;high_gas_used_context,0xffc3a769,false
25729805,0xcb3c319a67bc6241fd84ca4fdf07e9401e0b9a3960db4231828b50f2b99f8845,0xd6434d157f254276d69ede3bd9fc805482206908,0x7ec8a30a34b86927dc77b302603d1d53e640bef7,2026-08-11T13:56:42,high_gas_used_context;token_activity_burst,0xa9059cbb,false
25729805,0x0a227a2f16482ec578a4d2f546341de94cdff656ef359ba30d69fe5eb83b524f,0x3cfdc212769c890907bce93d3d8c2c53de6a7a89,0x0000000071727de22e5e9d8baf0edac6f37da032,2026-08-11T13:56:43,privileged_execution_context;complex_trace,0x765e827f,false
25729806,0x01bf3ff71ca622dae9cb0a1eaeb9e7a62055592f797527607d8b3f83b2502d6b,0x580ebf9c128fab41d6805689f4a6ad7f2df707ac,0xc36442b4a4522e871399cd717abdd847ab11fe88,2026-08-11T13:56:47,dense_internal_fund_flow,0xac9650d8,true
25729806,0x2af4f54b29b690b9c064bd0410ad7c162ae4444161bab959515938316e7b9646,0xbad000006db10503589262b55d09bb7b3c5e1472,0xbbbbb048b1a85ca221058c45525095b6a68bbbbb,2026-08-11T13:56:47,repeated_internal_token_drain;dense_internal_fund_flow;complex_trace;high_gas_used_context;token_activity_burst;repeated_risky_internal_calls,0xa9059cbb,true
25729806,0x92efd9b124c1218ab0d714d8b3c0fedbaffc40d3efc6b2818cbf1cd16875ca5e,0x05854d0c70d2f696fb3d9c0863100956b795e2ff,0x0fb6e8ecd8ca55c79122f4e114fb46afe1924089,2026-08-11T13:56:47,complex_trace;high_gas_used_context,0x9d83fd7f,false
25729807,0x202dbc7d90a066962970af99beee2a28e544d8478d643c477deea9c1ecb79c58,0x5b43453fce04b92e190f391a83136bfbecedefd1,0xbdb3ba9ffe392549e1f8658dd2630c141fdf47b6,2026-08-11T13:57:06,dense_internal_fund_flow;complex_trace;token_activity_burst,0x000000c3,true
25729807,0x12ebb3f353d36f95290c227d065bdbd9c870280baae164596a954796fbe426b5,0xc6acbee42e9e323140c1ed060c2f6ea9cc3b4b75,0x7c5a71c9fefbc7691f9d4ac7baf70c743792f716,2026-08-11T13:57:07,selfdestruct_context,0xf3fef3a3,false
25729807,0x07dda7aa28f2b812f89b28fe4676f8ae7732c3e2c51c3be16227197addd5fa7d,0xd714e1d25067c2421ea58b962d900732f77ab23b,0xcd2bdb8af031d29d2bc38ef08b842d31e344384c,2026-08-11T13:57:37,repeated_internal_token_drain;dense_internal_fund_flow;complex_trace;high_gas_used_context;token_activity_burst;repeated_risky_internal_calls,0xa9059cbb,true
25729807,0x0b6366a2ff009c4dc30ad5d4894726b5e264181dae92977c1fd9990c3baf6f48,0xdda3b51e29f9d6fad865c5dd7070d5f7eb57663e,0x8d8210a0252a706cb5de0c6f8e46b6d3692afc19,2026-08-11T13:57:37,complex_trace;high_gas_used_context,0xffc3a769,false
25729807,0x5072efd7bf6d7b5361c390cfa507dbbf9765b0f6de383f9309641261f5da7fb6,0x09cfee647fa339133380191c8db6b44f24500c9d,0x77b85afbcd336993ac1c65057531c5a5b33b76b8,2026-08-11T13:57:37,high_gas_used_context;token_activity_burst,0xa9059cbb,false
25729807,0x677c8672ef38e42607ad98d24be4a298b8fb799e1401da8e75b1b99cef7dc3b5,0xab8d807a29560ee2f2bf97c752017052a3b5ffd8,0x0de8bf93da2f7eecb3d9169422413a9bef4ef628,2026-08-11T13:57:37,dense_internal_fund_flow;large_mint_to_sender;very_complex_trace;high_gas_used_context;token_activity_burst,0xc2580804,true
25729807,0x7d9e55bbed1e98f462a45fc3d6f63cb1ae711cdb905b67e887594f6b67676582,0x4a86bf18bfa222665e1c0a5f2054f65c59f86537,0xccc88a9d1b4ed6b0eaba998850414b24f1c315be,2026-08-11T13:57:37,dense_internal_fund_flow,0xf9e4bab4,true
25729808,0x6be37ed36b314210b23f64823306dbbe2af7d44228e0694ed3370cf937cab2a0,0x4dbc9244e817f9db8629584bdb398ad047ed6500,0x10f4c55aa15bf3ddcb3b8ac621a8db2649799da3,2026-08-11T13:57:48,complex_trace;high_gas_used_context,0x037a0321,false
25729808,0x75de30f6fdb446d8b663075d82645f182047e25fa69d6f18500b90a992193a41,0x99a5b028d785a7bd475339b1f8548d6d659ce5c2,0x2d83ff1cb1c79c68fe530d35f439a92a645faded,2026-08-11T13:57:48,complex_trace;token_activity_burst,0x07ed2379,false
25729808,0x7ef2025e6e8e6bc7421d988639abfb5109977935a5ef7871a2f563f772790985,0x6ed7821d29b5bb2c897c29d5054b77647958f6e4,0x10f4c55aa15bf3ddcb3b8ac621a8db2649799da3,2026-08-11T13:57:48,complex_trace;high_gas_used_context,0x0389032e,false
25729808,0xb3d321cd0bf43c84296c053698d3097403e91afeb0b4132307417a21475c1f92,0x7830c87c02e56aff27fa8ab1241711331fa86f43,0xa9d1e08c7793af67e9d92fe308d5697fb81d3e43,2026-08-11T13:57:48,dense_internal_fund_flow,0x1a1da075,true
25729808,0xe687b5a1c870be7f817685bfc1db5dcdf64e8c6fa594e5b051195b8f1736ff3d,0xab8d807a29560ee2f2bf97c752017052a3b5ffd8,0x0de8bf93da2f7eecb3d9169422413a9bef4ef628,2026-08-11T13:57:48,dense_internal_fund_flow;large_mint_to_sender;very_complex_trace;high_gas_used_context;token_activity_burst,0xc2580804,true
25729808,0x5cf7ea6cc578f6b1795dbc21f9ebd9b8dd280f6f19833d8d67427c8190cc90d0,0x6572d9dbd1e4a1a1a81760dcc4310269b59950c7,0x91ff8bbd8ebb07893010d50a48a1609e5ebd8e34,2026-08-11T13:57:49,complex_trace;high_gas_used_context,0x069d1525,false
25729808,0x5e96992720d2169ec3e2cea4eb3fd0a17bf5f74ca1591cbba4848fc21114cbd5,0xd588b9451a2a4dd1e6064eded4b6f9ae88833e97,0x03f34be1bf910116595db1b11e9d1b2ca5d59659,2026-08-11T13:57:49,dense_internal_fund_flow;complex_trace,0xe47d166c,true
25729808,0x11ad5d4c94ab405136d894440f3f0f87d45f8e24e707eab7ca91bbc92ea48102,0xbad000006db10503589262b55d09bb7b3c5e1472,0xbbbbb048b1a85ca221058c45525095b6a68bbbbb,2026-08-11T13:57:50,repeated_internal_token_drain;dense_internal_fund_flow;complex_trace;high_gas_used_context;token_activity_burst;repeated_risky_internal_calls,0xa9059cbb,true
25729808,0x1e38ac0a7a324d322cb699e590d4d8979b5d392c29cb7bd10e9c03df2d5f28da,0xd6434d157f254276d69ede3bd9fc805482206908,0x7ec8a30a34b86927dc77b302603d1d53e640bef7,2026-08-11T13:57:50,repeated_internal_token_drain;dense_internal_fund_flow;complex_trace;high_gas_used_context;token_activity_burst;repeated_risky_internal_calls,0xa9059cbb,true
25729808,0x5a89dcea4654114f7bc5aacd8c2df86ea39458e8978e0cb0bad6b693d974ac47,0x5f8769281662a4af0175f7efe521892c52850ac6,0x40a6700b99115cda7b12bd0e21db1be8ae524bf2,2026-08-11T13:57:50,repeated_internal_token_drain;dense_internal_fund_flow;complex_trace;high_gas_used_context;token_activity_burst;repeated_risky_internal_calls,0xa9059cbb,true
25729808,0x74f671605b52615a53f4e6150206fced2360fc2d47e283b2d4707e55a5ae9b43,0x50bf934781f63028c5c8ef49c4affe19a86d99b6,0x8d04cc7e86e687854eb41d9d43512b655b93184b,2026-08-11T13:57:50,selfdestruct_context,0xb5291b32,false
25729808,0xe6323375aad8834507a437743f7f11b09fabc6e66d6e0e364f0fd866a1145ade,0xde992badd92adaf9146255e9bde6a70770973664,0x3d0f22bf11636cc9cb129e2b261eed35a487455c,2026-08-11T13:57:50,complex_trace;high_gas_used_context,0xa9059cbb,false
25729808,0xee16c0a149914f9705e61b68b8dcf22f950390db48a670a9f145f56daaa045be,0xde7a849216aa3884d53d84ecb02c19eb67e5dae2,0x7d9f4ca54131e588fc1fe577973b55fb11231e76,2026-08-11T13:57:50,high_gas_used_context;token_activity_burst,0x6aac3a0b,false
25729809,0x1381be4f0724675004f1d24917264ed1446529b43632175a95cf3551cfdf5621,0x60161e4c560c253f3d7a49c90e1ccb63923e2adc,0x2b5a321c3cb1f33e1abecd047c2649d0b4c47eba,2026-08-11T13:58:10,large_mint_to_sender,0xb6b55f25,true
25729809,0x676f04c74ccdfedab8d3659df1861b4c9a8faa1a72c20d7eb1636ac2ad010a27,0x41d209d275027e3dcf5ddc4d0c30cd6c6ece1ffd,0x91ff8bbd8ebb07893010d50a48a1609e5ebd8e34,2026-08-11T13:58:10,complex_trace;high_gas_used_context,0x069d1525,false
25729809,0x70fd4005aadaa9a1bbb8e70bbfb9eb4e4b30b411c45685ef94faf2b4553aeae4,0xd714e1d25067c2421ea58b962d900732f77ab23b,0xcd2bdb8af031d29d2bc38ef08b842d31e344384c,2026-08-11T13:58:10,repeated_internal_token_drain;dense_internal_fund_flow;complex_trace;high_gas_used_context;token_activity_burst;repeated_risky_internal_calls,0xa9059cbb,true
25729809,0x8af4d2d91413a304515cc66e00b8856b9edfae87e7cd7c47c5a08248c587d8d0,0x5451794e3d44f1db21649c11518b832b7352bd15,0xbf7fe109f674ab1341d69e67a262e50ce87eb7c1,2026-08-11T13:58:10,high_gas_used_context;token_activity_burst,0x9f58dd7a,false
25729809,0x8f75cc955089293345f66eee983e18c404823218ff3d2598bf9856431626bd76,0xd73ce1744ea1a52ebcb80c2c5cec48f0d6fb45c2,0x0000000000000068f116a894984e2db1123eb395,2026-08-11T13:58:10,complex_trace;high_gas_used_context;token_activity_burst,0x87201b41,false
25729809,0xb434e01d3def10badcfb7900d65b2c2027926ffe1e86243610c5f25912175bb3,0x7968ef935c0e284f6812f198e34c66f8094b757b,0xdec800c2b17c9673570fdf54450dc1bd79c8e359,2026-08-11T13:58:10,complex_trace;high_gas_used_context,0x6198e339,false
25729809,0xd2f8e31b50b79d4e470675603cac44128c2c0bffb122764babc35ceb5e21336a,0x59aab1bd0d26290274398c07b55955c15425e16b,0x00fe78205f5f0e63b8ad2b2ae5337f538a610e04,2026-08-11T13:58:10,complex_trace;high_gas_used_context,0x34fcd5be,false
25729809,0xf2f2af52f44f0b2f954bcca5ec0831f768860494643713e7dc339e447a0a4057,0xe99bd1c2dd70cd58e5efd47887991700e7318ce2,0xad3b67bca8935cb510c8d18bd45f0b94f54a968f,2026-08-11T13:58:10,complex_trace;high_gas_used_context;token_activity_burst;approval_burst,0x146ee74d,false
25729810,0xc5261795d42510d0d531b4b7dd4ac5c2473fb95f60d71a2c67829a627ee7376a,0xc6acbee42e9e323140c1ed060c2f6ea9cc3b4b75,0x7c5a71c9fefbc7691f9d4ac7baf70c743792f716,2026-08-11T13:58:14,selfdestruct_context,0xf3fef3a3,false
25729810,0x068aabf74dbc3c801c8d61fdd62ddbdd88ae21ff2aea6ecf29bb825506f2978e,0x4ae11c82ba7f4b39a4333930a1b46c464b8a0b66,0x0a252663dbcc0b073063d6420a40319e438cfa59,2026-08-11T13:58:15,complex_trace;high_gas_used_context,0xecef9201,false
25729810,0x55af763ab35871b544c3e006beb561adbaafa138721813f89ba74ae6c02b49e2,0xde992badd92adaf9146255e9bde6a70770973664,0x3d0f22bf11636cc9cb129e2b261eed35a487455c,2026-08-11T13:58:15,complex_trace;high_gas_used_context,0xa9059cbb,false
25729810,0x6f7f40706a75ed2033fa2542301dd2992bbcd9fbd219f08cae17103255c73fab,0xce54f65abb8b61b83c14cbe97de97fce75bbf556,0x0000000071727de22e5e9d8baf0edac6f37da032,2026-08-11T13:58:15,dense_internal_fund_flow;complex_trace,0x765e827f,true
25729810,0x91f6ffbad73674441b209ed0a13ca1c760c259944b68e7a76a93202a6198b29f,0x7556699aa8e6a7c9c69bcfaf9debd05f8192b063,0x84cab37995229530d9e6e5cff2f8f4ebe4517d66,2026-08-11T13:58:15,complex_trace;high_gas_used_context,0xe587456a,false
25729810,0xcef33635155460782d032f8c8327e3c0247b2aa0ddc44789ac621e79cf312150,0xde992badd92adaf9146255e9bde6a70770973664,0x3d0f22bf11636cc9cb129e2b261eed35a487455c,2026-08-11T13:58:15,complex_trace;high_gas_used_context,0xa9059cbb,false
25729810,0xf2e68e34d45fdafb20f0640acd81154ed8a5a6c3c41dca36e2570851673cd0ef,0x5f8769281662a4af0175f7efe521892c52850ac6,0x40a6700b99115cda7b12bd0e21db1be8ae524bf2,2026-08-11T13:58:15,repeated_internal_token_drain;dense_internal_fund_flow;complex_trace;high_gas_used_context;token_activity_burst;repeated_risky_internal_calls,0xa9059cbb,true
25729811,0xbf2415e12d712c8793da738830c52552b3ce6a4e965ca3774880669fb2c7a057,0xd6434d157f254276d69ede3bd9fc805482206908,0x7ec8a30a34b86927dc77b302603d1d53e640bef7,2026-08-11T13:58:30,repeated_internal_token_drain;dense_internal_fund_flow;complex_trace;high_gas_used_context;token_activity_burst;repeated_risky_internal_calls,0xa9059cbb,true
25729811,0xc1bb797e649b93368622f218d5afd6b5806386c3ee11bcfa9e5e0815c26a8363,0x79faccdca93c4b3b0c279134ae3833fb6810343b,0x1231deb6f5749ef6ce6943a275a1d3e7486f4eae,2026-08-11T13:58:30,dense_internal_fund_flow;complex_trace,0x80c65808,true
25729812,0x08ce70b4c4e649a1300de5bd9aa59babea8d557e93d2c8c3e49c2414ff4f6392,0x59aab1bd0d26290274398c07b55955c15425e16b,0x00fe78205f5f0e63b8ad2b2ae5337f538a610e04,2026-08-11T13:58:34,complex_trace;high_gas_used_context;token_activity_burst,0x34fcd5be,false
25729812,0x0fbb28dd475fefbe9decc2745e8fd35a6be6f408a7969b1adef8fc728b00019d,0x59aab1bd0d26290274398c07b55955c15425e16b,0x00fe78205f5f0e63b8ad2b2ae5337f538a610e04,2026-08-11T13:58:34,complex_trace;high_gas_used_context,0x34fcd5be,false
25729813,0x04121a15018d89cdfa613603a64f1b90a2aff0f0a1457411c0bdd1eaf0cabde2,0x00d9fe085d99b33ab2aae8063180c63e23bf2e69,0x75884f3ada15c953529abaac6549d5204135ec36,2026-08-11T13:58:47,repeated_internal_token_drain;dense_internal_fund_flow;complex_trace;high_gas_used_context;token_activity_burst;repeated_risky_internal_calls,0xa9059cbb,true
25729813,0x2a27570346c8d57207d9e6830f7ba1bd4907bbc086dd4b36788aa8bdc5f7d50f,0x4ae11c82ba7f4b39a4333930a1b46c464b8a0b66,0x0a252663dbcc0b073063d6420a40319e438cfa59,2026-08-11T13:58:47,complex_trace;high_gas_used_context,0xecef9201,false
25729813,0x40bf3ef79b3107604132ac715ce04d55fe605ed158d943ab09ab84e118d5fcbb,0x3c4edc88300f4c858213046335502e29937d332c,0xe8459690de03f6e375188941e0944d23781f629c,2026-08-11T13:58:47,dense_internal_fund_flow;very_complex_trace;high_gas_used_context;token_activity_burst,0x8fe0a352,true
25729813,0xa54c62a52f338d5525d2c9297c96e1f2e7d8b5bb56169d1b321d4776c603bedb,0xd6434d157f254276d69ede3bd9fc805482206908,0x7ec8a30a34b86927dc77b302603d1d53e640bef7,2026-08-11T13:58:47,repeated_internal_token_drain;dense_internal_fund_flow;complex_trace;high_gas_used_context;token_activity_burst;repeated_risky_internal_calls,0xa9059cbb,true
25729813,0xb991f63d943997036072e73be945bd356ebbf522ab1347dcd92c27451ae58bb7,0x5f8769281662a4af0175f7efe521892c52850ac6,0x40a6700b99115cda7b12bd0e21db1be8ae524bf2,2026-08-11T13:58:47,repeated_internal_token_drain;dense_internal_fund_flow;complex_trace;high_gas_used_context;token_activity_burst;repeated_risky_internal_calls,0xa9059cbb,true
25729813,0xdfc8c6869b09a4501dfd8829035fac60215d18ea3d0de7286ec7cb0e65e94639,0x3d4e12d540cf67a9c38da66a20943acac075725d,0x1eeda6359b726f7e5a662288ed7f1793ed6788b9,2026-08-11T13:58:47,repeated_internal_token_drain;dense_internal_fund_flow;complex_trace;high_gas_used_context;token_activity_burst;repeated_risky_internal_calls,0xa9059cbb,true
25729814,0x0ca0f03dbac4766b254c77fdc71b35076898ec06015baeb4045c19b5bb872902,0x59aab1bd0d26290274398c07b55955c15425e16b,0x00fe78205f5f0e63b8ad2b2ae5337f538a610e04,2026-08-11T13:58:54,complex_trace;high_gas_used_context,0x34fcd5be,false
25729814,0x355cbcb4830aa5a9ef6e240c1ffd38cf00999e896275874166e86db7467d0afe,0x41a9a73b81f0440b7033ac2ee596dfb4abb524e2,0x64338fd8e7b1918b4a806a175e26ed152b3d0b7b,2026-08-11T13:58:54,dense_internal_fund_flow;large_erc20_asset_flow;complex_trace,0x37e229d2,true
25729814,0x85201eca4a56c37238ac8ea171c339cc76756df64f8bb87e0ba3a1c3f702c3ec,0x59aab1bd0d26290274398c07b55955c15425e16b,0x00fe78205f5f0e63b8ad2b2ae5337f538a610e04,2026-08-11T13:58:54,complex_trace;high_gas_used_context,0x34fcd5be,false
25729814,0xa65a890809da4cce6ad3447e918acbd15e646a909872e6eb49f72713b95a1daf,0x09cfee647fa339133380191c8db6b44f24500c9d,0x77b85afbcd336993ac1c65057531c5a5b33b76b8,2026-08-11T13:58:54,high_gas_used_context;token_activity_burst,0xa9059cbb,false
25729814,0xfa67d3d13cdc4f684b2bc29289cf823735638ffd52115b7febcfacb4c8b93f40,0x331d9a049d496385998067abf6cbb6371c8d2466,0xb92fe925dc43a0ecde6c8b1a2709c170ec4fff4f,2026-08-11T13:58:54,dense_internal_fund_flow,0xcd6e13f7,true
25729814,0x21aa75cb5864dd16d1b0fc0f022f0846d89f23e2b0df56946ab87b1fdbc88156,0xb4de53ddbf53f719ca7f3ffd9024d7de1c8fea98,0xbf7fe109f674ab1341d69e67a262e50ce87eb7c1,2026-08-11T13:58:55,high_gas_used_context;token_activity_burst,0x9f58dd7a,false
25729814,0x66b748266e96d2d30e3278c7737c6181c0043e5da2f8f475e1f5d12c755cbf8b,0xa0c85ffaff895c0cf5aed1993dc6e3195adf593b,0x9b6eda8460ac664287493038b23f25b03dfbbdb1,2026-08-11T13:58:55,complex_trace;high_gas_used_context,0x469f504f,false
25729814,0x8d7479a15f66001783804186094c018e502ee93a0e0a04f6a28646e68d9cb71d,0xf719d44b5a7bac51101daf18a0990b46c9263dc9,0xbf7fe109f674ab1341d69e67a262e50ce87eb7c1,2026-08-11T13:58:55,high_gas_used_context;token_activity_burst,0x9f58dd7a,false
25729815,0x3791f28217a50b0ae81c751b5c23466f518c19dde01fb2c6d57aa98623673eff,0xab8d807a29560ee2f2bf97c752017052a3b5ffd8,0x0de8bf93da2f7eecb3d9169422413a9bef4ef628,2026-08-11T13:58:58,dense_internal_fund_flow;large_mint_to_sender;very_complex_trace;high_gas_used_context;token_activity_burst,0xc2580804,true
25729815,0xdb9329199e7e9cd68ba7e9e0f5bb8264fdaf0a2bc23f95a1cde7fb045ddec92a,0x7b49bc3ebbdf7322f31c6449320382bbec3be1b6,0xad3b67bca8935cb510c8d18bd45f0b94f54a968f,2026-08-11T13:58:58,complex_trace;token_activity_burst;approval_burst,0x146ee74d,false
25729816,0x4d97aa70e6b7785d41a117206b921a00336056a5be3e64fa193aa67a49f12d77,0x5bf19ae736b195e4a57c7969ee34b04858b2653e,0x33024d4791413438aa1de6a8b6cb7cceb25459b1,2026-08-11T13:59:02,large_mint_to_sender;complex_trace,0x6e553f65,true
25729816,0x0b7f6e68b08dfdcc5f6d49a0416c3d2df2649c0390837dfcd46946b5966cbaf3,0xa154b98e53fc35e1bad1ff758acbc8c629bdcd2b,0x19917386eeae67b6ff7ddf07de4019fca40aa4ec,2026-08-11T13:59:03,repeated_internal_token_drain;dense_internal_fund_flow;complex_trace;high_gas_used_context;token_activity_burst;repeated_risky_internal_calls,0xa9059cbb,true
25729816,0xb72ae09a06eb9da39009475c03e2aeaecf17ce87fab9758d8e205657ab9e1222,0xab8d807a29560ee2f2bf97c752017052a3b5ffd8,0x0de8bf93da2f7eecb3d9169422413a9bef4ef628,2026-08-11T13:59:03,dense_internal_fund_flow;large_mint_to_sender;very_complex_trace;high_gas_used_context;token_activity_burst,0xc2580804,true
25729816,0xf201d6003e46b615fb9b6848a0139c2ac0ae16e93f180a906bbaff7a3c1d9c26,0x59aab1bd0d26290274398c07b55955c15425e16b,0x00fe78205f5f0e63b8ad2b2ae5337f538a610e04,2026-08-11T13:59:03,complex_trace;high_gas_used_context,0x34fcd5be,false
25729817,0xb9633683d91e7f11b4a61f8849873988be5ad992ecebc4ea1d2d5d9de46a1feb,0xc85e5955978f68f3cca810703efebcb4bedf469c,0x10f4c55aa15bf3ddcb3b8ac621a8db2649799da3,2026-08-11T13:59:08,complex_trace;high_gas_used_context,0x032f02dd,false
25729817,0x017df04aff9897ff37f9c65d22b7947176800a5f61cc4789041604f0cec957d5,0x7556699aa8e6a7c9c69bcfaf9debd05f8192b063,0x84cab37995229530d9e6e5cff2f8f4ebe4517d66,2026-08-11T13:59:10,complex_trace;high_gas_used_context,0xe587456a,false
25729817,0x6b51693fb6f568be0b71c2f27a17e4d91afecb35a381de38c0bc13556af88198,0x00d9fe085d99b33ab2aae8063180c63e23bf2e69,0x75884f3ada15c953529abaac6549d5204135ec36,2026-08-11T13:59:10,repeated_internal_token_drain;dense_internal_fund_flow;complex_trace;high_gas_used_context;token_activity_burst;repeated_risky_internal_calls,0xa9059cbb,true
25729817,0xc00542873826b98a34e2a6655a439b14d29bbfff6d1b6139f67487f0e5f69867,0x3d4e12d540cf67a9c38da66a20943acac075725d,0x1eeda6359b726f7e5a662288ed7f1793ed6788b9,2026-08-11T13:59:10,repeated_internal_token_drain;dense_internal_fund_flow;complex_trace;high_gas_used_context;token_activity_burst;repeated_risky_internal_calls,0xa9059cbb,true
25729817,0xd0d02ed7ac91eb38e519abc92f7c5980149271fb5e46eafdb61104c18fe75d9f,0x062ce42cae04c51d04e77e3d64cc8953a2296ffe,0x8a25a24ede9482c4fc0738f99611be58f1c839ab,2026-08-11T13:59:10,large_erc20_asset_flow;complex_trace,0x6a761202,true
25729817,0xe454878708b3d68bfcba7d5c00245bfaa56e53bf6ee03f8e7b1cd12e5d501ddb,0xd386f8f1e31550d8a55a6baf921168b06c8716fb,0x547b5ad9f71ac50efd8755bc144767ac1768fc3d,2026-08-11T13:59:10,complex_trace;token_activity_burst,0x214bc20e,false
25729817,0xfcdd37e565000df132d47b51ae5cf27a46cfab381dd2fe2371e12d3e0e4db4cf,0xb4c5355f35e0fc4a3dafc55f64319416e154fb11,0xf993aef0fe2018d01ec10cbdffeb1836de9c196e,2026-08-11T13:59:10,complex_trace;high_gas_used_context;token_activity_burst,0x11a1f013,false
25729817,0x3103f774d9a96dc22111c56727fbb99d4bab52b5205d9fe9ca721ac21d444105,0xd6434d157f254276d69ede3bd9fc805482206908,0x7ec8a30a34b86927dc77b302603d1d53e640bef7,2026-08-11T13:59:11,high_gas_used_context;token_activity_burst,0xa9059cbb,false
25729818,0x1ca78046d99a9f305e04fcfebaa0773f6a233bef36ab3c5db321e39503a3e7ad,0xa154b98e53fc35e1bad1ff758acbc8c629bdcd2b,0x19917386eeae67b6ff7ddf07de4019fca40aa4ec,2026-08-11T13:59:13,repeated_internal_token_drain;dense_internal_fund_flow;complex_trace;high_gas_used_context;token_activity_burst;repeated_risky_internal_calls,0xa9059cbb,true
25729819,0x3903ba11aa6d2774df919ab7defe517d6d95c4bbb0e81d82a24176e3c569f364,0x1584a8ee67789d1fe161065388657ad2f2a3c7dd,0x77eb52e44db06777bce478159f25c0d55a295314,2026-08-11T13:59:21,repeated_internal_token_drain;dense_internal_fund_flow;complex_trace;token_activity_burst;repeated_risky_internal_calls,0xa9059cbb,true
25729819,0x7d4c295129d9c532d848f5fb4868b46fab52844b173c0d5478bc86547417aa76,0x4ae11c82ba7f4b39a4333930a1b46c464b8a0b66,0x0a252663dbcc0b073063d6420a40319e438cfa59,2026-08-11T13:59:21,complex_trace;high_gas_used_context,0xecef9201,false
25729819,0xf3ff4353acae8addd8b62a83e30c5c306b47924a9c24b950b42a8805ad263a22,0x6ed7821d29b5bb2c897c29d5054b77647958f6e4,0x10f4c55aa15bf3ddcb3b8ac621a8db2649799da3,2026-08-11T13:59:21,complex_trace;high_gas_used_context,0x0389032e,false
25729819,0x0a37b60fb05c07f583bcb0c1f407b85c1aea1a5d123fbb71b5b237bf4b940cec,0xea71b7062f15858d8d2d0fa3bf686a1e2dd7df81,0x28b1dc1a5e3699a428bc51d234dfab7c9cb2a183,2026-08-11T13:59:22,dense_internal_fund_flow;complex_trace;high_gas_used_context,0x0c307f76,true
25729819,0x1496eff9b59a879901095826498a4258a4f9a4c5cb3de5badf98e755b5e66255,0xc098ee8bc8461463e27da71edbd86085e809d019,0x10f4c55aa15bf3ddcb3b8ac621a8db2649799da3,2026-08-11T13:59:22,complex_trace;high_gas_used_context,0x032002d0,false
25729819,0x4ffcbb28cf65a208176f4655737ea4ca5be1d19fadf6798ba4fcd5aa1e5556c2,0x21378e678a111691a60fa688c72d61439e124c8f,0xcb0151ac9479a6a0261622baa63ae843c9793d45,2026-08-11T13:59:22,complex_trace;approval_burst,0x64cd187f,false
25729819,0x66ee7bf6ff24edc86b1c2b0bec01cf9fd03974fd0fd8775772d4af49fab21cf3,0xc6acbee42e9e323140c1ed060c2f6ea9cc3b4b75,0x7c5a71c9fefbc7691f9d4ac7baf70c743792f716,2026-08-11T13:59:22,selfdestruct_context,0xf3fef3a3,true
25729819,0x72640963f552a931f5f778c993384973ef51f7c628bf7a16e91d9a701638fa66,0x453d57f190b70bdeb169e452574dca9d86d4d530,0x10f4c55aa15bf3ddcb3b8ac621a8db2649799da3,2026-08-11T13:59:22,complex_trace;high_gas_used_context,0x034d02f8,false
25729819,0xb270560d9f3dd783cb73328e669c35def27b98de98b4c2aa029cd8ff027b2696,0xb1124f8177507414c0d7fd3e2ebd7674b852df67,0xd90e2f925da726b50c4ed8d0fb90ad053324f31b,2026-08-11T13:59:22,dense_internal_fund_flow,0x13d98d13,true
25729819,0xd48fadb58e60481472f9e6ab5382202b90af7fb8f083dc38a4aabc099937a3bd,0xb1124f8177507414c0d7fd3e2ebd7674b852df67,0xd90e2f925da726b50c4ed8d0fb90ad053324f31b,2026-08-11T13:59:22,dense_internal_fund_flow,0x13d98d13,true
25729819,0x49f3230573d4c6ce6baa5f210d442bf52cc5c10a335c6b977b3aeda28c4e9dbd,0xd6434d157f254276d69ede3bd9fc805482206908,0x7ec8a30a34b86927dc77b302603d1d53e640bef7,2026-08-11T13:59:23,repeated_internal_token_drain;dense_internal_fund_flow;complex_trace;high_gas_used_context;token_activity_burst,0xa9059cbb,true
25729819,0xc7b984acccdc253ca99dd03a7c61a76587d8c120b99325142b434fe6c010bb17,0x3d4e12d540cf67a9c38da66a20943acac075725d,0x1eeda6359b726f7e5a662288ed7f1793ed6788b9,2026-08-11T13:59:23,repeated_internal_token_drain;dense_internal_fund_flow;complex_trace;high_gas_used_context;token_activity_burst;repeated_risky_internal_calls,0xa9059cbb,true
25729819,0xca68696f18fbcb359c43c98762283c49521ad3d5c7603f5288347b22024a1a49,0x00d9fe085d99b33ab2aae8063180c63e23bf2e69,0x75884f3ada15c953529abaac6549d5204135ec36,2026-08-11T13:59:23,repeated_internal_token_drain;dense_internal_fund_flow;complex_trace;high_gas_used_context;token_activity_burst;repeated_risky_internal_calls,0xa9059cbb,true
25729820,0x20acb628feeb98f077fdcdffb43569c0972ef8e735f33e44cb567b4e0ec8f17b,0x50ffd61edfa097407143cc64f7156f715d0e0239,0x6a000f20005980200259b80c5102003040001068,2026-08-11T13:59:31,complex_trace;high_gas_used_context;token_activity_burst,0xe3ead59e,false
25729820,0x301b28b3762a4c5f90480c57a240c799d65ae34927a795c37727d314ae076008,0x654fae4aa229d104cabead47e56703f58b174be4,0x000000000035b5e5ad9019092c665357240f594e,2026-08-11T13:59:31,large_erc20_asset_flow;complex_trace,0x00000004,true
25729820,0x57192159361d8803b34de7a33857eed22a1c4ba9ab4abf07444342caa6ddf69c,0xfc9928f6590d853752824b0b403a6ae36785e535,0xe2536231fc1512babc8c856ad7499830a936bdd9,2026-08-11T13:59:31,complex_trace;high_gas_used_context;token_activity_burst,0x03fb13d5,false
25729820,0xca793751eef108a28d0dec4e6151e4f5d0af3b2dcecf8c02bc0dd0083e321d1d,0x654fae4aa229d104cabead47e56703f58b174be4,0x000000000035b5e5ad9019092c665357240f594e,2026-08-11T13:59:31,large_erc20_asset_flow;complex_trace,0x00000004,true
25729820,0x5aacc842cfe71e06e1a911345d15ea1d219ea32d3879a3cd9b7c010b3aee9b09,0x7b49bc3ebbdf7322f31c6449320382bbec3be1b6,0xad3b67bca8935cb510c8d18bd45f0b94f54a968f,2026-08-11T13:59:32,complex_trace;high_gas_used_context;token_activity_burst;approval_burst,0x146ee74d,false
25729820,0x2279a5a97c5ce117778f2145ba55745d9e59836c2e1b0146925e06c265aa242b,0xbad000006db10503589262b55d09bb7b3c5e1472,0xbbbbb048b1a85ca221058c45525095b6a68bbbbb,2026-08-11T13:59:33,repeated_internal_token_drain;dense_internal_fund_flow;complex_trace;high_gas_used_context;token_activity_burst;repeated_risky_internal_calls,0xa9059cbb,true
25729820,0x7d1298f030e0a78f846a671bda5c18356aab3b1ac263dddc2972da2a85cd930d,0x80d04079ffc53eb14edbeeb37279d126f45552df,0x112ea000c84401a711bfb664b8ef6f067d766d23,2026-08-11T13:59:34,repeated_internal_token_drain;dense_internal_fund_flow;complex_trace;high_gas_used_context;token_activity_burst;repeated_risky_internal_calls,0x8aaa8f3b,true
25729821,0x2d8b676471e9310b891af7f84fe93e5177cd9f9031cfce4ddb2414176b9151b1,0xad05adaee2e3127576cfa900aa3a80daf6766f1c,0xb4769e9c5be31199a25ecd1b0c6609183fa72521,2026-08-11T13:59:42,dense_internal_fund_flow;complex_trace;high_gas_used_context;token_activity_burst,0xa11b1198,true
25729821,0x8b8299922c910258cd9ac0359088ec22beb5622f3a84112895ff7443e0014f7e,0x346d25338f3cbd5a102011ca33a47d26b9400b90,0xacddac6c77318b615f7f6fb9bb67c6833e9c05f1,2026-08-11T13:59:43,large_erc20_asset_flow;complex_trace,0x571d3dc7,true
25729821,0x90ba0bf1f1eeeba7d4a308884d22f57a4b94b1cf5e1d0288554009f176bdbeb4,0x7556699aa8e6a7c9c69bcfaf9debd05f8192b063,0x84cab37995229530d9e6e5cff2f8f4ebe4517d66,2026-08-11T13:59:43,complex_trace;high_gas_used_context,0xe587456a,false
25729821,0xc3b87c83c1f2f70b36e3066e325f3917a5acbaeb704da13cc3c9030c6814da1f,0x3d4e12d540cf67a9c38da66a20943acac075725d,0x1eeda6359b726f7e5a662288ed7f1793ed6788b9,2026-08-11T13:59:43,repeated_internal_token_drain;dense_internal_fund_flow;complex_trace;high_gas_used_context;token_activity_burst;repeated_risky_internal_calls,0xa9059cbb,true
25729822,0xbaf0161d3154149bc90a407c49e009b489841c5df59d35aafb8a8fc8a22a9ec0,0x5b43453fce04b92e190f391a83136bfbecedefd1,0xbdb3ba9ffe392549e1f8658dd2630c141fdf47b6,2026-08-11T13:59:48,high_gas_used_context;token_activity_burst,0x000000c3,false
25729822,0x10f5fa7103a4504cfdc63e16d4448ba15dc761c478acadcb19a78ffbd32b445c,0x4ae11c82ba7f4b39a4333930a1b46c464b8a0b66,0x0a252663dbcc0b073063d6420a40319e438cfa59,2026-08-11T13:59:49,complex_trace;high_gas_used_context,0xecef9201,false
25729822,0xb0bbb06cfbf587942add7021ec987e4bf5b81b6a02e7fbb794b1302826e1652b,0xdda3b51e29f9d6fad865c5dd7070d5f7eb57663e,0x8d8210a0252a706cb5de0c6f8e46b6d3692afc19,2026-08-11T13:59:49,complex_trace;high_gas_used_context,0xffc3a769,false
25729822,0xffa96167b0fae722f2cd1ad97459643e3c0a257740dbb055f2c1f9ba708ee288,0x5a9ce6113eb1a3d6cb3ee9739b438c6f0c8d32c7,0x91ff8bbd8ebb07893010d50a48a1609e5ebd8e34,2026-08-11T13:59:49,complex_trace;high_gas_used_context,0x069d1525,false
25729822,0x743dc8b3ef1f8dd03e9bb4122cafd8c33131edfa664428617c7a266fb3857c83,0xa154b98e53fc35e1bad1ff758acbc8c629bdcd2b,0x19917386eeae67b6ff7ddf07de4019fca40aa4ec,2026-08-11T13:59:50,repeated_internal_token_drain;dense_internal_fund_flow;very_complex_trace;high_gas_used_context;token_activity_burst;repeated_risky_internal_calls,0xa9059cbb,true
25729822,0xdd42829b4c5d238fe20281ed1ec8f1327e4fd3cd1f4c581a4f94e19eeeecfca1,0xd6434d157f254276d69ede3bd9fc805482206908,0x7ec8a30a34b86927dc77b302603d1d53e640bef7,2026-08-11T13:59:50,repeated_internal_token_drain;dense_internal_fund_flow;complex_trace;high_gas_used_context;token_activity_burst;repeated_risky_internal_calls,0xa9059cbb,true
