block_num,tx_hash,from,to,detect_time,attack_signals,selector,has_asset_impact
25709057,0x0132f5388258cd2ca8736071a8fb8f161e2d5f534a22b13b6f6c390f58835d5d,0x5f8769281662a4af0175f7efe521892c52850ac6,0x40a6700b99115cda7b12bd0e21db1be8ae524bf2,2026-08-08T16:30:00,repeated_internal_token_drain;dense_internal_fund_flow;complex_trace;high_gas_used_context;token_activity_burst;repeated_risky_internal_calls,0xa9059cbb,true
25709057,0x03867f6ad6a44064c2f19626798168c8d41edaa6746616347f676a2ceb38f2a9,0xbad000006db10503589262b55d09bb7b3c5e1472,0xbbbbb048b1a85ca221058c45525095b6a68bbbbb,2026-08-08T16:30:00,repeated_internal_token_drain;dense_internal_fund_flow;very_complex_trace;high_gas_used_context;token_activity_burst;repeated_risky_internal_calls,0xa9059cbb,true
25709057,0x1c32330a1adccad4db96f5d0db3b5d7d7031c78e27ff0608733b00e27cfd2a58,0x49e1bf431e9bbbd8e57afcd21ccac3f30e7d98d3,0x28b1dc1a5e3699a428bc51d234dfab7c9cb2a183,2026-08-08T16:30:00,complex_trace;high_gas_used_context,0xf2c42696,false
25709057,0x216a0772bd4c137d671e10572a63e01a4afb95ee1950de3ddde6e2544b2e23e9,0xd714e1d25067c2421ea58b962d900732f77ab23b,0xcd2bdb8af031d29d2bc38ef08b842d31e344384c,2026-08-08T16:30:00,repeated_internal_token_drain;dense_internal_fund_flow;complex_trace;high_gas_used_context;token_activity_burst;repeated_risky_internal_calls,0xa9059cbb,true
25709057,0x62b39f3c6cbcd6f8aaa173721e91613e6f5aa63cf8545a5ab952934485b45f6d,0xd8018099f78b5b5b37305193a722c2ffe296c558,0x0000000000771a79d0fc7f3b7fe270eb4498f20b,2026-08-08T16:30:00,dense_internal_fund_flow;large_mint_to_sender;very_complex_trace;high_gas_used_context;token_activity_burst,0xd0b0fe59,true
25709057,0xc44c9554996fdc4883f28c0e5b6e5d3ebff0bf6f057e3c7fd238a122fff67819,0x70e59f9c304e4d5096bd408b571e2dcd99c3120b,0xad3b67bca8935cb510c8d18bd45f0b94f54a968f,2026-08-08T16:30:00,complex_trace;high_gas_used_context;token_activity_burst;approval_burst,0x146ee74d,false
25709058,0x45b496d2cd74f83c60581b10286b987ef1b8e9eaf7ac9e9e620a544f3d0340c8,0xc2ea198ac9c6b9eebf64d751bd2ce84f536716fd,0x1231deb6f5749ef6ce6943a275a1d3e7486f4eae,2026-08-08T16:30:09,dense_internal_fund_flow;complex_trace;high_gas_used_context;token_activity_burst,0x80c65808,true
25709058,0x3d6edc9ef18878c8829c5366b9aed42dfd6d3e3dcac1076afcadf9a99acbd0fa,0x3cfdc212769c890907bce93d3d8c2c53de6a7a89,0x0000000071727de22e5e9d8baf0edac6f37da032,2026-08-08T16:30:10,privileged_execution_context;complex_trace,0x765e827f,false
25709058,0x58445aaa212a83d2dc75bedcc9c766f3dd7412b9a09272acc41040bb6a3f8521,0xd8018099f78b5b5b37305193a722c2ffe296c558,0x0000000000771a79d0fc7f3b7fe270eb4498f20b,2026-08-08T16:30:10,dense_internal_fund_flow;large_mint_to_sender;very_complex_trace;high_gas_used_context;token_activity_burst,0xd0b0fe59,true
25709058,0x759219e39ca824323eb117a28133ddfcc2b25302a838f44c50f91cf9c4a2247f,0x70e59f9c304e4d5096bd408b571e2dcd99c3120b,0xad3b67bca8935cb510c8d18bd45f0b94f54a968f,2026-08-08T16:30:10,complex_trace;high_gas_used_context;token_activity_burst;approval_burst,0x146ee74d,false
25709059,0x84b3dae89948e6b6f0bfe8fc1c4e30b657d0b07039d9d968eede5149243d7937,0x5b43453fce04b92e190f391a83136bfbecedefd1,0xbdb3ba9ffe392549e1f8658dd2630c141fdf47b6,2026-08-08T16:30:22,dense_internal_fund_flow,0x000000c3,true
25709059,0x44f7141410f500af076df24644a53d4ea8e1f9bf1e07efaee116096b9d0b5b49,0xd8018099f78b5b5b37305193a722c2ffe296c558,0x0000000000771a79d0fc7f3b7fe270eb4498f20b,2026-08-08T16:30:24,dense_internal_fund_flow;large_mint_to_sender;very_complex_trace;high_gas_used_context;token_activity_burst,0xd0b0fe59,true
25709059,0x491a48a8b9d39ae3a651bf7d811ca37ed922f740f35036a08b1a0161f25bffb3,0xbad000006db10503589262b55d09bb7b3c5e1472,0xbbbbb048b1a85ca221058c45525095b6a68bbbbb,2026-08-08T16:30:24,repeated_internal_token_drain;dense_internal_fund_flow;very_complex_trace;high_gas_used_context;token_activity_burst;repeated_risky_internal_calls,0xa9059cbb,true
25709059,0x553353b0b2c99f64e1a5a242b21c3a81a5a10012ee7fc8b8944ab1d19a473cd3,0x00d9fe085d99b33ab2aae8063180c63e23bf2e69,0x75884f3ada15c953529abaac6549d5204135ec36,2026-08-08T16:30:24,repeated_internal_token_drain;dense_internal_fund_flow;complex_trace;high_gas_used_context;token_activity_burst;repeated_risky_internal_calls,0xa9059cbb,true
25709059,0x564e0531b03af20ef3425f0dd4bc6234fe84cc3d06ab0a16be7c781da49dc5f3,0xa127edc40fea07cdff89f8d812931f612ec13fa6,0xb222da0f9c22ad2addcb0b0d6b150f398e44157a,2026-08-08T16:30:24,complex_trace;high_gas_used_context;token_activity_burst;approval_burst,0xef4d7b75,false
25709059,0x7849a13ef3f978372a48e7f18b9e4a59cf4f30de9399abc9efb20dc7708bc3af,0x3cfdc212769c890907bce93d3d8c2c53de6a7a89,0x0000000071727de22e5e9d8baf0edac6f37da032,2026-08-08T16:30:24,privileged_execution_context;complex_trace,0x765e827f,false
25709060,0x5aff846c2017c51ec02b3da3f5b8b8262d49ee56714c6de14fb7cf9368c08f19,0x5f8769281662a4af0175f7efe521892c52850ac6,0x40a6700b99115cda7b12bd0e21db1be8ae524bf2,2026-08-08T16:30:40,repeated_internal_token_drain;dense_internal_fund_flow;complex_trace;high_gas_used_context;token_activity_burst;repeated_risky_internal_calls,0xa9059cbb,true
25709060,0x704c1d05fcf8372e90500417252e6127c5ff0ec6da2f1b40fb0e828f8e8aedc9,0xd8018099f78b5b5b37305193a722c2ffe296c558,0x0000000000771a79d0fc7f3b7fe270eb4498f20b,2026-08-08T16:30:40,dense_internal_fund_flow;large_mint_to_sender;very_complex_trace;high_gas_used_context;token_activity_burst,0xd0b0fe59,true
25709060,0xe4e54e6c8beaf804534ad95a5560b9d71a243fe06b7304cd7f886f95a44440b9,0x0e0052a184fd59c6b7e1e99d739802ecb3aec0e4,0xd82461784eb72d4b67cbab077989eb215315e272,2026-08-08T16:30:40,complex_trace;approval_burst,0x805f7b65,false
25709061,0x04a8a4d33411a8bd4dbb51b3eb09c228ecac7518dd204d3f38193f036a1374de,0xf279dfcdd57e1571c95e2c5b7e2ee453cbcdf77f,0x0000000071727de22e5e9d8baf0edac6f37da032,2026-08-08T16:30:47,complex_trace;high_gas_used_context,0x765e827f,false
25709061,0x26672d86bc05bbfa07714e114f830683526a23fb97d072aa8bfc21fb0e0a61bd,0x5b43453fce04b92e190f391a83136bfbecedefd1,0xbdb3ba9ffe392549e1f8658dd2630c141fdf47b6,2026-08-08T16:30:47,complex_trace;token_activity_burst,0x000000c3,false
25709061,0x78c77ec5a6c8c1c96dcbac6962c924662dbf4d452068ef0d32be381edf6e1f10,0x97daf89e49bbef3bec969df96980e6b6951a42da,0xee030ec6f4307411607e55acd08e628ae6655b86,2026-08-08T16:30:47,dense_internal_fund_flow;complex_trace,0x6e1537da,true
25709061,0x49735c3ef9cd9f1ecfbde2c85505f1c5f8a7d105805a39c91413a4e9aa7bb114,0xd714e1d25067c2421ea58b962d900732f77ab23b,0xcd2bdb8af031d29d2bc38ef08b842d31e344384c,2026-08-08T16:30:48,repeated_internal_token_drain;dense_internal_fund_flow;complex_trace;high_gas_used_context;token_activity_burst;repeated_risky_internal_calls,0xa9059cbb,true
25709062,0x06919e628385d5e4f719d91e2e4ca104776937bf7ebdbe94d0f03a3917713971,0x0e14a3e9af1afdfc60554e3e2a40c8284d647093,0x28b1dc1a5e3699a428bc51d234dfab7c9cb2a183,2026-08-08T16:30:59,complex_trace;token_activity_burst,0x0c307f76,false
25709062,0x231c88e7a0958c3499d3adfa1cda80d775cfc1e4e96122d71f89df2561952dc8,0x00d9fe085d99b33ab2aae8063180c63e23bf2e69,0x75884f3ada15c953529abaac6549d5204135ec36,2026-08-08T16:30:59,repeated_internal_token_drain;dense_internal_fund_flow;complex_trace;high_gas_used_context;token_activity_burst;repeated_risky_internal_calls,0xa9059cbb,true
25709062,0x64c4267f20c52b53fa1e347a8a25ff8fbd2e14cf1fd2a40d3ec46f7922c58a2f,0xa154b98e53fc35e1bad1ff758acbc8c629bdcd2b,0x19917386eeae67b6ff7ddf07de4019fca40aa4ec,2026-08-08T16:30:59,repeated_internal_token_drain;dense_internal_fund_flow;complex_trace;high_gas_used_context;token_activity_burst;repeated_risky_internal_calls,0xa9059cbb,true
25709062,0x75ab22b2554b9442311e1b6910a6a0ee7fb801e041ff2bbca63274e686f6bf92,0x0cd7e1660d63a6aebda782a2eb7f2875716ac3e8,0x0837e20d15585b4ca5c1a3fcedccf8f72855cb56,2026-08-08T16:30:59,complex_trace;high_gas_used_context,0xd41ddc96,false
25709062,0x9736344c2e96a29c6d476be4405ec345a2af562220d523df1951fea9b9026b52,0x9802476e99b19402069080494d51992a3815860e,0x6566194141eefa99af43bb5aa71460ca2dc90245,2026-08-08T16:31:00,large_erc20_profit_to_sender;large_erc20_asset_flow;complex_trace,0x374f435d,true
25709063,0x85ab6444be5dd0c8eb5a93865bc26c6f66bc55b550765ecf3155dc508848d1ed,0x5b43453fce04b92e190f391a83136bfbecedefd1,0xbdb3ba9ffe392549e1f8658dd2630c141fdf47b6,2026-08-08T16:31:10,dense_internal_fund_flow;complex_trace;high_gas_used_context;token_activity_burst,0x000000c3,true
25709063,0x89aacfb237527e70cd70eb7f90d67622f4a6bbf14d4c015101a9426abd6444d9,0x9795eeb65b49932ceb54aeb43d64818e920c5d70,0x03f34be1bf910116595db1b11e9d1b2ca5d59659,2026-08-08T16:31:10,dense_internal_fund_flow;complex_trace,0xe47d166c,true
25709063,0x221b5076f1e6490730d1a5724d940baa1d3016ce84e8d0049fe231e3c5ee1c24,0x09cfee647fa339133380191c8db6b44f24500c9d,0x77b85afbcd336993ac1c65057531c5a5b33b76b8,2026-08-08T16:31:11,repeated_internal_token_drain;dense_internal_fund_flow;complex_trace;high_gas_used_context;token_activity_burst;repeated_risky_internal_calls,0xa9059cbb,true
25709063,0x2c70de9c8dbba67e2f99264e7dad6d58dfb46a5de9d9cb69dd4de62f0590e2bb,0x5f8769281662a4af0175f7efe521892c52850ac6,0x40a6700b99115cda7b12bd0e21db1be8ae524bf2,2026-08-08T16:31:11,repeated_internal_token_drain;dense_internal_fund_flow;complex_trace;high_gas_used_context;token_activity_burst;repeated_risky_internal_calls,0xa9059cbb,true
25709063,0x89751988fcdccf31f20493e0f1daf7722d2c362df6480dd3f40e848e47532404,0xd36708ef96835b8b630d7a885fbc2b6dea83cadb,0xbdd84294bc8299861a2121f749a25efeb7168a32,2026-08-08T16:31:11,complex_trace;high_gas_used_context,0xaca9a6ae,false
25709064,0x63b7be622d3a994f5bcffe2e24284e5637ee821ed4d25985019b88259d099786,0x6eee6b3cf1b76aeca673eb14b1f107ea7d74cc52,0x8f5835e9d756c9bd934bce527157a4b0ef3c5cb7,2026-08-08T16:31:22,complex_trace;high_gas_used_context,0x5ef68f68,false
25709064,0xeacb162c6fa7a9257ca4194a7c2dc33d975432a664c19b0b641058b2fd9d1400,0xc6acbee42e9e323140c1ed060c2f6ea9cc3b4b75,0x7c5a71c9fefbc7691f9d4ac7baf70c743792f716,2026-08-08T16:31:22,selfdestruct_context,0xf3fef3a3,true
25709064,0x9942a525f5f95847cc8ddd4a80acd55556321abe0347855bf966ba4d2ac97c4c,0xe817f692709fd53f8afdd056f6af2392fa49346d,0x3d90f66b534dd8482b181e24655a9e8265316be9,2026-08-08T16:31:23,dense_internal_fund_flow;complex_trace;token_activity_burst,0x47ee97ff,true
25709064,0xeb5b2039fc6afaaf88fec4f99d0c902adece6064b9f736f37c9aaedf7f0d770a,0xc2ea198ac9c6b9eebf64d751bd2ce84f536716fd,0x1231deb6f5749ef6ce6943a275a1d3e7486f4eae,2026-08-08T16:31:23,dense_internal_fund_flow;complex_trace;high_gas_used_context;token_activity_burst,0x80c65808,true
25709064,0xcfe4679b7acc8ef6b75caf9a7b23ec15455f4dca82007f9168d29a0bf227e371,0xa154b98e53fc35e1bad1ff758acbc8c629bdcd2b,0x19917386eeae67b6ff7ddf07de4019fca40aa4ec,2026-08-08T16:31:24,repeated_internal_token_drain;dense_internal_fund_flow;very_complex_trace;high_gas_used_context;token_activity_burst;repeated_risky_internal_calls,0xa9059cbb,true
25709064,0x2315e4635854327eb5ce90d6f36740d2bf08882209caeb7238d27b91d90f6958,0x9851ab6cc8365d8e4dc025c5be581768b56b12ed,0x0de8bf93da2f7eecb3d9169422413a9bef4ef628,2026-08-08T16:31:25,dense_internal_fund_flow;large_mint_to_sender;very_complex_trace;high_gas_used_context;token_activity_burst,0xc2580804,true
25709064,0x4dc92df30bbfd3a707bdb88795e366fb4b77c925f41b2a5b3438fe22b025369f,0x3e932a1326a09c4c80499ccdcff20e3543487345,0xa324d9464e8d639ad3579c8f8bb07aec0c0651f6,2026-08-08T16:31:25,dense_internal_fund_flow;high_gas_used_context;token_activity_burst,0x983bc41b,true
25709064,0xd64c6c5c53c13fead34eed793ec92e159db957e4a106c9b8d5c130493ccdf8dc,0x3d4e12d540cf67a9c38da66a20943acac075725d,0x1eeda6359b726f7e5a662288ed7f1793ed6788b9,2026-08-08T16:31:25,repeated_internal_token_drain;dense_internal_fund_flow;complex_trace;high_gas_used_context;token_activity_burst;repeated_risky_internal_calls,0xa9059cbb,true
25709064,0x5f89a60d74a4f8e772708a6a643939d85658adac3761fb1da8bcfa775fedcc8c,0x54620b9a8a2c43aa8ed028450a7ce656a9c69feb,0x7cf7132a8be97d71852124dc96cd9e08621a49bb,2026-08-08T16:31:27,dense_internal_fund_flow,0x991230cd,true
25709065,0x5410719902c40f684f8fe9b8b0b93dca07886d17be86a386de4b6103f4dc2fb5,0x4dbc9244e817f9db8629584bdb398ad047ed6500,0x10f4c55aa15bf3ddcb3b8ac621a8db2649799da3,2026-08-08T16:31:33,complex_trace;high_gas_used_context,0x037a0321,false
25709065,0x90a249a6392be132a8e71c49b5f7413fc84fb4a502ddcad0dd41b7cc0324b07c,0x5b43453fce04b92e190f391a83136bfbecedefd1,0xbdb3ba9ffe392549e1f8658dd2630c141fdf47b6,2026-08-08T16:31:33,dense_internal_fund_flow;complex_trace;high_gas_used_context;token_activity_burst,0x000000c3,true
25709065,0xa67396a1beb91f218c6457972f438277a9e43674b671f95248049995c4026269,0x0cd7e1660d63a6aebda782a2eb7f2875716ac3e8,0x2fdd3c0a682e5774205f0f6d3ed3c9d1b9cb9413,2026-08-08T16:31:33,complex_trace;high_gas_used_context,0xd6bda0c0,false
25709065,0x3a7ea6f32319bfaf12e31b54b2888abe4efa099ca14e9d1f7ecb9927484dc110,0xd714e1d25067c2421ea58b962d900732f77ab23b,0xcd2bdb8af031d29d2bc38ef08b842d31e344384c,2026-08-08T16:31:34,repeated_internal_token_drain;dense_internal_fund_flow;complex_trace;high_gas_used_context;token_activity_burst;repeated_risky_internal_calls,0xa9059cbb,true
25709065,0x6ba9a65decd4b1cee1ca7f65371c67fae6b0e34307f0741ba6ec6baebf5f0402,0xe487832018fbd594c84f1db3dfac61cde98a5f36,0x91ff8bbd8ebb07893010d50a48a1609e5ebd8e34,2026-08-08T16:31:34,complex_trace;high_gas_used_context,0x069d1525,false
25709066,0x8858acc10c531c69c9a4416fc2121c60bd069d3fddc9433776691893874dbad4,0x4270fe0dc8170842e3edcc401c573c5597fcd990,0x6a000f20005980200259b80c5102003040001068,2026-08-08T16:31:44,complex_trace;token_activity_burst,0xe3ead59e,true
25709066,0x0999ba8ac2f1fc4b12e917e91a6ff262026cda77e10baae847a938c259d1642e,0x5f8769281662a4af0175f7efe521892c52850ac6,0x40a6700b99115cda7b12bd0e21db1be8ae524bf2,2026-08-08T16:31:45,repeated_internal_token_drain;dense_internal_fund_flow;complex_trace;high_gas_used_context;token_activity_burst;repeated_risky_internal_calls,0xa9059cbb,true
25709066,0x7600126a25e17de34c1ce5f5cef2b52d19839fab072864f5e284ddbba33b7554,0x00d9fe085d99b33ab2aae8063180c63e23bf2e69,0x75884f3ada15c953529abaac6549d5204135ec36,2026-08-08T16:31:45,repeated_internal_token_drain;dense_internal_fund_flow;complex_trace;high_gas_used_context;token_activity_burst;repeated_risky_internal_calls,0xa9059cbb,true
25709066,0x7846eb50e18de0edaf5957f415b9f5925cfab5b553af610dfe714104235416ca,0xa154b98e53fc35e1bad1ff758acbc8c629bdcd2b,0x19917386eeae67b6ff7ddf07de4019fca40aa4ec,2026-08-08T16:31:45,repeated_internal_token_drain;dense_internal_fund_flow;complex_trace;high_gas_used_context;token_activity_burst;repeated_risky_internal_calls,0xa9059cbb,true
25709066,0x8b14054e1d4a26b88fcc763119578ad62d696fe5584568812072d17ee483ffc6,0xb24d671f0c7bef757412897ef60013040185c6fa,0xe862bc39b8d5f12d8c4117d3e2d493dc20051ec6,2026-08-08T16:31:46,large_erc20_asset_flow;complex_trace,0x19f6626b,true
25709066,0xa2553a7a6ddcfd2a4c04baed8890d4b77718598266470e7be4c8bbefb9437530,0xd8018099f78b5b5b37305193a722c2ffe296c558,0x0000000000771a79d0fc7f3b7fe270eb4498f20b,2026-08-08T16:31:46,dense_internal_fund_flow;large_mint_to_sender;very_complex_trace;high_gas_used_context;token_activity_burst,0xd0b0fe59,true
25709067,0xb8f069a157083195d3225667a83da2ced79bc8fff6bd40d6132e0516c54c7fe0,0x5b43453fce04b92e190f391a83136bfbecedefd1,0xbdb3ba9ffe392549e1f8658dd2630c141fdf47b6,2026-08-08T16:31:55,complex_trace;high_gas_used_context;token_activity_burst,0x000000c3,false
25709067,0x92e5187ffd526560c798158c7c7597aff6aa4c6d728577628a617f7a496883f9,0xe4fd302bf03820e6d82b18addd62e9ff58f22173,0xe7e68d336f90f98d22a479253eafa5f2424acad8,2026-08-08T16:31:56,dense_internal_fund_flow;complex_trace;high_gas_used_context;token_activity_burst,0x21c69a19,true
25709067,0xaaae604a6b00b7ffb3dc3875ccf55274f5184395e75481d9fbf9e2e33f09e627,0x3d4e12d540cf67a9c38da66a20943acac075725d,0x1eeda6359b726f7e5a662288ed7f1793ed6788b9,2026-08-08T16:31:56,repeated_internal_token_drain;dense_internal_fund_flow;complex_trace;high_gas_used_context;token_activity_burst;repeated_risky_internal_calls,0xa9059cbb,true
25709067,0xce2044dcda9a42da6508db18cd367f85c71acfd19ce1c199e30fbb9b6f85534f,0xd8018099f78b5b5b37305193a722c2ffe296c558,0x0000000000771a79d0fc7f3b7fe270eb4498f20b,2026-08-08T16:31:56,dense_internal_fund_flow;large_mint_to_sender;very_complex_trace;high_gas_used_context;token_activity_burst,0xd0b0fe59,true
25709068,0x582ebd09703d75dba9a2f201cb7e03dffb5ab6739663ba5cbbc02519aac0b5fa,0xd714e1d25067c2421ea58b962d900732f77ab23b,0xcd2bdb8af031d29d2bc38ef08b842d31e344384c,2026-08-08T16:32:06,repeated_internal_token_drain;dense_internal_fund_flow;complex_trace;high_gas_used_context;token_activity_burst;repeated_risky_internal_calls,0xa9059cbb,true
25709068,0x203859f6e63e26b27a3e65f72cf0e9e48f0327ac27b8d8fdf64e7de5b36c0d3c,0xe99bd1c2dd70cd58e5efd47887991700e7318ce2,0xad3b67bca8935cb510c8d18bd45f0b94f54a968f,2026-08-08T16:32:07,complex_trace;high_gas_used_context;token_activity_burst;approval_burst,0x146ee74d,false
25709068,0x7e3e89e88127f0bbd409a8e49ffe37ed34cc5ca7d3750353bc6933469b640d8d,0xd8018099f78b5b5b37305193a722c2ffe296c558,0x0000000000771a79d0fc7f3b7fe270eb4498f20b,2026-08-08T16:32:07,dense_internal_fund_flow;large_mint_to_sender;very_complex_trace;high_gas_used_context;token_activity_burst,0xd0b0fe59,true
25709068,0xb7ee5a4d5978e5236ebfd6c98e028bf2f850f487a9d741b6e5f3699756d9a3d5,0x69ab0d28e8a052da572a733645877f4cb6dfb333,0x78ace9b2ee9a31737fad748015266a59f32dc79a,2026-08-08T16:32:07,complex_trace;high_gas_used_context;token_activity_burst,0x9265bb9d,false
25709068,0xd6f03b6b2cf27133ca6fd98f1e318273466eb2a67e4766c337228a0742ce79bb,0xbad000006db10503589262b55d09bb7b3c5e1472,0xbbbbb048b1a85ca221058c45525095b6a68bbbbb,2026-08-08T16:32:07,repeated_internal_token_drain;dense_internal_fund_flow;very_complex_trace;high_gas_used_context;token_activity_burst;repeated_risky_internal_calls,0xa9059cbb,true
25709069,0x5b41d2b71ef2b5fbf4729d67accf929c23089b91b3eee05be2a8fef3fb38a023,0x64ddc0430eec16dbf928e985177b5a93f4cb3d27,0xdeadc0de0000e54725ad1bf220324717043e02bf,2026-08-08T16:32:23,dense_internal_fund_flow;complex_trace;high_gas_used_context,0x2f09b372,true
25709069,0xee6e41357a9ff537a0f47d7732f8ae1140a3194206d878131c4bbc6ebcb4e472,0x54d35908413cea0b84845c3936b6792b1aff56cf,0x881d40237659c251811cec9c364ef91dc08d300c,2026-08-08T16:32:23,dense_internal_fund_flow;complex_trace,0x5f575529,true
25709069,0x6281ada3f6546dad36ce33486cab71d681b58a5a0e9eaadac5365c99d609161a,0xe99bd1c2dd70cd58e5efd47887991700e7318ce2,0xad3b67bca8935cb510c8d18bd45f0b94f54a968f,2026-08-08T16:32:24,complex_trace;high_gas_used_context;token_activity_burst;approval_burst,0x146ee74d,false
25709069,0x36a7402e8ac31c9da243b0b5364f849da4215a4852342e229e4d6790937d0452,0x00d9fe085d99b33ab2aae8063180c63e23bf2e69,0x75884f3ada15c953529abaac6549d5204135ec36,2026-08-08T16:32:26,repeated_internal_token_drain;dense_internal_fund_flow;complex_trace;high_gas_used_context;token_activity_burst;repeated_risky_internal_calls,0xa9059cbb,true
25709069,0x75c29d984b5eae17301cf0a3e1c16eea9efe6a6fae7ae9a729a6369ae4e4effe,0xb9ede6f94d192073d8eaf85f8db677133d483249,0x86e4dc95c7fbdbf52e33d563bbdb00823894c287,2026-08-08T16:32:26,complex_trace;high_gas_used_context,0x4e43e495,false
25709069,0xa3d7efd137e4cced86ee3ea2a21e2b12c3edc6954d039e85bbcd95fdeb4b42a2,0xde7a849216aa3884d53d84ecb02c19eb67e5dae2,0x7d9f4ca54131e588fc1fe577973b55fb11231e76,2026-08-08T16:32:26,high_gas_used_context;token_activity_burst,0x6aac3a0b,false
25709070,0x0a1b62fcce7069b7190fcc1210f9570c59a4d1ea3b20170843fba69c78723ad2,0xbad000006db10503589262b55d09bb7b3c5e1472,0xbbbbb048b1a85ca221058c45525095b6a68bbbbb,2026-08-08T16:32:31,repeated_internal_token_drain;dense_internal_fund_flow;very_complex_trace;high_gas_used_context;token_activity_burst;repeated_risky_internal_calls,0xa9059cbb,true
25709070,0x4fb094772e0ef763a59cba929ecdf311516a111d7e0d4b9bb38e0bfec3049524,0xc6acbee42e9e323140c1ed060c2f6ea9cc3b4b75,0x7c5a71c9fefbc7691f9d4ac7baf70c743792f716,2026-08-08T16:32:31,selfdestruct_context,0xf3fef3a3,false
25709070,0x50012a0857a673c9abaa4781ce7f637c40db56fe763337de6f978748b53e0d28,0x5f8769281662a4af0175f7efe521892c52850ac6,0x40a6700b99115cda7b12bd0e21db1be8ae524bf2,2026-08-08T16:32:31,repeated_internal_token_drain;dense_internal_fund_flow;complex_trace;high_gas_used_context;token_activity_burst;repeated_risky_internal_calls,0xa9059cbb,true
25709070,0x641c7a6371e1dbf2c87392d003f5f2ab43a33fe21d23d36cc9a20301c9c093a6,0xd714e1d25067c2421ea58b962d900732f77ab23b,0xcd2bdb8af031d29d2bc38ef08b842d31e344384c,2026-08-08T16:32:31,repeated_internal_token_drain;dense_internal_fund_flow;complex_trace;high_gas_used_context;token_activity_burst;repeated_risky_internal_calls,0xa9059cbb,true
25709070,0x86ec8800cdb93d10d773b913ff987238781982253e5105e1eaeb0046143cb63d,0xf70da97812cb96acdf810712aa562db8dfa3dbef,0x147bde4f997f0d4c7544ed0c55eacf1e5e6bf9c4,2026-08-08T16:32:31,large_erc20_asset_flow;complex_trace,0xc7c7f5b3,true
25709070,0xb311f570d010ff025e5b69e98bb5be1663d3de5b6fe80e0fdb8fcb38355a1739,0x41666ba71d5a85e4f2599e7c77a8fa5df41df236,0x7a250d5630b4cf539739df2c5dacb4c659f2488d,2026-08-08T16:32:31,dense_internal_fund_flow,0x02751cec,true
25709070,0xdaf7f775ad7080bff3dd1939fcc33699952a33a11acadee0d987919dc609c86e,0x7556699aa8e6a7c9c69bcfaf9debd05f8192b063,0x84cab37995229530d9e6e5cff2f8f4ebe4517d66,2026-08-08T16:32:31,complex_trace;high_gas_used_context,0xe587456a,false
25709070,0xe6716cb500c13c153824d7c0abb8a48f8288fda19efcfa20b899b0eb5650195c,0x05917c2b4811e78deaa4f68f3900242acfb9beab,0x9a74442ad2d0c8c2ca035a6f9b6122a085e72f0f,2026-08-08T16:32:32,complex_trace;high_gas_used_context,0x6234d42b,false
25709071,0x42c83029f68c00d0db84803ea68dbb74b05fa438f0d1478c8843473effa29ff7,0x36dd131e2be4a568678272f0f2a737f4f7c10710,0x7a250d5630b4cf539739df2c5dacb4c659f2488d,2026-08-08T16:32:44,dense_internal_fund_flow,0x02751cec,true
25709071,0xfd76d4c0dbb4c872c9f97a350324471d25742a1a95b8d8e4ed7c110be3132f19,0x3d4e12d540cf67a9c38da66a20943acac075725d,0x1eeda6359b726f7e5a662288ed7f1793ed6788b9,2026-08-08T16:32:45,repeated_internal_token_drain;dense_internal_fund_flow;complex_trace;high_gas_used_context;token_activity_burst;repeated_risky_internal_calls,0xa9059cbb,true
25709072,0x2390e4891192c2924b2bb6045b2c5258c2daee2d70da4458cf4634ba9a6b19bc,0xc6acbee42e9e323140c1ed060c2f6ea9cc3b4b75,0x7c5a71c9fefbc7691f9d4ac7baf70c743792f716,2026-08-08T16:32:56,selfdestruct_context,0xf3fef3a3,true
25709072,0x3c192618a333e4bfd0bbe98dc24316c97c1144a994168fba98234d859c617467,0x9f1d500ef5affcf38ecab818a9786c750ddd8017,0x2882b9de0b3b8676b43da070e339c03950894587,2026-08-08T16:32:56,privileged_execution_context;complex_trace;high_gas_used_context;token_activity_burst,0x6a761202,false
25709072,0x74bbaa15575df4a20c9a02778c82758ce87623ebc895ce02afbc6f67e025b162,0x00d9fe085d99b33ab2aae8063180c63e23bf2e69,0x75884f3ada15c953529abaac6549d5204135ec36,2026-08-08T16:32:57,repeated_internal_token_drain;dense_internal_fund_flow;complex_trace;high_gas_used_context;token_activity_burst;repeated_risky_internal_calls,0xa9059cbb,true
25709072,0x85f143a32822c5272b8004ded59a0a34216611ed7893be4fdb0014ef8d3d6fa9,0xa154b98e53fc35e1bad1ff758acbc8c629bdcd2b,0x19917386eeae67b6ff7ddf07de4019fca40aa4ec,2026-08-08T16:32:57,repeated_internal_token_drain;dense_internal_fund_flow;complex_trace;high_gas_used_context;token_activity_burst;repeated_risky_internal_calls,0xa9059cbb,true
25709073,0x9f82a44c4b10bee6f2612f9872412e934643c27ac975fa884e35d7030d359f23,0x1584a8ee67789d1fe161065388657ad2f2a3c7dd,0x77eb52e44db06777bce478159f25c0d55a295314,2026-08-08T16:33:07,repeated_internal_token_drain;dense_internal_fund_flow;complex_trace;token_activity_burst;repeated_risky_internal_calls,0xa9059cbb,true
25709073,0xb30121a5f306f6e37e0e512daf335d205de696ad3266132f745feae2b00c789e,0xd714e1d25067c2421ea58b962d900732f77ab23b,0xcd2bdb8af031d29d2bc38ef08b842d31e344384c,2026-08-08T16:33:07,repeated_internal_token_drain;dense_internal_fund_flow;complex_trace;high_gas_used_context;token_activity_burst;repeated_risky_internal_calls,0xa9059cbb,true
25709073,0xe501efa6891507e1cb42a7a0e4d4fe5420bd76743de56a09f2fd7d95b7cb340c,0x188e0a521287fa6fce76620b355d2b902a2407b0,0xb300000b72deaeb607a12d5f54773d1c19c7028d,2026-08-08T16:33:07,dense_internal_fund_flow;complex_trace;high_gas_used_context,0x810c705b,true
25709073,0x33eac05f4d35a7cd209ae5a4aa978cd64ef79c26f9966a51f617695440da582b,0xe99bd1c2dd70cd58e5efd47887991700e7318ce2,0xad3b67bca8935cb510c8d18bd45f0b94f54a968f,2026-08-08T16:33:09,complex_trace;high_gas_used_context;token_activity_burst;approval_burst,0x146ee74d,false
25709073,0x52f3e1cdb43b91f1c42a46d2e1d9f5c1e6a0f1bef8db9b1d9043e68beed0282a,0xb4c5355f35e0fc4a3dafc55f64319416e154fb11,0xf993aef0fe2018d01ec10cbdffeb1836de9c196e,2026-08-08T16:33:09,complex_trace;high_gas_used_context;token_activity_burst,0x11d37713,false
25709074,0xd59b73f5ee80b8a374bbce7c8954b72eb36f1a415a2b5244fe472df5a8ff523e,0x49e1bf431e9bbbd8e57afcd21ccac3f30e7d98d3,0x28b1dc1a5e3699a428bc51d234dfab7c9cb2a183,2026-08-08T16:33:20,complex_trace;high_gas_used_context,0xf2c42696,true
25709074,0x40536c651d11c5e4e403d477cc90f711a3d18832093c54f790b60c9ac67dd3ad,0x09cfee647fa339133380191c8db6b44f24500c9d,0x77b85afbcd336993ac1c65057531c5a5b33b76b8,2026-08-08T16:33:21,high_gas_used_context;token_activity_burst,0xa9059cbb,false
25709074,0x4689f99448ebe6ae1665cdc913cbe7c5af0ade56d7c448f84273a268c54dd8b0,0x3d4e12d540cf67a9c38da66a20943acac075725d,0x1eeda6359b726f7e5a662288ed7f1793ed6788b9,2026-08-08T16:33:21,repeated_internal_token_drain;dense_internal_fund_flow;complex_trace;high_gas_used_context;token_activity_burst;repeated_risky_internal_calls,0xa9059cbb,true
25709074,0xc2658baefdf0c6ddf82e4c898f164758d6981a5d62023471f8d516ea50322243,0xa154b98e53fc35e1bad1ff758acbc8c629bdcd2b,0x19917386eeae67b6ff7ddf07de4019fca40aa4ec,2026-08-08T16:33:21,repeated_internal_token_drain;dense_internal_fund_flow;very_complex_trace;high_gas_used_context;token_activity_burst;repeated_risky_internal_calls,0xa9059cbb,true
25709074,0xeea6feb922c006080dd71a79df375eef35e64d602ec9b924699f8c0f2be91233,0xe8aacac49c4645a92ec2232ea33a8175c865a6bc,0xf4e147db314947fc1275a8cbb6cde48c510cd8cf,2026-08-08T16:33:21,privileged_execution_context,0x760d0f9d,false
25709075,0x81712ff70b3caed25e5de20cc2e89427a32be8bb0ff43d29968dbb1b69320d19,0x47da8dba29f6ed62fcd95acdaaeda07d6a947147,0xb49b1f78838f4889836ca0bd13521b42f47de5c1,2026-08-08T16:33:30,complex_trace;high_gas_used_context,0x11da60b4,false
25709075,0x070998e800b87ac3c7c766c86ef1624eefe2942981a53c6c9419288ea0fa485d,0x0cd7e1660d63a6aebda782a2eb7f2875716ac3e8,0xeccef525b3063705da5075a1ce5de1892d24c25a,2026-08-08T16:33:32,complex_trace;high_gas_used_context,0xd41ddc96,false
25709075,0x398dbe317bff8e8d6849660dad98d72f97e1350f9f2a5aac21c7a891e1f63251,0x00d9fe085d99b33ab2aae8063180c63e23bf2e69,0x75884f3ada15c953529abaac6549d5204135ec36,2026-08-08T16:33:32,repeated_internal_token_drain;dense_internal_fund_flow;complex_trace;high_gas_used_context;token_activity_burst;repeated_risky_internal_calls,0xa9059cbb,true
25709075,0xb7e429214df1c07983ef02603e529f450c7117b1fd5d72bf507665e6c44f541f,0xe49384e6aca6a26c82eaa161a9211fa60feee3ef,0x93a797643d74fc81e7a51f3f84a9d78f930435d1,2026-08-08T16:33:32,large_erc20_asset_flow;complex_trace;high_gas_used_context,0x6a761202,true
25709076,0x6f491f449f6afc9acb152b41d09d88001f1312f7fe7778156b5a26bc8a5a98d6,0x5b43453fce04b92e190f391a83136bfbecedefd1,0xbdb3ba9ffe392549e1f8658dd2630c141fdf47b6,2026-08-08T16:33:46,dense_internal_fund_flow;complex_trace;high_gas_used_context;token_activity_burst,0x000000c3,true
25709076,0x12a3e383523256689b56c22754c4247e14ff4e8e41386f6a217508cfe500f216,0x3d4e12d540cf67a9c38da66a20943acac075725d,0x1eeda6359b726f7e5a662288ed7f1793ed6788b9,2026-08-08T16:33:48,repeated_internal_token_drain;dense_internal_fund_flow;complex_trace;high_gas_used_context;token_activity_burst;repeated_risky_internal_calls,0xa9059cbb,true
25709076,0x82ac13d96f67ee6ecdd1aee39d767946929fb99fc81940af679db56ba9f2ca94,0xbad000006db10503589262b55d09bb7b3c5e1472,0xbbbbb048b1a85ca221058c45525095b6a68bbbbb,2026-08-08T16:33:48,repeated_internal_token_drain;dense_internal_fund_flow;very_complex_trace;high_gas_used_context;token_activity_burst;repeated_risky_internal_calls,0xa9059cbb,true
25709077,0x100006ccee5c438b45890ce6d2df34e7330b22c92a95893b4fe4967d52645f72,0x9851ab6cc8365d8e4dc025c5be581768b56b12ed,0x0de8bf93da2f7eecb3d9169422413a9bef4ef628,2026-08-08T16:33:56,dense_internal_fund_flow;large_mint_to_sender;very_complex_trace;high_gas_used_context;token_activity_burst,0xc2580804,true
25709077,0x73e4a8682e3153dd2d854d47e85806ceb9590d44fd2c38c260ad03fd7b833187,0x2767ae7e0c205425a7b7f7583c512513c527f482,0x6d53358380021abebc424a42568be40d5de9ccdc,2026-08-08T16:33:56,repeated_internal_token_drain;dense_internal_fund_flow;very_complex_trace;high_gas_used_context;token_activity_burst;repeated_risky_internal_calls,0x93856e68,true
25709077,0x82247fc15f4757290b6dc6d27534ab7deb019f2f1f6219a6566bfd7c427aa632,0x2767ae7e0c205425a7b7f7583c512513c527f482,0x6d53358380021abebc424a42568be40d5de9ccdc,2026-08-08T16:33:56,repeated_internal_token_drain;dense_internal_fund_flow;very_complex_trace;high_gas_used_context;token_activity_burst;repeated_risky_internal_calls,0x93856e68,true
25709077,0x844d950bf2b0305b99311b344cbf8d04dce96bff33e63e37815190f142a569a6,0x2767ae7e0c205425a7b7f7583c512513c527f482,0x6d53358380021abebc424a42568be40d5de9ccdc,2026-08-08T16:33:56,repeated_internal_token_drain;dense_internal_fund_flow;very_complex_trace;high_gas_used_context;token_activity_burst;repeated_risky_internal_calls,0x93856e68,true
25709077,0x913a782b711d154f983010eef41da4c32042833c77287555d063f7d260bf9af6,0x0cd7e1660d63a6aebda782a2eb7f2875716ac3e8,0x2fdd3c0a682e5774205f0f6d3ed3c9d1b9cb9413,2026-08-08T16:33:56,complex_trace;high_gas_used_context,0xd6bda0c0,false
25709077,0xc5a649d1916912752e9578d47bfdb4c674e3897c85133da44779f5ca9cabb93a,0x1484df988814cf22ddb0b54c63aeee27660ace29,0x80ac24aa929eaf5013f6436cda2a7ba190f5cc0b,2026-08-08T16:33:56,large_erc20_asset_flow;complex_trace,0x107703ab,true
25709078,0x043490380f8f0cd9a59c5f059765949872ffbed94a4537b339757a4ee73d5915,0x2767ae7e0c205425a7b7f7583c512513c527f482,0x6d53358380021abebc424a42568be40d5de9ccdc,2026-08-08T16:34:06,repeated_internal_token_drain;dense_internal_fund_flow;very_complex_trace;high_gas_used_context;token_activity_burst;repeated_risky_internal_calls,0x93856e68,true
25709078,0xa6570dadd145276cb28ac8a85f0319d2e00320578740a607fdced27b7a36a91e,0x2767ae7e0c205425a7b7f7583c512513c527f482,0x6d53358380021abebc424a42568be40d5de9ccdc,2026-08-08T16:34:06,repeated_internal_token_drain;dense_internal_fund_flow;very_complex_trace;high_gas_used_context;token_activity_burst;repeated_risky_internal_calls,0x93856e68,true
25709078,0x1919904e1edc4b61c9eae56dfd780ecb1e735e060ab190aecd629676896309e4,0x2767ae7e0c205425a7b7f7583c512513c527f482,0x6d53358380021abebc424a42568be40d5de9ccdc,2026-08-08T16:34:07,repeated_internal_token_drain;dense_internal_fund_flow;very_complex_trace;high_gas_used_context;token_activity_burst;repeated_risky_internal_calls,0x93856e68,true
25709078,0x9ceabb9c46810bf74ba1b0e15f084ee8fa87a286c8a48bea5dd7593f0cf48ce0,0xf70da97812cb96acdf810712aa562db8dfa3dbef,0xb92fe925dc43a0ecde6c8b1a2709c170ec4fff4f,2026-08-08T16:34:07,dense_internal_fund_flow,0xcd6e13f7,true
25709078,0xb6d9767aea9bd606cc84ed58366320e14be7e7ead11cc74595a61ed3611a2985,0xe487832018fbd594c84f1db3dfac61cde98a5f36,0x91ff8bbd8ebb07893010d50a48a1609e5ebd8e34,2026-08-08T16:34:07,complex_trace;high_gas_used_context,0x069d1525,false
25709079,0x11cf2489e9b8c286772fb81db5c32271603b053d30c50a6e300cdad996c9bb61,0xb1ca4a18aff443656f407fa8be3533ff27dde911,0x9da8b48441583a2b93e2ef8213aad0ec0b392c69,2026-08-08T16:34:22,complex_trace;high_gas_used_context,0xe7c438c9,false
25709079,0x50816becaade949641b89b151da81f83a09d729da881dc6cd55e2d9ed425dc65,0xc6acbee42e9e323140c1ed060c2f6ea9cc3b4b75,0x7c5a71c9fefbc7691f9d4ac7baf70c743792f716,2026-08-08T16:34:22,selfdestruct_context,0xf3fef3a3,true
25709079,0x086bf1417e14adedd40b602036a6fc6045d153bee7b5133d3541dff1ebe2caf0,0x3d4e12d540cf67a9c38da66a20943acac075725d,0x1eeda6359b726f7e5a662288ed7f1793ed6788b9,2026-08-08T16:34:23,repeated_internal_token_drain;dense_internal_fund_flow;complex_trace;high_gas_used_context;token_activity_burst;repeated_risky_internal_calls,0xa9059cbb,true
25709079,0x231521f61046f7fae6ac1393cdd761edc24f2ba807f21da073b7f07dc6e42652,0xbad000006db10503589262b55d09bb7b3c5e1472,0xbbbbb048b1a85ca221058c45525095b6a68bbbbb,2026-08-08T16:34:23,repeated_internal_token_drain;dense_internal_fund_flow;very_complex_trace;high_gas_used_context;token_activity_burst;repeated_risky_internal_calls,0xa9059cbb,true
25709079,0xb6f18c4a2ceac81c7c48407d991a97430a5d1f04c51987c2f527dd0e6981cf2f,0xde7a849216aa3884d53d84ecb02c19eb67e5dae2,0x7d9f4ca54131e588fc1fe577973b55fb11231e76,2026-08-08T16:34:23,high_gas_used_context;token_activity_burst,0x6aac3a0b,false
25709079,0xdf3c8f38a95096002c2e16c5e99ce45c4038001f602d1145201300cb3c2e03da,0xd8018099f78b5b5b37305193a722c2ffe296c558,0x0000000000771a79d0fc7f3b7fe270eb4498f20b,2026-08-08T16:34:23,dense_internal_fund_flow;large_mint_to_sender;very_complex_trace;high_gas_used_context;token_activity_burst,0xd0b0fe59,true
25709080,0x515d3a4cbd57d8cd741264ff87cb70aeb4868231f12f8f025de1d8399b64d80c,0x70e59f9c304e4d5096bd408b571e2dcd99c3120b,0xad3b67bca8935cb510c8d18bd45f0b94f54a968f,2026-08-08T16:34:33,complex_trace;high_gas_used_context;token_activity_burst;approval_burst,0x146ee74d,false
25709080,0x7a7cb8d49bef15ed1913340ea0ec1f61d38ff91cb46065b79c791d2836244237,0x4ec89ba6558ef10b3435246de77aa3bf8f2ba745,0x1231deb6f5749ef6ce6943a275a1d3e7486f4eae,2026-08-08T16:34:33,dense_internal_fund_flow,0x733214a3,true
25709080,0xda991abb3b63e7551d99557091b22ba8abef83af4258ed11b700a9cc70941de4,0xd588b9451a2a4dd1e6064eded4b6f9ae88833e97,0x03f34be1bf910116595db1b11e9d1b2ca5d59659,2026-08-08T16:34:33,dense_internal_fund_flow;complex_trace,0xa32fe0a1,true
25709080,0xb1a0e2983c461544f2aab008d8d04655b70ce4d115ddfb44a06586d5a12f567c,0xd8018099f78b5b5b37305193a722c2ffe296c558,0x0000000000771a79d0fc7f3b7fe270eb4498f20b,2026-08-08T16:34:34,dense_internal_fund_flow;large_mint_to_sender;very_complex_trace;high_gas_used_context;token_activity_burst,0xd0b0fe59,true
25709081,0x0f895ca06e8533e297473c7eae2bf153428531a6420550eea45dd9a77219e617,0xd8018099f78b5b5b37305193a722c2ffe296c558,0x0000000000771a79d0fc7f3b7fe270eb4498f20b,2026-08-08T16:34:46,dense_internal_fund_flow;large_mint_to_sender;very_complex_trace;high_gas_used_context;token_activity_burst,0xd0b0fe59,true
25709081,0x5971698c7510b076a15fa64ec3c3e59e453cd51b1b3f5f4486429dd49d47a114,0xbad000006db10503589262b55d09bb7b3c5e1472,0xbbbbb048b1a85ca221058c45525095b6a68bbbbb,2026-08-08T16:34:46,repeated_internal_token_drain;dense_internal_fund_flow;very_complex_trace;high_gas_used_context;token_activity_burst;repeated_risky_internal_calls,0xa9059cbb,true
25709081,0x8a4402a2dc64ab532745dfa571f746f9dc9bc84d9aa425cd89d0b355a8271061,0x3d4e12d540cf67a9c38da66a20943acac075725d,0x1eeda6359b726f7e5a662288ed7f1793ed6788b9,2026-08-08T16:34:46,repeated_internal_token_drain;dense_internal_fund_flow;complex_trace;high_gas_used_context;token_activity_burst;repeated_risky_internal_calls,0xa9059cbb,true
25709081,0x90fd94446d52d476e5737ab61b6f0f389a9994d81ca02ec3ad6db5aa77da1404,0x00d9fe085d99b33ab2aae8063180c63e23bf2e69,0x75884f3ada15c953529abaac6549d5204135ec36,2026-08-08T16:34:46,repeated_internal_token_drain;dense_internal_fund_flow;complex_trace;high_gas_used_context;token_activity_burst;repeated_risky_internal_calls,0xa9059cbb,true
25709081,0x93fefac0b9990a40d4cecec7eb5796c121d2e64ebaa9b215f3d56aff9655e803,0xd714e1d25067c2421ea58b962d900732f77ab23b,0xcd2bdb8af031d29d2bc38ef08b842d31e344384c,2026-08-08T16:34:46,repeated_internal_token_drain;dense_internal_fund_flow;complex_trace;high_gas_used_context;token_activity_burst;repeated_risky_internal_calls,0xa9059cbb,true
25709081,0xe786ae94ca3af50b25aa8aad24ce43b7c82371c2499b4f7d9b8af9ab10ed38f5,0xf095e71886efaaa1d2ce66c3f9aa4cd4e8467ca9,0xf4e147db314947fc1275a8cbb6cde48c510cd8cf,2026-08-08T16:34:46,privileged_execution_context,0x760d0f9d,false
25709082,0xec89ed1ac5944fac0bc10c1030b7c24da1248232de7544ddc1b6dff077a7dfd8,0xf1701fd8defc4f8a4285aaabc13683ad4a6b8e3e,0x03f34be1bf910116595db1b11e9d1b2ca5d59659,2026-08-08T16:34:56,dense_internal_fund_flow;complex_trace,0xa32fe0a1,true
25709082,0xd72e1550c53e488d4caee5826378979297c69d0bf8fe3ffe4af682468da097ea,0xd8018099f78b5b5b37305193a722c2ffe296c558,0x0000000000771a79d0fc7f3b7fe270eb4498f20b,2026-08-08T16:34:57,dense_internal_fund_flow;large_mint_to_sender;very_complex_trace;high_gas_used_context;token_activity_burst,0xd0b0fe59,true
25709083,0x33794aed5609d33535b481ecd5bdaf04261dc1d6e5a20300b500c832984f67fe,0x7b49bc3ebbdf7322f31c6449320382bbec3be1b6,0xad3b67bca8935cb510c8d18bd45f0b94f54a968f,2026-08-08T16:35:06,complex_trace;high_gas_used_context;token_activity_burst;approval_burst,0x146ee74d,false
25709083,0x09b33aef26746e281dc837b271db6c9b06bb6fa3391cc35224a58f69b616f656,0xa22b2f7d80c26d5b4e403d53eb520723858d37e7,0xccc88a9d1b4ed6b0eaba998850414b24f1c315be,2026-08-08T16:35:07,dense_internal_fund_flow;complex_trace;high_gas_used_context,0xf9e4bab4,true
25709083,0x1fcb587ddf814b80d877a67c24886ad7da22f195299d352855951b32ae3be31b,0xd714e1d25067c2421ea58b962d900732f77ab23b,0xcd2bdb8af031d29d2bc38ef08b842d31e344384c,2026-08-08T16:35:07,complex_trace;high_gas_used_context;token_activity_burst,0xa9059cbb,false
25709083,0x2f0118afdf305d854be88d5db7874d3639879b0022b6843aa05489133744d76f,0xbad000006db10503589262b55d09bb7b3c5e1472,0xbbbbb048b1a85ca221058c45525095b6a68bbbbb,2026-08-08T16:35:07,repeated_internal_token_drain;dense_internal_fund_flow;very_complex_trace;high_gas_used_context;token_activity_burst;repeated_risky_internal_calls,0xa9059cbb,true
25709083,0x6ca323d446752a9e65cab0df020145586410fadb2cb2db4a852a726a478de220,0x3d4e12d540cf67a9c38da66a20943acac075725d,0x1eeda6359b726f7e5a662288ed7f1793ed6788b9,2026-08-08T16:35:07,repeated_internal_token_drain;dense_internal_fund_flow;complex_trace;high_gas_used_context;token_activity_burst;repeated_risky_internal_calls,0xa9059cbb,true
25709083,0x7f3557d4445800171a297ad729fe7811392de416fd48317610f1b34ad4e2d3ee,0x00d9fe085d99b33ab2aae8063180c63e23bf2e69,0x75884f3ada15c953529abaac6549d5204135ec36,2026-08-08T16:35:07,repeated_internal_token_drain;dense_internal_fund_flow;complex_trace;high_gas_used_context;token_activity_burst;repeated_risky_internal_calls,0xa9059cbb,true
25709083,0xab7a3405dc11896f5ba23ca7bb9a488df96802abfddf3799a827b746b9817608,0x1584a8ee67789d1fe161065388657ad2f2a3c7dd,0x77eb52e44db06777bce478159f25c0d55a295314,2026-08-08T16:35:07,repeated_internal_token_drain;dense_internal_fund_flow;complex_trace;high_gas_used_context;token_activity_burst;repeated_risky_internal_calls,0xa9059cbb,true
25709083,0xe1106eeb71c3a5a9f95f8cf9ae577df6a467d91db6bfdfd2ef23b1428efb87bf,0xd8018099f78b5b5b37305193a722c2ffe296c558,0x0000000000771a79d0fc7f3b7fe270eb4498f20b,2026-08-08T16:35:07,dense_internal_fund_flow;large_mint_to_sender;very_complex_trace;high_gas_used_context;token_activity_burst,0xd0b0fe59,true
25709084,0x36059d73e08435a5479ff5f3d350ebdba42f824f74179e4cd826bb4c798aa537,0x7830c87c02e56aff27fa8ab1241711331fa86f43,0xa9d1e08c7793af67e9d92fe308d5697fb81d3e43,2026-08-08T16:35:20,dense_internal_fund_flow,0x1a1da075,true
25709084,0xba28e6f02931a117a7d1c12b9c371414060a54c64818ee48791a13d548224fe0,0x883a95fdf8df78e7128fced0e9d931a687ff542f,0x4ebc36dcee3ca916ff4157b51c2a16105a3774b5,2026-08-08T16:35:20,complex_trace;high_gas_used_context,0x1749e1e3,false
25709085,0x49c6a877f9b6066c26b0581ef244a6e94db9586625c7a53d50f0dd46276c4502,0x9851ab6cc8365d8e4dc025c5be581768b56b12ed,0x0de8bf93da2f7eecb3d9169422413a9bef4ef628,2026-08-08T16:35:34,dense_internal_fund_flow;large_mint_to_sender;very_complex_trace;high_gas_used_context;token_activity_burst,0xc2580804,true
25709085,0x84150f8730e1b0c6b77d59e0e4c041078d5ff8b576d0cf0360683ff694cca307,0xa154b98e53fc35e1bad1ff758acbc8c629bdcd2b,0x19917386eeae67b6ff7ddf07de4019fca40aa4ec,2026-08-08T16:35:34,repeated_internal_token_drain;dense_internal_fund_flow;very_complex_trace;high_gas_used_context;token_activity_burst;repeated_risky_internal_calls,0xa9059cbb,true
25709085,0xb5a8b9f978a2f036a0dcfd87be71b0b9cb145e449a706a10213df6467ca1f6f7,0x0cd7e1660d63a6aebda782a2eb7f2875716ac3e8,0xeccef525b3063705da5075a1ce5de1892d24c25a,2026-08-08T16:35:34,complex_trace;high_gas_used_context,0xd41ddc96,false
25709086,0xa5fd0cbb88d6110da78a97c5e87ac9635c47777c09169b17d643ea64e37f533a,0x47da8dba29f6ed62fcd95acdaaeda07d6a947147,0xb49b1f78838f4889836ca0bd13521b42f47de5c1,2026-08-08T16:35:47,complex_trace;high_gas_used_context,0x11da60b4,false
25709086,0xe299574a3e7512b24f24c17dd601c5c0ccf88209664afab12b222eee9c39e30a,0xd840dbe718abc46c6c7704bd7ff16e69a23d37ba,0x0000000071727de22e5e9d8baf0edac6f37da032,2026-08-08T16:35:48,complex_trace;high_gas_used_context;token_activity_burst,0x765e827f,false
25709086,0xe2bfe068eb8fb4d7438903e7f2af8f4791ea1af65349f94be4b5d8056b915eb7,0x9851ab6cc8365d8e4dc025c5be581768b56b12ed,0x0de8bf93da2f7eecb3d9169422413a9bef4ef628,2026-08-08T16:35:48,dense_internal_fund_flow;large_mint_to_sender;very_complex_trace;high_gas_used_context;token_activity_burst,0xc2580804,true
25709086,0x06fb2ad531e382e1863f8ecd06d6ea0daaa67eb628e1ce49ea03b1f5044d8720,0x00d9fe085d99b33ab2aae8063180c63e23bf2e69,0x75884f3ada15c953529abaac6549d5204135ec36,2026-08-08T16:35:49,repeated_internal_token_drain;dense_internal_fund_flow;complex_trace;high_gas_used_context;token_activity_burst;repeated_risky_internal_calls,0xa9059cbb,true
25709086,0xc0e669d4e744f54f7625eafcf00938c7c7d36d9b23e06802238fe5bfc2edc536,0x3d4e12d540cf67a9c38da66a20943acac075725d,0x1eeda6359b726f7e5a662288ed7f1793ed6788b9,2026-08-08T16:35:49,repeated_internal_token_drain;dense_internal_fund_flow;complex_trace;high_gas_used_context;token_activity_burst;repeated_risky_internal_calls,0xa9059cbb,true
25709086,0xc103d4e29b9c85f6bc39f78598aeb28754aaffced00c690bccf5e28a9d005099,0xe487832018fbd594c84f1db3dfac61cde98a5f36,0x91ff8bbd8ebb07893010d50a48a1609e5ebd8e34,2026-08-08T16:35:49,complex_trace;high_gas_used_context,0x069d1525,false
25709087,0xc3b712c7ab911b1be0c447faebd432fd4479318a17eb20a0db557c23ee4834da,0xe2da046340e00264c4f0443243a0565007ae08ac,0x595ca88510a9101bd40a244ae92d2a6fc860ea75,2026-08-08T16:36:00,complex_trace;high_gas_used_context,0x380db829,false
25709087,0xd950d665773bbc0347d146d0db175f34824edb35b1f96d06ff1ab0aa5a662c49,0xe2da046340e00264c4f0443243a0565007ae08ac,0x0939726264f2667429ef68e2b3734ecfbbad3abb,2026-08-08T16:36:00,complex_trace;high_gas_used_context,0x380db829,false
25709087,0x0713e9408344c8254d906457c0590b6cd4ad2d265c08d1999936b64032779638,0x7b49bc3ebbdf7322f31c6449320382bbec3be1b6,0xad3b67bca8935cb510c8d18bd45f0b94f54a968f,2026-08-08T16:36:01,complex_trace;token_activity_burst;approval_burst,0x146ee74d,false
25709087,0x6d43a3533b603e39419a1ca2634aa03c9964a038098b85ec0d52ebac38024964,0x2767ae7e0c205425a7b7f7583c512513c527f482,0x6d53358380021abebc424a42568be40d5de9ccdc,2026-08-08T16:36:02,repeated_internal_token_drain;dense_internal_fund_flow;very_complex_trace;high_gas_used_context;token_activity_burst;repeated_risky_internal_calls,0x93856e68,true
25709087,0x7ab6d0546d77b8ad4be6ab78c0e926e45a9532f01f2f3246ae108f96319dc081,0x5f8769281662a4af0175f7efe521892c52850ac6,0x40a6700b99115cda7b12bd0e21db1be8ae524bf2,2026-08-08T16:36:02,repeated_internal_token_drain;dense_internal_fund_flow;complex_trace;high_gas_used_context;token_activity_burst;repeated_risky_internal_calls,0xa9059cbb,true
25709087,0xb833299adb45b94c152881df81033f46f27a7a1bd7c03a5a2b4adc152cb744aa,0x2767ae7e0c205425a7b7f7583c512513c527f482,0x6d53358380021abebc424a42568be40d5de9ccdc,2026-08-08T16:36:02,repeated_internal_token_drain;dense_internal_fund_flow;very_complex_trace;high_gas_used_context;token_activity_burst;repeated_risky_internal_calls,0x93856e68,true
25709087,0xb202d4dab299b414a0055ff9efe33ba135b6e16abb81807ae0f3a03efa272f88,0xe487832018fbd594c84f1db3dfac61cde98a5f36,0x91ff8bbd8ebb07893010d50a48a1609e5ebd8e34,2026-08-08T16:36:03,complex_trace;high_gas_used_context,0x069d1525,false
25709088,0xa8b8343b067712024d86fa5a02791a7ddf755b36279146e671de3a29f0431d83,0xa154b98e53fc35e1bad1ff758acbc8c629bdcd2b,0x19917386eeae67b6ff7ddf07de4019fca40aa4ec,2026-08-08T16:36:06,repeated_internal_token_drain;dense_internal_fund_flow;very_complex_trace;high_gas_used_context;token_activity_burst;repeated_risky_internal_calls,0xa9059cbb,true
25709089,0x1aa7003238a4741f181b50cae72ba39150cb1dbd928229708ce57e9eb0447209,0x87699f02cc3742a895a3d6ff0701055754b17cc3,0x03f34be1bf910116595db1b11e9d1b2ca5d59659,2026-08-08T16:36:24,dense_internal_fund_flow;complex_trace,0xa32fe0a1,true
25709089,0x5269b1b82cfc0fca7a3ae53abd7e0c014c0759c4e6b9426445a53f89ac794704,0x435b3539f68283dd44f03a4bfe8666c0f6187033,0x0000000071727de22e5e9d8baf0edac6f37da032,2026-08-08T16:36:25,privileged_execution_context,0x765e827f,false
25709089,0xf375ad1d6efe4c560582dff25ea8f347c6f2128d4f864db32c1b573e6655ecb5,0xaca05cf0c4327574c1e8cf3d7491c509b02fa1a0,0xd01607c3c5ecaba394d8be377a08590149325722,2026-08-08T16:36:25,dense_internal_fund_flow;large_erc20_asset_flow;complex_trace,0x80500d20,true
25709089,0x5a59a5fd32c17082d62a969c93327d9ee31016dbf58f2438f9a5effa50b2e044,0xe6705fccaf951870ef24463c88a81f31610efba4,0x3154cf16ccdb4c6d922629664174b904d80f2c35,2026-08-08T16:36:26,dense_internal_fund_flow;complex_trace,0xe11013dd,true
25709089,0xd1cb93be878c4b331187e67af87832e8b6ae5d78b5ba8cf9dd4580ef49130a19,0xe487832018fbd594c84f1db3dfac61cde98a5f36,0x91ff8bbd8ebb07893010d50a48a1609e5ebd8e34,2026-08-08T16:36:27,complex_trace;high_gas_used_context,0x069d1525,false
25709089,0x03b8f3e31644535598bf01631d1cd68414eb496187d90bbc04929e8509015234,0x2767ae7e0c205425a7b7f7583c512513c527f482,0x6d53358380021abebc424a42568be40d5de9ccdc,2026-08-08T16:36:28,repeated_internal_token_drain;dense_internal_fund_flow;very_complex_trace;high_gas_used_context;token_activity_burst;repeated_risky_internal_calls,0x93856e68,true
25709089,0x752c6acc270feb345212e1c7908fef207d529aae1e3f5b3ab45994c191493653,0x2767ae7e0c205425a7b7f7583c512513c527f482,0x6d53358380021abebc424a42568be40d5de9ccdc,2026-08-08T16:36:28,repeated_internal_token_drain;dense_internal_fund_flow;very_complex_trace;high_gas_used_context;token_activity_burst;repeated_risky_internal_calls,0x93856e68,true
25709089,0x97180e7e5f14c12b0faafa42ff90f7ceb3619dfb1037ce3500d038a09a5c16fd,0xde7a849216aa3884d53d84ecb02c19eb67e5dae2,0x7d9f4ca54131e588fc1fe577973b55fb11231e76,2026-08-08T16:36:28,high_gas_used_context;token_activity_burst,0x6aac3a0b,false
25709089,0x3f80f1c74f2d4c44bba098be607e6edb5cdd01949be9d2205b88c865c24c6f73,0x3cfdc212769c890907bce93d3d8c2c53de6a7a89,0x0000000071727de22e5e9d8baf0edac6f37da032,2026-08-08T16:36:29,privileged_execution_context;complex_trace,0x765e827f,false
25709090,0x45a28dd8bd5bfef0918096206c6e31f502a8336c244897235b59ccbec55aca62,0x9650bb81ed930810f23670a08abb5d0a198c0ab5,0x03f34be1bf910116595db1b11e9d1b2ca5d59659,2026-08-08T16:36:34,dense_internal_fund_flow;complex_trace,0xe47d166c,true
25709090,0x0fda71e83856198ffec5f243d4d85f6d34875644bd69c0327ef2812efdd1dd17,0x5f8769281662a4af0175f7efe521892c52850ac6,0x40a6700b99115cda7b12bd0e21db1be8ae524bf2,2026-08-08T16:36:35,repeated_internal_token_drain;dense_internal_fund_flow;complex_trace;high_gas_used_context;token_activity_burst;repeated_risky_internal_calls,0xa9059cbb,true
25709090,0x799f4fc9e1a05316da3261daef83fc53fb494ed9a8e39354c2d2453d269aef52,0x00d9fe085d99b33ab2aae8063180c63e23bf2e69,0x75884f3ada15c953529abaac6549d5204135ec36,2026-08-08T16:36:35,repeated_internal_token_drain;dense_internal_fund_flow;complex_trace;high_gas_used_context;token_activity_burst;repeated_risky_internal_calls,0xa9059cbb,true
25709090,0x8120062fda9a44e1be2caf9cc3bb7020a72dfb07e787bbcd83e1b6d516b0c074,0x3d4e12d540cf67a9c38da66a20943acac075725d,0x1eeda6359b726f7e5a662288ed7f1793ed6788b9,2026-08-08T16:36:35,repeated_internal_token_drain;dense_internal_fund_flow;complex_trace;high_gas_used_context;token_activity_burst;repeated_risky_internal_calls,0xa9059cbb,true
25709090,0x91556bb88dc8ed79776733b4897bd47d4fda17b01ba516ae04f555cac712897c,0xd6434d157f254276d69ede3bd9fc805482206908,0x7ec8a30a34b86927dc77b302603d1d53e640bef7,2026-08-08T16:36:35,repeated_internal_token_drain;dense_internal_fund_flow;complex_trace;high_gas_used_context;token_activity_burst;repeated_risky_internal_calls,0xa9059cbb,true
25709090,0x98dfb5302243e2bd62cefd3d8f44708b38294f222094cfe4b420c58727df8128,0xe91bcae4a2d7b951304695f93cf1b9a1837cfe43,0x7ec8a30a34b86927dc77b302603d1d53e640bef7,2026-08-08T16:36:35,repeated_internal_token_drain;dense_internal_fund_flow;complex_trace;high_gas_used_context;token_activity_burst;repeated_risky_internal_calls,0xa9059cbb,true
25709090,0xfa5538c793f54815991a5cbfd2a67ed8dbef5ff453ed35df6d91005873017dcf,0xa154b98e53fc35e1bad1ff758acbc8c629bdcd2b,0x19917386eeae67b6ff7ddf07de4019fca40aa4ec,2026-08-08T16:36:35,repeated_internal_token_drain;dense_internal_fund_flow;very_complex_trace;high_gas_used_context;token_activity_burst;repeated_risky_internal_calls,0xa9059cbb,true
25709090,0x41c328576635f1f650c158e80ca90e51909e3b15de2feeeb2cf656d6204a67c0,0x0e0052a184fd59c6b7e1e99d739802ecb3aec0e4,0x0b8a49d816cc709b6eadb09498030ae3416b66dc,2026-08-08T16:36:36,complex_trace;approval_burst,0xf497df75,false
25709090,0x66095ed6004b929b855a790f588096db35c13c80ee4d3d38f407b9a186dd9fba,0x0e0052a184fd59c6b7e1e99d739802ecb3aec0e4,0x0b8a49d816cc709b6eadb09498030ae3416b66dc,2026-08-08T16:36:36,complex_trace;approval_burst,0xf497df75,false
25709090,0xd30ad6213733c71d889bd5d9b453e7932e241d9c9e1ddabb1f0367dda1f354e9,0xfb2c579c1d5f82c7b0f2a3479e5f9bc26bd22b62,0x1bc47a0dd0fdab96e9ef982fdf1f34dc6207cfe3,2026-08-08T16:36:36,large_erc20_asset_flow;complex_trace,0xb4dc8294,true
25709091,0x06952a43d7f7e35d5f79941a6ed0cb96e3da9e8f99626aaf4d29bda594e34761,0x70e59f9c304e4d5096bd408b571e2dcd99c3120b,0xad3b67bca8935cb510c8d18bd45f0b94f54a968f,2026-08-08T16:36:46,complex_trace;approval_burst,0x146ee74d,false
25709091,0x6d56eb1aded95c2994a4bf578d9d0d927aa020a4672ac51953b8b43d3581df21,0xe487832018fbd594c84f1db3dfac61cde98a5f36,0x91ff8bbd8ebb07893010d50a48a1609e5ebd8e34,2026-08-08T16:36:46,complex_trace;high_gas_used_context,0x069d1525,false
25709091,0x91220aee66938599f61f5d838c8d29bee6e77be160ad9f829cb4bed9e161d833,0xecc001e964940ad51bc082a9b2c825fa4edb6791,,2026-08-08T16:36:47,complex_trace;high_gas_used_context;token_activity_burst;contract_creation_context,0x60806040,false
25709092,0x05cfa20ebbff376c547cd0503454b15c5450445863d6754b1b23e11aa0f3812a,0xbcd09785ff5265a68f0b6122256fa71126b4478d,,2026-08-08T16:36:57,large_mint_to_sender;contract_creation_context,0x60156080,true
25709092,0x0df04ee8d9e6e116e3a26eedc081b3dcec9f3035cc7aad6b4c3016ae24588ee1,0xe487832018fbd594c84f1db3dfac61cde98a5f36,0x91ff8bbd8ebb07893010d50a48a1609e5ebd8e34,2026-08-08T16:36:58,complex_trace;high_gas_used_context,0x069d1525,false
25709092,0x23d1564f4d850d33a9c73065d69037f89a0976bdfa3849408451325079d259f5,0xcdddacfedb5ec9df4e3e3738b2d6a715cba2e28e,0x87870bca3f3fd6335c3f4ce8392d69350b4fa4e2,2026-08-08T16:36:58,large_erc20_asset_flow;complex_trace,0xac9650d8,true
25709092,0x7e8b31d721addb8dc55d4b91d6c9da34892814ded33be82651be95b8fb8fff8f,0x5f8769281662a4af0175f7efe521892c52850ac6,0x40a6700b99115cda7b12bd0e21db1be8ae524bf2,2026-08-08T16:36:58,repeated_internal_token_drain;dense_internal_fund_flow;complex_trace;high_gas_used_context;token_activity_burst;repeated_risky_internal_calls,0xa9059cbb,true
25709092,0xa6cc9f461c41e16774a0707f5d43c7e83d9c868f4ed57f888273bc5caec2c7b6,0xd6434d157f254276d69ede3bd9fc805482206908,0x7ec8a30a34b86927dc77b302603d1d53e640bef7,2026-08-08T16:36:58,repeated_internal_token_drain;dense_internal_fund_flow;complex_trace;high_gas_used_context;token_activity_burst;repeated_risky_internal_calls,0xa9059cbb,true
25709092,0xb7949c44db09cd8d5d10e742fa9e0bf248f80d32f02286ac3751092a9751dcaf,0xa154b98e53fc35e1bad1ff758acbc8c629bdcd2b,0x19917386eeae67b6ff7ddf07de4019fca40aa4ec,2026-08-08T16:36:58,repeated_internal_token_drain;dense_internal_fund_flow;very_complex_trace;high_gas_used_context;token_activity_burst;repeated_risky_internal_calls,0xa9059cbb,true
25709092,0xc998334e2a5218883a30a845a64d97e4bba0e8fbb67798fdcb9b1c980638a47c,0x3d4e12d540cf67a9c38da66a20943acac075725d,0x1eeda6359b726f7e5a662288ed7f1793ed6788b9,2026-08-08T16:36:58,repeated_internal_token_drain;dense_internal_fund_flow;complex_trace;high_gas_used_context;token_activity_burst;repeated_risky_internal_calls,0xa9059cbb,true
25709093,0x6fbb4feae6aef9c4108d5bd5db9c1bb44c6c09466dc0897f6fb2069f2a8b0732,0x47da8dba29f6ed62fcd95acdaaeda07d6a947147,0xb49b1f78838f4889836ca0bd13521b42f47de5c1,2026-08-08T16:37:07,complex_trace;high_gas_used_context,0x11da60b4,false
25709093,0x33deab4032dc1d0e3e7d102ac2ba9710303c4c6f50f3de841126f02f2f0c10ac,0x00d9fe085d99b33ab2aae8063180c63e23bf2e69,0x75884f3ada15c953529abaac6549d5204135ec36,2026-08-08T16:37:08,repeated_internal_token_drain;dense_internal_fund_flow;complex_trace;high_gas_used_context;token_activity_burst;repeated_risky_internal_calls,0xa9059cbb,true
25709093,0xe0a901d391b08978ec9a69c780718eb85d2f70cb0eab3d829d970fb0071853b2,0xd6434d157f254276d69ede3bd9fc805482206908,0x7ec8a30a34b86927dc77b302603d1d53e640bef7,2026-08-08T16:37:08,repeated_internal_token_drain;dense_internal_fund_flow;complex_trace;high_gas_used_context;token_activity_burst;repeated_risky_internal_calls,0xa9059cbb,true
25709094,0x6086ea5a2169941ec9d0a02b994942ccf5d78c454fcd18f58865a5844930f71e,0x0feb0f31d67adbbc950ac0c5266490a9a9735a49,0x6131b5fae19ea4f9d964eac0408e4408b66337b5,2026-08-08T16:37:28,large_erc20_asset_flow;complex_trace;high_gas_used_context;token_activity_burst,0xe21fd0e9,true
25709094,0x44e2aef0d867c65b143a46c269f71a1411e0db0489ce0f5e4c678c49bf455b34,0xa154b98e53fc35e1bad1ff758acbc8c629bdcd2b,0x19917386eeae67b6ff7ddf07de4019fca40aa4ec,2026-08-08T16:37:29,repeated_internal_token_drain;dense_internal_fund_flow;very_complex_trace;high_gas_used_context;token_activity_burst;repeated_risky_internal_calls,0xa9059cbb,true
25709094,0x6be1aa684bd934369dd4f004cf8899e81a3276d5b7bb645e22f5b81c13bbc816,0x5f8769281662a4af0175f7efe521892c52850ac6,0x40a6700b99115cda7b12bd0e21db1be8ae524bf2,2026-08-08T16:37:29,repeated_internal_token_drain;dense_internal_fund_flow;complex_trace;high_gas_used_context;token_activity_burst;repeated_risky_internal_calls,0xa9059cbb,true
25709094,0xa17a0844684fc0fe0a7278312e1a49ed3a473472b27e78356f023396e15e3f10,0xd6434d157f254276d69ede3bd9fc805482206908,0x7ec8a30a34b86927dc77b302603d1d53e640bef7,2026-08-08T16:37:29,repeated_internal_token_drain;dense_internal_fund_flow;complex_trace;high_gas_used_context;token_activity_burst;repeated_risky_internal_calls,0xa9059cbb,true
25709094,0x09df2fab6f2acff0b6e1eaa672c8e4ddf3463a4badeffa68f69f63c3298be964,0x09cfee647fa339133380191c8db6b44f24500c9d,0x77b85afbcd336993ac1c65057531c5a5b33b76b8,2026-08-08T16:37:30,high_gas_used_context;token_activity_burst,0xa9059cbb,false
25709095,0x6c296a2e1bd04f17cc2162c077880847e8692a8a9ba0a49f4d75149968f6825c,0x1feed341f68ae6812b30e139ab074182ea4e3830,0x9e9110cfd24cd851ea5bc73a27975b33e308f9e1,2026-08-08T16:37:38,complex_trace;high_gas_used_context,0xeb7499cf,false
25709095,0xe3df421cd8748b072f4c85c00e8f8101acdf6c4a0e1990bc485e0ee46adea77c,0x796dbe6593e339d76ad5d59ad584595156071849,0x26d3681dfc9e4c8c79cfbf461adec8a21d5d73c5,2026-08-08T16:37:38,large_erc20_asset_flow;complex_trace,0xf58e03fc,true
25709095,0x0c4c7d480ab1df593628fa1d13cc30d5391129423840c3403e0c3718906e44d3,0x796972515b878511e9dbd60c0926bef2101f5ea6,0x6131b5fae19ea4f9d964eac0408e4408b66337b5,2026-08-08T16:37:39,dense_internal_fund_flow,0xe21fd0e9,true
25709095,0x64442ea59fbead8f8cc3ab6be22a7fc9dfb466cecd672e105cba706d9b3eb594,0x00d9fe085d99b33ab2aae8063180c63e23bf2e69,0x75884f3ada15c953529abaac6549d5204135ec36,2026-08-08T16:37:39,repeated_internal_token_drain;dense_internal_fund_flow;complex_trace;high_gas_used_context;token_activity_burst;repeated_risky_internal_calls,0xa9059cbb,true
25709095,0xd757c838898365b8521c089a5a4cbba560de9cd3b7427181f411d5e3ef97a03e,0x3d4e12d540cf67a9c38da66a20943acac075725d,0x1eeda6359b726f7e5a662288ed7f1793ed6788b9,2026-08-08T16:37:39,repeated_internal_token_drain;dense_internal_fund_flow;complex_trace;high_gas_used_context;token_activity_burst;repeated_risky_internal_calls,0xa9059cbb,true
25709096,0xd1f699eaac685bc1d9991d09e77d1449ee64aaed2e5759007df27ebd96daf07b,0xa154b98e53fc35e1bad1ff758acbc8c629bdcd2b,0x19917386eeae67b6ff7ddf07de4019fca40aa4ec,2026-08-08T16:37:44,repeated_internal_token_drain;dense_internal_fund_flow;very_complex_trace;high_gas_used_context;token_activity_burst;repeated_risky_internal_calls,0xa9059cbb,true
25709097,0x18dad77c9642e933476a78ea2b6e0310f1f6b855d7a5ddf6a542f8e7675ae3fe,0x5f8769281662a4af0175f7efe521892c52850ac6,0x40a6700b99115cda7b12bd0e21db1be8ae524bf2,2026-08-08T16:38:10,repeated_internal_token_drain;dense_internal_fund_flow;complex_trace;high_gas_used_context;token_activity_burst;repeated_risky_internal_calls,0xa9059cbb,true
25709097,0x5efb11f09ee115f540bc7ee41fe760ed35f00e43110ff71b3e12d2899ac14a00,0xe1d77c4661cbc8d1287f53110a54f6a2c696ebcd,0x881d40237659c251811cec9c364ef91dc08d300c,2026-08-08T16:38:10,dense_internal_fund_flow;complex_trace,0x5f575529,true
25709097,0xc687708f34c81901dbcaa9af6d59a09991393ee685c2e89a77f40bf788523341,0x4337012eaf1f862b8dbdc6b62a01782ae01ef038,0x5ff137d4b0fdcd49dca30c7cf57e578a026d2789,2026-08-08T16:38:10,privileged_execution_context;complex_trace,0x1fad948c,false
25709097,0xf179da1d42e82bf43bd227cfe1d4f33ce0c65b44835c74215a1e66a7b5dcb8e4,0xf279dfcdd57e1571c95e2c5b7e2ee453cbcdf77f,0x0000000071727de22e5e9d8baf0edac6f37da032,2026-08-08T16:38:10,complex_trace;high_gas_used_context;token_activity_burst,0x765e827f,false
25709097,0xf17f8962538da4bb0a2ce49e25196e484a0262aa519712c4db291182296283ef,0xf70da97812cb96acdf810712aa562db8dfa3dbef,0xb92fe925dc43a0ecde6c8b1a2709c170ec4fff4f,2026-08-08T16:38:10,dense_internal_fund_flow,0xcd6e13f7,true
25709097,0xf07cafe53f41328682298e6ce897c0aa517895f0369cec591270c86e38786558,0x3cfdc212769c890907bce93d3d8c2c53de6a7a89,0x0000000071727de22e5e9d8baf0edac6f37da032,2026-08-08T16:38:11,privileged_execution_context;complex_trace,0x765e827f,false
25709098,0x46061c4658affbc20e005ec51144438fa035ed4b899003cae08c4f5fb6a70f75,0x7dbdafb92276903a9cc5f9a5000c80a7212ff374,0xc36442b4a4522e871399cd717abdd847ab11fe88,2026-08-08T16:38:25,dense_internal_fund_flow,0xac9650d8,true
25709098,0xdccc815fe42d541905350e15b5c27769e1a9b49d24996b189b7eb961e9fa2db1,0xa154b98e53fc35e1bad1ff758acbc8c629bdcd2b,0x19917386eeae67b6ff7ddf07de4019fca40aa4ec,2026-08-08T16:38:32,repeated_internal_token_drain;dense_internal_fund_flow;very_complex_trace;high_gas_used_context;token_activity_burst;repeated_risky_internal_calls,0xa9059cbb,true
25709098,0xfc0a1b3ec4a373e7e4574b300da714e47732f8a3a3434376b067756095891fd6,0x3d4e12d540cf67a9c38da66a20943acac075725d,0x1eeda6359b726f7e5a662288ed7f1793ed6788b9,2026-08-08T16:38:32,repeated_internal_token_drain;dense_internal_fund_flow;complex_trace;high_gas_used_context;token_activity_burst;repeated_risky_internal_calls,0xa9059cbb,true
25709099,0x1313684c1c229929f2aff1641980e80c19b83fad8d130fe224b11d6b8a6cf61d,0x17a9aa3f7945fb00c2eb16857baa4adb63da59db,0x0000000071727de22e5e9d8baf0edac6f37da032,2026-08-08T16:38:47,complex_trace;high_gas_used_context,0x765e827f,false
25709099,0x376b043c7f0f703d5099e4ed946454f703ea971cfb4a3f9e6f4bde40f62300e4,0xde7a849216aa3884d53d84ecb02c19eb67e5dae2,0x7d9f4ca54131e588fc1fe577973b55fb11231e76,2026-08-08T16:38:47,high_gas_used_context;token_activity_burst,0x6aac3a0b,false
25709099,0x8a20d3d44d61c3aa22973f229f9543d926a2ae9648c72e9729343417a94abe41,0x00d9fe085d99b33ab2aae8063180c63e23bf2e69,0x75884f3ada15c953529abaac6549d5204135ec36,2026-08-08T16:38:47,repeated_internal_token_drain;dense_internal_fund_flow;complex_trace;high_gas_used_context;token_activity_burst;repeated_risky_internal_calls,0xa9059cbb,true
25709099,0x1e7410000c6e31b52270e0fb428405848335e9b18e572e0b6c4c10cf729907a0,0x0e14a3e9af1afdfc60554e3e2a40c8284d647093,0x28b1dc1a5e3699a428bc51d234dfab7c9cb2a183,2026-08-08T16:38:48,complex_trace;high_gas_used_context,0x0c307f76,false
25709099,0x601b1a795889ea61637cb86364a4f92025a62191e49e57bad92c1cc7b8e5d67a,0xd714e1d25067c2421ea58b962d900732f77ab23b,0xcd2bdb8af031d29d2bc38ef08b842d31e344384c,2026-08-08T16:38:48,repeated_internal_token_drain;dense_internal_fund_flow;complex_trace;high_gas_used_context;token_activity_burst;repeated_risky_internal_calls,0xa9059cbb,true
25709099,0x631294ddfeb8d53bb8731a82d0788b3c4dc595a92ccfa738f78e4424cc0b1cc2,0xe93685f3bba03016f02bd1828badd6195988d950,0x173272739bd7aa6e4e214714048a9fe699453059,2026-08-08T16:38:49,complex_trace;high_gas_used_context,0x7cd44734,false
25709100,0x21773f91b79516c232e7868ec36b797cf98b8450b9babce574058fd8562bfd53,0xe63fe1a78913591351370b0e6376e204ea39409b,0x881d40237659c251811cec9c364ef91dc08d300c,2026-08-08T16:39:03,dense_internal_fund_flow;complex_trace,0x5f575529,true
25709100,0x3be4abfd836264efe3d64f90d8698d5df59296badafe7fa84ce092a44ab4b38d,0xb2c556ae326c39c117c54a2724327837a1625da7,0xe43c4ff8a33c522a8010976c4509014b1ab64a09,2026-08-08T16:39:03,repeated_internal_token_drain;dense_internal_fund_flow;very_complex_trace;high_gas_used_context;token_activity_burst;selfdestruct_context;repeated_risky_internal_calls,0x17e5b868,true
25709100,0x3da00b48a75e1ed47cbd90a1bc70a2c88533bd3a8c91d73909868c5db48f6412,0x333d35700ad7012836d8dbe672828606dfb06a0c,,2026-08-08T16:39:03,large_mint_to_sender;contract_creation_context,0x60096080,true
25709100,0x74eb4ef4f6a44905a5001318b06242789cd69102249ae01d659608f9e2eede61,0x0e0052a184fd59c6b7e1e99d739802ecb3aec0e4,0xd82461784eb72d4b67cbab077989eb215315e272,2026-08-08T16:39:03,complex_trace;approval_burst,0x805f7b65,false
25709100,0xac0f3413336ddb223ac209c2a8e93e8ee36233123f5df46d23c01b2fc32b9774,0xe85091501587b32a323be2512b36fab392d7c6bc,0x68f9dd5ba38250b9f1653c5e119f72b54f61092c,2026-08-08T16:39:03,complex_trace;high_gas_used_context,0x111966f6,false
25709100,0xe1783fce469d8ed803efd58b5c90b512ec66bbbf13572955e5d70390e903c3fb,0xbad000006db10503589262b55d09bb7b3c5e1472,0xbbbbb048b1a85ca221058c45525095b6a68bbbbb,2026-08-08T16:39:03,repeated_internal_token_drain;dense_internal_fund_flow;very_complex_trace;high_gas_used_context;token_activity_burst;repeated_risky_internal_calls,0xa9059cbb,true
25709101,0x19f00a06434f10d8009c3ba7de98a0773c611bdcb8a703b01a82124009718636,0x5f8769281662a4af0175f7efe521892c52850ac6,0x40a6700b99115cda7b12bd0e21db1be8ae524bf2,2026-08-08T16:39:07,repeated_internal_token_drain;dense_internal_fund_flow;complex_trace;high_gas_used_context;token_activity_burst;repeated_risky_internal_calls,0xa9059cbb,true
25709101,0x33d7485a690c2965a3d2a203f0736f4f61b594fa98008a4a27065d1ce31d05e5,0x5b43453fce04b92e190f391a83136bfbecedefd1,0xbdb3ba9ffe392549e1f8658dd2630c141fdf47b6,2026-08-08T16:39:07,complex_trace;token_activity_burst,0x000000c3,false
25709101,0x98717d9932fbd0e95221ac4907ba4a45357ad0dfc0d03c0ad8adcfd069b294af,0x3d4e12d540cf67a9c38da66a20943acac075725d,0x1eeda6359b726f7e5a662288ed7f1793ed6788b9,2026-08-08T16:39:07,repeated_internal_token_drain;dense_internal_fund_flow;complex_trace;high_gas_used_context;token_activity_burst;repeated_risky_internal_calls,0xa9059cbb,true
25709102,0xcdf2b212caee49c8927d05da01491b323d2ba5f15a05e05961a4d6a7aca7264e,0xc6acbee42e9e323140c1ed060c2f6ea9cc3b4b75,0x7c5a71c9fefbc7691f9d4ac7baf70c743792f716,2026-08-08T16:39:15,selfdestruct_context,0xf3fef3a3,false
25709102,0x29d1dcab98a7b4ade8fa655c017dcf46f8ba40bad7151ffb8da3fb9cb2bcbf24,0x09cfee647fa339133380191c8db6b44f24500c9d,0x77b85afbcd336993ac1c65057531c5a5b33b76b8,2026-08-08T16:39:17,repeated_internal_token_drain;dense_internal_fund_flow;complex_trace;high_gas_used_context;token_activity_burst;repeated_risky_internal_calls,0xa9059cbb,true
25709102,0x72a230c15f3072e21a2ac3ae316d9b3a29f8407b632fdc046cde8f99e04052b7,0xa154b98e53fc35e1bad1ff758acbc8c629bdcd2b,0x19917386eeae67b6ff7ddf07de4019fca40aa4ec,2026-08-08T16:39:17,repeated_internal_token_drain;dense_internal_fund_flow;very_complex_trace;high_gas_used_context;token_activity_burst;repeated_risky_internal_calls,0xa9059cbb,true
25709102,0xb9c1348486f5bbf4c95ead1e15a50efc058e311c46c1361bc457df50b757bcd7,0x00d9fe085d99b33ab2aae8063180c63e23bf2e69,0x75884f3ada15c953529abaac6549d5204135ec36,2026-08-08T16:39:17,repeated_internal_token_drain;dense_internal_fund_flow;complex_trace;high_gas_used_context;token_activity_burst;repeated_risky_internal_calls,0xa9059cbb,true
25709103,0x1cfd24e693bbaf149850bb932c2e6fc3321479339cf4b6ed72ba42610f4ba144,0x04d9634df20aa66b23f114d37c45fa6c6ab76d56,0xc1062b7c5dc8e4b1df9f200fe360cdc0ed6e7741,2026-08-08T16:39:20,dense_internal_fund_flow;complex_trace;high_gas_used_context;token_activity_burst,0xdccedc74,true
25709103,0x3274b5221ff6b1d3e02bd3bced6660988dbc6bda75bfe1d86817f9cd487b72b1,0x6f938e7360d8f7390e89c67f16df6abc21195187,0x99e66f3ce49266bd04a64d989ea63df0b8f43b80,2026-08-08T16:39:20,complex_trace;high_gas_used_context,0x036e036e,false
25709103,0x7c4a5caa3bed001de56e9cde3edf7595c05caf79e0b33d3dcbeeb98b07d09365,0x8c115c5ecadea0e9590b0dc9a2d666537c6d6cb9,0x80226fc0ee2b096224eeac085bb9a8cba1146f7d,2026-08-08T16:39:20,large_erc20_asset_flow,0x96f4e9f9,true
25709103,0x0fb645ed724d8bf1ebc0b6231e4494315e12c7f2649bc1141a1eab52ec35b6a3,0xd714e1d25067c2421ea58b962d900732f77ab23b,0xcd2bdb8af031d29d2bc38ef08b842d31e344384c,2026-08-08T16:39:21,repeated_internal_token_drain;dense_internal_fund_flow;complex_trace;high_gas_used_context;token_activity_burst;repeated_risky_internal_calls,0xa9059cbb,true
25709103,0xb677ea7c6331d668252b3fe5b05d1eec3efc43fc8014d9be39443acb9718a1d0,0x5f8769281662a4af0175f7efe521892c52850ac6,0x40a6700b99115cda7b12bd0e21db1be8ae524bf2,2026-08-08T16:39:21,repeated_internal_token_drain;dense_internal_fund_flow;complex_trace;high_gas_used_context;token_activity_burst;repeated_risky_internal_calls,0xa9059cbb,true
25709103,0xea33461219ae3c6c42de764c79300f051259f55aac8187fd85e0e2a6cee0efdf,0x70e59f9c304e4d5096bd408b571e2dcd99c3120b,0xad3b67bca8935cb510c8d18bd45f0b94f54a968f,2026-08-08T16:39:21,complex_trace;token_activity_burst;approval_burst,0x146ee74d,false
25709104,0x5b64b3d8ce29c60b614780d6f2b672e44b0aad1bd1edacb585b9a1185d70b27e,0x8b5606469e21c75edd7c74d1c7a65824675d9aff,0x9ccc2f3ecde026230e11a5c8799ac7524f2bb294,2026-08-08T16:39:27,dense_internal_fund_flow;complex_trace,0x1bc74526,true
25709104,0x8b9382b3065fb16c6b26403e6088d8bf27d8a93de6d0c85835ff5e02261a49ba,0x0cd7e1660d63a6aebda782a2eb7f2875716ac3e8,0x2fdd3c0a682e5774205f0f6d3ed3c9d1b9cb9413,2026-08-08T16:39:28,complex_trace;high_gas_used_context,0xd6bda0c0,false
25709104,0xc84cff38c56bec43267a8616e0ddabf3d9cbd00b1b90aa41e322316c3d3020b6,0x754dcfb2861547015b221e963b4133a71dbdc024,0x3e07be15370d8b12d80a159a7ef14b9e51869497,2026-08-08T16:39:28,complex_trace;token_activity_burst,0x21af54c6,false
25709104,0x614ed076d892ef30fc7912c5a05bcbc7e26ba7278f91f1529d6b988329f3835b,0x3d4e12d540cf67a9c38da66a20943acac075725d,0x1eeda6359b726f7e5a662288ed7f1793ed6788b9,2026-08-08T16:39:30,repeated_internal_token_drain;dense_internal_fund_flow;complex_trace;high_gas_used_context;token_activity_burst;repeated_risky_internal_calls,0xa9059cbb,true
25709104,0x76bc6fb0b2d8b1a9c38673174ef84a5c8e50ae556b9b7419a3a7b7fc0e4d225f,0xa154b98e53fc35e1bad1ff758acbc8c629bdcd2b,0x19917386eeae67b6ff7ddf07de4019fca40aa4ec,2026-08-08T16:39:30,repeated_internal_token_drain;dense_internal_fund_flow;very_complex_trace;high_gas_used_context;token_activity_burst;repeated_risky_internal_calls,0xa9059cbb,true
25709104,0x70fc64b21d8af3ba49a475e9f3306f8b2ceb812f00e7145a77d3df5e41751446,0x2f14cc19c7b72f004f88f64abb9e63eb72337d63,0x5cd6abe67f8af1c0c699df36d90a6469eaf1958a,2026-08-08T16:39:32,complex_trace;approval_burst,0x6676005e,false
25709105,0x79cd492b4d093fce75497986dcb84adfd9e3d702a18d99cc4815ba093ad1c12b,0x7b3d45d057d80fe568b671adc60caed2f94546ef,0x03f34be1bf910116595db1b11e9d1b2ca5d59659,2026-08-08T16:39:35,dense_internal_fund_flow;complex_trace,0xa32fe0a1,true
25709105,0xaa1c53fd319516ec3c543fc907b587cd566f1fa838ff832711a5d7469fb71609,0x03b797cf35a3eaaa37dfa96d83c71fa4c9a4108a,0x33024d4791413438aa1de6a8b6cb7cceb25459b1,2026-08-08T16:39:36,large_mint_to_sender;complex_trace,0x6e553f65,true
25709105,0x4604d186f00244b17e9b91daa03ba1f3e27c5ec2b7e10e2d0a601fe40aabcf07,0x4f551b4688a624d9ea2550f1ac9928f7021bdd20,0xb300000b72deaeb607a12d5f54773d1c19c7028d,2026-08-08T16:39:37,dense_internal_fund_flow;complex_trace,0x810c705b,true
25709105,0x8c7b96481c387f95468305f6a604d1076cbcb18fef5e6656d5a6e017d34270ad,0x00d9fe085d99b33ab2aae8063180c63e23bf2e69,0x75884f3ada15c953529abaac6549d5204135ec36,2026-08-08T16:39:37,repeated_internal_token_drain;dense_internal_fund_flow;complex_trace;high_gas_used_context;token_activity_burst;repeated_risky_internal_calls,0xa9059cbb,true
25709105,0xbd49600cbd93bc744b013fc421ede832c1714bf1065bc339072562a1c6821472,0xf7bac63fc7ceacf0589f25454ecf5c2ce904997c,0xca11bde05977b3631167028862be2a173976ca11,2026-08-08T16:39:37,dense_internal_fund_flow;complex_trace;high_gas_used_context;token_activity_burst,0x252dba42,true
25709107,0x589cd227014d177cb46503598f36b7c1f447d31d02c694b2950e373d5947fb34,0xd386f8f1e31550d8a55a6baf921168b06c8716fb,0x547b5ad9f71ac50efd8755bc144767ac1768fc3d,2026-08-08T16:40:02,complex_trace;token_activity_burst,0x214bc20e,false
25709107,0xb861b0568ae686f5a6b9f8ec80fffe4dbde10bffce9c5ec328e5b421e97aaf90,0xd8018099f78b5b5b37305193a722c2ffe296c558,0x0000000000771a79d0fc7f3b7fe270eb4498f20b,2026-08-08T16:40:03,dense_internal_fund_flow;large_mint_to_sender;very_complex_trace;high_gas_used_context;token_activity_burst,0xd0b0fe59,true
25709107,0xe5aa8fcb81acdea178f017bf10c431cfc4f8567d50f4252319b275c520bd8ce2,0xd8018099f78b5b5b37305193a722c2ffe296c558,0x0000000000771a79d0fc7f3b7fe270eb4498f20b,2026-08-08T16:40:03,dense_internal_fund_flow;large_mint_to_sender;very_complex_trace;high_gas_used_context;token_activity_burst,0xd0b0fe59,true
25709107,0xeb9931da69a17bf7a734835feffa49a6eeccedc688ae5c3747a983d78600a4c8,0x5f8769281662a4af0175f7efe521892c52850ac6,0x40a6700b99115cda7b12bd0e21db1be8ae524bf2,2026-08-08T16:40:03,repeated_internal_token_drain;dense_internal_fund_flow;complex_trace;high_gas_used_context;token_activity_burst;repeated_risky_internal_calls,0xa9059cbb,true
25709107,0xeeed806ded2c06d3e5ef67f933d08dd705f277c5831fcc474f55b09df28f53e4,0x5a4fc9dd7b390a0f9b2909a0c34ce55cedc42377,0x937e98238a40ce221a5bd412578dcb383c9126b6,2026-08-08T16:40:03,dense_internal_fund_flow;high_gas_used_context;token_activity_burst,0x983bc41b,true
25709107,0xf9738e3d1d986e0b4deca0b715b700148ad90fd3e84ffe87f80f699907c9d976,0xa154b98e53fc35e1bad1ff758acbc8c629bdcd2b,0x19917386eeae67b6ff7ddf07de4019fca40aa4ec,2026-08-08T16:40:03,repeated_internal_token_drain;dense_internal_fund_flow;very_complex_trace;high_gas_used_context;token_activity_burst;repeated_risky_internal_calls,0xa9059cbb,true
25709107,0xef8e64c45494ee28295857a181cb2fe51f8c4d953c4bc26107ef663ae7d139b1,0x9851ab6cc8365d8e4dc025c5be581768b56b12ed,0x0de8bf93da2f7eecb3d9169422413a9bef4ef628,2026-08-08T16:40:04,dense_internal_fund_flow;large_mint_to_sender;very_complex_trace;high_gas_used_context;token_activity_burst,0xc2580804,true
25709108,0x872b351e4b198d28a5be77353224a94d916873a9b4870d6c8ec3d415a3e1c49a,0x00d9fe085d99b33ab2aae8063180c63e23bf2e69,0x75884f3ada15c953529abaac6549d5204135ec36,2026-08-08T16:40:10,repeated_internal_token_drain;dense_internal_fund_flow;complex_trace;high_gas_used_context;token_activity_burst;repeated_risky_internal_calls,0xa9059cbb,true
25709108,0xc94a2920afb4ad1cf4bfc3e87b0988a93e8b9bf76cf457400ecddfe5a8a837c7,0xd714e1d25067c2421ea58b962d900732f77ab23b,0xcd2bdb8af031d29d2bc38ef08b842d31e344384c,2026-08-08T16:40:10,repeated_internal_token_drain;dense_internal_fund_flow;complex_trace;high_gas_used_context;token_activity_burst;repeated_risky_internal_calls,0xa9059cbb,true
25709108,0xf2a04569d2371c26a0f5dc3313a95cbedc5d254a91a075aa6c0821be14866dfe,0xd8018099f78b5b5b37305193a722c2ffe296c558,0x0000000000771a79d0fc7f3b7fe270eb4498f20b,2026-08-08T16:40:12,dense_internal_fund_flow;large_mint_to_sender;very_complex_trace;high_gas_used_context;token_activity_burst,0xd0b0fe59,true
25709109,0x065769c0aa095154aec31550e089239c5262006142e95e83297041bda57f4357,0x6f938e7360d8f7390e89c67f16df6abc21195187,0x99e66f3ce49266bd04a64d989ea63df0b8f43b80,2026-08-08T16:40:22,complex_trace;high_gas_used_context,0x036e036e,false
25709109,0x1bfbcf0dedbfb6a28399e53dfa8f3b5b0ff44f0bbdba3c2cf82e692ffd1a9164,0x5f8769281662a4af0175f7efe521892c52850ac6,0x40a6700b99115cda7b12bd0e21db1be8ae524bf2,2026-08-08T16:40:22,repeated_internal_token_drain;dense_internal_fund_flow;complex_trace;high_gas_used_context;token_activity_burst;repeated_risky_internal_calls,0xa9059cbb,true
25709109,0x4eb5cd3c508e5db5aae96c4f92323856d9241e39bb7c1165757fb59ff5cc289d,0x247439044b712d1816a18c1ab9dafe33df33a6f9,0x28b1dc1a5e3699a428bc51d234dfab7c9cb2a183,2026-08-08T16:40:22,complex_trace;high_gas_used_context;token_activity_burst,0x0c307f76,true
25709109,0xdd1f558810a1ee04724d41240d179c8620664af85bf1de7441b994c9a362cee7,0xd8018099f78b5b5b37305193a722c2ffe296c558,0x0000000000771a79d0fc7f3b7fe270eb4498f20b,2026-08-08T16:40:22,dense_internal_fund_flow;large_mint_to_sender;very_complex_trace;high_gas_used_context;token_activity_burst,0xd0b0fe59,true
25709110,0xd1b2fc88dec246ae410092de0f671d5d0dcaddf8388d3f1be78eef0b43a9c046,0x0feb0f31d67adbbc950ac0c5266490a9a9735a49,0x6131b5fae19ea4f9d964eac0408e4408b66337b5,2026-08-08T16:40:32,large_erc20_asset_flow;complex_trace,0xe21fd0e9,true
25709110,0x11355b79e7cb2ef34478433b74a2ea028d6ae969d22e3042d6d44811326900e0,0xbad000006db10503589262b55d09bb7b3c5e1472,0xbbbbb048b1a85ca221058c45525095b6a68bbbbb,2026-08-08T16:40:33,repeated_internal_token_drain;dense_internal_fund_flow;very_complex_trace;high_gas_used_context;token_activity_burst;repeated_risky_internal_calls,0xa9059cbb,true
25709110,0x7cf9fb90b7d102f5d4a6f29fd828e9e3d66cd1e63697468ea957d52ce7b4a39e,0xd8018099f78b5b5b37305193a722c2ffe296c558,0x0000000000771a79d0fc7f3b7fe270eb4498f20b,2026-08-08T16:40:33,dense_internal_fund_flow;large_mint_to_sender;very_complex_trace;high_gas_used_context;token_activity_burst,0xd0b0fe59,true
25709110,0x95520cf25ab91f0619f373e86d447ef5a9a7f646a78c1dbe8f258c8f6aa5c6f6,0xd714e1d25067c2421ea58b962d900732f77ab23b,0xcd2bdb8af031d29d2bc38ef08b842d31e344384c,2026-08-08T16:40:33,repeated_internal_token_drain;dense_internal_fund_flow;complex_trace;high_gas_used_context;token_activity_burst;repeated_risky_internal_calls,0xa9059cbb,true
25709110,0xd97a9a940a0b57d75771e3c723129c7fbdf868541bc16d59d62c8d43279cf5f9,0x09cfee647fa339133380191c8db6b44f24500c9d,0x77b85afbcd336993ac1c65057531c5a5b33b76b8,2026-08-08T16:40:34,high_gas_used_context;token_activity_burst,0xa9059cbb,false
25709111,0x2ee7eddf76a994e6eb3d3baabe3a304281db98d49b3f21cdde51acde298b1971,0xa53c213dbcad36da7a437484a0dd234d840240db,0xb300000b72deaeb607a12d5f54773d1c19c7028d,2026-08-08T16:40:45,dense_internal_fund_flow,0x810c705b,true
25709111,0x3ddf7c1cd4f2c72f8947759289f1dcdc9da754310bbb0d45efa295a962482a40,0x5f8769281662a4af0175f7efe521892c52850ac6,0x40a6700b99115cda7b12bd0e21db1be8ae524bf2,2026-08-08T16:40:45,repeated_internal_token_drain;dense_internal_fund_flow;complex_trace;high_gas_used_context;token_activity_burst;repeated_risky_internal_calls,0xa9059cbb,true
25709111,0x7b674685215876ef6045df33ebe8c3e2100480f7f60bcc8bde681455257c7e05,0x283132390ea87d6ecc20255b59ba94329ee17961,0x604e586f17ce106b64185a7a0d2c1da5bace711e,2026-08-08T16:40:47,complex_trace;high_gas_used_context,0x22bee494,false
25709112,0x83f9a2c75636e40b2b116fbf472aca0e09df13546adea7c308ee9ecede31efb6,0xc6acbee42e9e323140c1ed060c2f6ea9cc3b4b75,0x7c5a71c9fefbc7691f9d4ac7baf70c743792f716,2026-08-08T16:40:57,selfdestruct_context,0xf3fef3a3,false
25709112,0x4ef87e1795cdb428dd5abe5b3b2ee9f31d3606e8c138d46ccf7d58451315f0ea,0x00d9fe085d99b33ab2aae8063180c63e23bf2e69,0x75884f3ada15c953529abaac6549d5204135ec36,2026-08-08T16:40:58,repeated_internal_token_drain;dense_internal_fund_flow;complex_trace;high_gas_used_context;token_activity_burst;repeated_risky_internal_calls,0xa9059cbb,true
25709112,0x9e8e39e0a57f8e37113c96b0ddadcd524d56cb95f6985afb57304cc185f761e7,0xa154b98e53fc35e1bad1ff758acbc8c629bdcd2b,0x19917386eeae67b6ff7ddf07de4019fca40aa4ec,2026-08-08T16:40:58,repeated_internal_token_drain;dense_internal_fund_flow;very_complex_trace;high_gas_used_context;token_activity_burst;repeated_risky_internal_calls,0xa9059cbb,true
25709112,0xc1fcd58c3bed44d107236851feef977d9dbfdb7370df783ac663076e37f6279c,0x088ae174ed5e975844485c68f494a97da4714da3,0x69460570c93f9de5e2edbc3052bf10125f0ca22d,2026-08-08T16:40:58,dense_internal_fund_flow;complex_trace,0x14d08fca,true
25709112,0xfb7c7abe0b4ec11cbed3353f408e565d3bf8627ca6b024dac887cbbc7ddc88a2,0xd714e1d25067c2421ea58b962d900732f77ab23b,0xcd2bdb8af031d29d2bc38ef08b842d31e344384c,2026-08-08T16:40:58,repeated_internal_token_drain;dense_internal_fund_flow;complex_trace;high_gas_used_context;token_activity_burst;repeated_risky_internal_calls,0xa9059cbb,true
25709112,0xe947ce18b7fd176e20c368b1765eae24b862900866c6cf373f76dff5ac436b4b,0xd8018099f78b5b5b37305193a722c2ffe296c558,0x0000000000771a79d0fc7f3b7fe270eb4498f20b,2026-08-08T16:40:59,dense_internal_fund_flow;large_mint_to_sender;very_complex_trace;high_gas_used_context;token_activity_burst,0xd0b0fe59,true
25709113,0xd55a9590182387892e049aa65f1b41d057299ca3d4ccdf0f0386a36f90d06ece,0x7b49bc3ebbdf7322f31c6449320382bbec3be1b6,0xad3b67bca8935cb510c8d18bd45f0b94f54a968f,2026-08-08T16:41:11,complex_trace;high_gas_used_context;token_activity_burst;approval_burst,0x146ee74d,false
25709113,0xe8b8ebcacc3c9232d776fc8ac54282821edf3acaa16300ddff6124030189b7ad,0x5f8769281662a4af0175f7efe521892c52850ac6,0x40a6700b99115cda7b12bd0e21db1be8ae524bf2,2026-08-08T16:41:12,repeated_internal_token_drain;dense_internal_fund_flow;complex_trace;high_gas_used_context;token_activity_burst;repeated_risky_internal_calls,0xa9059cbb,true
25709113,0x38a1c025bded24ebe04f1bb0016bd408a7cf864d1664d8e3d0a3e634cabceafe,0x9851ab6cc8365d8e4dc025c5be581768b56b12ed,0x0de8bf93da2f7eecb3d9169422413a9bef4ef628,2026-08-08T16:41:13,dense_internal_fund_flow;large_mint_to_sender;very_complex_trace;high_gas_used_context;token_activity_burst,0xc2580804,true
25709114,0x28e276194b27acaa122e27a53fc64000f36b0d95fb657fe8a47a9903236c3d38,0xa154b98e53fc35e1bad1ff758acbc8c629bdcd2b,0x19917386eeae67b6ff7ddf07de4019fca40aa4ec,2026-08-08T16:41:23,repeated_internal_token_drain;dense_internal_fund_flow;very_complex_trace;high_gas_used_context;token_activity_burst;repeated_risky_internal_calls,0xa9059cbb,true
25709114,0x74bb22c90524eec4e13f071ce8940ee2dd80a40340a6ea704cfec63cff85e0cc,0xfb076e0b813cc205a2d032b639f6d10f500dd9b7,0x000000ae384600d7252543855e3b0400f6008d00,2026-08-08T16:41:23,complex_trace;high_gas_used_context,0x00000000,false
25709114,0xdd6dd3232bce16ac8c2aede184ecd3997fd5e267e898ff1b5d2be2a96ecfb07e,0xd8018099f78b5b5b37305193a722c2ffe296c558,0x0000000000771a79d0fc7f3b7fe270eb4498f20b,2026-08-08T16:41:23,dense_internal_fund_flow;large_mint_to_sender;very_complex_trace;high_gas_used_context;token_activity_burst,0xd0b0fe59,true
25709114,0x9aa11136bd4cdcaa29f48f1b7d7aed6296060920b0f28ada78e15ce215b02d1c,0x9cf2b94caba0ab5ea0709c9aaa68716908236195,0xf82ef4080a53b71093f9c470676fc80e2adc4263,2026-08-08T16:41:26,complex_trace;high_gas_used_context;approval_burst,0xb7bfe9f2,false
25709115,0x1647f6e1499b0ae99f6cf9eadf8c9b1dc9598c577ec2977fd0527c5b549c10f6,0xfe0cec30a9af6c64b8887b6479e48926d55806c0,0x6131b5fae19ea4f9d964eac0408e4408b66337b5,2026-08-08T16:41:31,dense_internal_fund_flow;very_complex_trace;high_gas_used_context;token_activity_burst,0xe21fd0e9,true
25709115,0xd9aa70cce354ac4cb0747af3b1e1494db7cf08e85d0310470e86536702939fa3,0xdedec436978778a4c287e186d0868cae7ca2008d,0xd90e2f925da726b50c4ed8d0fb90ad053324f31b,2026-08-08T16:41:31,dense_internal_fund_flow,0x13d98d13,true
25709115,0x3371dbdd50dc74d9db0f405648602d8af01867a1a34938ab8336bfd37ab36374,0xd8018099f78b5b5b37305193a722c2ffe296c558,0x0000000000771a79d0fc7f3b7fe270eb4498f20b,2026-08-08T16:41:32,dense_internal_fund_flow;large_mint_to_sender;very_complex_trace;high_gas_used_context;token_activity_burst,0xd0b0fe59,true
25709115,0x8c36374c61ba7110617c68227a5d7bc5852cb3f2b9eb47730f3c53a8217d9ee0,0xd714e1d25067c2421ea58b962d900732f77ab23b,0xcd2bdb8af031d29d2bc38ef08b842d31e344384c,2026-08-08T16:41:32,repeated_internal_token_drain;dense_internal_fund_flow;complex_trace;high_gas_used_context;token_activity_burst;repeated_risky_internal_calls,0xa9059cbb,true
25709115,0xac94901217ef4a8ff7c47cb4bca9243171d9b9c6ab876720180a1c2081af3a87,0xd8018099f78b5b5b37305193a722c2ffe296c558,0x0000000000771a79d0fc7f3b7fe270eb4498f20b,2026-08-08T16:41:32,dense_internal_fund_flow;large_mint_to_sender;very_complex_trace;high_gas_used_context;token_activity_burst,0xd0b0fe59,true
25709115,0xc4e439e8c53d833840d184601bc274c43aa28df4add5e1b52c5d664af4c85883,0xfc0714740c63e72b0a4e5dbd9c3e413ed2df0a24,0xe68ab4f90fe026b9873f5f276ed2d7efbbbe42be,2026-08-08T16:41:32,dense_internal_fund_flow,0x614b3341,true
25709115,0xf6ef580813d4c2b6a46a19ec8d4f278ca0c82ae6f7dd884b9488d30fd0707cdc,0x95d2602d30da1179fd13274839e60345857ca648,0xf975d764f4927dc3a30149390f5d9f24b58d90a2,2026-08-08T16:41:32,large_erc20_asset_flow;complex_trace;high_gas_used_context;token_activity_burst,0x57b7bf20,true
25709116,0xc1932ae42bccd9229ce702924c779e3483134c3bf73b001e7f3955cfaf4ed65e,0x000001ac4e512d670c34fedf6c71ce2f49fb160a,0x4691c475be804fa85f91c2d6d0adf03114de3093,2026-08-08T16:41:42,large_erc20_asset_flow,0x0efe6a8b,true
25709116,0x06bcbfc1a0dbe912d75a4e27f1e10b67988137951f6276c9915fceca7ebee0c6,0xfeed46c11f57b7126a773eec6ae9ca7ae1c03c9a,0xbeeff2c5bf38f90e3482a8b19f12e5a6d2fca757,2026-08-08T16:41:43,complex_trace;high_gas_used_context;token_activity_burst,0xac9650d8,false
25709116,0x2428035f150435e0021d2948ca579ad3618a7de5429eeb580413a711e688adc0,0xe6705fccaf951870ef24463c88a81f31610efba4,0xfbfe6b9cee0e555bad7e2e7309effc75200cbe38,2026-08-08T16:41:43,large_erc20_asset_flow;complex_trace,0xccc143b8,true
25709116,0x32756815cf6d3a3c7e9bc0658357b9a87fc179a2913769437e87b09583378e88,0x5f8769281662a4af0175f7efe521892c52850ac6,0x40a6700b99115cda7b12bd0e21db1be8ae524bf2,2026-08-08T16:41:43,repeated_internal_token_drain;dense_internal_fund_flow;complex_trace;high_gas_used_context;token_activity_burst;repeated_risky_internal_calls,0xa9059cbb,true
25709116,0x466931cdedf14a5afea0dadc4aab3a4607af4e94a335c5be91d3df69a2159212,0x69debf5d6d3a7e81649543f3cc41f46a65f0c816,0x69460570c93f9de5e2edbc3052bf10125f0ca22d,2026-08-08T16:41:43,dense_internal_fund_flow;complex_trace,0x14d08fca,true
25709116,0x6da261d7a5b168d214bba548fa7d3513829fb0e25671488b91e60166fbe2f88c,0x00d9fe085d99b33ab2aae8063180c63e23bf2e69,0x75884f3ada15c953529abaac6549d5204135ec36,2026-08-08T16:41:43,repeated_internal_token_drain;dense_internal_fund_flow;complex_trace;high_gas_used_context;token_activity_burst;repeated_risky_internal_calls,0xa9059cbb,true
25709117,0xf96213689dbf7c9136b6c357f680d08e8e65b5cc06a5148adaaecb531b744baa,0xf82ac5937a20dc862f9bc0668779031e06000f17,0xf573e9e3de1f86b085417ab294f56e7920b4e9be,2026-08-08T16:41:57,dense_internal_fund_flow;very_complex_trace;high_gas_used_context,0x78a94ff0,true
25709117,0x12f7dc4f06d3e4f6f73a64a9e48867a131210519c9081501071ed23c90319676,0xd714e1d25067c2421ea58b962d900732f77ab23b,0xcd2bdb8af031d29d2bc38ef08b842d31e344384c,2026-08-08T16:41:58,repeated_internal_token_drain;dense_internal_fund_flow;complex_trace;high_gas_used_context;token_activity_burst;repeated_risky_internal_calls,0xa9059cbb,true
25709117,0x2baa7a17ef81f1594c74def3cbad1c86c35ad6c18a2e7faaf5c945c1f59f8b74,0xa154b98e53fc35e1bad1ff758acbc8c629bdcd2b,0x19917386eeae67b6ff7ddf07de4019fca40aa4ec,2026-08-08T16:41:58,repeated_internal_token_drain;dense_internal_fund_flow;very_complex_trace;high_gas_used_context;token_activity_burst;repeated_risky_internal_calls,0xa9059cbb,true
25709117,0x9f3313912885ae5628e732a0c616eaa72d0bee95db9fbbacc15d29fbeab185f0,0xd6434d157f254276d69ede3bd9fc805482206908,0x7ec8a30a34b86927dc77b302603d1d53e640bef7,2026-08-08T16:41:58,repeated_internal_token_drain;dense_internal_fund_flow;complex_trace;high_gas_used_context;token_activity_burst;repeated_risky_internal_calls,0xa9059cbb,true
25709117,0x76f1f5cf3f2bb142b6689fdb9ee912c41660e2f828c529f99b088f46a7f2da7e,0xd8018099f78b5b5b37305193a722c2ffe296c558,0x0000000000771a79d0fc7f3b7fe270eb4498f20b,2026-08-08T16:41:59,dense_internal_fund_flow;large_mint_to_sender;very_complex_trace;high_gas_used_context;token_activity_burst,0xd0b0fe59,true
25709118,0xa43e985c7a8ed6cc70ca0bfde26cb07f5b50593eee1edbdb438430f31bf13595,0x50bf934781f63028c5c8ef49c4affe19a86d99b6,0x8d04cc7e86e687854eb41d9d43512b655b93184b,2026-08-08T16:42:08,selfdestruct_context,0xb5291b32,false
25709118,0x3265caf617eae72134624f98b280ab81228fae51831b3a9610c0d3493a8c4759,0xd6434d157f254276d69ede3bd9fc805482206908,0x7ec8a30a34b86927dc77b302603d1d53e640bef7,2026-08-08T16:42:09,repeated_internal_token_drain;dense_internal_fund_flow;complex_trace;high_gas_used_context;token_activity_burst;repeated_risky_internal_calls,0xa9059cbb,true
25709118,0x437b7ade6ee3fdcf8f2b4e57d6d9bd0c0bc6f5fe1e1a7725523f87134561ae94,0xd8018099f78b5b5b37305193a722c2ffe296c558,0x0000000000771a79d0fc7f3b7fe270eb4498f20b,2026-08-08T16:42:09,dense_internal_fund_flow;large_mint_to_sender;very_complex_trace;high_gas_used_context;token_activity_burst,0xd0b0fe59,true
25709118,0x6cdb9718bd02062af548f839cce0706bd8a57874f2e45e553a28bb6e37ca97ac,0xd8018099f78b5b5b37305193a722c2ffe296c558,0x0000000000771a79d0fc7f3b7fe270eb4498f20b,2026-08-08T16:42:09,dense_internal_fund_flow;large_mint_to_sender;very_complex_trace;high_gas_used_context;token_activity_burst,0xd0b0fe59,true
25709118,0xfb19197368249a71a3f5ff50814205b9833575bb86436305d979e579d882ac9e,0x00d9fe085d99b33ab2aae8063180c63e23bf2e69,0x75884f3ada15c953529abaac6549d5204135ec36,2026-08-08T16:42:09,complex_trace;high_gas_used_context;token_activity_burst,0xa9059cbb,false
25709119,0xeefb0f5f2889e55de463a213c8f22a15acb7aaff49dc7af8fd7dddf938e07f45,0x0cd7e1660d63a6aebda782a2eb7f2875716ac3e8,0xeccef525b3063705da5075a1ce5de1892d24c25a,2026-08-08T16:42:25,complex_trace;high_gas_used_context,0xd41ddc96,false
25709119,0x015bc54f53b3b0c6423438ab69b84782c6ec0e873d11f2e0c55a8805be5e8466,0xd714e1d25067c2421ea58b962d900732f77ab23b,0xcd2bdb8af031d29d2bc38ef08b842d31e344384c,2026-08-08T16:42:26,repeated_internal_token_drain;dense_internal_fund_flow;complex_trace;high_gas_used_context;token_activity_burst;repeated_risky_internal_calls,0xa9059cbb,true
25709119,0x0294b2d9d17b2628330fc75c8c31638407179f14e2c795cba359f5c061884376,0xd6434d157f254276d69ede3bd9fc805482206908,0x7ec8a30a34b86927dc77b302603d1d53e640bef7,2026-08-08T16:42:26,repeated_internal_token_drain;dense_internal_fund_flow;complex_trace;high_gas_used_context;token_activity_burst;repeated_risky_internal_calls,0xa9059cbb,true
25709119,0x29b482dd34bcc4e1da9a2d11ad4d3a136b945c3d6467b81443ee6e4b6d59dc12,0xa154b98e53fc35e1bad1ff758acbc8c629bdcd2b,0x19917386eeae67b6ff7ddf07de4019fca40aa4ec,2026-08-08T16:42:26,repeated_internal_token_drain;dense_internal_fund_flow;very_complex_trace;high_gas_used_context;token_activity_burst;repeated_risky_internal_calls,0xa9059cbb,true
25709119,0x464356c60c52e21e182803b7484bd2c9d2f33d591d99151e8e273c74e408cf50,0xde7a849216aa3884d53d84ecb02c19eb67e5dae2,0x7d9f4ca54131e588fc1fe577973b55fb11231e76,2026-08-08T16:42:26,high_gas_used_context;token_activity_burst,0x6aac3a0b,false
25709119,0x4ac8b487d031286a18e1fd8c1152e760e98c2a390cc98071b3f8e2eed20ba98e,0x09cfee647fa339133380191c8db6b44f24500c9d,0x77b85afbcd336993ac1c65057531c5a5b33b76b8,2026-08-08T16:42:26,high_gas_used_context;token_activity_burst,0xa9059cbb,false
25709120,0xeb89e2c3df3b573602cbb8f42e2b2cc8fae9a8d72e0ad0dff22c4607cbf85ead,0xf187b2eeae34889da76e3141236acd54cd4b1a41,0x1fe505eea84d189b1804e2d8ffc291e2883ecbe5,2026-08-08T16:42:31,extreme_dex_price_manipulation;complex_trace,0xe1fa7638,true
25709120,0x411323636edadce5785608f09f6150a8adef9a6e98e9a84cca82c45b63aa1c4d,0x0e14a3e9af1afdfc60554e3e2a40c8284d647093,0x28b1dc1a5e3699a428bc51d234dfab7c9cb2a183,2026-08-08T16:42:32,complex_trace;high_gas_used_context,0x0c307f76,false
25709120,0x4dc67307673fa74430e4ef846b91d50fb55f62f732bf1b6f140d6aca6b8d777a,0xc6acbee42e9e323140c1ed060c2f6ea9cc3b4b75,0x7c5a71c9fefbc7691f9d4ac7baf70c743792f716,2026-08-08T16:42:32,selfdestruct_context,0xf3fef3a3,true
25709120,0xcd5d81fc1049246363ae25ac36811a9952b3be11ea42316ee45106cd82ddd041,0x3d4e12d540cf67a9c38da66a20943acac075725d,0x1eeda6359b726f7e5a662288ed7f1793ed6788b9,2026-08-08T16:42:32,repeated_internal_token_drain;dense_internal_fund_flow;complex_trace;high_gas_used_context;token_activity_burst;repeated_risky_internal_calls,0xa9059cbb,true
25709120,0xe24deb9815bfc568cd400e4bb053fa64ad74bbe2313c88cae953c7d8edfdaa39,0x5f8769281662a4af0175f7efe521892c52850ac6,0x40a6700b99115cda7b12bd0e21db1be8ae524bf2,2026-08-08T16:42:32,repeated_internal_token_drain;dense_internal_fund_flow;complex_trace;high_gas_used_context;token_activity_burst;repeated_risky_internal_calls,0xa9059cbb,true
25709121,0x1ea6325c4c9834e9a6255466acee852d90760317ab12d51c62368237976d79d8,0x0e0052a184fd59c6b7e1e99d739802ecb3aec0e4,0xd82461784eb72d4b67cbab077989eb215315e272,2026-08-08T16:42:45,complex_trace;approval_burst,0x805f7b65,false
25709121,0xa3d63bfdfeb09beb6eb9e431315c765964f1df0b42312855b27cade1fe4b3b73,0xd714e1d25067c2421ea58b962d900732f77ab23b,0xcd2bdb8af031d29d2bc38ef08b842d31e344384c,2026-08-08T16:42:45,repeated_internal_token_drain;dense_internal_fund_flow;complex_trace;high_gas_used_context;token_activity_burst;repeated_risky_internal_calls,0xa9059cbb,true
25709121,0xd8e3d67280426ac19c6fc6a677ad6468dbea4899a7248f8adac79fee3b2182a7,0x4b304ad89b7d7983cb5a39f78af82c777cd63e4f,0x28b1dc1a5e3699a428bc51d234dfab7c9cb2a183,2026-08-08T16:42:45,dense_internal_fund_flow;complex_trace,0x0c307f76,true
25709121,0x214c12619231028c7f6261882d92d4fe6df2b68a8880d650f8a80d26178677cc,0xbad000006db10503589262b55d09bb7b3c5e1472,0xbbbbb048b1a85ca221058c45525095b6a68bbbbb,2026-08-08T16:42:46,repeated_internal_token_drain;dense_internal_fund_flow;very_complex_trace;high_gas_used_context;token_activity_burst;repeated_risky_internal_calls,0xa9059cbb,true
25709121,0xbb996e183ab00dcafd2e5848a1a5c0d4ea9c3454b7b7bf3f9d4371663693b89c,0xd8018099f78b5b5b37305193a722c2ffe296c558,0x0000000000771a79d0fc7f3b7fe270eb4498f20b,2026-08-08T16:42:46,dense_internal_fund_flow;large_mint_to_sender;very_complex_trace;high_gas_used_context;token_activity_burst,0xd0b0fe59,true
25709121,0xdc9d5bd95a678ee2f8505ed539654a3e040d3eeafdc6a2b2a9f3a01e57839aac,0xd8018099f78b5b5b37305193a722c2ffe296c558,0x0000000000771a79d0fc7f3b7fe270eb4498f20b,2026-08-08T16:42:46,dense_internal_fund_flow;large_mint_to_sender;very_complex_trace;high_gas_used_context;token_activity_burst,0xd0b0fe59,true
25709122,0xfd711359e97269de539de4e9ab1426871efbc9154bb8f72ed5d0d90ab5f183ab,0xaca05cf0c4327574c1e8cf3d7491c509b02fa1a0,0x1231deb6f5749ef6ce6943a275a1d3e7486f4eae,2026-08-08T16:42:55,dense_internal_fund_flow;complex_trace,0xaf7060fd,true
25709122,0x50bb6b17000f4ea428674067aee38cc25e70efce3669f1bca50d5a962150423c,0x0cd7e1660d63a6aebda782a2eb7f2875716ac3e8,0x2fdd3c0a682e5774205f0f6d3ed3c9d1b9cb9413,2026-08-08T16:42:56,complex_trace;high_gas_used_context,0xd6bda0c0,false
25709122,0xa3c5c7a3588d7ff844312ca2057a1444232a3a8bc453b218e17af46f7c881b36,0x5f8769281662a4af0175f7efe521892c52850ac6,0x40a6700b99115cda7b12bd0e21db1be8ae524bf2,2026-08-08T16:42:56,repeated_internal_token_drain;dense_internal_fund_flow;complex_trace;high_gas_used_context;token_activity_burst;repeated_risky_internal_calls,0xa9059cbb,true
25709122,0xdf668a6166315714bf5b840b0a6a2302b7f2852e21d68ac14a7f61b76e73a145,0x70e59f9c304e4d5096bd408b571e2dcd99c3120b,0xad3b67bca8935cb510c8d18bd45f0b94f54a968f,2026-08-08T16:42:56,complex_trace;high_gas_used_context;token_activity_burst;approval_burst,0x146ee74d,false
25709123,0x0df9800c931a7884e669bd6d5045d40175748b3799f8548136984307433fddc9,0xd8018099f78b5b5b37305193a722c2ffe296c558,0x0000000000771a79d0fc7f3b7fe270eb4498f20b,2026-08-08T16:43:13,dense_internal_fund_flow;large_mint_to_sender;very_complex_trace;high_gas_used_context;token_activity_burst,0xd0b0fe59,true
25709123,0xa569edbc8c1dd0d223bff3374975377b8ed226ed3eb369b1a46d3718b85bfbb8,0x0e0052a184fd59c6b7e1e99d739802ecb3aec0e4,0xd82461784eb72d4b67cbab077989eb215315e272,2026-08-08T16:43:15,complex_trace;approval_burst,0x805f7b65,false
25709123,0x4bde80dc0ab0fb2368827b83768fdd8177e64d4e8e53c1f3a274d80fcc00a2a7,0x3d4e12d540cf67a9c38da66a20943acac075725d,0x1eeda6359b726f7e5a662288ed7f1793ed6788b9,2026-08-08T16:43:16,repeated_internal_token_drain;dense_internal_fund_flow;complex_trace;high_gas_used_context;token_activity_burst;repeated_risky_internal_calls,0xa9059cbb,true
25709123,0xe6ee9da20853388303bd2dc5da11000c234cd0e97f56d9bf0d73287930defa8f,0xa154b98e53fc35e1bad1ff758acbc8c629bdcd2b,0x19917386eeae67b6ff7ddf07de4019fca40aa4ec,2026-08-08T16:43:16,repeated_internal_token_drain;dense_internal_fund_flow;very_complex_trace;high_gas_used_context;token_activity_burst;repeated_risky_internal_calls,0xa9059cbb,true
25709124,0x5d71d02fde9d90cd9ef8c232516a12fbacb8fe6f92bd03e47f2e3d96a007b000,0x000000000005c5dc1cc0fec6fd472f1cfe92957b,0x00000000000762339537bd0fd01e44f661bd8f67,2026-08-08T16:43:20,dense_internal_fund_flow;complex_trace,0x00020000,true
25709124,0x7599ff848feeac0cc6806a4decba471fdea7da5079626202ea49d7c6646457c6,0xd714e1d25067c2421ea58b962d900732f77ab23b,0xcd2bdb8af031d29d2bc38ef08b842d31e344384c,2026-08-08T16:43:20,repeated_internal_token_drain;dense_internal_fund_flow;complex_trace;high_gas_used_context;token_activity_burst;repeated_risky_internal_calls,0xa9059cbb,true
25709124,0xfebfd7312e8be14c48cdc67a645d6e3ee83368de6e92911afaef4009d2b22b7c,0x87bb53795e69e45b0b324ecdc2d9074177e31158,0xca11bde05977b3631167028862be2a173976ca11,2026-08-08T16:43:20,dense_internal_fund_flow,0x252dba42,true
25709125,0x3d67321d86eb4dbf083ef025eadd98bb81a1ca46eb4a29b063da9d7081fcccdb,0x5b43453fce04b92e190f391a83136bfbecedefd1,0xbdb3ba9ffe392549e1f8658dd2630c141fdf47b6,2026-08-08T16:43:29,dense_internal_fund_flow;complex_trace;high_gas_used_context;token_activity_burst,0x000000c3,true
25709125,0x61005125ad811437899eced87c3eb20eb2f46f7eb4063d7ff46ac38209139004,0x3d4e12d540cf67a9c38da66a20943acac075725d,0x1eeda6359b726f7e5a662288ed7f1793ed6788b9,2026-08-08T16:43:30,repeated_internal_token_drain;dense_internal_fund_flow;complex_trace;high_gas_used_context;token_activity_burst;repeated_risky_internal_calls,0xa9059cbb,true
25709125,0xc5cc90b88095d406d56126be79f9c3e8dd2b0d7bb55c530d6809ea4a343a13a0,0xbad000006db10503589262b55d09bb7b3c5e1472,0xbbbbb048b1a85ca221058c45525095b6a68bbbbb,2026-08-08T16:43:30,repeated_internal_token_drain;dense_internal_fund_flow;very_complex_trace;high_gas_used_context;token_activity_burst;repeated_risky_internal_calls,0xa9059cbb,true
25709125,0xf6e3d251558bf83c7850e11681f50fae7c030ad58779a5b0a889f4ca1b22ba9b,0xd8018099f78b5b5b37305193a722c2ffe296c558,0x0000000000771a79d0fc7f3b7fe270eb4498f20b,2026-08-08T16:43:30,dense_internal_fund_flow;large_mint_to_sender;very_complex_trace;high_gas_used_context;token_activity_burst,0xd0b0fe59,true
25709126,0x0645ae556a16f3e933cad196b245f1dbbb914ff93c44e0558a62fa83ad391f9e,0xd714e1d25067c2421ea58b962d900732f77ab23b,0xcd2bdb8af031d29d2bc38ef08b842d31e344384c,2026-08-08T16:43:44,repeated_internal_token_drain;dense_internal_fund_flow;complex_trace;high_gas_used_context;token_activity_burst;repeated_risky_internal_calls,0xa9059cbb,true
25709126,0xe610621954c1b7540203586d13d39a0eaad5f821f0014ba4f638b50413f59456,0x5f8769281662a4af0175f7efe521892c52850ac6,0x40a6700b99115cda7b12bd0e21db1be8ae524bf2,2026-08-08T16:43:44,repeated_internal_token_drain;dense_internal_fund_flow;complex_trace;high_gas_used_context;token_activity_burst;repeated_risky_internal_calls,0xa9059cbb,true
25709126,0x37b3726b1b74834966eef21751453cb86e3b4cfb793658f7d7878307d0a7a04e,0x3e932a1326a09c4c80499ccdcff20e3543487345,0xa324d9464e8d639ad3579c8f8bb07aec0c0651f6,2026-08-08T16:43:45,dense_internal_fund_flow;high_gas_used_context;token_activity_burst,0x983bc41b,true
25709127,0xfe107faaccf303f4dbce3fa10a8629cec0781526034c95c59b8c4e88d274ff12,0xa154b98e53fc35e1bad1ff758acbc8c629bdcd2b,0x19917386eeae67b6ff7ddf07de4019fca40aa4ec,2026-08-08T16:43:52,repeated_internal_token_drain;dense_internal_fund_flow;very_complex_trace;high_gas_used_context;token_activity_burst;repeated_risky_internal_calls,0xa9059cbb,true
25709128,0x269780030707a441aa44d8f2a536e02d8cb19052cb115426cca821490d93bacc,0x5b43453fce04b92e190f391a83136bfbecedefd1,0xbdb3ba9ffe392549e1f8658dd2630c141fdf47b6,2026-08-08T16:44:07,dense_internal_fund_flow;complex_trace;token_activity_burst,0x000000c3,true
25709128,0x40e97b3fcebc8d208b6a8ff701b8c9598b99200ea19b58f4958e17d0f1d55976,0x9851ab6cc8365d8e4dc025c5be581768b56b12ed,0x0de8bf93da2f7eecb3d9169422413a9bef4ef628,2026-08-08T16:44:07,dense_internal_fund_flow;large_mint_to_sender;very_complex_trace;high_gas_used_context;token_activity_burst,0xc2580804,true
25709128,0x6071983f05dbc1ce7bf28e0e4a72de9ff97dcd8b7ae0c6aac7ed579be3402bc6,0xae2fc483527b8ef99eb5d9b44875f005ba1fae13,0x1f2f10d1c40777ae1da742455c65828ff36df387,2026-08-08T16:44:07,complex_trace;high_gas_used_context,0x2bd0b826,false
25709128,0xa1c245c39e71ee43bb561ee5ab532fc6ad4b32dcce31dacf558eab4c3a63bc94,0x2eb6ffcfc1591349a1983aad3e80d8fb3cec1df2,0x70e60fbfe09caaad444d6c489ef865bfaabbefc8,2026-08-08T16:44:07,privileged_execution_context;complex_trace;high_gas_used_context;token_activity_burst,0x01200000,false
25709128,0x513e0bc125a22d993bf61c14128ed9e071e5264fc683480cb9c39d2708330b1e,0x5f8769281662a4af0175f7efe521892c52850ac6,0x40a6700b99115cda7b12bd0e21db1be8ae524bf2,2026-08-08T16:44:08,repeated_internal_token_drain;dense_internal_fund_flow;complex_trace;high_gas_used_context;token_activity_burst;repeated_risky_internal_calls,0xa9059cbb,true
25709128,0xae968e4edda631c1b2b03ebecafd4ece9be81026064f0e0551e11013ce8137b6,0x3d4e12d540cf67a9c38da66a20943acac075725d,0x1eeda6359b726f7e5a662288ed7f1793ed6788b9,2026-08-08T16:44:08,repeated_internal_token_drain;dense_internal_fund_flow;complex_trace;high_gas_used_context;token_activity_burst;repeated_risky_internal_calls,0xa9059cbb,true
25709128,0xb866d6111d01a3497f5b3591d5940bbc5b1a22b097c159a4ac85d7a52b740fd8,0xd5e87f1f003f222188cc8c5aeefc8b285738b7e7,0xbc6dbe2c5f172bbb736aa58cfa9bfcb20c85ffe2,2026-08-08T16:44:08,complex_trace;token_activity_burst,0x09c5eabe,false
25709129,0x0227cfc2017a4dc9219f67de4985c5b0738b06b7c023eebc1465be0cc7e19f7d,0x2767ae7e0c205425a7b7f7583c512513c527f482,0x6d53358380021abebc424a42568be40d5de9ccdc,2026-08-08T16:44:24,repeated_internal_token_drain;dense_internal_fund_flow;very_complex_trace;high_gas_used_context;token_activity_burst;repeated_risky_internal_calls,0x93856e68,true
25709129,0x6645d41bed9022852336054326dd0c1fd7dab99ba1b45cd9d507cae8b9e86bd5,0x7556699aa8e6a7c9c69bcfaf9debd05f8192b063,0x84cab37995229530d9e6e5cff2f8f4ebe4517d66,2026-08-08T16:44:24,complex_trace;high_gas_used_context,0xe587456a,false
25709129,0xe532af7c10beaf90224a8020c967bf3447f6c2c8026b0359186bea6cfdbec3ca,0x0e0052a184fd59c6b7e1e99d739802ecb3aec0e4,0xd82461784eb72d4b67cbab077989eb215315e272,2026-08-08T16:44:24,complex_trace;approval_burst,0x805f7b65,false
25709129,0xed9338bb1b1feec0dcbf6d60a8c2a22d86c25a6dc677dc58fc87256dba012010,0x2767ae7e0c205425a7b7f7583c512513c527f482,0x6d53358380021abebc424a42568be40d5de9ccdc,2026-08-08T16:44:24,repeated_internal_token_drain;dense_internal_fund_flow;very_complex_trace;high_gas_used_context;token_activity_burst;repeated_risky_internal_calls,0x93856e68,true
25709129,0x59d93c46c0e68b520b717acd7602e552c5aafa4dcd73aa7dd5bd45a9df1e97e8,0xbad000006db10503589262b55d09bb7b3c5e1472,0xbbbbb048b1a85ca221058c45525095b6a68bbbbb,2026-08-08T16:44:25,repeated_internal_token_drain;dense_internal_fund_flow;very_complex_trace;high_gas_used_context;token_activity_burst;repeated_risky_internal_calls,0xa9059cbb,true
25709129,0x6e4e261d933967411eb814c8aba83eede9a922934bad9d4827c5fe9283c70927,0xd714e1d25067c2421ea58b962d900732f77ab23b,0xcd2bdb8af031d29d2bc38ef08b842d31e344384c,2026-08-08T16:44:25,repeated_internal_token_drain;dense_internal_fund_flow;complex_trace;high_gas_used_context;token_activity_burst;repeated_risky_internal_calls,0xa9059cbb,true
25709129,0x9081f6d1a2b3ea00687f5ecd22e954766844b93fda8df9a6e185b407217b79d6,0xd6434d157f254276d69ede3bd9fc805482206908,0x7ec8a30a34b86927dc77b302603d1d53e640bef7,2026-08-08T16:44:25,repeated_internal_token_drain;dense_internal_fund_flow;complex_trace;high_gas_used_context;token_activity_burst;repeated_risky_internal_calls,0xa9059cbb,true
25709129,0xc7a665fe6fc30465552a3395df0620ad5e494d63757a3b753c908bf1b3065d69,0xde7a849216aa3884d53d84ecb02c19eb67e5dae2,0x7d9f4ca54131e588fc1fe577973b55fb11231e76,2026-08-08T16:44:25,high_gas_used_context;token_activity_burst,0x6aac3a0b,false
25709129,0xdaf67451201067d90048051ff82c3692582b9bbe16b7af590532993a1644b627,0xe487832018fbd594c84f1db3dfac61cde98a5f36,0x91ff8bbd8ebb07893010d50a48a1609e5ebd8e34,2026-08-08T16:44:25,complex_trace;high_gas_used_context,0x069d1525,false
25709130,0xa5976b33ff187f4a23dee338b25a5e2411ac786714deb3dc5bf853448b42f91e,0x7556699aa8e6a7c9c69bcfaf9debd05f8192b063,0x84cab37995229530d9e6e5cff2f8f4ebe4517d66,2026-08-08T16:44:29,complex_trace;high_gas_used_context,0xe587456a,false
25709130,0xd2f388449e54bdb41b2cfd897c1a7f2778e649c0c153471a9fb185a9fe908701,0x70e59f9c304e4d5096bd408b571e2dcd99c3120b,0xad3b67bca8935cb510c8d18bd45f0b94f54a968f,2026-08-08T16:44:29,complex_trace;high_gas_used_context;token_activity_burst;approval_burst,0x146ee74d,false
25709130,0xf5f0cb59e56b3bb5ee0bb04faf2762cb42c322b1c6b37d6a801d2462f89ff26a,0xe487832018fbd594c84f1db3dfac61cde98a5f36,0x91ff8bbd8ebb07893010d50a48a1609e5ebd8e34,2026-08-08T16:44:29,complex_trace;high_gas_used_context,0x069d1525,false
25709130,0x402a243f40519cd5036a89898ec0111d0713c71a3a780f8e263cd3d44f64a3a9,0x2767ae7e0c205425a7b7f7583c512513c527f482,0x6d53358380021abebc424a42568be40d5de9ccdc,2026-08-08T16:44:30,repeated_internal_token_drain;dense_internal_fund_flow;very_complex_trace;high_gas_used_context;token_activity_burst;repeated_risky_internal_calls,0x93856e68,true
25709130,0x6cf66cf877d744a5e65fa90e159fdf806dc5d01c2d821bc8ad191fa367b5218f,0x2767ae7e0c205425a7b7f7583c512513c527f482,0x6d53358380021abebc424a42568be40d5de9ccdc,2026-08-08T16:44:30,repeated_internal_token_drain;dense_internal_fund_flow;very_complex_trace;high_gas_used_context;token_activity_burst;repeated_risky_internal_calls,0x93856e68,true
25709130,0xb79821921957323052994a5afde95a84ea514241551c9dc8bb498607e59cd19f,0x2767ae7e0c205425a7b7f7583c512513c527f482,0x6d53358380021abebc424a42568be40d5de9ccdc,2026-08-08T16:44:30,repeated_internal_token_drain;dense_internal_fund_flow;very_complex_trace;high_gas_used_context;token_activity_burst;repeated_risky_internal_calls,0x93856e68,true
25709131,0x9e508ed89fa2920c8676dd5c15851c6666787a3bf713a0890352e59e21f480e8,0x5b43453fce04b92e190f391a83136bfbecedefd1,0xbdb3ba9ffe392549e1f8658dd2630c141fdf47b6,2026-08-08T16:44:44,dense_internal_fund_flow;complex_trace,0x000000c3,true
25709131,0xf6e6e771ecea99c38d4d4dba5f81ae3934d24fd3a3f986247466c4071dbe6f61,0xae2fc483527b8ef99eb5d9b44875f005ba1fae13,0x1f2f10d1c40777ae1da742455c65828ff36df387,2026-08-08T16:44:44,complex_trace;high_gas_used_context,0x2b60a06f,false
25709131,0x25a825eada4732eb5f2f84774ad27e8552617fd0309185f6a38287dd5b326a01,0xa154b98e53fc35e1bad1ff758acbc8c629bdcd2b,0x19917386eeae67b6ff7ddf07de4019fca40aa4ec,2026-08-08T16:44:45,repeated_internal_token_drain;dense_internal_fund_flow;very_complex_trace;high_gas_used_context;token_activity_burst;repeated_risky_internal_calls,0xa9059cbb,true
25709131,0x842cdf85cc15c46db86e21cf3a475b57c06c50ac23e050fa4a1e399e6bd62e6b,0xe91bcae4a2d7b951304695f93cf1b9a1837cfe43,0x7ec8a30a34b86927dc77b302603d1d53e640bef7,2026-08-08T16:44:45,repeated_internal_token_drain;dense_internal_fund_flow;complex_trace;high_gas_used_context;token_activity_burst;repeated_risky_internal_calls,0xa9059cbb,true
25709131,0xa9d87d4984539a03a915608ec24b772e32a21fd1111481f77059105ef151f84e,0x1584a8ee67789d1fe161065388657ad2f2a3c7dd,0x77eb52e44db06777bce478159f25c0d55a295314,2026-08-08T16:44:45,repeated_internal_token_drain;dense_internal_fund_flow;complex_trace;high_gas_used_context;token_activity_burst;repeated_risky_internal_calls,0xa9059cbb,true
25709131,0xbd9b0a3afeed8ddc8ab82fcb0efb485583be77b6155c744fbdf101b7a79ead20,0x40515122c7bab7c603a817c8881d3fea5e628400,0x0a252663dbcc0b073063d6420a40319e438cfa59,2026-08-08T16:44:46,dense_internal_fund_flow;large_mint_to_sender;very_complex_trace;high_gas_used_context;token_activity_burst;selfdestruct_context,0xf5878b9b,true
25709132,0x99f42944a4b9fe1926fa6a9eac2e0e484891b8a82810ec664512681c9af8986c,0xe99bd1c2dd70cd58e5efd47887991700e7318ce2,0xad3b67bca8935cb510c8d18bd45f0b94f54a968f,2026-08-08T16:44:55,complex_trace;high_gas_used_context;token_activity_burst;approval_burst,0x146ee74d,false
25709132,0x5ea8d44a456faa53aaf7d703c1683b8607872427da5172a119223ede06510418,0xd714e1d25067c2421ea58b962d900732f77ab23b,0xcd2bdb8af031d29d2bc38ef08b842d31e344384c,2026-08-08T16:44:57,repeated_internal_token_drain;dense_internal_fund_flow;complex_trace;high_gas_used_context;token_activity_burst;repeated_risky_internal_calls,0xa9059cbb,true
25709132,0xba28a5d2cc91445a6d6ee116d9b18aada0bfe276ce79e928d4ae00bb4b5c75f7,0x0feb0f31d67adbbc950ac0c5266490a9a9735a49,0xe7099092533a3fb693bb123cd96b8e53b4d83c58,2026-08-08T16:44:57,large_erc20_asset_flow;complex_trace,0xdabeaecf,true
