block_num,tx_hash,from,to,detect_time,attack_signals,selector,has_asset_impact
25705707,0x267895f9d6fb86f25e9bd69e8fb3fa6ff515a5e28695e55e3879e67fbd47cab1,0xc80a071d9e5817fb39a4438d6155552e01be02a7,0x3d90f66b534dd8482b181e24655a9e8265316be9,2026-08-08T05:15:07,dense_internal_fund_flow,0x47ee97ff,true
25705707,0xc624fad10e6a28bf3330c96a50adc122ceff3fcfe94771d88db28b22a970e4eb,0xcb8c781ce4e7649a4d3cb63e0cd76f7f73e31311,0x0000000000000068f116a894984e2db1123eb395,2026-08-08T05:15:07,complex_trace;high_gas_used_context,0x87201b41,false
25705707,0xd75468de7099972753278b16b5568d8d698d29adf5c48b6b19679f37d6474b2d,0x00d9fe085d99b33ab2aae8063180c63e23bf2e69,0x75884f3ada15c953529abaac6549d5204135ec36,2026-08-08T05:15:07,repeated_internal_token_drain;dense_internal_fund_flow;complex_trace;high_gas_used_context;token_activity_burst;repeated_risky_internal_calls,0xa9059cbb,true
25705708,0x2307c977f1879a3ffbc13fa8faa86cf20b80cdfbd6985afb6f150eaa01928dd5,0x883a95fdf8df78e7128fced0e9d931a687ff542f,0x4ebc36dcee3ca916ff4157b51c2a16105a3774b5,2026-08-08T05:15:22,complex_trace;high_gas_used_context,0x1749e1e3,false
25705708,0x261316ea979785d56f21f0d1c7da59df2b32e01b69bf8546c59287893eeab699,0x7830c87c02e56aff27fa8ab1241711331fa86f43,0xa9d1e08c7793af67e9d92fe308d5697fb81d3e43,2026-08-08T05:15:22,dense_internal_fund_flow,0x1a1da075,true
25705708,0x3cb955e40adcf08204c0ae9cb9429a0916c57cfb1a9c0f99d3654ed70726f579,0xbec69dfce4c1fa8b7843fee1ca85788d84a86b06,0xb276f62db0ce8ca2ca5bc522695be604521eac1c,2026-08-08T05:15:23,dense_internal_fund_flow;high_gas_used_context,0xb840cf36,true
25705708,0xb098dae7c5bc188e4a3821413b5e5984a55048c237e83acacba00717ff16d1c8,0xf70da97812cb96acdf810712aa562db8dfa3dbef,0xccc88a9d1b4ed6b0eaba998850414b24f1c315be,2026-08-08T05:15:25,dense_internal_fund_flow,0x0a2b8f36,true
25705708,0xe140a7cb46fff129da4d319ed0e597460b18879eed81da922fac4416ac047b50,0x3d4e12d540cf67a9c38da66a20943acac075725d,0x1eeda6359b726f7e5a662288ed7f1793ed6788b9,2026-08-08T05:15:25,repeated_internal_token_drain;dense_internal_fund_flow;complex_trace;high_gas_used_context;token_activity_burst;repeated_risky_internal_calls,0xa9059cbb,true
25705708,0xf7d33d376c5259d068c7701e75a73e6d7a225f9dd89123439fbb6a4d7d6dfc8d,0x1584a8ee67789d1fe161065388657ad2f2a3c7dd,0x77eb52e44db06777bce478159f25c0d55a295314,2026-08-08T05:15:25,repeated_internal_token_drain;dense_internal_fund_flow;complex_trace;high_gas_used_context;token_activity_burst;repeated_risky_internal_calls,0xa9059cbb,true
25705708,0xfe6abf08c3cd38fc9d14ae14b529158db4c64cd7d69d9593c30bfaa3327db857,0xd6434d157f254276d69ede3bd9fc805482206908,0x7ec8a30a34b86927dc77b302603d1d53e640bef7,2026-08-08T05:15:25,repeated_internal_token_drain;dense_internal_fund_flow;complex_trace;high_gas_used_context;token_activity_burst;repeated_risky_internal_calls,0xa9059cbb,true
25705709,0x05c0fe1f6f9e67d554195afa5c51c0df108460ab42e30d1f3d60c89f6cab24f7,0x5f8769281662a4af0175f7efe521892c52850ac6,0x40a6700b99115cda7b12bd0e21db1be8ae524bf2,2026-08-08T05:15:31,repeated_internal_token_drain;dense_internal_fund_flow;complex_trace;high_gas_used_context;token_activity_burst;repeated_risky_internal_calls,0xa9059cbb,true
25705709,0x6154e9ff48acbe6e06eba39ece77145c2e5c12008a834c3cfb6dfbeab7c32208,0x8c228bc4c3ac520ba18b98a1e8bbe28a4ca309b2,0x89c6340b1a1f4b25d36cd8b063d49045caf3f818,2026-08-08T05:15:31,dense_internal_fund_flow;complex_trace,0x0193b9fc,true
25705709,0xfb84f5cde47ef1dd9fa26eaf67070944eb52c76141c2a289d7e13e0b781f258f,0xd714e1d25067c2421ea58b962d900732f77ab23b,0xcd2bdb8af031d29d2bc38ef08b842d31e344384c,2026-08-08T05:15:31,repeated_internal_token_drain;dense_internal_fund_flow;complex_trace;high_gas_used_context;token_activity_burst;repeated_risky_internal_calls,0xa9059cbb,true
25705710,0xcd61b39876a8d879bf55183c1fa2feeda0b45e8519bfb82cf37382139f8c07d6,0x5b43453fce04b92e190f391a83136bfbecedefd1,0xbdb3ba9ffe392549e1f8658dd2630c141fdf47b6,2026-08-08T05:15:45,dense_internal_fund_flow;complex_trace;high_gas_used_context;token_activity_burst,0x000000c3,true
25705710,0x8784c09583609b5dca10c3213e8debf53426dab7bac00b058534d701014a8994,0x3d4e12d540cf67a9c38da66a20943acac075725d,0x1eeda6359b726f7e5a662288ed7f1793ed6788b9,2026-08-08T05:15:46,repeated_internal_token_drain;dense_internal_fund_flow;complex_trace;high_gas_used_context;token_activity_burst;repeated_risky_internal_calls,0xa9059cbb,true
25705711,0x083afab0d82a53d7b686b49ad122c83286e93d87849d8c1ba240f1c1050e5994,0x1584a8ee67789d1fe161065388657ad2f2a3c7dd,0x77eb52e44db06777bce478159f25c0d55a295314,2026-08-08T05:15:58,repeated_internal_token_drain;dense_internal_fund_flow;complex_trace;token_activity_burst;repeated_risky_internal_calls,0xa9059cbb,true
25705711,0x1e10a158b052cd5df473c0dca38f006211b6c55c38c07a88fb668b4b287d8d7a,0x00d9fe085d99b33ab2aae8063180c63e23bf2e69,0x75884f3ada15c953529abaac6549d5204135ec36,2026-08-08T05:15:58,repeated_internal_token_drain;dense_internal_fund_flow;complex_trace;high_gas_used_context;token_activity_burst;repeated_risky_internal_calls,0xa9059cbb,true
25705711,0x7be6fade6fc41c8f9656c8caf50e7ad62f20e7a3320a2a3c8876b9bed559eafa,0x2eb6ffcfc1591349a1983aad3e80d8fb3cec1df2,0x70e60fbfe09caaad444d6c489ef865bfaabbefc8,2026-08-08T05:15:58,privileged_execution_context;complex_trace;high_gas_used_context;token_activity_burst,0x01200000,false
25705711,0xcc5123c5779758f90ed77be7fb256ffe8f6cad98965c9f9b80356122b1c56cc3,0x3cfdc212769c890907bce93d3d8c2c53de6a7a89,0x0000000071727de22e5e9d8baf0edac6f37da032,2026-08-08T05:15:58,privileged_execution_context;complex_trace,0x765e827f,false
25705712,0x02d2f31e527222cf987c6309917be8656dcda02afccfb21c091035d1fab12841,0x09cfee647fa339133380191c8db6b44f24500c9d,0x77b85afbcd336993ac1c65057531c5a5b33b76b8,2026-08-08T05:16:08,repeated_internal_token_drain;dense_internal_fund_flow;complex_trace;high_gas_used_context;token_activity_burst;repeated_risky_internal_calls,0xa9059cbb,true
25705712,0x2e462302a4419b7d1a70d9af7698831406b9d7a372ccc0b4e87b07c272166e25,0x5f8769281662a4af0175f7efe521892c52850ac6,0x40a6700b99115cda7b12bd0e21db1be8ae524bf2,2026-08-08T05:16:08,repeated_internal_token_drain;dense_internal_fund_flow;complex_trace;high_gas_used_context;token_activity_burst;repeated_risky_internal_calls,0xa9059cbb,true
25705712,0x714a7c7eeabf726bf76e501522629f401eb0876152a83165870babdee0e8dc03,0xa154b98e53fc35e1bad1ff758acbc8c629bdcd2b,0x19917386eeae67b6ff7ddf07de4019fca40aa4ec,2026-08-08T05:16:08,repeated_internal_token_drain;dense_internal_fund_flow;complex_trace;high_gas_used_context;token_activity_burst;repeated_risky_internal_calls,0xa9059cbb,true
25705713,0x0c9e8686e322fa8b6c0a7587bfae9787a7343341a29f5fe59f88400b5216cfd8,0x48016a2ee65758ea0adf560ba35ac18c827610e5,0x91ff8bbd8ebb07893010d50a48a1609e5ebd8e34,2026-08-08T05:16:27,complex_trace;high_gas_used_context,0x069d1525,false
25705713,0x18420c275649a7a85cfea5b3bfbd51b25e3827dafa29dac80efca822cb4bde6f,0xde7a849216aa3884d53d84ecb02c19eb67e5dae2,0x7d9f4ca54131e588fc1fe577973b55fb11231e76,2026-08-08T05:16:27,repeated_internal_token_drain;dense_internal_fund_flow;complex_trace;high_gas_used_context;token_activity_burst;repeated_risky_internal_calls,0x6aac3a0b,true
25705713,0x2c4d08121d171fb1ce29391851eb7f405e237423852b0299e5868c0589bac4f5,0x617ccb6d070f08953c2fc481fb19674162e672f1,0x91ff8bbd8ebb07893010d50a48a1609e5ebd8e34,2026-08-08T05:16:27,complex_trace;high_gas_used_context,0x069d1525,false
25705713,0xe994ab45c7ce4faeebf49d0917f4520d3cc4cbbbeb7d8095a125c246de801011,0xda5ac70a47fe7b4b2d15b239ef1ce6c326857393,0x6a000f20005980200259b80c5102003040001068,2026-08-08T05:16:27,complex_trace;high_gas_used_context,0xe3ead59e,false
25705713,0x48f3a002d712fb694407cf7f836c0a60cfddee10694a75a5b8b59a8e5b001526,0x00d9fe085d99b33ab2aae8063180c63e23bf2e69,0x75884f3ada15c953529abaac6549d5204135ec36,2026-08-08T05:16:30,repeated_internal_token_drain;dense_internal_fund_flow;complex_trace;high_gas_used_context;token_activity_burst;repeated_risky_internal_calls,0xa9059cbb,true
25705713,0xa5872b3907c488c05748696fd185c198c8f1309ac2db13b19466fb5b7c1ce69d,0xf51ed0b4d9757e8f2eb8c65a0ae7cfe7ac495ee3,0xa2a1bf5a83f9daec2dc364e1c561e937163cb613,2026-08-08T05:16:30,privileged_execution_context,0xae666ab6,false
25705713,0xc9ce958567dbcb9a413064b80be498373416367369cc8cc344540f7eed93605c,0xd714e1d25067c2421ea58b962d900732f77ab23b,0xcd2bdb8af031d29d2bc38ef08b842d31e344384c,2026-08-08T05:16:30,repeated_internal_token_drain;dense_internal_fund_flow;complex_trace;high_gas_used_context;token_activity_burst;repeated_risky_internal_calls,0xa9059cbb,true
25705713,0xcf4d8208cb7ca69fba83d87452514b1cd3a86e00b6f1fc9de4ac129e9f4c42e6,0x3d4e12d540cf67a9c38da66a20943acac075725d,0x1eeda6359b726f7e5a662288ed7f1793ed6788b9,2026-08-08T05:16:30,repeated_internal_token_drain;dense_internal_fund_flow;complex_trace;high_gas_used_context;token_activity_burst;repeated_risky_internal_calls,0xa9059cbb,true
25705713,0xfe35ee6f51942f0e6f7313308fb09f5d26be769aee4eaa503ce6c5321bbd374f,0x09cfee647fa339133380191c8db6b44f24500c9d,0x77b85afbcd336993ac1c65057531c5a5b33b76b8,2026-08-08T05:16:30,repeated_internal_token_drain;dense_internal_fund_flow;complex_trace;high_gas_used_context;token_activity_burst;repeated_risky_internal_calls,0xa9059cbb,true
25705714,0x8b570baeb246edca98ec4cea17821c8b8652c70662cc6efdc4597eff733080d6,0xb08b2c3099193bcf05f742ccb7f206635fe243b3,0x91ff8bbd8ebb07893010d50a48a1609e5ebd8e34,2026-08-08T05:17:03,complex_trace;high_gas_used_context,0x069d1525,false
25705714,0x8c1891a1ee4e99956873c52478c1a6850a840d6b3518dd148391b6b60ce8bfd9,0xd13674ef90c4ef8da43f3fe90aba61a2aa43c1f6,0x91ff8bbd8ebb07893010d50a48a1609e5ebd8e34,2026-08-08T05:17:03,complex_trace;high_gas_used_context,0x069d1525,false
25705715,0x0ae2a23babb9ec6182850260245bea1fb46e919f6bb6ff6ad161ef6efa53ef6c,0x5f8769281662a4af0175f7efe521892c52850ac6,0x40a6700b99115cda7b12bd0e21db1be8ae524bf2,2026-08-08T05:17:10,repeated_internal_token_drain;dense_internal_fund_flow;complex_trace;high_gas_used_context;token_activity_burst;repeated_risky_internal_calls,0xa9059cbb,true
25705715,0x33d999a5eb31d4a7f799d9acfe315abcdda4d2aed9cdbdbfa2e1801b8df1f1cf,0xa154b98e53fc35e1bad1ff758acbc8c629bdcd2b,0x19917386eeae67b6ff7ddf07de4019fca40aa4ec,2026-08-08T05:17:10,repeated_internal_token_drain;dense_internal_fund_flow;complex_trace;high_gas_used_context;token_activity_burst;repeated_risky_internal_calls,0xa9059cbb,true
25705715,0x4bbf47f4e4a1a8d6c0167ab90e9a51904c4fa363e43bd32bc8b17b1da61fb8ba,0xd0d08887e8a5b16049534a7f3fc1de92848f5bea,0x6131b5fae19ea4f9d964eac0408e4408b66337b5,2026-08-08T05:17:10,large_erc20_asset_flow;complex_trace,0xe21fd0e9,true
25705715,0x94039a7a9740554d7c1dde1b61b1c639de30a3c8cfb0a391017ddd58aa63fc82,0x09cfee647fa339133380191c8db6b44f24500c9d,0x77b85afbcd336993ac1c65057531c5a5b33b76b8,2026-08-08T05:17:10,repeated_internal_token_drain;dense_internal_fund_flow;complex_trace;high_gas_used_context;token_activity_burst;repeated_risky_internal_calls,0xa9059cbb,true
25705715,0xb43c3c65bd68cc151b59201488fb8a27702a05af27bffb60050e680fe7fcfeee,0x50bf934781f63028c5c8ef49c4affe19a86d99b6,0x8d04cc7e86e687854eb41d9d43512b655b93184b,2026-08-08T05:17:10,complex_trace;selfdestruct_context,0x4a1bf18a,false
25705716,0x31f00b7d0fbff328eff822c3d329c16cfdbfaad38a76a240dc68e3d03c0c92fa,0xa5c7857bf8c8220403caf189066ce5bac4462705,0x91ff8bbd8ebb07893010d50a48a1609e5ebd8e34,2026-08-08T05:17:16,complex_trace;high_gas_used_context,0x069d1525,false
25705716,0xca8453d4f1366a1cfb24276b9256d2bb0b3e8e83b6afa410146e7a0c621d0a48,0x76ac94a97089345b7012a3105bdf905d9b0fd535,0x52b335fd4d229c4b4ffa6190526e4b5fb8e3fb09,2026-08-08T05:17:16,dense_internal_fund_flow;complex_trace,0x085c8c5e,true
25705716,0x70834c9e0b68fd3ac8106524b7356d3a7287d48fb81bb3a45cbc368fdda89d4a,0x2b3fed49557bd88f78b898684f82fbb355305dbb,0x09c30cdcdd971423cb3ba757a47d56c35d06d818,2026-08-08T05:17:17,dense_internal_fund_flow,0x318adb8b,true
25705716,0x2d8a2440531ecd6ffbc8e1fa5730500be7f39d3d534b8be86fc405902ae8a31f,0xff0c68cdc0dd46a6ed8ba68e887a2a673c46f4e6,0x0000000000000068f116a894984e2db1123eb395,2026-08-08T05:17:18,complex_trace;high_gas_used_context,0x87201b41,false
25705717,0x242f01fe9e49f795c72eadbb94cb1d041f87b73382cfdebdb7be38e0b3498e99,0x5177c234e630836523da101247d932e227984bf1,0x7a250d5630b4cf539739df2c5dacb4c659f2488d,2026-08-08T05:17:24,dense_internal_fund_flow,0xaf2979eb,true
25705717,0x4f203a902f8c06caf4f453cc7e7fbbd8d55b2bccbe8054824c57b9b97232501e,0x00c501a744b3db320f1eb5675f9a606bd298d2b9,0x91ff8bbd8ebb07893010d50a48a1609e5ebd8e34,2026-08-08T05:17:24,complex_trace;high_gas_used_context,0x069d1525,false
25705717,0x5b32e5ceb53ceb1ad80009454d09a5e17ceb110bae73f1381ed4d15bd81b15b0,0xd0b9b6674b77befd88884d2bdeea979c023938e8,0xd90e2f925da726b50c4ed8d0fb90ad053324f31b,2026-08-08T05:17:24,dense_internal_fund_flow;complex_trace,0xb438689f,true
25705717,0x954a15a4c228eec1d07209de03a4a26c10821028bd5f66eaa2e88d695c748aca,0xa154b98e53fc35e1bad1ff758acbc8c629bdcd2b,0x19917386eeae67b6ff7ddf07de4019fca40aa4ec,2026-08-08T05:17:24,repeated_internal_token_drain;dense_internal_fund_flow;complex_trace;high_gas_used_context;token_activity_burst;repeated_risky_internal_calls,0xa9059cbb,true
25705717,0xb74b1613b497094e6dd57680e02f632270338cae15d813f57dca527f30ab7de0,0xd714e1d25067c2421ea58b962d900732f77ab23b,0xcd2bdb8af031d29d2bc38ef08b842d31e344384c,2026-08-08T05:17:24,repeated_internal_token_drain;dense_internal_fund_flow;complex_trace;high_gas_used_context;token_activity_burst;repeated_risky_internal_calls,0xa9059cbb,true
25705717,0xf00f710e8323f691a0772fa01ea27f68a00913e51fa34d294985b59f87335d32,0x3d4e12d540cf67a9c38da66a20943acac075725d,0x1eeda6359b726f7e5a662288ed7f1793ed6788b9,2026-08-08T05:17:24,repeated_internal_token_drain;dense_internal_fund_flow;complex_trace;high_gas_used_context;token_activity_burst;repeated_risky_internal_calls,0xa9059cbb,true
25705718,0x3c49afe1c3741d9e0f9cf204372f21028c47882dec84c41b941cb14c09b04069,0x7830c87c02e56aff27fa8ab1241711331fa86f43,0xa9d1e08c7793af67e9d92fe308d5697fb81d3e43,2026-08-08T05:17:33,dense_internal_fund_flow,0x1a1da075,true
25705718,0x076ed6fafed5b3eb8e0160c65360b023b2594e3b7f828eeceaa0deee8c2ceca5,0x09cfee647fa339133380191c8db6b44f24500c9d,0x77b85afbcd336993ac1c65057531c5a5b33b76b8,2026-08-08T05:17:34,high_gas_used_context;token_activity_burst,0xa9059cbb,false
25705718,0x1167fa1071102d2795cddf682eea396928fc02a8131c54609c6779d828c77490,0x7830c87c02e56aff27fa8ab1241711331fa86f43,0xa9d1e08c7793af67e9d92fe308d5697fb81d3e43,2026-08-08T05:17:34,high_gas_used_context;token_activity_burst,0xca350aa6,false
25705718,0x20636f8483b93d5fe9b82c98715399eec091d8fc10db02d5a044d729383baf0e,0x59aab1bd0d26290274398c07b55955c15425e16b,0x00fe78205f5f0e63b8ad2b2ae5337f538a610e04,2026-08-08T05:17:34,high_gas_used_context;token_activity_burst,0x34fcd5be,false
25705718,0x313820d98b31c19974a4f284e76c491f72e6d920ea310025e685b6b79f0c44d1,0x00d9fe085d99b33ab2aae8063180c63e23bf2e69,0x75884f3ada15c953529abaac6549d5204135ec36,2026-08-08T05:17:34,repeated_internal_token_drain;dense_internal_fund_flow;complex_trace;high_gas_used_context;token_activity_burst;repeated_risky_internal_calls,0xa9059cbb,true
25705718,0x4b080f57d4e4d640c6224864e05fea237551f1f21bf4a48a7de9dc191121990b,0x19a4ccaf17f2248b95537b7bdaf289c5a9f345ac,,2026-08-08T05:17:34,privileged_execution_context;high_gas_used_context;contract_creation_context,0x60806040,false
25705718,0x5d0b2faf2bd90b6c101ad7e92abb93b11564559484a3d41e521ff0713f9139f8,0xd6434d157f254276d69ede3bd9fc805482206908,0x7ec8a30a34b86927dc77b302603d1d53e640bef7,2026-08-08T05:17:34,high_gas_used_context;token_activity_burst,0xa9059cbb,false
25705719,0xbedaf65646232893a65ab3628b364a815b9d134a713fd79cb80e22f8fbac53dd,0xe99bd1c2dd70cd58e5efd47887991700e7318ce2,0xad3b67bca8935cb510c8d18bd45f0b94f54a968f,2026-08-08T05:17:41,complex_trace;high_gas_used_context;token_activity_burst;approval_burst,0x146ee74d,false
25705719,0x30d4a204fc0449b5918ebd86a3c318a56a9827879eaf80402405faf69410f285,0x5f8769281662a4af0175f7efe521892c52850ac6,0x40a6700b99115cda7b12bd0e21db1be8ae524bf2,2026-08-08T05:17:42,repeated_internal_token_drain;dense_internal_fund_flow;complex_trace;high_gas_used_context;token_activity_burst;repeated_risky_internal_calls,0xa9059cbb,true
25705719,0x6af2ed8132c0fb96c7e684281eac8f85885c62302d6aa794c8c22809e98b572d,0xa154b98e53fc35e1bad1ff758acbc8c629bdcd2b,0x19917386eeae67b6ff7ddf07de4019fca40aa4ec,2026-08-08T05:17:42,repeated_internal_token_drain;dense_internal_fund_flow;complex_trace;high_gas_used_context;token_activity_burst;repeated_risky_internal_calls,0xa9059cbb,true
25705720,0x0800032bd6ee3c9671f1083774312b3594d765b337df5e6ed99ddacd0d6ce9a7,0x59aab1bd0d26290274398c07b55955c15425e16b,0x00fe78205f5f0e63b8ad2b2ae5337f538a610e04,2026-08-08T05:17:47,complex_trace;high_gas_used_context;token_activity_burst,0x34fcd5be,false
25705720,0x0fc91b6058253e1cb64d03c73d3e45d698ed985632a9dd2476e2ea087b41327a,0xd714e1d25067c2421ea58b962d900732f77ab23b,0xcd2bdb8af031d29d2bc38ef08b842d31e344384c,2026-08-08T05:17:47,repeated_internal_token_drain;dense_internal_fund_flow;complex_trace;high_gas_used_context;token_activity_burst;repeated_risky_internal_calls,0xa9059cbb,true
25705721,0x6f6a49ab3d3870fd77af6be367bb70d957cc73e7d6a5dec9799e86878bc966d1,0x1ecb8dda81d21c16927f51ebde1446498226e1fb,0xcd81ea1da3e502545b20534f23d219f38ea79ccc,2026-08-08T05:17:58,complex_trace;high_gas_used_context;token_activity_burst,0x601881f3,false
25705721,0x47059903a67f665682183f6b1ecf06c216add714933b1874521802a1df32d422,0x00d9fe085d99b33ab2aae8063180c63e23bf2e69,0x75884f3ada15c953529abaac6549d5204135ec36,2026-08-08T05:17:59,repeated_internal_token_drain;dense_internal_fund_flow;complex_trace;high_gas_used_context;token_activity_burst;repeated_risky_internal_calls,0xa9059cbb,true
25705721,0x540a1e69cbc7153a9bd115f8def1abc05cd18d327423d32817e903ac49ffa161,0x3d4e12d540cf67a9c38da66a20943acac075725d,0x1eeda6359b726f7e5a662288ed7f1793ed6788b9,2026-08-08T05:17:59,repeated_internal_token_drain;dense_internal_fund_flow;complex_trace;high_gas_used_context;token_activity_burst;repeated_risky_internal_calls,0xa9059cbb,true
25705721,0x6c381a1a6a479b55e82b557a392802e80932dfe31edf95e0ba27c206e0bb1cb4,0xbad000006db10503589262b55d09bb7b3c5e1472,0xbbbbb048b1a85ca221058c45525095b6a68bbbbb,2026-08-08T05:17:59,repeated_internal_token_drain;dense_internal_fund_flow;complex_trace;high_gas_used_context;token_activity_burst;repeated_risky_internal_calls,0xa9059cbb,true
25705722,0x29ddd1f745f72d76862ef3129bf428d9ca843b56f0cec4367727077150e7cf52,0x3ee92cd00993a4488ae153ab41ac7947cbcbc1de,0x9205a569b0ff45df1e4f5ae48e21bc7f0656f0bb,2026-08-08T05:18:09,large_erc20_asset_flow;complex_trace,0x8b578ac6,true
25705722,0x5111798cb5453dcfba7672e3d752487d02b69edf41d993da056ee9aca272d5bd,0xf41cee11d7bdd49311a32fe860f73ccc0c813a77,0x69460570c93f9de5e2edbc3052bf10125f0ca22d,2026-08-08T05:18:09,dense_internal_fund_flow;complex_trace;high_gas_used_context,0x14d08fca,true
25705722,0x7fe3dfb445eb25c95c31060e06188cfef0139aedc50b178bd227652c3fc01370,0x3ee92cd00993a4488ae153ab41ac7947cbcbc1de,0x9205a569b0ff45df1e4f5ae48e21bc7f0656f0bb,2026-08-08T05:18:09,large_erc20_asset_flow;complex_trace,0x8b578ac6,true
25705722,0x0a6b53c232cde92043a8422225e90d5b3ccaa72c509a62f47f6383db2f95d52e,0xe487832018fbd594c84f1db3dfac61cde98a5f36,0x91ff8bbd8ebb07893010d50a48a1609e5ebd8e34,2026-08-08T05:18:11,complex_trace;high_gas_used_context,0x069d1525,false
25705722,0x1e81df053c866045b4bf4a93672688c873b2584051023d6763eb8715b09d4c95,0xd714e1d25067c2421ea58b962d900732f77ab23b,0xcd2bdb8af031d29d2bc38ef08b842d31e344384c,2026-08-08T05:18:11,repeated_internal_token_drain;dense_internal_fund_flow;complex_trace;high_gas_used_context;token_activity_burst;repeated_risky_internal_calls,0xa9059cbb,true
25705722,0x5016363a0d80bec4c934e55d94a153b38786652205593553250c5a73d36435c3,0x4d5e56a4426519fe4f2aab880c592a346bf5bb9c,0xb294994f367302f7f831d2cb2b13615d7656d997,2026-08-08T05:18:11,complex_trace;high_gas_used_context,0x3011a9f1,false
25705722,0x83307b224790a3c32e459b5b22df3f0be06fd694a03d51bb03dc0d5605ed7fc5,0xae2fc483527b8ef99eb5d9b44875f005ba1fae13,0x1f2f10d1c40777ae1da742455c65828ff36df387,2026-08-08T05:18:11,dense_internal_fund_flow;complex_trace;high_gas_used_context,0x2bd03d29,true
25705722,0x8ecf743e23b6127a48a1319a41cc6c60ab4e39551178630b9746aaa5502fab79,0x5a4fd77a189f4fdcc108114e7890f060dfa07d67,0xb300000b72deaeb607a12d5f54773d1c19c7028d,2026-08-08T05:18:11,dense_internal_fund_flow;complex_trace,0x810c705b,true
25705722,0xf7bf554bbae891b4822fe564a9683b35800471e5a460ef42ca940c3657cefbee,0x1584a8ee67789d1fe161065388657ad2f2a3c7dd,0x77eb52e44db06777bce478159f25c0d55a295314,2026-08-08T05:18:11,repeated_internal_token_drain;dense_internal_fund_flow;complex_trace;token_activity_burst;repeated_risky_internal_calls,0xa9059cbb,true
25705723,0x01e456142e705b1995a648b097d8fdb9558580565f39226d2416d5b4d1fec300,0xde7a849216aa3884d53d84ecb02c19eb67e5dae2,0x7d9f4ca54131e588fc1fe577973b55fb11231e76,2026-08-08T05:18:24,repeated_internal_token_drain;dense_internal_fund_flow;complex_trace;high_gas_used_context;token_activity_burst;repeated_risky_internal_calls,0x6aac3a0b,true
25705723,0x0e5fcb5c03a51f9b3bb8f34de2a34af078e3d20ba539d4b19327e4d00ecb39ea,0x09cfee647fa339133380191c8db6b44f24500c9d,0x77b85afbcd336993ac1c65057531c5a5b33b76b8,2026-08-08T05:18:24,repeated_internal_token_drain;dense_internal_fund_flow;complex_trace;high_gas_used_context;token_activity_burst;repeated_risky_internal_calls,0xa9059cbb,true
25705723,0x4b465971cafd4276b66a2d465af3ce979e63a3bf93088cfcb8b3595e1cd5f4ba,0xa154b98e53fc35e1bad1ff758acbc8c629bdcd2b,0x19917386eeae67b6ff7ddf07de4019fca40aa4ec,2026-08-08T05:18:24,repeated_internal_token_drain;dense_internal_fund_flow;complex_trace;high_gas_used_context;token_activity_burst;repeated_risky_internal_calls,0xa9059cbb,true
25705723,0x577d0bd633c980a2e8b431631cdf246444b5f41e96afea8ef2682b0f9639f795,0x5f8769281662a4af0175f7efe521892c52850ac6,0x40a6700b99115cda7b12bd0e21db1be8ae524bf2,2026-08-08T05:18:24,repeated_internal_token_drain;dense_internal_fund_flow;complex_trace;high_gas_used_context;token_activity_burst;repeated_risky_internal_calls,0xa9059cbb,true
25705723,0xa7641f5a6615829e86f237d2d543be3a8be476257618a9ae7236c9956a9c8fde,0xec99c4d054afa5a66c206c771a607ce7dea09f41,0x3a23f943181408eac424116af7b7790c94cb97a5,2026-08-08T05:18:24,complex_trace;high_gas_used_context,0x37c6145a,false
25705723,0xd2e1b6976448f0c73fcb4cc4241aa45301471bc8b2fbce06feae71215f03812d,0xae2fc483527b8ef99eb5d9b44875f005ba1fae13,0x1f2f10d1c40777ae1da742455c65828ff36df387,2026-08-08T05:18:24,dense_internal_fund_flow;complex_trace;high_gas_used_context,0x2bd0d6ed,true
25705723,0xdbdd9529baf60c65fcb4edc1db26c7c256a4dd757d8c6ad50e37046cd8d5153b,0xb76bb4cd79277b85da7abe903fd0f3cf679ddf3f,0x3fc29836e84e471a053d2d9e80494a867d670ead,2026-08-08T05:18:24,complex_trace;high_gas_used_context;token_activity_burst,0xa9059cbb,false
25705723,0xec40926ac18c00e382802d678041a6e15b3f1ef8497b2d50da94c99015ce1e83,0xbb0611fde3e968d138eb3e9e386d8103c4730001,0xb6f54caed61c318027c022c47b94baf139a99dab,2026-08-08T05:18:24,complex_trace;high_gas_used_context,0x02d40188,false
25705724,0x023490fea69845e453ffc2b9a3c1d3c8987d505a34666de39ec8a98d09090522,0xc4210bfd73206c3208ae1f0854ee146ed8f1271b,0x4313c378cc91ea583c91387b9216e2c03096b27f,2026-08-08T05:18:34,dense_internal_fund_flow;complex_trace,0xeffbec13,true
25705724,0x643dd9ab2fa769c16c67921f446eb2bbf3c8057468794ed9239ae2659f641f67,0xae2fc483527b8ef99eb5d9b44875f005ba1fae13,0x1f2f10d1c40777ae1da742455c65828ff36df387,2026-08-08T05:18:34,dense_internal_fund_flow;complex_trace;high_gas_used_context,0x091afcfe,true
25705724,0x99227e1603620f2428d9026d778cdaa3992f4c2486c1166c272f3e69998766f4,0xc6acbee42e9e323140c1ed060c2f6ea9cc3b4b75,0x7c5a71c9fefbc7691f9d4ac7baf70c743792f716,2026-08-08T05:18:34,selfdestruct_context,0xf3fef3a3,true
25705724,0xbf87eca4a88999b432ad35d5a0b3a92f192d8561252d0f461394da4a6cd3d5c7,0x2fe4093c894749e596f458764c377bf4f1337b58,0x4313c378cc91ea583c91387b9216e2c03096b27f,2026-08-08T05:18:34,dense_internal_fund_flow;complex_trace,0xeffbec13,true
25705724,0x1e9af156561d9e1501d1dace7a81324d04060e046cd70dc2e082c30ec35b6619,0x38db9c8bf4d3c94b0e0fc854d99ac22eb560e72a,0xe23bd74cc52472dbdb4168dcceb3be039e15720e,2026-08-08T05:19:05,dense_internal_fund_flow;high_gas_used_context;token_activity_burst,0x006a598f,true
25705724,0x83f6287a4082ee4fe0b04f08c0b57bb44750d90132fc5189ed32b3203a7ed02d,0x00d9fe085d99b33ab2aae8063180c63e23bf2e69,0x75884f3ada15c953529abaac6549d5204135ec36,2026-08-08T05:19:05,repeated_internal_token_drain;dense_internal_fund_flow;complex_trace;high_gas_used_context;token_activity_burst;repeated_risky_internal_calls,0xa9059cbb,true
25705724,0xdaef38759d23d8b01cc3ed2882707fe9cb40e59793edc4e492ece6153bf738c1,0x3d4e12d540cf67a9c38da66a20943acac075725d,0x1eeda6359b726f7e5a662288ed7f1793ed6788b9,2026-08-08T05:19:05,repeated_internal_token_drain;dense_internal_fund_flow;complex_trace;high_gas_used_context;token_activity_burst;repeated_risky_internal_calls,0xa9059cbb,true
25705725,0x1e39e4d38e10e3478f6e50c9d1fb7984fdb5be07623cecaf3394ce508737f289,0x51d6dc76026e82cfac0c2c02e74c8f17dca5cc12,0x111111125421ca6dc452d289314280a0f8842a65,2026-08-08T05:19:12,complex_trace;high_gas_used_context,0x07ed2379,false
25705725,0x64d072bff0bc841a02933962bf9aefa2dafd4ab5d94dff6d03ff388ec9565dbd,0xd714e1d25067c2421ea58b962d900732f77ab23b,0xcd2bdb8af031d29d2bc38ef08b842d31e344384c,2026-08-08T05:19:12,repeated_internal_token_drain;dense_internal_fund_flow;complex_trace;high_gas_used_context;token_activity_burst;repeated_risky_internal_calls,0xa9059cbb,true
25705725,0x7018012f83b8213fa5163daf5c977ffdfa3d743f643f75afa377ff4ade478031,0x1372c94c168441afe5e05c6b73fdfcd4601d7b92,0xbc1d9760bd6ca468ca9fb5ff2cfbeac35d86c973,2026-08-08T05:19:12,dense_internal_fund_flow;complex_trace;high_gas_used_context;token_activity_burst,0xd984396a,true
25705725,0xfc82a353c07e39e3da385fa2c3fc1dd39a205921d93d026606c77ad9d1ca6d61,0x1584a8ee67789d1fe161065388657ad2f2a3c7dd,0x77eb52e44db06777bce478159f25c0d55a295314,2026-08-08T05:19:13,repeated_internal_token_drain;dense_internal_fund_flow;complex_trace;high_gas_used_context;token_activity_burst;repeated_risky_internal_calls,0xa9059cbb,true
25705726,0x1691bf72d21ff26929a1e8fac5fde4af13e23f1144879d8661922dd5ff093577,0xb76bb4cd79277b85da7abe903fd0f3cf679ddf3f,0x66a3c2fa3e467aa586e90912f977e648589cabaf,2026-08-08T05:19:18,complex_trace;high_gas_used_context,0xa9059cbb,false
25705726,0x568c1563d309700659ac33da6b8111e7b183fa54206f4662578aa9aff60b8258,0x5e6e835ec4e69fdaf9cad50cedafc687976d6a22,0x91ff8bbd8ebb07893010d50a48a1609e5ebd8e34,2026-08-08T05:19:18,complex_trace;high_gas_used_context,0x069d1525,false
25705726,0xc9e58fe75672de743f9ad2c43d7119b1e028b46dae90c5acf85cee069a2b965c,0xe20446cccbfd5f9038e747f1dea8016ecbd94ae5,0x442be06bb5d13711a22ccd3fa382b72a874c5135,2026-08-08T05:19:18,privileged_execution_context;complex_trace,0xf7b5c341,false
25705726,0xb4dd4ee9b5c8233c64df5a633f369a777988aa40c1d6892019c9e35d4956de74,0x3d4e12d540cf67a9c38da66a20943acac075725d,0x1eeda6359b726f7e5a662288ed7f1793ed6788b9,2026-08-08T05:19:19,repeated_internal_token_drain;dense_internal_fund_flow;complex_trace;high_gas_used_context;token_activity_burst;repeated_risky_internal_calls,0xa9059cbb,true
25705726,0xf1e843381c0f5da661685369a88528d625bb8fd9875a0662037268eea99c9901,0x5f8769281662a4af0175f7efe521892c52850ac6,0x40a6700b99115cda7b12bd0e21db1be8ae524bf2,2026-08-08T05:19:19,repeated_internal_token_drain;dense_internal_fund_flow;complex_trace;high_gas_used_context;token_activity_burst;repeated_risky_internal_calls,0xa9059cbb,true
25705726,0x43f4218fc1437d345fe7639c12aea57072fca86301e37a0e7a064bdd59412f5e,0x09cfee647fa339133380191c8db6b44f24500c9d,0x77b85afbcd336993ac1c65057531c5a5b33b76b8,2026-08-08T05:19:20,high_gas_used_context;token_activity_burst,0xa9059cbb,false
25705726,0x59168dc6a34633fc07e78990b0aea85e0afbea16b7b2aa4a1a2c9e615b0c858d,0xd6434d157f254276d69ede3bd9fc805482206908,0x7ec8a30a34b86927dc77b302603d1d53e640bef7,2026-08-08T05:19:20,high_gas_used_context;token_activity_burst,0xa9059cbb,false
25705726,0xf759d6161eebfb61ee3c23126209c680131c6c572060f49729d800e9d907648b,0x59aab1bd0d26290274398c07b55955c15425e16b,0x00fe78205f5f0e63b8ad2b2ae5337f538a610e04,2026-08-08T05:19:20,high_gas_used_context;token_activity_burst,0x34fcd5be,false
25705727,0x5eec9176a066e968ea367f0d72d8d0c5f4b175db3dcdddd269363774fbdeceb5,0xa154b98e53fc35e1bad1ff758acbc8c629bdcd2b,0x19917386eeae67b6ff7ddf07de4019fca40aa4ec,2026-08-08T05:19:24,repeated_internal_token_drain;dense_internal_fund_flow;complex_trace;high_gas_used_context;token_activity_burst;repeated_risky_internal_calls,0xa9059cbb,true
25705727,0x62951424a0239e158e5a0fe7fd0d2eb7d4e41083fee82222b599aaa528b59001,0x00d9fe085d99b33ab2aae8063180c63e23bf2e69,0x75884f3ada15c953529abaac6549d5204135ec36,2026-08-08T05:19:24,repeated_internal_token_drain;dense_internal_fund_flow;complex_trace;high_gas_used_context;token_activity_burst;repeated_risky_internal_calls,0xa9059cbb,true
25705728,0x1c3efc020553e78581f5dcc739f8dfac3b1025506feb2cc2089a8ba34986944d,0xd714e1d25067c2421ea58b962d900732f77ab23b,0xcd2bdb8af031d29d2bc38ef08b842d31e344384c,2026-08-08T05:19:30,repeated_internal_token_drain;dense_internal_fund_flow;complex_trace;high_gas_used_context;token_activity_burst;repeated_risky_internal_calls,0xa9059cbb,true
25705728,0x37ee52634538eb6b76ada9a2695e97c5d43b0f87bba6eaf0cda8c6adebc34aec,0x17a9aa3f7945fb00c2eb16857baa4adb63da59db,0x5ff137d4b0fdcd49dca30c7cf57e578a026d2789,2026-08-08T05:19:30,dense_internal_fund_flow;complex_trace,0x1fad948c,true
25705728,0xa63c5e2d8e61acffed0e9b8d8d0fe24e11043c3958f3256c01b04e65dae22cc8,0x27fd4825459fc1c8292cf227c79a33faee3e363d,0x337685fdab40d39bd02028545a4ffa7d287cc3e2,2026-08-08T05:19:30,dense_internal_fund_flow;complex_trace,0x30dedc57,true
25705728,0xa6f63e9d5fa5de84cd724d17d866a67a3099fe5a8892d713caa2622dde3c475e,0x7830c87c02e56aff27fa8ab1241711331fa86f43,0xa9d1e08c7793af67e9d92fe308d5697fb81d3e43,2026-08-08T05:19:30,dense_internal_fund_flow,0x1a1da075,true
25705728,0xdbec56f045fb7861e69c9275b2fc23c964cee1fca7b561985911e7b68b88fd66,0xe77d8d56d317a2c36284ed683a5324d9d3e51c73,0x1231deb6f5749ef6ce6943a275a1d3e7486f4eae,2026-08-08T05:19:30,dense_internal_fund_flow;complex_trace,0x80c65808,true
25705728,0xe4579307c056d40536b7a289dc230c903dd68dfd4c4b3c0d979fda66fc9bf8e5,0x96bde4e3866935e26deb6881632826500f0b71d0,0x337685fdab40d39bd02028545a4ffa7d287cc3e2,2026-08-08T05:19:30,dense_internal_fund_flow;complex_trace,0x30dedc57,true
25705729,0x51caa0393014689bc821cfbf3f39cb27f3ad14f5848e63602019ff03b89d008f,0x64a377267da2964042eddbb6871bca8f49c54a53,0x28b1dc1a5e3699a428bc51d234dfab7c9cb2a183,2026-08-08T05:19:38,complex_trace;high_gas_used_context;token_activity_burst,0x0c307f76,false
25705729,0x08a7111ace9efb25aac3b112509967d7d5a2d6f4102ea56a10339965bb5578ed,0x3d4e12d540cf67a9c38da66a20943acac075725d,0x1eeda6359b726f7e5a662288ed7f1793ed6788b9,2026-08-08T05:19:39,repeated_internal_token_drain;dense_internal_fund_flow;complex_trace;high_gas_used_context;token_activity_burst;repeated_risky_internal_calls,0xa9059cbb,true
25705729,0x37291062a388653cdcb399099a9b10e1ac8190c198d62dd69b7e79fe9bf9d86c,0xa154b98e53fc35e1bad1ff758acbc8c629bdcd2b,0x19917386eeae67b6ff7ddf07de4019fca40aa4ec,2026-08-08T05:19:39,repeated_internal_token_drain;dense_internal_fund_flow;complex_trace;high_gas_used_context;token_activity_burst;repeated_risky_internal_calls,0xa9059cbb,true
25705729,0x8563cf70870d2a598725ba6f9360259934256b3059bf385305a89651b0e017d0,0x09a591f0e4fa0abac08f05bc0916c51ee34c1a1b,0x5cb16a393b9b43c590953b51058edab1bde0f5fa,2026-08-08T05:19:39,dense_internal_fund_flow,0x501d976c,true
25705730,0x0a388b35c39d4bf90766eef295ae1785d6a57391aeca32f9ed44dd30c153927b,0xa3ab2b10bf2508a9e4455a35e2f4a9d0ced18464,0x91ff8bbd8ebb07893010d50a48a1609e5ebd8e34,2026-08-08T05:19:45,complex_trace;high_gas_used_context,0x069d1525,false
25705730,0x1b1e331b0347517572991a0285e9967db13a1500c61813783826b95f530d2319,0x5f8769281662a4af0175f7efe521892c52850ac6,0x40a6700b99115cda7b12bd0e21db1be8ae524bf2,2026-08-08T05:19:45,repeated_internal_token_drain;dense_internal_fund_flow;complex_trace;high_gas_used_context;token_activity_burst;repeated_risky_internal_calls,0xa9059cbb,true
25705730,0x3ff4c7b7efb32f083d0533b1b6e219fa38757ced6951b07a1d80c05af9e6a272,0x59aab1bd0d26290274398c07b55955c15425e16b,0x00fe78205f5f0e63b8ad2b2ae5337f538a610e04,2026-08-08T05:19:45,complex_trace;high_gas_used_context;token_activity_burst,0x34fcd5be,false
25705730,0xc201b07182aad8a3713df6005d98ee7b56126bfdfcf55a113e5ed0ae7565fe1f,0x00d9fe085d99b33ab2aae8063180c63e23bf2e69,0x75884f3ada15c953529abaac6549d5204135ec36,2026-08-08T05:19:45,repeated_internal_token_drain;dense_internal_fund_flow;complex_trace;high_gas_used_context;token_activity_burst;repeated_risky_internal_calls,0xa9059cbb,true
25705730,0xe9638918afb392edc687ed13c9cfa6f3e8ac87782e4f17c3c37e299eb21df403,0xac602e5c020beff4185707fbc2b3640dff56af73,0x925f72e6fb9e641500fafb0e4def603c67d4ac8b,2026-08-08T05:19:45,selfdestruct_context,0xf3fef3a3,false
25705731,0x13972b322a34772306ae3dd2cb00d32232c48669c5a636c47e4169888bb09b80,0x63409643851b525b55f65f43840bad8ac31cf380,0xa7e96bf2735bd33750bb504c3cc63e3770668dd4,2026-08-08T05:19:57,dense_internal_fund_flow;complex_trace,0x36ac25a2,true
25705731,0x7a8543d2b62349a08315f5decb69366171f980421a758c29382c0165ce620edf,0xb876842bb8405f34e1cefe497d0d85d39f83badf,0x91ff8bbd8ebb07893010d50a48a1609e5ebd8e34,2026-08-08T05:19:57,complex_trace;high_gas_used_context,0x069d1525,false
25705731,0x9ebe48c34ff5737f169a60e5aed6ad869ec76d61505b4243b0f34cc511a5b3d9,0x5a9ce6113eb1a3d6cb3ee9739b438c6f0c8d32c7,0x91ff8bbd8ebb07893010d50a48a1609e5ebd8e34,2026-08-08T05:19:57,complex_trace;high_gas_used_context,0x069d1525,false
25705731,0xa65c0a5664903d97e4c117bcbbc7fb9df45c4818bec0d290e9ec4e2ac7dac22d,0xbad000006db10503589262b55d09bb7b3c5e1472,0xbbbbb048b1a85ca221058c45525095b6a68bbbbb,2026-08-08T05:19:58,repeated_internal_token_drain;dense_internal_fund_flow;complex_trace;high_gas_used_context;token_activity_burst;repeated_risky_internal_calls,0xa9059cbb,true
25705731,0xe680b2320f1dfe1d91ec95fa9935bd1229f8ecc945783c466d23b8572fc2a554,0xd714e1d25067c2421ea58b962d900732f77ab23b,0xcd2bdb8af031d29d2bc38ef08b842d31e344384c,2026-08-08T05:19:58,repeated_internal_token_drain;dense_internal_fund_flow;complex_trace;high_gas_used_context;token_activity_burst;repeated_risky_internal_calls,0xa9059cbb,true
25705732,0xca82375ed9c9178772bc5a49accb7f40a0bd0b5efd4c31b0eced2b25c6456418,0x099e5a84ef58156fede637ec9eec95c7eefce2a1,0xb300000b72deaeb607a12d5f54773d1c19c7028d,2026-08-08T05:20:09,dense_internal_fund_flow;complex_trace;high_gas_used_context;token_activity_burst,0x810c705b,true
25705732,0xebb5e4943db6b607451b0de2c88dfaf1f7f6e46d02bdfc6f20b2645db6726205,0x70e59f9c304e4d5096bd408b571e2dcd99c3120b,0xad3b67bca8935cb510c8d18bd45f0b94f54a968f,2026-08-08T05:20:09,complex_trace;high_gas_used_context;token_activity_burst;approval_burst,0x146ee74d,false
25705732,0x131570b35cc9eb8e51b1f0be3f96774ace61c502dfe811408a2a7099f5dd66eb,0xfcbe7b6da18a08a86ab1beb68c7372a60ab4e331,0xb276f62db0ce8ca2ca5bc522695be604521eac1c,2026-08-08T05:20:10,dense_internal_fund_flow;high_gas_used_context,0xb840cf36,true
25705732,0xa453f8e6f79af4edf6537dbca192f3d1e0bbd05ec06f91c1024462e6ed265ffa,0x3d4e12d540cf67a9c38da66a20943acac075725d,0x1eeda6359b726f7e5a662288ed7f1793ed6788b9,2026-08-08T05:20:10,repeated_internal_token_drain;dense_internal_fund_flow;complex_trace;high_gas_used_context;token_activity_burst;repeated_risky_internal_calls,0xa9059cbb,true
25705732,0xd75994e1f3dea0f4e15c818686d8fb979bf71cb0ee73e2c8936b0c405cd1c448,0x09cfee647fa339133380191c8db6b44f24500c9d,0x77b85afbcd336993ac1c65057531c5a5b33b76b8,2026-08-08T05:20:10,repeated_internal_token_drain;dense_internal_fund_flow;complex_trace;high_gas_used_context;token_activity_burst;repeated_risky_internal_calls,0xa9059cbb,true
25705732,0xf698500110aef24f9533261f764bedf1221b9e819bdfee3859e73f0c5e865c88,0x1584a8ee67789d1fe161065388657ad2f2a3c7dd,0x77eb52e44db06777bce478159f25c0d55a295314,2026-08-08T05:20:10,repeated_internal_token_drain;dense_internal_fund_flow;complex_trace;token_activity_burst;repeated_risky_internal_calls,0xa9059cbb,true
25705733,0x22ec660c63db5a82b31e9660b2f01339900698bd6faba1c5ee469b9701fe2537,0x7830c87c02e56aff27fa8ab1241711331fa86f43,0xa9d1e08c7793af67e9d92fe308d5697fb81d3e43,2026-08-08T05:20:20,dense_internal_fund_flow,0x1a1da075,true
25705733,0x9dcf89daefa768a9f4b08f4a86f1dfb8ccdc0beca5a84bdfacff11db19bc3c4e,0xde7a849216aa3884d53d84ecb02c19eb67e5dae2,0x7d9f4ca54131e588fc1fe577973b55fb11231e76,2026-08-08T05:20:20,repeated_internal_token_drain;dense_internal_fund_flow;complex_trace;high_gas_used_context;token_activity_burst;repeated_risky_internal_calls,0x6aac3a0b,true
25705733,0xc305afc82f3e3a601cc2b37c25fd54ad158d8c68ba052a1d3d8de6dcbd826fbc,0xdf5a9931775ccbec5ad22be0553c5d3ea845e31f,0x10f4c55aa15bf3ddcb3b8ac621a8db2649799da3,2026-08-08T05:20:20,complex_trace;high_gas_used_context,0x035c0306,false
25705733,0x25ade80fd6a5aacf64a50d32b309f69d735da84000bf473ee3d1f001782bbb2b,0x49e1bf431e9bbbd8e57afcd21ccac3f30e7d98d3,0x28b1dc1a5e3699a428bc51d234dfab7c9cb2a183,2026-08-08T05:20:21,complex_trace;high_gas_used_context,0xf2c42696,true
25705733,0x7c88c7152907c10c2e0210c10f44d87a20e89c83039081382215ebd04621f3c2,0xb23360ccdd9ed1b15d45e5d3824bb409c8d7c460,0x09c30cdcdd971423cb3ba757a47d56c35d06d818,2026-08-08T05:20:21,dense_internal_fund_flow,0x318adb8b,true
25705733,0xbc20cc46d6f4ddab1a4174edbef798f09517cb3657894b011839cbdd6cc5ab9f,0xd714e1d25067c2421ea58b962d900732f77ab23b,0xcd2bdb8af031d29d2bc38ef08b842d31e344384c,2026-08-08T05:20:21,repeated_internal_token_drain;dense_internal_fund_flow;complex_trace;high_gas_used_context;token_activity_burst;repeated_risky_internal_calls,0xa9059cbb,true
25705733,0xf5d169269f5c4fda62ab022e0f91555a0c6d086cd24007c09c6b9dd2ad76d385,0xbad000006db10503589262b55d09bb7b3c5e1472,0xbbbbb048b1a85ca221058c45525095b6a68bbbbb,2026-08-08T05:20:21,repeated_internal_token_drain;dense_internal_fund_flow;complex_trace;high_gas_used_context;token_activity_burst;repeated_risky_internal_calls,0xa9059cbb,true
25705734,0x006e775891fc2053ec6d7e368215c02ab5ef936a96570eb5c3819de8ab116ec3,0x00d9fe085d99b33ab2aae8063180c63e23bf2e69,0x75884f3ada15c953529abaac6549d5204135ec36,2026-08-08T05:20:31,repeated_internal_token_drain;dense_internal_fund_flow;complex_trace;high_gas_used_context;token_activity_burst;repeated_risky_internal_calls,0xa9059cbb,true
25705734,0x40dadfde272c9a1947220da0bf897e30a9355955023fd223442e14739978dc59,0x65802cc308aea8bb913882696c2df6bf23ff9e48,0x7a3ddeac7a0ae6dfa9391c764499a3564f3c2aad,2026-08-08T05:20:31,complex_trace;high_gas_used_context,0x778ddcb3,false
25705734,0x7acf69fc31f8fe4aad2ee3774431ed9e2f1608c4a4e47a313f1d99c65e3465be,0xac1d6916ba47e3340b187ca445182c65d9b5908f,0x0889e9327b98d7d1be3c301a4585ff3330502c9a,2026-08-08T05:20:31,dense_internal_fund_flow;complex_trace,0x1fff991f,true
25705734,0x9017baadee4d10233bb834794178ab4fdbaac92d27994578a1245556e542ecca,0xd6434d157f254276d69ede3bd9fc805482206908,0x7ec8a30a34b86927dc77b302603d1d53e640bef7,2026-08-08T05:20:31,repeated_internal_token_drain;dense_internal_fund_flow;complex_trace;high_gas_used_context;token_activity_burst;repeated_risky_internal_calls,0xa9059cbb,true
25705734,0x9315bc5db77fe956203724a2805aebb0695788cb665a5121ab3ab55eab64ae88,0x5f8769281662a4af0175f7efe521892c52850ac6,0x40a6700b99115cda7b12bd0e21db1be8ae524bf2,2026-08-08T05:20:31,repeated_internal_token_drain;dense_internal_fund_flow;complex_trace;high_gas_used_context;token_activity_burst;repeated_risky_internal_calls,0xa9059cbb,true
25705734,0xacc15febc83bea21193139495b1c714aa2cf725609ab5a5f98dab8f29d471837,0x3c426f1880d25bacabafb1f5dff300dce972d2ca,0x97caca78ac2a94c67643d07843f85afaa44a3ea5,2026-08-08T05:20:31,dense_internal_fund_flow;complex_trace,0xc02409ba,true
25705735,0x291f409f3ee7517b6cb5553c41f24969c45294882f000f8d989200e8d0262bf4,0x09cfee647fa339133380191c8db6b44f24500c9d,0x77b85afbcd336993ac1c65057531c5a5b33b76b8,2026-08-08T05:20:50,high_gas_used_context;token_activity_burst,0xa9059cbb,false
25705735,0xbf2d44d16b1a09b811fd853c8928141a04a5e4a185c52710d1902ae82d2cd3ca,0xa154b98e53fc35e1bad1ff758acbc8c629bdcd2b,0x19917386eeae67b6ff7ddf07de4019fca40aa4ec,2026-08-08T05:20:50,repeated_internal_token_drain;dense_internal_fund_flow;complex_trace;high_gas_used_context;token_activity_burst;repeated_risky_internal_calls,0xa9059cbb,true
25705735,0xc74ee9494e84c7e171449e6be50d143ba33645b42518866fca865f25761e6c70,0x3d4e12d540cf67a9c38da66a20943acac075725d,0x1eeda6359b726f7e5a662288ed7f1793ed6788b9,2026-08-08T05:20:50,repeated_internal_token_drain;dense_internal_fund_flow;complex_trace;high_gas_used_context;token_activity_burst;repeated_risky_internal_calls,0xa9059cbb,true
25705736,0xb6833be8a096449c29ec1bfdd7815af645980206249c370f76acb89c0475a17f,0x1584a8ee67789d1fe161065388657ad2f2a3c7dd,0x77eb52e44db06777bce478159f25c0d55a295314,2026-08-08T05:20:57,repeated_internal_token_drain;dense_internal_fund_flow;complex_trace;token_activity_burst;repeated_risky_internal_calls,0xa9059cbb,true
25705736,0xc79c97ba52ce736c0aab983fa5d3dade77fbfbeb6ee1be0dfea2e49d3edeb7ed,0x5f8769281662a4af0175f7efe521892c52850ac6,0x40a6700b99115cda7b12bd0e21db1be8ae524bf2,2026-08-08T05:20:57,repeated_internal_token_drain;dense_internal_fund_flow;complex_trace;high_gas_used_context;token_activity_burst;repeated_risky_internal_calls,0xa9059cbb,true
25705737,0x2f8037a0bf181ff5a71db8f44b39aea7c1bf74e5b41180929459a903e3374de8,0xd714e1d25067c2421ea58b962d900732f77ab23b,0xcd2bdb8af031d29d2bc38ef08b842d31e344384c,2026-08-08T05:21:09,repeated_internal_token_drain;dense_internal_fund_flow;complex_trace;high_gas_used_context;token_activity_burst;repeated_risky_internal_calls,0xa9059cbb,true
25705737,0x3ba9ac07e9bc1361d034b9544192c443e9140bf022cd2de3707f23bce68f4b67,0xbad000006db10503589262b55d09bb7b3c5e1472,0xbbbbb048b1a85ca221058c45525095b6a68bbbbb,2026-08-08T05:21:09,repeated_internal_token_drain;dense_internal_fund_flow;complex_trace;high_gas_used_context;token_activity_burst;repeated_risky_internal_calls,0xa9059cbb,true
25705737,0x87e7ee243ee1256a092b811e32d2da45433a3cdca3f70aa42a81660e7440459a,0x00d9fe085d99b33ab2aae8063180c63e23bf2e69,0x75884f3ada15c953529abaac6549d5204135ec36,2026-08-08T05:21:09,repeated_internal_token_drain;dense_internal_fund_flow;complex_trace;high_gas_used_context;token_activity_burst;repeated_risky_internal_calls,0xa9059cbb,true
25705738,0x3fc319b6fbfc3493c88d3dd1f2a15e3669b31c1c94ee5aceb7038483057f68f0,0x7830c87c02e56aff27fa8ab1241711331fa86f43,0xa9d1e08c7793af67e9d92fe308d5697fb81d3e43,2026-08-08T05:21:20,dense_internal_fund_flow,0x1a1da075,true
25705738,0x53911185f78e89995d2f1edf386792e9f7d3eb3f25085d863bfa582a8cb92086,0x553e18cdfe14b03bf5290fbda97ed25bc258ca4b,0xb300000b72deaeb607a12d5f54773d1c19c7028d,2026-08-08T05:21:21,complex_trace;high_gas_used_context;token_activity_burst;approval_burst,0x810c705b,false
25705738,0x08030a3182b0daa928b6725fb0a92b3bfb6290a42489364bf3b033f62b239b5c,0xe487832018fbd594c84f1db3dfac61cde98a5f36,0x91ff8bbd8ebb07893010d50a48a1609e5ebd8e34,2026-08-08T05:21:22,complex_trace;high_gas_used_context,0x069d1525,false
25705738,0x5d4480764935349b677bda2dc409fb184145def2acec27c61f7cb862c5ddb0dd,0x59aab1bd0d26290274398c07b55955c15425e16b,0x00fe78205f5f0e63b8ad2b2ae5337f538a610e04,2026-08-08T05:21:22,complex_trace;high_gas_used_context;token_activity_burst,0x34fcd5be,false
25705738,0x6ad4c5ebfec2de2d3fdefda7b45308cb63c5cd67eb0565ec1e6652cfe970278e,0x426ec748c92a383bbd88294db34f366a826b287e,0xc36442b4a4522e871399cd717abdd847ab11fe88,2026-08-08T05:21:22,complex_trace;approval_burst,0xb88d4fde,false
25705738,0x80e70ee9050a653b8a9468dad2213ce6da95207765081fc9c306f468dbe2d5d8,0xe221e9e04b6c15a4b66785766f10f7977e17cbc0,0x28b1dc1a5e3699a428bc51d234dfab7c9cb2a183,2026-08-08T05:21:22,complex_trace;high_gas_used_context,0x0c307f76,false
25705738,0xbdee413424e7d5091008ade1c302d6989942c904ff8fbf146396b720eb7f7f93,0x3d4e12d540cf67a9c38da66a20943acac075725d,0x1eeda6359b726f7e5a662288ed7f1793ed6788b9,2026-08-08T05:21:22,repeated_internal_token_drain;dense_internal_fund_flow;complex_trace;high_gas_used_context;token_activity_burst;repeated_risky_internal_calls,0xa9059cbb,true
25705739,0x37ea9fc3cc4c786ad90eb772ada135a4304caf79009800919cdafaa465f7df46,0xe487832018fbd594c84f1db3dfac61cde98a5f36,0x91ff8bbd8ebb07893010d50a48a1609e5ebd8e34,2026-08-08T05:21:33,complex_trace;high_gas_used_context,0x069d1525,false
25705739,0x3822d6c050d25d035d38da3d46f6d48ed3708235e12c1e68967d4c4e797bdc58,0xa154b98e53fc35e1bad1ff758acbc8c629bdcd2b,0x19917386eeae67b6ff7ddf07de4019fca40aa4ec,2026-08-08T05:21:33,repeated_internal_token_drain;dense_internal_fund_flow;complex_trace;high_gas_used_context;token_activity_burst;repeated_risky_internal_calls,0xa9059cbb,true
25705739,0x572967f202390f55a4210f2f5124fc15a10cde2ecdec54cbd697f10c739c0480,0x5f8769281662a4af0175f7efe521892c52850ac6,0x40a6700b99115cda7b12bd0e21db1be8ae524bf2,2026-08-08T05:21:33,repeated_internal_token_drain;dense_internal_fund_flow;complex_trace;high_gas_used_context;token_activity_burst;repeated_risky_internal_calls,0xa9059cbb,true
25705739,0x65f1723331110f25584b64509bdfd23d6207b623258567a068e34e5738f40b57,0x4d90cd83c0aac70628607a3b808ac452a06c155c,0x89c6340b1a1f4b25d36cd8b063d49045caf3f818,2026-08-08T05:21:33,dense_internal_fund_flow;complex_trace,0x0193b9fc,true
25705739,0xfdb3476f536e67be8023238ac0e1d8ab219b63d079ad0f865fba78ce97006dde,0xa5195b36e0bf05d9e72eaca7d8e6f7e1356dd136,0xc36442b4a4522e871399cd717abdd847ab11fe88,2026-08-08T05:21:33,large_erc20_asset_flow,0xac9650d8,true
25705740,0x5d73db5319dec2a3665a595688d0b83e31940809d58583c60510cc2457b4e4d0,0x61193d978c9ce5ba69293da96a56113be8de981c,0x91ff8bbd8ebb07893010d50a48a1609e5ebd8e34,2026-08-08T05:21:44,complex_trace;high_gas_used_context,0x069d1525,false
25705740,0x7af4b505f18eebfc9a12ba882c0acaa23fc25d6fff721f8fcbb18db9f0311e48,0x3d4e12d540cf67a9c38da66a20943acac075725d,0x1eeda6359b726f7e5a662288ed7f1793ed6788b9,2026-08-08T05:21:44,repeated_internal_token_drain;dense_internal_fund_flow;complex_trace;high_gas_used_context;token_activity_burst;repeated_risky_internal_calls,0xa9059cbb,true
25705740,0xc6793061857fad9a5657395453597193cf91039bb9010e938d6cbf6383405e31,0xe487832018fbd594c84f1db3dfac61cde98a5f36,0x91ff8bbd8ebb07893010d50a48a1609e5ebd8e34,2026-08-08T05:21:44,complex_trace;high_gas_used_context,0x069d1525,false
25705741,0x0e4c1f07fd9fd1c37eec3d7013c72311b29a75acd2c0e28671376ee9d83373c2,0xbad000006db10503589262b55d09bb7b3c5e1472,0xbbbbb048b1a85ca221058c45525095b6a68bbbbb,2026-08-08T05:21:51,repeated_internal_token_drain;dense_internal_fund_flow;complex_trace;high_gas_used_context;token_activity_burst;repeated_risky_internal_calls,0xa9059cbb,true
25705742,0x0c513f008802fee62afc144103ffcbf1e7917d56d7bf471315c1fd7966368a11,0xafd069cf66bde2fda102889575676ddbfb0297b2,0xc36442b4a4522e871399cd717abdd847ab11fe88,2026-08-08T05:22:12,large_erc20_asset_flow,0xac9650d8,true
25705742,0x5e4b8eb4daef7f672c170bfb07d3e8e614f690c2d467cc2b34e829d994e87d40,0x331d9a049d496385998067abf6cbb6371c8d2466,0xb92fe925dc43a0ecde6c8b1a2709c170ec4fff4f,2026-08-08T05:22:12,dense_internal_fund_flow,0xcd6e13f7,true
25705742,0xb9883dcd03f4e754edfaa69264520e92caefdf38ebb145a8abf7506240f4218a,0x21ebc2f23a91fd7eb8406cdce2fd653de280b5fc,0x6d1e1634e1fcc463d682123868a0567a27f2b7b6,2026-08-08T05:22:12,privileged_execution_context;complex_trace,0x53ad370d,false
25705742,0xd583c1017298999e2317557b40d61b677d65efcdba0ba810701b0902871c8b40,0x69f5c4d08f6bc8cd29fe5f004d46fb566270868d,0x86e4dc95c7fbdbf52e33d563bbdb00823894c287,2026-08-08T05:22:13,complex_trace;high_gas_used_context,0x4e43e495,false
25705742,0x36b84edb558e77359e5ad958729cb9e131ad0e1221d98c6a2e2dd9780a1787e9,0xe487832018fbd594c84f1db3dfac61cde98a5f36,0x91ff8bbd8ebb07893010d50a48a1609e5ebd8e34,2026-08-08T05:22:16,complex_trace;high_gas_used_context,0x069d1525,false
25705742,0x4f26f32c5de079758c7756ce944e4b86573edd386bf976dbc183a82e39f5837c,0xa67d7eb4dc68fa6ce8e34ef8cadaf075b9893fbb,0xccc88a9d1b4ed6b0eaba998850414b24f1c315be,2026-08-08T05:22:16,dense_internal_fund_flow;complex_trace,0x0a2b8f36,true
25705742,0x6a04debb85609589ce5ccd305198612236473912bad69f794496769039bb7a54,0xf37d75d14e8959aa06a984c21fcf5e826aeb8b01,0xb300000b72deaeb607a12d5f54773d1c19c7028d,2026-08-08T05:22:16,dense_internal_fund_flow;complex_trace;high_gas_used_context;token_activity_burst,0x810c705b,true
25705742,0x6bd155c087edbf01e184cfdff1c50a2172ce92fb176d436dab1de4b9d943168c,0x00d9fe085d99b33ab2aae8063180c63e23bf2e69,0x75884f3ada15c953529abaac6549d5204135ec36,2026-08-08T05:22:16,repeated_internal_token_drain;dense_internal_fund_flow;complex_trace;high_gas_used_context;token_activity_burst;repeated_risky_internal_calls,0xa9059cbb,true
25705742,0x720c7b99da236950e35d8207250919d0525005bef6d3cab8475a16e45017edbf,0x0f6d91fbafa15c3f20e72a4cbf16ed65dd96323d,0x91ff8bbd8ebb07893010d50a48a1609e5ebd8e34,2026-08-08T05:22:16,complex_trace;high_gas_used_context,0x069d1525,false
25705742,0x88c31a0193578394ea7aa3552b5dda6ca476f7da5341b12da2dfcab3333f3845,0xe9fce949e03ed55426471dbdb33847a248a83573,0x91ff8bbd8ebb07893010d50a48a1609e5ebd8e34,2026-08-08T05:22:16,complex_trace;high_gas_used_context,0x069d1525,false
25705742,0x91ba90d93357cacfd0315a19356ac8f5539b73543891155b2cfe6bae56ad2dfb,0x7f56302966ef91afb0d7baddc92b793efa8da7d9,0x91ff8bbd8ebb07893010d50a48a1609e5ebd8e34,2026-08-08T05:22:16,complex_trace;high_gas_used_context,0x069d1525,false
25705742,0xef66d3b095aa1f58f39b3332e21f51bc1d36535608a5785faeed1e3054cb3dc6,0x1e060fb7847ab8de0e05e898c16714c9dcc9de6d,0x91ff8bbd8ebb07893010d50a48a1609e5ebd8e34,2026-08-08T05:22:16,complex_trace;high_gas_used_context,0x069d1525,false
25705742,0x82b4b0df2b817f76b08367d97e216ccb8a7f2e08d344b3b507bffc097d61d13d,0xd714e1d25067c2421ea58b962d900732f77ab23b,0xcd2bdb8af031d29d2bc38ef08b842d31e344384c,2026-08-08T05:22:17,repeated_internal_token_drain;dense_internal_fund_flow;complex_trace;high_gas_used_context;token_activity_burst;repeated_risky_internal_calls,0xa9059cbb,true
25705743,0x22a1d961bcc09cc8805427a86f4a304145f4871e9aeac1c3fdde257f1f5e5792,0x7830c87c02e56aff27fa8ab1241711331fa86f43,0xa9d1e08c7793af67e9d92fe308d5697fb81d3e43,2026-08-08T05:22:22,dense_internal_fund_flow,0x1a1da075,true
25705743,0x127c1d85f6e4769914eacfb92d9c49b0372aa7ccdc30610bcff3af0cdc231528,0xde7a849216aa3884d53d84ecb02c19eb67e5dae2,0x7d9f4ca54131e588fc1fe577973b55fb11231e76,2026-08-08T05:22:23,repeated_internal_token_drain;dense_internal_fund_flow;complex_trace;high_gas_used_context;token_activity_burst;repeated_risky_internal_calls,0x6aac3a0b,true
25705743,0x212b6945e9c4493d76e96c841ee664d1205552203574f47bab788bf0dc5c602a,0xbad000006db10503589262b55d09bb7b3c5e1472,0xbbbbb048b1a85ca221058c45525095b6a68bbbbb,2026-08-08T05:22:23,repeated_internal_token_drain;dense_internal_fund_flow;complex_trace;high_gas_used_context;token_activity_burst;repeated_risky_internal_calls,0xa9059cbb,true
25705743,0x329cf1e60306341a63c87210699426d42c15ed65e840154bfbe272185a4e1b5a,0x64b9edd67c96c76bc3f9472c5a9e83547cfd4380,0x91ff8bbd8ebb07893010d50a48a1609e5ebd8e34,2026-08-08T05:22:23,complex_trace;high_gas_used_context,0x069d1525,false
25705743,0x67d97c1b73b2037b6fb35e50b3affe12444aefed2a9ff82b4d174f85a7e663e0,0x5f8769281662a4af0175f7efe521892c52850ac6,0x40a6700b99115cda7b12bd0e21db1be8ae524bf2,2026-08-08T05:22:23,repeated_internal_token_drain;dense_internal_fund_flow;complex_trace;high_gas_used_context;token_activity_burst;repeated_risky_internal_calls,0xa9059cbb,true
25705743,0x6ab3a308fb0eba4a4ee233862468cd25be0b1fdd706e29c8a5fa519bf43dcced,0x3d4e12d540cf67a9c38da66a20943acac075725d,0x1eeda6359b726f7e5a662288ed7f1793ed6788b9,2026-08-08T05:22:23,repeated_internal_token_drain;dense_internal_fund_flow;complex_trace;high_gas_used_context;token_activity_burst;repeated_risky_internal_calls,0xa9059cbb,true
25705743,0x7741f6eeeea30ebcd2593d80108b09231df36e0eafcd4e69ed8982c53dfb69ee,0xe487832018fbd594c84f1db3dfac61cde98a5f36,0x91ff8bbd8ebb07893010d50a48a1609e5ebd8e34,2026-08-08T05:22:23,complex_trace;high_gas_used_context,0x069d1525,false
25705743,0x8934ef1733366154a0cabe39c9ef552bf0e66bae19d345fee0e5e075df754f55,0x41d209d275027e3dcf5ddc4d0c30cd6c6ece1ffd,0x91ff8bbd8ebb07893010d50a48a1609e5ebd8e34,2026-08-08T05:22:23,complex_trace;high_gas_used_context,0x069d1525,false
25705743,0xd5cb31d646dc441fc05a95dc7a396658f805912ec657b069749a901cb692299b,0x1584a8ee67789d1fe161065388657ad2f2a3c7dd,0x77eb52e44db06777bce478159f25c0d55a295314,2026-08-08T05:22:23,repeated_internal_token_drain;dense_internal_fund_flow;complex_trace;token_activity_burst;repeated_risky_internal_calls,0xa9059cbb,true
25705743,0x3fa43130137fa2242a176e81706db537d8e82488363dfc23d5358d98db26fd89,0x09cfee647fa339133380191c8db6b44f24500c9d,0x77b85afbcd336993ac1c65057531c5a5b33b76b8,2026-08-08T05:22:24,high_gas_used_context;token_activity_burst,0xa9059cbb,false
25705743,0xce90fa1fcf0eb5316d3d210fd5664cd98cb9582ee85156637141ed0822b050e3,0x09cfee647fa339133380191c8db6b44f24500c9d,0x77b85afbcd336993ac1c65057531c5a5b33b76b8,2026-08-08T05:22:24,repeated_internal_token_drain;dense_internal_fund_flow;complex_trace;high_gas_used_context;token_activity_burst;repeated_risky_internal_calls,0xa9059cbb,true
25705744,0x2b24082811bc445229a7b15c093304c73c71182da8556feca1f0fc21b7e948b0,0x13cd35a3d608afdfdeef5cd07d1d6758fa8b6f9f,0x9c8c414f065660dbac42a531097a3a80b820254a,2026-08-08T05:22:37,privileged_execution_context;complex_trace,0x3f579f42,false
25705744,0xdb2a769fec366e7128f517e45bf5e5deb814475e13f7c608151dce7cc2058231,0x3b9c89fa75f71dd56861a722641119ca69bc0aed,0x28b1dc1a5e3699a428bc51d234dfab7c9cb2a183,2026-08-08T05:22:37,complex_trace;high_gas_used_context;token_activity_burst,0xf2c42696,false
25705744,0x3f567027b61344b2046b65e00a97f5944ef61c195f517a2d921f2ede06cd9fbc,0xe487832018fbd594c84f1db3dfac61cde98a5f36,0x91ff8bbd8ebb07893010d50a48a1609e5ebd8e34,2026-08-08T05:22:38,complex_trace;high_gas_used_context,0x069d1525,false
25705744,0x4f62c9e9350a209764fa2ff92859725b0bed47e3a8ea0ab877ce2cb298488209,0x6572d9dbd1e4a1a1a81760dcc4310269b59950c7,0x91ff8bbd8ebb07893010d50a48a1609e5ebd8e34,2026-08-08T05:22:38,complex_trace;high_gas_used_context,0x069d1525,false
25705744,0x61b02bd13a5084c8d74182fcb1107f553e7d64c04c50c1b076330daf16c1f7d5,0x72663ec3f3dcf59beff5d20594fd5777e05d9c17,0x91ff8bbd8ebb07893010d50a48a1609e5ebd8e34,2026-08-08T05:22:38,complex_trace;high_gas_used_context,0x069d1525,false
25705745,0x5b6d73024f8c1094a5209a68100acf4e0adbdf04d46844c4145dc2acd60b8325,0xf63be6d8ee0b1922f0235e976ad2724302a311d7,0x4313c378cc91ea583c91387b9216e2c03096b27f,2026-08-08T05:22:43,dense_internal_fund_flow;complex_trace,0xeffbec13,true
25705745,0x3d1d9a4ba4845697c21cc65a8943d04b2df9d9a502137b970fe252abbff5e10e,0x760aabb40b34fbb3765020b396d8ce8f0d25a533,0xd46cb614b82a5bf810cf5e17e35ec6d47d3b3abc,2026-08-08T05:22:45,dense_internal_fund_flow,0x6a761202,true
25705745,0x72b90c3ffd3cad6de5573c8c44bec6ed23fd899af868f0c33a94b685c2717dfb,0x7556699aa8e6a7c9c69bcfaf9debd05f8192b063,0x84cab37995229530d9e6e5cff2f8f4ebe4517d66,2026-08-08T05:22:45,complex_trace;high_gas_used_context,0xe587456a,false
25705745,0x8338c0f5963889f5da176bf2e6fef063d79ff530619999765483c931e2463bd7,0x036970d553c161ee1880c7fb5f8427a1982aba9d,0x337685fdab40d39bd02028545a4ffa7d287cc3e2,2026-08-08T05:22:45,dense_internal_fund_flow;complex_trace,0x30dedc57,true
25705745,0xa4c2121f2d2d0877df5c406aab02de585a485e2961a5c71e50e912dc8c1b3072,0x6c45b0a56a451a86f67e65ffb090bcde940933cf,0x91ff8bbd8ebb07893010d50a48a1609e5ebd8e34,2026-08-08T05:22:45,complex_trace;high_gas_used_context,0x069d1525,false
25705745,0xaf11858668caa6b74f5d4e46548c63b6aac6b0f74b09994b39595ba35abdbdee,0xcb6983026a7e11d768dc0f11746c5944112efd01,0x1231deb6f5749ef6ce6943a275a1d3e7486f4eae,2026-08-08T05:22:45,complex_trace;high_gas_used_context,0x80c65808,false
25705745,0xc6c8956d5de5d0bb29308ecc0019bc4a9805918ab281b5406e65a395ca50d061,0xbad000006db10503589262b55d09bb7b3c5e1472,0xbbbbb048b1a85ca221058c45525095b6a68bbbbb,2026-08-08T05:22:45,repeated_internal_token_drain;dense_internal_fund_flow;complex_trace;high_gas_used_context;token_activity_burst;repeated_risky_internal_calls,0xa9059cbb,true
25705745,0xc9568144d510b89207d5a23c4666cd8e754d2e20aebe59a18378e78e089b4962,0xd714e1d25067c2421ea58b962d900732f77ab23b,0xcd2bdb8af031d29d2bc38ef08b842d31e344384c,2026-08-08T05:22:45,repeated_internal_token_drain;dense_internal_fund_flow;complex_trace;high_gas_used_context;token_activity_burst;repeated_risky_internal_calls,0xa9059cbb,true
25705745,0xee3725a1ac850cce0b121cd6d38371f11e703f51ef428f75d0443723b5866fae,0xe487832018fbd594c84f1db3dfac61cde98a5f36,0x91ff8bbd8ebb07893010d50a48a1609e5ebd8e34,2026-08-08T05:22:45,complex_trace;high_gas_used_context,0x069d1525,false
25705746,0x48838d70577d80c11552840280c31c46d70dc1d6df1eaeffdaae5ed1f42f5755,0x59aab1bd0d26290274398c07b55955c15425e16b,0x00fe78205f5f0e63b8ad2b2ae5337f538a610e04,2026-08-08T05:22:54,high_gas_used_context;token_activity_burst,0x34fcd5be,false
25705746,0x5e04154343812beb94cc8de3e45769a1cd573a66e5d4f2805340bc6c22a6ccc4,0x5b43453fce04b92e190f391a83136bfbecedefd1,0xbdb3ba9ffe392549e1f8658dd2630c141fdf47b6,2026-08-08T05:22:54,dense_internal_fund_flow,0x000000cc,true
25705746,0x6f7233ebbddf7b19b5eb487b837a778581918d80a396999a5d04dca0a85b109a,0x5b43453fce04b92e190f391a83136bfbecedefd1,0xbdb3ba9ffe392549e1f8658dd2630c141fdf47b6,2026-08-08T05:22:54,dense_internal_fund_flow;complex_trace;high_gas_used_context;token_activity_burst,0x000000c3,true
25705746,0x3606eca49a6a77e5cb702e71951bc335144aeb19881f4115db86b44eb1b9f11b,0xdf5a9931775ccbec5ad22be0553c5d3ea845e31f,0x10f4c55aa15bf3ddcb3b8ac621a8db2649799da3,2026-08-08T05:22:55,complex_trace;high_gas_used_context,0x035c0306,false
25705746,0xbadd6002aab0880485ee3453c0f28a295084be5fe0c20e09225fe4406c6f3528,0xc740014f85fa2f701da0ef58bfa3c8d4f907d7f3,0x31ee8a47a667f73dd0d93c456f2aa4dc42511367,2026-08-08T05:22:55,complex_trace;high_gas_used_context,0x9e1260fc,false
25705746,0xd3b18c9ffbb4333d74eac65753b1a7a83f8b3fdaac1cffc481704765ba5a6a53,0x6ed7821d29b5bb2c897c29d5054b77647958f6e4,0x10f4c55aa15bf3ddcb3b8ac621a8db2649799da3,2026-08-08T05:22:55,complex_trace;high_gas_used_context,0x0389032e,false
25705747,0x567546f524b9515284c566e4c0b55058a1c11413359f95afe702d1a0f00d2c4a,0xbad000006db10503589262b55d09bb7b3c5e1472,0xbbbbb048b1a85ca221058c45525095b6a68bbbbb,2026-08-08T05:23:15,complex_trace;high_gas_used_context;token_activity_burst,0xa9059cbb,false
25705747,0x69cb521bb0bef600f37c8b5068d0c1ad28913b94217f4442204d86c2a64ba598,0x5b43453fce04b92e190f391a83136bfbecedefd1,0xbdb3ba9ffe392549e1f8658dd2630c141fdf47b6,2026-08-08T05:23:15,dense_internal_fund_flow;complex_trace;token_activity_burst,0x000000c3,true
25705747,0xce37f9443cac68dae581a59fde731055bac2988cae69e586008255dbda277632,0xaf84219269fd1a464d780ecbf63c09576ac7ddc6,0xf4e147db314947fc1275a8cbb6cde48c510cd8cf,2026-08-08T05:23:15,privileged_execution_context,0x760d0f9d,false
25705747,0x3e3adbc8b7169d6cb5d474d88de9cc049a8ee984c5166d3ab50454b1f22cb9b9,0xdf5a9931775ccbec5ad22be0553c5d3ea845e31f,0x10f4c55aa15bf3ddcb3b8ac621a8db2649799da3,2026-08-08T05:23:16,complex_trace;high_gas_used_context,0x035c0306,false
25705747,0xe74faff750caf9a73cf143cfee991f00643b73977e7b804f6b234fcc57dfe44b,0x277724e118b2d29d1ab2dd4d7c0d826b28abda69,0x28b1dc1a5e3699a428bc51d234dfab7c9cb2a183,2026-08-08T05:23:16,complex_trace;high_gas_used_context;token_activity_burst,0xf2c42696,false
25705747,0x0aa5034134647fe15ae8cc1d23333518e5074a71c50d17a74a8fb31da0cc8cec,0xe487832018fbd594c84f1db3dfac61cde98a5f36,0x91ff8bbd8ebb07893010d50a48a1609e5ebd8e34,2026-08-08T05:23:17,complex_trace;high_gas_used_context,0x069d1525,false
25705747,0x16ba782734b4bc13c8cbf1c25cfd9b2b89c5dbf3bebb4825d0f217ca8c792a45,0x0e14a3e9af1afdfc60554e3e2a40c8284d647093,0x28b1dc1a5e3699a428bc51d234dfab7c9cb2a183,2026-08-08T05:23:17,complex_trace;high_gas_used_context;token_activity_burst,0x0c307f76,false
25705747,0x6a9d0341a13a83cdf3495a64fb876948a3ad2ab59617a9f962821e6819162fed,0x0e14a3e9af1afdfc60554e3e2a40c8284d647093,0x28b1dc1a5e3699a428bc51d234dfab7c9cb2a183,2026-08-08T05:23:17,complex_trace;high_gas_used_context;token_activity_burst,0x0c307f76,false
25705747,0xc49c502a6eed9b933adb1499684bfd615ed27b09c11c9c24b3ab9d233f5f6471,0x0e14a3e9af1afdfc60554e3e2a40c8284d647093,0x28b1dc1a5e3699a428bc51d234dfab7c9cb2a183,2026-08-08T05:23:17,complex_trace;high_gas_used_context;token_activity_burst,0x0c307f76,false
25705747,0xf54525204091bca5965be8c6fb0a10cf8e24f27a0f144d1305d01d460b22a18a,0x7556699aa8e6a7c9c69bcfaf9debd05f8192b063,0x84cab37995229530d9e6e5cff2f8f4ebe4517d66,2026-08-08T05:23:17,complex_trace;high_gas_used_context;token_activity_burst,0xe587456a,false
25705747,0xa5a4bc0460756eae510200e99a390d6ade3ce95a3240a8c213aed20fb5bbc34c,0x00d9fe085d99b33ab2aae8063180c63e23bf2e69,0x75884f3ada15c953529abaac6549d5204135ec36,2026-08-08T05:23:18,repeated_internal_token_drain;dense_internal_fund_flow;complex_trace;high_gas_used_context;token_activity_burst;repeated_risky_internal_calls,0xa9059cbb,true
25705747,0xe2a2eef998388f009c2a4ee7117a5eb285a6adc181660a9f3a6fcc8332b3e957,0x5f8769281662a4af0175f7efe521892c52850ac6,0x40a6700b99115cda7b12bd0e21db1be8ae524bf2,2026-08-08T05:23:18,repeated_internal_token_drain;dense_internal_fund_flow;complex_trace;high_gas_used_context;token_activity_burst;repeated_risky_internal_calls,0xa9059cbb,true
25705748,0xdefcdd08eb74b3a34822523abae6d17ce94db24844396842f55d1caae94d6c73,0x7830c87c02e56aff27fa8ab1241711331fa86f43,0xa9d1e08c7793af67e9d92fe308d5697fb81d3e43,2026-08-08T05:23:21,dense_internal_fund_flow,0x1a1da075,true
25705749,0x8756ea001f7c5954a7c1402b19ce524cc72f4a5f81c7a2cddd10ddb2ac8b1b10,0x5b43453fce04b92e190f391a83136bfbecedefd1,0xbdb3ba9ffe392549e1f8658dd2630c141fdf47b6,2026-08-08T05:23:34,dense_internal_fund_flow;complex_trace;token_activity_burst,0x000000c3,true
25705749,0x01b6d9435234a0d6a9b05f97e1fcf6eb641a776cb9f8af9311b21fe83ff186b4,0xe75ed6f453c602bd696ce27af11565edc9b46b0d,0x81463b0f960f247f704377661ec81c1fd65b5128,2026-08-08T05:23:35,complex_trace;high_gas_used_context;token_activity_burst,0x152c1718,false
25705749,0x1bef5be83e000ec59ccdf5461b2eb2b1095bd9eaa6638712125438fcbe67c433,0x7b49bc3ebbdf7322f31c6449320382bbec3be1b6,0xad3b67bca8935cb510c8d18bd45f0b94f54a968f,2026-08-08T05:23:35,complex_trace;token_activity_burst;approval_burst,0x146ee74d,false
25705749,0x333ccb85a6ed974365a3595b291a779fe7466925e724823af0ee869b5176f5bd,0x2b3fed49557bd88f78b898684f82fbb355305dbb,0x09c30cdcdd971423cb3ba757a47d56c35d06d818,2026-08-08T05:23:35,dense_internal_fund_flow,0x318adb8b,true
25705749,0x686255846e76bc6fd7e93552917079ae44cc7244dc4e5b20c72929a6fc6a2ca2,0x99f4649cedb06dacd1d54755b31eb8e7e3162a26,0xcc078aa5a43d139d4e953b5505e34036dae0cd90,2026-08-08T05:23:35,complex_trace;high_gas_used_context,0xe9928a8b,false
25705749,0xdd7884ef79fd6fb729e271e8e65836fd6e7f37c29d593dd5a895951f32227905,0xf3cacf51a2d6b3c14a014e2235263d520b4a4f54,0x28b1dc1a5e3699a428bc51d234dfab7c9cb2a183,2026-08-08T05:23:35,complex_trace;high_gas_used_context;token_activity_burst,0xf2c42696,false
25705749,0xe8dee6ca507beaac208cc829f72bfec7ed7e03658222acd5f6f1afade6118211,0x1584a8ee67789d1fe161065388657ad2f2a3c7dd,0x77eb52e44db06777bce478159f25c0d55a295314,2026-08-08T05:23:35,repeated_internal_token_drain;dense_internal_fund_flow;complex_trace;token_activity_burst;repeated_risky_internal_calls,0xa9059cbb,true
25705749,0x1b5b0d007ce4fb83eee49630740d0942f5dc6bf94d689c4385d4088b9cc07767,0x868c97cfc753a8bee0edf54c2114bd9ff83ad583,0xf028def9845f6c8ef03c0b21b77512208c3afec5,2026-08-08T05:23:36,complex_trace;high_gas_used_context,0x89fcd5c5,false
25705749,0x1734aa09dfe4ae3a85cd5232da7e69cdba0d3ba72e3c2bd8032064df42167a3f,0xd714e1d25067c2421ea58b962d900732f77ab23b,0xcd2bdb8af031d29d2bc38ef08b842d31e344384c,2026-08-08T05:23:37,repeated_internal_token_drain;dense_internal_fund_flow;complex_trace;high_gas_used_context;token_activity_burst;repeated_risky_internal_calls,0xa9059cbb,true
25705749,0x5b0711c7f7b26f9413157e1814e7ff276fa8bc523368fca6fcdb624ad3597d6b,0x161643f280b09be8e0271eef8efc6c264d125003,0x91cdf7fafaadbed43877c196452c0e74bf7bde97,2026-08-08T05:23:37,dense_internal_fund_flow;token_activity_burst,0xa9059cbb,true
25705749,0x99a7de0fd6a950bd0d976713b36195e191f96ca62777898612a20e0c0f11697b,0x179ee9cd0c0d9ed34c4808bb5972aa95d56fb9ed,0x769a12cd47e08718bec93db1aab98acd52af0bae,2026-08-08T05:23:37,complex_trace;high_gas_used_context,0x19c96043,false
25705749,0xc0a28b10d29d1eeae9b5ad5babd30adf9ba2a5f30e2d8d2f042b95a921158d4e,0x00d9fe085d99b33ab2aae8063180c63e23bf2e69,0x75884f3ada15c953529abaac6549d5204135ec36,2026-08-08T05:23:37,repeated_internal_token_drain;dense_internal_fund_flow;complex_trace;high_gas_used_context;token_activity_burst;repeated_risky_internal_calls,0xa9059cbb,true
25705749,0xfc950793d89cea0dbc9145ca84aa0ab49e09e8b0e1ba11272dcba2250084fa84,0xea25ea1568776f90389e5c692674cc080489de58,0xb2e2184cacb3ceb21ada2d0d2f020245d2161b88,2026-08-08T05:23:37,complex_trace;high_gas_used_context,0x98520044,false
25705750,0xf0bc40492340c1370bd9ce101c3ad56452795b33e37be4128334e41706db3a54,0xe93685f3bba03016f02bd1828badd6195988d950,0x173272739bd7aa6e4e214714048a9fe699453059,2026-08-08T05:23:44,large_erc20_asset_flow;complex_trace,0x3146646a,true
25705750,0xf7511597c66a30d514d2ad9745ac340f88c4c7310dda9cbaa841428da6c983ec,0xbad000006db10503589262b55d09bb7b3c5e1472,0xbbbbb048b1a85ca221058c45525095b6a68bbbbb,2026-08-08T05:23:45,repeated_internal_token_drain;dense_internal_fund_flow;complex_trace;high_gas_used_context;token_activity_burst;repeated_risky_internal_calls,0xa9059cbb,true
25705751,0x46484321a17fdfc16a613860450f516f78a4c1efafc19b1bddd2aad59396ca46,0xcb0c4fe4bd336ae02d439d8c210b6a4a2a26e5a9,0x28b1dc1a5e3699a428bc51d234dfab7c9cb2a183,2026-08-08T05:23:55,dense_internal_fund_flow;complex_trace;high_gas_used_context,0xf2c42696,true
25705751,0x6b3064317ffdf21a02ef459f06f93dd488928722e207e81dedd29fe202ccdda5,0x0bed7b86eeb9a628084f58e7bfed16890ec320c7,0x0439e60f02a8900a951603950d8d4527f400c3f1,2026-08-08T05:23:55,dense_internal_fund_flow;complex_trace;high_gas_used_context;token_activity_burst,0x3ce33bff,true
25705751,0xb780afea4d882e4e1806379ba54371aaa76d991add582e55ce1f86b2d2b27cad,0x6f3dfbbfbd2fc81511833450a28fa80ad8d6bd2d,0x1b66ba474b729bcbbf52a7003ad3f3f8db74d2b0,2026-08-08T05:23:55,very_complex_trace;high_gas_used_context,0xf090adce,false
25705751,0x06849f2c86a71597fa40c77271c4fbe1b3f71ddc3e93e8871def4811c9f08a2d,0x401b52405c568f4028ac032c5b0d7f513b67db71,0x1231deb6f5749ef6ce6943a275a1d3e7486f4eae,2026-08-08T05:23:56,dense_internal_fund_flow,0x1794958f,true
25705751,0x5c6eaf1ffa8f4ff4625cbadab69020232d81d5e363b3f7b82fca80b3c1482588,0x70e59f9c304e4d5096bd408b571e2dcd99c3120b,0xad3b67bca8935cb510c8d18bd45f0b94f54a968f,2026-08-08T05:23:56,complex_trace;high_gas_used_context;token_activity_burst;approval_burst,0x146ee74d,false
25705751,0xcedb52e5d17d733258d28ad2f0b6bb225d05bed2faab0b98fefede5ea9c505e0,0x255b8a55b3dcd5878031b963357671d69ddfb322,0xa5e58ea2b2da052507b061eefd8d5d5c3e00958e,2026-08-08T05:23:57,very_complex_trace;high_gas_used_context,0x873f371c,false
25705751,0xea6093d4c8558447939ce77969cfcfbe52158d7175ab0cbe3defa00a10d8fd60,0x688e8bd87b57b00908e1a00e1fc5123ae58ae17c,0xa5e58ea2b2da052507b061eefd8d5d5c3e00958e,2026-08-08T05:23:57,very_complex_trace;high_gas_used_context;token_activity_burst;approval_burst,0x873f371c,false
25705752,0x5c690a2ae71d0ef05a1a1112f4b75661783b0c13f98c889d0be81f529d52fb1a,0x38db9c8bf4d3c94b0e0fc854d99ac22eb560e72a,0xe23bd74cc52472dbdb4168dcceb3be039e15720e,2026-08-08T05:24:08,dense_internal_fund_flow;token_activity_burst,0x006a598f,true
25705752,0xf5b965da94a8a0d3a33b1040bdc1d37b280100a2a54d5d8c9a8cd66c4ae4a2fe,0x50bf934781f63028c5c8ef49c4affe19a86d99b6,0x8d04cc7e86e687854eb41d9d43512b655b93184b,2026-08-08T05:24:08,complex_trace;selfdestruct_context,0x4a1bf18a,false
25705752,0x4687639d8bf203b8247f6ec7528025f22c387c2109cbe1648afe554882c3a772,0x09cfee647fa339133380191c8db6b44f24500c9d,0x77b85afbcd336993ac1c65057531c5a5b33b76b8,2026-08-08T05:24:09,high_gas_used_context;token_activity_burst,0xa9059cbb,false
25705752,0x9ee6eb0d71eea343b4f3390e1d0b69a660814daddb8861f883048dffe0e15438,0xbad000006db10503589262b55d09bb7b3c5e1472,0xbbbbb048b1a85ca221058c45525095b6a68bbbbb,2026-08-08T05:24:09,repeated_internal_token_drain;dense_internal_fund_flow;complex_trace;high_gas_used_context;token_activity_burst;repeated_risky_internal_calls,0xa9059cbb,true
25705752,0xdbfa2d3fe4b11ca0274663860329fcf1f33634005136da810643e80e74cf49b4,0x5f8769281662a4af0175f7efe521892c52850ac6,0x40a6700b99115cda7b12bd0e21db1be8ae524bf2,2026-08-08T05:24:09,repeated_internal_token_drain;dense_internal_fund_flow;complex_trace;high_gas_used_context;token_activity_burst;repeated_risky_internal_calls,0xa9059cbb,true
25705752,0xf18e5be920352e89bfa2b161c0caf60d597738368bbbe900c575ddaaa22cca20,0x3d4e12d540cf67a9c38da66a20943acac075725d,0x1eeda6359b726f7e5a662288ed7f1793ed6788b9,2026-08-08T05:24:09,repeated_internal_token_drain;dense_internal_fund_flow;complex_trace;high_gas_used_context;token_activity_burst;repeated_risky_internal_calls,0xa9059cbb,true
25705752,0xfb006c1857019d52f6fc75a1d091afc1f22a7dde14eb18be6c060708fd01d15e,0x00d9fe085d99b33ab2aae8063180c63e23bf2e69,0x75884f3ada15c953529abaac6549d5204135ec36,2026-08-08T05:24:09,repeated_internal_token_drain;dense_internal_fund_flow;complex_trace;high_gas_used_context;token_activity_burst;repeated_risky_internal_calls,0xa9059cbb,true
25705753,0x8e5d3dcc31c9d4eb9debd8f971dd9fbc60ab6a0216a76efff45c0d22ae3025e0,0x5b43453fce04b92e190f391a83136bfbecedefd1,0xbdb3ba9ffe392549e1f8658dd2630c141fdf47b6,2026-08-08T05:24:20,dense_internal_fund_flow;complex_trace;high_gas_used_context;token_activity_burst,0x000000c3,true
25705753,0x95d4375c92074b7a3b4ef33c2c8d1d756d153cc1c537c16f6d0ddcebbaf8253c,0x1d260340b4214c4b6408d2fc6c61b31b2d3aeafa,0xef02655043cadb79ccee6eed5d7a9d97fccc0f18,2026-08-08T05:24:20,very_complex_trace;high_gas_used_context,0x28c68c3d,false
25705753,0xae6b48f6e9740f38e01fcbec8792547e730b349962972099cfbaf91fb7254801,0x7830c87c02e56aff27fa8ab1241711331fa86f43,0xa9d1e08c7793af67e9d92fe308d5697fb81d3e43,2026-08-08T05:24:20,dense_internal_fund_flow,0x1a1da075,true
25705753,0xf6baad1d179334948c9fecb6f8e071311d916cc672c8b6806f2425fb7b929f38,0x47da8dba29f6ed62fcd95acdaaeda07d6a947147,0xb49b1f78838f4889836ca0bd13521b42f47de5c1,2026-08-08T05:24:20,complex_trace;high_gas_used_context,0x11da60b4,false
25705753,0x0a2c1b02a6105a6e27580caaaff71118f0499953400dd7f628095cb2661cca52,0xde7a849216aa3884d53d84ecb02c19eb67e5dae2,0x7d9f4ca54131e588fc1fe577973b55fb11231e76,2026-08-08T05:24:21,repeated_internal_token_drain;dense_internal_fund_flow;complex_trace;high_gas_used_context;token_activity_burst;repeated_risky_internal_calls,0x6aac3a0b,true
25705753,0x3c0d8d025f7b155ea243bd0e460af5bd5edd2d73aae18afdb3fda7bb632ddeea,0x74db602229a6083922896d3adef9bfddcf8abede,0x28b1dc1a5e3699a428bc51d234dfab7c9cb2a183,2026-08-08T05:24:21,dense_internal_fund_flow;complex_trace;high_gas_used_context,0x0c307f76,true
25705753,0xa7e4d3a3cd8fc842da6935ebad176d17e8f89ded74c176b2abfc365d26283a5d,0x50bf934781f63028c5c8ef49c4affe19a86d99b6,0x8d04cc7e86e687854eb41d9d43512b655b93184b,2026-08-08T05:24:21,selfdestruct_context,0xd20b83bb,false
25705753,0xb3b12be5c897412048e4205ffb16611eae3ab780b3a6d455183986ace0643ec0,0xd714e1d25067c2421ea58b962d900732f77ab23b,0xcd2bdb8af031d29d2bc38ef08b842d31e344384c,2026-08-08T05:24:21,repeated_internal_token_drain;dense_internal_fund_flow;complex_trace;high_gas_used_context;token_activity_burst;repeated_risky_internal_calls,0xa9059cbb,true
25705753,0xc60f703830a4f4cc0426f65d1099e1c53605cbf6ca3cab4acbb01831a4556ae3,0x17325007396076b293bd5bafbbd1ab059bba2942,0x6a000f20005980200259b80c5102003040001068,2026-08-08T05:24:21,dense_internal_fund_flow;complex_trace,0xe3ead59e,true
25705754,0x2a2c143ee989f827b92cb567e944478335ab0381a758ae9a684106a76d1dcd91,0xa8d366b9501bc6e2eb390dceea9f59cda807e51a,0xac4c6e212a361c968f1725b4d055b47e63f80b75,2026-08-08T05:24:35,dense_internal_fund_flow;complex_trace,0x5f3bd1c8,true
25705754,0x3e8b0b7222bd93d725c437822b1f4df11b037dbe26a931ee655d2c6fbda3c2ee,0xbad000006db10503589262b55d09bb7b3c5e1472,0xbbbbb048b1a85ca221058c45525095b6a68bbbbb,2026-08-08T05:24:35,complex_trace;high_gas_used_context;token_activity_burst,0xa9059cbb,false
25705754,0xa99f0e5ec7aaf1dcd4a147f21b947d88d1220e671c62e52ace41d1a345b19d94,0x5f8769281662a4af0175f7efe521892c52850ac6,0x40a6700b99115cda7b12bd0e21db1be8ae524bf2,2026-08-08T05:24:35,repeated_internal_token_drain;dense_internal_fund_flow;complex_trace;high_gas_used_context;token_activity_burst;repeated_risky_internal_calls,0xa9059cbb,true
25705754,0xec2afcef48500aaee70c5163dbdd5042ede9f2b6771f4418f22d0f0c0f4572d1,0x3d4e12d540cf67a9c38da66a20943acac075725d,0x1eeda6359b726f7e5a662288ed7f1793ed6788b9,2026-08-08T05:24:35,repeated_internal_token_drain;dense_internal_fund_flow;complex_trace;high_gas_used_context;token_activity_burst;repeated_risky_internal_calls,0xa9059cbb,true
25705755,0x1518c342374b1acdcb973f9e68f43fe5c7a92d71e9637ed047528eddad485065,0x00d9fe085d99b33ab2aae8063180c63e23bf2e69,0x75884f3ada15c953529abaac6549d5204135ec36,2026-08-08T05:25:17,repeated_internal_token_drain;dense_internal_fund_flow;complex_trace;high_gas_used_context;token_activity_burst;repeated_risky_internal_calls,0xa9059cbb,true
25705756,0x11d15d469a77fde61c66f63031c7278cc187339fcfd23b481b66d3e0b002db00,0x5fa2c5a81d27731cae88eb2d4a667c0fb2c6ef15,0x6131b5fae19ea4f9d964eac0408e4408b66337b5,2026-08-08T05:25:22,complex_trace;high_gas_used_context,0xe21fd0e9,false
25705756,0x0b70a4ce04ef6512140f438c2ec9722fb8fd9027c5077c4c37359198895fdee9,0xa154b98e53fc35e1bad1ff758acbc8c629bdcd2b,0x19917386eeae67b6ff7ddf07de4019fca40aa4ec,2026-08-08T05:25:23,repeated_internal_token_drain;dense_internal_fund_flow;complex_trace;high_gas_used_context;token_activity_burst;repeated_risky_internal_calls,0xa9059cbb,true
25705756,0xaa67f2dd8e3289016589f82f18b4d68b9e8d515c9026b8ee16a519c6285b6634,0x70e59f9c304e4d5096bd408b571e2dcd99c3120b,0xad3b67bca8935cb510c8d18bd45f0b94f54a968f,2026-08-08T05:25:23,complex_trace;high_gas_used_context;token_activity_burst;approval_burst,0x146ee74d,false
25705756,0xb4cc436abe1eb7bf38e401d3f0e6a7211efa8a2ffb3ff178755ac1307e117cb5,0x327c062a42348561313da6e38da8b6d0da4e7279,0x91ff8bbd8ebb07893010d50a48a1609e5ebd8e34,2026-08-08T05:25:23,complex_trace;high_gas_used_context,0x069d1525,false
25705757,0x029add0ce21893cea7fd716be625064384e57e04d80b27a040af3cbbbdf7b5e5,0x654fae4aa229d104cabead47e56703f58b174be4,0x000000000035b5e5ad9019092c665357240f594e,2026-08-08T05:25:32,large_erc20_asset_flow;complex_trace,0x00000004,true
25705757,0x8a775066ffb435e3f0d9226010ef6369f988a1c75d11952316054d8b828c70c1,0x654fae4aa229d104cabead47e56703f58b174be4,0x000000000035b5e5ad9019092c665357240f594e,2026-08-08T05:25:32,large_erc20_asset_flow;complex_trace,0x00000004,true
25705757,0x79f091e61f69cef58114d5ad2131c39461d63946ad6b3078da7c4a56aae8eed0,0xa154b98e53fc35e1bad1ff758acbc8c629bdcd2b,0x19917386eeae67b6ff7ddf07de4019fca40aa4ec,2026-08-08T05:25:34,repeated_internal_token_drain;dense_internal_fund_flow;complex_trace;high_gas_used_context;token_activity_burst;repeated_risky_internal_calls,0xa9059cbb,true
25705758,0xb7b5ece141f3238e7cc83e903d18ead97cdba710e4bd64770dddaaef9bd27a08,0x70e59f9c304e4d5096bd408b571e2dcd99c3120b,0xad3b67bca8935cb510c8d18bd45f0b94f54a968f,2026-08-08T05:25:40,complex_trace;high_gas_used_context;token_activity_burst;approval_burst,0x146ee74d,false
25705758,0xeb12207b81180579d94886e102db29e3b661dc0f094b5fcf7bb9cdb680a9d695,0x09cfee647fa339133380191c8db6b44f24500c9d,0x77b85afbcd336993ac1c65057531c5a5b33b76b8,2026-08-08T05:25:41,high_gas_used_context;token_activity_burst,0xa9059cbb,false
25705759,0x982ddc22087cecc3504cc6c4ba277acc279707f0a5e1d70b0894b72ae32fab00,0xf43adcbab9a281e4215da2ee18c6d7434705135a,0x6a000f20005980200259b80c5102003040001068,2026-08-08T05:25:48,complex_trace;token_activity_burst,0xe3ead59e,false
25705759,0xeed4ebd59ac98d50565a1650f90412c41f7baaa812aba976222bf6c21cc804d1,0xa8e79fb99cca993f8ed3e91a39b1e90487e724ca,0x5537204886d0e537988a54d3213fd37d8efede33,2026-08-08T05:25:48,large_erc20_asset_flow;complex_trace;high_gas_used_context,0x8ce6ad95,true
25705759,0x949267e6034182c00b32b191bb68ee8166382091e3871929d73f53881b39b9d1,0x44131d370de5c867650700da01646ce5b50ea329,0x77b2043768d28e9c9ab44e1abfc95944bce57931,2026-08-08T05:25:50,dense_internal_fund_flow;complex_trace,0xc7c7f5b3,true
25705760,0x2c57e462a997105e7c314f2c596fba4ffede25f37f5d5428c23f77f4f9f2e8db,0xae2fc483527b8ef99eb5d9b44875f005ba1fae13,0x1f2f10d1c40777ae1da742455c65828ff36df387,2026-08-08T05:25:56,complex_trace;high_gas_used_context,0x2bad1d89,false
25705760,0xe8bece0a6e3f7d5ddd6b60fbfd96cb2fd1de2d6f280aff56f87f4177033c108d,0x5864824446d298d983e779307b7db6b150568c77,0x2b35e8b8e042603be14b689685f6f2ad694f5e8c,2026-08-08T05:25:56,complex_trace;high_gas_used_context,0x1cff79cd,false
25705760,0x20f71fa19dbda56afe9a650556f0b5bfbcd089f9a4ce66ba7e5f6c0436c0ad36,0xa154b98e53fc35e1bad1ff758acbc8c629bdcd2b,0x19917386eeae67b6ff7ddf07de4019fca40aa4ec,2026-08-08T05:25:57,repeated_internal_token_drain;dense_internal_fund_flow;complex_trace;high_gas_used_context;token_activity_burst;repeated_risky_internal_calls,0xa9059cbb,true
25705760,0x533bbcafd493e7fdebbc17537953a95cd9a2494a5fb6c20cab6c9878691f0173,0x1584a8ee67789d1fe161065388657ad2f2a3c7dd,0x77eb52e44db06777bce478159f25c0d55a295314,2026-08-08T05:25:57,repeated_internal_token_drain;dense_internal_fund_flow;complex_trace;high_gas_used_context;token_activity_burst;repeated_risky_internal_calls,0xa9059cbb,true
25705762,0x331d92e6dda826984a166dba8ab04060dcc9e79544496607edda1a6a6ed52698,0x38db9c8bf4d3c94b0e0fc854d99ac22eb560e72a,0xe23bd74cc52472dbdb4168dcceb3be039e15720e,2026-08-08T05:26:10,dense_internal_fund_flow;token_activity_burst,0x006a598f,true
25705762,0x742a2d9e24d14de849038823aef76e99e2c96fec75786b2998c9690b95a2214a,0xa154b98e53fc35e1bad1ff758acbc8c629bdcd2b,0x19917386eeae67b6ff7ddf07de4019fca40aa4ec,2026-08-08T05:26:10,complex_trace;high_gas_used_context;token_activity_burst,0xa9059cbb,false
25705762,0xeabfe81820a6f16459585ac64ff601abe7277360664f836f2cc2cb322bf087cb,0x38db9c8bf4d3c94b0e0fc854d99ac22eb560e72a,0xe23bd74cc52472dbdb4168dcceb3be039e15720e,2026-08-08T05:26:10,dense_internal_fund_flow;token_activity_burst,0x006a598f,true
25705763,0x976ebce0238cad43561e928485a738302cdebb2c9fe06d6a028b284f4555dac0,0x5b43453fce04b92e190f391a83136bfbecedefd1,0xbdb3ba9ffe392549e1f8658dd2630c141fdf47b6,2026-08-08T05:26:21,dense_internal_fund_flow;complex_trace,0x000000c3,true
25705763,0xe6612a9dbd93a862ea84fb21f8221ee8b13a7c0b4992620c64e59210bfa1b33a,0x7830c87c02e56aff27fa8ab1241711331fa86f43,0xa9d1e08c7793af67e9d92fe308d5697fb81d3e43,2026-08-08T05:26:21,dense_internal_fund_flow,0x1a1da075,true
25705763,0xc5b49124a21388a88f17c73f11a7503ba035f5532ae85e7e11af788e403adce4,0xd714e1d25067c2421ea58b962d900732f77ab23b,0xcd2bdb8af031d29d2bc38ef08b842d31e344384c,2026-08-08T05:26:22,repeated_internal_token_drain;dense_internal_fund_flow;complex_trace;high_gas_used_context;token_activity_burst;repeated_risky_internal_calls,0xa9059cbb,true
25705763,0xda158c29c9e1f8e1afae0afe274b31b2bfd2924ef3bf540343ab1f6103249248,0xde7a849216aa3884d53d84ecb02c19eb67e5dae2,0x7d9f4ca54131e588fc1fe577973b55fb11231e76,2026-08-08T05:26:22,repeated_internal_token_drain;dense_internal_fund_flow;complex_trace;high_gas_used_context;token_activity_burst;repeated_risky_internal_calls,0x6aac3a0b,true
25705763,0xbe409fa756a4fa0959bedbc6c166b55ed7be5657f435042a53151eb7d1e6f890,0x4c8701c14b802b4b0eae3df4074fd68a457ce507,0x91ff8bbd8ebb07893010d50a48a1609e5ebd8e34,2026-08-08T05:26:24,complex_trace;high_gas_used_context,0x069d1525,false
25705764,0xa486aa1e3c93720f3ca10dc953aba6e35c755a52500bab80397a3b127e5241da,0xdcab7176cf86bb57fba687bc3222140118cffb8f,0x28b1dc1a5e3699a428bc51d234dfab7c9cb2a183,2026-08-08T05:26:33,complex_trace;high_gas_used_context,0xf2c42696,false
25705764,0x4784cbbe1b641b47d9f3469b45ccd75d4b5ea7b26536dc75e59e3178e1da48a6,0x09cfee647fa339133380191c8db6b44f24500c9d,0x77b85afbcd336993ac1c65057531c5a5b33b76b8,2026-08-08T05:26:35,high_gas_used_context;token_activity_burst,0xa9059cbb,false
25705764,0x6248154def2e69b782ebda2a97f1977e4a8e7caf166d5a74df7ca228522d19af,0x00d9fe085d99b33ab2aae8063180c63e23bf2e69,0x75884f3ada15c953529abaac6549d5204135ec36,2026-08-08T05:26:35,repeated_internal_token_drain;dense_internal_fund_flow;complex_trace;high_gas_used_context;token_activity_burst;repeated_risky_internal_calls,0xa9059cbb,true
25705764,0x7f46b2f995ae5c6f039d1ccc185d9726d1e49ad83525fb2d528504f979d12fe2,0x3d4e12d540cf67a9c38da66a20943acac075725d,0x1eeda6359b726f7e5a662288ed7f1793ed6788b9,2026-08-08T05:26:35,repeated_internal_token_drain;dense_internal_fund_flow;complex_trace;high_gas_used_context;token_activity_burst;repeated_risky_internal_calls,0xa9059cbb,true
25705764,0xbec937cb6cfedbc5c406847061336048aa117788b7a9484c085200a3b1c8f8ee,0x5f8769281662a4af0175f7efe521892c52850ac6,0x40a6700b99115cda7b12bd0e21db1be8ae524bf2,2026-08-08T05:26:35,repeated_internal_token_drain;dense_internal_fund_flow;complex_trace;high_gas_used_context;token_activity_burst;repeated_risky_internal_calls,0xa9059cbb,true
25705764,0xcc75e61fa76787f5e436a965f4d98875d5e914381c91ddaabf5ba682971fbcf2,0xa154b98e53fc35e1bad1ff758acbc8c629bdcd2b,0x19917386eeae67b6ff7ddf07de4019fca40aa4ec,2026-08-08T05:26:35,repeated_internal_token_drain;dense_internal_fund_flow;complex_trace;high_gas_used_context;token_activity_burst;repeated_risky_internal_calls,0xa9059cbb,true
25705765,0x576f3ad5fb550889c6f641970444af694ed27b6d43ed05f89067e3c0886edbb9,0x9d269caf80970c7e854c99db8b0c20868825546b,0xf75584ef6673ad213a685a1b58cc0330b8ea22cf,2026-08-08T05:26:46,dense_internal_fund_flow;privileged_execution_context;complex_trace,0xb94c3609,true
25705765,0x815651ae4b1e9930ca8668e02e4bc79c08e18d301b118dd509f7308f15526306,0xcbbfece866a198f01ebd93b4ebe2d674542bec7c,0xccc88a9d1b4ed6b0eaba998850414b24f1c315be,2026-08-08T05:26:46,dense_internal_fund_flow;complex_trace;high_gas_used_context,0xf9e4bab4,true
25705765,0xa3e0e481da0f5afa787a561531b5abda2a7a6a53ea36e94ad23856e0fc42a863,0xae63f8b3fe7d6f4ddf165ea9af2c9e07ca696a40,0x4313c378cc91ea583c91387b9216e2c03096b27f,2026-08-08T05:26:46,dense_internal_fund_flow;complex_trace,0xeffbec13,true
25705765,0xf040295a384e8b4ba89464bc6246f3e0a76fcfa23f7cbacc10f5294030a6e925,0xe99bd1c2dd70cd58e5efd47887991700e7318ce2,0xad3b67bca8935cb510c8d18bd45f0b94f54a968f,2026-08-08T05:26:46,complex_trace;high_gas_used_context;token_activity_burst;approval_burst,0x146ee74d,false
25705765,0x62b4c80634674d193572e6ed98c7b1d8664965f688fc420c4a8942c838a86670,0xbd131c7ad9ac1b6e16fda70d56f99e72afe74c05,0x0000000000001ff3684f28c67538d4d072c22734,2026-08-08T05:26:47,dense_internal_fund_flow,0x2213bc0b,true
25705765,0x8ec4a464ac807e9dd8d0219c4f8c93021951f4fdb873615fa604693f0adbb4e2,0xd714e1d25067c2421ea58b962d900732f77ab23b,0xcd2bdb8af031d29d2bc38ef08b842d31e344384c,2026-08-08T05:26:47,repeated_internal_token_drain;dense_internal_fund_flow;complex_trace;high_gas_used_context;token_activity_burst;repeated_risky_internal_calls,0xa9059cbb,true
25705765,0xd81ef07a9404064e3919f815e31dbe6822ebc2c0de1176f24e2a766b36fd153a,0x161643f280b09be8e0271eef8efc6c264d125003,0x91cdf7fafaadbed43877c196452c0e74bf7bde97,2026-08-08T05:26:49,dense_internal_fund_flow;token_activity_burst,0xa9059cbb,true
25705766,0x586dadaaf98117468fe5b0aec9e1dc8cf94a0d7869a04fe78d101e9386710900,0x5b43453fce04b92e190f391a83136bfbecedefd1,0xbdb3ba9ffe392549e1f8658dd2630c141fdf47b6,2026-08-08T05:26:54,dense_internal_fund_flow;complex_trace;token_activity_burst,0x000000c3,true
25705766,0x5bbc5cf4807085769cff95a53bd95d6d0831ac699c5e51791a5615923dd2613b,0xa154b98e53fc35e1bad1ff758acbc8c629bdcd2b,0x19917386eeae67b6ff7ddf07de4019fca40aa4ec,2026-08-08T05:26:56,complex_trace;high_gas_used_context;token_activity_burst,0xa9059cbb,false
25705766,0x7f6077a4bc468af510688c71fcf5a908195befaf2c418ea817134c2fcfd5025b,0x09cfee647fa339133380191c8db6b44f24500c9d,0x77b85afbcd336993ac1c65057531c5a5b33b76b8,2026-08-08T05:26:56,repeated_internal_token_drain;dense_internal_fund_flow;complex_trace;high_gas_used_context;token_activity_burst;repeated_risky_internal_calls,0xa9059cbb,true
25705766,0x9af633f866f9e8eb6aa4b5e378d41f9d5bce13bffa6995b35dcc35e7a4adf3dd,0x5f8769281662a4af0175f7efe521892c52850ac6,0x40a6700b99115cda7b12bd0e21db1be8ae524bf2,2026-08-08T05:26:56,repeated_internal_token_drain;dense_internal_fund_flow;complex_trace;high_gas_used_context;token_activity_burst;repeated_risky_internal_calls,0xa9059cbb,true
25705766,0xffc6632b4cf001c1114d34ce9677875e57509ca01c96a2c18a7b9f23b2370a8f,0x3d4e12d540cf67a9c38da66a20943acac075725d,0x1eeda6359b726f7e5a662288ed7f1793ed6788b9,2026-08-08T05:26:56,repeated_internal_token_drain;dense_internal_fund_flow;complex_trace;high_gas_used_context;token_activity_burst;repeated_risky_internal_calls,0xa9059cbb,true
25705766,0xb085238914e6c988e4d2f43912caadb45c07a4d50fe5ebd5dd8f89bffc890c16,0x60cdda2eed2f699ff5d6f3897c2868a34f9864d4,0x0000000000000068f116a894984e2db1123eb395,2026-08-08T05:26:57,very_complex_trace;high_gas_used_context;token_activity_burst,0x87201b41,false
25705767,0xda07246d13853ccedccb931db4a870da614c813ce2e0f07f547bb6f835feecb0,0xf70da97812cb96acdf810712aa562db8dfa3dbef,0xb92fe925dc43a0ecde6c8b1a2709c170ec4fff4f,2026-08-08T05:27:09,dense_internal_fund_flow,0xcd6e13f7,true
25705767,0x4397a0ef72e97f56328fa55d556a4b6b10b140ec552af022be1f2786ada67c69,0xd714e1d25067c2421ea58b962d900732f77ab23b,0xcd2bdb8af031d29d2bc38ef08b842d31e344384c,2026-08-08T05:27:10,repeated_internal_token_drain;dense_internal_fund_flow;complex_trace;high_gas_used_context;token_activity_burst;repeated_risky_internal_calls,0xa9059cbb,true
25705767,0x44143a836a698e687da48682c313d820e68e7702e7f4872af543eae40e1a89b4,0x18dd3c14e34c1bc379f7538068c59160d9f68e25,0xccc88a9d1b4ed6b0eaba998850414b24f1c315be,2026-08-08T05:27:10,dense_internal_fund_flow;complex_trace,0x0a2b8f36,true
25705767,0x84acc43bc00ecb555f223834d8275644894413e50fa50669bd28de8dda909fe3,0x70e59f9c304e4d5096bd408b571e2dcd99c3120b,0xad3b67bca8935cb510c8d18bd45f0b94f54a968f,2026-08-08T05:27:10,complex_trace;token_activity_burst;approval_burst,0x146ee74d,false
25705767,0x3b9169e3a88a580d335cabf52348d78debd3ce8e80cc0ac3720a63f9589b2909,0x764050d365ca4ad129a93443b11d296d6bcef2bb,0x609ed1524efc6dca685d29161f69b95f709b24ef,2026-08-08T05:27:11,complex_trace;high_gas_used_context,0xbe9c5800,false
25705768,0x46a4ef2aac83d7dc6ea9cee0f0482390cd76293b6c6c4b12f50ab2659bc3eefd,0x7830c87c02e56aff27fa8ab1241711331fa86f43,0xa9d1e08c7793af67e9d92fe308d5697fb81d3e43,2026-08-08T05:27:22,dense_internal_fund_flow,0x1a1da075,true
25705768,0x20be46fc426f9aa6bd6aa696f459c6b4f9f46d11479e10b8251dad4fa2a3a78a,0xf70da97812cb96acdf810712aa562db8dfa3dbef,0xccc88a9d1b4ed6b0eaba998850414b24f1c315be,2026-08-08T05:27:23,dense_internal_fund_flow,0x0a2b8f36,true
25705768,0x4f67a05586490c144bdc4abb8a92a49887357c6c2fc7265056fbb37424c69d79,0x54620b9a8a2c43aa8ed028450a7ce656a9c69feb,0x7cf7132a8be97d71852124dc96cd9e08621a49bb,2026-08-08T05:27:23,dense_internal_fund_flow;complex_trace,0x991230cd,true
25705768,0x9d670c768608e8b7e63e7e12c822887a39403436fda6c80f773027d59ad3dae3,0x00d9fe085d99b33ab2aae8063180c63e23bf2e69,0x75884f3ada15c953529abaac6549d5204135ec36,2026-08-08T05:27:23,repeated_internal_token_drain;dense_internal_fund_flow;complex_trace;high_gas_used_context;token_activity_burst;repeated_risky_internal_calls,0xa9059cbb,true
25705769,0x770607564b81c4cd97bb51b81ab09cbc89a264bede7858b12045e1f87922de2d,0x04e3378748337fd0da1786b5793b52181cd63152,0x91ff8bbd8ebb07893010d50a48a1609e5ebd8e34,2026-08-08T05:27:33,complex_trace;high_gas_used_context,0x069d1525,false
25705769,0x38ee1974cfa87ee76774f3dadf583044eff5b5c08c04ecf3f176efc82dea4e2e,0x59aab1bd0d26290274398c07b55955c15425e16b,0x00fe78205f5f0e63b8ad2b2ae5337f538a610e04,2026-08-08T05:27:34,complex_trace;high_gas_used_context;token_activity_burst,0x34fcd5be,false
25705770,0x7e15739d0cfb518a9389f1222100fca788c7f966c1f494cdefbbffb8126119c7,0x1584a8ee67789d1fe161065388657ad2f2a3c7dd,0x77eb52e44db06777bce478159f25c0d55a295314,2026-08-08T05:27:44,repeated_internal_token_drain;dense_internal_fund_flow;complex_trace;token_activity_burst,0xa9059cbb,true
25705770,0xe625e8e77b789d7af903d457bac520a3ce6b63df3f6508bc65da8e770bdcbab8,0xf70da97812cb96acdf810712aa562db8dfa3dbef,0xb92fe925dc43a0ecde6c8b1a2709c170ec4fff4f,2026-08-08T05:27:44,dense_internal_fund_flow;large_erc20_asset_flow;complex_trace,0xcd6e13f7,true
25705771,0x0b1ac8dd48d3e47fda90b278af01392e22c283d26a3fbff0c898374f5715bea4,0xe2da046340e00264c4f0443243a0565007ae08ac,0x923c7ae586b748da0fbea964c7a6089569bad61c,2026-08-08T05:27:56,complex_trace;high_gas_used_context,0x380db829,false
25705771,0x444ccfac60a162a98e9eb6e51ccb61e255ae5d43740e6d1ef51de18ca8fc93aa,0x5f8769281662a4af0175f7efe521892c52850ac6,0x40a6700b99115cda7b12bd0e21db1be8ae524bf2,2026-08-08T05:27:56,repeated_internal_token_drain;dense_internal_fund_flow;complex_trace;high_gas_used_context;token_activity_burst;repeated_risky_internal_calls,0xa9059cbb,true
25705771,0x44e2c53fa68ee88ee0620469f053edae95a67cee75efc142789bd809706aed1a,0x38db9c8bf4d3c94b0e0fc854d99ac22eb560e72a,0xe23bd74cc52472dbdb4168dcceb3be039e15720e,2026-08-08T05:27:56,dense_internal_fund_flow;token_activity_burst,0x006a598f,true
25705771,0x5597679b1a722c93d075716b129a345527cb50db510135708695a7ac6602ceb5,0x38db9c8bf4d3c94b0e0fc854d99ac22eb560e72a,0xe23bd74cc52472dbdb4168dcceb3be039e15720e,2026-08-08T05:27:56,dense_internal_fund_flow;token_activity_burst,0x006a598f,true
25705771,0x9c52da35f948b66e405b967538d78d3aaa0dc1f8936808ecb1656d594953cdd0,0x38db9c8bf4d3c94b0e0fc854d99ac22eb560e72a,0xe23bd74cc52472dbdb4168dcceb3be039e15720e,2026-08-08T05:27:56,dense_internal_fund_flow;token_activity_burst,0x006a598f,true
25705771,0xcdb0a4bf4874a6e604cc2673d4140384ded68582fc374f89fe6c95f5bb3a0648,0x38db9c8bf4d3c94b0e0fc854d99ac22eb560e72a,0xe23bd74cc52472dbdb4168dcceb3be039e15720e,2026-08-08T05:27:56,dense_internal_fund_flow;token_activity_burst,0x006a598f,true
25705771,0xf64f5b47a7d9fcc5acdb6c93f67164ac0ebbda8255f0eedba551d41b1d70a7e5,0xbad000006db10503589262b55d09bb7b3c5e1472,0xbbbbb048b1a85ca221058c45525095b6a68bbbbb,2026-08-08T05:27:56,high_gas_used_context;token_activity_burst,0xa9059cbb,false
25705771,0xf859830750e103866df4a28337b5221dcc925616893fb829f6848139da196afb,0x3d4e12d540cf67a9c38da66a20943acac075725d,0x1eeda6359b726f7e5a662288ed7f1793ed6788b9,2026-08-08T05:27:56,repeated_internal_token_drain;dense_internal_fund_flow;complex_trace;high_gas_used_context;token_activity_burst;repeated_risky_internal_calls,0xa9059cbb,true
25705771,0xfb17d4469a5d11ee0dbd24f09f8319fb373a2f094201abde6bf9f3047fb7f2e6,0x38db9c8bf4d3c94b0e0fc854d99ac22eb560e72a,0xe23bd74cc52472dbdb4168dcceb3be039e15720e,2026-08-08T05:27:56,dense_internal_fund_flow;token_activity_burst,0x006a598f,true
25705772,0x5d0dbcad64d78625134c1cd5f56d32cdf4d125e8be28039c108a189f7aa96d56,0xd714e1d25067c2421ea58b962d900732f77ab23b,0xcd2bdb8af031d29d2bc38ef08b842d31e344384c,2026-08-08T05:28:06,repeated_internal_token_drain;dense_internal_fund_flow;complex_trace;high_gas_used_context;token_activity_burst;repeated_risky_internal_calls,0xa9059cbb,true
25705772,0xc34a68a411ba5ba71b62bbe0b3428761bf5dc346356c229fc10a274c704f1982,0xb5ec8a17c4a7a2ec0d006ffb770810e56d7f067b,0x28b1dc1a5e3699a428bc51d234dfab7c9cb2a183,2026-08-08T05:28:06,dense_internal_fund_flow;complex_trace,0x0c307f76,true
25705772,0xde42d06dc7eaab6535da0e82e11878dca59661ec9bc15b7b89c817c2be7d689b,0x00d9fe085d99b33ab2aae8063180c63e23bf2e69,0x75884f3ada15c953529abaac6549d5204135ec36,2026-08-08T05:28:06,repeated_internal_token_drain;dense_internal_fund_flow;complex_trace;high_gas_used_context;token_activity_burst;repeated_risky_internal_calls,0xa9059cbb,true
25705773,0x414a5afeea0004bc995ca47fc17f5a357ba04328e32f0a5dcfdc0a0ef0ac450a,0x0bed7b86eeb9a628084f58e7bfed16890ec320c7,0x0439e60f02a8900a951603950d8d4527f400c3f1,2026-08-08T05:28:19,complex_trace;high_gas_used_context,0x3ce33bff,false
25705773,0xaa54d10f64dddda7cea33e68b43ac42981e436d0d270580f08f9bb3e370c6e67,0x7830c87c02e56aff27fa8ab1241711331fa86f43,0xa9d1e08c7793af67e9d92fe308d5697fb81d3e43,2026-08-08T05:28:19,large_erc20_asset_flow;token_activity_burst,0xca350aa6,true
25705773,0xd2397de3c9b237ba23008f767bae9dc29b0ccf71237c220599e73d2362a07f4d,0x7830c87c02e56aff27fa8ab1241711331fa86f43,0xa9d1e08c7793af67e9d92fe308d5697fb81d3e43,2026-08-08T05:28:19,dense_internal_fund_flow,0x1a1da075,true
25705773,0x01584eb6b92168f42d6aebe6ed4a595f6fe01e421641e371815beaf593baf4e6,0x3d4e12d540cf67a9c38da66a20943acac075725d,0x1eeda6359b726f7e5a662288ed7f1793ed6788b9,2026-08-08T05:28:20,repeated_internal_token_drain;dense_internal_fund_flow;complex_trace;high_gas_used_context;token_activity_burst;repeated_risky_internal_calls,0xa9059cbb,true
25705773,0x2af2104168a2d5c0201ac22454437deacc0c9d3e8ebbd3445c8a14fbea60593a,0x66ed924143d3a20382cd70bf73813070fffe7d8c,0x26d3681dfc9e4c8c79cfbf461adec8a21d5d73c5,2026-08-08T05:28:20,large_erc20_asset_flow;complex_trace,0xf58e03fc,true
25705773,0x376276082db7f97ab3a8122714972c59bbb45e82346683c8ecdaa4db16972be1,0x993de0b99c4d1a194aea1763938a35deace86117,0x4313c378cc91ea583c91387b9216e2c03096b27f,2026-08-08T05:28:20,dense_internal_fund_flow;complex_trace,0xeffbec13,true
25705773,0x8aa3d8c60d1ee607fe507431a05bcb814bfa4255e88eefc97671cd37a2b99225,0x3b482595a58aa19f92a3f97a73a53ab1735bc8f1,0x4313c378cc91ea583c91387b9216e2c03096b27f,2026-08-08T05:28:20,dense_internal_fund_flow;complex_trace,0xeffbec13,true
25705773,0xea37ce8f985199d3cd828e9ea22dd5742e06b3f973e62b80346d033a67fb9a83,0xde7a849216aa3884d53d84ecb02c19eb67e5dae2,0x7d9f4ca54131e588fc1fe577973b55fb11231e76,2026-08-08T05:28:20,repeated_internal_token_drain;dense_internal_fund_flow;complex_trace;high_gas_used_context;token_activity_burst;repeated_risky_internal_calls,0x6aac3a0b,true
25705773,0x6c4a0f986bc0ffb01417e2ac96d49e3cc55b03d76fe4bbfcdecf5c1ce37b5989,0xa154b98e53fc35e1bad1ff758acbc8c629bdcd2b,0x19917386eeae67b6ff7ddf07de4019fca40aa4ec,2026-08-08T05:28:21,repeated_internal_token_drain;dense_internal_fund_flow;complex_trace;high_gas_used_context;token_activity_burst;repeated_risky_internal_calls,0xa9059cbb,true
25705774,0x89c9e1dfaae7f6f32341ae27dde1439f57b0ba577e5acfd1da1c5c527da5f0ff,0xa4fd253f9309dec87393c92a6e305dd2d395a20a,0xb704fcb4c43bdc030de7ec5e0d5264b99aa3af36,2026-08-08T05:28:33,dense_internal_fund_flow,0x08c1284c,true
25705774,0xd4ed405520e1c5f1059643f40424474b94a624f3b7e4d8f42cc21a7b9a8afb42,0x2cfc771f072c759c6582ac5a2859b94cf68040d8,0x337685fdab40d39bd02028545a4ffa7d287cc3e2,2026-08-08T05:28:33,dense_internal_fund_flow;complex_trace,0x30dedc57,true
25705774,0x67a49b81e33765d469a3738a4b2afac63358b566998238b93d4ba6419c467ab0,0x09cfee647fa339133380191c8db6b44f24500c9d,0x77b85afbcd336993ac1c65057531c5a5b33b76b8,2026-08-08T05:28:34,high_gas_used_context;token_activity_burst,0xa9059cbb,false
25705774,0xf85ded2fa7157a08f1be66b77283c76f30f21ee9acd17c2f96e840ff24239cd6,0x5f8769281662a4af0175f7efe521892c52850ac6,0x40a6700b99115cda7b12bd0e21db1be8ae524bf2,2026-08-08T05:28:34,repeated_internal_token_drain;dense_internal_fund_flow;complex_trace;high_gas_used_context;token_activity_burst;repeated_risky_internal_calls,0xa9059cbb,true
25705774,0xfe52b6dc4bf3753a2e23deb66779825ae604f42d03d0d94cd856e4bca22c4b49,0xd714e1d25067c2421ea58b962d900732f77ab23b,0xcd2bdb8af031d29d2bc38ef08b842d31e344384c,2026-08-08T05:28:34,repeated_internal_token_drain;dense_internal_fund_flow;complex_trace;high_gas_used_context;token_activity_burst;repeated_risky_internal_calls,0xa9059cbb,true
25705775,0x07eb1895f3ea3744a6808ccd0223db884c0bff745b5bc9f4d7d39eb915ad2bd9,0x993de0b99c4d1a194aea1763938a35deace86117,0x4313c378cc91ea583c91387b9216e2c03096b27f,2026-08-08T05:28:45,dense_internal_fund_flow;complex_trace,0xeffbec13,true
25705775,0x14e70abb5d8988d4974d53da65b7f1c3bffc04b8e1962bd8db9b59a8ad85bbf7,0x5b43453fce04b92e190f391a83136bfbecedefd1,0xbdb3ba9ffe392549e1f8658dd2630c141fdf47b6,2026-08-08T05:28:45,dense_internal_fund_flow;complex_trace;high_gas_used_context;token_activity_burst,0x000000c3,true
25705775,0xb53bbc0f3cd25873e0e3803e1c3e5164eee4cace660bbf5ef460c19e7c96079e,0x754dcfb2861547015b221e963b4133a71dbdc024,0x3e07be15370d8b12d80a159a7ef14b9e51869497,2026-08-08T05:28:45,dense_internal_fund_flow;complex_trace,0x21af54c6,true
25705775,0xfc6d1e932cd728ba6e3b02ea4948fcbc1cbcc47d7951ccf8179eb3f251d21c3e,0x3b482595a58aa19f92a3f97a73a53ab1735bc8f1,0x4313c378cc91ea583c91387b9216e2c03096b27f,2026-08-08T05:28:45,dense_internal_fund_flow;complex_trace,0xeffbec13,true
25705775,0xd55addaab86a1ea7f7fc3698a6011b81db9246f6d403ee9ffbf6dff715f49ba2,0xbad000006db10503589262b55d09bb7b3c5e1472,0xbbbbb048b1a85ca221058c45525095b6a68bbbbb,2026-08-08T05:28:46,repeated_internal_token_drain;dense_internal_fund_flow;complex_trace;high_gas_used_context;token_activity_burst;repeated_risky_internal_calls,0xa9059cbb,true
25705777,0x10bd831e26cad11b0d54029209b098d90a7a745d7546c2004f830db13e5ffdbf,0xa154b98e53fc35e1bad1ff758acbc8c629bdcd2b,0x19917386eeae67b6ff7ddf07de4019fca40aa4ec,2026-08-08T05:29:11,repeated_internal_token_drain;dense_internal_fund_flow;complex_trace;high_gas_used_context;token_activity_burst;repeated_risky_internal_calls,0xa9059cbb,true
25705777,0x1e845ff8730bf75098a0671281eccdd7edf0565a2d23fe299bfcf4e4a9f7b69f,0xca7ded7e4f4ba8ab3b10009236ae6d1b95094589,0xccc88a9d1b4ed6b0eaba998850414b24f1c315be,2026-08-08T05:29:11,dense_internal_fund_flow;complex_trace,0x0a2b8f36,true
25705777,0x5fbc6f7e3134b867968845725eaccd1dd2eac16bc68da3726f5a5b8934157423,0x00d9fe085d99b33ab2aae8063180c63e23bf2e69,0x75884f3ada15c953529abaac6549d5204135ec36,2026-08-08T05:29:11,repeated_internal_token_drain;dense_internal_fund_flow;complex_trace;high_gas_used_context;token_activity_burst;repeated_risky_internal_calls,0xa9059cbb,true
25705777,0x693a50f754a260317da2ae49492e4677a66d2be974749d7f4f0ad01efa40c61c,0x3d4e12d540cf67a9c38da66a20943acac075725d,0x1eeda6359b726f7e5a662288ed7f1793ed6788b9,2026-08-08T05:29:11,repeated_internal_token_drain;dense_internal_fund_flow;complex_trace;high_gas_used_context;token_activity_burst;repeated_risky_internal_calls,0xa9059cbb,true
25705777,0x97e808d9e85f0be8be6e41ad61311302ce5ef06023c36b07846c3dd60aaf852e,0x5f8769281662a4af0175f7efe521892c52850ac6,0x40a6700b99115cda7b12bd0e21db1be8ae524bf2,2026-08-08T05:29:11,repeated_internal_token_drain;dense_internal_fund_flow;complex_trace;high_gas_used_context;token_activity_burst;repeated_risky_internal_calls,0xa9059cbb,true
25705777,0xa8c7301ee7c34db64f05e8c8c11d35cf20c27b55deb7269704851d05a2d87d36,0xea2ba27e35600ec4f4f0620e9604e9a70cf191e9,0xde380abfb5a7117b92a868ebe828e560bebd1ecc,2026-08-08T05:29:11,privileged_execution_context;complex_trace,0x6e553f65,false
25705777,0xbe01e6f23b14a575485def804e90b3f648fb344060f1601bc86b67129d6ddc85,0x1584a8ee67789d1fe161065388657ad2f2a3c7dd,0x77eb52e44db06777bce478159f25c0d55a295314,2026-08-08T05:29:11,repeated_internal_token_drain;dense_internal_fund_flow;complex_trace;high_gas_used_context;token_activity_burst;repeated_risky_internal_calls,0xa9059cbb,true
25705777,0xc667e28f650ad09030ec1abf068075bb46dd26554b93f87608f6b972ddafea91,0x38db9c8bf4d3c94b0e0fc854d99ac22eb560e72a,0xe23bd74cc52472dbdb4168dcceb3be039e15720e,2026-08-08T05:29:11,dense_internal_fund_flow;token_activity_burst,0x006a598f,true
25705777,0xdb41fc973da52ad006835725a6663a7b7ec0fda4b294fd4ab079dd5bd0e98be6,0xae2fc483527b8ef99eb5d9b44875f005ba1fae13,0x1f2f10d1c40777ae1da742455c65828ff36df387,2026-08-08T05:29:11,dense_internal_fund_flow;complex_trace;high_gas_used_context,0x2bd0f0c5,true
25705777,0xf5858b112165e78050912af59099095271215f6200da5a281a553e4c96357a83,0xa5cce50b52eba6c30be3f18def74a98472ff3f3d,0x80ac24aa929eaf5013f6436cda2a7ba190f5cc0b,2026-08-08T05:29:11,large_erc20_asset_flow;complex_trace,0x107703ab,true
25705778,0x02318986d7a577fdfa22b38016e16cb484216e3835aec3920f841db5356758ba,0x7830c87c02e56aff27fa8ab1241711331fa86f43,0xa9d1e08c7793af67e9d92fe308d5697fb81d3e43,2026-08-08T05:29:22,dense_internal_fund_flow,0x1a1da075,true
25705778,0x4e73345df54e10daf013f534bbeb1e73e1ab1d89e3e02c3a59849dd53c92f1f6,0xfdff0b569f14af593d446e51b3e42f502124ac85,0x6a000f20005980200259b80c5102003040001068,2026-08-08T05:29:23,complex_trace;token_activity_burst,0xe3ead59e,false
25705778,0x50ed55ded317f3970cdfb3705b1b77a896f12d7db612f543315797c446c651a1,0xd714e1d25067c2421ea58b962d900732f77ab23b,0xcd2bdb8af031d29d2bc38ef08b842d31e344384c,2026-08-08T05:29:23,repeated_internal_token_drain;dense_internal_fund_flow;complex_trace;high_gas_used_context;token_activity_burst;repeated_risky_internal_calls,0xa9059cbb,true
25705778,0x56c4b42a6499c59d51f5b4a630960ea6c3e76bab6f31cc3a88bc8eef56361867,0x8449f934dbfbfa050f5e7738bf2e73a811022904,0x6566194141eefa99af43bb5aa71460ca2dc90245,2026-08-08T05:29:23,large_erc20_asset_flow,0x374f435d,true
25705778,0x5f19440d197353b27ea401e332c4194c447a76481937c70b86b9246d1230ea7d,0x09cfee647fa339133380191c8db6b44f24500c9d,0x77b85afbcd336993ac1c65057531c5a5b33b76b8,2026-08-08T05:29:23,high_gas_used_context;token_activity_burst,0xa9059cbb,false
25705778,0xd6e402433d545aec13597278354da3bdb46a5efc995b3bf08fc3e75483e79caf,0x59aab1bd0d26290274398c07b55955c15425e16b,0x00fe78205f5f0e63b8ad2b2ae5337f538a610e04,2026-08-08T05:29:23,high_gas_used_context;token_activity_burst,0x34fcd5be,false
25705779,0x8be16970da26282586d96e530420a31bc198f87944a88de0d5533d55f1e04fc8,0xbad000006db10503589262b55d09bb7b3c5e1472,0xbbbbb048b1a85ca221058c45525095b6a68bbbbb,2026-08-08T05:29:33,repeated_internal_token_drain;dense_internal_fund_flow;complex_trace;high_gas_used_context;token_activity_burst;repeated_risky_internal_calls,0xa9059cbb,true
25705779,0x969a169f4dc921ba536124279504d0ab4de6d17f7cd5679bc2fe76fd555abc2e,0xae2fc483527b8ef99eb5d9b44875f005ba1fae13,0x1f2f10d1c40777ae1da742455c65828ff36df387,2026-08-08T05:29:33,dense_internal_fund_flow;complex_trace;high_gas_used_context,0x2b66e331,true
25705779,0xdacdc6d5cd3a43f8d8034764cb9d6da4f58801cb8d3303c4f285da0be8d33b89,0x3d4e12d540cf67a9c38da66a20943acac075725d,0x1eeda6359b726f7e5a662288ed7f1793ed6788b9,2026-08-08T05:29:33,repeated_internal_token_drain;dense_internal_fund_flow;complex_trace;high_gas_used_context;token_activity_burst;repeated_risky_internal_calls,0xa9059cbb,true
