block_num,tx_hash,from,to,detect_time,attack_signals,selector,has_asset_impact
25705185,0xa02ca944dc7b53ba1219103252540d174e284708abb5c3c741173da982100be2,0x10aaf771790e5d8080882acdfcc2f6bc3f4e36c0,0x337685fdab40d39bd02028545a4ffa7d287cc3e2,2026-08-08T03:30:13,complex_trace;high_gas_used_context;token_activity_burst,0x30dedc57,true
25705185,0xa17ed4136a99c4f589b8368759ec7e0d615b5cb66c0ce5173f56729e514ae540,0xe487832018fbd594c84f1db3dfac61cde98a5f36,0x91ff8bbd8ebb07893010d50a48a1609e5ebd8e34,2026-08-08T03:30:13,complex_trace;high_gas_used_context,0x069d1525,false
25705185,0xbe962e28b151cc32a85cbfd0d9d917ccf4dd988dc75d27b0450e0578a14e4e91,0x1584a8ee67789d1fe161065388657ad2f2a3c7dd,0x77eb52e44db06777bce478159f25c0d55a295314,2026-08-08T03:30:13,repeated_internal_token_drain;dense_internal_fund_flow;complex_trace;token_activity_burst;repeated_risky_internal_calls,0xa9059cbb,true
25705185,0xd59ddb7ad6dda535dfce538984adaf90d5a916a8a622e7bc1662d94c1ddb5b5a,0xd6434d157f254276d69ede3bd9fc805482206908,0x7ec8a30a34b86927dc77b302603d1d53e640bef7,2026-08-08T03:30:13,repeated_internal_token_drain;dense_internal_fund_flow;very_complex_trace;high_gas_used_context;token_activity_burst;approval_burst;repeated_risky_internal_calls,0xa9059cbb,true
25705186,0x3b483f6cd8453b9507df43aea64788f1b7c8431f1a722f78bf0f43ef4ac2d08c,0xe487832018fbd594c84f1db3dfac61cde98a5f36,0x91ff8bbd8ebb07893010d50a48a1609e5ebd8e34,2026-08-08T03:30:21,complex_trace;high_gas_used_context,0x069d1525,false
25705186,0x3d15977474377e902c274501df518e52fe9bd030196e01a8241ad2394056f91a,0x8b5606469e21c75edd7c74d1c7a65824675d9aff,0x9ccc2f3ecde026230e11a5c8799ac7524f2bb294,2026-08-08T03:30:21,dense_internal_fund_flow;complex_trace,0x1bc74526,true
25705186,0x7512388e3d05171a0de5931d55413fef1381f794094a2b23ff1de8df53e7e72c,0x43debe92a7a32dca999593fad617dbd2e6b080a5,0x5b5a0580bcfd3673820bb249514234afad33e209,2026-08-08T03:30:21,complex_trace;high_gas_used_context,0xe99aa0c3,false
25705186,0xc6478d83cd3d6b99aeec32f9e55b72d0a37a9155d4bc11d49e667a19a755b3cf,0x7830c87c02e56aff27fa8ab1241711331fa86f43,0xa9d1e08c7793af67e9d92fe308d5697fb81d3e43,2026-08-08T03:30:21,large_erc20_asset_flow;token_activity_burst,0xca350aa6,true
25705186,0xff96272fa3a0a0586e0442d8306ef903968623c7a05ef4bea25d0463621ea954,0x7830c87c02e56aff27fa8ab1241711331fa86f43,0xa9d1e08c7793af67e9d92fe308d5697fb81d3e43,2026-08-08T03:30:21,dense_internal_fund_flow,0x1a1da075,true
25705187,0xc8d21c2afb05bc691f760952150a7ee079a08ee450a3d88b621d4e80b7d6ab94,0xc6acbee42e9e323140c1ed060c2f6ea9cc3b4b75,0x7c5a71c9fefbc7691f9d4ac7baf70c743792f716,2026-08-08T03:30:34,selfdestruct_context,0xf3fef3a3,false
25705187,0x053cb8f8fb86fe20609c12fe64e79f6bb850c600037fa2b290ddc80b8a1b9984,0xb4c5355f35e0fc4a3dafc55f64319416e154fb11,0xf993aef0fe2018d01ec10cbdffeb1836de9c196e,2026-08-08T03:30:36,complex_trace;high_gas_used_context;token_activity_burst,0x11420813,true
25705187,0x31982b62c929a03efaac841146e6be082ac33cb3397cd20ff607f499b358bf52,0xe487832018fbd594c84f1db3dfac61cde98a5f36,0x91ff8bbd8ebb07893010d50a48a1609e5ebd8e34,2026-08-08T03:30:36,complex_trace;high_gas_used_context,0x069d1525,false
25705187,0x69dce4f8445e72081ad94f9538eae0d58e4c2a749dde6b75b562ec92cebaa729,0xd6434d157f254276d69ede3bd9fc805482206908,0x7ec8a30a34b86927dc77b302603d1d53e640bef7,2026-08-08T03:30:36,repeated_internal_token_drain;dense_internal_fund_flow;very_complex_trace;high_gas_used_context;token_activity_burst;repeated_risky_internal_calls,0xa9059cbb,true
25705187,0x997e8a6c9026f23577ccb5e7b1b33b561e0dbc4f628260767aba80713ee433ab,0x052d2cbc749801b7ab5d0b59a6d27ea382b2a2ee,0x0a252663dbcc0b073063d6420a40319e438cfa59,2026-08-08T03:30:36,dense_internal_fund_flow;large_mint_to_sender;very_complex_trace;high_gas_used_context;token_activity_burst;selfdestruct_context,0xf5878b9b,true
25705187,0xd5ffad89a16644eb5381602a089ba5987a54b3b833f785d1669d577132ddf050,0x09cfee647fa339133380191c8db6b44f24500c9d,0x77b85afbcd336993ac1c65057531c5a5b33b76b8,2026-08-08T03:30:36,high_gas_used_context;token_activity_burst,0xa9059cbb,false
25705188,0x2d8f85d51bd614fc19ae764dc6f3f95710dd5c293da40b5099c85b049471e9be,0xe487832018fbd594c84f1db3dfac61cde98a5f36,0x91ff8bbd8ebb07893010d50a48a1609e5ebd8e34,2026-08-08T03:30:47,complex_trace;high_gas_used_context,0x069d1525,false
25705188,0x7bcb8cc87f802984d9b03668b0dc648157022f4c0db634d19cb839eb02416f25,0x43370402cbeba6ab53fbc8a52894537024a39269,0x0000000071727de22e5e9d8baf0edac6f37da032,2026-08-08T03:30:47,privileged_execution_context;complex_trace,0x765e827f,false
25705188,0xa2e72691f4670c1c4ad8e57b1ed0d851b2b3f55dfc7cb4dfd1a3b1799c8b658a,0x1584a8ee67789d1fe161065388657ad2f2a3c7dd,0x77eb52e44db06777bce478159f25c0d55a295314,2026-08-08T03:30:47,repeated_internal_token_drain;dense_internal_fund_flow;complex_trace;token_activity_burst;repeated_risky_internal_calls,0xa9059cbb,true
25705188,0xf87f5b83c501dc9b5f9637c1742184826fb542bbe422b2a74a2c866c91ed9120,0x7b49bc3ebbdf7322f31c6449320382bbec3be1b6,0xad3b67bca8935cb510c8d18bd45f0b94f54a968f,2026-08-08T03:30:47,complex_trace;high_gas_used_context;token_activity_burst;approval_burst,0x146ee74d,false
25705188,0xfeb2cad829c399a53617aa081706dd703a4405e1eecd1cebcf068b640e88d867,0x43cd5919a45a5fa51b7f8fff8069902f405fe825,0x4c82d1fbfe28c977cbb58d8c7ff8fcf9f70a2cca,2026-08-08T03:30:47,dense_internal_fund_flow,0x3593564c,true
25705188,0x663ad01b7e6fe56654af009ddd2f170e46c9bedb8a82485ecadd6bf272307ec3,0x59d4f7d15ed5ce4e318bc3fbd28650c1dbd5deb5,0xf6e1fc9e18c5576f5cf554e2e263f47889730620,2026-08-08T03:30:48,dense_internal_fund_flow,0x6a761202,true
25705189,0x4594d1c7034cd7f2ca836aa2e66749051aa8666a785031606f94492854283474,0x4337020f43d3d7d2f5e4160397efea49aefa5e7d,0x0000000071727de22e5e9d8baf0edac6f37da032,2026-08-08T03:30:59,large_erc20_asset_flow,0x765e827f,true
25705189,0x708d742aeb0ac956d6d6f154d31835a11a3247faf671d03da8a7b11fd66d86d0,0xe487832018fbd594c84f1db3dfac61cde98a5f36,0x91ff8bbd8ebb07893010d50a48a1609e5ebd8e34,2026-08-08T03:30:59,complex_trace;high_gas_used_context,0x069d1525,false
25705189,0xe86f6db6b8aa53f9abc5216a59dffaad6847ea811241e4c15b1668f4a2cab106,0x40607afe118222577bacfaffd2c474e7d8210097,0xb300000b72deaeb607a12d5f54773d1c19c7028d,2026-08-08T03:30:59,complex_trace;high_gas_used_context;token_activity_burst,0x810c705b,true
25705189,0x2c72d88af3fcf72db9434c267aa5694a9706461e416a1274a04350e55438b98d,0x1cda83fe97a2e0a8f94a9cf32da947c23b72ba02,0x5f829b1b473cba86838e1b7bb7e144dbde228e21,2026-08-08T03:31:00,large_erc20_asset_flow,0xac9650d8,true
25705189,0x590a238daf9c77dd5408f1216bc049d74389159f86179027a44a91c9d3f3e077,0xd6434d157f254276d69ede3bd9fc805482206908,0x7ec8a30a34b86927dc77b302603d1d53e640bef7,2026-08-08T03:31:00,repeated_internal_token_drain;dense_internal_fund_flow;very_complex_trace;high_gas_used_context;token_activity_burst;repeated_risky_internal_calls,0xa9059cbb,true
25705189,0x9d90bb1dab48df29a15795e096831c514a2ba9764cbe69bd1e92802c3573070e,0x052d2cbc749801b7ab5d0b59a6d27ea382b2a2ee,0x0a252663dbcc0b073063d6420a40319e438cfa59,2026-08-08T03:31:00,dense_internal_fund_flow;large_mint_to_sender;very_complex_trace;high_gas_used_context;token_activity_burst;selfdestruct_context,0xf5878b9b,true
25705189,0x9e228b5047a6ef5050360080397bc77f3e3f00aa0ed38e503578bf348f25daa0,0xe99bd1c2dd70cd58e5efd47887991700e7318ce2,0xad3b67bca8935cb510c8d18bd45f0b94f54a968f,2026-08-08T03:31:00,complex_trace;high_gas_used_context;token_activity_burst;approval_burst,0x146ee74d,false
25705189,0x2e14189c28ed08db5422ed5b5031f65f83d9d2f2f0d737ac3e9045df7dfe3fd9,0x161643f280b09be8e0271eef8efc6c264d125003,0x91cdf7fafaadbed43877c196452c0e74bf7bde97,2026-08-08T03:31:01,dense_internal_fund_flow;token_activity_burst,0xa9059cbb,true
25705190,0x29a8c046205504ca187b9a9e403bf22488b57585faf246d066900807a0cc3fa8,0x87c2ad4274f282579c1b2e759f86be2ed82a666c,0x4c82d1fbfe28c977cbb58d8c7ff8fcf9f70a2cca,2026-08-08T03:31:10,dense_internal_fund_flow,0x3593564c,true
25705190,0x832529266b8fc5c6f3080758d1ceb9c53c97462aba57275a9e6a8d8a49d60fd9,0xc912027e7143b98ae64aedaa8f60cecb641bc247,0x52b335fd4d229c4b4ffa6190526e4b5fb8e3fb09,2026-08-08T03:31:10,dense_internal_fund_flow;complex_trace,0x085c8c5e,true
25705190,0xc7123403b30acc3eea16546b87fbfb47b7fc4c1189fa9d77401b3733811ed1a2,0x8e917ea5da5c1c7cc56e590610d78eb099f31416,0x03f34be1bf910116595db1b11e9d1b2ca5d59659,2026-08-08T03:31:10,dense_internal_fund_flow;complex_trace,0xe47d166c,true
25705190,0x63b1e77acaf1b3cfb2fc8ae6f644f9e0b8cf308da72b0a49d9c924b0b28d77a1,0xe487832018fbd594c84f1db3dfac61cde98a5f36,0x91ff8bbd8ebb07893010d50a48a1609e5ebd8e34,2026-08-08T03:31:11,complex_trace;high_gas_used_context,0x069d1525,false
25705190,0x81feb8c40be135032dcb6ff969ebcf0797b5a074d02b0583071b12831284f01c,0xf1edbaeab4ad5f0d33d7e39d3c390588ca44d2ae,0xf4e147db314947fc1275a8cbb6cde48c510cd8cf,2026-08-08T03:31:11,privileged_execution_context,0x760d0f9d,false
25705190,0x8f70a79ba9f3866ec3d84ed3c5cf0ef6c0fa7c2ad17d8142ba70ad0b9b1d8672,0xf96f8e03615f7b71e0401238d28bb08cceecbae7,0xf4e147db314947fc1275a8cbb6cde48c510cd8cf,2026-08-08T03:31:11,dense_internal_fund_flow;complex_trace,0x0bf5d35e,true
25705190,0x9e4704ad3e081d30937d5b1fcee412fb2760700ae7db7b0f908a06d0e26f3a15,0xe16be042f9433779909a972669be3a2003956348,0x134ccaaa4f1e4552ec8aecb9e4a2360ddcf8df76,2026-08-08T03:31:11,large_erc20_asset_flow;complex_trace,0x6807c8dc,true
25705191,0xa6df2b5e3c124fc08476d097598a8efa1d136b668112f5c902ac8b85ffea9e27,0x7830c87c02e56aff27fa8ab1241711331fa86f43,0xa9d1e08c7793af67e9d92fe308d5697fb81d3e43,2026-08-08T03:31:22,large_erc20_asset_flow;token_activity_burst,0xca350aa6,true
25705191,0xed321dc091fb2c15e39f95d2e52f570672fe6d466053c8f26c7629e5e2725c2d,0x7830c87c02e56aff27fa8ab1241711331fa86f43,0xa9d1e08c7793af67e9d92fe308d5697fb81d3e43,2026-08-08T03:31:22,dense_internal_fund_flow,0x1a1da075,true
25705191,0xee6597a94bd5c2cd416df4abcc2f4e40c2a9ecb0c7f081bf5ede6a936217991e,0xe99bd1c2dd70cd58e5efd47887991700e7318ce2,0xad3b67bca8935cb510c8d18bd45f0b94f54a968f,2026-08-08T03:31:22,complex_trace;high_gas_used_context;token_activity_burst;approval_burst,0x146ee74d,false
25705191,0x843f01a5e89f2b79f702b6494327bb3d8985f3fedf9bf0a669a60106745556b5,0x8bf44b00436d41fef72474bb0fa0778f7bf956ac,0x1103fc560de8b710983e7f3ec09d587f3f848566,2026-08-08T03:31:23,complex_trace;token_activity_burst,0x037fc7bb,false
25705191,0x872af357ee3d1e3005d70458a7c70dc5e91461db849b40bee8a338b89916ddbb,0xfeed4c53d827aebebed6066788065ea1027c7e70,0x7583d7f36635e5642713accbded717ca59fdad07,2026-08-08T03:31:25,privileged_execution_context;complex_trace;high_gas_used_context;token_activity_burst;approval_burst,0x0af210a1,false
25705191,0x90d33fdddb5bf76f5c54730591fc361698682b1074e20e4aee808244a89777f4,0x70e59f9c304e4d5096bd408b571e2dcd99c3120b,0xad3b67bca8935cb510c8d18bd45f0b94f54a968f,2026-08-08T03:31:25,complex_trace;approval_burst,0x146ee74d,false
25705191,0xba264d4b59c40a253cfffd5f5f09018d133f1d2b4ca5473f3e56c8573282288f,0xe487832018fbd594c84f1db3dfac61cde98a5f36,0x91ff8bbd8ebb07893010d50a48a1609e5ebd8e34,2026-08-08T03:31:25,complex_trace;high_gas_used_context,0x069d1525,false
25705191,0xbb1d0704b4c09bb60330c834cef8662b3f58bc00087a901648f8ae402ef1628e,0xd6434d157f254276d69ede3bd9fc805482206908,0x7ec8a30a34b86927dc77b302603d1d53e640bef7,2026-08-08T03:31:25,repeated_internal_token_drain;dense_internal_fund_flow;very_complex_trace;high_gas_used_context;token_activity_burst;approval_burst;repeated_risky_internal_calls,0xa9059cbb,true
25705192,0x238607c8107671e81568ed613e11639b97cbfee300d1530e1fcf0285ba61b8a8,0x50bf934781f63028c5c8ef49c4affe19a86d99b6,0x8d04cc7e86e687854eb41d9d43512b655b93184b,2026-08-08T03:31:36,complex_trace;selfdestruct_context,0x4a1bf18a,false
25705192,0x6582c5c43171e0dd8ae3c1c17c1884f5010ff42d771f09cd4bf7f458f6673f80,0xe20446cccbfd5f9038e747f1dea8016ecbd94ae5,0x442be06bb5d13711a22ccd3fa382b72a874c5135,2026-08-08T03:31:36,privileged_execution_context;complex_trace;high_gas_used_context,0xf7b5c341,false
25705192,0xe279dbb86b47d6c799d8391337c10c1f51dbc79b7c4152bfebd7e19e0800aea4,0xe487832018fbd594c84f1db3dfac61cde98a5f36,0x91ff8bbd8ebb07893010d50a48a1609e5ebd8e34,2026-08-08T03:31:36,complex_trace;high_gas_used_context,0x069d1525,false
25705192,0x1b7facd8ce3b214b73359f6a951e034002509b1d3fa5e8873c1bdf9139695c72,0xde5ce22a56ed76bf7054121500b23a718399feb7,0x43de2d77bf8027e25dbd179b491e8d64f38398aa,2026-08-08T03:31:39,large_erc20_asset_flow;complex_trace,0xc280c905,true
25705192,0x212f3f62ea5dabc8dd3e96dba763478e4314bb450ac36a44fcd6dc477af637e2,0x80d04079ffc53eb14edbeeb37279d126f45552df,0x22f5cbc9e2dbdfd6ee3eaed2c249ee90dcda1358,2026-08-08T03:31:39,repeated_internal_token_drain;dense_internal_fund_flow;complex_trace;token_activity_burst;repeated_risky_internal_calls,0x8aaa8f3b,true
25705192,0xea3f01587d4ca483a29889b2c3a6ff17d7f32475f8e0084e48d6ac6bad07258e,0x052d2cbc749801b7ab5d0b59a6d27ea382b2a2ee,0x0a252663dbcc0b073063d6420a40319e438cfa59,2026-08-08T03:31:39,dense_internal_fund_flow;large_mint_to_sender;very_complex_trace;high_gas_used_context;token_activity_burst;selfdestruct_context,0xf5878b9b,true
25705193,0x257c075defff8e81155f45283d81cc7d520e3d502d4e085b0d8a645840216a7c,0x94ef56efad3cf722cd385bd6d5178c3063b83d1a,0x0000000000000068f116a894984e2db1123eb395,2026-08-08T03:32:16,dense_internal_fund_flow;high_gas_used_context,0x87201b41,true
25705193,0x970b058ac4e0e9a25f2246e9a977dae3c98afee2693ec8378bcff0a3a94d76d3,0xd6434d157f254276d69ede3bd9fc805482206908,0x7ec8a30a34b86927dc77b302603d1d53e640bef7,2026-08-08T03:32:16,repeated_internal_token_drain;dense_internal_fund_flow;very_complex_trace;high_gas_used_context;token_activity_burst;repeated_risky_internal_calls,0xa9059cbb,true
25705193,0xc51541f41b0f738f4e1b0f429ef43f5ddcd2b287e734543ffdc884cb629cdbb6,0x283504f935274046827e023fafc74b328c9c06f1,0xd1a557fe9d49d047a2318c05a13523e4b9e56e09,2026-08-08T03:32:16,large_erc20_asset_flow;complex_trace,0xc92cf3c1,true
25705193,0xcb9b422484c795bcec79cde5ccdf163fa2ae4ed52a4d7c47ef06581f0673ea4b,0xe487832018fbd594c84f1db3dfac61cde98a5f36,0x91ff8bbd8ebb07893010d50a48a1609e5ebd8e34,2026-08-08T03:32:16,complex_trace;high_gas_used_context,0x069d1525,false
25705194,0x7ebd8539ad4e7df8b9b6e0a00bafc2f49450236d8d707019c9dd20ed549ef8f3,0x70e59f9c304e4d5096bd408b571e2dcd99c3120b,0xad3b67bca8935cb510c8d18bd45f0b94f54a968f,2026-08-08T03:32:21,complex_trace;high_gas_used_context;token_activity_burst;approval_burst,0x146ee74d,false
25705194,0xbb1e57a50ff3b3af54b32f0a34d8890bb9fe2f40d92f9ea907f2f2e873b0049e,0xe487832018fbd594c84f1db3dfac61cde98a5f36,0x91ff8bbd8ebb07893010d50a48a1609e5ebd8e34,2026-08-08T03:32:21,complex_trace;high_gas_used_context,0x069d1525,false
25705194,0x091dffe68143ccaaf9021ade6bb4070734613c1b9ca56e40e497434c340bb320,0x09a591f0e4fa0abac08f05bc0916c51ee34c1a1b,0x5cb16a393b9b43c590953b51058edab1bde0f5fa,2026-08-08T03:32:22,dense_internal_fund_flow,0x501d976c,true
25705194,0x121936989bf33fcbb78d1d58951a4e55579dac334c1d6a4dd22341260e8bfefa,0xd6434d157f254276d69ede3bd9fc805482206908,0x7ec8a30a34b86927dc77b302603d1d53e640bef7,2026-08-08T03:32:22,repeated_internal_token_drain;dense_internal_fund_flow;very_complex_trace;high_gas_used_context;token_activity_burst;repeated_risky_internal_calls,0xa9059cbb,true
25705195,0x48f117fa5615953febe65b7ca39b33722d353d61585cd10b148ae51441748247,0xe487832018fbd594c84f1db3dfac61cde98a5f36,0x91ff8bbd8ebb07893010d50a48a1609e5ebd8e34,2026-08-08T03:32:57,complex_trace;high_gas_used_context,0x069d1525,false
25705195,0xb437d4d69726eb4040b215a9cb5cbb6ae180ddbb6efa2ab515c32caae0cc91fa,0x052d2cbc749801b7ab5d0b59a6d27ea382b2a2ee,0x0a252663dbcc0b073063d6420a40319e438cfa59,2026-08-08T03:32:57,dense_internal_fund_flow;large_mint_to_sender;very_complex_trace;high_gas_used_context;token_activity_burst;selfdestruct_context,0xf5878b9b,true
25705195,0xc2373eb44a6432a62cbfde2b6cbc0ecad70f5b37b162a1578be9db6639802f7a,0xce8e9133a8e9aba04431d36769710ec5a48b5f00,0x7c24805454f7972d36bee9d139bd93423aa29f3f,2026-08-08T03:32:57,privileged_execution_context,0xd83c1138,false
25705195,0x08caf716af6ba1912983808edbfd52e0669a0708266f2f12be51c4d30629ff9f,0x1584a8ee67789d1fe161065388657ad2f2a3c7dd,0x77eb52e44db06777bce478159f25c0d55a295314,2026-08-08T03:32:58,repeated_internal_token_drain;dense_internal_fund_flow;complex_trace;high_gas_used_context;token_activity_burst;repeated_risky_internal_calls,0xa9059cbb,true
25705196,0x07f718d4e9cd8c7c31f63b466c638f3eaafab7f071a5e34af12ab0291c2f370c,0xf82ac5937a20dc862f9bc0668779031e06000f17,0xf573e9e3de1f86b085417ab294f56e7920b4e9be,2026-08-08T03:33:01,dense_internal_fund_flow;complex_trace;high_gas_used_context,0x78a94ff0,true
25705196,0x34b1057770cceb57b72fd2d687238f7737166d51af5efa1a1185c36e10c89e4c,0x2425689c941c2b4cf7652548a449a97ac753b823,0x33024d4791413438aa1de6a8b6cb7cceb25459b1,2026-08-08T03:33:01,large_mint_to_sender;complex_trace,0x6e553f65,true
25705196,0x4c76813c317696d1ba7a1df666e047394ec0323a7e1a3a9bc22f5d837e3cf57e,0x70e59f9c304e4d5096bd408b571e2dcd99c3120b,0xad3b67bca8935cb510c8d18bd45f0b94f54a968f,2026-08-08T03:33:01,complex_trace;high_gas_used_context;token_activity_burst;approval_burst,0x146ee74d,false
25705196,0x8d85fe1131c66306ef0bee5f1a1b54d436beab1859dba01d1336eeea607da285,0xcb0f8e62a219381a144fef9e80236da0cba8beca,0x0000000071727de22e5e9d8baf0edac6f37da032,2026-08-08T03:33:01,complex_trace;high_gas_used_context,0x765e827f,false
25705196,0x94d20d4a09536481d34dfa4c5ff8f5a904fecb664b62bc68447dc98c980d8d26,0x7830c87c02e56aff27fa8ab1241711331fa86f43,0xa9d1e08c7793af67e9d92fe308d5697fb81d3e43,2026-08-08T03:33:01,large_erc20_asset_flow;token_activity_burst,0xca350aa6,true
25705196,0xc304d789ba16366fb33c8517180164934939bdcf2b762ca1288165e9516236fa,0x7830c87c02e56aff27fa8ab1241711331fa86f43,0xa9d1e08c7793af67e9d92fe308d5697fb81d3e43,2026-08-08T03:33:01,dense_internal_fund_flow,0x1a1da075,true
25705196,0xe36a70fc89de3d379d331ce760670ac1a90cd75ecc2abc18faae445c87d95b72,0x48b8470fd956b5778fded969cfa8e0fefd24c55e,0xcb0151ac9479a6a0261622baa63ae843c9793d45,2026-08-08T03:33:01,large_erc20_asset_flow;complex_trace;approval_burst,0x64cd187f,true
25705196,0xe8158c395de5dc7d58fcd50c0c3abc4c3c3a63c93863c1694de2e0653e00fbad,0x21f93d41012c040bb4151d36c3b0b69111f13782,0x140022b7000081000001094700609300d2187dab,2026-08-08T03:33:01,large_erc20_asset_flow;complex_trace,0xd00263d6,true
25705196,0x335fb0421f3f74a2643e86e08e20c4c0fa3988b301c9f6b6257b36019c10e89a,0xe487832018fbd594c84f1db3dfac61cde98a5f36,0x91ff8bbd8ebb07893010d50a48a1609e5ebd8e34,2026-08-08T03:33:04,complex_trace;high_gas_used_context,0x069d1525,false
25705196,0xec31298390ce9146b602992f40a4d2d9c3af9b80fc6d637d0f0649b73400b613,0x77746d6ffa0bf81eda08b16826d9b1e3068b593c,0x555ce236c0220695b68341bc48c68d52210cc35b,2026-08-08T03:33:04,dense_internal_fund_flow;complex_trace,0xc3c16ee4,true
25705197,0x9c1f67dd8d3a1736d1958fd10eb210a0d4c25c6105b3ae47ed51cc299390ba3c,0xb55ee36a19b06bc0df69802abf0f849f1e4ff529,0xd1d7b571134d1f519485bf7b46d9e25698f62a65,2026-08-08T03:33:11,selfdestruct_context,0xf3fef3a3,true
25705197,0xd8e25dcb6ec80067fde7d5d2200b82eb3dd41ff1982c1f6496261a7db728fb8f,0xe487832018fbd594c84f1db3dfac61cde98a5f36,0x91ff8bbd8ebb07893010d50a48a1609e5ebd8e34,2026-08-08T03:33:11,complex_trace;high_gas_used_context,0x069d1525,false
25705197,0xe4f7593ad32dafcb0fad2322b83c9a659f2fed6f129889108139aa2eac3955c9,0x18ab03df0bcf7a4ec0cc2274ef1c0bdad03af12f,0xe68ab4f90fe026b9873f5f276ed2d7efbbbe42be,2026-08-08T03:33:11,dense_internal_fund_flow;large_erc20_asset_flow,0x614b3341,true
25705197,0xe553af4e47ee65fa3a1604ed902c19e9e21ed90de12428e89d556016c8ae7685,0xe99bd1c2dd70cd58e5efd47887991700e7318ce2,0xad3b67bca8935cb510c8d18bd45f0b94f54a968f,2026-08-08T03:33:11,dense_internal_fund_flow;complex_trace;high_gas_used_context;token_activity_burst;approval_burst,0x146ee74d,true
25705197,0x54e30caefd688e9ada3f7161e3fd3164f6ed3c2daaf573e50fbd06e4949e7908,0x50f64a4d7f6b5472ee7d9b471a2f251662c3e648,0x0889e9327b98d7d1be3c301a4585ff3330502c9a,2026-08-08T03:33:12,large_erc20_asset_flow,0x1fff991f,true
25705197,0xa776adfd258070d2b8c407297e6f2bd914c0e5366348b0ca62f056d513eea7a6,0x4337011463ef6bd863e47e7b5e743d2522261131,0x0000000071727de22e5e9d8baf0edac6f37da032,2026-08-08T03:33:12,large_erc20_asset_flow,0x765e827f,true
25705197,0xc4d6d27e30febe8e3b0d63d13e4fe156c22ab091599545b895a6d45133150237,0xd6434d157f254276d69ede3bd9fc805482206908,0x7ec8a30a34b86927dc77b302603d1d53e640bef7,2026-08-08T03:33:12,repeated_internal_token_drain;dense_internal_fund_flow;very_complex_trace;high_gas_used_context;token_activity_burst;repeated_risky_internal_calls,0xa9059cbb,true
25705197,0x9afab61d36c828985e1c317365c9c7409edfa78da69990cd21df7f139a04e558,0xd4d50390c4ab9bcf40b75f3391427d1e184417d2,,2026-08-08T03:33:13,large_mint_to_sender;privileged_execution_context;high_gas_used_context;contract_creation_context,0x60806040,true
25705197,0xe577c45a5735bc456edbd6444b1088e74f49edc0fe8d0886d499eb380f9c69a7,0x7c615e12d1163fc0dddaa01b51922587034f5c93,0x0e6f1f06eca6a9c226d57e85a2547be45f6c78a2,2026-08-08T03:33:13,privileged_execution_context;complex_trace,0xc6fe8747,false
25705197,0x8a364c74c9fc64696a9e6b8f0d76fadcb4687cf5a91481e7db5f3176e0644043,0x1cda83fe97a2e0a8f94a9cf32da947c23b72ba02,0x3bd9adae6643ddcddd02746b8b60075e56df9478,2026-08-08T03:33:14,large_erc20_asset_flow,0xac9650d8,true
25705197,0xf5d3297a81ce5c88189386d995dd8e5db1ac20f57b181e4d62a1349727598d10,0x0595accca29654c43bd67e18578b30a405265234,0x535e01f948458e0b64f9db2a01da6f32e240140f,2026-08-08T03:33:15,large_erc20_asset_flow;complex_trace,0xbd150131,true
25705199,0x2dbc15bf779808fabcd8fec2c9782c255787bb3913ae7d5b65a67dee6337baf1,0x595bcc144ea75a3ff782b9ea83d04c7b256b3159,0x28b1dc1a5e3699a428bc51d234dfab7c9cb2a183,2026-08-08T03:33:26,complex_trace;high_gas_used_context;token_activity_burst,0x0c307f76,false
25705199,0x4f3b87e8ef44f600b43d0f4bb08778cd0325d6792475a13f00b00683024ea6b2,0x5b43453fce04b92e190f391a83136bfbecedefd1,0xbdb3ba9ffe392549e1f8658dd2630c141fdf47b6,2026-08-08T03:33:26,dense_internal_fund_flow;complex_trace;high_gas_used_context;token_activity_burst,0x000000c3,true
25705199,0xef5eec8f3625765b54f596051f5bd846d8a538d9e278b40caaa0277f31fa38ce,0xe487832018fbd594c84f1db3dfac61cde98a5f36,0x91ff8bbd8ebb07893010d50a48a1609e5ebd8e34,2026-08-08T03:33:26,complex_trace;high_gas_used_context,0x069d1525,false
25705199,0x81c064242b3e531feca19f5724ab0735d4e41917ba24967016a6343fdd91db61,0x70e59f9c304e4d5096bd408b571e2dcd99c3120b,0xad3b67bca8935cb510c8d18bd45f0b94f54a968f,2026-08-08T03:33:27,complex_trace;high_gas_used_context;token_activity_burst;approval_burst,0x146ee74d,false
25705199,0x42de4acdd43f4900e04428e4c7849b29baa7ca4ef7a380c1e01fbc1d4ac7f0a0,0x052d2cbc749801b7ab5d0b59a6d27ea382b2a2ee,0x0a252663dbcc0b073063d6420a40319e438cfa59,2026-08-08T03:33:28,dense_internal_fund_flow;large_mint_to_sender;very_complex_trace;high_gas_used_context;token_activity_burst;selfdestruct_context,0xf5878b9b,true
25705199,0x6e5c86de81901b218b1a4d7f8979c24bf60c9c9d5b46563b3cb5d94f906058a1,0xd6434d157f254276d69ede3bd9fc805482206908,0x7ec8a30a34b86927dc77b302603d1d53e640bef7,2026-08-08T03:33:28,repeated_internal_token_drain;dense_internal_fund_flow;very_complex_trace;high_gas_used_context;token_activity_burst;repeated_risky_internal_calls,0xa9059cbb,true
25705199,0xfae677eaea7daeb85991fcbd450ebb50dd381378cc0251dc4e4a1fc8bb2aae04,0xb992ad53ee7dbdaa7e01631f97a2f05c10ed9f00,0x6a000f20005980200259b80c5102003040001068,2026-08-08T03:33:28,large_erc20_asset_flow,0x1a01c532,true
25705199,0x22f64babc0faacc5c775754f61a1045a4febd60672ac40b0429a6764202e12bd,0x09cfee647fa339133380191c8db6b44f24500c9d,0x77b85afbcd336993ac1c65057531c5a5b33b76b8,2026-08-08T03:33:29,high_gas_used_context;token_activity_burst,0xa9059cbb,false
25705199,0x7641e1f1f22049e25fb7121764e72458f115dea40aa271520d3d38ec9a07152d,0xbad000006db10503589262b55d09bb7b3c5e1472,0xbbbbb048b1a85ca221058c45525095b6a68bbbbb,2026-08-08T03:33:29,repeated_internal_token_drain;dense_internal_fund_flow;complex_trace;high_gas_used_context;token_activity_burst;repeated_risky_internal_calls,0xa9059cbb,true
25705199,0xd49ee33123d8314f00e8bda7b53608ffbcb9c81fdf521fd48a20ebb7f8436893,0x1584a8ee67789d1fe161065388657ad2f2a3c7dd,0x77eb52e44db06777bce478159f25c0d55a295314,2026-08-08T03:33:29,repeated_internal_token_drain;dense_internal_fund_flow;complex_trace;high_gas_used_context;token_activity_burst;repeated_risky_internal_calls,0xa9059cbb,true
25705199,0xea5125572691ee7f513746e701fefa5a7bc5932dd3a391771a751e7ce2192ab1,0xc00fc2ec5099db4850e4035d1537f757d1744485,0x87be3fc3edfe10cb8ce1244d6a1969fc55f9f83c,2026-08-08T03:33:30,large_erc20_asset_flow,0xfa98a33f,true
25705200,0x358412dc8362cdca41c778be3f23cbb6e47f70f5f008343ba350561a1a6c7524,0x7830c87c02e56aff27fa8ab1241711331fa86f43,0xa9d1e08c7793af67e9d92fe308d5697fb81d3e43,2026-08-08T03:33:36,dense_internal_fund_flow,0x1a1da075,true
25705200,0x6cafa68a6319191495cbcf49604f5d3f8cfdf94f8b77ee2d57d1654ff0940045,0x4337001fff419768e088ce247456c1b892888084,0x5ff137d4b0fdcd49dca30c7cf57e578a026d2789,2026-08-08T03:33:36,privileged_execution_context;complex_trace,0x1fad948c,false
25705200,0x95b7f71f78b0a88a97990a4ba87c1bca606d3eebf04689242335823b1e975fac,0x7830c87c02e56aff27fa8ab1241711331fa86f43,0xa9d1e08c7793af67e9d92fe308d5697fb81d3e43,2026-08-08T03:33:36,large_erc20_asset_flow;token_activity_burst,0xca350aa6,true
25705200,0x9c086342e375820b06ff4c4e5b9398bf35197bc97797f38bf6811e9d9666eb6f,0xe487832018fbd594c84f1db3dfac61cde98a5f36,0x91ff8bbd8ebb07893010d50a48a1609e5ebd8e34,2026-08-08T03:33:36,complex_trace;high_gas_used_context,0x069d1525,false
25705200,0xd3abb563c23cb8a1613846facaafdc78d36d45162534b5d5f20a5c4a4d2ba10a,0x754dcfb2861547015b221e963b4133a71dbdc024,0x3e07be15370d8b12d80a159a7ef14b9e51869497,2026-08-08T03:33:36,dense_internal_fund_flow;complex_trace,0x21af54c6,true
25705200,0x4e38a30b2d769a0e381d3f7972796cd3c762d6186c738eb3670dfc7503c03420,0xe91bcae4a2d7b951304695f93cf1b9a1837cfe43,0x7ec8a30a34b86927dc77b302603d1d53e640bef7,2026-08-08T03:33:37,repeated_internal_token_drain;dense_internal_fund_flow;very_complex_trace;high_gas_used_context;token_activity_burst;repeated_risky_internal_calls,0xa9059cbb,true
25705200,0x19f273c8743cc303f7157a79e00363c9fd93e2bdf444aff65df28227555e51da,0x283504f935274046827e023fafc74b328c9c06f1,0xd1a557fe9d49d047a2318c05a13523e4b9e56e09,2026-08-08T03:33:38,dense_internal_fund_flow;large_erc20_asset_flow;complex_trace,0xc92cf3c1,true
25705201,0x02a7dd76e02ba4e1b4d25b9ce3e7f801d2d1295f53578fcad4c81a39b949cb54,0xbad000006db10503589262b55d09bb7b3c5e1472,0xbbbbb048b1a85ca221058c45525095b6a68bbbbb,2026-08-08T03:33:44,repeated_internal_token_drain;dense_internal_fund_flow;very_complex_trace;high_gas_used_context;token_activity_burst;repeated_risky_internal_calls,0xa9059cbb,true
25705201,0x8efd180e0b7ddd7860c9b895358d6821341d19e6688ff5927f85dadd5fd37e2f,0xe50fede239b079f5b180f5c39020ee05c9512171,0xee100c0405021be2ce2a263780a0f16f9fcdf35e,2026-08-08T03:33:44,dense_internal_fund_flow;very_complex_trace;high_gas_used_context;token_activity_burst,0xa9059cbb,true
25705202,0x5904b1dc0f9644d76e7a6c2dc894dba66f12c6511ff7fb590cd4bed2e13fe298,0x8a95ce124c623df5d54eab2e063e941f8db0ba24,0xa9fa9509da9a161b7ecfdc2687b6ad0cc648a22c,2026-08-08T03:33:52,complex_trace;high_gas_used_context,0x80bc2f71,false
25705202,0x7fd4e14f89d2b8645bd32e2bca92c94dc6698ae97f3edcaafb6411f49e98d5ef,0xae2fc483527b8ef99eb5d9b44875f005ba1fae13,0x1f2f10d1c40777ae1da742455c65828ff36df387,2026-08-08T03:33:52,large_erc20_asset_flow;complex_trace,0x2bd0dac1,true
25705202,0x92284a8ce18b990c02786d66886c7b3faebcea2f6466a658705ed279c9810bf5,0xe487832018fbd594c84f1db3dfac61cde98a5f36,0x91ff8bbd8ebb07893010d50a48a1609e5ebd8e34,2026-08-08T03:33:52,complex_trace;high_gas_used_context,0x069d1525,false
25705202,0xa8236cf1848c39530da136c16a5a920ff61bc069819bc835e826827b5c57ec91,0x5b43453fce04b92e190f391a83136bfbecedefd1,0xbdb3ba9ffe392549e1f8658dd2630c141fdf47b6,2026-08-08T03:33:52,large_erc20_asset_flow;token_activity_burst,0x000000c3,true
25705202,0xf54da119ab3c27a5f6be66724e79d91fd74a430c5e56396c7436252f00512fb5,0xae2fc483527b8ef99eb5d9b44875f005ba1fae13,0x1f2f10d1c40777ae1da742455c65828ff36df387,2026-08-08T03:33:52,large_erc20_asset_flow;complex_trace,0x2bd0a0b8,true
25705202,0x0f41cd27f3a4ac3a03696f25e5ccc19345d80bf364dd1ac6e9170970513c5d97,0xe50fede239b079f5b180f5c39020ee05c9512171,0xee100c0405021be2ce2a263780a0f16f9fcdf35e,2026-08-08T03:33:53,dense_internal_fund_flow;very_complex_trace;high_gas_used_context;token_activity_burst,0xa9059cbb,true
25705202,0xb51b13e3c210caa86063b708a7aaa771e4534916fb4ff42d305dc687ece1803f,0xd6434d157f254276d69ede3bd9fc805482206908,0x7ec8a30a34b86927dc77b302603d1d53e640bef7,2026-08-08T03:33:53,repeated_internal_token_drain;dense_internal_fund_flow;very_complex_trace;high_gas_used_context;token_activity_burst;repeated_risky_internal_calls,0xa9059cbb,true
25705202,0xcd167a79879a9eb8c3eb4338c4e05a4ca43b7504a86910f4fb30a26330004bc7,0x052d2cbc749801b7ab5d0b59a6d27ea382b2a2ee,0x0a252663dbcc0b073063d6420a40319e438cfa59,2026-08-08T03:33:53,dense_internal_fund_flow;large_mint_to_sender;very_complex_trace;high_gas_used_context;token_activity_burst;selfdestruct_context,0xf5878b9b,true
25705202,0x3880856b5e36bcc5f5376b8caeaa86bfe060257c14ff9069a90db2d962db1d7a,0xa9bce3f374ef890067710a218d21e1b3d7f267b6,0xccc88a9d1b4ed6b0eaba998850414b24f1c315be,2026-08-08T03:33:54,large_erc20_asset_flow;complex_trace,0xf9e4bab4,true
25705203,0x85ad412234eb9fba44865bf8ba05e9d2d2f618d55659c567670880c1ed27ca91,0xf6ac9b48c96336cb6cbb114e38d892e595f14b37,0x1231deb6f5749ef6ce6943a275a1d3e7486f4eae,2026-08-08T03:33:59,dense_internal_fund_flow;complex_trace;high_gas_used_context,0x637f1d04,true
25705203,0x46c251ed8dd5e56afeb6ff8a4f4c7fd2afdd18cae929effa648379f5a6134476,0xe50fede239b079f5b180f5c39020ee05c9512171,0xee100c0405021be2ce2a263780a0f16f9fcdf35e,2026-08-08T03:34:00,dense_internal_fund_flow;very_complex_trace;high_gas_used_context;token_activity_burst,0xa9059cbb,true
25705203,0x5d36f8409fb3711fc7280b8c7abd8ec0af5c83d3a324f97d32bc293639e96e58,0xe487832018fbd594c84f1db3dfac61cde98a5f36,0x91ff8bbd8ebb07893010d50a48a1609e5ebd8e34,2026-08-08T03:34:00,complex_trace;high_gas_used_context,0x069d1525,false
25705203,0xbb34b181443ab9803c6dfb733eb620f5adc872cf63011b846c38d444eb4aec26,0xd6434d157f254276d69ede3bd9fc805482206908,0x7ec8a30a34b86927dc77b302603d1d53e640bef7,2026-08-08T03:34:00,repeated_internal_token_drain;dense_internal_fund_flow;very_complex_trace;high_gas_used_context;token_activity_burst;repeated_risky_internal_calls,0xa9059cbb,true
25705203,0xff4940a1a445e97d019afbb11609367c591b00139acae91ee7eaa898a44af0a9,0x1584a8ee67789d1fe161065388657ad2f2a3c7dd,0x77eb52e44db06777bce478159f25c0d55a295314,2026-08-08T03:34:01,repeated_internal_token_drain;dense_internal_fund_flow;complex_trace;high_gas_used_context;token_activity_burst;repeated_risky_internal_calls,0xa9059cbb,true
25705204,0x0687cbb43f99f2a6ded7793444b771f7e5fa1100d1944f008a08b265b1238174,0x33de1135ccd8d60b9d78ce4ce92229705ae9c6dd,0x0000000000000068f116a894984e2db1123eb395,2026-08-08T03:34:06,complex_trace;high_gas_used_context,0x87201b41,false
25705204,0x802bc167c874b29b570b0ee6b1bf4d17ad8c496e3f921f62bed95183cb686f4e,0xe487832018fbd594c84f1db3dfac61cde98a5f36,0x91ff8bbd8ebb07893010d50a48a1609e5ebd8e34,2026-08-08T03:34:06,complex_trace;high_gas_used_context,0x069d1525,false
25705204,0xf07ab26df429a24a71dab1ea7accfd953dced9f567b267a8a6b3472d2e05800c,0xe99bd1c2dd70cd58e5efd47887991700e7318ce2,0xad3b67bca8935cb510c8d18bd45f0b94f54a968f,2026-08-08T03:34:06,large_erc20_asset_flow;complex_trace;high_gas_used_context;token_activity_burst;approval_burst,0x146ee74d,true
25705204,0x17dcf5a06bb8a99b93a31a1d82d7a0919b79d0dc9c404ab9fd3e1034963a2c02,0x052d2cbc749801b7ab5d0b59a6d27ea382b2a2ee,0x0a252663dbcc0b073063d6420a40319e438cfa59,2026-08-08T03:34:08,dense_internal_fund_flow;large_mint_to_sender;very_complex_trace;high_gas_used_context;token_activity_burst;selfdestruct_context,0xf5878b9b,true
25705204,0x7ef3b2e9a964d01e5fe16422882ecda6be73269fafc831796b596a05b753d8c4,0x59aab1bd0d26290274398c07b55955c15425e16b,0x00fe78205f5f0e63b8ad2b2ae5337f538a610e04,2026-08-08T03:34:38,repeated_internal_token_drain;dense_internal_fund_flow;complex_trace;high_gas_used_context;token_activity_burst;repeated_risky_internal_calls,0x34fcd5be,true
25705204,0xe198996c489103e7f62e3d351b56c6da4cddfde92dde5f9d3dbc3e34b5263fdf,0xa154b98e53fc35e1bad1ff758acbc8c629bdcd2b,0x19917386eeae67b6ff7ddf07de4019fca40aa4ec,2026-08-08T03:34:38,repeated_internal_token_drain;dense_internal_fund_flow;very_complex_trace;high_gas_used_context;token_activity_burst;repeated_risky_internal_calls,0xa9059cbb,true
25705204,0xeeb4ebc7edc5d1e899b14db144140b644bd9cefe5898dfe783efdf86d4918ed5,0x902cabc83daf98bdc457c09a150fe62e2261063b,0x6131b5fae19ea4f9d964eac0408e4408b66337b5,2026-08-08T03:34:38,dense_internal_fund_flow;large_erc20_asset_flow;complex_trace,0xe21fd0e9,true
25705205,0x4f3579e986523e63cd80612b03e26f479bf76a33587496be026805630de97b66,0x7830c87c02e56aff27fa8ab1241711331fa86f43,0xa9d1e08c7793af67e9d92fe308d5697fb81d3e43,2026-08-08T03:34:44,dense_internal_fund_flow,0x1a1da075,true
25705205,0x126f5609b89773dc60493a79347bb4bd2807c69e9b04a1684b958d44379e566e,0x2f707265e61300e8290c18e38ebcbd129fb0b0f5,0x6131b5fae19ea4f9d964eac0408e4408b66337b5,2026-08-08T03:34:45,complex_trace;high_gas_used_context;token_activity_burst,0xe21fd0e9,true
25705205,0x268b70a5e3295789f21f22ea031c0cec7216405bbdb5fe4891c2c95355744e5e,0x7830c87c02e56aff27fa8ab1241711331fa86f43,0xa9d1e08c7793af67e9d92fe308d5697fb81d3e43,2026-08-08T03:34:45,large_erc20_asset_flow;token_activity_burst,0xca350aa6,true
25705205,0x5ba052b487277c9667a8ef6d5e07a91726e38a3dd80cad884c2b5b5d1b57b1e0,0x062ce42cae04c51d04e77e3d64cc8953a2296ffe,0x8a25a24ede9482c4fc0738f99611be58f1c839ab,2026-08-08T03:34:45,large_erc20_asset_flow;complex_trace,0x6a761202,true
25705205,0x64181f3db6a3aa289b1f665aa1c28ee985f6eef7773ee9f45e534003007a9798,0xe487832018fbd594c84f1db3dfac61cde98a5f36,0x91ff8bbd8ebb07893010d50a48a1609e5ebd8e34,2026-08-08T03:34:45,complex_trace;high_gas_used_context,0x069d1525,false
25705205,0x3b0396c193a2f4b3ee9e984bd8f72dd959abdbf7461a7a8c6ec39bf5912b8194,0xd6434d157f254276d69ede3bd9fc805482206908,0x7ec8a30a34b86927dc77b302603d1d53e640bef7,2026-08-08T03:34:46,repeated_internal_token_drain;dense_internal_fund_flow;very_complex_trace;high_gas_used_context;token_activity_burst;repeated_risky_internal_calls,0xa9059cbb,true
25705205,0xe49b1124414f7fecbbdd5ea005a128a784ff6900f36627e78e01ae49ceca2782,0xb23360ccdd9ed1b15d45e5d3824bb409c8d7c460,0x09c30cdcdd971423cb3ba757a47d56c35d06d818,2026-08-08T03:34:46,dense_internal_fund_flow,0x318adb8b,true
25705205,0x46411472501afe7ca5ff69d47793488cfbdae16ba8eedf613cab2d041e08ce27,0x9581a8a5e0e71cf4d23b9ccb3d529f115f4df6d5,0x97974dac5c287e03b12da9410febc0ccabb033b1,2026-08-08T03:34:47,large_erc20_asset_flow;complex_trace,0x71c83dd4,true
25705206,0x0ad66f22e4d73df544e044cf63eafa2d7f155498accb62c145c4b0c646c9390a,0xe487832018fbd594c84f1db3dfac61cde98a5f36,0x91ff8bbd8ebb07893010d50a48a1609e5ebd8e34,2026-08-08T03:34:53,complex_trace;high_gas_used_context,0x069d1525,false
25705206,0x796c945c7073504b132f1d3b567b54c0a8fcbd1cef822e110f982c6ffc3a7518,0x56acd307e6133d0b44c269dd7843d77fb1a58cc6,0x28b1dc1a5e3699a428bc51d234dfab7c9cb2a183,2026-08-08T03:34:53,complex_trace;high_gas_used_context,0xf2c42696,true
25705206,0x4b245029a793ee1b247b1006df0504b5d20f1bb931177d1d82b5f0cc4d7542f4,0x09cfee647fa339133380191c8db6b44f24500c9d,0x77b85afbcd336993ac1c65057531c5a5b33b76b8,2026-08-08T03:34:54,high_gas_used_context;token_activity_burst,0xa9059cbb,false
25705206,0x55779205b0177524047163a6e40f9b3198f158b5b4620cb3a523cbb02bc5d425,0x1584a8ee67789d1fe161065388657ad2f2a3c7dd,0x77eb52e44db06777bce478159f25c0d55a295314,2026-08-08T03:34:54,repeated_internal_token_drain;dense_internal_fund_flow;complex_trace;token_activity_burst;repeated_risky_internal_calls,0xa9059cbb,true
25705206,0xabcb1881aa56f59f9f62a71a2a58eb36e69410807688e1b4c74a140f0c411e10,0x43cd5919a45a5fa51b7f8fff8069902f405fe825,0x4c82d1fbfe28c977cbb58d8c7ff8fcf9f70a2cca,2026-08-08T03:34:54,dense_internal_fund_flow,0x3593564c,true
25705206,0xf18abf3c69fcfd08f59d15ddc0480337daf63a0c47026f74ef7b65f96aca124e,0x45332eee9b495b1dda896fd53112eaacc10b2c19,0x75a6e4a7c8faa162192fad6c1f7a6d48992c619a,2026-08-08T03:34:54,large_erc20_asset_flow,0x46d9d49a,true
25705206,0xfef1c45e9fe0d75e75e6807fa8c2fc9bee9d77627bf665f13c08da2a8416e251,0xf279dfcdd57e1571c95e2c5b7e2ee453cbcdf77f,0x0000000071727de22e5e9d8baf0edac6f37da032,2026-08-08T03:34:54,privileged_execution_context,0x765e827f,false
25705207,0x827811bc10de3cc41e5dcfb9c9350d57e494753bfbf9ef5710a0ccabcc4bcd21,0x052d2cbc749801b7ab5d0b59a6d27ea382b2a2ee,0x0a252663dbcc0b073063d6420a40319e438cfa59,2026-08-08T03:34:59,dense_internal_fund_flow;large_mint_to_sender;very_complex_trace;high_gas_used_context;token_activity_burst;selfdestruct_context,0xf5878b9b,true
25705207,0x8f9c5c68dce313f3c7f8f6381e61e099fd302975e4ef9c509081370aeb665b71,0x1feed341f68ae6812b30e139ab074182ea4e3830,0x9e9110cfd24cd851ea5bc73a27975b33e308f9e1,2026-08-08T03:34:59,large_erc20_asset_flow,0xeb7499cf,true
25705207,0xb213814880efa657b0aa8bf97c1f30588fc24d6cafd172c7266d5cfbd1bec6a2,0x4f4546005011da54c43e33a4dd30ba43d9540351,0x76c506c9a3af417deecbb980da4ff6c4b5c71b98,2026-08-08T03:34:59,complex_trace;high_gas_used_context;approval_burst,0x0fcfe2c4,false
25705207,0xbd982a87977ffeddd81965734da97abe3cfa525d9ad9c7a0f429e2542d8cbdc5,0xd6434d157f254276d69ede3bd9fc805482206908,0x7ec8a30a34b86927dc77b302603d1d53e640bef7,2026-08-08T03:34:59,repeated_internal_token_drain;dense_internal_fund_flow;complex_trace;high_gas_used_context;token_activity_burst;repeated_risky_internal_calls,0xa9059cbb,true
25705208,0x840800f9a61bcd50c7b3f713277b8fdd777b8a6b0e285925b650e3e4656913a9,0xe20446cccbfd5f9038e747f1dea8016ecbd94ae5,0x442be06bb5d13711a22ccd3fa382b72a874c5135,2026-08-08T03:35:05,privileged_execution_context;complex_trace,0xf7b5c341,false
25705208,0x638f1e89f2b20881dcb7f016e677042e9a9afddefa89ab0347af05a668747e0d,0x80d04079ffc53eb14edbeeb37279d126f45552df,0x4dd57262faaa652dc9e44e670a87a9ff958c3106,2026-08-08T03:35:06,repeated_internal_token_drain;dense_internal_fund_flow;very_complex_trace;high_gas_used_context;token_activity_burst;repeated_risky_internal_calls,0x8aaa8f3b,true
25705208,0x769dab02f8586315375ebd9f79b44b4b54905308e2d90270dd629125daf0486b,0x283504f935274046827e023fafc74b328c9c06f1,0xd1a557fe9d49d047a2318c05a13523e4b9e56e09,2026-08-08T03:35:06,dense_internal_fund_flow;complex_trace,0xc92cf3c1,true
25705208,0x9735a2ad77841c09fae447e0dd5939727f4965c5fb60b795aa0b2e1f781dcfef,0x7b49bc3ebbdf7322f31c6449320382bbec3be1b6,0xad3b67bca8935cb510c8d18bd45f0b94f54a968f,2026-08-08T03:35:06,complex_trace;high_gas_used_context;token_activity_burst;approval_burst,0x146ee74d,false
25705208,0xb43ee711fc3b6186fec96c9b71ce94e479dc7ac940d944b4f6b309ea3acc5e86,0x59aab1bd0d26290274398c07b55955c15425e16b,0x00fe78205f5f0e63b8ad2b2ae5337f538a610e04,2026-08-08T03:35:06,complex_trace;high_gas_used_context;token_activity_burst,0x34fcd5be,false
25705209,0x0ee9d4a2f57a71be0d01182f8f84a38e6aa564d5a35dae185e28c142f907b3db,0x33de1135ccd8d60b9d78ce4ce92229705ae9c6dd,0x0000000000000068f116a894984e2db1123eb395,2026-08-08T03:35:11,complex_trace;high_gas_used_context,0x87201b41,false
25705209,0x53241b2709b39412d0602658bc288f8ab86e3ce24c5a952ce9c51ebee36c9b53,0x123dec6a930fada39aee5d9bc9bbfe550c934138,0x28b1dc1a5e3699a428bc51d234dfab7c9cb2a183,2026-08-08T03:35:11,complex_trace;high_gas_used_context,0xf2c42696,true
25705209,0x5a0bb95b54ddfb129b9e662102b9a64f9a5701d22a61f51205b7cfbabed74318,0x902cabc83daf98bdc457c09a150fe62e2261063b,0x7d7327624bf9627fc11f6da240db8066c4beb3c8,2026-08-08T03:35:11,large_erc20_asset_flow,0xf4e8cd69,true
25705209,0xc54031031e90199f957cb98e78f9da72d328019089f43ec726053c547b579351,0xe20446cccbfd5f9038e747f1dea8016ecbd94ae5,0x442be06bb5d13711a22ccd3fa382b72a874c5135,2026-08-08T03:35:11,privileged_execution_context,0xf7b5c341,false
25705209,0xffdf9e4f5fb1de63096722907c9d149086a264c029797d63e9cd94bbfd743b59,0x4f4546005011da54c43e33a4dd30ba43d9540351,0x76c506c9a3af417deecbb980da4ff6c4b5c71b98,2026-08-08T03:35:11,complex_trace;high_gas_used_context;approval_burst,0x0fcfe2c4,false
25705209,0x7b25b45a990981145bc090a981854ed93e6a19b42a6bb6888f0a5812829a3983,0xb0bada5d45d939a03c6d211d24a61a4418d7cd13,0x3f3126f770608669f5bac8e0c8c43e32ca10034c,2026-08-08T03:35:13,complex_trace;high_gas_used_context;approval_burst,0x07914b70,false
25705210,0xac3c822c3230f5d521c669472e54096877c9077323200b1b12f9daea1fd327bd,0xe2da046340e00264c4f0443243a0565007ae08ac,0x595ca88510a9101bd40a244ae92d2a6fc860ea75,2026-08-08T03:35:17,complex_trace;high_gas_used_context,0x380db829,false
25705210,0xe78691fca388c27a710e9a36d2585d3f11eaa206f0cae7368fc6288ec3d546ca,0xe2da046340e00264c4f0443243a0565007ae08ac,0x0939726264f2667429ef68e2b3734ecfbbad3abb,2026-08-08T03:35:17,complex_trace;high_gas_used_context,0x380db829,false
25705210,0x40423fbc6c3b19dd371b06a5c5d102d4a84ab276523e9686f95c4f7ea07e97f9,0x1feed341f68ae6812b30e139ab074182ea4e3830,0x9e9110cfd24cd851ea5bc73a27975b33e308f9e1,2026-08-08T03:35:19,large_erc20_asset_flow,0xeb7499cf,true
25705210,0x903007f9d29da093687c4296ece1a16b0daf4b06cd56405c29cb80a0157c7c0c,0xfeed4c53d827aebebed6066788065ea1027c7e70,0x7583d7f36635e5642713accbded717ca59fdad07,2026-08-08T03:35:19,privileged_execution_context;very_complex_trace;high_gas_used_context;token_activity_burst;approval_burst,0x0af210a1,false
25705210,0xde1eaa05bbda0a6a70e8ab5e850fd918b51115e646f6c27dbc59f9c25ffaf40b,0x052d2cbc749801b7ab5d0b59a6d27ea382b2a2ee,0x0a252663dbcc0b073063d6420a40319e438cfa59,2026-08-08T03:35:19,dense_internal_fund_flow;large_mint_to_sender;very_complex_trace;high_gas_used_context;token_activity_burst;selfdestruct_context,0xf5878b9b,true
25705210,0xe6db0392896a80d231fa9557d1c5c0eed1917508d37e27d04afa24bec0dd0bdc,0x1584a8ee67789d1fe161065388657ad2f2a3c7dd,0x77eb52e44db06777bce478159f25c0d55a295314,2026-08-08T03:35:19,repeated_internal_token_drain;dense_internal_fund_flow;complex_trace;token_activity_burst;repeated_risky_internal_calls,0xa9059cbb,true
25705210,0xfefaaa376f1e64a81053d0de2f252a1d4c425b4925d5b39c5397af39648823b6,0xd6434d157f254276d69ede3bd9fc805482206908,0x7ec8a30a34b86927dc77b302603d1d53e640bef7,2026-08-08T03:35:19,repeated_internal_token_drain;dense_internal_fund_flow;very_complex_trace;high_gas_used_context;token_activity_burst;repeated_risky_internal_calls,0xa9059cbb,true
25705211,0x128b1d0aedf4cf35c14b681e711f47272e17fb4a46295e3ce336c01d0513fb67,0x7830c87c02e56aff27fa8ab1241711331fa86f43,0xa9d1e08c7793af67e9d92fe308d5697fb81d3e43,2026-08-08T03:35:25,dense_internal_fund_flow,0x1a1da075,true
25705211,0x2832ea7ca78c65c32b64b93eb682a87182670acecc7d947f50e920ed17746d13,0xae2fc483527b8ef99eb5d9b44875f005ba1fae13,0x1f2f10d1c40777ae1da742455c65828ff36df387,2026-08-08T03:35:25,dense_internal_fund_flow,0x2bad1c04,true
25705211,0xda7a684e798af39c47b107b61b5afd5732879213f71815e2c1fa223e70af4bb6,0x7830c87c02e56aff27fa8ab1241711331fa86f43,0xa9d1e08c7793af67e9d92fe308d5697fb81d3e43,2026-08-08T03:35:25,large_erc20_asset_flow;token_activity_burst,0xca350aa6,true
25705211,0xf5496c4e827aeb4bd505b79db255da51e3a8f9c3568250247d14ee5cb9d4638a,0xae2fc483527b8ef99eb5d9b44875f005ba1fae13,0x1f2f10d1c40777ae1da742455c65828ff36df387,2026-08-08T03:35:25,dense_internal_fund_flow,0x2bd0bd21,true
25705211,0xfe3e95e1fe1d5036d78a8f208f351d185a44c48a50f1468e2b58a11ab5482d83,0x1c1cde1b7686765ebfa41d7b60b8131f181c2cf2,0x28b1dc1a5e3699a428bc51d234dfab7c9cb2a183,2026-08-08T03:35:25,dense_internal_fund_flow;complex_trace;high_gas_used_context;token_activity_burst,0xf2c42696,true
25705211,0xcdcb0f7f74fc23e6f1f60b1de2b1ab13d6b3f23b9641ae541c2bc7e6c7bdb34a,0x4f4546005011da54c43e33a4dd30ba43d9540351,0x76c506c9a3af417deecbb980da4ff6c4b5c71b98,2026-08-08T03:35:27,complex_trace;high_gas_used_context,0xdfd49b42,false
25705212,0x2d1075f299daa6ddfe1a81da3805d921b153e602cde74bf6fa26c10ab58e9aaa,0x70e59f9c304e4d5096bd408b571e2dcd99c3120b,0xad3b67bca8935cb510c8d18bd45f0b94f54a968f,2026-08-08T03:35:33,dense_internal_fund_flow;complex_trace;high_gas_used_context;token_activity_burst;approval_burst,0x146ee74d,true
25705212,0x10e307aaaebfe3b9c943341cc53028206ff8d9f996f29f9df67b122fb738f9bf,0xa154b98e53fc35e1bad1ff758acbc8c629bdcd2b,0x19917386eeae67b6ff7ddf07de4019fca40aa4ec,2026-08-08T03:35:34,repeated_internal_token_drain;dense_internal_fund_flow;very_complex_trace;high_gas_used_context;token_activity_burst;repeated_risky_internal_calls,0xa9059cbb,true
25705212,0x283d957bed075df7fe64b24cc7ec9e1806558c3e514907a6fca3d07df54f9417,0x7d344a2d90efb4544df07b5c510fee99b81915d4,0x81463b0f960f247f704377661ec81c1fd65b5128,2026-08-08T03:35:34,complex_trace;high_gas_used_context;token_activity_burst,0xfc0d7356,false
25705212,0x3e5cad6ad3dd72802e9e1dcbf0525403fbaec58177ef7a6fc53599aa3cd371b3,0x18dd3c14e34c1bc379f7538068c59160d9f68e25,0xb92fe925dc43a0ecde6c8b1a2709c170ec4fff4f,2026-08-08T03:35:34,dense_internal_fund_flow,0xcd6e13f7,true
25705212,0x3f6f967188d608a120cf1ab1a94d88e4be2446becadaaa56b9b5e2f6b7d9daae,0xd6434d157f254276d69ede3bd9fc805482206908,0x7ec8a30a34b86927dc77b302603d1d53e640bef7,2026-08-08T03:35:34,repeated_internal_token_drain;dense_internal_fund_flow;complex_trace;high_gas_used_context;token_activity_burst;repeated_risky_internal_calls,0xa9059cbb,true
25705212,0xe340f1ba4ed6b482b3e48c1b65f1d3ba4cb9e0054c22562b36c89507b657d576,0x052d2cbc749801b7ab5d0b59a6d27ea382b2a2ee,0x0a252663dbcc0b073063d6420a40319e438cfa59,2026-08-08T03:35:34,dense_internal_fund_flow;large_mint_to_sender;very_complex_trace;high_gas_used_context;token_activity_burst;selfdestruct_context,0xf5878b9b,true
25705212,0xfedef58071e341d43bb6992f71c770df3918ff4350c08488ad5b0b168bdadc04,0xc6acbee42e9e323140c1ed060c2f6ea9cc3b4b75,0x7c5a71c9fefbc7691f9d4ac7baf70c743792f716,2026-08-08T03:35:34,selfdestruct_context,0xf3fef3a3,false
25705213,0x4c8cf46b36b8768485d2668799a5febf747531a27f1c13937afa027199765429,0xe99bd1c2dd70cd58e5efd47887991700e7318ce2,0xad3b67bca8935cb510c8d18bd45f0b94f54a968f,2026-08-08T03:35:45,complex_trace;high_gas_used_context;token_activity_burst;approval_burst,0x146ee74d,false
25705213,0x2ced1d07bee7c5c2efa37120522f69449ff99a24a2883e4299cc4247f16414c0,0x80d04079ffc53eb14edbeeb37279d126f45552df,0x4dd57262faaa652dc9e44e670a87a9ff958c3106,2026-08-08T03:35:46,repeated_internal_token_drain;dense_internal_fund_flow;complex_trace;high_gas_used_context;token_activity_burst;repeated_risky_internal_calls,0x8aaa8f3b,true
25705213,0x243c9bcb143ad6a853f8d99dd44ee67921cdf328d4d9019390049a6f514c5be0,0x283132390ea87d6ecc20255b59ba94329ee17961,0x604e586f17ce106b64185a7a0d2c1da5bace711e,2026-08-08T03:35:48,large_erc20_asset_flow;complex_trace;high_gas_used_context,0x22bee494,true
25705214,0x301fecef40d0032949507e823bb3be5398390675b25784fe1138a3929fdb9ba3,0x283132390ea87d6ecc20255b59ba94329ee17961,0x604e586f17ce106b64185a7a0d2c1da5bace711e,2026-08-08T03:35:55,large_erc20_asset_flow;complex_trace,0x22bee494,true
25705214,0x7dc5f5e468db4251d21ac8f95508d1ba32033b70df7ee4f3ff3082dc7283e212,0xbad000006db10503589262b55d09bb7b3c5e1472,0xbbbbb048b1a85ca221058c45525095b6a68bbbbb,2026-08-08T03:35:55,repeated_internal_token_drain;dense_internal_fund_flow;very_complex_trace;high_gas_used_context;token_activity_burst;repeated_risky_internal_calls,0xa9059cbb,true
25705215,0x0682e523fbec44dcb33e349714acd1440dd1eec2b0cd95972eac31d346e0efd4,0x595bcc144ea75a3ff782b9ea83d04c7b256b3159,0xee030ec6f4307411607e55acd08e628ae6655b86,2026-08-08T03:36:11,dense_internal_fund_flow;complex_trace;high_gas_used_context;token_activity_burst,0x6e1537da,true
25705215,0x810821ede02ba8293f493778acd178c7ebf9ab437e05f66eaf3431a52800c60d,0x1584a8ee67789d1fe161065388657ad2f2a3c7dd,0x77eb52e44db06777bce478159f25c0d55a295314,2026-08-08T03:36:12,repeated_internal_token_drain;dense_internal_fund_flow;very_complex_trace;high_gas_used_context;token_activity_burst;repeated_risky_internal_calls,0xa9059cbb,true
25705215,0xf06bde8b9ac13d4ee6940b5d3cda8e33d209eb75e6b0f7c43055d9581d49213d,0x052d2cbc749801b7ab5d0b59a6d27ea382b2a2ee,0x0a252663dbcc0b073063d6420a40319e438cfa59,2026-08-08T03:36:12,dense_internal_fund_flow;large_mint_to_sender;very_complex_trace;high_gas_used_context;token_activity_burst;selfdestruct_context,0xf5878b9b,true
25705215,0x1d6a21a65a0bad4aa45b5f86733885c3ebc6ae6c5c6ecde8148aa532335a83f5,0x59aab1bd0d26290274398c07b55955c15425e16b,0x00fe78205f5f0e63b8ad2b2ae5337f538a610e04,2026-08-08T03:36:14,complex_trace;high_gas_used_context;token_activity_burst,0x34fcd5be,false
25705215,0x24061c03942367087f2d15bd8d3843f345e03875f8d1ba527b6797b1fa87dccb,0x091179e3c74e33545ce8cc07fa385827256cb84f,0x6141718f8a599f14f6ce7bbb0cd2366c191fb7de,2026-08-08T03:36:14,complex_trace;high_gas_used_context;token_activity_burst;approval_burst,0x09c5eabe,true
25705215,0xa25d0c6899efaab3e23fe61833fd0d4f14e6817f0bae79e1115ec476b458126d,0xa154b98e53fc35e1bad1ff758acbc8c629bdcd2b,0x19917386eeae67b6ff7ddf07de4019fca40aa4ec,2026-08-08T03:36:14,repeated_internal_token_drain;dense_internal_fund_flow;very_complex_trace;high_gas_used_context;token_activity_burst;repeated_risky_internal_calls,0xa9059cbb,true
25705215,0xab890116093ef4764f3c71664fc4bbe2d1cc3594b8ce6fe2029714388c8c5daa,0xd6434d157f254276d69ede3bd9fc805482206908,0x7ec8a30a34b86927dc77b302603d1d53e640bef7,2026-08-08T03:36:14,repeated_internal_token_drain;dense_internal_fund_flow;very_complex_trace;high_gas_used_context;token_activity_burst;approval_burst;repeated_risky_internal_calls,0xa9059cbb,true
25705215,0xb2ded5d13ff8d8ea3b4fb7ea4be88a80263e94a3a0e200ba96ec803002db1f5a,0x80d04079ffc53eb14edbeeb37279d126f45552df,0x4dd57262faaa652dc9e44e670a87a9ff958c3106,2026-08-08T03:36:14,repeated_internal_token_drain;dense_internal_fund_flow;complex_trace;token_activity_burst;repeated_risky_internal_calls,0x8aaa8f3b,true
25705215,0xc106a99b6e5b64b059b0ddd28326c30c570758a6370ae78a2560648d49842a63,0x3cfdc212769c890907bce93d3d8c2c53de6a7a89,0x0000000071727de22e5e9d8baf0edac6f37da032,2026-08-08T03:36:14,privileged_execution_context;complex_trace,0x765e827f,false
25705216,0x1c973df79a8264283fc8ca619941f5c62ff8ddf495ccc6d18b6166278a251e39,0x7556699aa8e6a7c9c69bcfaf9debd05f8192b063,0x84cab37995229530d9e6e5cff2f8f4ebe4517d66,2026-08-08T03:36:25,complex_trace;high_gas_used_context;token_activity_burst,0xe587456a,false
25705216,0x4240b87091d33199bd206297ced9a029d349b09f125eb94ba03a8595c120186e,0x283504f935274046827e023fafc74b328c9c06f1,0xd1a557fe9d49d047a2318c05a13523e4b9e56e09,2026-08-08T03:36:25,dense_internal_fund_flow;complex_trace,0xc92cf3c1,true
25705216,0x9388eaeff4f0069219168e68eefd803b1268b240bed13630aebc1b9d9e243384,0x47ee184de95410a2baeed267c2897a69bcab68f9,0xb276f62db0ce8ca2ca5bc522695be604521eac1c,2026-08-08T03:36:25,dense_internal_fund_flow;high_gas_used_context,0xb840cf36,true
25705216,0xb28a26d45d8894605168a715aed31200e99cb2f708187b9aa8ffe6fd50ef85c7,0xd6434d157f254276d69ede3bd9fc805482206908,0x7ec8a30a34b86927dc77b302603d1d53e640bef7,2026-08-08T03:36:25,repeated_internal_token_drain;dense_internal_fund_flow;very_complex_trace;high_gas_used_context;token_activity_burst;approval_burst;repeated_risky_internal_calls,0xa9059cbb,true
25705216,0xe7c7cf0b3e33affa231d5524ad9067725a89d773e157cf1413d88dcba771f9fb,0x834d10cef4e5a75d3edddcbb1c5a94f8094e5713,0xd226997439ecfbeff8e110c8c78c8a7eefd19f89,2026-08-08T03:36:25,large_erc20_asset_flow;complex_trace;high_gas_used_context;token_activity_burst,0x99999999,true
25705216,0x51371b03eb6beb5ae6c5d980f12e0bc77ef4bbbd0793708258368f2dbac6369e,0x7830c87c02e56aff27fa8ab1241711331fa86f43,0xa9d1e08c7793af67e9d92fe308d5697fb81d3e43,2026-08-08T03:36:26,dense_internal_fund_flow,0x1a1da075,true
25705216,0x7f377d07d426cf6414b8858eafe1fab6e1ff4be51daad726eefd495398e46be8,0xde7a849216aa3884d53d84ecb02c19eb67e5dae2,0x7d9f4ca54131e588fc1fe577973b55fb11231e76,2026-08-08T03:36:26,repeated_internal_token_drain;dense_internal_fund_flow;complex_trace;high_gas_used_context;token_activity_burst;repeated_risky_internal_calls,0x6aac3a0b,true
25705216,0x9af8de6e09d87d0957b79255607a44acde52e1bcf9b270b8391ce082ad5e5d2a,0x09cfee647fa339133380191c8db6b44f24500c9d,0x77b85afbcd336993ac1c65057531c5a5b33b76b8,2026-08-08T03:36:26,high_gas_used_context;token_activity_burst,0xa9059cbb,false
25705216,0xccb0bf810b775ca30e607c275e49e29bb0605d99ae69e74da6c7c1fdf375c5c9,0x008aa0d8e236bd28ba318a6861ccefb69e90ac14,0xb300000b72deaeb607a12d5f54773d1c19c7028d,2026-08-08T03:36:27,large_dex_price_change;complex_trace;high_gas_used_context;token_activity_burst,0x810c705b,true
25705216,0xd041e8041ad6fd7ba1310f6d57b05c393ec96124d12f777193fbc2e68ccc4aae,0xe50fede239b079f5b180f5c39020ee05c9512171,0xee100c0405021be2ce2a263780a0f16f9fcdf35e,2026-08-08T03:36:27,dense_internal_fund_flow;complex_trace;high_gas_used_context;token_activity_burst,0xa9059cbb,true
25705216,0x74fcdd56b4a3571640c80d41c1b5d0a82374a9b0a1b389f21f5366be9c416e6b,0x283132390ea87d6ecc20255b59ba94329ee17961,0x604e586f17ce106b64185a7a0d2c1da5bace711e,2026-08-08T03:36:29,large_erc20_asset_flow;complex_trace,0x22bee494,true
25705216,0xf78df748b3d7822993487abd26928a7ce03bd930d2c5076c76dc2c7191f3b5ac,0x5004b9ed59565363b6ebef1afb3cbb9b382e97b6,0xbd32122bad41a09f2405bb374a83877d8245079c,2026-08-08T03:36:29,large_dex_price_change;complex_trace,0x9481ab4b,true
25705217,0xdf933b9556e945ec13e4978ff8eb1acbb5531e8dcceb43e2f952152c6fd7831d,0xa154b98e53fc35e1bad1ff758acbc8c629bdcd2b,0x19917386eeae67b6ff7ddf07de4019fca40aa4ec,2026-08-08T03:36:31,repeated_internal_token_drain;dense_internal_fund_flow;complex_trace;high_gas_used_context;token_activity_burst;repeated_risky_internal_calls,0xa9059cbb,true
25705218,0x3808a171cdc27500c0eb9baa58adc0626501e32eba0808e4b739fb4ad83605a5,0x052d2cbc749801b7ab5d0b59a6d27ea382b2a2ee,0x0a252663dbcc0b073063d6420a40319e438cfa59,2026-08-08T03:36:48,dense_internal_fund_flow;large_mint_to_sender;very_complex_trace;high_gas_used_context;token_activity_burst;selfdestruct_context,0xf5878b9b,true
25705218,0x4c608dab4aa75c646bb76ef42d8b86431f673de2b9423bd239b14c22bc073f1f,0x5b43453fce04b92e190f391a83136bfbecedefd1,0xbdb3ba9ffe392549e1f8658dd2630c141fdf47b6,2026-08-08T03:36:48,dense_internal_fund_flow;complex_trace;high_gas_used_context;token_activity_burst,0x000000c3,true
25705218,0x616fb9a0448bd53a1c883941fb8ef0190a171c71b440f7eac99e00bbc71c4754,0x0898aebd0d5b3188fc184ec5d4e99b269b065905,0x5c537e972cbd460595e0231a83a9e9e3e59ce51b,2026-08-08T03:36:48,complex_trace;high_gas_used_context,0x3177f5f8,false
25705218,0x980f807e72d093d3fea8e3385a5c0c966137f5895cb40183a4b7dccda77f6912,0x333c92538e7f47d17c79e5975d4e40e901427558,0x06cff7088619c7178f5e14f0b119458d08d2f5ef,2026-08-08T03:36:48,large_erc20_asset_flow;complex_trace,0x99999999,true
25705218,0x0ade35e35c3fdc8e8cd468231e0b66c3b8c7a85069ee52a2da93d33d765beef6,0x1584a8ee67789d1fe161065388657ad2f2a3c7dd,0x77eb52e44db06777bce478159f25c0d55a295314,2026-08-08T03:36:49,repeated_internal_token_drain;dense_internal_fund_flow;complex_trace;high_gas_used_context;token_activity_burst;repeated_risky_internal_calls,0xa9059cbb,true
25705218,0x22a42644cec3aec73bc30f1135e465dab2a172540d8a1fcbb01ed98c0b43a935,0x7830c87c02e56aff27fa8ab1241711331fa86f43,0xa9d1e08c7793af67e9d92fe308d5697fb81d3e43,2026-08-08T03:36:50,large_erc20_asset_flow;token_activity_burst,0xca350aa6,true
25705218,0x6a5aa458f0e1ed063cd96e3950431ce5b06aa4dce6bcf310128d866d69c1a6a6,0x59aab1bd0d26290274398c07b55955c15425e16b,0x00fe78205f5f0e63b8ad2b2ae5337f538a610e04,2026-08-08T03:36:50,complex_trace;high_gas_used_context;token_activity_burst,0x34fcd5be,false
25705218,0xda7c87d3d743c1a5120ebc0ebbe60c148f207f1db85bda3e98dffa47f40881b6,0x943257a7bca8ddb03918576c30672b1d73c9e67d,0x412bc0aaf7bcfda021c3ca5b5d2750a283bda69e,2026-08-08T03:36:51,large_erc20_asset_flow;complex_trace;high_gas_used_context;token_activity_burst;approval_burst,0x601881f3,true
25705218,0x7bb43a44a6d3963d1cf252fd85f3418654ea8782f4af20b06c1d60893bbccb06,0x215376c262c9acd2cce50bd4030df5a225c7d6cb,0x10973fc7c6d86548bfb7f24145789d2c91cafba3,2026-08-08T03:36:52,complex_trace;high_gas_used_context,0x5319bac7,false
25705218,0xa0d7e206c31260c5a3f04d0f91305b46c00b1c2b53fe12a673cd565265ca2954,0xd6434d157f254276d69ede3bd9fc805482206908,0x7ec8a30a34b86927dc77b302603d1d53e640bef7,2026-08-08T03:36:52,repeated_internal_token_drain;dense_internal_fund_flow;very_complex_trace;high_gas_used_context;token_activity_burst;approval_burst;repeated_risky_internal_calls,0xa9059cbb,true
25705218,0xc29255b18fd8636105246c8f2d68ff12e6859d48222772987c1f764a52bd7f48,0x3dc37e42ee958a6abe4b5456b9a46270e5c23f07,0xb222da0f9c22ad2addcb0b0d6b150f398e44157a,2026-08-08T03:36:52,complex_trace;high_gas_used_context,0xef4d7b75,false
25705218,0xc3689c3ea4b4d9c30e49fa92d444cdd14885a491dcdd635b796bd7fe2543041b,0x66dd7b6e57dbe92823c033eb68cb746a00e4de2b,0x28b1dc1a5e3699a428bc51d234dfab7c9cb2a183,2026-08-08T03:36:52,large_erc20_asset_flow;complex_trace,0xf2c42696,true
25705219,0x1f03bc6985e50d04047ca92d44eb6490d30e7e132801500f573d4a27c999e40d,0xa3a43297d65e506bb891e60b7e6857f19da4dc78,0x514b9e5467b9eb811519e316263c9099eae546ca,2026-08-08T03:36:59,complex_trace;high_gas_used_context;token_activity_burst,0xa9059cbb,false
25705219,0x54780dfb28dd43cd2c66fbba20c65ad434837ded8b997ecde173aa51b34df999,0x50bf934781f63028c5c8ef49c4affe19a86d99b6,0x8d04cc7e86e687854eb41d9d43512b655b93184b,2026-08-08T03:36:59,complex_trace;selfdestruct_context,0x4a1bf18a,false
25705219,0xe474d560e09138658fb159fd70b0fbb7d83a346b096bfea14f9ab32d0bb93621,0x43370351c9a297bf8377ca1e46576401a9ac4bba,0x4337084d9e255ff0702461cf8895ce9e3b5ff108,2026-08-08T03:36:59,large_erc20_asset_flow,0x765e827f,true
25705220,0x66e2c9ee2dfd88268aeae5db98aa3b1183e06fad7876e7a35d74e6fb3c121978,0x5b43453fce04b92e190f391a83136bfbecedefd1,0xbdb3ba9ffe392549e1f8658dd2630c141fdf47b6,2026-08-08T03:37:08,dense_internal_fund_flow;complex_trace,0x000000c3,true
25705220,0x440fe30f573ab5999701fbbfe3791ef188ee772d7742be32dbe51a5f2866cde5,0x0260d0fb2a3c49bad3516ccfa377cd5fde78aba5,0x4a22f15d811a26ac292c8123274d3b31ddebb979,2026-08-08T03:37:09,complex_trace;high_gas_used_context,0xe43c04b4,false
25705220,0x4ae7f19138a9309fcfd47623e9f9e43222b695cda3dae8f1c7db577905bf0a69,0xcf57bfbc6e4acda88147634148ab17cbbe875ee4,0xd7ca08ec1aee9cce8a8eda9365343ef197674e1a,2026-08-08T03:37:09,dense_internal_fund_flow;complex_trace,0xe3f33a5e,true
25705220,0x590866774a409c1b0fd4a0f7376b806a9448ea306e218f093692c36c10232c4b,0xbb0611fde3e968d138eb3e9e386d8103c4730001,0xb6f54caed61c318027c022c47b94baf139a99dab,2026-08-08T03:37:09,large_erc20_asset_flow;complex_trace;high_gas_used_context;token_activity_burst,0x02d40188,true
25705220,0xda5a04b824ca976d548ccc0566db9c76c54e8a30c3e790a4699820cedef6d213,0xd6434d157f254276d69ede3bd9fc805482206908,0x7ec8a30a34b86927dc77b302603d1d53e640bef7,2026-08-08T03:37:10,repeated_internal_token_drain;dense_internal_fund_flow;very_complex_trace;high_gas_used_context;token_activity_burst;approval_burst;repeated_risky_internal_calls,0xa9059cbb,true
25705221,0x1e528c77de38e58dc15a49b06d52463ad85fa106759cfea3e6a8046107f25b73,0xfcfee4726b59b02b5aaed7bc996ee468157886c6,0x53271ffa211d7e20bf6117e2f22a195b01e41417,2026-08-08T03:37:17,dense_internal_fund_flow;complex_trace,0xfcfbd33a,true
25705221,0x2fbd830d3ba5a09d1c756f6c945ad4bce900342dde9ef913c90f732313d27f51,0x7830c87c02e56aff27fa8ab1241711331fa86f43,0xa9d1e08c7793af67e9d92fe308d5697fb81d3e43,2026-08-08T03:37:18,large_erc20_asset_flow;token_activity_burst,0xca350aa6,true
25705222,0x2051f2c818c0eb4fe3f81fd9ba2af3c28fc28bd2a6fe1aaa1ab3963c593fbfed,0x4337015333e7c8a3c5af4acd2c4aa4befb0d663c,0x0000000071727de22e5e9d8baf0edac6f37da032,2026-08-08T03:37:35,large_erc20_asset_flow,0x765e827f,true
25705222,0x266a4dfcc2eac36f52b62ca7c55115e53d6e35110050f8ce30deffe14fa00179,0x50bf934781f63028c5c8ef49c4affe19a86d99b6,0x8d04cc7e86e687854eb41d9d43512b655b93184b,2026-08-08T03:37:35,selfdestruct_context,0xb5291b32,false
25705222,0x13cb8e1f5ea78c25d9f30246eeff5cf6faa1749994972868832c8f486a90b767,0xb23360ccdd9ed1b15d45e5d3824bb409c8d7c460,0x09c30cdcdd971423cb3ba757a47d56c35d06d818,2026-08-08T03:37:36,dense_internal_fund_flow,0x318adb8b,true
25705222,0x1cd0494426562cb888b729c3d6fdda93a8881256403d89f902e626e5aacb3778,0xeba0fdb9820da99dedf147730b7499bc31abead9,0xd01607c3c5ecaba394d8be377a08590149325722,2026-08-08T03:37:36,dense_internal_fund_flow;complex_trace,0x80500d20,true
25705222,0x1f4edb55ccbbe059ad81e6d65862692a33cfd6872f1efbbc2b4071a3834f8e00,0xd6434d157f254276d69ede3bd9fc805482206908,0x7ec8a30a34b86927dc77b302603d1d53e640bef7,2026-08-08T03:37:36,repeated_internal_token_drain;dense_internal_fund_flow;very_complex_trace;high_gas_used_context;token_activity_burst;approval_burst;repeated_risky_internal_calls,0xa9059cbb,true
25705222,0x6e20099d2a5957bcd51387b54c122dcd9914584cc2b208eccd763b7530a1a9e3,0xbad000006db10503589262b55d09bb7b3c5e1472,0xbbbbb048b1a85ca221058c45525095b6a68bbbbb,2026-08-08T03:37:36,repeated_internal_token_drain;dense_internal_fund_flow;very_complex_trace;high_gas_used_context;token_activity_burst;repeated_risky_internal_calls,0xa9059cbb,true
25705222,0x903d22563d30c4d1974f4615aa011b7f158372e26f853ec568b6cccd9e2e3d7c,0xc6acbee42e9e323140c1ed060c2f6ea9cc3b4b75,0x7c5a71c9fefbc7691f9d4ac7baf70c743792f716,2026-08-08T03:37:36,selfdestruct_context,0xf3fef3a3,false
25705222,0xb5844f12d630af132e9049e3f57fce90f2298a99d31f43d8fd4b8b5cbfcd4e9a,0x052d2cbc749801b7ab5d0b59a6d27ea382b2a2ee,0x0a252663dbcc0b073063d6420a40319e438cfa59,2026-08-08T03:37:36,dense_internal_fund_flow;large_mint_to_sender;very_complex_trace;high_gas_used_context;token_activity_burst;selfdestruct_context,0xf5878b9b,true
25705222,0xd2df13668f6f3a21fa389a7890abf45b1dfef564582850181f8e35b9adadd7c6,0x1a0d26040ccc6028863cdef6750bb9903b6f87c9,0x0a252663dbcc0b073063d6420a40319e438cfa59,2026-08-08T03:37:36,large_mint_to_sender;selfdestruct_context,0xf5878b9b,true
25705222,0x356a9e3e5d1b06318caf51519f8edd8dcb9109bb8f3aeb9965e793bca6a7faf8,0xb9ede6f94d192073d8eaf85f8db677133d483249,0x86e4dc95c7fbdbf52e33d563bbdb00823894c287,2026-08-08T03:37:37,complex_trace;high_gas_used_context,0x4e43e495,false
25705222,0x9b27aa348c51e1111e81d3382b8791073ae2a97c781fc56d9f20718716d32844,0x59aab1bd0d26290274398c07b55955c15425e16b,0x00fe78205f5f0e63b8ad2b2ae5337f538a610e04,2026-08-08T03:37:37,high_gas_used_context;token_activity_burst,0x34fcd5be,false
25705222,0xcefa023b696e2114baa443ec2bdabdb2008b8e148bddf5ea84c1aa1d30af670e,0x80d04079ffc53eb14edbeeb37279d126f45552df,0x4dd57262faaa652dc9e44e670a87a9ff958c3106,2026-08-08T03:37:37,repeated_internal_token_drain;dense_internal_fund_flow;complex_trace;high_gas_used_context;token_activity_burst;repeated_risky_internal_calls,0x8aaa8f3b,true
25705222,0xfdaf6f62e473d6b7539857508c9a0c777f2aa352bf88053a81b01a1bef627153,0x80d04079ffc53eb14edbeeb37279d126f45552df,0x4dd57262faaa652dc9e44e670a87a9ff958c3106,2026-08-08T03:37:37,repeated_internal_token_drain;dense_internal_fund_flow;complex_trace;high_gas_used_context;token_activity_burst;repeated_risky_internal_calls,0x8aaa8f3b,true
25705223,0x4abfe3d834cc176faaec4fe7c4643a4611acf4b07765c5c3a10412f998da4ff7,0x8b5606469e21c75edd7c74d1c7a65824675d9aff,0x9ccc2f3ecde026230e11a5c8799ac7524f2bb294,2026-08-08T03:37:48,large_erc20_asset_flow;complex_trace,0x1bc74526,true
25705223,0xf1e876b5be0c3e4a59ee4d074b1e71c40c5f86453263e2e640bdd0fc788b6ff1,0xc6acbee42e9e323140c1ed060c2f6ea9cc3b4b75,0x7c5a71c9fefbc7691f9d4ac7baf70c743792f716,2026-08-08T03:37:48,selfdestruct_context,0xf3fef3a3,false
25705223,0xcdcb0e5e612deaf2974dad028302ff890e707ec3386f6360962c10f5c88f9210,0x22a0d6b18c3e1f77457c9642bb12d350fb50589d,0x692df0ab6de994785dd8db46d0aa4014600efcf5,2026-08-08T03:37:49,large_erc20_asset_flow;complex_trace;high_gas_used_context;token_activity_burst,0x601881f3,true
25705223,0x52c888b4843d7e51442dfb0b7c4ae5f07a69112ec07b1c4a57799358a1e4082e,0x5221d411ea142d71180956bebc4deed43f9c174b,0xf2e6ed63bb255e51b64337c67fb4898aa979da6b,2026-08-08T03:37:50,large_erc20_asset_flow;complex_trace,0xf4e0d968,true
25705223,0x77d39dbd1e02810194b451e7392d1bec5b6909986e7e921ecd4c5a5bb7b1bc01,0x59aab1bd0d26290274398c07b55955c15425e16b,0x00fe78205f5f0e63b8ad2b2ae5337f538a610e04,2026-08-08T03:37:50,high_gas_used_context;token_activity_burst,0x34fcd5be,false
25705223,0x7ef71deefcffa75db1a6db534552a398c67902644460d7740cc47021eb44ec27,0x1584a8ee67789d1fe161065388657ad2f2a3c7dd,0x77eb52e44db06777bce478159f25c0d55a295314,2026-08-08T03:37:50,repeated_internal_token_drain;dense_internal_fund_flow;complex_trace;high_gas_used_context;token_activity_burst;repeated_risky_internal_calls,0xa9059cbb,true
25705223,0xfb71871ccda8ac6bf25a1e1756cd68afcc9e5e72aaef38449d035424b420da6a,0x80d04079ffc53eb14edbeeb37279d126f45552df,0x4dd57262faaa652dc9e44e670a87a9ff958c3106,2026-08-08T03:37:50,repeated_internal_token_drain;dense_internal_fund_flow;complex_trace;high_gas_used_context;token_activity_burst;repeated_risky_internal_calls,0x8aaa8f3b,true
25705223,0xa71895ab0ed8170da4a5cb486a13bb3dcfce1e5c286c7b55d433b97928c3a050,0x63259a528b9186992e55b265b2bd05eee8df64e1,0xca11bde05977b3631167028862be2a173976ca11,2026-08-08T03:37:51,large_erc20_asset_flow,0x174dea71,true
25705223,0xdeafc1d54694b948ce4b647ef58da82b6ca5039df2f47c80ae515b64261441ed,0x161643f280b09be8e0271eef8efc6c264d125003,0x91cdf7fafaadbed43877c196452c0e74bf7bde97,2026-08-08T03:37:51,dense_internal_fund_flow;token_activity_burst,0xa9059cbb,true
25705224,0xa042bd0dbfd516030f734b4ee887576ae69ef7499377cf0b0916097376a7e5b7,0x7b49bc3ebbdf7322f31c6449320382bbec3be1b6,0xad3b67bca8935cb510c8d18bd45f0b94f54a968f,2026-08-08T03:37:56,complex_trace;approval_burst,0x146ee74d,false
25705224,0x1c1bee52aecdb131297c8e9d2c4001d670d7becf3e5609fcb40f99cdc0c1b648,0x283504f935274046827e023fafc74b328c9c06f1,0xd1a557fe9d49d047a2318c05a13523e4b9e56e09,2026-08-08T03:37:57,large_erc20_asset_flow;complex_trace,0xc92cf3c1,true
25705224,0x4d53895b7a6dff18e1c3092edca8921565dccd9a4380305a802ccf067f49737d,0xd6434d157f254276d69ede3bd9fc805482206908,0x7ec8a30a34b86927dc77b302603d1d53e640bef7,2026-08-08T03:37:57,repeated_internal_token_drain;dense_internal_fund_flow;very_complex_trace;high_gas_used_context;token_activity_burst;approval_burst;repeated_risky_internal_calls,0xa9059cbb,true
25705224,0xf5bd01faaa32d167fc8d70f21502b4b337420455d009ca25a67dbcc6a1c3275c,0xa154b98e53fc35e1bad1ff758acbc8c629bdcd2b,0x19917386eeae67b6ff7ddf07de4019fca40aa4ec,2026-08-08T03:37:57,complex_trace;high_gas_used_context;token_activity_burst,0xa9059cbb,false
25705225,0x4c37f5a63eb04c2dc0d094f01ccddebbf3d9c57633f6080c187c047dbd12e70d,0xc6acbee42e9e323140c1ed060c2f6ea9cc3b4b75,0x7c5a71c9fefbc7691f9d4ac7baf70c743792f716,2026-08-08T03:38:11,selfdestruct_context,0xf3fef3a3,false
25705225,0x64c1587fcaeeec0d9411866feb40c2abd175807980136bf10f65806d0074185b,0xd6434d157f254276d69ede3bd9fc805482206908,0x7ec8a30a34b86927dc77b302603d1d53e640bef7,2026-08-08T03:38:11,repeated_internal_token_drain;dense_internal_fund_flow;very_complex_trace;high_gas_used_context;token_activity_burst;approval_burst;repeated_risky_internal_calls,0xa9059cbb,true
25705225,0xf38fe61086edd94113480e9ac791dce8314a543305f8072a681af67cee85c583,0x052d2cbc749801b7ab5d0b59a6d27ea382b2a2ee,0x0a252663dbcc0b073063d6420a40319e438cfa59,2026-08-08T03:38:11,dense_internal_fund_flow;large_mint_to_sender;very_complex_trace;high_gas_used_context;token_activity_burst;selfdestruct_context,0xf5878b9b,true
25705226,0x28fe60b9960ab29bbec0e7be7f9eb237f29a84b74bf49677939d39126be95e89,0x7dedea128c251bc79bfd6d26bb7e5678cc2dbc26,0x94e7a5dcbe816e498b89ab752661904e2f56c485,2026-08-08T03:38:19,large_erc20_asset_flow;complex_trace,0xac9650d8,true
25705226,0x34b51a706e943c34eb8ac69fd4b97ab646243c7e9b3faad91440f0ee7b0d8461,0x6f12b91bf6da752ada71b7a1a622c57d8a48818a,0x225a38bc71102999dd13478bfabd7c4d53f2dc17,2026-08-08T03:38:19,dense_internal_fund_flow,0xbc4a02e4,true
25705226,0x3d73e32e9bf6bd8fa52f23403b0e1b03b653b79add21012f99d869d4a9908847,0x7b49bc3ebbdf7322f31c6449320382bbec3be1b6,0xad3b67bca8935cb510c8d18bd45f0b94f54a968f,2026-08-08T03:38:19,complex_trace;high_gas_used_context;token_activity_burst;approval_burst,0x146ee74d,false
25705226,0x3625f4536d7ee38644e96f58fc2cd50e84eefdf63356769a7e3669fe9ec3c5de,0x80d04079ffc53eb14edbeeb37279d126f45552df,0x4dd57262faaa652dc9e44e670a87a9ff958c3106,2026-08-08T03:38:20,repeated_internal_token_drain;dense_internal_fund_flow;complex_trace;token_activity_burst;repeated_risky_internal_calls,0x8aaa8f3b,true
25705226,0x49eec051298da45adc3370b9557d942936b94c304b253fbe7ce816a22e5e3cb3,0x09cfee647fa339133380191c8db6b44f24500c9d,0x77b85afbcd336993ac1c65057531c5a5b33b76b8,2026-08-08T03:38:20,high_gas_used_context;token_activity_burst,0xa9059cbb,false
25705226,0x8114a574356a11cbecabda57ad0799b1499032e65ce8c95721df64b060b4eef1,0x59aab1bd0d26290274398c07b55955c15425e16b,0x00fe78205f5f0e63b8ad2b2ae5337f538a610e04,2026-08-08T03:38:20,repeated_internal_token_drain;dense_internal_fund_flow;complex_trace;high_gas_used_context;token_activity_burst;repeated_risky_internal_calls,0x34fcd5be,true
25705226,0x986291d5e2edf07ffbe0cce2e43dfbea321b515787b295a646f51301287f8795,0x1584a8ee67789d1fe161065388657ad2f2a3c7dd,0x77eb52e44db06777bce478159f25c0d55a295314,2026-08-08T03:38:20,repeated_internal_token_drain;dense_internal_fund_flow;complex_trace;high_gas_used_context;token_activity_burst;repeated_risky_internal_calls,0xa9059cbb,true
25705226,0xfa818f82ed9ff8b6c379d2c893618ac1b5141c01825b73a1b0785f373c608b80,0x739212d5bafe6aac8be49a60b7d003bd41dbf38b,0x68025a4615407993a680102b08a23a61d11c657c,2026-08-08T03:38:20,large_erc20_asset_flow;complex_trace,0xabaa9916,true
25705227,0x3dec3f5688748334f642401dee6e39969efd6b58d0d6b37437b6cfee68a61369,0x963737c550e70ffe4d59464542a28604edb2ef9a,0xa3222357a0eccf60c73606170be6c99adecb59b3,2026-08-08T03:38:31,large_erc20_asset_flow,0x0007e964,true
25705227,0x9198641d499582f063a6318f6e5ca9f3fc73aee0518642149a054954607f801e,0x052d2cbc749801b7ab5d0b59a6d27ea382b2a2ee,0x0a252663dbcc0b073063d6420a40319e438cfa59,2026-08-08T03:38:32,dense_internal_fund_flow;large_mint_to_sender;very_complex_trace;high_gas_used_context;token_activity_burst;selfdestruct_context,0xf5878b9b,true
25705227,0xc35f5fb8b583a30b92c870dfebcf8cc33b81d2870c63d895ae6e11ad9a69e2b3,0xf279dfcdd57e1571c95e2c5b7e2ee453cbcdf77f,0x0000000071727de22e5e9d8baf0edac6f37da032,2026-08-08T03:38:32,dense_internal_fund_flow;complex_trace,0x765e827f,true
25705227,0xede27a14449c2cd4e5fd2ce556a67761bc6e0499ac09b5fe0fc6f83d6874c922,0x70e59f9c304e4d5096bd408b571e2dcd99c3120b,0xad3b67bca8935cb510c8d18bd45f0b94f54a968f,2026-08-08T03:38:32,complex_trace;approval_burst,0x146ee74d,false
25705227,0x81ec0b7bcf1280f6ccef6d7a65172569ae7b0d3ebc9f911cce88ae944df00440,0xd6434d157f254276d69ede3bd9fc805482206908,0x7ec8a30a34b86927dc77b302603d1d53e640bef7,2026-08-08T03:38:33,repeated_internal_token_drain;dense_internal_fund_flow;very_complex_trace;high_gas_used_context;token_activity_burst;approval_burst;repeated_risky_internal_calls,0xa9059cbb,true
25705229,0x4c3d169e2f35d19bb240b36303867ee24765c3f86d543c50fb9bb7f5e4b84f41,0xa0a76dc31b63580d4d8c4e4c115ad408d11b4267,0x03f34be1bf910116595db1b11e9d1b2ca5d59659,2026-08-08T03:38:59,dense_internal_fund_flow;complex_trace,0xe47d166c,true
25705229,0x203e9b55f38c47687e9cfa6ea904a4240b425134535aac3aa9db27015913383d,0x22763e001836996fef3708cf13693731c2742142,,2026-08-08T03:39:00,privileged_execution_context;contract_creation_context,0x60806040,false
25705229,0x54c2dadaebca97758bff899eced739c75c526a27f462fa885b91fcc8ca44e3c3,0xd6434d157f254276d69ede3bd9fc805482206908,0x7ec8a30a34b86927dc77b302603d1d53e640bef7,2026-08-08T03:39:01,repeated_internal_token_drain;dense_internal_fund_flow;very_complex_trace;high_gas_used_context;token_activity_burst;repeated_risky_internal_calls,0xa9059cbb,true
25705229,0x46d6421058791e69630757d63a5d7f760af944f849d12fc45791df81114e81a6,0xff7fb7dd56a86727f7c67c4b2b7c6f536f98a0f4,0x318f96bbfd417e795ee530ec9677a4cea320c8cd,2026-08-08T03:39:02,repeated_internal_token_drain;dense_internal_fund_flow;complex_trace;high_gas_used_context;token_activity_burst;repeated_risky_internal_calls,0x6138889b,true
25705229,0xba82c47f43e0017e3001a36d51f2d33b8f41659b3e680d25a26f639eb308e9c1,0x80d04079ffc53eb14edbeeb37279d126f45552df,0x4dd57262faaa652dc9e44e670a87a9ff958c3106,2026-08-08T03:39:02,repeated_internal_token_drain;dense_internal_fund_flow;complex_trace;token_activity_burst;repeated_risky_internal_calls,0x8aaa8f3b,true
25705230,0xd9406c4cf3bf9ce43bb0e67f38792a07dc4ee68a5743e03ad13785f6681dc8d6,0xc6acbee42e9e323140c1ed060c2f6ea9cc3b4b75,0x7c5a71c9fefbc7691f9d4ac7baf70c743792f716,2026-08-08T03:39:07,selfdestruct_context,0xf3fef3a3,false
25705230,0x0139c05f73a471a4c43d30ee7266540ae967b218781fc538ad5dca6ba713d32e,0x41b1926c7c3447390fc97b603dcc985586e8699b,0x6a000f20005980200259b80c5102003040001068,2026-08-08T03:39:08,dense_internal_fund_flow;complex_trace,0x0d893d62,true
25705230,0xb3301e573a7190f75361e3f54ddb75ce6a5e4581840334e2dcb8144c56f08e20,0x052d2cbc749801b7ab5d0b59a6d27ea382b2a2ee,0x0a252663dbcc0b073063d6420a40319e438cfa59,2026-08-08T03:39:08,dense_internal_fund_flow;large_mint_to_sender;very_complex_trace;high_gas_used_context;token_activity_burst;selfdestruct_context,0xf5878b9b,true
25705231,0x0966d53b7f391177e6b799ca4a45caa3658c14e1575f7a67b1ea9395294187c0,0xed0896aaa00b60387f22647278b8cddf2f3ee00d,0xd15e62e64c1265dfb753ed6e7c76cb5ff8f276c7,2026-08-08T03:39:19,large_erc20_asset_flow;complex_trace,0xe9ae5c53,true
25705231,0x9a53087f563769af3b8d03dd51ddbd299b5766ee9f43ef93d64eaa484100b835,0x7830c87c02e56aff27fa8ab1241711331fa86f43,0xa9d1e08c7793af67e9d92fe308d5697fb81d3e43,2026-08-08T03:39:19,dense_internal_fund_flow,0x1a1da075,true
25705231,0xf35bb4bc3657e256bc35534417c734d7983b312b5a2505047b0ef46a41527f04,0xed0896aaa00b60387f22647278b8cddf2f3ee00d,0xd15e62e64c1265dfb753ed6e7c76cb5ff8f276c7,2026-08-08T03:39:19,large_erc20_asset_flow;complex_trace,0xe9ae5c53,true
25705231,0x0e9b2cec4b2ca3dba02d488564f0870306010c39f88291a4ad470436843108c4,0xd6434d157f254276d69ede3bd9fc805482206908,0x7ec8a30a34b86927dc77b302603d1d53e640bef7,2026-08-08T03:39:20,repeated_internal_token_drain;dense_internal_fund_flow;very_complex_trace;high_gas_used_context;token_activity_burst;repeated_risky_internal_calls,0xa9059cbb,true
25705231,0x956666c3bd3a5fc183bc68d0bdf2a5327e659531ec055058c97b91cebdc83fd5,0x09cfee647fa339133380191c8db6b44f24500c9d,0x77b85afbcd336993ac1c65057531c5a5b33b76b8,2026-08-08T03:39:21,high_gas_used_context;token_activity_burst,0xa9059cbb,false
25705232,0x04fbc684f33433d6762334b3afb663e09f33713669cf662ae6ff3d5d035873e2,0x9581a8a5e0e71cf4d23b9ccb3d529f115f4df6d5,0x97974dac5c287e03b12da9410febc0ccabb033b1,2026-08-08T03:39:32,large_erc20_asset_flow;complex_trace,0x71c83dd4,true
25705232,0x18a8485ca27392d56a232fbb1986de5748fa7e2a33b9a6a1cb0600de6076e9c8,0xdbe5aa0a019874d970b3a3c0b8f1efddfb97b5f8,0xf7b01dd1367b1181015b6ae7762a116d40358e4c,2026-08-08T03:39:32,large_erc20_asset_flow;complex_trace,0x6a761202,true
25705232,0x45b7b29da287ac155a9136b7161d41240ffb5d7dabb1ce24967e0b5ab5a42569,0x2eb6ffcfc1591349a1983aad3e80d8fb3cec1df2,0x70e60fbfe09caaad444d6c489ef865bfaabbefc8,2026-08-08T03:39:32,privileged_execution_context;complex_trace;high_gas_used_context,0x01200000,false
25705232,0x85644678ac727447c1971da96103682ee89ab2860742710b40bebc245e2c9f77,0xe9916c28f490157d5a2e67c00b33ab3df74ae1ff,0x6131b5fae19ea4f9d964eac0408e4408b66337b5,2026-08-08T03:39:32,complex_trace;high_gas_used_context,0xe21fd0e9,true
25705232,0x57f5d692c041bc7cbe75e0a63fe60808681689640905cf179987c7bb7c88982a,0xdf8adfe10d4a4d9f0fc4d3e377a6e8d5730eb40c,0x06cff7088619c7178f5e14f0b119458d08d2f5ef,2026-08-08T03:39:34,large_erc20_asset_flow;complex_trace;high_gas_used_context,0x99999999,true
25705233,0xeb6501c6dd1f634556898632715fba871d1d96810095c52cc6a88df1c9ac6805,0x5b43453fce04b92e190f391a83136bfbecedefd1,0xbdb3ba9ffe392549e1f8658dd2630c141fdf47b6,2026-08-08T03:39:45,dense_internal_fund_flow;complex_trace;high_gas_used_context;token_activity_burst,0x000000c3,true
25705233,0x5eac95d9451c95c07f17d55d092826675ae0c8c3509d5ed80b068644a1b9d6d1,0xae2fc483527b8ef99eb5d9b44875f005ba1fae13,0x1f2f10d1c40777ae1da742455c65828ff36df387,2026-08-08T03:39:46,dense_internal_fund_flow;complex_trace;high_gas_used_context,0x2b60168e,true
25705233,0xb5f7222bab2492e724299f2e072a1398c92997baeed718c17941b3d787d6e3ff,0x01df74b32244082b644335ae5ada30ed8dde3678,0xacddac6c77318b615f7f6fb9bb67c6833e9c05f1,2026-08-08T03:39:46,large_erc20_asset_flow;complex_trace,0x571d3dc7,true
25705233,0x064f8d79ba43fd99f499ac10af07cd11d43592b1aef568c443f4c282d402cb19,0x43370368dccceb147c89d1d78f14589225220290,0x0000000071727de22e5e9d8baf0edac6f37da032,2026-08-08T03:39:47,large_erc20_asset_flow,0x765e827f,true
25705233,0x514fb812bd5df4960ca721bf2611dab5caf42b6b8164aef427c26bd45891f8e3,0x1584a8ee67789d1fe161065388657ad2f2a3c7dd,0x77eb52e44db06777bce478159f25c0d55a295314,2026-08-08T03:39:47,repeated_internal_token_drain;dense_internal_fund_flow;complex_trace;high_gas_used_context;token_activity_burst;repeated_risky_internal_calls,0xa9059cbb,true
25705233,0x95c55f5abc2d611c5cbacb10976b92a8cab2a6c89ce7ba77157e76a12f6ad537,0x052d2cbc749801b7ab5d0b59a6d27ea382b2a2ee,0x0a252663dbcc0b073063d6420a40319e438cfa59,2026-08-08T03:39:47,dense_internal_fund_flow;large_mint_to_sender;very_complex_trace;high_gas_used_context;token_activity_burst;selfdestruct_context,0xf5878b9b,true
25705233,0xae057ad69b3214c5f433d3b519e25d1171b506bed2c13b277e4122a5066a6fb2,0x7ea49f025d36450ffe9c5b99749f2fa7c11cfd58,0xf4a1c3a0f386867938443436e07c60f8c35ceb71,2026-08-08T03:39:47,complex_trace;high_gas_used_context;token_activity_burst,0x65547df2,false
25705233,0xbcb0f8ab5e6879402cf4f59ab053c06101834ed733ace00bbfc233315ca99afd,0xbad000006db10503589262b55d09bb7b3c5e1472,0xbbbbb048b1a85ca221058c45525095b6a68bbbbb,2026-08-08T03:39:47,repeated_internal_token_drain;dense_internal_fund_flow;complex_trace;high_gas_used_context;token_activity_burst;repeated_risky_internal_calls,0xa9059cbb,true
25705233,0xf5f2109ea37cc9e53177f3d19abc3bf46eaf4587d6785b2eb3449b0547b86b17,0xd6434d157f254276d69ede3bd9fc805482206908,0x7ec8a30a34b86927dc77b302603d1d53e640bef7,2026-08-08T03:39:47,repeated_internal_token_drain;dense_internal_fund_flow;very_complex_trace;high_gas_used_context;token_activity_burst;approval_burst;repeated_risky_internal_calls,0xa9059cbb,true
25705233,0xbeb22fcc8d385e6a666a92a23866f81321559afb46f908f11ff79c83a0d07957,0x283504f935274046827e023fafc74b328c9c06f1,0xd1a557fe9d49d047a2318c05a13523e4b9e56e09,2026-08-08T03:39:48,dense_internal_fund_flow;complex_trace,0xc92cf3c1,true
25705234,0x8c136e87bd6565d86532eccaafc9d7993a1adbc26f8e27f397e1a862f3926a59,0xd9bc5189fa908e9626ff0713d6a979a639566f48,0x825540ad71a7cce2655c1bf80956c332c90c7ad9,2026-08-08T03:40:00,dense_internal_fund_flow;complex_trace,0xc3c16ee4,true
25705234,0x98e5d8e1aaccccc356d046a35887b6840cb0e9f0d61387498b6b6cf812f53103,0x7830c87c02e56aff27fa8ab1241711331fa86f43,0xa9d1e08c7793af67e9d92fe308d5697fb81d3e43,2026-08-08T03:40:00,large_erc20_asset_flow,0xca350aa6,true
25705234,0xdc89280e5b13a85c847b91b66788782698fca9aef844b16203b689c7ff680657,0x5b43453fce04b92e190f391a83136bfbecedefd1,0xbdb3ba9ffe392549e1f8658dd2630c141fdf47b6,2026-08-08T03:40:00,dense_internal_fund_flow;complex_trace,0x000000c3,true
25705234,0x0e3578907d37c1d091f47c507dbe878821b2547be086871ca7d46b8e27d7eea4,0xf70da97812cb96acdf810712aa562db8dfa3dbef,0xb92fe925dc43a0ecde6c8b1a2709c170ec4fff4f,2026-08-08T03:40:01,dense_internal_fund_flow,0xcd6e13f7,true
25705234,0x46fec23b58f6ec197de3635a0e1a9d1b97202c203de04b21a2e2d3148cff4304,0x0e0052a184fd59c6b7e1e99d739802ecb3aec0e4,0xd82461784eb72d4b67cbab077989eb215315e272,2026-08-08T03:40:01,complex_trace;approval_burst,0x805f7b65,false
25705234,0x7258150a941b2ee114cec029de3adfc573ebb8ac90c51b762387dd2409a378d3,0xd6434d157f254276d69ede3bd9fc805482206908,0x7ec8a30a34b86927dc77b302603d1d53e640bef7,2026-08-08T03:40:01,repeated_internal_token_drain;dense_internal_fund_flow;very_complex_trace;high_gas_used_context;token_activity_burst;approval_burst;repeated_risky_internal_calls,0xa9059cbb,true
25705235,0x145eb29d052ddaaa587e69fab9a1be3a5ab7590d4d611a2fe0eea4985ea5d2b2,0x7b49bc3ebbdf7322f31c6449320382bbec3be1b6,0xad3b67bca8935cb510c8d18bd45f0b94f54a968f,2026-08-08T03:40:13,complex_trace;high_gas_used_context;token_activity_burst;approval_burst,0x146ee74d,false
25705235,0xe3a30ec03aa51c5dfae47aee6e42571e417e925febcf9b614272e0e377cd814e,0x052d2cbc749801b7ab5d0b59a6d27ea382b2a2ee,0x0a252663dbcc0b073063d6420a40319e438cfa59,2026-08-08T03:40:14,dense_internal_fund_flow;large_mint_to_sender;very_complex_trace;high_gas_used_context;token_activity_burst;selfdestruct_context,0xf5878b9b,true
25705236,0x3be802fe1c82137589b8f17b523e3cd9e3874156c296ef0da72b1dea43f2e7c4,0x5b43453fce04b92e190f391a83136bfbecedefd1,0xbdb3ba9ffe392549e1f8658dd2630c141fdf47b6,2026-08-08T03:40:21,dense_internal_fund_flow;complex_trace;token_activity_burst,0x000000c3,true
25705236,0xc7a38072ebee7f56ca48c1765902d74351870ab328f22869e1c8892d8449350b,0xde7a849216aa3884d53d84ecb02c19eb67e5dae2,0x7d9f4ca54131e588fc1fe577973b55fb11231e76,2026-08-08T03:40:22,repeated_internal_token_drain;dense_internal_fund_flow;complex_trace;high_gas_used_context;token_activity_burst;repeated_risky_internal_calls,0x6aac3a0b,true
25705236,0x0983fa045b0182b2b2c0b414c58c664b2b3d612c83b0641d7dcd1ffab9a2620d,0x2cca6b59b62d1897fd98d191b5280dc06c202c35,0x3335733c454805df6a77f825f266e136fb4a3333,2026-08-08T03:40:23,large_erc20_asset_flow;complex_trace,0xe1fcde8e,true
25705236,0x312836f5152701114fd4760a3e38a6eccba83b80d506f6784f290df52136c8bd,0xd6434d157f254276d69ede3bd9fc805482206908,0x7ec8a30a34b86927dc77b302603d1d53e640bef7,2026-08-08T03:40:23,repeated_internal_token_drain;dense_internal_fund_flow;very_complex_trace;high_gas_used_context;token_activity_burst;repeated_risky_internal_calls,0xa9059cbb,true
25705236,0xc9e5f03a8e415f2702f9c1a6fb01bf378b1875d7231a5cd30448fc6107247a07,0x80d04079ffc53eb14edbeeb37279d126f45552df,0x4dd57262faaa652dc9e44e670a87a9ff958c3106,2026-08-08T03:40:23,repeated_internal_token_drain;dense_internal_fund_flow;complex_trace;token_activity_burst;repeated_risky_internal_calls,0x8aaa8f3b,true
25705237,0xbd0ec5459491184f22dfd5e6eeef4cf2a527a4c17f5af6776c8aa0c931f59504,0xf70da97812cb96acdf810712aa562db8dfa3dbef,0xccc88a9d1b4ed6b0eaba998850414b24f1c315be,2026-08-08T03:40:34,large_erc20_asset_flow;complex_trace,0x0a2b8f36,true
25705237,0xfd5b795751508ca45fa3aaabdeb27915d7ebe3c0d677c601b7a6dbe7f654d7ab,0xc6acbee42e9e323140c1ed060c2f6ea9cc3b4b75,0x7c5a71c9fefbc7691f9d4ac7baf70c743792f716,2026-08-08T03:40:34,selfdestruct_context,0xf3fef3a3,false
25705237,0x0192a695dee4542a2010b4fa0ae105a0802c570c05971176b1187d27e3fbe483,0x0c000806d0158095b1e332415c2c65c063571a93,0xc36442b4a4522e871399cd717abdd847ab11fe88,2026-08-08T03:40:35,complex_trace;approval_burst,0xb88d4fde,true
25705237,0x46732361b6a2b13c02678c177460a31c3cebc4b2a87f04accbd04e4dac0346f2,0xf279dfcdd57e1571c95e2c5b7e2ee453cbcdf77f,0x0000000071727de22e5e9d8baf0edac6f37da032,2026-08-08T03:40:35,dense_internal_fund_flow;complex_trace,0x765e827f,true
25705237,0x4c079c0178f02f8ce7e9d71e1706bd55c8dc6eeffdb67b7846482ed82d0ab191,0xbad000006db10503589262b55d09bb7b3c5e1472,0xbbbbb048b1a85ca221058c45525095b6a68bbbbb,2026-08-08T03:40:35,repeated_internal_token_drain;dense_internal_fund_flow;very_complex_trace;high_gas_used_context;token_activity_burst;repeated_risky_internal_calls,0xa9059cbb,true
25705237,0x55417790bad183f925002ad07eed327f981c8fc4dba32c4d2eb6a316d76028ee,0x3b22ac2739a20f2511f21f06ee6e013f690fbd0e,0x89c6340b1a1f4b25d36cd8b063d49045caf3f818,2026-08-08T03:40:35,complex_trace;high_gas_used_context,0x0193b9fc,true
25705237,0xab0404f13c89ef3242d9999dcc67e5c99a55cf5b80a7e5a586cfa27fb111ea3e,0x052d2cbc749801b7ab5d0b59a6d27ea382b2a2ee,0x0a252663dbcc0b073063d6420a40319e438cfa59,2026-08-08T03:40:35,dense_internal_fund_flow;large_mint_to_sender;very_complex_trace;high_gas_used_context;token_activity_burst;selfdestruct_context,0xf5878b9b,true
25705237,0xb8399b01f43770d7a1fe0e9f266eaaede47632509d06387d1fdcafd3035b35fc,0x09a591f0e4fa0abac08f05bc0916c51ee34c1a1b,0x5cb16a393b9b43c590953b51058edab1bde0f5fa,2026-08-08T03:40:35,dense_internal_fund_flow,0x501d976c,true
25705237,0xb3881dd8470a136fd5e7e6919974abe583ea436e09a1b484b9a98c776c04b976,0x4883282094755c01cd0d15dfe74753c9e189d194,0x8978a76f9fb3dd443bfad8d88ed9712b6aae6301,2026-08-08T03:40:36,complex_trace;high_gas_used_context,0x9a9c1121,false
25705238,0x8ea1730e8d9b8125d64880cce2bb2cf02e6e25c3b48ba4cd20196ef3977ba3f6,0x2b3fed49557bd88f78b898684f82fbb355305dbb,0x09c30cdcdd971423cb3ba757a47d56c35d06d818,2026-08-08T03:40:51,dense_internal_fund_flow,0x318adb8b,true
25705238,0x0c4eb3fec7b4e93a30704494a4b168749a267a0ac6a80d96316cf9f9317fbebc,0xd6434d157f254276d69ede3bd9fc805482206908,0x7ec8a30a34b86927dc77b302603d1d53e640bef7,2026-08-08T03:40:52,repeated_internal_token_drain;dense_internal_fund_flow;very_complex_trace;high_gas_used_context;token_activity_burst;repeated_risky_internal_calls,0xa9059cbb,true
25705239,0x7755b390f970294d19607e770edd4cbb95e3644688e980b852adb63f5fccc4b9,0x2646974965aeb1ac87cfec47b98fe8642f12dd77,0x337685fdab40d39bd02028545a4ffa7d287cc3e2,2026-08-08T03:40:59,dense_internal_fund_flow;complex_trace,0x30dedc57,true
25705239,0xaeb0590cf165b795844143ae3e19037a95eaad0250af41290cc8df89509d306b,0x739212d5bafe6aac8be49a60b7d003bd41dbf38b,0x68025a4615407993a680102b08a23a61d11c657c,2026-08-08T03:40:59,dense_internal_fund_flow;large_erc20_asset_flow;complex_trace,0x71dc0cf9,true
25705239,0x28d292fb19c5f710f99bc3402f1fda0381dec34fc511814f70beab0dcf5e0bcd,0xd6434d157f254276d69ede3bd9fc805482206908,0x7ec8a30a34b86927dc77b302603d1d53e640bef7,2026-08-08T03:41:00,repeated_internal_token_drain;dense_internal_fund_flow;very_complex_trace;high_gas_used_context;token_activity_burst;approval_burst;repeated_risky_internal_calls,0xa9059cbb,true
25705239,0xc0db5fd2e9c24bc9334f57023bb5ab7218da3ce0ad129d1943e9af50e8e30386,0x052d2cbc749801b7ab5d0b59a6d27ea382b2a2ee,0x0a252663dbcc0b073063d6420a40319e438cfa59,2026-08-08T03:41:00,dense_internal_fund_flow;large_mint_to_sender;very_complex_trace;high_gas_used_context;token_activity_burst;selfdestruct_context,0xf5878b9b,true
25705240,0xd7d2477c940608bae50639f08788d3f0af4950bb2906c55e6767c86a77854f3b,0xe20446cccbfd5f9038e747f1dea8016ecbd94ae5,0x442be06bb5d13711a22ccd3fa382b72a874c5135,2026-08-08T03:41:13,privileged_execution_context,0xf7b5c341,false
25705240,0x85733fc59ed27eebc5c4332802598649cb79fdb2d27c907e5741e7b33366b603,0x07ae8551be970cb1cca11dd7a11f47ae82e70e67,0x1f748c76de468e9d11bd340fa9d5cbadf315dfb0,2026-08-08T03:41:14,large_erc20_asset_flow;complex_trace,0xc7c7f5b3,true
25705240,0x8dabe77febbd5eda88e8c8af2e849901c853e3fe275340c49aba27dc20683e27,0x1584a8ee67789d1fe161065388657ad2f2a3c7dd,0x77eb52e44db06777bce478159f25c0d55a295314,2026-08-08T03:41:14,repeated_internal_token_drain;dense_internal_fund_flow;complex_trace;token_activity_burst;repeated_risky_internal_calls,0xa9059cbb,true
25705240,0xdf90867bb678763073003dc12e8c1573fc3da3da965a80ff670c54c6b989e513,0x59aab1bd0d26290274398c07b55955c15425e16b,0x00fe78205f5f0e63b8ad2b2ae5337f538a610e04,2026-08-08T03:41:14,repeated_internal_token_drain;dense_internal_fund_flow;complex_trace;high_gas_used_context;token_activity_burst;repeated_risky_internal_calls,0x34fcd5be,true
25705240,0x8c91b6ea26bc166f8ed3dd504c512054c1744cbd60474e54bae9b3b261c1965c,0x161643f280b09be8e0271eef8efc6c264d125003,0x91cdf7fafaadbed43877c196452c0e74bf7bde97,2026-08-08T03:41:15,dense_internal_fund_flow;token_activity_burst,0xa9059cbb,true
25705241,0x1c0c14d2820c6fe1f0ea681dbed352a6e91f51cb4434e86ef5edd7af7b8fe38c,0xc01e57ea3b502fb97ae923646ec9c473b9ce7425,0xa0804346780b4c2e3be118ac957d1db82f9d7484,2026-08-08T03:41:21,complex_trace;high_gas_used_context,0xba087652,true
25705241,0x241d9e7f9761bcdba4d45c6b2d5fe447f1b461f8a99ba626d66b1d4eeb6d2957,0xae2fc483527b8ef99eb5d9b44875f005ba1fae13,0x1f2f10d1c40777ae1da742455c65828ff36df387,2026-08-08T03:41:22,dense_internal_fund_flow,0x2bad1b04,true
25705241,0x2886d86431f573e4a59f9d3217cad715e848626ce969e8417ec74fd9b02fd729,0x0978e296c6849aa9431f7e68ef54daa2ae7e991c,0x111111125421ca6dc452d289314280a0f8842a65,2026-08-08T03:41:22,complex_trace;high_gas_used_context;token_activity_burst,0x07ed2379,true
25705241,0x596c4768dbfd756272ed141bd744715c75a6fb3f33f6e9d8b99ae4497e6f8618,0x052d2cbc749801b7ab5d0b59a6d27ea382b2a2ee,0x0a252663dbcc0b073063d6420a40319e438cfa59,2026-08-08T03:41:22,dense_internal_fund_flow;large_mint_to_sender;very_complex_trace;high_gas_used_context;token_activity_burst;selfdestruct_context,0xf5878b9b,true
25705241,0x5bf372b88764d70e5bd2dfb27d20f532624e4f9cd51e8b49a526555371b5d83b,0xfd64991c1f24901061e179b6ade1744f04bc1a4c,0xd8b444ac665b0de3a9135ad7be1a45f88ac97b3c,2026-08-08T03:41:22,large_mint_to_sender;complex_trace,0x6e553f65,true
25705241,0x723438b171448ff4c422063c7719898fbe936466443eacd764712c4795490a89,0xd6434d157f254276d69ede3bd9fc805482206908,0x7ec8a30a34b86927dc77b302603d1d53e640bef7,2026-08-08T03:41:22,repeated_internal_token_drain;dense_internal_fund_flow;very_complex_trace;high_gas_used_context;token_activity_burst;repeated_risky_internal_calls,0xa9059cbb,true
25705241,0x80a3709c5f2340bd885064f96c24f788b2e429a1279c7137a3a0f91ad8e45c62,0x283504f935274046827e023fafc74b328c9c06f1,0xd1a557fe9d49d047a2318c05a13523e4b9e56e09,2026-08-08T03:41:22,large_erc20_asset_flow;complex_trace,0xc92cf3c1,true
25705241,0x836aeb105f6f169f21b702c033bdee8a2e37d5d71d2349c7f7c6af106e78448c,0xbad000006db10503589262b55d09bb7b3c5e1472,0xbbbbb048b1a85ca221058c45525095b6a68bbbbb,2026-08-08T03:41:22,repeated_internal_token_drain;dense_internal_fund_flow;very_complex_trace;high_gas_used_context;token_activity_burst;repeated_risky_internal_calls,0xa9059cbb,true
25705243,0x35baac941eded4da113ce8a90c429e8825b168a2f048a471e60ec821accf717a,0xf279dfcdd57e1571c95e2c5b7e2ee453cbcdf77f,0x0000000071727de22e5e9d8baf0edac6f37da032,2026-08-08T03:41:47,dense_internal_fund_flow;complex_trace,0x765e827f,true
25705243,0xc111dd8a4c2f1b785b372a6202020aca6710cae42d0e7992118f3d52f6d56867,0xfeed46c11f57b7126a773eec6ae9ca7ae1c03c9a,0xbeeff2c5bf38f90e3482a8b19f12e5a6d2fca757,2026-08-08T03:41:47,large_erc20_asset_flow;complex_trace;high_gas_used_context;token_activity_burst,0xac9650d8,true
25705243,0x1d242571191a27a9c514eed8029e9a24049fb83bb05ad5d1cdc2d9edc6021e41,0x052d2cbc749801b7ab5d0b59a6d27ea382b2a2ee,0x0a252663dbcc0b073063d6420a40319e438cfa59,2026-08-08T03:41:48,dense_internal_fund_flow;large_mint_to_sender;very_complex_trace;high_gas_used_context;token_activity_burst;selfdestruct_context,0xf5878b9b,true
25705243,0xb26c9c107658b9888e07c80667a957531dd08ec661d2243228a96a933258551a,0xbad000006db10503589262b55d09bb7b3c5e1472,0xbbbbb048b1a85ca221058c45525095b6a68bbbbb,2026-08-08T03:41:48,complex_trace;high_gas_used_context;token_activity_burst,0xa9059cbb,false
25705243,0x10aa39b3efb0aaccd51b7d3ecb67cd1f008abf91bc707cdbbdf69e33bbd79147,0x59aab1bd0d26290274398c07b55955c15425e16b,0x00fe78205f5f0e63b8ad2b2ae5337f538a610e04,2026-08-08T03:41:51,high_gas_used_context;token_activity_burst,0x34fcd5be,false
25705243,0x1bd4000f5aeca418c1e7e579e75ced095b592f9b8bafa4d4cc28b52b40f0eb8e,0x09cfee647fa339133380191c8db6b44f24500c9d,0x77b85afbcd336993ac1c65057531c5a5b33b76b8,2026-08-08T03:41:51,high_gas_used_context;token_activity_burst,0xa9059cbb,false
25705243,0xd4183a8852bab6b5bac8af3e1cf7f1d9afec7a944bf3b7b646841ea040ed2a1b,0x63259a528b9186992e55b265b2bd05eee8df64e1,0xca11bde05977b3631167028862be2a173976ca11,2026-08-08T03:41:51,large_erc20_asset_flow,0x174dea71,true
25705244,0x226de4029daa3e66e595117a3b12a19e985c9e79ea7fa399b36cdd75c0772daf,0x78a62ce294a7855332bb6d8e33946d0aa7f44285,0x0000000000001ff3684f28c67538d4d072c22734,2026-08-08T03:41:57,dense_internal_fund_flow;large_erc20_asset_flow;complex_trace,0x2213bc0b,true
25705244,0x86ae40ad441d6f993ab34804741813a4384021e76640650a3b47e69d3cdfe189,0x75b7845c993e58797e73e889a84c5de93855a405,0x50c4e75a512f2a14a7b304787adf79c4531a5909,2026-08-08T03:41:57,dense_internal_fund_flow;complex_trace,0x2213bc0b,true
25705244,0x181e7a3644c04338bb11852dc804378663746420887fc9c0bd02a54008130083,0xae2fc483527b8ef99eb5d9b44875f005ba1fae13,0x1f2f10d1c40777ae1da742455c65828ff36df387,2026-08-08T03:42:00,complex_trace;high_gas_used_context;approval_burst,0x2b95404e,false
25705244,0x508b6d8d79b72f06b2ab127b8eca3cdcd309827fa1ff40e293e24b0aa9f1495a,0x59aab1bd0d26290274398c07b55955c15425e16b,0x00fe78205f5f0e63b8ad2b2ae5337f538a610e04,2026-08-08T03:42:00,complex_trace;high_gas_used_context;token_activity_burst,0x34fcd5be,false
25705244,0x53d3782a02c74c42cc0da8d324661c192ed61592a2ba4eb1072632aa621af42c,0x1584a8ee67789d1fe161065388657ad2f2a3c7dd,0x77eb52e44db06777bce478159f25c0d55a295314,2026-08-08T03:42:00,repeated_internal_token_drain;dense_internal_fund_flow;complex_trace;token_activity_burst;repeated_risky_internal_calls,0xa9059cbb,true
25705244,0x638eaa8948e54ef45f81d55cf57b36a44ebccef032e8f753d34bbe27ea9113ad,0x3431172c887cf150d9fdaba9876273d9db566367,0x64f5aad0e38e2ff9f50f2e51e813e49c05aca41a,2026-08-08T03:42:00,complex_trace;high_gas_used_context;token_activity_burst,0xa9059cbb,false
25705245,0x01277f3d3d46010e9e3219f0cdf1c2cd1daaee4fc32755d69f0345329b6f2b83,0xbad000006db10503589262b55d09bb7b3c5e1472,0xbbbbb048b1a85ca221058c45525095b6a68bbbbb,2026-08-08T03:42:10,repeated_internal_token_drain;dense_internal_fund_flow;very_complex_trace;high_gas_used_context;token_activity_burst;repeated_risky_internal_calls,0xa9059cbb,true
25705245,0x95ff0bf06665efd3d710866146cc10e2cf4742db17547e0f872b284faea4732e,0xd6434d157f254276d69ede3bd9fc805482206908,0x7ec8a30a34b86927dc77b302603d1d53e640bef7,2026-08-08T03:42:10,repeated_internal_token_drain;dense_internal_fund_flow;complex_trace;high_gas_used_context;token_activity_burst;repeated_risky_internal_calls,0xa9059cbb,true
25705245,0xa90ac718728a86d4a9bf33790577401d54ae8ad423b02e71e7c1aef87207ce38,0x052d2cbc749801b7ab5d0b59a6d27ea382b2a2ee,0x0a252663dbcc0b073063d6420a40319e438cfa59,2026-08-08T03:42:10,dense_internal_fund_flow;large_mint_to_sender;very_complex_trace;high_gas_used_context;token_activity_burst;selfdestruct_context,0xf5878b9b,true
25705245,0xd4e9cad98320cae88e36b52f87557e960798df4b91945c060fd07848ca91052a,0x6171c108394a44d25dddd7545cb2c4f685c79cf2,0xccc88a9d1b4ed6b0eaba998850414b24f1c315be,2026-08-08T03:42:10,large_erc20_asset_flow;complex_trace,0xf9e4bab4,true
25705246,0x13d14494f48ba926b66a84ea52f2a06efe934b02f74e9a73e636a99478d6936d,0xe463e91b5ac588e24ac810d403795f08f86822d9,0x07964f135f276412b3182a3b2407b8dd45000000,2026-08-08T03:42:23,dense_internal_fund_flow;complex_trace;high_gas_used_context;token_activity_burst,0x6b3ec416,true
25705246,0x230654ff90addfdd825936aee72759aea3a4be19e71fa820ae0b855ba32ac319,0xde7a849216aa3884d53d84ecb02c19eb67e5dae2,0x7d9f4ca54131e588fc1fe577973b55fb11231e76,2026-08-08T03:42:24,repeated_internal_token_drain;dense_internal_fund_flow;complex_trace;high_gas_used_context;token_activity_burst;repeated_risky_internal_calls,0x6aac3a0b,true
25705246,0xf8b715f909f91c43909fd8ca789b1b7d6bcc762628f4f9b22f27c610f19d8576,0xae0cc0d6e76c2b13451ab90cd13a5fa71a5c59ba,0xd226997439ecfbeff8e110c8c78c8a7eefd19f89,2026-08-08T03:42:25,large_erc20_asset_flow;complex_trace,0x99999999,true
25705247,0x7393f8230d4cad1dd4e2eefb9d4eb52f674bd7dffde102a25171ca5001683cf3,0x3ee92cd00993a4488ae153ab41ac7947cbcbc1de,0x9205a569b0ff45df1e4f5ae48e21bc7f0656f0bb,2026-08-08T03:42:35,dense_internal_fund_flow;large_erc20_asset_flow,0x8b578ac6,true
25705247,0xd72e372007f0b1bf82661c7d537909cb56e9a5dfa3b72a0e62028a363099ce7c,0x49e1bf431e9bbbd8e57afcd21ccac3f30e7d98d3,0x28b1dc1a5e3699a428bc51d234dfab7c9cb2a183,2026-08-08T03:42:35,complex_trace;high_gas_used_context,0xf2c42696,true
25705247,0xf69a4d1a894ecd43a6f116db278200c918cd9aee78a52a597f1c7f246480f9c5,0x3ee92cd00993a4488ae153ab41ac7947cbcbc1de,0x9205a569b0ff45df1e4f5ae48e21bc7f0656f0bb,2026-08-08T03:42:35,dense_internal_fund_flow;large_erc20_asset_flow,0x8b578ac6,true
25705247,0xb8d49a0aeee198cda0dea0ec8544f193ddde1f85e314f2c14189b09b061809cc,0x53b3ce08eda0d74c20edb2ba59fed2762f7118c6,0x45312ea0eff7e09c83cbe249fa1d7598c4c8cd4e,2026-08-08T03:42:36,large_erc20_asset_flow,0x5c9c18e2,true
25705247,0xcd84e480d8ece66c40de36d28fb59fdbcef95494d615c6736b8d36bb197e7242,0x052d2cbc749801b7ab5d0b59a6d27ea382b2a2ee,0x0a252663dbcc0b073063d6420a40319e438cfa59,2026-08-08T03:42:36,dense_internal_fund_flow;large_mint_to_sender;very_complex_trace;high_gas_used_context;token_activity_burst;selfdestruct_context,0xf5878b9b,true
25705248,0xd79454d26dba4b6ca563fa50480ec20ee10e981454443b18e65395e2d4efb497,0xbeccf19b026f12677e5ce1ce9e2d94dcc4772feb,0xbdb3ba9ffe392549e1f8658dd2630c141fdf47b6,2026-08-08T03:42:53,dense_internal_fund_flow;complex_trace,0x000000cc,true
25705248,0xc08db9400b17d9a654486a52c84ce07291f7dfb701d7e8005ec17b84de32c775,0x05854d0c70d2f696fb3d9c0863100956b795e2ff,0x0fb6e8ecd8ca55c79122f4e114fb46afe1924089,2026-08-08T03:42:55,complex_trace;high_gas_used_context;approval_burst,0x9d83fd7f,false
25705248,0x2a90194818710361b40f72ccec30e02009fd594859ebf6293a95afdb865c25fa,0x49e1bf431e9bbbd8e57afcd21ccac3f30e7d98d3,0x28b1dc1a5e3699a428bc51d234dfab7c9cb2a183,2026-08-08T03:42:56,complex_trace;high_gas_used_context,0xf2c42696,true
25705248,0x375fbc3480be6c50f13f195326a814b22f92d57c6f48c0a25de9f8c43e2b6c3e,0x80d04079ffc53eb14edbeeb37279d126f45552df,0x4dd57262faaa652dc9e44e670a87a9ff958c3106,2026-08-08T03:42:56,repeated_internal_token_drain;dense_internal_fund_flow;complex_trace;token_activity_burst;repeated_risky_internal_calls,0x8aaa8f3b,true
25705248,0x3f230932de75ef686b89877624a7174f8b0b83f9ed29f7c29e228568bd33f357,0x59aab1bd0d26290274398c07b55955c15425e16b,0x00fe78205f5f0e63b8ad2b2ae5337f538a610e04,2026-08-08T03:42:56,complex_trace;high_gas_used_context;token_activity_burst,0x34fcd5be,false
25705248,0x4bb69325488cecfd0d069ab9b1bef5fcd1b91e9df3f3219ff85f06c160507463,0xd386f8f1e31550d8a55a6baf921168b06c8716fb,0x547b5ad9f71ac50efd8755bc144767ac1768fc3d,2026-08-08T03:42:56,large_erc20_asset_flow;complex_trace;token_activity_burst,0x214bc20e,true
25705248,0x8acd0a28f9e294b77d8fe28dec61c0c38d6d8d14c786d5f1b16e2fd3ab7f822b,0xd6434d157f254276d69ede3bd9fc805482206908,0x7ec8a30a34b86927dc77b302603d1d53e640bef7,2026-08-08T03:42:56,repeated_internal_token_drain;dense_internal_fund_flow;complex_trace;high_gas_used_context;token_activity_burst;approval_burst;repeated_risky_internal_calls,0xa9059cbb,true
25705249,0xab96d20f9c3f08e572a381d72241b3b69019be24918f324260e4fc1ed19c6220,0x7830c87c02e56aff27fa8ab1241711331fa86f43,0xa9d1e08c7793af67e9d92fe308d5697fb81d3e43,2026-08-08T03:43:02,large_erc20_asset_flow,0xca350aa6,true
25705249,0xdc0bf4c4625907ceac14cce3a725780500a362520156b11e3755f5e6d15aadbc,0x0e0052a184fd59c6b7e1e99d739802ecb3aec0e4,0xd82461784eb72d4b67cbab077989eb215315e272,2026-08-08T03:43:02,complex_trace;approval_burst,0x805f7b65,false
25705249,0x38ee5ee19d99af351525d6aac9e661ae941e23e25440c7ac973754aa7ecfef66,0xa154b98e53fc35e1bad1ff758acbc8c629bdcd2b,0x19917386eeae67b6ff7ddf07de4019fca40aa4ec,2026-08-08T03:43:03,complex_trace;high_gas_used_context;token_activity_burst,0xa9059cbb,false
25705249,0xb51a1478d16c9778ca97e58f93c0d02b8e86280829c21dbe8a2ecce5f1cde0dd,0x30b5a6e6f54507e0dee280923234204b6a82664a,0x66a9893cc07d91d95644aedd05d03f95e1dba8af,2026-08-08T03:43:03,dense_internal_fund_flow;complex_trace,0x3593564c,true
25705249,0xe6b72b46c9c1d2a986d5fb838559214a1accf9746487866dc80917c335c44fde,0x3f4e1a3f21a90af960acc652e9bf8dd7a21f3964,0x0000000071727de22e5e9d8baf0edac6f37da032,2026-08-08T03:43:03,dense_internal_fund_flow;complex_trace,0x765e827f,true
25705250,0x254c1f0bcd26b703315fbd03d3e340d19b987126920928ce6f68dd6d6387fbb6,0x43cd5919a45a5fa51b7f8fff8069902f405fe825,0x4c82d1fbfe28c977cbb58d8c7ff8fcf9f70a2cca,2026-08-08T03:43:11,dense_internal_fund_flow,0x3593564c,true
25705250,0x53ce59f59e267a72fd12e0ebb67bf9d200a5e5e7f6466e24beaf7e8916020044,0x5b43453fce04b92e190f391a83136bfbecedefd1,0xbdb3ba9ffe392549e1f8658dd2630c141fdf47b6,2026-08-08T03:43:11,complex_trace;high_gas_used_context;token_activity_burst,0x000000c3,false
25705250,0x01a4042f5322fde77e2eb7c325ca57186359a0bb9c4233be05c7a5f2a963d627,0x052d2cbc749801b7ab5d0b59a6d27ea382b2a2ee,0x0a252663dbcc0b073063d6420a40319e438cfa59,2026-08-08T03:43:12,dense_internal_fund_flow;large_mint_to_sender;very_complex_trace;high_gas_used_context;token_activity_burst;selfdestruct_context,0xf5878b9b,true
25705250,0x38620f54a1264e8a5c01d769009e5d7fa233285433ea279f48524286bae58d9c,0x1584a8ee67789d1fe161065388657ad2f2a3c7dd,0x77eb52e44db06777bce478159f25c0d55a295314,2026-08-08T03:43:13,repeated_internal_token_drain;dense_internal_fund_flow;complex_trace;high_gas_used_context;token_activity_burst;repeated_risky_internal_calls,0xa9059cbb,true
25705250,0x3d98b8df39b33e6de6b9b57eb31ff1101080a35d616bcb50c68c5475668d9f6d,0xd6434d157f254276d69ede3bd9fc805482206908,0x7ec8a30a34b86927dc77b302603d1d53e640bef7,2026-08-08T03:43:13,repeated_internal_token_drain;dense_internal_fund_flow;complex_trace;high_gas_used_context;token_activity_burst;approval_burst;repeated_risky_internal_calls,0xa9059cbb,true
25705250,0x60bde3c33a92bbc19aa762af667fed429fa33df481eb563c9b75c9f740ce6ab4,0x5860d2d1a911ad10b51e5d9972f36fa70a31f6f4,,2026-08-08T03:43:13,large_mint_to_sender;privileged_execution_context;high_gas_used_context;contract_creation_context,0x60806040,true
25705250,0x655c4002a11fb9b6e686c28be211fdebbc0612058cf81487312d0a1ca7f516b8,0xfcda668f825ca1f973b1f241278239cfc4741b51,0xf4e147db314947fc1275a8cbb6cde48c510cd8cf,2026-08-08T03:43:13,large_erc20_asset_flow;complex_trace,0x0bf5d35e,true
25705250,0xe5d7c80c7ea03c52841772528d4892af44c768653e95c1751e8418817688e5f3,0xbad000006db10503589262b55d09bb7b3c5e1472,0xbbbbb048b1a85ca221058c45525095b6a68bbbbb,2026-08-08T03:43:13,complex_trace;high_gas_used_context;token_activity_burst,0xa9059cbb,false
25705251,0x1a7904e39a090b36dd42362a02841f502f210dd6a7ae6781a6fae30f45bff728,0xf70da97812cb96acdf810712aa562db8dfa3dbef,0xccc88a9d1b4ed6b0eaba998850414b24f1c315be,2026-08-08T03:43:23,large_erc20_asset_flow;complex_trace,0x0a2b8f36,true
25705251,0x428c000a7f43b9125ae99763dab09357cc766933b8a097129e80cd9b784bb840,0x7830c87c02e56aff27fa8ab1241711331fa86f43,0xa9d1e08c7793af67e9d92fe308d5697fb81d3e43,2026-08-08T03:43:23,dense_internal_fund_flow,0x1a1da075,true
25705251,0x274709f09ac00b3543a5ab912bd30df38dfac4204257d292520356ca26ff88ac,0xd6434d157f254276d69ede3bd9fc805482206908,0x7ec8a30a34b86927dc77b302603d1d53e640bef7,2026-08-08T03:43:24,repeated_internal_token_drain;dense_internal_fund_flow;complex_trace;high_gas_used_context;token_activity_burst;approval_burst;repeated_risky_internal_calls,0xa9059cbb,true
25705252,0xd4742be070e865e74752972943ebefbd9a1c9bce4042802be6b9f5cc8775f227,0x7b49bc3ebbdf7322f31c6449320382bbec3be1b6,0xad3b67bca8935cb510c8d18bd45f0b94f54a968f,2026-08-08T03:43:31,complex_trace;approval_burst,0x146ee74d,false
25705252,0x02fabfc485acb3a876effe2bc266291c8aed38c1f4257fe40d8374cbedc593d5,0x09cfee647fa339133380191c8db6b44f24500c9d,0x77b85afbcd336993ac1c65057531c5a5b33b76b8,2026-08-08T03:43:32,high_gas_used_context;token_activity_burst,0xa9059cbb,false
25705252,0x1c07debe420e9eb2f1bcc26bd5ac31f6b1367aa1416ce0757988044502b80efc,0x4337038429b76948ee97eb2d8115513277c3abf5,0x0000000071727de22e5e9d8baf0edac6f37da032,2026-08-08T03:43:32,large_erc20_asset_flow,0x765e827f,true
25705252,0x65578c3768442446383e22b93d4f96242586df7ea479e790c0b114fe47f7bdfd,0xbad000006db10503589262b55d09bb7b3c5e1472,0xbbbbb048b1a85ca221058c45525095b6a68bbbbb,2026-08-08T03:43:32,repeated_internal_token_drain;dense_internal_fund_flow;very_complex_trace;high_gas_used_context;token_activity_burst;repeated_risky_internal_calls,0xa9059cbb,true
25705252,0x65a365a867af9f41b64e631bad60f0f137208fe44e46d415a440302a92856e46,0x052d2cbc749801b7ab5d0b59a6d27ea382b2a2ee,0x0a252663dbcc0b073063d6420a40319e438cfa59,2026-08-08T03:43:32,dense_internal_fund_flow;large_mint_to_sender;very_complex_trace;high_gas_used_context;token_activity_burst;selfdestruct_context,0xf5878b9b,true
25705252,0xb64812961b935c484701a1eb1e477d4143f513c3bc67dee17f160d6f54420f24,0x0e0052a184fd59c6b7e1e99d739802ecb3aec0e4,0xd82461784eb72d4b67cbab077989eb215315e272,2026-08-08T03:43:32,complex_trace;approval_burst,0x805f7b65,false
25705252,0xc5b4bd5b21636e000ac8e9e115b6d6b52660a24f153925e7fadc2af1ac0319c4,0x72f84ec6166ca8efba59677c8b7adf5dbf30e63b,0x337685fdab40d39bd02028545a4ffa7d287cc3e2,2026-08-08T03:43:32,dense_internal_fund_flow;complex_trace;high_gas_used_context;token_activity_burst,0xfa74fd43,true
25705253,0x007bb10a6ba047f2cef17d06a8299eb10a1d86a6139fb55a55d89d5b18899460,0x80fbefbee7e2bb2ac085f082674dc8c0bccfa135,0xec2c96e75b09e29b66bf2ee5c37fa749ef9aa7c7,2026-08-08T03:43:44,large_erc20_asset_flow;complex_trace,0xdb5c7e88,true
25705253,0x5e6fde68243db0c814f12ae106df42e826f76e0bfca4787cae3d43fb4e6a9cef,0xfeed46c11f57b7126a773eec6ae9ca7ae1c03c9a,0xb46dfe10a44761c389ac0b0e3ca8ecac4dcd2184,2026-08-08T03:43:44,very_complex_trace;high_gas_used_context,0x77526d4c,false
25705253,0xbdadd7c7c08ef920c673cfd35980257a8bf34f98a7e7972881e6d82935543a8e,0x6c14f56559d10bf2f6d59ae2ac06c09b37f203a7,0x096703b14dbfe021eac4c66b82adf5522cc9c1b6,2026-08-08T03:43:47,complex_trace;high_gas_used_context;token_activity_burst,0x0cd6c02a,false
25705253,0xe639c3f5d8e48cd3103e3e4619e2dff058914171c2f2f9048989b2a310db7041,0xd6434d157f254276d69ede3bd9fc805482206908,0x7ec8a30a34b86927dc77b302603d1d53e640bef7,2026-08-08T03:43:47,repeated_internal_token_drain;dense_internal_fund_flow;complex_trace;high_gas_used_context;token_activity_burst;approval_burst;repeated_risky_internal_calls,0xa9059cbb,true
25705253,0xe8451be3c958779763dd5a4bb0fe9f5348960e6cb29faae81339cadaf7b3f040,0x80d04079ffc53eb14edbeeb37279d126f45552df,0x4dd57262faaa652dc9e44e670a87a9ff958c3106,2026-08-08T03:43:47,repeated_internal_token_drain;dense_internal_fund_flow;complex_trace;token_activity_burst;repeated_risky_internal_calls,0x8aaa8f3b,true
25705254,0x40431bb79f9b9548b829b2f85520d6b44b8e15385d9a66074a85849c305c960c,0xbad000006db10503589262b55d09bb7b3c5e1472,0xbbbbb048b1a85ca221058c45525095b6a68bbbbb,2026-08-08T03:44:00,complex_trace;high_gas_used_context;token_activity_burst,0xa9059cbb,false
25705254,0x7c3777f693ece5a2a7164c422f3e2f47ab6f98d0529d156849559891e8451ec4,0x052d2cbc749801b7ab5d0b59a6d27ea382b2a2ee,0x0a252663dbcc0b073063d6420a40319e438cfa59,2026-08-08T03:44:00,dense_internal_fund_flow;large_mint_to_sender;very_complex_trace;high_gas_used_context;token_activity_burst;selfdestruct_context,0xf5878b9b,true
25705254,0xc30df79ffd48b27ad4001b185370f43661f71dc0a56aa6fc616a33d93f14fb64,0xd6434d157f254276d69ede3bd9fc805482206908,0x7ec8a30a34b86927dc77b302603d1d53e640bef7,2026-08-08T03:44:00,repeated_internal_token_drain;dense_internal_fund_flow;complex_trace;high_gas_used_context;token_activity_burst;approval_burst;repeated_risky_internal_calls,0xa9059cbb,true
25705255,0xac74a4a0debe07477c93e8dd621953d2984348f8b360f2604796508f4479f595,0xa5a5491bca93dd4c076e4906e79e7673f4a5a142,0xccc88a9d1b4ed6b0eaba998850414b24f1c315be,2026-08-08T03:44:10,dense_internal_fund_flow;complex_trace;high_gas_used_context,0x0a2b8f36,true
25705255,0xb5efec236200728ae75c9b1caf2215445aa27a5ad5493c558dab153ba6147eff,0xa0cb4dc89872869f18f88eba9951619a74da38fc,0x881d40237659c251811cec9c364ef91dc08d300c,2026-08-08T03:44:10,complex_trace;token_activity_burst,0x5f575529,false
25705255,0xcfb66dd4373fb0f1e91efc10e385f9402d37b12adb93a4e2a47a80b8986a8080,0x59aab1bd0d26290274398c07b55955c15425e16b,0x00fe78205f5f0e63b8ad2b2ae5337f538a610e04,2026-08-08T03:44:10,repeated_internal_token_drain;dense_internal_fund_flow;complex_trace;high_gas_used_context;token_activity_burst;repeated_risky_internal_calls,0x34fcd5be,true
25705256,0x2c741e155c4a0af2774b0371bae7eece8933f80813b78641cc36f2b83e3e25f9,0x4b82847c82087ea19418bed079966810f64f39f4,0x6ed60864fb8fb610a65af5d16cef272548bc64d6,2026-08-08T03:44:21,complex_trace;high_gas_used_context;token_activity_burst,0xe32bbc9e,false
25705256,0x830e9d1ff3216071e00332eacde87a6bbdccd83e21aecc23984163881068eb3b,0x7830c87c02e56aff27fa8ab1241711331fa86f43,0xa9d1e08c7793af67e9d92fe308d5697fb81d3e43,2026-08-08T03:44:21,dense_internal_fund_flow,0x1a1da075,true
25705256,0xf2a570e3de7712b4cf5d18effae4480315c8b3e3b9888c36aeb4542fa0380afd,0xde7a849216aa3884d53d84ecb02c19eb67e5dae2,0x7d9f4ca54131e588fc1fe577973b55fb11231e76,2026-08-08T03:44:23,repeated_internal_token_drain;dense_internal_fund_flow;complex_trace;high_gas_used_context;token_activity_burst;repeated_risky_internal_calls,0x6aac3a0b,true
25705256,0x230e00b8786a2eac4ba1cc11c9753f824731db58c44b5b342424c8bd45731af2,0x052d2cbc749801b7ab5d0b59a6d27ea382b2a2ee,0x0a252663dbcc0b073063d6420a40319e438cfa59,2026-08-08T03:44:24,dense_internal_fund_flow;large_mint_to_sender;very_complex_trace;high_gas_used_context;token_activity_burst;selfdestruct_context,0xf5878b9b,true
25705256,0xb9ce77f8d6d2daeb4a770f2562f7e9ac7a5ff4702c2e5483d3ded5b7f36abe91,0xd6434d157f254276d69ede3bd9fc805482206908,0x7ec8a30a34b86927dc77b302603d1d53e640bef7,2026-08-08T03:44:24,repeated_internal_token_drain;dense_internal_fund_flow;complex_trace;high_gas_used_context;token_activity_burst;repeated_risky_internal_calls,0xa9059cbb,true
25705256,0xc2194c79a2ac3a25c9b550759bc7bd16296f36ace832ea26df09de7eae047cad,0xbad000006db10503589262b55d09bb7b3c5e1472,0xbbbbb048b1a85ca221058c45525095b6a68bbbbb,2026-08-08T03:44:24,repeated_internal_token_drain;dense_internal_fund_flow;very_complex_trace;high_gas_used_context;token_activity_burst;repeated_risky_internal_calls,0xa9059cbb,true
25705257,0x6fe02a35fb82b6b5a0399cc0b63fa86f261d46bf8d8a7db061a4d55bf32bbabc,0xc6acbee42e9e323140c1ed060c2f6ea9cc3b4b75,0x7c5a71c9fefbc7691f9d4ac7baf70c743792f716,2026-08-08T03:44:35,selfdestruct_context,0xf3fef3a3,false
25705257,0xa28618d65a9625a4177c35ee6e9b3bd711408e532d5e9d7b027f213034bf3294,0x1584a8ee67789d1fe161065388657ad2f2a3c7dd,0x77eb52e44db06777bce478159f25c0d55a295314,2026-08-08T03:44:37,repeated_internal_token_drain;dense_internal_fund_flow;complex_trace;high_gas_used_context;token_activity_burst;repeated_risky_internal_calls,0xa9059cbb,true
25705257,0xd00f2dfcde053eac67cf98ffcb6dae4222b8217d61cc4604cf32abe1426ff3d3,0xfbe231b15abd6cc692384e260cca430a16e70d2d,0xae563e3f8219521950555f5962419c8919758ea2,2026-08-08T03:44:37,large_erc20_asset_flow;complex_trace,0x19c6989f,true
25705257,0xc1acd04bccf2987a6278bfa61951f3b54269d6d98414f7ccdc1f6504fe730ce0,0x59aab1bd0d26290274398c07b55955c15425e16b,0x00fe78205f5f0e63b8ad2b2ae5337f538a610e04,2026-08-08T03:44:38,complex_trace;high_gas_used_context;token_activity_burst,0x34fcd5be,false
25705258,0x582e2f5eb1e3c87d6f770edfcd8ea44574014e66be008f45b62f44e1423beb5f,0x052d2cbc749801b7ab5d0b59a6d27ea382b2a2ee,0x0a252663dbcc0b073063d6420a40319e438cfa59,2026-08-08T03:44:44,dense_internal_fund_flow;large_mint_to_sender;very_complex_trace;high_gas_used_context;token_activity_burst;selfdestruct_context,0xf5878b9b,true
25705258,0x7db50862ff34795672feea5fe743085ad1ec32f7546cad1727b2a65cc6b94e69,0x754dcfb2861547015b221e963b4133a71dbdc024,0x3e07be15370d8b12d80a159a7ef14b9e51869497,2026-08-08T03:44:44,dense_internal_fund_flow;complex_trace;high_gas_used_context;token_activity_burst,0x21af54c6,true
25705258,0x94f0ab87b12204998ee678e7ef958c743ba70674574ec24c2184b20f1bc39241,0xf5c4f3dc02c3fb9279495a8fef7b0741da956157,0x514b9e5467b9eb811519e316263c9099eae546ca,2026-08-08T03:44:44,dense_internal_fund_flow;very_complex_trace;high_gas_used_context;token_activity_burst,0x095ea7b3,true
25705258,0x9a3ef662db0735f23a18bff9a57e84f669a651a0af8aea74d01286c9e7117c35,0xe99bd1c2dd70cd58e5efd47887991700e7318ce2,0xad3b67bca8935cb510c8d18bd45f0b94f54a968f,2026-08-08T03:44:44,large_erc20_asset_flow;complex_trace;high_gas_used_context;token_activity_burst;approval_burst,0x146ee74d,true
25705258,0xeaf5445484d6522efbdb5eeb2e4655e68f9637009b0bfe12a43eff0124851c77,0x4f551b4688a624d9ea2550f1ac9928f7021bdd20,0xb300000b72deaeb607a12d5f54773d1c19c7028d,2026-08-08T03:44:44,dense_internal_fund_flow;complex_trace,0x810c705b,true
25705258,0x41316906b30664dbfab0293469ea46b4f2fc7dbf4caef41d0560208696fbc7fc,0xfbe231b15abd6cc692384e260cca430a16e70d2d,0xae563e3f8219521950555f5962419c8919758ea2,2026-08-08T03:44:45,large_erc20_asset_flow;complex_trace,0x19c6989f,true
25705258,0x5b40f37e8a3b2e8d04050026a9b402d8283e97986d7cb5a380b241113bfc7276,0xf70da97812cb96acdf810712aa562db8dfa3dbef,0xb92fe925dc43a0ecde6c8b1a2709c170ec4fff4f,2026-08-08T03:44:45,dense_internal_fund_flow,0xcd6e13f7,true
25705259,0xece1d828306797108dcb9e8fa5ac3aef1a7aee69738ec4d4c4c424aae4ceaaa1,0x7830c87c02e56aff27fa8ab1241711331fa86f43,0xa9d1e08c7793af67e9d92fe308d5697fb81d3e43,2026-08-08T03:44:56,large_erc20_asset_flow;token_activity_burst,0xca350aa6,true
25705259,0x04c8b3c9aea8206cc1a96650cc8e15534843f80d233275d0c3f881fb5c7ab219,0x68786ece1967079258525a0d276360d6ce14de2d,0x337685fdab40d39bd02028545a4ffa7d287cc3e2,2026-08-08T03:44:57,dense_internal_fund_flow;complex_trace;high_gas_used_context;token_activity_burst,0x30dedc57,true
25705259,0x0fec73aa9a30626d09c3329ff5a62f1ece3c0239cadd32ed43cf2620be9231c9,0x2e196d5567e60515e1067c9d902b0f1e9b8f20e2,0x03f34be1bf910116595db1b11e9d1b2ca5d59659,2026-08-08T03:44:57,dense_internal_fund_flow;large_erc20_asset_flow;complex_trace,0xa32fe0a1,true
25705259,0x1003f397b30a73b56b3f62618967797e66736008f248c33b454be2c36741da38,0xacb0e8ccd62acdd6651144458e784bd823b5b072,0xb300000b72deaeb607a12d5f54773d1c19c7028d,2026-08-08T03:44:57,dense_internal_fund_flow;complex_trace;high_gas_used_context,0x810c705b,true
25705259,0x1fe0b963c1213ddbb236eb6c11043c4cef34bd69f5d7c89efd1942cb0475bcfb,0x59aab1bd0d26290274398c07b55955c15425e16b,0x00fe78205f5f0e63b8ad2b2ae5337f538a610e04,2026-08-08T03:44:58,complex_trace;high_gas_used_context;token_activity_burst,0x34fcd5be,false
25705259,0x2b46c0f58789447c61b35560c4565897577945b166e98c25e3ed69ad321269ec,0x3cfdc212769c890907bce93d3d8c2c53de6a7a89,0x0000000071727de22e5e9d8baf0edac6f37da032,2026-08-08T03:44:58,privileged_execution_context;complex_trace,0x765e827f,false
25705259,0x2b63dac0a251b59a13358f266fd35da06c5240de59bbedbfdf5bf49fbd028831,0xa154b98e53fc35e1bad1ff758acbc8c629bdcd2b,0x19917386eeae67b6ff7ddf07de4019fca40aa4ec,2026-08-08T03:44:58,repeated_internal_token_drain;dense_internal_fund_flow;complex_trace;high_gas_used_context;token_activity_burst;repeated_risky_internal_calls,0xa9059cbb,true
25705259,0x813d08e858f4a15bad09ecb0f01a0dcccf514884a58471609a0fa80723937181,0x679afe3683060aa7b50747b985524288131ac2b8,0x07964f135f276412b3182a3b2407b8dd45000000,2026-08-08T03:44:58,large_erc20_asset_flow;complex_trace,0xd808d889,true
25705259,0xdf88382523839860e6cd8c6f74627eca26d04642dcb58b2feb35dbb006b81669,0xd6434d157f254276d69ede3bd9fc805482206908,0x7ec8a30a34b86927dc77b302603d1d53e640bef7,2026-08-08T03:44:58,repeated_internal_token_drain;dense_internal_fund_flow;complex_trace;high_gas_used_context;token_activity_burst;repeated_risky_internal_calls,0xa9059cbb,true
