block_num,tx_hash,from,to,detect_time,attack_signals,selector,has_asset_impact
25681951,0xb60825e8371fbfb72e9cbb79df840eb2c47fe4185023fad4c851178de152c5c2,0x21378e678a111691a60fa688c72d61439e124c8f,0xcb0151ac9479a6a0261622baa63ae843c9793d45,2026-08-04T22:00:05,dense_internal_fund_flow;complex_trace;high_gas_used_context;token_activity_burst;approval_burst,0x64cd187f,true
25681951,0xcccc9b30c09865886696cc8de7027531efcfabb049f82a16ec5c8bc177aa561f,0xde992badd92adaf9146255e9bde6a70770973664,0x3d0f22bf11636cc9cb129e2b261eed35a487455c,2026-08-04T22:00:05,complex_trace;high_gas_used_context,0xa9059cbb,false
25681951,0x2bca2f08d2ad26fe26b9feff50101092d309365d5ac55a2a10e4bc60f3cb495a,0x161643f280b09be8e0271eef8efc6c264d125003,0x84fee5c97dc2fafcfdfdafa4b7d8cd39421cac31,2026-08-04T22:00:06,dense_internal_fund_flow;token_activity_burst,0xa9059cbb,true
25681951,0x3fb4739c3ce4edcab46b84c2438e7d1f86b85e7e57970a7eaf6b6de11dda6080,0x81175155d85377c337d92f1fa52da166c3a4e7ac,0x4a4962275df8c60a80d3a25faec5aa7de116a746,2026-08-04T22:00:06,privileged_execution_context,0x6a761202,true
25681951,0xdfa0b4f5eff732db00e431788e17d240eb00b72d0894f23657fa4fab5d8e89b8,0xa92dedab5474f5de0c230f8d562c8701214b410a,0x111111125421ca6dc452d289314280a0f8842a65,2026-08-04T22:00:06,dense_internal_fund_flow;complex_trace,0x07ed2379,true
25681951,0x16410c6dc950350a74cf5b556cdf7b1f330ab2fe9d8fe5d3fb3a91ea473c393e,0xe99bd1c2dd70cd58e5efd47887991700e7318ce2,0xad3b67bca8935cb510c8d18bd45f0b94f54a968f,2026-08-04T22:00:08,complex_trace;high_gas_used_context;token_activity_burst;approval_burst,0x146ee74d,false
25681952,0xddae2d09ff25bd3e32393c61d8365fa26ece02bbdc37c5fc2b046723b90051d7,0x0c758f39ee88e7a1688b003ad622c36e6a4decac,0x0ba6d224169bbfad4eb2d38c500d2c8e8ede696c,2026-08-04T22:00:16,dense_internal_fund_flow;complex_trace;high_gas_used_context,0x5742f567,true
25681952,0x10f95e28884838224f8c934fc1cd9be0251532b80bfe7d25ecd24ebbeb9a2eee,0xe2d7d6c3a0dcad074044d6a5e1a201dbbb320f8b,0xc77d97cf01737eb7ace46cab7cd9f60ec51a40c0,2026-08-04T22:00:17,large_erc20_asset_flow;complex_trace,0x3003e089,true
25681952,0x71d99699f01003d86ac5c60207be8c9b94d8acc4fbf80b7513af74a9a70aa0a1,0xb992ad53ee7dbdaa7e01631f97a2f05c10ed9f00,0x6131b5fae19ea4f9d964eac0408e4408b66337b5,2026-08-04T22:00:17,large_erc20_asset_flow;complex_trace,0xe21fd0e9,true
25681952,0x978335b47e96e61a8719865a638cac2e92854345e4f200ce87666352eda31be4,0xc6acbee42e9e323140c1ed060c2f6ea9cc3b4b75,0x7c5a71c9fefbc7691f9d4ac7baf70c743792f716,2026-08-04T22:00:17,selfdestruct_context,0xf3fef3a3,false
25681953,0x55d2864af0532f20a6b0fae85ba3057a6abbb68f124994a9f22d6ffea948debf,0xde992badd92adaf9146255e9bde6a70770973664,0x3d0f22bf11636cc9cb129e2b261eed35a487455c,2026-08-04T22:00:28,complex_trace;high_gas_used_context,0xa9059cbb,false
25681953,0x8811cfe0d6d519c91579b3866c03364ef2d621ba332110803a1ea5dffa80cd1d,0xa154b98e53fc35e1bad1ff758acbc8c629bdcd2b,0x19917386eeae67b6ff7ddf07de4019fca40aa4ec,2026-08-04T22:00:28,complex_trace;high_gas_used_context;token_activity_burst,0xa9059cbb,false
25681953,0xff7b2762d6603126e130d9c45f6aebebfc37abca5b91754aae3d20ecc5f69237,0xe3d10ab6a5266c80df834474901b9c1c084173c1,0x28b1dc1a5e3699a428bc51d234dfab7c9cb2a183,2026-08-04T22:00:28,complex_trace;high_gas_used_context;token_activity_burst,0x0c307f76,true
25681954,0x0774eb578f0039a2c62480c76aa7039ae9e0caf08e3f896152d21da232b0c9aa,0x18ec698c5d60c74b2cc15bc22ca544da570e34e1,0x5c3593481cba011737e36ded62f1797c9f6afce1,2026-08-04T22:00:46,large_erc20_asset_flow;complex_trace,0x1cff79cd,true
25681954,0x4e19e7ee96b2f5278b7006073de48d142b7600872a90142db9a19f1fac59e990,0x7830c87c02e56aff27fa8ab1241711331fa86f43,0xa9d1e08c7793af67e9d92fe308d5697fb81d3e43,2026-08-04T22:00:46,large_erc20_asset_flow;token_activity_burst,0xca350aa6,true
25681954,0x5582b02dad1ad4c44bb40963b85a731c6ad467433c717b4cf648eed70f4a75d6,0xe99bd1c2dd70cd58e5efd47887991700e7318ce2,0xad3b67bca8935cb510c8d18bd45f0b94f54a968f,2026-08-04T22:00:46,complex_trace;high_gas_used_context;token_activity_burst;approval_burst,0x146ee74d,false
25681954,0x7fe341db63848f2c80007fc518dac1fee0c12756418f5a664e444e76ef4004d2,0xca686974913389d42f3c5f61010503daccdb487a,0x0000000000001ff3684f28c67538d4d072c22734,2026-08-04T22:00:46,large_erc20_profit_to_sender;dense_internal_fund_flow;large_erc20_asset_flow;complex_trace,0x2213bc0b,true
25681954,0xcc4ea89ee54b57fac6e4e8fa362154bb7d8cd230418012d116edb77ed00fd261,0x7830c87c02e56aff27fa8ab1241711331fa86f43,0xa9d1e08c7793af67e9d92fe308d5697fb81d3e43,2026-08-04T22:00:46,dense_internal_fund_flow,0x1a1da075,true
25681954,0x2cb77225c558a50b03ca31a90161d3064623c9abc258397ed525253cad734d61,0x0a5b2bf3ccfb44c1d22f07eed9553ecba752d4ad,0xd90e2f925da726b50c4ed8d0fb90ad053324f31b,2026-08-04T22:00:47,dense_internal_fund_flow;complex_trace,0xb438689f,true
25681954,0x7cbb77db7248eb85af029d9d318d6aae786b24e4068e6564cd02a9656c1bee4a,0xe8392e815f45aeb300a1b0bdc86b9b753458a64d,,2026-08-04T22:00:48,privileged_execution_context;high_gas_used_context;contract_creation_context,0x60c06040,false
25681954,0x075f4d5c958fbda2c0576b557d788f7a0a80c22ebf4fdd881e53afe405bbf749,0xf96a10dcb261aa932a589146e87d80e4cc8446f2,0x6566194141eefa99af43bb5aa71460ca2dc90245,2026-08-04T22:00:50,large_erc20_asset_flow,0x374f435d,true
25681954,0x62208d5c797ca51102039b92074510feb21101d4738dd778dc1ae33fdf0bbdc8,0x1584a8ee67789d1fe161065388657ad2f2a3c7dd,0x77eb52e44db06777bce478159f25c0d55a295314,2026-08-04T22:00:50,repeated_internal_token_drain;dense_internal_fund_flow;complex_trace;high_gas_used_context;token_activity_burst;repeated_risky_internal_calls,0xa9059cbb,true
25681954,0x66308f5fc4b43324c0b60cbe041935a6e15cffa152f86be3e44fd0099e27f8c9,0x283504f935274046827e023fafc74b328c9c06f1,0xd1a557fe9d49d047a2318c05a13523e4b9e56e09,2026-08-04T22:00:50,large_erc20_asset_flow;complex_trace,0x311b0198,true
25681954,0xc4346d184bdfbd9b1934bf83172b0c06bec52e8a9fc814f50710d4bfc365ff16,0x77813fae7fd45b8205c2302d1fa39228c8c6d4aa,0x134ccaaa4f1e4552ec8aecb9e4a2360ddcf8df76,2026-08-04T22:00:50,large_erc20_asset_flow;complex_trace,0xa6d061fb,true
25681954,0xe1962b42edf37d4289704c3ecd4fa20b7f8095cf8a205acb8b13fddb9f2878b5,0x3f0daf611cb872ebcf36070fa42a7c1855b6814b,0x0889e9327b98d7d1be3c301a4585ff3330502c9a,2026-08-04T22:00:50,large_erc20_asset_flow,0x1fff991f,true
25681954,0x8a7579e0ad4ea9a658612b0edc4e673863eaded4b527beecbcca88252ed1b38a,0x3431172c887cf150d9fdaba9876273d9db566367,0x64f5aad0e38e2ff9f50f2e51e813e49c05aca41a,2026-08-04T22:00:51,repeated_internal_token_drain;dense_internal_fund_flow;complex_trace;high_gas_used_context;token_activity_burst;repeated_risky_internal_calls,0xa9059cbb,true
25681955,0x2448ed7e822710486af3114c8166077a37f622ea6bf44fae32f2977b4b78cbe9,0xde992badd92adaf9146255e9bde6a70770973664,0x3d0f22bf11636cc9cb129e2b261eed35a487455c,2026-08-04T22:00:57,complex_trace;high_gas_used_context,0xa9059cbb,false
25681955,0x1a6f3713f9c811d702bb55dfed1cd9a276d00de8b5efc22fa0634d0167d66879,0x4337012eaf1f862b8dbdc6b62a01782ae01ef038,0x0000000071727de22e5e9d8baf0edac6f37da032,2026-08-04T22:00:58,privileged_execution_context;complex_trace,0x765e827f,false
25681955,0xf1b634e668c18d5fb14f2b3e804fafdd0c60dba4b0abf9d14eb3927f235e45bd,0x56c262027e0de4aea31d2489529cb25d23e58a8b,0xccc88a9d1b4ed6b0eaba998850414b24f1c315be,2026-08-04T22:00:58,large_erc20_asset_flow;complex_trace,0x0a2b8f36,true
25681956,0xab31c859e3bc2587088d0cb6e0b1851673066deb6e945ce43e603cbc61989883,0x5f8d74fcfe0b42a3a4d5646c0f5d9124059817a2,0x52b335fd4d229c4b4ffa6190526e4b5fb8e3fb09,2026-08-04T22:01:07,dense_internal_fund_flow;complex_trace;high_gas_used_context;token_activity_burst,0x085c8c5e,true
25681956,0x440459d56eb147176ed05b22404c3c76646a12361a64d94db5f7262c145a832f,0x433700890211c1c776c391d414cffd38efdd1811,0x4337084d9e255ff0702461cf8895ce9e3b5ff108,2026-08-04T22:01:08,complex_trace;high_gas_used_context,0x765e827f,false
25681956,0x73126eee0e12da3eda18e52762c53beeda71e4d9f5fbf346d4ba14a362a1afd6,0x08d1233d95b61d0576f188b16f5331a10ba04396,0x6c5bb1aee2eb84b073d888f3dbced63b5c233934,2026-08-04T22:01:08,dense_internal_fund_flow;token_activity_burst,0x0e260c53,true
25681956,0xd276d2533755d604de081ae974c70c12b50de5d86ea58afeddb66ec70e2e23aa,0x5b43453fce04b92e190f391a83136bfbecedefd1,0xbdb3ba9ffe392549e1f8658dd2630c141fdf47b6,2026-08-04T22:01:08,complex_trace;high_gas_used_context;token_activity_burst,0x000000c3,false
25681956,0x89476401bcbb1997d29ca70cea8c01b3ffb6967d6759f20a66c6c6a263cf57ac,0x80d04079ffc53eb14edbeeb37279d126f45552df,0x609b08b0cb2dd11abbdf8bd37323ebbec7bfc007,2026-08-04T22:01:09,repeated_internal_token_drain;dense_internal_fund_flow;complex_trace;token_activity_burst;repeated_risky_internal_calls,0x8aaa8f3b,true
25681956,0x3965764adbab2a40010f300d63e02e8924e806811caaf733ea7b66c7f082c062,0x80d04079ffc53eb14edbeeb37279d126f45552df,0x609b08b0cb2dd11abbdf8bd37323ebbec7bfc007,2026-08-04T22:01:10,repeated_internal_token_drain;dense_internal_fund_flow;complex_trace;token_activity_burst;repeated_risky_internal_calls,0x8aaa8f3b,true
25681956,0x75a42a409ac5764edb7da13bf49bf42f904c1f31cebac2f43ed8ff30629b18a4,0x59aab1bd0d26290274398c07b55955c15425e16b,0x00fe78205f5f0e63b8ad2b2ae5337f538a610e04,2026-08-04T22:01:10,complex_trace;high_gas_used_context;token_activity_burst,0x34fcd5be,false
25681956,0x4067878f3db07c472859c04549a23ca04d0fdd04c7c48f54dfd459402cb5b558,0x779c8e07b291aa1407858e5bd77083bad7cfe23a,0xf4e147db314947fc1275a8cbb6cde48c510cd8cf,2026-08-04T22:01:11,privileged_execution_context,0x760d0f9d,false
25681956,0x76d06e5cde18e5adb3afd4cdac596f44cca3f5fb7f50afebde473aaf2c0d76a5,0xa69f065537b92a6c05acbe3ed86c5b53c24505af,0x7a250d5630b4cf539739df2c5dacb4c659f2488d,2026-08-04T22:01:11,dense_internal_fund_flow,0x02751cec,true
25681956,0xa117bb4bcfb89745264e7a638f15219ba7622a33549d4a0cf64467c43473d07d,0x3cfdc212769c890907bce93d3d8c2c53de6a7a89,0x0000000071727de22e5e9d8baf0edac6f37da032,2026-08-04T22:01:11,privileged_execution_context;complex_trace,0x765e827f,false
25681956,0xb487f5262944b1c59c2a0e499711c47b73338827ca7d6379f380dff80e067df4,0xca188e6eedb2027e93900fb783de6981651764a0,0xf4e147db314947fc1275a8cbb6cde48c510cd8cf,2026-08-04T22:01:11,privileged_execution_context,0x760d0f9d,false
25681957,0x8947215fb1bffb104fd5571e668b5a8d87da99aa592c8b91376a59f4439e5dbd,0x7b49bc3ebbdf7322f31c6449320382bbec3be1b6,0xad3b67bca8935cb510c8d18bd45f0b94f54a968f,2026-08-04T22:01:18,complex_trace;high_gas_used_context;token_activity_burst;approval_burst,0x146ee74d,false
25681957,0xcd5d276bf20e52e12646b1f95f186340bfcf930a631ec149faef29e48d63c2c0,0x70e59f9c304e4d5096bd408b571e2dcd99c3120b,0xad3b67bca8935cb510c8d18bd45f0b94f54a968f,2026-08-04T22:01:18,large_erc20_asset_flow;complex_trace;high_gas_used_context;token_activity_burst;approval_burst,0x146ee74d,true
25681957,0xceb278cdea57524d1beef720fd653047bf3b2055cdba659bd389e77bfb7916a1,0xc6acbee42e9e323140c1ed060c2f6ea9cc3b4b75,0x7c5a71c9fefbc7691f9d4ac7baf70c743792f716,2026-08-04T22:01:18,selfdestruct_context,0xf3fef3a3,false
25681958,0x550e2fb74e6fbdf14448adb397618fb1871864371e7de59ec2f45ddaa1ae8b3a,0xb23360ccdd9ed1b15d45e5d3824bb409c8d7c460,0x09c30cdcdd971423cb3ba757a47d56c35d06d818,2026-08-04T22:01:26,dense_internal_fund_flow,0x318adb8b,true
25681958,0xb1e4317a88c4609118d8dcff0f5fb2ee412ced5ed940bc5d39d6583098d3b397,0xac602e5c020beff4185707fbc2b3640dff56af73,0x925f72e6fb9e641500fafb0e4def603c67d4ac8b,2026-08-04T22:01:26,selfdestruct_context,0xf3fef3a3,false
25681958,0x2f2dd373d39f480a97e6cc28505c67a421cca2e019c790144d4bf04400b1067a,0x8d73bb837f0cdc1e4843314414b297bcd287ba6f,0xb300000b72deaeb607a12d5f54773d1c19c7028d,2026-08-04T22:01:27,dense_internal_fund_flow;complex_trace,0x810c705b,true
25681958,0xa4df4025a139ecbc39c39b88f1eba90b19eb648d1a658fc3070419d3477f8c39,0x4012b899719e2672a23b5051247fae97038bd9b8,0x50461744cb3dea4d678be82b8f1b9cead383065d,2026-08-04T22:01:27,large_mint_to_sender;complex_trace,0x6e553f65,true
25681958,0xfbafbd5df6626bd1dea371d997b782fdeb4c92fa19f2730ebb5759dd365fb598,0x9f013cb1bc3e4566d9b5c0bc6a910c7880c20bfe,0xfe99cc8cc8327ad5d9c66430f81a593800c3b8cb,2026-08-04T22:01:27,large_erc20_asset_flow;complex_trace,0x3408a094,true
25681958,0xaab96d0a07157a9830a8c67926baac9b0c5ce50870c62b79c792941f38a28040,0x4337002c5702ce424cb62a56ca038e31e1d4a93d,0x0000000071727de22e5e9d8baf0edac6f37da032,2026-08-04T22:01:28,large_erc20_asset_flow,0x765e827f,true
25681958,0x152557b41cd5f64f10fda9a1e2aa3d392b45472202c711af5ce81d3d899c3df6,0xa154b98e53fc35e1bad1ff758acbc8c629bdcd2b,0x19917386eeae67b6ff7ddf07de4019fca40aa4ec,2026-08-04T22:01:29,complex_trace;high_gas_used_context;token_activity_burst,0xa9059cbb,false
25681958,0x1588dae5cdc70d79bcc60dfde3a7824a9679f4b4fcbced66fc92f455bf840966,0x59aab1bd0d26290274398c07b55955c15425e16b,0x00fe78205f5f0e63b8ad2b2ae5337f538a610e04,2026-08-04T22:01:29,complex_trace;high_gas_used_context;token_activity_burst,0x34fcd5be,false
25681958,0x291c6d1398a2c77f8e2f898dbfa0990b760690216d1f776ccde4c31df63fbf17,0xd001e634ff200cc6766472d15eba9b107e639d3b,0x07964f135f276412b3182a3b2407b8dd45000000,2026-08-04T22:01:29,dense_internal_fund_flow;complex_trace,0xd808d889,true
25681958,0x894e024d9e2e277afc2967c9b7e2c28b4338670ed2c356a3d789492744aac778,0xf688c64693259fabcfd8c895fd2d98af52b50998,0x337685fdab40d39bd02028545a4ffa7d287cc3e2,2026-08-04T22:01:29,large_erc20_asset_flow;complex_trace,0x30dedc57,true
25681958,0xc41a1c0cdf92c8dc0b7ac86bc8b46427ea7ce84f9d8f265791bac575fa1aacf9,0x59aab1bd0d26290274398c07b55955c15425e16b,0x00fe78205f5f0e63b8ad2b2ae5337f538a610e04,2026-08-04T22:01:29,complex_trace;high_gas_used_context;token_activity_burst,0x34fcd5be,false
25681959,0x6b08ae5b4a6e483b77b4115ec35b01090ee1761c332502ce03935e406c1249a0,0xfb8c515c6d460b6bb7020ebd4954506e692fe274,0xb81e69da83f125976c5ff86c843b90efbcc9d930,2026-08-04T22:01:35,large_erc20_asset_flow;complex_trace;high_gas_used_context;token_activity_burst,0x601881f3,true
25681959,0xa89591547ccb050cb7e0869e92974d17ccb8439c91126a5c1ff75ab46b7d695f,0x7830c87c02e56aff27fa8ab1241711331fa86f43,0xa9d1e08c7793af67e9d92fe308d5697fb81d3e43,2026-08-04T22:01:35,large_erc20_asset_flow;token_activity_burst,0xca350aa6,true
25681959,0x767eb2fa93b2625d9f731188aad88c86c7167367bf48bd6c1e6f5b0ad67c82b6,0x161643f280b09be8e0271eef8efc6c264d125003,0x84fee5c97dc2fafcfdfdafa4b7d8cd39421cac31,2026-08-04T22:01:37,dense_internal_fund_flow;token_activity_burst,0xa9059cbb,true
25681959,0x85fb139a0750f0886db91c3e212b321b88975714293480217ec6bf6df7821ebc,0x70dfd3ebb6952bf9264379af40f2293bda9361fe,0x7832a0698f88a4cfd0fa24712aa6c8a7263f68f0,2026-08-04T22:01:37,dense_internal_fund_flow,0x01256a78,true
25681959,0xce5ef3fae69f4a738941f85deb71e61e6d20c578d0c65d649b54966ae9a08c32,0x43370250bfc02c7f085cb105558da41e9cdb2d79,0x0000000071727de22e5e9d8baf0edac6f37da032,2026-08-04T22:01:37,privileged_execution_context;complex_trace,0x765e827f,false
25681959,0xd4382847709bba96573e492f1f6cc641e88396abb6416cbcf2729b8c2666f9e4,0x59aab1bd0d26290274398c07b55955c15425e16b,0x00fe78205f5f0e63b8ad2b2ae5337f538a610e04,2026-08-04T22:01:37,complex_trace;high_gas_used_context;token_activity_burst,0x34fcd5be,false
25681960,0x3e5985832ac4a7c457c7d2078c7d5a5b8bcc0a7c0725f9f0f4316ac8ec83d910,0xc6acbee42e9e323140c1ed060c2f6ea9cc3b4b75,0x7c5a71c9fefbc7691f9d4ac7baf70c743792f716,2026-08-04T22:01:46,selfdestruct_context,0xf3fef3a3,false
25681960,0x9cb3019b132db572890190d1b3d1d7213ef6d518c042168d77ef059ac7b99d2f,0xe0db2625dfd4ea87793d70db6720a6e2c15da776,0x1921e0ff550c09066edd4df05d304151c45e77de,2026-08-04T22:01:48,dense_internal_fund_flow;complex_trace,0x13d79a0b,true
25681960,0xb626131f24f4c6730bd07992ff242fbad29880e2815ae76aa14c5847c0950952,0xada5bb90d0de0bd1b6f3938708f49295a8d1f7cb,0xccc88a9d1b4ed6b0eaba998850414b24f1c315be,2026-08-04T22:01:48,dense_internal_fund_flow;complex_trace,0x0a2b8f36,true
25681960,0xc0255e4e88900ed133c797922a8fd70d0448468f1fd5d3b438a9cccf99080696,0xb992ad53ee7dbdaa7e01631f97a2f05c10ed9f00,0xacddac6c77318b615f7f6fb9bb67c6833e9c05f1,2026-08-04T22:01:51,large_erc20_asset_flow;complex_trace,0x571d3dc7,true
25681960,0xc38b62093ae3c29d4761b27c445d6ce1ba863252d04ed93fb594b3ba3af98a92,0x59aab1bd0d26290274398c07b55955c15425e16b,0x00fe78205f5f0e63b8ad2b2ae5337f538a610e04,2026-08-04T22:01:51,complex_trace;high_gas_used_context;token_activity_burst,0x34fcd5be,false
25681960,0xe2d5c6204b01fee4da5eac177c08b08b4fe6bf3caf04eabbe25f860794e9132c,0xea6b62d10a298cfb675c87262cecd3326f604b40,0x12d66f87a04a9e220743712ce6d9bb1b5616b8fc,2026-08-04T22:01:51,dense_internal_fund_flow,0xb214faa5,true
25681960,0xfeacd7a8a693744cd068132e2e6979ad2bc0949b3c9aee9f3639ab49f840b78f,0x00f767e174ad21467f3ea9f169c414c6a89966cf,0x28b1dc1a5e3699a428bc51d234dfab7c9cb2a183,2026-08-04T22:01:51,complex_trace;high_gas_used_context,0x0c307f76,false
25681961,0x7e3e4c117ee4d7790cbf999e5de4e2f9a0130ac973d3b10dccfacf5d3d76f0f3,0x56c262027e0de4aea31d2489529cb25d23e58a8b,0xccc88a9d1b4ed6b0eaba998850414b24f1c315be,2026-08-04T22:01:56,dense_internal_fund_flow;complex_trace,0x0a2b8f36,true
25681961,0x05b10d33ecd10e05e500d253774eb2345f9a525fc345e44a6febd224350d0b01,0x6cb43cdc8b1f120568c9c7849e1d59644dda45bd,0x6a000f20005980200259b80c5102003040001068,2026-08-04T22:01:57,large_erc20_asset_flow;complex_trace,0xe3ead59e,true
25681961,0x415e7fe5c3b6d9f91fc14277b747d2a7a3f5603edb715c44c54176a003f6eb3d,0xbad000006db10503589262b55d09bb7b3c5e1472,0xbbbbb048b1a85ca221058c45525095b6a68bbbbb,2026-08-04T22:01:57,repeated_internal_token_drain;dense_internal_fund_flow;complex_trace;high_gas_used_context;token_activity_burst;repeated_risky_internal_calls,0xa9059cbb,true
25681961,0x80363e2cefa3b4ef98dad389a12c7674b5bff414710c9fa5b0bbd80ccbffe260,0xc6acbee42e9e323140c1ed060c2f6ea9cc3b4b75,0x7c5a71c9fefbc7691f9d4ac7baf70c743792f716,2026-08-04T22:01:57,selfdestruct_context,0xf3fef3a3,false
25681961,0xc8444e5a5fd9d0356e16037497d5ba4538bb26a264d40b8b6d3565da04fca9cc,0x59aab1bd0d26290274398c07b55955c15425e16b,0x00fe78205f5f0e63b8ad2b2ae5337f538a610e04,2026-08-04T22:01:57,complex_trace;high_gas_used_context;token_activity_burst,0x34fcd5be,false
25681961,0xca80997fa66e0000b344f91bd4373207f10ea98c8ee6633084a1a44c1ec84772,0x5609bb231ec547c727d65eb6811ccd0c731339de,0xf4e147db314947fc1275a8cbb6cde48c510cd8cf,2026-08-04T22:01:57,privileged_execution_context,0x760d0f9d,false
25681961,0x2a2bce16eb0ca224164bd03ed13135ae2bf4c296c3dce5ea59b9fdfe34905b61,0xd71b0682a5326896d767c8f50c69b5b7a8ce6f0c,0x6131b5fae19ea4f9d964eac0408e4408b66337b5,2026-08-04T22:01:58,complex_trace;high_gas_used_context;token_activity_burst,0xe21fd0e9,true
25681962,0x4818f2454a4e65419ec3489a58cce8b902fec35e79d96fd3ea45d640ad6f6e92,0xc6acbee42e9e323140c1ed060c2f6ea9cc3b4b75,0x7c5a71c9fefbc7691f9d4ac7baf70c743792f716,2026-08-04T22:02:01,selfdestruct_context,0xf3fef3a3,true
25681962,0xaab6f01e0e11d167d44fc4805120afa368128d51b454a68e160dfae59763dbd3,0xcc0900a022101a9e64b5793ce98bb2361edc5da6,0x111111125421ca6dc452d289314280a0f8842a65,2026-08-04T22:02:02,dense_internal_fund_flow;complex_trace,0x07ed2379,true
25681962,0xc46f14647bed14eaf5799c18dbc791ba19c2fb4a02a31c3134fb198abe9504b9,0x7556699aa8e6a7c9c69bcfaf9debd05f8192b063,0x84cab37995229530d9e6e5cff2f8f4ebe4517d66,2026-08-04T22:02:03,complex_trace;high_gas_used_context;token_activity_burst,0xe587456a,false
25681962,0xf15b0b4ef64a019a4d7d4977ecebb224eac18c3d52cd5952832e2078c8704190,0xa86f2cb3a3f3b59a03f51a16dfaa8cf5c5e0e905,0x6131b5fae19ea4f9d964eac0408e4408b66337b5,2026-08-04T22:02:03,large_erc20_asset_flow;complex_trace,0xe21fd0e9,true
25681962,0xeeed7e8d66e2e0ce5e650080e37627b0d312fdf7a9fe7ea6e5acb871a1e18ecd,0x3c60b1a4abb27492e076a7d78604f1880262e10e,0x6566194141eefa99af43bb5aa71460ca2dc90245,2026-08-04T22:02:05,large_erc20_asset_flow;complex_trace,0x374f435d,true
25681963,0x0145cdaa0f3ba03bb241da82380fc0560c976ba9f5759a4898d2847e4218ddcd,0x1566ce23ea850df05d50768d52ea93644f293559,0xd01607c3c5ecaba394d8be377a08590149325722,2026-08-04T22:02:13,dense_internal_fund_flow;large_erc20_asset_flow;complex_trace,0x80500d20,true
25681963,0x03f3f4aa483e0995d54e8fd22383ad1f856ebde027ac8947647e1690feb2eb4a,0x1584a8ee67789d1fe161065388657ad2f2a3c7dd,0x77eb52e44db06777bce478159f25c0d55a295314,2026-08-04T22:02:13,repeated_internal_token_drain;dense_internal_fund_flow;complex_trace;token_activity_burst;repeated_risky_internal_calls,0xa9059cbb,true
25681963,0x33612c6f29c1352765ec2356e190914f64573198c3525f5e8b26b7d0376e3ce6,0x4ee17a3d7475967c41086b67843e245777e0625e,0x881d40237659c251811cec9c364ef91dc08d300c,2026-08-04T22:02:13,dense_internal_fund_flow;complex_trace,0x5f575529,true
25681963,0x5ca6c8c0ae033fe37d685930f8855c95ffcb1ca538d58bd2a78c46d2fcdd2e4b,0xc2acff53fed1309095b744da2d872a2984a6ee24,0x0000000000c2d145a2526bd8c716263bfebe1a72,2026-08-04T22:02:13,token_activity_burst;approval_burst,0x32389b71,false
25681963,0x6404e7608ee892f263cff42ba2a99e9e2380d26f054c384e13dc608a37694522,0x9729585607568dcbf1f5f3802afbf5b221702932,0x6ed60864fb8fb610a65af5d16cef272548bc64d6,2026-08-04T22:02:13,complex_trace;high_gas_used_context;token_activity_burst,0xe32bbc9e,false
25681963,0x6c2dd3de90a24c6f44f99f077079e84210fd5069d12f6c6f4301ffd4b5d116a2,0x902cabc83daf98bdc457c09a150fe62e2261063b,0x7d7327624bf9627fc11f6da240db8066c4beb3c8,2026-08-04T22:02:13,large_erc20_asset_flow,0xf4e8cd69,true
25681963,0xa484bc49d731de96eb6fbe1a9bf3c058879b9c65e5e25ce4ec0de56c458e2250,0x5b43453fce04b92e190f391a83136bfbecedefd1,0xbdb3ba9ffe392549e1f8658dd2630c141fdf47b6,2026-08-04T22:02:13,dense_internal_fund_flow;complex_trace,0x000000c3,true
25681963,0xf22ecc809d27777e249c8d50f0d0fc7b32296d7a4e2c11897919b706083ef1fc,0xc2beb61084b63e49e5acd5efe47981d30b0b9d90,0x28b1dc1a5e3699a428bc51d234dfab7c9cb2a183,2026-08-04T22:02:13,dense_internal_fund_flow;complex_trace;high_gas_used_context,0x0c307f76,true
25681963,0x1bd41b1445ad276898b1dfc837c50785fdfbf9738f19961a6a2456327d9aa375,0x80d04079ffc53eb14edbeeb37279d126f45552df,0x609b08b0cb2dd11abbdf8bd37323ebbec7bfc007,2026-08-04T22:02:14,repeated_internal_token_drain;dense_internal_fund_flow;complex_trace;token_activity_burst;repeated_risky_internal_calls,0x8aaa8f3b,true
25681963,0x714bd18ed0a8b6523219d1d40dd61e97017735503bec674ff6ec45ea38ab3517,0x60860e4ea4a08f8e90d51237c56c00092d2ef966,0x6131b5fae19ea4f9d964eac0408e4408b66337b5,2026-08-04T22:02:14,large_erc20_asset_flow;complex_trace;high_gas_used_context,0xe21fd0e9,true
25681963,0x8279d11f2ec09c29d76ccde4e27a5320781b68c3020e279e349bc93faecda7d8,0xfb5e703dae21c594246f0311ae0361d1dfe250b1,0xf4e147db314947fc1275a8cbb6cde48c510cd8cf,2026-08-04T22:02:14,large_erc20_asset_flow;complex_trace,0x0bf5d35e,true
25681963,0x85f6c8df0b75731c068ae95dff05c18d8448971da17bf48821bece3e7c0ed0ff,0xa154b98e53fc35e1bad1ff758acbc8c629bdcd2b,0x19917386eeae67b6ff7ddf07de4019fca40aa4ec,2026-08-04T22:02:14,repeated_internal_token_drain;dense_internal_fund_flow;complex_trace;high_gas_used_context;token_activity_burst;repeated_risky_internal_calls,0xa9059cbb,true
25681964,0x1f7b7c15b046d205a6defd0a8375068254d335c94d047313ed231c1f32279ded,0x7830c87c02e56aff27fa8ab1241711331fa86f43,0xa9d1e08c7793af67e9d92fe308d5697fb81d3e43,2026-08-04T22:02:22,dense_internal_fund_flow,0x1a1da075,true
25681964,0x2257a8a8cabbf92ed28f6919313bc12ea57a539f9cdc325fe5a535720fce9962,0x7830c87c02e56aff27fa8ab1241711331fa86f43,0xa9d1e08c7793af67e9d92fe308d5697fb81d3e43,2026-08-04T22:02:22,large_erc20_asset_flow;token_activity_burst,0xca350aa6,true
25681964,0xc36b2f98ae9ed130840637be1f03f078c201cfc31aeecd7843976cc82c523f69,0xf279dfcdd57e1571c95e2c5b7e2ee453cbcdf77f,0x0000000071727de22e5e9d8baf0edac6f37da032,2026-08-04T22:02:22,complex_trace;high_gas_used_context,0x765e827f,false
25681964,0xddc67d56a74a5f0d61f8e31d351204f2511bc895a9d3e5b16ad57692fa33ba90,0x13b5f7c38da2f6d22c48b69feadab8bf2397bfe6,0xcec1caa28ebc876d0883a0c492831e06e167b8b3,2026-08-04T22:02:22,selfdestruct_context,0xf3fef3a3,true
25681964,0x0a65f0008f5f0020390f1dbf33a3ed4c7c5a57cb05a627ba6e14ac957b5d1779,0x4337002c5702ce424cb62a56ca038e31e1d4a93d,0x5ff137d4b0fdcd49dca30c7cf57e578a026d2789,2026-08-04T22:02:23,privileged_execution_context;complex_trace,0x1fad948c,false
25681964,0x810929c9180edfd192015d7ab62a27ad67b6751c90e655a7a27d084751da2118,0x0e707bc82a6a117cddb12d7171e9cf2f51690ca5,0x07964f135f276412b3182a3b2407b8dd45000000,2026-08-04T22:02:23,large_erc20_asset_flow;complex_trace,0xd808d889,true
25681965,0xefd6bf633fa1ed6c3cc2c0ddb80440229b0f026db0b34ee6d19458c6ecbc002a,0x09a591f0e4fa0abac08f05bc0916c51ee34c1a1b,0x5cb16a393b9b43c590953b51058edab1bde0f5fa,2026-08-04T22:02:29,dense_internal_fund_flow,0x501d976c,true
25681965,0xfe29c9ad49dbdc9e90f99da6a6c5c4fbfcbeb931ac40d77bd956e62d47df7124,0xd756acb18e2922c81ccca695d9a6f85cfdb8c420,0x1f748c76de468e9d11bd340fa9d5cbadf315dfb0,2026-08-04T22:02:29,large_erc20_asset_flow;complex_trace,0xc7c7f5b3,true
25681965,0x2ce5425fca7a8285b4c779b788f287fb133ad00a9c2ec271470f072af5cbc39f,0x2002c5209f31c07d479849c87fb4537a5f02cae1,0x34dc124e0ea6e0cdac7605ec3c5153dca17b6ba1,2026-08-04T22:02:30,large_erc20_asset_flow;complex_trace,0x6a761202,true
25681965,0x67e46fbbc7293f09f8e9db93dd7db74ebc93ac596827e68936091eb8aaa0e354,0xace000003c87f110c071353da69c7a7a8646d54c,0xbe80844f0a2708b564a2708311165bb2a54cfa61,2026-08-04T22:02:30,complex_trace;high_gas_used_context,0xd2fca68a,false
25681965,0x9b8b65632a7cd21e6a3124f7eabae02098e5bdfe7203cd62b1fd42cf20b7a934,0x01441f809a807422641f59afcc18e22eaf7200d6,0x8f5835e9d756c9bd934bce527157a4b0ef3c5cb7,2026-08-04T22:02:30,large_erc20_asset_flow;complex_trace;high_gas_used_context,0x5ef68f68,true
25681965,0xe4e29a14dad273a8621ca70e4de18aa8b18644272cf41d3a2532044ad8080f05,0x754dcfb2861547015b221e963b4133a71dbdc024,0x3e07be15370d8b12d80a159a7ef14b9e51869497,2026-08-04T22:02:30,dense_internal_fund_flow;complex_trace,0x21af54c6,true
25681965,0xed8877164f43e1b093f02b2fc1f9f5e05966c02babd5d6b49da1a84b59ca5766,0x76a5006784caf0e8d88f42b68e8d9cb58de4fa7d,0xb300000b72deaeb607a12d5f54773d1c19c7028d,2026-08-04T22:02:30,complex_trace;high_gas_used_context;token_activity_burst;approval_burst,0x810c705b,true
25681966,0x0a94692572f5aa5b0b97fcfb22b5f904a140bd439e7aaf1759ef2a16c991aaf3,0x59aab1bd0d26290274398c07b55955c15425e16b,0x00fe78205f5f0e63b8ad2b2ae5337f538a610e04,2026-08-04T22:02:38,repeated_internal_token_drain;dense_internal_fund_flow;complex_trace;high_gas_used_context;token_activity_burst;repeated_risky_internal_calls,0x34fcd5be,true
25681966,0x8728b1911ded1c36554c1d8404351f39ac6b8a2862ab64fcc82414dfda13e9ca,0xc6acbee42e9e323140c1ed060c2f6ea9cc3b4b75,0x7c5a71c9fefbc7691f9d4ac7baf70c743792f716,2026-08-04T22:02:39,selfdestruct_context,0xf3fef3a3,true
25681967,0x3c48e18d3785be43360cc39bc58d43e0620692bb6073b045ba3970120aa77681,0x13b5f7c38da2f6d22c48b69feadab8bf2397bfe6,0xcec1caa28ebc876d0883a0c492831e06e167b8b3,2026-08-04T22:02:47,selfdestruct_context,0xf3fef3a3,false
25681967,0x8e78dfa1d7ae604aaeeea3d3a1aaf14b9dff8078b4462b45a03243bb39372e72,0x5b43453fce04b92e190f391a83136bfbecedefd1,0xbdb3ba9ffe392549e1f8658dd2630c141fdf47b6,2026-08-04T22:02:47,dense_internal_fund_flow;complex_trace,0x000000c3,true
25681967,0x552d398bee3119c122f956b5407beb28183eed43ecce996d50b7cf089f5f3e68,0xf93e79cb54b839ee19a5a02b3a321330c8fa6fa8,0x514b9e5467b9eb811519e316263c9099eae546ca,2026-08-04T22:02:48,very_complex_trace;high_gas_used_context,0x095ea7b3,false
25681967,0xabfcb8613d1846ee3d4d0079a5a4339b437652fe2ba6f2a15ee30bbb389da6e5,0x6667cfe4698500cec4ed2cf22a9d6dbf15aec81d,0x2c158bc456e027b2affccadf1bdbd9f5fc4c5c8c,2026-08-04T22:02:48,large_erc20_asset_flow;complex_trace,0x445df08b,true
25681968,0x3782ecb992995fb3b47e97c3064005978fafa3e61044c4234c407f3f3d3705cb,0x6996286d27ec95b1fcf81589df365002b9b8cda7,0x0439e60f02a8900a951603950d8d4527f400c3f1,2026-08-04T22:03:00,large_erc20_asset_flow;complex_trace,0x3ce33bff,true
25681968,0xe40e49ed682206fde121e5c551b57c79bfbd453e1fd4f2ccb2ea5374af8a5386,0x70e59f9c304e4d5096bd408b571e2dcd99c3120b,0xad3b67bca8935cb510c8d18bd45f0b94f54a968f,2026-08-04T22:03:00,complex_trace;high_gas_used_context;token_activity_burst;approval_burst,0x146ee74d,false
25681968,0x189a0f36e90e500bf57d39143f4964e97c61d598ce4116abdad8995a85c02c73,0x6b95b1e7c0e1d03cbdc1bf8a3105f61b999d11c5,0xd523794c879d9ec028960a231f866758e405be34,2026-08-04T22:03:01,dense_internal_fund_flow;complex_trace,0x3a29dbae,true
25681968,0x7892ab40b46a21ac0f83e2fad11a3e41dd68689d314a165039f55467dac452bc,0x1c6945868e67b226ce64bdf379fdb9d6629ddaac,0x03f34be1bf910116595db1b11e9d1b2ca5d59659,2026-08-04T22:03:01,dense_internal_fund_flow;complex_trace,0xa32fe0a1,true
25681968,0x8a773d9135bb7d42c933e2a1896446963b7a175e34a5707af82825ca926ad3ec,0x29fcf82127405b97af3623f5bdafe6cfe28ef571,0x85308a35b3ad660213ea91a5d37bbf9620708ecc,2026-08-04T22:03:01,large_erc20_asset_flow;complex_trace,0x6a761202,true
25681968,0xc2d4f2b9d9982dd8b74a515202630a3790cd0c5dc89dc2d0554aae15edf3534b,0x73775536c368e74e03f023aedd6452fc906ad03a,0x28b1dc1a5e3699a428bc51d234dfab7c9cb2a183,2026-08-04T22:03:01,complex_trace;high_gas_used_context;token_activity_burst,0x0c307f76,false
25681969,0x297e11ddd7dd9735b4df22365af347b8bf31fee0eb60368c9b257badde4b134c,0xf2af4110f835f5f2e58fd75bad178e125627f382,0x6c96de32cea08842dcc4058c14d3aaad7fa41dee,2026-08-04T22:03:40,large_erc20_asset_flow;complex_trace,0xc7c7f5b3,true
25681969,0x662d22b277eeb7dd8fee933b25b5a593121ac365875d80c44bc272ee20dace8a,0x04a9379a9452b9f79b0b4a37798576c5279db9d7,0x88649f4743a758171077b98ee2003f1989b1615a,2026-08-04T22:03:40,complex_trace;high_gas_used_context;token_activity_burst,0x3271ba8d,false
25681969,0x894bbcb928d6677e61d8ccaa0145b188dcf057e32971a7ce2bcff6dac7c327d4,0xf70da97812cb96acdf810712aa562db8dfa3dbef,0xccc88a9d1b4ed6b0eaba998850414b24f1c315be,2026-08-04T22:03:40,dense_internal_fund_flow,0x0a2b8f36,true
25681969,0x9f8d975a248ffecf6fe90a3a208bbf25b9543839afeac240cc98aa0b2fd18e2d,0x94bfafeaf1bc5ce98606abac55273b1f5b9d51fb,0x28b1dc1a5e3699a428bc51d234dfab7c9cb2a183,2026-08-04T22:03:40,dense_internal_fund_flow;complex_trace;token_activity_burst,0x0c307f76,true
25681969,0xb30f01a2c33ff625fc9d3da2a9cb881390ad0f1be1bd882511eb20732afe190f,0x7b49bc3ebbdf7322f31c6449320382bbec3be1b6,0xad3b67bca8935cb510c8d18bd45f0b94f54a968f,2026-08-04T22:03:40,repeated_internal_token_drain;dense_internal_fund_flow;very_complex_trace;high_gas_used_context;token_activity_burst;approval_burst;repeated_risky_internal_calls,0x146ee74d,true
25681969,0x7597661e706b6b4d0a40e8d95f6b077c3f076af43a6694f7c098c931a3198a92,0x6667cfe4698500cec4ed2cf22a9d6dbf15aec81d,0x2c158bc456e027b2affccadf1bdbd9f5fc4c5c8c,2026-08-04T22:03:41,large_erc20_asset_flow;complex_trace,0x445df08b,true
25681969,0xe5d717a5eed1523ad79f81f06cd67af2201872e59a363754b0eb16118823f393,0x50bf934781f63028c5c8ef49c4affe19a86d99b6,0x8d04cc7e86e687854eb41d9d43512b655b93184b,2026-08-04T22:03:41,selfdestruct_context,0xb5291b32,false
25681970,0xe3f38b3e03bb51f4fd030c8b25a9b603d9be84d6ec8fd05c2c628e4a486c2d3b,0x1584a8ee67789d1fe161065388657ad2f2a3c7dd,0x77eb52e44db06777bce478159f25c0d55a295314,2026-08-04T22:03:51,repeated_internal_token_drain;dense_internal_fund_flow;complex_trace;high_gas_used_context;token_activity_burst;repeated_risky_internal_calls,0xa9059cbb,true
25681970,0x366754812b91ecc23e16ca8dc28882cd57c271d9fbdec113125996543955ae7e,0x0e707bc82a6a117cddb12d7171e9cf2f51690ca5,0x07964f135f276412b3182a3b2407b8dd45000000,2026-08-04T22:03:52,large_erc20_asset_flow;complex_trace,0xd808d889,true
25681970,0x7811c6fd60b540b53c75a8d4ebfd8d1e2a54020ec500252fe0cbce648eb90aa4,0xd56303017a2b2f52b4929c8239e33cc82fc5f8c6,0x6c96de32cea08842dcc4058c14d3aaad7fa41dee,2026-08-04T22:03:52,large_erc20_asset_flow;complex_trace,0xc7c7f5b3,true
25681972,0x52120d213e3696e53eb9f5b4633c97f51339f772838d34fa033c5623335cecdc,0x4c5827045d51dbc5de607d6c6eb42852fcb6d720,0x28b1dc1a5e3699a428bc51d234dfab7c9cb2a183,2026-08-04T22:04:03,complex_trace;high_gas_used_context;token_activity_burst,0x0c307f76,true
25681972,0x780a81ac57d6a7097f53bbd0987ad21bb2cf0b19e01c46ec538a47849ebf6b44,0xb6b0037423014bffb8a68923432a494ee444502c,0xb300000b72deaeb607a12d5f54773d1c19c7028d,2026-08-04T22:04:03,complex_trace;high_gas_used_context;token_activity_burst,0x810c705b,false
25681972,0x861f419603e219b0e40e4495c73a95835fc2c330fef6e6d34ae793364f103e14,0x124ce844fab46dc12183dc35c82ccc9bc83fddd5,0x95480d3f27658e73b2785d30beb0c847d78294c7,2026-08-04T22:04:03,dense_internal_fund_flow;complex_trace;high_gas_used_context;token_activity_burst,0x13d79a0b,true
25681972,0x9352ee34dcb9565b1abbb9d52b029b66a49c8024d4384ee26e4441000bf591f2,0xde3abecde0673586f1693d3defa4dc0ad3a63cf9,0x8076a8de1da671ff2f243465db92d11ad25373a4,2026-08-04T22:04:03,large_erc20_asset_flow;complex_trace;high_gas_used_context;token_activity_burst,0x601881f3,true
25681972,0xd934023fd43ebd4cc34f1a8e56372ab21983742da9a21337ce4760ddd09e6478,0x78b2001e9bb52b030b84f335bccecaa6fcb1ee71,0x28b1dc1a5e3699a428bc51d234dfab7c9cb2a183,2026-08-04T22:04:03,complex_trace;high_gas_used_context;token_activity_burst,0x0c307f76,true
25681972,0x38c5457b0b4ba05bfa560ac0328e7f13fd8b1c700732e6a48d1a51c60667fb6c,0x6f2f665ce0be44ff5d523601bb430372084a7260,0x111111125421ca6dc452d289314280a0f8842a65,2026-08-04T22:04:04,dense_internal_fund_flow,0x07ed2379,true
25681972,0x4074350920899fd0734849c079daa91f5edc1c383b4b7177209c84d182331383,0x1c57c15a0a0a964aca88602f09a1d47d4df0e27e,0x6964a40148ee51e4b4fc2290fed6ad2b7df4dd2f,2026-08-04T22:04:04,dense_internal_fund_flow;complex_trace,0x5a961912,true
25681972,0xc8be5f564e91d474b2286b76964e4be56d0dd31c8d99a5c7f3a5d997e529ce4a,0xc6acbee42e9e323140c1ed060c2f6ea9cc3b4b75,0x7c5a71c9fefbc7691f9d4ac7baf70c743792f716,2026-08-04T22:04:04,selfdestruct_context,0xf3fef3a3,true
25681972,0xdcaf20d75c520d8c910655cc8af207d3df62045deefacdb98ba7630e56756f9f,0xaade20c9578063ac7fd1c32292fef55e5eb13dd4,0x4ef6900770bc0042bbfc408c90142fd2f6d63103,2026-08-04T22:04:04,dense_internal_fund_flow,0x1cff79cd,true
25681973,0xcc0cde1e9d22be39917f32be29f6481c313f8492622ebbf790105eb0629b8e3f,0x948fe72a7761bd46960ecfc6380aacd56d3e612e,0xb704fcb4c43bdc030de7ec5e0d5264b99aa3af36,2026-08-04T22:04:14,dense_internal_fund_flow,0x08c1284c,true
25681973,0xff82cb9df29ca1f9eca418a753f21e4569ca45d4824050f5878b1d18f400fa3d,0x5b43453fce04b92e190f391a83136bfbecedefd1,0xbdb3ba9ffe392549e1f8658dd2630c141fdf47b6,2026-08-04T22:04:14,complex_trace;high_gas_used_context;token_activity_burst,0x000000c3,false
25681973,0x485debf28e44e1084fc8cea63a1da0847b493571f4fb28453b9da325b6a6d77c,0x316b5fdbaefc6137a8c15a40f10e357706f34469,0x5dce53c0fef5c930d07951cb761f3265d5e87634,2026-08-04T22:04:15,very_complex_trace;high_gas_used_context,0x3e6cce39,false
25681973,0x4c8e41759e785118b8ce8257d346a4eb8706bac2b4e0746b0627037408cadcca,0xc6acbee42e9e323140c1ed060c2f6ea9cc3b4b75,0x7c5a71c9fefbc7691f9d4ac7baf70c743792f716,2026-08-04T22:04:15,selfdestruct_context,0xf3fef3a3,false
25681973,0xc0788a628a9e4471b148190d3506c4410e022eeda7f9db15e08804b12c89834f,0x668001289b9da5a23840a6d4fa195d977f23bb3b,0x0000000071727de22e5e9d8baf0edac6f37da032,2026-08-04T22:04:15,dense_internal_fund_flow;complex_trace,0x765e827f,true
25681973,0xe3de712c3dea9222804afcea530cf0c77ef8d619d231c16471c13da9a4d2a31f,0xe6705fccaf951870ef24463c88a81f31610efba4,0xf8b2c637a68cf6a17b1df9f8992eebeff63d2dff,2026-08-04T22:04:15,large_erc20_asset_flow;complex_trace,0xb6f32e03,true
25681973,0xa89b0849e749eb2191e516034f3257901b5e5381e4c3c69b4983867298f2f6d8,0x062ce42cae04c51d04e77e3d64cc8953a2296ffe,0x8a25a24ede9482c4fc0738f99611be58f1c839ab,2026-08-04T22:04:16,large_erc20_asset_flow;complex_trace,0x6a761202,true
25681973,0x0cbc08eec8845a7e08ab313fce8402e9587b650d722a9ef96c7d2bd7edb490b5,0x3431172c887cf150d9fdaba9876273d9db566367,0x64f5aad0e38e2ff9f50f2e51e813e49c05aca41a,2026-08-04T22:04:17,repeated_internal_token_drain;dense_internal_fund_flow;complex_trace;high_gas_used_context;token_activity_burst;repeated_risky_internal_calls,0xa9059cbb,true
25681974,0x2eaac230e68ac63c957541b7850d9f3ea620917788e0f369a81bb4f8ea74ce4a,0x7830c87c02e56aff27fa8ab1241711331fa86f43,0xa9d1e08c7793af67e9d92fe308d5697fb81d3e43,2026-08-04T22:04:21,dense_internal_fund_flow,0x1a1da075,true
25681974,0x04a002530089df13ebec1d9231615348a99bed674a4652f13d3dc0f7ca34f70e,0x6b03dc3394d83369155e4b45705aef08475bab1a,0x98f8896b18ab04c865fa1ad2b1755c40320565c2,2026-08-04T22:04:23,privileged_execution_context;high_gas_used_context,0xa7f97703,false
25681974,0x24f1a12a637c98503347ad2584c3a7179eb57c27e646fac7466655d1a6895b51,0x59aab1bd0d26290274398c07b55955c15425e16b,0x00fe78205f5f0e63b8ad2b2ae5337f538a610e04,2026-08-04T22:04:23,complex_trace;high_gas_used_context;token_activity_burst,0x34fcd5be,false
25681975,0x970a30512a32902d763721c457fb775df3aacd53ce9790eb0c3447c0038c4057,0xa097f98e16102252debf104346a27b1251e4def8,0x28b1dc1a5e3699a428bc51d234dfab7c9cb2a183,2026-08-04T22:04:32,complex_trace;high_gas_used_context;token_activity_burst,0x0c307f76,true
25681975,0xda207f5b5b5a49701c596ef1ea3380dec19fab3068d8f5b26ee16d8620fc34e8,0xd9c1383ebf393d28ed7f6b33b1ded1962c85982c,0x4313c378cc91ea583c91387b9216e2c03096b27f,2026-08-04T22:04:32,complex_trace;high_gas_used_context;token_activity_burst,0xeffbec13,true
25681975,0x201747f2009b1b39e4fbc9e94bc4d8791c481bfa376f04b9d29018318ae410c4,0x6996286d27ec95b1fcf81589df365002b9b8cda7,0x0439e60f02a8900a951603950d8d4527f400c3f1,2026-08-04T22:04:33,large_erc20_asset_flow;complex_trace,0x3ce33bff,true
25681975,0x326476c4df9b2e4419d9b66e24ae301e7ffb520e2a75b729ed5d14dc85f5a126,0xa8c8fcd22828121963722ef8a277e9f13a95ed7d,0xe003c77ede0fa2d2e5f7ec49eedc89f90b40f547,2026-08-04T22:04:33,complex_trace;high_gas_used_context;token_activity_burst,0x601881f3,false
25681975,0xbbd54f62b080c3acd69f0b0f890f454504b882445d7a65e1918e14a0c87a86d3,0xc2acff53fed1309095b744da2d872a2984a6ee24,0x0000000000c2d145a2526bd8c716263bfebe1a72,2026-08-04T22:04:33,complex_trace;high_gas_used_context;token_activity_burst;approval_burst,0x32389b71,false
25681975,0x16d37a0bf945bfe8d709d90947be80da34095de981eec1b7bf7adb0e3baf34ba,0xdf8adfe10d4a4d9f0fc4d3e377a6e8d5730eb40c,0x06cff7088619c7178f5e14f0b119458d08d2f5ef,2026-08-04T22:04:35,large_erc20_asset_flow;complex_trace,0x99999999,true
25681975,0x3162fe5823d8781d23079812a75c18a79f2a5ccd71d407c50963133b666b3161,0x88af6198389c1756fe47b788c6b1eaf2746acb6b,0x6a000f20005980200259b80c5102003040001068,2026-08-04T22:04:35,dense_internal_fund_flow;complex_trace,0x0d893d62,true
25681975,0x6a70e762cd1ac74b786d01d9b806afecc22602a846d94931e6d2cefb1c60bf62,0x93d540dd6893bf9ea8ecd57fce32cb49b2d1b510,0xf4e147db314947fc1275a8cbb6cde48c510cd8cf,2026-08-04T22:04:36,privileged_execution_context,0x760d0f9d,false
25681975,0x7cc9fadeb516d7ef1c7e9e8f1802bc20ddb7e83ad096905b98543260d104af3e,0xc6acbee42e9e323140c1ed060c2f6ea9cc3b4b75,0x7c5a71c9fefbc7691f9d4ac7baf70c743792f716,2026-08-04T22:04:36,selfdestruct_context,0xf3fef3a3,false
25681976,0x58f94f5f1861ab39637b7dd1c9c26a8b7c98591e566e49a7a477a8b9f27dd302,0x825c4ccb9f6b7d8ade080d13d0d37a16bf37049e,0x93c30e6e09f698cfea99b09b5166ed90cfaedd17,2026-08-04T22:04:42,dense_internal_fund_flow;large_erc20_asset_flow;complex_trace,0x51337d44,true
25681976,0xcef5b940ff7279377735312b77611f1682dd0898b1bd2db64aa00c9d7999ae8d,0x56399f90d192b9a935cb8142166748ba3c97aa4b,0x7512ce22c7aae5a4150d1fb15bab10d831cdaf12,2026-08-04T22:04:42,privileged_execution_context,0x0007a8ac,false
25681976,0x833f4f0e2ca69bc6959bf45d129faf6086c0ca7da390e606defc963a0d993bdc,0xb82c61e4a4b4e5524376bc54013a154b2e55c5c8,0xf4e147db314947fc1275a8cbb6cde48c510cd8cf,2026-08-04T22:04:43,privileged_execution_context,0x760d0f9d,false
25681976,0x2654f2afbfcac477b22d8a12a58d8f4c1eb9dddb900b18f5b3404682ba077c20,0xd076c5a6c7cd4e1bb69177ac5892aefb0abb1f7d,0x1399bb39c241f3b0755a8584205a2f99bdb15bf7,2026-08-04T22:04:44,dense_internal_fund_flow;complex_trace,0x60642803,true
25681976,0x3dd9a252efbe8ec41bebe63143b9e1bc69594fa84ad4ff4fd05b09d8b330aa26,0xf1c4649293dd434180bb1e703fc65c23b66fc028,0x337685fdab40d39bd02028545a4ffa7d287cc3e2,2026-08-04T22:04:44,dense_internal_fund_flow;complex_trace,0xfa74fd43,true
25681976,0x63e2702ad5ebd8bfb65a2c3941a7b1e1c0a19252a12ea945d44c0fe130c30275,0x161643f280b09be8e0271eef8efc6c264d125003,0x84fee5c97dc2fafcfdfdafa4b7d8cd39421cac31,2026-08-04T22:04:44,dense_internal_fund_flow;token_activity_burst,0xa9059cbb,true
25681976,0x82126d85c25f43e45a2d5ad625a65cd4fb4754ec17dff683ef1f22eb35108ce4,0x59aab1bd0d26290274398c07b55955c15425e16b,0x00fe78205f5f0e63b8ad2b2ae5337f538a610e04,2026-08-04T22:04:44,repeated_internal_token_drain;dense_internal_fund_flow;complex_trace;high_gas_used_context;token_activity_burst;repeated_risky_internal_calls,0x34fcd5be,true
25681976,0x9ad44c338b715f2cb34b8f9028877dd2e4b0cc38194a9e166ca7821f3fe22037,0xb05a25c0cdee5739f3ec58ccb94510d60be78140,0xbb83f619ce136b9a63adfd0b4ff87d2532ebf4aa,2026-08-04T22:04:44,privileged_execution_context;complex_trace,0x6a761202,false
25681976,0xe56246701753b06fa8cf72895b53cdf8db532f945842f285f4081bdc01c89801,0x49e8cc15ecccec4b1ccd873e7d4a1e8edecc114e,0x0ba6d224169bbfad4eb2d38c500d2c8e8ede696c,2026-08-04T22:04:44,dense_internal_fund_flow;complex_trace;high_gas_used_context;token_activity_burst,0x5742f567,true
25681977,0x2c6d440d267b9354ca019ed915f76bdc17384b650f6140b6a0bb56306900bbc5,0xf96f8e03615f7b71e0401238d28bb08cceecbae7,0xf4e147db314947fc1275a8cbb6cde48c510cd8cf,2026-08-04T22:04:50,privileged_execution_context,0x760d0f9d,false
25681977,0xfd0fc1dad401fe6930169d1599593685f08fcb51257f17ad29094bed89ff6109,0xac8b6e55c809e4dd83dc9943cf460c1caca84125,0x93c30e6e09f698cfea99b09b5166ed90cfaedd17,2026-08-04T22:04:50,dense_internal_fund_flow;large_erc20_asset_flow;complex_trace,0x51337d44,true
25681977,0x53bf6ab569044348df495b83884872f6c0786dd14fd81169fb39ed591e467e82,0x604bfcdb18a132e3ccd9452e68279c4bf8ab0499,0x6dd1ad99c9f93beb6e3a9ddfa6fbe4827809300e,2026-08-04T22:04:51,selfdestruct_context,0xf3fef3a3,false
25681977,0x049446ebfdba1d9adf52d564efcfcf50b146f86b4e727171a7b2557a89ef052c,0x7418c37acd0264b230b0f2346cf04ba3726854b4,0xbc1d9760bd6ca468ca9fb5ff2cfbeac35d86c973,2026-08-04T22:04:53,dense_internal_fund_flow;complex_trace;high_gas_used_context;token_activity_burst,0xd984396a,true
25681977,0x2eb5bf8ea50d9fc5824953a91ea1f09b4d44a752f34c01281851f11158ce3d72,0x7830c87c02e56aff27fa8ab1241711331fa86f43,0xa9d1e08c7793af67e9d92fe308d5697fb81d3e43,2026-08-04T22:04:53,large_erc20_asset_flow,0xca350aa6,true
25681977,0x3895d8869e621c49fc1d36f884b4d5c3960b12e697a75d5d53923e3dbac20162,0xe6705fccaf951870ef24463c88a81f31610efba4,0xf8b2c637a68cf6a17b1df9f8992eebeff63d2dff,2026-08-04T22:04:53,dense_internal_fund_flow;large_erc20_asset_flow;complex_trace,0x8c9732c4,true
25681977,0x3dce167b324b1261c187c91844d4fb3e611c212da2ac981476106714822ac435,0xced372d2dc756fdedf12b8b6bf4efa794af917a7,0x1921e0ff550c09066edd4df05d304151c45e77de,2026-08-04T22:04:53,dense_internal_fund_flow;complex_trace,0x13d79a0b,true
25681977,0xfa5ecd1a84d777de41a098da3bebcd70591beac3933fb6a0f0155027074f8c66,0x4df457f338f4c102f066f807fc16cad81bdc42f6,0xcb31c5a97eca16d0bfdcd1195a59003715769d6a,2026-08-04T22:04:53,dense_internal_fund_flow;complex_trace,0x873f371c,true
25681978,0x0b2f8e2cf75b7355a08db62840571973b7db8f975fb919cae371de8fbc985d66,0x433702256b464248dcbe403c1334757be4ed9f26,0x5ff137d4b0fdcd49dca30c7cf57e578a026d2789,2026-08-04T22:04:59,privileged_execution_context;complex_trace,0x1fad948c,false
25681978,0x9b42a28dd05d2e5706bb8ebe0bfbf2cf03b4380a957a1c049ca4130f0314b596,0x617ccb6d070f08953c2fc481fb19674162e672f1,0x91ff8bbd8ebb07893010d50a48a1609e5ebd8e34,2026-08-04T22:04:59,complex_trace;high_gas_used_context,0x069d1525,false
25681978,0xaa26ea5be702e28f5daae09e40ff668d6de19e77b5c7e8431d27c512d97ddb21,0xde5ce22a56ed76bf7054121500b23a718399feb7,0x43de2d77bf8027e25dbd179b491e8d64f38398aa,2026-08-04T22:04:59,large_erc20_asset_flow;complex_trace,0xc280c905,true
25681978,0xed396d4f59ff6985c6f4c92642e19de572f394402b77e6171f368633ebeb95dc,0x96c4af8a6634f1dd8d50d7e373a44852a511487b,0x07a05e2709ddb88c64581d90716a4814eb8b9a5c,2026-08-04T22:04:59,privileged_execution_context;complex_trace,0xc6fe8747,false
25681979,0x89cf48823421e372509667e94b033147236747d6e6e593db614ca7ac438b508d,0x6667cfe4698500cec4ed2cf22a9d6dbf15aec81d,0x2c158bc456e027b2affccadf1bdbd9f5fc4c5c8c,2026-08-04T22:05:06,large_erc20_asset_flow;complex_trace,0x6eefea49,true
25681979,0x0579c1de4e363360a93d8f8b90adbe5bb1561fe2b92940ff1ca8fc79cf5fdd73,0xefd3921a17b2f612142db52336eb41aaf3e935f3,,2026-08-04T22:05:07,privileged_execution_context;high_gas_used_context;contract_creation_context,0x61016060,false
25681979,0x6627b896905c1a6031edcc921e06380da656e032992cdc5d5b3f221038cab3cc,0xb08b2c3099193bcf05f742ccb7f206635fe243b3,0x91ff8bbd8ebb07893010d50a48a1609e5ebd8e34,2026-08-04T22:05:07,complex_trace;high_gas_used_context,0x069d1525,false
25681979,0x9ae042ab7d5f1bbe9d376aea4f8d0c6cf6c1d059042a34d92ec0fd6d22cb924a,0x90637f2328553afa98deb52559292005b46c3a08,0x93c30e6e09f698cfea99b09b5166ed90cfaedd17,2026-08-04T22:05:07,dense_internal_fund_flow;large_erc20_asset_flow;complex_trace,0x51337d44,true
25681979,0xa3997e6d13f88acf5726fc4d5f09177d2e12508b9b4262aeae2dc2eac9f2543b,0x7830c87c02e56aff27fa8ab1241711331fa86f43,0xa9d1e08c7793af67e9d92fe308d5697fb81d3e43,2026-08-04T22:05:07,dense_internal_fund_flow,0x1a1da075,true
25681979,0xc324600737e783d3b80ff82e810e06ca46e909a2432d553b6ba6ea40f07d2191,0xa88d12c15cc9632ba0f3e1da4e32b83fe0eae8f6,0xee030ec6f4307411607e55acd08e628ae6655b86,2026-08-04T22:05:07,large_erc20_asset_flow;complex_trace;high_gas_used_context;token_activity_burst;approval_burst,0x6e1537da,true
25681979,0x704241d12b9af070e76b87aedbcc1fe330824636edd269626984124884bf05e3,0xb386b3370f3c258d241fed394050d60f7c421be7,0xd01607c3c5ecaba394d8be377a08590149325722,2026-08-04T22:05:08,dense_internal_fund_flow;complex_trace,0xe74f7b85,true
25681979,0xe8858acea1605588ea714775a615409c7905e7725f3bcb63cbb94d0efc2beff7,0x50bf934781f63028c5c8ef49c4affe19a86d99b6,0x8d04cc7e86e687854eb41d9d43512b655b93184b,2026-08-04T22:05:08,selfdestruct_context,0xb5291b32,false
25681980,0x8484d97d2a05f45bb50dc3bd1aeb1ef27f0a066417ce46e8a28fc4fc852f0f7d,0x036c43c662ebb15d44ac17c5ed1444ca2729f829,0x93c30e6e09f698cfea99b09b5166ed90cfaedd17,2026-08-04T22:05:13,dense_internal_fund_flow;large_erc20_asset_flow;complex_trace,0x51337d44,true
25681980,0x6c5b48cd643fc599861ace9fc833bceece14701ed397c0ec7b3efd4ba7dfed0b,0x9123b39058c5bcd00d4b0b9142fe9f527ddb562f,0x093272c07700d3ca5301c3bf9b3a392624179e2f,2026-08-04T22:05:14,large_erc20_asset_flow,0xac9650d8,true
25681980,0x1298d8bc074c23e86887d70385c776608af0e3bb17f9df249099981d084e1693,0xd13674ef90c4ef8da43f3fe90aba61a2aa43c1f6,0x91ff8bbd8ebb07893010d50a48a1609e5ebd8e34,2026-08-04T22:05:16,complex_trace;high_gas_used_context,0x069d1525,false
25681980,0x1d82e7c20aeaf1a916291799c7b79de24225682086327a841589c3c54a187a8c,0xa87eb9f2e6edc1297c0bf99393235503cb8b5023,0x2786ed4ce17214579e359064827715ad2acb1477,2026-08-04T22:05:16,complex_trace;high_gas_used_context,0xe9ae5c53,false
25681980,0x925c5a423026ae58e6dae3a4ae577c01e919101d9a4884d0271ca0c3fe4431f6,0x984d07d4888e312d08805c85d835a82a58947594,0x91ff8bbd8ebb07893010d50a48a1609e5ebd8e34,2026-08-04T22:05:16,complex_trace;high_gas_used_context,0x069d1525,false
25681980,0xbc6a4687e6f2e7398cd1a910b441a72659b12c6b38c61c98151e702604d938c0,0x00d9fe085d99b33ab2aae8063180c63e23bf2e69,0x75884f3ada15c953529abaac6549d5204135ec36,2026-08-04T22:05:16,high_gas_used_context;token_activity_burst,0xa9059cbb,false
25681980,0xe0b6bfa415f026694a9851bcef548582154087dd87ed113c484185cb7537af60,0x6667cfe4698500cec4ed2cf22a9d6dbf15aec81d,0x2c158bc456e027b2affccadf1bdbd9f5fc4c5c8c,2026-08-04T22:05:16,large_erc20_asset_flow;complex_trace,0x445df08b,true
25681980,0xe82cf60d41e60c8628a72f29593c4d9c16ad34357971a4c620ae396523d98b8c,0x48016a2ee65758ea0adf560ba35ac18c827610e5,0x91ff8bbd8ebb07893010d50a48a1609e5ebd8e34,2026-08-04T22:05:16,complex_trace;high_gas_used_context,0x069d1525,false
25681981,0x4c73a72b763e9c5ec10d9f8da5eb615c47ca7c2351b287ed24df459011ac5cb9,0x01d6445d82ee187fe4a754e76984ca77071f7f47,0x0000000000000068f116a894984e2db1123eb395,2026-08-04T22:05:23,repeated_internal_token_drain;dense_internal_fund_flow;very_complex_trace;high_gas_used_context;token_activity_burst;repeated_risky_internal_calls,0x87201b41,true
25681981,0xa402669be030a253b0a2b9dfa4ad50955989148866346d5709ede37cd3ea1269,0xf3ba8ec7127bff93a37b2965bc9ad8526d134baf,0x3d963e23a9229d2acd25e9ffc358be1a35460ecc,2026-08-04T22:05:23,high_gas_used_context;token_activity_burst,0x0a333a0f,false
25681981,0xbce039e36969c9c46eaf6eca47db10c3f1151292e7e07c31805e3d7ed130851b,0x67d164abb290ada7e7869aa942e542d3f7a85f75,0x3980daa7eaad0b7e0c53cfc5c2760037270da54d,2026-08-04T22:05:23,dense_internal_fund_flow;complex_trace,0x13d79a0b,true
25681981,0xe3f10c67741aa188f177862a9ba457935c1d0a1c988a61c4ba9b3a04579b49bb,0xe8d8bb57edf69e4daf806ba60bf2658c81eb91db,0x6131b5fae19ea4f9d964eac0408e4408b66337b5,2026-08-04T22:05:24,large_erc20_asset_flow;complex_trace,0xe21fd0e9,true
25681981,0xc203f0abf5c54e3e6fd65c21417b0d12bfdf3f87d45484e81ee1e4ad42ed7206,0xc50e8805fe98c55acdacb26e1e0ef9fc189a22dd,0x00b19a5200a100e5fc4c9800772f4d002f218400,2026-08-04T22:05:25,privileged_execution_context,0x7e734c5a,false
25681981,0xdd9d3b4dd26e760ad6c80e673f75f2155e5d16508248d743713512549b842c79,0xf1edbaeab4ad5f0d33d7e39d3c390588ca44d2ae,0xf4e147db314947fc1275a8cbb6cde48c510cd8cf,2026-08-04T22:05:25,privileged_execution_context,0x760d0f9d,false
25681982,0x49c2e06bff15e8d4c1af32586e02ef03b888091c8b40fa0dafe400d654aa7673,0xc2acff53fed1309095b744da2d872a2984a6ee24,0x0000000000c2d145a2526bd8c716263bfebe1a72,2026-08-04T22:05:31,complex_trace;high_gas_used_context;token_activity_burst;approval_burst,0x32389b71,false
25681982,0x588380eabdd1a626f1f950dbcbdbb436c2a08c72cebec3c591b5bdf81e53a4a8,0xa154b98e53fc35e1bad1ff758acbc8c629bdcd2b,0x19917386eeae67b6ff7ddf07de4019fca40aa4ec,2026-08-04T22:05:31,repeated_internal_token_drain;dense_internal_fund_flow;complex_trace;high_gas_used_context;token_activity_burst;repeated_risky_internal_calls,0xa9059cbb,true
25681982,0x82eaa41d31cd03c7e6827abaefda22eb0e390b89f097f80ab5b294036d61159a,0x4337003fcd2f56de3977ccb806383e9161628d0e,0x0000000071727de22e5e9d8baf0edac6f37da032,2026-08-04T22:05:31,privileged_execution_context;complex_trace,0x765e827f,false
25681983,0x3c4247b4f50b50a551c5fa23c770f27397749690561982987668d7b7067fb69a,0xc6acbee42e9e323140c1ed060c2f6ea9cc3b4b75,0x7c5a71c9fefbc7691f9d4ac7baf70c743792f716,2026-08-04T22:05:37,selfdestruct_context,0xf3fef3a3,false
25681983,0xc7de3ef804b7585ab15cf4984fc6b49559d9d783530d234b130b5bc9cf42f57a,0x682952343e18214f7dd97e5bd83b7342e4426def,,2026-08-04T22:05:37,privileged_execution_context;high_gas_used_context;contract_creation_context,0x60806040,false
25681983,0xe1491aebcb0c106330878a61c5a832bca3453687829d1b171a829567ab968216,0x828ae2b73f183f780d18c0051cc4c6ecc62293b6,0x514b9e5467b9eb811519e316263c9099eae546ca,2026-08-04T22:05:37,complex_trace;high_gas_used_context,0x095ea7b3,false
25681983,0x2d749820241b7b51dd4521e6a69598b36274f91d9a12b5d8dec5d89fa90b33d4,0xe20446cccbfd5f9038e747f1dea8016ecbd94ae5,0x442be06bb5d13711a22ccd3fa382b72a874c5135,2026-08-04T22:05:38,privileged_execution_context;complex_trace,0xf7b5c341,false
25681983,0x4314f53a480b9525d0a9c5f2dac5e230a37b2e971764a700087d4af522a1ffdd,0xdbe673536f8a55d8866d6abed87dd3b47a498096,,2026-08-04T22:05:38,large_mint_to_sender;privileged_execution_context;contract_creation_context,0x60806040,true
25681983,0x584679e95ace72496649a5b7a2a20838034ff04db7b76aee2c7385d20dff7cd2,0x0745f6276e6cc6b507c9629133b3e09612b1fbd0,0x293b5dc2a321e1a3e20a5ab226c0687d008c93f9,2026-08-04T22:05:38,privileged_execution_context;complex_trace,0xc6fe8747,false
25681983,0xf97c0f09774971d37b44909fb9ff09d0b62759bbdb16ba3b7d291efbc78f2cb2,0xeedba2484aaf940f37cd3cd21a5d7c4a7dafbfc0,0x86e4dc95c7fbdbf52e33d563bbdb00823894c287,2026-08-04T22:05:38,complex_trace;high_gas_used_context,0x4e43e495,false
25681984,0x268e2f98bdcb5749681ac7fea6fb3994f95d9cff45a7bbb39978936b8a5e13bd,0x7830c87c02e56aff27fa8ab1241711331fa86f43,0xa9d1e08c7793af67e9d92fe308d5697fb81d3e43,2026-08-04T22:06:15,dense_internal_fund_flow,0x1a1da075,true
25681984,0x29e89b2d3119964763755b0630314e74d8152966bcf4f3f5c19afaf7a0038215,0x2e70124f8c3511ea7d3ccff1dcdea30b0e9a84f2,0x89c6340b1a1f4b25d36cd8b063d49045caf3f818,2026-08-04T22:06:15,complex_trace;high_gas_used_context,0x0193b9fc,false
25681984,0x402309cdd42d8d923565a2546e049b9f423d31fdf63c29f6095431123f39497c,0x0e707bc82a6a117cddb12d7171e9cf2f51690ca5,0x07964f135f276412b3182a3b2407b8dd45000000,2026-08-04T22:06:15,large_erc20_asset_flow;complex_trace,0xd808d889,true
25681984,0x47bbc8a1b116592f8679f8547e4b1c53e213094f36d89aa8a2f555ef30f38dba,0x161643f280b09be8e0271eef8efc6c264d125003,0x84fee5c97dc2fafcfdfdafa4b7d8cd39421cac31,2026-08-04T22:06:15,dense_internal_fund_flow;token_activity_burst,0xa9059cbb,true
25681984,0x7e6d0381a9795c448762cf3096d178aec68ebaa26b07b1a18d0f143af487ea51,0x5f6e9310fb34089442d0f4f36b831ed19f1ec1d3,0x140022b7000081000001094700609300d2187dab,2026-08-04T22:06:15,large_erc20_asset_flow;complex_trace,0xd002ced6,true
25681984,0xbde34dc436e6c963b2978cd50000cc712fc9393a2faf74cdef1851b8cec53398,0xaade20c9578063ac7fd1c32292fef55e5eb13dd4,0x4ef6900770bc0042bbfc408c90142fd2f6d63103,2026-08-04T22:06:15,dense_internal_fund_flow,0x1cff79cd,true
25681984,0xe8cc81e5b033fda91b7d8d040193096460fc3deb7c09c300694bbce54e36560a,0xc8ad355c8291cbd52e738ed1df1f5ccbbbbf00ee,0xa9d635ef85bc37eb9ff9d6165481ea230ed32392,2026-08-04T22:06:15,complex_trace;high_gas_used_context,0x13d79a0b,false
25681984,0xf231081251cd9bf5d3310493283ce8ba28a82f7dfaaf500f7c0c04c804de240a,0x883a95fdf8df78e7128fced0e9d931a687ff542f,0x4ebc36dcee3ca916ff4157b51c2a16105a3774b5,2026-08-04T22:06:15,complex_trace;high_gas_used_context,0x1749e1e3,false
25681985,0x541eb6c7e5e159208f7f5f0efd5cdc123f077caa15e9718200610fc60cc942ba,0x512c987156cde10c3d227d8e5310f5a8702f9b56,0x881d40237659c251811cec9c364ef91dc08d300c,2026-08-04T22:06:20,dense_internal_fund_flow;complex_trace,0x5f575529,true
25681985,0x03b3d58e79d821a265221a65cc5fc8ae438092ce59a74d874acf1782ff143dba,0x682952343e18214f7dd97e5bd83b7342e4426def,,2026-08-04T22:06:21,privileged_execution_context;high_gas_used_context;contract_creation_context,0x60806040,false
25681985,0x05eef27867937a668301ab6b084dc41ecc06e541d31af9ed523babb04c301116,0x70e59f9c304e4d5096bd408b571e2dcd99c3120b,0xad3b67bca8935cb510c8d18bd45f0b94f54a968f,2026-08-04T22:06:21,complex_trace;high_gas_used_context;token_activity_burst;approval_burst,0x146ee74d,false
25681985,0x66be51f2402b1d859437029f729ae23d7ee6cf6f680889b8f84654e904cd72ce,0x5540d690d420c6761e409e31e18b69785abedab7,0x87870bca3f3fd6335c3f4ce8392d69350b4fa4e2,2026-08-04T22:06:21,large_erc20_asset_flow;complex_trace,0x02c205f0,true
25681985,0x77957e4899c8c28bcd4039a92f96afefbc8a588d35e2bb1ac66f9480ed4b64b3,0xbe0b407782a7599380fa726db315340126d62229,0x4d2fb5f8ec243fde4df1a9678b82238570c7e0e4,2026-08-04T22:06:21,high_gas_used_context;token_activity_burst,0x6a761202,false
25681985,0x909eb8909bad51815737ce4fda211dd981c2b68b3b010cc73bd87691554d8f3d,0xf315356a7bb97b6f7e71c479efa709ad4f92d8ea,0xff035dd39b5716d163c641ce153a80f296b0be08,2026-08-04T22:06:21,large_erc20_asset_flow;complex_trace;high_gas_used_context;token_activity_burst,0x6a761202,true
25681985,0x09365ff27f20c7430c922af05b37828ac5e27d34905d95f07792b42572695e61,0xc6acbee42e9e323140c1ed060c2f6ea9cc3b4b75,0x7c5a71c9fefbc7691f9d4ac7baf70c743792f716,2026-08-04T22:06:22,selfdestruct_context,0xf3fef3a3,false
25681985,0x41a259062389d0bc49336c037ba8100c882c250c854753cf095970859d02e39d,0x59aab1bd0d26290274398c07b55955c15425e16b,0x00fe78205f5f0e63b8ad2b2ae5337f538a610e04,2026-08-04T22:06:22,complex_trace;high_gas_used_context;token_activity_burst,0x34fcd5be,false
25681986,0x026b40003ab18babb9d7e406f346ad4a4ff1f032d2829c94586fcc90d7eab803,0xf279dfcdd57e1571c95e2c5b7e2ee453cbcdf77f,0x0000000071727de22e5e9d8baf0edac6f37da032,2026-08-04T22:06:29,dense_internal_fund_flow;complex_trace,0x765e827f,true
25681986,0x36418c351cfb2abaa2d979dd8936d3d7306b4cb0845f560d77debe2f873a881b,0x64c318f5fa7805f12ca2baf003d3795ad7888490,0x888888888889758f76e7103c6cbf23abbf58f946,2026-08-04T22:06:29,large_erc20_asset_flow;complex_trace;high_gas_used_context,0xc81f847a,true
25681986,0xbb54d23a729da021cdbc9eb2a61c535e966038b5f6548e4bc714eb2cecd0d17c,0xf70da97812cb96acdf810712aa562db8dfa3dbef,0xb92fe925dc43a0ecde6c8b1a2709c170ec4fff4f,2026-08-04T22:06:29,dense_internal_fund_flow,0xcd6e13f7,true
25681986,0xfb9fc623f79f0b8ed1e254990e8f0fd5a71e10cdd6e5a623857188d26c1e4edb,0xc47f3693e1f07feebbde4d9e86ab0f469c56bfed,0x3d90f66b534dd8482b181e24655a9e8265316be9,2026-08-04T22:06:29,dense_internal_fund_flow;complex_trace;high_gas_used_context;token_activity_burst,0x47ee97ff,true
25681986,0xfca2b844589dd76a298d0800416a8948fa53dd9f57840b542c332459da96e2f0,0xd0abeffc38ac4374f66d62a75bf68d296ca63682,0xf4e147db314947fc1275a8cbb6cde48c510cd8cf,2026-08-04T22:06:30,privileged_execution_context,0x760d0f9d,false
25681987,0x32754d7022fd097e71539b85d41e554107add865a09fc826169910285b76c360,0xc41d490048d0287cc08085db0bb241a560ee5b49,0x0d07033f478f3b585397b854df4a7163cbe8986f,2026-08-04T22:06:35,large_erc20_asset_flow;complex_trace,0xda64f0f7,true
25681987,0x370e875a59def2a1135e9d966e8bba2e632b09bae36af9204cffc2d8c32040c2,0x80d04079ffc53eb14edbeeb37279d126f45552df,0x609b08b0cb2dd11abbdf8bd37323ebbec7bfc007,2026-08-04T22:06:35,repeated_internal_token_drain;dense_internal_fund_flow;complex_trace;token_activity_burst;repeated_risky_internal_calls,0x8aaa8f3b,true
25681987,0x64905324cef31d2537f7ca4e2c9103580a53aa3356c57b610e7be808c23b9803,0x3333e56c3c6231399f45b81a371e0d47c5e69ebd,0xf4e147db314947fc1275a8cbb6cde48c510cd8cf,2026-08-04T22:06:35,privileged_execution_context,0x760d0f9d,false
25681987,0x9e73d3452b7c73322bf5552b4b5e4a76e69f22ef6ff752898dc2b0d50b0ab7c6,0x1aed6d75bea7698a8a34ecc1361aec712474073c,0xcb0151ac9479a6a0261622baa63ae843c9793d45,2026-08-04T22:06:35,large_erc20_asset_flow;complex_trace;high_gas_used_context;token_activity_burst;approval_burst,0x64cd187f,true
25681987,0xd831174174c2dcd197aff3daf36dab29c9b69114daa0f1aea85ff97bdda78333,0x6cb43cdc8b1f120568c9c7849e1d59644dda45bd,0x0889e9327b98d7d1be3c301a4585ff3330502c9a,2026-08-04T22:06:35,large_erc20_asset_flow;complex_trace,0x1fff991f,true
25681987,0x54305a310dc385e7fbfdf55a60bd6edfd95f27f29038f9196311283b94ebf03b,0xd1b405646fafab73169f00a67c339b16fe3cbb85,0xbd216513d74c8cf14cf4747e6aaa6420ff64ee9e,2026-08-04T22:06:36,dense_internal_fund_flow;complex_trace,0xac9650d8,true
25681987,0x6878825a63a97b8c936b3737fb8f8416a7566e4457d6048a470c78779821dee0,0x143e1c74e7b4afc4077adc738790e6f4fe142fba,0xb276f62db0ce8ca2ca5bc522695be604521eac1c,2026-08-04T22:06:36,dense_internal_fund_flow,0xaec6e273,true
25681987,0x828db0cf17cb64ff298cf08c50c9cffaf0b13f2645501f9fe1169b8659c33fcf,0x43370308b53e3611521ba48e2f7632a5644d7b1f,0x0000000071727de22e5e9d8baf0edac6f37da032,2026-08-04T22:06:36,large_erc20_asset_flow;privileged_execution_context;complex_trace,0x765e827f,true
25681987,0xd771ee57675aa5d9cf8b7d932b160e0660a7e16e0412b1b4125864e1266c7cd2,0x5e6e835ec4e69fdaf9cad50cedafc687976d6a22,0x91ff8bbd8ebb07893010d50a48a1609e5ebd8e34,2026-08-04T22:06:36,complex_trace;high_gas_used_context,0x069d1525,false
25681988,0x072c0a1b794c0894e376f4fabd4bc3bbc410d2d8f45d7dd74484c39fd47eb421,0xeab7366a09ce1a2cd7e114ee231055ef29599d32,0x9640c8dd3b96fc35e08ddeba4d04637ba096c426,2026-08-04T22:06:43,large_erc20_asset_flow;complex_trace;high_gas_used_context;token_activity_burst,0x00000000,true
25681988,0x22a18bbdb48fa028e8d9f2c3f09127c0c4145c992145f437c24c18c2b9747691,0xad18592e4ab1a28eba107c10d411b25f60476220,0xb276f62db0ce8ca2ca5bc522695be604521eac1c,2026-08-04T22:06:43,dense_internal_fund_flow,0xaec6e273,true
25681988,0x2adc7b74d602eaf0db56e284fe959a4e52562231296434976ca137340393b8f6,0xc2acff53fed1309095b744da2d872a2984a6ee24,0x0000000000c2d145a2526bd8c716263bfebe1a72,2026-08-04T22:06:43,complex_trace;high_gas_used_context;token_activity_burst;approval_burst,0x32389b71,false
25681988,0xeec4e65cecaac1a09bed2ba6114a5d28dff53a40d6fe649283d19dfe7cf2ee1c,0xc2c3f8bbfa2e92db87fba045efe75a3b7878bc59,0x87870bca3f3fd6335c3f4ce8392d69350b4fa4e2,2026-08-04T22:06:44,large_erc20_asset_flow;complex_trace,0xee3e210b,true
25681989,0x4fde847adee5ab23548af5b4d3cf4b0ad049a937186b2ca696ef894d738d7eab,0x7830c87c02e56aff27fa8ab1241711331fa86f43,0xa9d1e08c7793af67e9d92fe308d5697fb81d3e43,2026-08-04T22:06:58,dense_internal_fund_flow,0x1a1da075,true
25681989,0xc604059c7e0bfdf673451ae57f435ab55f4acd62018d6f8700c384577bc0159a,0xa67d7eb4dc68fa6ce8e34ef8cadaf075b9893fbb,0xccc88a9d1b4ed6b0eaba998850414b24f1c315be,2026-08-04T22:06:58,dense_internal_fund_flow;complex_trace,0x0a2b8f36,true
25681989,0xdcf09cbf07bf78ddc605601186eed7051faa9ad1ea83b86866de6a2e9e861c23,0xb26b2789c27602ebd0eb40a6f1b639c58bdf852c,,2026-08-04T22:06:59,large_mint_to_sender;contract_creation_context,0x60806040,true
25681990,0x0a78996eee1363cf50d91f15dc6ce4bd9a638edf91be6ffe0d270aefa620f1dd,0x1aed6d75bea7698a8a34ecc1361aec712474073c,0xcb0151ac9479a6a0261622baa63ae843c9793d45,2026-08-04T22:07:09,large_erc20_asset_flow;complex_trace;high_gas_used_context;token_activity_burst;approval_burst,0x64cd187f,true
25681990,0x2aa516de1b80ff61c3ac3796627b2f4e78f71144fab13e9abed6eb88f60d9d16,0xbe0b407782a7599380fa726db315340126d62229,0x4d2fb5f8ec243fde4df1a9678b82238570c7e0e4,2026-08-04T22:07:10,repeated_internal_token_drain;dense_internal_fund_flow;complex_trace;high_gas_used_context;token_activity_burst;repeated_risky_internal_calls,0x6a761202,true
25681990,0xb6d946b0f1cd458eb57e517a2cc646c7a16ef2820fe16f0b08cc01821c9d1d7c,0x7b49bc3ebbdf7322f31c6449320382bbec3be1b6,0xad3b67bca8935cb510c8d18bd45f0b94f54a968f,2026-08-04T22:07:10,complex_trace;high_gas_used_context;token_activity_burst;approval_burst,0x146ee74d,false
25681990,0xe2ac6deb54dc020f2b9a7a47a6d033d526e10e2f97305e3f4983f9019c1745b7,0x405cccee79ba8a96ba2ab31c6e4e49ff26f0ee6e,0xec8428292c862cbe348b1d4051ec6be3302e76f6,2026-08-04T22:07:10,complex_trace;high_gas_used_context;token_activity_burst;approval_burst,0x5fbf7e8b,false
25681990,0xf1b75617264bdf6659445a64a488782ec2c699fa6cc2e84224b467f4a3df8c3a,0x82540a84769f77893787b76d2eb1fb8200888dcf,0xe571b648569619566cf6ce1060c97b621cb635d3,2026-08-04T22:07:10,large_erc20_asset_flow,0xac9650d8,true
25681990,0xd1ac14453b4a482bc186d07a42dd59e74efd6168b1d48cbeabd49e89381ddd6c,0x3431172c887cf150d9fdaba9876273d9db566367,0x64f5aad0e38e2ff9f50f2e51e813e49c05aca41a,2026-08-04T22:07:11,repeated_internal_token_drain;dense_internal_fund_flow;complex_trace;high_gas_used_context;token_activity_burst;repeated_risky_internal_calls,0xa9059cbb,true
25681991,0x5ccb89a82350e400c47dde324daee2ab6f03dd4702c7b5be0ec60ddf1606ea94,0x5e8381077866763692f151ca44cce0435a76d78c,0xcb0151ac9479a6a0261622baa63ae843c9793d45,2026-08-04T22:07:18,large_erc20_asset_flow;complex_trace;high_gas_used_context;token_activity_burst;approval_burst,0x64cd187f,true
25681991,0x63b5431485690f2e6bdf5c050e62dfc5c454e7472a85c61bfc6bf7de35f3fe38,0x70e59f9c304e4d5096bd408b571e2dcd99c3120b,0xad3b67bca8935cb510c8d18bd45f0b94f54a968f,2026-08-04T22:07:18,large_erc20_asset_flow;complex_trace;high_gas_used_context;token_activity_burst;approval_burst,0x146ee74d,true
25681991,0x9caf68b3191516ed1e6c601986d04267d7f69f3aa0002b76add0898483625096,0x54ab6c12cf636ce706041ea8388d95347a0838ca,0xb300000b72deaeb607a12d5f54773d1c19c7028d,2026-08-04T22:07:19,large_erc20_asset_flow;complex_trace,0x810c705b,true
25681991,0xf4971b1435618249c4d2e89674caf7c8255f8422766aab01a8dcc732989dda1f,0x5cdded5ea50ae7973943394de17ab51c365254dd,0x93bb5eb278365b2ab108ca1d6e0eed92be414c75,2026-08-04T22:07:19,large_erc20_asset_flow;complex_trace,0x6a761202,true
25681991,0x36fcce17df0f98f293eaa425ef4f8527be59c6b3e3abf750e4a6bc6e1a97d3b3,0xe20446cccbfd5f9038e747f1dea8016ecbd94ae5,0x442be06bb5d13711a22ccd3fa382b72a874c5135,2026-08-04T22:07:20,privileged_execution_context;complex_trace,0xf7b5c341,false
25681991,0x59cb861f29b9c6bb7afb5469561e04ac6660a5d52d6ec93469ae803d915c3e3c,0xed94279a6634427443f7aa75b38183999c016ff9,0x0000000000001ff3684f28c67538d4d072c22734,2026-08-04T22:07:20,dense_internal_fund_flow,0x2213bc0b,true
25681992,0xb632459adc89c4daad0078cae20688e63498213adf222f749114e8f6a4c12f84,0x56c262027e0de4aea31d2489529cb25d23e58a8b,0xccc88a9d1b4ed6b0eaba998850414b24f1c315be,2026-08-04T22:07:31,dense_internal_fund_flow;complex_trace,0x0a2b8f36,true
25681992,0x489aff22a82b986940cc0ba8944cc03ac1ee45c32bbbc35d5487ab9040366daf,0xc6acbee42e9e323140c1ed060c2f6ea9cc3b4b75,0x7c5a71c9fefbc7691f9d4ac7baf70c743792f716,2026-08-04T22:07:32,selfdestruct_context,0xf3fef3a3,false
25681992,0x90b49cef2736fc53f91c68b4033d5ce3c212e661b46764c53fd4306824f7d1ec,0xb23360ccdd9ed1b15d45e5d3824bb409c8d7c460,0x09c30cdcdd971423cb3ba757a47d56c35d06d818,2026-08-04T22:07:32,dense_internal_fund_flow,0x318adb8b,true
25681992,0x9f503ab2ee2434d4ed378fbaad581c85904dbc7626e635799a74a0760827e190,0x3cfdc212769c890907bce93d3d8c2c53de6a7a89,0x0000000071727de22e5e9d8baf0edac6f37da032,2026-08-04T22:07:32,privileged_execution_context;complex_trace,0x765e827f,false
25681993,0x0b7a41bc66daee2faedfa8ab880e2e74ac2cbc2debb0d0ea6b0dffae44554c90,0x5b43453fce04b92e190f391a83136bfbecedefd1,0xbdb3ba9ffe392549e1f8658dd2630c141fdf47b6,2026-08-04T22:07:34,dense_internal_fund_flow;large_erc20_asset_flow,0x000000cc,true
25681993,0x43289ec14ed6fab2acb5045dbd7b407e7ac80e7fa78556ad1acf207f3aaf5a26,0x5b43453fce04b92e190f391a83136bfbecedefd1,0xbdb3ba9ffe392549e1f8658dd2630c141fdf47b6,2026-08-04T22:07:34,repeated_internal_token_drain;dense_internal_fund_flow;very_complex_trace;high_gas_used_context;token_activity_burst;repeated_risky_internal_calls,0x000000c3,true
25681993,0x67127d14dfed5eb8910fc76d5fed22494f63c65a8225366191c0201a15e38a2b,0x59aab1bd0d26290274398c07b55955c15425e16b,0x00fe78205f5f0e63b8ad2b2ae5337f538a610e04,2026-08-04T22:07:34,repeated_internal_token_drain;dense_internal_fund_flow;complex_trace;high_gas_used_context;token_activity_burst;repeated_risky_internal_calls,0x34fcd5be,true
25681993,0x1cdb04fe06b538f779fb1b795d1f8a0f19321095a46432a2eee013ab6aaa151a,0xe08601993c1cec2ed6a1d2461c01f714bdf414a4,0x950fd558f47e234a2fde23b7d61f7ccdbcb4a86f,2026-08-04T22:07:35,large_erc20_asset_flow;complex_trace;high_gas_used_context;token_activity_burst,0xdd225095,true
25681993,0x7cb21619a4d08d1a27e52a2a00533b383dd19319addfe8a62cca36fa0fa69fbb,0x7184d1a5a90c9a410bb7f597c12fc37a83d97dbc,0xf4e147db314947fc1275a8cbb6cde48c510cd8cf,2026-08-04T22:07:35,large_erc20_asset_flow;complex_trace,0x0bf5d35e,true
25681993,0x9940f80bc5223cd458953aef903667f0c2f38310e06253f604601309ab60dc17,0x0eb927539651159549cefb2c3df32775446c9d78,0x28b1dc1a5e3699a428bc51d234dfab7c9cb2a183,2026-08-04T22:07:35,complex_trace;high_gas_used_context;token_activity_burst,0x0c307f76,true
25681993,0xb734ffeab03a1327fd14711ce243ed100ece93abd09598b2f8ed914dd6f28396,0x8fafa9a30aa2dd4a283369b95439a1d03f6de077,0x916fb0c46a5c3c83d6b943832a62b8887803574e,2026-08-04T22:07:35,large_erc20_asset_flow;complex_trace,0x601881f3,true
25681994,0x060e61a16531179459bcb25d71cc8869b6f67563a7cfe70d9d569c407dff6b10,0x654fae4aa229d104cabead47e56703f58b174be4,0x000000000035b5e5ad9019092c665357240f594e,2026-08-04T22:07:39,large_erc20_asset_flow;complex_trace,0x00000004,true
25681994,0x633a3fdd8c260404ce129d165a379c3d36d1e7343401cd58aee992ed0a062d93,0x654fae4aa229d104cabead47e56703f58b174be4,0x000000000035b5e5ad9019092c665357240f594e,2026-08-04T22:07:39,large_erc20_asset_flow;complex_trace,0x00000004,true
25681994,0x841ea61b9cd1a5b30571996a8fe9b0e21bc29701de7b789a7dddef38784299ab,0xa8ecbc0cb4c0c5b0a5a8c4d3e6028451540a66a9,0x9640c8dd3b96fc35e08ddeba4d04637ba096c426,2026-08-04T22:07:39,large_erc20_asset_flow;complex_trace;token_activity_burst,0x00000000,true
25681994,0x94b4c30996aa409ac3b95401cc21f0ab99dd20c62454416a7ec066b65c81328e,0xac8b6e55c809e4dd83dc9943cf460c1caca84125,0x93c30e6e09f698cfea99b09b5166ed90cfaedd17,2026-08-04T22:07:40,dense_internal_fund_flow;large_erc20_asset_flow;complex_trace,0x51337d44,true
25681994,0xb2a9941f887f2f9f51368facb8fdf339bf63aab1982d28a1ec6d2351568e5f92,0x480a15f9fdb1757d1db6cedc620772553f496637,0xd226997439ecfbeff8e110c8c78c8a7eefd19f89,2026-08-04T22:07:40,large_erc20_asset_flow;complex_trace,0x99999999,true
25681994,0xc5f65d071a34ed7e11e2800eff5e39094fffd2a79104ceddd573c676b1e58470,0x8a3999c2a419d11635a5146035824a49c33ca211,0xd226997439ecfbeff8e110c8c78c8a7eefd19f89,2026-08-04T22:07:40,large_erc20_asset_flow;complex_trace;high_gas_used_context;token_activity_burst,0x99999999,true
25681995,0x4c168286ec4200d880bd5e4d3cb67d064a98062310b43d50667c7586a77609e4,0xce269e6ce7e1ba8bd5c1b11c3933c3ebe95742d9,0xcb0151ac9479a6a0261622baa63ae843c9793d45,2026-08-04T22:07:48,large_erc20_asset_flow;complex_trace;high_gas_used_context;token_activity_burst;approval_burst,0x64cd187f,true
25681995,0x817db794b5610b776e106dd5c8ee0c3cd22858179b57a0df411556d3be7e0db9,0x8b02c84ba7fbaae14a7e13a48cccede55854c55b,0x28b1dc1a5e3699a428bc51d234dfab7c9cb2a183,2026-08-04T22:07:50,complex_trace;high_gas_used_context,0xf2c42696,false
25681995,0x818d38228222b957bcb60637a695391ffd5ea41b9158c6d07e33499837b8759b,0x036c43c662ebb15d44ac17c5ed1444ca2729f829,0x93c30e6e09f698cfea99b09b5166ed90cfaedd17,2026-08-04T22:07:50,dense_internal_fund_flow;large_erc20_asset_flow;complex_trace,0x51337d44,true
25681995,0x824d70034e9a2d9360ea1e23860f39c741e0d76d05123e243e49c238517c0529,0xf58b42021f7f0383d47c4ac2d004c0319c37ae7e,0x1b6257cae4192e62b629efca21771be3d759183d,2026-08-04T22:07:50,dense_internal_fund_flow;complex_trace,0x9be111d1,true
25681995,0xa0c9cf310cbd3aa67a1449f5bbe0c3c4088f70bcd067e3574c6f82de3bc92c03,0x0816cfde9980c2f2296213cf35a9e8c5f2c6b2d9,0x91ff8bbd8ebb07893010d50a48a1609e5ebd8e34,2026-08-04T22:07:50,complex_trace;high_gas_used_context,0x069d1525,false
25681995,0xae405195c1283d3c4848f5185a5a03ebd222510b2601da295bb19dca6b5a9aac,0x00c501a744b3db320f1eb5675f9a606bd298d2b9,0x91ff8bbd8ebb07893010d50a48a1609e5ebd8e34,2026-08-04T22:07:50,complex_trace;high_gas_used_context,0x069d1525,false
25681995,0xb9e84fdcc0c75f1fd22cc8eb7dd71ae7ee7469915fd3681c78ec2eee621c48f7,0xc2acff53fed1309095b744da2d872a2984a6ee24,0x0000000000c2d145a2526bd8c716263bfebe1a72,2026-08-04T22:07:50,token_activity_burst;approval_burst,0x32389b71,false
25681995,0xd3d79d840857f363374f3ea428008fb19437d8163b1cf0c49e14001f7b4a39e9,0xa2764538be8a92ff563048ad4316000000947f0e,0x71d5dcd76fb9ca8fe92b4952f13eaad149a955e0,2026-08-04T22:07:50,complex_trace;high_gas_used_context,0x99000000,false
25681995,0xfe96015c4b857fbaf216f9773c83212cade0fe30c9b89337708b0e64461fefa2,0xe8d8bb57edf69e4daf806ba60bf2658c81eb91db,0x6131b5fae19ea4f9d964eac0408e4408b66337b5,2026-08-04T22:07:50,large_erc20_asset_flow;complex_trace,0xe21fd0e9,true
25681995,0x69d9e340167cc4e6f69cc0275cb4ab6f3f7a221259c9d8522609d504931172e8,0xb876842bb8405f34e1cefe497d0d85d39f83badf,0x91ff8bbd8ebb07893010d50a48a1609e5ebd8e34,2026-08-04T22:07:51,complex_trace;high_gas_used_context,0x069d1525,false
25681995,0xbbf0a8d99f72e0175b2132f9946eb0f09d5adb38eae3bc6d30b7f55f3c7ae664,0x3c60b1a4abb27492e076a7d78604f1880262e10e,0x888888888889758f76e7103c6cbf23abbf58f946,2026-08-04T22:07:51,large_erc20_asset_flow;complex_trace,0xd0f42385,true
25681995,0x88147f84b6c7798bfb5dcfd699e8c33078daafe892423f7d39e823dc36660223,0x3f0daf611cb872ebcf36070fa42a7c1855b6814b,0xf8b2c637a68cf6a17b1df9f8992eebeff63d2dff,2026-08-04T22:07:52,large_erc20_asset_flow;complex_trace,0xb6f32e03,true
25681995,0xe6e9c1d1b9d0e65bf4cb825c55843df001556314e4762a6860a213d95b8449ee,0xc6acbee42e9e323140c1ed060c2f6ea9cc3b4b75,0x7c5a71c9fefbc7691f9d4ac7baf70c743792f716,2026-08-04T22:07:52,selfdestruct_value_return;selfdestruct_context,0xf3fef3a3,true
25681996,0x3ee867ed74b308ce447938ea63b2cd8b892dc6739a022a2e9f4aa8b5cd22d77f,0x9235910f410478b89f86e06be0e4535335af6dea,0x00000f91109c4d0007e90000d9facad5298a0cac,2026-08-04T22:08:01,repeated_internal_token_drain;dense_internal_fund_flow;complex_trace;high_gas_used_context;token_activity_burst;repeated_risky_internal_calls,0x0053be41,true
25681996,0x4c2907dc5461d224917a486712b3651731bccf8a280091f8dd38731b56f1de7f,0xe27d4cb1759bae0188126bd62d415a6fa528ffe5,0x78ace9b2ee9a31737fad748015266a59f32dc79a,2026-08-04T22:08:01,dense_internal_fund_flow;complex_trace;high_gas_used_context;token_activity_burst,0x9265bb9d,true
25681996,0xa6c47334e9a53f4b6cae16607622878bc7304b34a94a9524855c7d8356b17063,0xdc0d3715f7e32e6f602c7cc5e78576f5e97c569d,0x93c30e6e09f698cfea99b09b5166ed90cfaedd17,2026-08-04T22:08:01,dense_internal_fund_flow;large_erc20_asset_flow;complex_trace,0x51337d44,true
25681996,0x71b1d2ed8a614bb205222c45d9c225c32b523377714f15ec186bafa40b89f431,0x3cfdc212769c890907bce93d3d8c2c53de6a7a89,0x0000000071727de22e5e9d8baf0edac6f37da032,2026-08-04T22:08:04,privileged_execution_context;complex_trace,0x765e827f,false
25681996,0xa7e7552ff25a409a899c64822f40fc580dc2edd396223359181fd7e1375e7fdf,0x1584a8ee67789d1fe161065388657ad2f2a3c7dd,0x77eb52e44db06777bce478159f25c0d55a295314,2026-08-04T22:08:04,repeated_internal_token_drain;dense_internal_fund_flow;complex_trace;high_gas_used_context;token_activity_burst;repeated_risky_internal_calls,0xa9059cbb,true
25681997,0x5715e728d086b2b6c23181ec90442ba2d8be75245d1816a748049787e87f7cea,0x7881b6999d658b033ed006d521d27b679617f71a,0x93c30e6e09f698cfea99b09b5166ed90cfaedd17,2026-08-04T22:08:10,dense_internal_fund_flow;large_erc20_asset_flow;complex_trace,0x51337d44,true
25681997,0x22b8ccf873bce4493e386440a372a8547a0096d67bcbfc5e2d37e2b87442296e,0xd3f314c24dfa8723b23d979ec5e4b96c15353366,0xa5d87aab3b1818ba74875db0e69ae91588de004f,2026-08-04T22:08:11,large_erc20_asset_flow;complex_trace,0x61461954,true
25681997,0x3af57c3fabc3cb982ea2700bf6352807781ef81a0baa68123893b9e56e0a2c3f,0xae2fc483527b8ef99eb5d9b44875f005ba1fae13,0x1f2f10d1c40777ae1da742455c65828ff36df387,2026-08-04T22:08:11,dense_internal_fund_flow;large_erc20_asset_flow;complex_trace,0x2b66e21a,true
25681997,0x44bf08c2e4180a40090b6122be25a13b97ee59920d7d0ad3266987e22ce86732,0x24af965d1db189384a196585bd852ed319f0582b,0x28b1dc1a5e3699a428bc51d234dfab7c9cb2a183,2026-08-04T22:08:11,complex_trace;token_activity_burst,0x0c307f76,false
25681997,0xf078fb3f7d8509ed8c86283fcae44034ff791bc2516c9b29dd793a4a6b5c3f32,0xc6acbee42e9e323140c1ed060c2f6ea9cc3b4b75,0x7c5a71c9fefbc7691f9d4ac7baf70c743792f716,2026-08-04T22:08:11,selfdestruct_context,0xf3fef3a3,false
25681997,0xf10737a2f27936ed625d3d41d7377c5532289c33c4153a54adbc770b7a6dec23,0x2d0e59ab7690130f28742b796857ce516655d0cc,0xcb0151ac9479a6a0261622baa63ae843c9793d45,2026-08-04T22:08:11,large_erc20_asset_flow;complex_trace;high_gas_used_context;token_activity_burst;approval_burst,0x64cd187f,true
25681997,0xf10f4ff473de386cf71ca7cecd6f16b271db5abb81dd76ccb991c1e9a7548c1f,0xd85897315287265359eb0986162d64b2e690dfe5,0x0ba6d224169bbfad4eb2d38c500d2c8e8ede696c,2026-08-04T22:08:11,dense_internal_fund_flow;complex_trace;high_gas_used_context;token_activity_burst,0x5742f567,true
25681997,0xe8619f161862c144a8b0f951669ee569b77a3fac889051e2d8c4d867a363bcd6,0x9235910f410478b89f86e06be0e4535335af6dea,0x00000f91109c4d0007e90000d9facad5298a0cac,2026-08-04T22:08:13,complex_trace;high_gas_used_context;token_activity_burst,0x0053be41,false
25681998,0x1e555968b86665c10da8365f64de3c0b96482c801510ebe62d379d5cf496a494,0xeee07eddf3c2d906e6e3436b882bcd29e0d44b78,0xd90e2f925da726b50c4ed8d0fb90ad053324f31b,2026-08-04T22:08:20,dense_internal_fund_flow,0x13d98d13,true
25681998,0x9cfd874d8e7368f5fc07795ada681e6d61f667a2ca3a8cd2c913e65651c66456,0xdedb0e722e69d7794cbae19bac32da650849490a,0x81014f44b0a345033bb2b3b21c7a1a308b35feea,2026-08-04T22:08:20,dense_internal_fund_flow;complex_trace,0x09fc8843,true
25681998,0xe68c2c9c2c9c988610c125b403067843174d8966c0cc9f2c24910301a066c3f4,0x0739863f46993247271d41ecf25b375c39ed62cd,0xee030ec6f4307411607e55acd08e628ae6655b86,2026-08-04T22:08:20,dense_internal_fund_flow;complex_trace;high_gas_used_context,0x6e1537da,true
25681999,0x983f51a7fdfead0688f13a89c49fe9607b902e99737f5e9efd3a87f02d6a52f1,0xdf825304eabe2bb532c6e580eef8680d7bb67193,0x93c30e6e09f698cfea99b09b5166ed90cfaedd17,2026-08-04T22:08:28,dense_internal_fund_flow;large_erc20_asset_flow;complex_trace,0x51337d44,true
25681999,0xa624778ad489f17a0984ba49ee568caaa510dc47aa96bfec695d9651673271cb,0x10229ba314aa356a8cff17f279aff54dd7ae3559,0x888888888889758f76e7103c6cbf23abbf58f946,2026-08-04T22:08:29,large_erc20_asset_flow;complex_trace,0xed48907e,true
25681999,0xf2075b71a79f0968acd5508c295d47f707b6a1536632e0c4ee6456689302e3d3,0xaade20c9578063ac7fd1c32292fef55e5eb13dd4,0x4ef6900770bc0042bbfc408c90142fd2f6d63103,2026-08-04T22:08:29,dense_internal_fund_flow,0x1cff79cd,true
25681999,0x35b3d1e21fdb7c1874fdae8403e2047e71c1b929e7ffcf9478dea9827dc86599,0x3cfdc212769c890907bce93d3d8c2c53de6a7a89,0x0000000071727de22e5e9d8baf0edac6f37da032,2026-08-04T22:08:30,privileged_execution_context;complex_trace,0x765e827f,false
25681999,0xfc02c31bd873515ea0d9085f7651cc8c34833775a430948b8bfc65cdee4cfe39,0xa154b98e53fc35e1bad1ff758acbc8c629bdcd2b,0x19917386eeae67b6ff7ddf07de4019fca40aa4ec,2026-08-04T22:08:30,complex_trace;high_gas_used_context;token_activity_burst,0xa9059cbb,false
25682000,0xb2648791f83a2756ab366f10af6dc4972da313f638e1bb40112198ea3f522987,0xc0f12799b8d3fa8810dfe1616095170c72117f8f,0xd90e2f925da726b50c4ed8d0fb90ad053324f31b,2026-08-04T22:08:34,dense_internal_fund_flow;complex_trace,0xb438689f,true
25682001,0x1df0d640c7ed553df4a30d97824bfb9f94898329b800d3f7aab05e449a94926a,0x36b81e076c843af86a7f92d1887b83869c866335,0xacddac6c77318b615f7f6fb9bb67c6833e9c05f1,2026-08-04T22:08:42,large_erc20_asset_flow;complex_trace,0x571d3dc7,true
25682001,0xae52088b25887a26d8b0ed094b77aa71a8ea2213b5e36e2ded2a3057f36ad358,0xae2fc483527b8ef99eb5d9b44875f005ba1fae13,0x1f2f10d1c40777ae1da742455c65828ff36df387,2026-08-04T22:08:44,large_erc20_asset_flow,0x2bd0dac1,true
25682001,0xb522f388d16a637d841777eaa773c96d4f30ce1a6e7afa32358f2b97937d71f0,0xf279dfcdd57e1571c95e2c5b7e2ee453cbcdf77f,0x0000000071727de22e5e9d8baf0edac6f37da032,2026-08-04T22:08:44,complex_trace;high_gas_used_context,0x765e827f,false
25682001,0x85c6718aa840ab7f1b544eb73860fabd1860f9ed65cef93fef793f664c1a5348,0x5037eced1eb6ecfa2af3775f9c49296a1fd40c84,0x28b1dc1a5e3699a428bc51d234dfab7c9cb2a183,2026-08-04T22:08:45,dense_internal_fund_flow;complex_trace,0x0c307f76,true
25682001,0xdbe4f669487d73e63789218e83f10e76861891d5aebf0222d90124230b615763,0x5a9ce6113eb1a3d6cb3ee9739b438c6f0c8d32c7,0x91ff8bbd8ebb07893010d50a48a1609e5ebd8e34,2026-08-04T22:08:45,complex_trace;high_gas_used_context,0x069d1525,false
25682001,0xe57f6bca8b06de3a641e475abe6c66654e056d9b0b6cdd5fdee3a798f87116ff,0xa3ab2b10bf2508a9e4455a35e2f4a9d0ced18464,0x91ff8bbd8ebb07893010d50a48a1609e5ebd8e34,2026-08-04T22:08:45,complex_trace;high_gas_used_context,0x069d1525,false
25682001,0xef53acf5798d1f588c482d9cb98b25b0adc520adedcd3ae8bcf9a9eb2203e3b8,0x0e0052a184fd59c6b7e1e99d739802ecb3aec0e4,0xd82461784eb72d4b67cbab077989eb215315e272,2026-08-04T22:08:45,complex_trace;token_activity_burst;approval_burst,0xac9650d8,false
25682001,0x5a2a24313f62eb0d7f71c44cf844b89846882c7d01cfa567427b3e05bf5bf51a,0xbad000006db10503589262b55d09bb7b3c5e1472,0xbbbbb048b1a85ca221058c45525095b6a68bbbbb,2026-08-04T22:08:46,repeated_internal_token_drain;dense_internal_fund_flow;complex_trace;high_gas_used_context;token_activity_burst;repeated_risky_internal_calls,0xa9059cbb,true
25682001,0xcd6bae3f8e510cebaa0d350ecc7b169e1daedef2eb47d2a95bac2e88644ffe70,0xd6434d157f254276d69ede3bd9fc805482206908,0x7ec8a30a34b86927dc77b302603d1d53e640bef7,2026-08-04T22:08:46,repeated_internal_token_drain;dense_internal_fund_flow;complex_trace;high_gas_used_context;token_activity_burst;repeated_risky_internal_calls,0xa9059cbb,true
25682002,0x038097ed01575d79e1feda417956093e12de07e6e2c39613b26faf3c66cd08bf,0xbee12bd9a3b777b29fecf6097f18aec13db6e013,0xbee3211ab312a8d065c4fef0247448e17a8da000,2026-08-04T22:08:54,dense_internal_fund_flow;complex_trace,0x4cf3fe9c,true
25682003,0x3736fedc7dbefbb17778ce84f3d5db1b6d7e1eb394270c5382d5276836ec2b69,0x70e59f9c304e4d5096bd408b571e2dcd99c3120b,0xad3b67bca8935cb510c8d18bd45f0b94f54a968f,2026-08-04T22:08:59,large_erc20_asset_flow;complex_trace;high_gas_used_context;token_activity_burst;approval_burst,0x146ee74d,true
25682003,0xe72ce777762dfc14f024aee12d7db9622a31b2c396bba8d98987a3f1d8d3ada1,0xabb2acd3be814a80e502575d6c1dc5f789e9cd10,0xccc88a9d1b4ed6b0eaba998850414b24f1c315be,2026-08-04T22:08:59,dense_internal_fund_flow;complex_trace,0x0a2b8f36,true
25682003,0x17167e6a353720755f9646e0c134628a3e6193fbfa05d83c7eab895cb66194ca,0x7b33e22517f6a5168c5f1cfa35eaf99042dca627,0x50461744cb3dea4d678be82b8f1b9cead383065d,2026-08-04T22:09:00,large_mint_to_sender;complex_trace,0x6e553f65,true
25682003,0xdb2cb5126248f6584a1bc277eaf6e183283c11e0c09499faf266817a7e85407d,0xe085e4508f0e2512ff6b1bb7a7960970e2efc94f,0xb81e69da83f125976c5ff86c843b90efbcc9d930,2026-08-04T22:09:00,large_erc20_asset_flow;complex_trace;high_gas_used_context;token_activity_burst,0x601881f3,true
25682003,0x037d65c7e3f8c134b6f8c720477eac281560588864a68bd014f74cfbf90d7b93,0x88a5b9ef8dd292efc257ef7d4183b35863ef2331,0x28b1dc1a5e3699a428bc51d234dfab7c9cb2a183,2026-08-04T22:09:01,complex_trace;high_gas_used_context;token_activity_burst,0x0c307f76,false
25682004,0xe3ec91832d82fdee229cad895c3a4a388ad3135f04b8dbc35241c0114c253d2a,0x47e5e971ee2fb1e94c2116d6052d96d217a8d0dc,0x881d40237659c251811cec9c364ef91dc08d300c,2026-08-04T22:09:11,dense_internal_fund_flow;complex_trace,0x5f575529,true
25682004,0x390300eaaebe8c3557ec7dc5e3c26425609d897ca689cbe1487e180e78dedcf2,0x7830c87c02e56aff27fa8ab1241711331fa86f43,0xa9d1e08c7793af67e9d92fe308d5697fb81d3e43,2026-08-04T22:09:12,dense_internal_fund_flow,0x1a1da075,true
25682004,0x4ff3f6616925f2f9f77634759ba95a31456d57145b1ae8f5adacda438dbc2c12,0x61193d978c9ce5ba69293da96a56113be8de981c,0x91ff8bbd8ebb07893010d50a48a1609e5ebd8e34,2026-08-04T22:09:12,complex_trace;high_gas_used_context,0x069d1525,false
25682004,0x90bb95ddd1f195684d13e52c851b7202cda56ec592f11098a2cc6dbd43116277,0x54620b9a8a2c43aa8ed028450a7ce656a9c69feb,0x7cf7132a8be97d71852124dc96cd9e08621a49bb,2026-08-04T22:09:12,dense_internal_fund_flow,0x991230cd,true
25682004,0xd6d1a17f3adfd1c6e1e81395d5e9f398bc6b52be871b58d1d5439e69282d0de0,0x3c60b1a4abb27492e076a7d78604f1880262e10e,0x6566194141eefa99af43bb5aa71460ca2dc90245,2026-08-04T22:09:12,large_erc20_asset_flow;complex_trace,0x374f435d,true
25682004,0xfb3af7046389877033e34c572c7e86fb86bb5425662d16667309c520e80509dd,0x9a37432524ee22826f8e05d4c1d70d9a4086f744,0x93c30e6e09f698cfea99b09b5166ed90cfaedd17,2026-08-04T22:09:12,dense_internal_fund_flow;large_erc20_asset_flow;complex_trace,0x51337d44,true
25682004,0x3e768c41586ed4207aa80236592380f1ee25a20788138d93a671d09c16eaaa59,0x59aab1bd0d26290274398c07b55955c15425e16b,0x00fe78205f5f0e63b8ad2b2ae5337f538a610e04,2026-08-04T22:09:44,repeated_internal_token_drain;dense_internal_fund_flow;complex_trace;high_gas_used_context;token_activity_burst;repeated_risky_internal_calls,0x34fcd5be,true
25682005,0x3abbbc0d3b742b176960c8930d23cb87be7f96077058964a286ec89cdd89d9cc,0x8f8b72da75cdcf6931563f6d6832fd65bf5186d7,0x93c30e6e09f698cfea99b09b5166ed90cfaedd17,2026-08-04T22:09:47,dense_internal_fund_flow;large_erc20_asset_flow;complex_trace,0x51337d44,true
25682005,0xfb159455e392d8ba9cc56367252d6d9896dce16bc2de7845123ce25b5a707dcb,0x7b49bc3ebbdf7322f31c6449320382bbec3be1b6,0xad3b67bca8935cb510c8d18bd45f0b94f54a968f,2026-08-04T22:09:47,repeated_internal_token_drain;dense_internal_fund_flow;complex_trace;high_gas_used_context;token_activity_burst;approval_burst;repeated_risky_internal_calls,0x146ee74d,true
25682006,0x4c7b38e656f8ff418c9189cd7ddbcfe8755977f66cdb54321c66de805c1f6e26,0xd85897315287265359eb0986162d64b2e690dfe5,0x0ba6d224169bbfad4eb2d38c500d2c8e8ede696c,2026-08-04T22:09:55,dense_internal_fund_flow;complex_trace;high_gas_used_context;token_activity_burst,0x5742f567,true
25682006,0x74fa5f2caf1716dcacee358a01b83cdce24e163c5f67fc6fd37bce5a067dbdf8,0x95a791477613b547e904a7be8ce8683ca1da00fb,0xf7527caa0116dd70b28175d8812f566c16cab4e1,2026-08-04T22:09:55,complex_trace;high_gas_used_context;token_activity_burst,0x922b79e7,false
25682006,0xa9713ed490946145bad06bfc9dd581fabf76ab2c9ae16fb22f5588f9fa9e1530,0xe191ddc7f60f2bfd0618cbe0474efe17d8fcda42,0x514b9e5467b9eb811519e316263c9099eae546ca,2026-08-04T22:09:55,complex_trace;high_gas_used_context,0x095ea7b3,false
25682006,0x0cff5809c52f5562bc71d9bfb84d83d9ffbd1d6443c3e469cedab3df3977e73a,0x0f6d91fbafa15c3f20e72a4cbf16ed65dd96323d,0x91ff8bbd8ebb07893010d50a48a1609e5ebd8e34,2026-08-04T22:09:57,complex_trace;high_gas_used_context,0x069d1525,false
25682006,0x5bf286f9a1b695faf03f2a56d93be95fe385de8d5fb7d0c30e0a65a51a9f4ebf,0x1e060fb7847ab8de0e05e898c16714c9dcc9de6d,0x91ff8bbd8ebb07893010d50a48a1609e5ebd8e34,2026-08-04T22:09:57,complex_trace;high_gas_used_context,0x069d1525,false
25682006,0x5cff26f9ef395655bf003197afc73db52e018c1fe2b96455020fc311a3ad727f,0x72663ec3f3dcf59beff5d20594fd5777e05d9c17,0x91ff8bbd8ebb07893010d50a48a1609e5ebd8e34,2026-08-04T22:09:57,complex_trace;high_gas_used_context,0x069d1525,false
25682006,0x9646e10359be661e70a0190225f49b52ff5f5dbdd9b2365a90acd3b0a8ed8c72,0x64b9edd67c96c76bc3f9472c5a9e83547cfd4380,0x91ff8bbd8ebb07893010d50a48a1609e5ebd8e34,2026-08-04T22:09:57,complex_trace;high_gas_used_context,0x069d1525,false
25682006,0xb54ed099292cd2bc61628e23f5089a8e092f80989d3a1d7de99207f60f8c3726,0x6572d9dbd1e4a1a1a81760dcc4310269b59950c7,0x91ff8bbd8ebb07893010d50a48a1609e5ebd8e34,2026-08-04T22:09:57,complex_trace;high_gas_used_context,0x069d1525,false
25682006,0xb87a62755d6cd6ccb85452ef43e6a1a93c91729b7b1f1df2b4b29466e54636e6,0xe9fce949e03ed55426471dbdb33847a248a83573,0x91ff8bbd8ebb07893010d50a48a1609e5ebd8e34,2026-08-04T22:09:57,complex_trace;high_gas_used_context,0x069d1525,false
25682006,0xc9569c402df981bf97e381a5ccd7ffd51a0b207f2fb467ebf693e0b5092116ca,0x41d209d275027e3dcf5ddc4d0c30cd6c6ece1ffd,0x91ff8bbd8ebb07893010d50a48a1609e5ebd8e34,2026-08-04T22:09:57,complex_trace;high_gas_used_context,0x069d1525,false
25682006,0xf5e296b88a8d5baafe747d27d115b88c1bbcf95f4defcc5d6f0c59fdc38ca67f,0x7f56302966ef91afb0d7baddc92b793efa8da7d9,0x91ff8bbd8ebb07893010d50a48a1609e5ebd8e34,2026-08-04T22:09:57,complex_trace;high_gas_used_context,0x069d1525,false
25682006,0xc2ff94224d922fb152edd0f5351f16cd9b233108c4f01ea6ed04993bdb6b0c5f,0xdd7fb4f6d163faac9a9ee732f63f784493f1eddb,0x28b1dc1a5e3699a428bc51d234dfab7c9cb2a183,2026-08-04T22:09:58,complex_trace;token_activity_burst,0x0c307f76,true
25682006,0xfb6124f237aaaccedd1f8d1298ae5f3b19871f7af18bd4c791a818487cc199de,0x81175155d85377c337d92f1fa52da166c3a4e7ac,0x4a4962275df8c60a80d3a25faec5aa7de116a746,2026-08-04T22:09:58,privileged_execution_context;complex_trace;high_gas_used_context,0x6a761202,true
25682006,0x34b55ec44ee454602e6f7ea0b63d751617d82f762824e9a1be7bf46af597cc67,0xbad000006db10503589262b55d09bb7b3c5e1472,0xbbbbb048b1a85ca221058c45525095b6a68bbbbb,2026-08-04T22:09:59,complex_trace;high_gas_used_context;token_activity_burst,0xa9059cbb,false
25682006,0xdad263081166124f1d3a92ffd4903a20d6a07b8d9f3cf5e73c189f945f1e7a0d,0x944f8646918b17011a91257a9ff3da31b845ffad,0xf4e147db314947fc1275a8cbb6cde48c510cd8cf,2026-08-04T22:10:00,privileged_execution_context,0x760d0f9d,false
25682007,0x240e1f5437cbae6fe80b630661be995731f6edebd7d407d71c7d81cee8eb5e9e,0x3dee460d85e53ef0e64c0db1af9828f122a9d08e,0x4c82d1fbfe28c977cbb58d8c7ff8fcf9f70a2cca,2026-08-04T22:10:07,dense_internal_fund_flow;large_erc20_asset_flow,0x3593564c,true
25682007,0x28bb958a78a1b730fdac2ef6569418dd79b396a4883dae0390210b2d5b22d1d0,0xf70da97812cb96acdf810712aa562db8dfa3dbef,0xb92fe925dc43a0ecde6c8b1a2709c170ec4fff4f,2026-08-04T22:10:07,dense_internal_fund_flow;complex_trace;high_gas_used_context,0xcd6e13f7,true
25682007,0x91982af6d379518135edc5fd35c056d1aacdc52ecf306148a12203ce2dfda184,0xbe8476c0026069446612b6149191bbec4f259ac0,0x91ff8bbd8ebb07893010d50a48a1609e5ebd8e34,2026-08-04T22:10:10,complex_trace;high_gas_used_context,0x069d1525,false
25682008,0x040d2469be1d0f5f0dbbd0d764d1c5f35a1726b0bb7aea52fe67411c07c356c7,0xe99bd1c2dd70cd58e5efd47887991700e7318ce2,0xad3b67bca8935cb510c8d18bd45f0b94f54a968f,2026-08-04T22:10:15,dense_internal_fund_flow;complex_trace;high_gas_used_context;token_activity_burst;approval_burst,0x146ee74d,true
25682008,0xdd29af7096637c77c7d30afa36bd8b73db86a3a00796d8dad91215a8bf7adbfd,0xbbd81097c8ca69116f6d88c69bfd68c309f6da47,0xd90e2f925da726b50c4ed8d0fb90ad053324f31b,2026-08-04T22:10:15,dense_internal_fund_flow,0x13d98d13,true
25682008,0xe1f74dfdeba2ff72aee550fcdd7ff053abd3e426390f32e4039c5f204916e3e2,0xd8fd3b2b38acee89807ba269bd52b764c91d4597,0x93c30e6e09f698cfea99b09b5166ed90cfaedd17,2026-08-04T22:10:15,dense_internal_fund_flow;large_erc20_asset_flow;complex_trace,0x51337d44,true
25682008,0xf91fb00847360df8e9be51121c41c793d9e2a9e41f1d908991ced129952197c1,0x79c02f38dba39da361b4a0484c40351d50d55a94,0x0000000071727de22e5e9d8baf0edac6f37da032,2026-08-04T22:10:15,privileged_execution_context;complex_trace,0x765e827f,false
25682008,0x367e536f670697a60b31bf3f40e8111f16cc00904ca9e4c30a5ddf775fd044c2,0x3b2b572c56dd96b351ceb95c53e7edb97bf42f14,0x45bec44bb43555c07940576dd085d01b60c6bcbf,2026-08-04T22:10:17,complex_trace;high_gas_used_context;token_activity_burst;approval_burst,0xc2fe454d,true
25682009,0x585fc7e80d4153cfe851512b56880064cbac0d6c11a1ea04fa0d7d8fc3284092,0x7830c87c02e56aff27fa8ab1241711331fa86f43,0xa9d1e08c7793af67e9d92fe308d5697fb81d3e43,2026-08-04T22:10:27,dense_internal_fund_flow,0x1a1da075,true
25682009,0x870a43acab67c47370cf2469439f955a9bf98ec8803dcee08d17f33143f594e5,0x370a7e2d300c14d79d4a7ee07aaca46c4b3012cf,0xb92fe925dc43a0ecde6c8b1a2709c170ec4fff4f,2026-08-04T22:10:28,dense_internal_fund_flow,0xcd6e13f7,true
25682009,0x0f92198be97e9aeca63f25c2e05f5895fc3e9ec7e79f546d45a8d271b725fd9a,0x327c062a42348561313da6e38da8b6d0da4e7279,0x91ff8bbd8ebb07893010d50a48a1609e5ebd8e34,2026-08-04T22:10:29,complex_trace;high_gas_used_context,0x069d1525,false
25682009,0x792d42445d2a98a585f1b0ecc8ec4093c4abc982c7e01d77f673cb097a2ed256,0x80fbefbee7e2bb2ac085f082674dc8c0bccfa135,0xec2c96e75b09e29b66bf2ee5c37fa749ef9aa7c7,2026-08-04T22:10:29,large_erc20_asset_flow;complex_trace,0xdb5c7e88,true
25682009,0xcaee488e11bed15c5392d733c25271e0844173fbd6a49543ad549b1323ffa4b7,0xb23360ccdd9ed1b15d45e5d3824bb409c8d7c460,0x09c30cdcdd971423cb3ba757a47d56c35d06d818,2026-08-04T22:10:29,dense_internal_fund_flow,0x318adb8b,true
25682009,0xf3ae02f7225b6956b3fcd158eb334ac7821e4988ce863d0d3c1f842848f4f2a3,0xea7c228def6e373cd521eae2a4ec0cf8c7a80ba0,0xf4e147db314947fc1275a8cbb6cde48c510cd8cf,2026-08-04T22:10:32,privileged_execution_context,0x760d0f9d,false
25682010,0xee1a6d0a47bd28d434090db09d0bf066997c46c522676b3101d3cf2ddb597940,0xe93685f3bba03016f02bd1828badd6195988d950,0x173272739bd7aa6e4e214714048a9fe699453059,2026-08-04T22:10:37,complex_trace;high_gas_used_context,0x7cd44734,false
25682011,0x5e141f7735e87f702786e5fccd61e8bac2ccf145561478e88b0dcd41a9cfcfa8,0x048c6e26b0b039370fbdffbdcc8ce2d4ec7dd09b,0x9f5f40e05eb14844b3c3d21ef8e2498278d26eda,2026-08-04T22:10:43,dense_internal_fund_flow;complex_trace;high_gas_used_context;token_activity_burst,0x601881f3,true
25682011,0x7a21e6fc7893d3056757643b07785bb7e85e886857c3a54f673a917f4a8d5215,0x54620b9a8a2c43aa8ed028450a7ce656a9c69feb,0x7cf7132a8be97d71852124dc96cd9e08621a49bb,2026-08-04T22:10:43,dense_internal_fund_flow,0x991230cd,true
25682011,0x9c6532a22b3315bcef9f18cab3f4ff4ec484a72165a866c6eca02374d25d001d,0x70e59f9c304e4d5096bd408b571e2dcd99c3120b,0xad3b67bca8935cb510c8d18bd45f0b94f54a968f,2026-08-04T22:10:43,large_erc20_asset_flow;complex_trace;high_gas_used_context;token_activity_burst;approval_burst,0x146ee74d,true
25682011,0x9db1293009c8faffbd20b18f61a8280da1b91110b30b898b94ef1357a875c636,0x48b8470fd956b5778fded969cfa8e0fefd24c55e,0xcb0151ac9479a6a0261622baa63ae843c9793d45,2026-08-04T22:10:43,dense_internal_fund_flow;complex_trace;high_gas_used_context;token_activity_burst;approval_burst,0x64cd187f,true
25682011,0xfb8c010185d50b03b0afa0098da914b682683e4088b75b7deaa8fffa5e0cc83a,0x8dca3b3c501c09c69033089938be3a1ed50741bd,0x950fd558f47e234a2fde23b7d61f7ccdbcb4a86f,2026-08-04T22:10:43,large_erc20_asset_flow;complex_trace,0xdd225095,true
25682012,0xd0dd24f8ef37b8e3ce9714b10159069605ac824f964080ce46a49a077bfd041a,0x1f073ab9282ddbdedea3f0847e6918b7a132c93d,0xb4769e9c5be31199a25ecd1b0c6609183fa72521,2026-08-04T22:10:50,dense_internal_fund_flow;complex_trace,0xa11b1198,true
25682012,0xd42c7767207f3cf09a893b694b4aab731964c539701fb1c262c76bf11a38e647,0xe99bd1c2dd70cd58e5efd47887991700e7318ce2,0xad3b67bca8935cb510c8d18bd45f0b94f54a968f,2026-08-04T22:10:51,complex_trace;high_gas_used_context;token_activity_burst;approval_burst,0x146ee74d,false
25682012,0x861900d0f3f8abe7a71bf90dc7fa8931d5014fe33c5ada4e2dc8048aec1dd33c,0x73e088647f8ccd889ea853108bb3b56ce0dd3626,0x950fd558f47e234a2fde23b7d61f7ccdbcb4a86f,2026-08-04T22:10:52,large_erc20_asset_flow;complex_trace;high_gas_used_context,0xdd225095,true
25682012,0x2ff596b489fba26fb2281ff96eedb92c8b2f988d9717c1e2d9b8108901f8342b,0xc6acbee42e9e323140c1ed060c2f6ea9cc3b4b75,0x7c5a71c9fefbc7691f9d4ac7baf70c743792f716,2026-08-04T22:10:54,selfdestruct_context,0xf3fef3a3,false
25682012,0x44c152e3b70116c38cbcd56dcb0fbc7ad5a3c682a6dd7751c51af2908e7b2600,0x1c593ea1820b7950badd18cf2d15747ea7ac31b1,0x4c82d1fbfe28c977cbb58d8c7ff8fcf9f70a2cca,2026-08-04T22:10:54,dense_internal_fund_flow,0x3593564c,true
25682012,0x46876f0c77dfac163550bf373fe59eed4ff678601ef287ccdd29d8935608913c,0xe8d8bb57edf69e4daf806ba60bf2658c81eb91db,0x6131b5fae19ea4f9d964eac0408e4408b66337b5,2026-08-04T22:10:54,large_erc20_asset_flow;complex_trace,0xe21fd0e9,true
25682012,0x569ef58b1a0fbab09cd8b1bf66959fbcf94e0b38827105bb2467389b77098fbc,0x754546a93304602561140fb112c896bc0345d5bd,0x0439e60f02a8900a951603950d8d4527f400c3f1,2026-08-04T22:10:54,dense_internal_fund_flow,0x3ce33bff,true
25682012,0x81af252d836b77cd1e4056f62c6d4ffa8d9703b25698b7969ddee9bac9c5cc38,0x253fac550bae1ee9b4680b3735dc38a3f6ecd600,,2026-08-04T22:10:54,privileged_execution_context;high_gas_used_context;contract_creation_context,0x60803460,false
25682013,0x8689239baad0c2cb37021484e7d370e73e467b3c9d6731ccb0ea431dc221cf1f,0x0e3eb60df4d14b213dc4de53316ed7bcd4aadc87,0x0000000071727de22e5e9d8baf0edac6f37da032,2026-08-04T22:11:05,complex_trace;high_gas_used_context;token_activity_burst,0x765e827f,false
25682013,0x90b1f435145e31529cc167649a7f4fc437af6075512350a0e062805e8dfaa937,0x5037eced1eb6ecfa2af3775f9c49296a1fd40c84,0x28b1dc1a5e3699a428bc51d234dfab7c9cb2a183,2026-08-04T22:11:05,dense_internal_fund_flow,0x0c307f76,true
25682013,0xc563121e4ec6307fce4ef50a795b934a63f947a44026d60e629f0e5eacde0116,0x7b49bc3ebbdf7322f31c6449320382bbec3be1b6,0xad3b67bca8935cb510c8d18bd45f0b94f54a968f,2026-08-04T22:11:05,complex_trace;high_gas_used_context;token_activity_burst;approval_burst,0x146ee74d,false
25682013,0xe4b152ac050d33bb6d3c9cc9e540eeb956e34b69d4460b38b5fb50d18018831d,0x7830c87c02e56aff27fa8ab1241711331fa86f43,0xa9d1e08c7793af67e9d92fe308d5697fb81d3e43,2026-08-04T22:11:05,large_erc20_asset_flow,0xca350aa6,true
25682013,0xe4e9584c3c74e13e6ffd5090befb24236a0833a0a9147cfca23df1f742a74982,0xd99ac0681b904991169a4f398b9043781adbe0c3,0x5523985926aa12ba58dc5ad00ddca99678d7227e,2026-08-04T22:11:05,large_erc20_asset_flow;complex_trace,0x84d61c97,true
25682013,0x3244ec1c8eae4d6910c2773077fb676f91cbad3be74e104d31e7290bea597d60,0x4337003fcd2f56de3977ccb806383e9161628d0e,0x0000000071727de22e5e9d8baf0edac6f37da032,2026-08-04T22:11:36,privileged_execution_context;complex_trace,0x765e827f,false
25682014,0xed93caf132774b876a189f9f40145b9538ccee102791e12664d1b1a82bddba4c,0x83a86b883fbec513fb43774f21ab27f3369f9102,0xb4769e9c5be31199a25ecd1b0c6609183fa72521,2026-08-04T22:11:51,dense_internal_fund_flow;complex_trace,0xa11b1198,true
25682014,0xee30783f36c060281eda4849ee0ebb105bbe708eef386df136d3cc54c077bf88,0x3ee92cd00993a4488ae153ab41ac7947cbcbc1de,0x9205a569b0ff45df1e4f5ae48e21bc7f0656f0bb,2026-08-04T22:11:51,large_erc20_asset_flow;complex_trace,0x8b578ac6,true
25682014,0xf1477cb70c49eeb70b6953c3945fa632a7bc1adc457c91678200f08858a4fc7f,0x3ee92cd00993a4488ae153ab41ac7947cbcbc1de,0x9205a569b0ff45df1e4f5ae48e21bc7f0656f0bb,2026-08-04T22:11:51,large_erc20_asset_flow;complex_trace,0x8b578ac6,true
25682014,0xf3b2c398afac12715a85ad665f7f8b90f7fee2b8b75c080bfda55cca428bbf09,0x7830c87c02e56aff27fa8ab1241711331fa86f43,0xa9d1e08c7793af67e9d92fe308d5697fb81d3e43,2026-08-04T22:11:52,dense_internal_fund_flow,0x1a1da075,true
25682014,0x3e0f454959b657910b4b5808e77f27cea55a79baa588f3405cd51d08f07eb224,0xe99bd1c2dd70cd58e5efd47887991700e7318ce2,0xad3b67bca8935cb510c8d18bd45f0b94f54a968f,2026-08-04T22:11:53,repeated_internal_token_drain;dense_internal_fund_flow;complex_trace;high_gas_used_context;token_activity_burst;approval_burst;repeated_risky_internal_calls,0x146ee74d,true
25682014,0x7778fc578cff368328e0bc50ffc4d80f77466749187b6c5876371e5077b78c2e,0x7830c87c02e56aff27fa8ab1241711331fa86f43,0xa9d1e08c7793af67e9d92fe308d5697fb81d3e43,2026-08-04T22:11:53,large_erc20_asset_flow,0xca350aa6,true
25682014,0x9b8ac63eb3548d9ce53494279571d6d3988c89bdd5e499802910acad0615e7e2,0x70e59f9c304e4d5096bd408b571e2dcd99c3120b,0xad3b67bca8935cb510c8d18bd45f0b94f54a968f,2026-08-04T22:11:53,large_erc20_asset_flow;complex_trace,0x146ee74d,true
25682014,0x64ecbd707faaed1f68915a7ca09049014b4d12d66fc9bc6d29c3ef8bd4983fc4,0x0e707bc82a6a117cddb12d7171e9cf2f51690ca5,0x07964f135f276412b3182a3b2407b8dd45000000,2026-08-04T22:11:55,large_erc20_asset_flow;complex_trace,0xd808d889,true
25682014,0x1c5b05965fd1ba810bb1fa6de20fee2cc02c91c54a035ddd410d1674b2808ebe,0x6f95f5eb03496765742b3dbeabd885d605946af0,,2026-08-04T22:11:56,privileged_execution_context;high_gas_used_context;contract_creation_context,0x60803462,false
25682014,0x549688334f532fba5ffa8497064f3c195dcc45a0d35da26175c75037c368740f,0x929f48e6c95de2be1c0966360c0789be624a7d30,0x073598132f37756a7e665fb52f1757463120bd3c,2026-08-04T22:11:57,very_complex_trace;high_gas_used_context,0x3227470d,true
25682014,0x9e873c0c9ca5b14d9df4d053e988b1650fe14938efeb31da8f4a3516b8b8e5ad,0xca188e6eedb2027e93900fb783de6981651764a0,0xf4e147db314947fc1275a8cbb6cde48c510cd8cf,2026-08-04T22:11:57,privileged_execution_context,0x760d0f9d,false
25682014,0xa26506fdbd15c1e77dd74102dc2ff30c3097257d0a36ba46880ffaa50ff681bf,0xcf1369d6cdd148af5af04f4002dee9a00c7f8ae9,0xf4e147db314947fc1275a8cbb6cde48c510cd8cf,2026-08-04T22:11:57,privileged_execution_context,0x760d0f9d,false
25682014,0xea63ad9a256ffb606787d55c5b8e1b458f8186df2845880bc771bc9530d33ed0,0x3cfdc212769c890907bce93d3d8c2c53de6a7a89,0x0000000071727de22e5e9d8baf0edac6f37da032,2026-08-04T22:11:57,privileged_execution_context;complex_trace,0x765e827f,false
25682015,0x9739d407cd802cf1bac75ff7b63dfd40ab9529e068398267eec1a7e8efe0adb9,0x5609bb231ec547c727d65eb6811ccd0c731339de,0xf4e147db314947fc1275a8cbb6cde48c510cd8cf,2026-08-04T22:12:04,privileged_execution_context,0x760d0f9d,false
25682015,0x07dc1757c792cfc0825668d702bb5acd63a0608dcc1e4f62f6713b6353150c30,0x87b358bc6fa785995b096afa045d02a5b7ade714,0x6131b5fae19ea4f9d964eac0408e4408b66337b5,2026-08-04T22:12:05,dense_internal_fund_flow;complex_trace,0xe21fd0e9,true
25682015,0x481c6542e27735f740277da216678d386bcf5dfdd57643171633e560ba08ce5c,0x6c45b0a56a451a86f67e65ffb090bcde940933cf,0x91ff8bbd8ebb07893010d50a48a1609e5ebd8e34,2026-08-04T22:12:05,complex_trace;high_gas_used_context,0x069d1525,false
25682015,0xee3f6bcbf3d3eea73f3c9015afe709e49fc753f71ec4639aaf41757b25a3008b,0x6f22ad44339925ee77ea0cf7c7a87ad6dfe98fbb,0xb300000b72deaeb607a12d5f54773d1c19c7028d,2026-08-04T22:12:05,large_erc20_profit_to_sender;large_erc20_asset_flow;complex_trace;high_gas_used_context;token_activity_burst,0x810c705b,true
25682015,0x61ca974e9b436834873bd8a13e7ccba893227c2fc272c4bf4fbf3600115f764b,0x1cda83fe97a2e0a8f94a9cf32da947c23b72ba02,0x64c18dcc4ccb3b8d27877a4aebb4c3126cb39cb9,2026-08-04T22:12:07,large_erc20_asset_flow,0xac9650d8,true
25682016,0xd9052f009f4ce9ab9bce045c253f7938d2399823a5e166116a5dd27cd6a83363,0xf58b42021f7f0383d47c4ac2d004c0319c37ae7e,0x1b6257cae4192e62b629efca21771be3d759183d,2026-08-04T22:12:15,dense_internal_fund_flow;complex_trace;high_gas_used_context,0x9be111d1,true
25682016,0x1a834e044cce63eba3363e9c0a618907fc3cfbad95c105cce99ef4effb64df13,0xc1310bbee8076597f6dc327651499c71378cf742,0x03f34be1bf910116595db1b11e9d1b2ca5d59659,2026-08-04T22:12:16,dense_internal_fund_flow;large_erc20_asset_flow;complex_trace,0xa32fe0a1,true
25682016,0x42492d38097ec6ff9f6df17d0f8c8f0c4da003366fe8fdec7403c606d681762f,0xb08720c8998af8d4a43db3d0e36854d5375d9ddd,0x37f6387084f9654ab6099fc68eb1790e83d4bf28,2026-08-04T22:12:16,privileged_execution_context;complex_trace,0xefd17e53,false
25682016,0xabe74bd49f658e8db6a42640a28a534448d45d8bc50acb910750691d0eb59360,0x0da9c6f1e7c62734b495d65f3e2ab7c02de53f44,0xc9482c957b439086cec652098336639aad4b0825,2026-08-04T22:12:16,privileged_execution_context;complex_trace,0xefd17e53,false
25682016,0xceb87702e1cc717ca91e6338f9acd80ee29b6d58a943b09ed32d94677835d517,0x4c8701c14b802b4b0eae3df4074fd68a457ce507,0x91ff8bbd8ebb07893010d50a48a1609e5ebd8e34,2026-08-04T22:12:16,complex_trace;high_gas_used_context,0x069d1525,false
25682017,0xcb1f9cc0fd007a22c4b114ddd6ce5ba79728dc35141156748483697f4c291a69,0xd076c5a6c7cd4e1bb69177ac5892aefb0abb1f7d,0x1399bb39c241f3b0755a8584205a2f99bdb15bf7,2026-08-04T22:12:23,dense_internal_fund_flow;complex_trace,0x60642803,true
25682017,0x641713d6d4eae960108ec7f5e7210444468cd9f8d10271ed7a5f45f3f1b62bad,0xe4193315ec09becc08471d418731087dd6f19cd3,0x888888888889758f76e7103c6cbf23abbf58f946,2026-08-04T22:12:27,large_erc20_asset_flow;complex_trace,0xd0f42385,true
25682017,0x6771a443a2afa486891ca5301ffaf12421dd1f91280e70700ff9c9b9eec8aa4f,0xdb61db256a30f3ef46110b8e2520aaec0db08153,0x0000317bec33af037b5fab2028f52d14658f6a56,2026-08-04T22:12:27,large_erc20_asset_flow;complex_trace,0xe282dcdd,true
25682017,0x6a5aa14435b302d2715110b5207a29fb80f645cf4f0ae51a90dc384bee48882d,0x9ff5be335c752bbd75f991740dfbd788ea092958,0x07964f135f276412b3182a3b2407b8dd45000000,2026-08-04T22:12:27,dense_internal_fund_flow;complex_trace,0xd808d889,true
25682017,0xd758082ac1901ba2dff6a713c615ffa155cd7d43acdf90d31c9e55f7168f7e87,0x23abdaf99c0da073b2f51515190d37674ca7d404,0x888888888889758f76e7103c6cbf23abbf58f946,2026-08-04T22:12:27,large_erc20_asset_flow;complex_trace;high_gas_used_context;token_activity_burst,0x9fa02c86,true
25682018,0xaa9a4f39b095fc06d7511efe2dab0f6bd8745aaff4a50390c31192deca075971,0x9d9e5233e399c84cfff5b080f0012987a25a045a,0x91ff8bbd8ebb07893010d50a48a1609e5ebd8e34,2026-08-04T22:12:31,complex_trace;high_gas_used_context,0x069d1525,false
25682019,0x378b0bb53dcb0aab26abb1afd2232c0b75b9ebada1c5ad715c27774248002ef5,0x7830c87c02e56aff27fa8ab1241711331fa86f43,0xa9d1e08c7793af67e9d92fe308d5697fb81d3e43,2026-08-04T22:12:36,dense_internal_fund_flow,0x1a1da075,true
25682019,0xfafdbc79990fbe98b05f9147c222305d95b1958e7df2c4d44b13dfe4dccc15ea,0x9642b23ed1e01df1092b92641051881a322f5d4e,0xfaf17849fb05a11a4e233f221bac99ca43fc83f8,2026-08-04T22:12:36,large_erc20_asset_flow,0x6b13fcb1,true
25682020,0x403d5743a28df4997369019766f9e90e804a4af630d52a53436cde3d5fd18c44,0x5b43453fce04b92e190f391a83136bfbecedefd1,0xbdb3ba9ffe392549e1f8658dd2630c141fdf47b6,2026-08-04T22:12:50,dense_internal_fund_flow;complex_trace;high_gas_used_context;token_activity_burst,0x000000c3,true
25682020,0x5097a0e2d70bbcf39bc528da9efb833b83e1607385b34b42e7fd064954947828,0x67a286f254e43d7b2f2392181a43b7ee9972e6dd,0x28b1dc1a5e3699a428bc51d234dfab7c9cb2a183,2026-08-04T22:12:50,dense_internal_fund_flow;complex_trace;high_gas_used_context;token_activity_burst,0xf2c42696,true
25682020,0x7fd87cfc7ea191e7e6364578786fdd19f2ef07e074c61b88e67849588b659477,0x89cd78e7399b1aec078aee19aab1aa20d3e6bbac,0x337685fdab40d39bd02028545a4ffa7d287cc3e2,2026-08-04T22:12:50,dense_internal_fund_flow;complex_trace,0x30dedc57,true
25682020,0xee769a1702802204002d98ef9f4d2a771bda0bcf0d9ad18daf7239b164e4fcd2,0x5b43453fce04b92e190f391a83136bfbecedefd1,0xbdb3ba9ffe392549e1f8658dd2630c141fdf47b6,2026-08-04T22:12:50,dense_internal_fund_flow;complex_trace,0x000000cc,true
25682020,0x0fb4f470389d5afe68b3ff22dd1581d7c2d73cafc45e72df43871979e7d9faf2,0x03a76463cab3170e70f95cc46a2946b374a396d7,0x881d40237659c251811cec9c364ef91dc08d300c,2026-08-04T22:12:51,dense_internal_fund_flow;complex_trace,0x5f575529,true
25682020,0xa94c974d137a046e320cae4d9d54ee714c8e9339fef0379ac34945901e223039,0xb8acc68daedb5c131870d71f83d2ff7bfc89bfb7,0x7529abff0f8665a4e7fcd532d0f528090435d10e,2026-08-04T22:12:51,complex_trace;high_gas_used_context;token_activity_burst,0x765e827f,false
25682020,0xbb49613179f7c4f61290457a7b6f3a7371a21a749fae824f0c6c4048b50759f0,0x29946188b0f4569a5ee3be41ee34ef91ebc5f3c1,0xb300000b72deaeb607a12d5f54773d1c19c7028d,2026-08-04T22:12:51,complex_trace;approval_burst,0x810c705b,false
25682020,0xfc149ae30aa9c401ac8d59d7b1fbef1d5ccc8a7aa360bda5911c2259d005d581,0xca7ded7e4f4ba8ab3b10009236ae6d1b95094589,0xb92fe925dc43a0ecde6c8b1a2709c170ec4fff4f,2026-08-04T22:12:51,dense_internal_fund_flow,0xcd6e13f7,true
25682020,0x6d7d14949d15eb48f56c9e86197941331c3d9614f2866ae5c9845a0dc31dd9b3,0xb41078f2ebf2f1452a06f0b35c42de72ca87e348,0x28b1dc1a5e3699a428bc51d234dfab7c9cb2a183,2026-08-04T22:12:54,dense_internal_fund_flow,0x0c307f76,true
25682020,0xe23f8b82bea0d35ba0d3c06f8357c368ba76b73d309daa2230a5e3bb4cb1d95c,0x2002c5209f31c07d479849c87fb4537a5f02cae1,0x34dc124e0ea6e0cdac7605ec3c5153dca17b6ba1,2026-08-04T22:12:54,large_erc20_asset_flow;complex_trace,0x6a761202,true
25682021,0x712b5d8b5df51b7fabae8de4e73e28097c2745f6339cbddb2d04da7e64ad63a7,0x637d3ee70a952d4d8b77695bbcc7d8c34d42d748,,2026-08-04T22:13:05,large_mint_to_sender;contract_creation_context,0x60806040,true
25682021,0x7666b1f1ccad26f1a644577e65761e4a8b691046ce78737210420b04fa4dd2b6,0x38e440ec053189b3082c7f074ff4cbdd63d659de,0x4313c378cc91ea583c91387b9216e2c03096b27f,2026-08-04T22:13:05,dense_internal_fund_flow,0xeffbec13,true
25682021,0x7b027e168f935b8fbe134288ecf9d769dac8369f284233f139aabddd8e3df879,0x161643f280b09be8e0271eef8efc6c264d125003,0x84fee5c97dc2fafcfdfdafa4b7d8cd39421cac31,2026-08-04T22:13:05,dense_internal_fund_flow;token_activity_burst,0xa9059cbb,true
25682021,0x7bd9e138771e0ca2f0526d019108fc109c3cb9f560730aa8a16677c1c0417f7f,0x3db9c4bd3ac4959de98a985fa38745863697900a,0x6566194141eefa99af43bb5aa71460ca2dc90245,2026-08-04T22:13:05,large_erc20_asset_flow;complex_trace,0x374f435d,true
25682021,0xbef36df0f3c0b9aaf6f5bbfd21c7301494fe36541915381b3b3bd3a53f08d34a,0xf53183d4a3a17f2e9895459dc53f40bc5b632960,0xc36442b4a4522e871399cd717abdd847ab11fe88,2026-08-04T22:13:05,dense_internal_fund_flow,0xac9650d8,true
25682021,0xedab2a390bd6b4b87cfc03028de7059f829d2b27aa1adf0d0c3cdbf3e8c4d9a4,0xb32b84494df2b99cae50683a4273cce4a21429bf,0x6566194141eefa99af43bb5aa71460ca2dc90245,2026-08-04T22:13:05,large_erc20_asset_flow;complex_trace,0x374f435d,true
25682021,0xf7db7eaedcd379f47d34d730b437ebc392dc135fd5ffeead4743c0c0d02e1bad,0xdf81b72b57918153bb9a2c00cc663fc0050607ca,0xb300000b72deaeb607a12d5f54773d1c19c7028d,2026-08-04T22:13:05,dense_internal_fund_flow;complex_trace,0x810c705b,true
25682022,0x00cfbdfa0acd90492e58e1c459a951db16cd7f87d3cc49ead2e6588a5515dd57,0xc6acbee42e9e323140c1ed060c2f6ea9cc3b4b75,0x7c5a71c9fefbc7691f9d4ac7baf70c743792f716,2026-08-04T22:13:14,selfdestruct_context,0xf3fef3a3,false
25682022,0x09d5da19838df9ed26cb70302a4bb0e80628fb1a5f2595848111e2f711cda00d,0x48690ce4a91d3fdc774136e4750a01e8d60a638c,0xcfbfac74c26f8647cbdb8c5caf80bb5b32e43134,2026-08-04T22:13:14,privileged_execution_context,0x4515641a,false
25682022,0x229beebc915f2ea3cceac200f1f79f9da68d50c8c07ed919acce4b01ac728430,0xca7ded7e4f4ba8ab3b10009236ae6d1b95094589,0xb92fe925dc43a0ecde6c8b1a2709c170ec4fff4f,2026-08-04T22:13:14,complex_trace;high_gas_used_context,0xcd6e13f7,false
25682022,0x61bb0ba378228a5cf61574c11fd1cc125d5aeb0e8b2cef93479a54a06bfea3be,0xf5b99c98e5f4b5a99fe61d97533cdd408d5bfd43,0x069662d2588fcac24b5c209456db965d151556f0,2026-08-04T22:13:14,large_erc20_asset_flow,0xac9650d8,true
25682023,0x38a02e4508396782708be218bd87059e493d156878a6e3c270a3165c48cdd2bc,0xe77b4b8a9f6fcc0b56a869eb05c9eaa82b95b009,0x408428bca0e24a25ac8baac1b70f64af257717c3,2026-08-04T22:13:21,large_erc20_asset_flow;complex_trace,0x3b81ab9b,true
25682024,0xb9bda3b1063079f4e45b4296e4f2e0da87346daac3970b1d46c45990b83ffed1,0x5b43453fce04b92e190f391a83136bfbecedefd1,0xbdb3ba9ffe392549e1f8658dd2630c141fdf47b6,2026-08-04T22:13:25,dense_internal_fund_flow;complex_trace;high_gas_used_context;token_activity_burst,0x000000c3,true
25682024,0x0c67105a8daf5849a60929bb18f8e58855a27692f001340bec5ea1b0a8cd88eb,0x5037eced1eb6ecfa2af3775f9c49296a1fd40c84,0x28b1dc1a5e3699a428bc51d234dfab7c9cb2a183,2026-08-04T22:13:27,dense_internal_fund_flow;complex_trace,0x0c307f76,true
25682024,0xee7eb8e1fa4e886df7730d8ab03f0b9f768d53a4d8b9a5b91e2d918873558536,0x1c68916c0eddb9d88f88f89cfdacb5388a50781f,0x28b1dc1a5e3699a428bc51d234dfab7c9cb2a183,2026-08-04T22:13:27,complex_trace;high_gas_used_context,0x0c307f76,false
25682025,0x2606ddb25cdacdbfc34c2a499daaff166ab049872b7e9c4fb45dec602315a62d,0xd76820fe5921313e9771811d54282459ea3d8ad0,0x28b1dc1a5e3699a428bc51d234dfab7c9cb2a183,2026-08-04T22:13:40,complex_trace;high_gas_used_context,0x0c307f76,false
25682025,0x5010fc92f6b23fa512180bd61c850afb7db5977d605ce798191d593715412c76,0x5f57ee6c7d018a9337dc2e54e3aeddc4f3f40662,0x98d2b241da14c5dd848812708eb8a1f3c5512f9d,2026-08-04T22:13:40,large_erc20_asset_flow,0xac9650d8,true
25682025,0x9d2fe954fb4f135ec069461ba19ffdf5deae3eb6b462595a091571ed1038aabc,0x49335b4b2cae23580db5ecbab0a217b18cc83409,0xf3557ad5e984211ac8a0874a670344f2c3376471,2026-08-04T22:13:40,large_erc20_asset_flow,0xac9650d8,true
25682025,0x9ec5df49e3dfcd78823725def645b2fc38af9c3b6025ee23de39da946d2c79ff,0xa33486eae870526bbf9ee73ace2f5179e4a41303,0x43fcd85e8d9d003d515f886891b7c742ac9f92da,2026-08-04T22:13:40,large_erc20_asset_flow,0xac9650d8,true
25682025,0xad2311709766547d43c002b097950a99fa202f55a7e3b0361a8ba39893886ef7,0xa690308421f6160273983fd86e3f82919e6cda21,0x8c106eedad96553e64287a5a6839c3cc78afa3d0,2026-08-04T22:13:40,large_erc20_asset_flow,0xac9650d8,true
25682025,0x40f93263fe02cb3dd65a9c6ee5c460f541e0e279b6422c4f7eb4285d539b8d21,0xe156ba39b6b0775480ac27e208542bfe2c0a884b,0x93c30e6e09f698cfea99b09b5166ed90cfaedd17,2026-08-04T22:13:42,dense_internal_fund_flow;large_erc20_asset_flow;complex_trace,0x51337d44,true
25682025,0xc9651c9d51895a57cd697e13c2dd0ea029db2d262b69cfb13c2399a075a36b21,0x1e2012e21086c96256cc32f5939ad8b5e7489afb,0x2c158bc456e027b2affccadf1bdbd9f5fc4c5c8c,2026-08-04T22:13:42,large_erc20_asset_flow;complex_trace,0x6eefea49,true
25682025,0x075520b3e27ef51fa08f4327fc82335b6e4dd219885442e3db7f0c6c4bb22ed2,0x80d04079ffc53eb14edbeeb37279d126f45552df,0x609b08b0cb2dd11abbdf8bd37323ebbec7bfc007,2026-08-04T22:13:43,repeated_internal_token_drain;dense_internal_fund_flow;complex_trace;token_activity_burst;repeated_risky_internal_calls,0x8aaa8f3b,true
25682025,0x605186add88efc82ab89a29595649c3e851c5807e2109009ddb16bd209f8853e,0x93d540dd6893bf9ea8ecd57fce32cb49b2d1b510,0xf4e147db314947fc1275a8cbb6cde48c510cd8cf,2026-08-04T22:13:43,privileged_execution_context,0x760d0f9d,false
25682025,0xa6688e17f8b37903cf3b453c5b6862753006904b1d4c817913d563d389ddbe5a,0xb23360ccdd9ed1b15d45e5d3824bb409c8d7c460,0x09c30cdcdd971423cb3ba757a47d56c35d06d818,2026-08-04T22:13:43,dense_internal_fund_flow,0x318adb8b,true
25682025,0xd9655987e00721ceb50d025e7098875986f03359b931a56b03416ade315958bf,0xd0d08887e8a5b16049534a7f3fc1de92848f5bea,0x6a000f20005980200259b80c5102003040001068,2026-08-04T22:13:43,large_erc20_asset_flow;complex_trace,0xe3ead59e,true
25682025,0xebbedd33ad28bd38bb6a8ac3a8ea1aa745f7d4684d6f52b5822ee351fa54d855,0x929f48e6c95de2be1c0966360c0789be624a7d30,0xfa995b6abc387376c3e7de5f6d394ab5b6bee26b,2026-08-04T22:13:43,very_complex_trace;high_gas_used_context,0xbc157ac1,false
25682025,0xecc2f2830f1cb113b91a3938fecc3643bc5a36425e8a5fa610c8f44c713a0fd3,0x583b829dcdb5b31d4e446d23f3eea3559d3358f7,,2026-08-04T22:13:43,large_mint_to_sender;privileged_execution_context;high_gas_used_context;contract_creation_context,0x60806040,true
25682025,0x1ffdb64aca2e216bf07320c1389379a68bdf0ad9d2d696b5ccdffca5be7197d1,0x3431172c887cf150d9fdaba9876273d9db566367,0x64f5aad0e38e2ff9f50f2e51e813e49c05aca41a,2026-08-04T22:13:45,complex_trace;high_gas_used_context;token_activity_burst,0xa9059cbb,false
25682026,0xf7cc96524e5d4bad70e6657928e15b2fe97ed2bb318a754fbc68de41b87cc9ee,0xde992badd92adaf9146255e9bde6a70770973664,0x3d0f22bf11636cc9cb129e2b261eed35a487455c,2026-08-04T22:13:49,complex_trace;high_gas_used_context,0xa9059cbb,false
25682027,0x37717a849f2e7e17228aa3fe96be009eb9e8afa6af4b6a6f0b75347b0676d8f9,0x0045b2d1cff42ad9ad36003bdecf05800b3f19f8,0x03f34be1bf910116595db1b11e9d1b2ca5d59659,2026-08-04T22:14:11,dense_internal_fund_flow;complex_trace,0xe47d166c,true
25682027,0x6463680f759bb34d25efa50f23c1bc4f00e4224afb4342740a3d5e8475d1e906,0x836219ebfafd339d1bbb41cef918ca19f1b58869,0x28b1dc1a5e3699a428bc51d234dfab7c9cb2a183,2026-08-04T22:14:16,complex_trace;high_gas_used_context;token_activity_burst,0xf2c42696,true
25682027,0x0495691a74d9ce0a4e5fc381479ff98c849e7f0bcf82cbf75343d74ce7da9f3c,0x124ce844fab46dc12183dc35c82ccc9bc83fddd5,0x95480d3f27658e73b2785d30beb0c847d78294c7,2026-08-04T22:14:17,complex_trace;high_gas_used_context;token_activity_burst,0x13d79a0b,false
25682027,0x35069317e20c4ba1e57f576dc247c32b0eb2755fbde4db4d499cb0c26dcb2813,0xc2acff53fed1309095b744da2d872a2984a6ee24,0x0000000000c2d145a2526bd8c716263bfebe1a72,2026-08-04T22:14:17,high_gas_used_context;token_activity_burst,0x32389b71,false
25682027,0xe026c600c9234e4c6bd6e850422e1e250d3314b090a976d179c4061db8f039ce,0x4337017d2e3f5e4160a27f6fdbdc38719343c62f,0x0000000071727de22e5e9d8baf0edac6f37da032,2026-08-04T22:14:17,privileged_execution_context;complex_trace,0x765e827f,false
25682027,0x6d8ebd8b8f5c7f29cf3aa982a984a9159f890eb97a9cac5df260c5e464ee10f3,0xb5819463e210d5ea3d7da88d6b0e75028e17a2a3,0x337685fdab40d39bd02028545a4ffa7d287cc3e2,2026-08-04T22:14:18,dense_internal_fund_flow;complex_trace,0xfa74fd43,true
25682028,0xb9a459b906524f143d3a77da6875c924e329505b6383c1cb8ca901132784bfd1,0x59aab1bd0d26290274398c07b55955c15425e16b,0x00fe78205f5f0e63b8ad2b2ae5337f538a610e04,2026-08-04T22:14:22,repeated_internal_token_drain;dense_internal_fund_flow;complex_trace;high_gas_used_context;token_activity_burst;repeated_risky_internal_calls,0x34fcd5be,true
25682029,0x696ee2f8af668e3f7e45baebad47ca4575dcea9d3015cf78a40542e5ea519fb0,0x29946188b0f4569a5ee3be41ee34ef91ebc5f3c1,0xb300000b72deaeb607a12d5f54773d1c19c7028d,2026-08-04T22:14:27,dense_internal_fund_flow,0x810c705b,true
25682029,0x578188656fc55351ff681cb69d8b32af490b988d6ed445614c0b497945f0955d,0xa5a5491bca93dd4c076e4906e79e7673f4a5a142,0xccc88a9d1b4ed6b0eaba998850414b24f1c315be,2026-08-04T22:14:28,dense_internal_fund_flow;complex_trace,0x0a2b8f36,true
25682029,0x5d342406bdb085b6334276061096b39010d2172eaeb2897778dcb962d0f723e6,0xb32b84494df2b99cae50683a4273cce4a21429bf,0x0000000000001ff3684f28c67538d4d072c22734,2026-08-04T22:14:28,large_erc20_asset_flow;complex_trace,0x2213bc0b,true
25682029,0x7a4793e6d39b7617a14f54cbcb2cf9f98fe3bdd271520f485bed7f936ee0065a,0x7830c87c02e56aff27fa8ab1241711331fa86f43,0xa9d1e08c7793af67e9d92fe308d5697fb81d3e43,2026-08-04T22:14:28,large_erc20_asset_flow;token_activity_burst,0xca350aa6,true
25682029,0x9c31444278143db29fcda55da873e9984490c3613b5cc2e78b58e1fdbce4fda9,0x980fe4b75e5f0a8085829488361697dcf74251fc,0x6131b5fae19ea4f9d964eac0408e4408b66337b5,2026-08-04T22:14:28,dense_internal_fund_flow;large_erc20_asset_flow;complex_trace,0xe21fd0e9,true
25682030,0x44aad5d61c93d4c608db83e9b5069d9cc981b6f842c0f455de45722afba9cb58,0x3c60b1a4abb27492e076a7d78604f1880262e10e,0x888888888889758f76e7103c6cbf23abbf58f946,2026-08-04T22:14:39,large_erc20_asset_flow;complex_trace,0xd0f42385,true
25682030,0x7f0a918ccdec61aff399652e51e20613ad4183b7522fd65f39fbee70a27198a5,0xfdb7bf32281737c131529926e2dcda1a2d24bec7,0x334f5d28a71432f8fc21c7b2b6f5dbbcd8b32a7b,2026-08-04T22:14:39,complex_trace;high_gas_used_context,0x6e553f65,false
25682030,0xb2a180123e4e4a395ed6cf29a58a8bc1be6d2d6235d9a4e9b4e759cf66715acc,0x59aab1bd0d26290274398c07b55955c15425e16b,0x00fe78205f5f0e63b8ad2b2ae5337f538a610e04,2026-08-04T22:14:39,complex_trace;high_gas_used_context,0x34fcd5be,false
25682030,0xbed50c1b3349d6c7abc683f2abd4f5c729483a4fee9e56a60e9b718966428850,0xf368d43f148e1803ec793670183b0ca6a07d3898,0xd01607c3c5ecaba394d8be377a08590149325722,2026-08-04T22:14:39,dense_internal_fund_flow;large_erc20_asset_flow;complex_trace,0x80500d20,true
25682030,0xbf5b7eba9c3c3bc13913b0a7064bb26335f66b377055027679a9c16d3252f763,0x2e3dc205e5687e02eb4bea4f657c9572a83490e5,0xacddac6c77318b615f7f6fb9bb67c6833e9c05f1,2026-08-04T22:14:39,large_erc20_asset_flow;complex_trace,0x571d3dc7,true
25682030,0xdb9b9a89d72c283e13df5e8834e3506f75e543d206c612d8fcc3809e98f40afd,0x1584a8ee67789d1fe161065388657ad2f2a3c7dd,0x77eb52e44db06777bce478159f25c0d55a295314,2026-08-04T22:14:39,repeated_internal_token_drain;dense_internal_fund_flow;complex_trace;high_gas_used_context;token_activity_burst;repeated_risky_internal_calls,0xa9059cbb,true
25682031,0x91f94ad5c57c52e14757dd9e8afce275617e72bb4e7fa690bc109826f5d8e4e3,0x1b68966b471a546295e56d71d4d552e5ecae0f03,0xee030ec6f4307411607e55acd08e628ae6655b86,2026-08-04T22:14:44,dense_internal_fund_flow;complex_trace;high_gas_used_context,0x6e1537da,true
25682031,0xb3ae443ed491a3493208ca05031237a47496ad23b96e0aa088128043c8eadc88,0x4337011463ef6bd863e47e7b5e743d2522261131,0x0000000071727de22e5e9d8baf0edac6f37da032,2026-08-04T22:14:46,privileged_execution_context;complex_trace,0x765e827f,false
25682031,0xcecc8ebf39d34cce19d7ae24e857e0350923112f898b6676c5aa5140e786081f,0x23abdaf99c0da073b2f51515190d37674ca7d404,0x888888888889758f76e7103c6cbf23abbf58f946,2026-08-04T22:14:46,large_erc20_asset_flow,0xf06a07a0,true
25682031,0xe8f0470863bc227308cc6ca99469411c5eb6ed569d36195fa88dfe7227f3609c,0xb52dae80b2ce64715d50ff3dfe4edd337f3d29bf,0x68f9dd5ba38250b9f1653c5e119f72b54f61092c,2026-08-04T22:14:46,dense_internal_fund_flow;complex_trace,0x111966f6,true
25682032,0x359981664a3b69c6928024374f11c315ff151a9ba87f4b9da82154f4e0b7e61d,0x36a234967caee8b1299dc5df406f427c79ac515b,0x59da89baee7c773f991731fca0a8bba58d511c05,2026-08-04T22:14:57,dense_internal_fund_flow;token_activity_burst,0xfd3ad6d4,true
25682032,0xc3f3b476a23c1d657dc184f041f562023653bad0dad8bfd68ebf6bb8dbe50f67,0xb9e055f2685748b5451200d448c40c0eecdba634,0x28b1dc1a5e3699a428bc51d234dfab7c9cb2a183,2026-08-04T22:14:57,dense_internal_fund_flow,0x0c307f76,true
25682032,0xdf1601120e8a03c18b239a3cdb4b78a6e4e67601f8a7adaf6b78eeb269201f8d,0x05854d0c70d2f696fb3d9c0863100956b795e2ff,0x0fb6e8ecd8ca55c79122f4e114fb46afe1924089,2026-08-04T22:14:57,complex_trace;high_gas_used_context;approval_burst,0x9d83fd7f,false
25682032,0xf7628d3121b7e3f4dcd11e06791a07e8ffa71753962baadc04c62944d412a006,0x81175155d85377c337d92f1fa52da166c3a4e7ac,0x4a4962275df8c60a80d3a25faec5aa7de116a746,2026-08-04T22:14:57,complex_trace;high_gas_used_context,0x6a761202,false
25682032,0x10fbb7bb43d231e666c30281906647eea0d75e54bd45052cc3f57e7ae9c8b96e,0x09a591f0e4fa0abac08f05bc0916c51ee34c1a1b,0x5cb16a393b9b43c590953b51058edab1bde0f5fa,2026-08-04T22:14:59,dense_internal_fund_flow,0x501d976c,true
25682032,0x8c0d0909d3d7158187eff62bcec2dcb407b5166543da51dc106388a81d06c12f,0x29ebbc872ce1af08508a65053b725beadba43c48,0xf4e147db314947fc1275a8cbb6cde48c510cd8cf,2026-08-04T22:14:59,large_erc20_asset_flow;complex_trace,0x0bf5d35e,true
25682032,0xd55afba5f0d5630de16244a63c0fab79bfc40a3f238617c903659f78d8b510b3,0x611bedb2b1a7bafce90e47dfd524437b3b272070,,2026-08-04T22:14:59,privileged_execution_context;high_gas_used_context;contract_creation_context,0x60806040,false
25682032,0xf520e1afb2956f3961706551b83e70ce9a9ef28db8ddc6c8e099c7a0dccf7ed1,0xe4193315ec09becc08471d418731087dd6f19cd3,0x6566194141eefa99af43bb5aa71460ca2dc90245,2026-08-04T22:14:59,large_erc20_asset_flow;complex_trace,0x374f435d,true
