block_num,tx_hash,from,to,detect_time,attack_signals,selector,has_asset_impact
25682034,0xb0d16a96b6b985a81129087b72febac8a483d01862f58fe202833da4f1e8ea76,0xf279dfcdd57e1571c95e2c5b7e2ee453cbcdf77f,0x5ff137d4b0fdcd49dca30c7cf57e578a026d2789,2026-08-04T22:15:13,large_erc20_asset_flow,0x1fad948c,true
25682034,0x1cee47183c046a77c7498aebeba3ce9678bc808d22474fa7fcd8cf6364b3e7f6,0x94d36475a471b0154eaad104eb3442b1b6cc76fc,0x0000000000000068f116a894984e2db1123eb395,2026-08-04T22:15:45,complex_trace;high_gas_used_context,0x87201b41,false
25682035,0x432898568c5b3b865785a4c9473b4ac1d5054f878033e7545a05f107787e90aa,0xe09ea2cc4b64e6f51296924c5f8126a1e34613d7,0x03f34be1bf910116595db1b11e9d1b2ca5d59659,2026-08-04T22:15:50,dense_internal_fund_flow;complex_trace,0xa32fe0a1,true
25682035,0x445aed409448be5ba10a37250f1029a8f063ea801ebbb5a4cb57b26a05bdad07,0xd1bdc7678f58489e0be032bdc1a4bb5e306fb766,0x28b1dc1a5e3699a428bc51d234dfab7c9cb2a183,2026-08-04T22:15:50,dense_internal_fund_flow,0x0c307f76,true
25682035,0x6cb14f6663e291b0e96c9b10e4f8b6594dbec675c4c3896fdebab831be4a836f,0x258564f4939c0b2250c1eb000000f55e3c0093fa,0xa6c840a62fc019d210a4253da6972dcf50f51592,2026-08-04T22:15:50,large_erc20_asset_flow;complex_trace;high_gas_used_context,0x99000000,true
25682035,0xdc690325f38bde63d82198be32ab30f6491efeb72d61f352cf024e41af73fa31,0xc6acbee42e9e323140c1ed060c2f6ea9cc3b4b75,0x7c5a71c9fefbc7691f9d4ac7baf70c743792f716,2026-08-04T22:15:50,selfdestruct_context,0xf3fef3a3,false
25682035,0xf2228895f3319ce93c21ef1749e4a3d55fc53cd316ca1be3e05a3d6567589c71,0xf6f3b222186cccc896404d02466ba8b8d496dba4,0x23161babdbde05ec51cc134368a9db7eae830377,2026-08-04T22:15:50,dense_internal_fund_flow;complex_trace;high_gas_used_context;token_activity_burst,0x601881f3,true
25682035,0x89eaa5770b949ab8ecc83e05dead4ef22a7a06638fd5258d4d5003eafc78134a,0xc1ab57b4cd6db9be5e0788ed037887bf52d12a80,0xb8fc49402df3ee4f8587268fb89fda4d621a8793,2026-08-04T22:15:51,large_erc20_asset_flow;complex_trace,0x6a761202,true
25682035,0x981868e76be07d2421fedc0145c5bd5e4e470337375ccb537410465df057a419,0x3c60b1a4abb27492e076a7d78604f1880262e10e,0x6566194141eefa99af43bb5aa71460ca2dc90245,2026-08-04T22:15:51,large_erc20_asset_flow;complex_trace,0x374f435d,true
25682035,0xe1b30d2ad052c0fd18bb5e7d99ce492a474856e8d2ebb0eee87407a99a280981,0xb32b84494df2b99cae50683a4273cce4a21429bf,0x6566194141eefa99af43bb5aa71460ca2dc90245,2026-08-04T22:15:51,large_erc20_asset_flow;complex_trace,0x374f435d,true
25682036,0x1d1dec0ecd4d364b6cbfb179d2602004dad2c15b65513ac5800515f321dc5f2e,0x654fae4aa229d104cabead47e56703f58b174be4,0x000000000035b5e5ad9019092c665357240f594e,2026-08-04T22:15:57,large_erc20_asset_flow;complex_trace,0x00000004,true
25682036,0x471a6c081310f50ae24578916a25490e71775a4077e4d25811e5e64250197c66,0x654fae4aa229d104cabead47e56703f58b174be4,0x000000000035b5e5ad9019092c665357240f594e,2026-08-04T22:15:57,large_erc20_asset_flow;complex_trace,0x00000004,true
25682036,0x6bac0d1e31f00a59b176fbd9f3084a000d42a73560db7b93e2a84b777d4f4023,0xcd013dce55335ee7ae8ca351cc815f7c72a2827e,0xc7c4c0645df371d1846d1c7e5502eba60464eb89,2026-08-04T22:15:58,dense_internal_fund_flow;complex_trace;high_gas_used_context;token_activity_burst,0x601881f3,true
25682036,0x1cd4192051fb65f67115c68fdac651ab5a4cbe7cb93d2f793f4fb45317904369,0xd15fa5959a5984782355448a9c1edd332eacd21e,0x4030d3c3a13ac5e293c743d3cd8298266d948396,2026-08-04T22:15:59,large_erc20_asset_flow;complex_trace;high_gas_used_context;token_activity_burst;approval_burst,0x601881f3,true
25682036,0x2341c4e77cb862c1290daf75b830758e6eb1d221658f19da1290d74d6d487616,0x1c244ad85b650a10d92175f16d466406a1221acb,0xacddac6c77318b615f7f6fb9bb67c6833e9c05f1,2026-08-04T22:15:59,large_erc20_asset_flow;complex_trace,0x571d3dc7,true
25682036,0xee9b72189fdb4d97b45c88514f62a9c22a4b6f5d6d31821e007941c4cca2192e,0x571b01c14d4b5ebb9cef01c9d41b6a2fc930c0f8,0x0a8accba63f42e743a31f33c44b87be0c83fe230,2026-08-04T22:15:59,dense_internal_fund_flow;complex_trace;high_gas_used_context,0x99000000,true
25682037,0x7c3e3eefbb7533976fd328b8f34c83b6d584ec97484f6b2c18f23e7a0b328b5b,0x7830c87c02e56aff27fa8ab1241711331fa86f43,0xa9d1e08c7793af67e9d92fe308d5697fb81d3e43,2026-08-04T22:16:06,large_erc20_asset_flow,0xca350aa6,true
25682037,0x819a1f32a6f3cb56636d1ea70f2478a8e1d2b44b30e142329f38139325a221f5,0xe2c32e35c83d15ec2122bcd54b984133ba2d237d,0xb300000b72deaeb607a12d5f54773d1c19c7028d,2026-08-04T22:16:07,complex_trace;high_gas_used_context,0x810c705b,false
25682037,0xcb0e6e806ce8c858b8444cdbfc71238b5ac6635d4151ccd22b03b6125aa33b23,0xc6acbee42e9e323140c1ed060c2f6ea9cc3b4b75,0x7c5a71c9fefbc7691f9d4ac7baf70c743792f716,2026-08-04T22:16:08,selfdestruct_context,0xf3fef3a3,true
25682037,0x1d5a998eed1c41183d07b4410b795127100099cd78b5d11cc5124c666ea14589,0x70e59f9c304e4d5096bd408b571e2dcd99c3120b,0xad3b67bca8935cb510c8d18bd45f0b94f54a968f,2026-08-04T22:16:09,dense_internal_fund_flow;complex_trace;high_gas_used_context;token_activity_burst;approval_burst,0x146ee74d,true
25682038,0x2157759e4fd4d1e2e11d5ca9f68426d1c19b01c2ebbcf8e5bed9e3c0dfa78a90,0xefe06e480cce6c7cc74dbfa4d764360bcdfdb23c,0x07964f135f276412b3182a3b2407b8dd45000000,2026-08-04T22:16:29,dense_internal_fund_flow;complex_trace,0xd808d889,true
25682038,0x3e28fc43a6f1202bd7ffdd939f431c5e644e33fcbb4e95aec9bdf298bd34e0cb,0x086eb9c2b14dd657ae77d07df9115a2f946ce327,0xf75584ef6673ad213a685a1b58cc0330b8ea22cf,2026-08-04T22:16:29,large_erc20_profit_to_sender;large_erc20_asset_flow,0xb94c3609,true
25682038,0x6a231fcd7d7b1da6a38e2fc1c79ab47a8908d79493767883a0b21ca1d96e61ec,0xb15413065539585bd67b9871635a3a19569d8c4a,0xc5f558649b9824e4e8b195d68434c63db6f368a7,2026-08-04T22:16:29,large_erc20_asset_flow;complex_trace;high_gas_used_context;token_activity_burst,0x601881f3,true
25682038,0x7366ea582ee062e3968ebdf38fb70a784317779b7eef40821cb3a49a405796d7,0x7830c87c02e56aff27fa8ab1241711331fa86f43,0xa9d1e08c7793af67e9d92fe308d5697fb81d3e43,2026-08-04T22:16:29,dense_internal_fund_flow,0x1a1da075,true
25682038,0x7824679c7e212df3167ed83a41a168351cddf4218705af7cf49c359834efd7b7,0xd76820fe5921313e9771811d54282459ea3d8ad0,0x28b1dc1a5e3699a428bc51d234dfab7c9cb2a183,2026-08-04T22:16:29,complex_trace;high_gas_used_context;token_activity_burst,0x0c307f76,false
25682038,0xaaa4f01b15a00ca41c86794c61bafd19e7135349c36d61a40358cf4cf377d7e5,0x9c4cc9ae584d5a51368cf7c90008602abfb4fb08,0x89163e4cd81619019e22e8a62f0c96d86c89c984,2026-08-04T22:16:29,complex_trace;high_gas_used_context,0x7ae7cfb5,false
25682038,0xb44717d7d7352bbb6d6299802280c4b91d0af2d65ffe28f70b9c1505086efaa9,0x3cfdc212769c890907bce93d3d8c2c53de6a7a89,0x0000000071727de22e5e9d8baf0edac6f37da032,2026-08-04T22:16:29,privileged_execution_context;complex_trace,0x765e827f,false
25682038,0xbedee508363ac8dc9c647e0fa2847fc3f79faabe0d8c655fda817c64479ac23d,0x161643f280b09be8e0271eef8efc6c264d125003,0x84fee5c97dc2fafcfdfdafa4b7d8cd39421cac31,2026-08-04T22:16:29,dense_internal_fund_flow;token_activity_burst,0xa9059cbb,true
25682038,0xdb6b551cd90bde2975fa04fccc40bf50b0ac6851086bc3b1318adfbcec2a2b6d,0x9235910f410478b89f86e06be0e4535335af6dea,0x00000f91109c4d0007e90000d9facad5298a0cac,2026-08-04T22:16:29,complex_trace;high_gas_used_context;token_activity_burst,0x0053be41,false
25682038,0xe0a10843121ae1dcd11000536f94c19a5529c0221d776a00874d725e3a997e5f,0x3c60b1a4abb27492e076a7d78604f1880262e10e,0x888888888889758f76e7103c6cbf23abbf58f946,2026-08-04T22:16:29,large_erc20_asset_flow;complex_trace,0xd0f42385,true
25682038,0xfc9a8b2c886215ffcc0e62a6066163e9c7f4145ed92aa45e9b621d9d434c9e2e,0x66dd7b6e57dbe92823c033eb68cb746a00e4de2b,0x28b1dc1a5e3699a428bc51d234dfab7c9cb2a183,2026-08-04T22:16:29,large_erc20_asset_flow;complex_trace,0xf2c42696,true
25682039,0x7d7f4e27fac1b353d8b75581590e990ba795dec8df1c58cf3b683c6a1b684c63,0xe99bd1c2dd70cd58e5efd47887991700e7318ce2,0xad3b67bca8935cb510c8d18bd45f0b94f54a968f,2026-08-04T22:16:34,complex_trace;high_gas_used_context;token_activity_burst,0x146ee74d,false
25682039,0xc2250a4a70507d8ef8e4df5e69c80b05e08ba6e78482d96711e43b54fb0965a9,0x3cfdc212769c890907bce93d3d8c2c53de6a7a89,0x0000000071727de22e5e9d8baf0edac6f37da032,2026-08-04T22:16:36,privileged_execution_context;complex_trace,0x765e827f,false
25682039,0xda7410618e37441d8a7e2583376c5e7d076ecd7172bfe896df318d1e7ce705c2,0x99a5b028d785a7bd475339b1f8548d6d659ce5c2,0x2d83ff1cb1c79c68fe530d35f439a92a645faded,2026-08-04T22:16:36,large_erc20_asset_flow;complex_trace,0x07ed2379,true
25682039,0xde2a10d9434cf9282b15379afd67e339ff23441b4abb49efd846a8a8aa384ab9,0xa8a697f7fec0e99c1e6d82add6c80aafb07da60e,0x888888888889758f76e7103c6cbf23abbf58f946,2026-08-04T22:16:36,large_erc20_asset_flow;complex_trace,0x3dbe1c55,true
25682040,0x797cf7ea19267c176fa39577de4c78087e9d84323dc38f10c665721c60f4e5d9,0xd1bdc7678f58489e0be032bdc1a4bb5e306fb766,0xee030ec6f4307411607e55acd08e628ae6655b86,2026-08-04T22:16:44,dense_internal_fund_flow;complex_trace,0x6e1537da,true
25682040,0xe72f5ef3c38da0477f3dfeb43769ab815ddc909eeba60a6cad16271e75fd6ff6,0xbad000006db10503589262b55d09bb7b3c5e1472,0xbbbbb048b1a85ca221058c45525095b6a68bbbbb,2026-08-04T22:16:44,complex_trace;high_gas_used_context;token_activity_burst,0xa9059cbb,false
25682041,0x259320f5e8bc7f4d233df0305533625db58020e770639143525d039f6dcfd715,0xc2acff53fed1309095b744da2d872a2984a6ee24,0x0000000000c2d145a2526bd8c716263bfebe1a72,2026-08-04T22:16:52,high_gas_used_context;token_activity_burst;approval_burst,0x32389b71,false
25682041,0x382f94ef0c9a35c9d8822c4d015649e30110e197487429902b5a5fe45f9b776d,0x604bfcdb18a132e3ccd9452e68279c4bf8ab0499,0x6dd1ad99c9f93beb6e3a9ddfa6fbe4827809300e,2026-08-04T22:16:52,selfdestruct_context,0xf3fef3a3,false
25682041,0xca177c8e7a3229ea6767123f6b2002d764eb7a8d2da65deffeb4cd052a422e32,0xb23360ccdd9ed1b15d45e5d3824bb409c8d7c460,0x09c30cdcdd971423cb3ba757a47d56c35d06d818,2026-08-04T22:16:52,dense_internal_fund_flow,0x318adb8b,true
25682041,0xec89118aad7e126c16de4bcf040811bc5f0f7bfcf1db0dcd8798fe76b6fa7ce1,0x80d04079ffc53eb14edbeeb37279d126f45552df,0x609b08b0cb2dd11abbdf8bd37323ebbec7bfc007,2026-08-04T22:16:52,repeated_internal_token_drain;dense_internal_fund_flow;complex_trace;token_activity_burst;repeated_risky_internal_calls,0x8aaa8f3b,true
25682041,0x2938fe4ad204c8a20b3978bbd8fc7661437cf77b73108c1540b517dcbd0ce9b5,0x59aab1bd0d26290274398c07b55955c15425e16b,0x00fe78205f5f0e63b8ad2b2ae5337f538a610e04,2026-08-04T22:16:53,complex_trace;high_gas_used_context;token_activity_burst,0x34fcd5be,false
25682041,0xc298dbf300e4b2e301ed9f35ac4b6765e9df064ac97991763fead64f190d4d31,0xa154b98e53fc35e1bad1ff758acbc8c629bdcd2b,0x19917386eeae67b6ff7ddf07de4019fca40aa4ec,2026-08-04T22:16:53,complex_trace;high_gas_used_context;token_activity_burst,0xa9059cbb,false
25682042,0x5b619e046b22dcd83a4e3d498bcb957f50320065aae90dddaeed3b41e3eb0cd9,0xe53a59fcc1de0bfa522a0bf31f4fe5728f2e7180,0xc36442b4a4522e871399cd717abdd847ab11fe88,2026-08-04T22:17:00,dense_internal_fund_flow;large_erc20_asset_flow,0xac9650d8,true
25682042,0xd6def470efdcb1036adb27bb877707425d80795fac428262d1f73812b4e2aeaa,0x6b063481f8216b5624ec496dd72376bef00faffd,0xa9d635ef85bc37eb9ff9d6165481ea230ed32392,2026-08-04T22:17:00,dense_internal_fund_flow;complex_trace;high_gas_used_context,0xe7c438c9,true
25682042,0xd9e4a2f69ca8aa17e95c959e8e3eb2dff423eaa982f4cdd80272005be1041e89,0x3431172c887cf150d9fdaba9876273d9db566367,0x64f5aad0e38e2ff9f50f2e51e813e49c05aca41a,2026-08-04T22:17:00,complex_trace;high_gas_used_context;token_activity_burst,0xa9059cbb,false
25682043,0x9a502b01888d00177f948736c96e29d887bf8c8e84014b739fb0bffe5c56a34b,0xc6acbee42e9e323140c1ed060c2f6ea9cc3b4b75,0x7c5a71c9fefbc7691f9d4ac7baf70c743792f716,2026-08-04T22:17:14,selfdestruct_context,0xf3fef3a3,false
25682043,0x075de44c4b9b7ea64cacc2e3f0d4a0af13562809c0fc5c71b5e581e6e163bde9,0xbe6bbb45c0be7cba3087d345fab9a71ac88af200,0xa9bbe51b2daa0718be9ffccf6c1a959b38d3fb00,2026-08-04T22:17:16,repeated_internal_token_drain;dense_internal_fund_flow;complex_trace;high_gas_used_context;token_activity_burst;repeated_risky_internal_calls,0x79ff7f24,true
25682043,0x0edd842174c7d3525f13599af26a3b8fe0e599d38fe4b75ba87b73b7a52a3d62,0xd12f62f407176585613dd335a0a76c4d9739a8a3,0x93c30e6e09f698cfea99b09b5166ed90cfaedd17,2026-08-04T22:17:16,dense_internal_fund_flow;complex_trace,0x51337d44,true
25682043,0x1c22554363087188c9f49d58c0f4a22dd9e6b303de3dd2e34fdd580f119404d7,0xbe6bbb45c0be7cba3087d345fab9a71ac88af200,0xf2371551fe3937db7c750f4dfabe5c2fffdcbf5a,2026-08-04T22:17:16,repeated_internal_token_drain;dense_internal_fund_flow;very_complex_trace;high_gas_used_context;token_activity_burst;repeated_risky_internal_calls,0xd7ee9368,true
25682043,0x61b2a17746ff628eae801f5f0b0d6184f6387dcd31b057cda609d129741d606e,0x99a5b028d785a7bd475339b1f8548d6d659ce5c2,0x2d83ff1cb1c79c68fe530d35f439a92a645faded,2026-08-04T22:17:16,large_erc20_asset_flow;complex_trace,0x07ed2379,true
25682043,0xaeba7c1d1dd8d804ddffc5d94ae45deea1e8b179cd76fbe8a470992c190af60d,0xd95b8e05c47b6e5cda0d9cefbd71568b85e167e6,0x337685fdab40d39bd02028545a4ffa7d287cc3e2,2026-08-04T22:17:16,dense_internal_fund_flow;complex_trace,0xfa74fd43,true
25682043,0xdf99a6358296e73ce98aa37fb8330969ca534ed02447f3c0d1030eb4f2782817,0xed0896aaa00b60387f22647278b8cddf2f3ee00d,0xd15e62e64c1265dfb753ed6e7c76cb5ff8f276c7,2026-08-04T22:17:16,large_erc20_asset_flow;complex_trace,0xe9ae5c53,true
25682043,0xfef8604d1c330777d80aa8afc021e9617a7fdb94bb16779a50b5134c1c37e83b,0xed0896aaa00b60387f22647278b8cddf2f3ee00d,0xd15e62e64c1265dfb753ed6e7c76cb5ff8f276c7,2026-08-04T22:17:16,large_erc20_asset_flow;complex_trace,0xe9ae5c53,true
25682043,0xbd1a6c5913857a2a0bab5e4a22669ee10d2d0707aff59c8dc457f6f6d56953ee,0x3cfdc212769c890907bce93d3d8c2c53de6a7a89,0x0000000071727de22e5e9d8baf0edac6f37da032,2026-08-04T22:17:17,privileged_execution_context;complex_trace,0x765e827f,false
25682044,0xc215b4e50715239eab901b5995c34df0ab3456985ec124d69c7602b43e126b76,0x7830c87c02e56aff27fa8ab1241711331fa86f43,0xa9d1e08c7793af67e9d92fe308d5697fb81d3e43,2026-08-04T22:17:30,dense_internal_fund_flow,0x1a1da075,true
25682044,0x0499d6922502246a08839a87d0c363d2bd292e68358976fae56fc09b08132270,0x8f8b72da75cdcf6931563f6d6832fd65bf5186d7,0x93c30e6e09f698cfea99b09b5166ed90cfaedd17,2026-08-04T22:17:31,dense_internal_fund_flow;large_erc20_asset_flow;complex_trace,0x51337d44,true
25682044,0x0e23fd0a7055caaf65430dfd57e169d2816ce2f018d3f8d461611fa9b31b3733,0x99a5b028d785a7bd475339b1f8548d6d659ce5c2,0x2d83ff1cb1c79c68fe530d35f439a92a645faded,2026-08-04T22:17:31,large_erc20_asset_flow,0x07ed2379,true
25682044,0x13912948ac2cbc1cfa949bc707aa16a62eb3bae6e644c1766d6c16308323acf1,0xde992badd92adaf9146255e9bde6a70770973664,0x3d0f22bf11636cc9cb129e2b261eed35a487455c,2026-08-04T22:17:31,complex_trace;high_gas_used_context,0xa9059cbb,false
25682044,0x2933df24b3a3527013f0eceb57dc86e55187ad893357549128ab4d0da6c5d0a5,0x3ef000bae3e8105be55f76fda784fd7d69cff30e,0xacddac6c77318b615f7f6fb9bb67c6833e9c05f1,2026-08-04T22:17:31,large_erc20_asset_flow;complex_trace,0x571d3dc7,true
25682044,0x7ba384bb4413eff1bd48c1b06b614da5e54883bb89a395ad5c3e129a83388a08,0x3c60b1a4abb27492e076a7d78604f1880262e10e,0x6566194141eefa99af43bb5aa71460ca2dc90245,2026-08-04T22:17:31,large_erc20_asset_flow;complex_trace,0x374f435d,true
25682044,0x8f4b7498281e87408097e96c25ecba2aaf57259ea4a0cfbf4653bb02ec379f5b,0xde992badd92adaf9146255e9bde6a70770973664,0x3d0f22bf11636cc9cb129e2b261eed35a487455c,2026-08-04T22:17:31,complex_trace;high_gas_used_context,0xa9059cbb,false
25682044,0xb40737c929a43a7db9e90e9852139a6b04d1814770d0af077c38c60cf69c761d,0xe4193315ec09becc08471d418731087dd6f19cd3,0x888888888889758f76e7103c6cbf23abbf58f946,2026-08-04T22:17:31,large_erc20_asset_flow;complex_trace,0xd0f42385,true
25682044,0xbc0c689a26d58607c2740575e9b21212a2f19c263828f62b002be9aee5ed38a9,0x7830c87c02e56aff27fa8ab1241711331fa86f43,0xa9d1e08c7793af67e9d92fe308d5697fb81d3e43,2026-08-04T22:17:31,large_erc20_asset_flow;token_activity_burst,0xca350aa6,true
25682044,0xd1cb2972e3584dd33e81f3e648167dcea77f892d4df436f445719a737a3c9a5d,0xb09a022d4114696324a54a80e6a62a24f8e38599,0x0000000000000068f116a894984e2db1123eb395,2026-08-04T22:17:31,very_complex_trace;high_gas_used_context;token_activity_burst,0x87201b41,false
25682044,0xdc439d7b41d78ffdbc765f5c38b349f208a22591ba070fb7ab58bf20b2ff936b,0xc1ade943863144cf17b44fe761637c4b78c0be67,0x28b1dc1a5e3699a428bc51d234dfab7c9cb2a183,2026-08-04T22:17:31,complex_trace;high_gas_used_context;token_activity_burst,0xf2c42696,true
25682045,0x39f18c2ef1475f9cf5ea586727016f439adb4776f62553eac258fec1e53cbf0a,0x4337019d937ebcbd73dd750072d86c1ce664b350,0x0000000071727de22e5e9d8baf0edac6f37da032,2026-08-04T22:17:53,privileged_execution_context;complex_trace,0x765e827f,false
25682045,0x987a8a1b61378a634f8d3b9e2cacd78925786321e75b5b163bea35bdf335124c,0xd0dcacd0135d463b553bf7ac8c68f32fa178c279,0x173272739bd7aa6e4e214714048a9fe699453059,2026-08-04T22:17:53,large_erc20_asset_flow;complex_trace,0xcfc32570,true
25682045,0x0111e990fed641de37dd8dade7182bc2c505d6f28dc27a68876459630b6ca203,0x59aab1bd0d26290274398c07b55955c15425e16b,0x00fe78205f5f0e63b8ad2b2ae5337f538a610e04,2026-08-04T22:17:54,repeated_internal_token_drain;dense_internal_fund_flow;complex_trace;high_gas_used_context;token_activity_burst;repeated_risky_internal_calls,0x34fcd5be,true
25682045,0x360d55b4199995747a5d43fb7b97c015eb988444104a4c1e46a8c671887f21b4,0x42c2c71953d3ba18a56749d77ca35ad1c60dba42,0x97caca78ac2a94c67643d07843f85afaa44a3ea5,2026-08-04T22:17:54,dense_internal_fund_flow;complex_trace,0xc02409ba,true
25682045,0x7002ec6694b3b1536e4bcab5bb4994cbca8cacd87d37f111e64f412b39cd979b,0xc50b580f5af04a0d2896a9699c29fce887fa6947,0xf2b46c52db0d41011a087c7ea1802c5a34fa2b69,2026-08-04T22:17:54,privileged_execution_context;complex_trace,0xc6fe8747,false
25682046,0x4ed6062dd15e398266e01e68175ddb16de0e68de47afaa17f1c4edbea89363d4,0x241150546ea5a26d7e446fed94c069362cdff36e,0x0439e60f02a8900a951603950d8d4527f400c3f1,2026-08-04T22:17:59,dense_internal_fund_flow;complex_trace;high_gas_used_context;token_activity_burst,0x3ce33bff,true
25682046,0x040bcd2c56dc229fa665e337bcb4419c4672ae65f6a0b5524b8c826687b627ba,0xc6acbee42e9e323140c1ed060c2f6ea9cc3b4b75,0x7c5a71c9fefbc7691f9d4ac7baf70c743792f716,2026-08-04T22:18:00,selfdestruct_context,0xf3fef3a3,false
25682046,0x321064177de02a7ba1c4796eae28a5d5d4bcf55a9a31452fa7d0e74816d73278,0xccad6836e9e3c05f737573c4a4ca8b311a684df2,0x26d3681dfc9e4c8c79cfbf461adec8a21d5d73c5,2026-08-04T22:18:00,large_erc20_asset_flow,0xf58e03fc,true
25682046,0x944d9d5ff630c6845251ef64d6c27fae0d36f680ad288784272605bf4e2c91b4,0xf67b0e68dc45898395f390f5e379fdee72fb8d42,0x9641d764fc13c8b624c04430c7356c1c7c8102e2,2026-08-04T22:18:00,large_erc20_asset_flow;complex_trace,0x8d80ff0a,true
25682046,0xb97538586a5a0349698582a49f62bbd4fd506011dcc9096a989c821b6ecd8890,0xdee657bf65fb0da9e75c9c5c78a6881888b5a641,0x93c30e6e09f698cfea99b09b5166ed90cfaedd17,2026-08-04T22:18:00,dense_internal_fund_flow;large_erc20_asset_flow;complex_trace,0x51337d44,true
25682048,0x268f26e3f316b315977cd78f8436c7b7990cf7c1240420a6a817cdcd1f07b2e6,0x1584a8ee67789d1fe161065388657ad2f2a3c7dd,0x77eb52e44db06777bce478159f25c0d55a295314,2026-08-04T22:18:10,repeated_internal_token_drain;dense_internal_fund_flow;complex_trace;high_gas_used_context;token_activity_burst;repeated_risky_internal_calls,0xa9059cbb,true
25682048,0xb96c81110c6f15ab73c3d143929c8989c55f0d55a0be025fa190c0e61c26e24b,0xc2acff53fed1309095b744da2d872a2984a6ee24,0x0000000000c2d145a2526bd8c716263bfebe1a72,2026-08-04T22:18:10,high_gas_used_context;token_activity_burst;approval_burst,0x32389b71,false
25682049,0xdc3c98aeecf67d16710b58b158bd7c48a89dd703115f3d25a424c9894f02ce16,0x7830c87c02e56aff27fa8ab1241711331fa86f43,0xa9d1e08c7793af67e9d92fe308d5697fb81d3e43,2026-08-04T22:18:18,large_erc20_asset_flow,0xca350aa6,true
25682049,0x9242f83c0a2096d305caad12029a210fb3add62e8df1b44dbb88eeb905cdadce,0xe20446cccbfd5f9038e747f1dea8016ecbd94ae5,0x442be06bb5d13711a22ccd3fa382b72a874c5135,2026-08-04T22:18:20,privileged_execution_context,0xf7b5c341,false
25682049,0xa4fc449e6662aec35e0c96e19e977db8ce395dd6bf836df12868fa398380577a,0x4d273fef0c1b553db8a3da737b61de42351e9b42,0xa2a1bf5a83f9daec2dc364e1c561e937163cb613,2026-08-04T22:18:20,privileged_execution_context,0xae666ab6,false
25682049,0x52b06ac4926c416f8f86ab5aa2867d6174accce6fa07eaecb6959166409041ec,0x6e7031d64d844b4e1d2c5623b57366ad9dc25f1e,0x5435b8b0843206fa8fc99453a3112713e6f0fd46,2026-08-04T22:18:21,large_erc20_asset_flow;complex_trace;high_gas_used_context;token_activity_burst,0x6a761202,true
25682049,0x9a192f99cc6eab68c4d92be0e2dfabcca82f39d3e8fc388f87d0b8a714244bb9,0xd71b0682a5326896d767c8f50c69b5b7a8ce6f0c,0x6131b5fae19ea4f9d964eac0408e4408b66337b5,2026-08-04T22:18:21,complex_trace;high_gas_used_context,0xe21fd0e9,true
25682049,0xe4c73f1c012c80d4b2cc21578a5182e4d1beb815924ebea73bb481e45e92a516,0xf5dc3af6d78957b1877622335770e6b49459a5d2,0x87870bca3f3fd6335c3f4ce8392d69350b4fa4e2,2026-08-04T22:18:21,large_erc20_asset_flow;complex_trace,0x02c205f0,true
25682050,0x262725edbe6dc502d16464ee8749bba3dda13d1596f6e426bfc9a92709eda629,0x01c9e12c365dd28bd169efea6e5b7939a687c856,0x134ccaaa4f1e4552ec8aecb9e4a2360ddcf8df76,2026-08-04T22:18:27,large_erc20_asset_flow;complex_trace,0x6807c8dc,true
25682050,0x77720151e28fed8e95cd390f1d39ad76a333f800539f30124f39345635be0d02,0x0c871756a1a791edcd39b043314fbb8ffc549e47,0xd0764fae29e0a6a96ff685f71cfc685456d5636c,2026-08-04T22:18:27,large_erc20_asset_flow,0x23caab49,true
25682050,0xbfb86144a38371505462c08e53eaf8e2dfa66fe71eff396ec321d45b749522cc,0x1053ec0d66c4d1678099521b07f19a4532d33578,0x3057fe9ce0785055d546e974befa47b5e9f0cccc,2026-08-04T22:18:29,dense_internal_fund_flow;complex_trace;token_activity_burst,0x07ed2379,true
25682050,0xf8a4b3b3924e47c17c6187e2496b3b882e32bd687ba6a2b7600a6e3641b7dbf1,0x3c60b1a4abb27492e076a7d78604f1880262e10e,0x888888888889758f76e7103c6cbf23abbf58f946,2026-08-04T22:18:29,large_erc20_asset_flow;complex_trace,0xd0f42385,true
25682051,0x0095a126b8e317ac892600695a420c490f35b4a9d548e9869445ddf7daa182ab,0x50bf934781f63028c5c8ef49c4affe19a86d99b6,0x8d04cc7e86e687854eb41d9d43512b655b93184b,2026-08-04T22:18:39,dense_internal_fund_flow;complex_trace;selfdestruct_context,0x4a1bf18a,true
25682051,0x6086bca33c7575e3e9d34269be21610120c4f036594312621152824f614fa037,0xe8d8bb57edf69e4daf806ba60bf2658c81eb91db,0x6131b5fae19ea4f9d964eac0408e4408b66337b5,2026-08-04T22:18:39,large_erc20_asset_flow;complex_trace;high_gas_used_context,0xe21fd0e9,true
25682051,0x672732949b25a67943594fd033eb83ec6b319f41320a407f7a4f2f6cf2b0f303,0xc6acbee42e9e323140c1ed060c2f6ea9cc3b4b75,0x7c5a71c9fefbc7691f9d4ac7baf70c743792f716,2026-08-04T22:18:39,selfdestruct_context,0xf3fef3a3,false
25682051,0xe0801aa0ed19defb45c6ae792e424716eb0105d23f4afd9d08e7204e1f639c1d,0x59aab1bd0d26290274398c07b55955c15425e16b,0x00fe78205f5f0e63b8ad2b2ae5337f538a610e04,2026-08-04T22:18:40,complex_trace;high_gas_used_context,0x34fcd5be,false
25682051,0xef2c6b8484699b8dc65ea49dd2231e4701bf607bfb667598fba419564f3a24fc,0x59aab1bd0d26290274398c07b55955c15425e16b,0x00fe78205f5f0e63b8ad2b2ae5337f538a610e04,2026-08-04T22:18:40,complex_trace;high_gas_used_context;token_activity_burst,0x34fcd5be,false
25682053,0x2bfe5eefe9d2b287bf4c1b5c4423dcb3d1fef10548f625c1c47154e5c8278cf8,0xe20446cccbfd5f9038e747f1dea8016ecbd94ae5,0x442be06bb5d13711a22ccd3fa382b72a874c5135,2026-08-04T22:18:58,privileged_execution_context;complex_trace,0xf7b5c341,false
25682053,0x305ee3fd6b802078d26af8b03e26df93d5f0900265d2712b05166ff4ba174dea,0x70e59f9c304e4d5096bd408b571e2dcd99c3120b,0xad3b67bca8935cb510c8d18bd45f0b94f54a968f,2026-08-04T22:18:58,complex_trace;high_gas_used_context;token_activity_burst;approval_burst,0x146ee74d,false
25682053,0x53b513704b6d973e2d1bd0439356338a18216c87f3b5ccb5278582cb7aec5ef0,0x5feedece88ae69749dda1f93765b2f9246caca70,0x9e9110cfd24cd851ea5bc73a27975b33e308f9e1,2026-08-04T22:18:58,large_erc20_asset_flow;complex_trace;high_gas_used_context,0xeb7499cf,true
25682053,0x63cec0c884f651ae23e48ef5078915aa6f7de72c808edc20a131941b5698b71d,0xc2acff53fed1309095b744da2d872a2984a6ee24,0x0000000000c2d145a2526bd8c716263bfebe1a72,2026-08-04T22:18:58,high_gas_used_context;token_activity_burst;approval_burst,0x32389b71,false
25682053,0xfd99eb30c88151f37bc0b8889e65399eadeea8e1a9b5863638745cd532134c91,0x05854d0c70d2f696fb3d9c0863100956b795e2ff,0x0fb6e8ecd8ca55c79122f4e114fb46afe1924089,2026-08-04T22:18:58,complex_trace;high_gas_used_context;approval_burst,0x9d83fd7f,false
25682053,0x6a0a6cccefdd140c9a474487b3143dd6a22a83c1003519f785403b5f184f0507,0xb4c5355f35e0fc4a3dafc55f64319416e154fb11,0xf993aef0fe2018d01ec10cbdffeb1836de9c196e,2026-08-04T22:18:59,complex_trace;high_gas_used_context;token_activity_burst,0x11c67213,true
25682053,0x762cc469a0103d061be3606ff93b7859237694a2a51bd4546c06ec8429572fd5,0xdd647ce113505b34c62412d2a804ce1bfbcfc737,0xe68ab4f90fe026b9873f5f276ed2d7efbbbe42be,2026-08-04T22:18:59,dense_internal_fund_flow;large_erc20_asset_flow;complex_trace,0xa994a998,true
25682054,0x326433aa4f13e0dbac2fcc3680c5ec5b17225ce90623cad47407911e2ee158df,0x7830c87c02e56aff27fa8ab1241711331fa86f43,0xa9d1e08c7793af67e9d92fe308d5697fb81d3e43,2026-08-04T22:19:09,dense_internal_fund_flow,0x1a1da075,true
25682055,0x0d572de2c9552fd6a5e1238b51c5244ccd0e1222f27d254dd9ab323db86f1490,0x0045b2d1cff42ad9ad36003bdecf05800b3f19f8,0x03f34be1bf910116595db1b11e9d1b2ca5d59659,2026-08-04T22:19:45,dense_internal_fund_flow;complex_trace,0xe47d166c,true
25682055,0x495cc16042a2c80ae86573d014ee82dcca5101639c66fa9356b8bee10ac64274,0xf9b95cb9f9afa8a9971a65001bc2905327dee682,0xfbfe6b9cee0e555bad7e2e7309effc75200cbe38,2026-08-04T22:19:45,large_erc20_asset_flow;complex_trace,0xccc143b8,true
25682055,0x9b205f1b62a69989a223aa68ec08973049f5c074c5f5faee29ae28f0dc822d9e,0xce269e6ce7e1ba8bd5c1b11c3933c3ebe95742d9,0xcb0151ac9479a6a0261622baa63ae843c9793d45,2026-08-04T22:19:45,large_erc20_asset_flow;complex_trace;high_gas_used_context;token_activity_burst;approval_burst,0x64cd187f,true
25682055,0xb35d6657b0683465c2419b7a4fedde09665e996d7a830a0f50c2b805d7180473,0xf89376824f6d4eb0f173eba178a97f200f3ef6b7,0xee030ec6f4307411607e55acd08e628ae6655b86,2026-08-04T22:19:45,complex_trace;high_gas_used_context,0x6e1537da,false
25682056,0x03dfd67cf73b5ec11890b2094a6dc6706b7abbc84fb1cc022d9bd9dac2950876,0xdd2d158a5083ef7d32f059c312eebb788867ad24,0xcb0151ac9479a6a0261622baa63ae843c9793d45,2026-08-04T22:19:55,large_erc20_asset_flow;complex_trace;high_gas_used_context;token_activity_burst;approval_burst,0x64cd187f,true
25682056,0x41ce3ac57cdc89524a0a46f89c66b1f0174f1c4db5947039a0c401a495f47ec4,0x2002c5209f31c07d479849c87fb4537a5f02cae1,0x34dc124e0ea6e0cdac7605ec3c5153dca17b6ba1,2026-08-04T22:19:56,large_erc20_asset_flow;complex_trace,0x6a761202,true
25682056,0x39037127f5d468c2e0dc60f8284c3d39031f51696fe978962705abeb39508497,0xdd647ce113505b34c62412d2a804ce1bfbcfc737,0x0000000000001ff3684f28c67538d4d072c22734,2026-08-04T22:19:57,large_erc20_profit_to_sender;dense_internal_fund_flow;large_erc20_asset_flow;complex_trace,0x2213bc0b,true
25682056,0x74809a0ecd45cdf2180b5056eac16aafde3e122f5fd92ee7d3d44ec74d3ea409,0x9247f686cb3051a65060204e1993d82c1020177e,0xa11cc0efb1b3acd95a2b8cd316e8c132e16048b5,2026-08-04T22:19:57,large_erc20_asset_flow,0x6ad1b6ac,true
25682056,0xe6f4920c413195ca45fbcb007d161e776952f7e57f0268ec8142816d8d541245,0xc6acbee42e9e323140c1ed060c2f6ea9cc3b4b75,0x7c5a71c9fefbc7691f9d4ac7baf70c743792f716,2026-08-04T22:19:57,selfdestruct_context,0xf3fef3a3,false
25682056,0x5068653b3ac7a08f00d96bcb890fe22a4fec9b71ab0d63600a24c99e75851b0b,0xa154b98e53fc35e1bad1ff758acbc8c629bdcd2b,0x19917386eeae67b6ff7ddf07de4019fca40aa4ec,2026-08-04T22:19:58,repeated_internal_token_drain;dense_internal_fund_flow;complex_trace;high_gas_used_context;token_activity_burst;repeated_risky_internal_calls,0xa9059cbb,true
25682057,0x7223922fa14666c0b4f2e574102950af63a73e546e96b98e143824c36a0d2954,0x60860e4ea4a08f8e90d51237c56c00092d2ef966,0x6131b5fae19ea4f9d964eac0408e4408b66337b5,2026-08-04T22:20:06,large_erc20_asset_flow;complex_trace;high_gas_used_context,0xe21fd0e9,true
25682057,0xe7dcc11f1be23cc44181784bd1d04e623a4c0a7655904dea0e0c0a9f8c66fb74,0xf0db7e6bbba403a044d423ab172d34cd393f89dc,0x4c2b454f7993fb99c998c231498cf6af12d7c983,2026-08-04T22:20:06,repeated_internal_token_drain;dense_internal_fund_flow;complex_trace;high_gas_used_context;token_activity_burst;repeated_risky_internal_calls,0x6a761202,true
25682057,0x5767a97fba815557a7e64dd215ecce6ea418fc5ac3146fcf9bc10145e7648bbe,0x5037eced1eb6ecfa2af3775f9c49296a1fd40c84,0x28b1dc1a5e3699a428bc51d234dfab7c9cb2a183,2026-08-04T22:20:07,dense_internal_fund_flow,0x0c307f76,true
25682057,0x75cd1dc11d8c4b1445722bf06e9f2dd982ddd690dc0720475ea52b0487157c47,0xe2decae3fdcfbf1a024166b249d1bf1295b059ed,0xb300000b72deaeb607a12d5f54773d1c19c7028d,2026-08-04T22:20:07,dense_internal_fund_flow;complex_trace,0x810c705b,true
25682058,0x1550c49a851a0373dca2ec218ce8d2a93ef48bccd642e333a3c101907b67db6b,0x7556699aa8e6a7c9c69bcfaf9debd05f8192b063,0x84cab37995229530d9e6e5cff2f8f4ebe4517d66,2026-08-04T22:20:12,complex_trace;high_gas_used_context,0xe587456a,false
25682058,0x3aea3548b35779eb8a7a9a5779b15419d5131e5ef1f481cd33190096925effec,0xcde89f2f6ee755ef007e0d5eb312fd9a6c2ce193,0x9640c8dd3b96fc35e08ddeba4d04637ba096c426,2026-08-04T22:20:12,large_erc20_asset_flow;complex_trace,0x00000000,true
25682058,0x6d676769423dcab503a7d052773ad5dac9d6c7eaabec90b3dd4c621e94467357,0xf70da97812cb96acdf810712aa562db8dfa3dbef,0xb92fe925dc43a0ecde6c8b1a2709c170ec4fff4f,2026-08-04T22:20:12,dense_internal_fund_flow;complex_trace;high_gas_used_context;token_activity_burst,0xcd6e13f7,true
25682058,0x776cc589b90a77be947ca061753c55583cbc6d7c1f797aa2d0be4ca489b1a63a,0x0c758f39ee88e7a1688b003ad622c36e6a4decac,0x0ba6d224169bbfad4eb2d38c500d2c8e8ede696c,2026-08-04T22:20:12,dense_internal_fund_flow;complex_trace,0x5742f567,true
25682059,0x0b9cd0586a9ae437fc2ceb852ea6984a315687a99ce40e73fc7c36c34f41df48,0xdd2d158a5083ef7d32f059c312eebb788867ad24,0xcb0151ac9479a6a0261622baa63ae843c9793d45,2026-08-04T22:20:21,large_erc20_asset_flow;complex_trace;high_gas_used_context;token_activity_burst;approval_burst,0x64cd187f,true
25682059,0x8a4f35520032cbbd63fde64452a75086a193aa7addf2aae5fa244042c802b3cb,0x7830c87c02e56aff27fa8ab1241711331fa86f43,0xa9d1e08c7793af67e9d92fe308d5697fb81d3e43,2026-08-04T22:20:21,dense_internal_fund_flow,0x1a1da075,true
25682059,0x3c463e26a2f12914e09c964476f1f23d7c65a7d1d3eb0d1e5d48829bea8cda3a,0x4337016838785634c63fce393bfc6222564436c4,0x0000000071727de22e5e9d8baf0edac6f37da032,2026-08-04T22:20:23,large_erc20_asset_flow,0x765e827f,true
25682059,0x5d3193754a74b40ea6742da710b11a148a15b36fb1e42ce37072e12b9c3228a5,0xde992badd92adaf9146255e9bde6a70770973664,0x3d0f22bf11636cc9cb129e2b261eed35a487455c,2026-08-04T22:20:23,complex_trace;high_gas_used_context,0xa9059cbb,false
25682059,0xab08abe146221a2c8dfb3f1e42723fed56a6c1d4c799c27b2bba4962dc7d26e0,0x5037eced1eb6ecfa2af3775f9c49296a1fd40c84,0x28b1dc1a5e3699a428bc51d234dfab7c9cb2a183,2026-08-04T22:20:23,dense_internal_fund_flow;complex_trace;token_activity_burst,0x0c307f76,true
25682059,0xd3103191e917577f871f54705b81b52bf5237a29a6c7a7d99428f7cf22939901,0xdd647ce113505b34c62412d2a804ce1bfbcfc737,0x973a023a77420ba610f06b3858ad991df6d85a08,2026-08-04T22:20:23,large_erc20_asset_flow;complex_trace,0xac9650d8,true
25682059,0xf2e062e786bcd5ad20dc0cffe24cc31a5c875aa9b9a025b732a61e6405b152e3,0x59aab1bd0d26290274398c07b55955c15425e16b,0x00fe78205f5f0e63b8ad2b2ae5337f538a610e04,2026-08-04T22:20:23,repeated_internal_token_drain;dense_internal_fund_flow;complex_trace;high_gas_used_context;token_activity_burst;repeated_risky_internal_calls,0x34fcd5be,true
25682060,0x98e0859f466043c8aa87df6a4d6d36e31fbc0f14f9c9f2bbdef2ee3d354fa2de,0xf70da97812cb96acdf810712aa562db8dfa3dbef,0xb92fe925dc43a0ecde6c8b1a2709c170ec4fff4f,2026-08-04T22:20:33,dense_internal_fund_flow;complex_trace,0xcd6e13f7,true
25682060,0xfad77707739a49015fb29be63e5f6e327e0d3e8558c9ee970f01a49671dcb2b8,0xd3ff67899a5b8f1b268843b7acd4f0bd8acca138,0x28b1dc1a5e3699a428bc51d234dfab7c9cb2a183,2026-08-04T22:20:33,complex_trace;high_gas_used_context;token_activity_burst,0x0c307f76,true
25682060,0x84bd94167c9baaf4e91c22685ef60c52a60ded2748de6af2ea78711e12c8b022,0x00568594ac34b321ba41a27318ed306cce21f880,0x2f6f4b01bbcf6568eab372f9305a6044c47029cb,2026-08-04T22:20:35,very_complex_trace;high_gas_used_context,0x3d546218,false
25682060,0xcf1b9b0e5813474d409cc5e92ecbb3b108dafafb0dd16fa21d2f9dc9dc15ad1e,0x5037eced1eb6ecfa2af3775f9c49296a1fd40c84,0x28b1dc1a5e3699a428bc51d234dfab7c9cb2a183,2026-08-04T22:20:35,dense_internal_fund_flow;complex_trace;token_activity_burst,0x0c307f76,true
25682061,0xcec384b25444193df55ca4c4e0c2cdccadc678cba973de5a1bdc395c3e524fed,0x98280c478b2f8cb5f566d0d5fb0cf7470cb997b8,0x03f34be1bf910116595db1b11e9d1b2ca5d59659,2026-08-04T22:20:44,dense_internal_fund_flow;complex_trace,0xe47d166c,true
25682061,0xeb6e1d4dfefbcf681ad5882a1e308477b1ee09168b3d7ec6bb96c25654a30a07,0xaccb4c33e93b1e9ea63a7413c625a518d199c2e9,0x28b1dc1a5e3699a428bc51d234dfab7c9cb2a183,2026-08-04T22:20:44,dense_internal_fund_flow;complex_trace;high_gas_used_context;token_activity_burst,0x0c307f76,true
25682061,0xc94db460240954e022df4567780d32541e9e6ab3502196e8048c098d331f13c1,0x9235910f410478b89f86e06be0e4535335af6dea,0x00000f91109c4d0007e90000d9facad5298a0cac,2026-08-04T22:20:45,complex_trace;high_gas_used_context;token_activity_burst,0x0053be41,false
25682061,0xa5da0cfe05887dbbb8f1059b62f39ffca6bce4895150a218c7aa2d6ed69ffdd0,0xab20348b346130c3ee31e045a6a57c5530727b12,0x34dc124e0ea6e0cdac7605ec3c5153dca17b6ba1,2026-08-04T22:20:46,large_erc20_asset_flow;complex_trace,0x6a761202,true
25682061,0xbc28d0a7e84735b4a67cce6302ec9146b334ea1c89e46e08da8c1522766bbe47,0x43370402cbeba6ab53fbc8a52894537024a39269,0x4337084d9e255ff0702461cf8895ce9e3b5ff108,2026-08-04T22:20:46,dense_internal_fund_flow;complex_trace,0x765e827f,true
25682061,0x8341485248fc12111c06a1251e6178c125d12bfbad0f3fbd765f4601ba33ae52,0x433702948d7be4201a2bcee6c349ad807c547a5d,0x4337084d9e255ff0702461cf8895ce9e3b5ff108,2026-08-04T22:20:47,large_erc20_asset_flow,0x765e827f,true
25682061,0x9ec41504bef71ffdac03884ab94149870f9a401912b5a2bf021d4aec07e92e12,0x43370240c309f6cc0815929a176609267971224f,0x0000000071727de22e5e9d8baf0edac6f37da032,2026-08-04T22:20:47,large_erc20_asset_flow,0x765e827f,true
25682063,0xd1202b1f3766b95bb3f9d2db7da8af5e006265fe46e25e1dfa0777741f1843cf,0xdd647ce113505b34c62412d2a804ce1bfbcfc737,0x973a023a77420ba610f06b3858ad991df6d85a08,2026-08-04T22:20:59,large_erc20_profit_to_sender;large_erc20_asset_flow;complex_trace,0xd6bda0c0,true
25682063,0x3d6ffce6e09063b0b98c7eefc8f08e653d9814e5cd07b72890107ec735ffd318,0x6cb43cdc8b1f120568c9c7849e1d59644dda45bd,0x0889e9327b98d7d1be3c301a4585ff3330502c9a,2026-08-04T22:21:00,large_erc20_asset_flow;complex_trace,0x1fff991f,true
25682063,0xce07d461e13235d17c5e98902c6e41f649db23600a2129279049695120519b23,0x7830c87c02e56aff27fa8ab1241711331fa86f43,0xa9d1e08c7793af67e9d92fe308d5697fb81d3e43,2026-08-04T22:21:00,dense_internal_fund_flow,0x1a1da075,true
25682063,0xe0b641d86b9919f1fe673fc32adbc8e4e220e110dc1d55e591fc9bf21b463f26,0xf70da97812cb96acdf810712aa562db8dfa3dbef,0xb92fe925dc43a0ecde6c8b1a2709c170ec4fff4f,2026-08-04T22:21:00,dense_internal_fund_flow;complex_trace,0xcd6e13f7,true
25682063,0xf4a27f08c24f1f0a5679580a350d1f9c21a7138119eef147f94b9a1f5973f296,0x5037eced1eb6ecfa2af3775f9c49296a1fd40c84,0x28b1dc1a5e3699a428bc51d234dfab7c9cb2a183,2026-08-04T22:21:00,dense_internal_fund_flow;complex_trace,0x0c307f76,true
25682064,0xe7ed76c3a8d4d8dbbb6cd3baa06388d616c3cf71892106f064d4aa5e085673c1,0x4549fbf04c84aac0d6ab50fb6e19b2c231415390,0x0000000071727de22e5e9d8baf0edac6f37da032,2026-08-04T22:21:43,complex_trace;token_activity_burst,0x765e827f,false
25682064,0x6b97564beb7fe44536ff4f090a0f6f8d4f6948d4f1784a7b8da0d7e4b0ff5db3,0x20340875fab7f05998bd5a7afa0ba7f36a6f8fcd,0xd90acddac86eeeaba70f35a218929c795621607e,2026-08-04T22:21:44,dense_internal_fund_flow;complex_trace,0x9008d19f,true
25682064,0x0e1a22411ee4a0aef566576c4629f5a4679f9a3a7c49070baccb0f26019c57a2,0x595caa1ce7d8cb5df54c017d07d86ed0e24a3b2c,0x18428a1ee4dc771f40b68d4f496b9dc653351a13,2026-08-04T22:21:46,large_erc20_asset_flow,0xbc73ddf0,true
25682064,0x84ea290b5b65a05c20514a87c3a0d5d3ec05177e7751c2f86614590b5b61c925,0x595caa1ce7d8cb5df54c017d07d86ed0e24a3b2c,0x18428a1ee4dc771f40b68d4f496b9dc653351a13,2026-08-04T22:21:46,large_erc20_asset_flow,0xbc73ddf0,true
25682064,0xc5ee1832c74ac6b496486d57e888450529dbac37401afca76201878f6cf8a5f6,0x97ed334b92432827fdad06c4dc9b1c763e86e796,0x6131b5fae19ea4f9d964eac0408e4408b66337b5,2026-08-04T22:21:46,dense_internal_fund_flow;complex_trace;high_gas_used_context;token_activity_burst,0xe21fd0e9,true
25682064,0x33f1f0bb8a3c8bd355f0ea45d0638cd5a0a944bae61ea5e7d91cf7e8e6633601,0xbd5458281982003fc487e9957514406ea373022e,0x6131b5fae19ea4f9d964eac0408e4408b66337b5,2026-08-04T22:21:50,complex_trace;high_gas_used_context;token_activity_burst,0xe21fd0e9,true
25682064,0xafa3ec08d464bf91a50e6622c389d786c7d9806877ee235cdb5a337cd1f621bc,0xdf8adfe10d4a4d9f0fc4d3e377a6e8d5730eb40c,0x06cff7088619c7178f5e14f0b119458d08d2f5ef,2026-08-04T22:21:50,large_erc20_asset_flow;complex_trace,0x99999999,true
25682065,0x4cba241a8895009de078dc5164acce9561088866c0af6074c78d35f7ea27415b,0x18dd3c14e34c1bc379f7538068c59160d9f68e25,0xb92fe925dc43a0ecde6c8b1a2709c170ec4fff4f,2026-08-04T22:21:59,dense_internal_fund_flow,0xcd6e13f7,true
25682065,0xbf22dbc01654989ffefbc3b30e7cd12e312f53063fea56572dcf4d9d85103027,0x0b4c5e9a101d28827330d74e67ae975b6eef96e5,0x2621b38e2b764ede29afa54db0df598068cd410c,2026-08-04T22:21:59,large_erc20_asset_flow;complex_trace,0x0ab35bb0,true
25682065,0xd84cd90cd8962d92870696e4fce94024a04e0ff0775e11a7b15dcf400b826ce4,0x64ddc0430eec16dbf928e985177b5a93f4cb3d27,0xdeadc0de0000e54725ad1bf220324717043e02bf,2026-08-04T22:21:59,large_erc20_asset_flow;complex_trace,0x2f09b372,true
25682066,0x325dcd801d1e2e8b821c750aefc19bbd4717f130cb122b3789864d2d6be0244b,0xeab7366a09ce1a2cd7e114ee231055ef29599d32,0x9640c8dd3b96fc35e08ddeba4d04637ba096c426,2026-08-04T22:22:09,large_erc20_asset_flow;complex_trace;high_gas_used_context;token_activity_burst,0x00000000,true
25682066,0x8776e315b3a5c63f9ceed318bac2b8c14bc567a8a961e80873fc3c35f449db52,0x0e0052a184fd59c6b7e1e99d739802ecb3aec0e4,0xd82461784eb72d4b67cbab077989eb215315e272,2026-08-04T22:22:09,complex_trace;approval_burst,0x805f7b65,false
25682066,0xf7dd2207111f0f269b7cdfa8a7fa703b664585513bc113e0d2c8bc7ce9eb355f,0x81175155d85377c337d92f1fa52da166c3a4e7ac,0x4a4962275df8c60a80d3a25faec5aa7de116a746,2026-08-04T22:22:09,privileged_execution_context;complex_trace;high_gas_used_context,0x6a761202,true
25682066,0x39f5216c61a28b1d34614bd8f9fbb1902834d7d40e2b519de563474c70f4421e,0x5b43453fce04b92e190f391a83136bfbecedefd1,0xbdb3ba9ffe392549e1f8658dd2630c141fdf47b6,2026-08-04T22:22:11,complex_trace;token_activity_burst,0x000000c3,false
25682066,0x4df00602de86796cd8193b04ba2f5b12c71425accd8e3b616a6fe43e66449610,0x754dcfb2861547015b221e963b4133a71dbdc024,0x3e07be15370d8b12d80a159a7ef14b9e51869497,2026-08-04T22:22:11,dense_internal_fund_flow;complex_trace,0x21af54c6,true
25682066,0xd3a6406fabf25b008120742e7683dd4d061d5c9aeb825a0e42963fe35b296798,0xe4193315ec09becc08471d418731087dd6f19cd3,0x6566194141eefa99af43bb5aa71460ca2dc90245,2026-08-04T22:22:11,large_erc20_profit_to_sender;large_erc20_asset_flow;complex_trace,0x374f435d,true
25682066,0xe269cd974180e5181a2c91b26c9f9efbda514ebe7b46d3c74d5438d2890fa3e4,0xf7bac63fc7ceacf0589f25454ecf5c2ce904997c,0xca11bde05977b3631167028862be2a173976ca11,2026-08-04T22:22:11,dense_internal_fund_flow;complex_trace;high_gas_used_context;token_activity_burst,0x252dba42,true
25682066,0xf538a488d4c3794e9aec6307e1421359686f91e0da4fe88b19b8ca3a03aa0404,0xc6acbee42e9e323140c1ed060c2f6ea9cc3b4b75,0x7c5a71c9fefbc7691f9d4ac7baf70c743792f716,2026-08-04T22:22:11,selfdestruct_context,0xf3fef3a3,false
25682066,0x46cdc96a300466607644341be7ed005a5ec9eae708e96bee76b968f7536a3c8b,0x6cd9d6a11526a481b2f54be3db3f4b37be8cb2c9,0x33f0a401f7fb024e71d77ddc9c4e6ff8a3e22c69,2026-08-04T22:22:12,complex_trace;high_gas_used_context,0x3a276523,false
25682067,0x5a442b42c1a91d8961c4c83f9937edb716a0ec3a533a40a0f98d5610a98364e4,0xd924cff523498d0c600bd322864084269c7bf1f9,0xb300000b72deaeb607a12d5f54773d1c19c7028d,2026-08-04T22:22:25,dense_internal_fund_flow;complex_trace,0x810c705b,true
25682067,0xd5f51b8b556496960c0840ac794064c983708d96df658c340e5f175dc4b9f2bb,0x30a1b724c9dfe2e12a19ed84878312d199d1519e,0x50d3865a63d52c0a54e4679949647ea752107390,2026-08-04T22:22:25,complex_trace;high_gas_used_context;token_activity_burst,0x00000000,false
25682067,0x302b4b04f84f98d5637091c70a274ac77fac9f29ca16fb1c29b7e5ad8fbd3b95,0x48b8470fd956b5778fded969cfa8e0fefd24c55e,0xcb0151ac9479a6a0261622baa63ae843c9793d45,2026-08-04T22:22:26,large_erc20_asset_flow;complex_trace;high_gas_used_context;token_activity_burst;approval_burst,0x64cd187f,true
25682067,0x9415eda94761dacf28a1cb14eb87b9b6ec2b495f2ffc0566358b06f36014ea9a,0xcb9929620a35a581e3d1e0d5fdb19a27c860ab50,0x8b0e1ff24ea6aa383e54757e9fed2d7fe8d243ad,2026-08-04T22:22:26,very_complex_trace;high_gas_used_context,0x4646a094,false
25682067,0xad02e5190cd69d021b9aea5f68fe1744ae6354f6dee57f289508de1185bce626,0xf888bd1fc43d4cf0fd68af3c76a36d9c63d9c41e,0x0b7eec847c927e1ea2d6301894923aa39867638f,2026-08-04T22:22:26,dense_internal_fund_flow;very_complex_trace;high_gas_used_context,0x36e8d774,true
25682067,0xe3152bf215e4f51839a5a79503ebab2c32cb0ed38b32b1ce5f7579da8a2ee24b,0x878d4951f5626dc76ddfb17f62c12c6e92606c9b,0xf6dca199ef4a0a936dd117d0513efd98542dede9,2026-08-04T22:22:26,very_complex_trace;high_gas_used_context,0xd829e0e3,false
25682067,0x8ed36f3b88124b5b9d8aa4f13d27f04d4d5c63bc0979830b528044049d51bd6b,0x59aab1bd0d26290274398c07b55955c15425e16b,0x00fe78205f5f0e63b8ad2b2ae5337f538a610e04,2026-08-04T22:22:28,complex_trace;high_gas_used_context;token_activity_burst,0x34fcd5be,false
25682067,0xd0707feb60f8e0ab4317dd5b897f6e8b9f2b26160ac003d804fe619cbc824bab,0x7f139b3d435668bc159b9cca1a5adeaa9a143600,,2026-08-04T22:22:28,privileged_execution_context;high_gas_used_context;contract_creation_context,0x61016060,false
25682067,0x0814499faa6f6e485974562896457d2e1bd502ebdd788a77b79e005154bd2bb0,0x161643f280b09be8e0271eef8efc6c264d125003,0x84fee5c97dc2fafcfdfdafa4b7d8cd39421cac31,2026-08-04T22:22:29,dense_internal_fund_flow;token_activity_burst,0xa9059cbb,true
25682068,0x7124267be42b15f965d5a32d80b8535377d4803f191b8f13e2cd26f0493e6452,0x970df0f4bd124df46b1dee31329f7444f9e66b68,0xd226997439ecfbeff8e110c8c78c8a7eefd19f89,2026-08-04T22:22:36,large_erc20_asset_flow;complex_trace,0x99999999,true
25682068,0x9d8d253419bd1f3337188b2666e52ec3d0ab7c6ad31b06e47ca996e804789ed5,0xdd647ce113505b34c62412d2a804ce1bfbcfc737,0x94e7a5dcbe816e498b89ab752661904e2f56c485,2026-08-04T22:22:37,large_erc20_asset_flow;complex_trace,0xac9650d8,true
25682068,0xaa5c1965e110a5eaba4667d2f784afe47e8a82b023834aa660acd1dbfc3463a6,0xf762a42aaa5ccb475593300293466168d14a854d,0x28b1dc1a5e3699a428bc51d234dfab7c9cb2a183,2026-08-04T22:22:37,complex_trace;high_gas_used_context,0x0c307f76,true
25682068,0x1494e433ce9a56bb7f465d73868d051ccab06d20271d163a820a071d93bd8b1f,0x00d9fe085d99b33ab2aae8063180c63e23bf2e69,0x75884f3ada15c953529abaac6549d5204135ec36,2026-08-04T22:22:39,high_gas_used_context;token_activity_burst,0xa9059cbb,false
25682068,0x9afbae1eee2393b027bdf632a68f98268745d8582ceef71c991cb402b371466b,0x4d273fef0c1b553db8a3da737b61de42351e9b42,0xa2a1bf5a83f9daec2dc364e1c561e937163cb613,2026-08-04T22:22:39,privileged_execution_context,0xae666ab6,false
25682069,0x13281c3e5e4d7507596a9693a62cf34365c1caa44f0a3de2bc51c5b2d6f13a0b,0x7830c87c02e56aff27fa8ab1241711331fa86f43,0xa9d1e08c7793af67e9d92fe308d5697fb81d3e43,2026-08-04T22:22:48,dense_internal_fund_flow,0x1a1da075,true
25682069,0x6c15e8ed050119a4bf6be8472e917bfdfac2e42ff36c738f3020925d1b60c310,0x6996286d27ec95b1fcf81589df365002b9b8cda7,0x0439e60f02a8900a951603950d8d4527f400c3f1,2026-08-04T22:22:49,large_erc20_asset_flow;complex_trace,0x3ce33bff,true
25682069,0xa10567b58515788587398502c1f7bca67381bdbd1d9b90a653b16778c4ee56b0,0xcadec70e72b765096a56ba33885be36294187000,0x0c2705cf48e49cc896252dd16dc8c5d31df753b2,2026-08-04T22:22:49,privileged_execution_context;high_gas_used_context,0x8e29b73d,false
25682069,0xac626ae97f437de7fea6b2bf9cb1438b8292de093e4132693904f8a476ab91f0,0x7830c87c02e56aff27fa8ab1241711331fa86f43,0xa9d1e08c7793af67e9d92fe308d5697fb81d3e43,2026-08-04T22:22:49,large_erc20_asset_flow;token_activity_burst,0xca350aa6,true
25682069,0x6e153dec53b8d2036b35109f5329bd888af4fe9383b89c2e4ef084d4f86eca92,0x18dd3c14e34c1bc379f7538068c59160d9f68e25,0xccc88a9d1b4ed6b0eaba998850414b24f1c315be,2026-08-04T22:22:51,very_complex_trace;high_gas_used_context;token_activity_burst,0x0a2b8f36,false
25682069,0xbd18cb4c773a55ed1468e8ce2d12eae5fc32608bc53d45b9b7f0ea3075218ee0,0x331d9a049d496385998067abf6cbb6371c8d2466,0xb92fe925dc43a0ecde6c8b1a2709c170ec4fff4f,2026-08-04T22:22:51,complex_trace;high_gas_used_context,0xcd6e13f7,false
25682071,0x0bf338df1d6acdc45f0ee117c67aee3ddf9eb448e0d92140e5a45b7396e82cb8,0xe20446cccbfd5f9038e747f1dea8016ecbd94ae5,0x442be06bb5d13711a22ccd3fa382b72a874c5135,2026-08-04T22:23:07,privileged_execution_context,0xf7b5c341,false
25682071,0x1f8c034d1f51bd62571451916125453ee92ea0e045fae365a9340f44346af5a9,0x5b43453fce04b92e190f391a83136bfbecedefd1,0xbdb3ba9ffe392549e1f8658dd2630c141fdf47b6,2026-08-04T22:23:07,complex_trace;token_activity_burst,0x000000c3,false
25682071,0x553ce45418bc9bed08357621c33a1519639a9800e714b93079a0e6cd0d2a81e7,0xe99bd1c2dd70cd58e5efd47887991700e7318ce2,0xad3b67bca8935cb510c8d18bd45f0b94f54a968f,2026-08-04T22:23:07,complex_trace;high_gas_used_context;token_activity_burst;approval_burst,0x146ee74d,false
25682071,0x573f4e9400b942893725424cdf91e0f3831666e381de9ebf982e2026e3d811e1,0x80d04079ffc53eb14edbeeb37279d126f45552df,0x609b08b0cb2dd11abbdf8bd37323ebbec7bfc007,2026-08-04T22:23:07,repeated_internal_token_drain;dense_internal_fund_flow;complex_trace;high_gas_used_context;token_activity_burst;repeated_risky_internal_calls,0x8aaa8f3b,true
25682071,0x773b212567818d92fee7270d22032b598a9ef748ff07e2bfbe8651e375c03dab,0x4337021d22bcd0775a0fd1b4a6665051dc15d995,0x0000000071727de22e5e9d8baf0edac6f37da032,2026-08-04T22:23:07,privileged_execution_context;complex_trace,0x765e827f,false
25682071,0xfface57e696d2320dd0db4536113970f85b7d2ea2ccfce0b4141a798819fa5c4,0xf279dfcdd57e1571c95e2c5b7e2ee453cbcdf77f,0x0000000071727de22e5e9d8baf0edac6f37da032,2026-08-04T22:23:07,dense_internal_fund_flow;complex_trace,0x765e827f,true
25682071,0x3006e085cbb4afcab4e7d3ac8cbbedde9a0a91ff62cb981f575cf8f78c8cbd8b,0x1f4833139f8a5bbbb5ead44b92da54a03d7ea442,0xb3399f360f75911f52a636a56f86c995ca5cae6a,2026-08-04T22:23:08,large_erc20_asset_flow;complex_trace;high_gas_used_context,0x80cf90a2,true
25682072,0x8174956197d48db31e061b352ed2a8c7622470420c462f322fa427ebb27f99d2,0xf23d535a88ebf8faf018b64cdeb1d27c8414dc69,0x0ccb9a2a5ad747baeebf00385da9e98f2e5dc829,2026-08-04T22:23:16,large_erc20_asset_flow;complex_trace,0x3da9b9d0,true
25682072,0xc1dd61bc02470cc6b323f14bc058544018d376a9a1492bf79e1fe2046608fcd4,0x52fc8f32a504da8a4294762feb216000b080954a,0x0439e60f02a8900a951603950d8d4527f400c3f1,2026-08-04T22:23:18,complex_trace;high_gas_used_context,0x3ce33bff,false
25682072,0x71d550b6945c492178b3edeef1cd090c9f43c8a03e0a401fae705d4ff60144a3,0xdd647ce113505b34c62412d2a804ce1bfbcfc737,0xe68ab4f90fe026b9873f5f276ed2d7efbbbe42be,2026-08-04T22:23:19,dense_internal_fund_flow;large_erc20_asset_flow;complex_trace,0xa994a998,true
25682073,0xc26ce4a20d638986ff6bb11ce916d65b7240e8b181e28f9c67e34589461a1692,0x04aed92feecdd42d9cbf1639539db81f76468fb6,0x6e8ca8b6aebbd5b1da69cb56fba6cd94c41f46f4,2026-08-04T22:23:22,complex_trace;high_gas_used_context;token_activity_burst,0x6a761202,false
25682073,0xc25aba5b00b5198c13c345cf9de788355db6ffbee5dee2ff0e702d142970b270,0xd059075bf71107c56522b60354feb51edd1654bf,0x6131b5fae19ea4f9d964eac0408e4408b66337b5,2026-08-04T22:23:24,complex_trace;high_gas_used_context,0xe21fd0e9,true
25682074,0x87d0f11335f9e35f09b7a2c0faad0643b0cadb5498356e23bba03bb802b29cf8,0x7830c87c02e56aff27fa8ab1241711331fa86f43,0xa9d1e08c7793af67e9d92fe308d5697fb81d3e43,2026-08-04T22:23:32,dense_internal_fund_flow,0x1a1da075,true
25682074,0x622f0bcb82550199bfb1503d2d1d16b6c1828fd8dce46fdce566ee5f7d53a60a,0x2b3fed49557bd88f78b898684f82fbb355305dbb,0x09c30cdcdd971423cb3ba757a47d56c35d06d818,2026-08-04T22:23:34,dense_internal_fund_flow,0x318adb8b,true
25682075,0x2eccb627c9d6d4b3a7cae102ce0a758882e49333f5721202afec6f2bfd8bdae3,0xde992badd92adaf9146255e9bde6a70770973664,0x3d0f22bf11636cc9cb129e2b261eed35a487455c,2026-08-04T22:23:36,complex_trace;high_gas_used_context,0xa9059cbb,false
25682075,0xa962cbf5abfdefa794006edb043aafb78bf6b5e82f7ddbfdc8c44a75a09d42c4,0xde992badd92adaf9146255e9bde6a70770973664,0x3d0f22bf11636cc9cb129e2b261eed35a487455c,2026-08-04T22:23:36,complex_trace;high_gas_used_context,0xa9059cbb,false
25682076,0x7ebe714b81f291b8c43077469c57dd464b80c75ad1ead39394c646408c13aa2a,0x9359269cfbb80d154129dd9b0074cd7336b9a3a6,0xbdb3ba9ffe392549e1f8658dd2630c141fdf47b6,2026-08-04T22:23:44,dense_internal_fund_flow;large_erc20_asset_flow;complex_trace,0x000000cc,true
25682076,0x4099f7d5824e5235d66cf0f71138aa58a61b925fc512db5025ed151d1e1ad12d,0x331d9a049d496385998067abf6cbb6371c8d2466,0xccc88a9d1b4ed6b0eaba998850414b24f1c315be,2026-08-04T22:23:46,dense_internal_fund_flow;complex_trace,0x0a2b8f36,true
25682076,0x994c92e4b184b646caa6ce1202859f68d95ec08a6917fd43f5502896c8b51a18,0xe8d8bb57edf69e4daf806ba60bf2658c81eb91db,0x6131b5fae19ea4f9d964eac0408e4408b66337b5,2026-08-04T22:23:46,large_erc20_asset_flow;complex_trace;high_gas_used_context,0xe21fd0e9,true
25682076,0xf0493a90c33416b4b61a0e296d4a75270ef9090dfc78ce5ea159ef08432d48f3,0x7d43fe141f683b7830cb6d996a89d183b1c64f83,0xee030ec6f4307411607e55acd08e628ae6655b86,2026-08-04T22:23:46,dense_internal_fund_flow,0x6e1537da,true
25682076,0x2fef104bf41cb088050f930d193de6a6f2485e4b9858a118052daa9cd2413601,0x43370351c9a297bf8377ca1e46576401a9ac4bba,0x0000000071727de22e5e9d8baf0edac6f37da032,2026-08-04T22:23:47,privileged_execution_context;complex_trace,0x765e827f,false
25682076,0x398224c2cd8eccf35acb7c253a73ad8e80626aa92c2c422b1ec8073d1863a8c8,0x4337031ade3a53d10121f350369907076b6d32a4,0x0000000071727de22e5e9d8baf0edac6f37da032,2026-08-04T22:23:47,privileged_execution_context;complex_trace,0x765e827f,false
25682076,0x3a3380dec17bb8c0af8f932991179b459ecee4fee3e86743f416188a02bcd86f,0x42eb38f40fee116762cbed69145125325c55f121,0x6566194141eefa99af43bb5aa71460ca2dc90245,2026-08-04T22:23:47,large_erc20_asset_flow,0x374f435d,true
25682076,0xb241ed9bf77201ec67731c891d8dfd58fceb8f5e05e4bcd5bb66712e5d8047a8,0xc6acbee42e9e323140c1ed060c2f6ea9cc3b4b75,0x7c5a71c9fefbc7691f9d4ac7baf70c743792f716,2026-08-04T22:23:47,selfdestruct_context,0xf3fef3a3,false
25682076,0x4d4d79fce60bc5114f0c616dd3ee038d376ebc05f66c5955b360db7d590720d8,0xb992ad53ee7dbdaa7e01631f97a2f05c10ed9f00,0x6131b5fae19ea4f9d964eac0408e4408b66337b5,2026-08-04T22:23:50,large_erc20_asset_flow;complex_trace,0xe21fd0e9,true
25682076,0x73c7cb5b9d322a8d38f6c21e710b74eafc76fcda9a1df8e9b112cea45053e79b,0x435b3539f68283dd44f03a4bfe8666c0f6187033,0x0000000071727de22e5e9d8baf0edac6f37da032,2026-08-04T22:23:50,complex_trace;high_gas_used_context;token_activity_burst,0x765e827f,false
25682076,0x82b6df99b9fe5d9d2cfe89cd553273fbd78b83dfc16afb52854c3d644ba45960,0x3749dd5d2820dc16f8128c81b14a3eba5826e04f,0x5ff137d4b0fdcd49dca30c7cf57e578a026d2789,2026-08-04T22:23:50,dense_internal_fund_flow;complex_trace,0x1fad948c,true
25682077,0x16909305f690b308910f5b20fbf808fed583adb6386286b2fbd4b6d448aec5fa,0xb0b01b34eacdadb6403279133ee3fe5139522284,0x03f34be1bf910116595db1b11e9d1b2ca5d59659,2026-08-04T22:23:54,dense_internal_fund_flow;large_erc20_asset_flow;complex_trace,0xa32fe0a1,true
25682077,0x2adfa5d90fb3babbe0a1e762efbd117db27af213073846b1dbc9870a32ef64d0,0xc6acbee42e9e323140c1ed060c2f6ea9cc3b4b75,0x7c5a71c9fefbc7691f9d4ac7baf70c743792f716,2026-08-04T22:23:55,selfdestruct_context,0xf3fef3a3,false
25682077,0x830c34db122c3d720894aac1888eb60ff05cd574c802de91807c7283717638cb,0x331d9a049d496385998067abf6cbb6371c8d2466,0xb92fe925dc43a0ecde6c8b1a2709c170ec4fff4f,2026-08-04T22:23:55,dense_internal_fund_flow;complex_trace,0xcd6e13f7,true
25682077,0xcd3fd9266828323dd7cfd3e8112f439d25006934dc2e133d4c2dba49244adcc4,0xa5a5491bca93dd4c076e4906e79e7673f4a5a142,0xccc88a9d1b4ed6b0eaba998850414b24f1c315be,2026-08-04T22:23:55,dense_internal_fund_flow;complex_trace;high_gas_used_context;token_activity_burst,0x0a2b8f36,true
25682078,0x05081fbb1bb4065b26aecded446dc069ed27d17e394395b5bb2be18137ad98d1,0x7e4c00bdf9dab0ca4b1d2d32337b82fe22d4bdd0,0x25ed72c3f671b626810a6db597dcfd50f215a423,2026-08-04T22:24:16,complex_trace;token_activity_burst,0xf1c95699,false
25682078,0x20dfa4d70993eaf32ad5978c8a1e4bf5e5457f9f4dec2067168993caea5f9c47,0xf2a14015eaa3f9cc987f2c3b62fc93eee41aa5d0,0x8992273ed68bac36d55f69054140ff4284faf627,2026-08-04T22:24:16,repeated_internal_token_drain;dense_internal_fund_flow;very_complex_trace;high_gas_used_context;token_activity_burst;repeated_risky_internal_calls,0xaee25613,true
25682078,0xd434155e3b47eeded79b175fd5a718ea69042bf2c41fb4a97fa85c4291c1dafb,0xf2a14015eaa3f9cc987f2c3b62fc93eee41aa5d0,0x8992273ed68bac36d55f69054140ff4284faf627,2026-08-04T22:24:16,dense_internal_fund_flow,0x25245b26,true
25682078,0x72956397bda1e87d0e9c63bf1f3fcb54ef793d6992adea9d2bfdc1e4507bec6d,0xe99bd1c2dd70cd58e5efd47887991700e7318ce2,0xad3b67bca8935cb510c8d18bd45f0b94f54a968f,2026-08-04T22:24:17,complex_trace;high_gas_used_context;token_activity_burst;approval_burst,0x146ee74d,false
25682078,0x22eebdad4031eb77d00ec8da9ff5bd8760c6498e3215e5d19e415950ff50df7e,0x200b7efa13411528e313c6b988479168323dfd36,0x2ed473f528e5b320f850d17adfe0e558f0298aa9,2026-08-04T22:24:20,complex_trace;high_gas_used_context,0x7fa1669e,false
25682078,0x09ec339cd46e8cd60595c9ff67f75bbf6668377daf9a3555a1b12fa5b90807fc,0xa332a1953feb74ddc123d7c6b1693ce9a5290749,0x337685fdab40d39bd02028545a4ffa7d287cc3e2,2026-08-04T22:24:21,complex_trace;high_gas_used_context,0x30dedc57,true
25682078,0x2711b1c095299ed7989af683cc27c521d88656af5f440bfaac945c9dcd345381,0xdd647ce113505b34c62412d2a804ce1bfbcfc737,0x0000000000001ff3684f28c67538d4d072c22734,2026-08-04T22:24:21,large_erc20_profit_to_sender;dense_internal_fund_flow;large_erc20_asset_flow;complex_trace,0x2213bc0b,true
25682078,0x2ba8cad8912055f3f18ed52da239eacdde6c80cd1d0fbe00851902b162d483f9,0x4d5e56a4426519fe4f2aab880c592a346bf5bb9c,0xb294994f367302f7f831d2cb2b13615d7656d997,2026-08-04T22:24:21,complex_trace;high_gas_used_context,0x35e60e5b,false
25682078,0x4ad7be5d8f61c602c0e2eb102541b1819d65f849c16641204e173730be4056ec,0xb6b6601549d14becb16c93d36c519ebaba0ef98b,0x07964f135f276412b3182a3b2407b8dd45000000,2026-08-04T22:24:21,large_erc20_asset_flow;complex_trace;high_gas_used_context;token_activity_burst;approval_burst,0x6b3ec416,true
25682078,0x67aade902aa69488f3217825f91f1fcd0fc56fa20b4992fc02e8b35e7506a04c,0xde992badd92adaf9146255e9bde6a70770973664,0x3d0f22bf11636cc9cb129e2b261eed35a487455c,2026-08-04T22:24:21,complex_trace;high_gas_used_context,0xa9059cbb,false
25682078,0x998620ad08ef4a89361d47031f2e47ea641a26367c3f0b0126c93063ae1adb68,0x99a5b028d785a7bd475339b1f8548d6d659ce5c2,0x2d83ff1cb1c79c68fe530d35f439a92a645faded,2026-08-04T22:24:21,large_erc20_asset_flow;complex_trace,0x07ed2379,true
25682079,0x3d8c6d9e9fda4d07ea406c904323385e2516f2381a70721c708184598f7e7293,0x7830c87c02e56aff27fa8ab1241711331fa86f43,0xa9d1e08c7793af67e9d92fe308d5697fb81d3e43,2026-08-04T22:24:33,large_erc20_asset_flow;token_activity_burst,0xca350aa6,true
25682079,0x9a7857ac6614c20a7c20ca1b01479c7504e7a0e1b9b0e586b243b221b719e971,0x7830c87c02e56aff27fa8ab1241711331fa86f43,0xa9d1e08c7793af67e9d92fe308d5697fb81d3e43,2026-08-04T22:24:33,dense_internal_fund_flow,0x1a1da075,true
25682080,0x4ad24a8bb12062baf8d56d263a17cdaa546d4da97e7d15b9222f4d9e31604508,0x39419e2f124a2bff928c64494bff67bae96c83d3,0x2d5805a423d6ce771f06972ad4499f120902631a,2026-08-04T22:24:39,large_erc20_asset_flow;complex_trace,0xf497df75,true
25682080,0x31ebc66280d39858a0339b35a77675aeb94039905006a7856308428c29895bae,0xb713bb675e7f0b0d400130bca8a556bb7aabc62d,0xe1b6a9c51eec4a303988780862d70c0f3bfca33d,2026-08-04T22:24:40,dense_internal_fund_flow;complex_trace,0x5e4dedb9,true
25682080,0x4aa97720004707d99f5a3f217e6e33fd3ec016cf98a693f8726e56f39feb1920,0x467cc59f1ce2045b0cdc4e85d941bd8cb8dcbd2e,0xee030ec6f4307411607e55acd08e628ae6655b86,2026-08-04T22:24:40,dense_internal_fund_flow;complex_trace,0x6e1537da,true
25682080,0x685410bf1bb19b8ef8e6b2edd55c6fb01181ab8f06df2b301bdb917f8476210a,0x99a5b028d785a7bd475339b1f8548d6d659ce5c2,0x2d83ff1cb1c79c68fe530d35f439a92a645faded,2026-08-04T22:24:40,dense_internal_fund_flow;complex_trace;high_gas_used_context;token_activity_burst,0x07ed2379,true
25682080,0x9d834a47a2dd0fe84614160060882c2f67463422f581fb731c6a22cbcd6f0976,0xc0d9af98ddc4f15755593388db22806980d13adc,0xae68b7117be0026cbd4366303f74eecbb19e4042,2026-08-04T22:24:40,complex_trace;high_gas_used_context,0xe4a9b20e,false
25682080,0xaf1f790c8a37b695859de8c8b1d0b2f3668e77a25ccd8b5e9ff45f99d049c05d,0x386b17689ccbcb683be68319821af7ef7b9fbf5e,0x99e66f3ce49266bd04a64d989ea63df0b8f43b80,2026-08-04T22:24:40,large_erc20_asset_flow;complex_trace;high_gas_used_context,0x03140314,true
25682080,0xbd053f2cdf8a33e16efe444c61f87e51bc5e0eb331eee266b76423d015aa1dd8,0xe3d10ab6a5266c80df834474901b9c1c084173c1,0xee030ec6f4307411607e55acd08e628ae6655b86,2026-08-04T22:24:40,complex_trace;high_gas_used_context;token_activity_burst,0x6e1537da,false
25682080,0xd1060794b44a7953f4cb3dcefab31192087ac25467027f07cea2d8e30889ff28,0x70e59f9c304e4d5096bd408b571e2dcd99c3120b,0xad3b67bca8935cb510c8d18bd45f0b94f54a968f,2026-08-04T22:24:40,complex_trace;token_activity_burst,0x146ee74d,false
25682080,0xd3fd41701c1df13e1ecb443394ff83045fe2604724bf4e04e41544ef84f47a43,0xe99bd1c2dd70cd58e5efd47887991700e7318ce2,0xad3b67bca8935cb510c8d18bd45f0b94f54a968f,2026-08-04T22:24:40,complex_trace;high_gas_used_context;token_activity_burst;approval_burst,0x146ee74d,false
25682080,0xe755cb16cd8bae13ce8e1977d2536f96edb9d4a7e0391069ce0a7f9e000c0e54,0xda87a28fcd476d42385b07dfc1d4da7af2aa1775,0x4337084d9e255ff0702461cf8895ce9e3b5ff108,2026-08-04T22:24:40,dense_internal_fund_flow;complex_trace,0x765e827f,true
25682080,0x1151e0d8fcc9ad23cb076a94af24b67f0e27a878383ed676f87128c688ab753b,0x00568594ac34b321ba41a27318ed306cce21f880,0x2f6f4b01bbcf6568eab372f9305a6044c47029cb,2026-08-04T22:24:41,very_complex_trace;high_gas_used_context,0x3d546218,false
25682080,0x2231237e19be058861227ae3b5bcc720d7d92f15163ce46a644d875d89ec633a,0xa67d7eb4dc68fa6ce8e34ef8cadaf075b9893fbb,0xccc88a9d1b4ed6b0eaba998850414b24f1c315be,2026-08-04T22:24:42,dense_internal_fund_flow;complex_trace;high_gas_used_context;token_activity_burst,0x0a2b8f36,true
25682081,0x1c6532e47b7c8660ab5dc996df432c185c753e3da358f9be4c399a8091050c55,0xe2da046340e00264c4f0443243a0565007ae08ac,0x923c7ae586b748da0fbea964c7a6089569bad61c,2026-08-04T22:24:48,complex_trace;high_gas_used_context,0x380db829,false
25682081,0x3712d8e834afd1feed95968e3ad3178f728481e8b92358b71a250aa707dc51c8,0x9576fa6c7e3cb4525a28a23d89811e3894165b43,0x06af7b6731c445c7d77662d1d293e76807c89cdd,2026-08-04T22:24:48,large_erc20_asset_flow;complex_trace;high_gas_used_context;token_activity_burst,0x601881f3,true
25682081,0x4ae726fc81616e86c25e398add85388374b2a01db2eb389fbd65c3e5bec69f65,0xe4b7498164aaaad2362d5327e81aba70d364184c,0xf9280799c85d376e0425f6fb38e4a674e8bedb56,2026-08-04T22:24:48,major_dex_price_change,0x39ecce49,true
25682081,0xc5fd1c1838e1a1d122c54150823f3c7f2a18efd8ce5491298f2aa7234e127f2a,0xc6acbee42e9e323140c1ed060c2f6ea9cc3b4b75,0x7c5a71c9fefbc7691f9d4ac7baf70c743792f716,2026-08-04T22:24:48,selfdestruct_context,0xf3fef3a3,false
25682082,0x1f8a49cb62d638fd8a6eb8c391d3b2c093918478d0dd9512c2b5e6b48d72a343,0xc6acbee42e9e323140c1ed060c2f6ea9cc3b4b75,0x7c5a71c9fefbc7691f9d4ac7baf70c743792f716,2026-08-04T22:24:58,selfdestruct_context,0xf3fef3a3,false
25682082,0x48736bcc3407cf598e4c3c1f1a78323578717a02728667c879d2b482ed0699f6,0xe99bd1c2dd70cd58e5efd47887991700e7318ce2,0xad3b67bca8935cb510c8d18bd45f0b94f54a968f,2026-08-04T22:24:58,complex_trace;approval_burst,0x146ee74d,false
25682082,0x5bb66fb09e7edb82ccc770db8610ed7bf263e99e55354afbdb94e1e723530f3f,0x6996286d27ec95b1fcf81589df365002b9b8cda7,0x0439e60f02a8900a951603950d8d4527f400c3f1,2026-08-04T22:24:58,large_erc20_asset_flow;complex_trace,0x3ce33bff,true
25682082,0x03742d03344c4ea0ae2d301e1e6dd3c019d7e08c55e49df55b00b017e95163e8,0x625a840144253a7dcb638de03454d6f281616ed3,0x6566194141eefa99af43bb5aa71460ca2dc90245,2026-08-04T22:24:59,large_erc20_asset_flow;complex_trace,0x374f435d,true
25682082,0x47469259fa5d0b48035f0e9d5740f44b36d6a0375a9f88155e0b81b22c919a65,0x94bfafeaf1bc5ce98606abac55273b1f5b9d51fb,0x28b1dc1a5e3699a428bc51d234dfab7c9cb2a183,2026-08-04T22:24:59,dense_internal_fund_flow;complex_trace,0x0c307f76,true
25682082,0x48d41556b1ae0c24390565fe633e96dd4406a107d466d39be29dd645ec4488c6,0x1584a8ee67789d1fe161065388657ad2f2a3c7dd,0x77eb52e44db06777bce478159f25c0d55a295314,2026-08-04T22:24:59,repeated_internal_token_drain;dense_internal_fund_flow;complex_trace;high_gas_used_context;token_activity_burst;repeated_risky_internal_calls,0xa9059cbb,true
25682082,0xbf1700699a2b2e50e7f1b2259cfb7b1e67d44aaa13eeabda2e8ef2bcdcf9c0f7,0x3431172c887cf150d9fdaba9876273d9db566367,0x64f5aad0e38e2ff9f50f2e51e813e49c05aca41a,2026-08-04T22:25:00,repeated_internal_token_drain;dense_internal_fund_flow;complex_trace;high_gas_used_context;token_activity_burst;repeated_risky_internal_calls,0xa9059cbb,true
25682082,0x1d574df81fedae57bbcbe5225f9cf074cb12ee853c0a0ba5db36b0e93746e58e,0x5221d411ea142d71180956bebc4deed43f9c174b,0xf2e6ed63bb255e51b64337c67fb4898aa979da6b,2026-08-04T22:25:03,large_erc20_asset_flow;complex_trace,0xf4e0d968,true
25682083,0x437fb67919804636c32dbc7c70ce49ded773ee652dd6cdb4583b483acc24e85a,0xea7c228def6e373cd521eae2a4ec0cf8c7a80ba0,0xf4e147db314947fc1275a8cbb6cde48c510cd8cf,2026-08-04T22:25:11,privileged_execution_context,0x760d0f9d,false
25682083,0x6ecfb5e58c303d36e00532885c68f0351d5bdfe83e4af0a489f538ef1b42fc47,0xde992badd92adaf9146255e9bde6a70770973664,0x3d0f22bf11636cc9cb129e2b261eed35a487455c,2026-08-04T22:25:11,complex_trace;high_gas_used_context,0xa9059cbb,false
25682083,0xa87aac82250e793722ceb83f77986786765b2884e8bbc6f2e375ef667afd7de8,0xab20348b346130c3ee31e045a6a57c5530727b12,0x34dc124e0ea6e0cdac7605ec3c5153dca17b6ba1,2026-08-04T22:25:11,large_erc20_asset_flow;complex_trace,0x6a761202,true
25682083,0xdad6e8136290f834c5e131ddb2349faec247820579ff9a63fbc61c628e8c4310,0x5b43453fce04b92e190f391a83136bfbecedefd1,0xbdb3ba9ffe392549e1f8658dd2630c141fdf47b6,2026-08-04T22:25:11,dense_internal_fund_flow;complex_trace;token_activity_burst,0x000000c3,true
25682083,0x184bc1f68d22f93cc996c41d02cf78932da7aade106ff0752b0ebd0fe456cde0,0x31f1452d6f726cc8e03856e7b4cfc040e0addb67,0xee030ec6f4307411607e55acd08e628ae6655b86,2026-08-04T22:25:12,dense_internal_fund_flow;complex_trace,0x6e1537da,true
25682083,0x2ac349cef477b0aa4f2e97eb8a6fd06b4f585ba6a8bc4bed609997605e30ba78,0x943810707e090f1bdc486c4c990d43da3b162e52,0xa9d635ef85bc37eb9ff9d6165481ea230ed32392,2026-08-04T22:25:12,complex_trace;high_gas_used_context;token_activity_burst,0x13d79a0b,false
25682083,0xa9482b6bf21460c4db4571f16fa7ced8cb22365a410d92186c8c1914c8a32673,0xcdc98dfda0ba49b0f9079baacbca4feaedcc0eb3,0x28b1dc1a5e3699a428bc51d234dfab7c9cb2a183,2026-08-04T22:25:13,complex_trace;high_gas_used_context;token_activity_burst,0xf2c42696,false
25682083,0xbc9556ba1a61cd63ff1a5d57a1ccc03162694183aacc68b243d6793694163f40,0xae0cc0d6e76c2b13451ab90cd13a5fa71a5c59ba,0xd226997439ecfbeff8e110c8c78c8a7eefd19f89,2026-08-04T22:25:13,large_erc20_asset_flow;complex_trace,0x99999999,true
25682083,0x234bebd3633dbf038825e5156b3189444e603a9ab1023a209a9d97d392908de4,0xb98cd8c868cf00cea934977dbe4ac090e808fb87,0xf9862efc1704ac05e687f66e5cd8c130e5663ce2,2026-08-04T22:25:14,large_erc20_asset_flow;complex_trace,0x6a761202,true
25682083,0x36843afd2ca0100bb677828725edf9de6ad8139000742ba0c32df41e7a97189f,0x7556699aa8e6a7c9c69bcfaf9debd05f8192b063,0x84cab37995229530d9e6e5cff2f8f4ebe4517d66,2026-08-04T22:25:14,complex_trace;high_gas_used_context,0xe587456a,false
25682083,0x7f241c3a105e7b5d41a29911cf325a102359d8f2134325e645811394cc3d6241,0x9c97ee995ee9d19f5afbb2bd979c6ede03000e7f,0x0000000071727de22e5e9d8baf0edac6f37da032,2026-08-04T22:25:14,complex_trace;high_gas_used_context;token_activity_burst,0x765e827f,false
25682083,0x02a07849511a1f42ad2bdb4049122bc900e9101240ed80c728196f6d783e795a,0x421382cf4e6eb73663abb6d011d60be66f126553,0xf7364e230ea0e5cc41e6cd4e2a30a26ca1850b73,2026-08-04T22:25:18,privileged_execution_context;very_complex_trace;high_gas_used_context,0x1cff79cd,false
25682083,0x13d2aeb7354e65c53a87a6fad5dcbac6ee5504eb6caab12d753c4431fc4c3c1c,0x6780ac060fdcba20ae02a6197c84bdc70cf8716b,0x888888888889758f76e7103c6cbf23abbf58f946,2026-08-04T22:25:20,complex_trace;high_gas_used_context;token_activity_burst,0x60fc8466,true
25682083,0xf0246924847c4bbbbabac9b7964dac47ad83ec22729ea733f80e64be15574e03,0x7830c87c02e56aff27fa8ab1241711331fa86f43,0xa9d1e08c7793af67e9d92fe308d5697fb81d3e43,2026-08-04T22:25:20,dense_internal_fund_flow,0x1a1da075,true
25682084,0x07871ea0d11de2415313facccd158c629719e4396ee2872899e0f728740ee464,0xeb5e5fdc76c0761b0a69c1ed9fa05596582ef0c6,0x0000000000001ff3684f28c67538d4d072c22734,2026-08-04T22:25:39,dense_internal_fund_flow;complex_trace,0x2213bc0b,true
25682084,0xfbfc5ffc4a23137e22d753ca0d6bbeed2a517ebe20e0c56f365aded8ca0581c1,0xbfe1bf1c77cbee511661590dc135285892b28f1d,0x0000000000001ff3684f28c67538d4d072c22734,2026-08-04T22:25:39,complex_trace;high_gas_used_context;token_activity_burst,0x2213bc0b,true
25682084,0x86fbff7b4b75ff2b1d9fc0d5254672f98b4460610126f12e67ed93517fd67709,0x70e59f9c304e4d5096bd408b571e2dcd99c3120b,0xad3b67bca8935cb510c8d18bd45f0b94f54a968f,2026-08-04T22:25:40,large_erc20_asset_flow;complex_trace;high_gas_used_context;token_activity_burst;approval_burst,0x146ee74d,true
25682084,0x6fa06b98c5e42343c25655dfb448cb199b7cc442c8e3fe02b94e103b06d75ad0,0x59aab1bd0d26290274398c07b55955c15425e16b,0x00fe78205f5f0e63b8ad2b2ae5337f538a610e04,2026-08-04T22:25:41,complex_trace;high_gas_used_context;token_activity_burst,0x34fcd5be,false
25682084,0x9a4bb4b3567f12dda92fad020617a239d099b3a8f568bd93311b34463cd7dd75,0xde992badd92adaf9146255e9bde6a70770973664,0x3d0f22bf11636cc9cb129e2b261eed35a487455c,2026-08-04T22:25:41,complex_trace;high_gas_used_context,0xa9059cbb,false
25682085,0x4125976dc6ac92a2c8728bed58a897cb7cff33f071891338828b531d0b3a10ca,0x80fbefbee7e2bb2ac085f082674dc8c0bccfa135,0xec2c96e75b09e29b66bf2ee5c37fa749ef9aa7c7,2026-08-04T22:25:50,large_erc20_asset_flow;complex_trace,0xdb5c7e88,true
25682085,0xb207cfa070272b0f81b04ce47dc81badaaf926663935ada8a97ad63ad45bb737,0x80d04079ffc53eb14edbeeb37279d126f45552df,0x609b08b0cb2dd11abbdf8bd37323ebbec7bfc007,2026-08-04T22:25:50,repeated_internal_token_drain;dense_internal_fund_flow;complex_trace;token_activity_burst;repeated_risky_internal_calls,0x8aaa8f3b,true
25682085,0xebaf7cdf1b43af4035db622bf4b0fefc4eaee0492758a605168f80fb22dd79ea,0xdd647ce113505b34c62412d2a804ce1bfbcfc737,0x973a023a77420ba610f06b3858ad991df6d85a08,2026-08-04T22:25:50,large_erc20_asset_flow;complex_trace,0xac9650d8,true
25682087,0x2f32408b495c08153bc7e156f6ad816eeb76d103fd7f903f1418833ea6ebd16e,0x10229ba314aa356a8cff17f279aff54dd7ae3559,0x888888888889758f76e7103c6cbf23abbf58f946,2026-08-04T22:26:02,large_erc20_asset_flow;complex_trace,0xed48907e,true
25682087,0x313cf93173429dd40fa03c8736f7a664f9bae928edf69eb6a4f7f86978545652,0xcecb5ffe6c748c3665add20b4d11657e5f9902e1,0x0aba48bd4c21b3d0d85b0cb2d9a15d8c30cd09e5,2026-08-04T22:26:02,large_erc20_asset_flow;complex_trace,0x9265bb9d,true
25682087,0x51e5bbab6cb5bcc92b051a194a56d3b6b2b9fd1deb7346142a80332cff04cfea,0xf0db7e6bbba403a044d423ab172d34cd393f89dc,0x4c2b454f7993fb99c998c231498cf6af12d7c983,2026-08-04T22:26:02,repeated_internal_token_drain;dense_internal_fund_flow;complex_trace;high_gas_used_context;token_activity_burst;repeated_risky_internal_calls,0x6a761202,true
25682087,0x6662f4b0c51769491a0c73c8939f6c731f98fd63a964d4236fdaab4ce574d585,0xe8b2a9c90ba80618f6cbef5e99b77d01c295a8de,0xda3bd1fe1973470312db04551b65f401bc8a92fd,2026-08-04T22:26:02,large_erc20_asset_flow,0x212afaff,true
25682087,0x6dc39478f757f6d009835ba300098aeb7346bf9298ea47815f20d0e83a415a8e,0x80fbefbee7e2bb2ac085f082674dc8c0bccfa135,0xec2c96e75b09e29b66bf2ee5c37fa749ef9aa7c7,2026-08-04T22:26:02,large_erc20_asset_flow;complex_trace,0xdb5c7e88,true
25682087,0x2cf5ce76e388fe491d9a6312269196909b4d4243b56b2c012848162d4b5514ce,0x50bf934781f63028c5c8ef49c4affe19a86d99b6,0x8d04cc7e86e687854eb41d9d43512b655b93184b,2026-08-04T22:26:03,selfdestruct_context,0xb5291b32,false
25682087,0x47a0914f5b97f0faae9135ba1100e05613986dd3f114c4a418bf394c9ad55c0c,0x7b49bc3ebbdf7322f31c6449320382bbec3be1b6,0xad3b67bca8935cb510c8d18bd45f0b94f54a968f,2026-08-04T22:26:03,complex_trace;high_gas_used_context;token_activity_burst;approval_burst,0x146ee74d,false
25682087,0x6c724bfc8df146aedd0ec6cd4ed920b7d258c4c356f9e26401c4d0f56dd7a2d8,0xc6acbee42e9e323140c1ed060c2f6ea9cc3b4b75,0x7c5a71c9fefbc7691f9d4ac7baf70c743792f716,2026-08-04T22:26:03,selfdestruct_context,0xf3fef3a3,false
25682087,0x8f2615b0a9616556d0633246565e13e18525ab627b5ad958135cbf1deca130cf,0xb23360ccdd9ed1b15d45e5d3824bb409c8d7c460,0x09c30cdcdd971423cb3ba757a47d56c35d06d818,2026-08-04T22:26:03,large_erc20_asset_flow,0x4c9591ef,true
25682087,0xfa9fe2aa2b3a0a7e40f7ce2addff5ffb9914f0f8f23e7f4d6aba6285bbed244a,0x4337031ade3a53d10121f350369907076b6d32a4,0x0000000071727de22e5e9d8baf0edac6f37da032,2026-08-04T22:26:03,privileged_execution_context;complex_trace,0x765e827f,false
25682087,0x62f52a6da205c55321c8cf11c8113f7c310807512245699df24add5084969cdc,0xef7f2e81ea14538858d962df34eb1bfda83da395,0xd011c1fce7478bc6f55b2997d4cbf17bd7a42916,2026-08-04T22:26:04,large_erc20_asset_flow;complex_trace,0x6a761202,true
25682087,0x84b0e6a951f5ea9b9dcc88d03686b4d8c93e0e2e1c28c4e924185dab99bcfce7,0x59aab1bd0d26290274398c07b55955c15425e16b,0x00fe78205f5f0e63b8ad2b2ae5337f538a610e04,2026-08-04T22:26:04,complex_trace;high_gas_used_context;token_activity_burst,0x34fcd5be,false
25682087,0xa959920867232d3e94feb968ac170c38d873b984069241f8d2d85a74702b455a,0x59aab1bd0d26290274398c07b55955c15425e16b,0x00fe78205f5f0e63b8ad2b2ae5337f538a610e04,2026-08-04T22:26:04,complex_trace;high_gas_used_context;token_activity_burst,0x34fcd5be,false
25682088,0x0df1588fb2b62908c7d0a9e69a651b9bb5f92238f494a8f3d6d550d2cb62b698,0xc6acbee42e9e323140c1ed060c2f6ea9cc3b4b75,0x7c5a71c9fefbc7691f9d4ac7baf70c743792f716,2026-08-04T22:26:10,selfdestruct_context,0xf3fef3a3,false
25682088,0x851fcf3cf7d2c8dc41d9fadd19b8692739bae474284382322d9986ae2c11c5cf,0x94bfafeaf1bc5ce98606abac55273b1f5b9d51fb,0xee030ec6f4307411607e55acd08e628ae6655b86,2026-08-04T22:26:10,dense_internal_fund_flow;complex_trace,0x6e1537da,true
25682088,0xeda877d39c17cea24db7491b83e605bcb4a56fc667624608176071f3ec6273c3,0x12dd84730df507542cd8b8b5492eb6e0081e1585,0x03f34be1bf910116595db1b11e9d1b2ca5d59659,2026-08-04T22:26:10,large_erc20_asset_flow;complex_trace,0xa32fe0a1,true
25682088,0x3a1a7ac4625631318e98866600874a60e00983d6d5b4e03c20e6068c122634d1,0xe4193315ec09becc08471d418731087dd6f19cd3,0x888888888889758f76e7103c6cbf23abbf58f946,2026-08-04T22:26:11,large_erc20_asset_flow;complex_trace,0xd0f42385,true
25682088,0xb7a977d7a270c8867d5e5acc4f4e11d5b77c80f65d12b1d40f164c467866e2c1,0x48690ce4a91d3fdc774136e4750a01e8d60a638c,0xcfbfac74c26f8647cbdb8c5caf80bb5b32e43134,2026-08-04T22:26:11,privileged_execution_context,0x4515641a,false
25682088,0x58f8fc734bdea8d1df739577b16668aa84afa1b2a1f762d43d61490090496dda,0xae0cc0d6e76c2b13451ab90cd13a5fa71a5c59ba,0xd226997439ecfbeff8e110c8c78c8a7eefd19f89,2026-08-04T22:26:12,large_erc20_asset_flow;complex_trace,0x99999999,true
25682088,0x91c429b1ac6b2c5ded18219b527f1d24de3d4fab8549a1ee3c2a7d52949cd7ac,0xa7569437638dbafe9648fe4cd49341012fcc3a8b,0x28b1dc1a5e3699a428bc51d234dfab7c9cb2a183,2026-08-04T22:26:12,complex_trace;high_gas_used_context,0x0c307f76,false
25682089,0x13310f4ad66e5742209a95198d3d86e3732778adae5323ede04863d8282e335f,0x7830c87c02e56aff27fa8ab1241711331fa86f43,0xa9d1e08c7793af67e9d92fe308d5697fb81d3e43,2026-08-04T22:26:19,large_erc20_asset_flow;token_activity_burst,0xca350aa6,true
25682089,0x7ec3d6cb3fb47cec91031500bb57ca818c8a30524399dc5e90c738b4d0288516,0xd1a6f18a1b16bafca4a4ca5fd7a2382699cb9e32,0xf9280799c85d376e0425f6fb38e4a674e8bedb56,2026-08-04T22:26:19,dense_internal_fund_flow,0x39ecce49,true
25682089,0xa68e396cbd242c7ce4540cd56ecb29fc71bb7a8b04ff90c411d745631520a75e,0x5037eced1eb6ecfa2af3775f9c49296a1fd40c84,0x28b1dc1a5e3699a428bc51d234dfab7c9cb2a183,2026-08-04T22:26:21,dense_internal_fund_flow;complex_trace,0x0c307f76,true
25682089,0x191d7f1f7a72ecabbf7a58c075a7d3fbe0161dc117e9e2455b079854617e536a,0x59aab1bd0d26290274398c07b55955c15425e16b,0x00fe78205f5f0e63b8ad2b2ae5337f538a610e04,2026-08-04T22:26:23,complex_trace;high_gas_used_context;token_activity_burst,0x34fcd5be,false
25682089,0x32303d7371512f0130c28d49e02d796bbc2ffd33c43672cfc6f6fbd6e2f0001b,0xca188e6eedb2027e93900fb783de6981651764a0,0xf4e147db314947fc1275a8cbb6cde48c510cd8cf,2026-08-04T22:26:23,large_erc20_asset_flow;complex_trace,0x0bf5d35e,true
25682089,0xeb6b35d861c5b232c47bc0e604f0834975876f80181776e46cb486f7a398cf03,0x81175155d85377c337d92f1fa52da166c3a4e7ac,0x4a4962275df8c60a80d3a25faec5aa7de116a746,2026-08-04T22:26:23,complex_trace;high_gas_used_context,0x6a761202,false
25682090,0xbd607e79ebb92faa40726a4d2c1bb36f9bc7dc7cea10f364e7c20051f12f3b1c,0xd1a6f18a1b16bafca4a4ca5fd7a2382699cb9e32,0xf9280799c85d376e0425f6fb38e4a674e8bedb56,2026-08-04T22:26:29,dense_internal_fund_flow,0x39ecce49,true
25682090,0x349da3a240846a79f103ed1e45b969ab3e0b44de98a1f60bc49170698886e139,0xb6b0037423014bffb8a68923432a494ee444502c,0xb300000b72deaeb607a12d5f54773d1c19c7028d,2026-08-04T22:26:30,complex_trace;token_activity_burst,0x810c705b,true
25682090,0x36bddeb083ba922c0f1b8444da82928bac9f958cd566016415b1ed4f9bf2b11a,0xc6acbee42e9e323140c1ed060c2f6ea9cc3b4b75,0x7c5a71c9fefbc7691f9d4ac7baf70c743792f716,2026-08-04T22:26:30,selfdestruct_context,0xf3fef3a3,false
25682090,0x5bf91be7ae99e5609ce1874fe681160281b71e929f03c708fabed180e17d557f,0xdda3b51e29f9d6fad865c5dd7070d5f7eb57663e,0x8d8210a0252a706cb5de0c6f8e46b6d3692afc19,2026-08-04T22:26:30,complex_trace;high_gas_used_context,0xffc3a769,false
25682090,0xde5b529015d68f1fb3ede5626362f4a03070203a3459c9a3edde34e92ca4134b,0x4337012eaf1f862b8dbdc6b62a01782ae01ef038,0x0000000071727de22e5e9d8baf0edac6f37da032,2026-08-04T22:26:30,privileged_execution_context;complex_trace,0x765e827f,false
25682090,0xf455d2913542ac0b68cb7d08f923146bd890a4320f1286a587eb1c69cccf5aed,0x1ee4d95e0d41bbe7dab24914ab2298a21138151d,0x28b1dc1a5e3699a428bc51d234dfab7c9cb2a183,2026-08-04T22:26:30,dense_internal_fund_flow;complex_trace,0x0c307f76,true
25682090,0xfd451733d0c59ae3b8208e13c54f279bb8ffccfa27220cf50e0b9212aa33f1e0,0xdd647ce113505b34c62412d2a804ce1bfbcfc737,0x973a023a77420ba610f06b3858ad991df6d85a08,2026-08-04T22:26:30,large_erc20_profit_to_sender;large_erc20_asset_flow;complex_trace,0xd6bda0c0,true
25682090,0x2419463a57ca6ec4a4c3c3a2edf1dd3465cd87a2abb2d7504d5ea6474f20fc45,0x59aab1bd0d26290274398c07b55955c15425e16b,0x00fe78205f5f0e63b8ad2b2ae5337f538a610e04,2026-08-04T22:26:31,complex_trace;high_gas_used_context;token_activity_burst,0x34fcd5be,false
25682091,0x7948103c47c0785c4e0fb0b661bc516a96f939d82b9086223360496a66bd1054,0x6f938e7360d8f7390e89c67f16df6abc21195187,0x99e66f3ce49266bd04a64d989ea63df0b8f43b80,2026-08-04T22:26:40,large_erc20_asset_flow;complex_trace;high_gas_used_context,0x036e036e,true
25682091,0x0e2cd2f3138160ac9bc7c1a7fcff06cc01a3f490259bf187aaa5ab2f418b4793,0x8eb032c31d56962f9c7c69dcd9671348885ff726,0x0439e60f02a8900a951603950d8d4527f400c3f1,2026-08-04T22:26:41,dense_internal_fund_flow;complex_trace,0x3ce33bff,true
25682091,0x9c308d73882ac0deed2ec5c762b234826219ec9e5f2cc1ea6cbc9fb46c374c4c,0x33725a9caa3871f725a2a28818ca03344787860c,0xd523794c879d9ec028960a231f866758e405be34,2026-08-04T22:26:41,dense_internal_fund_flow;complex_trace,0x3a29dbae,true
25682091,0xa2e26b01769aba8336888576a00a5904c4d9731674eb2d455d428b1c35cd7fed,0x13f9b8107dbf15787765c3fccf25dc38b64df5d2,0x99e66f3ce49266bd04a64d989ea63df0b8f43b80,2026-08-04T22:26:41,large_erc20_asset_flow;complex_trace,0x03320332,true
25682091,0x0d4f6eca17f1becf6da843ec851b614a140d90cc439ceb83d2f7f9af24391139,0x5037eced1eb6ecfa2af3775f9c49296a1fd40c84,0x28b1dc1a5e3699a428bc51d234dfab7c9cb2a183,2026-08-04T22:26:42,dense_internal_fund_flow;complex_trace;token_activity_burst,0x0c307f76,true
25682091,0x2094a4aab682a0595f37108071d14df0dbd48214461f9dc01f23744f64c05676,0x147dc3f9a25e6bbebb00f637cedfd198634c70be,0x28b1dc1a5e3699a428bc51d234dfab7c9cb2a183,2026-08-04T22:26:42,dense_internal_fund_flow,0x0c307f76,true
25682091,0xacab0b96995e3fc335c90e387bb5483de67940687adfed22199817078d042552,0xe85b2e8672397616a31fae39cca74414a4bcabdf,0x6a3b1cc74019e252a857abbe9ee1b2f03ee1009f,2026-08-04T22:26:42,large_mint_to_sender,0xc3223a18,true
25682091,0xcb3d95bfdad52bd76abf27f414ecc536420e0c9c99075a1eadac2c153ffdf85c,0xa154b98e53fc35e1bad1ff758acbc8c629bdcd2b,0x19917386eeae67b6ff7ddf07de4019fca40aa4ec,2026-08-04T22:26:42,repeated_internal_token_drain;dense_internal_fund_flow;complex_trace;high_gas_used_context;token_activity_burst;repeated_risky_internal_calls,0xa9059cbb,true
25682091,0xfac63e2a4db00c86ff9903bab43459f7bcf6b9750866663ab6ee265c3f565591,0x14d0a6bf9e7e162226f2563ea787809217a79033,0x8090a9db6aca56ffa186c75ca0787b18af1058a0,2026-08-04T22:26:42,dense_internal_fund_flow;complex_trace;high_gas_used_context,0xd85064c2,true
25682092,0x08c54c5bd190af1b4e3a56d6d73b68f45c52e100272805101eb024d3a801d991,0xae2fc483527b8ef99eb5d9b44875f005ba1fae13,0x1f2f10d1c40777ae1da742455c65828ff36df387,2026-08-04T22:26:53,dense_internal_fund_flow;large_erc20_asset_flow;high_gas_used_context,0x2b66e055,true
25682092,0xae09aa74f7d8fa598403de889efdfca4206cd61341602a50d02a029ef70af1d6,0xae2fc483527b8ef99eb5d9b44875f005ba1fae13,0x1f2f10d1c40777ae1da742455c65828ff36df387,2026-08-04T22:26:54,dense_internal_fund_flow;complex_trace;high_gas_used_context,0x2b78e055,true
25682092,0x3774a876a43d1836f509bc18d8f373eeadd1f4c67209ff6d455d639fe0b062b8,0x6e7031d64d844b4e1d2c5623b57366ad9dc25f1e,0x5435b8b0843206fa8fc99453a3112713e6f0fd46,2026-08-04T22:26:56,large_erc20_asset_flow;complex_trace,0x6a761202,true
25682092,0x4eb42f7a6d6f27f0b187f5be5009dcfcca8d1777d5f825c2d27d2b4bd0093b64,0x07ae8551be970cb1cca11dd7a11f47ae82e70e67,0x1f748c76de468e9d11bd340fa9d5cbadf315dfb0,2026-08-04T22:26:56,large_erc20_asset_flow;complex_trace,0xc7c7f5b3,true
25682092,0x74eee68be5f84d10f0b8a03721e4e646c661322622a1595e9c9fe46b2349e992,0x71df067d1d2df5291278b7c660fd37d9b6272b4c,0x9bc7c6ad7e7cf3a6fcb58fb21e27752ac1e53f99,2026-08-04T22:26:56,large_erc20_asset_flow;complex_trace;high_gas_used_context;token_activity_burst,0x6a761202,true
25682092,0x8b38246f360f3fbe8e3417cb5f900ac60be7770907f8934c596c0b713834ff83,0x3b5a1a83f091c6b1a4d02d652692ab07a3579272,0x38eeb52f0771140d10c4e9a9a72349a329fe8a6a,2026-08-04T22:26:56,large_erc20_asset_flow;complex_trace,0xba087652,true
25682092,0xc60643a41bd9a322767a5f08e0fa7c97f44f97f42864193d0743629c74d04498,0xaaa0bf2e340c2125603b8ffd4ec30faea08effff,0xfc741c4258aaa097b281fecfb4ef9c012fa73db0,2026-08-04T22:26:56,large_erc20_asset_flow;complex_trace,0x83a77413,true
25682092,0xd966ea17a5f6f9ef22e08f79c3c5f939fb6e7e2442949ed8d9093cea0c7ea455,0xdff12585624c8992d5c9d7ad7976e2f794766c7e,0x4313c378cc91ea583c91387b9216e2c03096b27f,2026-08-04T22:26:56,dense_internal_fund_flow,0xeffbec13,true
25682092,0xf18a46c78abf4ec631ca08368d8b4e9e4005b32b1704bda7c819faff385d7156,0xa154b98e53fc35e1bad1ff758acbc8c629bdcd2b,0x19917386eeae67b6ff7ddf07de4019fca40aa4ec,2026-08-04T22:26:56,high_gas_used_context;token_activity_burst,0xa9059cbb,false
25682093,0x47e885f0f40d04ce951b1cd91f1f6cb7332ff82c7b9f3ad06a9ffa4cefd1ea57,0xdd647ce113505b34c62412d2a804ce1bfbcfc737,0x94e7a5dcbe816e498b89ab752661904e2f56c485,2026-08-04T22:27:04,large_erc20_asset_flow;complex_trace,0xac9650d8,true
25682093,0xd7524394aa6cc0bf79fcd3515dde0087ed17ce2c340ad37cabdc4abb6dc395d9,0xa7569437638dbafe9648fe4cd49341012fcc3a8b,0xee030ec6f4307411607e55acd08e628ae6655b86,2026-08-04T22:27:06,dense_internal_fund_flow;complex_trace,0x6e1537da,true
25682094,0x295a90421c1ac7e52b9bb95235f0e2dd66ecc07ac9f4858448cb6cebfe8ddc97,0x5b43453fce04b92e190f391a83136bfbecedefd1,0xbdb3ba9ffe392549e1f8658dd2630c141fdf47b6,2026-08-04T22:27:12,dense_internal_fund_flow;complex_trace,0x000000cc,true
25682094,0x881f25345d62294e3c0dd487b655112351f55c8b0b817d917038371ee30562c8,0x5b43453fce04b92e190f391a83136bfbecedefd1,0xbdb3ba9ffe392549e1f8658dd2630c141fdf47b6,2026-08-04T22:27:12,dense_internal_fund_flow;complex_trace;high_gas_used_context;token_activity_burst,0x000000c3,true
25682094,0xbfd94c88c1d6f8d4f0b56b343744a12e3cdb7c68e2e4c5a323095b9603c219ca,0xae0cc0d6e76c2b13451ab90cd13a5fa71a5c59ba,0xd226997439ecfbeff8e110c8c78c8a7eefd19f89,2026-08-04T22:27:12,large_erc20_asset_flow;complex_trace,0x99999999,true
25682094,0x200f435ead853e62819b01fa2ccd8b891e275707c38b73f39fa9e7246229ceaa,0x7830c87c02e56aff27fa8ab1241711331fa86f43,0xa9d1e08c7793af67e9d92fe308d5697fb81d3e43,2026-08-04T22:27:13,large_erc20_asset_flow;token_activity_burst,0xca350aa6,true
25682094,0x8a4fb1daf723d17387cce1609aeb8aa768dcd12c3e041289c86cd692ddbfe54f,0x7830c87c02e56aff27fa8ab1241711331fa86f43,0xa9d1e08c7793af67e9d92fe308d5697fb81d3e43,2026-08-04T22:27:13,dense_internal_fund_flow,0x1a1da075,true
25682094,0x2d1d791539f61ba87ebf6bf3c4d9126f5475665c2a0bfd449a298d9539a8019f,0x59aab1bd0d26290274398c07b55955c15425e16b,0x00fe78205f5f0e63b8ad2b2ae5337f538a610e04,2026-08-04T22:27:16,repeated_internal_token_drain;dense_internal_fund_flow;complex_trace;high_gas_used_context;token_activity_burst;repeated_risky_internal_calls,0x34fcd5be,true
25682095,0xb9c8852a7913b7e8dd5a379a98fad125d276b13d33998b1f55633b70fd9e1993,0x11c8ea7669d1ad9921f53f488fe09d67b9f7ed04,0x503972ee3a62480f66e7a1bd485dd5f7da754bec,2026-08-04T22:27:23,dense_internal_fund_flow,0xeffbec13,true
25682095,0x588f5209a10a9fdcab99763b6232b0701f5b0bd2d7c705b27f839174b14a73d9,0x266d2bfcd9359a676712415be09472ee5f8bf9ed,0x28b1dc1a5e3699a428bc51d234dfab7c9cb2a183,2026-08-04T22:27:24,complex_trace;token_activity_burst,0x0c307f76,false
25682095,0x7b7fa632a8a8ddb28ce098af07503a8e7ee9e99dc085bceb3173436f2128f4b1,0x59aab1bd0d26290274398c07b55955c15425e16b,0x00fe78205f5f0e63b8ad2b2ae5337f538a610e04,2026-08-04T22:27:24,complex_trace;high_gas_used_context,0x34fcd5be,false
25682095,0xa52fa06acd2e661718abe85e4a23fa6b76f19d432751f68ff739af0f176ea40c,0xda2a8e091fb0a9527ec5ef8f4c18b27f847c4b91,0x28b1dc1a5e3699a428bc51d234dfab7c9cb2a183,2026-08-04T22:27:24,dense_internal_fund_flow;complex_trace,0x0c307f76,true
25682095,0xd503234bf35d379ccb175be6aa0e9021cf41e20055806b6ab0da4ae395bc4a68,0x9cf2b94caba0ab5ea0709c9aaa68716908236195,0xf82ef4080a53b71093f9c470676fc80e2adc4263,2026-08-04T22:27:24,complex_trace;high_gas_used_context;token_activity_burst;approval_burst,0xb7bfe9f2,false
25682096,0x7cb40239a9180890a2b4c4d8b2418c83b939dc49e6342ea0ca048ac494ab76fc,0xf703fd64093b50797abdc9e450632240fa2ba5d4,0xf9280799c85d376e0425f6fb38e4a674e8bedb56,2026-08-04T22:27:32,dense_internal_fund_flow;complex_trace,0x39ecce49,true
25682096,0x93eda393eb026f715fe88469e676bf93d9e4a4ee2d24cc1c5d8d5f6d546cb12c,0x9cf2b94caba0ab5ea0709c9aaa68716908236195,0xf82ef4080a53b71093f9c470676fc80e2adc4263,2026-08-04T22:27:32,complex_trace;high_gas_used_context;token_activity_burst,0xb7bfe9f2,false
25682096,0xa9595c29fb6f3f0ade6117151a9fe862b9616cd6a1a635ed8213dd1b9c7a8450,0x6c14f56559d10bf2f6d59ae2ac06c09b37f203a7,0x096703b14dbfe021eac4c66b82adf5522cc9c1b6,2026-08-04T22:27:33,complex_trace;high_gas_used_context;token_activity_burst,0x0cd6c02a,false
25682097,0x5c5e214a45f931f5087e85d918ec29d1e077d1fe01fd6ae89169c1831ed99e2d,0x6f938e7360d8f7390e89c67f16df6abc21195187,0x99e66f3ce49266bd04a64d989ea63df0b8f43b80,2026-08-04T22:27:40,large_erc20_asset_flow;complex_trace;high_gas_used_context,0x036e036e,true
25682097,0xb041de8eadc8bc1b142eb0bdeee1154170e83dc610ae552ffccec2c5dea42920,0x654fae4aa229d104cabead47e56703f58b174be4,0x000000000035b5e5ad9019092c665357240f594e,2026-08-04T22:27:40,large_erc20_asset_flow;complex_trace,0x00000004,true
25682097,0xbb68b3cf38cb5986eb4419638b7cd6b0ded431a4a89cf9c6f0d42960677c68f5,0x654fae4aa229d104cabead47e56703f58b174be4,0x000000000035b5e5ad9019092c665357240f594e,2026-08-04T22:27:40,large_erc20_asset_flow;complex_trace,0x00000004,true
25682097,0x9fae81e2dd60af46c7f72bb28e26bb864371459122eb3b12f84237b78176dc28,0xc6acbee42e9e323140c1ed060c2f6ea9cc3b4b75,0x7c5a71c9fefbc7691f9d4ac7baf70c743792f716,2026-08-04T22:27:41,selfdestruct_context,0xf3fef3a3,true
25682097,0xc765f963ea3ef4cd48ac569c841413b48ad200d0e745a9404a54c0891ea90699,0xdca6397695fb43dd82aea0af29e65383afa1ad57,0x28b1dc1a5e3699a428bc51d234dfab7c9cb2a183,2026-08-04T22:27:41,complex_trace;high_gas_used_context;token_activity_burst,0x0c307f76,false
25682097,0x079de9807c7a189a8bf4878d89010e11d1effad5c682f1d2630cb93e4d9a7cc8,0xb26b2789c27602ebd0eb40a6f1b639c58bdf852c,,2026-08-04T22:27:43,large_mint_to_sender;contract_creation_context,0x60a06040,true
25682097,0x8a6a906dee9a31914e60703b6cf75053a1849eede6c15aeb86d5b741d5a9e1b1,0xe4193315ec09becc08471d418731087dd6f19cd3,0x6566194141eefa99af43bb5aa71460ca2dc90245,2026-08-04T22:27:43,large_erc20_profit_to_sender;large_erc20_asset_flow;complex_trace,0x374f435d,true
25682097,0xa4079afff6feff52c99a347020447a065d753f91a10745d2bf6fea9b9d5f77b6,0x59aab1bd0d26290274398c07b55955c15425e16b,0x00fe78205f5f0e63b8ad2b2ae5337f538a610e04,2026-08-04T22:27:43,complex_trace;high_gas_used_context,0x34fcd5be,false
25682097,0xc0a31b9dbf7f3a693b2fd613d84bb4a8212819ae275aca8b47c659ba9828cb13,0xe856652fc55b3b9fab52349fd97fc25570d0d28d,0x7a250d5630b4cf539739df2c5dacb4c659f2488d,2026-08-04T22:27:43,dense_internal_fund_flow;large_erc20_asset_flow,0xaf2979eb,true
25682098,0x16e23475bd262518e877663ee672258ebf6cf0187a42300d93a614bba97931ce,0x611bedb2b1a7bafce90e47dfd524437b3b272070,,2026-08-04T22:27:53,privileged_execution_context;high_gas_used_context;contract_creation_context,0x60806040,false
25682098,0xc58d01698bb07f8eaeb7e60f4c020a6eb57aacc6dea330d76bc911f345b2286e,0x4962e45204ceddaeb79b4489eaccfba22e934951,0xbb49ff58d68160e70458b347af5109a1397ae8de,2026-08-04T22:27:53,complex_trace;high_gas_used_context,0xec4ce297,false
25682098,0x803e6bfe3f4b9b87ae801d38316f1eb481e6dda90aaa7d28cc8fc0d4619e842b,0x331d9a049d496385998067abf6cbb6371c8d2466,0xb92fe925dc43a0ecde6c8b1a2709c170ec4fff4f,2026-08-04T22:27:54,dense_internal_fund_flow,0xcd6e13f7,true
25682098,0x8134bf7d8dd2afc62087f0ef62fe135fd5f52b743d489e777c399c2bc27fb24d,0x49416ce80164ba94b869850010280fa7c335dc26,0x69460570c93f9de5e2edbc3052bf10125f0ca22d,2026-08-04T22:27:54,complex_trace;high_gas_used_context,0xb6ba374a,false
25682098,0x815d3cfaa762595edae22728444b11795a2dcd41c51b7a623e5f6edc0422e69e,0x5cc1fa6c83151954b374086163b24289126f93ac,0x6a000f20005980200259b80c5102003040001068,2026-08-04T22:27:54,dense_internal_fund_flow;complex_trace,0x0d893d62,true
25682098,0x93bfcb4bb778372862e03b3506ffb6b305d57a8bf3b82a958a9f7f8ea244581f,0x2d0e59ab7690130f28742b796857ce516655d0cc,0xcb0151ac9479a6a0261622baa63ae843c9793d45,2026-08-04T22:27:54,dense_internal_fund_flow;complex_trace;high_gas_used_context;token_activity_burst;approval_burst,0x64cd187f,true
25682098,0x93e6debfa00c7b30b142b277dc820fa378baa99ebce02d910b129456ae5bd4f0,0xc76d889b4bad9d3d731b100a58e957e4f0ac136f,0x334f5d28a71432f8fc21c7b2b6f5dbbcd8b32a7b,2026-08-04T22:27:54,large_erc20_asset_flow;complex_trace;high_gas_used_context,0x6e553f65,true
25682098,0xddda53c7f921ce94a959265aed6c02d69fa22dfd3e8f927c477d9a3f60862f99,0xae2fc483527b8ef99eb5d9b44875f005ba1fae13,0x1f2f10d1c40777ae1da742455c65828ff36df387,2026-08-04T22:27:54,dense_internal_fund_flow,0x2bd0582d,true
25682098,0x95c29864193a9943354ed23b724c5b9aa7701f2d04fc74e018bae333978e9602,0x9cf2b94caba0ab5ea0709c9aaa68716908236195,0xf82ef4080a53b71093f9c470676fc80e2adc4263,2026-08-04T22:27:56,complex_trace;high_gas_used_context;token_activity_burst,0xb7bfe9f2,false
25682099,0x6151d15d384c1601f00d79c8ce6d000dfce9628fee57f9fa5673265ce9d57bac,0x12dd84730df507542cd8b8b5492eb6e0081e1585,0x03f34be1bf910116595db1b11e9d1b2ca5d59659,2026-08-04T22:27:59,large_erc20_asset_flow;complex_trace,0xa32fe0a1,true
25682099,0xc83243bff3753a63ba098bc789a4050e6745b702a08fc0a1bd2485812ae43d52,0x7830c87c02e56aff27fa8ab1241711331fa86f43,0xa9d1e08c7793af67e9d92fe308d5697fb81d3e43,2026-08-04T22:27:59,dense_internal_fund_flow,0x1a1da075,true
25682099,0xc11b209a32c726a66cfc277b0fbc35e86a82e43bf8b6ac80914b039a9896a3dc,0x9cf2b94caba0ab5ea0709c9aaa68716908236195,0xf82ef4080a53b71093f9c470676fc80e2adc4263,2026-08-04T22:28:00,complex_trace;high_gas_used_context;token_activity_burst,0xb7bfe9f2,false
25682100,0x5bd7c4f0e10f806ca380a5af5feb823244bced012a1ab4169721bcfec2f34e5a,0x3431172c887cf150d9fdaba9876273d9db566367,0x64f5aad0e38e2ff9f50f2e51e813e49c05aca41a,2026-08-04T22:28:05,repeated_internal_token_drain;dense_internal_fund_flow;complex_trace;high_gas_used_context;token_activity_burst;repeated_risky_internal_calls,0xa9059cbb,true
25682101,0x1d1260dfbb084b4bf63f50f56aeab097965ff80dc9481c8505bb2c0f50f81b67,0x2ce282a2cba2da33fcba23582e4c4506375d8790,0x950fd558f47e234a2fde23b7d61f7ccdbcb4a86f,2026-08-04T22:28:09,large_erc20_asset_flow;complex_trace;high_gas_used_context;token_activity_burst,0xdd225095,true
25682101,0x59551d31c009d32afb29c58951cc483051917356c7fc81bd279b09ef98ed5af0,0x21001ce308c6147b2651d6e20a7957b55b58bf1c,0x881d40237659c251811cec9c364ef91dc08d300c,2026-08-04T22:28:09,large_erc20_asset_flow;complex_trace,0x5f575529,true
25682101,0x929e818ea44a8f6e4e5149d16ce021f72890f79d17661d9894cbc9994abb35ca,0x51c49d009ae6b7aafd543aac03a46fde50fdf61b,0x5c3593481cba011737e36ded62f1797c9f6afce1,2026-08-04T22:28:09,large_erc20_asset_flow;complex_trace,0x1cff79cd,true
25682101,0xb7e29e79c2c35d4167bfaf9ae719285587c87c297477c8ba24d9ee814887d3ec,0xbeeecce7f1b0f2040f40d746f2412ef46d3af508,0xbeef02961503351625926ea9a11ae13b29f5c555,2026-08-04T22:28:09,large_erc20_asset_flow;complex_trace,0x64f5e9e7,true
25682103,0x66906eb08125e6f2dbf59b9533bcf4485a5905d2ffaa0343c945a3fe5e3da879,0xbee841c6900a1947443f5ce6f72f774ecdce9541,0xbeef02961503351625926ea9a11ae13b29f5c555,2026-08-04T22:28:30,dense_internal_fund_flow;complex_trace,0x64f5e9e7,true
25682103,0x07b2819f42dab6cef3b6983604461f278fb3bcaa97f2b2c36c0318ad34a38afa,0x7830c87c02e56aff27fa8ab1241711331fa86f43,0xa9d1e08c7793af67e9d92fe308d5697fb81d3e43,2026-08-04T22:28:31,large_erc20_asset_flow;token_activity_burst,0xca350aa6,true
25682103,0x17efe3be7756d5e66285dbc90060d5a3ad22bca124c88041717f696ce9d7d3df,0x4337016838785634c63fce393bfc6222564436c4,0x0000000071727de22e5e9d8baf0edac6f37da032,2026-08-04T22:28:31,large_erc20_asset_flow,0x765e827f,true
25682103,0x27beb0b87eeab1a2311e2a25114b99ca8370d4050b5476d75bc453aa347b8f4f,0x30a1b724c9dfe2e12a19ed84878312d199d1519e,0x50d3865a63d52c0a54e4679949647ea752107390,2026-08-04T22:28:31,complex_trace;high_gas_used_context;token_activity_burst,0x00000000,false
25682103,0x5d8a857b73d71d501984b951ab3c5c8c24e8f09448bc5214305a944a02def49a,0xf70da97812cb96acdf810712aa562db8dfa3dbef,0xb92fe925dc43a0ecde6c8b1a2709c170ec4fff4f,2026-08-04T22:28:31,dense_internal_fund_flow;complex_trace;high_gas_used_context;token_activity_burst,0xcd6e13f7,true
25682103,0x80f24b6efd44e3f0ca1e1ffe11b6b2a5989ace69d7e3e663b755c4f2cba8642b,0x124ce844fab46dc12183dc35c82ccc9bc83fddd5,0x95480d3f27658e73b2785d30beb0c847d78294c7,2026-08-04T22:28:31,large_erc20_asset_flow;complex_trace,0x13d79a0b,true
25682103,0xbf28c7a5b8f9edbfc6cbd39d30eb48607469f6ea8901d018e5cc06d369546df4,0x3c60b1a4abb27492e076a7d78604f1880262e10e,0x6566194141eefa99af43bb5aa71460ca2dc90245,2026-08-04T22:28:32,large_erc20_asset_flow;complex_trace,0x374f435d,true
25682103,0xdb587ef650d9945a045332120c7082509ac13e1b3a465fcab0013bc5c450d86a,0x17a9aa3f7945fb00c2eb16857baa4adb63da59db,0x0000000071727de22e5e9d8baf0edac6f37da032,2026-08-04T22:28:32,dense_internal_fund_flow;complex_trace,0x765e827f,true
25682103,0x292cc74bd363e7b6b49293964f303f902e62b926b97767aa544faa47f96788a6,0x1aed6d75bea7698a8a34ecc1361aec712474073c,0xcb0151ac9479a6a0261622baa63ae843c9793d45,2026-08-04T22:28:33,large_erc20_asset_flow;complex_trace;high_gas_used_context;token_activity_burst;approval_burst,0x64cd187f,true
25682103,0x57383b257f519511508b4c7b89d1e61ac7b5a1bbb7c65f91a180b9750a8729aa,0x0c758f39ee88e7a1688b003ad622c36e6a4decac,0x0ba6d224169bbfad4eb2d38c500d2c8e8ede696c,2026-08-04T22:28:33,dense_internal_fund_flow;complex_trace;high_gas_used_context;token_activity_burst,0x5742f567,true
25682103,0x81237d565eb155bcb11408de6bd7c13a316a1a871aae94bba794789beb304d5c,0x347c26de1daedd8417919bbe133566b93feab19e,0xca11bde05977b3631167028862be2a173976ca11,2026-08-04T22:28:33,complex_trace;high_gas_used_context,0x174dea71,false
25682104,0x4e3a13727518d92b6b7c2d1caebcb981531526898a9d66c310ad6dddb7ce1add,0x30a1b724c9dfe2e12a19ed84878312d199d1519e,0x50d3865a63d52c0a54e4679949647ea752107390,2026-08-04T22:28:49,complex_trace;high_gas_used_context,0x00000000,false
25682104,0xcf3d387910cb3bc1393b3d087fc153f8d222acf88b588df27cca6e0ab6f43e2d,0x7830c87c02e56aff27fa8ab1241711331fa86f43,0xa9d1e08c7793af67e9d92fe308d5697fb81d3e43,2026-08-04T22:28:49,dense_internal_fund_flow,0x1a1da075,true
25682104,0xf1905a7c17764973d2ecfd5fbe3b269903490f650fced22c24430636b51fa577,0x7830c87c02e56aff27fa8ab1241711331fa86f43,0xa9d1e08c7793af67e9d92fe308d5697fb81d3e43,2026-08-04T22:28:49,large_erc20_asset_flow,0xca350aa6,true
25682104,0x80ae02577378e9553730a3e329843d3eccf02aa0e9c5c79455307e5dde5df37d,0x611bedb2b1a7bafce90e47dfd524437b3b272070,,2026-08-04T22:28:50,privileged_execution_context;contract_creation_context,0x60806040,false
25682104,0x29a936526383b79d68f2a168138fcf85fb8c83b11e5828bfc509d6529bb8abd4,0x213c249ba24fc85940752ad00178459b77c0db73,0x008ebccae39d001200c3003c3225ce0a00690066,2026-08-04T22:28:51,privileged_execution_context,0x7e734c5a,false
25682104,0xb9176a0fdc6a02e0c98e17ad2d7071a3b8248b52ba65e0ac83dad3c70dad9b32,0x11c8ea7669d1ad9921f53f488fe09d67b9f7ed04,0x503972ee3a62480f66e7a1bd485dd5f7da754bec,2026-08-04T22:28:52,dense_internal_fund_flow,0xeffbec13,true
25682104,0x638b94c3933a60708fc64cda1122e425c6349a9cc28d9adb3058dc986836cf16,0xdf57686394c637e38c05e595df31c58d25d8e50c,0x8b0665a66d4e046dd5e77a42856f8180f9bb19ef,2026-08-04T22:28:53,very_complex_trace;high_gas_used_context,0xcae26552,false
25682104,0x09f222d11cc6ecfff29a2fe6df872b143cc91fb43ba46be5b663a052b8cb4fe5,0x5609bb231ec547c727d65eb6811ccd0c731339de,0xf4e147db314947fc1275a8cbb6cde48c510cd8cf,2026-08-04T22:28:56,large_erc20_asset_flow,0x7b0eb57d,true
25682104,0x0b0b38fdc86bee58c9407d301161a3f4a532dd88a3024ae17791c30117bf4a0c,0x161643f280b09be8e0271eef8efc6c264d125003,0x84fee5c97dc2fafcfdfdafa4b7d8cd39421cac31,2026-08-04T22:28:56,dense_internal_fund_flow;token_activity_burst,0xa9059cbb,true
25682104,0xad9a6e9375e8767e12286c97a2f1c7ad95124e0cd128e8a608b8f06ec4ad65d2,0xab00819212917da43a81b696877cc0bca798b613,0xf4e147db314947fc1275a8cbb6cde48c510cd8cf,2026-08-04T22:28:56,privileged_execution_context,0x760d0f9d,false
25682105,0x666889ef6bc5ff75fa0110279139a95a84a0b4c3f87997009afe4a64bb3355c4,0x6cb43cdc8b1f120568c9c7849e1d59644dda45bd,0x0889e9327b98d7d1be3c301a4585ff3330502c9a,2026-08-04T22:29:00,large_erc20_asset_flow;complex_trace;high_gas_used_context;token_activity_burst,0x1fff991f,true
25682105,0x7f278ef7b4070ecad7fec24d0b4bbdf7f1004128acdfda61ffb935167a0e63d5,0xce269e6ce7e1ba8bd5c1b11c3933c3ebe95742d9,0xcb0151ac9479a6a0261622baa63ae843c9793d45,2026-08-04T22:29:00,large_erc20_asset_flow;complex_trace;high_gas_used_context;token_activity_burst;approval_burst,0x64cd187f,true
25682105,0x85449d755b557d170d0e61c691efbfbe409b4b0f50407979cac447216ccd853b,0x39f6a6c85d39d5abad8a398310c52e7c374f2ba3,0x21bc354b5a5502df3097e8838eaab5eb0b06aac9,2026-08-04T22:29:02,dense_internal_fund_flow;complex_trace;high_gas_used_context;token_activity_burst,0xaf713566,true
25682105,0xb2b462fe4602636304f7f95bc05892f478ed8d864e1b596a350a0c9667372644,0x3555e8e4b19cfad48fed740b787238edeb8353b1,0xbb1daa3e13d4e3501b3dec1c7f3192fba81c120b,2026-08-04T22:29:02,privileged_execution_context,0x6a761202,false
25682106,0x88db833d4955d62c6da1c2517e673fdeb3f2d14a0e8fca5068f6a00cd95462b7,0xce269e6ce7e1ba8bd5c1b11c3933c3ebe95742d9,0xcb0151ac9479a6a0261622baa63ae843c9793d45,2026-08-04T22:29:08,large_erc20_asset_flow;complex_trace;high_gas_used_context;token_activity_burst;approval_burst,0x64cd187f,true
25682106,0xa57cb0563ba5d9f3f9466b40b12f821559c87758a09adb04d8e1f8512eaf0a02,0x2002c5209f31c07d479849c87fb4537a5f02cae1,0x34dc124e0ea6e0cdac7605ec3c5153dca17b6ba1,2026-08-04T22:29:08,large_erc20_asset_flow;complex_trace,0x6a761202,true
25682106,0xc2e0b616f59761382435f28807c9c3b5ab95bcc6cca7b73fe025ba99001b845c,0x48b8470fd956b5778fded969cfa8e0fefd24c55e,0xcb0151ac9479a6a0261622baa63ae843c9793d45,2026-08-04T22:29:08,large_erc20_asset_flow;complex_trace;high_gas_used_context;token_activity_burst;approval_burst,0x64cd187f,true
25682106,0xf49302ed466ba2d4af1eda6a22b92152e3b4056435970712ab7809ab42caef41,0x1610760f710a19f47d9229bd78f9885512fca92c,0x3e1d5eb03d7c533c4eb966a03325ebc7885b6205,2026-08-04T22:29:08,privileged_execution_context;complex_trace;high_gas_used_context,0x6a761202,false
25682107,0x1e68ab925738adeaaf2a1f4b738a391d577c618868ac09281388d0e23ef8d191,0x48b8470fd956b5778fded969cfa8e0fefd24c55e,0xcb0151ac9479a6a0261622baa63ae843c9793d45,2026-08-04T22:29:15,large_erc20_asset_flow;complex_trace;high_gas_used_context;token_activity_burst;approval_burst,0x64cd187f,true
25682107,0xa6017c99d423e5e2825d0dcf83cfe54fe1eb027cf53fb66e172b294eab1724ee,0x9815e07054d35d7b620661fcfcfe36f7c1bc0a2b,0x111111125421ca6dc452d289314280a0f8842a65,2026-08-04T22:29:15,dense_internal_fund_flow;complex_trace,0x07ed2379,true
25682107,0x18af5533b39952e03cd117737cedbebba4edf647c4aa721ea4000a85533f9824,0x68d977d8ae6eb898bc6da8361344acf1dd6f59f5,0x96f531acaf5b2dec854919f539e07c107f4937e3,2026-08-04T22:29:16,large_erc20_asset_flow;complex_trace;high_gas_used_context;token_activity_burst;approval_burst,0x601881f3,true
25682107,0x1edd8505db64f6c3024c645b82aca85e0f0ef44aafe4e4ab622ab6ef196f17c4,0xe99bd1c2dd70cd58e5efd47887991700e7318ce2,0xad3b67bca8935cb510c8d18bd45f0b94f54a968f,2026-08-04T22:29:16,complex_trace;approval_burst,0x146ee74d,false
25682107,0x2613ffda85647c7832825b6e040a2c5d07ff99223c7127e61646173fefc0cee5,0x9c8606e4473a531806b525b855be1cf259bfc366,0xb300000b72deaeb607a12d5f54773d1c19c7028d,2026-08-04T22:29:16,dense_internal_fund_flow;complex_trace;high_gas_used_context,0x810c705b,true
25682107,0xe778851a1e8d4939ea21946a11286c21b4c6c4a3957cd8c2c2ac3f5139a3244e,0xdd2d158a5083ef7d32f059c312eebb788867ad24,0xcb0151ac9479a6a0261622baa63ae843c9793d45,2026-08-04T22:29:16,large_erc20_asset_flow;complex_trace;high_gas_used_context;token_activity_burst;approval_burst,0x64cd187f,true
25682107,0x2b29965bada975222004b507a8200e304cb76a13db27e0dcab8911a76b78789a,0xae0cc0d6e76c2b13451ab90cd13a5fa71a5c59ba,0xd226997439ecfbeff8e110c8c78c8a7eefd19f89,2026-08-04T22:29:17,large_erc20_asset_flow;complex_trace,0x99999999,true
25682107,0x4fa61bbd52eaedc557a8368a601140c5589819697ec446c12cf5e6459ebe2336,0x2b3fed49557bd88f78b898684f82fbb355305dbb,0x09c30cdcdd971423cb3ba757a47d56c35d06d818,2026-08-04T22:29:17,dense_internal_fund_flow,0x318adb8b,true
25682107,0x77820acaaa161cb56f87e7672be90ae7c72ac5111e72bb3451d6f6e10900ae30,0x1eccd6c8c2b7d785f81e7d00d95b5871288eb86d,0x28b1dc1a5e3699a428bc51d234dfab7c9cb2a183,2026-08-04T22:29:17,complex_trace;high_gas_used_context;token_activity_burst,0x0c307f76,true
25682107,0x8afae662f2fb1e80521ea24368964d548bb8774e40367c0d99f457d7d7539e43,0x43370368dccceb147c89d1d78f14589225220290,0x0000000071727de22e5e9d8baf0edac6f37da032,2026-08-04T22:29:17,privileged_execution_context;complex_trace,0x765e827f,false
25682107,0xa5477afe1769d900871569545a96b310626159bc983489561420773b1824133b,0xe2d7d6c3a0dcad074044d6a5e1a201dbbb320f8b,0xc77d97cf01737eb7ace46cab7cd9f60ec51a40c0,2026-08-04T22:29:17,large_erc20_asset_flow;complex_trace,0x6cb224e1,true
25682107,0xb12277cb0826a353c6bed5f080d4d8596f4cf3cc8455202ac666bf7066b71028,0x59aab1bd0d26290274398c07b55955c15425e16b,0x00fe78205f5f0e63b8ad2b2ae5337f538a610e04,2026-08-04T22:29:17,repeated_internal_token_drain;dense_internal_fund_flow;complex_trace;high_gas_used_context;token_activity_burst;repeated_risky_internal_calls,0x34fcd5be,true
25682107,0xc4d8c8fbfa76ecafad2b8b6d3e2fced7153a0a661a9dc0683ad306a36b1a980a,0x02ba3f9a5c9a8e957e4ac234c848af3b9521f65c,0x950fd558f47e234a2fde23b7d61f7ccdbcb4a86f,2026-08-04T22:29:17,large_erc20_asset_flow;complex_trace;token_activity_burst,0xdd225095,true
25682108,0xfe1be8f10fe785cbc84104915163758fbf8e1702652c70781b49f2b560fbb737,0x1aed6d75bea7698a8a34ecc1361aec712474073c,0xcb0151ac9479a6a0261622baa63ae843c9793d45,2026-08-04T22:29:26,large_erc20_asset_flow;complex_trace;high_gas_used_context;token_activity_burst;approval_burst,0x64cd187f,true
25682108,0x34e6fb50fc60f330d0e278dbf1833ad26d57c1a38f9a713561812f8e7f4ac1e5,0x1d425d5c3fe77f5f91f5582f2a98d4a94cb0549b,0x111111125421ca6dc452d289314280a0f8842a65,2026-08-04T22:29:28,complex_trace;high_gas_used_context;token_activity_burst;approval_burst,0x07ed2379,true
25682108,0x9de15d6496ce9af9f37d006479b0210464bb0a9faf5bc912acace0fd5b3167cd,0xfb05502b9cd8e54ddaa866c88b1a3bc6d6364ff0,0xcb0151ac9479a6a0261622baa63ae843c9793d45,2026-08-04T22:29:28,large_erc20_asset_flow;complex_trace;high_gas_used_context;token_activity_burst;approval_burst,0x64cd187f,true
25682108,0xafcb18850608ef0f389e170ecdaa69002518d766b0e229c55c3d200b76a76f38,0x29ebbc872ce1af08508a65053b725beadba43c48,0xf4e147db314947fc1275a8cbb6cde48c510cd8cf,2026-08-04T22:29:29,large_erc20_asset_flow;complex_trace,0x0bf5d35e,true
25682108,0x29d0c1f3363ecd6a66534ba666954aedd84a50edf094b522f5a5264949292e19,0x622704015884a6972617589d7163dcfc86982cf2,0x950fd558f47e234a2fde23b7d61f7ccdbcb4a86f,2026-08-04T22:29:58,complex_trace;token_activity_burst,0xdd225095,false
25682108,0x90e49ee5c25704501979c404a6cf151d96aefdbf269e90e1756d1c7d667ab300,0x59aab1bd0d26290274398c07b55955c15425e16b,0x00fe78205f5f0e63b8ad2b2ae5337f538a610e04,2026-08-04T22:29:58,complex_trace;high_gas_used_context;token_activity_burst,0x34fcd5be,false
25682108,0xd3224e24a67c466d15792c0d7306b0f96ad4110124cf7d70853057c398bccec8,0xf279dfcdd57e1571c95e2c5b7e2ee453cbcdf77f,0x0000000071727de22e5e9d8baf0edac6f37da032,2026-08-04T22:29:58,privileged_execution_context;complex_trace,0x765e827f,false
25682108,0xeab81421b31e5aad4b56bb21e8c8e3f1bae1d424e59ebb4996f3d3a9479cd5cc,0xa5564d22c8b18015fd1a73f4a0665cd67396cdc0,0xb753366082466c4b5984312f0c4bb97554be067e,2026-08-04T22:29:58,dense_internal_fund_flow;complex_trace,0x216d5108,true
