block_num,tx_hash,from,to,detect_time,attack_signals,selector,has_asset_impact
25762772,0x29718241016005bd37731f37a82143e9495b1b80ec74c186b5d4d59420a01a08,0x59aab1bd0d26290274398c07b55955c15425e16b,0x00fe78205f5f0e63b8ad2b2ae5337f538a610e04,2026-08-16T04:30:13,complex_trace;high_gas_used_context,0x34fcd5be,false
25762772,0x2f12d8de886c16065ec02d9d05ecca8ea7849b189e6f4559ab3a411f9da25105,0x4838b106fce9647bdf1e7877bf73ce8b0bad5f97,0xfeeeeee44046c3f61a8cc081e0918ef0de0a7ffc,2026-08-16T04:30:13,selfdestruct_context,0x6a80c8f3,true
25762773,0xf9aeb1250c23329f05f7a36560711395192d42051652626506c246110459f315,0x2badf282f58e025d11c53ebdc5d5eca5c8aaf915,0xccc88a9d1b4ed6b0eaba998850414b24f1c315be,2026-08-16T04:30:27,dense_internal_fund_flow;complex_trace,0xf9e4bab4,true
25762773,0x119452e78f9916c806bce448accc58f89e60de3af9c418e03186e06004bd912c,0x3d4e12d540cf67a9c38da66a20943acac075725d,0x1eeda6359b726f7e5a662288ed7f1793ed6788b9,2026-08-16T04:30:28,repeated_internal_token_drain;dense_internal_fund_flow;complex_trace;high_gas_used_context;token_activity_burst;repeated_risky_internal_calls,0xa9059cbb,true
25762773,0xfd0f13daabf614f7c0b9ef597e3048e65dc6bd2ec7895d0e40c6e15bdc92092a,0x59aab1bd0d26290274398c07b55955c15425e16b,0x00fe78205f5f0e63b8ad2b2ae5337f538a610e04,2026-08-16T04:30:28,complex_trace;high_gas_used_context,0x34fcd5be,false
25762773,0xe8ab3fd10594b009b7ea21a690d9806a3d188674b70fb29a07ad6fe762c6effc,0x4838b106fce9647bdf1e7877bf73ce8b0bad5f97,0xfeeeeee44046c3f61a8cc081e0918ef0de0a7ffc,2026-08-16T04:30:29,selfdestruct_context,0x6a80c8ff,true
25762774,0x230f7e5337acd975bf67bcbe319a13d09494c2a8c648e9ebe63632c74b7286d5,0x4838b106fce9647bdf1e7877bf73ce8b0bad5f97,0xfeeeeee44046c3f61a8cc081e0918ef0de0a7ffc,2026-08-16T04:30:33,selfdestruct_context,0x6a80c90b,true
25762774,0x263380c8134b7af1f4445626b84f83fdacf88fb08003893ec13606d845aaa0c9,0xde992badd92adaf9146255e9bde6a70770973664,0x3d0f22bf11636cc9cb129e2b261eed35a487455c,2026-08-16T04:30:33,complex_trace;high_gas_used_context,0xa9059cbb,false
25762774,0x3c736fd2597715514d1223a06d721ace3d668e940e30d7b27db34b3c755442b3,0x59aab1bd0d26290274398c07b55955c15425e16b,0x00fe78205f5f0e63b8ad2b2ae5337f538a610e04,2026-08-16T04:30:33,complex_trace;high_gas_used_context,0x34fcd5be,false
25762774,0x47a01a2b0cb39efbed406320aee1197f74109f52da57bdfdbda173c233e5d0bb,0x062ce42cae04c51d04e77e3d64cc8953a2296ffe,0x8a25a24ede9482c4fc0738f99611be58f1c839ab,2026-08-16T04:30:33,large_erc20_asset_flow;complex_trace,0x6a761202,true
25762774,0xe01643227c391b748329c91e21d32f7f38cfd2f85c237030bdb5fac39229d3f7,0xde7a849216aa3884d53d84ecb02c19eb67e5dae2,0x7d9f4ca54131e588fc1fe577973b55fb11231e76,2026-08-16T04:30:33,high_gas_used_context;token_activity_burst,0x6aac3a0b,false
25762775,0x1765528a7d170330f165abffbb0b09544c1869630167b85fe9159da4db3394ec,0x7830c87c02e56aff27fa8ab1241711331fa86f43,0xa9d1e08c7793af67e9d92fe308d5697fb81d3e43,2026-08-16T04:30:44,large_erc20_asset_flow,0xca350aa6,true
25762775,0x08d2b45c5dde618417cecd732a7de82e4468b0d037eb29349ad9bde29dca8e44,0x69f5c4d08f6bc8cd29fe5f004d46fb566270868d,0x86e4dc95c7fbdbf52e33d563bbdb00823894c287,2026-08-16T04:30:45,complex_trace;high_gas_used_context,0x4e43e495,false
25762775,0x2843e590523aa2e55d32729ab1ff2f0181df10a2f960d7ba5c0c9cf3635e6e39,0x59aab1bd0d26290274398c07b55955c15425e16b,0x00fe78205f5f0e63b8ad2b2ae5337f538a610e04,2026-08-16T04:30:45,complex_trace;high_gas_used_context,0x34fcd5be,false
25762775,0xe78773d2ebbb2001fb74bd4219eb641c2db4a65be0ff7682e9ae17a1d763a045,0x4838b106fce9647bdf1e7877bf73ce8b0bad5f97,0xfeeeeee44046c3f61a8cc081e0918ef0de0a7ffc,2026-08-16T04:30:45,selfdestruct_context,0x6a80c917,true
25762776,0x4ebce0aef8914516df852160647cc1e518a888318f30af4595c9013b892a79d2,0x59aab1bd0d26290274398c07b55955c15425e16b,0x00fe78205f5f0e63b8ad2b2ae5337f538a610e04,2026-08-16T04:30:50,complex_trace;high_gas_used_context,0x34fcd5be,false
25762777,0x730cd4820fe2e788f6060bed5a2efbba5346daaa02f2648d208f980f95608faf,0x730ee5f7e78f885c0105485c0f2fe1c41d85b1bb,0x0de8bf93da2f7eecb3d9169422413a9bef4ef628,2026-08-16T04:30:54,dense_internal_fund_flow;large_mint_to_sender;very_complex_trace;high_gas_used_context;token_activity_burst,0xc2580804,true
25762777,0x789946b490f7a00f4659da961fbd8ecd6445f649acd34a947e9d712e56a8c8ab,0x730ee5f7e78f885c0105485c0f2fe1c41d85b1bb,0x0de8bf93da2f7eecb3d9169422413a9bef4ef628,2026-08-16T04:30:54,dense_internal_fund_flow;large_mint_to_sender;very_complex_trace;high_gas_used_context;token_activity_burst,0xc2580804,true
25762777,0x81f864f28a0f93c73f8d059bd86a1a8a4c00a3dbf25d53b624334f424f702b00,0x730ee5f7e78f885c0105485c0f2fe1c41d85b1bb,0x0de8bf93da2f7eecb3d9169422413a9bef4ef628,2026-08-16T04:30:54,dense_internal_fund_flow;large_mint_to_sender;very_complex_trace;high_gas_used_context;token_activity_burst,0xc2580804,true
25762777,0x924216e5a72e03c5aaabb8ef07122699fb51ca7322b4b459d604f5f2bcc64e50,0xe1618dee355187cc7209427c503524d015623027,0x0de8bf93da2f7eecb3d9169422413a9bef4ef628,2026-08-16T04:30:54,very_complex_trace;high_gas_used_context,0xb1ae2ed1,false
25762777,0xe00d6cf5fd37434a149fa0d538b514c492e5bf9536513f30e957a1b40177b97a,0x730ee5f7e78f885c0105485c0f2fe1c41d85b1bb,0x0de8bf93da2f7eecb3d9169422413a9bef4ef628,2026-08-16T04:30:54,large_mint_to_sender;complex_trace;high_gas_used_context;token_activity_burst,0xc2580804,true
25762777,0xebbaec49c360ae659533e12e4659018702899e0e0ea4a17ae888cbac7f52ecac,0x730ee5f7e78f885c0105485c0f2fe1c41d85b1bb,0x0de8bf93da2f7eecb3d9169422413a9bef4ef628,2026-08-16T04:30:54,dense_internal_fund_flow;large_mint_to_sender;very_complex_trace;high_gas_used_context;token_activity_burst,0xc2580804,true
25762778,0x282f60edf1a5dd4340815543a9ee32eccc4a5a1a49d998f0936229ae72676d8d,0x7830c87c02e56aff27fa8ab1241711331fa86f43,0xa9d1e08c7793af67e9d92fe308d5697fb81d3e43,2026-08-16T04:31:00,dense_internal_fund_flow,0x1a1da075,true
25762778,0x25ee4e81cf64f48ee963563d52cbb72f60cedd8790c607da8d2350121bdc47f8,0x0650a57031528333689b67b3a711feb1bac036cd,0x91ff8bbd8ebb07893010d50a48a1609e5ebd8e34,2026-08-16T04:31:01,complex_trace;high_gas_used_context,0x069d1525,false
25762778,0x8907b6ad93306b353d5cf5e3cd1442b863057b633c27c7991998de494b290713,0xdda3b51e29f9d6fad865c5dd7070d5f7eb57663e,0x8d8210a0252a706cb5de0c6f8e46b6d3692afc19,2026-08-16T04:31:01,complex_trace;high_gas_used_context,0xffc3a769,false
25762778,0xf835f04006201302c31f2f7ffc751bca6a70f411e9610082dfcfebdb1063250f,0xe487832018fbd594c84f1db3dfac61cde98a5f36,0x91ff8bbd8ebb07893010d50a48a1609e5ebd8e34,2026-08-16T04:31:01,complex_trace;high_gas_used_context,0x069d1525,false
25762778,0x6914fa1c7a5b0c1fe51f169b8f5849c8ceaba44469ea82f02dd9205b46c3ac58,0x2b3fed49557bd88f78b898684f82fbb355305dbb,0x09c30cdcdd971423cb3ba757a47d56c35d06d818,2026-08-16T04:31:03,dense_internal_fund_flow,0x318adb8b,true
25762778,0x78c132964bbb1c1d66925664875a6ed087df46b10c3544b1c911ce480c1206a9,0x80fbefbee7e2bb2ac085f082674dc8c0bccfa135,0xec2c96e75b09e29b66bf2ee5c37fa749ef9aa7c7,2026-08-16T04:31:03,large_erc20_asset_flow;complex_trace,0xdb5c7e88,true
25762778,0x860f5e50236767c5f956082516c95ea729a23a51a6feb877be38745b7c65c3f2,0xf844f01dd6f3dcdfc4dd9bbd3b3a43bd0dcba82e,,2026-08-16T04:31:03,large_mint_to_sender;contract_creation_context,0x60096080,true
25762778,0x9ef1e9438da70670ddfb6808dd96f6c697c644b845613dc2a60cf60fad4badb3,0xff757b6536386b58cf9e9dbee5b325fae5ffd26d,0x7a250d5630b4cf539739df2c5dacb4c659f2488d,2026-08-16T04:31:03,dense_internal_fund_flow,0x791ac947,true
25762778,0xaf6300d6aed6c5743b7b0abfa51a5b7db9fd17addafe45db84f14269048f205e,0xe4009455bb6948108f1fb3bb29382e3408c11dfa,0x0000000000001ff3684f28c67538d4d072c22734,2026-08-16T04:31:03,dense_internal_fund_flow;complex_trace,0x2213bc0b,true
25762778,0xcd194d2fd035163a122ed3253a9c369217805332b0b1a2f843f2d2a9741073e3,0x59aab1bd0d26290274398c07b55955c15425e16b,0x00fe78205f5f0e63b8ad2b2ae5337f538a610e04,2026-08-16T04:31:03,complex_trace;high_gas_used_context,0x34fcd5be,false
25762778,0xe006178ae50deaa450ce6c93193b6bf0a6d67805ea57770ad9656889db7b28e7,0xc19de7c66976c2522e746300f539d5bd56eea6fb,,2026-08-16T04:31:03,large_mint_to_sender;contract_creation_context,0x60136080,true
25762778,0x4fe96eb8a2850aaf2a711aef66bf51a7f65c5a9ea7a3a81b94a92d707715315e,0x4838b106fce9647bdf1e7877bf73ce8b0bad5f97,0xfeeeeee44046c3f61a8cc081e0918ef0de0a7ffc,2026-08-16T04:31:04,selfdestruct_context,0x6a80c93b,true
25762779,0x78a940af4b0ad0b905433d5da382abe27b5a82776865ab01de7b75d8777d1aed,0x18dd3c14e34c1bc379f7538068c59160d9f68e25,0xccc88a9d1b4ed6b0eaba998850414b24f1c315be,2026-08-16T04:31:13,large_erc20_asset_flow;complex_trace,0x0a2b8f36,true
25762779,0x1bd5edc9f5bf5f736f38c3f6a99e8358962243995a4383c7ac7f02991ee12686,0x4838b106fce9647bdf1e7877bf73ce8b0bad5f97,0xfeeeeee44046c3f61a8cc081e0918ef0de0a7ffc,2026-08-16T04:31:14,selfdestruct_context,0x6a80c947,true
25762779,0x34809022fcf6717815ef87f07e68361afc9b0592fbbbb9b0f9e42d57ea2512aa,0x48f07c16cbd5f12939e1ab24b8a23d161d6c3596,0x0000000071727de22e5e9d8baf0edac6f37da032,2026-08-16T04:31:14,dense_internal_fund_flow;complex_trace,0x765e827f,true
25762779,0xb18f24c2f0ed7873eb9b866c316d4da04a40da6e310a38e29e0669898f205802,0xdda3b51e29f9d6fad865c5dd7070d5f7eb57663e,0x8d8210a0252a706cb5de0c6f8e46b6d3692afc19,2026-08-16T04:31:14,complex_trace;high_gas_used_context,0xffc3a769,false
25762781,0x7200ad3db2ea060985259d297fe5bf4895de5fa59e2696d2445eb846af716288,0x885186754d0d99e1b9f57d60f06cdd33179fb2a6,0x663dc15d3c1ac63ff12e45ab68fea3f0a883c251,2026-08-16T04:31:37,dense_internal_fund_flow;complex_trace;token_activity_burst,0x258c16ee,true
25762781,0x669a557c98dd427a6f6fd5ca289938d63b58ac1879382aaa20b8bfccb053a963,0xda7ab45e77b902f8ffc1df41924bdf227bd43ee3,0x4313c378cc91ea583c91387b9216e2c03096b27f,2026-08-16T04:31:38,dense_internal_fund_flow,0xeffbec13,true
25762781,0xc90937b86737bc0375a9418621fccff14b811a289de6c3a4642ed6ff64a8cf3d,0xda7ab45e77b902f8ffc1df41924bdf227bd43ee3,0x4313c378cc91ea583c91387b9216e2c03096b27f,2026-08-16T04:31:38,dense_internal_fund_flow,0xeffbec13,true
25762781,0x578c8eff3bff2f926383dc281fb0e21f4903422f3e4aac90f8dc08990d7b74e2,0xd714e1d25067c2421ea58b962d900732f77ab23b,0xcd2bdb8af031d29d2bc38ef08b842d31e344384c,2026-08-16T04:31:40,repeated_internal_token_drain;dense_internal_fund_flow;complex_trace;high_gas_used_context;token_activity_burst;repeated_risky_internal_calls,0xa9059cbb,true
25762781,0xb69ef111036e0e9dce6a87cda13630978d39f3afb4655504dcced6a8e6ea59ab,0x4430a7fdcaad9a75f83e1c04f49c2a9e1c9cf7d3,0x0000000000771a79d0fc7f3b7fe270eb4498f20b,2026-08-16T04:31:40,very_complex_trace;high_gas_used_context,0x8973e2cb,false
25762781,0xd0f503d0c7f726536c0770fb2456ebf01940cc94351535bed188383216c78e98,0xe487832018fbd594c84f1db3dfac61cde98a5f36,0x91ff8bbd8ebb07893010d50a48a1609e5ebd8e34,2026-08-16T04:31:40,complex_trace;high_gas_used_context,0x069d1525,false
25762782,0xc8b12453a9131ae872c7c1f48897caa2d7d6e808844c0c33128bc6f6f6368e95,0x971ca6c5956d219cc64d7eec1c883e4c685f68ba,0xd152f549545093347a162dce210e7293f1452150,2026-08-16T04:31:51,dense_internal_fund_flow,0xe63d38ed,true
25762782,0x1b9c1d1d974309a77ec9fe70c740787b84c32e416f78a52ef55bef00f90ff058,0x09cfee647fa339133380191c8db6b44f24500c9d,0x77b85afbcd336993ac1c65057531c5a5b33b76b8,2026-08-16T04:31:53,repeated_internal_token_drain;dense_internal_fund_flow;complex_trace;high_gas_used_context;token_activity_burst;repeated_risky_internal_calls,0xa9059cbb,true
25762782,0x25d38f86fda9525ed240484212a7fbc284917f23d7bee281daa8de67183c0563,0x5f8769281662a4af0175f7efe521892c52850ac6,0x40a6700b99115cda7b12bd0e21db1be8ae524bf2,2026-08-16T04:31:53,repeated_internal_token_drain;dense_internal_fund_flow;complex_trace;high_gas_used_context;token_activity_burst;repeated_risky_internal_calls,0xa9059cbb,true
25762782,0x7a7e7696aea8da5283cacc0ab2ed5cd01736f694f7aafb7ffc91d3ff9a529ca0,0xde992badd92adaf9146255e9bde6a70770973664,0x3d0f22bf11636cc9cb129e2b261eed35a487455c,2026-08-16T04:31:53,complex_trace;high_gas_used_context,0xa9059cbb,false
25762782,0x86e8ecc187abbaeaea6bae102ada2e82af5e69f1640d803cb0879524c45f042c,0xd5c7106cb76d1bd098729d238e1c7418b7a91952,0xee030ec6f4307411607e55acd08e628ae6655b86,2026-08-16T04:31:53,complex_trace;high_gas_used_context;approval_burst,0x6e1537da,false
25762782,0x95541ef13ca6d5097574ddc437edebffac4adaee61569c640d77247c72ea5553,0x4838b106fce9647bdf1e7877bf73ce8b0bad5f97,0xfeeeeee44046c3f61a8cc081e0918ef0de0a7ffc,2026-08-16T04:31:53,selfdestruct_context,0x6a80c96b,true
25762782,0xcda575545d32dd6d0cff8f3574823e668e5757c0364a858dd97a40e7935f543b,0xdda3b51e29f9d6fad865c5dd7070d5f7eb57663e,0x8d8210a0252a706cb5de0c6f8e46b6d3692afc19,2026-08-16T04:31:53,complex_trace;high_gas_used_context,0xffc3a769,false
25762782,0xf77b4041216d5ba5b15a14bd3972b67b9fb3d723264b9deb78bac4b5a3743614,0xe487832018fbd594c84f1db3dfac61cde98a5f36,0x91ff8bbd8ebb07893010d50a48a1609e5ebd8e34,2026-08-16T04:31:53,complex_trace;high_gas_used_context,0x069d1525,false
25762783,0x08abf2935de8f43c7b81a6defd90f1db54c52e230e4617732dab3230244e3ba7,0x6ba91c39e657d8f6cc8216081a2e2db4028dcd27,,2026-08-16T04:32:11,dense_internal_fund_flow;privileged_execution_context;high_gas_used_context;contract_creation_context,0x60078054,true
25762783,0x5b300e4b663870371b5633cf21b4415145a48bb29a7c20b156d79ddd42e04157,0xc74e9ddc5663507671cab03b5ced7acd58e72a51,0x28b1dc1a5e3699a428bc51d234dfab7c9cb2a183,2026-08-16T04:32:11,complex_trace;high_gas_used_context,0x0c307f76,true
25762783,0x680bea9c081b321581ce00929bbbc276086bedd6c488989a8982a69834884fce,0x09cfee647fa339133380191c8db6b44f24500c9d,0x3d9846705612c2db47edf659c48034c752f0da99,2026-08-16T04:32:11,complex_trace;high_gas_used_context,0xd47a1a27,false
25762783,0x6b9b1bf58987fb9aacbaac4b860a3df8f71e283eb7fae1f78303b71f0b7c9fb4,0x4838b106fce9647bdf1e7877bf73ce8b0bad5f97,0xfeeeeee44046c3f61a8cc081e0918ef0de0a7ffc,2026-08-16T04:32:11,selfdestruct_context,0x6a80c977,true
25762783,0x6e937909af97931daaa8aed9f7a85a687b809a6ce6877cf1b567a1582e70f4bf,0xdda3b51e29f9d6fad865c5dd7070d5f7eb57663e,0x8d8210a0252a706cb5de0c6f8e46b6d3692afc19,2026-08-16T04:32:11,complex_trace;high_gas_used_context,0xffc3a769,false
25762783,0x844ed6da113d28dc80fb8807305c4899887192192a976e9c6d62bbf56d9f785f,0x6ba91c39e657d8f6cc8216081a2e2db4028dcd27,0x3e01b0af16e478b3d4a43262a6a5f85ac57dc5d3,2026-08-16T04:32:11,privileged_execution_context,0x715018a6,false
25762783,0xacf55ce70e2b201bbeb27260904e577bcc8df6d91e10668a49c22ec50a42a3fc,0x6ba91c39e657d8f6cc8216081a2e2db4028dcd27,0x3e01b0af16e478b3d4a43262a6a5f85ac57dc5d3,2026-08-16T04:32:11,dense_internal_fund_flow,0x8a8c523c,true
25762784,0x4be599d27fb145657f9da7a601cc35f694d19bf83281980cea2bc7ea6257d341,0xde992badd92adaf9146255e9bde6a70770973664,0x3d0f22bf11636cc9cb129e2b261eed35a487455c,2026-08-16T04:32:29,complex_trace;high_gas_used_context,0xa9059cbb,false
25762784,0xa5585f374de53b10da489f6914cb9568e0ee1cad7d81c865501734169e6ffbb4,0xde7a849216aa3884d53d84ecb02c19eb67e5dae2,0x7d9f4ca54131e588fc1fe577973b55fb11231e76,2026-08-16T04:32:29,high_gas_used_context;token_activity_burst,0x6aac3a0b,false
25762784,0x7e17ddbf943b912adada17aa81be727b21f4f0fd16692d639df6376b0fb8ee7b,0x59aab1bd0d26290274398c07b55955c15425e16b,0x00fe78205f5f0e63b8ad2b2ae5337f538a610e04,2026-08-16T04:32:30,complex_trace;high_gas_used_context,0x34fcd5be,false
25762785,0xa82c6af1ce13c681d1b0540f49eab6c6f64fb02dfb2bb93d6492ac87103794ff,0xde992badd92adaf9146255e9bde6a70770973664,0x3d0f22bf11636cc9cb129e2b261eed35a487455c,2026-08-16T04:32:49,complex_trace;high_gas_used_context,0xa9059cbb,false
25762785,0x9c47339b9d96877d09f32119e01021813540698e1969f5d8662c5e75768b1b74,0x4838b106fce9647bdf1e7877bf73ce8b0bad5f97,0xfeeeeee44046c3f61a8cc081e0918ef0de0a7ffc,2026-08-16T04:32:50,selfdestruct_context,0x6a80c98f,true
25762785,0xd1409ca6da1dfb6ad5ac2abea4fcb4dd0fd5961cfde6e1a27bc699ec52becbe0,0x59aab1bd0d26290274398c07b55955c15425e16b,0x00fe78205f5f0e63b8ad2b2ae5337f538a610e04,2026-08-16T04:32:50,complex_trace;high_gas_used_context,0x34fcd5be,false
25762786,0xab1d54574235e9082866053ba2434ac28e2d011119ac27f9788af3b4326822f4,0x4838b106fce9647bdf1e7877bf73ce8b0bad5f97,0xfeeeeee44046c3f61a8cc081e0918ef0de0a7ffc,2026-08-16T04:33:05,selfdestruct_context,0x6a80c99b,true
25762786,0xbcfea93f4e08487f8a3bd46ffc1f64d0c6c2b25a28da150b349bbd151b50cffc,0xde992badd92adaf9146255e9bde6a70770973664,0x3d0f22bf11636cc9cb129e2b261eed35a487455c,2026-08-16T04:33:05,complex_trace;high_gas_used_context,0xa9059cbb,false
25762786,0x856e2a54e9c2905ff00b205727700194f2ff1f31350abfde5985c98ac0386bd8,0x59aab1bd0d26290274398c07b55955c15425e16b,0x00fe78205f5f0e63b8ad2b2ae5337f538a610e04,2026-08-16T04:33:07,complex_trace;high_gas_used_context,0x34fcd5be,false
25762786,0x98939e7875af764be4becba6c15c6e2cb48e69cba2cf422b4d66a22175ce583c,0x4838b106fce9647bdf1e7877bf73ce8b0bad5f97,0xfeeeeee44046c3f61a8cc081e0918ef0de0a7ffc,2026-08-16T04:33:07,selfdestruct_context,0x6a80c99b,true
25762787,0xd72f469be1b35d40b00eca44d0006cb166cb41417bb6c90b7110591d72707d15,0x59aab1bd0d26290274398c07b55955c15425e16b,0x00fe78205f5f0e63b8ad2b2ae5337f538a610e04,2026-08-16T04:33:16,complex_trace;high_gas_used_context,0x34fcd5be,false
25762787,0xda2078c105b382ece0b0dc18549a3089b2e4ef76bb068a8ae3b872d2e8c9b42c,0x4838b106fce9647bdf1e7877bf73ce8b0bad5f97,0xfeeeeee44046c3f61a8cc081e0918ef0de0a7ffc,2026-08-16T04:33:16,selfdestruct_context,0x6a80c9a7,true
25762788,0x5e91690cc403772413baf02f646bb7048cc79198b206c3c95c5080242296db51,0x35f74aab2bb462fd59bc27adecf526af5e646f1e,0xf4e147db314947fc1275a8cbb6cde48c510cd8cf,2026-08-16T04:33:24,large_erc20_asset_flow;complex_trace,0x0bf5d35e,true
25762788,0x6aa5fb8fe7654823e1f8b4549a855525b1d9b55bea1badf2714a03641f5cbd27,0x59aab1bd0d26290274398c07b55955c15425e16b,0x00fe78205f5f0e63b8ad2b2ae5337f538a610e04,2026-08-16T04:33:24,complex_trace;high_gas_used_context,0x34fcd5be,false
25762789,0x06eafbafaac33b94b333a0f40ba2fd17688ee8ac25cfae56cfa6c97e638b4062,0x3f16e8dd3c9932e02b0545a82e4605e7dbc85d47,0xe7e68d336f90f98d22a479253eafa5f2424acad8,2026-08-16T04:33:29,large_erc20_asset_flow;complex_trace,0x21c69a19,true
25762789,0x1ee5e8d5c6cca124bd3af2491a6843b3929ea52048e33f6a7a37b17aa06012a3,0x59aab1bd0d26290274398c07b55955c15425e16b,0x00fe78205f5f0e63b8ad2b2ae5337f538a610e04,2026-08-16T04:33:29,complex_trace;high_gas_used_context,0x34fcd5be,false
25762789,0x9d6ca84fd3953d0c63850d87e0315f2796285de37fcbf9ca603131518c090391,0x5bec442f109b3e904fe31c9dce0b675d1a75c270,0xee030ec6f4307411607e55acd08e628ae6655b86,2026-08-16T04:33:30,complex_trace;approval_burst,0x6e1537da,false
25762789,0xbc151ccae42c1c1969410cdf149909435d484def50600fc3346dcc9cdc8b0f88,0x4838b106fce9647bdf1e7877bf73ce8b0bad5f97,0xfeeeeee44046c3f61a8cc081e0918ef0de0a7ffc,2026-08-16T04:33:30,selfdestruct_context,0x6a80c9bf,true
25762790,0xde29439a84b4d5a041ebe05b2e9ed4ac75ab9c6e838fdec8f60677f9e3e8e2fa,0x4838b106fce9647bdf1e7877bf73ce8b0bad5f97,0xfeeeeee44046c3f61a8cc081e0918ef0de0a7ffc,2026-08-16T04:33:34,selfdestruct_context,0x6a80c9cb,true
25762790,0x8edaafdb5f7d71d64b2325f17a054366d77d05e9ad1cf1ceab3f7e8701599351,0x7556699aa8e6a7c9c69bcfaf9debd05f8192b063,0x84a260fd2be522f1384fba4a678555b99cbb288a,2026-08-16T04:33:35,complex_trace;high_gas_used_context,0xe587456a,false
25762790,0xc4a1d24037805dd91b63c169f546f3db184707b526bb86909160e51f36c2ef64,0x4838b106fce9647bdf1e7877bf73ce8b0bad5f97,0xfeeeeee44046c3f61a8cc081e0918ef0de0a7ffc,2026-08-16T04:33:35,selfdestruct_context,0x6a80c9cb,true
25762790,0xf869b4fdf1aec8a25c56fa6fd905247e6ed7ebf41eca6aeb2da93fce64b70421,0x59aab1bd0d26290274398c07b55955c15425e16b,0x00fe78205f5f0e63b8ad2b2ae5337f538a610e04,2026-08-16T04:33:35,complex_trace;high_gas_used_context,0x34fcd5be,false
25762791,0x1ecedfe1443eba05ed953db1f9db8b5e789d5129e262a1b0a1f4e9b441d0aa34,0x4838b106fce9647bdf1e7877bf73ce8b0bad5f97,0xfeeeeee44046c3f61a8cc081e0918ef0de0a7ffc,2026-08-16T04:33:41,selfdestruct_context,0x6a80c9d7,true
25762791,0x2d926e2d982ee02fefc86175d998c3fb13674cd371083ba948efd43f1c72305a,0x59aab1bd0d26290274398c07b55955c15425e16b,0x00fe78205f5f0e63b8ad2b2ae5337f538a610e04,2026-08-16T04:33:41,complex_trace;high_gas_used_context,0x34fcd5be,false
25762791,0x4ed8816228a21813c9f6f12495f4ccb650db607678428cfc71b378adbf674c4b,0x062ce42cae04c51d04e77e3d64cc8953a2296ffe,0x8a25a24ede9482c4fc0738f99611be58f1c839ab,2026-08-16T04:33:41,large_erc20_asset_flow;complex_trace,0x6a761202,true
25762791,0x61c96421d3eb2ead36e2685d600cfdc19818dc7ba1fe2a9394311c525eb46ca0,0x2252b7ae5f2e4c3cd4c00be9e289fd5a08783526,0x7a250d5630b4cf539739df2c5dacb4c659f2488d,2026-08-16T04:33:41,dense_internal_fund_flow,0x791ac947,true
25762791,0x73f431d4df1ad07bfeefee8e802638369f77a099b4e09be468c84c6fdd2f4094,0xdda3b51e29f9d6fad865c5dd7070d5f7eb57663e,0x8d8210a0252a706cb5de0c6f8e46b6d3692afc19,2026-08-16T04:33:41,complex_trace;high_gas_used_context,0xffc3a769,false
25762791,0xdb81964189a3b251721b3f4c06aa5c5e5d196bdf371adb2929caa616b0c0f73c,0x5a9a4ba2d045644836dc492d877ad6dcaaa65930,0x97f021f8d1cb43b35d65be276bbedcf6ef7dbc2d,2026-08-16T04:33:41,dense_internal_fund_flow;complex_trace;approval_burst,0x10404af4,true
25762792,0x56a37302c94c2c37fee0b79cb0f87fd1576ef7f11eba62f14d3fc81b08ad3bc9,0xdda3b51e29f9d6fad865c5dd7070d5f7eb57663e,0x8d8210a0252a706cb5de0c6f8e46b6d3692afc19,2026-08-16T04:33:44,complex_trace;high_gas_used_context,0xffc3a769,false
25762792,0x637eaf5b869dba0beb47a61fe72139614adf830b698971639bbb75eb82f65fea,0x59cadf9199248b50d40a6891c9e329ea13a88d31,0xfeeeeee44046c3f61a8cc081e0918ef0de0a7ffc,2026-08-16T04:33:44,selfdestruct_context,0x6a80c9e3,true
25762793,0x025951bd066d243fefdea600d07029bb2040ee898ba891e24fd17a0a11e536cb,0x4430a7fdcaad9a75f83e1c04f49c2a9e1c9cf7d3,0x0000000000771a79d0fc7f3b7fe270eb4498f20b,2026-08-16T04:33:57,very_complex_trace;high_gas_used_context,0x8973e2cb,false
25762793,0x188a016883f4f5a5ca4b0bbe36e7719bad15125ff87d276dcd88278acfd710b6,0x80fbefbee7e2bb2ac085f082674dc8c0bccfa135,0xec2c96e75b09e29b66bf2ee5c37fa749ef9aa7c7,2026-08-16T04:33:57,large_erc20_asset_flow;complex_trace,0xdb5c7e88,true
25762793,0x4f514c899905e61848843c26c6ce7e4782cbf6c8407e717c8930457516cdcf14,0xe487832018fbd594c84f1db3dfac61cde98a5f36,0x91ff8bbd8ebb07893010d50a48a1609e5ebd8e34,2026-08-16T04:33:57,complex_trace;high_gas_used_context,0x069d1525,false
25762793,0x6e06cd180b34df865e4df85faaec8b998b5bd2796c9d7dcc09294e34ff34c426,0x219ad8140a2a6a38fa8ea4abb2dffb44ed31a81f,0x7a250d5630b4cf539739df2c5dacb4c659f2488d,2026-08-16T04:33:57,dense_internal_fund_flow,0x791ac947,true
25762793,0x86781ad4cb5a2eb97b1f1ac82b72335298bb70029e4f121d5000a718d7e9ee86,0xdda3b51e29f9d6fad865c5dd7070d5f7eb57663e,0x8d8210a0252a706cb5de0c6f8e46b6d3692afc19,2026-08-16T04:33:57,complex_trace;high_gas_used_context,0xffc3a769,false
25762793,0x9516d2be585abfb20c23df5a379704a9b250081d0a5108f8f0efdc8be980a1a4,0x730ee5f7e78f885c0105485c0f2fe1c41d85b1bb,0x0de8bf93da2f7eecb3d9169422413a9bef4ef628,2026-08-16T04:33:57,dense_internal_fund_flow;large_mint_to_sender;very_complex_trace;high_gas_used_context;token_activity_burst,0xc2580804,true
25762793,0xa6045805675b88c97c05e84b94a2c327f2d327b55e707d8645521d2f0dc6f429,0x730ee5f7e78f885c0105485c0f2fe1c41d85b1bb,0x0de8bf93da2f7eecb3d9169422413a9bef4ef628,2026-08-16T04:33:57,dense_internal_fund_flow;large_mint_to_sender;very_complex_trace;high_gas_used_context;token_activity_burst,0xc2580804,true
25762793,0xdb7000ff4e4c3eed8e7533a9a2b17f7a5b0ffa522e4f37779b61ccf679fc06bd,0x1df39ea7df8deb1578d5027b6db17fc86453f3d6,0x09fc9b7545020f6a51d113e495e0a451597969d3,2026-08-16T04:33:57,complex_trace;high_gas_used_context;token_activity_burst,0x708909ad,false
25762793,0xedd8126641b75fb870b24e2600f6ad4d15dbe9c251b0ae2612d4ad9f3f57830d,0x4838b106fce9647bdf1e7877bf73ce8b0bad5f97,0xfeeeeee44046c3f61a8cc081e0918ef0de0a7ffc,2026-08-16T04:33:58,selfdestruct_context,0x6a80c9ef,true
25762794,0x1264c2b2ae57ced2c72989946390893b9933ec6ca0b611e0e5cb5ae2c4685352,0xdda3b51e29f9d6fad865c5dd7070d5f7eb57663e,0x8d8210a0252a706cb5de0c6f8e46b6d3692afc19,2026-08-16T04:34:15,complex_trace;high_gas_used_context,0xffc3a769,false
25762794,0x1df5d56f6393a2eca67e34df3705b6b6e1faec2c8b7beb69d833ceaa451bc944,0x0e03919b8753a183fa003ac10638fde6aa8b3af1,0xe6c5dc8508939b1c417f83b7fed3149ef22cf3ff,2026-08-16T04:34:15,large_erc20_asset_flow;complex_trace;token_activity_burst,0xd2ae9a0d,true
25762794,0x28581fce74275d43e8af1e76aa8274b70f55619d67e2430d5cb743119935763d,0xf70da97812cb96acdf810712aa562db8dfa3dbef,0xccc88a9d1b4ed6b0eaba998850414b24f1c315be,2026-08-16T04:34:15,dense_internal_fund_flow,0x0a2b8f36,true
25762794,0x32240627db1dddf8b025c5d31192eb6e62f18a48ea776b0b5afe6eae5229a9d4,0xb23360ccdd9ed1b15d45e5d3824bb409c8d7c460,0x09c30cdcdd971423cb3ba757a47d56c35d06d818,2026-08-16T04:34:15,dense_internal_fund_flow,0x318adb8b,true
25762794,0x464697872e449f8bb0693ec6b358962fc4b327e4d573fb60ffe31819079a0ee2,0x347c26de1daedd8417919bbe133566b93feab19e,0xca11bde05977b3631167028862be2a173976ca11,2026-08-16T04:34:15,complex_trace;high_gas_used_context,0x174dea71,false
25762794,0x57ad8b82262aeef1a729e5e16d66a8e667abf070cc09b3e6619d12c2187fb623,0xde7a849216aa3884d53d84ecb02c19eb67e5dae2,0x7d9f4ca54131e588fc1fe577973b55fb11231e76,2026-08-16T04:34:15,high_gas_used_context;token_activity_burst,0x6aac3a0b,false
25762794,0x88b356bf0321c1f5b67fb081397abac043d8c1ae4b3bd9bbf8cacd9a239c6af7,0x5bec442f109b3e904fe31c9dce0b675d1a75c270,0xee030ec6f4307411607e55acd08e628ae6655b86,2026-08-16T04:34:15,complex_trace;approval_burst,0x6e1537da,false
25762794,0xcca6802eb2337b29fddd967e103c617aab415a09a8824a654784bbd4133da077,0x7830c87c02e56aff27fa8ab1241711331fa86f43,0xa9d1e08c7793af67e9d92fe308d5697fb81d3e43,2026-08-16T04:34:15,dense_internal_fund_flow,0x1a1da075,true
25762794,0xf0b8f52e8da891b933bcdf5ae1ec908121f616879251f4bbd015ea0d33b14368,0x883a95fdf8df78e7128fced0e9d931a687ff542f,0x4ebc36dcee3ca916ff4157b51c2a16105a3774b5,2026-08-16T04:34:15,complex_trace;high_gas_used_context,0x1749e1e3,false
25762794,0x41133b08d3e72e3d0f705cc269cc91fafc5e3e6882dbb2fd1d594ee6834f6da9,0x203847fbc212987f83680e0682e45e930eb11b0e,0x86e4dc95c7fbdbf52e33d563bbdb00823894c287,2026-08-16T04:34:16,complex_trace;high_gas_used_context,0x4e43e495,false
25762795,0x34afb691b47ee508553e01d1d87523e3cf58fad418e65d98591069668688abbd,0xbe0b407782a7599380fa726db315340126d62229,0x4d2fb5f8ec243fde4df1a9678b82238570c7e0e4,2026-08-16T04:34:32,repeated_internal_token_drain;dense_internal_fund_flow;complex_trace;high_gas_used_context;token_activity_burst;repeated_risky_internal_calls,0x6a761202,true
25762795,0x4c5bacbe4f2839813aca7990c7c4c294642b20ddc793fa047bd95e80d1e66374,0x5c8e47d95714c0dd48c7b0c91b0228ccd3dfbfbe,0xa0f1c3ad83e07d97b5e7030e177718be175275ea,2026-08-16T04:34:32,large_erc20_asset_flow;complex_trace;high_gas_used_context;token_activity_burst,0x12aa3caf,true
25762795,0x08fd44bcf128aea9e3bc97ce44b6b122e71b46f6cd51f94afd445645940a4f9d,0xb371b55749c18ad86e2250efe5270b1a51409898,0x356b8d89c1e1239cbbb9de4815c39a1474d5ba7d,2026-08-16T04:34:34,large_erc20_asset_flow;complex_trace,0x107703ab,true
25762795,0x49e149317c36c6092ebb621e047f5c0af8c8b848dc677a14855800a331b5b2e6,0xdadb0d80178819f2319190d340ce9a924f783711,0xfeeeeee44046c3f61a8cc081e0918ef0de0a7ffc,2026-08-16T04:34:34,selfdestruct_context,0x6a80ca07,true
25762795,0xa3f0a87055ba6cccd5eee78a91d4a19b6c4a50238523f038f99d76cb168a4f86,0x19b60e065779f51e2c831052c35462b0c6c65127,0xddd86fb2a33bbbbb44878fa433dc692947a023ab,2026-08-16T04:34:34,very_complex_trace;high_gas_used_context;token_activity_burst,0x670a33c8,false
25762795,0xed15667e311d7160bd743bb3f7f979b4915bd2ffbd1b4c9ef7a1c06feb7b54f8,0xdadb0d80178819f2319190d340ce9a924f783711,0xfeeeeee44046c3f61a8cc081e0918ef0de0a7ffc,2026-08-16T04:34:34,selfdestruct_context,0x6a80ca07,true
25762796,0x0ad59774181739b32ce234fcdac8ad2b86d38ac98c636a6eab34972386f4ab8b,0xb4c3b76897f5acc430278654b4b3fafbaae0da4c,0x61e606053de6c1dd3b451077572c93442f994c07,2026-08-16T04:34:44,large_mint_to_sender,0xee1fe2ad,true
25762796,0x3d8eaea4274999e1930566eaf82c8822a6660fb58a919512d58dbf5208f14bfd,0xde992badd92adaf9146255e9bde6a70770973664,0x3d0f22bf11636cc9cb129e2b261eed35a487455c,2026-08-16T04:34:44,complex_trace;high_gas_used_context,0xa9059cbb,false
25762796,0x4e472330a5ffcc0a302b6e4e61d0cbc7ee916aacfac88b4dea7c53818a54b9ea,0x7f881d3ea884051dfa36dcf68fa879dc83a9fc85,0x00000f91109c4d0007e90000d9facad5298a0cac,2026-08-16T04:34:44,complex_trace;high_gas_used_context;token_activity_burst,0x00000000,false
25762796,0xac7cd8721b1ae51dc00680dff61dd2e2ad49c0d46aea3d106376a7af3a88593f,0xde992badd92adaf9146255e9bde6a70770973664,0x3d0f22bf11636cc9cb129e2b261eed35a487455c,2026-08-16T04:34:44,complex_trace;high_gas_used_context,0xa9059cbb,false
25762796,0x6b2ccd5890e3135733d9900e718f016085cccd474784f04207c12554b76698c5,0xdadb0d80178819f2319190d340ce9a924f783711,0xfeeeeee44046c3f61a8cc081e0918ef0de0a7ffc,2026-08-16T04:34:45,selfdestruct_context,0x6a80ca13,true
25762796,0xa46bd46c675489248ae7ecba97a5bb639a0bb74fdccb9434126aaeea0ff15f9d,0xdadb0d80178819f2319190d340ce9a924f783711,0xfeeeeee44046c3f61a8cc081e0918ef0de0a7ffc,2026-08-16T04:34:45,selfdestruct_context,0x6a80ca13,true
25762797,0x39dbfb7ef6f91840430e6f77b30e99bf680b7e759e8f9e3ed0c14acf6de6a4b8,0x59aab1bd0d26290274398c07b55955c15425e16b,0x00fe78205f5f0e63b8ad2b2ae5337f538a610e04,2026-08-16T04:34:56,complex_trace;high_gas_used_context,0x34fcd5be,false
25762797,0xcd9d74861cf5db254c89542f177bb26f5e817d7e63045d9a010672da4a9a8f30,0x5bec442f109b3e904fe31c9dce0b675d1a75c270,0xee030ec6f4307411607e55acd08e628ae6655b86,2026-08-16T04:34:56,complex_trace;approval_burst,0x6e1537da,false
25762797,0x83babd4b003de04bdb51fa19d54bc18675e12863bcb950fb02a2456c1a0964f1,0x4838b106fce9647bdf1e7877bf73ce8b0bad5f97,0xfeeeeee44046c3f61a8cc081e0918ef0de0a7ffc,2026-08-16T04:34:58,selfdestruct_context,0x6a80ca1f,true
25762797,0x0464899ca2eda6b3f533ab95111c41e48dba145f520c89a1f096b4f312d7751f,0x4838b106fce9647bdf1e7877bf73ce8b0bad5f97,0xfeeeeee44046c3f61a8cc081e0918ef0de0a7ffc,2026-08-16T04:35:27,selfdestruct_context,0x6a80ca1f,true
25762798,0xe6851a2775ff8228eccbed80f2811f41ac2c80dbf863206f79fa8b03e28d7f84,0x50bf934781f63028c5c8ef49c4affe19a86d99b6,0x8d04cc7e86e687854eb41d9d43512b655b93184b,2026-08-16T04:35:37,selfdestruct_context,0xb5291b32,false
25762798,0xf8dfbb9c7d5facf4beb693e23e2acae6f1cff321f398814d048f102e86419946,0x8b5606469e21c75edd7c74d1c7a65824675d9aff,0x9ccc2f3ecde026230e11a5c8799ac7524f2bb294,2026-08-16T04:35:37,dense_internal_fund_flow;complex_trace,0x1bc74526,true
25762798,0x45e6ddfded24e7b07785a5a9c332ca274ecd9630eb3566ffcfbf7ef3bf94e002,0x4838b106fce9647bdf1e7877bf73ce8b0bad5f97,0xfeeeeee44046c3f61a8cc081e0918ef0de0a7ffc,2026-08-16T04:35:38,selfdestruct_context,0x6a80ca2b,true
25762798,0x4fe0ca9d174a7a60b7d1261ed1d54e7e9251fbc1ad0457c3a008eba6ff60d585,0x59aab1bd0d26290274398c07b55955c15425e16b,0x00fe78205f5f0e63b8ad2b2ae5337f538a610e04,2026-08-16T04:35:38,complex_trace;high_gas_used_context,0x34fcd5be,false
25762799,0xc0679ef8e211b8375e41add13a91546f0bf8052b3cf0a461fcdb3d817e21bbef,0x7830c87c02e56aff27fa8ab1241711331fa86f43,0xa9d1e08c7793af67e9d92fe308d5697fb81d3e43,2026-08-16T04:35:47,dense_internal_fund_flow,0x1a1da075,true
25762799,0xb4af66c3b24d917d161846dc1ffd1c02b04261b7a0c965aa72aa2a7ce5b72241,0x00d9fe085d99b33ab2aae8063180c63e23bf2e69,0x75884f3ada15c953529abaac6549d5204135ec36,2026-08-16T04:35:48,repeated_internal_token_drain;dense_internal_fund_flow;complex_trace;high_gas_used_context;token_activity_burst;repeated_risky_internal_calls,0xa9059cbb,true
25762799,0xf94127d7ec18d5f8285e97b11b970aa053e2416f7cfaac06b8dffad1f38e046a,0x59aab1bd0d26290274398c07b55955c15425e16b,0x00fe78205f5f0e63b8ad2b2ae5337f538a610e04,2026-08-16T04:35:48,complex_trace;high_gas_used_context,0x34fcd5be,false
25762799,0x9eaf70585feda3d9ae988f44089ebf077ac256cd5751bf01726214753600d572,0x7184d1a5a90c9a410bb7f597c12fc37a83d97dbc,0xf4e147db314947fc1275a8cbb6cde48c510cd8cf,2026-08-16T04:35:49,privileged_execution_context,0x760d0f9d,false
25762800,0x919eab4f37c508c21b0da6b73425e21a0df9b6a3925ddf838a808419d55bfe22,0x50bf934781f63028c5c8ef49c4affe19a86d99b6,0x8d04cc7e86e687854eb41d9d43512b655b93184b,2026-08-16T04:35:56,complex_trace;selfdestruct_context,0x8066179c,false
25762800,0xb9a0e05ea3f9e80fdbd344b9c14375b72310bc771d3c149c170e447c790d82e7,0xfaca0d3e07533de32cafd953a0560240cd762368,0x4c82d1fbfe28c977cbb58d8c7ff8fcf9f70a2cca,2026-08-16T04:35:56,dense_internal_fund_flow,0x3593564c,true
25762800,0xd0e00496d6a789367f249477da9f36ccda1eb4f7e9aee0baaf94295b91b9da1a,0x023845b3c758a3424c16b84ff88684b5414e4a6a,0x28b1dc1a5e3699a428bc51d234dfab7c9cb2a183,2026-08-16T04:35:56,dense_internal_fund_flow;complex_trace;high_gas_used_context;token_activity_burst,0x0c307f76,true
25762800,0xab03475cdf88436d0886b3cf96ab9de9e4d2a351dbffcefc26b733c59fb16557,0x59aab1bd0d26290274398c07b55955c15425e16b,0x00fe78205f5f0e63b8ad2b2ae5337f538a610e04,2026-08-16T04:35:57,complex_trace;high_gas_used_context,0x34fcd5be,false
25762801,0x86c740bbc5fbcd3f6f2e42a292f3c2a87bcd44e4dcb0fb9f8f4649c55e8ac6fc,0xf70da97812cb96acdf810712aa562db8dfa3dbef,0xb92fe925dc43a0ecde6c8b1a2709c170ec4fff4f,2026-08-16T04:36:02,dense_internal_fund_flow;complex_trace,0xcd6e13f7,true
25762801,0xcc3d482a2d7ec2b97ba7230b91b197172dee1f781d0041df27ad4d363bc3f7a4,0x2f14cc19c7b72f004f88f64abb9e63eb72337d63,0x88432bb6ea62e774cb6d87995cc5277568d01397,2026-08-16T04:36:03,large_erc20_asset_flow;complex_trace,0x25d7cfc1,true
25762801,0xfa1f8ce874c89d2b18d9c7137f43065dd5bb4991e936b9b8511720088d3c28f7,0x59aab1bd0d26290274398c07b55955c15425e16b,0x00fe78205f5f0e63b8ad2b2ae5337f538a610e04,2026-08-16T04:36:03,complex_trace;high_gas_used_context,0x34fcd5be,false
25762802,0x4186ac44e1eb013ee6845f11e2fd6cb33c84e3e2e49845167f1a22326048bb0d,0x1df39ea7df8deb1578d5027b6db17fc86453f3d6,0x09fc9b7545020f6a51d113e495e0a451597969d3,2026-08-16T04:36:08,complex_trace;high_gas_used_context;token_activity_burst,0x708909ad,false
25762802,0x8a2a1b6d42a6d5da7a4a6919d84d37c09c3463b65e6e24c389a36ac0ef59bcc0,0xe487832018fbd594c84f1db3dfac61cde98a5f36,0x91ff8bbd8ebb07893010d50a48a1609e5ebd8e34,2026-08-16T04:36:08,complex_trace;high_gas_used_context,0x069d1525,false
25762802,0x4d0564bb4081017a9535afd77935e276ab68c89e84b47c8d96d9649b323af7d0,0x6ce2f92305d0cc1f2d5dd98b7322ee5240e3c30e,0x7a250d5630b4cf539739df2c5dacb4c659f2488d,2026-08-16T04:36:09,dense_internal_fund_flow,0x791ac947,true
25762802,0x88115f91765970f972a6dc42cf42b84adcd228c87a63d4607fe2361c649825c1,0x09cfee647fa339133380191c8db6b44f24500c9d,0x3d9846705612c2db47edf659c48034c752f0da99,2026-08-16T04:36:09,complex_trace;high_gas_used_context,0xd47a1a27,false
25762802,0xa951cf796c0548817e36dd7c2c9de9e073f18091585a3b7f27014af07d44287c,0x5a9a4ba2d045644836dc492d877ad6dcaaa65930,0x97f021f8d1cb43b35d65be276bbedcf6ef7dbc2d,2026-08-16T04:36:09,dense_internal_fund_flow;complex_trace;high_gas_used_context;approval_burst,0x10404af4,true
25762802,0xadf90ab6b733fe7c6206bb51fb5ab3c86223f9df30d9d58a4cd08c760cb86b85,0xc003da7bcf6f5972080436206bce4f48246bef11,0x7a250d5630b4cf539739df2c5dacb4c659f2488d,2026-08-16T04:36:09,dense_internal_fund_flow,0x791ac947,true
25762802,0xb46cd804436acf3527bc4edaa707c3005096555b4ddcd2797af63f9fe0c17bd9,0xe1618dee355187cc7209427c503524d015623027,0x0de8bf93da2f7eecb3d9169422413a9bef4ef628,2026-08-16T04:36:09,very_complex_trace;high_gas_used_context,0xb1ae2ed1,false
25762802,0xb79be3856ab758bbac35347a4cafd131b5485289a346a4a53228e54c2b4d2daa,0x4430a7fdcaad9a75f83e1c04f49c2a9e1c9cf7d3,0x0000000000771a79d0fc7f3b7fe270eb4498f20b,2026-08-16T04:36:09,very_complex_trace;high_gas_used_context,0x8973e2cb,false
25762803,0x015a5c28c52c265101fbf28b2c9f83e8ead731a0b5ac91318ba4bf9be3ec3faf,0xdda3b51e29f9d6fad865c5dd7070d5f7eb57663e,0x8d8210a0252a706cb5de0c6f8e46b6d3692afc19,2026-08-16T04:36:13,complex_trace;high_gas_used_context,0xffc3a769,false
25762803,0x78abe700598aadbc9cd6911222b207b38b82cfc1d2bdac289b5d91695030cdcb,0x59aab1bd0d26290274398c07b55955c15425e16b,0x00fe78205f5f0e63b8ad2b2ae5337f538a610e04,2026-08-16T04:36:14,complex_trace;high_gas_used_context,0x34fcd5be,false
25762803,0x93a1e50a98a82d8531c062d0dfe19381f5954426e88819121a28b4689d9d2e9d,0xbee355e5a9b1c5359796cf907138448b27f0ccca,0xbee162fa5ae892be74f3f3e01c23da89adbccccc,2026-08-16T04:36:14,dense_internal_fund_flow;complex_trace,0x6d7b7040,true
25762803,0xe356ac365b0fa254872ca31f89bf388c08f82711d7493307025d1b728a9e5ca3,0xe487832018fbd594c84f1db3dfac61cde98a5f36,0x91ff8bbd8ebb07893010d50a48a1609e5ebd8e34,2026-08-16T04:36:14,complex_trace;high_gas_used_context,0x069d1525,false
25762803,0x4ba850917514ce093fce2396c19819572b8c29e7c89b65c1d729c7e04a798012,0x4838b106fce9647bdf1e7877bf73ce8b0bad5f97,0xfeeeeee44046c3f61a8cc081e0918ef0de0a7ffc,2026-08-16T04:36:15,selfdestruct_context,0x6a80ca67,true
25762803,0xf280759e081baf67d7a5e8e4896c274c16f11b8424c6ae92667549cd4bd8df82,0x4337001fff419768e088ce247456c1b892888084,0x4337084d9e255ff0702461cf8895ce9e3b5ff108,2026-08-16T04:36:15,large_erc20_asset_flow,0x765e827f,true
25762804,0xc3fdf6c5c986b175f6d8dc4cac94c9d8c20db4eafddeab821e8dfd6407e5a608,0x7830c87c02e56aff27fa8ab1241711331fa86f43,0xa9d1e08c7793af67e9d92fe308d5697fb81d3e43,2026-08-16T04:36:28,dense_internal_fund_flow,0x1a1da075,true
25762804,0x8645ac2c25863c716f060fb2f17404e8e54d164dddf04d6ca7bc4aa995f4102f,0x17cc71dfb62b38e1d04aa20596dafb4148a565f6,0xd90e2f925da726b50c4ed8d0fb90ad053324f31b,2026-08-16T04:36:29,dense_internal_fund_flow,0x13d98d13,true
25762804,0xa08913da7de5c7e15ce44fb1fa111dd3660d39471e402cf9147f5261067819f9,0xdda3b51e29f9d6fad865c5dd7070d5f7eb57663e,0x8d8210a0252a706cb5de0c6f8e46b6d3692afc19,2026-08-16T04:36:29,complex_trace;high_gas_used_context,0xffc3a769,false
25762804,0xacb8dc1fc0699b8a3e0d33fde65f81b2eb37821c2fed9da3cdc0fe71945eb195,0xde7a849216aa3884d53d84ecb02c19eb67e5dae2,0x7d9f4ca54131e588fc1fe577973b55fb11231e76,2026-08-16T04:36:29,high_gas_used_context;token_activity_burst,0x6aac3a0b,false
25762805,0xe41531bb23fb651c61c84552a5b4b18336905e8ff02c691d650328f4e54766d0,0xfe5db87631c5b06eccd17880e9d8e944d4f1bfc8,0x28b1dc1a5e3699a428bc51d234dfab7c9cb2a183,2026-08-16T04:36:32,complex_trace;high_gas_used_context;token_activity_burst,0x0c307f76,true
25762806,0x16ee58c3bbcbff941009c69cb03b507dbb430ec1cbec2c8f27bb69dcbc70b34d,0xe487832018fbd594c84f1db3dfac61cde98a5f36,0x91ff8bbd8ebb07893010d50a48a1609e5ebd8e34,2026-08-16T04:36:50,complex_trace;high_gas_used_context,0x069d1525,false
25762806,0x97a72e68e3251867e7dfeed4976961aa32bf0443d67df0e247b4bb58897b0fa7,0x7556699aa8e6a7c9c69bcfaf9debd05f8192b063,0x84a260fd2be522f1384fba4a678555b99cbb288a,2026-08-16T04:36:50,complex_trace;high_gas_used_context,0xe587456a,false
25762806,0x9c49ba6ef69e19b2594e70028ed7261157bc3e687db67b0e5259b109a77e51e1,0x50bf934781f63028c5c8ef49c4affe19a86d99b6,0x8d04cc7e86e687854eb41d9d43512b655b93184b,2026-08-16T04:36:50,selfdestruct_context,0xb5291b32,false
25762806,0x1b37386f46cb86b92a6ed063cb1e91ca41e17168bef0c55af8393fc832476ddc,0xe469ee44d92bb173b7edc576ebb09da55dbfe32e,0x0000000071727de22e5e9d8baf0edac6f37da032,2026-08-16T04:36:51,large_erc20_asset_flow;complex_trace,0x765e827f,true
25762806,0x57f3c79558b43f0c3e80d31cb310757da1c663411fa76975448164d34c290dc2,0x2eb6ffcfc1591349a1983aad3e80d8fb3cec1df2,0x70e60fbfe09caaad444d6c489ef865bfaabbefc8,2026-08-16T04:36:51,privileged_execution_context;complex_trace;high_gas_used_context;token_activity_burst,0x01200000,false
25762806,0xa38acba04ba18fe603477ca08e78be9318ffd63ffcc2b0e5073620ef9a2c06aa,0x17cc71dfb62b38e1d04aa20596dafb4148a565f6,0xd90e2f925da726b50c4ed8d0fb90ad053324f31b,2026-08-16T04:36:51,dense_internal_fund_flow,0x13d98d13,true
25762806,0xd211af8e78497b1b00bec2d697d6fcb7abe961e00dd849b1dc67f015af803f41,0xdda3b51e29f9d6fad865c5dd7070d5f7eb57663e,0x8d8210a0252a706cb5de0c6f8e46b6d3692afc19,2026-08-16T04:36:51,complex_trace;high_gas_used_context,0xffc3a769,false
25762806,0xac392e2c78f8dde5c5bd814dc084c77426c75c72ae1215ead78355996c859af0,0xeb27b0a6dc383ee023f1203091134b4f759ee23e,0x04b57729e21a1a8c8b787013d1dbd81e4001163c,2026-08-16T04:36:53,large_erc20_asset_flow;complex_trace,0xc7c7f5b3,true
25762807,0x2025a91df2dbbdac3e58efb66679e7f193876532d9ffa52c46bfdec065256918,0x7830c87c02e56aff27fa8ab1241711331fa86f43,0xa9d1e08c7793af67e9d92fe308d5697fb81d3e43,2026-08-16T04:37:02,large_erc20_asset_flow,0xca350aa6,true
25762807,0x2157de874b482dda3c0c52f4fffa94ffd0e967a036194a890e86c56a4a3d73f0,0x943810707e090f1bdc486c4c990d43da3b162e52,0xa9d635ef85bc37eb9ff9d6165481ea230ed32392,2026-08-16T04:37:02,dense_internal_fund_flow;complex_trace,0x13d79a0b,true
25762807,0x4c8775ddb9e583372817d60248739952ccc4a60c713e5c3aefc04b9b6545b661,0xe487832018fbd594c84f1db3dfac61cde98a5f36,0x91ff8bbd8ebb07893010d50a48a1609e5ebd8e34,2026-08-16T04:37:02,complex_trace;high_gas_used_context,0x069d1525,false
25762807,0x82d2015f063c2cf832803737c2a1f13e2885ac8875d6eecf61742e98b4a17f8c,0x3f16e8dd3c9932e02b0545a82e4605e7dbc85d47,0xe7e68d336f90f98d22a479253eafa5f2424acad8,2026-08-16T04:37:02,large_erc20_asset_flow;complex_trace,0x21c69a19,true
25762807,0x8741b3f22d2ead9b93c0336fc7d37b759f91b655afd52b9ea0c1984d631f000d,0x4337023cce7419f20db4057b4dc3e2ea0c2151e0,0x0000000071727de22e5e9d8baf0edac6f37da032,2026-08-16T04:37:02,dense_internal_fund_flow;large_erc20_asset_flow;complex_trace,0x765e827f,true
25762807,0xb321b44f3945744fda88ea05f7938f069b0055b46e10a99e3ddb81d2df45d31c,0x4838b106fce9647bdf1e7877bf73ce8b0bad5f97,0xfeeeeee44046c3f61a8cc081e0918ef0de0a7ffc,2026-08-16T04:37:02,selfdestruct_context,0x6a80ca97,true
25762807,0x01d84a8cb8f35511488ebb399b0913c6b0c8a84aa376b960f4ecc12bde7ff127,0x17cc71dfb62b38e1d04aa20596dafb4148a565f6,0xd90e2f925da726b50c4ed8d0fb90ad053324f31b,2026-08-16T04:37:03,dense_internal_fund_flow,0x13d98d13,true
25762807,0x5b67f0f0af084a8e3470d48d24e39549637ab5921ef65d1dc370895d20b27c32,0x4430a7fdcaad9a75f83e1c04f49c2a9e1c9cf7d3,0x0000000000771a79d0fc7f3b7fe270eb4498f20b,2026-08-16T04:37:03,very_complex_trace;high_gas_used_context,0x8973e2cb,false
25762807,0x6bc6699538b4ff7323b985044706de883668568322b70556a3583d3fbd552581,0x4430a7fdcaad9a75f83e1c04f49c2a9e1c9cf7d3,0x0000000000771a79d0fc7f3b7fe270eb4498f20b,2026-08-16T04:37:03,very_complex_trace;high_gas_used_context,0x8973e2cb,false
25762807,0x747d2d332e4ed598a3e0c6a16b6a50f1fb0ea247d112ef26d58d6e1aee6d8042,0x59aab1bd0d26290274398c07b55955c15425e16b,0x00fe78205f5f0e63b8ad2b2ae5337f538a610e04,2026-08-16T04:37:03,complex_trace;high_gas_used_context,0x34fcd5be,false
25762807,0x811f7a7211fabd2baba77a4eccbb3065cd5794364e9aa524a809d2285d653364,0xdda3b51e29f9d6fad865c5dd7070d5f7eb57663e,0x8d8210a0252a706cb5de0c6f8e46b6d3692afc19,2026-08-16T04:37:03,complex_trace;high_gas_used_context,0xffc3a769,false
25762807,0xd0960e1ed0aa4cfb08298b486853ff1867521ed48fae16444f2e2316920b11a0,0x09a591f0e4fa0abac08f05bc0916c51ee34c1a1b,0x5cb16a393b9b43c590953b51058edab1bde0f5fa,2026-08-16T04:37:03,dense_internal_fund_flow,0x501d976c,true
25762807,0xd8483866bbf5f80f7a68d7d73df832988f807c0db33d6331f5fec0547f899f40,0x05854d0c70d2f696fb3d9c0863100956b795e2ff,0x0fb6e8ecd8ca55c79122f4e114fb46afe1924089,2026-08-16T04:37:03,complex_trace;high_gas_used_context;token_activity_burst;approval_burst,0x9d83fd7f,false
25762807,0x84961c24da165d6a0b27725cb91b379e3ba019eb42590f0f8a662eda842abede,0x4838b106fce9647bdf1e7877bf73ce8b0bad5f97,0xfeeeeee44046c3f61a8cc081e0918ef0de0a7ffc,2026-08-16T04:37:04,selfdestruct_context,0x6a80ca97,true
25762808,0x48c7763e699c19f11090fb791a3a901d5d95bcd3a249207827812c0e740af6ba,0x09d6e34ce24d54890ff0bc6a090b5f880f8c729f,0x4bc9fec04f0f95e9b42a3ef18f3c96fb57923d2e,2026-08-16T04:37:16,large_erc20_asset_flow;complex_trace,0x89f553d3,true
25762808,0x6c15d2c1020894aec182ff2ac73aba9c403a689f1efaa5168e9b8c39bda82c2d,0x2042d5c4b739149b344d72d60f87dddcfc35a7cc,0x7a250d5630b4cf539739df2c5dacb4c659f2488d,2026-08-16T04:37:17,dense_internal_fund_flow,0x791ac947,true
25762808,0xaa3d21a96f1f739aa3a46c856b7012886f9a4ff93f07f7351c5c7bb28a10a1e8,0xaf84219269fd1a464d780ecbf63c09576ac7ddc6,0xf4e147db314947fc1275a8cbb6cde48c510cd8cf,2026-08-16T04:37:17,large_erc20_asset_flow;complex_trace,0x0bf5d35e,true
25762809,0x397d7d94489100fc5c9a90d006d28d46e164fd84dc2791d01b3e4b8833d33d15,0x59aab1bd0d26290274398c07b55955c15425e16b,0x00fe78205f5f0e63b8ad2b2ae5337f538a610e04,2026-08-16T04:37:28,complex_trace;high_gas_used_context,0x34fcd5be,false
25762810,0x09ef42ed607ae6aea5468104ba806ab8cfd557b12b8af2f6d90b37d0c35e0d12,0x2376196d78f189c4fe336cf5be8a0de8ed723646,0x8f5835e9d756c9bd934bce527157a4b0ef3c5cb7,2026-08-16T04:37:48,dense_internal_fund_flow;large_erc20_asset_flow,0x4a7cf362,true
25762810,0x110408b29511feb4fd4a29ef07f202a2ba9e2da88e854d6a8e70b6eb80ed97b6,0xa926414d5dfa0d84568e0c5b8f56e7f7e3efa586,0x225a38bc71102999dd13478bfabd7c4d53f2dc17,2026-08-16T04:37:48,dense_internal_fund_flow,0xbc4a02e4,true
25762810,0x152193763e696940ba045504bdf98f579cc72a831a965e8e82820a15e70771ee,0xa14e1651ff7039b8de7ac3bfd064de6c5ec71d0f,0x06450dee7fd2fb8e39061434babcfc05599a6fb8,2026-08-16T04:37:50,large_mint_to_sender,0x3ccfd60b,true
25762810,0x1da60f5d2d0f6b71b5798a8fcd71c50c5e23a0583c776fc3c0d85b8f797286c0,0xd776dc49a3085e673b406336ef057cf6447780af,0x0000000000000068f116a894984e2db1123eb395,2026-08-16T04:37:50,complex_trace;high_gas_used_context;token_activity_burst,0x87201b41,true
25762810,0xd20a1cd34024424cd6cbbe29b494e72c89219a1565355bace9583579cb3eacca,0x1cb4fdf959d252711e759c876f02ebb7effd379c,0x111111125421ca6dc452d289314280a0f8842a65,2026-08-16T04:37:50,complex_trace;high_gas_used_context;token_activity_burst,0x07ed2379,true
25762810,0x11ab26925e90d22c8592c25c811998073a7cd9d0a2394d1e6fdcd996b135ea13,0xdadb0d80178819f2319190d340ce9a924f783711,0xfeeeeee44046c3f61a8cc081e0918ef0de0a7ffc,2026-08-16T04:37:51,selfdestruct_context,0x6a80cabb,true
25762810,0x27e6ab0e0939df483117e853bb42a71f36685483cbab8b8a313364716341865e,0x8ef5751dc714dce720edb7e45464f64049ba18a1,0xc11a67ce5de628c0dbe78a3cda5c96373ee8e384,2026-08-16T04:37:51,large_erc20_asset_flow;complex_trace;token_activity_burst,0x9265bb9d,true
25762810,0x9e0ed5398af08e056c1cc0cd8d1b5f836e4b87f90ebcbd6321bc9ee16c84a860,0x062ce42cae04c51d04e77e3d64cc8953a2296ffe,0x8a25a24ede9482c4fc0738f99611be58f1c839ab,2026-08-16T04:37:51,large_erc20_asset_flow;complex_trace,0x6a761202,true
25762810,0xc126b28c9c899fe9085bc930f35816a94c77f63fbc8b28c8c369ef1f004f5da9,0x4337016838785634c63fce393bfc6222564436c4,0x0000000071727de22e5e9d8baf0edac6f37da032,2026-08-16T04:37:51,large_erc20_asset_flow;complex_trace,0x765e827f,true
25762810,0xcb8493de6408090a5fd5089b30a0bc7992ea72fe69a85fe6e9a8dbc3a5ff45cf,0xe1618dee355187cc7209427c503524d015623027,0x0de8bf93da2f7eecb3d9169422413a9bef4ef628,2026-08-16T04:37:51,very_complex_trace;high_gas_used_context,0xb1ae2ed1,false
25762810,0xdbb17f9eb63b29a95472da540a35a8e675366cb51c12398b74a707b9dde9832e,0xdadb0d80178819f2319190d340ce9a924f783711,0xfeeeeee44046c3f61a8cc081e0918ef0de0a7ffc,2026-08-16T04:37:51,selfdestruct_context,0x6a80cabb,true
25762811,0x25f589c6247b1879c0f19228c2de1295be40688dfed320acb034ac5c64dddf75,0x6c42a0b5d13059fa36d5567ab04f83bab57bbf0e,0xfeeeeee44046c3f61a8cc081e0918ef0de0a7ffc,2026-08-16T04:37:54,selfdestruct_context,0x6a80cac7,true
25762811,0x4c9c6c558ca7993af7f5145fa2e87c34005fac7a6105f95c4bf0f9f7556ac7dc,0x59aab1bd0d26290274398c07b55955c15425e16b,0x00fe78205f5f0e63b8ad2b2ae5337f538a610e04,2026-08-16T04:37:54,complex_trace;high_gas_used_context,0x34fcd5be,false
25762811,0xd3188c0e6369d814e30057b1086ca13a7380fd283988eb4dd98e18ca15900fcc,0xc0ffeebabe5d496b2dde509f9fa189c25cf29671,0xe08d97e151473a848c3d9ca3f323cb720472d015,2026-08-16T04:37:54,dense_internal_fund_flow;complex_trace;token_activity_burst,0x1d23a9c4,true
25762812,0x3b70c198a50270b397c37e7190299adb42a8d9355a318bba58babc8a14f3806d,0xf67a387120cb74a5ef2fd91982af4ae5d3a576a1,0xc11a67ce5de628c0dbe78a3cda5c96373ee8e384,2026-08-16T04:37:59,large_erc20_asset_flow;complex_trace;high_gas_used_context;token_activity_burst,0x9265bb9d,true
25762812,0x2a0424d1ec4daa4620390c1f87f6e48d6d4e0ddea0975b7cc62068e0ae5d7dd8,0x5a9a4ba2d045644836dc492d877ad6dcaaa65930,0x97f021f8d1cb43b35d65be276bbedcf6ef7dbc2d,2026-08-16T04:38:00,complex_trace;high_gas_used_context,0x9b5c1ee5,true
25762812,0x2a21f3d7d8d9cca01c68ff565e53a1476c0e7107968d1e11cfcf11184215f7dd,0x09cfee647fa339133380191c8db6b44f24500c9d,0x77b85afbcd336993ac1c65057531c5a5b33b76b8,2026-08-16T04:38:00,repeated_internal_token_drain;dense_internal_fund_flow;complex_trace;high_gas_used_context;token_activity_burst;repeated_risky_internal_calls,0xa9059cbb,true
25762812,0x6cc7c191781c5fa34c99cecf927b240ff76cf38751a168b9a9775e71588735e8,0x59aab1bd0d26290274398c07b55955c15425e16b,0x00fe78205f5f0e63b8ad2b2ae5337f538a610e04,2026-08-16T04:38:00,complex_trace;high_gas_used_context,0x34fcd5be,false
25762812,0xa007f434ca79d754959c7576e876dc37134a9962ff3a50dd7cbc965f270530f5,0x4838b106fce9647bdf1e7877bf73ce8b0bad5f97,0xfeeeeee44046c3f61a8cc081e0918ef0de0a7ffc,2026-08-16T04:38:00,selfdestruct_context,0x6a80cad3,true
25762812,0xb7f5b9055bfd39acee22f8ce95752c6b470a4113a334f49868f26688b7608d55,0x4838b106fce9647bdf1e7877bf73ce8b0bad5f97,0xfeeeeee44046c3f61a8cc081e0918ef0de0a7ffc,2026-08-16T04:38:00,selfdestruct_context,0x6a80cad3,true
25762813,0x3b9945840834e0c7d89f7394ce15b3e8b9421404f552f6d14c68985554f9315d,0x6ba91c39e657d8f6cc8216081a2e2db4028dcd27,0x7a250d5630b4cf539739df2c5dacb4c659f2488d,2026-08-16T04:38:09,dense_internal_fund_flow,0x791ac947,true
25762813,0x50f83f5c25104ea408d0e10398652a63019c506bb696675d7ab75ae935042c52,0x4838b106fce9647bdf1e7877bf73ce8b0bad5f97,0xfeeeeee44046c3f61a8cc081e0918ef0de0a7ffc,2026-08-16T04:38:09,selfdestruct_context,0x6a80cadf,true
25762813,0x5ce3f7a8ae737fc4bdb472daaffbf3edcb0537f38ac731172b36289387520c5b,0xd1a9d2ab64d51ed5e6ef2bd6479749048bd69270,0x0000000000771a79d0fc7f3b7fe270eb4498f20b,2026-08-16T04:38:09,very_complex_trace;high_gas_used_context,0x8973e2cb,false
25762813,0x6761ab844974f2d1e4154a56805da690929835765f79ac58bbc7db48daae757e,0x59aab1bd0d26290274398c07b55955c15425e16b,0x00fe78205f5f0e63b8ad2b2ae5337f538a610e04,2026-08-16T04:38:09,complex_trace;high_gas_used_context,0x34fcd5be,false
25762813,0x89aa6949b10f5d03e91c35a6890fa3f8774210001c6ee33ea29c768da6e03d23,0xde992badd92adaf9146255e9bde6a70770973664,0x3d0f22bf11636cc9cb129e2b261eed35a487455c,2026-08-16T04:38:09,complex_trace;high_gas_used_context,0xa9059cbb,false
25762813,0xb9713a7e776864bd58171ea6a308e0bd735b740350bcd3c3aa41b13738d6bdc4,0x1abd99bd4a7a4dfa9afa316a261db2a7b2610152,0x28b1dc1a5e3699a428bc51d234dfab7c9cb2a183,2026-08-16T04:38:09,complex_trace;high_gas_used_context;token_activity_burst,0x0c307f76,true
25762814,0x2044fef82db5e4ccb86ffcee37d862bf0b040765503192d9a4b9467be93666d6,0x7830c87c02e56aff27fa8ab1241711331fa86f43,0xa9d1e08c7793af67e9d92fe308d5697fb81d3e43,2026-08-16T04:38:17,dense_internal_fund_flow,0x1a1da075,true
25762814,0x341f1241b727f11c02f09e8ca70aabed1dc8abaa2b00486c56c03ec2a8b99e5f,0xf06bed3f0dad7932d8d00fe48c36751f5c10be23,0x0000000000000068f116a894984e2db1123eb395,2026-08-16T04:38:17,complex_trace;high_gas_used_context;token_activity_burst,0x87201b41,true
25762814,0x46f64d89f4c85b8fa408b4b9ae9c609e7570ae8b1feb8ef3f5bd45c7ea81f326,0xde7a849216aa3884d53d84ecb02c19eb67e5dae2,0x7d9f4ca54131e588fc1fe577973b55fb11231e76,2026-08-16T04:38:18,high_gas_used_context;token_activity_burst,0x6aac3a0b,false
25762814,0xf8d3e1b8fbb43b0b4b5df74d1f3f746ef3e9f6aff88b1e533b580c66a5416386,0x59aab1bd0d26290274398c07b55955c15425e16b,0x00fe78205f5f0e63b8ad2b2ae5337f538a610e04,2026-08-16T04:38:18,complex_trace;high_gas_used_context,0x34fcd5be,false
25762814,0xfa080460f94cb34f00c76a2137fb54acc61b0ead8a6e0e109ea5cf7370deeb89,0x4838b106fce9647bdf1e7877bf73ce8b0bad5f97,0xfeeeeee44046c3f61a8cc081e0918ef0de0a7ffc,2026-08-16T04:38:18,selfdestruct_context,0x6a80caeb,true
25762815,0x6f016d15d6780292d83a32527057679844a1f17b87a27166f90c5e3ebeb13370,0xf70da97812cb96acdf810712aa562db8dfa3dbef,0xccc88a9d1b4ed6b0eaba998850414b24f1c315be,2026-08-16T04:38:23,large_erc20_profit_to_sender;large_erc20_asset_flow;complex_trace,0x0a2b8f36,true
25762815,0xbb2d302a7bd1fa86602cb5c0d58977b4192557c61fc0d6889700a31d9904c323,0xd1a9d2ab64d51ed5e6ef2bd6479749048bd69270,0x0000000000771a79d0fc7f3b7fe270eb4498f20b,2026-08-16T04:38:24,very_complex_trace;high_gas_used_context,0x8973e2cb,false
25762815,0xe7085f0a69f374efcc023a12cc1ab2cd91792e9ddd51839881de1a9998d5968c,0xd1a9d2ab64d51ed5e6ef2bd6479749048bd69270,0x0000000000771a79d0fc7f3b7fe270eb4498f20b,2026-08-16T04:38:24,very_complex_trace;high_gas_used_context,0x8973e2cb,false
25762815,0xe91d39034193f3779737d8c57e7e96a65eb51c52b60427f164855017b7d4e13e,0xd1a9d2ab64d51ed5e6ef2bd6479749048bd69270,0x0000000000771a79d0fc7f3b7fe270eb4498f20b,2026-08-16T04:38:24,very_complex_trace;high_gas_used_context,0x8973e2cb,false
25762816,0x933df6683c9be37e822e02eb2daa91d4477be790e9a82b66ee869c1b94a3716d,0xa87eb9f2e6edc1297c0bf99393235503cb8b5023,0x2786ed4ce17214579e359064827715ad2acb1477,2026-08-16T04:38:30,complex_trace;high_gas_used_context;token_activity_burst,0xe9ae5c53,false
25762816,0x600b60c7e7ad4ccdd237b246615adf639458f9c3bd237013398a3e8e51110c4a,0x59aab1bd0d26290274398c07b55955c15425e16b,0x00fe78205f5f0e63b8ad2b2ae5337f538a610e04,2026-08-16T04:38:31,complex_trace;high_gas_used_context,0x34fcd5be,false
25762817,0x8074bc8db31e56daeecf960faba3d99f00f723726794836d2586a0205e9b562e,0x7830c87c02e56aff27fa8ab1241711331fa86f43,0xa9d1e08c7793af67e9d92fe308d5697fb81d3e43,2026-08-16T04:38:34,large_erc20_asset_flow;token_activity_burst,0xca350aa6,true
25762817,0x213f96f1dd40c9013ad8b0fe726b48e3b0a7ec53ceb2fd5d98e0a2ad4183d029,0x59aab1bd0d26290274398c07b55955c15425e16b,0x00fe78205f5f0e63b8ad2b2ae5337f538a610e04,2026-08-16T04:38:35,complex_trace;high_gas_used_context,0x34fcd5be,false
25762817,0xb09ecdbc7cdfe59b56e940dfdf60f27d4828c99e49701edd4a5d34149434e747,0xd5d8fdc8a8ed910ef4bd47d4d5edc260c7d25272,0x0a252663dbcc0b073063d6420a40319e438cfa59,2026-08-16T04:38:35,complex_trace;high_gas_used_context,0xecef9201,false
25762818,0xff18a6737dca4f4d8ba3778366d2a093682e5c34d785a1271420dc5f66cd764e,0x779c8e07b291aa1407858e5bd77083bad7cfe23a,0xf4e147db314947fc1275a8cbb6cde48c510cd8cf,2026-08-16T04:38:41,privileged_execution_context,0x760d0f9d,false
25762819,0x6daf0b6870c18868591c4ae2b10eb8dcc1250a93cee2e95e7181ea1cd2833c0d,0x883a95fdf8df78e7128fced0e9d931a687ff542f,0x4ebc36dcee3ca916ff4157b51c2a16105a3774b5,2026-08-16T04:38:45,complex_trace;high_gas_used_context,0x1749e1e3,false
25762819,0xa69372a23c92e31353e50afaa916012d91e654603385bfe348e84810993979ae,0xe487832018fbd594c84f1db3dfac61cde98a5f36,0x91ff8bbd8ebb07893010d50a48a1609e5ebd8e34,2026-08-16T04:38:45,complex_trace;high_gas_used_context,0x069d1525,false
25762819,0x65e6e1db7be3f87eaffbdf4bc3ffdde8ba1582425a94b01cd21f89b8b357e480,0x884e2e6826bb0b992a633ddf25d2d0ade88adfd6,0x1231deb6f5749ef6ce6943a275a1d3e7486f4eae,2026-08-16T04:38:46,dense_internal_fund_flow;large_erc20_asset_flow;complex_trace,0x2c57e884,true
25762819,0x91975b5f49b516d6226fe110bf59c0fe03270f06a752d1817516ed38a72e871f,0xf502431dbfe2579f504a7ab8b00bda62bfde465f,0x0000000000771a79d0fc7f3b7fe270eb4498f20b,2026-08-16T04:38:46,very_complex_trace;high_gas_used_context,0x8973e2cb,false
25762819,0xe226d57861cbc24738fb0290b068e020563e202501fd787e650a4a475b8368fe,0xf502431dbfe2579f504a7ab8b00bda62bfde465f,0x0000000000771a79d0fc7f3b7fe270eb4498f20b,2026-08-16T04:38:46,very_complex_trace;high_gas_used_context,0x8973e2cb,false
25762819,0xe3f988500f3bc0e22a025f4604924350888886c30fa31ae8708fce30b5645f8e,0xdda3b51e29f9d6fad865c5dd7070d5f7eb57663e,0x8d8210a0252a706cb5de0c6f8e46b6d3692afc19,2026-08-16T04:38:46,complex_trace;high_gas_used_context,0xffc3a769,false
25762820,0x87b7f19e5c5e1730cc01c80dd85d5436e998bb2283db7ebced7392cd0f6e0a84,0xbe0b407782a7599380fa726db315340126d62229,0x4d2fb5f8ec243fde4df1a9678b82238570c7e0e4,2026-08-16T04:38:55,repeated_internal_token_drain;dense_internal_fund_flow;complex_trace;high_gas_used_context;token_activity_burst;repeated_risky_internal_calls,0x6a761202,true
25762820,0xaf139a2c4f4a970c0ea0625d61b57abff20706ae477c25bbb5ad24282dd2093f,0x30cc2cf7bc5dad89c96a5db566c1c446c4a88389,0x4313c378cc91ea583c91387b9216e2c03096b27f,2026-08-16T04:38:55,dense_internal_fund_flow,0xeffbec13,true
25762820,0xf6a5af6f2173eb8fc72ce39ad05b00483705d9ae0eba29bfbd427be0da899804,0xe99bd1c2dd70cd58e5efd47887991700e7318ce2,0xad3b67bca8935cb510c8d18bd45f0b94f54a968f,2026-08-16T04:38:55,complex_trace;high_gas_used_context;token_activity_burst;approval_burst,0x146ee74d,false
25762820,0x2abbe38e2420ebd7d3aa23056c9b3140a3df9128af8a11bf44c9e9aab382bdab,0xdda3b51e29f9d6fad865c5dd7070d5f7eb57663e,0x8d8210a0252a706cb5de0c6f8e46b6d3692afc19,2026-08-16T04:38:56,complex_trace;high_gas_used_context,0xffc3a769,false
25762820,0x5af63ee919a36944c37981d0021a1bc8404c134faf6864cd4c142602bd32f195,0x4838b106fce9647bdf1e7877bf73ce8b0bad5f97,0xfeeeeee44046c3f61a8cc081e0918ef0de0a7ffc,2026-08-16T04:38:56,selfdestruct_context,0x6a80cb33,true
25762820,0x0e485799a48590c8f478d26aa88e0675978d1aac691f179f2a75a9951549049b,0x4838b106fce9647bdf1e7877bf73ce8b0bad5f97,0xfeeeeee44046c3f61a8cc081e0918ef0de0a7ffc,2026-08-16T04:38:57,selfdestruct_context,0x6a80cb33,true
25762821,0xfe04976c8050df6fee0e3c0c9634a0f10dbbda3937e64143563d92b7d13ae4a6,0x538eae3017ef7e48af53f7a4d0b1f4d23d68df35,0x4313c378cc91ea583c91387b9216e2c03096b27f,2026-08-16T04:39:08,dense_internal_fund_flow,0xeffbec13,true
25762821,0x933630deca0f968c0c7de5d7c5c48d40fcf5a22900e175a1dbb9db0a26fda34d,0xec103c6e7e3a674eebc580797fea1b4f9258b915,0x425b5e38388d48e037ae4f8e6d630872e7c5ce64,2026-08-16T04:39:09,dense_internal_fund_flow;complex_trace,0xfcfbd33a,true
25762821,0xad1005920c627cf7a26d0ed07088b8da100e98b9a7f157f9212c83f002c0db9b,0xc6acbee42e9e323140c1ed060c2f6ea9cc3b4b75,0x7c5a71c9fefbc7691f9d4ac7baf70c743792f716,2026-08-16T04:39:09,selfdestruct_context,0xf3fef3a3,false
25762821,0xf91b6da7e7407256cd81c6a394df5d13429aa3e6c337a90e5d7f41e729e6e4c6,0xfb2c579c1d5f82c7b0f2a3479e5f9bc26bd22b62,0x86ebdf902d800f2a82038290b6dbb2a5ee29eb8c,2026-08-16T04:39:10,large_erc20_asset_flow;complex_trace,0xb4dc8294,true
25762822,0x228c8d1b79e18232445c7dd3bf51cf11f0d48c27822ed647bddec678c00db1a1,0x8a3999c2a419d11635a5146035824a49c33ca211,0xd226997439ecfbeff8e110c8c78c8a7eefd19f89,2026-08-16T04:39:21,large_erc20_asset_flow;complex_trace;high_gas_used_context;token_activity_burst,0x99999999,true
25762822,0x2ce5dab50a40338bdc226a78d0204329ed2ff5761e9678309ffa512e9ed62760,0xe487832018fbd594c84f1db3dfac61cde98a5f36,0x91ff8bbd8ebb07893010d50a48a1609e5ebd8e34,2026-08-16T04:39:21,complex_trace;high_gas_used_context,0x069d1525,false
25762822,0x328709c24fdcc69256583a4c63256846027e3ccc895049b66096f8a4b7a9b926,0xe99bd1c2dd70cd58e5efd47887991700e7318ce2,0xad3b67bca8935cb510c8d18bd45f0b94f54a968f,2026-08-16T04:39:21,complex_trace;high_gas_used_context;token_activity_burst;approval_burst,0x146ee74d,false
25762822,0x864a841e8608745404380cfc66bc73609cfc9fa542868e3ae45011b5f53d52e6,0x4838b106fce9647bdf1e7877bf73ce8b0bad5f97,0xfeeeeee44046c3f61a8cc081e0918ef0de0a7ffc,2026-08-16T04:39:21,selfdestruct_context,0x6a80cb4b,true
25762822,0x87b26d3dd316e6cfa96b84e308b8beddff99e65a6495681831f0d7634634205f,0xd1a9d2ab64d51ed5e6ef2bd6479749048bd69270,0x0000000000771a79d0fc7f3b7fe270eb4498f20b,2026-08-16T04:39:21,very_complex_trace;high_gas_used_context,0x8973e2cb,false
25762822,0xba43f14b39fe707e5fa5b3964d5dd1ad9474ba9bf5cc629b0f167cf9d4b58255,0x2f35823ed15f5501e885de10bf6ea0c1ee6c7c93,0xb300000b72deaeb607a12d5f54773d1c19c7028d,2026-08-16T04:39:21,large_erc20_asset_flow;complex_trace;high_gas_used_context;token_activity_burst,0x810c705b,true
25762822,0xff366bc63d98686cfd516b3bb8eb7f5925affb0b669b532b04f2267c8559394a,0x834d10cef4e5a75d3edddcbb1c5a94f8094e5713,0xd226997439ecfbeff8e110c8c78c8a7eefd19f89,2026-08-16T04:39:21,large_erc20_asset_flow;complex_trace;high_gas_used_context,0x99999999,true
25762823,0x3728d4e331edf663ff166f191d2d4d07f095a3949ec1836277f52172dd7f50c9,0xe487832018fbd594c84f1db3dfac61cde98a5f36,0x91ff8bbd8ebb07893010d50a48a1609e5ebd8e34,2026-08-16T04:39:30,complex_trace;high_gas_used_context,0x069d1525,false
25762823,0x6ccc272a63ca33a4687e55b680969f34d3009e8e27ffc0075c5e0c6b61e0a0eb,0x15c93fc708179b6ec4f3592458e7ceb069b78780,0xbee0dfc2bf4f70ec85250a63de4595793876d455,2026-08-16T04:39:30,large_erc20_asset_flow;complex_trace,0x6a761202,true
25762823,0xb2cd74ee811d9d502ee4f0ca49d0fa3b69554d1e2020cb0a21d752a5a4b499df,0x971ca6c5956d219cc64d7eec1c883e4c685f68ba,0xd152f549545093347a162dce210e7293f1452150,2026-08-16T04:39:30,dense_internal_fund_flow,0xe63d38ed,true
25762823,0xed393871ac37fa11f097e81ac77bda6c54db49d218309ca9bf95c6f15367950f,0x8818d0c53d6f27ccfbed2690c7a65fdb1d94f351,0x1231deb6f5749ef6ce6943a275a1d3e7486f4eae,2026-08-16T04:39:30,dense_internal_fund_flow;complex_trace,0x80c65808,true
25762823,0x6cd95f542cd13c6f60972e7f78e613c831aa4d110178e6c8ef41e96b5cd6d956,0x09cfee647fa339133380191c8db6b44f24500c9d,0x3d9846705612c2db47edf659c48034c752f0da99,2026-08-16T04:39:31,complex_trace;high_gas_used_context,0xd47a1a27,false
25762823,0x989a30943811c2126704103bd38e110d943b4d7f5c45f0c4c4732e82ea29924c,0x4838b106fce9647bdf1e7877bf73ce8b0bad5f97,0xfeeeeee44046c3f61a8cc081e0918ef0de0a7ffc,2026-08-16T04:39:31,selfdestruct_context,0x6a80cb57,true
25762823,0xef407e86d848b39df55a8b5c81f62108fc10152fed64a74fda2588e8b2ee9f08,0x3589eaf4191c9db3f93b78479eb3a47760c7a462,0x06450dee7fd2fb8e39061434babcfc05599a6fb8,2026-08-16T04:39:31,large_mint_to_sender,0x3ccfd60b,true
25762824,0x42d3483bcffbf421ab8824592ac531db6225610fa920adf26b6f56dba9896e60,0xde7a849216aa3884d53d84ecb02c19eb67e5dae2,0x7d9f4ca54131e588fc1fe577973b55fb11231e76,2026-08-16T04:39:41,high_gas_used_context;token_activity_burst,0x6aac3a0b,false
25762824,0x6d3d8c8ade4ae276684d4e3dbc4118c98a4d120bca0adea571497d3ed4aea229,0x77746d6ffa0bf81eda08b16826d9b1e3068b593c,0x555ce236c0220695b68341bc48c68d52210cc35b,2026-08-16T04:39:41,dense_internal_fund_flow;complex_trace,0xc3c16ee4,true
25762824,0x6d77aebc794ba90f6eab257b35ca57366e38fa5180345158bc0b568bf5ce5df5,0x54632df3db2f9203caeffe46dd9ae9360b1eb200,0x75d9ef48e30bcb0b658c1d387233fb52ebf9a4fe,2026-08-16T04:39:41,complex_trace;high_gas_used_context,0xf6dbcb18,false
25762824,0x7da15cbd6b39bd7fe4207eefacf58b21ea712542c773d7bb026c2a6e549cfd9f,0x59aab1bd0d26290274398c07b55955c15425e16b,0x00fe78205f5f0e63b8ad2b2ae5337f538a610e04,2026-08-16T04:39:41,complex_trace;high_gas_used_context,0x34fcd5be,false
25762824,0xca194356d9e25e328c309141e4e13fb5043ec901fa093342fb63af6ab2a6be34,0x7830c87c02e56aff27fa8ab1241711331fa86f43,0xa9d1e08c7793af67e9d92fe308d5697fb81d3e43,2026-08-16T04:39:41,large_erc20_asset_flow,0xca350aa6,true
25762824,0xe4c1abb55e64965482f39034c0dcb99d6397f23173f152ac7cb6626e5171cb5e,0xd714e1d25067c2421ea58b962d900732f77ab23b,0xcd2bdb8af031d29d2bc38ef08b842d31e344384c,2026-08-16T04:39:41,repeated_internal_token_drain;dense_internal_fund_flow;complex_trace;high_gas_used_context;token_activity_burst;repeated_risky_internal_calls,0xa9059cbb,true
25762824,0x85e286c97e812d8c1fef4da925abb0e1c3fbc202243008e3729e76e837c1bc5c,0xdadb0d80178819f2319190d340ce9a924f783711,0xfeeeeee44046c3f61a8cc081e0918ef0de0a7ffc,2026-08-16T04:39:42,selfdestruct_context,0x6a80cb63,true
25762824,0x88cf2cb2253fb5f57a606329f6e7102d94f1d0ef4c1a40923663597241099e18,0x59cadf9199248b50d40a6891c9e329ea13a88d31,0xfeeeeee44046c3f61a8cc081e0918ef0de0a7ffc,2026-08-16T04:39:42,selfdestruct_context,0x6a80cb63,true
25762825,0x32daae4ef5babb4712b6f1c21469b75e9344a3251c6c2335d905f495b06fa012,0x1c5f853b13ceaaa224e7595c2c74491aafefa2cf,0x75d9ef48e30bcb0b658c1d387233fb52ebf9a4fe,2026-08-16T04:39:47,complex_trace;high_gas_used_context,0xf6dbcb18,false
25762825,0x677ba4513b49ae7484e9221663289d8e59dc569905df297c844feca4e867a32b,0x5f8769281662a4af0175f7efe521892c52850ac6,0x40a6700b99115cda7b12bd0e21db1be8ae524bf2,2026-08-16T04:39:47,repeated_internal_token_drain;dense_internal_fund_flow;complex_trace;high_gas_used_context;token_activity_burst;repeated_risky_internal_calls,0xa9059cbb,true
25762825,0xf2bcfe04e7e4a8fffb4ed574d458e49a4a08551a6e1aa5c7722a14812094c904,0xde992badd92adaf9146255e9bde6a70770973664,0x3d0f22bf11636cc9cb129e2b261eed35a487455c,2026-08-16T04:39:47,complex_trace;high_gas_used_context,0xa9059cbb,false
25762826,0x380d71a93c92a8596f084d1a658af66c182738f328fdc4cf712ca0afe2a9ad45,0x59aab1bd0d26290274398c07b55955c15425e16b,0x00fe78205f5f0e63b8ad2b2ae5337f538a610e04,2026-08-16T04:39:55,complex_trace;high_gas_used_context,0x34fcd5be,false
25762826,0x787192d60e8df82f93847c203764ea648ef7862994c514fb6dc9a9a617122dc4,0x4838b106fce9647bdf1e7877bf73ce8b0bad5f97,0xfeeeeee44046c3f61a8cc081e0918ef0de0a7ffc,2026-08-16T04:39:55,selfdestruct_context,0x6a80cb7b,true
25762826,0xa8d0f025b5392019858f0caa7c8d06b515ab7e6b56e8b7b1e4826983c1e3bb5f,0x43370351c9a297bf8377ca1e46576401a9ac4bba,0x4337084d9e255ff0702461cf8895ce9e3b5ff108,2026-08-16T04:39:55,complex_trace;high_gas_used_context,0x765e827f,false
25762826,0xb8c6681cceed47580751f32f436205686c4bdc8186ecca180d60d2f2c9084759,0x4838b106fce9647bdf1e7877bf73ce8b0bad5f97,0xfeeeeee44046c3f61a8cc081e0918ef0de0a7ffc,2026-08-16T04:39:55,selfdestruct_context,0x6a80cb7b,true
25762827,0x1cdc0083c6cfb8707fd3d647bde2ee932539556fc595209d4ac9404e7f205299,0x34ad6ed0ea2827aac36298c053a16d07b1c4e750,0x3d90f66b534dd8482b181e24655a9e8265316be9,2026-08-16T04:40:01,dense_internal_fund_flow;complex_trace,0x47ee97ff,true
25762827,0xb343409cd1fc9c5573de9c71d37bbea4437dbda7e0c31208515d2c9fb3b3e251,0x84f82870363307a5cb0987b4d3d3e96a745cb0f0,0x4313c378cc91ea583c91387b9216e2c03096b27f,2026-08-16T04:40:01,dense_internal_fund_flow,0xeffbec13,true
25762827,0x723c49a754e26d545d106f06b91ad2eba22c4026fc987bcf2ac742ef96fe80bc,0xa67d7eb4dc68fa6ce8e34ef8cadaf075b9893fbb,0xccc88a9d1b4ed6b0eaba998850414b24f1c315be,2026-08-16T04:40:02,dense_internal_fund_flow;complex_trace,0x0a2b8f36,true
25762827,0xc06ed5c2f2801309f60916cee1bfbc783f4baa2e32a5f90b43c2cd69c9e1caf5,0xdda3b51e29f9d6fad865c5dd7070d5f7eb57663e,0x8d8210a0252a706cb5de0c6f8e46b6d3692afc19,2026-08-16T04:40:02,complex_trace;high_gas_used_context,0xffc3a769,false
25762828,0xe1e266a7f6861dbff76c7a5c70e6e307be0cabc86af7de2883d6dcdcb3d6c78d,0xbbbb5ebdc5f75dfa3723df38fb7eae587692df23,0x7ee29373f075ee1d83b1b93b4fe94ae242df5178,2026-08-16T04:40:14,large_erc20_asset_flow;complex_trace,0x6a761202,true
25762828,0x1fbca0c9a367da27a1ea58c018ee8755b86bf3ffef062240aec2b53662e040a0,0xdda3b51e29f9d6fad865c5dd7070d5f7eb57663e,0x8d8210a0252a706cb5de0c6f8e46b6d3692afc19,2026-08-16T04:40:16,complex_trace;high_gas_used_context,0xffc3a769,false
25762828,0x2240811929b1d6b8974c7e3685ec6c3b40057906cc25de006de245aca448fb0f,0x415fd807d411e0c10002431be70a65f24f0b505c,0xf4e147db314947fc1275a8cbb6cde48c510cd8cf,2026-08-16T04:40:16,privileged_execution_context,0x760d0f9d,false
25762829,0x7e88c7c4fd4a3fa90c566d2eb6538b0daa0a3d289aaaa199bd7d8e034b542d78,0x18dd3c14e34c1bc379f7538068c59160d9f68e25,0xccc88a9d1b4ed6b0eaba998850414b24f1c315be,2026-08-16T04:40:28,dense_internal_fund_flow;complex_trace;high_gas_used_context,0x0a2b8f36,true
25762829,0x9c09848759ee5eced6a68665a3809c1a6738a1bca2553920f5975d7577f0e8e5,0x7830c87c02e56aff27fa8ab1241711331fa86f43,0xa9d1e08c7793af67e9d92fe308d5697fb81d3e43,2026-08-16T04:40:28,dense_internal_fund_flow,0x1a1da075,true
25762829,0x32113b254bc07a125533f8fd7f040058b6758e04bb8d599816fea9c6821936d1,0x091179e3c74e33545ce8cc07fa385827256cb84f,0x6141718f8a599f14f6ce7bbb0cd2366c191fb7de,2026-08-16T04:40:29,repeated_internal_token_drain;dense_internal_fund_flow;very_complex_trace;high_gas_used_context;token_activity_burst;approval_burst,0x09c5eabe,true
25762829,0xc9af7363d0d7a033482ee74a7912bed744c627afad079c49f02f59f4aa5c0d9d,0xf502431dbfe2579f504a7ab8b00bda62bfde465f,0x0000000000771a79d0fc7f3b7fe270eb4498f20b,2026-08-16T04:40:29,very_complex_trace;high_gas_used_context,0x8973e2cb,false
25762830,0x58554165449209c465178ad30fcfaac3b666de3fef79011d7a92aa21132d31c6,0x5a9a4ba2d045644836dc492d877ad6dcaaa65930,0x97f021f8d1cb43b35d65be276bbedcf6ef7dbc2d,2026-08-16T04:40:42,dense_internal_fund_flow;complex_trace;approval_burst,0x10404af4,true
25762830,0x585893d46f6e3ec157aa70c2a269dc3e203484aa4d94616c6567af40f673669f,0xcb73413d849b4dc6a923bd6c5ee020de9b6cbe66,0x0000000000771a79d0fc7f3b7fe270eb4498f20b,2026-08-16T04:40:42,very_complex_trace;high_gas_used_context,0x8973e2cb,false
25762830,0x6e84a906157e36a2067c95ba8cbfc16220f4ec428cf12aebf35fabbc6d4d07a2,0xcb73413d849b4dc6a923bd6c5ee020de9b6cbe66,0x0000000000771a79d0fc7f3b7fe270eb4498f20b,2026-08-16T04:40:42,very_complex_trace;high_gas_used_context,0x8973e2cb,false
25762830,0x751061baa56ccc31362db32c922644710560163ae2eb20f74465c0e4a253d73d,0x4838b106fce9647bdf1e7877bf73ce8b0bad5f97,0xfeeeeee44046c3f61a8cc081e0918ef0de0a7ffc,2026-08-16T04:40:42,selfdestruct_context,0x6a80cbab,true
25762830,0xcb7a3d7872039933282627e2cb4aa230a31ebc6cfcf5ce0e423395adfe8a94d5,0x00d9fe085d99b33ab2aae8063180c63e23bf2e69,0x75884f3ada15c953529abaac6549d5204135ec36,2026-08-16T04:40:42,repeated_internal_token_drain;dense_internal_fund_flow;complex_trace;high_gas_used_context;token_activity_burst;repeated_risky_internal_calls,0xa9059cbb,true
25762830,0xd8b73fad82cab71cb7e888d64bf05f8aa2c6e4ab332eb6cb063259233dadc0b7,0x4838b106fce9647bdf1e7877bf73ce8b0bad5f97,0xfeeeeee44046c3f61a8cc081e0918ef0de0a7ffc,2026-08-16T04:40:42,selfdestruct_context,0x6a80cbab,true
25762831,0x23dda2ca2fabc5f5cd26e7a9c269b9a85e92eaec147184090e30df4e541af88a,0x062ce42cae04c51d04e77e3d64cc8953a2296ffe,0x8a25a24ede9482c4fc0738f99611be58f1c839ab,2026-08-16T04:40:51,large_erc20_asset_flow;complex_trace,0x6a761202,true
25762831,0x2702655fb8bfb8beb2f50ee02db8512d0f58436302167df2bd238c957300a307,0xea157dd118d0a555fd5487b57db34d1018533456,0x75d9ef48e30bcb0b658c1d387233fb52ebf9a4fe,2026-08-16T04:40:51,complex_trace;high_gas_used_context,0xf6dbcb18,false
25762831,0x59147877f9833c5ab72a612f19c1db74587c7ea5d7345db0c91755736380386e,0x3d4e12d540cf67a9c38da66a20943acac075725d,0x1eeda6359b726f7e5a662288ed7f1793ed6788b9,2026-08-16T04:40:51,repeated_internal_token_drain;dense_internal_fund_flow;complex_trace;high_gas_used_context;token_activity_burst;repeated_risky_internal_calls,0xa9059cbb,true
25762831,0x9ce8723a113c5d9af9ed7c8bdbd81be05caa5dfe3e002a63681809a3934b0a2c,0x0b713ce1a4bec5adff744ce4dfa6ced44a6b3828,0x7a250d5630b4cf539739df2c5dacb4c659f2488d,2026-08-16T04:40:51,dense_internal_fund_flow,0x02751cec,true
25762831,0x6ba6c61a12a105145d50fde0ca0ddb7ef5cf040dbfac6a1f3bcd51c53a67934f,0xdadb0d80178819f2319190d340ce9a924f783711,0xfeeeeee44046c3f61a8cc081e0918ef0de0a7ffc,2026-08-16T04:40:52,selfdestruct_context,0x6a80cbb7,true
25762831,0x8d04231feb2333b23856f8421e960b93532d032fb972672882f272e0df1387cd,0xdadb0d80178819f2319190d340ce9a924f783711,0xfeeeeee44046c3f61a8cc081e0918ef0de0a7ffc,2026-08-16T04:40:52,selfdestruct_context,0x6a80cbb7,true
25762831,0x969d8e8de71e80f2ac0c401f6565416858cd6b29641bc48963c2dabc0af64214,0xdadb0d80178819f2319190d340ce9a924f783711,0xfeeeeee44046c3f61a8cc081e0918ef0de0a7ffc,2026-08-16T04:40:52,selfdestruct_context,0x6a80cbb7,true
25762831,0xa27c573ea8e9f092cde804da3e6467ee999154fdc00e11f9f80234c5f4fb196f,0xdadb0d80178819f2319190d340ce9a924f783711,0xfeeeeee44046c3f61a8cc081e0918ef0de0a7ffc,2026-08-16T04:40:52,selfdestruct_context,0x6a80cbb7,true
25762832,0x066e030be2997f574b136702b5ebc65d7269c658c65fe9975e37b795f5d1885f,0x4838b106fce9647bdf1e7877bf73ce8b0bad5f97,0xfeeeeee44046c3f61a8cc081e0918ef0de0a7ffc,2026-08-16T04:40:55,selfdestruct_context,0x6a80cbc3,true
25762832,0x1d7fba9b14bc1f73bc131575c1ee1e682d8302f8334daad633ed3935524f755f,0x70e59f9c304e4d5096bd408b571e2dcd99c3120b,0xad3b67bca8935cb510c8d18bd45f0b94f54a968f,2026-08-16T04:40:56,complex_trace;approval_burst,0x146ee74d,false
25762832,0x6d0a3dbaeab9d0bd89114d01a0e5058e69d5c9c04f7151ecc074b31d489c3abf,0xeec1986aada5b60569fc0f0ee147e14825e4ed1c,0x28b1dc1a5e3699a428bc51d234dfab7c9cb2a183,2026-08-16T04:40:56,complex_trace;high_gas_used_context,0x0c307f76,true
25762832,0x211ff29035a8994e6a96e9719ab29b67847707adf411fb6b62b0842e64e5d2cb,0x3a263ead644c8aaf7c4fbe4ba3546fb09d522a97,0x59da89baee7c773f991731fca0a8bba58d511c05,2026-08-16T04:40:57,dense_internal_fund_flow,0xfd3ad6d4,true
25762832,0x43617aca50696a86c24eef52e513aba85e132f562e9e74245ecd9fe9f511ca2d,0x59aab1bd0d26290274398c07b55955c15425e16b,0x00fe78205f5f0e63b8ad2b2ae5337f538a610e04,2026-08-16T04:40:57,complex_trace;high_gas_used_context,0x34fcd5be,false
25762832,0xf56975d5006630456688b35a79b8297c34a0d1ff902cac14db5dbe1ab044c95d,0x4838b106fce9647bdf1e7877bf73ce8b0bad5f97,0xfeeeeee44046c3f61a8cc081e0918ef0de0a7ffc,2026-08-16T04:40:57,selfdestruct_context,0x6a80cbc3,true
25762833,0x08511b9aba0a3497cd1808669b6635fdf27cb253ed1d3d7c69a4596c180d23fa,0xdadb0d80178819f2319190d340ce9a924f783711,0xfeeeeee44046c3f61a8cc081e0918ef0de0a7ffc,2026-08-16T04:41:02,selfdestruct_context,0x6a80cbcf,true
25762833,0x1af2612147acd2f7ef1d49e1c5bf8f20728fdac2c055fcc3d257455a6fda16f4,0x50bf934781f63028c5c8ef49c4affe19a86d99b6,0x8d04cc7e86e687854eb41d9d43512b655b93184b,2026-08-16T04:41:02,selfdestruct_context,0xb5291b32,false
25762833,0x375fa3c02904f7ca0a4c1bd8fa40538e355cbd4e92e92a15d355785933848f91,0xdadb0d80178819f2319190d340ce9a924f783711,0xfeeeeee44046c3f61a8cc081e0918ef0de0a7ffc,2026-08-16T04:41:02,selfdestruct_context,0x6a80cbcf,true
25762833,0x6f14dfb46257a074666da5f334119645415154881523ff962c2a2b669d38c41b,0xe20446cccbfd5f9038e747f1dea8016ecbd94ae5,0x442be06bb5d13711a22ccd3fa382b72a874c5135,2026-08-16T04:41:02,privileged_execution_context;complex_trace,0xf7b5c341,false
25762833,0x952c4c1f2962fc844c93cf44f1ddd7e8f5cc015f09a7c1600f7ea91e52e09c6d,0x59aab1bd0d26290274398c07b55955c15425e16b,0x00fe78205f5f0e63b8ad2b2ae5337f538a610e04,2026-08-16T04:41:02,complex_trace;high_gas_used_context,0x34fcd5be,false
25762833,0xd7e0dc6545d0c7faabc6d428a98584b28a97f68db378788db68703c8e1c2c888,0xdadb0d80178819f2319190d340ce9a924f783711,0xfeeeeee44046c3f61a8cc081e0918ef0de0a7ffc,2026-08-16T04:41:02,selfdestruct_context,0x6a80cbcf,true
25762834,0x46bd02789848eca2cb50ee4411b82521bf9e8ec28fe8ea0becc89e8b63765113,0x7830c87c02e56aff27fa8ab1241711331fa86f43,0xa9d1e08c7793af67e9d92fe308d5697fb81d3e43,2026-08-16T04:41:06,dense_internal_fund_flow,0x1a1da075,true
25762834,0x40239e0f00b96b2b9e11248338b11952fc70118beb535aba3285bdc9096be400,0x4430a7fdcaad9a75f83e1c04f49c2a9e1c9cf7d3,0x0000000000771a79d0fc7f3b7fe270eb4498f20b,2026-08-16T04:41:07,very_complex_trace;high_gas_used_context,0x8973e2cb,false
25762834,0x597ba916c08e063e06f99df4f11ea29fe2540cda9b6b96b6a66f77873dbaf8be,0xe1618dee355187cc7209427c503524d015623027,0x0de8bf93da2f7eecb3d9169422413a9bef4ef628,2026-08-16T04:41:07,very_complex_trace;high_gas_used_context,0xb1ae2ed1,false
25762834,0x7bb89c48360cc49156964f7250a59cb3a65f77dbcc1b2e0f98767f5182aef0e4,0x9fc3da866e7df3a1c57ade1a97c9f00a70f010c8,0xfeeeeee44046c3f61a8cc081e0918ef0de0a7ffc,2026-08-16T04:41:07,selfdestruct_context,0x6a80cbdb,true
25762834,0x7fa8bb3bf601af115cd54235125debd860fcc260c8a7ba7ae2e629a756160ba8,0xd1a9d2ab64d51ed5e6ef2bd6479749048bd69270,0x0000000000771a79d0fc7f3b7fe270eb4498f20b,2026-08-16T04:41:07,very_complex_trace;high_gas_used_context,0x8973e2cb,false
25762834,0xe12f858b4e8e1edb638e1b42627d55011b571eb7b7ee195afac85324336d1ce9,0x70e59f9c304e4d5096bd408b571e2dcd99c3120b,0xad3b67bca8935cb510c8d18bd45f0b94f54a968f,2026-08-16T04:41:07,complex_trace;token_activity_burst;approval_burst,0x146ee74d,false
25762835,0x558856a4df2e8ce7faba2d53b58f30f25552e8c678e16438b406e19db30bfa63,0xdda3b51e29f9d6fad865c5dd7070d5f7eb57663e,0x8d8210a0252a706cb5de0c6f8e46b6d3692afc19,2026-08-16T04:41:12,complex_trace;high_gas_used_context,0xffc3a769,false
25762835,0xc334a04b99dfda6eb7cea9a4cf620b39acb0d4f9d13d9f1593ad7512b129543c,0xe99bd1c2dd70cd58e5efd47887991700e7318ce2,0xad3b67bca8935cb510c8d18bd45f0b94f54a968f,2026-08-16T04:41:12,complex_trace;high_gas_used_context;token_activity_burst;approval_burst,0x146ee74d,false
25762835,0xdae417c85d43921e2ce36f85d3ffcdca83d6b7d579764eef66910807a3278916,0xde7a849216aa3884d53d84ecb02c19eb67e5dae2,0x7d9f4ca54131e588fc1fe577973b55fb11231e76,2026-08-16T04:41:12,high_gas_used_context;token_activity_burst,0x6aac3a0b,false
25762835,0xf8d8f769a24d5a34cdaefce959d3c94642f99251ca09759c9205bb72b449c369,0xdf982320791aee9ef491505d9e66b9ccace57d4b,0x111111125421ca6dc452d289314280a0f8842a65,2026-08-16T04:41:12,dense_internal_fund_flow;complex_trace,0x07ed2379,true
25762835,0xfd531f254c427de5e2c5b311d183eac2354ccef994199f08bbf2806baaf7ce4d,0xde992badd92adaf9146255e9bde6a70770973664,0x3d0f22bf11636cc9cb129e2b261eed35a487455c,2026-08-16T04:41:12,complex_trace;high_gas_used_context,0xa9059cbb,false
25762835,0x640430c1f3e39c0b625c9b63223b3232f283cba2d1e0c262cc1547e170d4b5ba,0x59aab1bd0d26290274398c07b55955c15425e16b,0x00fe78205f5f0e63b8ad2b2ae5337f538a610e04,2026-08-16T04:41:13,complex_trace;high_gas_used_context,0x34fcd5be,false
25762835,0x67b68113e3cd237d3028f575d28be82a90dd9f55e252e707b0ccaad942b666a2,0xf7bac63fc7ceacf0589f25454ecf5c2ce904997c,0xca11bde05977b3631167028862be2a173976ca11,2026-08-16T04:41:13,dense_internal_fund_flow;complex_trace;high_gas_used_context;token_activity_burst,0x252dba42,true
25762835,0xb0132557c69d5f54c45fe6ee5835495c040ab432390cce92109e1b56c0f06077,0xde75ecedd2f0d5f797a91e88fe1927e69a351cc2,0x0a252663dbcc0b073063d6420a40319e438cfa59,2026-08-16T04:41:13,complex_trace;high_gas_used_context,0xecef9201,false
25762837,0x2741ae189fb5d3d80b2caaa025a46d8f59ead1ec29949d581607bf5943d68673,0x43370240c309f6cc0815929a176609267971224f,0x0000000071727de22e5e9d8baf0edac6f37da032,2026-08-16T04:41:34,dense_internal_fund_flow;large_erc20_asset_flow;complex_trace,0x765e827f,true
25762837,0x7f196338a5d5a21680e024b9d9951947b45c615a60cf784c31414905d36e8e29,0xe99bd1c2dd70cd58e5efd47887991700e7318ce2,0xad3b67bca8935cb510c8d18bd45f0b94f54a968f,2026-08-16T04:41:34,complex_trace;approval_burst,0x146ee74d,false
25762837,0x96ff79bf85f0dd45dd90db48fb70baf852716cea4820f26425cef5eadeb00eca,0x9235910f410478b89f86e06be0e4535335af6dea,0x00000f91109c4d0007e90000d9facad5298a0cac,2026-08-16T04:41:34,large_erc20_asset_flow;complex_trace,0x00000000,true
25762837,0xe0a342f06c146ae760239944b60a17a5e6cd44a198fd2ffc16233166d20d8b06,0x08b2cbf90d29e567a57b943eeb2a3479ffcc5d94,0xbf7a7b6300efef494cfe81f6c06818673f7e09d0,2026-08-16T04:41:34,large_erc20_asset_flow;complex_trace,0x5fcf83fd,true
25762837,0x3981597fabb43931ecb6838131c96a64f3c5eee89f0c3b6cb76a0b601a7b23f1,0x5b2a8ef01e705af1ce68009f59e88c783bed7d65,0xc74281560aa0828f91dd95c20172fa4f219bb819,2026-08-16T04:41:35,dense_internal_fund_flow;complex_trace,0x60642803,true
25762837,0x5601b9d704a0c7ef795c7e5a18af38343672d9779085960f099c41ff06fe625c,0xb658b412691e9b5f6455f908882d9261987adf38,0xc74281560aa0828f91dd95c20172fa4f219bb819,2026-08-16T04:41:35,dense_internal_fund_flow;complex_trace,0xc3e51dcb,true
25762837,0x5f6ff4fde810602725a07add95394041edd3ac4db24d0379c62515350632e607,0xaa1862ac65d2941b1254508eee8f1765dbb58b50,0xc74281560aa0828f91dd95c20172fa4f219bb819,2026-08-16T04:41:35,dense_internal_fund_flow;complex_trace,0xc3e51dcb,true
25762837,0x7806fba971a859e6159b185f87739c357d073d03c2c23e648f27430ae2972d94,0x7bb3768c1a95545d32fbd0e2b0a094d9575dd8d6,0xd51a9f9da3c5345b4ed630b1b117e9f95ce60282,2026-08-16T04:41:35,dense_internal_fund_flow;complex_trace,0x60642803,true
25762837,0x7e2e6d036e4eca5f5b189412ddd16653784df021ca81a651a381fcb8e548e2b8,0xd9bcb149a5e297294c62d593f1ef16c3fddb9b87,0x8037b05c3cbf001f05c0e493b4473e1dfbf517a3,2026-08-16T04:41:35,dense_internal_fund_flow;complex_trace;high_gas_used_context,0xe9c5e026,true
25762837,0x87878e2cf159cede772074597d3dde4eb71d990783a03f5ee9ac42cb3c9b451a,0xdda3b51e29f9d6fad865c5dd7070d5f7eb57663e,0x8d8210a0252a706cb5de0c6f8e46b6d3692afc19,2026-08-16T04:41:35,complex_trace;high_gas_used_context,0xffc3a769,false
25762837,0x92c186c95fe2bb7d9291428dd3f1cecd7ccddb84dfdc39594177d2facf9a0e38,0x76c11a26873e97c070af00f5596391bd75bfd688,0xc74281560aa0828f91dd95c20172fa4f219bb819,2026-08-16T04:41:35,dense_internal_fund_flow;complex_trace,0xc3e51dcb,true
25762837,0xc8b910e2e188e45d40da7d89a4999fbba510b233e45893b47dd91059482b758b,0x9c98c36a3b357339c42f922875b6e1ac95097f2e,0xc74281560aa0828f91dd95c20172fa4f219bb819,2026-08-16T04:41:35,dense_internal_fund_flow;complex_trace,0x60642803,true
25762838,0xa63ac355cf5866b770ad92106573ee6ad2422d1e9fe3fb03ae08b907bccd0670,0x9fc3da866e7df3a1c57ade1a97c9f00a70f010c8,0xfeeeeee44046c3f61a8cc081e0918ef0de0a7ffc,2026-08-16T04:41:37,selfdestruct_context,0x6a80cc0b,true
25762839,0x2a42e5de52871dfc605646d5b1504678858a227ba3866dc07d3e29eb1a484587,0xb51ff2f65b935142aab32abefa1c0e29a4161d31,0xb704fcb4c43bdc030de7ec5e0d5264b99aa3af36,2026-08-16T04:41:50,dense_internal_fund_flow,0x08c1284c,true
25762839,0xa0cb6fe1cbd519b1befcacd4a53650511594fdee0e42bed8a774dec058ff8a3c,0x4838b106fce9647bdf1e7877bf73ce8b0bad5f97,0xfeeeeee44046c3f61a8cc081e0918ef0de0a7ffc,2026-08-16T04:41:51,selfdestruct_context,0x6a80cc17,true
25762839,0xb0f4803b60d3f50f818e710741613dbb22f5a1b5c9be23e06f4b331d4445f1da,0x4337016838785634c63fce393bfc6222564436c4,0x0000000071727de22e5e9d8baf0edac6f37da032,2026-08-16T04:41:53,large_erc20_asset_flow,0x765e827f,true
25762839,0xb75aab32dbbedc7eb3f48680960cacfb55a4470f2b8d7d150f308f72e44c869e,0x4838b106fce9647bdf1e7877bf73ce8b0bad5f97,0xfeeeeee44046c3f61a8cc081e0918ef0de0a7ffc,2026-08-16T04:41:53,selfdestruct_context,0x6a80cc17,true
25762839,0xc168ffd1c6264cf674bef986742dacc6e6de7ae5002edcf1fda57a8b1415d53c,0x5a4fc9dd7b390a0f9b2909a0c34ce55cedc42377,0xe72c6838a0fa5262ea43cc6b1f190c92dff3ba32,2026-08-16T04:41:53,dense_internal_fund_flow;high_gas_used_context;token_activity_burst,0x983bc41b,true
25762840,0x21e336eed7ad171d6518ad8f3e113aa3d82d1c4c40fe35ff75fe30790b53734c,0x04d9634df20aa66b23f114d37c45fa6c6ab76d56,0xc1062b7c5dc8e4b1df9f200fe360cdc0ed6e7741,2026-08-16T04:42:00,large_erc20_asset_flow;complex_trace,0xdccedc74,true
25762840,0x7119ad3b71d500b3b7c844314316914ede44c21e0fb47d114f30a9c145feb20b,0x588fc6874b5b26504a58f1f0fbcd44b110183521,0x28b1dc1a5e3699a428bc51d234dfab7c9cb2a183,2026-08-16T04:42:00,complex_trace;high_gas_used_context;token_activity_burst,0xf2c42696,true
25762840,0xb62864c51e74d781df43514d7cb36615b733142366375fbaa4098a19d336003e,0xbec2c8276cbb407b56bc6da77207bdef64142ab5,0x8f5835e9d756c9bd934bce527157a4b0ef3c5cb7,2026-08-16T04:42:00,dense_internal_fund_flow;large_erc20_asset_flow,0x4a7cf362,true
25762840,0x43327a458e2429733e8512ab6962b9dffd880b5e41f4178e691d66b99c6854ad,0x9c170191ca6056b26daa829c5c862cd89821be94,0x0000000000000068f116a894984e2db1123eb395,2026-08-16T04:42:01,complex_trace;high_gas_used_context;token_activity_burst,0x87201b41,true
25762840,0x55cfa644af325d9a6bf4f9f1faa67a2f9b8aee9c2edbabbd726e5eb757ecb064,0x6a4164a8cf9b814748ee1e2576e1372e9f15c898,0x0a252663dbcc0b073063d6420a40319e438cfa59,2026-08-16T04:42:02,dense_internal_fund_flow;large_mint_to_sender;very_complex_trace;high_gas_used_context;token_activity_burst;selfdestruct_context,0xf5878b9b,true
25762840,0x78bc309044bce41dba83e0682d98fb6b0ab0c43f6e8d519e24dfbbcf54cb84c7,0x43370277ecaab8cb1f98622138efc679f9ac3063,0x4337084d9e255ff0702461cf8895ce9e3b5ff108,2026-08-16T04:42:02,large_erc20_asset_flow,0x765e827f,true
25762840,0x55ef1089fd86e07197c8141865b161cf3c3e84675dcdb991769a4c088d8f4e1d,0x09cfee647fa339133380191c8db6b44f24500c9d,0x77b85afbcd336993ac1c65057531c5a5b33b76b8,2026-08-16T04:42:04,repeated_internal_token_drain;dense_internal_fund_flow;complex_trace;high_gas_used_context;token_activity_burst;repeated_risky_internal_calls,0xa9059cbb,true
25762840,0x5c4b62788fc63105e9d804fbe4ce5c0ecbb4f5ae6d839ceec941f68d4d23ad89,0xcc29698e7de78381962b6347655fe85c7e5c1540,,2026-08-16T04:42:04,large_mint_to_sender;contract_creation_context,0x60806040,true
25762840,0xab30628675e0f8650d3dea89a3aa3447520b83f03b184a71e59352b92a8071cf,0x59aab1bd0d26290274398c07b55955c15425e16b,0x00fe78205f5f0e63b8ad2b2ae5337f538a610e04,2026-08-16T04:42:04,complex_trace;high_gas_used_context,0x34fcd5be,false
25762840,0xe17f192199cf24cb5607d94c2423279c510ecd621b3ad99521a63598c842a17a,0xde75ecedd2f0d5f797a91e88fe1927e69a351cc2,0x0a252663dbcc0b073063d6420a40319e438cfa59,2026-08-16T04:42:04,complex_trace;high_gas_used_context,0xecef9201,false
25762840,0xfd61046d2f6cfdce01514fc26fb1cdb68665a4819143c5d4d9eacb8b13f43ae5,0x4838b106fce9647bdf1e7877bf73ce8b0bad5f97,0xfeeeeee44046c3f61a8cc081e0918ef0de0a7ffc,2026-08-16T04:42:04,selfdestruct_context,0x6a80cc23,true
25762841,0x7ada79e43d1b9222ac86ab8285a582f6482b00e95081d332190a1e5d8474971b,0xfa6ada3a6c2ef801fd60e7e48d9b370d3fbeb695,0x53bcdcc18f3bada2cd749a72b28d55eb7abb3dd2,2026-08-16T04:42:07,large_erc20_asset_flow,0x5e70c733,true
25762841,0xd5230f8f2ea147f846bba67e8837c2519a7659bf52860870d87946a6c53a1727,0xa8b52f02108aa5f4b675bdcc973760022d7c6020,0x86e4dc95c7fbdbf52e33d563bbdb00823894c287,2026-08-16T04:42:07,complex_trace;high_gas_used_context,0x4e43e495,false
25762841,0x07d0eb6cf0b77823f5a87286115813d48cac71cad9fe4d82df182c38007c1173,0x4337012eaf1f862b8dbdc6b62a01782ae01ef038,0x0000000071727de22e5e9d8baf0edac6f37da032,2026-08-16T04:42:08,large_erc20_asset_flow;complex_trace,0x765e827f,true
25762841,0x19bdefcc80692cecb1153174c8939bbce48e0e4560b499ffb3a3fb39f795ee5a,0x188f88455df530b9f154ed72d6fcd6a2cea6a09f,0x3980daa7eaad0b7e0c53cfc5c2760037270da54d,2026-08-16T04:42:08,dense_internal_fund_flow;complex_trace;high_gas_used_context,0x13d79a0b,true
25762841,0x28d2a3d157a7c40eaf7900bff39ef5f8873882c780bc5b34da5e5f936709b756,0x70e59f9c304e4d5096bd408b571e2dcd99c3120b,0xad3b67bca8935cb510c8d18bd45f0b94f54a968f,2026-08-16T04:42:08,complex_trace;high_gas_used_context;token_activity_burst;approval_burst,0x146ee74d,false
25762841,0x891c53e61d496e07f07dca68a117bc96dff2016aa2ef058434fd29a7912d57ff,0xa7b5ce53d71d2215d679642307adfa3f39de5448,0x337afda118de433f5a8c8ad6d6ef48b76d027a06,2026-08-16T04:42:08,large_erc20_asset_flow;complex_trace;high_gas_used_context;token_activity_burst,0x9265bb9d,true
25762841,0xd08a6d804e32f10b314b7a75382fc2f550ad1e6bc311f566f168cc657496352c,0xae2fc483527b8ef99eb5d9b44875f005ba1fae13,0x1f2f10d1c40777ae1da742455c65828ff36df387,2026-08-16T04:42:08,large_erc20_asset_flow,0x2b313f0f,true
25762841,0xf21c548a248c84d6723203e1629af85fa4361eba6b0efe65d82033d3277bc92d,0x8c1e011669c7e601c400bc7622e0f9211439e27f,0xac9f360ae85469b27aeddeafc579ef2d052ad405,2026-08-16T04:42:09,dense_internal_fund_flow;large_erc20_asset_flow,0xe4899c13,true
25762841,0xfa1ff26b7f4b5da0bd2be12e41f7c1b241844134b65d1ba62da995cbb3aa3e02,0x4838b106fce9647bdf1e7877bf73ce8b0bad5f97,0xfeeeeee44046c3f61a8cc081e0918ef0de0a7ffc,2026-08-16T04:42:09,selfdestruct_context,0x6a80cc2f,true
25762842,0x7188f6a9ecaf373f8cc16cb0fab8e395765b94314c2348bc6e9cbd0dc1753e5d,0xde992badd92adaf9146255e9bde6a70770973664,0x3d0f22bf11636cc9cb129e2b261eed35a487455c,2026-08-16T04:42:17,complex_trace;high_gas_used_context,0xa9059cbb,false
25762842,0x9a0fd230ba4681152a732d425597ce438a4d55fc07bcca698a019e8344d06c25,0x2beeb5af46e017b1382bc8cd8c76f6496efff84f,0x8f5835e9d756c9bd934bce527157a4b0ef3c5cb7,2026-08-16T04:42:17,dense_internal_fund_flow;large_erc20_asset_flow,0x4a7cf362,true
25762842,0xac6b515dbfadd722b996d4dea7bea76ef68dc8691a893eb8080f8d254fa8b486,0x0a5b2bf3ccfb44c1d22f07eed9553ecba752d4ad,0xd90e2f925da726b50c4ed8d0fb90ad053324f31b,2026-08-16T04:42:17,dense_internal_fund_flow;complex_trace,0xb438689f,true
25762842,0x03d7a41ebb24178da059fb5be936317276c0242015398d61d0d5f1323e9877a5,0x59aab1bd0d26290274398c07b55955c15425e16b,0x00fe78205f5f0e63b8ad2b2ae5337f538a610e04,2026-08-16T04:42:18,complex_trace;high_gas_used_context,0x34fcd5be,false
25762842,0x9c3b3a63c75cf9012406ff7c18e814acd333b68466f0bd840e866fb07621f442,0x2479f56be70ad3d096ba10bb36611d5714da6bb7,0xb300000b72deaeb607a12d5f54773d1c19c7028d,2026-08-16T04:42:18,dense_internal_fund_flow;complex_trace,0x810c705b,true
25762842,0xebaea803f2ad3de4485714864cbf1b34fdcf40d9fa0418a70dbeead93e601cdc,0x6a4164a8cf9b814748ee1e2576e1372e9f15c898,0x0a252663dbcc0b073063d6420a40319e438cfa59,2026-08-16T04:42:18,dense_internal_fund_flow;large_mint_to_sender;very_complex_trace;high_gas_used_context;token_activity_burst;selfdestruct_context,0xf5878b9b,true
25762842,0x7ca95099877d5b9718e8dc246da0906ae68f2ba40ecc6d06c1a3c7d431a82577,0xfc44520a48bb9bd512df44f68cfd3763496df2af,0xac9f360ae85469b27aeddeafc579ef2d052ad405,2026-08-16T04:42:19,dense_internal_fund_flow,0x28223a77,true
25762843,0x4eb6d0d75f6116017692b1606a045410cb9ca070d139426787a6c4fe631aed00,0xde992badd92adaf9146255e9bde6a70770973664,0x3d0f22bf11636cc9cb129e2b261eed35a487455c,2026-08-16T04:42:29,complex_trace;high_gas_used_context,0xa9059cbb,false
25762843,0xd5ce7a07f87fb3ea8f19616825eaffc2b5c8d9b83984a6c10d114ff16db937bd,0x4337032d9c9291f05bebded166d947f22b25fa00,0x4337084d9e255ff0702461cf8895ce9e3b5ff108,2026-08-16T04:42:29,dense_internal_fund_flow;complex_trace,0x765e827f,true
25762844,0x3d75788ec5984af074177b54b0a72e9bbff230b8d67623772d1f031713c81ca0,0xeb5e3955258d9e4410f2f5d6201a0727fe9897fd,0x8f5835e9d756c9bd934bce527157a4b0ef3c5cb7,2026-08-16T04:42:35,dense_internal_fund_flow;large_erc20_asset_flow,0x4a7cf362,true
25762844,0x0d8cfb3857b2eb0eb09dcde66403be1281b5a918819934bc8cd3153de0735092,0x09cfee647fa339133380191c8db6b44f24500c9d,0x3d9846705612c2db47edf659c48034c752f0da99,2026-08-16T04:42:37,complex_trace;high_gas_used_context,0xd47a1a27,false
25762844,0x6a02b0c93c27173eec10beee6749d074921205a48ac1836db76713c86eba6eda,0x18dd3c14e34c1bc379f7538068c59160d9f68e25,0xccc88a9d1b4ed6b0eaba998850414b24f1c315be,2026-08-16T04:42:37,dense_internal_fund_flow;complex_trace,0x0a2b8f36,true
25762844,0x8e99c23d90ed37c2e60bffae68b7efe6cb626e9e8edb203bcf827cb23b4e86f7,0xada5bb90d0de0bd1b6f3938708f49295a8d1f7cb,0xb92fe925dc43a0ecde6c8b1a2709c170ec4fff4f,2026-08-16T04:42:37,complex_trace;high_gas_used_context,0xcd6e13f7,false
25762844,0xe79906205f566e052b8a610f0a59771a87a075952243cb35145711d15df9ff0d,0x7830c87c02e56aff27fa8ab1241711331fa86f43,0xa9d1e08c7793af67e9d92fe308d5697fb81d3e43,2026-08-16T04:42:37,dense_internal_fund_flow,0x1a1da075,true
25762844,0x086a037f464ae48fefbd611d026af69f6b0e474e8e060bdb99e0b64a6a24dcac,0xde7a849216aa3884d53d84ecb02c19eb67e5dae2,0x7d9f4ca54131e588fc1fe577973b55fb11231e76,2026-08-16T04:42:38,high_gas_used_context;token_activity_burst,0x6aac3a0b,false
25762844,0x2eabf73af43830245e92a6d6a11287a6732c111e16073b8ad5bb0a55eeae6547,0xdadb0d80178819f2319190d340ce9a924f783711,0xfeeeeee44046c3f61a8cc081e0918ef0de0a7ffc,2026-08-16T04:42:39,selfdestruct_context,0x6a80cc53,true
25762844,0x5e97b16d18a8bbabb1c52a457f91b9e25765f2c4a634f624c5a68c68211f6246,0xdadb0d80178819f2319190d340ce9a924f783711,0xfeeeeee44046c3f61a8cc081e0918ef0de0a7ffc,2026-08-16T04:42:39,selfdestruct_context,0x6a80cc53,true
25762844,0xcb3804dc1085b999f6445ddec4ba56a916850ae2d60b502a82b08be9ae5e6937,0xdadb0d80178819f2319190d340ce9a924f783711,0xfeeeeee44046c3f61a8cc081e0918ef0de0a7ffc,2026-08-16T04:42:39,selfdestruct_context,0x6a80cc53,true
25762845,0x64d18e7e57ea322875655258ab6d6fb54809e8af072bb640948cddbb1d35b71c,0x5b43453fce04b92e190f391a83136bfbecedefd1,0xbdb3ba9ffe392549e1f8658dd2630c141fdf47b6,2026-08-16T04:42:43,complex_trace;token_activity_burst,0x000000c3,false
25762845,0xfb6c948b58b0f0deeb952ac2cd996a7eaadcdcc382d885eccfb79177e3ce0573,0x72ac096d9043d8fdea9702590d358b4e2d77cc3f,0x6131b5fae19ea4f9d964eac0408e4408b66337b5,2026-08-16T04:42:43,dense_internal_fund_flow;complex_trace,0xe21fd0e9,true
25762845,0x0fb94d42803f734ccab67542d98937fb34309104d77043a48b8788668d147569,0xde75ecedd2f0d5f797a91e88fe1927e69a351cc2,0x0a252663dbcc0b073063d6420a40319e438cfa59,2026-08-16T04:42:44,complex_trace;high_gas_used_context,0xecef9201,false
25762845,0x3a02ce2281b3c0b81227954e43a64b216783f290318a1247e289710bb4b2c510,0xbe0b407782a7599380fa726db315340126d62229,0x4d2fb5f8ec243fde4df1a9678b82238570c7e0e4,2026-08-16T04:42:44,repeated_internal_token_drain;dense_internal_fund_flow;complex_trace;high_gas_used_context;token_activity_burst;repeated_risky_internal_calls,0x6a761202,true
25762845,0x8580a1569cceb73486334107a84cefa6b50503b78915c02f05777c9ac4524d3c,0x4838b106fce9647bdf1e7877bf73ce8b0bad5f97,0xfeeeeee44046c3f61a8cc081e0918ef0de0a7ffc,2026-08-16T04:42:45,selfdestruct_context,0x6a80cc5f,true
25762846,0x043c5f20fc27a63c989599aba06f7b88b1ec016455140541acbd89a75795a67f,0xc6acbee42e9e323140c1ed060c2f6ea9cc3b4b75,0x7c5a71c9fefbc7691f9d4ac7baf70c743792f716,2026-08-16T04:42:49,selfdestruct_context,0xf3fef3a3,false
25762846,0x7a820afb0ca96f72d1da8c02aef6e72261bc175629b5b12c0022189f8b3df68d,0xd648287a57f79144ef21c6256fb76b98a7199b40,0x0000000000001ff3684f28c67538d4d072c22734,2026-08-16T04:42:49,dense_internal_fund_flow;complex_trace,0x2213bc0b,true
25762846,0x2b7f22a409861d031272aa4be793190520d2d33c12d16a362456a260c13099e7,0x59aab1bd0d26290274398c07b55955c15425e16b,0x00fe78205f5f0e63b8ad2b2ae5337f538a610e04,2026-08-16T04:42:51,complex_trace;high_gas_used_context,0x34fcd5be,false
25762846,0x4e6b313ad58351a0408edf1c1780be5f30be0ef6533fe515344604f646a26ced,0x4838b106fce9647bdf1e7877bf73ce8b0bad5f97,0xfeeeeee44046c3f61a8cc081e0918ef0de0a7ffc,2026-08-16T04:42:52,selfdestruct_context,0x6a80cc6b,true
25762847,0x436d35f44a87513ec4386c69b50d6ff5049cb640cb672c9a2b0b445a2d19abfb,0xd8ba9e5886b7000bace2c9dbdd0be98ac77d4a28,0x80a64c6d7f12c47b7c66c5b4e20e72bc1fcd5d9e,2026-08-16T04:42:56,dense_internal_fund_flow,0x3d0e3ec5,true
25762847,0x25443c50e1648054d63da1be11dfb42c8d70a13b738810086cc8aa89a8b14d3c,0x331d9a049d496385998067abf6cbb6371c8d2466,0xb92fe925dc43a0ecde6c8b1a2709c170ec4fff4f,2026-08-16T04:42:57,complex_trace;high_gas_used_context,0xcd6e13f7,false
25762847,0x9373533fe3da02962370366cedeff96d85bb227ffe9e6af902d3602ce5d5b808,0xca7ded7e4f4ba8ab3b10009236ae6d1b95094589,0xccc88a9d1b4ed6b0eaba998850414b24f1c315be,2026-08-16T04:42:57,dense_internal_fund_flow;complex_trace,0x0a2b8f36,true
25762847,0x9c011bd29109cabd2a9c2304eefa652b435d80d0d5af3294e1201b62530d9c7a,0x9c466c24d12804160952a9db2a63b125ae7b4b75,0x4c82d1fbfe28c977cbb58d8c7ff8fcf9f70a2cca,2026-08-16T04:42:57,dense_internal_fund_flow,0x3593564c,true
25762847,0xa8d1cbf3e58569acf7a2bc0640f93858ddf2a06114199ef5e85eb7177f67b397,0xf502431dbfe2579f504a7ab8b00bda62bfde465f,0x0000000000771a79d0fc7f3b7fe270eb4498f20b,2026-08-16T04:42:57,very_complex_trace;high_gas_used_context,0x8973e2cb,false
25762847,0xef3561b5f3ace46b2f33955fb9bc65a02ac59e9d5862b45edd9b26897469567b,0xdda3b51e29f9d6fad865c5dd7070d5f7eb57663e,0x8d8210a0252a706cb5de0c6f8e46b6d3692afc19,2026-08-16T04:42:57,complex_trace;high_gas_used_context,0xffc3a769,false
25762847,0x1cbb4fcdde433b1aaf7a1ccc94cea79497dd1327832b13bdd2dd298ed4e00cb4,0x730ee5f7e78f885c0105485c0f2fe1c41d85b1bb,0x0de8bf93da2f7eecb3d9169422413a9bef4ef628,2026-08-16T04:42:58,dense_internal_fund_flow;large_mint_to_sender;very_complex_trace;high_gas_used_context;token_activity_burst,0xc2580804,true
25762847,0x479ac7d59f761f8a27bcc646242845d7e38e7a984383540d1510f7408efbb8ce,0x1053ec0d66c4d1678099521b07f19a4532d33578,0x3057fe9ce0785055d546e974befa47b5e9f0cccc,2026-08-16T04:42:58,complex_trace;token_activity_burst,0x07ed2379,false
25762847,0x6a62d7b76d5acdd8a0f31d2902ce24114a4bf14fbe55fbee7b0e548481498fab,0x730ee5f7e78f885c0105485c0f2fe1c41d85b1bb,0x0de8bf93da2f7eecb3d9169422413a9bef4ef628,2026-08-16T04:42:58,dense_internal_fund_flow;large_mint_to_sender;very_complex_trace;high_gas_used_context;token_activity_burst,0xc2580804,true
25762847,0x946841ad7c5270d866ab8269a0c85d872d9c835ea1d828481ffec97255d8cc03,0x730ee5f7e78f885c0105485c0f2fe1c41d85b1bb,0x0de8bf93da2f7eecb3d9169422413a9bef4ef628,2026-08-16T04:42:58,dense_internal_fund_flow;large_mint_to_sender;very_complex_trace;high_gas_used_context;token_activity_burst,0xc2580804,true
25762847,0xbd594809e5594794d6bd2b1bd1717576a15dec9fc84a607b4cf137f30ce35d27,0xe469ee44d92bb173b7edc576ebb09da55dbfe32e,0x0000000071727de22e5e9d8baf0edac6f37da032,2026-08-16T04:42:58,dense_internal_fund_flow;complex_trace,0x765e827f,true
25762847,0xd78dfe2238bf18d6a95d93737b9a20218fc2398ce617f1dfb4cd496e476958ee,0x9fc3da866e7df3a1c57ade1a97c9f00a70f010c8,0xfeeeeee44046c3f61a8cc081e0918ef0de0a7ffc,2026-08-16T04:42:58,selfdestruct_context,0x6a80cc77,true
25762848,0x63a574130224610b56bc7bba71ca41e597f59c9dacd88872765fc389f7f59374,0x4838b106fce9647bdf1e7877bf73ce8b0bad5f97,0xfeeeeee44046c3f61a8cc081e0918ef0de0a7ffc,2026-08-16T04:43:08,selfdestruct_context,0x6a80cc83,true
25762848,0x1861aa13261c21b0a76ab3d7f8d62c2115604a7c7239864788d194a5ec3a5167,0xeca77087f605fc2f9201202389db17d72a39634e,0x9a873656c19efecbfb4f9fab5b7acdeab466a0b0,2026-08-16T04:43:09,large_erc20_profit_to_sender;large_erc20_asset_flow;complex_trace,0x3f7658fd,true
25762848,0x413fa27b3177d4d16030fd05fb94c52b3b36083f99455a693920c52c9ed871d7,0x1053ec0d66c4d1678099521b07f19a4532d33578,0x3057fe9ce0785055d546e974befa47b5e9f0cccc,2026-08-16T04:43:09,complex_trace;high_gas_used_context;token_activity_burst,0x07ed2379,false
25762848,0x4bee1f9c3d899dbeec06295e522d780ca6110b373cce4c94d78deebaed5ffeef,0xf93a5f0a4925eec32cd585641c88a498523f383c,0x80226fc0ee2b096224eeac085bb9a8cba1146f7d,2026-08-16T04:43:09,large_erc20_asset_flow,0x96f4e9f9,true
25762848,0x9be7861b612a5da2dee451e2db09230608c4e74cb119465128ddbc768715f366,0x4838b106fce9647bdf1e7877bf73ce8b0bad5f97,0xfeeeeee44046c3f61a8cc081e0918ef0de0a7ffc,2026-08-16T04:43:09,selfdestruct_context,0x6a80cc83,true
25762848,0xb1dc0967ed4a4ce5a55f5591d81fa428db6402b0099bd0b28c24f04f48195bbb,0xdda3b51e29f9d6fad865c5dd7070d5f7eb57663e,0x8d8210a0252a706cb5de0c6f8e46b6d3692afc19,2026-08-16T04:43:09,complex_trace;high_gas_used_context,0xffc3a769,false
25762848,0xbb858d469a04109517f8eb0f7d9baccc11e8b073b94ec7b19105b259be2335bd,0x4838b106fce9647bdf1e7877bf73ce8b0bad5f97,0xfeeeeee44046c3f61a8cc081e0918ef0de0a7ffc,2026-08-16T04:43:09,selfdestruct_context,0x6a80cc83,true
25762848,0xcd2277f7131c215ffafe890501d6ec8ee0603262a4a03107d594ed28aa8cbda1,0x50bf934781f63028c5c8ef49c4affe19a86d99b6,0x8d04cc7e86e687854eb41d9d43512b655b93184b,2026-08-16T04:43:09,selfdestruct_context,0xb5291b32,false
25762849,0x0f26a83860f1dc5d762a7826a10772c54f6cf62220972600a97a6e6a9a40b12e,0x7830c87c02e56aff27fa8ab1241711331fa86f43,0xa9d1e08c7793af67e9d92fe308d5697fb81d3e43,2026-08-16T04:43:23,large_erc20_asset_flow,0xca350aa6,true
25762849,0x4eef57fdf49b0e65b98f53a4d1374633027f5cc66842058c60ae3719a3ee659c,0xde75ecedd2f0d5f797a91e88fe1927e69a351cc2,0x0a252663dbcc0b073063d6420a40319e438cfa59,2026-08-16T04:43:23,complex_trace;high_gas_used_context,0xecef9201,false
25762849,0x5d86df38f9e48d5477b03275c85fa340eacab4f9314b4719efb1a2f2cc692814,0x49e1bf431e9bbbd8e57afcd21ccac3f30e7d98d3,0x28b1dc1a5e3699a428bc51d234dfab7c9cb2a183,2026-08-16T04:43:23,complex_trace;high_gas_used_context;token_activity_burst,0xf2c42696,true
25762849,0x9f7baf60f3f7ee536a6bd114ef7310116f7f0da415fd416af09b99caab4bcb84,0x4838b106fce9647bdf1e7877bf73ce8b0bad5f97,0xfeeeeee44046c3f61a8cc081e0918ef0de0a7ffc,2026-08-16T04:43:23,selfdestruct_context,0x6a80cc8f,true
25762849,0xd77b9814801b2dc546f40336f0a7da41c19a2efef0080ac2aa14c2f5129e3640,0x4838b106fce9647bdf1e7877bf73ce8b0bad5f97,0xfeeeeee44046c3f61a8cc081e0918ef0de0a7ffc,2026-08-16T04:43:24,selfdestruct_context,0x6a80cc8f,true
25762850,0x01d785b19a79ed5b5131796b101c907e2a8b0782b54c3d674f36b6f9d16f5434,0x70e59f9c304e4d5096bd408b571e2dcd99c3120b,0xad3b67bca8935cb510c8d18bd45f0b94f54a968f,2026-08-16T04:43:33,complex_trace;token_activity_burst;approval_burst,0x146ee74d,false
25762850,0x1caa5937ef4047f5c54f86989ca61a411f33d9a1cbffb47a614d12717836b303,0x4838b106fce9647bdf1e7877bf73ce8b0bad5f97,0xfeeeeee44046c3f61a8cc081e0918ef0de0a7ffc,2026-08-16T04:43:35,selfdestruct_context,0x6a80cc9b,true
25762850,0x31437d8273bb2786335d862963f095b69ce1f314f62f5e97ad4626d7bd64ad91,0xeca77087f605fc2f9201202389db17d72a39634e,0x9a873656c19efecbfb4f9fab5b7acdeab466a0b0,2026-08-16T04:43:35,large_erc20_asset_flow;complex_trace,0x23caab49,true
25762851,0x883eaaea05649a23f663f20e08dc5676eca84c6d6b495461e34e38b6e56006dc,0xa1fee4ec1c56ff67632719f9bb24fd63ed019ff6,0x28b1dc1a5e3699a428bc51d234dfab7c9cb2a183,2026-08-16T04:43:41,complex_trace;high_gas_used_context,0x0c307f76,false
25762851,0x431f24d60e1d97bd2dba189d8c0e3b841c9371dbf56461ff96029cc46703a8e5,0x4337003fcd2f56de3977ccb806383e9161628d0e,0x4337084d9e255ff0702461cf8895ce9e3b5ff108,2026-08-16T04:43:42,large_erc20_asset_flow,0x765e827f,true
25762851,0x9bf65a6f9375f8532998495829f5c0b395e631d579d4e3c24c076b7acb3325e6,0x400a08a43ac9be4a7d8a932d557548e5e95755e9,0x337685fdab40d39bd02028545a4ffa7d287cc3e2,2026-08-16T04:43:42,dense_internal_fund_flow;complex_trace,0xfa74fd43,true
25762851,0x12f123965b4c402f0b745bfba9a35b6b7f84255ba3574ffaa97907a44977bcbb,0x59aab1bd0d26290274398c07b55955c15425e16b,0x00fe78205f5f0e63b8ad2b2ae5337f538a610e04,2026-08-16T04:43:43,complex_trace;high_gas_used_context,0x34fcd5be,false
25762851,0xec543b5b6d8ab4655e3edbbfadc4891b6b0b3f05af1e2b09970fe96f8212294c,0x4838b106fce9647bdf1e7877bf73ce8b0bad5f97,0xfeeeeee44046c3f61a8cc081e0918ef0de0a7ffc,2026-08-16T04:43:43,selfdestruct_context,0x6a80cca7,true
25762852,0x4a39692eaeea9bfe20af5d8d7f01d9cd8141e546e835759eab198538dabed1f4,0xb3f6ef9a6dad328d282059b9152b07eb6d757fe7,0x69460570c93f9de5e2edbc3052bf10125f0ca22d,2026-08-16T04:43:46,dense_internal_fund_flow;complex_trace,0x14d08fca,true
25762852,0xc4dd2e9d0540feca574edb8e5b602c47c7fadcb8e3cd048184a4d3725c0c728c,0xd1a9d2ab64d51ed5e6ef2bd6479749048bd69270,0x0000000000771a79d0fc7f3b7fe270eb4498f20b,2026-08-16T04:43:46,very_complex_trace;high_gas_used_context,0x8973e2cb,false
25762852,0xdecfc0096bd98651704af6cbfd091447e2a19cd1bcaf52f348e00ba82f657241,0x4430a7fdcaad9a75f83e1c04f49c2a9e1c9cf7d3,0x0000000000771a79d0fc7f3b7fe270eb4498f20b,2026-08-16T04:43:46,very_complex_trace;high_gas_used_context,0x8973e2cb,false
25762852,0xe117018902bb40b6ef7d0aa4034687bd6f1b14f06aed79a0d54fe747e0bf7eb5,0xcb73413d849b4dc6a923bd6c5ee020de9b6cbe66,0x0000000000771a79d0fc7f3b7fe270eb4498f20b,2026-08-16T04:43:46,very_complex_trace;high_gas_used_context,0x8973e2cb,false
25762852,0xfe6be85dac9cf6dc05950b95e0fb88acc19b3418c0c53db57113f1ec0891c44b,0x658d97508aa68b389361488b0ffa7d81ab639792,0xb92fe925dc43a0ecde6c8b1a2709c170ec4fff4f,2026-08-16T04:43:46,dense_internal_fund_flow;complex_trace,0xcd6e13f7,true
25762852,0x428202282c6d40aaa0f233cebc57dca19ee6272c10f08b3bf97cd581aec1e622,0x59aab1bd0d26290274398c07b55955c15425e16b,0x00fe78205f5f0e63b8ad2b2ae5337f538a610e04,2026-08-16T04:43:47,complex_trace;high_gas_used_context,0x34fcd5be,false
25762853,0x1c15349a8066d0a7c78e5c8b484813380c8f38626509c043f52b4cfe67b3cc17,0xc6e5d5504207d7f17d7724555cf4905548a2024a,0x8cb3649114051ca5119141a34c200d65dc0faa73,2026-08-16T04:43:59,large_erc20_asset_flow,0x7299aa31,true
25762853,0x8bcf9a00b9c2d45eab407c136ef1d0bedc0af1b841dd25bb0808df9b6a24ab6e,0x4838b106fce9647bdf1e7877bf73ce8b0bad5f97,0xfeeeeee44046c3f61a8cc081e0918ef0de0a7ffc,2026-08-16T04:43:59,selfdestruct_context,0x6a80ccbf,true
25762853,0xe7ed2da1636d392e684463aae096df0dc3ecc84b04d14a5a181b99e3bbbdc1bd,0xde7a849216aa3884d53d84ecb02c19eb67e5dae2,0x7d9f4ca54131e588fc1fe577973b55fb11231e76,2026-08-16T04:43:59,high_gas_used_context;token_activity_burst,0x6aac3a0b,false
25762853,0xfb3b1f4207eaab926d624ff31ee784e73bc81d44a321450a4bc71b2bf958172c,0x59aab1bd0d26290274398c07b55955c15425e16b,0x00fe78205f5f0e63b8ad2b2ae5337f538a610e04,2026-08-16T04:43:59,complex_trace;high_gas_used_context,0x34fcd5be,false
25762854,0x77479b7d0585cf3c12f942f411f6032d9eded0c4396e8bed3637594a17d97ef4,0x7830c87c02e56aff27fa8ab1241711331fa86f43,0xa9d1e08c7793af67e9d92fe308d5697fb81d3e43,2026-08-16T04:44:03,large_erc20_asset_flow;token_activity_burst,0xca350aa6,true
25762854,0x2606a7a3f0b7b6b206db49423fdbcaabecd01d6770902121e3f1b8d3719bfcad,0x35a31744530bf5963c83998344567965969b8f11,0x8090a9db6aca56ffa186c75ca0787b18af1058a0,2026-08-16T04:44:05,privileged_execution_context;complex_trace,0xd85064c2,false
25762854,0x2969b618dcf384cecbb6dcd3c5288541b2964861a6f0ffd95ea7da0f8c9bb27e,0x9fc3da866e7df3a1c57ade1a97c9f00a70f010c8,0xfeeeeee44046c3f61a8cc081e0918ef0de0a7ffc,2026-08-16T04:44:05,selfdestruct_context,0x6a80cccb,true
25762854,0x44a9b95d8b46f77c57607cd538e4d3505d1d40101bbea1d4cda2fdf24b7de3f0,0xde992badd92adaf9146255e9bde6a70770973664,0x3d0f22bf11636cc9cb129e2b261eed35a487455c,2026-08-16T04:44:05,complex_trace;high_gas_used_context,0xa9059cbb,false
25762854,0x563806ebe8a1039e3177e358b1984afbc78998596269fcfb40ffc11eb9ce73ce,0xde992badd92adaf9146255e9bde6a70770973664,0x3d0f22bf11636cc9cb129e2b261eed35a487455c,2026-08-16T04:44:05,complex_trace;high_gas_used_context,0xa9059cbb,false
25762854,0x6d657cdee8bc26422b1fee939811567dafcc66549735fe0e33cde75999eff635,0xeca77087f605fc2f9201202389db17d72a39634e,0x9a873656c19efecbfb4f9fab5b7acdeab466a0b0,2026-08-16T04:44:05,large_erc20_profit_to_sender;large_erc20_asset_flow;complex_trace,0x23caab49,true
25762854,0x6f7df68b548032a02f8b22ab73eed0ba56a264d0b24698a8b67213a2968888e2,0xde75ecedd2f0d5f797a91e88fe1927e69a351cc2,0x0a252663dbcc0b073063d6420a40319e438cfa59,2026-08-16T04:44:05,complex_trace;high_gas_used_context,0xecef9201,false
25762854,0x720aee7979ba061d05a1d2ba657931dbc66dbfd0ec736bbdf08106547f035747,0x4838b106fce9647bdf1e7877bf73ce8b0bad5f97,0xfeeeeee44046c3f61a8cc081e0918ef0de0a7ffc,2026-08-16T04:44:05,selfdestruct_context,0x6a80cccb,true
25762855,0x6775d9badef3cebd4bd0135ab1046c44df140470bab50e5ca52b8921fd0eb7aa,0xeca77087f605fc2f9201202389db17d72a39634e,0x9a873656c19efecbfb4f9fab5b7acdeab466a0b0,2026-08-16T04:44:28,large_erc20_asset_flow;complex_trace,0x23caab49,true
25762855,0x650bd6e7e585ffc28e92804ead741a765044c334c722c7e35dba3d848ddfb2c9,0xdadb0d80178819f2319190d340ce9a924f783711,0xfeeeeee44046c3f61a8cc081e0918ef0de0a7ffc,2026-08-16T04:44:29,selfdestruct_context,0x6a80ccd7,true
25762855,0x65cb914a8fe3e17fc6229f466d364bef460583ef5942ba59402c43b22665d7cf,0x3d65ed138686e2ad54006d4db83ad4597d645370,0x004395edb43efca9885cedad51ec9faf93bd34ac,2026-08-16T04:44:29,complex_trace;high_gas_used_context,0xac9650d8,false
25762855,0x868bf494c3c66cf3d06d0c3be8e97e532de4609413e0a849f7e4c4865de5d754,0xdadb0d80178819f2319190d340ce9a924f783711,0xfeeeeee44046c3f61a8cc081e0918ef0de0a7ffc,2026-08-16T04:44:29,selfdestruct_context,0x6a80ccd7,true
25762856,0x116de5fc8d8a2f094f9c46c13331c6fd6b6e5ed64d03fb484b52acf533b48106,0xdda3b51e29f9d6fad865c5dd7070d5f7eb57663e,0x8d8210a0252a706cb5de0c6f8e46b6d3692afc19,2026-08-16T04:44:35,complex_trace;high_gas_used_context,0xffc3a769,false
25762856,0xc8d9d2e8376752b69e7f31383e13d2cd91054c2c7250cc9b70fd90df7545c925,0x59aab1bd0d26290274398c07b55955c15425e16b,0x00fe78205f5f0e63b8ad2b2ae5337f538a610e04,2026-08-16T04:44:35,complex_trace;high_gas_used_context,0x34fcd5be,false
25762856,0xe1b857ff6e406f3818a57abe92272128c84e48b0f2e68f70e6ae2b0b877276ba,0xc93c7f71581dfeaab59bed908888dac5689f312a,0x0c2705cf48e49cc896252dd16dc8c5d31df753b2,2026-08-16T04:44:35,privileged_execution_context;high_gas_used_context,0x8e29b73d,false
25762857,0xdfa4f34474df2f948f7f4d7725da55c23692112ab23f1bf472679da2cddedd26,0x7556699aa8e6a7c9c69bcfaf9debd05f8192b063,0x84a260fd2be522f1384fba4a678555b99cbb288a,2026-08-16T04:44:45,complex_trace;high_gas_used_context,0xe587456a,false
25762858,0x5badc59829f178b4054a486f6bf97f27c740bfeb78dd2d7a0286599e6095cad7,0x930b88a592a045c428f3d99f7f3e5f95e3967508,0x1103fc560de8b710983e7f3ec09d587f3f848566,2026-08-16T04:44:55,dense_internal_fund_flow,0x01fbfe26,true
25762858,0x423c90114e8c6e1827258af4e3279b11225b9eaa4bf94856a284a2d6adcababe,0xde75ecedd2f0d5f797a91e88fe1927e69a351cc2,0x0a252663dbcc0b073063d6420a40319e438cfa59,2026-08-16T04:44:56,complex_trace;high_gas_used_context,0xecef9201,false
25762858,0x9e3ad31d92dfd2f54b5ee75b0e404bf9e930b0a7b61f43657c95765f83406024,0x59aab1bd0d26290274398c07b55955c15425e16b,0x00fe78205f5f0e63b8ad2b2ae5337f538a610e04,2026-08-16T04:44:56,complex_trace;high_gas_used_context,0x34fcd5be,false
25762859,0x24da83ea21c037eea34afd802e6af951ef0b40869e2540fc8381386ab0f1068d,0x7cd2e1f1872852d24514736c4af65dd058bb182b,0xb222da0f9c22ad2addcb0b0d6b150f398e44157a,2026-08-16T04:44:59,complex_trace;high_gas_used_context;token_activity_burst,0xef4d7b75,false
25762859,0xba75a2a62c2b52b3f514f67705acf627ac4d0598c464864d58be3d89e685d87a,0xeec1986aada5b60569fc0f0ee147e14825e4ed1c,0x28b1dc1a5e3699a428bc51d234dfab7c9cb2a183,2026-08-16T04:44:59,complex_trace;high_gas_used_context,0x0c307f76,false
