block_num,tx_hash,from,to,detect_time,attack_signals,selector,has_asset_impact
25747301,0x49763385ae2f06ac77d45441996491e9f4e452b4ad6423a19578f7b70cedc675,0x7f62738da9c9a59922f9eeae269a835826ca9855,0x6566194141eefa99af43bb5aa71460ca2dc90245,2026-08-14T00:30:05,large_erc20_asset_flow;complex_trace,0x374f435d,true
25747301,0xaf11a1cd357c8da7980b089e12e155891ff8201eb2a7ee38c0659ef72661a769,0xdada79040afa6ac7d7660e7e18f8a9b82c31f49a,0xec6fc9be2d5e505b40a2df8b0622cd25333823db,2026-08-14T00:30:05,large_erc20_asset_flow;complex_trace,0x6440a7b4,true
25747301,0xe2dc7f0d28bab1e34459f5a58463426f2d059010a4ea458b71df285f340a8253,0xc6acbee42e9e323140c1ed060c2f6ea9cc3b4b75,0x7c5a71c9fefbc7691f9d4ac7baf70c743792f716,2026-08-14T00:30:05,selfdestruct_context,0xf3fef3a3,false
25747301,0xe8b9b7527d34a645545645bb5165a0fbfd94d24fc653519d96175d36d76f7da8,0x3646ae7b521bc95caecc24002e18fb8ea8542745,0x28b1dc1a5e3699a428bc51d234dfab7c9cb2a183,2026-08-14T00:30:05,complex_trace;high_gas_used_context,0x0c307f76,true
25747301,0x4b76a53e9aa0e245fd45435750af90d9507d1d7259a59c5f14ca9241f1597e6e,0x09cfee647fa339133380191c8db6b44f24500c9d,0x3d9846705612c2db47edf659c48034c752f0da99,2026-08-14T00:30:06,complex_trace;high_gas_used_context,0xd47a1a27,false
25747301,0xadc7b880bda21c3e5467e46d29961e3f4468c900b326afd0e011424f166e132e,0x09cfee647fa339133380191c8db6b44f24500c9d,0x77b85afbcd336993ac1c65057531c5a5b33b76b8,2026-08-14T00:30:06,repeated_internal_token_drain;dense_internal_fund_flow;complex_trace;high_gas_used_context;token_activity_burst;repeated_risky_internal_calls,0xa9059cbb,true
25747301,0xee5953178b1eaf2bee17f9dc7dd316d57a138ab30d7b73cf21163af774f72da0,0x9fc3da866e7df3a1c57ade1a97c9f00a70f010c8,0xfeeeeee44046c3f61a8cc081e0918ef0de0a7ffc,2026-08-14T00:30:07,selfdestruct_context,0x6a7df0e3,true
25747302,0x225cc09ec68ef6a9f770a1b1651de9958560e800ca7b221e1bc1105f7d4097f7,0x6ed7821d29b5bb2c897c29d5054b77647958f6e4,0x10f4c55aa15bf3ddcb3b8ac621a8db2649799da3,2026-08-14T00:30:09,large_erc20_asset_flow;complex_trace;high_gas_used_context,0x0389032e,true
25747302,0x7fae8063b4e04d9064e0942ef6f1a82bde02870063e82269553a348a84aa9623,0x5b43453fce04b92e190f391a83136bfbecedefd1,0xbdb3ba9ffe392549e1f8658dd2630c141fdf47b6,2026-08-14T00:30:09,repeated_internal_token_drain;dense_internal_fund_flow;very_complex_trace;high_gas_used_context;token_activity_burst;repeated_risky_internal_calls,0x000000c3,true
25747302,0xaa71afa8c6d2b56376f6b3fedbbb0aed0da155e4f0cd28a2dea6eb997a074c34,0x33cc293738883433ac5194cda6ca6d2f427d9080,0xd9bbcb6f773eaaca9e048941cff6a58cca8e0cb5,2026-08-14T00:30:09,dense_internal_fund_flow;complex_trace;high_gas_used_context;token_activity_burst,0x601881f3,true
25747302,0xcebd7ad7c73394a5f7fa80a0d8049be8bd94a3ae0b5b0030a5cfb5574c12984f,0x5b43453fce04b92e190f391a83136bfbecedefd1,0xbdb3ba9ffe392549e1f8658dd2630c141fdf47b6,2026-08-14T00:30:09,dense_internal_fund_flow;large_erc20_asset_flow,0x000000cc,true
25747302,0x3699751b62737cea1c8ce72426f01bcfcc245cd4223f6ed35231263ac609b664,0x6f371f8438c6c8f284203ba4d90499ff2250fd91,0xd90e2f925da726b50c4ed8d0fb90ad053324f31b,2026-08-14T00:30:10,dense_internal_fund_flow,0x13d98d13,true
25747302,0x90a6f64b15d5a83d25f49d6b83f30dae9e1b841048d20cc896179b369f4f4c83,0xf70da97812cb96acdf810712aa562db8dfa3dbef,0xb92fe925dc43a0ecde6c8b1a2709c170ec4fff4f,2026-08-14T00:30:10,dense_internal_fund_flow;complex_trace,0xcd6e13f7,true
25747302,0xecc29623d678735272026a2ce19ee457d03369a36335486a3d6f2037b22865d6,0x7830c87c02e56aff27fa8ab1241711331fa86f43,0xa9d1e08c7793af67e9d92fe308d5697fb81d3e43,2026-08-14T00:30:10,large_erc20_asset_flow;token_activity_burst,0xca350aa6,true
25747302,0x7e9dd881cfd1262a34c0bc2a41f71610752bd9a1cb2db57c85d3a48bc3c0516d,0xc36ac214a6c250a3ee68f7493da56a778f161680,0x950fd558f47e234a2fde23b7d61f7ccdbcb4a86f,2026-08-14T00:30:11,complex_trace;high_gas_used_context;token_activity_burst,0xdd225095,false
25747302,0xba2ff675d154477800f72f86024c7826ee317f3bf744d0547815e5b986301e59,0x4838b106fce9647bdf1e7877bf73ce8b0bad5f97,0xfeeeeee44046c3f61a8cc081e0918ef0de0a7ffc,2026-08-14T00:30:11,selfdestruct_context,0x6a7df0ef,true
25747302,0xc3fc87f2eea497fa026f9e9e8494f525e957e1dbce009d2865344fd57c2abdf5,0x000000000094b5c2b526354a39adc9f8d447255b,0x00000000000762339537bd0fd01e44f661bd8f67,2026-08-14T00:30:11,complex_trace;high_gas_used_context;token_activity_burst,0x00040000,false
25747303,0x0ff00f2af0a0f93cb2210f631624304e8027b8077d1e964a21c62ba712eef7cc,0xfc9928f6590d853752824b0b403a6ae36785e535,0x81463b0f960f247f704377661ec81c1fd65b5128,2026-08-14T00:30:25,complex_trace;token_activity_burst,0x672c9d20,false
25747303,0x6a1aa8100962f5d46a080961d85b42e3fef4d33a4029c3fb35eab08d40da65b3,0xcb7279f74e3d8980c9c128eb4695723e72b8068b,0x4a9b53480d93167727054f3e310c97e41b84556e,2026-08-14T00:30:27,large_erc20_asset_flow;complex_trace,0x59fbfafd,true
25747303,0x98d7fbb7e97cc6774502df2364351528a3ace92e50a2b523b49f05720ecfb4fd,0xc0ffeebabe5d496b2dde509f9fa189c25cf29671,0xe08d97e151473a848c3d9ca3f323cb720472d015,2026-08-14T00:30:27,complex_trace;high_gas_used_context;token_activity_burst,0x1d23a9c4,false
25747303,0x571a7050d31a1ebaf3bef8dbcba79ff4bf5259f134dfd459585390db2ffc0833,0x0e0052a184fd59c6b7e1e99d739802ecb3aec0e4,0xd82461784eb72d4b67cbab077989eb215315e272,2026-08-14T00:30:29,complex_trace;approval_burst,0x805f7b65,false
25747303,0x97a066380171c5d35d59a44b3e6a36c25854d60e7e3c92231973ecaff9d87569,0x3128a77f4a845b7db9f70c579a070175485b0baa,,2026-08-14T00:30:29,extreme_dex_price_manipulation;complex_trace;high_gas_used_context;selfdestruct_context;contract_creation_context,0x60806040,true
25747303,0x4902878ce31f733818295de15590bfc017d7346493bd16fde2429f58789862ec,0x4838b106fce9647bdf1e7877bf73ce8b0bad5f97,0xfeeeeee44046c3f61a8cc081e0918ef0de0a7ffc,2026-08-14T00:30:30,selfdestruct_context,0x6a7df0fb,true
25747304,0x61b43a16e8c2560a859490b401d1323147bb0a78c66b7c069ff4b06cdf3bf19b,0x72f0a347228689db5f61432d62e4bd97870311c0,0x5af5194b4b0909eb978e3cf1e25333852277f07d,2026-08-14T00:30:36,complex_trace;high_gas_used_context,0x9aefaff8,false
25747304,0xdf49a5c772c9f5df5e998ce64c2a6caabc0793cf33da92a1fe951d293478d91f,0x5b43453fce04b92e190f391a83136bfbecedefd1,0xbdb3ba9ffe392549e1f8658dd2630c141fdf47b6,2026-08-14T00:30:36,complex_trace;high_gas_used_context;token_activity_burst,0x000000c3,false
25747304,0xfea100c21800a8e55dad0c90ed92b29ddbeac544dcf1f962582eb9cfc66a09c0,0x7b49bc3ebbdf7322f31c6449320382bbec3be1b6,0xad3b67bca8935cb510c8d18bd45f0b94f54a968f,2026-08-14T00:30:36,complex_trace;high_gas_used_context;token_activity_burst;approval_burst,0x146ee74d,false
25747304,0xb075f8bf985867756e76302c2884050b351be3d87aa637e42e28374c7ea86fdd,0x37b776425f7f01e9ae72440ddcd8e7885393f597,0xea828da53faa81ada2932d977bf3591b615ad0ec,2026-08-14T00:30:38,complex_trace;high_gas_used_context,0x9265bb9d,false
25747304,0x7a4d93f983fb35e975c3dc723cd1909b87a11ebb71721a7b1cc4ee9bc13d7355,0x4838b106fce9647bdf1e7877bf73ce8b0bad5f97,0xfeeeeee44046c3f61a8cc081e0918ef0de0a7ffc,2026-08-14T00:30:40,selfdestruct_context,0x6a7df107,true
25747305,0xb19598a55f17af69f2d84437c752398d7791802d6d91ca59a7bc225f8f5b7861,0x70e59f9c304e4d5096bd408b571e2dcd99c3120b,0xad3b67bca8935cb510c8d18bd45f0b94f54a968f,2026-08-14T00:30:48,large_erc20_asset_flow;complex_trace;high_gas_used_context;token_activity_burst;approval_burst,0x146ee74d,true
25747305,0xfcf495f1b23a05222484ea501b6f574d99b4ce3fc772d92309df9934385ded52,0xe93685f3bba03016f02bd1828badd6195988d950,0x173272739bd7aa6e4e214714048a9fe699453059,2026-08-14T00:30:48,dense_internal_fund_flow;complex_trace,0x7cd44734,true
25747305,0x39a37110821f563e3c74a155715daf3791fb9086bf06f675b6952e664afddb7d,0xdda3b51e29f9d6fad865c5dd7070d5f7eb57663e,0x8d8210a0252a706cb5de0c6f8e46b6d3692afc19,2026-08-14T00:30:49,complex_trace;high_gas_used_context,0xffc3a769,false
25747305,0x74188d62e8dd25a91780d7ad33a50eb4c6f21abfa9f5e153f8541a129f7b9601,0xec5522fb743e49861b97d0fdd6b688f24d351426,0x99c0fd14247184da15a35d4a2963d8c279a5292a,2026-08-14T00:30:49,large_erc20_asset_flow;complex_trace,0x6a761202,true
25747305,0x8b32007e2150406973719967e6d3301c1e50c781ff118a0bdb3d9fa0577d63bd,0x43b2f01186fda9814c5f40770554ac68fd8304bd,0x5ff6841642bc63072f967666f69857721064c7b6,2026-08-14T00:30:49,dense_internal_fund_flow;token_activity_burst,0x7111a994,true
25747305,0xe48360669621a7578988646adf3f71a840a79b3e3697a2366b05d7f5fcf9c0c1,0x8e7e67f2e6d80ca441b12556f6ffcb800f730b21,0x5b61db1e82ee0ee94a5c1fed019c1ff5bbb9e837,2026-08-14T00:30:49,privileged_execution_context,0x0ecaea73,false
25747305,0x816a7ff7cb24e58bc5f8f693f442035cb1789bea6030a2ac9cf0c14a81d54b66,0x7830c87c02e56aff27fa8ab1241711331fa86f43,0xa9d1e08c7793af67e9d92fe308d5697fb81d3e43,2026-08-14T00:30:50,dense_internal_fund_flow,0x1a1da075,true
25747305,0xbdd75d897aa99836c0cbe0c679edffbe494e60b49df1432bfda948a0f068767d,0x7830c87c02e56aff27fa8ab1241711331fa86f43,0xa9d1e08c7793af67e9d92fe308d5697fb81d3e43,2026-08-14T00:30:50,large_erc20_asset_flow,0xca350aa6,true
25747306,0xd8c706a22ff16cb9e58701780514d9f82b9548cf7f7cd2bd45acde7dfcdac53f,0xbe0b407782a7599380fa726db315340126d62229,0x4d2fb5f8ec243fde4df1a9678b82238570c7e0e4,2026-08-14T00:30:58,repeated_internal_token_drain;dense_internal_fund_flow;complex_trace;high_gas_used_context;token_activity_burst;repeated_risky_internal_calls,0x6a761202,true
25747306,0x03aca539217d2f2a493d305b28db4ddea54c55b50372215ac9f3e90d8542b02b,0x43370330be39d388f6219d8241dc1f76fb9df268,0x0000000071727de22e5e9d8baf0edac6f37da032,2026-08-14T00:30:59,large_erc20_asset_flow,0x765e827f,true
25747306,0x2ef0cb169c9238bdc864087af3be264f492ee131d237548fafed5338fbe67f1d,0x64b230d4d75a8f12fa6c252b1e46c57a196e8833,0xe742f9df04a61ac0a6aea0b87d3c3b96ac6eea88,2026-08-14T00:30:59,dense_internal_fund_flow,0x87614bb9,true
25747306,0x5bd3c84d3c0e086b9a6cc53fd6a88dd1fc67d69385ca5967bb04ce7e8f640006,0x9fc3da866e7df3a1c57ade1a97c9f00a70f010c8,0xfeeeeee44046c3f61a8cc081e0918ef0de0a7ffc,2026-08-14T00:30:59,selfdestruct_context,0x6a7df11f,true
25747306,0xabaa97d20abc90d4cf92c62e246a5cd0180ec40ff7cf2d008c19658efdd97556,0xaaaaa34e4bb04f1c5f5a56d3be9e7637d309bc05,0x00000000008d5f1200332af8a6813cb8377b5bfd,2026-08-14T00:30:59,large_erc20_asset_flow;complex_trace,0x00000011,true
25747307,0x8e6a835c1793d78c3b1e6369691e273c9402642754df41f48a204fad2bd033f2,0xc3314540765678b535692b9e245ea37894db579d,0x66bf74e96900d1a19c7070d939d124f2f565c458,2026-08-14T00:31:06,complex_trace;high_gas_used_context,0xde642119,false
25747308,0x432944a3aab87fffdd0779f08c841e18a7d5da7a351630ce126c2cafefb40c17,0xbee0330ead7ec2a81da3a34c05a1ba86a0c95012,0xbee3211ab312a8d065c4fef0247448e17a8da000,2026-08-14T00:31:27,complex_trace;high_gas_used_context;token_activity_burst,0x4cf3fe9c,false
25747308,0xd6aa371e27a1af7e8d201cadb2ada718e635780bc133010cd4e15380f81221da,0xca7ded7e4f4ba8ab3b10009236ae6d1b95094589,0xb92fe925dc43a0ecde6c8b1a2709c170ec4fff4f,2026-08-14T00:31:27,complex_trace;high_gas_used_context,0xcd6e13f7,false
25747308,0xf4b291b9d690592d0129d140e9429fb7292ccae785a828c0a5a69e976e6a59a9,0x50bf934781f63028c5c8ef49c4affe19a86d99b6,0x8d04cc7e86e687854eb41d9d43512b655b93184b,2026-08-14T00:31:28,complex_trace;selfdestruct_context,0x4a1bf18a,false
25747308,0x3b260f30a5ee8ea662c311c068b8f6544c2ab791d54a082c88bf3dd2cddf96e3,0xdda3b51e29f9d6fad865c5dd7070d5f7eb57663e,0x8d8210a0252a706cb5de0c6f8e46b6d3692afc19,2026-08-14T00:31:30,complex_trace;high_gas_used_context,0xffc3a769,false
25747308,0x4133ce04d92f7fba88a65ea87b6e34a61ed3f0ff9a559d257edc9328d55bd8b4,0x43370402cbeba6ab53fbc8a52894537024a39269,0x0000000071727de22e5e9d8baf0edac6f37da032,2026-08-14T00:31:30,large_erc20_asset_flow,0x765e827f,true
25747308,0x57e94de954f1c24d25f68208fa5b37f32da46c2fb29ce65b2c2b57f092d4d7c4,0x43b2f01186fda9814c5f40770554ac68fd8304bd,0x57b0fc65c0717a6222c9bcc6a9ab540f0a433ec2,2026-08-14T00:31:30,dense_internal_fund_flow;token_activity_burst,0x7111a994,true
25747308,0xb13c592ec8bbc759575900ad80d9ea77c4d4fc2a0bbabc56e40e14f5c50a05df,0x59aab1bd0d26290274398c07b55955c15425e16b,0x00fe78205f5f0e63b8ad2b2ae5337f538a610e04,2026-08-14T00:31:30,complex_trace;high_gas_used_context,0x34fcd5be,false
25747309,0x11279407bcfb55e131fd9fea4a5ba0f45449cc4eff23891a2cae2178107a4edc,0x50bf934781f63028c5c8ef49c4affe19a86d99b6,0x8d04cc7e86e687854eb41d9d43512b655b93184b,2026-08-14T00:31:45,selfdestruct_context,0xb5291b32,false
25747309,0x2b74406452c0673f1e7d2856ba7b0225bfa82f0927c2bbfc7c5957684e3ae2ac,0x50bf934781f63028c5c8ef49c4affe19a86d99b6,0x8d04cc7e86e687854eb41d9d43512b655b93184b,2026-08-14T00:31:45,selfdestruct_context,0xd20b83bb,false
25747309,0x71f91f73e6dbb68464a1ba4e0cca3de971ee9322fefd6951a8f0c38be1514c5b,0x26bc5133eda829913788bcd79bfa439c81f71916,0x1231deb6f5749ef6ce6943a275a1d3e7486f4eae,2026-08-14T00:31:45,dense_internal_fund_flow;complex_trace,0x80c65808,true
25747309,0xef413abf3c6c4a392f3efbcdf0abe376902e8ca3fab14182accc5de6042d4209,0x1105afaf3002a48a305afd631e3cb57277ceb0ea,0x82fc3999151f2a7b0a643ee0156790b19e10cd91,2026-08-14T00:31:45,high_gas_used_context;token_activity_burst,0x8aba6a18,false
25747309,0x273fd9ae701e84c378c230415dc1931c1f1c5f4840825ea02ecb19ea1e5cb3f9,0xe99bd1c2dd70cd58e5efd47887991700e7318ce2,0xad3b67bca8935cb510c8d18bd45f0b94f54a968f,2026-08-14T00:31:46,dense_internal_fund_flow;complex_trace,0x146ee74d,true
25747309,0xf36a40000c38d717531cf4f6a8cdb85bb78aafada9ff7516661bce44d6c0ae53,0x4838b106fce9647bdf1e7877bf73ce8b0bad5f97,0xfeeeeee44046c3f61a8cc081e0918ef0de0a7ffc,2026-08-14T00:31:46,selfdestruct_context,0x6a7df143,true
25747310,0x2d8d0701ac8a4238b15f23b4c329d45e6b3b0811e47674f0fda7a56633be55a9,0x7830c87c02e56aff27fa8ab1241711331fa86f43,0xa9d1e08c7793af67e9d92fe308d5697fb81d3e43,2026-08-14T00:31:56,large_erc20_asset_flow;token_activity_burst,0xca350aa6,true
25747310,0x53937c4dc0b0c4a9944279b8f31aea7492f12c42a56f8d641d617899df1eb1b6,0xd6434d157f254276d69ede3bd9fc805482206908,0x7ec8a30a34b86927dc77b302603d1d53e640bef7,2026-08-14T00:31:57,repeated_internal_token_drain;dense_internal_fund_flow;complex_trace;high_gas_used_context;token_activity_burst;repeated_risky_internal_calls,0xa9059cbb,true
25747310,0x60c17720df111006d11fa205133b8f04b2a0574dc93cce040f1a79d00ed4f81a,0x1584a8ee67789d1fe161065388657ad2f2a3c7dd,0x77eb52e44db06777bce478159f25c0d55a295314,2026-08-14T00:31:57,repeated_internal_token_drain;dense_internal_fund_flow;complex_trace;token_activity_burst;repeated_risky_internal_calls,0xa9059cbb,true
25747310,0x6d2297ae185e16cbcefd3ba8cdc1fb4fc304af0170470a36ae21814230715d6b,0x1105afaf3002a48a305afd631e3cb57277ceb0ea,0x82fc3999151f2a7b0a643ee0156790b19e10cd91,2026-08-14T00:31:57,high_gas_used_context;token_activity_burst,0x8aba6a18,false
25747310,0x9a634e08d6bd9d0ec7254a7e33c2af989816d8cabd094e7e350125ba01a823bb,0xdda3b51e29f9d6fad865c5dd7070d5f7eb57663e,0x8d8210a0252a706cb5de0c6f8e46b6d3692afc19,2026-08-14T00:31:57,complex_trace;high_gas_used_context,0xffc3a769,false
25747310,0xc1a3f3636e98b65d3bed0345a1d7da0abfdd340c412c3ad4264788bfdb7eb387,0x343de4fe545e0bde879a96500700800720f7af32,0xfbc74f4a2b603715c8b4368be062157ea536142d,2026-08-14T00:31:57,large_erc20_asset_flow;complex_trace;high_gas_used_context;token_activity_burst;approval_burst,0x02393416,true
25747310,0x6603541715d05bc925267de6137ba6b9adac13f584be4692a2b5a179084c8a64,0x4838b106fce9647bdf1e7877bf73ce8b0bad5f97,0xfeeeeee44046c3f61a8cc081e0918ef0de0a7ffc,2026-08-14T00:31:58,selfdestruct_context,0x6a7df14f,true
25747310,0x6825cc74f1ffeeb8ccf284ae46db66f561d2ac5f203b8f2ae7ad1630f8ba59ca,0x2e5ef37ade8afb712b8be858fec7389fe32857e2,0x0000000000bbf5c5fd284e657f01bd000933c96d,2026-08-14T00:31:58,large_erc20_asset_flow;complex_trace,0x49af9204,true
25747311,0x07bc587f8ed13a29ebad48e554ffead4cc14536e4324a562b908470b63df77c1,0x5b43453fce04b92e190f391a83136bfbecedefd1,0xbdb3ba9ffe392549e1f8658dd2630c141fdf47b6,2026-08-14T00:32:08,dense_internal_fund_flow;complex_trace;token_activity_burst,0x000000c3,true
25747311,0x90c59460ddd50780824ad51a30cd844ca9ec2aa10a4eb74aa300a1dcbb9da33e,0xd0d08887e8a5b16049534a7f3fc1de92848f5bea,0x6131b5fae19ea4f9d964eac0408e4408b66337b5,2026-08-14T00:32:09,large_erc20_asset_flow;complex_trace;high_gas_used_context,0xe21fd0e9,true
25747311,0xac0df0155bc74b273819ace179f96fa717fd11598d74a82d65598d243ee7daaf,0xc6acbee42e9e323140c1ed060c2f6ea9cc3b4b75,0x7c5a71c9fefbc7691f9d4ac7baf70c743792f716,2026-08-14T00:32:09,selfdestruct_context,0xf3fef3a3,false
25747311,0xfbd00411e718e97c912177b8a17aba07f721b8939d46d9dab10438cd96f132bd,0x1105afaf3002a48a305afd631e3cb57277ceb0ea,0x82fc3999151f2a7b0a643ee0156790b19e10cd91,2026-08-14T00:32:09,high_gas_used_context;token_activity_burst,0x8aba6a18,false
25747311,0x25bcba9df820098f752d73f2c378650a0eb39accc93cb841bd3f455ae2bff11b,0x552b42287c4fe1e913ea9a159b69bd7e9b81ec76,0x87870bca3f3fd6335c3f4ce8392d69350b4fa4e2,2026-08-14T00:32:10,large_erc20_asset_flow;complex_trace,0xa415bcad,true
25747311,0x428581fb5d9772be98f5d3c746c97e25a52c51e67545677eb6bcb1dc2e836be0,0x00de4d8658ab249627286fcf9f920b3078aea4fe,0x1f21d09c65bc8af92634dcd5a100b6d04f0c81c3,2026-08-14T00:32:10,large_erc20_asset_flow;complex_trace,0x2f336f54,true
25747311,0xab5f40cec6f1bea49534c58831f0cb27f55f62c857e04bd7b4c0367a76417948,0x93e22ecd5b8a4da8c0e97d7158c060612e7115a3,0x6566194141eefa99af43bb5aa71460ca2dc90245,2026-08-14T00:32:10,large_erc20_asset_flow;complex_trace,0x374f435d,true
25747311,0xb036157482fcc1481dcd20b616d91c5d83375d9669e1ffc4b269b99d1cc44c8c,0x433702873e33d4846d399a75aaf96eacf181d0b2,0x4337084d9e255ff0702461cf8895ce9e3b5ff108,2026-08-14T00:32:10,dense_internal_fund_flow;complex_trace,0x765e827f,true
25747311,0xc948dc80dd95efbeb8310bd681aecfdbe8946c795f2666c2681495cfcef24123,0x2a691723fa94b2e38c1cda37dc64c7298f73378d,0x6566194141eefa99af43bb5aa71460ca2dc90245,2026-08-14T00:32:10,large_erc20_asset_flow;complex_trace,0x374f435d,true
25747311,0xcae8d8df7c71bffb3fa09ac614c7493cc0f89209e388e4db326dcc1ce308aca5,0x4838b106fce9647bdf1e7877bf73ce8b0bad5f97,0xfeeeeee44046c3f61a8cc081e0918ef0de0a7ffc,2026-08-14T00:32:10,selfdestruct_context,0x6a7df15b,true
25747312,0x49ded774cea9d2439201f597a1959abfb76e35a41c7dd2d33f6bdd495f010229,0x08fee7a8db1b649e97961c65e90076d8a295d185,0x0000000000000068f116a894984e2db1123eb395,2026-08-14T00:32:21,complex_trace;high_gas_used_context,0x87201b41,false
25747312,0xfe09c5c05bccfdb80200ace2e407f159b4666681db4b85c755096c86c561dd65,0x70e59f9c304e4d5096bd408b571e2dcd99c3120b,0xad3b67bca8935cb510c8d18bd45f0b94f54a968f,2026-08-14T00:32:21,complex_trace;high_gas_used_context;token_activity_burst;approval_burst,0x146ee74d,false
25747312,0x1a533804658809c13506c96dd325332a0688540d17da78f2ad4b6e99433fc0e0,0x59aab1bd0d26290274398c07b55955c15425e16b,0x00fe78205f5f0e63b8ad2b2ae5337f538a610e04,2026-08-14T00:32:22,complex_trace;high_gas_used_context,0x34fcd5be,false
25747312,0xd0b93928eff89dddc29e2c7fd74169b67507cc983e5149fe68e3cea78d91e431,0x1105afaf3002a48a305afd631e3cb57277ceb0ea,0x82fc3999151f2a7b0a643ee0156790b19e10cd91,2026-08-14T00:32:22,high_gas_used_context;token_activity_burst,0x8aba6a18,false
25747313,0x88045372d18b751f164f5467f2af6b403e3e1861031a41a7c772eb9836f2f940,0x1105afaf3002a48a305afd631e3cb57277ceb0ea,0x82fc3999151f2a7b0a643ee0156790b19e10cd91,2026-08-14T00:32:33,high_gas_used_context;token_activity_burst,0x8aba6a18,false
25747313,0xa195fbaf4a8c15ece305cb09812dbb57daa58047fd017f2b89c1c203e0157ff0,0x8cdd5b195f0b0922ced3a8feafa80ede9ebe0299,0xf75584ef6673ad213a685a1b58cc0330b8ea22cf,2026-08-14T00:32:33,large_mint_to_sender;privileged_execution_context;complex_trace;high_gas_used_context,0xb94c3609,true
25747313,0x7b1b18689bc175762d56a503356b8cec4c93ec230fa032b2981454d1c526913d,0x4838b106fce9647bdf1e7877bf73ce8b0bad5f97,0xfeeeeee44046c3f61a8cc081e0918ef0de0a7ffc,2026-08-14T00:32:35,selfdestruct_context,0x6a7df173,true
25747313,0x93b609b7c92d4abdadd1a79df2f04aab1a78ea2f0b4130b9e25dc3bafb1d4a92,0x09cfee647fa339133380191c8db6b44f24500c9d,0x77b85afbcd336993ac1c65057531c5a5b33b76b8,2026-08-14T00:32:35,repeated_internal_token_drain;dense_internal_fund_flow;complex_trace;high_gas_used_context;token_activity_burst;repeated_risky_internal_calls,0xa9059cbb,true
25747314,0xf631789cea58861aa2bb814da0d9080d5f044cd05a7caa160c3742547d21bf59,0x8b5606469e21c75edd7c74d1c7a65824675d9aff,0x9ccc2f3ecde026230e11a5c8799ac7524f2bb294,2026-08-14T00:32:43,large_erc20_asset_flow;complex_trace,0x1bc74526,true
25747314,0x18bc83658f1d15358247ff342277b86bf7014592bb090e8d46adfd9b57405b77,0x59aab1bd0d26290274398c07b55955c15425e16b,0x00fe78205f5f0e63b8ad2b2ae5337f538a610e04,2026-08-14T00:32:44,complex_trace;high_gas_used_context,0x34fcd5be,false
25747314,0x34d521f35885ef0af7b11d7c17460435c380b16dbc48f7a2fdf28b532c4479f8,0x05d9f7a3d68f70ac571bafd3665ceda76a492f26,0xbca3039a18c0d2f2f84ba8a028c67290bc045afa,2026-08-14T00:32:44,large_erc20_asset_flow;complex_trace,0xec8acddf,true
25747314,0x8afcc58d63d7abe6c479578dd16bacfd634630f689b7218b5b6e792fdfea32ad,0x8ba7c68c57ffd58c51a795c48c5ceab8c90718db,0x337685fdab40d39bd02028545a4ffa7d287cc3e2,2026-08-14T00:32:44,dense_internal_fund_flow;complex_trace,0x30dedc57,true
25747314,0x9ba9d54da74dd529d907f179e0e724751063b5ff1edecf0eee9ce4d50c915ca3,0xe0b5d8c61c864244f59b307d3efd01ef259d5d83,0x03f34be1bf910116595db1b11e9d1b2ca5d59659,2026-08-14T00:32:44,dense_internal_fund_flow;complex_trace,0xe47d166c,true
25747314,0xc62d8beef4f67236af53f5c1c70ccfe960ad26db0b7fb95525fd96750945ec3f,0x1105afaf3002a48a305afd631e3cb57277ceb0ea,0x82fc3999151f2a7b0a643ee0156790b19e10cd91,2026-08-14T00:32:44,high_gas_used_context;token_activity_burst,0x8aba6a18,false
25747314,0xfea2f7019fa0ec8d66247581be898c8b2f96a2921509714a6fe5aeff854be415,0x923489cbb30f861fa60bae5c5c4e8e81bc13caf9,0xde6e1f680c4816446c8d515989e2358636a38b04,2026-08-14T00:32:44,large_erc20_asset_flow;complex_trace,0x2b83cccd,true
25747315,0x8cf7899eef957007cc3c75b541c93264386727359c606176d581c224621c8da5,0x1fb443c35ca039edfe7a4d43f676d8815ced4d5d,0x06fd4eb2f2def33c1820444981b81c96f45df0fb,2026-08-14T00:32:50,large_erc20_asset_flow;complex_trace,0xd0f2d8ac,true
25747315,0xa33507f0932f25be530800dd39523d928967ca1ea5d77424b91351a917bbe0f7,0x7830c87c02e56aff27fa8ab1241711331fa86f43,0xa9d1e08c7793af67e9d92fe308d5697fb81d3e43,2026-08-14T00:32:50,dense_internal_fund_flow,0x1a1da075,true
25747315,0xc03c68877aebd38c510cdfcd13d5887b81a86a5fa3531bfecdcdb188061da64e,0x7830c87c02e56aff27fa8ab1241711331fa86f43,0xa9d1e08c7793af67e9d92fe308d5697fb81d3e43,2026-08-14T00:32:50,large_erc20_asset_flow;token_activity_burst,0xca350aa6,true
25747315,0x44ab744261a2e74ca28cd89acbfe8ae6d7388561b8b6822015fd336482f99563,0x595caa1ce7d8cb5df54c017d07d86ed0e24a3b2c,0x6338afee3ff32599bff2ce3d8b7604bd6d6a41a7,2026-08-14T00:32:51,dense_internal_fund_flow;large_erc20_asset_flow;complex_trace,0xbc73ddf0,true
25747315,0x5235e40883dd38977bbccd6d9c61a60261873b414e51c8f81ab8ec633a04a0c8,0x09296c227262eb48d74fb7ae456e5b23c2a0e8a9,0x0439e60f02a8900a951603950d8d4527f400c3f1,2026-08-14T00:32:51,dense_internal_fund_flow;complex_trace,0x3ce33bff,true
25747315,0x7c2ec553d22c963b2f5dba440ca01fc9d49bd5af5e846639c0ed509ec6ca6f56,0xe99bd1c2dd70cd58e5efd47887991700e7318ce2,0xad3b67bca8935cb510c8d18bd45f0b94f54a968f,2026-08-14T00:32:51,complex_trace;high_gas_used_context;token_activity_burst;approval_burst,0x146ee74d,false
25747315,0x971d5baff8e6f3a3cef709f561c109c37656ed941d4d854ed80f83503304a52f,0x8cc8c0cb623072cd9332e11fe29d03cfbbc8065d,0x6338afee3ff32599bff2ce3d8b7604bd6d6a41a7,2026-08-14T00:32:51,dense_internal_fund_flow;large_erc20_asset_flow,0xbc73ddf0,true
25747315,0xee2db155fb0a507681035fc3ea4b39716df362146d537e5ea5d53d5472feabab,0x8b5606469e21c75edd7c74d1c7a65824675d9aff,0x9ccc2f3ecde026230e11a5c8799ac7524f2bb294,2026-08-14T00:32:52,large_erc20_asset_flow;complex_trace,0x1bc74526,true
25747316,0x1a00d09b5eb5930f361eb29198e57d6da490c945eff1a3659cde05c1cedd7f97,0x85013cb901b041f421e35c839658af951a30f21a,0x94e7a5dcbe816e498b89ab752661904e2f56c485,2026-08-14T00:33:01,large_erc20_asset_flow;complex_trace,0xac9650d8,true
25747316,0x5b7353234b0a8b04eb6c0001532d7c293aff7d69e676d68eb99fad42ca8ed647,0x1105afaf3002a48a305afd631e3cb57277ceb0ea,0x82fc3999151f2a7b0a643ee0156790b19e10cd91,2026-08-14T00:33:01,high_gas_used_context;token_activity_burst,0x8aba6a18,false
25747316,0xee0d2b67992961f3304dff1193e87697d5b115a8239a2df454099029169180ab,0x43b2f01186fda9814c5f40770554ac68fd8304bd,0x1bd4b947a1b51284293a858fe0944a565e4c8946,2026-08-14T00:33:01,dense_internal_fund_flow;token_activity_burst,0x7111a994,true
25747316,0x2fd3444138ec20159fb727e10bdea98cfda55311bdf2b5ac6ecea347893d3532,0xf7c5ec74dff2fbc1edd907bf377a784427e9e935,0x40a1fe393a7f566f27df6ace18e6773be844dafc,2026-08-14T00:33:02,complex_trace;high_gas_used_context;token_activity_burst,0xedad400c,true
25747316,0x63b7d4ccd3d29f2ba4227a81a8fd11a19f0423b48960b0d9a431f5c03b96055c,0x1584a8ee67789d1fe161065388657ad2f2a3c7dd,0x77eb52e44db06777bce478159f25c0d55a295314,2026-08-14T00:33:02,repeated_internal_token_drain;dense_internal_fund_flow;complex_trace;token_activity_burst;repeated_risky_internal_calls,0xa9059cbb,true
25747316,0x8c0bee428ba137d064807e7f97796ba2ec0878e685148f066a8a3707b937dd9e,0x09cfee647fa339133380191c8db6b44f24500c9d,0x3d9846705612c2db47edf659c48034c752f0da99,2026-08-14T00:33:02,complex_trace;high_gas_used_context,0xd47a1a27,false
25747316,0x8ccf21701902f79f1e6607a7717b1b35173a12600af5270bdf748c0b2f083a54,0x4838b106fce9647bdf1e7877bf73ce8b0bad5f97,0xfeeeeee44046c3f61a8cc081e0918ef0de0a7ffc,2026-08-14T00:33:02,selfdestruct_context,0x6a7df197,true
25747316,0x107670a6ee0e86bbbe72a73e98ceba6c4a6616e55b14bab2877ad82bc2d7ca95,0x283504f935274046827e023fafc74b328c9c06f1,0xd1a557fe9d49d047a2318c05a13523e4b9e56e09,2026-08-14T00:33:04,large_erc20_asset_flow;complex_trace,0xc92cf3c1,true
25747316,0x24890519714162b3f85be8e33ac49e8036ff74c2b5185630c2ef1f63cdfa8e20,0x4838b106fce9647bdf1e7877bf73ce8b0bad5f97,0xfeeeeee44046c3f61a8cc081e0918ef0de0a7ffc,2026-08-14T00:33:04,selfdestruct_context,0x6a7df197,true
25747316,0x26abcc6c6f57e162cb5ac8754d6469d9eb96e6de07c0d4a8ecad93369c3cbf98,0x59aab1bd0d26290274398c07b55955c15425e16b,0x00fe78205f5f0e63b8ad2b2ae5337f538a610e04,2026-08-14T00:33:04,complex_trace;high_gas_used_context;token_activity_burst,0x34fcd5be,false
25747316,0x32e0d94780a59f789f0a304c35bac29be1dc2dae0a2743a35f74cde335554365,0x59aab1bd0d26290274398c07b55955c15425e16b,0x00fe78205f5f0e63b8ad2b2ae5337f538a610e04,2026-08-14T00:33:04,complex_trace;high_gas_used_context,0x34fcd5be,false
25747317,0xaf73ff3a02f4d6d50de0a6324d542fb7db1ec569fc1fc00a749cc655f7964799,0xc6acbee42e9e323140c1ed060c2f6ea9cc3b4b75,0x7c5a71c9fefbc7691f9d4ac7baf70c743792f716,2026-08-14T00:33:14,selfdestruct_context,0xf3fef3a3,false
25747317,0xf433d8e59d3e80859db45bbd29b48971d6dc91b927560750b374cf8b5ff3d59c,0x1105afaf3002a48a305afd631e3cb57277ceb0ea,0x82fc3999151f2a7b0a643ee0156790b19e10cd91,2026-08-14T00:33:15,high_gas_used_context;token_activity_burst,0x8aba6a18,false
25747318,0xdd7555cea27dfbaed41f2646558edf62ce7a2be768ba20aac750b9328e329612,0xada5bb90d0de0bd1b6f3938708f49295a8d1f7cb,0xccc88a9d1b4ed6b0eaba998850414b24f1c315be,2026-08-14T00:33:31,complex_trace;high_gas_used_context,0x0a2b8f36,false
25747318,0x0fd02fab2a1d506cb23c61125fda79ccbb79923e7fd7284c494c891a3369dd23,0x1105afaf3002a48a305afd631e3cb57277ceb0ea,0x82fc3999151f2a7b0a643ee0156790b19e10cd91,2026-08-14T00:33:32,high_gas_used_context;token_activity_burst,0x8aba6a18,false
25747318,0xd4a44d1862424f322620878caf3b624431536758321aae10492aaa07224dc3b5,0xf279dfcdd57e1571c95e2c5b7e2ee453cbcdf77f,0x0000000071727de22e5e9d8baf0edac6f37da032,2026-08-14T00:33:32,complex_trace;high_gas_used_context,0x765e827f,false
25747318,0x9d5481b03c93883ae208abaa97760c3bb62b7af7a045e235ad98040f3891a30e,0x63259a528b9186992e55b265b2bd05eee8df64e1,0xca11bde05977b3631167028862be2a173976ca11,2026-08-14T00:33:33,large_erc20_asset_flow,0x174dea71,true
25747318,0x6afbe7548bfa988392acacaf2508dd6a0de8a356fd7f5ea05f5fa2c3c8711c11,0xd236cbcf5125e08bb09f6d81a306235cadf3b8ad,0xdb9b1e94b5b69df7e401ddbede43491141047db3,2026-08-14T00:33:34,large_erc20_asset_flow;complex_trace,0xcef6d209,true
25747319,0x5a9c879988280be81a43c00e0fbf554d28a7e96a74a48340d32f96a8dd1b1eb5,0x1fb443c35ca039edfe7a4d43f676d8815ced4d5d,0x06fd4eb2f2def33c1820444981b81c96f45df0fb,2026-08-14T00:33:54,large_erc20_asset_flow;complex_trace,0xd0f2d8ac,true
25747319,0x0f56649be06969d34b6e81309e299256d113cd0d770ce5b8a80d4a69404f3c7f,0xd059075bf71107c56522b60354feb51edd1654bf,0x6131b5fae19ea4f9d964eac0408e4408b66337b5,2026-08-14T00:33:55,complex_trace;high_gas_used_context,0xe21fd0e9,true
25747319,0xc742520d6138cab31ba20daa50323c4a235d07ee06065a88aed004448782f44d,0x04608825ac3ee22be15bd80fbf31aa570393087d,0x881d40237659c251811cec9c364ef91dc08d300c,2026-08-14T00:33:55,large_erc20_asset_flow;complex_trace;token_activity_burst,0x5f575529,true
25747319,0x6ff78a8a68d5712391a71dfbb03e6fc945a20e62c407380c68a735da917d4098,0x97e94ae5a07f015751a9b9959c007c6759b44930,0xa5e58ea2b2da052507b061eefd8d5d5c3e00958e,2026-08-14T00:33:56,complex_trace;high_gas_used_context,0x873f371c,false
25747319,0xbccf76274be04ef82825e86085fb0adb9f4a5be1c53b829073fc1fb220994baf,0x1105afaf3002a48a305afd631e3cb57277ceb0ea,0x82fc3999151f2a7b0a643ee0156790b19e10cd91,2026-08-14T00:33:56,high_gas_used_context;token_activity_burst,0x8aba6a18,false
25747320,0x4ad93deceb4e669a3a0adfaff4bf7ac983df060bcb207673d4bbd545a0c1897a,0x7830c87c02e56aff27fa8ab1241711331fa86f43,0xa9d1e08c7793af67e9d92fe308d5697fb81d3e43,2026-08-14T00:34:03,dense_internal_fund_flow,0x1a1da075,true
25747321,0x7db90b2bc82b33d5863951b05227c6c02945b51e719f9196fdd60d5c7ca5220f,0x1fb443c35ca039edfe7a4d43f676d8815ced4d5d,0x06fd4eb2f2def33c1820444981b81c96f45df0fb,2026-08-14T00:34:16,large_erc20_asset_flow;complex_trace,0xd0f2d8ac,true
25747321,0x6faced15f71f4ca0d27068887c8589a0d2789f6e1ffe2e17f82ef1be6a8124b8,0x654fae4aa229d104cabead47e56703f58b174be4,0x000000000035b5e5ad9019092c665357240f594e,2026-08-14T00:34:17,large_erc20_asset_flow;complex_trace,0x00000004,true
25747321,0xc9f9185afbfe4b1ebe7312efb15d72886613a2840cbe0c9be492dc7212d56b22,0x654fae4aa229d104cabead47e56703f58b174be4,0x000000000035b5e5ad9019092c665357240f594e,2026-08-14T00:34:17,large_erc20_asset_flow;complex_trace,0x00000004,true
25747321,0x2d326a8e0bc919f26307dc6c50732e3d22f799c1d8626f4e5d1d7b2b7c975103,0xe20446cccbfd5f9038e747f1dea8016ecbd94ae5,0x442be06bb5d13711a22ccd3fa382b72a874c5135,2026-08-14T00:34:18,privileged_execution_context;complex_trace,0xf7b5c341,false
25747321,0x743e545565914bedda07427d9c4780ca9a5bf50ce4ed892e72f675d4f2208165,0x1105afaf3002a48a305afd631e3cb57277ceb0ea,0x82fc3999151f2a7b0a643ee0156790b19e10cd91,2026-08-14T00:34:18,high_gas_used_context;token_activity_burst,0x8aba6a18,false
25747321,0x8d640e5739e1a0e667106344921b8c6f0b189a1a10453b9ad5e28a730445b747,0xf279dfcdd57e1571c95e2c5b7e2ee453cbcdf77f,0x0000000071727de22e5e9d8baf0edac6f37da032,2026-08-14T00:34:18,complex_trace;high_gas_used_context,0x765e827f,false
25747321,0x0827a78205383092172de907544c5bdc50dbd9ccd6a6a5033e0c43d6309fdcd7,0x343de4fe545e0bde879a96500700800720f7af32,0xfbc74f4a2b603715c8b4368be062157ea536142d,2026-08-14T00:34:19,large_erc20_asset_flow;complex_trace;high_gas_used_context;token_activity_burst;approval_burst,0x02393416,true
25747321,0x265a0ad3364da09b5624b2395e559dcfcf449cb2347c81cbe36ee4370c704863,0x93e22ecd5b8a4da8c0e97d7158c060612e7115a3,0xccc88a9d1b4ed6b0eaba998850414b24f1c315be,2026-08-14T00:34:19,large_erc20_asset_flow;complex_trace,0xf9e4bab4,true
25747321,0x7392839dcad0e04a1ab0ff35506d2f6546590c7d803fbc7af65fe03fc9ecea08,0xdda3b51e29f9d6fad865c5dd7070d5f7eb57663e,0x8d8210a0252a706cb5de0c6f8e46b6d3692afc19,2026-08-14T00:34:19,complex_trace;high_gas_used_context,0xffc3a769,false
25747321,0x3d333a1fc5b942b08c0c7a1df064b67abda8af0761c8cfb534d284ca2e3c5c92,0xed1261a3c2b6759c52d9dcba180eba8d8c4de6c8,0x337685fdab40d39bd02028545a4ffa7d287cc3e2,2026-08-14T00:34:20,dense_internal_fund_flow;complex_trace,0xfa74fd43,true
25747321,0xc6eefef8b78383da4ce83d14085243678b53232f95a434e9e6af9da2e6333615,0x1584a8ee67789d1fe161065388657ad2f2a3c7dd,0x77eb52e44db06777bce478159f25c0d55a295314,2026-08-14T00:34:20,repeated_internal_token_drain;dense_internal_fund_flow;complex_trace;token_activity_burst;repeated_risky_internal_calls,0xa9059cbb,true
25747321,0xe3e1ce4a8f7d90775b09bc63935ccb1af73f02819dfeab6cf122065711702e4a,0x49e1bf431e9bbbd8e57afcd21ccac3f30e7d98d3,0x28b1dc1a5e3699a428bc51d234dfab7c9cb2a183,2026-08-14T00:34:20,complex_trace;high_gas_used_context;token_activity_burst,0xf2c42696,true
25747322,0x495f95817676b347bdda5fbba063fa3236f6f018d3274e3f0d18abf64244ec2d,0x7a35f5dcd3faa4bd617b7d7c3cc9b9ea6353291f,0xc3a8702bc57e0b787bd62d429a993265f596be1e,2026-08-14T00:34:42,large_erc20_asset_flow;privileged_execution_context;complex_trace,0xc6fe8747,true
25747322,0x8125af72cff712c32bb59f62b0c3d9b3a32fae3e6006fd7843fcdae8e1bcf128,0x7830c87c02e56aff27fa8ab1241711331fa86f43,0xa9d1e08c7793af67e9d92fe308d5697fb81d3e43,2026-08-14T00:34:42,large_erc20_asset_flow,0xca350aa6,true
25747322,0x019e234f5d52263ae71ef62333f164cc78a638cc65614fd7cc996af977b60887,0xde992badd92adaf9146255e9bde6a70770973664,0x3d0f22bf11636cc9cb129e2b261eed35a487455c,2026-08-14T00:34:43,complex_trace;high_gas_used_context,0xa9059cbb,false
25747322,0x46b6938436765ecbee8476e450219d996bf7fd10c4b6e0b4679f1026a1366f61,0xde992badd92adaf9146255e9bde6a70770973664,0x3d0f22bf11636cc9cb129e2b261eed35a487455c,2026-08-14T00:34:43,complex_trace;high_gas_used_context,0xa9059cbb,false
25747322,0x9e9736254a3e9aebdbb22a39f54015bd324761e33d4c572d68988ff18d940982,0xde992badd92adaf9146255e9bde6a70770973664,0x3d0f22bf11636cc9cb129e2b261eed35a487455c,2026-08-14T00:34:43,complex_trace;high_gas_used_context,0xa9059cbb,false
25747322,0xc8da9695d6080e3938936430da91b8b0120605d4a47a4a55b7a0f99b16c3b94a,0xe487832018fbd594c84f1db3dfac61cde98a5f36,0x91ff8bbd8ebb07893010d50a48a1609e5ebd8e34,2026-08-14T00:34:43,complex_trace;high_gas_used_context,0x069d1525,false
25747322,0xdd488939a21de90451c60392bb00821599c6ef0bc02be5bbfe91a0cfc0107439,0x7f62738da9c9a59922f9eeae269a835826ca9855,0x6566194141eefa99af43bb5aa71460ca2dc90245,2026-08-14T00:34:43,large_erc20_asset_flow;complex_trace,0x374f435d,true
25747322,0x22565168df3b66c57cfbac6b586960a647349688e6d0b876c7da0cbc75a2ce7e,0xd236cbcf5125e08bb09f6d81a306235cadf3b8ad,0xdb9b1e94b5b69df7e401ddbede43491141047db3,2026-08-14T00:34:45,large_erc20_asset_flow;complex_trace,0xcef6d209,true
25747323,0xdbad9101727780fb84a578aa3121edb31df3bdb7e7786296dd2ce6d9ce8859d4,0x47655c3b13dd14a54f8ae3cf17cfda12f7f91cd7,0x6a000f20005980200259b80c5102003040001068,2026-08-14T00:35:28,dense_internal_fund_flow;large_erc20_asset_flow;complex_trace,0xe3ead59e,true
25747323,0xf398020fda614b2819b7d7a5cf6932743d34f616a093d545a6d8ab6fdf3b8e70,0x834d10cef4e5a75d3edddcbb1c5a94f8094e5713,0xd226997439ecfbeff8e110c8c78c8a7eefd19f89,2026-08-14T00:35:29,large_erc20_asset_flow;complex_trace,0x99999999,true
25747323,0x21095730536177de6da731d057e561d9ec63125c4ba173c67e5a50b6507c188f,0x65d9cd0d097d0202f6821e1624372ef0f742e6a1,0x881d40237659c251811cec9c364ef91dc08d300c,2026-08-14T00:35:32,complex_trace;high_gas_used_context;token_activity_burst,0x5f575529,true
25747324,0x2b2f9326aa4f8d848aa5f755ae5f4af1b5d7ae6899c93ff68ff4f9d9137b518c,0x1d425d5c3fe77f5f91f5582f2a98d4a94cb0549b,0x28b1dc1a5e3699a428bc51d234dfab7c9cb2a183,2026-08-14T00:35:44,dense_internal_fund_flow;large_erc20_asset_flow;complex_trace,0x0c307f76,true
25747324,0x5b12100cb13a0908586bc385343b195da542287d81583e65c661d4acc6be83cf,0x1105afaf3002a48a305afd631e3cb57277ceb0ea,0x82fc3999151f2a7b0a643ee0156790b19e10cd91,2026-08-14T00:35:48,high_gas_used_context;token_activity_burst,0x8aba6a18,false
25747324,0x2192599043489f84dad2f2ab64ededddc4ba5708fcf3728ec3ed34cb8a6a3257,0x43b2f01186fda9814c5f40770554ac68fd8304bd,0x5ff6841642bc63072f967666f69857721064c7b6,2026-08-14T00:35:49,dense_internal_fund_flow;token_activity_burst,0x7111a994,true
25747324,0x4b1f1477398690ad44dbbfe204e79a21050df956c8ee6dcdec5d85b79effaad2,0x50fe5b3092dec443a0f641ccef83d6bd7603e6b7,0x6ad038ca6c04e885630851278ca0a856ad9a66cc,2026-08-14T00:35:49,large_erc20_asset_flow,0x50921b23,true
25747325,0x1ea32eadba880f516a91ad58bd2c0e3756d522cdc71365b36ded6cd937e1999a,0x09a591f0e4fa0abac08f05bc0916c51ee34c1a1b,0x5cb16a393b9b43c590953b51058edab1bde0f5fa,2026-08-14T00:36:22,dense_internal_fund_flow,0x501d976c,true
25747325,0x447d2512ae4899a4ce4c524f60a3dc3bfa84af4795ebf75ef175de00ceeb276f,0x1105afaf3002a48a305afd631e3cb57277ceb0ea,0x82fc3999151f2a7b0a643ee0156790b19e10cd91,2026-08-14T00:36:22,high_gas_used_context;token_activity_burst,0x8aba6a18,false
25747325,0x5fbe1dea8be9707e92625490237d07fdbb6e7a37db6cce8be2ca85cc7b6d7d14,0x8e7e67f2e6d80ca441b12556f6ffcb800f730b21,0x5b61db1e82ee0ee94a5c1fed019c1ff5bbb9e837,2026-08-14T00:36:22,privileged_execution_context,0x0ecaea73,false
25747325,0x07b6a13138163eeeb11f717428179d336383ae9d690f6f615f8bc33f094e6575,0x7830c87c02e56aff27fa8ab1241711331fa86f43,0xa9d1e08c7793af67e9d92fe308d5697fb81d3e43,2026-08-14T00:36:23,large_erc20_asset_flow;token_activity_burst,0xca350aa6,true
25747325,0x0d06c5f4d1d089f59185bef8d2a89d52d2d41af43e320f849ef9a35065e895fd,0xb1b2d032aa2f52347fbcfd08e5c3cc55216e8404,0xb44446b0c8e56988c34f7ff73ae904982b5fdda5,2026-08-14T00:36:23,dense_internal_fund_flow;complex_trace,0xad43f73d,true
25747325,0x49fa4a5082dcd13f282d9b7a061d767dd0386c424367fae70025dd14761aa41f,0x7a4b19c2f1cc045e8084d95f6afa2c2bcc14adae,0xf0bc39fc911f6437c84d16188dd8294f7110f451,2026-08-14T00:36:23,large_erc20_asset_flow;complex_trace,0x49c0fb89,true
25747325,0x929139a76f1f45c919d782234bceb735c0c2142a41823c82f7acfa8ef7ba839d,0x7830c87c02e56aff27fa8ab1241711331fa86f43,0xa9d1e08c7793af67e9d92fe308d5697fb81d3e43,2026-08-14T00:36:23,dense_internal_fund_flow,0x1a1da075,true
25747325,0x838f85896872616cc4869745866835d17166f504b343c9cfe1a517f706c27f8a,0x1584a8ee67789d1fe161065388657ad2f2a3c7dd,0x77eb52e44db06777bce478159f25c0d55a295314,2026-08-14T00:36:25,repeated_internal_token_drain;dense_internal_fund_flow;complex_trace;token_activity_burst;repeated_risky_internal_calls,0xa9059cbb,true
25747325,0xd829e7f6da03792cc1f84c4283122fb6fd343feb527c5f2e0093d70c829dd880,0xfbe231b15abd6cc692384e260cca430a16e70d2d,0xae563e3f8219521950555f5962419c8919758ea2,2026-08-14T00:36:25,large_erc20_asset_flow;complex_trace,0x19c6989f,true
25747325,0x8b9e66cc0ae8d6ae917adaa4842982687723532ed81692022b891875dba9fff3,0x9fc3da866e7df3a1c57ade1a97c9f00a70f010c8,0xfeeeeee44046c3f61a8cc081e0918ef0de0a7ffc,2026-08-14T00:36:27,selfdestruct_context,0x6a7df203,true
25747326,0x101e8e4f20c54ca0cbbc5f81dadfcfa2f79ff3a86175670cb90ac243f3827729,0x1105afaf3002a48a305afd631e3cb57277ceb0ea,0x82fc3999151f2a7b0a643ee0156790b19e10cd91,2026-08-14T00:36:33,high_gas_used_context;token_activity_burst,0x8aba6a18,false
25747326,0xddd3bebd23b039b44db0f5b97a9b25bdce0a4462c31d11cf56e06193df2efa7a,0x43627ed313b783200d7fd4b0622aaf7117700fdc,0x6131b5fae19ea4f9d964eac0408e4408b66337b5,2026-08-14T00:36:33,dense_internal_fund_flow;complex_trace,0xe21fd0e9,true
25747326,0x837dca445d0f194438f2be6b449d1f509d5bbf5c38906f80d87adbaa85cba0b8,0x70e59f9c304e4d5096bd408b571e2dcd99c3120b,0xad3b67bca8935cb510c8d18bd45f0b94f54a968f,2026-08-14T00:36:35,large_erc20_asset_flow;complex_trace;high_gas_used_context;token_activity_burst;approval_burst,0x146ee74d,true
25747326,0x85597c20fc07a1823a584016a584ca64e18d1ab66ffcc3ebac2137ebf6272df1,0x4838b106fce9647bdf1e7877bf73ce8b0bad5f97,0xfeeeeee44046c3f61a8cc081e0918ef0de0a7ffc,2026-08-14T00:36:35,selfdestruct_context,0x6a7df20f,true
25747326,0x9ed7afb01755812286c86b98f28d668a48f2cb62f134f2a83e49bd5a74793907,0x8edd586ac9ad0e4fea921448b11530b2f06879c8,0x97f021f8d1cb43b35d65be276bbedcf6ef7dbc2d,2026-08-14T00:36:35,complex_trace;approval_burst,0xee72c09a,true
25747327,0xa16a4d7e7364e7e5b58ad36f577aea265765022ea194bfd4a9186436bcefdc0a,0x1105afaf3002a48a305afd631e3cb57277ceb0ea,0x82fc3999151f2a7b0a643ee0156790b19e10cd91,2026-08-14T00:36:56,high_gas_used_context;token_activity_burst,0x8aba6a18,false
25747327,0x25e2c96d8e187936c5f3a8c5ffb788f8fa5dd8d82e3b56d0844aa4dbf43c8f5b,0x76720e4e8cc58a24ede49cc1d9906828cda4bd5e,0x1231deb6f5749ef6ce6943a275a1d3e7486f4eae,2026-08-14T00:36:57,dense_internal_fund_flow;complex_trace,0x736eac0b,true
25747327,0x0b34f663c7306ff9188a318a27b387481ed522943a99dd5add6dc22f85846c0c,0x8b5606469e21c75edd7c74d1c7a65824675d9aff,0x9ccc2f3ecde026230e11a5c8799ac7524f2bb294,2026-08-14T00:36:58,large_erc20_asset_flow;complex_trace,0x1bc74526,true
25747327,0x1562295aa8baa263a2858ac7b22894a5a2183115718865cb2075e36b232804a1,0xfbe231b15abd6cc692384e260cca430a16e70d2d,0xae563e3f8219521950555f5962419c8919758ea2,2026-08-14T00:36:58,large_erc20_asset_flow;complex_trace,0x19c6989f,true
25747327,0x124e7dc6b89955a561ef4849fb0484e3d0244952e2ab32ef253fe363b279e075,0x59aab1bd0d26290274398c07b55955c15425e16b,0x00fe78205f5f0e63b8ad2b2ae5337f538a610e04,2026-08-14T00:36:59,complex_trace;high_gas_used_context,0x34fcd5be,false
25747327,0x76baabc49fe3cfba3339385cd069c1ae71925cbd3f62fa8bce06ac22737e6c3a,0x59aab1bd0d26290274398c07b55955c15425e16b,0x00fe78205f5f0e63b8ad2b2ae5337f538a610e04,2026-08-14T00:36:59,complex_trace;high_gas_used_context,0x34fcd5be,false
25747327,0xa77ca5195aa9b76afaf956a4da47c09016e820957acce8e7c44e8d68d7cfa34f,0x4838b106fce9647bdf1e7877bf73ce8b0bad5f97,0xfeeeeee44046c3f61a8cc081e0918ef0de0a7ffc,2026-08-14T00:37:00,selfdestruct_context,0x6a7df21b,true
25747328,0xb56db0146ed0941c132e6f89b26f24874027548e697b9333d41c7b8f4759c9c3,0x4838b106fce9647bdf1e7877bf73ce8b0bad5f97,0xfeeeeee44046c3f61a8cc081e0918ef0de0a7ffc,2026-08-14T00:37:07,selfdestruct_context,0x6a7df227,true
25747328,0xc4ba3c447162b2322b83330577f32864ce8e6265ff884458a8a0270e069d1cc1,0x70e59f9c304e4d5096bd408b571e2dcd99c3120b,0xad3b67bca8935cb510c8d18bd45f0b94f54a968f,2026-08-14T00:37:07,complex_trace;high_gas_used_context;token_activity_burst;approval_burst,0x146ee74d,false
25747328,0x2f109f7be70e78aff30210655cffd829ef67e759fdefd30a43a6547a8daaff37,0x1feed341f68ae6812b30e139ab074182ea4e3830,0x9e9110cfd24cd851ea5bc73a27975b33e308f9e1,2026-08-14T00:37:08,large_erc20_asset_flow,0xeb7499cf,true
25747328,0x6fe51db83f07640641b62a54bda9fccd5888f5e3bf17759f88587953701787f4,0x179a83b9270b405b8457896808825a574d111f61,0x0000000000000068f116a894984e2db1123eb395,2026-08-14T00:37:08,complex_trace;high_gas_used_context;token_activity_burst,0x87201b41,true
25747328,0x0513a2f0afa98f1e57af088d769c245165bebd147dea9b8ce03d83aa2162b82e,0x59aab1bd0d26290274398c07b55955c15425e16b,0x00fe78205f5f0e63b8ad2b2ae5337f538a610e04,2026-08-14T00:37:09,complex_trace;high_gas_used_context,0x34fcd5be,false
25747328,0x25dcdda88467896c9488bffd89d2c97bbb47d4b8f42a57aa90bb1a9fedded41f,0x50fe5b3092dec443a0f641ccef83d6bd7603e6b7,0x19ebb35279a16207ec4ba82799cc64715065f7f6,2026-08-14T00:37:09,large_erc20_profit_to_sender;large_erc20_asset_flow,0x50921b23,true
25747328,0xde10c5e4c21b4d00db8f39c45a8787b232064c6308402d43314942e8f732bc81,0x4838b106fce9647bdf1e7877bf73ce8b0bad5f97,0xfeeeeee44046c3f61a8cc081e0918ef0de0a7ffc,2026-08-14T00:37:09,selfdestruct_context,0x6a7df227,true
25747329,0x691a466e8dc54273bc97c5d8e3bd648c5a2df7fba42e411712f82418d6b776c4,0xfbe231b15abd6cc692384e260cca430a16e70d2d,0xae563e3f8219521950555f5962419c8919758ea2,2026-08-14T00:37:12,large_erc20_asset_flow;complex_trace,0x19c6989f,true
25747330,0xb419b94c980944e35703e9f25e75e2eff4a56ab030a3be46ad3158767a1bb361,0x7830c87c02e56aff27fa8ab1241711331fa86f43,0xa9d1e08c7793af67e9d92fe308d5697fb81d3e43,2026-08-14T00:37:21,dense_internal_fund_flow,0x1a1da075,true
25747330,0x8941d349770ce188da18869b1be74548ae2e3ed72eb4a58eeb9b39f193250a75,0x5b43453fce04b92e190f391a83136bfbecedefd1,0xbdb3ba9ffe392549e1f8658dd2630c141fdf47b6,2026-08-14T00:37:22,complex_trace;token_activity_burst,0x000000c3,false
25747330,0x2383ffe742399b43bfde38eb2cbd971452f2bd9d32f19cfa65130ff3ea0ee614,0xdda3b51e29f9d6fad865c5dd7070d5f7eb57663e,0x8d8210a0252a706cb5de0c6f8e46b6d3692afc19,2026-08-14T00:37:23,complex_trace;high_gas_used_context,0xffc3a769,false
25747330,0x26441abb9d8f076564950fb30812b0d9b52583af3340f50c97d7f3176a5b1de8,0xb82c61e4a4b4e5524376bc54013a154b2e55c5c8,0xf4e147db314947fc1275a8cbb6cde48c510cd8cf,2026-08-14T00:37:23,privileged_execution_context,0x760d0f9d,false
25747330,0x6ffe98dd45eae7c0455d07c258969283b549fe06bb1ce089b00d189fbd9004f8,0xc73019f991dcbcc899d6b76000fdccc99a208235,0xf4e147db314947fc1275a8cbb6cde48c510cd8cf,2026-08-14T00:37:23,large_erc20_asset_flow;complex_trace,0x0bf5d35e,true
25747330,0x8ac1697ed11a8551295ab680570dca3a05be005921fb260a414716d798c378d5,0x59aab1bd0d26290274398c07b55955c15425e16b,0x00fe78205f5f0e63b8ad2b2ae5337f538a610e04,2026-08-14T00:37:23,complex_trace;high_gas_used_context,0x34fcd5be,false
25747330,0x962e0ea6320372b6efa1abd83908449ee818fda830c11a03d0bc2ae17e2d8620,0x5c75cb14ed7662e16de03b9172a05aee99cf2325,0x3154cf16ccdb4c6d922629664174b904d80f2c35,2026-08-14T00:37:23,dense_internal_fund_flow;complex_trace,0xe11013dd,true
25747330,0xe6785f5c808d3d52f38ce7250094735bbe5a6f9982cbbca48fb27291f7ec9c7e,0x4838b106fce9647bdf1e7877bf73ce8b0bad5f97,0xfeeeeee44046c3f61a8cc081e0918ef0de0a7ffc,2026-08-14T00:37:24,selfdestruct_context,0x6a7df23f,true
25747331,0x112b52cd07654eafe5f6d6e20818d5707d37f93caa988b105562990cf2df78bd,0xbe0b407782a7599380fa726db315340126d62229,0x4d2fb5f8ec243fde4df1a9678b82238570c7e0e4,2026-08-14T00:37:34,repeated_internal_token_drain;dense_internal_fund_flow;complex_trace;high_gas_used_context;token_activity_burst;repeated_risky_internal_calls,0x6a761202,true
25747331,0xabf6c9d0cd3cf58dace6372fa349c1dfcc44ec5a310636de8f0394c11a3d54d4,0x4838b106fce9647bdf1e7877bf73ce8b0bad5f97,0xfeeeeee44046c3f61a8cc081e0918ef0de0a7ffc,2026-08-14T00:37:34,selfdestruct_context,0x6a7df24b,true
25747331,0x1eb88b4b42038676317cfd0b61b53042e2a6d90a9528b831bd77a0df501d388d,0x062ce42cae04c51d04e77e3d64cc8953a2296ffe,0x8a25a24ede9482c4fc0738f99611be58f1c839ab,2026-08-14T00:37:35,large_erc20_asset_flow;complex_trace,0x6a761202,true
25747331,0x365f6dea415da215ea8169be737469f10117dfae5edf45afeec7de474e4b4d73,0xe487832018fbd594c84f1db3dfac61cde98a5f36,0x91ff8bbd8ebb07893010d50a48a1609e5ebd8e34,2026-08-14T00:37:35,complex_trace;high_gas_used_context,0x069d1525,false
25747331,0x576faf6120ff36f5bc11067d97f82cdd421545764e57665f92539ba470930b10,0xd05e923f833c548dd4820f8927d0e9626c4d54d8,0x4c82d1fbfe28c977cbb58d8c7ff8fcf9f70a2cca,2026-08-14T00:37:35,large_erc20_asset_flow;complex_trace,0x3593564c,true
25747331,0x7f39272bdb665deab5c5319a654ecac5001511e070278aa266cce41af47e2390,0x64471d103a7f77262529383d53bdd28b260b1ae8,0x6566194141eefa99af43bb5aa71460ca2dc90245,2026-08-14T00:37:35,large_erc20_profit_to_sender;large_erc20_asset_flow;complex_trace,0x374f435d,true
25747331,0xf8cf277501336018006e00a8f87c4bdc54897b9a6142bd95bb65cdf68a5292ad,0xed0896aaa00b60387f22647278b8cddf2f3ee00d,0xd15e62e64c1265dfb753ed6e7c76cb5ff8f276c7,2026-08-14T00:37:35,large_erc20_asset_flow;complex_trace,0xe9ae5c53,true
25747331,0x32aa31f192067fe6f7b95aa7b6d936c489afc8a2f3b57a1c2bf37efc5d508a71,0xf7bac63fc7ceacf0589f25454ecf5c2ce904997c,0xca11bde05977b3631167028862be2a173976ca11,2026-08-14T00:37:37,large_erc20_asset_flow;complex_trace;high_gas_used_context;token_activity_burst,0x252dba42,true
25747331,0x72fcfc86c9ee686fc8480aa3db4092b85fe24ab55a909992971abc3e3a09a8b7,0xfbe231b15abd6cc692384e260cca430a16e70d2d,0xae563e3f8219521950555f5962419c8919758ea2,2026-08-14T00:37:37,large_erc20_asset_flow;complex_trace,0x19c6989f,true
25747331,0xdae0089ee64f702e20bf216cbfc32498707502a1f747c3da1fa56a8d9ad9e978,0x4838b106fce9647bdf1e7877bf73ce8b0bad5f97,0xfeeeeee44046c3f61a8cc081e0918ef0de0a7ffc,2026-08-14T00:37:37,selfdestruct_context,0x6a7df24b,true
25747332,0x7d7205d9f1eb4b3f94f586ef22b40a95932d3a062ffaf7e55597cfc26b70c698,0xf70da97812cb96acdf810712aa562db8dfa3dbef,0x9168765ee952de7c6f8fc6fad5ec209b960b7622,2026-08-14T00:37:45,dense_internal_fund_flow;complex_trace,0x8c3152e9,true
25747332,0xb2fc4459425c87be257ee23bf708a6e7278f2f54356a0337e7545e6671440877,0xe487832018fbd594c84f1db3dfac61cde98a5f36,0x91ff8bbd8ebb07893010d50a48a1609e5ebd8e34,2026-08-14T00:37:46,complex_trace;high_gas_used_context,0x069d1525,false
25747332,0x7b257f04a555780a1175d45f03646e21733fe6b3fc935c8ffccc75bc43d4ef8b,0x4e8e7f84967ca5b8958f9e4bc4cad6b0662e36c0,0xde6c23e561f3e55846207ec45a91b777e0f7c889,2026-08-14T00:37:47,large_erc20_asset_flow;complex_trace,0x6e553f65,true
25747332,0x842e33d24e10f0635c9a51cbc4b2c789aba70edb04dd6ea411f0af35b07d34bb,0x1500c3a8880099e90cb20456fb1ea5b7c8da61f6,0x0d1d06ef1e417dcb41a4bb245fcc6c4922bde306,2026-08-14T00:37:47,large_erc20_asset_flow;privileged_execution_context;complex_trace,0xc6fe8747,true
25747332,0x08f719309f7a39c1abe1e758d89a4b066fd577c970d0fe600cf53ec8a8a843d8,0x0220646f0acde22b6d46e69b0f65a6362b0dfeb0,0x90e91f5bfd9a0a4d925bf30b512add8cd2bbae3b,2026-08-14T00:37:48,complex_trace;high_gas_used_context,0xf8ba4cff,false
25747332,0xdd933db168af5eaffa2ce99b0b3387f2605f6c9f0d9c6cbe14c209d113edcde1,0xc6acbee42e9e323140c1ed060c2f6ea9cc3b4b75,0x7c5a71c9fefbc7691f9d4ac7baf70c743792f716,2026-08-14T00:37:48,selfdestruct_context,0xf3fef3a3,false
25747333,0x5ec0f6b2dabe689a3ccc6df41ff3c7d0f9896770ce2e5c154567c8e5a740f4e7,0xe4a979554f3e3ce119ba3edff7145ecc81104c56,0x03f34be1bf910116595db1b11e9d1b2ca5d59659,2026-08-14T00:37:54,dense_internal_fund_flow;complex_trace,0xe47d166c,true
25747333,0x77c52b4d9b6c82e105b9196d9b327cbd8d53ae0bcb7dbfbc1df3dd7665e8682e,0x4838b106fce9647bdf1e7877bf73ce8b0bad5f97,0xfeeeeee44046c3f61a8cc081e0918ef0de0a7ffc,2026-08-14T00:37:54,selfdestruct_context,0x6a7df263,true
25747333,0x781391da257fcd311292a8416d09e1f6cd20307c83ead68a7b57169997918349,0x91baec4d1bc7d17d6de74499075a8a64604a52fd,0x00005ea00ac477b1030ce78506496e8c2de24bf5,2026-08-14T00:37:54,complex_trace;high_gas_used_context,0x4b61cd6f,false
25747333,0x7b4530f9e9b02a865713b9dbe3c3c2b24659f3818046ab249f2e7a00fcad66e5,0x67d74fde3110e938a47559e98a44efc67a8e747f,0xb300000b72deaeb607a12d5f54773d1c19c7028d,2026-08-14T00:37:54,large_erc20_asset_flow;complex_trace;high_gas_used_context;token_activity_burst;approval_burst,0x810c705b,true
25747333,0x869d7c22fc6e4a3fa8a3cef5d97b3e43aa08c7d162f216edeb9fd91403f42e8d,0x1feed341f68ae6812b30e139ab074182ea4e3830,0x9e9110cfd24cd851ea5bc73a27975b33e308f9e1,2026-08-14T00:37:54,large_erc20_asset_flow,0xeb7499cf,true
25747333,0xccb375b50b2f31e6dd2c276796b031b062e45b017f43fd0cc3a32c827b9c951a,0x70e59f9c304e4d5096bd408b571e2dcd99c3120b,0xad3b67bca8935cb510c8d18bd45f0b94f54a968f,2026-08-14T00:37:54,dense_internal_fund_flow;complex_trace;high_gas_used_context;token_activity_burst;approval_burst,0x146ee74d,true
25747333,0xce5e43af1c7dccace9a3edaace7f97f63739fbd848d05c6b5dce4ba945224797,0xe487832018fbd594c84f1db3dfac61cde98a5f36,0x91ff8bbd8ebb07893010d50a48a1609e5ebd8e34,2026-08-14T00:37:54,complex_trace;high_gas_used_context,0x069d1525,false
25747333,0xe5df986edc6d670373d9f3f51afb2035ec2317c56f4ef1c8e6f7c58530177941,0x5b43453fce04b92e190f391a83136bfbecedefd1,0xbdb3ba9ffe392549e1f8658dd2630c141fdf47b6,2026-08-14T00:37:54,dense_internal_fund_flow,0x000000c3,true
25747333,0x51738c076fe09c7d3975983b4d4189f6c53a531c48a7b3197aeb079c0426ff13,0x4838b106fce9647bdf1e7877bf73ce8b0bad5f97,0xfeeeeee44046c3f61a8cc081e0918ef0de0a7ffc,2026-08-14T00:37:56,selfdestruct_context,0x6a7df263,true
25747334,0xa121e4d6eec1113dc5382d379da4ee9e0cc16534a95c63f8d7026b0bcd85ec6f,0xae2fc483527b8ef99eb5d9b44875f005ba1fae13,0x1f2f10d1c40777ae1da742455c65828ff36df387,2026-08-14T00:38:03,dense_internal_fund_flow;complex_trace;high_gas_used_context,0x2bad1b05,true
25747334,0x4b85e4544f70d050d3b433ae94fd292816c4d738c4d7e1387a94ad35db585087,0x21378e678a111691a60fa688c72d61439e124c8f,0xcb0151ac9479a6a0261622baa63ae843c9793d45,2026-08-14T00:38:04,large_erc20_asset_flow;complex_trace,0x64cd187f,true
25747334,0x523e2d896fe480ed7b648546bbffb2c20517ad2b8c8f33bef2e039267d6c06ce,0xae2fc483527b8ef99eb5d9b44875f005ba1fae13,0x1f2f10d1c40777ae1da742455c65828ff36df387,2026-08-14T00:38:04,dense_internal_fund_flow;complex_trace;high_gas_used_context,0x2bd0bd21,true
25747334,0x9da8565f25a3ab91c25fbf9e2345635e1bfb3a101eba9b576b36071f2c1d7c7e,0xe487832018fbd594c84f1db3dfac61cde98a5f36,0x91ff8bbd8ebb07893010d50a48a1609e5ebd8e34,2026-08-14T00:38:04,complex_trace;high_gas_used_context,0x069d1525,false
25747334,0xb0a1fa5beeb813514e5800fcceeee15402e6c586fa640706f7f58d7fbce8a62f,0x754dcfb2861547015b221e963b4133a71dbdc024,0x40ffe85a28dc9993541449464d7529a922142960,2026-08-14T00:38:04,large_erc20_profit_to_sender;large_erc20_asset_flow,0x2d67b5ea,true
25747334,0x71345462e6f6476a8c78bd229f0d8df22589912deb9afd9ac34455f426f504c2,0x09cfee647fa339133380191c8db6b44f24500c9d,0x77b85afbcd336993ac1c65057531c5a5b33b76b8,2026-08-14T00:38:05,repeated_internal_token_drain;dense_internal_fund_flow;complex_trace;high_gas_used_context;token_activity_burst;repeated_risky_internal_calls,0xa9059cbb,true
25747334,0xbdf1cda0491c360942c377499d24a61d5cc02e7329bbdb130e744ace30c4fef3,0x09cfee647fa339133380191c8db6b44f24500c9d,0x77b85afbcd336993ac1c65057531c5a5b33b76b8,2026-08-14T00:38:05,repeated_internal_token_drain;dense_internal_fund_flow;complex_trace;high_gas_used_context;token_activity_burst;repeated_risky_internal_calls,0xa9059cbb,true
25747334,0xe516c1fb5f7813a49af757dcbc066d7d60d77bd48a2034373588c9cb4dd273f3,0x59aab1bd0d26290274398c07b55955c15425e16b,0x00fe78205f5f0e63b8ad2b2ae5337f538a610e04,2026-08-14T00:38:05,complex_trace;high_gas_used_context,0x34fcd5be,false
25747334,0x2133a0b71a585fd499a794f3597e2d2c7205a142090c49e3bd3b863fab0621b6,0x4838b106fce9647bdf1e7877bf73ce8b0bad5f97,0xfeeeeee44046c3f61a8cc081e0918ef0de0a7ffc,2026-08-14T00:38:06,selfdestruct_context,0x6a7df26f,true
25747335,0x44ab014174614dcc926b464d1839072ec2fea9e736954ce6e04eac5b2901f044,0x4838b106fce9647bdf1e7877bf73ce8b0bad5f97,0xfeeeeee44046c3f61a8cc081e0918ef0de0a7ffc,2026-08-14T00:38:34,selfdestruct_context,0x6a7df27b,true
25747335,0x5038e4fc525b4437657ce85068ef38a707ca8db7d85f08204c0aab0e60c9d405,0x24f74b345de632c744f3e828389a8dddb9880d51,0x28b1dc1a5e3699a428bc51d234dfab7c9cb2a183,2026-08-14T00:38:35,complex_trace;high_gas_used_context;token_activity_burst,0x0c307f76,true
25747335,0xba111d9de772761fbe0ea3ba03832d32e87768a4b6af6c648ab55ccca2dac90c,0x4838b106fce9647bdf1e7877bf73ce8b0bad5f97,0xfeeeeee44046c3f61a8cc081e0918ef0de0a7ffc,2026-08-14T00:38:35,selfdestruct_context,0x6a7df27b,true
25747335,0x0fb0ba4fc4173a8f2b10e8744e2440529ffdae95330bcaaab91ab28b9346bb75,0x50bf934781f63028c5c8ef49c4affe19a86d99b6,0x8d04cc7e86e687854eb41d9d43512b655b93184b,2026-08-14T00:38:36,complex_trace;selfdestruct_context,0x4a1bf18a,false
25747335,0x2179eef1627297727a3d2f87977ee3be5b53e2a746dcfe097094542ad2538cba,0x1d3575964ed0cc99841f023b759018ccd12dfcae,0x28b1dc1a5e3699a428bc51d234dfab7c9cb2a183,2026-08-14T00:38:36,complex_trace;high_gas_used_context,0x0c307f76,true
25747335,0x36d088c2af132ca6a325e03f683c46f3a025104e79f91a2f49adde0c46ce2812,0xde992badd92adaf9146255e9bde6a70770973664,0x3d0f22bf11636cc9cb129e2b261eed35a487455c,2026-08-14T00:38:36,complex_trace;high_gas_used_context,0xa9059cbb,false
25747335,0x66fee2e142eefe71b8059112ea74f4db0f6e6dd48d7b4bbf8063b617ae83fd62,0xe487832018fbd594c84f1db3dfac61cde98a5f36,0x91ff8bbd8ebb07893010d50a48a1609e5ebd8e34,2026-08-14T00:38:36,complex_trace;high_gas_used_context,0x069d1525,false
25747335,0x9e7e708ae4b75e6580d0d8f9020dad8209ac38c87ec189d95985bfd70ee6e863,0x43b2f01186fda9814c5f40770554ac68fd8304bd,0x1bd4b947a1b51284293a858fe0944a565e4c8946,2026-08-14T00:38:36,dense_internal_fund_flow;token_activity_burst,0x7111a994,true
25747335,0xf2d1d5bbd635ad7c40949b2659ad2fdcae4b91116c07cc1d8ce79df7a2d26d06,0xde992badd92adaf9146255e9bde6a70770973664,0x3d0f22bf11636cc9cb129e2b261eed35a487455c,2026-08-14T00:38:36,complex_trace;high_gas_used_context,0xa9059cbb,false
25747335,0xf3c669e3e4ba44d7ade8e010019148a69a0a7e0ea43d9fffcd9d80b57a489e5a,0x9fc3da866e7df3a1c57ade1a97c9f00a70f010c8,0xfeeeeee44046c3f61a8cc081e0918ef0de0a7ffc,2026-08-14T00:38:36,selfdestruct_context,0x6a7df27b,true
25747336,0x95bce69238b33a1a78f3fc304941f50be1891b0fb8f56d32d5139f719861a401,0xe487832018fbd594c84f1db3dfac61cde98a5f36,0x91ff8bbd8ebb07893010d50a48a1609e5ebd8e34,2026-08-14T00:38:52,complex_trace;high_gas_used_context,0x069d1525,false
25747336,0xac4d584a3ce3209cd2892d94af942f76e369696db3caaa3707017bf06e96309f,0xde7a849216aa3884d53d84ecb02c19eb67e5dae2,0x7d9f4ca54131e588fc1fe577973b55fb11231e76,2026-08-14T00:38:52,repeated_internal_token_drain;dense_internal_fund_flow;complex_trace;high_gas_used_context;token_activity_burst;repeated_risky_internal_calls,0x6aac3a0b,true
25747336,0xc9bb6302dd652a7df90a5eef7d28e480ae6bc6a7d950d9ee2e4c2f477fb6e71b,0xe99bd1c2dd70cd58e5efd47887991700e7318ce2,0xad3b67bca8935cb510c8d18bd45f0b94f54a968f,2026-08-14T00:38:52,complex_trace;high_gas_used_context;token_activity_burst;approval_burst,0x146ee74d,false
25747336,0x20d7084ae30de38f226bbfb56b869cea95675caabc49f9e731e88c0e082b09c3,0xdb8345450b0e4d28514a1c18ee1110c417b5b0a2,0x607d0c7e3578802eb46d388cb86cfba8ff657306,2026-08-14T00:38:53,large_erc20_asset_flow;complex_trace,0x6a761202,true
25747336,0x3f22ff574b6aeb205b23947eb43c06eebd8e344978e7af386c1d6cda5c27f143,0x50bf934781f63028c5c8ef49c4affe19a86d99b6,0x8d04cc7e86e687854eb41d9d43512b655b93184b,2026-08-14T00:38:53,selfdestruct_context,0xb5291b32,false
25747336,0x45a610f131bd4740d66d79a65d3e8015b8f68e685055b41092ff20e70c7b6bf7,0x30ce91eb74e56d0df97c78774b3aca2144f6ad32,0x95b521b4f55a447db89f6a27f951713fc2035f3f,2026-08-14T00:38:53,large_erc20_asset_flow;complex_trace,0x6a761202,true
25747336,0x594ead6c5356aaa7acbaa95154e6ddb96791fef76a88e63c7d1d72f5082887f0,0x1584a8ee67789d1fe161065388657ad2f2a3c7dd,0x77eb52e44db06777bce478159f25c0d55a295314,2026-08-14T00:38:53,repeated_internal_token_drain;dense_internal_fund_flow;complex_trace;high_gas_used_context;token_activity_burst;repeated_risky_internal_calls,0xa9059cbb,true
25747336,0x63ee992bb288598eba7f6bcd9d3aa9d9d5798b7d0dd9deb444c5768efb1c8b64,0xd236cbcf5125e08bb09f6d81a306235cadf3b8ad,0xdb9b1e94b5b69df7e401ddbede43491141047db3,2026-08-14T00:38:53,large_erc20_asset_flow;complex_trace;high_gas_used_context,0xcef6d209,true
25747336,0x78101295d7f7f503131da9d6d2443ea54925752734ad80c388210a3c21f7d4e9,0x09cfee647fa339133380191c8db6b44f24500c9d,0x3d9846705612c2db47edf659c48034c752f0da99,2026-08-14T00:38:53,complex_trace;high_gas_used_context,0xd47a1a27,false
25747336,0x7f94c5259719693af21676bacbc5b34cbd4aef80c6bd0036bab9ba2ba12f3065,0x80fbefbee7e2bb2ac085f082674dc8c0bccfa135,0xec2c96e75b09e29b66bf2ee5c37fa749ef9aa7c7,2026-08-14T00:38:53,large_erc20_asset_flow;complex_trace,0xdb5c7e88,true
25747336,0xaf832b3c2597e50652c72c413278a0caea48ba868904366a70a94f2fd9ecc150,0xe50fede239b079f5b180f5c39020ee05c9512171,0xee100c0405021be2ce2a263780a0f16f9fcdf35e,2026-08-14T00:38:53,dense_internal_fund_flow;complex_trace;high_gas_used_context;token_activity_burst,0xa9059cbb,true
25747336,0xc0e052145d82a60f5d7489b6a05f64b17ef00077c8755929baf936b49e4df832,0x7589d6dada352b798809278e5a0f8606b6088952,0xba5ed099633d3b313e4d5f7bdc1305d3c28ba5ed,2026-08-14T00:38:53,privileged_execution_context;high_gas_used_context,0x9c36a286,false
25747336,0xd3a8c96b6d2eb6444f28b82944d09c2b46efc080e149cfb603589716320739a6,0x3431172c887cf150d9fdaba9876273d9db566367,0x64f5aad0e38e2ff9f50f2e51e813e49c05aca41a,2026-08-14T00:38:53,complex_trace;high_gas_used_context;token_activity_burst,0xa9059cbb,false
25747336,0xd448dd0f39b38d41a18b2083ca1c53748592f0e2545b6c87c1192ff3ec90cdf1,0xed0896aaa00b60387f22647278b8cddf2f3ee00d,0xd15e62e64c1265dfb753ed6e7c76cb5ff8f276c7,2026-08-14T00:38:53,large_erc20_asset_flow;complex_trace,0xe9ae5c53,true
25747336,0xb1f8f7c422fe78d79f93f4b5fb676d631bbdff0ae6c878e06d7a8ddb4a217d65,0x4838b106fce9647bdf1e7877bf73ce8b0bad5f97,0xfeeeeee44046c3f61a8cc081e0918ef0de0a7ffc,2026-08-14T00:38:54,selfdestruct_context,0x6a7df287,true
25747337,0x3eb34757010d40ea4b00593651e41ce85926bf813ff2709411e5b7f2e868c987,0xda72e244e40f94761e61f4b1a951cc86c12d8f0a,0x80ac24aa929eaf5013f6436cda2a7ba190f5cc0b,2026-08-14T00:39:00,large_erc20_asset_flow;complex_trace,0x107703ab,true
25747337,0x7912c5328babae7515507ca19c7330adc326a3a8e0e83ea362cd3f71b0e11064,0xe487832018fbd594c84f1db3dfac61cde98a5f36,0x91ff8bbd8ebb07893010d50a48a1609e5ebd8e34,2026-08-14T00:39:00,complex_trace;high_gas_used_context,0x069d1525,false
25747337,0xd7f34857ecc9dce001e5b7d692340e01126f7b6fdcbaf82f3c330b9ae35f8029,0x47655c3b13dd14a54f8ae3cf17cfda12f7f91cd7,0x47176b2af9885dc6c4575d4efd63895f7aaa4790,2026-08-14T00:39:00,large_erc20_asset_flow;complex_trace,0x284edde7,true
25747337,0x51a49b4f6b14665b384c70b76dc9a45f147e796791da4aed082beb439b8bc7a6,0x1cda83fe97a2e0a8f94a9cf32da947c23b72ba02,0xe0181090c22579b6a217f1522cbf8c9f1f0c1965,2026-08-14T00:39:01,large_erc20_asset_flow;complex_trace;high_gas_used_context,0xac9650d8,true
25747337,0xc695d42fe66adb347707a9ffeb5c8b243b09b6d6ffbd12c72a3c7f2fd242fe1e,0x59aab1bd0d26290274398c07b55955c15425e16b,0x00fe78205f5f0e63b8ad2b2ae5337f538a610e04,2026-08-14T00:39:01,repeated_internal_token_drain;dense_internal_fund_flow;complex_trace;high_gas_used_context;token_activity_burst;repeated_risky_internal_calls,0x34fcd5be,true
25747338,0x07c4ecaa5a8b4566bc9c71fc7f09e6ba79e9e10f93a1bf69eb7b1be6e8e9a26e,0xe487832018fbd594c84f1db3dfac61cde98a5f36,0x91ff8bbd8ebb07893010d50a48a1609e5ebd8e34,2026-08-14T00:39:10,complex_trace;high_gas_used_context,0x069d1525,false
25747338,0x11679721077b9e802c1cafa1fd3f48c987b353006d4a43891823d7ca39b98d93,0x59aab1bd0d26290274398c07b55955c15425e16b,0x00fe78205f5f0e63b8ad2b2ae5337f538a610e04,2026-08-14T00:39:11,complex_trace;high_gas_used_context,0x34fcd5be,false
25747338,0x3ae8cb757ff32a79f7285046dddc4923493a2a3f0b86d2d16af49398d1e6d7c9,0x4838b106fce9647bdf1e7877bf73ce8b0bad5f97,0xfeeeeee44046c3f61a8cc081e0918ef0de0a7ffc,2026-08-14T00:39:11,selfdestruct_context,0x6a7df29f,true
25747338,0x891127487981199506458142081a4a9e57a5ac0830e7eb65c739b1f98eb23d08,0xaa208a41fadcd06443466e7b9fcc7a9bd3f35f2d,0x28b1dc1a5e3699a428bc51d234dfab7c9cb2a183,2026-08-14T00:39:11,complex_trace;high_gas_used_context,0xf2c42696,true
25747339,0x82e2d80aeece27a429440e753f32e6e881f3ce9d6ceaf0e08bccd06cd9380278,0xe487832018fbd594c84f1db3dfac61cde98a5f36,0x91ff8bbd8ebb07893010d50a48a1609e5ebd8e34,2026-08-14T00:39:19,complex_trace;high_gas_used_context,0x069d1525,false
25747339,0xdf2b0215f15e86f0fff89c13da8a7075ae9017a38e23212988d6a54127d4e39e,0x7b49bc3ebbdf7322f31c6449320382bbec3be1b6,0xad3b67bca8935cb510c8d18bd45f0b94f54a968f,2026-08-14T00:39:19,complex_trace;high_gas_used_context;token_activity_burst;approval_burst,0x146ee74d,false
25747339,0x00687b0cfe01afa4c3157d19ea7998703387e0580d3cdee872737e8678d518ba,0x30ce91eb74e56d0df97c78774b3aca2144f6ad32,0x95b521b4f55a447db89f6a27f951713fc2035f3f,2026-08-14T00:39:21,large_erc20_asset_flow,0x6a761202,true
25747339,0x059df45fa6ca56685c348f24229ad1db6c75f955ce312517988d7894ffd25d0d,0x1cda83fe97a2e0a8f94a9cf32da947c23b72ba02,0x3bd9adae6643ddcddd02746b8b60075e56df9478,2026-08-14T00:39:21,large_erc20_asset_flow,0xac9650d8,true
25747339,0x679ae7293c856bf8eaedf7c4dc068bf9416b73dd197a6408f1a0f0a62e6ae577,0x43b2f01186fda9814c5f40770554ac68fd8304bd,0x5ff6841642bc63072f967666f69857721064c7b6,2026-08-14T00:39:21,dense_internal_fund_flow;token_activity_burst,0x7111a994,true
25747339,0xa0c69df239816aa31870b4d34ad72ae64f974275dc3399c168ae80bc6504d1e0,0x50fe5b3092dec443a0f641ccef83d6bd7603e6b7,0x6566194141eefa99af43bb5aa71460ca2dc90245,2026-08-14T00:39:21,large_erc20_profit_to_sender;large_erc20_asset_flow,0x374f435d,true
25747339,0xd94d274e96697d338cb9f06f1afb3598190947b65875761ba91d75db5c2aa90b,0x59aab1bd0d26290274398c07b55955c15425e16b,0x00fe78205f5f0e63b8ad2b2ae5337f538a610e04,2026-08-14T00:39:21,complex_trace;high_gas_used_context,0x34fcd5be,false
25747339,0xe8dce75e5bdb4181764300c3a32920e4aab316feb24a3ab3238cd1b24675e9b3,0x1584a8ee67789d1fe161065388657ad2f2a3c7dd,0x77eb52e44db06777bce478159f25c0d55a295314,2026-08-14T00:39:21,repeated_internal_token_drain;dense_internal_fund_flow;complex_trace;token_activity_burst;repeated_risky_internal_calls,0xa9059cbb,true
25747339,0xe9e99d3b86234dfc5e728f6623ddd779b52912023726fa1bd87a0bb5776c3f1c,0x161643f280b09be8e0271eef8efc6c264d125003,0xe1c4010b105c64b6d68b3b8318be293c892cb1db,2026-08-14T00:39:21,dense_internal_fund_flow;token_activity_burst,0xa9059cbb,true
25747340,0x375399e167c5143b5e6a7c2d93f1c75cee64b535eb89784b8242b4b7b4a1e28d,0x7830c87c02e56aff27fa8ab1241711331fa86f43,0xa9d1e08c7793af67e9d92fe308d5697fb81d3e43,2026-08-14T00:39:26,dense_internal_fund_flow,0x1a1da075,true
25747340,0xfefbaef3de636070c53c1085775ac1d4685805ccb0cbd8bc2e2afe5bcbae23d6,0x5b43453fce04b92e190f391a83136bfbecedefd1,0xbdb3ba9ffe392549e1f8658dd2630c141fdf47b6,2026-08-14T00:39:26,dense_internal_fund_flow;complex_trace;high_gas_used_context;token_activity_burst,0x000000c3,true
25747340,0xff71057caa580e090636871e424e52f43577663e1f25b81fbb3aacc52c6ca25d,0x7830c87c02e56aff27fa8ab1241711331fa86f43,0xa9d1e08c7793af67e9d92fe308d5697fb81d3e43,2026-08-14T00:39:26,large_erc20_asset_flow,0xca350aa6,true
25747340,0xec98efce8042c6624d370e1210ed65de0cd73dac676c46067f155a18b28d66d6,0x2abdeabcf5e229560d24ea546a029bfb24e5e268,0xb300000b72deaeb607a12d5f54773d1c19c7028d,2026-08-14T00:39:27,large_erc20_asset_flow;complex_trace;high_gas_used_context;token_activity_burst,0x810c705b,true
25747340,0x0a44bb780e685d84c2686b4b1aa85f81fe71cb12ed3eb4c0aa24c9a8c3260b50,0x4838b106fce9647bdf1e7877bf73ce8b0bad5f97,0xfeeeeee44046c3f61a8cc081e0918ef0de0a7ffc,2026-08-14T00:39:28,selfdestruct_context,0x6a7df2b7,true
25747340,0x9c7f0406ac53836ad12a408b288ab69f52c95b3d959cd490b5a31c4981757c29,0x80d04079ffc53eb14edbeeb37279d126f45552df,0x0e8606350cd13c6f0aaba57733c4a75bd765f5c6,2026-08-14T00:39:28,repeated_internal_token_drain;dense_internal_fund_flow;complex_trace;high_gas_used_context;token_activity_burst;repeated_risky_internal_calls,0x8aaa8f3b,true
25747340,0xe6bd0c1ee41fe5934e2fa861146166f5de521159ad15f5e2639824b1a9b051f6,0x59aab1bd0d26290274398c07b55955c15425e16b,0x00fe78205f5f0e63b8ad2b2ae5337f538a610e04,2026-08-14T00:39:28,complex_trace;high_gas_used_context;token_activity_burst,0x34fcd5be,false
25747340,0xfda446dfb866f32c6cfa984d00e25866180864b49376ee1b4ae1a7ae4b310fec,0xe487832018fbd594c84f1db3dfac61cde98a5f36,0x91ff8bbd8ebb07893010d50a48a1609e5ebd8e34,2026-08-14T00:39:28,complex_trace;high_gas_used_context,0x069d1525,false
25747340,0xfe7cbcf423c7bd050528247f78bfcc2e9dfb1ae6340f6656897e37b60fb8dbcd,0x9fc3da866e7df3a1c57ade1a97c9f00a70f010c8,0xfeeeeee44046c3f61a8cc081e0918ef0de0a7ffc,2026-08-14T00:39:28,selfdestruct_context,0x6a7df2b7,true
25747341,0x056552cf883de4df8894c48397d8cd8dbb74511887f698ffcd31d6f9829b37c4,0xe487832018fbd594c84f1db3dfac61cde98a5f36,0x91ff8bbd8ebb07893010d50a48a1609e5ebd8e34,2026-08-14T00:39:34,complex_trace;high_gas_used_context,0x069d1525,false
25747341,0xa9990ab1aa4f71ab24e4d95c7735de5d7ca307d7fc9fcfb8a0652f1989225b6f,0x43627ed313b783200d7fd4b0622aaf7117700fdc,0x6131b5fae19ea4f9d964eac0408e4408b66337b5,2026-08-14T00:39:34,dense_internal_fund_flow;complex_trace,0xe21fd0e9,true
25747341,0xbcc63fe2e6d8b086ea4c0c9a8a96622c6047a855e35fb45054d82f9570d04983,0x5b43453fce04b92e190f391a83136bfbecedefd1,0xbdb3ba9ffe392549e1f8658dd2630c141fdf47b6,2026-08-14T00:39:34,large_erc20_asset_flow;complex_trace,0x000000c3,true
25747341,0x4e9a3f5e46363f28713ce7dabffedd48d181266995eb6a83cc82ae7bfb488628,0x59aab1bd0d26290274398c07b55955c15425e16b,0x00fe78205f5f0e63b8ad2b2ae5337f538a610e04,2026-08-14T00:39:35,complex_trace;high_gas_used_context;token_activity_burst,0x34fcd5be,false
25747341,0x9c63b3e558c852fa76b8bf42212d86d7fa961e75b6ce50a105d53ede58c173a8,0x4838b106fce9647bdf1e7877bf73ce8b0bad5f97,0xfeeeeee44046c3f61a8cc081e0918ef0de0a7ffc,2026-08-14T00:39:35,selfdestruct_context,0x6a7df2c3,true
25747341,0xfcd159ef3602978fdbd4948fa3057ff25cd5973a6faffc660a10d255c21ce7bc,0x9e3620f145c1c81a281a1d89f3b8faa713d32b9e,0xc36442b4a4522e871399cd717abdd847ab11fe88,2026-08-14T00:39:35,dense_internal_fund_flow,0xac9650d8,true
25747342,0xd165555bc812c0771a90def6cb43bcffdba618a975b263f0b69aa4eec2c0ddfb,0xe487832018fbd594c84f1db3dfac61cde98a5f36,0x91ff8bbd8ebb07893010d50a48a1609e5ebd8e34,2026-08-14T00:39:39,complex_trace;high_gas_used_context,0x069d1525,false
25747342,0xf0fff47d0f8790a40224a9a43a152b9328bbacd01c3312d03d9af8a6dfd4006d,0x4838b106fce9647bdf1e7877bf73ce8b0bad5f97,0xfeeeeee44046c3f61a8cc081e0918ef0de0a7ffc,2026-08-14T00:39:39,selfdestruct_context,0x6a7df2cf,true
25747343,0xbe2e5524af0e6fa64d8865283093193d571021a2594c7d01fa437c9145351049,0x5b43453fce04b92e190f391a83136bfbecedefd1,0xbdb3ba9ffe392549e1f8658dd2630c141fdf47b6,2026-08-14T00:39:49,repeated_internal_token_drain;dense_internal_fund_flow;complex_trace;high_gas_used_context;token_activity_burst;repeated_risky_internal_calls,0x000000c3,true
25747343,0xea42fd13b5f66a7c754b611e513128bfd7445d1eb0aaf25f20dee171c1bdcf41,0xe99bd1c2dd70cd58e5efd47887991700e7318ce2,0xad3b67bca8935cb510c8d18bd45f0b94f54a968f,2026-08-14T00:39:50,complex_trace;high_gas_used_context;token_activity_burst;approval_burst,0x146ee74d,false
25747343,0x180236936e40dbd42bb41347a9cce47b6fdd10c28357169a182ca10d7fcb010e,0x50bf934781f63028c5c8ef49c4affe19a86d99b6,0x8d04cc7e86e687854eb41d9d43512b655b93184b,2026-08-14T00:40:06,selfdestruct_context,0xb5291b32,false
25747343,0x3571e4c103b0c0d32a5f44070c21c9d787110bda1879b2e63fbd171eea252b60,0xdda3b51e29f9d6fad865c5dd7070d5f7eb57663e,0x8d8210a0252a706cb5de0c6f8e46b6d3692afc19,2026-08-14T00:40:06,complex_trace;high_gas_used_context,0xffc3a769,false
25747343,0x372ddfa9680366a7b260ecefada1bd1c0a419ab7efdab929a6065aec3f87da70,0x80d04079ffc53eb14edbeeb37279d126f45552df,0x0e8606350cd13c6f0aaba57733c4a75bd765f5c6,2026-08-14T00:40:06,repeated_internal_token_drain;dense_internal_fund_flow;complex_trace;token_activity_burst;repeated_risky_internal_calls,0x8aaa8f3b,true
25747343,0x5e175fdcfb31e5db662d320972e19a533e52fdf795c1f5812a2910625517ff5b,0xf791da446d04282f921f38fbf954ad5caee899a3,0x722fc3640ba007c3e9867ccdb0dca59f2e2f29f9,2026-08-14T00:40:06,large_erc20_asset_flow,0x441a3e70,true
25747343,0x73de14dea2b7395e91d195f84d4a1bb586e5dd170329c625a7d2873f09fa35ef,0x0e0052a184fd59c6b7e1e99d739802ecb3aec0e4,0xd82461784eb72d4b67cbab077989eb215315e272,2026-08-14T00:40:06,complex_trace;approval_burst,0x805f7b65,false
25747343,0x895e188f604dacfc57d20798673ecae489f5ab877d2b86509f4420479a9d144e,0xe487832018fbd594c84f1db3dfac61cde98a5f36,0x91ff8bbd8ebb07893010d50a48a1609e5ebd8e34,2026-08-14T00:40:06,complex_trace;high_gas_used_context,0x069d1525,false
25747343,0xb9014ad714a99b1c4046990d7ba7246aecf52121297d46e830b151a672e29032,0x8cdd5b195f0b0922ced3a8feafa80ede9ebe0299,0xf75584ef6673ad213a685a1b58cc0330b8ea22cf,2026-08-14T00:40:06,large_mint_to_sender;privileged_execution_context;complex_trace;high_gas_used_context,0xb94c3609,true
25747343,0xceee2afa0dea6177f8c8ff752795d9077e3009e8507054409f10953706af32a4,0x70e59f9c304e4d5096bd408b571e2dcd99c3120b,0xad3b67bca8935cb510c8d18bd45f0b94f54a968f,2026-08-14T00:40:06,complex_trace;high_gas_used_context;token_activity_burst;approval_burst,0x146ee74d,false
25747343,0xd605d638f68b4ca978b5c89c082126b42b0303b926b5697f471766f3682c1a45,0xf70da97812cb96acdf810712aa562db8dfa3dbef,0xb92fe925dc43a0ecde6c8b1a2709c170ec4fff4f,2026-08-14T00:40:06,dense_internal_fund_flow;complex_trace,0xcd6e13f7,true
25747343,0xdd883aa180771e7534478275c4b0dee06a9fb1bdc36d3bcf8cfb38a71ae2e711,0x1feed341f68ae6812b30e139ab074182ea4e3830,0x9e9110cfd24cd851ea5bc73a27975b33e308f9e1,2026-08-14T00:40:06,large_erc20_asset_flow,0xeb7499cf,true
25747343,0xf0e579e96867acefc1d51253a887084197850219c65ad099a8a98d93b41e37f9,0x4838b106fce9647bdf1e7877bf73ce8b0bad5f97,0xfeeeeee44046c3f61a8cc081e0918ef0de0a7ffc,2026-08-14T00:40:26,selfdestruct_context,0x6a7df2db,true
25747344,0xaee94c01a48058ec07bbff2a7cad7b2c827943b969caeaff210c3db0ccca39c9,0xcfb481dad0a5acf826e317b4423ee6f0cd3876c4,0x0000000071727de22e5e9d8baf0edac6f37da032,2026-08-14T00:40:29,complex_trace;high_gas_used_context;token_activity_burst,0x765e827f,false
25747345,0x0fec3368e9bbfe7571692259571779e42136b9b27f372d93a0e03c67a1558412,0xf70da97812cb96acdf810712aa562db8dfa3dbef,0xb92fe925dc43a0ecde6c8b1a2709c170ec4fff4f,2026-08-14T00:40:36,dense_internal_fund_flow;complex_trace,0xcd6e13f7,true
25747345,0xdb4173fe50f8ae530636eaf0ef70105b7495f7443d4de22ac0e375347b644370,0x7830c87c02e56aff27fa8ab1241711331fa86f43,0xa9d1e08c7793af67e9d92fe308d5697fb81d3e43,2026-08-14T00:40:36,large_erc20_asset_flow,0xca350aa6,true
25747345,0xf09c5687cc90d5001be8def38453aad9c3ac5522a2c04e5d2c7f743d5eae4906,0x942b41d990133d8d9989bf3bb2f89f9aa1d127fd,0x05898436b412f23d339df2f9fe5d34f12e394d92,2026-08-14T00:40:36,dense_internal_fund_flow;complex_trace,0x9e79d47a,true
25747345,0xf43b3135d04494c11f8561257d2e5c6c871a8613f776d58f5dc3848301b50a4f,0x7830c87c02e56aff27fa8ab1241711331fa86f43,0xa9d1e08c7793af67e9d92fe308d5697fb81d3e43,2026-08-14T00:40:36,dense_internal_fund_flow,0x1a1da075,true
25747345,0x06de4a2ff04dce55d5d0c2fb8a1a961189e62212a772098c46f5e65de4610df6,0xe17eee6b725ea1d3a5698917458dff6140fac9ce,0xacddac6c77318b615f7f6fb9bb67c6833e9c05f1,2026-08-14T00:40:38,large_erc20_asset_flow;complex_trace,0x571d3dc7,true
25747345,0x19cc024ec5fee33e05dde57e07a3dcbba4ccfbf9165f12352744f8e629e8be91,0x8e7e67f2e6d80ca441b12556f6ffcb800f730b21,0x5b61db1e82ee0ee94a5c1fed019c1ff5bbb9e837,2026-08-14T00:40:38,privileged_execution_context,0x0ecaea73,false
25747345,0xddb2b263fe2d19eb3fa90859650b8433d984f60c69a60c04bcd21a510c0ebefe,0xe487832018fbd594c84f1db3dfac61cde98a5f36,0x91ff8bbd8ebb07893010d50a48a1609e5ebd8e34,2026-08-14T00:40:38,complex_trace;high_gas_used_context,0x069d1525,false
25747345,0x02372d7b12a78c10bae5c6af53892d200324b077ad0ebbf7f21f5b4bd6d922d0,0x3de60ca8e5fae34aa7a1ba205a40888f27c8ed71,0x6566194141eefa99af43bb5aa71460ca2dc90245,2026-08-14T00:40:39,large_erc20_asset_flow;complex_trace,0x374f435d,true
25747345,0xd66a6f234d0cc6100d8d0939cd68ddee0456279f3310ddccd6657c1ec02f6079,0xe836ef5abbcde8c2a22c299f639cc9480aa52219,0xd226997439ecfbeff8e110c8c78c8a7eefd19f89,2026-08-14T00:40:39,large_erc20_asset_flow;complex_trace,0x99999999,true
25747346,0x3c7c8b1108f2012044c072931a8cc6b473b7f8a92196005bd7597343131ab849,0x0e3cd0614d3a08bb7fee3f02fa20933b021705b6,0x9e08c5499f953c6297a7755bcbced383b606896b,2026-08-14T00:40:54,dense_internal_fund_flow;complex_trace;high_gas_used_context;token_activity_burst,0x8328af2f,true
25747346,0x0f904f080b10ff21a66e4f09a2fb078927fad66df49b31cdc346c38783a93639,0xae2fc483527b8ef99eb5d9b44875f005ba1fae13,0x1f2f10d1c40777ae1da742455c65828ff36df387,2026-08-14T00:40:56,large_erc20_asset_flow;complex_trace,0x2bd0a0b8,true
25747346,0x10be6d40ee30ee1ba2ad035cb0ff3a2a92cc77a9548b41b964f88e29586c5318,0xd0a6db95f52d2a0285bf2f920c9bd527407b47a8,0xa9d635ef85bc37eb9ff9d6165481ea230ed32392,2026-08-14T00:40:56,dense_internal_fund_flow;complex_trace,0x13d79a0b,true
25747346,0x2bea1d0d81635d9ee44c06526b6546f4605e7a42df3cb0fda367e090adf3fa96,0x59aab1bd0d26290274398c07b55955c15425e16b,0x00fe78205f5f0e63b8ad2b2ae5337f538a610e04,2026-08-14T00:40:56,complex_trace;token_activity_burst,0x34fcd5be,false
25747346,0x32c1697ab4538d456ea358f5fa3bbea6fdc5784f6a1193fb1199b9dde3170a37,0x84e03f3b74b10c70db109cae6523c09a01552186,0xd226997439ecfbeff8e110c8c78c8a7eefd19f89,2026-08-14T00:40:56,large_erc20_asset_flow;complex_trace;high_gas_used_context;token_activity_burst,0x00040304,true
25747346,0x414f8cd3b9e5e7d6bf846ce8f557514d6e9effcf4cf879bfaf3d458afcb5e4a2,0x0b63b613ee7544826ef432507d6b32c489949719,0x337685fdab40d39bd02028545a4ffa7d287cc3e2,2026-08-14T00:40:56,dense_internal_fund_flow;complex_trace;high_gas_used_context;token_activity_burst,0xfa74fd43,true
25747346,0x4199683db3a82bf7886967ca8d716ca51723940b66aa612607d9cebce5c1b7d7,0x4838b106fce9647bdf1e7877bf73ce8b0bad5f97,0xfeeeeee44046c3f61a8cc081e0918ef0de0a7ffc,2026-08-14T00:40:56,selfdestruct_context,0x6a7df2ff,true
25747346,0x5004a70dff7369887260773f72ffd305cc43a80ae934e38a73265d297a680745,0x1584a8ee67789d1fe161065388657ad2f2a3c7dd,0x77eb52e44db06777bce478159f25c0d55a295314,2026-08-14T00:40:56,repeated_internal_token_drain;dense_internal_fund_flow;complex_trace;high_gas_used_context;token_activity_burst;repeated_risky_internal_calls,0xa9059cbb,true
25747346,0x5ca29a5e8e459ba02cfc621fcff0c88d3d000d7992de8019dd3dc2edbd0ffa56,0x5c096ef846447cb935c5d247e4ab2a867ecc33a9,0x00000f91109c4d0007e90000d9facad5298a0cac,2026-08-14T00:40:56,complex_trace;high_gas_used_context;token_activity_burst,0x00000000,false
25747346,0x78d867c8ceb933845cb27da8d248befbd4c84db86d2f7c8f85880a5e3589dc5a,0x2b3fed49557bd88f78b898684f82fbb355305dbb,0x09c30cdcdd971423cb3ba757a47d56c35d06d818,2026-08-14T00:40:56,dense_internal_fund_flow,0x318adb8b,true
25747346,0x9bcf6838a164f972993b53ca62c6e9cf4098f8e20fc7f3543fe6dad0ad17b2ba,0xe487832018fbd594c84f1db3dfac61cde98a5f36,0x91ff8bbd8ebb07893010d50a48a1609e5ebd8e34,2026-08-14T00:40:56,complex_trace;high_gas_used_context,0x069d1525,false
25747347,0x10eaa5136be378c0feea5c1ac9fe5cfb0f0600d5d771626ae2df2120fa1f33c6,0x9379e546675db383365f8718342a92ac3ba3a4f8,0x66a9893cc07d91d95644aedd05d03f95e1dba8af,2026-08-14T00:41:07,large_erc20_asset_flow;complex_trace,0x3593564c,true
25747347,0x29a17ae03a0889c9e489c6c7e387740fbcb97371b31d9ef0aab9032bed212fb6,0x02c751b8c634ad610d6cc3d4663766ecca355f5d,,2026-08-14T00:41:07,large_mint_to_sender;contract_creation_context,0x60806040,true
25747347,0x5e026b78bfce74c833a210a5275cbe5f7bdd7fcffafbfc7ca807eaa163fff513,0x5b43453fce04b92e190f391a83136bfbecedefd1,0xbdb3ba9ffe392549e1f8658dd2630c141fdf47b6,2026-08-14T00:41:07,complex_trace;high_gas_used_context;token_activity_burst,0x000000c3,false
25747347,0xf979317f9d78fe728c3f168c6dd13b9cf6b893cb910e26c540961fc8c7421a43,0x4838b106fce9647bdf1e7877bf73ce8b0bad5f97,0xfeeeeee44046c3f61a8cc081e0918ef0de0a7ffc,2026-08-14T00:41:07,selfdestruct_context,0x6a7df30b,true
25747347,0x0f1b9b34953de48232f83b5dec5134cdcf8fa1e6f93943d372cae79cac7477fc,0xdb8345450b0e4d28514a1c18ee1110c417b5b0a2,0x607d0c7e3578802eb46d388cb86cfba8ff657306,2026-08-14T00:41:08,large_erc20_asset_flow;complex_trace;high_gas_used_context,0x6a761202,true
25747347,0x1deec42e36924a859fa4d54399f80112a98fac7d1d5ae35acff5c412459e0a15,0x124ce844fab46dc12183dc35c82ccc9bc83fddd5,0x95480d3f27658e73b2785d30beb0c847d78294c7,2026-08-14T00:41:08,complex_trace;high_gas_used_context;token_activity_burst;approval_burst,0x13d79a0b,false
25747347,0x24d5a5711174a04588e596071d85600b75a6a689887677d44caa20510c3565bb,0x43370371e0bb085d04d02a815230aaf67b35ef25,0x5ff137d4b0fdcd49dca30c7cf57e578a026d2789,2026-08-14T00:41:08,large_erc20_asset_flow,0x1fad948c,true
25747347,0x9f9be884566fe671cf91bdcd73b1123770ef8c70a83f0f24ac58d0e05fb04684,0x4838b106fce9647bdf1e7877bf73ce8b0bad5f97,0xfeeeeee44046c3f61a8cc081e0918ef0de0a7ffc,2026-08-14T00:41:08,selfdestruct_context,0x6a7df30b,true
25747347,0xc687c64e2f5c32d43c5499a89f43710eb860d0a74223e14dc7a6ac73a2e90ae2,0x477cac2fc44a60492a8b637b77a99be4debcef20,0x2d5805a423d6ce771f06972ad4499f120902631a,2026-08-14T00:41:08,large_erc20_asset_flow;complex_trace,0xf497df75,true
25747347,0xe8e5c3e1bbd24234b0d256d2279f1c066bc78018b94fb7ddffe71fc60caa989d,0xf70da97812cb96acdf810712aa562db8dfa3dbef,0xb92fe925dc43a0ecde6c8b1a2709c170ec4fff4f,2026-08-14T00:41:08,dense_internal_fund_flow;complex_trace,0xcd6e13f7,true
25747348,0x777f64f35efd4f7ed60112bd451d5969d65e75c549afb86d225886960f6ec512,0xae2fc483527b8ef99eb5d9b44875f005ba1fae13,0x1f2f10d1c40777ae1da742455c65828ff36df387,2026-08-14T00:41:18,large_erc20_asset_flow;complex_trace,0x2bd0a0b8,true
25747348,0x06abc74be247ae3e8a777a94c6952db0e4b4c42508b92ee21ddb3068cdfd14ad,0x70e59f9c304e4d5096bd408b571e2dcd99c3120b,0xad3b67bca8935cb510c8d18bd45f0b94f54a968f,2026-08-14T00:41:19,repeated_internal_token_drain;dense_internal_fund_flow;very_complex_trace;high_gas_used_context;token_activity_burst;approval_burst;repeated_risky_internal_calls,0x146ee74d,true
25747348,0x13c13c495ed35c49c3b35af65b7509790a81cca8580437e21b32f33adabd0f76,0x4838b106fce9647bdf1e7877bf73ce8b0bad5f97,0xfeeeeee44046c3f61a8cc081e0918ef0de0a7ffc,2026-08-14T00:41:19,selfdestruct_context,0x6a7df317,true
25747348,0x69c544212c6cd71a890312af46447120dc28295075b144538b979b79a835c3b4,0x7d344a2d90efb4544df07b5c510fee99b81915d4,0x81463b0f960f247f704377661ec81c1fd65b5128,2026-08-14T00:41:19,complex_trace;token_activity_burst,0x942af207,false
25747348,0x75782d516f882a5a40f1185ebd6152bd218d5d83f03eb1c18e71b51e6239a8a7,0xb2f52cb5a2094a00101d91eeb65b85cb1d86431e,0x0000000071727de22e5e9d8baf0edac6f37da032,2026-08-14T00:41:19,complex_trace;high_gas_used_context,0x765e827f,false
25747348,0xca7d472fc792b0a4585b5e0531eadc268065183f2747660352d5288c19d4dd1b,0x2c95540837dbeb5834a6b0555078cc1430bc1e85,0x07964f135f276412b3182a3b2407b8dd45000000,2026-08-14T00:41:19,dense_internal_fund_flow;complex_trace;high_gas_used_context;token_activity_burst;approval_burst,0x6b3ec416,true
25747348,0xd9128a4fab4b165754d35b8017d2da0e7dc3fd88cab13ce248e8dcf28aac1e43,0xae2fc483527b8ef99eb5d9b44875f005ba1fae13,0x1f2f10d1c40777ae1da742455c65828ff36df387,2026-08-14T00:41:19,large_erc20_asset_flow;complex_trace;high_gas_used_context;token_activity_burst,0x2bd0dac1,true
25747348,0xeb7fd2e116133dc8a441a4930413170e8f138ab3d4d2d645ed9314213300dd76,0xd076c5a6c7cd4e1bb69177ac5892aefb0abb1f7d,0x1399bb39c241f3b0755a8584205a2f99bdb15bf7,2026-08-14T00:41:19,dense_internal_fund_flow;complex_trace,0x60642803,true
25747348,0x3d781776cfd5ed1bd808373a7bfc4715c03040e7375459b8731116ed7209aa59,0x9a5b33bd11329116a55f764c604a5152ee8ca292,0x36364acc7b9c67692ca215af09a41cbd10439511,2026-08-14T00:41:20,large_erc20_asset_flow;complex_trace,0x63998a8d,true
25747348,0xa3278cbf94983443064dba01c19d2ff32b8bc8676779f31e2e50eaab85177103,0x4838b106fce9647bdf1e7877bf73ce8b0bad5f97,0xfeeeeee44046c3f61a8cc081e0918ef0de0a7ffc,2026-08-14T00:41:20,selfdestruct_context,0x6a7df317,true
25747348,0xc874588d01503218f4d114aed58afb6c5ce68a4ba20bfbd8df0bbe8b4c82b058,0xa155ff77dace0a218cc3a2390f2629de2d0b267e,,2026-08-14T00:41:20,privileged_execution_context;high_gas_used_context;contract_creation_context,0x6101a060,false
25747349,0x1244940c54fdba807ec2e3bc0e81d6feebb2c2ff09d0dfbe5797e96c17c73c3a,0x9123b39058c5bcd00d4b0b9142fe9f527ddb562f,0x093272c07700d3ca5301c3bf9b3a392624179e2f,2026-08-14T00:41:27,large_erc20_asset_flow;complex_trace;high_gas_used_context;token_activity_burst,0xac9650d8,true
25747349,0x5c0b93e7572d47bc80cbefcb4206437a1a551808f835722e3bc1b45e7a7c87f4,0xcea0ba6513977efaeb339752c5541372964f5d83,0x5c3593481cba011737e36ded62f1797c9f6afce1,2026-08-14T00:41:27,large_erc20_asset_flow;complex_trace,0x1cff79cd,true
25747349,0x0b32238a14d7dc9f101abd8ae33036f9c4115e3f465765999b07c9f83e5c42cd,0x80d04079ffc53eb14edbeeb37279d126f45552df,0x0e8606350cd13c6f0aaba57733c4a75bd765f5c6,2026-08-14T00:41:29,repeated_internal_token_drain;dense_internal_fund_flow;complex_trace;token_activity_burst;repeated_risky_internal_calls,0x8aaa8f3b,true
25747349,0x5035dd7c88883ffc26cca8168336a61c4c469c32a085a80fa3d20c1758550a39,0x4838b106fce9647bdf1e7877bf73ce8b0bad5f97,0xfeeeeee44046c3f61a8cc081e0918ef0de0a7ffc,2026-08-14T00:41:29,selfdestruct_context,0x6a7df323,true
25747349,0x91611dc90ee0829570a172576684a302f29eef767af10748d4706cd8f4757124,0x7830c87c02e56aff27fa8ab1241711331fa86f43,0xa9d1e08c7793af67e9d92fe308d5697fb81d3e43,2026-08-14T00:41:29,dense_internal_fund_flow,0x1a1da075,true
25747349,0xab9cc76e667305953f161de3bc52f35951904fec72c8cd6d169f2f05118fcb48,0xe8aacac49c4645a92ec2232ea33a8175c865a6bc,0xf4e147db314947fc1275a8cbb6cde48c510cd8cf,2026-08-14T00:41:29,privileged_execution_context,0x760d0f9d,false
25747349,0xd7e0b4e966598ff9f3370fc427b77dcbc9183e344e40796ce8060eb09fa26055,0x59aab1bd0d26290274398c07b55955c15425e16b,0x00fe78205f5f0e63b8ad2b2ae5337f538a610e04,2026-08-14T00:41:29,complex_trace;high_gas_used_context,0x34fcd5be,false
25747350,0x2318aa5653f9b6e3485d3620e47cea931a72cb01bcb1bdb847ae6f22ffd72aee,0x1584a8ee67789d1fe161065388657ad2f2a3c7dd,0x77eb52e44db06777bce478159f25c0d55a295314,2026-08-14T00:41:36,repeated_internal_token_drain;dense_internal_fund_flow;complex_trace;high_gas_used_context;token_activity_burst;repeated_risky_internal_calls,0xa9059cbb,true
25747350,0x3138dc5b0b4631e634aba1d9a5b38e43703262e387211372062890d3854317a0,0x2b3fed49557bd88f78b898684f82fbb355305dbb,0x09c30cdcdd971423cb3ba757a47d56c35d06d818,2026-08-14T00:41:36,dense_internal_fund_flow,0x318adb8b,true
25747350,0x97d12c8cddb787a8cccae8ab719781b8b28d37e3c32c8b853c412d2a04ffb9d0,0xb1ca4a18aff443656f407fa8be3533ff27dde911,0x9da8b48441583a2b93e2ef8213aad0ec0b392c69,2026-08-14T00:41:36,complex_trace;high_gas_used_context,0xe7c438c9,false
25747350,0x9c70145873e891dfeddc39e60ee904d8ee24de56d7d6e31779ae573666ad73fc,0x70e59f9c304e4d5096bd408b571e2dcd99c3120b,0xad3b67bca8935cb510c8d18bd45f0b94f54a968f,2026-08-14T00:41:36,complex_trace;high_gas_used_context;token_activity_burst;approval_burst,0x146ee74d,false
25747350,0xafb4818629d75631cc643b096e2d8d11b9a63063d4862192a55fe45a6ba0c8f9,0x4838b106fce9647bdf1e7877bf73ce8b0bad5f97,0xfeeeeee44046c3f61a8cc081e0918ef0de0a7ffc,2026-08-14T00:41:36,selfdestruct_context,0x6a7df32f,true
25747350,0xc0edc5385c0ac211b4f3097e4e0cc11c6b69462d441d04f55f24852c0a49f1bb,0x2a691723fa94b2e38c1cda37dc64c7298f73378d,0x888888888889758f76e7103c6cbf23abbf58f946,2026-08-14T00:41:36,large_erc20_profit_to_sender;large_erc20_asset_flow;complex_trace,0x594a88cc,true
25747350,0xc36393e6342529a738d12cace2cf605265ce2390a3320fef7d44d370adaccaab,0x7830c87c02e56aff27fa8ab1241711331fa86f43,0xa9d1e08c7793af67e9d92fe308d5697fb81d3e43,2026-08-14T00:41:36,large_erc20_asset_flow;token_activity_burst,0xca350aa6,true
25747350,0xdc9e87c28f3816173cf27f3e03d3a059caf4dcb30e9316d50737988c5cbdfbbb,0x09cfee647fa339133380191c8db6b44f24500c9d,0x77b85afbcd336993ac1c65057531c5a5b33b76b8,2026-08-14T00:41:36,repeated_internal_token_drain;dense_internal_fund_flow;complex_trace;high_gas_used_context;token_activity_burst;repeated_risky_internal_calls,0xa9059cbb,true
25747350,0xf7389b3e4bb394d9829923349aea7c2b73bc8e03e93f110e7f3d3c11982abe70,0x331d9a049d496385998067abf6cbb6371c8d2466,0xca11bde05977b3631167028862be2a173976ca11,2026-08-14T00:41:36,dense_internal_fund_flow;complex_trace,0x174dea71,true
25747350,0x3c1e660189d3efa69befe959a856df0f656d9190535cc5129e2e5e145da34fc0,0xa155ff77dace0a218cc3a2390f2629de2d0b267e,0xca7dbc6846a8de392cb18cffbbfef726cb1e2f7a,2026-08-14T00:41:37,privileged_execution_context,0xf2fde38b,false
25747350,0xae49318f4252db96278c53f2e42b381340d6ec48065e07390e1b87392e4d8daf,0x4838b106fce9647bdf1e7877bf73ce8b0bad5f97,0xfeeeeee44046c3f61a8cc081e0918ef0de0a7ffc,2026-08-14T00:41:37,selfdestruct_context,0x6a7df32f,true
25747350,0xb3d83c01a4a003020194c27b9eb55a5ae671d31b5892455fa8fa00b40a4ac728,0x9919820b06b75c14e2a205089485621dc9b0fefc,0x28b1dc1a5e3699a428bc51d234dfab7c9cb2a183,2026-08-14T00:41:37,complex_trace;high_gas_used_context,0x0c307f76,true
25747351,0x77607cc0cd22e3f5b774ef22f411e1068989fe1985a5a3e21da05ab17e34a402,0x5b43453fce04b92e190f391a83136bfbecedefd1,0xbdb3ba9ffe392549e1f8658dd2630c141fdf47b6,2026-08-14T00:41:38,repeated_internal_token_drain;dense_internal_fund_flow;very_complex_trace;high_gas_used_context;token_activity_burst;repeated_risky_internal_calls,0x000000c3,true
25747351,0x9f1269abb90b07050d8545538a8c4d8e6013c672e9952ccdda6736c2b1f8dacd,0x4838b106fce9647bdf1e7877bf73ce8b0bad5f97,0xfeeeeee44046c3f61a8cc081e0918ef0de0a7ffc,2026-08-14T00:41:38,selfdestruct_context,0x6a7df33b,true
25747351,0xeb17937712a2efc6f8dbcd88bd26e05c9ac8751ad8dede76309cbbb7f8e0adc9,0x5b43453fce04b92e190f391a83136bfbecedefd1,0xbdb3ba9ffe392549e1f8658dd2630c141fdf47b6,2026-08-14T00:41:38,dense_internal_fund_flow;large_erc20_asset_flow,0x000000cc,true
25747351,0xfb627c80398c8b3be0bf3d157dd2114dad19ed802408250fd82e9c299ca93855,0x5b43453fce04b92e190f391a83136bfbecedefd1,0xbdb3ba9ffe392549e1f8658dd2630c141fdf47b6,2026-08-14T00:41:38,repeated_internal_token_drain;dense_internal_fund_flow;complex_trace;high_gas_used_context;token_activity_burst;repeated_risky_internal_calls,0x000000c3,true
25747352,0x0301135ee633d6ba382a343595aeb46781cca020775b25b23bc3a0d7e6bcbeb4,0x9dd15b92a47dd4df58d31ada9e68388b7c0daede,0xe69b0e2a60794fb02e3fbe0cb864c766d50a6247,2026-08-14T00:41:44,large_erc20_asset_flow;complex_trace,0x2e6940e9,true
25747352,0x22e7e65a9acde779dfb5e12393ef106ce635cdbbcda6fd5398f7bee98e299dee,0xb7554f88045be5327a6ffd4253867ffeda3a82fb,0x9c2ff3c21945ddaef4605b7721e01832fd2f4a41,2026-08-14T00:41:44,dense_internal_fund_flow;complex_trace,0xc8f53c6d,true
25747352,0x95d45d4d92fd9358e52a6ae1d4d20d739ccdb893a06136c5aff933f5fe540855,0xb88842d381592429cada3b3475efd61eaff2751d,0xec4fb7e7c35c241e1138a2d8cfbb09f3ad1ccb22,2026-08-14T00:41:44,large_erc20_asset_flow;complex_trace,0x349fc6bf,true
25747352,0xd3413c4f357b09f5437cc1751c20a6c0f937878dda72409601d64475afa46ce6,0xbee4b69f6821ee7196182788392ff188bac99011,0xbee3211ab312a8d065c4fef0247448e17a8da000,2026-08-14T00:41:44,large_erc20_asset_flow;complex_trace,0x4cf3fe9c,true
25747352,0xdc2a58c85aeceebeebfc9f2cc6929a35cc482deac9ccb74289a06201a97ef452,0xbee14f66362a80679f13a3400335c0aa42aea501,0xbeef02961503351625926ea9a11ae13b29f5c555,2026-08-14T00:41:44,dense_internal_fund_flow;large_erc20_asset_flow;complex_trace,0x64f5e9e7,true
25747352,0x0ea398aa25cf75ae1880560b0cd24e9955e3a18c080cea7c010b4682bba9881e,0x43b2f01186fda9814c5f40770554ac68fd8304bd,0x1bd4b947a1b51284293a858fe0944a565e4c8946,2026-08-14T00:41:45,dense_internal_fund_flow;token_activity_burst,0x7111a994,true
25747352,0x8c1f7aecc5dfa64c0ab414754469accede7dd93ffe864b1053211bc9896493f8,0x363f5345d09f6d7e04c0be8233a65c0601b6d19c,0xe69b0e2a60794fb02e3fbe0cb864c766d50a6247,2026-08-14T00:41:46,dense_internal_fund_flow;complex_trace,0x2e6940e9,true
25747352,0xb0f677778e072d10e93542848d92714821b1951843985608581b9ef1422b95d9,0xa45f9eb05e172e1aa7f9bf1621d55334dfc0ed09,0x1ca8db85cdaa71c821cd90e097302e02cdd5c64d,2026-08-14T00:41:46,dense_internal_fund_flow;complex_trace;high_gas_used_context,0x601881f3,true
25747352,0x561fffa68b96a35985e9c785ee90d8f4f12fb7ad4a202bdd555d49658b56e8ce,0xe836ef5abbcde8c2a22c299f639cc9480aa52219,0xd226997439ecfbeff8e110c8c78c8a7eefd19f89,2026-08-14T00:41:47,large_erc20_asset_flow;complex_trace,0x99999999,true
25747352,0x945b71f5f9059d78b9d184c1b239b7374040c3f5f9146ddbc4fdc47ad3ed724f,0x9fc3da866e7df3a1c57ade1a97c9f00a70f010c8,0xfeeeeee44046c3f61a8cc081e0918ef0de0a7ffc,2026-08-14T00:41:47,selfdestruct_context,0x6a7df347,true
25747352,0xbb05ac6532559d738612ac0bb76b496cec7b589cb54753af8f814ea42ee1d992,0xae2fc483527b8ef99eb5d9b44875f005ba1fae13,0x1f2f10d1c40777ae1da742455c65828ff36df387,2026-08-14T00:41:47,large_erc20_asset_flow;complex_trace,0x2bd0bd21,true
25747352,0xc250237688564c18958ee0e6d363dc5836143dfbb4155ebc01491d54941a29fa,0xae2fc483527b8ef99eb5d9b44875f005ba1fae13,0x1f2f10d1c40777ae1da742455c65828ff36df387,2026-08-14T00:41:47,large_erc20_asset_flow;complex_trace,0x2bd0a0b8,true
25747352,0xeda334c07afc609d748325188f63743ebbac6333fef40594d66e5c2299e55d2c,0x333c92538e7f47d17c79e5975d4e40e901427558,0x06cff7088619c7178f5e14f0b119458d08d2f5ef,2026-08-14T00:41:47,dense_internal_fund_flow;large_erc20_asset_flow;complex_trace,0x99999999,true
25747353,0x3dcb9d39166721f3867ddf60673ed109b90ba6d7ac2f8c7fc6641eeb36b889a6,0x5b43453fce04b92e190f391a83136bfbecedefd1,0xbdb3ba9ffe392549e1f8658dd2630c141fdf47b6,2026-08-14T00:41:57,dense_internal_fund_flow;complex_trace;high_gas_used_context;token_activity_burst,0x000000c3,true
25747353,0xb95a6dcad9b7fddc7b216e8cf596a56fe47eba4f0ecc0853459a56f546834339,0x4838b106fce9647bdf1e7877bf73ce8b0bad5f97,0xfeeeeee44046c3f61a8cc081e0918ef0de0a7ffc,2026-08-14T00:41:58,selfdestruct_context,0x6a7df353,true
25747353,0xc46b6172bab1bd124388377860548e90b1ce3a5322169ff1bb0ae8bbc84b0de1,0x70e59f9c304e4d5096bd408b571e2dcd99c3120b,0xad3b67bca8935cb510c8d18bd45f0b94f54a968f,2026-08-14T00:41:58,repeated_internal_token_drain;dense_internal_fund_flow;very_complex_trace;high_gas_used_context;token_activity_burst;approval_burst;repeated_risky_internal_calls,0x146ee74d,true
25747353,0x501cd366fe6027b2066c15984d0f707595a4ad7e18aa90fdbef5e8a8517dda49,0xdc539c08fea3c195aabf175976af8ef666193b2e,0x03f34be1bf910116595db1b11e9d1b2ca5d59659,2026-08-14T00:42:00,dense_internal_fund_flow;complex_trace,0xe47d166c,true
25747353,0x8e799a255265a5912388a250ad89038f51453e8704edda6b1f3bc8f495f1231c,0xbeea3fc7f306cbba9b292f247455b92ad66b3500,0xbeef02961503351625926ea9a11ae13b29f5c555,2026-08-14T00:42:00,dense_internal_fund_flow;complex_trace,0x64f5e9e7,true
25747353,0xbffc9bdebe30b5baba92aa3994d975d5cb1b0b1674af57355625fd8357f90c43,0x4838b106fce9647bdf1e7877bf73ce8b0bad5f97,0xfeeeeee44046c3f61a8cc081e0918ef0de0a7ffc,2026-08-14T00:42:00,selfdestruct_context,0x6a7df353,true
25747353,0xd2e0f6af907c6333e46407d1e20b06d5ae9438be719929e2742f9cdd1ad56946,0x24e0e70267a2ffa87ea8069f1f8a2e92fd6e3f45,0x950fd558f47e234a2fde23b7d61f7ccdbcb4a86f,2026-08-14T00:42:00,large_erc20_asset_flow;complex_trace,0xdd225095,true
25747353,0xff5367445a55a8fcd461497e77f4cc25e733caa749e2de0e78d686b2a57ffd38,0x571b01c14d4b5ebb9cef01c9d41b6a2fc930c0f8,0x0a8accba63f42e743a31f33c44b87be0c83fe230,2026-08-14T00:42:00,complex_trace;high_gas_used_context,0x99000000,false
25747354,0x5285addcb791c5dd182f4863e732021293fa9f1382c3dd843eab119bef1f96fc,0x18dd3c14e34c1bc379f7538068c59160d9f68e25,0xccc88a9d1b4ed6b0eaba998850414b24f1c315be,2026-08-14T00:42:05,complex_trace;high_gas_used_context,0x0a2b8f36,false
25747354,0x52da1405476c293b3507179882d0ac3275c048c114698e690125d0407c12b417,0x4838b106fce9647bdf1e7877bf73ce8b0bad5f97,0xfeeeeee44046c3f61a8cc081e0918ef0de0a7ffc,2026-08-14T00:42:05,selfdestruct_context,0x6a7df35f,true
25747354,0x5a06676a77690a282f3bfe8ea9bef4e1a982b0d5fe368e07ec6e4f00e493b2dd,0x4337015333e7c8a3c5af4acd2c4aa4befb0d663c,0x4337084d9e255ff0702461cf8895ce9e3b5ff108,2026-08-14T00:42:05,dense_internal_fund_flow;complex_trace;high_gas_used_context,0x765e827f,true
25747354,0x5ce10d3229419942b7799f2c62a62df1a13a588784f5639ab2d3ec703dbc3b52,0x18dd3c14e34c1bc379f7538068c59160d9f68e25,0xb92fe925dc43a0ecde6c8b1a2709c170ec4fff4f,2026-08-14T00:42:05,complex_trace;high_gas_used_context,0xcd6e13f7,false
25747354,0x6fcdf875690450d51a7b87870d243e068e2e292f6f5e1ffb65f097c7b9d13791,0xc63bea30464bbc41d78f2b56b2c6f93fd3cbf82d,0x99e66f3ce49266bd04a64d989ea63df0b8f43b80,2026-08-14T00:42:05,large_erc20_asset_flow;complex_trace;high_gas_used_context,0x02f602f6,true
25747354,0x70c31e20fdeb36d9932fc9cc1aa0a45eb623239a5f1f7c15c7f5ef580f999b64,0x0124d0fa0dfb1430dfcff16ec6a96945e7a0bc10,0x36331e299247e5d0d3261e1d9852f6e0cffee95c,2026-08-14T00:42:05,dense_internal_fund_flow;complex_trace;high_gas_used_context,0xca8bd1f9,true
25747354,0xa79ae82ff287a025e68bf37eec6b0640db54e03865413dc517a1caf2b721c899,0xce54f65abb8b61b83c14cbe97de97fce75bbf556,0x0000000071727de22e5e9d8baf0edac6f37da032,2026-08-14T00:42:05,very_complex_trace;high_gas_used_context,0x765e827f,false
25747354,0xadc8147b2934e9a5bf07e6aeb2db38c0c86314befa30c5f0e8e42e95c07a9b96,0xd0a6db95f52d2a0285bf2f920c9bd527407b47a8,0xa9d635ef85bc37eb9ff9d6165481ea230ed32392,2026-08-14T00:42:05,dense_internal_fund_flow;complex_trace;high_gas_used_context,0x13d79a0b,true
25747354,0xb8201ee17d0e6912b38a5ff04131b7f55087eb99c79d33d98fb4d3d824885988,0x0200a607c87671dc40d2dcb56784ecc34aa6ce3b,0x211f4039d132f2cc22f656330c315e52a576c0bc,2026-08-14T00:42:05,complex_trace;high_gas_used_context,0x095ea7b3,false
25747354,0xc555c85bbc01e7793463e235077e8bd6061d2abdfd1f171ea4a2a03c941fa88e,0x7556699aa8e6a7c9c69bcfaf9debd05f8192b063,0x84cab37995229530d9e6e5cff2f8f4ebe4517d66,2026-08-14T00:42:05,dense_internal_fund_flow;complex_trace;high_gas_used_context,0xe587456a,true
25747354,0xc6a7c9f3be03e44c1d27f3da96a3ae083d510034c7cb4a2ea66c359860ee6a6a,0x025080f14aa3305049f9ce08d7b92368d54cb9b6,0xcb0151ac9479a6a0261622baa63ae843c9793d45,2026-08-14T00:42:05,repeated_internal_token_drain;dense_internal_fund_flow;very_complex_trace;high_gas_used_context;token_activity_burst;approval_burst;repeated_risky_internal_calls,0x64cd187f,true
25747354,0xf90231f47b65f861f7ca1f46cf90965b43bcdc7da13f547809f6a94c09451147,0xd059075bf71107c56522b60354feb51edd1654bf,0x6131b5fae19ea4f9d964eac0408e4408b66337b5,2026-08-14T00:42:05,complex_trace;high_gas_used_context,0xe21fd0e9,true
25747354,0x3054e8d394abdf50616213685fb5ce4d13a69a5612e963e2a617e8305f543378,0xc6acbee42e9e323140c1ed060c2f6ea9cc3b4b75,0x7c5a71c9fefbc7691f9d4ac7baf70c743792f716,2026-08-14T00:42:07,selfdestruct_context,0xf3fef3a3,false
25747354,0x3bd93e98c98cb00eae195f85c16b52e6b1032053ece02980333d90784c316168,0x4337038429b76948ee97eb2d8115513277c3abf5,0x0000000071727de22e5e9d8baf0edac6f37da032,2026-08-14T00:42:07,privileged_execution_context;complex_trace;high_gas_used_context,0x765e827f,false
25747354,0x71c8bac4e501a99ee7015d8cffd6a6058e4106b8ab958104ccda5ba18295748f,0x276753fa01381fe1c649116ff427d5e05cb7e93d,0xb300000b72deaeb607a12d5f54773d1c19c7028d,2026-08-14T00:42:07,complex_trace;high_gas_used_context;token_activity_burst;approval_burst,0x810c705b,false
25747354,0xc96a748917a81d6ec4bea469b882641b7ff325a1f27a69b67991b1eb4bcfc553,0x5c096ef846447cb935c5d247e4ab2a867ecc33a9,0x00000f91109c4d0007e90000d9facad5298a0cac,2026-08-14T00:42:07,complex_trace;token_activity_burst,0x00000000,false
25747354,0xe4d87df04fe1ebca4a99f41331620e1589bdd9b7c3422ed25ce8b299bf76ddf6,0x4337020f43d3d7d2f5e4160397efea49aefa5e7d,0x0000000071727de22e5e9d8baf0edac6f37da032,2026-08-14T00:42:08,large_erc20_asset_flow,0x765e827f,true
25747354,0xc8d3c386116e9ab852c0b5dc88825d6030504dbfc7028d36dc9d0adaa365e9e6,0x4838b106fce9647bdf1e7877bf73ce8b0bad5f97,0xfeeeeee44046c3f61a8cc081e0918ef0de0a7ffc,2026-08-14T00:42:10,selfdestruct_context,0x6a7df35f,true
25747355,0x623692bfbb89796c21a3f5d400d5474351e0d5908509c9433d048c866cc1bd56,0x7830c87c02e56aff27fa8ab1241711331fa86f43,0xa9d1e08c7793af67e9d92fe308d5697fb81d3e43,2026-08-14T00:42:18,dense_internal_fund_flow,0x1a1da075,true
25747355,0x0ee724a0896bcbdd858b557e3a68363d57cc71e1dbb14e2b53ee45a91670ca42,0x000000000005c5dc1cc0fec6fd472f1cfe92957b,0x00000000000762339537bd0fd01e44f661bd8f67,2026-08-14T00:42:19,complex_trace;high_gas_used_context;token_activity_burst,0x00040000,false
25747355,0x9923da3d0e98ef5dae5790158c4528339f87419ff0684baf094d8b4abb81d0e1,0x4a92e9510bf909876f64ca3e9547a1f236a7cd7c,0x0000000000000068f116a894984e2db1123eb395,2026-08-14T00:42:19,complex_trace;high_gas_used_context,0x87201b41,false
25747355,0x546e9ecbba568e632d94bbe1589618cda2884439eb96d22b91ba638beabe049c,0x92a9db347130e0495bcb8b948dbe66f553592110,0x6566194141eefa99af43bb5aa71460ca2dc90245,2026-08-14T00:42:20,large_erc20_asset_flow;complex_trace,0x374f435d,true
25747355,0xb348a15b89e0cce99c839436e0d423fece9f3397b4e34d39dbc447b48cc1c966,0x2abdeabcf5e229560d24ea546a029bfb24e5e268,0xb300000b72deaeb607a12d5f54773d1c19c7028d,2026-08-14T00:42:20,large_erc20_asset_flow;complex_trace,0x810c705b,true
25747356,0x86b23198282bb3d88c588faf5f30d2ed7be2c0a88b0cb47a4804f73b0f2e14ea,0x3989a4694710b3f7b0f50bf1f59a3b7dd52c8b5f,0x88649f4743a758171077b98ee2003f1989b1615a,2026-08-14T00:42:30,complex_trace;high_gas_used_context,0x3271ba8d,false
25747356,0xe540c44b501bb4f49967c622f05f06562b9b4b93211edf8db23eb04b0fbb97de,0xbe0b407782a7599380fa726db315340126d62229,0x4d2fb5f8ec243fde4df1a9678b82238570c7e0e4,2026-08-14T00:42:30,repeated_internal_token_drain;dense_internal_fund_flow;complex_trace;high_gas_used_context;token_activity_burst;repeated_risky_internal_calls,0x6a761202,true
25747356,0xe603d292b37df5800a6643856760760fc6e8c59179e35568f52bd07906349a16,0x80d04079ffc53eb14edbeeb37279d126f45552df,0x0e8606350cd13c6f0aaba57733c4a75bd765f5c6,2026-08-14T00:42:32,repeated_internal_token_drain;dense_internal_fund_flow;complex_trace;token_activity_burst;repeated_risky_internal_calls,0x8aaa8f3b,true
25747357,0xe4c075c166851d94dc7f788c51e0d31209d4964ee568c246f5720d6898bc3c4a,0x4838b106fce9647bdf1e7877bf73ce8b0bad5f97,0xfeeeeee44046c3f61a8cc081e0918ef0de0a7ffc,2026-08-14T00:42:41,selfdestruct_context,0x6a7df383,true
25747357,0xf3715cd8cc8f49ccb856e8a5165b70653e6a0b319b04db3d7a4d996efc1228ed,0xc36ac214a6c250a3ee68f7493da56a778f161680,0x950fd558f47e234a2fde23b7d61f7ccdbcb4a86f,2026-08-14T00:42:41,large_erc20_asset_flow;complex_trace,0xdd225095,true
25747357,0x4a5b1370daa1cfd101f8dd6db8d3eae8b40dc97739a67392faa578b2885d5c97,0xa9919db56ca77c945c33e3de06119e23b93f7992,0x28b1dc1a5e3699a428bc51d234dfab7c9cb2a183,2026-08-14T00:42:43,complex_trace;high_gas_used_context;token_activity_burst,0x0c307f76,true
25747357,0x8f9aaa940954fd7ec000437175ab20c4a75f1872e2dc38c31b75634d5fb445f8,0x3442053d771747f7a21ac865810665765030c440,0xac9f360ae85469b27aeddeafc579ef2d052ad405,2026-08-14T00:42:43,dense_internal_fund_flow,0xe4899c13,true
25747357,0x96a2f25baa7559d3866692827a63e71273088a16507c9fbc7317d5621684dfbb,0xfa666bd8ec87d0dad7d1cb8f1bfaea24f276dbca,0x6131b5fae19ea4f9d964eac0408e4408b66337b5,2026-08-14T00:42:43,complex_trace;high_gas_used_context,0xe21fd0e9,true
25747357,0xa7d971da2bb94b0b6510d5191f81c62d70eb3d965937234f1e091f0952bc32ff,0x6f572c6d6b51ab79f6e07d288107a4fa7d159943,0x0000000000000068f116a894984e2db1123eb395,2026-08-14T00:42:43,complex_trace;high_gas_used_context;token_activity_burst,0x87201b41,true
25747357,0xd2150e54e528cb0ebfd75ca5a946493cd36bcd7c4081bcbe20a2380014520877,0x0000000000f8ad857dd192643af3f9ca93829bc6,0x00000000000762339537bd0fd01e44f661bd8f67,2026-08-14T00:42:43,complex_trace;high_gas_used_context;token_activity_burst,0x00040000,false
25747357,0xf0483696374c9008d1ef0548d535c1dfe3a17c067249d28d0014ca31c3999183,0x3dc37e42ee958a6abe4b5456b9a46270e5c23f07,0xb222da0f9c22ad2addcb0b0d6b150f398e44157a,2026-08-14T00:42:43,large_erc20_asset_flow;complex_trace,0xef4d7b75,true
25747357,0x2e04d5b8780b89b3c0a475d8b82ec6b2c908740df12801b0e00dfe25cfee9ae3,0xc6acbee42e9e323140c1ed060c2f6ea9cc3b4b75,0x7c5a71c9fefbc7691f9d4ac7baf70c743792f716,2026-08-14T00:42:44,selfdestruct_context,0xf3fef3a3,false
25747357,0x771f9aaba7b9d45b69dea353af9eab95b3ab36c56f96533106880e0d23922b76,0xbd554f774bc3101201a380ea03cc2bef18135a07,0x4b47d7291664beb43e03588e2698e10ba2cd21b3,2026-08-14T00:42:44,large_erc20_asset_flow;complex_trace;token_activity_burst,0x9eb723c7,true
25747357,0x8c001b7a77ca3a0c7468fa2b2173f6de0d7b7f1a9d942bb9d15430db02ee147f,0x50bf934781f63028c5c8ef49c4affe19a86d99b6,0x8d04cc7e86e687854eb41d9d43512b655b93184b,2026-08-14T00:42:44,selfdestruct_context,0xd20b83bb,false
25747357,0xaa59512563331076f24b315c9731dc82f87ead93089880517eacb6363632a65d,0xce54f65abb8b61b83c14cbe97de97fce75bbf556,0x0000000071727de22e5e9d8baf0edac6f37da032,2026-08-14T00:42:44,complex_trace;high_gas_used_context;token_activity_burst,0x765e827f,false
25747357,0xcb7537773bfb69c20643acab01c55ca5d00c3d1f2a810ab7e6bec0b20799017a,0x4838b106fce9647bdf1e7877bf73ce8b0bad5f97,0xfeeeeee44046c3f61a8cc081e0918ef0de0a7ffc,2026-08-14T00:42:44,selfdestruct_context,0x6a7df383,true
25747357,0x6fc8430c2df8d21a6141cb8c78798d2bd6207c00879dc6e39938c96434791393,0x8e7e67f2e6d80ca441b12556f6ffcb800f730b21,0x5b61db1e82ee0ee94a5c1fed019c1ff5bbb9e837,2026-08-14T00:42:46,privileged_execution_context,0x0ecaea73,false
25747357,0x76869024e548272a4a87043a57698ff7c1433cc3d5f7e368648734c78ca430f5,0x9d1b6e56dccf99d4eab9fea6f6717f52f84d8c44,0xb300000b72deaeb607a12d5f54773d1c19c7028d,2026-08-14T00:42:46,dense_internal_fund_flow,0x810c705b,true
25747357,0xaa0439823d98ae229d4b305dbc4885285d0536a1101d8a93f608a6d01232666e,0x4838b106fce9647bdf1e7877bf73ce8b0bad5f97,0xfeeeeee44046c3f61a8cc081e0918ef0de0a7ffc,2026-08-14T00:42:46,selfdestruct_context,0x6a7df383,true
25747358,0x01871adfa22246aa700fe509a98f417216aaeb55d390c4fb04ca4adaed72520c,0xe2da046340e00264c4f0443243a0565007ae08ac,0x595ca88510a9101bd40a244ae92d2a6fc860ea75,2026-08-14T00:42:57,complex_trace;high_gas_used_context,0x380db829,false
25747358,0x2255a3a3062d602794fee215a70349255ee521acd558fe3027693daf91c8b835,0xe2da046340e00264c4f0443243a0565007ae08ac,0x39b7f514c199e4beb1739576a2dbd4de7414981b,2026-08-14T00:42:57,complex_trace;high_gas_used_context,0x380db829,false
25747358,0x6a62944dff84194daf5dd39c8cc3c742fb2ccee0af5952bff1ce86872c38252c,0x0bde59981fdeac219ce9e618d27f193438bff786,0x81463b0f960f247f704377661ec81c1fd65b5128,2026-08-14T00:42:57,complex_trace;high_gas_used_context;token_activity_burst,0x9e2c9d20,false
25747358,0x6b48631cd6a984dbe84c0418e514748213ba8ed78a02a8569cb06525c44c512c,0xe2da046340e00264c4f0443243a0565007ae08ac,0x0939726264f2667429ef68e2b3734ecfbbad3abb,2026-08-14T00:42:57,complex_trace;high_gas_used_context,0x380db829,false
25747358,0x78ed84445e213e93d7aa2283f81a5a209f4faec04982ef937fcc55cc0badd6b2,0xe2da046340e00264c4f0443243a0565007ae08ac,0xa6d85f3b3be6ff6dc52c3aabe9a35d0ce252b79f,2026-08-14T00:42:57,complex_trace;high_gas_used_context,0x380db829,false
25747358,0xacefcb9208040e6aaa4985b367de3711e52c1b368bc6e597ba949d6ca180e4f2,0xe2da046340e00264c4f0443243a0565007ae08ac,0xe85bc6df4bce507fc789bcbefd6471abe5b93df2,2026-08-14T00:42:57,complex_trace;high_gas_used_context,0x380db829,false
25747358,0xe96901a2bd99691028c7426d1cf5775ce21e58cf215bca744b07f7d95ce6f31f,0x50fe5b3092dec443a0f641ccef83d6bd7603e6b7,0x6a000f20005980200259b80c5102003040001068,2026-08-14T00:42:57,large_erc20_profit_to_sender;large_erc20_asset_flow;complex_trace,0xe3ead59e,true
25747358,0x1397f9fb5d1d9ba832248d88313e259fdb4858502b47bfc277f949fdab5d4839,0x24e671c4be31f19dde3b02fac62ca467f61d4b8c,0xa4a7bb3831958463b3fe3e27a6a160f764341953,2026-08-14T00:43:00,complex_trace;high_gas_used_context,0xac9650d8,false
25747358,0x358fb4d5eba300df194a11bd275a81cc00cc55d6568757571eff73eb8351dd2e,0x1b878f3af0a7420ef87899696caad92e63e5c4ae,0xa0f1c3ad83e07d97b5e7030e177718be175275ea,2026-08-14T00:43:00,complex_trace;high_gas_used_context;token_activity_burst,0x12aa3caf,false
25747358,0x6152016f7e84d5c034b50bcaa104a372c672f0db86f40fbbe367d7e564ee1e66,0x2632c5b5db2b0d257183da1ebac86d8e8e8ac302,0x1231deb6f5749ef6ce6943a275a1d3e7486f4eae,2026-08-14T00:43:00,dense_internal_fund_flow;complex_trace,0xaf7060fd,true
25747358,0x8e638163a6f6c877b7a631c140930c1d8c336744dad18c66c7532d3bc97beae2,0xae2fc483527b8ef99eb5d9b44875f005ba1fae13,0x1f2f10d1c40777ae1da742455c65828ff36df387,2026-08-14T00:43:00,complex_trace;high_gas_used_context,0x2bad1c02,false
25747358,0xe148712b42e63447884b2ea007b88a774255e19e3be1e298060def97e56786f1,0xa8c80fb5853af0936bba45f011343683c5ce7697,0x0000000000001ff3684f28c67538d4d072c22734,2026-08-14T00:43:00,dense_internal_fund_flow;complex_trace,0x2213bc0b,true
25747358,0x122085076d191ec482f7852bfd27eaa8a03ef7dc26ee6c3ea4bc3f84bdce6973,0x59aab1bd0d26290274398c07b55955c15425e16b,0x00fe78205f5f0e63b8ad2b2ae5337f538a610e04,2026-08-14T00:43:01,complex_trace;high_gas_used_context;token_activity_burst,0x34fcd5be,false
25747358,0x13d9c4140bb7fb9a744fe6b52a50cee77ea108a739c78649e75a4d3ebe4b069f,0x1584a8ee67789d1fe161065388657ad2f2a3c7dd,0x77eb52e44db06777bce478159f25c0d55a295314,2026-08-14T00:43:01,repeated_internal_token_drain;dense_internal_fund_flow;complex_trace;high_gas_used_context;token_activity_burst;repeated_risky_internal_calls,0xa9059cbb,true
25747358,0x514e83acb30cf4a46b80fc683522fadcc73d6479a636e0ca56195f09711eb74d,0x09cfee647fa339133380191c8db6b44f24500c9d,0x3d9846705612c2db47edf659c48034c752f0da99,2026-08-14T00:43:01,complex_trace;high_gas_used_context,0xd47a1a27,false
25747358,0x65afc2d0ad5f9ee161fdcb532bc0fa7f41ba72cde03e067b6c490d433c506207,0x9ba4bd7b72b3a3966efff094e2c955448f7fa5a7,0xb118fbe8b01db24ede7e87dfd19693cfca13e992,2026-08-14T00:43:01,privileged_execution_context;complex_trace,0xf1f56853,false
25747358,0x76034d471a0dbdff958cda9d5d8881384e080af4fa6196adaf69d3abc727635d,0xdda3b51e29f9d6fad865c5dd7070d5f7eb57663e,0x8d8210a0252a706cb5de0c6f8e46b6d3692afc19,2026-08-14T00:43:01,complex_trace;high_gas_used_context,0xffc3a769,false
25747358,0xbcc047874ce18c3a7eae157e7a2a0a0a91c7642866eaf740d6da8cf7e29fc838,0x2f4e1a92dd8d3a57328c5a87cd6dcdb49ac8be7b,0xa0f1c3ad83e07d97b5e7030e177718be175275ea,2026-08-14T00:43:01,complex_trace;high_gas_used_context;token_activity_burst,0x12aa3caf,false
25747358,0x853d1a6353e8b344e2b65a253cb4273b7f60b1e41335e7809b40a0f7fead238b,0x161643f280b09be8e0271eef8efc6c264d125003,0xe1c4010b105c64b6d68b3b8318be293c892cb1db,2026-08-14T00:43:02,dense_internal_fund_flow;token_activity_burst,0xa9059cbb,true
25747358,0xa61a13ec689960201f55b476bc092683ab72cfc75591ac27a5969e405666c2f0,0x4838b106fce9647bdf1e7877bf73ce8b0bad5f97,0xfeeeeee44046c3f61a8cc081e0918ef0de0a7ffc,2026-08-14T00:43:02,selfdestruct_context,0x6a7df38f,true
25747359,0x4acac861c57c3f286f926593dba294c15ce1b646dfd32f5a02811e30d5981888,0x70e59f9c304e4d5096bd408b571e2dcd99c3120b,0xad3b67bca8935cb510c8d18bd45f0b94f54a968f,2026-08-14T00:43:05,repeated_internal_token_drain;dense_internal_fund_flow;very_complex_trace;high_gas_used_context;token_activity_burst;approval_burst;repeated_risky_internal_calls,0x146ee74d,true
25747359,0xf154fdf1c10655667b4858818a06a1a217640b6e8f3211d5013c11dce071fcf0,0xfdd06eac8875185fa640f5b551dd6971341fe5d9,0x69460570c93f9de5e2edbc3052bf10125f0ca22d,2026-08-14T00:43:05,repeated_internal_token_drain;dense_internal_fund_flow;very_complex_trace;high_gas_used_context;token_activity_burst;repeated_risky_internal_calls,0xb25b1c31,true
25747359,0x2bcfc3dbda68ef093a2d5056303d10631200f683e97b19f4bf01939d8e63870b,0x3e00d14c2fc4bada34f57fdadb8e2fb2341eae90,0x84cc5f0bc0aa4bf47f3f60628c51cb1ab2745572,2026-08-14T00:43:06,dense_internal_fund_flow;complex_trace,0x60642803,true
25747359,0x38dda1d137c82094097002157b4e227e8c004092277997667e17b9cfb6e1f21c,0xc6acbee42e9e323140c1ed060c2f6ea9cc3b4b75,0x7c5a71c9fefbc7691f9d4ac7baf70c743792f716,2026-08-14T00:43:06,selfdestruct_context,0xf3fef3a3,false
25747359,0x3db8f4271a6d9d362ec61a3bdddb1fb495f3547a82439400c8d061ff5f0fee60,0xf60f7f5a535b17d2abdcbc408ac814635700dcaf,0x07964f135f276412b3182a3b2407b8dd45000000,2026-08-14T00:43:06,large_erc20_asset_flow;complex_trace;high_gas_used_context;token_activity_burst;approval_burst,0x6b3ec416,true
25747359,0x55fbc0f3af4efb501979d80daaec3247aae11aece486c57393c634c73a423a84,0x8a73185ecc9fa7a6417272656fb045318e9e0878,0x9640c8dd3b96fc35e08ddeba4d04637ba096c426,2026-08-14T00:43:06,large_erc20_asset_flow;complex_trace;high_gas_used_context;token_activity_burst,0x00000000,true
25747359,0xfec2ac134453ceb036a62b9790ff09879b8e2ecf96e45057025ee2ebf2660d8b,0xf5b99c98e5f4b5a99fe61d97533cdd408d5bfd43,0x069662d2588fcac24b5c209456db965d151556f0,2026-08-14T00:43:06,large_erc20_asset_flow,0xac9650d8,true
25747359,0xd00dbcf4f23d09dade514e36e0848c1678e406611afc2befbc6e2cab57597d5f,0x4838b106fce9647bdf1e7877bf73ce8b0bad5f97,0xfeeeeee44046c3f61a8cc081e0918ef0de0a7ffc,2026-08-14T00:43:07,selfdestruct_context,0x6a7df39b,true
25747360,0x63d5b1c864d23f0aecd8f0d1927b3a4a3dadc80bc73db57d457723f24dbf789a,0x5b43453fce04b92e190f391a83136bfbecedefd1,0xbdb3ba9ffe392549e1f8658dd2630c141fdf47b6,2026-08-14T00:43:24,repeated_internal_token_drain;dense_internal_fund_flow;complex_trace;high_gas_used_context;token_activity_burst;repeated_risky_internal_calls,0x000000c3,true
25747360,0x02a3341c460d5421517cb41645199bc6c1996616ebf2d93ca2ac89d0a3e17111,0x7830c87c02e56aff27fa8ab1241711331fa86f43,0xa9d1e08c7793af67e9d92fe308d5697fb81d3e43,2026-08-14T00:43:25,dense_internal_fund_flow,0x1a1da075,true
25747360,0x0d135359e5f90dac7074beed6cb8b0e20263e8b21ada6179b0a47b69d6a1915f,0x7cd2e1f1872852d24514736c4af65dd058bb182b,0xb222da0f9c22ad2addcb0b0d6b150f398e44157a,2026-08-14T00:43:25,large_erc20_asset_flow;complex_trace,0xef4d7b75,true
25747360,0x2697a4ca9d34ff59300a207616f9a72a066a5aa5eeb9b7755ffff9d7c972a3c8,0x43370402cbeba6ab53fbc8a52894537024a39269,0x4337084d9e255ff0702461cf8895ce9e3b5ff108,2026-08-14T00:43:25,dense_internal_fund_flow;complex_trace;high_gas_used_context;token_activity_burst,0x765e827f,true
25747360,0x2bcc790f019dd2752a1889eecda90cbc3cca72cf9d60320ee45fe32dd5023fd7,0x47f118fb95f33a38db8d3f847a642ee9b70acb1c,0x0000000000000068f116a894984e2db1123eb395,2026-08-14T00:43:25,large_erc20_asset_flow,0xf2d12b12,true
25747360,0x6a30ecc56cb55b075cbac1d8717da21e129a2bdb7a01b87cbfe03bc5c72d2652,0x7753a5b81e0add2d6965bcf94616d83d8af53192,0x9640c8dd3b96fc35e08ddeba4d04637ba096c426,2026-08-14T00:43:25,large_erc20_asset_flow;complex_trace;token_activity_burst,0x00000000,true
25747360,0x77b10d0e2fa7cf0785c922e3605a23a14cea23d8477d22af8514e5334c296222,0x016c2dbe5f38bd1b84ec28744b7dba4fbecc64b1,0x69460570c93f9de5e2edbc3052bf10125f0ca22d,2026-08-14T00:43:25,complex_trace;high_gas_used_context;token_activity_burst,0x60d09476,false
25747360,0x8ad4b3bcedaf9282daedb6f302a9ead3b2d5ab4169dde6b3668c990bc82840fe,0x24e671c4be31f19dde3b02fac62ca467f61d4b8c,0xa4a7bb3831958463b3fe3e27a6a160f764341953,2026-08-14T00:43:25,complex_trace;high_gas_used_context,0xac9650d8,false
25747360,0xd0711519d136f3951974772dea7ad331114d053497fcfa952f4af914da63def5,0x4838b106fce9647bdf1e7877bf73ce8b0bad5f97,0xfeeeeee44046c3f61a8cc081e0918ef0de0a7ffc,2026-08-14T00:43:25,selfdestruct_context,0x6a7df3a7,true
25747360,0x7c368e8af64cbe8828857414e46199e452ec192fd7e4d7f95ac61909f7e46a39,0x3333e56c3c6231399f45b81a371e0d47c5e69ebd,0xf4e147db314947fc1275a8cbb6cde48c510cd8cf,2026-08-14T00:43:29,privileged_execution_context,0x760d0f9d,false
25747360,0x2332c27d7fda2f3e6ca70782da39af16f6de8dd4a47b4117c3221213d6e7ddc3,0x4838b106fce9647bdf1e7877bf73ce8b0bad5f97,0xfeeeeee44046c3f61a8cc081e0918ef0de0a7ffc,2026-08-14T00:43:30,selfdestruct_context,0x6a7df3a7,true
25747362,0x11a4ee45218be8392771c2830d196ea1781b7f856aad3f7e02601e2d8d6824ee,0x9fc3da866e7df3a1c57ade1a97c9f00a70f010c8,0xfeeeeee44046c3f61a8cc081e0918ef0de0a7ffc,2026-08-14T00:43:39,selfdestruct_context,0x6a7df3bf,true
25747362,0x3bbae6a4b9d1dd24a0b1831b29a4a0e6524399e62b5023220daa34a0866d8727,0x77d43f01dc330e5f699fb603a09e62f099cec3fc,0xb300000b72deaeb607a12d5f54773d1c19c7028d,2026-08-14T00:43:39,complex_trace;high_gas_used_context;token_activity_burst,0x810c705b,true
25747362,0x7d3621eced894da633bf4f4cb003d236599457f80dcac956d96b64e85e15a0dd,0x2abdeabcf5e229560d24ea546a029bfb24e5e268,0xb300000b72deaeb607a12d5f54773d1c19c7028d,2026-08-14T00:43:39,large_erc20_asset_flow;complex_trace,0x810c705b,true
25747362,0xbf23a17e254ba90bb7f5db85b65b20fe4d94e576d5df582c5cfc6e87127dc913,0xa7b5ce53d71d2215d679642307adfa3f39de5448,0x78ace9b2ee9a31737fad748015266a59f32dc79a,2026-08-14T00:43:39,dense_internal_fund_flow;complex_trace,0x9265bb9d,true
25747362,0xf9916517ab54e32733966ffd2a54bf80a405696e9cc26c5bcb31672efe463be3,0x41bbfc78af815bf4bf4a16d8dfc3da67ed541803,0xd7a4e7f6513cf2a19cf0bc94b971d442b030a0ba,2026-08-14T00:43:39,large_erc20_asset_flow;complex_trace;high_gas_used_context;token_activity_burst;approval_burst,0x601881f3,true
25747362,0xfce439f8f787da664c55456a76a18bde196f039d4907479ce8c3ff6a9a0cb877,0xe75ed6f453c602bd696ce27af11565edc9b46b0d,0x81463b0f960f247f704377661ec81c1fd65b5128,2026-08-14T00:43:39,complex_trace;high_gas_used_context;token_activity_burst,0xa22c1718,false
25747363,0xaa6700705f5588c3b7ca7872886250bfef2ead3689ce08a4738a908f2b35516e,0xa5430cdbf0fc2217eac4d18059a77299ba1ae9bd,0x8f5835e9d756c9bd934bce527157a4b0ef3c5cb7,2026-08-14T00:43:44,large_erc20_asset_flow;complex_trace,0x4a7cf362,true
25747363,0x16e524b77c77d9624c792d1360bb62e2fd6a0fd12091e292b348acd93b160df3,0x59aab1bd0d26290274398c07b55955c15425e16b,0x00fe78205f5f0e63b8ad2b2ae5337f538a610e04,2026-08-14T00:43:45,complex_trace;high_gas_used_context,0x34fcd5be,false
25747363,0x50241d1233e744bafb1ea4f370d2602d008a4278eec11c8dd41a02899b22162b,0x80d04079ffc53eb14edbeeb37279d126f45552df,0x0e8606350cd13c6f0aaba57733c4a75bd765f5c6,2026-08-14T00:43:45,repeated_internal_token_drain;dense_internal_fund_flow;complex_trace;token_activity_burst;repeated_risky_internal_calls,0x8aaa8f3b,true
25747363,0x7affa0cd164a728215ce02e9c4c290f0e689990d496ab36726e046f3f510a1ef,0x59aab1bd0d26290274398c07b55955c15425e16b,0x00fe78205f5f0e63b8ad2b2ae5337f538a610e04,2026-08-14T00:43:45,complex_trace;high_gas_used_context;token_activity_burst,0x34fcd5be,false
25747364,0x8af48aa4b3444cfa2f15087a63d9931d7f14d51562a0d53655748fad6a6ca86b,0xd8ba9e5886b7000bace2c9dbdd0be98ac77d4a28,0x80a64c6d7f12c47b7c66c5b4e20e72bc1fcd5d9e,2026-08-14T00:43:47,dense_internal_fund_flow,0x3d0e3ec5,true
25747364,0x995f08ed93a4ac97b04e01b1f9088f63a43541c509fa02514d909fdbfd7bb1fc,0x5b43453fce04b92e190f391a83136bfbecedefd1,0xbdb3ba9ffe392549e1f8658dd2630c141fdf47b6,2026-08-14T00:43:47,repeated_internal_token_drain;dense_internal_fund_flow;very_complex_trace;high_gas_used_context;token_activity_burst;repeated_risky_internal_calls,0x000000c3,true
25747364,0xcf6087688d53b0fb242874de5a362ed3d98e79992e20c7b1f6dbc2ce18481de4,0x5b43453fce04b92e190f391a83136bfbecedefd1,0xbdb3ba9ffe392549e1f8658dd2630c141fdf47b6,2026-08-14T00:43:47,dense_internal_fund_flow;large_erc20_asset_flow,0x000000cc,true
25747364,0x25aa6ceec68b14f54949b70098c24449e89211ee7442b2a699da155fe9910729,0x4838b106fce9647bdf1e7877bf73ce8b0bad5f97,0xfeeeeee44046c3f61a8cc081e0918ef0de0a7ffc,2026-08-14T00:43:48,selfdestruct_context,0x6a7df3d7,true
25747365,0x2146ee170f788785fd226ad34c85335a27273084a0a4f3269de66108b76bd0e2,0x025080f14aa3305049f9ce08d7b92368d54cb9b6,0xcb0151ac9479a6a0261622baa63ae843c9793d45,2026-08-14T00:43:54,repeated_internal_token_drain;dense_internal_fund_flow;very_complex_trace;high_gas_used_context;token_activity_burst;approval_burst;repeated_risky_internal_calls,0x64cd187f,true
25747365,0x59fab4f4617a6882629ef69bc5dae49f9dce2029b324d800a8de11669dbce1d3,0x81ab0c503eaf9d39e106914200d178a078b9861c,0x979f4c003d69e03947782ad3cae02790f91ae79f,2026-08-14T00:43:54,dense_internal_fund_flow;complex_trace;high_gas_used_context;token_activity_burst,0x601881f3,true
25747365,0x7a519fba7e6645590349bf886d2abeebf0b1daa7b14e0dffb237c6cc4b461382,0x7e1cb9ba39643bef4f4574ce803290b40fc51d9b,0x9d00e2d2f935bd025a1d8e9995f4ffa3ac423335,2026-08-14T00:43:54,large_erc20_asset_flow;complex_trace;high_gas_used_context;token_activity_burst,0x601881f3,true
25747365,0x5c7f983b580cda486a9000decfad2e1103d1bd615b4343f0f19d65a2688bc3fe,0xc0ffeebabe5d496b2dde509f9fa189c25cf29671,0xe08d97e151473a848c3d9ca3f323cb720472d015,2026-08-14T00:43:55,complex_trace;high_gas_used_context;token_activity_burst,0x1d23a9c4,false
25747365,0xc46e1044c5318aca3d7d0ee405bf9073d7befcdbd21d0162b728c2801bfec100,0xc0ffeebabe5d496b2dde509f9fa189c25cf29671,0xe08d97e151473a848c3d9ca3f323cb720472d015,2026-08-14T00:43:55,dense_internal_fund_flow;complex_trace;high_gas_used_context;token_activity_burst;approval_burst,0x1d23a9c4,true
25747365,0xf687fc125f926567527da4b64b79f445138bd538a7b4bc57223f44a6249f027e,0x1f6c1eb450b5fa734df678650f856f1d7a5eacf0,0x950fd558f47e234a2fde23b7d61f7ccdbcb4a86f,2026-08-14T00:43:55,large_erc20_asset_flow;complex_trace;token_activity_burst,0xdd225095,true
25747365,0x1f6725355d3c2b4df109e722a7bc881ae9f867a62ffc016041f1f9055e1ff308,0x194cf1b8727f1593660a2358e0fe59130710667b,0x9bb0c6aeaac4074cd8794d64684c733ed25aa07c,2026-08-14T00:43:58,complex_trace;high_gas_used_context;token_activity_burst,0xa5e874a1,false
25747365,0x4177155d74644d2c0d429ca365c0e40937cbe070282b631b2a11f5b73a6efdf4,0xf0777aff9301ff7d0af60e49b49488aa0861e63f,0x632eec87e1a4c181a7a4aa67ca23d21af558ac60,2026-08-14T00:43:58,complex_trace;high_gas_used_context,0x111966f6,false
25747365,0x47a53da6ad9a1e46b4223adda7de5218d5a302f282fed14fdb794c8d1d49a316,0xad6e863f0af92801fc18a3aa205d6c6c440b6b21,0x950fd558f47e234a2fde23b7d61f7ccdbcb4a86f,2026-08-14T00:43:58,dense_internal_fund_flow;complex_trace,0xdd225095,true
25747365,0x5ac32897129f83f83a98f71401deebf97564845d4b2d5e1c6e3b13acecf65016,0x78a32195c3a6d50f87a4718aa5442bdd1db9fe5a,0x0000000000001ff3684f28c67538d4d072c22734,2026-08-14T00:43:58,large_erc20_asset_flow,0x2213bc0b,true
25747365,0x5c9598d1f58947aa3fdd56a42c2640bd18ce24c3606a911fb8eca1fbaa6650cf,0x5bf7e6e4e4aef3580f8b4fdce45c70a8e16c9f09,0x64338fd8e7b1918b4a806a175e26ed152b3d0b7b,2026-08-14T00:43:58,dense_internal_fund_flow;large_erc20_asset_flow;complex_trace,0x06dc8bea,true
25747365,0x64fb92fd79a72dbec15ac1866a8c81328f277485d001a78fe83f988a6b707698,0x7830c87c02e56aff27fa8ab1241711331fa86f43,0xa9d1e08c7793af67e9d92fe308d5697fb81d3e43,2026-08-14T00:43:58,large_erc20_asset_flow;token_activity_burst,0xca350aa6,true
25747365,0x773c0a4b70ca94f8faf244cacb17909900938af22511c70d1fbf42c3c15211f0,0xc0ffeebabe5d496b2dde509f9fa189c25cf29671,0xe08d97e151473a848c3d9ca3f323cb720472d015,2026-08-14T00:43:58,complex_trace;high_gas_used_context;token_activity_burst,0x1d23a9c4,false
25747365,0xb1f275617aa1bc7e10a8b182bba77e8e4e6ba3fb895f36375f221fc6320578e6,0x75be8f7d2a8feb9685c9ada168a502d70e20bf98,0xf9280799c85d376e0425f6fb38e4a674e8bedb56,2026-08-14T00:43:58,dense_internal_fund_flow,0x39ecce49,true
25747365,0xba6d5fd56087d940f3d95305a11e172caf317960bc30f25776bb073496bbc6f3,0xa9fa2ce13c87f346f07ab4b99ec6089f896eee82,0xa6c840a62fc019d210a4253da6972dcf50f51592,2026-08-14T00:43:58,large_erc20_asset_flow;complex_trace,0x88000000,true
25747365,0xd0fb9df0ed66ee1a5de839d96ff79f22f04b04b8a70a5f28d9a8dcbcb9946ead,0x7830c87c02e56aff27fa8ab1241711331fa86f43,0xa9d1e08c7793af67e9d92fe308d5697fb81d3e43,2026-08-14T00:43:58,dense_internal_fund_flow,0x1a1da075,true
25747365,0xd6225ad953b187907c305bfe6547ffe087a49dad80388c768c25dbbe4a862441,0x9d5de7440a9a0b29882ee7c96783bb4e75a811a1,0x32e91651df770d9de9974a4df007cee74ba9d243,2026-08-14T00:43:58,large_erc20_asset_flow;complex_trace,0xe329f86b,true
25747365,0xff6fb935850e3d91f49c9b07daa54fecaed79b93c77a357b65a99c7cdbfd8ff8,0x4838b106fce9647bdf1e7877bf73ce8b0bad5f97,0xfeeeeee44046c3f61a8cc081e0918ef0de0a7ffc,2026-08-14T00:43:58,selfdestruct_context,0x6a7df3e3,true
25747366,0xa0c1f05dd2c7cf180f195c90c395920886dc50c326d396e21e69f80acf02453e,0xd5210826a953dacf9c9d32ce550b37f9252d2f4a,0xec6fc9be2d5e505b40a2df8b0622cd25333823db,2026-08-14T00:44:09,large_erc20_asset_flow;complex_trace,0x6440a7b4,true
25747366,0xdbd074712c9f962cbd94eaf5ef7f88b86e7cd4f052d2fee3bb62976e7f0e606f,0xbeea3fc7f306cbba9b292f247455b92ad66b3500,0xbeef02961503351625926ea9a11ae13b29f5c555,2026-08-14T00:44:10,dense_internal_fund_flow;large_erc20_asset_flow;complex_trace,0x64f5e9e7,true
25747366,0xffccd10820b8919c47db09fe139065e24df42b2a740c2563bcfff811b74a7764,0x50fe5b3092dec443a0f641ccef83d6bd7603e6b7,0x6566194141eefa99af43bb5aa71460ca2dc90245,2026-08-14T00:44:10,large_erc20_asset_flow;complex_trace,0x374f435d,true
25747366,0x0d2948379392cb18513134ef901489dd55c9da7d68d9ce7026aaa788fb2ac8cb,0x88b1ad79e3e53eff85d18686363d4a8c191de144,0x2729392046fa4c36324308326397098a7c99912b,2026-08-14T00:44:11,dense_internal_fund_flow;complex_trace;high_gas_used_context;token_activity_burst;approval_burst,0x601881f3,true
25747366,0x6c1ddbc8e5cb1eda34a8a519b10ac6c2c7617b15e00f04201282a5ad55f0def0,0x4838b106fce9647bdf1e7877bf73ce8b0bad5f97,0xfeeeeee44046c3f61a8cc081e0918ef0de0a7ffc,2026-08-14T00:44:11,selfdestruct_context,0x6a7df3ef,true
25747366,0xa6d6ddb7bca7606a2b41c74070a2471d1589cb2d481a2e66f9b84205ec092c36,0x4337013ef5cd421cef649fc58c1b0defd37bbeb1,0x4337084d9e255ff0702461cf8895ce9e3b5ff108,2026-08-14T00:44:11,dense_internal_fund_flow;complex_trace;high_gas_used_context,0x765e827f,true
25747366,0xada9c75908f793e8a14562932a0b7a65379d5dd4d56072b0eb22a7695e95b697,0x97a9d249751f7453411d9291a212e6c04ce5fc9d,0xcfbfac74c26f8647cbdb8c5caf80bb5b32e43134,2026-08-14T00:44:11,privileged_execution_context,0x4515641a,false
25747366,0xd49501c7cbab52ff7885122260b8b61fee6a4834153a6fc76203a32122515b6c,0x0ea3c44e9e0289e853ec33b17b133f399b4230d2,0x50331f78bb159dece9148a2422275ba08b9def11,2026-08-14T00:44:11,dense_internal_fund_flow;complex_trace;high_gas_used_context;token_activity_burst,0x4c3f521d,true
25747367,0x3a2fc2573e6653b02b94e6f79e03c13f38e3c602577c92ac59e4af47d05c2f34,0xf70da97812cb96acdf810712aa562db8dfa3dbef,0xb92fe925dc43a0ecde6c8b1a2709c170ec4fff4f,2026-08-14T00:44:23,dense_internal_fund_flow;complex_trace;high_gas_used_context;token_activity_burst,0xcd6e13f7,true
25747367,0x62116a76d65d6c46ce9c6bfdb38e79ba71de6eabeca330b4c93eccbba4517978,0xbd60ce01e6cf712bdfb48a4634be27b34d40f647,0x91bec218906640186b18b084d53ea436657fbc8f,2026-08-14T00:44:23,complex_trace;high_gas_used_context;token_activity_burst,0xe2216330,false
25747367,0x6cdbc0cb0389d70288b3c1da109a31bf4b8f656db72825c316d6672ee6cdf3f3,0x5b43453fce04b92e190f391a83136bfbecedefd1,0xbdb3ba9ffe392549e1f8658dd2630c141fdf47b6,2026-08-14T00:44:23,dense_internal_fund_flow;complex_trace;high_gas_used_context;token_activity_burst,0x000000c3,true
25747367,0xf5503592a3617f7fd42d9ff2b7fc296ea5c8292d0058843fa2257c639c38d537,0x4337020f43d3d7d2f5e4160397efea49aefa5e7d,0x0000000071727de22e5e9d8baf0edac6f37da032,2026-08-14T00:44:23,large_erc20_asset_flow,0x765e827f,true
25747367,0x1d63a59a8dc2dff2dfc29ab588dc382980f99c84aa64d8586c315317d06bbb3e,0x50bf934781f63028c5c8ef49c4affe19a86d99b6,0x8d04cc7e86e687854eb41d9d43512b655b93184b,2026-08-14T00:44:25,selfdestruct_context,0xb5291b32,false
25747367,0x3dbcf051c2f7f17d36604693511d81d914e30cc4c0dd8845192840520937ae48,0x08ad0eadfc5643a944538f6b19e3cc3e5c4f4997,0x6566194141eefa99af43bb5aa71460ca2dc90245,2026-08-14T00:44:25,large_erc20_asset_flow;complex_trace,0x374f435d,true
25747367,0x0fabeddcd3dd723cadc0cdfcde18fee5e02953ffe74534e8db917fa74c74e4e7,0xeb69debb21f7f149b845c6d8d02b4276acc18419,0x1231deb6f5749ef6ce6943a275a1d3e7486f4eae,2026-08-14T00:44:27,dense_internal_fund_flow;complex_trace,0x2c57e884,true
25747367,0x6da14a3edfffd34f81f7ce0c1d5f6518ae5c924d5e21254367187aaba0c1ae5a,0x062ce42cae04c51d04e77e3d64cc8953a2296ffe,0x8a25a24ede9482c4fc0738f99611be58f1c839ab,2026-08-14T00:44:27,large_erc20_asset_flow;complex_trace,0x6a761202,true
25747367,0x8d0ac0f414fc71e8b4b3325dbddc253c0acc5fc69159a810429a2674907a2308,0xba8c22847ea773cab402d2c6b3489fb1a9ca9313,0xacddac6c77318b615f7f6fb9bb67c6833e9c05f1,2026-08-14T00:44:28,large_erc20_asset_flow;complex_trace,0x571d3dc7,true
25747367,0x67f4edae82d3f2f09368754b100b51676d80c634e494078060d839b08dc21e6e,0xd6e7f896833c4367b2b4db6f1768e4cf7d205abf,0x774b9655413c34809c1f1b16b654465a89ebe989,2026-08-14T00:44:29,large_erc20_asset_flow;complex_trace,0xac9650d8,true
25747367,0x968d2872df4501e95d25c001c8c98323b9e4c6b33e99bfb9957ccaa6772e472c,0x4838b106fce9647bdf1e7877bf73ce8b0bad5f97,0xfeeeeee44046c3f61a8cc081e0918ef0de0a7ffc,2026-08-14T00:44:29,selfdestruct_context,0x6a7df3fb,true
25747367,0x9bbcea608c1bfa24cab007cbd0b980e6d631cc4989d2b5e1139c254b417a06cf,0x4838b106fce9647bdf1e7877bf73ce8b0bad5f97,0xfeeeeee44046c3f61a8cc081e0918ef0de0a7ffc,2026-08-14T00:44:30,selfdestruct_context,0x6a7df3fb,true
25747367,0xbd907b188122626dac1bb19b48353c2dc2b35ec19fe52782f7e0c3d3c62ffdfe,0x9fc3da866e7df3a1c57ade1a97c9f00a70f010c8,0xfeeeeee44046c3f61a8cc081e0918ef0de0a7ffc,2026-08-14T00:44:30,selfdestruct_context,0x6a7df3fb,true
25747368,0x658f98f4bfec1603d4c35815de615f548fe337cea7837beb48eef011265b77f5,0x4838b106fce9647bdf1e7877bf73ce8b0bad5f97,0xfeeeeee44046c3f61a8cc081e0918ef0de0a7ffc,2026-08-14T00:44:36,selfdestruct_context,0x6a7df407,true
25747368,0x8aeee9cb4ee036b84e54abe83a89fbbec685383ca3c58e8261b5a1387a880058,0xfc9928f6590d853752824b0b403a6ae36785e535,0x81463b0f960f247f704377661ec81c1fd65b5128,2026-08-14T00:44:36,complex_trace;high_gas_used_context;token_activity_burst,0xa8233c18,false
25747368,0x5f5d5cc4a71ebf33ddc74663c62a26c5fbccef5f601228759f5a0cbf7533aed2,0xbeea3fc7f306cbba9b292f247455b92ad66b3500,0xbeef02961503351625926ea9a11ae13b29f5c555,2026-08-14T00:44:39,dense_internal_fund_flow;complex_trace,0x64f5e9e7,true
25747368,0x6990240fca37cb7d579239c525edeb44aec14c332ff7fb3d579aa603f9a97213,0xe75715c4909aca768ec96b168cc8d03ebc8f3260,0xe42af7eb5ebbbf11d52c0f8e9f2f348acba689ae,2026-08-14T00:44:39,complex_trace;high_gas_used_context;token_activity_burst,0xfcf495a4,false
25747368,0x88d5ce4f9624c1747b867b5a2974093a6920fd90ed8d95f4e6970af18b00fc99,0xfdff0b569f14af593d446e51b3e42f502124ac85,0x6a000f20005980200259b80c5102003040001068,2026-08-14T00:44:39,dense_internal_fund_flow;complex_trace,0xe3ead59e,true
25747368,0xacf42ba07157b715efdd530356b96ac219a0145c53a8079b67498db315c8e713,0x677fb77c40fc2d8e4cce00841038dfe5710bb78f,0xabe418cc8c06d265e4eb009c02ea4b265eca7240,2026-08-14T00:44:39,large_erc20_asset_flow,0xac9650d8,true
