block_num,tx_hash,from,to,detect_time,attack_signals,selector,has_asset_impact
25747368,0x08d213a62c2a43df40b37bdb9a7709a64161661021033f2eb31248664fd52c0a,0x4838b106fce9647bdf1e7877bf73ce8b0bad5f97,0xfeeeeee44046c3f61a8cc081e0918ef0de0a7ffc,2026-08-14T00:45:09,selfdestruct_context,0x6a7df407,true
25747368,0xa06f1c9ffcc811495b7c340df2c2bc6e9b65daaf5f8b29da214f583bdb01b960,0xdda3b51e29f9d6fad865c5dd7070d5f7eb57663e,0x8d8210a0252a706cb5de0c6f8e46b6d3692afc19,2026-08-14T00:45:09,complex_trace;high_gas_used_context,0xffc3a769,false
25747368,0xd7574c09280d4f4843255fef91e5490b6fac3d20dbe2a93f80aa781a2d583df4,0xd6434d157f254276d69ede3bd9fc805482206908,0x7ec8a30a34b86927dc77b302603d1d53e640bef7,2026-08-14T00:45:09,repeated_internal_token_drain;dense_internal_fund_flow;complex_trace;high_gas_used_context;token_activity_burst;repeated_risky_internal_calls,0xa9059cbb,true
25747369,0x0dcc515b7f48ab35faeae4a0179d5948781e6c96cde3da0bdf2cbd80ce854347,0xfcd2cf61169feb38c375edbf9033fe844f8a206c,,2026-08-14T00:45:23,dense_internal_fund_flow;privileged_execution_context;high_gas_used_context;contract_creation_context,0x60078054,true
25747369,0x5b0e466a3d2eed8edacc7a1c8e990d9dbf45644d41665bc2fe73b094ab65c58f,0xd03833c09a55416365c553316aabfeefa04de3bf,0x1295f63fc70e239353fcbdb863737ea316f073d1,2026-08-14T00:45:23,dense_internal_fund_flow;complex_trace;high_gas_used_context;token_activity_burst,0x00000000,true
25747369,0x2e50a54a7da5edc3ce94515a10f99c914255c096b23e115108a798ace8bde0bd,0xfcd2cf61169feb38c375edbf9033fe844f8a206c,0xc741caecf460cc62f81961b7af5e162385f94d1e,2026-08-14T00:45:24,privileged_execution_context,0x715018a6,false
25747369,0xd42975844a28823d15e3f42f12bacce77180e885428bd6bb668976120fbc115d,0xfcd2cf61169feb38c375edbf9033fe844f8a206c,0xc741caecf460cc62f81961b7af5e162385f94d1e,2026-08-14T00:45:24,dense_internal_fund_flow,0x8a8c523c,true
25747369,0x3a0c89b709b2601e753a015724bcdc96a4e77a61fba9d99fce1c229a9c75a249,0xd059075bf71107c56522b60354feb51edd1654bf,0x6131b5fae19ea4f9d964eac0408e4408b66337b5,2026-08-14T00:45:25,complex_trace;high_gas_used_context,0xe21fd0e9,true
25747369,0x92f0306791a4c5598f246fd434857a2708230e9b1fe5a179094acb50cb7d3526,0x4838b106fce9647bdf1e7877bf73ce8b0bad5f97,0xfeeeeee44046c3f61a8cc081e0918ef0de0a7ffc,2026-08-14T00:45:29,selfdestruct_context,0x6a7df413,true
25747370,0x2b8186e26de7c43b369a11faedb7d9bd4293be8cb5f147124be910673b28fd74,0x4c69e21da4c03587c3be60a32ae969bfec2e8476,0x8f5835e9d756c9bd934bce527157a4b0ef3c5cb7,2026-08-14T00:45:42,large_erc20_asset_flow;complex_trace,0x5ef68f68,true
25747370,0x6c15c1c9d8466a3c92940a9667d5939c987eb9ff455c75dd1bdfd7a44a3af816,0xac836b11240e35c116d2268fd1a93a9344dc3978,0x8f5835e9d756c9bd934bce527157a4b0ef3c5cb7,2026-08-14T00:45:42,large_erc20_asset_flow;complex_trace,0x5ef68f68,true
25747370,0x7dd005fa7af8ab3f443a11e32e9a375cdf31d849cf01df56cbca417ab5cf9642,0x985f904f63f2e19a918098a789cdcdd47f506989,0x4c82d1fbfe28c977cbb58d8c7ff8fcf9f70a2cca,2026-08-14T00:45:42,dense_internal_fund_flow;complex_trace,0x3593564c,true
25747370,0xc4346f5d82d7ef5cb14e7c3f2c7ab1e963cb4133114e92a820f1cb4b80c05cdd,0xfc9928f6590d853752824b0b403a6ae36785e535,0x00000000009e50a7ddb7a7b0e2ee6604fd120e49,2026-08-14T00:45:42,complex_trace;high_gas_used_context;token_activity_burst,0xaa2bc318,false
25747370,0xdd3d2121ce7945e98e465b89b4566c5723bf1a4f26e0ec81cf346dccbfb06369,0x7830c87c02e56aff27fa8ab1241711331fa86f43,0xa9d1e08c7793af67e9d92fe308d5697fb81d3e43,2026-08-14T00:45:42,dense_internal_fund_flow,0x1a1da075,true
25747370,0xe88bab4b9723aff9e2c07fddb4cc5c2656fbc1ab746735600d84c2564db6a088,0x0beea0e1f3d79cb55633530e291336dab9a7d82d,0xad3b67bca8935cb510c8d18bd45f0b94f54a968f,2026-08-14T00:45:42,complex_trace;high_gas_used_context;token_activity_burst;approval_burst,0x146ee74d,false
25747370,0x0d1cd5c7d66ad4e027e148ddaa975a241e1f6db2e6b8b32a7881b6d762bf4042,0x43b2f01186fda9814c5f40770554ac68fd8304bd,0x1bd4b947a1b51284293a858fe0944a565e4c8946,2026-08-14T00:45:43,dense_internal_fund_flow;token_activity_burst,0x7111a994,true
25747370,0x45733ec32f9418f865f420dab5da5d355c2f976155df2f2393d192e74341e6fc,0x82d40db15c1b04dd1ab051c2be07fc6f57f0ccd2,0xc36442b4a4522e871399cd717abdd847ab11fe88,2026-08-14T00:45:43,large_erc20_profit_to_sender;large_erc20_asset_flow,0xac9650d8,true
25747370,0x6c774ff34cff410fb91c25009308342989fa491c99d91c3eea1b092b8faae7ae,0xc0ffeebabe5d496b2dde509f9fa189c25cf29671,0xe08d97e151473a848c3d9ca3f323cb720472d015,2026-08-14T00:45:43,complex_trace;high_gas_used_context;token_activity_burst,0x1d23a9c4,false
25747370,0xd7ba37cda62319451105454fdc7664f479167a26ec1e821070afedd8038c6065,0x4838b106fce9647bdf1e7877bf73ce8b0bad5f97,0xfeeeeee44046c3f61a8cc081e0918ef0de0a7ffc,2026-08-14T00:45:43,selfdestruct_context,0x6a7df41f,true
25747371,0x460362e46526f5db79ade44406b4a198825e63e6327af5b579cad72a48a2d92b,0x4838b106fce9647bdf1e7877bf73ce8b0bad5f97,0xfeeeeee44046c3f61a8cc081e0918ef0de0a7ffc,2026-08-14T00:45:54,selfdestruct_context,0x6a7df42b,true
25747371,0x63f58bc0a40ef689c64bbac05d555f69b37a2fc51e24d2b55752435e56cba56f,0x7d79bd0e4b3dc90665a3ed30aa6c6c06c89d224e,0x000000000000fea5f4b241f9e77b4d43b76798a9,2026-08-14T00:45:54,large_erc20_asset_flow,0xb00b1e50,true
25747371,0xacf56012ca9103b7458905e78abd0e80dd9e510d1e61aff8b373a49dea3f657d,0x5b43453fce04b92e190f391a83136bfbecedefd1,0xbdb3ba9ffe392549e1f8658dd2630c141fdf47b6,2026-08-14T00:45:54,large_erc20_asset_flow;complex_trace;high_gas_used_context;token_activity_burst,0x000000c3,true
25747371,0xae8fed671dd3d8404879d8b445c34822606c6f2b0cc10fd0da0ac3d3a8eefaff,0x93f2a4be47cc6c306ed6cd552bc1793c837f8571,0x4c82d1fbfe28c977cbb58d8c7ff8fcf9f70a2cca,2026-08-14T00:45:54,dense_internal_fund_flow;large_erc20_asset_flow;complex_trace,0x3593564c,true
25747371,0x76b2d04df94aac4466629c48ef94a572651f7bb717063b774d43bc15901992fe,0x99a5b028d785a7bd475339b1f8548d6d659ce5c2,0x2d83ff1cb1c79c68fe530d35f439a92a645faded,2026-08-14T00:45:55,large_erc20_asset_flow;complex_trace;token_activity_burst,0x07ed2379,true
25747371,0x34cff68b59a949479e15ff26b832fe9ae3a4419a6780d2afb63ebc91a75c8356,0xc56610f32ec64d785c21b86ff7a6c40e99807558,0x6131b5fae19ea4f9d964eac0408e4408b66337b5,2026-08-14T00:45:56,complex_trace;high_gas_used_context;token_activity_burst,0xe21fd0e9,true
25747371,0x436b29a0cbf6fd87fbb1d463e92386afa0d929ffe6f45c85b75b7a975fbc514a,0x4838b106fce9647bdf1e7877bf73ce8b0bad5f97,0xfeeeeee44046c3f61a8cc081e0918ef0de0a7ffc,2026-08-14T00:45:57,selfdestruct_context,0x6a7df42b,true
25747373,0x257069949e406befa886e3e4b94e3b1e16c36f45a1359207a12561e7eab15397,0x43b2f01186fda9814c5f40770554ac68fd8304bd,0x5ff6841642bc63072f967666f69857721064c7b6,2026-08-14T00:46:09,dense_internal_fund_flow;token_activity_burst,0x7111a994,true
25747373,0xe980a59a855b2ce5160045a5ccb203da4d561bb6df02a404e180f7168fa8d89a,0x98972d167f8490f970e00a255491161b53f53322,0xeff6cb8b614999d130e537751ee99724d01aa167,2026-08-14T00:46:09,large_erc20_asset_flow,0x003fffc2,true
25747373,0x086822dfe6ceecf35092759f6bbccca863713dfbcbddc3759a1fef8a1f972efb,0xb279179b24737a988bcbca28db2e7daff733dc66,0xb92fe925dc43a0ecde6c8b1a2709c170ec4fff4f,2026-08-14T00:46:10,dense_internal_fund_flow;complex_trace;high_gas_used_context;token_activity_burst,0xcd6e13f7,true
25747373,0x5e15b0b33f25619bea54a99562867a0993b7afc07849ec9f1a6e766bed685fa2,0xbee355e5a9b1c5359796cf907138448b27f0ccca,0xbee162fa5ae892be74f3f3e01c23da89adbccccc,2026-08-14T00:46:10,large_erc20_asset_flow;complex_trace,0x6d7b7040,true
25747373,0x727f2bed41d2ef1f87e6be772f98579677cd02cd35160458107f11146eef4063,0xd693c591baf8aa778a71ee173c9474bc8feea741,0x0889e9327b98d7d1be3c301a4585ff3330502c9a,2026-08-14T00:46:10,large_erc20_asset_flow,0x1fff991f,true
25747373,0xc4748bf621e25c6ad31547ca17094c389e62c7ff07f701b8ddffc5f0b51779a2,0x00000027f490acee7f11ab5fdd47209d6422c5a7,0x42e213a3ad048e899b89ea8cb11d21bc97b84748,2026-08-14T00:46:10,complex_trace;high_gas_used_context;token_activity_burst;approval_burst,0x2bad1d94,false
25747373,0xc9d80393b6c8e4a40dfa16d424d24414daee09c60f387f2820af67b31b6672ef,0xbb1a1a2773a799d83078ae4d59d9f4b2b6ac50ff,0x9bac2bae9ed87a56c20fdad502b6f0fe1ed4591b,2026-08-14T00:46:10,large_erc20_asset_flow;complex_trace;high_gas_used_context,0x68283975,true
25747373,0x404045d869ccb6ea7cc86b2d9377fc11f876394de203c24f8b9443115f6238e7,0xdda3b51e29f9d6fad865c5dd7070d5f7eb57663e,0x8d8210a0252a706cb5de0c6f8e46b6d3692afc19,2026-08-14T00:46:11,complex_trace;high_gas_used_context,0xffc3a769,false
25747373,0x605d7d30c35d3b1ac0fa358a0edb25e318534594bc7c719600d485c0ea34bfff,0xce54f65abb8b61b83c14cbe97de97fce75bbf556,0x5ff137d4b0fdcd49dca30c7cf57e578a026d2789,2026-08-14T00:46:11,privileged_execution_context;complex_trace,0x1fad948c,false
25747373,0x81141b7944a2a3e53205fac79792e5fd1718a56c1136798cac04a7a9aba92b19,0x283504f935274046827e023fafc74b328c9c06f1,0xd1a557fe9d49d047a2318c05a13523e4b9e56e09,2026-08-14T00:46:11,large_erc20_asset_flow;complex_trace,0x311b0198,true
25747373,0x389c54e48e5fea0d3e04cbbbb64886863a9a5d4af8b0a95ec149490f92cf12a4,0x59aab1bd0d26290274398c07b55955c15425e16b,0x00fe78205f5f0e63b8ad2b2ae5337f538a610e04,2026-08-14T00:46:12,complex_trace;high_gas_used_context,0x34fcd5be,false
25747373,0xd0dfc616999ca262bec57d7b9431c534107b27225cd53dba5c026da78653195b,0x4838b106fce9647bdf1e7877bf73ce8b0bad5f97,0xfeeeeee44046c3f61a8cc081e0918ef0de0a7ffc,2026-08-14T00:46:12,selfdestruct_context,0x6a7df443,true
25747374,0x9364c7a4c40d63efa3121a5b8ca21af5f9b3309c541a1e2d37cdb67ad769c0ae,0xf70da97812cb96acdf810712aa562db8dfa3dbef,0xb92fe925dc43a0ecde6c8b1a2709c170ec4fff4f,2026-08-14T00:46:24,dense_internal_fund_flow;complex_trace,0xcd6e13f7,true
25747374,0x9af52f70cbeecca1a1ffb20484d27954990e3f48e4ca74412fae1f0078f9c8ea,0xf70da97812cb96acdf810712aa562db8dfa3dbef,0xb92fe925dc43a0ecde6c8b1a2709c170ec4fff4f,2026-08-14T00:46:24,dense_internal_fund_flow;complex_trace,0xcd6e13f7,true
25747374,0xf0b3b425d5bde770d5bec924084b5270f9ee65285fc2b20d6a2e2de816bb158b,0x7b49bc3ebbdf7322f31c6449320382bbec3be1b6,0xad3b67bca8935cb510c8d18bd45f0b94f54a968f,2026-08-14T00:46:24,complex_trace;high_gas_used_context;token_activity_burst;approval_burst,0x146ee74d,false
25747374,0x502d583c20bb0a82bbcd484eb3af373778c7c427c27404471b7008d90f9f69fc,0x7d344a2d90efb4544df07b5c510fee99b81915d4,0x81463b0f960f247f704377661ec81c1fd65b5128,2026-08-14T00:46:25,dense_internal_fund_flow;complex_trace;token_activity_burst,0xae2c1720,true
25747374,0x998093969a6c389102fc43f6c129772bcbe2796c12c3748aa2ac843cedb2645f,0x4838b106fce9647bdf1e7877bf73ce8b0bad5f97,0xfeeeeee44046c3f61a8cc081e0918ef0de0a7ffc,2026-08-14T00:46:25,selfdestruct_context,0x6a7df44f,true
25747374,0xcfde6bde5cb5e89d5259a8bff518467f33e1c76c1d37279d93eb9fa335cfc62d,0x53353b36aa02ee7d9bf79266a028b8d5c4bc69ac,0x28b1dc1a5e3699a428bc51d234dfab7c9cb2a183,2026-08-14T00:46:25,complex_trace;high_gas_used_context,0x0c307f76,false
25747374,0xa520e72f5b7f1e5c0788a2827707493e72abcd373a5bb744dce54b7369931e26,0x7184d1a5a90c9a410bb7f597c12fc37a83d97dbc,0xf4e147db314947fc1275a8cbb6cde48c510cd8cf,2026-08-14T00:46:26,large_erc20_asset_flow;complex_trace,0x0bf5d35e,true
25747374,0x1521e9d830e3f99a085b24fc545798c29793ed737211b79448dbc2c41b390e0c,0x39e7e7c4da35dba32d5d0e37c4b62353df4e732a,,2026-08-14T00:46:27,large_mint_to_sender;contract_creation_context,0x60806040,true
25747374,0x6b939a565ca44c4aa6726c715c637b564e40f8b7122dc7c60d2f91c009c25749,0x7f8f1810ef2d1965d7cf96a1c1199e0637727cc9,0x4ff6178b58a51cb74e50254ed1e9ebd4f28eb2c0,2026-08-14T00:46:27,large_erc20_asset_flow;complex_trace,0xb9de6a93,true
25747374,0x9a07740580c1b17e88f8b4926627a1f403043cd56615aba90e53905cb6b3f094,0x59aab1bd0d26290274398c07b55955c15425e16b,0x00fe78205f5f0e63b8ad2b2ae5337f538a610e04,2026-08-14T00:46:27,complex_trace;high_gas_used_context,0x34fcd5be,false
25747374,0xb3c10750be8f9ff01939b104973d49409c49d308bcef3aab5717434c87711f9f,0x0e0052a184fd59c6b7e1e99d739802ecb3aec0e4,0xd82461784eb72d4b67cbab077989eb215315e272,2026-08-14T00:46:27,complex_trace;approval_burst,0xbad401db,false
25747374,0xe29606351d5c2b99a4d32f023cb86922358d227ec276cd9dbf104bbd56b6d9d7,0x4838b106fce9647bdf1e7877bf73ce8b0bad5f97,0xfeeeeee44046c3f61a8cc081e0918ef0de0a7ffc,2026-08-14T00:46:28,selfdestruct_context,0x6a7df44f,true
25747375,0x35f39c5efb987cd9d31ce00410dd611ec90a7d3287a80b704771e6a734e38f83,0x7830c87c02e56aff27fa8ab1241711331fa86f43,0xa9d1e08c7793af67e9d92fe308d5697fb81d3e43,2026-08-14T00:46:33,dense_internal_fund_flow,0x1a1da075,true
25747375,0xa62d2b33db1508207610934809beb1ae1aef0192be8f778b26dd6eeb69ffbf64,0x7830c87c02e56aff27fa8ab1241711331fa86f43,0xa9d1e08c7793af67e9d92fe308d5697fb81d3e43,2026-08-14T00:46:33,large_erc20_asset_flow;token_activity_burst,0xca350aa6,true
25747375,0x0638e389b11a153ae8394bcc4b8f5e7ef85948ef31ff0e49948094b79aad003c,0x50bf934781f63028c5c8ef49c4affe19a86d99b6,0x8d04cc7e86e687854eb41d9d43512b655b93184b,2026-08-14T00:46:34,dense_internal_fund_flow;complex_trace;selfdestruct_context,0x4a1bf18a,true
25747375,0x77e230297b62ca985da46d83f6ac4a55bdfbe5195889a8baabae497f08e7af19,0x4a92e9510bf909876f64ca3e9547a1f236a7cd7c,0x0000000000000068f116a894984e2db1123eb395,2026-08-14T00:46:34,complex_trace;high_gas_used_context,0x87201b41,false
25747375,0xbd38b2519ecff1be9158ecf9e0a2a713464937f1b139cae507ae82ff100af617,0x4838b106fce9647bdf1e7877bf73ce8b0bad5f97,0xfeeeeee44046c3f61a8cc081e0918ef0de0a7ffc,2026-08-14T00:46:35,selfdestruct_context,0x6a7df45b,true
25747376,0x15863f95a62c13db840311cb5c02b78506b51305bb882b25d2359f1e12be4ec6,0x09a591f0e4fa0abac08f05bc0916c51ee34c1a1b,0x5cb16a393b9b43c590953b51058edab1bde0f5fa,2026-08-14T00:46:41,dense_internal_fund_flow,0x501d976c,true
25747376,0x661635e85a560d227c8d02077c27a146bd8fb710395b917620a6b0fdd405d332,0xe99bd1c2dd70cd58e5efd47887991700e7318ce2,0xad3b67bca8935cb510c8d18bd45f0b94f54a968f,2026-08-14T00:46:41,complex_trace;high_gas_used_context;token_activity_burst;approval_burst,0x146ee74d,false
25747376,0x8a35b44d6f4d96ec4790035bb25cf96cbaf3f5d9705f93769428aa1a658d9241,0x50bf934781f63028c5c8ef49c4affe19a86d99b6,0x8d04cc7e86e687854eb41d9d43512b655b93184b,2026-08-14T00:46:42,selfdestruct_context,0xd20b83bb,false
25747376,0xca74d728d6fb1e4cba5a04fd345ccfa053520c04d6374aa8a1f72bc838688d3d,0x0e0052a184fd59c6b7e1e99d739802ecb3aec0e4,0xd82461784eb72d4b67cbab077989eb215315e272,2026-08-14T00:46:44,complex_trace;approval_burst,0xbad401db,false
25747377,0x0e35cd2165ac1e2bdce04c83cdbbdd1529ffeaddd7b8fa3ae91202bebf5e2579,0x22b0351d445840db59b97df3808dd642dcb17e96,0xbdb3ba9ffe392549e1f8658dd2630c141fdf47b6,2026-08-14T00:46:51,dense_internal_fund_flow;large_erc20_asset_flow;complex_trace,0x000000cc,true
25747377,0x85b2f727e2127401def236d15ac8ccb2a18a888057bc8784e5572b3682018616,0xbee8115e08c4b0e407c66de214546624bf933504,0xbeef02961503351625926ea9a11ae13b29f5c555,2026-08-14T00:46:51,large_erc20_asset_flow;complex_trace,0x64f5e9e7,true
25747377,0xda3fe16611e9148c18c95e918fe87d5aaba9ec23a2b4e768b3135816e425ad37,0x7febdfa8c8b288f76e04b829cafc01a444d0cbbf,0xd9bbcb6f773eaaca9e048941cff6a58cca8e0cb5,2026-08-14T00:46:52,large_erc20_asset_flow;complex_trace;high_gas_used_context,0x601881f3,true
25747377,0x9455b14b62e83b217a733a661abb3eab50cb100e95a863e6c9d101fc7e01ffad,0x78a32195c3a6d50f87a4718aa5442bdd1db9fe5a,0x0000000000001ff3684f28c67538d4d072c22734,2026-08-14T00:46:54,large_erc20_asset_flow;complex_trace,0x2213bc0b,true
25747377,0x984e9d1411905381337b6f235fc919a2331b1caca33d6349fa63898ea17be110,0x4337020f43d3d7d2f5e4160397efea49aefa5e7d,0x0000000071727de22e5e9d8baf0edac6f37da032,2026-08-14T00:46:54,large_erc20_asset_flow,0x765e827f,true
25747377,0xae85126235ecc31285dd64d93c57220d5e2c8abd19a71bfabedf720c4b442d6f,0xb09972f590a2490b6232ccbfe6f31a08f652c24f,0x86d043c1c5850ad1fba6d0ab58c99afdcc85301f,2026-08-14T00:46:54,large_erc20_asset_flow;privileged_execution_context;complex_trace,0xc6fe8747,true
25747377,0xc056686b5f432ebd45df484efd6111d0ea21906ba976d86c2ab6c810d9cdc66d,0xf0f77ccbbe7058d0946e6d9b1aceb523180814fc,0xb939aaa079a1ce28193f9bbc1290763bfb044953,2026-08-14T00:46:54,privileged_execution_context;complex_trace,0x6e553f65,false
25747378,0x13bb7ee09b66636cefeeaf1c708a375c68a7479bfa2bda3e9e835811b2d8282b,0x1eda738c90fb3f80067a2e420a1e2f81b75ecaf5,0x4c175ee61c3c1da847e339e1158d61bbd2537046,2026-08-14T00:47:05,complex_trace;high_gas_used_context,0x380db829,false
25747378,0x439d0681e081928528d4829bdfd0869494849446a89e0cbad2b8bc781c0f7355,0x0beea0e1f3d79cb55633530e291336dab9a7d82d,0xad3b67bca8935cb510c8d18bd45f0b94f54a968f,2026-08-14T00:47:05,complex_trace;high_gas_used_context;token_activity_burst;approval_burst,0x146ee74d,false
25747378,0x892808bc623ed6316b433dd3fb20949b9af48e4dbebb1c78a22e78111ec997fb,0x66c6778dedba51b87103c8543ee751e7cd960659,0xbdb3ba9ffe392549e1f8658dd2630c141fdf47b6,2026-08-14T00:47:05,dense_internal_fund_flow;complex_trace,0x000000cc,true
25747378,0xaf48b9e32ddcf327537220ca082a6402c237dc4e86139b6a75d8c40201f0780a,0x0e0052a184fd59c6b7e1e99d739802ecb3aec0e4,0xd82461784eb72d4b67cbab077989eb215315e272,2026-08-14T00:47:05,complex_trace;approval_burst,0xbad401db,false
25747378,0xffe7cfe46f9c299077c2f9b71764d5634dc4a11a2074ac1f6bf32b05d3fd7063,0x086eb9c2b14dd657ae77d07df9115a2f946ce327,0xacddac6c77318b615f7f6fb9bb67c6833e9c05f1,2026-08-14T00:47:06,large_erc20_asset_flow;complex_trace,0x571d3dc7,true
25747378,0x19dc01a83c617c7b7a4214511501fc614abd794eb09b9f9d32f16b4259854618,0x3128a77f4a845b7db9f70c579a070175485b0baa,,2026-08-14T00:47:07,complex_trace;high_gas_used_context;contract_creation_context,0x60806040,false
25747378,0xd9eacdb61056af7acb9fd45bbed1c6d4f56e9d26f5cdec26f1fea4b33181b4a3,0xd0d08887e8a5b16049534a7f3fc1de92848f5bea,0x99c9fc46f92e8a1c0dec1b1747d010903e884be1,2026-08-14T00:47:07,large_erc20_asset_flow;complex_trace,0x838b2520,true
25747378,0xf2ea9e93a23fa885a4673c089c8116b6591fc0d9598bab0a5d0ba72e15866bb2,0x3cfdc212769c890907bce93d3d8c2c53de6a7a89,0x433709009b8330fda32311df1c2afa402ed8d009,2026-08-14T00:47:07,privileged_execution_context;complex_trace,0x765e827f,false
25747379,0x13b5959bb9e4b4d3b261262496cbcd2648a7c67fd897dc4f909d9b6c390bc639,0xa81bfb2d5ed823397a4f957310f1744f168cfea4,0x1ca8db85cdaa71c821cd90e097302e02cdd5c64d,2026-08-14T00:47:11,large_erc20_asset_flow;complex_trace;high_gas_used_context;token_activity_burst,0x601881f3,true
25747379,0x325a3b3e65ed0c5dfa99cb4826ace4ce575fc5637377064f17265c368f2261af,0x5b43453fce04b92e190f391a83136bfbecedefd1,0xbdb3ba9ffe392549e1f8658dd2630c141fdf47b6,2026-08-14T00:47:11,dense_internal_fund_flow;large_erc20_asset_flow;complex_trace,0x000000cc,true
25747379,0x6361284194ee4e91e63ee1d7e91ea14d54121a0b28da0cdf8f81158e8a72bf25,0x5b43453fce04b92e190f391a83136bfbecedefd1,0xbdb3ba9ffe392549e1f8658dd2630c141fdf47b6,2026-08-14T00:47:11,dense_internal_fund_flow;complex_trace;high_gas_used_context;token_activity_burst,0x000000c3,true
25747379,0x915fefb2639b5723f032c37d5209b205ea225b2054900ceedcda611066c5beeb,0x031c44ea56cfc2c421c786c0c9daf2d59883ec1b,0x2e157523a3e6d7c7c448885e087b18ea98eaabec,2026-08-14T00:47:11,large_erc20_asset_flow;complex_trace;high_gas_used_context;token_activity_burst,0x601881f3,true
25747379,0xb5c95214ab2b014214e055e98c83f5dc6d3eec31c855b7c4f4a0afbdbc47974a,0x0beea0e1f3d79cb55633530e291336dab9a7d82d,0xad3b67bca8935cb510c8d18bd45f0b94f54a968f,2026-08-14T00:47:11,complex_trace;token_activity_burst;approval_burst,0x146ee74d,false
25747379,0x54612c31909eb573b9b4e74e8ad3b2697ad724c29daf1692ba389480dac80e78,0xfeed46c11f57b7126a773eec6ae9ca7ae1c03c9a,0xbeeff2c5bf38f90e3482a8b19f12e5a6d2fca757,2026-08-14T00:47:12,large_erc20_asset_flow;complex_trace;high_gas_used_context;token_activity_burst,0xac9650d8,true
25747379,0xb00ca0818cc196972f61773e1fbf0483e045e5b644e274d5e00f772a82b13d2a,0x4838b106fce9647bdf1e7877bf73ce8b0bad5f97,0xfeeeeee44046c3f61a8cc081e0918ef0de0a7ffc,2026-08-14T00:47:12,selfdestruct_context,0x6a7df48b,true
25747380,0x6714dd18bfbbcbe3bcb1c919919ea0730fd5da6a63e3fa3d06340e70d9340f2a,0x7830c87c02e56aff27fa8ab1241711331fa86f43,0xa9d1e08c7793af67e9d92fe308d5697fb81d3e43,2026-08-14T00:47:21,large_erc20_asset_flow;token_activity_burst,0xca350aa6,true
25747380,0xf93729526527a10800e4f5d4a2665d926b8b3a8fc1d9456afcfb1fb872871e34,0x7830c87c02e56aff27fa8ab1241711331fa86f43,0xa9d1e08c7793af67e9d92fe308d5697fb81d3e43,2026-08-14T00:47:21,dense_internal_fund_flow,0x1a1da075,true
25747380,0x6c0add9a32a04cc5fbc7c7b14cbe70466e9d3ede181f920ad62f360b7e061d88,0x17a9aa3f7945fb00c2eb16857baa4adb63da59db,0x0000000071727de22e5e9d8baf0edac6f37da032,2026-08-14T00:47:22,complex_trace;high_gas_used_context,0x765e827f,false
25747380,0xe597f239b7d2006cce7e4b0e15e0706735255aef1721db059750fc300e926e2c,0x12658abdccc13a8ab106fa3418f544b600fee2ec,0x337685fdab40d39bd02028545a4ffa7d287cc3e2,2026-08-14T00:47:22,dense_internal_fund_flow;complex_trace;high_gas_used_context,0x30dedc57,true
25747380,0xf468f8e246819e6108e42fcf48a792ea06fe5049a26c680c45a9df2a8f322e0d,0x412e07d9d395c210a8f0d5bba53e1f07a76fe7f4,0x3bf5b6101860418d9eb4e680e71cf88062a9db5c,2026-08-14T00:47:23,large_erc20_asset_flow,0x6a761202,true
25747380,0x1cb9687d4326ceb0b285549f9fcd4f8bf907c3d1a4b269d1018a88856b60398d,0xfb2c579c1d5f82c7b0f2a3479e5f9bc26bd22b62,0x1bc47a0dd0fdab96e9ef982fdf1f34dc6207cfe3,2026-08-14T00:47:24,large_erc20_asset_flow;complex_trace,0xb4dc8294,true
25747381,0x3cb21b4ac3b3f059b4a94d16ec53a79427c0472e766369cc8e51da17aaff0857,0x48b5195e81f7c6761e10f36989718a87e2f1f531,0xda3bd1fe1973470312db04551b65f401bc8a92fd,2026-08-14T00:47:32,dense_internal_fund_flow,0xbeb0d55c,true
25747381,0x43ac980f4091c4d23d617b58d80101bbe8000acdbdbf8d229da4cdc47b7e78d8,0xbe0b407782a7599380fa726db315340126d62229,0x4d2fb5f8ec243fde4df1a9678b82238570c7e0e4,2026-08-14T00:47:32,repeated_internal_token_drain;dense_internal_fund_flow;complex_trace;high_gas_used_context;token_activity_burst;repeated_risky_internal_calls,0x6a761202,true
25747381,0x5c5e3aef924bd06030e1a6f467e2108f5af8d4e61be96a2307be4ae02a3ee647,0xcc7901bef94f11c716d3880ff89be353192fd85f,0x00b19a5200a100e5fc4c9800772f4d002f218400,2026-08-14T00:47:32,privileged_execution_context,0x7e734c5a,false
25747381,0x0d53650b8b11f4e46a236606f6ad7299919e27a32805d94ea7a018493d47d62c,0x4838b106fce9647bdf1e7877bf73ce8b0bad5f97,0xfeeeeee44046c3f61a8cc081e0918ef0de0a7ffc,2026-08-14T00:48:03,selfdestruct_context,0x6a7df4a3,true
25747381,0xabc8c16f838606ad6c0815149830f5ecbc3168b9b7543e1313c23965e4395dbe,0xd0d08887e8a5b16049534a7f3fc1de92848f5bea,0x6131b5fae19ea4f9d964eac0408e4408b66337b5,2026-08-14T00:48:03,large_erc20_asset_flow;complex_trace,0xe21fd0e9,true
25747381,0xc926774e9b4bf517de497d777248d61fd915e2dcdfa8c0c53b84d63430568caf,0xed0896aaa00b60387f22647278b8cddf2f3ee00d,0xd15e62e64c1265dfb753ed6e7c76cb5ff8f276c7,2026-08-14T00:48:03,large_erc20_asset_flow;complex_trace,0xe9ae5c53,true
25747382,0x117189721a48529164a928e78ed6a0428899dcf908fe4ea3b77e83fc73671464,0xc6acbee42e9e323140c1ed060c2f6ea9cc3b4b75,0x7c5a71c9fefbc7691f9d4ac7baf70c743792f716,2026-08-14T00:48:09,selfdestruct_context,0xf3fef3a3,true
25747382,0x58e2fbacfaa2f76cb1f7813ef88e265a9b1ad2827a77cd10377137cb325e02fe,0x4838b106fce9647bdf1e7877bf73ce8b0bad5f97,0xfeeeeee44046c3f61a8cc081e0918ef0de0a7ffc,2026-08-14T00:48:09,selfdestruct_context,0x6a7df4af,true
25747382,0x61acb20c45f58abd4bc6b5f54ee080597f41d02ef70724301da53fd44d8c4b25,0x61b96f1d72bddd67ac456dd0a502d0a57077f49b,0x28b1dc1a5e3699a428bc51d234dfab7c9cb2a183,2026-08-14T00:48:09,complex_trace;high_gas_used_context,0x0c307f76,true
25747382,0x94e793fd0e8ed6fb6ef8345578b0dcea0613ec68b282c5e23fc95efa7bc903fd,0xea706850c24b3f8de67f84169cd7c6aae2255290,0x40a1fe393a7f566f27df6ace18e6773be844dafc,2026-08-14T00:48:09,complex_trace;token_activity_burst,0xedad400c,true
25747382,0xa76845864182f51ea3dbf632129301238ced88945a1a4bc4a62345c1fba17ce3,0x70e59f9c304e4d5096bd408b571e2dcd99c3120b,0xad3b67bca8935cb510c8d18bd45f0b94f54a968f,2026-08-14T00:48:09,large_erc20_asset_flow;complex_trace;high_gas_used_context;token_activity_burst;approval_burst,0x146ee74d,true
25747382,0xb9cd4449cfe094a301a10a6ace0627714396fe5779f890a56044e38da9bed562,0x025442631d20b755edc64f5453a89694d343b544,0x07964f135f276412b3182a3b2407b8dd45000000,2026-08-14T00:48:09,dense_internal_fund_flow;complex_trace,0x6b3ec416,true
25747382,0x0c1d434876cb35b4c32ca7a8eda3c75ca3f37f8464202c4d8b03d3eeb803f8fe,0x2632c5b5db2b0d257183da1ebac86d8e8e8ac302,0x1231deb6f5749ef6ce6943a275a1d3e7486f4eae,2026-08-14T00:48:10,dense_internal_fund_flow;complex_trace,0xaf7060fd,true
25747382,0x3e14561633927d1b78b986aace9bee01dc48e70c6e9d0e1e76cea352ae28dcdc,0x0e0052a184fd59c6b7e1e99d739802ecb3aec0e4,0x0b8a49d816cc709b6eadb09498030ae3416b66dc,2026-08-14T00:48:10,complex_trace;high_gas_used_context;token_activity_burst;approval_burst,0xf497df75,false
25747382,0xab40c22f13aa9545700276480a7fc595b4b46d54b4970ecc1a95f881c7ceeb7c,0x4838b106fce9647bdf1e7877bf73ce8b0bad5f97,0xfeeeeee44046c3f61a8cc081e0918ef0de0a7ffc,2026-08-14T00:48:11,selfdestruct_context,0x6a7df4af,true
25747383,0x80a77d039e8202a1037cc09ca1a6638055b2b8d75ece62279f4c1c04a6839b11,0x0beea0e1f3d79cb55633530e291336dab9a7d82d,0xad3b67bca8935cb510c8d18bd45f0b94f54a968f,2026-08-14T00:48:20,repeated_internal_token_drain;dense_internal_fund_flow;complex_trace;high_gas_used_context;token_activity_burst;approval_burst,0x146ee74d,true
25747383,0x5d850806de7943e05cf8cd8152e304048de7e50f42e846de26541085c9c820e3,0xe8e80b3f3f4a78c555c8bae80cb44d92eb9fcb3c,0x1921e0ff550c09066edd4df05d304151c45e77de,2026-08-14T00:48:21,dense_internal_fund_flow;complex_trace,0x13d79a0b,true
25747383,0x9cd6ec91a5f7de96ab9cfe609d9158344b9d06ef095f4a280c03acc77180c8de,0x552b42287c4fe1e913ea9a159b69bd7e9b81ec76,0x87870bca3f3fd6335c3f4ce8392d69350b4fa4e2,2026-08-14T00:48:21,large_erc20_asset_flow;complex_trace,0xa415bcad,true
25747383,0x077d09d64c6f73079d03c331cc1da4588951ee58d02bb9fe56dd07fedfa96896,0x794e44d1334a56fea7f4df12633b88820d0c5888,0x86e4dc95c7fbdbf52e33d563bbdb00823894c287,2026-08-14T00:48:22,complex_trace;high_gas_used_context,0x4e43e495,false
25747383,0x67a5c9e31684431bc5c7fea0b0446534d0e0ae9a4aef81668da6852c59a9fb79,0x4c2c0f0bb2631b02ac9299c59690914ee7a200b8,0xc026395860db2d07ee33e05fe50ed7bd583189c7,2026-08-14T00:48:22,large_erc20_asset_flow;complex_trace,0xc7c7f5b3,true
25747383,0x050cf078405b6dc5e3236f8f72502b05787f3dd84072681900f690027ed000a0,0xad4b13a807cfb065f39dbfb6d5d00dfbb2b7abb6,0x5dce53c0fef5c930d07951cb761f3265d5e87634,2026-08-14T00:48:23,complex_trace;high_gas_used_context,0x3e6cce39,false
25747384,0x479b21742fa17f582aa83935959597016d0acb46e4fe96ed71127f232b6f284a,0x43b2f01186fda9814c5f40770554ac68fd8304bd,0x1bd4b947a1b51284293a858fe0944a565e4c8946,2026-08-14T00:48:28,dense_internal_fund_flow;token_activity_burst,0x7111a994,true
25747385,0x02674f003f6d38bf1375109341a9577108cf98126e7d66d83e9b586d01b61384,0xdf8adfe10d4a4d9f0fc4d3e377a6e8d5730eb40c,0x06cff7088619c7178f5e14f0b119458d08d2f5ef,2026-08-14T00:48:35,large_erc20_asset_flow;complex_trace,0x99999999,true
25747385,0x0d97f2d001ee9dc3d9bd81fd61b5944aa328819bcce636d9cfcefc8f3cd13871,0x70e59f9c304e4d5096bd408b571e2dcd99c3120b,0xad3b67bca8935cb510c8d18bd45f0b94f54a968f,2026-08-14T00:48:35,large_erc20_asset_flow;complex_trace;high_gas_used_context;token_activity_burst,0x146ee74d,true
25747385,0x6b730a3e4d8fdd0f5c563c6d090076a79d27364fcf8e55844acf1d15385bc09d,0x50bf934781f63028c5c8ef49c4affe19a86d99b6,0x8d04cc7e86e687854eb41d9d43512b655b93184b,2026-08-14T00:48:36,selfdestruct_context,0xb5291b32,false
25747385,0x754963018626f1890058d0ec188d13c6b43e5b244909222924425a5119d3e197,0x7830c87c02e56aff27fa8ab1241711331fa86f43,0xa9d1e08c7793af67e9d92fe308d5697fb81d3e43,2026-08-14T00:48:36,dense_internal_fund_flow,0x1a1da075,true
25747385,0x8323aa647ec669fce2c33ffb2ac427db80fb347e31ec4964c19ff45de31de3ed,0x7830c87c02e56aff27fa8ab1241711331fa86f43,0xa9d1e08c7793af67e9d92fe308d5697fb81d3e43,2026-08-14T00:48:36,large_erc20_asset_flow;token_activity_burst,0xca350aa6,true
25747385,0xd21e72608efeab27b712b28d0963b7b42f89632f07d283cdee25ec057716dfad,0x45df5e6c3bccb8a03049653472096156aaec8012,0x78ace9b2ee9a31737fad748015266a59f32dc79a,2026-08-14T00:48:36,complex_trace;high_gas_used_context;token_activity_burst,0x9265bb9d,false
25747385,0xe2f5260b0aab3c458aba52fd0b4ca83310ef0200b0a19fd919be6b7b7c8e4512,0xbee018a99073a0d838d2412add382db3af711005,0xbee3211ab312a8d065c4fef0247448e17a8da000,2026-08-14T00:48:36,dense_internal_fund_flow;complex_trace,0x4cf3fe9c,true
25747385,0x1e2a72e8538c06b6fec3a23549717e5e41781c7fab69ed0b38276ed3d656cd69,0x1cda83fe97a2e0a8f94a9cf32da947c23b72ba02,0xe0181090c22579b6a217f1522cbf8c9f1f0c1965,2026-08-14T00:48:40,large_erc20_asset_flow;complex_trace;high_gas_used_context,0xac9650d8,true
25747385,0x57a3ecf7e8418f293796b5e615d0c7aae815b357a667ccc1889244850f08e281,0x3f4e1a3f21a90af960acc652e9bf8dd7a21f3964,0x0000000071727de22e5e9d8baf0edac6f37da032,2026-08-14T00:48:40,dense_internal_fund_flow;complex_trace,0x765e827f,true
25747385,0x8768fad8016be9fdc6915e1885cdb6df231afaaf5afa430a0aaab47d7151befd,0x779c8e07b291aa1407858e5bd77083bad7cfe23a,0xf4e147db314947fc1275a8cbb6cde48c510cd8cf,2026-08-14T00:48:40,large_erc20_asset_flow;complex_trace,0x0bf5d35e,true
25747386,0x0657eba4cf59b52c84d656846406918402a079d5bbeeb2b97d8727cae6b9c491,0x67c9cc4af1bd9ec25d004d5c94d360009fab163c,0xa9d635ef85bc37eb9ff9d6165481ea230ed32392,2026-08-14T00:48:46,complex_trace;high_gas_used_context;token_activity_burst,0xe7c438c9,false
25747386,0x29cf6d9b6242d203da3109a80411e3a44012eafc0d9139fcea6ab2a21ad3ad8f,0x552b42287c4fe1e913ea9a159b69bd7e9b81ec76,0x4c82d1fbfe28c977cbb58d8c7ff8fcf9f70a2cca,2026-08-14T00:48:47,dense_internal_fund_flow;large_erc20_asset_flow,0x3593564c,true
25747386,0x32fb3c0997b79d8eb1368336990864497582aecddbc1a49f4a9f645272a23879,0x062ce42cae04c51d04e77e3d64cc8953a2296ffe,0x8a25a24ede9482c4fc0738f99611be58f1c839ab,2026-08-14T00:48:47,large_erc20_asset_flow;complex_trace,0x6a761202,true
25747386,0x3de02ea5ec18f4f1642118c89ae2cd34af2faa70e619d5d816ae1c181df4fbf2,0xf70da97812cb96acdf810712aa562db8dfa3dbef,0xb92fe925dc43a0ecde6c8b1a2709c170ec4fff4f,2026-08-14T00:48:47,dense_internal_fund_flow,0xcd6e13f7,true
25747387,0x17ecf4ea4a1916ec0b48520acdeaf9ce5dfad59b0a981e86bc96817ee2682cba,0x70e59f9c304e4d5096bd408b571e2dcd99c3120b,0xad3b67bca8935cb510c8d18bd45f0b94f54a968f,2026-08-14T00:48:56,repeated_internal_token_drain;dense_internal_fund_flow;very_complex_trace;high_gas_used_context;token_activity_burst;approval_burst;repeated_risky_internal_calls,0x146ee74d,true
25747387,0x30697c874d4be58d1882c9e17978d5e90de562e4e6eb3a452c5e6d02de586a61,0x617ccb6d070f08953c2fc481fb19674162e672f1,0x91ff8bbd8ebb07893010d50a48a1609e5ebd8e34,2026-08-14T00:48:56,complex_trace;high_gas_used_context,0x069d1525,false
25747387,0x56b05f9359d12e3dffe363c9691b83d2e6d262a183baf3e14f52c92bd09a9a53,0x43b2f01186fda9814c5f40770554ac68fd8304bd,0x5ff6841642bc63072f967666f69857721064c7b6,2026-08-14T00:48:57,dense_internal_fund_flow;token_activity_burst,0x7111a994,true
25747387,0xd1e32831a727498bfb9d6ed62ac864a764faa4ca42a555417b9ce06744154e13,0x43370398500dae4ba10669646a1fd1577407f637,0x0000000071727de22e5e9d8baf0edac6f37da032,2026-08-14T00:48:57,privileged_execution_context;complex_trace,0x765e827f,false
25747387,0x127d5384f06a3a3600c07664b39b941e7fb2f8f840d1ca3096b3738eab500b62,0x1cda83fe97a2e0a8f94a9cf32da947c23b72ba02,0x3bd9adae6643ddcddd02746b8b60075e56df9478,2026-08-14T00:48:58,large_erc20_asset_flow,0xac9650d8,true
25747387,0xb055575349fc0f0d5ffe5078d775a8caf2b1ac2ff57b24b8910d2c9123d7a221,0x2b3fed49557bd88f78b898684f82fbb355305dbb,0x09c30cdcdd971423cb3ba757a47d56c35d06d818,2026-08-14T00:48:58,dense_internal_fund_flow,0x318adb8b,true
25747388,0x29885413a38e9211c90c7eed96b67ed9bb53d30ab74fddf7ae2dd0f8a487025f,0x4838b106fce9647bdf1e7877bf73ce8b0bad5f97,0xfeeeeee44046c3f61a8cc081e0918ef0de0a7ffc,2026-08-14T00:49:00,selfdestruct_context,0x6a7df4f7,true
25747388,0xabda35e4d5c19f2b4394aeb1c52174c1e99222e9f5088f535414bbb4bd208569,0x6c45b0a56a451a86f67e65ffb090bcde940933cf,0x91ff8bbd8ebb07893010d50a48a1609e5ebd8e34,2026-08-14T00:49:00,complex_trace;high_gas_used_context,0x069d1525,false
25747388,0xeba6359a753b90643d2c1cda9e2b962492745fc2dd72c0b01cdd808427d83e1b,0xb08b2c3099193bcf05f742ccb7f206635fe243b3,0x91ff8bbd8ebb07893010d50a48a1609e5ebd8e34,2026-08-14T00:49:00,complex_trace;high_gas_used_context,0x069d1525,false
25747390,0x41bb588b7e00ecabc7a6aea5c9d5db0facf571d54a7a06a9764e6920b63e097b,0x7830c87c02e56aff27fa8ab1241711331fa86f43,0xa9d1e08c7793af67e9d92fe308d5697fb81d3e43,2026-08-14T00:49:18,dense_internal_fund_flow,0x1a1da075,true
25747390,0x7a80f82ceb7778f154f187f7b8789c66cf98fafa9d088e46246f8527990054b1,0x5b43453fce04b92e190f391a83136bfbecedefd1,0xbdb3ba9ffe392549e1f8658dd2630c141fdf47b6,2026-08-14T00:49:18,dense_internal_fund_flow;complex_trace;high_gas_used_context;token_activity_burst,0x000000c3,true
25747390,0x7e37f155b77c49de0f0cb18f1bd6b38d3146c2fdf4f1aca385407489acaba5a0,0x5b43453fce04b92e190f391a83136bfbecedefd1,0xbdb3ba9ffe392549e1f8658dd2630c141fdf47b6,2026-08-14T00:49:18,dense_internal_fund_flow;large_erc20_asset_flow;complex_trace,0x000000cc,true
25747390,0x4cc8d87fcdc751f8a2f51dbbeb4241d845e0355b28efe4f20380306719052a9a,0x4337012eaf1f862b8dbdc6b62a01782ae01ef038,0x4337084d9e255ff0702461cf8895ce9e3b5ff108,2026-08-14T00:49:19,large_erc20_asset_flow;complex_trace,0x765e827f,true
25747390,0x794d0f7d6053363880f4e749f104195892a94387054a952e1e629be29c96f65f,0x7830c87c02e56aff27fa8ab1241711331fa86f43,0xa9d1e08c7793af67e9d92fe308d5697fb81d3e43,2026-08-14T00:49:19,large_erc20_asset_flow;token_activity_burst,0xca350aa6,true
25747390,0xe1b2e56148e5bd9261aa3c7c71dfd614f68354a5ddec22ba31119d9156629852,0x7c52a2836bb70d54779db14a3c78672b7cb877fc,0xb222da0f9c22ad2addcb0b0d6b150f398e44157a,2026-08-14T00:49:19,large_erc20_asset_flow;complex_trace;high_gas_used_context;token_activity_burst,0xef4d7b75,true
25747390,0xfad1417d0dc548a50646fb53ea6dc0a6b8186a07607e8852b66a94a337529b8f,0x4838b106fce9647bdf1e7877bf73ce8b0bad5f97,0xfeeeeee44046c3f61a8cc081e0918ef0de0a7ffc,2026-08-14T00:49:19,selfdestruct_context,0x6a7df50f,true
25747391,0x73287a6522a9eb3d67296be3e7aa4e1c64eae0bec24b804e27177e38aed04b62,0x5b43453fce04b92e190f391a83136bfbecedefd1,0xbdb3ba9ffe392549e1f8658dd2630c141fdf47b6,2026-08-14T00:49:21,dense_internal_fund_flow;complex_trace;high_gas_used_context;token_activity_burst,0x000000c3,true
25747391,0xeb9de6371e37d39f71e516e75f1e05bb895396e1f892f00ca905763f4fe2b11a,0x5b43453fce04b92e190f391a83136bfbecedefd1,0xbdb3ba9ffe392549e1f8658dd2630c141fdf47b6,2026-08-14T00:49:21,dense_internal_fund_flow;large_erc20_asset_flow;complex_trace,0x000000cc,true
25747391,0x41d5efa9e965a0544c2277f2eb974352ac8f4bb041480cd69db3da083836ebdf,0x43370250bfc02c7f085cb105558da41e9cdb2d79,0x0000000071727de22e5e9d8baf0edac6f37da032,2026-08-14T00:49:23,dense_internal_fund_flow;privileged_execution_context;complex_trace;high_gas_used_context;token_activity_burst,0x765e827f,true
25747391,0xa1409a846db6b3342b92a617484ebbf08b7f3d93d3527ba1a9b65576ac18ee6b,0x9fc3da866e7df3a1c57ade1a97c9f00a70f010c8,0xfeeeeee44046c3f61a8cc081e0918ef0de0a7ffc,2026-08-14T00:49:23,selfdestruct_context,0x6a7df51b,true
25747392,0xa6b71e4e55f78c7650a0e33a9f66499d291c4b68321b46904a94d7b7b8765d9a,0xe99bd1c2dd70cd58e5efd47887991700e7318ce2,0xad3b67bca8935cb510c8d18bd45f0b94f54a968f,2026-08-14T00:49:42,repeated_internal_token_drain;dense_internal_fund_flow;complex_trace;high_gas_used_context;token_activity_burst;approval_burst,0x146ee74d,true
25747392,0x0e8b338dc9cee444277df7e36456713e34a1a75fb9da91cd34c87208a2f3b725,0x00c501a744b3db320f1eb5675f9a606bd298d2b9,0x91ff8bbd8ebb07893010d50a48a1609e5ebd8e34,2026-08-14T00:49:43,complex_trace;high_gas_used_context,0x069d1525,false
25747392,0x41c522c72b00e47722d5a6255d59be3d65c3cf8ca92d4e8ea00f2ba2c51d1809,0xeed3a9562813e38deabfd3baf9315b991d9b09fb,0x0000000000001ff3684f28c67538d4d072c22734,2026-08-14T00:49:43,dense_internal_fund_flow;complex_trace,0x2213bc0b,true
25747392,0x4d65abc531fd2d78dcf51098b8c769b1236e20059e5c8b0e0505177793921dd2,0x0816cfde9980c2f2296213cf35a9e8c5f2c6b2d9,0x91ff8bbd8ebb07893010d50a48a1609e5ebd8e34,2026-08-14T00:49:43,complex_trace;high_gas_used_context,0x069d1525,false
25747392,0x9119a1044a61bb6c6d3ca6adcd8f31dbffc5bd04098d31aa9686406b862b3a38,0x0c16f8fec8c7f7a40f542e6604fbdfcb88d249ed,0x1231deb6f5749ef6ce6943a275a1d3e7486f4eae,2026-08-14T00:49:43,dense_internal_fund_flow;complex_trace,0x2c57e884,true
25747392,0x081c28f1557659aa2538cd5815544a2f61b99d3ad1e681c550eb32f33dc08ed5,0xd236cbcf5125e08bb09f6d81a306235cadf3b8ad,0xdb9b1e94b5b69df7e401ddbede43491141047db3,2026-08-14T00:49:47,large_erc20_asset_flow;complex_trace;high_gas_used_context,0xcef6d209,true
25747392,0x6d919f497237d3a71d61c49a052c9c4c6b36579495ad892aab2f579b1aeffa72,0x869921f41af38fe397c8309d3d1885809508b723,0x6566194141eefa99af43bb5aa71460ca2dc90245,2026-08-14T00:49:47,large_erc20_asset_flow;complex_trace,0x374f435d,true
25747393,0x399d04e58df54484a5ff44b90547b7b4d0216824e1b629f3591bdfffaba85e57,0xa5c7857bf8c8220403caf189066ce5bac4462705,0x91ff8bbd8ebb07893010d50a48a1609e5ebd8e34,2026-08-14T00:49:55,complex_trace;high_gas_used_context,0x069d1525,false
25747393,0x979f9148649b22004b6de505d20699e4b41353a90f7d13f1e584905245d10d15,0x4838b106fce9647bdf1e7877bf73ce8b0bad5f97,0xfeeeeee44046c3f61a8cc081e0918ef0de0a7ffc,2026-08-14T00:49:55,selfdestruct_context,0x6a7df533,true
25747393,0xdbada0e8ea0f62632f194c0b8a4f8bd4507f8108f8cafb1b09541254e308989f,0x121bfab341308e000000613672a01459992a33f9,0x0a8accba63f42e743a31f33c44b87be0c83fe230,2026-08-14T00:49:55,large_erc20_asset_flow,0x88000000,true
25747393,0xc044b5b7a4983c837f5cbdc5becd1569acb94df10879aa8f55d8b95198d92dad,0x4838b106fce9647bdf1e7877bf73ce8b0bad5f97,0xfeeeeee44046c3f61a8cc081e0918ef0de0a7ffc,2026-08-14T00:49:57,selfdestruct_context,0x6a7df533,true
25747394,0x5c2eba450f430933d8c1f66f5d64e415adc54f3b0ce08676235b71b41dc4c767,0x2376196d78f189c4fe336cf5be8a0de8ed723646,0x8f5835e9d756c9bd934bce527157a4b0ef3c5cb7,2026-08-14T00:50:03,large_erc20_asset_flow;complex_trace;high_gas_used_context,0x5ef68f68,true
25747394,0xa071875c42e4fdbf6511337647dc9983f675992675865576a3547f692dcfd408,0x70e59f9c304e4d5096bd408b571e2dcd99c3120b,0xad3b67bca8935cb510c8d18bd45f0b94f54a968f,2026-08-14T00:50:03,repeated_internal_token_drain;dense_internal_fund_flow;very_complex_trace;high_gas_used_context;token_activity_burst;approval_burst;repeated_risky_internal_calls,0x146ee74d,true
25747394,0xa9b3e3a13b84d3feaff2b5be4c67b661974213ecc61305f7598cbfd8e8f944fe,0x50bf934781f63028c5c8ef49c4affe19a86d99b6,0x8d04cc7e86e687854eb41d9d43512b655b93184b,2026-08-14T00:50:04,complex_trace;selfdestruct_context,0x8066179c,false
25747394,0x3aebe04115142976ed813d31313b2677127fded2ec1e0c13544b3c486f7bb36f,0xfcd2cf61169feb38c375edbf9033fe844f8a206c,0x7a250d5630b4cf539739df2c5dacb4c659f2488d,2026-08-14T00:50:05,dense_internal_fund_flow,0x791ac947,true
25747394,0x452e2696db7482fbfc5ba8432ebadcda4cd458c0d29e11283e4fe8f8a35ce005,0x161643f280b09be8e0271eef8efc6c264d125003,0xe1c4010b105c64b6d68b3b8318be293c892cb1db,2026-08-14T00:50:05,dense_internal_fund_flow;token_activity_burst,0xa9059cbb,true
25747395,0xa660370110d60d97a485dbc45e5df61d6c42cb3083de62027c1ac7a2f0408ba1,0x4838b106fce9647bdf1e7877bf73ce8b0bad5f97,0xfeeeeee44046c3f61a8cc081e0918ef0de0a7ffc,2026-08-14T00:50:12,selfdestruct_context,0x6a7df54b,true
25747395,0xbafd518b498d202f488e2208e8f5ead76f73d94094ea3df0404be15b7d4cfc7b,0x54620b9a8a2c43aa8ed028450a7ce656a9c69feb,0x7cf7132a8be97d71852124dc96cd9e08621a49bb,2026-08-14T00:50:12,dense_internal_fund_flow,0x991230cd,true
25747395,0xe693df834bcda6177d057706966eba4739a2cc0be2d43298007dc81072a690fb,0x49893cb03175ded315431843490bc6a6d77b6718,0x881d40237659c251811cec9c364ef91dc08d300c,2026-08-14T00:50:12,dense_internal_fund_flow;complex_trace,0x5f575529,true
25747395,0x47dc5948597d010783bb4287da4feea50fe3ff6bd29e8ce4b99ba7fc9b8f2dfc,0x50bf934781f63028c5c8ef49c4affe19a86d99b6,0x8d04cc7e86e687854eb41d9d43512b655b93184b,2026-08-14T00:50:14,complex_trace;selfdestruct_context,0x4a1bf18a,false
25747395,0x7cf98cf704c2bc4a6369811766d3ac1b3020dd36cc10b5f37f2fb5be5a605781,0x59aab1bd0d26290274398c07b55955c15425e16b,0x00fe78205f5f0e63b8ad2b2ae5337f538a610e04,2026-08-14T00:50:14,complex_trace;high_gas_used_context,0x34fcd5be,false
25747395,0x30c10051c782044ba78b1ca7d4d2f1a5da44c2f48b0ea909a2ea3babe3b3e39a,0x9d9e5233e399c84cfff5b080f0012987a25a045a,0x91ff8bbd8ebb07893010d50a48a1609e5ebd8e34,2026-08-14T00:50:15,complex_trace;high_gas_used_context,0x069d1525,false
25747395,0x72df7d4a2680345b5514eb4fe7c82c10708e621ae22672499156d67de2daffc8,0x4838b106fce9647bdf1e7877bf73ce8b0bad5f97,0xfeeeeee44046c3f61a8cc081e0918ef0de0a7ffc,2026-08-14T00:50:15,selfdestruct_context,0x6a7df54b,true
25747396,0xa9f45fcd316f979c32e2c05e1fc7a35fcec57e388275cb9cfe3ede2471d342f4,0xa87eb9f2e6edc1297c0bf99393235503cb8b5023,0x2786ed4ce17214579e359064827715ad2acb1477,2026-08-14T00:50:18,complex_trace;high_gas_used_context;token_activity_burst,0xe9ae5c53,false
25747397,0xac0ba31dea9d76cea2082a2e95033278163d492a525388b0b753c04b172f5936,0x7b49bc3ebbdf7322f31c6449320382bbec3be1b6,0xad3b67bca8935cb510c8d18bd45f0b94f54a968f,2026-08-14T00:50:27,large_erc20_asset_flow;complex_trace;high_gas_used_context;token_activity_burst;approval_burst,0x146ee74d,true
25747397,0xbc0fd2f5a1a529de48a076ce0a3e00601e70fd523668b2c27f9b9a7d09a5f337,0xe8e29c4af0afe0ba2303fd29ab9826d1d3fdaf53,0x663dc15d3c1ac63ff12e45ab68fea3f0a883c251,2026-08-14T00:50:27,large_erc20_asset_flow;complex_trace,0x4d8160ba,true
25747397,0x149b2d2773255d48985d040294b7571604494660c92b87411d0900b30ef0ae3e,0x70a37c913b3f840ebb027b4797907102ce36c816,0xccc88a9d1b4ed6b0eaba998850414b24f1c315be,2026-08-14T00:50:28,complex_trace;high_gas_used_context,0xf9e4bab4,false
25747397,0xe862dd28f3a5e65442f6ca19dc5323634440020701eccc4e3c1221fcdc873bcb,0xabb2acd3be814a80e502575d6c1dc5f789e9cd10,0xccc88a9d1b4ed6b0eaba998850414b24f1c315be,2026-08-14T00:50:28,dense_internal_fund_flow;complex_trace,0x0a2b8f36,true
25747397,0x8c5b84285e97a175e1ac84c5316284464b75764474d5873c8833e52b4dd3d63f,0xc6acbee42e9e323140c1ed060c2f6ea9cc3b4b75,0x7c5a71c9fefbc7691f9d4ac7baf70c743792f716,2026-08-14T00:50:29,selfdestruct_context,0xf3fef3a3,false
25747397,0xc95b6e8128087558d15c3a84890d3abffa29986be840cff077aa6c178c87b911,0x4838b106fce9647bdf1e7877bf73ce8b0bad5f97,0xfeeeeee44046c3f61a8cc081e0918ef0de0a7ffc,2026-08-14T00:50:30,selfdestruct_context,0x6a7df563,true
25747398,0x014413caf16cc48ebf47f4e98c06484603b3c4e714fb5ea6091c486db2b3327c,0xd411d428a63cf4c7029bc53f0e0f56c4933fdbb7,0x6131b5fae19ea4f9d964eac0408e4408b66337b5,2026-08-14T00:50:36,dense_internal_fund_flow,0xe21fd0e9,true
25747398,0xd1d6ddffafeb63630fb9d796bbbe32c7d45d99ca643f63f6e148ad4a1496ba43,0x5e6e835ec4e69fdaf9cad50cedafc687976d6a22,0x91ff8bbd8ebb07893010d50a48a1609e5ebd8e34,2026-08-14T00:50:36,complex_trace;high_gas_used_context,0x069d1525,false
25747399,0x10fac337be5eb5378da11b3062aa8e48affa3e298bfa58b82b999664069d0414,0x1d48112936a20e24422c869cd70f66240c4811f6,0x9640c8dd3b96fc35e08ddeba4d04637ba096c426,2026-08-14T00:50:45,large_erc20_asset_flow;complex_trace,0x00000000,true
25747399,0x3538f6df695309fbe0f137418365c24ce469093e7d7c23a6899300ee05a0f6f0,0x7b49bc3ebbdf7322f31c6449320382bbec3be1b6,0xad3b67bca8935cb510c8d18bd45f0b94f54a968f,2026-08-14T00:50:45,complex_trace;high_gas_used_context;token_activity_burst;approval_burst,0x146ee74d,false
25747399,0x729394486aabaab966db97dae9ed37f7a4193713ce215f79855f69d9b602218d,0x4838b106fce9647bdf1e7877bf73ce8b0bad5f97,0xfeeeeee44046c3f61a8cc081e0918ef0de0a7ffc,2026-08-14T00:50:45,selfdestruct_context,0x6a7df57b,true
25747399,0x7be46d5ab4a85cdf0fc4eb047b0ad4f28cb568fd839d12a07d2f44677b84924c,0x7830c87c02e56aff27fa8ab1241711331fa86f43,0xa9d1e08c7793af67e9d92fe308d5697fb81d3e43,2026-08-14T00:50:45,dense_internal_fund_flow,0x1a1da075,true
25747399,0x7f3a27667317a5e4b35ac5dbc851d22491d089b06f364717f7d934dc0f7112a3,0x9123b39058c5bcd00d4b0b9142fe9f527ddb562f,0x093272c07700d3ca5301c3bf9b3a392624179e2f,2026-08-14T00:50:45,large_erc20_asset_flow;complex_trace;high_gas_used_context,0xac9650d8,true
25747399,0xb2ba84f0d04c95c75f35f2c25e349b9bf55460de8522576b573ae6654b853b6d,0xb876842bb8405f34e1cefe497d0d85d39f83badf,0x91ff8bbd8ebb07893010d50a48a1609e5ebd8e34,2026-08-14T00:50:45,complex_trace;high_gas_used_context,0x069d1525,false
25747399,0x705c1a5da4646504bbfd2f093200ef3b73da82fe69afc38dcfd18d229ae9b455,0x869921f41af38fe397c8309d3d1885809508b723,0x6566194141eefa99af43bb5aa71460ca2dc90245,2026-08-14T00:50:47,large_erc20_asset_flow;complex_trace,0x374f435d,true
25747399,0xa801fb9dc6926b07757c07e3bc999caef9eadd80e9160feb3f210f9946efd776,0x4838b106fce9647bdf1e7877bf73ce8b0bad5f97,0xfeeeeee44046c3f61a8cc081e0918ef0de0a7ffc,2026-08-14T00:50:47,selfdestruct_context,0x6a7df57b,true
25747399,0xc2e8325c07a879b086bdd04d42cfc9b3ac01f2e44c52524a53ad004f091f7d7a,0x754dcfb2861547015b221e963b4133a71dbdc024,0x337685fdab40d39bd02028545a4ffa7d287cc3e2,2026-08-14T00:50:47,large_erc20_asset_flow;complex_trace,0xe4269fc4,true
25747400,0x35a7fd3cd804b12db220e3650a8fba0002d86446eade42227a979b5d926070a7,0x5b43453fce04b92e190f391a83136bfbecedefd1,0xbdb3ba9ffe392549e1f8658dd2630c141fdf47b6,2026-08-14T00:50:54,repeated_internal_token_drain;dense_internal_fund_flow;complex_trace;high_gas_used_context;token_activity_burst;repeated_risky_internal_calls,0x000000c3,true
25747400,0xc7cf476b5e245b4ebb3a2def59ba2a1748fd16ae8ddd5bd9bd07a830bd90c15e,0x5b43453fce04b92e190f391a83136bfbecedefd1,0xbdb3ba9ffe392549e1f8658dd2630c141fdf47b6,2026-08-14T00:50:54,dense_internal_fund_flow;large_erc20_asset_flow;complex_trace,0x000000cc,true
25747400,0x0d14f06b2acaf178dee4ea457f901f853de42912c4b6337f3faf9f739d187a75,0x7830c87c02e56aff27fa8ab1241711331fa86f43,0xa9d1e08c7793af67e9d92fe308d5697fb81d3e43,2026-08-14T00:50:55,large_erc20_asset_flow;token_activity_burst,0xca350aa6,true
25747400,0xc3067e619c9a5d53cf27077031c38d37955078c7cda3e146a3e82dc3332508e6,0x9642b23ed1e01df1092b92641051881a322f5d4e,0xfaf17849fb05a11a4e233f221bac99ca43fc83f8,2026-08-14T00:50:55,large_erc20_asset_flow,0x6b13fcb1,true
25747400,0xd815ad54b3634e60b4ca5c3e3a988c0cf04ae3b65bc3dfd1a46fb9a1b6310839,0x8d52fd58548a42137598aff4884196944efc453e,0x337685fdab40d39bd02028545a4ffa7d287cc3e2,2026-08-14T00:50:55,dense_internal_fund_flow;complex_trace,0x30dedc57,true
25747400,0xea12cfca73877cc0670ce79f15e10ce099274a2001230c1342c630de72fcfb9e,0x9fc3da866e7df3a1c57ade1a97c9f00a70f010c8,0xfeeeeee44046c3f61a8cc081e0918ef0de0a7ffc,2026-08-14T00:50:56,selfdestruct_context,0x6a7df587,true
25747401,0x46c4620af0992685edc7cdaba44477aa8c55fb0ad5a636bfd8005fa947d73261,0xf10ced223a6d86c863bb27f9fd3a40328877d7d1,0x03f34be1bf910116595db1b11e9d1b2ca5d59659,2026-08-14T00:51:32,large_erc20_asset_flow;complex_trace,0xe47d166c,true
25747401,0xabcbb65b8bd5efa5fd575b5b1775946fe7ce6a08129872d4d43e9037b581e7d3,0x43b2f01186fda9814c5f40770554ac68fd8304bd,0x1bd4b947a1b51284293a858fe0944a565e4c8946,2026-08-14T00:51:33,dense_internal_fund_flow;token_activity_burst,0x7111a994,true
25747402,0xb85e14b6b00c54f91688c355c29a1c7da700bce4df42701765b0cd5aae8e04b6,0x4838b106fce9647bdf1e7877bf73ce8b0bad5f97,0xfeeeeee44046c3f61a8cc081e0918ef0de0a7ffc,2026-08-14T00:51:43,selfdestruct_context,0x6a7df59f,true
25747402,0xe994e9133d214a0509bf2a9bea36741a5c934c024e725455185ef050fed0728a,0x8bf44b00436d41fef72474bb0fa0778f7bf956ac,0x1103fc560de8b710983e7f3ec09d587f3f848566,2026-08-14T00:51:43,dense_internal_fund_flow,0x049f1c98,true
25747402,0x4a1859acef82a6f0e18e473decb1e094f598cb745c6e7f6c52f83726deada027,0x9fc3da866e7df3a1c57ade1a97c9f00a70f010c8,0xfeeeeee44046c3f61a8cc081e0918ef0de0a7ffc,2026-08-14T00:51:44,selfdestruct_context,0x6a7df59f,true
25747403,0x05f6733023c340486d9a60abd67f301bd7a4c5b53a3bda33b687e659b39987d6,0x5b43453fce04b92e190f391a83136bfbecedefd1,0xbdb3ba9ffe392549e1f8658dd2630c141fdf47b6,2026-08-14T00:51:49,dense_internal_fund_flow;complex_trace;high_gas_used_context;token_activity_burst,0x000000c3,true
25747403,0x6dd3fbfaa4a889b9be6d4324175657717a9cf3517f30936eee066aaa95c1f148,0xb2860e52a68c01a31aa03810208b069d72359563,0x91ff8bbd8ebb07893010d50a48a1609e5ebd8e34,2026-08-14T00:51:51,complex_trace;high_gas_used_context,0x069d1525,false
25747403,0xddcbe57518b2d7efad4460986bee4a246fe493bf26c6afa3fa50a3a200c29416,0x1584a8ee67789d1fe161065388657ad2f2a3c7dd,0x77eb52e44db06777bce478159f25c0d55a295314,2026-08-14T00:51:51,repeated_internal_token_drain;dense_internal_fund_flow;complex_trace;token_activity_burst;repeated_risky_internal_calls,0xa9059cbb,true
25747403,0xc40ac8a9ef833361cd65f87462a63fd6871a6ed51aa710132d5ee909d2cb3850,0x4838b106fce9647bdf1e7877bf73ce8b0bad5f97,0xfeeeeee44046c3f61a8cc081e0918ef0de0a7ffc,2026-08-14T00:51:52,selfdestruct_context,0x6a7df5ab,true
25747404,0xaa9477cd196519a5edf3df47e2f771153419a4c6963084f9dbd0fb0ddbbf0f27,0x971ca6c5956d219cc64d7eec1c883e4c685f68ba,0xd152f549545093347a162dce210e7293f1452150,2026-08-14T00:51:57,dense_internal_fund_flow,0xe63d38ed,true
25747404,0xf8e375c283be258eb9abea5e90dbe1b1db95adbe6caf530b34a33fedea53f5de,0x43b2f01186fda9814c5f40770554ac68fd8304bd,0x5ff6841642bc63072f967666f69857721064c7b6,2026-08-14T00:51:57,dense_internal_fund_flow;token_activity_burst,0x7111a994,true
25747404,0x867b81ff3115044a27946f227f1c813b34f8f47e4a9d6d8457fa8ab72f146b67,0x43370308b53e3611521ba48e2f7632a5644d7b1f,0x0000000071727de22e5e9d8baf0edac6f37da032,2026-08-14T00:51:58,large_erc20_asset_flow,0x765e827f,true
25747405,0xba51a5e7153d07ef141ddd9e0274bdd99c986ca7fc1bf9e80decf0a56dd5a5e3,0x448f9a22ef1db0beed84ef53ad08d320dc66fa61,0x6566194141eefa99af43bb5aa71460ca2dc90245,2026-08-14T00:52:08,large_erc20_asset_flow;complex_trace,0x374f435d,true
25747405,0xc7c3e50c236afdb4feba30f8a35274bd52da6c30620c64162a988a2cb6175d5d,0x7830c87c02e56aff27fa8ab1241711331fa86f43,0xa9d1e08c7793af67e9d92fe308d5697fb81d3e43,2026-08-14T00:52:08,dense_internal_fund_flow,0x1a1da075,true
25747405,0x2352951839f2dca78edd6c6f200c7b90bf8193ef06d6f87f9b2ef8adf1244eaf,0x08b00ceee2fb66029b53d76110b19eeaabfd1e65,0x0000000000001ff3684f28c67538d4d072c22734,2026-08-14T00:52:09,dense_internal_fund_flow;complex_trace,0x2213bc0b,true
25747405,0x7656de1f53a180224a85f8e74f49a7e3d35514c560fa45cdba27c2cbfad742e3,0x59aab1bd0d26290274398c07b55955c15425e16b,0x00fe78205f5f0e63b8ad2b2ae5337f538a610e04,2026-08-14T00:52:09,complex_trace;high_gas_used_context;token_activity_burst,0x34fcd5be,false
25747405,0xadcf77407d060f6409078ea9013941aae216e1538945bb36efe5a12a96b2a2fd,0x161643f280b09be8e0271eef8efc6c264d125003,0xe1c4010b105c64b6d68b3b8318be293c892cb1db,2026-08-14T00:52:09,dense_internal_fund_flow;token_activity_burst,0xa9059cbb,true
25747406,0xf3ab2ccabfaf04362b8e442af2c360e63362193905fd63cadbd941d6217922f3,0xbe0b407782a7599380fa726db315340126d62229,0x4d2fb5f8ec243fde4df1a9678b82238570c7e0e4,2026-08-14T00:52:17,repeated_internal_token_drain;dense_internal_fund_flow;complex_trace;high_gas_used_context;token_activity_burst;repeated_risky_internal_calls,0x6a761202,true
25747406,0x14360ab158b614738600e9a25b1ca53da0272288ae985aa5390bd2a4508f80c3,0x0beea0e1f3d79cb55633530e291336dab9a7d82d,0xad3b67bca8935cb510c8d18bd45f0b94f54a968f,2026-08-14T00:52:18,complex_trace;high_gas_used_context;token_activity_burst;approval_burst,0x146ee74d,false
25747406,0x8f28e85d81d57e74ddacbecefccb9f1aa04b5fca928f64590c02c390ae98cf35,0x4838b106fce9647bdf1e7877bf73ce8b0bad5f97,0xfeeeeee44046c3f61a8cc081e0918ef0de0a7ffc,2026-08-14T00:52:18,selfdestruct_context,0x6a7df5cf,true
25747406,0xafb31ef082d71018f5f6ecd8efd7952cb604b13f25bf1bc55bf95cee7a3e9a1b,0xced372d2dc756fdedf12b8b6bf4efa794af917a7,0x1921e0ff550c09066edd4df05d304151c45e77de,2026-08-14T00:52:18,large_erc20_asset_flow;complex_trace,0x13d79a0b,true
25747406,0xc9e6bc9e5d015f9d1cc6d9f7d702f41c092a6157e8d20aa0d502944c9b1bf8fc,0xd8c26e4eeed08cd33c8e617fafcc2122ed8ec21b,0x0000000000000068f116a894984e2db1123eb395,2026-08-14T00:52:18,complex_trace;high_gas_used_context;token_activity_burst,0x87201b41,false
25747406,0xf3cc86c5d1cd5f531a0a8282dedbf0e8ef78c95174b86f98496c1604709fbae6,0xf279dfcdd57e1571c95e2c5b7e2ee453cbcdf77f,0x5ff137d4b0fdcd49dca30c7cf57e578a026d2789,2026-08-14T00:52:18,large_erc20_asset_flow;complex_trace,0x1fad948c,true
25747406,0x126af50f63eb9768451d55d025e49fc714e8e54db59ad62658a24cbcd53985be,0x1c53b02ddb0c853ff2d861001853a4a0f32ac584,0x28b1dc1a5e3699a428bc51d234dfab7c9cb2a183,2026-08-14T00:52:49,large_erc20_asset_flow;complex_trace,0xf2c42696,true
25747406,0x3b0daaee0eb2d4cbd8b017b2d539d58e9b16288d129a79c7107420209bfec613,0x9fc3da866e7df3a1c57ade1a97c9f00a70f010c8,0xfeeeeee44046c3f61a8cc081e0918ef0de0a7ffc,2026-08-14T00:52:49,selfdestruct_context,0x6a7df5cf,true
25747406,0x9d798d2dc4a8967f6da6a45f36b545e71feca65752a2dbdd2bb9ebffde558050,0xd6f05b19bf2c05c264a646b7757057d774661c5c,0x0000000000001ff3684f28c67538d4d072c22734,2026-08-14T00:52:49,large_erc20_asset_flow,0x2213bc0b,true
25747407,0x4d442e12c0c7af51cd904ac67656a1dc49c4b574a1bd92f11c9d4992f7901b27,0xbd554f774bc3101201a380ea03cc2bef18135a07,0x4b47d7291664beb43e03588e2698e10ba2cd21b3,2026-08-14T00:52:54,large_erc20_asset_flow;complex_trace,0x9eb723c7,true
25747407,0x5d4200207d1cbb58348a7cfa8e0169e21ac2950b257afc707193f68680bc1036,0xc10dfcbeffe041533629f27b00a6880e388b990e,0x7c24805454f7972d36bee9d139bd93423aa29f3f,2026-08-14T00:52:54,privileged_execution_context,0xd83c1138,false
25747407,0x5e77568f8cdae52359892de227a4da1927a1e02e1bef467e4c73d51f4bd22a40,0x5b43453fce04b92e190f391a83136bfbecedefd1,0xbdb3ba9ffe392549e1f8658dd2630c141fdf47b6,2026-08-14T00:52:54,large_erc20_asset_flow;complex_trace,0x000000c3,true
25747407,0x8be5c579d570270a8bd1d4f1ff45422e866b5f3549015c13d414caaf7228ce7d,0x7830c87c02e56aff27fa8ab1241711331fa86f43,0xa9d1e08c7793af67e9d92fe308d5697fb81d3e43,2026-08-14T00:52:54,large_erc20_asset_flow;token_activity_burst,0xca350aa6,true
25747407,0x138208c68fee48ac94815e0a96cca3461ff199c0106cb395f11b78b12306afd2,0x12a1e8f498501c2cce0967f8b9717b28492fc668,0x20f6ee51340adeed01a59b0e65cb3703f3dc860c,2026-08-14T00:52:55,dense_internal_fund_flow;complex_trace,0x46ec278a,true
25747407,0x7d21364d682b51a4128a3b39a6021f6f6f43ccb2628f73288b746f87a393e343,0x1584a8ee67789d1fe161065388657ad2f2a3c7dd,0x77eb52e44db06777bce478159f25c0d55a295314,2026-08-14T00:52:55,repeated_internal_token_drain;dense_internal_fund_flow;complex_trace;token_activity_burst;repeated_risky_internal_calls,0xa9059cbb,true
25747407,0x8c9a5a862f2177200fa890d173382f5805e3a8cae6046ad6343bfaa63ec785b3,0x754dcfb2861547015b221e963b4133a71dbdc024,0x3e07be15370d8b12d80a159a7ef14b9e51869497,2026-08-14T00:52:55,complex_trace;high_gas_used_context;token_activity_burst,0x21af54c6,false
25747407,0xf799fa14e43d6323cf0a2e78bd8499c01c57859fc756fcb257d59434d8a286d7,0x4838b106fce9647bdf1e7877bf73ce8b0bad5f97,0xfeeeeee44046c3f61a8cc081e0918ef0de0a7ffc,2026-08-14T00:52:55,selfdestruct_context,0x6a7df5db,true
25747408,0x4d76638aefdbc2c8f6da6bf64b1bae0f3c9c6e4b6b0e30b8c99c962772342dee,0xe99bd1c2dd70cd58e5efd47887991700e7318ce2,0xad3b67bca8935cb510c8d18bd45f0b94f54a968f,2026-08-14T00:53:02,complex_trace;high_gas_used_context;token_activity_burst;approval_burst,0x146ee74d,false
25747408,0x6f7f363f39e0767bf0de899f7d1795fd5e0dd9dc94831729db6a81245178db8a,0x80d04079ffc53eb14edbeeb37279d126f45552df,0x0e8606350cd13c6f0aaba57733c4a75bd765f5c6,2026-08-14T00:53:03,repeated_internal_token_drain;dense_internal_fund_flow;complex_trace;token_activity_burst;repeated_risky_internal_calls,0x8aaa8f3b,true
25747408,0xc6061b3543ecf1ee121b6f4c268fb9b8be77ae0e2c44546f087aec3217467acb,0x09cfee647fa339133380191c8db6b44f24500c9d,0x77b85afbcd336993ac1c65057531c5a5b33b76b8,2026-08-14T00:53:03,repeated_internal_token_drain;dense_internal_fund_flow;complex_trace;high_gas_used_context;token_activity_burst;repeated_risky_internal_calls,0xa9059cbb,true
25747409,0x5fe514b74d31928e8e84802c382de6c359a2b9b2f581b92769a0f7930eee7b4b,0x09a591f0e4fa0abac08f05bc0916c51ee34c1a1b,0x5cb16a393b9b43c590953b51058edab1bde0f5fa,2026-08-14T00:53:06,dense_internal_fund_flow,0x501d976c,true
25747409,0xee9891efb909735a5b05743f577ea31bb282366ebf8b485db654899c3e4cf488,0xa3ab2b10bf2508a9e4455a35e2f4a9d0ced18464,0x91ff8bbd8ebb07893010d50a48a1609e5ebd8e34,2026-08-14T00:53:06,complex_trace;high_gas_used_context,0x069d1525,false
25747410,0x564684576cfbbdbaf927c4a0665e828e7820c27a7be56dc0df28f21dab0e7c64,0x70e59f9c304e4d5096bd408b571e2dcd99c3120b,0xad3b67bca8935cb510c8d18bd45f0b94f54a968f,2026-08-14T00:53:12,repeated_internal_token_drain;dense_internal_fund_flow;complex_trace;high_gas_used_context;token_activity_burst;approval_burst;repeated_risky_internal_calls,0x146ee74d,true
25747410,0x59d4f84990b75d57e29928fd79dfd5ce95bcf1ddbd4be53ce1eeff80185a7c64,0x7830c87c02e56aff27fa8ab1241711331fa86f43,0xa9d1e08c7793af67e9d92fe308d5697fb81d3e43,2026-08-14T00:53:13,dense_internal_fund_flow,0x1a1da075,true
25747410,0x0d961d98a2a04530703722a5cb100ddc654b841c0ef0795d01374de2613c335b,0xe93685f3bba03016f02bd1828badd6195988d950,0x173272739bd7aa6e4e214714048a9fe699453059,2026-08-14T00:53:17,complex_trace;high_gas_used_context,0x7cd44734,false
25747410,0xd780cd4e207bcb7a6e56e57af17ad26b204572864568c5e10c470d25eb681885,0x39419e2f124a2bff928c64494bff67bae96c83d3,0x2d5805a423d6ce771f06972ad4499f120902631a,2026-08-14T00:53:17,large_erc20_asset_flow;complex_trace,0xf497df75,true
25747410,0x9a441b84b170ca4596aee6a3580a5774e78ca411b8916c0fb93f075e4296cad0,0x4337031ade3a53d10121f350369907076b6d32a4,0x0000000071727de22e5e9d8baf0edac6f37da032,2026-08-14T00:53:18,large_erc20_asset_flow,0x765e827f,true
25747410,0xc35a29e89f4577fd442d4d55cb919fdfe9c21f90e8479896e08710131fbeb75b,0x5a9ce6113eb1a3d6cb3ee9739b438c6f0c8d32c7,0x91ff8bbd8ebb07893010d50a48a1609e5ebd8e34,2026-08-14T00:53:18,complex_trace;high_gas_used_context,0x069d1525,false
25747411,0x47f63695a9b92a0ccbd6cba967d8f7d66d046990c6d646d712ddf950171a78fd,0x07ae8551be970cb1cca11dd7a11f47ae82e70e67,0x1f748c76de468e9d11bd340fa9d5cbadf315dfb0,2026-08-14T00:53:28,large_erc20_asset_flow;complex_trace,0xc7c7f5b3,true
25747411,0x7b31c947d8413e3f8dabd1f0d8f11665c20ca395d58372e5c0bd0d1718e2cf7e,0x49e1bf431e9bbbd8e57afcd21ccac3f30e7d98d3,0x28b1dc1a5e3699a428bc51d234dfab7c9cb2a183,2026-08-14T00:53:28,complex_trace;high_gas_used_context;token_activity_burst,0xf2c42696,true
25747412,0x675e5e4dcbb7673b3bd0cd2df8e881beefbc8aea129e42e94bc0d3a4d22167ca,0x4337020f43d3d7d2f5e4160397efea49aefa5e7d,0x0000000071727de22e5e9d8baf0edac6f37da032,2026-08-14T00:53:38,large_erc20_asset_flow;privileged_execution_context;complex_trace,0x765e827f,true
25747412,0x24ea6df9fc50604ba8a808229f63acb5ccc2932947d1fde25a9b683315256fc1,0x50bf934781f63028c5c8ef49c4affe19a86d99b6,0x8d04cc7e86e687854eb41d9d43512b655b93184b,2026-08-14T00:53:40,selfdestruct_context,0xd20b83bb,false
25747412,0x704fe89af3e19c87cc2d303cb98216250c1c7c9b931c2d2f117ba8873c39781c,0x412e07d9d395c210a8f0d5bba53e1f07a76fe7f4,0x3bf5b6101860418d9eb4e680e71cf88062a9db5c,2026-08-14T00:53:40,large_erc20_asset_flow;complex_trace,0x6a761202,true
25747412,0x758da82c1bbe77412662e40a261f614d911ad1941f1c523c2172afe8c1d847d8,0xdc77bc261d3e890faa53c8910cd85173d9fb926d,0x5af5194b4b0909eb978e3cf1e25333852277f07d,2026-08-14T00:53:40,large_erc20_asset_flow,0x9aefaff8,true
25747412,0xf7fc562d3482f4708eca9d3facb2a2f7f94dd9f8a12da3daa95b32b33b4e90c5,0x5a7988fa3119483017cf6a08f08c8918ae945761,0x69460570c93f9de5e2edbc3052bf10125f0ca22d,2026-08-14T00:53:40,dense_internal_fund_flow;complex_trace,0x14d08fca,true
25747412,0xe6c527669d335cf4c49f503e78db304f5a73e38fcbf871ad93bc790bf9116e87,0x448f9a22ef1db0beed84ef53ad08d320dc66fa61,0x888888888889758f76e7103c6cbf23abbf58f946,2026-08-14T00:53:41,large_erc20_profit_to_sender;large_erc20_asset_flow,0xf06a07a0,true
25747412,0xf10e685d05f5658cfbf75167c459d78d7dea22c963aa9d5e273a7c093932c1df,0x3431172c887cf150d9fdaba9876273d9db566367,0x64f5aad0e38e2ff9f50f2e51e813e49c05aca41a,2026-08-14T00:53:41,complex_trace;high_gas_used_context;token_activity_burst,0xa9059cbb,false
25747413,0x99ce67fa970cedb021ddf50587d777a22417c54acdef9f0fa11aa6e8d047bdb8,0x64b9edd67c96c76bc3f9472c5a9e83547cfd4380,0x91ff8bbd8ebb07893010d50a48a1609e5ebd8e34,2026-08-14T00:53:49,complex_trace;high_gas_used_context,0x069d1525,false
25747413,0xf2392c96a99924e2df90fe154a9573477bb6930ebcfa6a3cce58f67a37156f7d,0x884e2e6826bb0b992a633ddf25d2d0ade88adfd6,0x1231deb6f5749ef6ce6943a275a1d3e7486f4eae,2026-08-14T00:53:49,dense_internal_fund_flow;complex_trace;high_gas_used_context;token_activity_burst;approval_burst,0x2c57e884,true
25747414,0x0b9f33cbee23e3b4843976818a3dc4d1f23a1bd961e173d97bf3aec53529333f,0x0f6d91fbafa15c3f20e72a4cbf16ed65dd96323d,0x91ff8bbd8ebb07893010d50a48a1609e5ebd8e34,2026-08-14T00:53:57,complex_trace;high_gas_used_context,0x069d1525,false
25747414,0x0edd331f29c8f23ab3235caca6a0d3c645af7e24b2698d5c86ecfe242890ed45,0x1e060fb7847ab8de0e05e898c16714c9dcc9de6d,0x91ff8bbd8ebb07893010d50a48a1609e5ebd8e34,2026-08-14T00:53:57,complex_trace;high_gas_used_context,0x069d1525,false
25747414,0x282f4c78b136b30fd0124b1cd128e6e3826bacc6f5a681a91422f818a81be397,0xcc7901bef94f11c716d3880ff89be353192fd85f,0x00b19a5200a100e5fc4c9800772f4d002f218400,2026-08-14T00:53:57,privileged_execution_context,0x7e734c5a,false
25747414,0x28dec74ae1677624d3ace3eae86e4facd7b074be947ca474c3ac1e4424ba8dbd,0x72663ec3f3dcf59beff5d20594fd5777e05d9c17,0x91ff8bbd8ebb07893010d50a48a1609e5ebd8e34,2026-08-14T00:53:57,complex_trace;high_gas_used_context,0x069d1525,false
25747414,0x3373bf2dd6055b37a3d807563c11607abfa7b6623833a15f277469c27c59900f,0xe9fce949e03ed55426471dbdb33847a248a83573,0x91ff8bbd8ebb07893010d50a48a1609e5ebd8e34,2026-08-14T00:53:57,complex_trace;high_gas_used_context,0x069d1525,false
25747414,0x3b7f9fd46397153a6216a59fd36b3d6c66262da53d5a59d2fe84ed8b15d5db6b,0x61193d978c9ce5ba69293da96a56113be8de981c,0x91ff8bbd8ebb07893010d50a48a1609e5ebd8e34,2026-08-14T00:53:57,complex_trace;high_gas_used_context,0x069d1525,false
25747414,0x71d466b0e3ffb9daf410a163f5a525b3e7b914e1380f4202f24e002bba56d6c5,0x7f56302966ef91afb0d7baddc92b793efa8da7d9,0x91ff8bbd8ebb07893010d50a48a1609e5ebd8e34,2026-08-14T00:53:57,complex_trace;high_gas_used_context,0x069d1525,false
25747414,0x9f988e38d4d57d3e76392eaf11da7049c2ba9eb6a3db4f878cdbe76c7a525299,0x41d209d275027e3dcf5ddc4d0c30cd6c6ece1ffd,0x91ff8bbd8ebb07893010d50a48a1609e5ebd8e34,2026-08-14T00:53:57,complex_trace;high_gas_used_context,0x069d1525,false
25747414,0xbde1d13d91f5b81dbf9d9f98d57ca13195063bda60f55382198efd746c35f246,0x7b49bc3ebbdf7322f31c6449320382bbec3be1b6,0xad3b67bca8935cb510c8d18bd45f0b94f54a968f,2026-08-14T00:53:57,complex_trace;token_activity_burst;approval_burst,0x146ee74d,false
25747414,0xc6de7826353e3a3cc63d150bcdc4d3337a6aa13f53cf40d63a6fee58e3cd2ee4,0x6572d9dbd1e4a1a1a81760dcc4310269b59950c7,0x91ff8bbd8ebb07893010d50a48a1609e5ebd8e34,2026-08-14T00:53:57,complex_trace;high_gas_used_context,0x069d1525,false
25747414,0x8c444829e4553ce2c15d6b8fc2cfb7babcdc0d3060b7eaea25134b269656ed44,0x1584a8ee67789d1fe161065388657ad2f2a3c7dd,0x77eb52e44db06777bce478159f25c0d55a295314,2026-08-14T00:53:59,repeated_internal_token_drain;dense_internal_fund_flow;complex_trace;high_gas_used_context;token_activity_burst;repeated_risky_internal_calls,0xa9059cbb,true
25747414,0xc581607aa2d99ae01e1a52043d33e68d1423bba871af19c26a126305e18cf4b9,0x046b91794da429dae94fd4269957674eb2e2237f,0xb0f56bb0bf13ee05fef8cd2d8df5ffdfcac7a74f,2026-08-14T00:54:00,large_erc20_asset_flow;very_complex_trace;high_gas_used_context;token_activity_burst,0xbaae8abf,true
25747415,0xf2708f62d5a03ac7a4afcce5696af914d42a7a2ee79575bf68f4d9bacec668b0,0x7a27f9586d0895f045b80b3fb1d9d6ef4d54e9bc,0x6566194141eefa99af43bb5aa71460ca2dc90245,2026-08-14T00:54:07,large_erc20_asset_flow,0x374f435d,true
25747415,0x566ed0292fa983d48b2413f50800ffd27e485fa61904ccc1e5ee77df8a1c851b,0x4838b106fce9647bdf1e7877bf73ce8b0bad5f97,0xfeeeeee44046c3f61a8cc081e0918ef0de0a7ffc,2026-08-14T00:54:08,selfdestruct_context,0x6a7df63b,true
25747415,0xcf7f940b4274c61c608c99d9d2773a05c13c10fae68751af40fd09b93848fc88,0x59aab1bd0d26290274398c07b55955c15425e16b,0x00fe78205f5f0e63b8ad2b2ae5337f538a610e04,2026-08-14T00:54:08,repeated_internal_token_drain;dense_internal_fund_flow;complex_trace;high_gas_used_context;token_activity_burst;repeated_risky_internal_calls,0x34fcd5be,true
25747415,0xd57edddfc9fe15fe8c96c065f6f3f71b8a70f5aae72d21e78e7be57a35b85514,0xe99bd1c2dd70cd58e5efd47887991700e7318ce2,0xad3b67bca8935cb510c8d18bd45f0b94f54a968f,2026-08-14T00:54:08,complex_trace;high_gas_used_context;token_activity_burst;approval_burst,0x146ee74d,false
25747416,0x815d14e69c4a219dd5270f15abfae5a28feecdedc7f70aac64e11dddbb967d9d,0xa13e6d8e0f370b211482d65e332964dc754f17e0,0x03f34be1bf910116595db1b11e9d1b2ca5d59659,2026-08-14T00:54:14,dense_internal_fund_flow;large_erc20_asset_flow;complex_trace,0xe47d166c,true
25747416,0x03e9a8e694c49fddfe289fcfe5b38773c7dcfc078d087ce31863794c88eb508e,0x2156f29d64f81701b58877129006e8b1964149b6,0x0000000000001ff3684f28c67538d4d072c22734,2026-08-14T00:54:15,large_erc20_profit_to_sender;large_erc20_asset_flow;complex_trace,0x2213bc0b,true
25747416,0x0e7e7565cdff6865555b20af3ad82a289c6ba96340f1516880ca2e6adc01d470,0x7c5b3c87c0d09a2cf08b14dd32eecf370635d9f9,0x59da89baee7c773f991731fca0a8bba58d511c05,2026-08-14T00:54:15,dense_internal_fund_flow;complex_trace,0xfd3ad6d4,true
25747416,0x0c12a2e300fbb64c65bdab52a5ebcfec43300cbaea85cc29e7434f06b78545d0,0x4838b106fce9647bdf1e7877bf73ce8b0bad5f97,0xfeeeeee44046c3f61a8cc081e0918ef0de0a7ffc,2026-08-14T00:54:16,selfdestruct_context,0x6a7df647,true
25747417,0xd62bde9d5d935967ff81e6bae011a18369b5a35aba1333c49f92d826147cf3f3,0x70e59f9c304e4d5096bd408b571e2dcd99c3120b,0xad3b67bca8935cb510c8d18bd45f0b94f54a968f,2026-08-14T00:54:22,large_erc20_asset_flow;complex_trace;high_gas_used_context;token_activity_burst;approval_burst,0x146ee74d,true
25747417,0x05db9c2077847b75b2ab5b2ed2deb0aee42c21fa18c9d8bd13433b993ce6950c,0x50bf934781f63028c5c8ef49c4affe19a86d99b6,0x8d04cc7e86e687854eb41d9d43512b655b93184b,2026-08-14T00:54:23,selfdestruct_context,0xb5291b32,false
25747417,0x325d2a36b49295601e3562959f74be07ba1dddea8d90e107af8f7b899f03b4e5,0x331d9a049d496385998067abf6cbb6371c8d2466,0xccc88a9d1b4ed6b0eaba998850414b24f1c315be,2026-08-14T00:54:23,dense_internal_fund_flow;complex_trace;high_gas_used_context,0x0a2b8f36,true
25747417,0x486f5da83c0cf7d2283cdfd702c1759337e93b194c137615b068ba9cd35e54a5,0x50bf934781f63028c5c8ef49c4affe19a86d99b6,0x8d04cc7e86e687854eb41d9d43512b655b93184b,2026-08-14T00:54:23,selfdestruct_context,0xb5291b32,false
25747418,0x678e2733294cf817cfbbde77a45cf0ad72ccdd8fc44eba18281b78a79caaa7a4,0xce269e6ce7e1ba8bd5c1b11c3933c3ebe95742d9,0xcb0151ac9479a6a0261622baa63ae843c9793d45,2026-08-14T00:54:32,complex_trace;approval_burst,0x64cd187f,false
25747418,0x9a93e9ca76d36fb9ffc3fc0a6c3c4ac5259d891ca2abbe04c64caba09cd0ed56,0x43b2f01186fda9814c5f40770554ac68fd8304bd,0x1bd4b947a1b51284293a858fe0944a565e4c8946,2026-08-14T00:54:32,dense_internal_fund_flow;token_activity_burst,0x7111a994,true
25747418,0xb8fd44f120cecc4706bcb6d9ba42ffa3360eaba7fd23209df0d9c037eaa834eb,0xf262bc650ff463ef9e50fdb439a138b5044b89ee,0x03f34be1bf910116595db1b11e9d1b2ca5d59659,2026-08-14T00:54:32,dense_internal_fund_flow;large_erc20_asset_flow;complex_trace,0xe47d166c,true
25747418,0xcfc7c4fcd359127595c69188eba75a9fab7b975d3a1c973e12e6efa8a8e08201,0x78a57679a434a2caa3046335195130af6c5a5179,0x36a7cd5b1f475122a2b52580fc8e170a2cd312ef,2026-08-14T00:54:32,dense_internal_fund_flow;complex_trace,0x44471415,true
25747418,0x25dd6c25f0f1edd6f6aee3c9ba1082663ecac2e1a2f532d06fc848f82f5286a7,0x09cfee647fa339133380191c8db6b44f24500c9d,0x77b85afbcd336993ac1c65057531c5a5b33b76b8,2026-08-14T00:54:33,repeated_internal_token_drain;dense_internal_fund_flow;complex_trace;high_gas_used_context;token_activity_burst;repeated_risky_internal_calls,0xa9059cbb,true
25747418,0x9ea23829c3011f8df4bf1e0548a4b0d792a8bfbe1ff48e94c5ab51b80ab32540,0x0e0052a184fd59c6b7e1e99d739802ecb3aec0e4,0x0b8a49d816cc709b6eadb09498030ae3416b66dc,2026-08-14T00:54:33,complex_trace;approval_burst,0xf497df75,false
25747418,0xe80e8ff4087527966af8832b5591a9f59bec1ce915d1652a7a8c8d3b44ae701a,0xfeed46c11f57b7126a773eec6ae9ca7ae1c03c9a,0xbeeff2c5bf38f90e3482a8b19f12e5a6d2fca757,2026-08-14T00:54:33,large_erc20_asset_flow;complex_trace;high_gas_used_context;token_activity_burst,0xac9650d8,true
25747418,0xa1a32bad565a5fa245357a0424ab13ddebdf0235f32899e31111d84d1623c1c0,0x4838b106fce9647bdf1e7877bf73ce8b0bad5f97,0xfeeeeee44046c3f61a8cc081e0918ef0de0a7ffc,2026-08-14T00:54:35,selfdestruct_context,0x6a7df65f,true
25747419,0x17043094d8556fab337e4bda776a5ba4d7993a3fb028b636c9ce925127286bee,0x49893cb03175ded315431843490bc6a6d77b6718,0x881d40237659c251811cec9c364ef91dc08d300c,2026-08-14T00:54:39,dense_internal_fund_flow;complex_trace,0x5f575529,true
25747419,0xc3e6fb94778b0f43c855f032771efd7fc0400afb368e487023556a2abcb6dc13,0x54620b9a8a2c43aa8ed028450a7ce656a9c69feb,0x7cf7132a8be97d71852124dc96cd9e08621a49bb,2026-08-14T00:54:39,dense_internal_fund_flow,0x991230cd,true
25747419,0xe628f3fdbf46b32ecd5429942344af3283c1292e12cd25f8c0eaf2c4c2ff6204,0xb88842d381592429cada3b3475efd61eaff2751d,0xec4fb7e7c35c241e1138a2d8cfbb09f3ad1ccb22,2026-08-14T00:54:39,large_erc20_asset_flow;complex_trace,0x349fc6bf,true
25747419,0x0f202f1f01f80ea43b86acd913d15baca34f9355212ec2f53f9c801d16ad2bd9,0x4838b106fce9647bdf1e7877bf73ce8b0bad5f97,0xfeeeeee44046c3f61a8cc081e0918ef0de0a7ffc,2026-08-14T00:54:40,selfdestruct_context,0x6a7df66b,true
25747419,0x3727acebc9517aecbf4e4a0d1b52a648aec85fb9d85d7030b9a941bf60fe6ad4,0xe7f525dd1bc6d748ae4d7f21d31e54741e05e110,0x6131b5fae19ea4f9d964eac0408e4408b66337b5,2026-08-14T00:54:40,dense_internal_fund_flow;complex_trace,0xe21fd0e9,true
25747419,0x390e35a568ace2bcf2caaf9cd79ef43ef92a94ac0afc45458144914cd5b1a61c,0x7830c87c02e56aff27fa8ab1241711331fa86f43,0xa9d1e08c7793af67e9d92fe308d5697fb81d3e43,2026-08-14T00:54:40,dense_internal_fund_flow,0x1a1da075,true
25747419,0xa89519cc472b573cb2b152b65b6b5828af4880968e7d591328557141f78e2018,0x1aed6d75bea7698a8a34ecc1361aec712474073c,0xcb0151ac9479a6a0261622baa63ae843c9793d45,2026-08-14T00:54:40,large_erc20_asset_flow;complex_trace,0x64cd187f,true
25747420,0x653d6bb30833a39cf5eee5a204a0ba43b3bc06c83a2b17b27c5fac608371d84c,0x24943b4432ae144a8e8d6b251aae92dcbf0e52e9,0x111111125421ca6dc452d289314280a0f8842a65,2026-08-14T00:54:45,dense_internal_fund_flow;complex_trace,0x07ed2379,true
25747420,0x0242d7229d6211a2a8fccc9eed12d388a8b99dd411e223202c9480c0bb7bb512,0x5576f82db5994dc6e4e0e922ae6930337cec247d,0x881d40237659c251811cec9c364ef91dc08d300c,2026-08-14T00:54:47,dense_internal_fund_flow;complex_trace,0x5f575529,true
25747420,0x37956be3433f2f2b0421df666523d8cebe1737029c8f2ec41f08f803036740df,0x4838b106fce9647bdf1e7877bf73ce8b0bad5f97,0xfeeeeee44046c3f61a8cc081e0918ef0de0a7ffc,2026-08-14T00:54:47,selfdestruct_context,0x6a7df677,true
25747420,0x3eece70b5c06b0967eba83db550596b645723fc4fe76152b52aabb23cf4d6fc1,0xf5b99c98e5f4b5a99fe61d97533cdd408d5bfd43,0x069662d2588fcac24b5c209456db965d151556f0,2026-08-14T00:54:47,large_erc20_asset_flow,0xac9650d8,true
25747420,0xa101464758d5f0ba6bc043e5e203c7bb443e064dc62143bcf3b3d418a4c71a70,0x4838b106fce9647bdf1e7877bf73ce8b0bad5f97,0xfeeeeee44046c3f61a8cc081e0918ef0de0a7ffc,2026-08-14T00:54:47,selfdestruct_context,0x6a7df677,true
25747420,0xb06f864bd90f504ab9feaf50e16b227717059ec1910a7589673ddea200716247,0x39ddc878ffa8bfc30a4ac23b7484756da9a04e38,0x28b1dc1a5e3699a428bc51d234dfab7c9cb2a183,2026-08-14T00:54:47,dense_internal_fund_flow;complex_trace,0xf2c42696,true
25747420,0xb35fc58d1de892fd09ebbbdffeb219bdc3ca504fb2e898605524b30100cb774d,0x7b49bc3ebbdf7322f31c6449320382bbec3be1b6,0xad3b67bca8935cb510c8d18bd45f0b94f54a968f,2026-08-14T00:54:47,complex_trace;high_gas_used_context;token_activity_burst;approval_burst,0x146ee74d,false
25747420,0xbb7686a2853407677b41af9d01645433af6eb07f2d89a28c64406dd8ecc7f338,0x9919820b06b75c14e2a205089485621dc9b0fefc,0x28b1dc1a5e3699a428bc51d234dfab7c9cb2a183,2026-08-14T00:54:47,dense_internal_fund_flow;complex_trace;high_gas_used_context,0x0c307f76,true
25747420,0xbf2b4643284f22a92c67d1608af168c1ab8eb54f185d00f3e3445bfe03df9837,0x062ce42cae04c51d04e77e3d64cc8953a2296ffe,0x8a25a24ede9482c4fc0738f99611be58f1c839ab,2026-08-14T00:54:47,large_erc20_asset_flow;complex_trace,0x6a761202,true
25747420,0xdb4efd727d6b77fd5a2a62180eb43aa035219c9b81b3a1e3bd0123b7f3e73739,0x18d4c65459d9623dbb8ef2c64c5103b298dce7ff,0x0889e9327b98d7d1be3c301a4585ff3330502c9a,2026-08-14T00:54:47,dense_internal_fund_flow;complex_trace;high_gas_used_context;token_activity_burst,0x1fff991f,true
25747420,0xf95561e7bee4c5101ecde2842209696e9160eecff8106a1023078daa00c528fb,0x4838b106fce9647bdf1e7877bf73ce8b0bad5f97,0xfeeeeee44046c3f61a8cc081e0918ef0de0a7ffc,2026-08-14T00:54:47,selfdestruct_context,0x6a7df677,true
25747421,0xd7f9792c11d78efc46c223b8ba4fffbb7f9db721e03620c875a7f99403282fd6,0x5b43453fce04b92e190f391a83136bfbecedefd1,0xbdb3ba9ffe392549e1f8658dd2630c141fdf47b6,2026-08-14T00:55:05,complex_trace;high_gas_used_context;token_activity_burst,0x000000c3,false
25747421,0xee188b05344ec98c0b5c7eb198bb59266e2d772d107ecb158b833a8435edc7aa,0x4838b106fce9647bdf1e7877bf73ce8b0bad5f97,0xfeeeeee44046c3f61a8cc081e0918ef0de0a7ffc,2026-08-14T00:55:05,selfdestruct_context,0x6a7df683,true
25747421,0x3ae0f34882463d7952e678e5de0977be41426e3156d794b88def9e7bce2d9f53,0x43b2f01186fda9814c5f40770554ac68fd8304bd,0x5ff6841642bc63072f967666f69857721064c7b6,2026-08-14T00:55:06,dense_internal_fund_flow;token_activity_burst,0x7111a994,true
25747421,0x3e903e33374170fb4fdac8f9adf96c8afdff79540c268e959d9eca45dde3a455,0x1584a8ee67789d1fe161065388657ad2f2a3c7dd,0x77eb52e44db06777bce478159f25c0d55a295314,2026-08-14T00:55:06,repeated_internal_token_drain;dense_internal_fund_flow;complex_trace;high_gas_used_context;token_activity_burst;repeated_risky_internal_calls,0xa9059cbb,true
25747421,0xa2d2fb95a30aeda9aedfc2dbb5c521290753e7e3d83052bcb2ecc6fd5b3762df,0xb222da0febc4777ee2fc10e3160c90760658f082,0xb222da0f9c22ad2addcb0b0d6b150f398e44157a,2026-08-14T00:55:06,dense_internal_fund_flow;complex_trace,0xef4d7b75,true
25747421,0x0f8fb4caa72791487f5d5299fa5f7beb2858cc20da96e6e3232c77e797aaebc4,0xfb5e703dae21c594246f0311ae0361d1dfe250b1,0xf4e147db314947fc1275a8cbb6cde48c510cd8cf,2026-08-14T00:55:07,large_erc20_asset_flow;complex_trace,0x0bf5d35e,true
25747421,0x4ccd283ef1bfd86bddcc39403f6d18c4f74a301eec1f6e2f3f0d71b2690df49e,0x728ec2cc1a03b11b4285da737ed7acd3b16ffa0a,0x950fd558f47e234a2fde23b7d61f7ccdbcb4a86f,2026-08-14T00:55:07,dense_internal_fund_flow;complex_trace,0xdd225095,true
25747421,0x5ef91e58e2b68f4fcd1771a6bf1b99553b2fa3beee4e0f0bbb2886e05f3d25d3,0x8b5606469e21c75edd7c74d1c7a65824675d9aff,0x9ccc2f3ecde026230e11a5c8799ac7524f2bb294,2026-08-14T00:55:07,dense_internal_fund_flow;complex_trace,0x1bc74526,true
25747421,0xc5d55db7f5b35426817f2798a3b8cc8e79c89437de15b49a368307f5e78ae12a,0x4838b106fce9647bdf1e7877bf73ce8b0bad5f97,0xfeeeeee44046c3f61a8cc081e0918ef0de0a7ffc,2026-08-14T00:55:08,selfdestruct_context,0x6a7df683,true
25747421,0x43b25d37e2392f3cd8d0460d936da5560eecafbf5dcdb52f027a398529d52fef,0x4838b106fce9647bdf1e7877bf73ce8b0bad5f97,0xfeeeeee44046c3f61a8cc081e0918ef0de0a7ffc,2026-08-14T00:55:09,selfdestruct_context,0x6a7df683,true
25747421,0x81ea45b6c1737f6aeaf673ad7a0deea591fe5e8591bb8b4e5f9b2cc2250a8cc6,0x957a670ece294ddf71c6a9c030432db013082fd1,0xf4e147db314947fc1275a8cbb6cde48c510cd8cf,2026-08-14T00:55:09,privileged_execution_context,0x760d0f9d,false
25747421,0xb6d558e3df0e391c7d5d5fcca0a0bf395e5534b51568c90975dc4ef7f4418fa7,0x4fb85d984a43a5d1990ecd410fe5884780d5349e,0x3a618e9d4159dff94e90bd6239161de4dd7c0082,2026-08-14T00:55:09,large_erc20_asset_flow;complex_trace,0xac9650d8,true
25747422,0xf299934b15c11ff25cc2196a35afad5161b93b205844e35bf990050de5b8669b,0xc6acbee42e9e323140c1ed060c2f6ea9cc3b4b75,0x7c5a71c9fefbc7691f9d4ac7baf70c743792f716,2026-08-14T00:55:18,selfdestruct_context,0xf3fef3a3,false
25747422,0x28f2693b3d290d395130cfaa74392cd41035ca94c424a55c4397b10c9a6ef62e,0x2c4aeff11a0c0e1973cae3809b145d35798c6521,0x91ff8bbd8ebb07893010d50a48a1609e5ebd8e34,2026-08-14T00:55:20,complex_trace;high_gas_used_context,0x069d1525,false
25747422,0x6d0fa58566da34bfd53911513cb17d63e41c05abe94198c79bdb566f0cb54d30,0x1d3575964ed0cc99841f023b759018ccd12dfcae,0xb989649e51cd6f15d8b9fe030adabaa55760893d,2026-08-14T00:55:21,large_erc20_asset_flow;complex_trace;high_gas_used_context,0x5601eaea,true
25747423,0x772461e80b6fe881009c378f0484781430e491bc9c2cb520c2f5f18481858300,0xea8a5b58fbae1ff68cb1a83a4aac24a5e6713bc0,0x4296339b4ff8e67f07de40d97a49a680f2598e0f,2026-08-14T00:55:28,dense_internal_fund_flow,0x411bac04,true
25747423,0x47ce981e605127f2fc322d82e367e255b878cfa4321417621e0ae504afa56d47,0x43b2f01186fda9814c5f40770554ac68fd8304bd,0x57b0fc65c0717a6222c9bcc6a9ab540f0a433ec2,2026-08-14T00:55:29,dense_internal_fund_flow;token_activity_burst,0x7111a994,true
25747423,0x80e8759c17f9f304377770b8f9b94f135e3d65682116e58844cefbfbc82edd24,0x4856443ced42c4597f0fc50ca3683d9913959cb2,0x7a250d5630b4cf539739df2c5dacb4c659f2488d,2026-08-14T00:55:31,dense_internal_fund_flow,0x02751cec,true
25747423,0x848db624664285fe35e4c1b51cf592229ec6616bcd5f56b589cda116f7090bf9,0xba9bc9a8aa87872f7b990031bde984a00b9ced49,0xf57f9e622bc12da707db20a9e21cd88f212effc1,2026-08-14T00:55:31,dense_internal_fund_flow;complex_trace;high_gas_used_context,0x82ad56cb,true
25747425,0x43b686beea29540510bf6be85a4aaee05a13c230a9322e5802a01b7aeb3ca7a2,0x1fb443c35ca039edfe7a4d43f676d8815ced4d5d,0x06fd4eb2f2def33c1820444981b81c96f45df0fb,2026-08-14T00:55:41,large_erc20_asset_flow;complex_trace,0xd0f2d8ac,true
25747425,0xce8cc70149992890678ea8b247a0b1fc1be7d83056083edac9b78ccd0422b80f,0x7830c87c02e56aff27fa8ab1241711331fa86f43,0xa9d1e08c7793af67e9d92fe308d5697fb81d3e43,2026-08-14T00:55:41,dense_internal_fund_flow,0x1a1da075,true
25747425,0xf2c9e95af145e112600d6a906b0a8d213556f835a427c4d35977271cb34dd0e0,0x5b43453fce04b92e190f391a83136bfbecedefd1,0xbdb3ba9ffe392549e1f8658dd2630c141fdf47b6,2026-08-14T00:55:41,dense_internal_fund_flow;complex_trace,0x000000c3,true
25747425,0x2987b23455622bcbc65fadd40d40ece8315388fefa085a2f72b01afd412b31a5,0x9642b23ed1e01df1092b92641051881a322f5d4e,0xfaf17849fb05a11a4e233f221bac99ca43fc83f8,2026-08-14T00:55:42,large_erc20_asset_flow,0x6b13fcb1,true
25747425,0x76561199b11810f855992bcfbff275446037912ab8ab6f981e254f5a562394fe,0xca7ded7e4f4ba8ab3b10009236ae6d1b95094589,0xb92fe925dc43a0ecde6c8b1a2709c170ec4fff4f,2026-08-14T00:55:42,dense_internal_fund_flow,0xcd6e13f7,true
25747425,0x9516354048b30af9f748cfe0b3a95e81f9d2750ac866754bc0ae1c1e90bc71e2,0xca7ded7e4f4ba8ab3b10009236ae6d1b95094589,0xb92fe925dc43a0ecde6c8b1a2709c170ec4fff4f,2026-08-14T00:55:42,dense_internal_fund_flow,0xcd6e13f7,true
25747425,0x26ad295d530c2850f58f5bad431b86ee1f1d89c0c77e0bf40521e9f50c5ca5e4,0xbb975da3eb2e84328b54ca00bffd695626354128,0x91ff8bbd8ebb07893010d50a48a1609e5ebd8e34,2026-08-14T00:55:43,complex_trace;high_gas_used_context,0x069d1525,false
25747425,0xbc2f2a537b83750c6e591373334b2632a9ac96fa3027485af3db3db002d22c96,0xf279dfcdd57e1571c95e2c5b7e2ee453cbcdf77f,0x0000000071727de22e5e9d8baf0edac6f37da032,2026-08-14T00:55:43,dense_internal_fund_flow;complex_trace;high_gas_used_context,0x765e827f,true
25747425,0x17cdf828a86c3744e26cfbcff4f7a94759284d216ad23d89a76cc38e41e549f5,0x4838b106fce9647bdf1e7877bf73ce8b0bad5f97,0xfeeeeee44046c3f61a8cc081e0918ef0de0a7ffc,2026-08-14T00:55:45,selfdestruct_context,0x6a7df6b3,true
25747425,0x320bf05819c7f6654dced06c2a4ac562c68f0262c2231bc1ad10378ac21c2e25,0x59aab1bd0d26290274398c07b55955c15425e16b,0x00fe78205f5f0e63b8ad2b2ae5337f538a610e04,2026-08-14T00:55:45,complex_trace;high_gas_used_context,0x34fcd5be,false
25747425,0x52fa6f5816eb65f3a9acb892ee10041594c56f7747c2fb86ae614fbf370a6260,0x0efb530d469a3197cfa7d3792f361a07b2e48222,0xc36442b4a4522e871399cd717abdd847ab11fe88,2026-08-14T00:55:45,complex_trace;high_gas_used_context,0xac9650d8,false
25747425,0x538322fd97a46dee5b553d057bfa9b897df61af278ba3df208e5801bde03402a,0xde5ce22a56ed76bf7054121500b23a718399feb7,0x43de2d77bf8027e25dbd179b491e8d64f38398aa,2026-08-14T00:55:45,large_erc20_asset_flow;complex_trace,0xc280c905,true
25747425,0x82a206c9dff00bf7b205987bdcd9384c06c6d9962aa929c84ab45dd0330c4e72,0x343de4fe545e0bde879a96500700800720f7af32,0xfbc74f4a2b603715c8b4368be062157ea536142d,2026-08-14T00:55:45,large_erc20_asset_flow;complex_trace;high_gas_used_context;token_activity_burst;approval_burst,0x02393416,true
25747425,0xeb9d7b84772d6476efd992e726fe4afef74fb9e272208eb52ff629d5d73174d0,0x1584a8ee67789d1fe161065388657ad2f2a3c7dd,0x77eb52e44db06777bce478159f25c0d55a295314,2026-08-14T00:55:45,repeated_internal_token_drain;dense_internal_fund_flow;complex_trace;high_gas_used_context;token_activity_burst;repeated_risky_internal_calls,0xa9059cbb,true
25747425,0xebc021c375a0851f914cc7bd00fdc66ea7de4732c8feef7a433c012213519488,0x80d04079ffc53eb14edbeeb37279d126f45552df,0x0e8606350cd13c6f0aaba57733c4a75bd765f5c6,2026-08-14T00:55:45,repeated_internal_token_drain;dense_internal_fund_flow;complex_trace;high_gas_used_context;token_activity_burst;repeated_risky_internal_calls,0x8aaa8f3b,true
25747426,0x470243c795a2b4c1f96194a4a0cdc2861a20e62c044ba5a069e7fcdb8372d7ae,0xf7c7ae4609d8be8e6530fbf5e59303c41a84dee2,0x881d40237659c251811cec9c364ef91dc08d300c,2026-08-14T00:55:53,dense_internal_fund_flow,0x5f575529,true
25747426,0x6709744e2fe897582c2976acb47d30e66baac051fff131c1aa54552b0c518cc8,0x234f8c581b63dbe26a3a29f5bcd5ceac1041e812,0xc36442b4a4522e871399cd717abdd847ab11fe88,2026-08-14T00:55:53,dense_internal_fund_flow,0xac9650d8,true
25747426,0xcbdd90a616965c23f5b68eab7e05a0fd20cfb724d2a7ad3a46e1b77081b7f2ad,0xc351f507c1dfb1d27956024af6ddccb2f1e8176c,0x26d3681dfc9e4c8c79cfbf461adec8a21d5d73c5,2026-08-14T00:55:53,large_erc20_asset_flow,0xf58e03fc,true
25747426,0xf0cb4941a249584d5a38165f833ae9d184a17007e61cd78661096d2ec7d1f209,0xe0c2b5e8d62d0afa5b86dd7020c2f0c51b567b30,0xccc88a9d1b4ed6b0eaba998850414b24f1c315be,2026-08-14T00:55:53,dense_internal_fund_flow;complex_trace;high_gas_used_context;token_activity_burst,0xf9e4bab4,true
25747427,0xc5b4caf0f88b7479489a83eda907bd495dfdaa6b83a2fb99d5107afe48a69213,0x70e59f9c304e4d5096bd408b571e2dcd99c3120b,0xad3b67bca8935cb510c8d18bd45f0b94f54a968f,2026-08-14T00:55:59,complex_trace;high_gas_used_context;token_activity_burst;approval_burst,0x146ee74d,false
25747427,0x239a2978b29833a1a6a5df0586d26c77a028c4e20d8459dd5d520b556ae6e066,0xe3db5f8631a3eb4b802f609b8f89d0cedca8a7c1,0x33024d4791413438aa1de6a8b6cb7cceb25459b1,2026-08-14T00:56:00,large_mint_to_sender;complex_trace,0x6e553f65,true
25747427,0x4d0baa09fe718ab30bfb11a4628f4310c1ef40c1b382723d20494644bad0d8b1,0x327c062a42348561313da6e38da8b6d0da4e7279,0x91ff8bbd8ebb07893010d50a48a1609e5ebd8e34,2026-08-14T00:56:00,complex_trace;high_gas_used_context,0x069d1525,false
25747427,0x5645170550fb7c313cba0ecdaa730584d46efc3ee0ad5c24471528579b50439b,0x2156f29d64f81701b58877129006e8b1964149b6,0xacddac6c77318b615f7f6fb9bb67c6833e9c05f1,2026-08-14T00:56:00,large_erc20_asset_flow;complex_trace,0x571d3dc7,true
25747427,0x8b7451e053e378357573fb737526ef22a20fe394c3991a10df2b806c63670a2a,0x062ce42cae04c51d04e77e3d64cc8953a2296ffe,0x8a25a24ede9482c4fc0738f99611be58f1c839ab,2026-08-14T00:56:00,large_erc20_asset_flow;complex_trace,0x6a761202,true
25747427,0xe384e7f217f1e9d0206fb0daabe1b18301752e34a16006ddb55d3480366b00cc,0x208833804d09cf965023f2bdb03d78e3056b4767,0xf3cd1e9326d1965935b287b1ee75c7183359a88a,2026-08-14T00:56:00,privileged_execution_context,0x882c1c95,false
25747427,0xef26a16e823abd7d3a6ea629a07b2cb3065b934b6b2e28c6563547bab7f35f56,0x5caa2b55aa4ac56d4798ed70eaf35b9b58c32cf2,0x6131b5fae19ea4f9d964eac0408e4408b66337b5,2026-08-14T00:56:00,dense_internal_fund_flow;complex_trace,0xe21fd0e9,true
25747427,0x2f4f4b0bfe40f9a6085b0513a58233d69d1ebd4b45dc7c21965aad1d6ed944c9,0x4838b106fce9647bdf1e7877bf73ce8b0bad5f97,0xfeeeeee44046c3f61a8cc081e0918ef0de0a7ffc,2026-08-14T00:56:02,selfdestruct_context,0x6a7df6cb,true
25747428,0x7ea24e965b942ef620149c997d9592ba30689bebc4e526aa71264a68db723a47,0xc6acbee42e9e323140c1ed060c2f6ea9cc3b4b75,0x7c5a71c9fefbc7691f9d4ac7baf70c743792f716,2026-08-14T00:56:07,selfdestruct_context,0xf3fef3a3,false
25747428,0x238eef22d79da903936ccc290da34c408d40743f2b99476a11edcf153d6c9c4e,0x4838b106fce9647bdf1e7877bf73ce8b0bad5f97,0xfeeeeee44046c3f61a8cc081e0918ef0de0a7ffc,2026-08-14T00:56:08,selfdestruct_context,0x6a7df6d7,true
25747428,0xd674387821becce3faaeaddcd4a63a6a474f1b9fd313f473b95daa74a2f0896a,0x8b5606469e21c75edd7c74d1c7a65824675d9aff,0x9ccc2f3ecde026230e11a5c8799ac7524f2bb294,2026-08-14T00:56:08,complex_trace;high_gas_used_context;token_activity_burst,0x1bc74526,false
25747428,0xe648573a70fd36325dade4db8a16cf9d9aefb2b397b790bfdf7472c461374c5e,0x04e3378748337fd0da1786b5793b52181cd63152,0x91ff8bbd8ebb07893010d50a48a1609e5ebd8e34,2026-08-14T00:56:08,complex_trace;high_gas_used_context,0x069d1525,false
25747428,0xfe03dad8a916bc5088661fbd2552e883cfea868b2a2e180399697b2102e1aef3,0x101c7dc59c3e7ff843e8200f028d5196b72f3e5e,,2026-08-14T00:56:08,large_mint_to_sender;high_gas_used_context;contract_creation_context,0x60806040,true
25747428,0xa7831010d9274c8964f843d7d77ed47836ec1526bad0aec320b6485bbdabc37f,0x4838b106fce9647bdf1e7877bf73ce8b0bad5f97,0xfeeeeee44046c3f61a8cc081e0918ef0de0a7ffc,2026-08-14T00:56:09,selfdestruct_context,0x6a7df6d7,true
25747428,0xda328adf465fb0adfa5cea7bc427234cb8b1a1a501f12000226fcf1fc60fab40,0x09cfee647fa339133380191c8db6b44f24500c9d,0x77b85afbcd336993ac1c65057531c5a5b33b76b8,2026-08-14T00:56:09,repeated_internal_token_drain;dense_internal_fund_flow;complex_trace;high_gas_used_context;token_activity_burst;repeated_risky_internal_calls,0xa9059cbb,true
25747430,0x2ecde280e7b1097eef102bf728a0e1d5c901564a05ca8f22cad9ef8a395c8676,0x7830c87c02e56aff27fa8ab1241711331fa86f43,0xa9d1e08c7793af67e9d92fe308d5697fb81d3e43,2026-08-14T00:56:22,large_erc20_asset_flow;token_activity_burst,0xca350aa6,true
25747430,0xb5cf1bfaef70aa7e385e938e0c0c0cabef0ff660bcea01db68bb2789177a2348,0x53a30736a43c413edf5c13f049d34d3dd57b7128,0x004395edb43efca9885cedad51ec9faf93bd34ac,2026-08-14T00:56:22,complex_trace;high_gas_used_context,0xac9650d8,false
25747430,0xd3679803da3aaf994451b2cf6c00e8f2db8aa3949471cbede2ffc51827028b22,0x7830c87c02e56aff27fa8ab1241711331fa86f43,0xa9d1e08c7793af67e9d92fe308d5697fb81d3e43,2026-08-14T00:56:22,dense_internal_fund_flow,0x1a1da075,true
25747430,0x2f2e32ee8ea7de06c8c1a2277a1cdeedb7d2b145b4807c5a7ff93aae1b697da3,0x2c38665bcae74fdd4af1108eed42882d5bfb3aa4,0x6131b5fae19ea4f9d964eac0408e4408b66337b5,2026-08-14T00:56:23,large_erc20_asset_flow;complex_trace;high_gas_used_context,0xe21fd0e9,true
25747430,0x56a1a6df8efe3c1d9ff75cdb3aaa7c5aa74dabd4efed2926452fcff60e5af077,0x39f1abcd7ae9bb1bf27ead51ee5d4e8a948c75d4,0x99de9e5a3ec2750a6983c8732e6e795a35e7b861,2026-08-14T00:56:23,dense_internal_fund_flow;large_erc20_asset_flow,0x0efe6a8b,true
25747430,0xd64a8823f713679fd98e4ddde8f1fa7766710e09044705f530f47eb4f27979fd,0xe17eee6b725ea1d3a5698917458dff6140fac9ce,0xacddac6c77318b615f7f6fb9bb67c6833e9c05f1,2026-08-14T00:56:23,large_erc20_asset_flow;complex_trace,0x571d3dc7,true
25747430,0xe279bea1bd1959fea212d028aba46e51281e9f381ebe20db2c40ec76eddae481,0x7a73a3612e003e2cb9f0f02b1e021bb4a352437a,0x89c6340b1a1f4b25d36cd8b063d49045caf3f818,2026-08-14T00:56:23,dense_internal_fund_flow;complex_trace,0x0193b9fc,true
25747430,0xe7c3efc59c074a8c7e15beb68e38257b5bf9afed5c0da491124a9f651f74bf52,0x8a8c3c1355d63bb2c48796c584253bae912b6a58,0x91ff8bbd8ebb07893010d50a48a1609e5ebd8e34,2026-08-14T00:56:24,complex_trace;high_gas_used_context,0x069d1525,false
25747430,0x0452807c7ceedd43a0741f9792923b317697ea85d01d1cc15d118967c9262cd6,0xb4c5355f35e0fc4a3dafc55f64319416e154fb11,0xf993aef0fe2018d01ec10cbdffeb1836de9c196e,2026-08-14T00:56:25,complex_trace;high_gas_used_context;token_activity_burst,0x11355c13,true
25747430,0x3c5763ebf688670a8d8789d9494be36a0caf79d4e77c1ab1ba1dd843983074be,0x1b0f1390f38467c5275a0132ef3c24a3af0dd3a7,0x7a7f0b3c23c23a31cfcb0c44709be70d4d545c6e,2026-08-14T00:56:25,dense_internal_fund_flow,0x33986ffa,true
25747430,0x65bc25c6011266ff7b435b625d72be3e8c045c89d22470d9f3b9df239d6740cc,0xf42864f45d32030dd3005fd0d3d03986dd597cdd,0x774b9655413c34809c1f1b16b654465a89ebe989,2026-08-14T00:56:27,large_erc20_asset_flow;complex_trace,0xac9650d8,true
25747430,0xb7aac62b84f2dead68456a957e8fb3ac54674b9c47d86301743d0acf529753bb,0x35a31744530bf5963c83998344567965969b8f11,0x8090a9db6aca56ffa186c75ca0787b18af1058a0,2026-08-14T00:56:27,privileged_execution_context;complex_trace,0xd85064c2,false
25747431,0x8e5bfe7a673eccc7cfd1a5445f3f1faeeb5e4cd341719fdf7fab2d116e7f20e8,0xae2fc483527b8ef99eb5d9b44875f005ba1fae13,0x1f2f10d1c40777ae1da742455c65828ff36df387,2026-08-14T00:56:33,large_erc20_asset_flow;complex_trace,0x2b78c7bb,true
25747431,0xa4e722b4336f6c586b9b616f0bbbe6b90cfde97cf7feacb7650deb1a7eb45715,0x21db08e8a1a29036269fbc5b2489966a6f7e94c1,0x28b1dc1a5e3699a428bc51d234dfab7c9cb2a183,2026-08-14T00:56:33,complex_trace;high_gas_used_context,0x0c307f76,true
25747431,0xa68bc176df75db0fb95d6d194c76d68ac758742d4e27caed4d6897c03b68c49a,0xbe0b407782a7599380fa726db315340126d62229,0x4d2fb5f8ec243fde4df1a9678b82238570c7e0e4,2026-08-14T00:56:33,repeated_internal_token_drain;dense_internal_fund_flow;complex_trace;high_gas_used_context;token_activity_burst;repeated_risky_internal_calls,0x6a761202,true
25747431,0xd1be967d7b54dba90ecbb28bd7476b784f26bb9981d1d2c759a27b0d6ed890d0,0xae2fc483527b8ef99eb5d9b44875f005ba1fae13,0x1f2f10d1c40777ae1da742455c65828ff36df387,2026-08-14T00:56:33,large_erc20_asset_flow;complex_trace,0x2b60c7bb,true
25747431,0xe66c39d1ce9f3968d4f9af6d2598ecef91b4e84aca73ef6ca2d97fe08356535d,0xe99bd1c2dd70cd58e5efd47887991700e7318ce2,0xad3b67bca8935cb510c8d18bd45f0b94f54a968f,2026-08-14T00:56:33,complex_trace;high_gas_used_context;token_activity_burst;approval_burst,0x146ee74d,false
25747431,0x6b987d26b1667b29259e967e440c4c1e9122a9f073a2aca482021df7bd7499f4,0xa797b02383653522fb1dc7ef47812102ff2eaf48,0xee030ec6f4307411607e55acd08e628ae6655b86,2026-08-14T00:56:34,dense_internal_fund_flow;complex_trace,0x6e1537da,true
25747431,0xcf48ae237ac690ca7797fca91f66504350424d0e1e0694cda7be152dfdc294a4,0x3317c4c75dd9a1b08e613072b0476a3512b78704,0xee030ec6f4307411607e55acd08e628ae6655b86,2026-08-14T00:56:34,dense_internal_fund_flow;complex_trace,0x6e1537da,true
25747431,0x9879416a9f28c7ed168d1aebd36223073df22cb18ce97b9f045668e5f6384eb1,0x0e0052a184fd59c6b7e1e99d739802ecb3aec0e4,0x0b8a49d816cc709b6eadb09498030ae3416b66dc,2026-08-14T00:56:35,complex_trace;approval_burst,0xf497df75,false
25747431,0x3fc2688305a725c2358fc45af7087b5f8cc0fe5f5be375b92186023738afea97,0x4838b106fce9647bdf1e7877bf73ce8b0bad5f97,0xfeeeeee44046c3f61a8cc081e0918ef0de0a7ffc,2026-08-14T00:56:36,selfdestruct_context,0x6a7df6fb,true
25747431,0xb487e820c2a921ce29c968d4cf55bdfe64d1bfd667fe78b005b83c911c942f16,0xb23360ccdd9ed1b15d45e5d3824bb409c8d7c460,0x09c30cdcdd971423cb3ba757a47d56c35d06d818,2026-08-14T00:56:36,dense_internal_fund_flow,0x318adb8b,true
25747432,0x189f657e1ba2e1d55d811e334efbef8f58ffeee993c2b02389f2397cbde62f93,0x0e0052a184fd59c6b7e1e99d739802ecb3aec0e4,0xd82461784eb72d4b67cbab077989eb215315e272,2026-08-14T00:56:43,complex_trace;approval_burst,0x805f7b65,false
25747432,0xb5132706091fd4876ff68ae3afc140d4cbae7e804a1982869066e3f974ce2dec,0x60aef8811debb14308760e4ca663cac2f41fd7d9,0x000000003d55f1535a0116376858e6008de1435a,2026-08-14T00:56:43,complex_trace;high_gas_used_context;token_activity_burst,0x66f8ff62,false
25747432,0x077f7533396cffacdf6534c12e05de5747314898231c6c31807eab5672c00580,0x43b2f01186fda9814c5f40770554ac68fd8304bd,0x1bd4b947a1b51284293a858fe0944a565e4c8946,2026-08-14T00:56:44,dense_internal_fund_flow;token_activity_burst,0x7111a994,true
25747432,0x553ce6576ef909981d80e1d08f35c64c7e35f3bc9bb32328cd27f15eafe917cb,0xb42833d6edd1241474d33ea99906fd4cbe893730,0xac6bca0bb66d4587171cfc77b19e5e68f74de55e,2026-08-14T00:56:44,complex_trace;high_gas_used_context,0x34246468,false
25747432,0xd37bf445822625db33d38652b75eea7815dbc33a626cab894973e2248c0e1930,0xd6434d157f254276d69ede3bd9fc805482206908,0x7ec8a30a34b86927dc77b302603d1d53e640bef7,2026-08-14T00:56:44,repeated_internal_token_drain;dense_internal_fund_flow;complex_trace;high_gas_used_context;token_activity_burst;repeated_risky_internal_calls,0xa9059cbb,true
25747432,0xf7ab1b5a5417f8690c6b927081a71af153b4f035360c9cbbff03b0e5c038ac93,0x18d4c65459d9623dbb8ef2c64c5103b298dce7ff,0x0889e9327b98d7d1be3c301a4585ff3330502c9a,2026-08-14T00:56:44,dense_internal_fund_flow;complex_trace,0x1fff991f,true
25747433,0x5d02b5f3fba57155d8fe94dea4f4fb84c7214360212d5cb3640af78e618cb91e,0x04ed6064dd3bbf2e696cd9589826373ddc5d240c,0x111111125421ca6dc452d289314280a0f8842a65,2026-08-14T00:57:20,dense_internal_fund_flow,0x07ed2379,true
25747433,0xcc7225db5ccbe2c3b48bda7f236646e05c5b87c2afda434756904e5e48fc9bd7,0xe99bd1c2dd70cd58e5efd47887991700e7318ce2,0xad3b67bca8935cb510c8d18bd45f0b94f54a968f,2026-08-14T00:57:20,large_erc20_asset_flow;complex_trace;high_gas_used_context;token_activity_burst;approval_burst,0x146ee74d,true
25747433,0xf42366e3dd809bd9aed980f2a7ac26cc7c85bdde278aa1cc22d7a760ee7104f6,0xf729d388e53fb5ed88abc5dfef6d4a99a9098e07,0x4c82d1fbfe28c977cbb58d8c7ff8fcf9f70a2cca,2026-08-14T00:57:20,dense_internal_fund_flow;large_erc20_asset_flow,0x3593564c,true
25747433,0x4a3b641b6e03e176524fc7dcbe3f536b6be440411d1f9ed0b0563a7c003b8b0d,0x4337002c5702ce424cb62a56ca038e31e1d4a93d,0x4337084d9e255ff0702461cf8895ce9e3b5ff108,2026-08-14T00:57:21,dense_internal_fund_flow;complex_trace,0x765e827f,true
25747433,0x8a36ad9eb6fc526189c11f0a64f642a1b08b14825a88332126e84130b7253074,0xe93685f3bba03016f02bd1828badd6195988d950,0x173272739bd7aa6e4e214714048a9fe699453059,2026-08-14T00:57:21,dense_internal_fund_flow;complex_trace,0x7cd44734,true
25747433,0x4a2dc42a3b0f736a39545d27fcdf2b416fc401f870393c0616b3bea87fbab85d,0x09cfee647fa339133380191c8db6b44f24500c9d,0x77b85afbcd336993ac1c65057531c5a5b33b76b8,2026-08-14T00:57:22,repeated_internal_token_drain;dense_internal_fund_flow;complex_trace;high_gas_used_context;token_activity_burst;repeated_risky_internal_calls,0xa9059cbb,true
25747434,0x86bf54c70ca32a50059430e13b9d62e9c59a91a9fd4b3bd5175b5b5cedbddfc5,0x4c2c0f0bb2631b02ac9299c59690914ee7a200b8,0xc026395860db2d07ee33e05fe50ed7bd583189c7,2026-08-14T00:57:28,large_erc20_asset_flow;complex_trace,0xc7c7f5b3,true
25747434,0xd08d627bd039a300dc7f9c2aa94497fab43f84841296d3a77ca39e5fcc032f08,0x4337002c5702ce424cb62a56ca038e31e1d4a93d,0x0000000071727de22e5e9d8baf0edac6f37da032,2026-08-14T00:57:28,large_erc20_asset_flow,0x765e827f,true
25747435,0x24aa6aa09bdc6099304a480e50e7d969b0263de6d886479228fc1d7506631f4f,0x9d4c1c9e1f850f22e5940b8385aa5a580798e5de,0x0000000071727de22e5e9d8baf0edac6f37da032,2026-08-14T00:57:34,complex_trace;high_gas_used_context,0x765e827f,false
25747435,0x5373ff705dec60befdd40f64bc2d3fc2c3f25599d4dfa5605e188f3f1ef94c46,0x6bd3e54de74121b77e37d568effa492331c01d58,0x0000000000000068f116a894984e2db1123eb395,2026-08-14T00:57:34,complex_trace;high_gas_used_context;token_activity_burst,0x87201b41,true
25747435,0x9e10594118150603b51d635c61474d1b54b4c284ff6b98dbd9caa402ac317554,0x7830c87c02e56aff27fa8ab1241711331fa86f43,0xa9d1e08c7793af67e9d92fe308d5697fb81d3e43,2026-08-14T00:57:34,dense_internal_fund_flow,0x1a1da075,true
25747435,0xa01ce32947274a9b94712ada7f43c9968d1b7505109afd6e422a11adf17f0425,0x7830c87c02e56aff27fa8ab1241711331fa86f43,0xa9d1e08c7793af67e9d92fe308d5697fb81d3e43,2026-08-14T00:57:34,large_erc20_asset_flow;token_activity_burst,0xca350aa6,true
25747435,0xcff8db5662fcd03b1b08515bbeae0945995badff65bcd4b94a332fda6fbae472,0x4838b106fce9647bdf1e7877bf73ce8b0bad5f97,0xfeeeeee44046c3f61a8cc081e0918ef0de0a7ffc,2026-08-14T00:57:34,selfdestruct_context,0x6a7df72b,true
25747435,0x36b143b7bb833fd598cbe687608465a7da3db9a34ed725d91c472986112867b4,0x70e59f9c304e4d5096bd408b571e2dcd99c3120b,0xad3b67bca8935cb510c8d18bd45f0b94f54a968f,2026-08-14T00:57:36,complex_trace;approval_burst,0x146ee74d,false
25747435,0x62004bb8812e49a4b3246f6865bfe91ee8513778485075008fa300d0e1de9615,0xc64943bba244c91d8d0b726e1667623e6b2879ce,0x6566194141eefa99af43bb5aa71460ca2dc90245,2026-08-14T00:57:36,large_erc20_asset_flow,0x374f435d,true
25747435,0xd59d35e456e1f0f7e49f1995b70300cec3932c47087f8e44f693fd6e3c5f4ce2,0xa0648494037132df17ebac10b902f1568fda8698,0x9a1d6bd5b8642c41f25e0958129b85f8e1176f3e,2026-08-14T00:57:36,large_erc20_asset_flow,0xac9650d8,true
25747435,0xfe1187dcbdbf64689396cc4337556af1fda436b1ab3b71b05e56d3a5fd5b12d1,0x938a4978a5403b7b564f9a473b059d1f5afc6936,0x6a000f20005980200259b80c5102003040001068,2026-08-14T00:57:36,large_erc20_asset_flow;complex_trace,0xe3ead59e,true
25747435,0x2954f514e78084d7c051cc9a95ae895088a1b5945c18f90e85862b6da2f0ab08,0x4838b106fce9647bdf1e7877bf73ce8b0bad5f97,0xfeeeeee44046c3f61a8cc081e0918ef0de0a7ffc,2026-08-14T00:57:37,selfdestruct_context,0x6a7df72b,true
25747436,0xc2fe4e744c20a9888d31241c9ca4cf91279bc17b5aa777a334f086a9d1ce7170,0x7b49bc3ebbdf7322f31c6449320382bbec3be1b6,0xad3b67bca8935cb510c8d18bd45f0b94f54a968f,2026-08-14T00:57:43,complex_trace;high_gas_used_context;token_activity_burst;approval_burst,0x146ee74d,false
25747436,0x18ae7dd191a4b77a6caa0fa24edc30134dd71696e7134dd843c1544f06f36291,0x1584a8ee67789d1fe161065388657ad2f2a3c7dd,0x77eb52e44db06777bce478159f25c0d55a295314,2026-08-14T00:57:44,repeated_internal_token_drain;dense_internal_fund_flow;complex_trace;high_gas_used_context;token_activity_burst;repeated_risky_internal_calls,0xa9059cbb,true
25747436,0x260e82c1fbc75648200a3183ad53b85992ba41274ed69b87d70d294d3e46b32c,0xa127edc40fea07cdff89f8d812931f612ec13fa6,0xb222da0f9c22ad2addcb0b0d6b150f398e44157a,2026-08-14T00:57:44,large_erc20_asset_flow;complex_trace,0xef4d7b75,true
25747436,0x6457996832ae5b6f89728d43523edbe54f081d68ceb60ce2d9b58ae377c5023f,0x7a27f9586d0895f045b80b3fb1d9d6ef4d54e9bc,0x6566194141eefa99af43bb5aa71460ca2dc90245,2026-08-14T00:57:44,large_erc20_asset_flow;complex_trace,0x374f435d,true
25747436,0xbafd4cdbcc38c4f2c11f0f3672bde60cd03151203721c7ef196f171e7bf1bc72,0xd0d08887e8a5b16049534a7f3fc1de92848f5bea,0x6131b5fae19ea4f9d964eac0408e4408b66337b5,2026-08-14T00:57:44,large_erc20_asset_flow;complex_trace,0xe21fd0e9,true
25747436,0xcf4e4bea04ca091439dbbccfe981ba5d52109873cf24e9c90bb4dcbabc4c47e0,0xf70da97812cb96acdf810712aa562db8dfa3dbef,0xb92fe925dc43a0ecde6c8b1a2709c170ec4fff4f,2026-08-14T00:57:44,dense_internal_fund_flow,0xcd6e13f7,true
25747436,0xef93adc99d92e651fe833bb1c77f953c3f18df811a9a58f7ea528b65ba175c15,0xc6acbee42e9e323140c1ed060c2f6ea9cc3b4b75,0x7c5a71c9fefbc7691f9d4ac7baf70c743792f716,2026-08-14T00:57:44,selfdestruct_context,0xf3fef3a3,false
25747436,0x095ebbd71ee2e6c4125230fe3acc1f030ac9c5eb14a68ddff288ef838e19c144,0x9fc3da866e7df3a1c57ade1a97c9f00a70f010c8,0xfeeeeee44046c3f61a8cc081e0918ef0de0a7ffc,2026-08-14T00:57:45,selfdestruct_context,0x6a7df737,true
25747436,0x1a6faee28b4f901565a49663ebdefa62312a7dc4e8d7a95e1e2235ead137af57,0x4c8d0e9939f53c720123369ef436d9ee4f931649,0x79fd640000f8563a866322483524a4b48f1ed702,2026-08-14T00:57:45,large_erc20_asset_flow,0x7299aa31,true
25747437,0x6c7a88f414aaa79d2917c38a8648da57365e4a82226278b534dbcbe82f739e6a,0xb23360ccdd9ed1b15d45e5d3824bb409c8d7c460,0x09c30cdcdd971423cb3ba757a47d56c35d06d818,2026-08-14T00:57:53,dense_internal_fund_flow,0x318adb8b,true
25747437,0x9451a3f402e651bfb1196b9df5d43e0b1fee21f3a2bc33d5f2126737a3ad9054,0xb81659f465b81d3e666c54e32574a381d5afe4ce,0x1231deb6f5749ef6ce6943a275a1d3e7486f4eae,2026-08-14T00:57:53,complex_trace;high_gas_used_context,0x80c65808,true
25747437,0xab81be1704e78d028f5dbcaa61bde53cfb04e2c2ab1d82770717aa49c7df12b2,0x9914dd44ac67f43ff120dfec8547234de00b7f52,0x337685fdab40d39bd02028545a4ffa7d287cc3e2,2026-08-14T00:57:53,dense_internal_fund_flow;complex_trace,0xfa74fd43,true
25747437,0xc6092ccb00a384a0d499421fea99ffaae8388509d4b36111b22288e9715165b2,0x1cda83fe97a2e0a8f94a9cf32da947c23b72ba02,0xe0181090c22579b6a217f1522cbf8c9f1f0c1965,2026-08-14T00:57:54,large_erc20_asset_flow;complex_trace;high_gas_used_context,0xac9650d8,true
25747438,0x74e7b65511a1ee60698a63e7d0bac8133efe50ed0abdc44534cc3734f5d9f3ed,0xc6acbee42e9e323140c1ed060c2f6ea9cc3b4b75,0x7c5a71c9fefbc7691f9d4ac7baf70c743792f716,2026-08-14T00:58:05,selfdestruct_context,0xf3fef3a3,false
25747438,0x27e82bd4f7998f37da84ab8faa2631982d7feb94cf409ec9acc53f76b8cedf87,0x50bf934781f63028c5c8ef49c4affe19a86d99b6,0x8d04cc7e86e687854eb41d9d43512b655b93184b,2026-08-14T00:58:06,selfdestruct_context,0xb5291b32,false
25747438,0x8fc1ad520df7e03834299fa06be4f382e3a36fbd5824359217dba30f779e9bdb,0x43b2f01186fda9814c5f40770554ac68fd8304bd,0x5ff6841642bc63072f967666f69857721064c7b6,2026-08-14T00:58:07,dense_internal_fund_flow;token_activity_burst,0x7111a994,true
25747439,0xb4a58992d019386571a39cf4eedf532fc14b05e9ee98cfcdda93569842b31ca0,0xd7dfd29b6efeb895c8972daa5a301acd76737c28,0x6a000f20005980200259b80c5102003040001068,2026-08-14T00:58:14,dense_internal_fund_flow;complex_trace;high_gas_used_context;token_activity_burst,0xe3ead59e,true
25747439,0xcce72e7482fccaa8e2ecace1973a22f38ea589849683da5555d08e8832943fee,0x00de4d8658ab249627286fcf9f920b3078aea4fe,0x1f21d09c65bc8af92634dcd5a100b6d04f0c81c3,2026-08-14T00:58:14,large_erc20_asset_flow;complex_trace,0x2f336f54,true
25747439,0x24575a32afbf1bbf2516e542a54a3b287194428ccc666bc6dad2788355a75050,0x161643f280b09be8e0271eef8efc6c264d125003,0xe1c4010b105c64b6d68b3b8318be293c892cb1db,2026-08-14T00:58:16,dense_internal_fund_flow;token_activity_burst,0xa9059cbb,true
25747439,0x3c2775f2d74c6fa1756194dc1542fb2f7ef0d5f231b2c14832ebeae783b84337,0x5b258a01a442e4f982c6fd0d50d4b9a75b63a736,0x000000000022d473030f116ddee9f6b43ac78ba3,2026-08-14T00:58:16,large_erc20_asset_flow;token_activity_burst,0x0d58b1db,true
25747439,0xc94921f13965742813fc35492c2c971e445d3b322a4a05f1f1a6bbbaa9ddf2cf,0x091179e3c74e33545ce8cc07fa385827256cb84f,0x6141718f8a599f14f6ce7bbb0cd2366c191fb7de,2026-08-14T00:58:16,complex_trace;high_gas_used_context;token_activity_burst,0x09c5eabe,true
25747440,0xaa8c0ab51bc7b49ce94a85dcb6cc407a2a93e49831ea92910227abce8b56007a,0x7830c87c02e56aff27fa8ab1241711331fa86f43,0xa9d1e08c7793af67e9d92fe308d5697fb81d3e43,2026-08-14T00:58:22,large_erc20_asset_flow;token_activity_burst,0xca350aa6,true
25747440,0xeac6f215e2abe4b168f36aa14c912622f2ff9483e9518f274f961d22f3183bd6,0x7830c87c02e56aff27fa8ab1241711331fa86f43,0xa9d1e08c7793af67e9d92fe308d5697fb81d3e43,2026-08-14T00:58:22,dense_internal_fund_flow,0x1a1da075,true
25747440,0x3a380733a4d95fcd8e2e80e2108918e601692d7cdc08550cbceb9ff08750f9ef,0x70e59f9c304e4d5096bd408b571e2dcd99c3120b,0xad3b67bca8935cb510c8d18bd45f0b94f54a968f,2026-08-14T00:58:24,complex_trace;high_gas_used_context;token_activity_burst;approval_burst,0x146ee74d,false
25747440,0xbb925ae709322db3a958abb5638d7451174041140f7e7291479e82f99b824315,0x43370330be39d388f6219d8241dc1f76fb9df268,0x0000000071727de22e5e9d8baf0edac6f37da032,2026-08-14T00:58:24,privileged_execution_context;complex_trace,0x765e827f,false
25747440,0xd2360fcb7502631fd16e3e458f00dec46d893a8c1286b90139ec326255b22f5f,0x5c096ef846447cb935c5d247e4ab2a867ecc33a9,0x00000f91109c4d0007e90000d9facad5298a0cac,2026-08-14T00:58:29,large_erc20_asset_flow;complex_trace,0x00000000,true
25747441,0xa12f365163cd9d1b9ed6e71b1ba8be7e70c2ee75a6728a709c8ee8c16be44f34,0x43627ed313b783200d7fd4b0622aaf7117700fdc,0x6131b5fae19ea4f9d964eac0408e4408b66337b5,2026-08-14T00:58:33,dense_internal_fund_flow;complex_trace;high_gas_used_context,0xe21fd0e9,true
25747441,0xb1e6236dc33ababd6f7ac44838a7b098c15b82c812b27fbf604acc3acd78f03c,0xe99bd1c2dd70cd58e5efd47887991700e7318ce2,0xad3b67bca8935cb510c8d18bd45f0b94f54a968f,2026-08-14T00:58:34,complex_trace;high_gas_used_context;token_activity_burst;approval_burst,0x146ee74d,false
25747441,0xe8029b84b3fc2b718b0cedcd5666e02489ac45ef759f7dd6909d86560398b6f7,0xdda3b51e29f9d6fad865c5dd7070d5f7eb57663e,0x8d8210a0252a706cb5de0c6f8e46b6d3692afc19,2026-08-14T00:58:34,complex_trace;high_gas_used_context,0xffc3a769,false
25747442,0x4280500c9f30227391e8e7ca2798bdf2965bea4bc64101dc3360bd9cb940dfbd,0xdf8adfe10d4a4d9f0fc4d3e377a6e8d5730eb40c,0x06cff7088619c7178f5e14f0b119458d08d2f5ef,2026-08-14T00:58:52,large_erc20_asset_flow;complex_trace,0x99999999,true
25747442,0x7bc75baa881b9fef8a56fce901f3739216c29b0a3d025302722181ed24e44af2,0x51a329c65cb8c50efc9a1171d568fcab957761c6,0xb216fd07b50a1d251724949e301d9fb8bb525f02,2026-08-14T00:58:52,complex_trace;high_gas_used_context,0x03ac03ac,false
25747442,0x992a5b3254eb13521ff2aeae0b34ff85b64bc8e777263292b27df5ad48d1d3af,0x1a5707d70aa37110a80dfd0b398c304b3c6f5200,0x4c82d1fbfe28c977cbb58d8c7ff8fcf9f70a2cca,2026-08-14T00:58:52,large_erc20_profit_to_sender;dense_internal_fund_flow;large_erc20_asset_flow;complex_trace,0x3593564c,true
25747442,0x9a7c3540ec4589b3f5fed5fc2daaa86a1d85f2f3ce735f2a1ca2271d1b0ca5d6,0xb4c59482b421844036ff9710a1d23e2f4e668de6,0xd06c50cde7279a98ef970fbdba73e84930ad8468,2026-08-14T00:58:52,dense_internal_fund_flow;complex_trace;high_gas_used_context,0x032c032c,true
25747442,0x314ccc2a82716391dd354f501aeb5af4d56ca33b8772ada3087bbf33e3ec7b60,0x80d04079ffc53eb14edbeeb37279d126f45552df,0x0e8606350cd13c6f0aaba57733c4a75bd765f5c6,2026-08-14T00:58:54,repeated_internal_token_drain;dense_internal_fund_flow;complex_trace;token_activity_burst;repeated_risky_internal_calls,0x8aaa8f3b,true
25747442,0x338b6187f3f3e3c66840079712d263754ab2494dcbc16c90b1864cc7fedcf9b2,0x8d55eff552fe561bf88c15bfbdadfe059b865798,0x6566194141eefa99af43bb5aa71460ca2dc90245,2026-08-14T00:58:54,large_erc20_asset_flow;complex_trace,0x374f435d,true
25747442,0x6b5aab5f0af9e71ce5bc68acb1e4ca667999cf38c84f6869e06733fc2eaabef5,0x22b8e3b2e3fb1a7c57cc0a0e6586de3edefba43f,0x1ffd07e29307824a178708febcc11aebba87412e,2026-08-14T00:58:54,dense_internal_fund_flow;complex_trace;high_gas_used_context,0x56a2859b,true
25747442,0x7d1c97abbbb56cc0694f4b3cea069d7a9fe977c0649b72492d07ef0ece225d7d,0x4838b106fce9647bdf1e7877bf73ce8b0bad5f97,0xfeeeeee44046c3f61a8cc081e0918ef0de0a7ffc,2026-08-14T00:58:54,selfdestruct_context,0x6a7df77f,true
25747442,0xd15b7a31fe1154601435873859745ae69b07513b853a68c85c8f3258412637f3,0xfab10aa58bf87a3499bd5b603af8c442fc48cbac,0x0c9a3dd6b8f28529d72d7f9ce918d493519ee383,2026-08-14T00:58:54,large_erc20_asset_flow;complex_trace,0xc16ae7a4,true
25747442,0x01363549e5e4b9b3c47304dcf92a3dc0fb688d68147cc5753988776c0a6d9f00,0x4838b106fce9647bdf1e7877bf73ce8b0bad5f97,0xfeeeeee44046c3f61a8cc081e0918ef0de0a7ffc,2026-08-14T00:58:55,selfdestruct_context,0x6a7df77f,true
25747442,0x14fa822f5840fcd74eeb03fd7731cd4940d631fef84510fca7c6d0ddc8f8b719,0xd2ffa17cca4b5b162ef61e818cd0b7d28f051463,0x172799fca760b87321ac77c5f4abc49021c486f6,2026-08-14T00:58:55,selfdestruct_context,0x1cabdabf,false
25747442,0x6f9ae7377c582d4e399abd1a2052000407a8b8d285dcd8d4eed93eed90cb4afd,0x59d62074ca26d84c983c7f2f34943e0df33e941e,0x4c82d1fbfe28c977cbb58d8c7ff8fcf9f70a2cca,2026-08-14T00:58:55,complex_trace;high_gas_used_context;token_activity_burst,0x3593564c,false
25747443,0x3e77fbe36802ca6a98913b1e8c0445f8a5c72c4455fbb4824142579d7b54132f,0xe487832018fbd594c84f1db3dfac61cde98a5f36,0x91ff8bbd8ebb07893010d50a48a1609e5ebd8e34,2026-08-14T00:59:05,complex_trace;high_gas_used_context,0x069d1525,false
25747443,0x7c3bd15be8a1b5b2fc086f5c65b782148e93e25b0e359861db87075087865c28,0x21378e678a111691a60fa688c72d61439e124c8f,0xcb0151ac9479a6a0261622baa63ae843c9793d45,2026-08-14T00:59:05,large_erc20_asset_flow;complex_trace;approval_burst,0x64cd187f,true
25747443,0x27fe2274b330b64ab6ddcb30789ed0c2a49c0a90b937725e19102a114224eb02,0xde992badd92adaf9146255e9bde6a70770973664,0x3d0f22bf11636cc9cb129e2b261eed35a487455c,2026-08-14T00:59:06,complex_trace;high_gas_used_context,0xa9059cbb,false
25747443,0x6059fe9b31eb978d3c2979a2dcaeeb236659fe0a1c4fcb2f67cab33f7c8e1556,0xe99bd1c2dd70cd58e5efd47887991700e7318ce2,0xad3b67bca8935cb510c8d18bd45f0b94f54a968f,2026-08-14T00:59:07,complex_trace;high_gas_used_context;token_activity_burst;approval_burst,0x146ee74d,false
25747443,0x6452b6b46bdf5ac7675f0d0fe2fac95be00926929491ddb949203e9142fbce62,0xdda3b51e29f9d6fad865c5dd7070d5f7eb57663e,0x8d8210a0252a706cb5de0c6f8e46b6d3692afc19,2026-08-14T00:59:07,complex_trace;high_gas_used_context,0xffc3a769,false
25747443,0xa31c5c2386fd2c607481b4ddcc2ae4954cd777c84920c59f2f909f22777dd843,0x4838b106fce9647bdf1e7877bf73ce8b0bad5f97,0xfeeeeee44046c3f61a8cc081e0918ef0de0a7ffc,2026-08-14T00:59:07,selfdestruct_context,0x6a7df78b,true
25747443,0xa61b3750f1fb3ab6cce939158ddf6638cc4f1b53c4ef48da84455a8543b9951b,0xde992badd92adaf9146255e9bde6a70770973664,0x3d0f22bf11636cc9cb129e2b261eed35a487455c,2026-08-14T00:59:07,complex_trace;high_gas_used_context,0xa9059cbb,false
25747444,0x585d9b46ee272dcfbcd129195b2e5403845983e8340bcf208c53abe23d7add27,0xe2da046340e00264c4f0443243a0565007ae08ac,0x923c7ae586b748da0fbea964c7a6089569bad61c,2026-08-14T00:59:26,complex_trace;high_gas_used_context,0x380db829,false
25747444,0xc76a358d821320fd4e76ab0bba2c7d946fc658ac8adcb512fa78ac17679fffdf,0x433700890211c1c776c391d414cffd38efdd1811,0x0000000071727de22e5e9d8baf0edac6f37da032,2026-08-14T00:59:26,privileged_execution_context;high_gas_used_context,0x765e827f,false
25747444,0xd37c82ab68e5674c0da00dba0775d118679fb952b852606d8e1d30bb10d694aa,0xe487832018fbd594c84f1db3dfac61cde98a5f36,0x91ff8bbd8ebb07893010d50a48a1609e5ebd8e34,2026-08-14T00:59:27,complex_trace;high_gas_used_context,0x069d1525,false
25747444,0x4efd5f10fafddd9eef558e887d98bfa13a84dc8f8d918679caf0314765a5d3c6,0x09cfee647fa339133380191c8db6b44f24500c9d,0x77b85afbcd336993ac1c65057531c5a5b33b76b8,2026-08-14T00:59:28,repeated_internal_token_drain;dense_internal_fund_flow;complex_trace;high_gas_used_context;token_activity_burst;repeated_risky_internal_calls,0xa9059cbb,true
25747445,0x2cc73e0ef139df5e46f407731a579e2a6f9a593c1bb93665ef6b0a08d54cbbe0,0x7830c87c02e56aff27fa8ab1241711331fa86f43,0xa9d1e08c7793af67e9d92fe308d5697fb81d3e43,2026-08-14T00:59:35,dense_internal_fund_flow,0x1a1da075,true
25747445,0xa38718078f416598cfe034b9353820e9e8d26a9ae352f4e8e6b62e7af54ca8fb,0x7b49bc3ebbdf7322f31c6449320382bbec3be1b6,0xad3b67bca8935cb510c8d18bd45f0b94f54a968f,2026-08-14T00:59:35,complex_trace;high_gas_used_context;token_activity_burst;approval_burst,0x146ee74d,false
25747445,0x8a5060ad09a93ee949f1eed4a2bec0143d998a956ff3b9afd0a8e7e4bedf500b,0x7556699aa8e6a7c9c69bcfaf9debd05f8192b063,0x84cab37995229530d9e6e5cff2f8f4ebe4517d66,2026-08-14T00:59:36,complex_trace;high_gas_used_context,0xe587456a,false
25747445,0x8c29ea652d761935264851031956caaada3848e7c939b3eda7e1bff9e98860a6,0x372c50019fb522a96b24437dc8d981613c5e15ea,0x0000000000001ff3684f28c67538d4d072c22734,2026-08-14T00:59:36,large_erc20_asset_flow;complex_trace,0x2213bc0b,true
25747445,0xbbaf228371f71f8a0acdc6e3e1556739d20857105079376c6f4d8127216cfa67,0x09cfee647fa339133380191c8db6b44f24500c9d,0x77b85afbcd336993ac1c65057531c5a5b33b76b8,2026-08-14T00:59:38,repeated_internal_token_drain;dense_internal_fund_flow;complex_trace;high_gas_used_context;token_activity_burst;repeated_risky_internal_calls,0xa9059cbb,true
25747445,0xbbc8c16bc21bbf7de56d1b80275b1102834fb569365a2af9a5acb580dfb31aa5,0x59aab1bd0d26290274398c07b55955c15425e16b,0x00fe78205f5f0e63b8ad2b2ae5337f538a610e04,2026-08-14T00:59:38,complex_trace;high_gas_used_context;token_activity_burst,0x34fcd5be,false
25747445,0xce517fee5d4ca908812d4b297ac7d187b400d8435a9220c480be60ddbc711ab1,0xd236cbcf5125e08bb09f6d81a306235cadf3b8ad,0xdb9b1e94b5b69df7e401ddbede43491141047db3,2026-08-14T00:59:39,large_erc20_asset_flow;complex_trace,0xcef6d209,true
25747446,0x1dfe72ba3da227eca8cb838bcb5ac64cc1643c2ba48ce687e17bcdfcacc01e9a,0xe85091501587b32a323be2512b36fab392d7c6bc,0x68f9dd5ba38250b9f1653c5e119f72b54f61092c,2026-08-14T00:59:59,large_erc20_asset_flow;complex_trace;high_gas_used_context,0x111966f6,true
25747446,0x30ffede2cbb97584262b79863ac71926f6c9c681e0a278cf4083770754edb225,0x365e8fe2c1643ae04741a1c079b7fc121a8dbbf8,0xf4a1c3a0f386867938443436e07c60f8c35ceb71,2026-08-14T00:59:59,dense_internal_fund_flow;complex_trace;high_gas_used_context;token_activity_burst,0x65547df2,true
25747446,0x9135ac0aca7f5ede184498fbd8962ed4e0683587efedfb43653ee691877c0c93,0xf0777aff9301ff7d0af60e49b49488aa0861e63f,0x632eec87e1a4c181a7a4aa67ca23d21af558ac60,2026-08-14T00:59:59,large_erc20_asset_flow;complex_trace;high_gas_used_context,0x111966f6,true
25747446,0xd384b31e081916e4bbcb14bcc2aef22d18cef7b1d2fc15ca2faa5565c9fab56f,0x1a5707d70aa37110a80dfd0b398c304b3c6f5200,0x4c82d1fbfe28c977cbb58d8c7ff8fcf9f70a2cca,2026-08-14T00:59:59,dense_internal_fund_flow;complex_trace;token_activity_burst,0x3593564c,true
