block_num,tx_hash,from,to,detect_time,attack_signals,selector,has_asset_impact
25754180,0x1da883f073dca9d6837f54eb449ebbdbfa5476663b8f9f15d7ee17e5ed6e4c75,0xfb12522ffa7bb9ab2e84093da19767a1e831d4a4,0xb172ed1d944d710bc214278bde99e484f615a740,2026-08-14T23:30:07,complex_trace;high_gas_used_context;token_activity_burst,0x601881f3,false
25754180,0x26dfb0129a5b50a5bb6ff56c534cf800f00afacdbca94136273e102d4cb0fa11,0x6c39d7e6d7689b7a0d81aff7cc8a346fe054ff13,0xf9280799c85d376e0425f6fb38e4a674e8bedb56,2026-08-14T23:30:07,dense_internal_fund_flow;complex_trace,0x39ecce49,true
25754180,0x3c0a44c79b6f509b62bd15cdd9cc0b8c0e58debba60f1ae43c91d017910a0955,0xf6127ddd1aa8cd0bd2210af7af3527e2d4a911c6,0xf9280799c85d376e0425f6fb38e4a674e8bedb56,2026-08-14T23:30:07,dense_internal_fund_flow;complex_trace,0x39ecce49,true
25754180,0x683b6d4e73344fde92f7b6d195885e9856dca9eed5256e1bdde0b20dc034e596,0xdee657bf65fb0da9e75c9c5c78a6881888b5a641,0x93c30e6e09f698cfea99b09b5166ed90cfaedd17,2026-08-14T23:30:07,dense_internal_fund_flow,0x0fe20a3f,true
25754180,0x071d025d532f51c66c213ad47f3c71a16ba9f8051057438e21c35498a3141fd9,0x4838b106fce9647bdf1e7877bf73ce8b0bad5f97,0xfeeeeee44046c3f61a8cc081e0918ef0de0a7ffc,2026-08-14T23:30:08,selfdestruct_context,0x6a7f3477,true
25754180,0x113656b72f185cd64840b9215e544ba961ba1cc0990e6930b2dafa2d796a0612,0x668625e70fb5b70b8ec7e1295576ca3c736545e4,0xb300000b72deaeb607a12d5f54773d1c19c7028d,2026-08-14T23:30:08,complex_trace;high_gas_used_context,0x810c705b,false
25754180,0x2d1d0ce19debf7fb3a54e021e85807b0b29965e40e9df98f06001b50411f0569,0x0650a57031528333689b67b3a711feb1bac036cd,0x91ff8bbd8ebb07893010d50a48a1609e5ebd8e34,2026-08-14T23:30:08,complex_trace;high_gas_used_context,0x069d1525,false
25754180,0xa09ff3f099a82c23083658520e5985278542a38f3392b60aba8d8a994fe7acf2,0x3f6feb230a5f400000003b83b5264935181bc219,0x0a8accba63f42e743a31f33c44b87be0c83fe230,2026-08-14T23:30:08,complex_trace;high_gas_used_context,0x99000000,false
25754180,0xa853532710207589dc5e02bc7dae639f13ecb31323600b3b0da7c457ecf8a3db,0x834d10cef4e5a75d3edddcbb1c5a94f8094e5713,0xd226997439ecfbeff8e110c8c78c8a7eefd19f89,2026-08-14T23:30:08,complex_trace;high_gas_used_context,0x01040604,false
25754180,0xa8c858e97065c5c69035c1f6b8f45e650334a4d20f6faadc91c834fd8a2a14db,0x96c4af8a6634f1dd8d50d7e373a44852a511487b,0x32e8c0b986bf7f79420d455320346d017f9a74c5,2026-08-14T23:30:08,privileged_execution_context;complex_trace,0xc6fe8747,false
25754180,0xac9eb56ce7a341ccca418154b22241c5387e76ca937d48062385f02dcf6e059b,0x4838b106fce9647bdf1e7877bf73ce8b0bad5f97,0xfeeeeee44046c3f61a8cc081e0918ef0de0a7ffc,2026-08-14T23:30:08,selfdestruct_context,0x6a7f3477,true
25754180,0xb622e2d6fdb713d86282ab32df622f258b5dcc7fcd8fd7a46d5ab322e35a143a,0xdd2d158a5083ef7d32f059c312eebb788867ad24,0xcb0151ac9479a6a0261622baa63ae843c9793d45,2026-08-14T23:30:08,complex_trace;high_gas_used_context;approval_burst,0x64cd187f,false
25754180,0xccab205086d93a8d96b8fe54513e7ce3d4363f3a7a512bf4b3b55387890880e0,0x4838b106fce9647bdf1e7877bf73ce8b0bad5f97,0xfeeeeee44046c3f61a8cc081e0918ef0de0a7ffc,2026-08-14T23:30:08,selfdestruct_context,0x6a7f3477,true
25754180,0xf79a635bf501004c0560a6c92ff457376212e0e78ba80fa415554b0a85dba077,0x83f6a1c3ae42b98af1cf802e6c37896da5bd38bb,0xa17b2e9ef8e7ca55daa4b7a01045394298340aa6,2026-08-14T23:30:08,complex_trace;high_gas_used_context;token_activity_burst;approval_burst,0x601881f3,false
25754181,0x2ee80e95756c2640c817962344faceec7973e740b3e8a82d56144c977d27a2a8,0xb1ca4a18aff443656f407fa8be3533ff27dde911,0x9da8b48441583a2b93e2ef8213aad0ec0b392c69,2026-08-14T23:30:22,complex_trace;high_gas_used_context,0xe7c438c9,false
25754181,0x609dad25ef35f36bdaaa536cd1dd17390fed4c8dc87303f13c72f0c223d3d9a6,0xedfa3223d1e1302af4305f44044e2d4b8cbb06c0,0xf5ec90ed18504ed9f3fa5c6f17f3fd3f25a296ab,2026-08-14T23:30:22,complex_trace;high_gas_used_context,0xcd03d57a,false
25754181,0x838e62dd836eff1a6e249a39a7b3b529acf37ce3d4fe9a154b37ce213ecc8881,0x1e8c05fa1e52adcb0b66808fa7b843d106f506d5,0x1231deb6f5749ef6ce6943a275a1d3e7486f4eae,2026-08-14T23:30:22,complex_trace;high_gas_used_context;token_activity_burst,0x1794958f,false
25754181,0x886c132244a47af392c068d6de22fd06922662df4cbac64ac8592d407a1032cc,0xdadb0d80178819f2319190d340ce9a924f783711,0xfeeeeee44046c3f61a8cc081e0918ef0de0a7ffc,2026-08-14T23:30:22,selfdestruct_context,0x6a7f3483,true
25754181,0xb9de54a58bb5763f480b1569de6ac71b24484f2752c9a982ef86b1b7228f3647,0x7830c87c02e56aff27fa8ab1241711331fa86f43,0xa9d1e08c7793af67e9d92fe308d5697fb81d3e43,2026-08-14T23:30:22,dense_internal_fund_flow,0x1a1da075,true
25754181,0xba19e5a1cb8cd3009023ab6f035a0d930ac5b6d15337398c6088bea74eb86951,0xfc9928f6590d853752824b0b403a6ae36785e535,0xe2536231fc1512babc8c856ad7499830a936bdd9,2026-08-14T23:30:22,complex_trace;high_gas_used_context;token_activity_burst,0x03fb13d5,false
25754181,0xcb2860d30fe9cdcf8fd323d3f957bc15bef0c678082c07b645242efe1dddfe1a,0x0b2d1965fd4d2250d03a277bce935e0d7f0e282e,0x000000000000fb114709235f1ccbffb925f600e4,2026-08-14T23:30:22,dense_internal_fund_flow,0x5f3bd1c8,true
25754181,0xd7469700ac87ce0a6a49c06bd1908df41ed15c04151f9095a73195192f81d98f,0x59cadf9199248b50d40a6891c9e329ea13a88d31,0xfeeeeee44046c3f61a8cc081e0918ef0de0a7ffc,2026-08-14T23:30:22,selfdestruct_context,0x6a7f3483,true
25754182,0x0a453de8a4b869d2949abfce90590320b51fd0d55043dfc286f01edb32f6b33e,0x7b49bc3ebbdf7322f31c6449320382bbec3be1b6,0xad3b67bca8935cb510c8d18bd45f0b94f54a968f,2026-08-14T23:30:35,complex_trace;high_gas_used_context;token_activity_burst;approval_burst,0x146ee74d,false
25754182,0xaa1ffa986f6a05d9ff71d820d3bd58f4be6b63794dc1ef64a26558d48117d535,0x08b9cb027d2f2a25a825118becbc4e7aac883c25,0xb4769e9c5be31199a25ecd1b0c6609183fa72521,2026-08-14T23:30:35,dense_internal_fund_flow;complex_trace,0xa11b1198,true
25754182,0x01cae7a752fe02ebc389147e30c22188c91ce216f40524339a582c697ce81510,0x50bf934781f63028c5c8ef49c4affe19a86d99b6,0x8d04cc7e86e687854eb41d9d43512b655b93184b,2026-08-14T23:30:36,selfdestruct_context,0x4a1bf18a,false
25754182,0x3971c8ba9ccfd118084bf6055be2f54c9d3e835e88bb8aa128a536fa5aa95e7d,0x4337019d937ebcbd73dd750072d86c1ce664b350,0x0000000071727de22e5e9d8baf0edac6f37da032,2026-08-14T23:30:36,privileged_execution_context;complex_trace,0x765e827f,false
25754182,0x7922080bdd557b16147a1d6a67cdeb90dc1f293ce16ff6b23c65cde3671c1f7f,0x54e8b3ba0e123afb71a7a92c665f010da8ac0ca6,0x66a9893cc07d91d95644aedd05d03f95e1dba8af,2026-08-14T23:30:36,dense_internal_fund_flow;complex_trace,0x3593564c,true
25754182,0x898cf9768e6dbc442469ef554a25b6ac8c229a0bcce28fe5efaf2d8bdde6398c,0xca7ded7e4f4ba8ab3b10009236ae6d1b95094589,0xb92fe925dc43a0ecde6c8b1a2709c170ec4fff4f,2026-08-14T23:30:36,dense_internal_fund_flow,0xcd6e13f7,true
25754182,0x8cd65a1a2c620a01ca5714c864e95946e3a71c1c6a55dd401dd051ded8d65950,0xdf23c67da753a741bc61e8a75fe6bd6fb86740ca,0x000000000000fb114709235f1ccbffb925f600e4,2026-08-14T23:30:36,dense_internal_fund_flow;complex_trace,0xac9650d8,true
25754183,0x0f0eee3a046827149f7defe704402cb59e2f51d6295eae5c3c1dff34ddd5acee,0x062ce42cae04c51d04e77e3d64cc8953a2296ffe,0x8a25a24ede9482c4fc0738f99611be58f1c839ab,2026-08-14T23:30:48,complex_trace;high_gas_used_context,0x6a761202,false
25754183,0x1217e2973e45e776b804e306222252c000d283fb8fa393fdf3c078232df689ad,0xbe0b407782a7599380fa726db315340126d62229,0x4d2fb5f8ec243fde4df1a9678b82238570c7e0e4,2026-08-14T23:30:48,repeated_internal_token_drain;dense_internal_fund_flow;complex_trace;high_gas_used_context;token_activity_burst;repeated_risky_internal_calls,0x6a761202,true
25754183,0x143f40902bad25224320db81bbd41d7910d87861bac9114062f016096e77aaf7,0xdda3b51e29f9d6fad865c5dd7070d5f7eb57663e,0x8d8210a0252a706cb5de0c6f8e46b6d3692afc19,2026-08-14T23:30:48,complex_trace;high_gas_used_context,0xffc3a769,false
25754183,0x9317e23850c13e40b0509f7175fec23cc6b993cc811a2b1d6285dd26916a1ee6,0x1584a8ee67789d1fe161065388657ad2f2a3c7dd,0x77eb52e44db06777bce478159f25c0d55a295314,2026-08-14T23:30:48,repeated_internal_token_drain;dense_internal_fund_flow;complex_trace;token_activity_burst;repeated_risky_internal_calls,0xa9059cbb,true
25754183,0x95bb9637668a0cfef99563c55445c221673033c9f59f0402eadb1eb730fb466d,0x9689b11b77d799181612227e474af7da3f49a3e3,0x4313c378cc91ea583c91387b9216e2c03096b27f,2026-08-14T23:30:48,dense_internal_fund_flow;complex_trace,0xeffbec13,true
25754183,0x460ee1ac86c3181f38f73785d3a54384a9b534280a5f075d33b3223651262e76,0xdadb0d80178819f2319190d340ce9a924f783711,0xfeeeeee44046c3f61a8cc081e0918ef0de0a7ffc,2026-08-14T23:30:49,selfdestruct_context,0x6a7f349b,true
25754183,0xa5bc05019c41f5065a83c372107c4ca69a60ae1c0b76502c48184183c53a34af,0xdadb0d80178819f2319190d340ce9a924f783711,0xfeeeeee44046c3f61a8cc081e0918ef0de0a7ffc,2026-08-14T23:30:49,selfdestruct_context,0x6a7f349b,true
25754183,0xd3338313227be8f2e276f5ad8307e893f241e8136b6cc481d9209ca5396610e9,0xdadb0d80178819f2319190d340ce9a924f783711,0xfeeeeee44046c3f61a8cc081e0918ef0de0a7ffc,2026-08-14T23:30:49,selfdestruct_context,0x6a7f349b,true
25754184,0x669c7e945ad17f9686258feca8008193e892d76bb9e0c4fa03a2492160647dab,0x2376196d78f189c4fe336cf5be8a0de8ed723646,0x8f5835e9d756c9bd934bce527157a4b0ef3c5cb7,2026-08-14T23:30:59,dense_internal_fund_flow;complex_trace,0x4a7cf362,true
25754184,0x2f34c63c115b2310d49edfd057ca7805ad6ce76eddd89a213194ef461c136fc6,0x43370277ecaab8cb1f98622138efc679f9ac3063,0x0000000071727de22e5e9d8baf0edac6f37da032,2026-08-14T23:31:00,privileged_execution_context;complex_trace,0x765e827f,false
25754184,0xa76131b42175358e540606bd13a757900806cebd4150511671264971ab7b3d94,0x96a326352b2152ee8b31a44896483ea0ca7ae9f5,0xb300000b72deaeb607a12d5f54773d1c19c7028d,2026-08-14T23:31:00,dense_internal_fund_flow;complex_trace,0x810c705b,true
25754184,0x002afa66726c4d4b5cd8cd0b47108215331219a1d1d5f63561d7ecef8d2da2a5,0x09cfee647fa339133380191c8db6b44f24500c9d,0x77b85afbcd336993ac1c65057531c5a5b33b76b8,2026-08-14T23:31:01,repeated_internal_token_drain;dense_internal_fund_flow;complex_trace;high_gas_used_context;token_activity_burst;repeated_risky_internal_calls,0xa9059cbb,true
25754184,0x2c8c0137ff4034366f47dc40341b38b5e5916d21ef909abc6b6989b32cd2a568,0xddac928a240bdace3994c2cc0783d4e29a002127,0x4313c378cc91ea583c91387b9216e2c03096b27f,2026-08-14T23:31:01,dense_internal_fund_flow;complex_trace,0xeffbec13,true
25754184,0x32a5b86eaaeaf66c8c6263799eb6cfa31660df5fdcb9791c24a16ca59ec89fe1,0x7adc7f678236e76eb53904b2196ecf7472bd17ae,0xf9280799c85d376e0425f6fb38e4a674e8bedb56,2026-08-14T23:31:01,dense_internal_fund_flow;complex_trace,0x39ecce49,true
25754184,0x8ac2901529649aa33066396e1f838f2211cf485889e974fb0202b6bfcebf51c8,0x4838b106fce9647bdf1e7877bf73ce8b0bad5f97,0xfeeeeee44046c3f61a8cc081e0918ef0de0a7ffc,2026-08-14T23:31:01,selfdestruct_context,0x6a7f34a7,true
25754184,0xdf7be53d953e628df698a5cae2489d9eb841385160c2f5d7130e487b1375c4cc,0x9b755be56ac4a2b005982438413ded85da572796,0xf9280799c85d376e0425f6fb38e4a674e8bedb56,2026-08-14T23:31:01,dense_internal_fund_flow;complex_trace,0x39ecce49,true
25754185,0x62fd1f33a3c1635179eadb40cdd732c8ea533d3ebd71f9821d4443ec6b1d57aa,0x8442e8d1f35b7d0c9b44d7102fe1be13ec8f06f6,0xf9280799c85d376e0425f6fb38e4a674e8bedb56,2026-08-14T23:31:12,dense_internal_fund_flow;complex_trace,0x39ecce49,true
25754185,0xc88fde5b2cd496b399c2143fcc4d74c705c1dd177853629e167d7ce9fbdb79db,0xe28601398a5448d1147e6e8b0e0c6d686f0d216d,0x000000000000fb114709235f1ccbffb925f600e4,2026-08-14T23:31:12,dense_internal_fund_flow,0x5f3bd1c8,true
25754185,0xe74d70cbe4764c63449e9dab941da03f716e26d5d50a9e61c50c04b60260db44,0x7b49bc3ebbdf7322f31c6449320382bbec3be1b6,0xad3b67bca8935cb510c8d18bd45f0b94f54a968f,2026-08-14T23:31:12,complex_trace;high_gas_used_context;token_activity_burst;approval_burst,0x146ee74d,false
25754185,0x26b3545caa6b20819d5d615c0f2e724a9394a08a1391793d0a4278e4b6de30f1,0x4838b106fce9647bdf1e7877bf73ce8b0bad5f97,0xfeeeeee44046c3f61a8cc081e0918ef0de0a7ffc,2026-08-14T23:31:13,selfdestruct_context,0x6a7f34b3,true
25754186,0x56342a0bd9c62114870da035fb21a770e51b8fc994b5bc91b1b0272fc66ffc9e,0xf0777aff9301ff7d0af60e49b49488aa0861e63f,0x632eec87e1a4c181a7a4aa67ca23d21af558ac60,2026-08-14T23:31:22,complex_trace;high_gas_used_context,0x111966f6,false
25754186,0x800f27207066337f0e5e2a927c9a8df1f20e25d534cbab4d01518908d899a9da,0x7830c87c02e56aff27fa8ab1241711331fa86f43,0xa9d1e08c7793af67e9d92fe308d5697fb81d3e43,2026-08-14T23:31:22,dense_internal_fund_flow,0x1a1da075,true
25754186,0x8191b052111ed78ef4c8ef86f50b35e9a17349e9af5cdfbac66157d1da3dad81,0xf70da97812cb96acdf810712aa562db8dfa3dbef,0xccc88a9d1b4ed6b0eaba998850414b24f1c315be,2026-08-14T23:31:22,dense_internal_fund_flow,0x0a2b8f36,true
25754186,0x8a0ed5ada6ccbc7d23121a7588e5a71ad7b85e18519e2baf9b48341ac97a297c,0xada5bb90d0de0bd1b6f3938708f49295a8d1f7cb,0xb92fe925dc43a0ecde6c8b1a2709c170ec4fff4f,2026-08-14T23:31:22,complex_trace;high_gas_used_context,0xcd6e13f7,false
25754186,0x2269a5092569c88c35bd32349cdbcfebeed1d34d9351a044f1e2fe58ed5c2d9a,0x4838b106fce9647bdf1e7877bf73ce8b0bad5f97,0xfeeeeee44046c3f61a8cc081e0918ef0de0a7ffc,2026-08-14T23:31:23,selfdestruct_context,0x6a7f34bf,true
25754186,0x3100146d501c9d160b431782ce9fd4337e0b4a0f2e6714087c35ae1ae985c299,0xe9dc9fecdd9ece9d6510e1521ede1fd350a5b32a,0x0000002fc8e77585a008aa45d78a71ad36293aee,2026-08-14T23:31:23,privileged_execution_context;high_gas_used_context,0x72cf7bd8,false
25754186,0xa26d81c80231f75f019fc25d0365f02f46a0bec96682324affc2218ac70d46ae,0xb879ef69b757d4fc83829fae1391bc290b176764,0x3d90f66b534dd8482b181e24655a9e8265316be9,2026-08-14T23:31:23,dense_internal_fund_flow;complex_trace;high_gas_used_context;token_activity_burst;approval_burst,0x47ee97ff,true
25754188,0x42c1978627cd76f49f80237916f7accf4c5553ec5175cd91561345a3f30f55aa,0x7b49bc3ebbdf7322f31c6449320382bbec3be1b6,0xad3b67bca8935cb510c8d18bd45f0b94f54a968f,2026-08-14T23:31:53,complex_trace;high_gas_used_context;token_activity_burst;approval_burst,0x146ee74d,false
25754188,0xbc9d4c62fd11932ca190b34f0107dabb69995d36815e489f678b1ef92ae1632b,0x05dfc408f29ac7b6c1b27ebc72479641284bf1ca,0xb01775458ccc7ea09716bafebeeaad390e97e7e3,2026-08-14T23:31:53,dense_internal_fund_flow,0x38a40f40,true
25754188,0xede2cd916e4e56dac6379c3f13fce2b9dccdb49bdf0014075fee3b814ce0ca92,0x0c1b30688bb7217883c3ea88de7b05bebefc6cbe,0xcec3218f81f312152a7a255fd4b8548332c3ebfe,2026-08-14T23:31:54,selfdestruct_context,0xf3fef3a3,false
25754188,0x15ef7a5f846e433d9afbf56657605e5dd84a015abbebef69a22dd029c23db2df,0xdadb0d80178819f2319190d340ce9a924f783711,0xfeeeeee44046c3f61a8cc081e0918ef0de0a7ffc,2026-08-14T23:31:55,selfdestruct_context,0x6a7f34d7,true
25754188,0x4a498e2c4b3b4217ec787402dea7f4693cc8189fd37c49a1551267379d3f2ed1,0x59cadf9199248b50d40a6891c9e329ea13a88d31,0xfeeeeee44046c3f61a8cc081e0918ef0de0a7ffc,2026-08-14T23:31:55,selfdestruct_context,0x6a7f34d7,true
25754188,0x4e04f7968aa87225b74452775b2043ab0baf67032de2801dfe30d6e24a9b1ba7,0x3431172c887cf150d9fdaba9876273d9db566367,0x64f5aad0e38e2ff9f50f2e51e813e49c05aca41a,2026-08-14T23:31:55,repeated_internal_token_drain;dense_internal_fund_flow;complex_trace;high_gas_used_context;token_activity_burst;repeated_risky_internal_calls,0xa9059cbb,true
25754188,0x55fe313996d400da3e42fa6eb0e9102e97dd19a4d2eaf5536530401d117bfb1a,0x09cfee647fa339133380191c8db6b44f24500c9d,0x77b85afbcd336993ac1c65057531c5a5b33b76b8,2026-08-14T23:31:55,repeated_internal_token_drain;dense_internal_fund_flow;complex_trace;high_gas_used_context;token_activity_burst;repeated_risky_internal_calls,0xa9059cbb,true
25754188,0x9ae380550bec1456de0cc83363dc67a7b2b3fbc7b7fae4d07491d0ccf45271f1,0xdadb0d80178819f2319190d340ce9a924f783711,0xfeeeeee44046c3f61a8cc081e0918ef0de0a7ffc,2026-08-14T23:31:55,selfdestruct_context,0x6a7f34d7,true
25754188,0xb0a5d279448124770570abc05c5cfa5757f61a4c61e16909891cfa5b34b89abc,0x59aab1bd0d26290274398c07b55955c15425e16b,0x00fe78205f5f0e63b8ad2b2ae5337f538a610e04,2026-08-14T23:31:55,complex_trace;high_gas_used_context;token_activity_burst,0x34fcd5be,false
25754188,0xb92693b37fac43f15e33109fef9a26f771693b701380ade267513ebc25380fe6,0xdadb0d80178819f2319190d340ce9a924f783711,0xfeeeeee44046c3f61a8cc081e0918ef0de0a7ffc,2026-08-14T23:31:55,selfdestruct_context,0x6a7f34d7,true
25754189,0x6ec6dbd3cc375bedac112dafda262b1e08c64dc56e49a2d1eb925e60267166d0,0xe20446cccbfd5f9038e747f1dea8016ecbd94ae5,0x442be06bb5d13711a22ccd3fa382b72a874c5135,2026-08-14T23:32:01,privileged_execution_context;complex_trace,0xf7b5c341,false
25754189,0x4b83914deb755c2368c4fd91697be6aea22b1157d136807ab4325eb90b514ffb,0x4838b106fce9647bdf1e7877bf73ce8b0bad5f97,0xfeeeeee44046c3f61a8cc081e0918ef0de0a7ffc,2026-08-14T23:32:03,selfdestruct_context,0x6a7f34e3,true
25754189,0xf2ef1cf7c5d7127f2bb75bc2a8868ed0687a0957e4fd1fd3f3243a7eaf8585e4,0x77746d6ffa0bf81eda08b16826d9b1e3068b593c,0x555ce236c0220695b68341bc48c68d52210cc35b,2026-08-14T23:32:03,dense_internal_fund_flow;complex_trace,0xc3c16ee4,true
25754190,0xdc3cd8da84c6cb9832803e352a6663f019a4b5cc5e29d04340e11ce1789b4522,0xda80613a6368d9fe273c98c6f9a0b25b7bc88975,0x000000000000fb114709235f1ccbffb925f600e4,2026-08-14T23:32:07,dense_internal_fund_flow,0x5f3bd1c8,true
25754190,0x6fd9980acbb7e5315fc9c086a9f6d0156529a48cc95a31ee70c8d450f5fd61fc,0x680ff9bd827abe38212fc7d447fb8545eea47ff3,0x245cc372c84b3645bf0ffe6538620b04a217988b,2026-08-14T23:32:08,large_erc20_asset_flow;complex_trace,0x6a761202,true
25754190,0xabdc629d4dac8e91704ebc058b6f6896a7cb8d50dcf3761ec1367eacc1ebb360,0x4838b106fce9647bdf1e7877bf73ce8b0bad5f97,0xfeeeeee44046c3f61a8cc081e0918ef0de0a7ffc,2026-08-14T23:32:08,selfdestruct_context,0x6a7f34ef,true
25754190,0xd9e6d8eee35f123a4cddcbd9151318ca9f2fa16d4d8263f77a874fc11435d853,0x7b49bc3ebbdf7322f31c6449320382bbec3be1b6,0xad3b67bca8935cb510c8d18bd45f0b94f54a968f,2026-08-14T23:32:08,complex_trace;high_gas_used_context;token_activity_burst;approval_burst,0x146ee74d,false
25754191,0x2bccc8965742f05a9d5ce8f8a73567bf9b2a840fd12b1c7bb23dc696b0b7a953,0x7830c87c02e56aff27fa8ab1241711331fa86f43,0xa9d1e08c7793af67e9d92fe308d5697fb81d3e43,2026-08-14T23:32:24,dense_internal_fund_flow,0x1a1da075,true
25754191,0x4b6e3c043d2cc34419599be74529089b8ddc5f53102cd9bc199c60f7161936e1,0xa0a6ffeb061609188d3aecd279d5cee0abc46941,0x0ba6d224169bbfad4eb2d38c500d2c8e8ede696c,2026-08-14T23:32:24,dense_internal_fund_flow;complex_trace;high_gas_used_context;token_activity_burst,0x5742f567,true
25754191,0x8a90a6273a4d7c29188b2f0feb3ec6ab59ccda96781b267c0650ec962a90c2fd,0xc6acbee42e9e323140c1ed060c2f6ea9cc3b4b75,0x7c5a71c9fefbc7691f9d4ac7baf70c743792f716,2026-08-14T23:32:24,selfdestruct_context,0xf3fef3a3,true
25754191,0x2a80a9b8b3767365614529605da41229fb96d7bc921b1b1817db2095ad3dc0bf,0x4337015333e7c8a3c5af4acd2c4aa4befb0d663c,0x0000000071727de22e5e9d8baf0edac6f37da032,2026-08-14T23:32:26,large_erc20_asset_flow;privileged_execution_context;complex_trace,0x765e827f,true
25754191,0x80f0a54084b5dacce3bc8bd6fae889e25635c574a010497acc316f4ac58dcae3,0x59aab1bd0d26290274398c07b55955c15425e16b,0x00fe78205f5f0e63b8ad2b2ae5337f538a610e04,2026-08-14T23:32:26,repeated_internal_token_drain;dense_internal_fund_flow;complex_trace;high_gas_used_context;token_activity_burst;repeated_risky_internal_calls,0x34fcd5be,true
25754191,0x8727479ec7fd9c6bc4f4b490ee1b4caeb262ac1a8cdbe2cf9cf94a5d9f847443,0x4838b106fce9647bdf1e7877bf73ce8b0bad5f97,0xfeeeeee44046c3f61a8cc081e0918ef0de0a7ffc,2026-08-14T23:32:26,selfdestruct_context,0x6a7f34fb,true
25754192,0xe61bc59d3272b0feeb4292bf8408100fb2c97fd3a43ff6a2c7ded61b34afff2c,0x13b5f7c38da2f6d22c48b69feadab8bf2397bfe6,0xcec1caa28ebc876d0883a0c492831e06e167b8b3,2026-08-14T23:32:29,selfdestruct_context,0xf3fef3a3,false
25754193,0xf690406a1ffc6adeb7ec45a313bb5eaf7bc6b2066f83cceb0bd1706a13d6444c,0xda80613a6368d9fe273c98c6f9a0b25b7bc88975,0x000000000000fb114709235f1ccbffb925f600e4,2026-08-14T23:32:43,dense_internal_fund_flow,0x5f3bd1c8,true
25754194,0x868f0a9de68b03c4c0e75a46babebf7889aafd0d2569ca7d644eb20384508347,0xb91ce9129a30d9e891bb670672a452034ffe0860,0x0000000000000068f116a894984e2db1123eb395,2026-08-14T23:33:01,repeated_internal_token_drain;dense_internal_fund_flow;very_complex_trace;high_gas_used_context;token_activity_burst;repeated_risky_internal_calls,0x87201b41,true
25754194,0xa3f3b280e09002ac78287b3a552cc52ee3dcee24d9fd7ae40081af68ed14816f,0xe99bd1c2dd70cd58e5efd47887991700e7318ce2,0xad3b67bca8935cb510c8d18bd45f0b94f54a968f,2026-08-14T23:33:01,complex_trace;high_gas_used_context;token_activity_burst;approval_burst,0x146ee74d,false
25754194,0xc523a554828ec31061ce87d9d5157bae2b8a1b9c8a23fab6d36f05e4230b07df,0x2938328955442d6ed390558b6c2a554bf3678889,0x0000002fc8e77585a008aa45d78a71ad36293aee,2026-08-14T23:33:01,privileged_execution_context;high_gas_used_context,0x6a648dc6,false
25754194,0xddb647bbfe82334d1de411e8296dee6c2ab6bd6901c51acfef44317939169335,0x69ed24795649c23f9c13bfe317432fe0e679f1f6,0x0889e9327b98d7d1be3c301a4585ff3330502c9a,2026-08-14T23:33:01,complex_trace;high_gas_used_context;token_activity_burst,0x1fff991f,false
25754194,0x2c5f87ede6086c8bd162b81fc1973f45cfc6001f0c6e3a1d0ab1695317b551db,0x57ab184f931da6f4e80aea83949efa2a456c2267,0xccc88a9d1b4ed6b0eaba998850414b24f1c315be,2026-08-14T23:33:02,complex_trace;token_activity_burst,0xf9e4bab4,false
25754194,0xa507c039a3f0e5815711c82eedb20df6ff14795c21744526ae5a63637531eb49,0x227953382f58151d9836ff6e8b384116d278e742,0xb92fe925dc43a0ecde6c8b1a2709c170ec4fff4f,2026-08-14T23:33:02,dense_internal_fund_flow,0xcd6e13f7,true
25754194,0xa709b50ce8a388ae3c1a1fa3f1d3fc281d473fd8e43ccdb7fbaa3718d58f6f95,0x671499a0fee39b4b6c79740bdd0ad0fe24ee0ccf,0xb300000b72deaeb607a12d5f54773d1c19c7028d,2026-08-14T23:33:02,dense_internal_fund_flow;complex_trace,0x810c705b,true
25754194,0xb87cf94418dcc7ec9fddf7f2fad3f6cc4c47e97fa8649175dbff2f8930c063a5,0x9fc3da866e7df3a1c57ade1a97c9f00a70f010c8,0xfeeeeee44046c3f61a8cc081e0918ef0de0a7ffc,2026-08-14T23:33:02,selfdestruct_context,0x6a7f351f,true
25754194,0xbea4f57a0f3680de2670e95aebb90c74d35ec233bf62864b708760234a8fce3d,0x50bf934781f63028c5c8ef49c4affe19a86d99b6,0x8d04cc7e86e687854eb41d9d43512b655b93184b,2026-08-14T23:33:02,dense_internal_fund_flow;complex_trace;selfdestruct_context,0x4a1bf18a,true
25754195,0x2ae38ea2a3bc0aa9653cf80d435b4dc4af22261df287517fbcce19821d9f44e7,0xc49415493eb3ec64a0f13d8aa5056f1cfc4ce35c,0xd90e2f925da726b50c4ed8d0fb90ad053324f31b,2026-08-14T23:33:08,dense_internal_fund_flow;complex_trace,0xb438689f,true
25754195,0x457b7912972ad5ef80516d943d52307479594049005f3bdb80396e825d1f69df,0x7b49bc3ebbdf7322f31c6449320382bbec3be1b6,0xad3b67bca8935cb510c8d18bd45f0b94f54a968f,2026-08-14T23:33:08,dense_internal_fund_flow;complex_trace;high_gas_used_context;token_activity_burst;approval_burst,0x146ee74d,true
25754195,0x453c11f5bff45ba586e329430b65c45b1dbaf2bc1298a6ec40fd75fdc5d484f9,0x4337020f43d3d7d2f5e4160397efea49aefa5e7d,0x0000000071727de22e5e9d8baf0edac6f37da032,2026-08-14T23:33:09,privileged_execution_context;complex_trace,0x765e827f,false
25754195,0x70c3fb279edaa02599b34671800d731136ba1a3031d7d0b667ae8f218b1d850c,0x3333e56c3c6231399f45b81a371e0d47c5e69ebd,0xf4e147db314947fc1275a8cbb6cde48c510cd8cf,2026-08-14T23:33:09,privileged_execution_context,0x760d0f9d,false
25754195,0x8f89ff37c6e779431a404b12b4cc940e234e7c811e790c4bf4813d5aa9980146,0x00cbab9ad333c5e4d912703f4d8348f09759f75e,0x000000000000fb114709235f1ccbffb925f600e4,2026-08-14T23:33:09,dense_internal_fund_flow,0x5f3bd1c8,true
25754195,0xb58ce9fd43a7527477b5e7008eba85a86f44e386b7ee1a1467465358d39822d1,0x50bf934781f63028c5c8ef49c4affe19a86d99b6,0x8d04cc7e86e687854eb41d9d43512b655b93184b,2026-08-14T23:33:09,selfdestruct_context,0xd20b83bb,false
25754195,0xe9083d30139c480683610b76bdf9a87fe7c057982a1f78bbfef57e2e2f8a4b93,0x9fc3da866e7df3a1c57ade1a97c9f00a70f010c8,0xfeeeeee44046c3f61a8cc081e0918ef0de0a7ffc,2026-08-14T23:33:09,selfdestruct_context,0x6a7f352b,true
25754196,0x52e57cca55e89b20b047ae56640c7934ad080ff2a11f7748e102d91ac37b609d,0x7b49bc3ebbdf7322f31c6449320382bbec3be1b6,0xad3b67bca8935cb510c8d18bd45f0b94f54a968f,2026-08-14T23:33:21,dense_internal_fund_flow;complex_trace;high_gas_used_context;token_activity_burst;approval_burst,0x146ee74d,true
25754196,0x58391fec2e0f030b73b31600d3313165c67f62134762ee16c1a81ff911fec098,0xf9ad3a3f0a49d0b489211dc98960b2da016cc08a,0x9640c8dd3b96fc35e08ddeba4d04637ba096c426,2026-08-14T23:33:21,large_erc20_asset_flow;complex_trace,0x00000000,true
25754196,0x8936af9173f2a82258f35208823e6fc34eabb0c6e6e6d22e629bd4f05942f01d,0x4838b106fce9647bdf1e7877bf73ce8b0bad5f97,0xfeeeeee44046c3f61a8cc081e0918ef0de0a7ffc,2026-08-14T23:33:21,selfdestruct_context,0x6a7f3537,true
25754196,0xb9ed479bed9e27973c0d315c9de884368e6e0e94b80b6ac8defbdef0778f0a28,0x06f92c97089f247e88e1e8172d7be9d4e8be3be7,0x1cabf473d5ca898691b4644078afa5ffd007f945,2026-08-14T23:33:21,large_erc20_asset_flow;complex_trace,0x051380bd,true
25754196,0xed18e3794f7cc9290276bafba92391bf6ed792b5cbc3ba791275ecc906c6615b,0x7830c87c02e56aff27fa8ab1241711331fa86f43,0xa9d1e08c7793af67e9d92fe308d5697fb81d3e43,2026-08-14T23:33:21,dense_internal_fund_flow,0x1a1da075,true
25754196,0xb488d2d3ed4a9dd8ba025bba391bbf6accf84c6059fc3b46b80499730a3dc73f,0x2b3fed49557bd88f78b898684f82fbb355305dbb,0x09c30cdcdd971423cb3ba757a47d56c35d06d818,2026-08-14T23:33:22,dense_internal_fund_flow,0x318adb8b,true
25754196,0xce7e4f9e0bb41ff187010e07cba314395e0927dbf03ea2cccfed8b9e96fdb27d,0x4838b106fce9647bdf1e7877bf73ce8b0bad5f97,0xfeeeeee44046c3f61a8cc081e0918ef0de0a7ffc,2026-08-14T23:33:22,selfdestruct_context,0x6a7f3537,true
25754196,0xd59a06e2c6642a1184bd7fe86569e6062136ada42e86552837d4a136f50319df,0xe6382b9018a106767672e697a63d4e7a28da9c8a,0xab8b72ff85d48d5d981e33f78203a2b56e27f4c5,2026-08-14T23:33:22,dense_internal_fund_flow;complex_trace,0x5df4c239,true
25754196,0xfac1b687d967c9fc419b20066e2ad7c66812ac1dd7ec417ee6403390337bf3cf,0x0e0052a184fd59c6b7e1e99d739802ecb3aec0e4,0x0b8a49d816cc709b6eadb09498030ae3416b66dc,2026-08-14T23:33:22,complex_trace;approval_burst,0xf497df75,false
25754197,0x8c2ab37a40245a22526cbb3a32daadceaa1417a08f8dfa75fe2e2dd906a17c4e,0x4838b106fce9647bdf1e7877bf73ce8b0bad5f97,0xfeeeeee44046c3f61a8cc081e0918ef0de0a7ffc,2026-08-14T23:33:33,selfdestruct_context,0x6a7f3543,true
25754197,0xab66addde8284b20cf6e402169420cc8b5c3312424da24fddaf49a165c8becd3,0x09cfee647fa339133380191c8db6b44f24500c9d,0x77b85afbcd336993ac1c65057531c5a5b33b76b8,2026-08-14T23:33:33,repeated_internal_token_drain;dense_internal_fund_flow;complex_trace;high_gas_used_context;token_activity_burst;repeated_risky_internal_calls,0xa9059cbb,true
25754197,0xb3437d83b9f6d20616bfd64b3580d33aedd72609c90b858478a28d1f7fb94d8c,0xcf25fedb1a51edc27dba47c87c28be1c983168fb,0x4c21b7577c8fe8b0b0669165ee7c8f67fa1454cf,2026-08-14T23:33:33,large_erc20_asset_flow,0x1e9a6950,true
25754197,0xce6bdaddb9e25213c8f0411033abe5e6e6fd3adb01698bdff7f99a6430eabea2,0xf54cbf4b5a58c822d2f78de5808ccc138ca7b906,0x000000000000fb114709235f1ccbffb925f600e4,2026-08-14T23:33:33,dense_internal_fund_flow,0x5f3bd1c8,true
25754198,0x0d82cf733057fc03b0b35b4b52f63e92882addd2657c65097aba207722a66878,0xae2fc483527b8ef99eb5d9b44875f005ba1fae13,0x1f2f10d1c40777ae1da742455c65828ff36df387,2026-08-14T23:33:41,complex_trace;token_activity_burst,0x2b786368,false
25754198,0x273f9a05aa1e5b3e20ca542004f5a0e5333c41f2da8b9a938e91669c7cd2bec3,0x23b5a5218c9c83f2c7eeae8435dd5ad412d1ddb9,0xb0095dced6d81d341e798f92e1ea84968842bdf2,2026-08-14T23:33:43,large_erc20_asset_flow,0x3df8f62e,true
25754198,0x34300c2b182c933b93f843839312f47bd89b58c6b2a7f269d12d89579fe0734d,0x4337026d731283f9917fa3c9194d74809bfbec26,0x4337084d9e255ff0702461cf8895ce9e3b5ff108,2026-08-14T23:33:43,dense_internal_fund_flow;complex_trace,0x765e827f,true
25754198,0x38d51c348352346386559984a5df79794f16d94214d37fe8e303b2b9ade0552b,0x4838b106fce9647bdf1e7877bf73ce8b0bad5f97,0xfeeeeee44046c3f61a8cc081e0918ef0de0a7ffc,2026-08-14T23:33:43,selfdestruct_context,0x6a7f354f,true
25754198,0x7aa9e3d01451ecd996ec472a93f72b7796b196ed03e650b0d38fe788f9b676de,0xdd1e3d4efebadab1157b126626b9ddb1894db07c,0x451f4f1ac068461939fdbafa4297394ac5dbc516,2026-08-14T23:33:43,dense_internal_fund_flow,0xbd3e66aa,true
25754199,0x1afee8c8376219c157ad54ca991914e870cbec211827e6c4e09066a6309a456e,0x7b49bc3ebbdf7322f31c6449320382bbec3be1b6,0xad3b67bca8935cb510c8d18bd45f0b94f54a968f,2026-08-14T23:33:58,complex_trace;high_gas_used_context;token_activity_burst;approval_burst,0x146ee74d,false
25754199,0xc2de9628b0df4616950efbff3fbf732bcaeba379c9e1888beecbc2eef163fca8,0x4d87f10c268623436b88af4fc0b42735c1eded01,0x473f230124d9bf60fa0091cc1f310fbc68df72e3,2026-08-14T23:33:58,complex_trace;high_gas_used_context,0xf27176d9,false
25754199,0x3e4f271187018c9cd864202cf79189fb0e29a7b6d609d5b1e5e1cf596613b64e,0x4838b106fce9647bdf1e7877bf73ce8b0bad5f97,0xfeeeeee44046c3f61a8cc081e0918ef0de0a7ffc,2026-08-14T23:33:59,selfdestruct_context,0x6a7f355b,true
25754199,0x4bda79cb0866e93ff4755fee295e57c87f3b3deb443e7dd37a693d5213dc5263,0x5c8e47d95714c0dd48c7b0c91b0228ccd3dfbfbe,0xa0f1c3ad83e07d97b5e7030e177718be175275ea,2026-08-14T23:33:59,large_erc20_asset_flow;complex_trace,0x12aa3caf,true
25754199,0xd66d9bfd995d55a937999cc4631286d9ba072df197aaf568b265ebd7528533c7,0x06f92c97089f247e88e1e8172d7be9d4e8be3be7,0x1cabf473d5ca898691b4644078afa5ffd007f945,2026-08-14T23:33:59,large_erc20_asset_flow;complex_trace;high_gas_used_context,0x051380bd,true
25754199,0xead7edfc6b996c9aa5bcf4beb30a84336376adf07f4c94a053be5fb018ac68de,0x4838b106fce9647bdf1e7877bf73ce8b0bad5f97,0xfeeeeee44046c3f61a8cc081e0918ef0de0a7ffc,2026-08-14T23:33:59,selfdestruct_context,0x6a7f355b,true
25754200,0x01a9de8558d36c8a7b2f8ea853790593eaa31a61651e57b6576c3c9a089a910d,0x27c2a1733f14e1247c5feb1c37cd52ae7d0d2bf2,0x140022b7000081000001094700609300d2187dab,2026-08-14T23:34:12,complex_trace;high_gas_used_context;token_activity_burst,0xd005aff2,false
25754200,0x744d81645c24be13080a395f910b98202e2e8cd9b702bac7fe0150b85f9539f0,0xdadb0d80178819f2319190d340ce9a924f783711,0xfeeeeee44046c3f61a8cc081e0918ef0de0a7ffc,2026-08-14T23:34:12,selfdestruct_context,0x6a7f3567,true
25754201,0x3724a269f09bd096f00a523adf618c35ec3394e636fcdf2dee6dcbb4d9e546d0,0x7830c87c02e56aff27fa8ab1241711331fa86f43,0xa9d1e08c7793af67e9d92fe308d5697fb81d3e43,2026-08-14T23:34:24,dense_internal_fund_flow,0x1a1da075,true
25754201,0x393d5464c7e1120d233a3507c18fa56d3af7bd2f21d05633a53b47ea19afdf6d,0x22455611fab7768c7a33ee8ee9c54dda9b551530,0xb300000b72deaeb607a12d5f54773d1c19c7028d,2026-08-14T23:34:25,large_erc20_asset_flow;complex_trace,0x810c705b,true
25754201,0x6b0fb2fb805a4cb1efe6ade94693babc47991e0667dbf033d3021218d23c0bd5,0x331d9a049d496385998067abf6cbb6371c8d2466,0xccc88a9d1b4ed6b0eaba998850414b24f1c315be,2026-08-14T23:34:25,dense_internal_fund_flow;complex_trace;high_gas_used_context,0x0a2b8f36,true
25754201,0x8e16cd3566864391447a0a4901a0cf26a17e7ab55d4ff3325d9bb4a040ac72f4,0x4337038429b76948ee97eb2d8115513277c3abf5,0x0000000071727de22e5e9d8baf0edac6f37da032,2026-08-14T23:34:25,privileged_execution_context;complex_trace,0x765e827f,false
25754201,0x01ad89bb2c8e01c9ae27fe8067b7a1904d51e68e9e170308d16f0fab292c1ea9,0xee820192d9be0547a7bc55177757e8b28b95b682,0x888888888889758f76e7103c6cbf23abbf58f946,2026-08-14T23:34:27,complex_trace;high_gas_used_context,0xc81f847a,false
25754201,0x518da0c96ea295030fe2588938d0498144c89fc430ad73a605f634b565169124,0xdadb0d80178819f2319190d340ce9a924f783711,0xfeeeeee44046c3f61a8cc081e0918ef0de0a7ffc,2026-08-14T23:34:27,selfdestruct_context,0x6a7f3573,true
25754201,0xc17dabcfdba023ffd36cf8cc62c2fedf337702a9a76cc45e97a7b84c4b2fdfef,0x09cfee647fa339133380191c8db6b44f24500c9d,0x77b85afbcd336993ac1c65057531c5a5b33b76b8,2026-08-14T23:34:27,repeated_internal_token_drain;dense_internal_fund_flow;complex_trace;high_gas_used_context;token_activity_burst;repeated_risky_internal_calls,0xa9059cbb,true
25754202,0xeb5ac5ddda70ee2437dedff6a5826c0255a6e7cd28a87d5ca59a29cbf2467ebe,0xb44f8b1135a10e8da049740dd64bdf2c1820643a,0x008ebccae39d001200c3003c3225ce0a00690066,2026-08-14T23:34:33,privileged_execution_context,0x7e734c5a,false
25754202,0x2364e2e7c8307a36e50a6af54d66b377529549c599198e59f38d89bc73f97e0d,0xfb2c579c1d5f82c7b0f2a3479e5f9bc26bd22b62,0x1bc47a0dd0fdab96e9ef982fdf1f34dc6207cfe3,2026-08-14T23:34:34,large_erc20_asset_flow;complex_trace,0xb4dc8294,true
25754202,0x96af6297a5d9dbf582ec40b5cd2ba6f31360b697e0f6cecdcbfdf4337633ddb3,0xe487832018fbd594c84f1db3dfac61cde98a5f36,0x91ff8bbd8ebb07893010d50a48a1609e5ebd8e34,2026-08-14T23:34:34,complex_trace;high_gas_used_context,0x069d1525,false
25754202,0xe561e9d071b598d1a8115150334030821cbc54d2debb694be68f83e079ba07c3,0x1b1ea339ae1825ec995e29a40cb8ce497181db82,0xf4e147db314947fc1275a8cbb6cde48c510cd8cf,2026-08-14T23:34:34,privileged_execution_context,0x760d0f9d,false
25754202,0xf3ee1cf96359fa555c5ec3eac5e485f94c9b994fe888df983a246fdb7d28ab82,0x340fd3b164ce979b103684ee74dc66ca6d5782ba,0xa53638218aa1f6336feea1a7f65facf2866b90a8,2026-08-14T23:34:34,selfdestruct_context,0xf3fef3a3,false
25754203,0x1d004bd1891af9b9bb940ed18af7a87b0be7e326c1e37f6a4ce9d65dd3753dc3,0xe1ffc93b46ec22247092953010d4a262cdf90d8e,0x3d90f66b534dd8482b181e24655a9e8265316be9,2026-08-14T23:34:43,complex_trace;high_gas_used_context;token_activity_burst,0x47ee97ff,false
25754203,0x6b6d04068dae5d311e953af5e8f9eb17a95a1017e02e364a9fdcfa8277832657,0x70e59f9c304e4d5096bd408b571e2dcd99c3120b,0xad3b67bca8935cb510c8d18bd45f0b94f54a968f,2026-08-14T23:34:43,complex_trace;high_gas_used_context;token_activity_burst;approval_burst,0x146ee74d,false
25754203,0x77dfa869c52f99612fefccc04ed6680b3e5d23f881d551241f895a1861010296,0xee37b09d9e94b8eae583ccc1421fc0eb5766e64b,0x000000000000fb114709235f1ccbffb925f600e4,2026-08-14T23:34:43,dense_internal_fund_flow,0x5f3bd1c8,true
25754203,0x13869324d7249671cd8809f2c13a77052fb48074b7bda2e91068b7c23672c116,0x8ec85901f390dc55a848561ed1bbb062f64ebf78,0x6733aa6b2a622e43e8ff61945e8fbe5f1b6b00fd,2026-08-14T23:34:44,large_erc20_asset_flow;very_complex_trace;high_gas_used_context,0x31471443,true
25754203,0x1598438b223dc576c030b787ad4fd3e0b67a55691def6c8e2301196003beb275,0x4838b106fce9647bdf1e7877bf73ce8b0bad5f97,0xfeeeeee44046c3f61a8cc081e0918ef0de0a7ffc,2026-08-14T23:34:45,selfdestruct_context,0x6a7f358b,true
25754203,0x549e68d9a6d5c3382b3c23ca9cebd42ea46147f27a01f94224226947a7f4d41e,0x43370146366cfea21302962ae3a558d72bbcc487,0x0000000071727de22e5e9d8baf0edac6f37da032,2026-08-14T23:34:45,privileged_execution_context;complex_trace,0x765e827f,false
25754203,0xd7ba74e65517b2af065302e5756b42eed301292c644e1bc413406bed0f263ae1,0x43370351c9a297bf8377ca1e46576401a9ac4bba,0x0000000071727de22e5e9d8baf0edac6f37da032,2026-08-14T23:34:45,privileged_execution_context;complex_trace;high_gas_used_context,0x765e827f,false
25754203,0xffbaec404052ab05cde8f3dc909e7e75426eef6d22f9b037f3ff53ee18f0a947,0x50bf934781f63028c5c8ef49c4affe19a86d99b6,0x8d04cc7e86e687854eb41d9d43512b655b93184b,2026-08-14T23:34:45,complex_trace;selfdestruct_context,0x4a1bf18a,false
25754204,0xa27968893f9db47279d2a0a639269a5df426d6b7c89101a7b1d3758456eb0ffd,0x5c206ce81915bfe385d7cbe0282542f830f40f69,0xd90e2f925da726b50c4ed8d0fb90ad053324f31b,2026-08-14T23:34:56,dense_internal_fund_flow,0xb438689f,true
25754204,0x1320043eb17e61ec449553865b4dca2bddcde322b4be8ac487012593498dadcf,0x26ce7c1976c5eec83ea6ac22d83cb341b08850af,0x00000000003b3cc22af3ae1eac0440bcee416b40,2026-08-14T23:34:58,complex_trace;high_gas_used_context,0xd2925723,false
25754204,0xa24d3ce8d6fc506ce4e82a5c00e3d63fc17d24e620630c5da272fe4fe30eab09,0xeedba2484aaf940f37cd3cd21a5d7c4a7dafbfc0,0x86e4dc95c7fbdbf52e33d563bbdb00823894c287,2026-08-14T23:34:58,complex_trace;high_gas_used_context,0x4e43e495,false
25754204,0xb73c117bbc3f379faa7d6feeb730e34b4bf16869274358b98ba2b52f7ce11f9d,0x29909b9c97845d5eb998b4aa41664a46c5dc35c6,0x000000000000fb114709235f1ccbffb925f600e4,2026-08-14T23:34:58,dense_internal_fund_flow,0x5f3bd1c8,true
25754204,0xe594efd39ea442f515f789eaa0ada0283bf1f977a1394f76eef088d7cd6f4cc4,0x7b49bc3ebbdf7322f31c6449320382bbec3be1b6,0xad3b67bca8935cb510c8d18bd45f0b94f54a968f,2026-08-14T23:34:58,complex_trace;high_gas_used_context;token_activity_burst;approval_burst,0x146ee74d,false
25754204,0xe917dae3d889c866a7c7dd4d89e43691ba660696ce1fd3dfded7244c0b223be7,0x4838b106fce9647bdf1e7877bf73ce8b0bad5f97,0xfeeeeee44046c3f61a8cc081e0918ef0de0a7ffc,2026-08-14T23:34:58,selfdestruct_context,0x6a7f3597,true
25754205,0x19304209f97dab7f50adb8bbb380a3930123d5277b84665b866579eca38296e5,0xe487832018fbd594c84f1db3dfac61cde98a5f36,0x91ff8bbd8ebb07893010d50a48a1609e5ebd8e34,2026-08-14T23:35:06,complex_trace;high_gas_used_context,0x069d1525,false
25754205,0xfda87007d9bf9b723d4ba9b20c9a8b63d219128bd196c920af8c410739fb37b8,0x85c2e985a4fb5c3ff25ee27ee424abd851e4cb33,0xfeeeeee44046c3f61a8cc081e0918ef0de0a7ffc,2026-08-14T23:35:07,selfdestruct_context,0x6a7f35a3,true
25754206,0x0ef5d19b20458508b748e43451979f046dcf85aee2ddf0fb7ccf4302d8f4e097,0xc6acbee42e9e323140c1ed060c2f6ea9cc3b4b75,0x7c5a71c9fefbc7691f9d4ac7baf70c743792f716,2026-08-14T23:35:24,selfdestruct_context,0xf3fef3a3,false
25754206,0x3a0d590a5c6313a02b11be0aa74d31481fe203feb6e6493055bcb6302ce15814,0xfb05502b9cd8e54ddaa866c88b1a3bc6d6364ff0,0xcb0151ac9479a6a0261622baa63ae843c9793d45,2026-08-14T23:35:24,complex_trace;approval_burst,0x64cd187f,false
25754206,0x4ad7295d7d0048b20ec537abcf77a8f6f405456781f5aa60a5eb5bf0b2f45acc,0x50bf934781f63028c5c8ef49c4affe19a86d99b6,0x8d04cc7e86e687854eb41d9d43512b655b93184b,2026-08-14T23:35:24,selfdestruct_context,0xd20b83bb,false
25754206,0x4b55f6451a542dd24c0aef67826bde27522b461cbefa5e6fa688c3a6b1981a8d,0x6dbab684e44c32468d72fea9424d8e033d188a58,0x0000000000001ff3684f28c67538d4d072c22734,2026-08-14T23:35:24,dense_internal_fund_flow,0x2213bc0b,true
25754206,0xa66c0ca2cdfba15cfd138686825a2271ca053bc2ed2d059f7178315ba514075a,0x50bf934781f63028c5c8ef49c4affe19a86d99b6,0x8d04cc7e86e687854eb41d9d43512b655b93184b,2026-08-14T23:35:24,dense_internal_fund_flow;complex_trace;selfdestruct_context,0x4a1bf18a,true
25754206,0xd473dc423fbb05e9c314ba9b9ab30899ca9b8601d28ae0433f2d7e25b24486d1,0x7830c87c02e56aff27fa8ab1241711331fa86f43,0xa9d1e08c7793af67e9d92fe308d5697fb81d3e43,2026-08-14T23:35:24,dense_internal_fund_flow,0x1a1da075,true
25754206,0xf872ce52845c6a082198a68a91f7c3ec3e80ecd7dab6aa5b46692b3891c73409,0xe99bd1c2dd70cd58e5efd47887991700e7318ce2,0xad3b67bca8935cb510c8d18bd45f0b94f54a968f,2026-08-14T23:35:24,complex_trace;high_gas_used_context;token_activity_burst;approval_burst,0x146ee74d,false
25754206,0x1ae35f976b66471c07869a0609ef44d7071f286e5338cc3851b87e91c0bc0404,0xe28601398a5448d1147e6e8b0e0c6d686f0d216d,0x000000000000fb114709235f1ccbffb925f600e4,2026-08-14T23:35:25,dense_internal_fund_flow,0x5f3bd1c8,true
25754206,0x58d721ef74208afdc13bc96d83a9a5bb96777f33df1d04337335df9809a5e19b,0xe20446cccbfd5f9038e747f1dea8016ecbd94ae5,0x442be06bb5d13711a22ccd3fa382b72a874c5135,2026-08-14T23:35:25,privileged_execution_context,0xf7b5c341,false
25754206,0x59fb31d26d66d9dd4bfc4004416b6521817daba5010e012657b7fedeb636a644,0x9b757d8401a11c185ef9aadbe36fdb286d6a59ac,0x000000000000fb114709235f1ccbffb925f600e4,2026-08-14T23:35:25,dense_internal_fund_flow;complex_trace,0xac9650d8,true
25754206,0xbabcbaf47cdd2931cd28e30eeaf90fd8746e4bd861f8fa6340e76ea5061bf80f,0xd5e87f1f003f222188cc8c5aeefc8b285738b7e7,0xbc6dbe2c5f172bbb736aa58cfa9bfcb20c85ffe2,2026-08-14T23:35:25,complex_trace;high_gas_used_context;token_activity_burst,0x09c5eabe,false
25754206,0xccf2f113512bcc9a64eb89c91c9066209cdb082c05e15862a1603c8a0d36a3da,0x0000000000d2492efc939be52291b4e8e919fb47,0x0000000000be226afde21672a5e4adc45692e69d,2026-08-14T23:35:25,very_complex_trace;high_gas_used_context;token_activity_burst,0x00010000,false
25754206,0x337d94e0bcba00cc9e58a803b1c3e6c5f137bb5aa228a28d5289e14eebf5ac6d,0x7184d1a5a90c9a410bb7f597c12fc37a83d97dbc,0xf4e147db314947fc1275a8cbb6cde48c510cd8cf,2026-08-14T23:35:26,privileged_execution_context,0x760d0f9d,false
25754206,0x994a1565e2c9a86a9bc7a93fc7caf021d11746b72e8e34af77541b722ae1121a,0x09cfee647fa339133380191c8db6b44f24500c9d,0x77b85afbcd336993ac1c65057531c5a5b33b76b8,2026-08-14T23:35:26,repeated_internal_token_drain;dense_internal_fund_flow;complex_trace;high_gas_used_context;token_activity_burst;repeated_risky_internal_calls,0xa9059cbb,true
25754207,0x44b789180ce4145db39b0869617e3711d38986a7886c0fe52fd7126707534b4f,0xbe0b407782a7599380fa726db315340126d62229,0x4d2fb5f8ec243fde4df1a9678b82238570c7e0e4,2026-08-14T23:35:32,repeated_internal_token_drain;dense_internal_fund_flow;complex_trace;high_gas_used_context;token_activity_burst;repeated_risky_internal_calls,0x6a761202,true
25754207,0xd0e6cf0a459789f8da8c613f8bdf41692e54bf29c010fee5c4545ead22051e16,0x7b49bc3ebbdf7322f31c6449320382bbec3be1b6,0xad3b67bca8935cb510c8d18bd45f0b94f54a968f,2026-08-14T23:35:32,complex_trace;high_gas_used_context;token_activity_burst;approval_burst,0x146ee74d,false
25754207,0x90eede9367a2391059e1c2b527a8cdb717e7a394e1d38e2efa76dd0651e35580,0xe487832018fbd594c84f1db3dfac61cde98a5f36,0x91ff8bbd8ebb07893010d50a48a1609e5ebd8e34,2026-08-14T23:35:33,complex_trace;high_gas_used_context,0x069d1525,false
25754207,0xc79d5fd153de1c0ef12c68dda5041b1a67d6fc738dc615da9027473fd0ec8ee8,0xe9dc9fecdd9ece9d6510e1521ede1fd350a5b32a,0x0000002fc8e77585a008aa45d78a71ad36293aee,2026-08-14T23:35:33,privileged_execution_context;high_gas_used_context,0x72cf7bd8,false
25754207,0x6e7537412d484fb9db9fa32c5021d64a63d98d577ad95f0a347f7ede8e705a1a,0xdadb0d80178819f2319190d340ce9a924f783711,0xfeeeeee44046c3f61a8cc081e0918ef0de0a7ffc,2026-08-14T23:35:34,selfdestruct_context,0x6a7f35bb,true
25754207,0x87208a1a2732570c4f6c26b43ed5bf381f4f17de7330bac34d3c43d646479ca1,0x6d3be3f86fb1139d0c9668bd552f05fcb643e6e6,0xb8a451107a9f87fde481d4d686247d6e43ed715e,2026-08-14T23:35:34,large_erc20_asset_flow;very_complex_trace;high_gas_used_context;approval_burst,0xbaae8abf,true
25754207,0x88d553030314ae9dbb6a2fddfcc133ef853c1dbb5406bab9938aa7ce269360b7,0xe469ee44d92bb173b7edc576ebb09da55dbfe32e,0x0000000071727de22e5e9d8baf0edac6f37da032,2026-08-14T23:35:34,dense_internal_fund_flow;complex_trace,0x765e827f,true
25754207,0xf101256b64f4d2bd278b9f3f4bac8ab06962a34e752dd861620353781b9585a3,0x161643f280b09be8e0271eef8efc6c264d125003,0x6eb53247e1e278e4893bce9f3e060977bb000f64,2026-08-14T23:35:34,dense_internal_fund_flow;token_activity_burst,0xa9059cbb,true
25754208,0x402e167b2d2a2a2f03d1fb10a0b083e094b990c500ceacec6da8b38ae5c2b3bd,0x43c42f00e0607942f4d402aab4c585a8f0a90d4d,0xd03e67b06e581871ca22a52a4ae6eb8a4b0fe0c6,2026-08-14T23:36:16,complex_trace;high_gas_used_context;token_activity_burst,0x4f1ef286,true
25754208,0x20dfecc4a916ee5dddd982432857d9bdd33546e741b6bc9f7e2c6e8dad1cfb85,0x944f8646918b17011a91257a9ff3da31b845ffad,0xf4e147db314947fc1275a8cbb6cde48c510cd8cf,2026-08-14T23:36:19,privileged_execution_context,0x760d0f9d,false
25754209,0x5dfb1831743a7a3b44553c717d95ffbd9b41f6af32f97c3b454b8b51b14f489f,0x82ca14405906d2146a49571b1bf6537a53434ddf,0xadab9e413f1936b9ccf621e2ac90d0d0d9786ba4,2026-08-14T23:36:23,repeated_internal_token_drain;dense_internal_fund_flow;very_complex_trace;high_gas_used_context;token_activity_burst,0x601881f3,true
25754209,0x6504b9e9f9d448b58b82b91b3297530ba30f0543e61d5dc2daeac94f6accf264,0x70e59f9c304e4d5096bd408b571e2dcd99c3120b,0xad3b67bca8935cb510c8d18bd45f0b94f54a968f,2026-08-14T23:36:23,complex_trace;high_gas_used_context;token_activity_burst;approval_burst,0x146ee74d,false
25754209,0x26c042f6a800ff177505eafbca761730d78debdb4d5e13705134c127fb35e810,0x09a591f0e4fa0abac08f05bc0916c51ee34c1a1b,0x5cb16a393b9b43c590953b51058edab1bde0f5fa,2026-08-14T23:36:25,dense_internal_fund_flow,0x501d976c,true
25754210,0x4e63b51ebeab829d6d0a830814622fc9cf09a2a88cb5481c5af570aa5ba68e6f,0x8ec85901f390dc55a848561ed1bbb062f64ebf78,0xf75584ef6673ad213a685a1b58cc0330b8ea22cf,2026-08-14T23:36:31,large_erc20_asset_flow;complex_trace;high_gas_used_context;token_activity_burst;approval_burst,0xb94c3609,true
25754210,0xa17dde399c57e56b4af3c27f40699f3e0a1a5767a109c2c729f8950c8155c02e,0x91f3b02b9ebf98047d367601006fcc7eded8eb3f,0x0000000000001ff3684f28c67538d4d072c22734,2026-08-14T23:36:31,dense_internal_fund_flow;complex_trace,0x2213bc0b,true
25754210,0xb6b76f772ce27195f7db0ac7929688f8cf4d4984afdac3b423010d590b417aad,0xe9dc9fecdd9ece9d6510e1521ede1fd350a5b32a,0x0000002fc8e77585a008aa45d78a71ad36293aee,2026-08-14T23:36:32,privileged_execution_context;high_gas_used_context,0x6a648dc6,false
25754210,0xbb628f123859024588985f329efb98ff57142e52548f4af1c17f5b6803789d45,0x80d04079ffc53eb14edbeeb37279d126f45552df,0x306ca76f8f482b0cc843c788078fbfe78b7d6855,2026-08-14T23:36:32,repeated_internal_token_drain;dense_internal_fund_flow;complex_trace;token_activity_burst;repeated_risky_internal_calls,0x8aaa8f3b,true
25754211,0x25b911ebb03316e4a4703f87b3a0768a112522b6ac335f30d99199abcf4d4af0,0x5b43453fce04b92e190f391a83136bfbecedefd1,0xbdb3ba9ffe392549e1f8658dd2630c141fdf47b6,2026-08-14T23:36:37,dense_internal_fund_flow;complex_trace;high_gas_used_context;token_activity_burst,0x000000c3,true
25754211,0x581fea85d5e47fa342c1aaa53d035cbb68ce7c27300855a2e0b706742d0ba3cd,0x4838b106fce9647bdf1e7877bf73ce8b0bad5f97,0xfeeeeee44046c3f61a8cc081e0918ef0de0a7ffc,2026-08-14T23:36:37,selfdestruct_context,0x6a7f35eb,true
25754211,0xc77c85e22fce683b696ac44ec94639208c55f7590b9d3b6c17e52ee5010e3b6b,0x06f92c97089f247e88e1e8172d7be9d4e8be3be7,0x1cabf473d5ca898691b4644078afa5ffd007f945,2026-08-14T23:36:37,large_erc20_asset_flow;complex_trace,0x051380bd,true
25754211,0xefff88b08205439fa4d2179e416b3841e5d37e3e2768753012e399658f771ba6,0x5c8e47d95714c0dd48c7b0c91b0228ccd3dfbfbe,0xa0f1c3ad83e07d97b5e7030e177718be175275ea,2026-08-14T23:36:37,large_erc20_asset_flow;complex_trace,0x12aa3caf,true
25754211,0x35d9222e19ea0dcf70087cac2b73cad232658daa7efd983f810631f74e92d8ea,0x849fc842959fac39d976e8ada7734654eb97bd09,0xa2a1bf5a83f9daec2dc364e1c561e937163cb613,2026-08-14T23:36:39,privileged_execution_context,0xae666ab6,false
25754211,0x396801a32eb9613d107aaa2bf1bc70ea7b23c9362cb6a14964cde548354f05ea,0x6bcfdb234694e9a8488d88df97110b1db9f58e08,0x7c24805454f7972d36bee9d139bd93423aa29f3f,2026-08-14T23:36:39,privileged_execution_context,0xd83c1138,false
25754211,0x97a287d3326e15d9b1283c0de4783d1a80f464bf7389174b9d7ce075349cce91,0x4838b106fce9647bdf1e7877bf73ce8b0bad5f97,0xfeeeeee44046c3f61a8cc081e0918ef0de0a7ffc,2026-08-14T23:36:39,selfdestruct_context,0x6a7f35eb,true
25754211,0xdd9e7a1f9a90b0cd169e42df014b6d2549a003abc400582877792ef9cb38a453,0xfc9928f6590d853752824b0b403a6ae36785e535,0xe2536231fc1512babc8c856ad7499830a936bdd9,2026-08-14T23:36:39,complex_trace;high_gas_used_context;token_activity_burst,0x03fb13d5,false
25754212,0x57b297dbd220a725948d49beb828ae4bcaf631ec76f28d324e04aa969f0f6c5f,0x06f92c97089f247e88e1e8172d7be9d4e8be3be7,0x1cabf473d5ca898691b4644078afa5ffd007f945,2026-08-14T23:36:44,large_erc20_asset_flow;complex_trace;high_gas_used_context,0x051380bd,true
25754212,0x887ed42a8914fb170c20a5cf9a97f0a3ad2f40f8c5c1b53e9a5a29d66efb26c2,0x5c8e47d95714c0dd48c7b0c91b0228ccd3dfbfbe,0xa0f1c3ad83e07d97b5e7030e177718be175275ea,2026-08-14T23:36:44,large_erc20_asset_flow;complex_trace,0x12aa3caf,true
25754212,0x0d81b8b70c345776613cbd4b5a02232c40f9d2cb38be275ef5dd41b55924c05e,0x5aca530c36b8f4605786c485796e80a66ef42830,0x4b47d7291664beb43e03588e2698e10ba2cd21b3,2026-08-14T23:36:46,large_erc20_asset_flow;complex_trace;high_gas_used_context;token_activity_burst;approval_burst,0x9eb723c7,true
25754212,0x31918a2c5295c07efb86e7509a128aaccdcdd558613c55a4bfbb3aee7784c465,0xe5af6d079d32b52de6a79d6b27d679c4fedfb1cb,0x28b1dc1a5e3699a428bc51d234dfab7c9cb2a183,2026-08-14T23:36:46,dense_internal_fund_flow,0x0c307f76,true
25754212,0x4255d1f9ec518014850aca2aac8bc9c33928cf54605296f3191a8ba064edfd44,0xe99bd1c2dd70cd58e5efd47887991700e7318ce2,0xad3b67bca8935cb510c8d18bd45f0b94f54a968f,2026-08-14T23:36:46,complex_trace;high_gas_used_context;token_activity_burst;approval_burst,0x146ee74d,false
25754212,0xc53a965436b6b2c65045e74f20e864585d5cb8e2a655bca22fcd0e09bb97e30c,0x6a73204db71f8e054bf9a0680b02ae96f700b595,0x6131b5fae19ea4f9d964eac0408e4408b66337b5,2026-08-14T23:36:46,large_erc20_asset_flow;complex_trace;high_gas_used_context;token_activity_burst,0xe21fd0e9,true
25754212,0xfc9dbd31c3c2a97bcf05502dc676a5ef8517411eea3fccdc5d46e68a5173552c,0x227953382f58151d9836ff6e8b384116d278e742,0xb92fe925dc43a0ecde6c8b1a2709c170ec4fff4f,2026-08-14T23:36:46,dense_internal_fund_flow,0xcd6e13f7,true
25754213,0x351502e06824a10a40cb932a462501ac98a47ceeb28bcab9c871feeec59025b4,0x4838b106fce9647bdf1e7877bf73ce8b0bad5f97,0xfeeeeee44046c3f61a8cc081e0918ef0de0a7ffc,2026-08-14T23:36:51,selfdestruct_context,0x6a7f3603,true
25754213,0x5692b21012826430169d1d9dcbe73be2b52529987907ac06885874f561da416a,0x2b3fed49557bd88f78b898684f82fbb355305dbb,0x09c30cdcdd971423cb3ba757a47d56c35d06d818,2026-08-14T23:36:51,dense_internal_fund_flow,0x318adb8b,true
25754214,0xc31c4ebe546cbe31a1af6a5d852377f659e14701d8d4f30a81f6f3aec4a6036c,0xafac871e8e79b7bb949f44790108bdad9d67d50a,0x881d40237659c251811cec9c364ef91dc08d300c,2026-08-14T23:36:58,dense_internal_fund_flow;complex_trace;high_gas_used_context,0x5f575529,true
25754214,0x1c7c6fa7dd3f9242ea1614966bc1cf9bff21a01695c18ce86afb7d27c2f13670,0xe99bd1c2dd70cd58e5efd47887991700e7318ce2,0xad3b67bca8935cb510c8d18bd45f0b94f54a968f,2026-08-14T23:36:59,complex_trace;high_gas_used_context;token_activity_burst;approval_burst,0x146ee74d,false
25754214,0xed69527c9688600a8ea7a8894bffbe89875095a0aaaec54964f9f74cbc6f56e9,0xada5bb90d0de0bd1b6f3938708f49295a8d1f7cb,0xccc88a9d1b4ed6b0eaba998850414b24f1c315be,2026-08-14T23:36:59,dense_internal_fund_flow;complex_trace,0x0a2b8f36,true
25754215,0x5696f81d607eccdaf0f3362fadfdd3ab5d4d96facc5b8a9621d6859d28f68014,0x4337012eaf1f862b8dbdc6b62a01782ae01ef038,0x0000000071727de22e5e9d8baf0edac6f37da032,2026-08-14T23:37:10,privileged_execution_context;complex_trace,0x765e827f,false
25754215,0x9cd79937fe8e3e53da43755d14a5448d84f1c3eeccb1283ae44069d87b84750a,0xe01a97fc4607a388a41626d5e039fdecbfc6acd9,0xb276f62db0ce8ca2ca5bc522695be604521eac1c,2026-08-14T23:37:10,dense_internal_fund_flow;high_gas_used_context,0xb840cf36,true
25754215,0x75ecac3d53ebc3acd6a8fcb9125fd3290b53bcc88cc86a3cc1e9014e1d065237,0x5609bb231ec547c727d65eb6811ccd0c731339de,0xf4e147db314947fc1275a8cbb6cde48c510cd8cf,2026-08-14T23:37:11,privileged_execution_context,0x760d0f9d,false
25754215,0x9ea7c4b052fd5bb3d01f2cf45c683da6ff8b9d7e551be135b93707ab01300837,0xdadb0d80178819f2319190d340ce9a924f783711,0xfeeeeee44046c3f61a8cc081e0918ef0de0a7ffc,2026-08-14T23:37:11,selfdestruct_context,0x6a7f361b,true
25754216,0x0d3ff9f64378d8c9d1cbd612390b4fa279a70261753f11da9faed3eb89474540,0xfdff0b569f14af593d446e51b3e42f502124ac85,0x6131b5fae19ea4f9d964eac0408e4408b66337b5,2026-08-14T23:37:19,complex_trace;high_gas_used_context,0xe21fd0e9,true
25754216,0x4ff19d9cb561566a90a0fde09a5912de062625e246dc0c52501a2c0edecfda0e,0x7830c87c02e56aff27fa8ab1241711331fa86f43,0xa9d1e08c7793af67e9d92fe308d5697fb81d3e43,2026-08-14T23:37:19,dense_internal_fund_flow,0x1a1da075,true
25754216,0x612804d132043fdc7ed8be4d88e62ab8775eb84946b8f91cc6bafd9a18c35ad2,0x7830c87c02e56aff27fa8ab1241711331fa86f43,0xa9d1e08c7793af67e9d92fe308d5697fb81d3e43,2026-08-14T23:37:19,large_erc20_asset_flow;token_activity_burst,0xca350aa6,true
25754217,0x3b085cf5ccfadecc6885b0923881d964c6e0ace05fb3aa29359719a4aab56ec6,0x5343b904bf837befb2f5a256b0cd5fbf30503d38,0x367c1eaf14aa06b78ce76bd0243297de79d85270,2026-08-14T23:37:36,very_complex_trace;high_gas_used_context,0xb8cdbd27,false
25754217,0x5e4ce113a23c414ef6720e3736c6c34c7ac5a213e71c3ac8219946335f1ea0ff,0x4838b106fce9647bdf1e7877bf73ce8b0bad5f97,0xfeeeeee44046c3f61a8cc081e0918ef0de0a7ffc,2026-08-14T23:37:36,selfdestruct_context,0x6a7f3633,true
25754217,0xb4c9f7a8579bfd999f475e1134e995435da60649a6429843e34396d2d23c6448,0x06f92c97089f247e88e1e8172d7be9d4e8be3be7,0x1cabf473d5ca898691b4644078afa5ffd007f945,2026-08-14T23:37:36,large_erc20_asset_flow;complex_trace;high_gas_used_context,0x051380bd,true
25754217,0xdb29c938df7beeefd2c9ff1bf209d2f0e851be4922341ae1f3c0b59d1b4e1938,0x6e2c8549ecc8615f14351889066a4ef196a688cd,0xa0f1c3ad83e07d97b5e7030e177718be175275ea,2026-08-14T23:37:36,large_erc20_asset_flow;complex_trace,0x12aa3caf,true
25754217,0x5ed30a3d4ab1c77587898dffbb2a5c696c54573b7209da0cd783dd3bda82fa51,0xe99bd1c2dd70cd58e5efd47887991700e7318ce2,0xad3b67bca8935cb510c8d18bd45f0b94f54a968f,2026-08-14T23:37:37,complex_trace;high_gas_used_context;token_activity_burst;approval_burst,0x146ee74d,false
25754217,0xabb95e71315796a9630f274a6d83daeb3b561cc3ce2ff415411e3b40cd982b37,0xe487832018fbd594c84f1db3dfac61cde98a5f36,0x91ff8bbd8ebb07893010d50a48a1609e5ebd8e34,2026-08-14T23:37:37,complex_trace;high_gas_used_context,0x069d1525,false
25754217,0xdf2fcc69e772a7071cb07b00fc41f52a7928241e4c9b06a60f8c65bd187b9103,0xe9dc9fecdd9ece9d6510e1521ede1fd350a5b32a,0x0000002fc8e77585a008aa45d78a71ad36293aee,2026-08-14T23:37:37,privileged_execution_context;high_gas_used_context,0x6a648dc6,false
25754217,0x55d82355eadd4b641e27857070bfcdad7a00d0ae0474adfdd69d45e4f6384310,0x4838b106fce9647bdf1e7877bf73ce8b0bad5f97,0xfeeeeee44046c3f61a8cc081e0918ef0de0a7ffc,2026-08-14T23:37:39,selfdestruct_context,0x6a7f3633,true
25754217,0xcc39e476a34eb75e14c91321a4fe9138a05b3a1914d5cbff84084cc159397e19,0x44970d9f751f1249f8c58af8dd88332deaac108a,0x337685fdab40d39bd02028545a4ffa7d287cc3e2,2026-08-14T23:37:39,dense_internal_fund_flow;complex_trace;token_activity_burst,0xfa74fd43,true
25754218,0x14c40abe30466ea8d1b6e0fb85bdc0ce24ea460cc1aa443eee8195497757cb36,0xe2da046340e00264c4f0443243a0565007ae08ac,0xe85bc6df4bce507fc789bcbefd6471abe5b93df2,2026-08-14T23:37:44,complex_trace;high_gas_used_context,0x380db829,false
25754218,0x3a83443ea51e3b049aa91e5ed1cf39dc1dfd3733a58ae2a3112ac0a6c3d8d86e,0xe2da046340e00264c4f0443243a0565007ae08ac,0xa6d85f3b3be6ff6dc52c3aabe9a35d0ce252b79f,2026-08-14T23:37:44,complex_trace;high_gas_used_context,0x380db829,false
25754218,0x4010edff8d4bd5ccb88de38d01b693acccf76883d0ee444475ff465566f6d6f5,0x70e59f9c304e4d5096bd408b571e2dcd99c3120b,0xad3b67bca8935cb510c8d18bd45f0b94f54a968f,2026-08-14T23:37:44,complex_trace;high_gas_used_context;token_activity_burst;approval_burst,0x146ee74d,false
25754218,0x69ab0f12120bee23602c8e7882918d60f383d1674d5cfa370fef5703faffe94c,0xe2da046340e00264c4f0443243a0565007ae08ac,0x39b7f514c199e4beb1739576a2dbd4de7414981b,2026-08-14T23:37:44,complex_trace;high_gas_used_context,0x380db829,false
25754218,0xa154dbc66aab9e28a282fe2e8d8d166fa6b9d21ecae994880e87eb172a851de2,0x60ffe2cd891bf9b590b2551cb36850450c330ed3,0x4867dc4e325c3ff0f676a6316d69180f15bcd463,2026-08-14T23:37:44,complex_trace;high_gas_used_context,0x8b235713,false
25754218,0xd917ab09d6ed8b31787affeeb386b81c6be2f2a6a06829d16043c32619288fc4,0xe487832018fbd594c84f1db3dfac61cde98a5f36,0x91ff8bbd8ebb07893010d50a48a1609e5ebd8e34,2026-08-14T23:37:44,complex_trace;high_gas_used_context,0x069d1525,false
25754218,0xde7918221d78984c97877fc5f732241f0d58c76365a5e6fada50d8b960e64d6d,0xde992badd92adaf9146255e9bde6a70770973664,0x3d0f22bf11636cc9cb129e2b261eed35a487455c,2026-08-14T23:37:44,complex_trace;high_gas_used_context,0xa9059cbb,false
25754218,0xf9e3e33d074e3ed0c0b772e42dd861c32209610868b930b82f1df90d9f0cd230,0xde992badd92adaf9146255e9bde6a70770973664,0x3d0f22bf11636cc9cb129e2b261eed35a487455c,2026-08-14T23:37:44,complex_trace;high_gas_used_context,0xa9059cbb,false
25754218,0x7303860d645a36e9762347391f6f90459c56a1382e0d5c2c81dfbfe1c3ede877,0x59cadf9199248b50d40a6891c9e329ea13a88d31,0xfeeeeee44046c3f61a8cc081e0918ef0de0a7ffc,2026-08-14T23:37:45,selfdestruct_context,0x6a7f363f,true
25754219,0x29f380a3a8ccbec7c88d916a44d7a55f88203d4da0ff9c6cb640226d368fbe53,0xde992badd92adaf9146255e9bde6a70770973664,0x3d0f22bf11636cc9cb129e2b261eed35a487455c,2026-08-14T23:37:57,complex_trace;high_gas_used_context,0xa9059cbb,false
25754219,0xb0e69f68b22b631722bfbbeeef8a91be6bffdb3deb696a77ebe03ddd74151d8d,0xde992badd92adaf9146255e9bde6a70770973664,0x3d0f22bf11636cc9cb129e2b261eed35a487455c,2026-08-14T23:37:57,complex_trace;high_gas_used_context,0xa9059cbb,false
25754220,0x3933391b7772ab01351200e6da3ec70cd230c04a1d7da09e7d99c8902728bbfd,0x5b43453fce04b92e190f391a83136bfbecedefd1,0xbdb3ba9ffe392549e1f8658dd2630c141fdf47b6,2026-08-14T23:38:23,complex_trace;high_gas_used_context;token_activity_burst,0x000000c3,false
25754220,0x4214a50fa5ebdf04cc28c36cdc74eb91bda9e4474e21bf64010a8c3f305a3e56,0xa5a5491bca93dd4c076e4906e79e7673f4a5a142,0xccc88a9d1b4ed6b0eaba998850414b24f1c315be,2026-08-14T23:38:23,dense_internal_fund_flow;complex_trace;high_gas_used_context;token_activity_burst,0x0a2b8f36,true
25754220,0x4369c8185fcfc8cf278cecbf1a4bae1bee42fbca842b7a1bac3b3491d1a634d0,0x880e7a637300236f028a289b6e942a829ffefeaf,0x5ff137d4b0fdcd49dca30c7cf57e578a026d2789,2026-08-14T23:38:23,complex_trace;high_gas_used_context,0x1fad948c,false
25754220,0x458004422ab4e38e0b5ad1f4c5da853badc883ecb905828aed35e79fe2438d25,0x7b49bc3ebbdf7322f31c6449320382bbec3be1b6,0xad3b67bca8935cb510c8d18bd45f0b94f54a968f,2026-08-14T23:38:23,complex_trace;token_activity_burst;approval_burst,0x146ee74d,false
25754220,0x00b3661c4270d638cb9a7dd1e524dec28173c6b78db8f4152f3842d01422e94c,0x4838b106fce9647bdf1e7877bf73ce8b0bad5f97,0xfeeeeee44046c3f61a8cc081e0918ef0de0a7ffc,2026-08-14T23:38:25,selfdestruct_context,0x6a7f3657,true
25754220,0x688cba440e2ae4e468d512415aaabc666eff09b8cf38ff7a63e163e0f25a45f9,0x4898415dcb64f88cdbda91da7926d9c489103554,0x5cc9400ffb4da168cf271e912f589462c3a00d1f,2026-08-14T23:38:25,complex_trace;high_gas_used_context;token_activity_burst,0xf41b2db6,true
25754220,0xb378722d255810718186d0e8397be3d862a04559faa42d9571101c18230e925e,0x1584a8ee67789d1fe161065388657ad2f2a3c7dd,0x77eb52e44db06777bce478159f25c0d55a295314,2026-08-14T23:38:25,repeated_internal_token_drain;dense_internal_fund_flow;complex_trace;high_gas_used_context;token_activity_burst;repeated_risky_internal_calls,0xa9059cbb,true
25754220,0xd090bff1277a40aeb9fab69a327ae67dacbfc87fd8c182a649e50b3b336b7a74,0x9fc3da866e7df3a1c57ade1a97c9f00a70f010c8,0xfeeeeee44046c3f61a8cc081e0918ef0de0a7ffc,2026-08-14T23:38:25,selfdestruct_context,0x6a7f3657,true
25754221,0x0fc5d32de5cf7e20b1dbd947a87a8d199fc85698941e222e429be9429a1ffe96,0xe1ffc93b46ec22247092953010d4a262cdf90d8e,0x3d90f66b534dd8482b181e24655a9e8265316be9,2026-08-14T23:38:30,complex_trace;high_gas_used_context;token_activity_burst;approval_burst,0x47ee97ff,false
25754221,0x73397c648e1c68691c750cc3c8ea145bc419f3ea6b18b0f440758055e0216409,0x4838b106fce9647bdf1e7877bf73ce8b0bad5f97,0xfeeeeee44046c3f61a8cc081e0918ef0de0a7ffc,2026-08-14T23:38:30,selfdestruct_context,0x6a7f3663,true
25754221,0xc4a3505a2fb0c75c05278dee0f93e5fb1e6a7084d545b2cab2ff261af2144920,0x754dcfb2861547015b221e963b4133a71dbdc024,0x3e07be15370d8b12d80a159a7ef14b9e51869497,2026-08-14T23:38:30,complex_trace;high_gas_used_context;token_activity_burst,0x21af54c6,false
25754221,0xd7cb1a3bad57c75866567274d3bdb7447c49effae145d211f5d862c96726ba57,0x7830c87c02e56aff27fa8ab1241711331fa86f43,0xa9d1e08c7793af67e9d92fe308d5697fb81d3e43,2026-08-14T23:38:30,dense_internal_fund_flow,0x1a1da075,true
25754221,0xf0c022ae45c1d81fba1fa4c09016d8b6e47223a63dccbc902348276ebd65cdab,0x251c5e62bef5e2f996ce6f851cc2024e37e884b8,0x000000000000fb114709235f1ccbffb925f600e4,2026-08-14T23:38:30,dense_internal_fund_flow,0x5f3bd1c8,true
25754221,0x0cf739b0c28488ad3f0ca50e18c026bdeae206cdaa15f3aa2550eed2e59b117b,0x4838b106fce9647bdf1e7877bf73ce8b0bad5f97,0xfeeeeee44046c3f61a8cc081e0918ef0de0a7ffc,2026-08-14T23:38:31,selfdestruct_context,0x6a7f3663,true
25754221,0x27b360bd0f3507c9804f56ee02aa98b91f393bc3897794f9220aaafa3b4f9b3f,0xbdeb408391750c755cebc5bd89ce2f5b577d1d49,0xbca3039a18c0d2f2f84ba8a028c67290bc045afa,2026-08-14T23:38:31,dense_internal_fund_flow,0x2090d831,true
25754221,0x77be4a6e83b3713f59b46b6825139a8ee2a27984db7c2792967bd87f90b818ec,0x1eda738c90fb3f80067a2e420a1e2f81b75ecaf5,0xa6d85f3b3be6ff6dc52c3aabe9a35d0ce252b79f,2026-08-14T23:38:31,complex_trace;high_gas_used_context,0x380db829,false
25754221,0x8a419224e5e09f8a71f4bd321e2ebcac8c2941f224396d8e13d0fef50050977b,0xe469ee44d92bb173b7edc576ebb09da55dbfe32e,0x0000000071727de22e5e9d8baf0edac6f37da032,2026-08-14T23:38:31,dense_internal_fund_flow;complex_trace,0x765e827f,true
25754221,0xdc02f51625888c915294a4963882a38a7991536016837504bec8f5cc81818ebc,0xd6434d157f254276d69ede3bd9fc805482206908,0x7ec8a30a34b86927dc77b302603d1d53e640bef7,2026-08-14T23:38:31,repeated_internal_token_drain;dense_internal_fund_flow;complex_trace;high_gas_used_context;token_activity_burst;repeated_risky_internal_calls,0xa9059cbb,true
25754222,0x85fb367c31b6fa2746e83002a8d138a6d034722c9d2ff32423c52b1508198c81,0xefa704bbc01ad0f6d7671ae1c3e019deaee436a8,0x28b1dc1a5e3699a428bc51d234dfab7c9cb2a183,2026-08-14T23:38:38,complex_trace;high_gas_used_context;token_activity_burst,0x0c307f76,false
25754222,0xbbd3d84379708515d1c283ec6936c0f93dca77869f170e17ed894cf2a57487a1,0x59aab1bd0d26290274398c07b55955c15425e16b,0x00fe78205f5f0e63b8ad2b2ae5337f538a610e04,2026-08-14T23:38:38,complex_trace;high_gas_used_context,0x34fcd5be,false
25754222,0xd6751538f35eff38caa44c17a9737789e76c3039323744c69374d80459d6bff2,0x2d0e59ab7690130f28742b796857ce516655d0cc,0xcb0151ac9479a6a0261622baa63ae843c9793d45,2026-08-14T23:38:38,complex_trace;high_gas_used_context;token_activity_burst;approval_burst,0x64cd187f,false
25754222,0x84c63232a2399d577e1a1e3ce61fb08ca413f2bdd41587aec220ff04003a3846,0xdadb0d80178819f2319190d340ce9a924f783711,0xfeeeeee44046c3f61a8cc081e0918ef0de0a7ffc,2026-08-14T23:38:39,selfdestruct_context,0x6a7f366f,true
25754222,0x8da0013ea5f818f74fe2139b19f2826de86e57f7362ee1a8b033686f3f6903ac,0xdadb0d80178819f2319190d340ce9a924f783711,0xfeeeeee44046c3f61a8cc081e0918ef0de0a7ffc,2026-08-14T23:38:39,selfdestruct_context,0x6a7f366f,true
25754222,0xb4d3244af03271ef9ed3973d9af64f6a66df19624abbe5780fe977ae9d1cca63,0xdadb0d80178819f2319190d340ce9a924f783711,0xfeeeeee44046c3f61a8cc081e0918ef0de0a7ffc,2026-08-14T23:38:39,selfdestruct_context,0x6a7f366f,true
25754223,0x312de4141e810dcac1471b8f32b6d6757be96a918cb9aee2225ca3708d85b228,0xc6acbee42e9e323140c1ed060c2f6ea9cc3b4b75,0x7c5a71c9fefbc7691f9d4ac7baf70c743792f716,2026-08-14T23:38:55,selfdestruct_context,0xf3fef3a3,false
25754223,0xdd1616638112d6d061db5b581ef386c61763169093e4a7fd015f27c49ea8c911,0x0b2d1965fd4d2250d03a277bce935e0d7f0e282e,0x000000000000fb114709235f1ccbffb925f600e4,2026-08-14T23:38:55,dense_internal_fund_flow,0x5f3bd1c8,true
25754223,0xe9f7a768bd7b3f5998c06cc7d4074631995f2a60bc1b07fc91be611945e6c1b0,0x5c206ce81915bfe385d7cbe0282542f830f40f69,0xd90e2f925da726b50c4ed8d0fb90ad053324f31b,2026-08-14T23:38:55,dense_internal_fund_flow,0xb438689f,true
25754223,0x62a78beb9b3ef76ee74caf3ac53dc9384574b0baa4b39e62b4662f34974e9274,0xdadb0d80178819f2319190d340ce9a924f783711,0xfeeeeee44046c3f61a8cc081e0918ef0de0a7ffc,2026-08-14T23:38:56,selfdestruct_context,0x6a7f367b,true
25754223,0x6896793ec604bb18077f051273cba33b020afd896983cbb8680c3a077046fbcc,0x80d04079ffc53eb14edbeeb37279d126f45552df,0x306ca76f8f482b0cc843c788078fbfe78b7d6855,2026-08-14T23:38:56,repeated_internal_token_drain;dense_internal_fund_flow;complex_trace;token_activity_burst;repeated_risky_internal_calls,0x8aaa8f3b,true
25754223,0xa741840aa15b46eb5cdd4f8312623282eec7f069e7e8ddd9eac22c112ed37815,0x59aab1bd0d26290274398c07b55955c15425e16b,0x00fe78205f5f0e63b8ad2b2ae5337f538a610e04,2026-08-14T23:38:56,complex_trace;high_gas_used_context,0x34fcd5be,false
25754223,0xa9e236e2ffaf24d35d6200a4b879af554b9a8e11d970229ca9f3780da7e395d3,0xdadb0d80178819f2319190d340ce9a924f783711,0xfeeeeee44046c3f61a8cc081e0918ef0de0a7ffc,2026-08-14T23:38:56,selfdestruct_context,0x6a7f367b,true
25754223,0xb0d39f20e58a7ae6f4ef1520587b08d763d36f8bd6233f01be178263d65d027a,0xdadb0d80178819f2319190d340ce9a924f783711,0xfeeeeee44046c3f61a8cc081e0918ef0de0a7ffc,2026-08-14T23:38:56,selfdestruct_context,0x6a7f367b,true
25754223,0xee65ece06f2b4876d72bd8b03417a513a2ee35778b2ef15498f61ebea1394256,0xe487832018fbd594c84f1db3dfac61cde98a5f36,0x91ff8bbd8ebb07893010d50a48a1609e5ebd8e34,2026-08-14T23:38:56,complex_trace;high_gas_used_context,0x069d1525,false
25754224,0x9f14701a6cac9d0af38d2f0f7202a514cdf90ae2a5597364206ccf6a04b155db,0xdd2d158a5083ef7d32f059c312eebb788867ad24,0xcb0151ac9479a6a0261622baa63ae843c9793d45,2026-08-14T23:38:59,complex_trace;approval_burst,0x64cd187f,false
25754224,0x194cbfa4daf473f8c3559771400f3151690b4e81e992034b650c0cf76ec37d98,0xc98ba84ac58857bb6ac03a7e6bcce6a7522f8dac,0x72435289676a361f4d8dfabda228aa9c479d10ad,2026-08-14T23:39:00,complex_trace;high_gas_used_context,0x30e99a30,false
25754224,0x53a951f293851ece38ba6830769ba20c894234a8d5b6332c7efce05e00ba4a24,0x4838b106fce9647bdf1e7877bf73ce8b0bad5f97,0xfeeeeee44046c3f61a8cc081e0918ef0de0a7ffc,2026-08-14T23:39:00,selfdestruct_context,0x6a7f3687,true
25754224,0x5c126f45624a6a7be908cb5f6b56962cd9cc065a91923f9308cc06fe5b9f9394,0x5b938ec9b920b6c1ab351f65581f17dd2090f579,0xb276f62db0ce8ca2ca5bc522695be604521eac1c,2026-08-14T23:39:00,dense_internal_fund_flow;high_gas_used_context,0xb840cf36,true
25754224,0x8e4f392ef4f37cf55286ea7105bacf1d24df7e92f4bf9128b4b1692fb654cf81,0xf54cbf4b5a58c822d2f78de5808ccc138ca7b906,0x000000000000fb114709235f1ccbffb925f600e4,2026-08-14T23:39:00,dense_internal_fund_flow,0x5f3bd1c8,true
25754224,0x908ac1b26c62ed865b666f6d9b1bbb89609ca73492c5e0e053611bbce244714d,0x16b57aec1f9bb7f63686a87378add160270c8f9d,,2026-08-14T23:39:00,privileged_execution_context;high_gas_used_context;contract_creation_context,0x61018060,false
25754224,0xbd657fb6c01ae462a7ca4c92dc94b96f77005688efa18647c32daf1a9f2106f8,0xe487832018fbd594c84f1db3dfac61cde98a5f36,0x91ff8bbd8ebb07893010d50a48a1609e5ebd8e34,2026-08-14T23:39:00,complex_trace;high_gas_used_context,0x069d1525,false
25754224,0xd6c4a8e593e82a340bed0bb55792bdace00c54a090e7ba98a59a55c44071e384,0x4838b106fce9647bdf1e7877bf73ce8b0bad5f97,0xfeeeeee44046c3f61a8cc081e0918ef0de0a7ffc,2026-08-14T23:39:00,selfdestruct_context,0x6a7f3687,true
25754225,0x01ad8b5074443be8c2fe3d0d82d0e50e8b40789a8e00a4e8eb52757a7fdbe302,0x06f92c97089f247e88e1e8172d7be9d4e8be3be7,0x1cabf473d5ca898691b4644078afa5ffd007f945,2026-08-14T23:39:16,large_erc20_asset_flow;complex_trace;high_gas_used_context,0x051380bd,true
25754225,0x362752278e4f3697785e70de4b35aff7efed612cc4f6d2e9892abdebed0fd40b,0x1b878f3af0a7420ef87899696caad92e63e5c4ae,0xa0f1c3ad83e07d97b5e7030e177718be175275ea,2026-08-14T23:39:16,large_erc20_asset_flow;complex_trace,0x12aa3caf,true
25754225,0x47a1a21f3b09d82bedfa747a3035c5f87a29dce1d9b0015a4e43a463e8a6c684,0x5b43453fce04b92e190f391a83136bfbecedefd1,0xbdb3ba9ffe392549e1f8658dd2630c141fdf47b6,2026-08-14T23:39:16,dense_internal_fund_flow;complex_trace,0x000000cc,true
25754225,0x61e96b403d854c1c009411083094f547c903e24528103e1b25c3799dc67218bf,0x4838b106fce9647bdf1e7877bf73ce8b0bad5f97,0xfeeeeee44046c3f61a8cc081e0918ef0de0a7ffc,2026-08-14T23:39:16,selfdestruct_context,0x6a7f3693,true
25754225,0x70c530b760d740e196b8ac86ce94dc13dd863fd8ea613e4dd661184153b8bb1f,0x5b43453fce04b92e190f391a83136bfbecedefd1,0xbdb3ba9ffe392549e1f8658dd2630c141fdf47b6,2026-08-14T23:39:16,repeated_internal_token_drain;dense_internal_fund_flow;complex_trace;high_gas_used_context;token_activity_burst;repeated_risky_internal_calls,0x000000c3,true
25754225,0x8233f904a67b79bcaf07bcdd323d9fbbb705c6113056f31ae6e445bbfb01ff35,0x4838b106fce9647bdf1e7877bf73ce8b0bad5f97,0xfeeeeee44046c3f61a8cc081e0918ef0de0a7ffc,2026-08-14T23:39:16,selfdestruct_context,0x6a7f3693,true
25754225,0xc33dd317e97ecf38e7175008564e62d0e9e20c45998019eb344170021b5ca23c,0xe99bd1c2dd70cd58e5efd47887991700e7318ce2,0xad3b67bca8935cb510c8d18bd45f0b94f54a968f,2026-08-14T23:39:16,complex_trace;token_activity_burst;approval_burst,0x146ee74d,false
25754225,0x4d1ef077258323d7b5dc1b461c9fcb6c8dd27671d004c641f9038957324b6d86,0x0e0052a184fd59c6b7e1e99d739802ecb3aec0e4,0x0b8a49d816cc709b6eadb09498030ae3416b66dc,2026-08-14T23:39:18,complex_trace;token_activity_burst;approval_burst,0xf497df75,false
25754225,0x807f4f341d08da6de00276c2403bc0e7adf317b61e5bd5052d9a05d481746763,0x3431172c887cf150d9fdaba9876273d9db566367,0x64f5aad0e38e2ff9f50f2e51e813e49c05aca41a,2026-08-14T23:39:18,repeated_internal_token_drain;dense_internal_fund_flow;complex_trace;high_gas_used_context;token_activity_burst;repeated_risky_internal_calls,0xa9059cbb,true
25754225,0xa3bc99676b947dc721fa9ae5164e36fba7bd1a3aa096df7f9521b031a5979913,0xe487832018fbd594c84f1db3dfac61cde98a5f36,0x91ff8bbd8ebb07893010d50a48a1609e5ebd8e34,2026-08-14T23:39:18,complex_trace;high_gas_used_context,0x069d1525,false
25754225,0xc960d0ca767acf3caa9e8117c34b5417c573b2cdd0aa1f3288c5518edff06f9c,0x4838b106fce9647bdf1e7877bf73ce8b0bad5f97,0xfeeeeee44046c3f61a8cc081e0918ef0de0a7ffc,2026-08-14T23:39:18,selfdestruct_context,0x6a7f3693,true
25754226,0x23135ddb7ec130137408dab6407cc6b3f70063f981166e826f81448581bd95d5,0x7830c87c02e56aff27fa8ab1241711331fa86f43,0xa9d1e08c7793af67e9d92fe308d5697fb81d3e43,2026-08-14T23:39:23,dense_internal_fund_flow,0x1a1da075,true
25754226,0x5f32fb501a1d8a85325d7bbc40b6a9a21ea4efcf2f8b586701c5bfe3be5528fd,0x4337006f33e2940fcbebd899bf2396117e65df9b,0x0000000071727de22e5e9d8baf0edac6f37da032,2026-08-14T23:39:23,complex_trace;high_gas_used_context,0x765e827f,false
25754226,0xcc0cce9c57b152bcac7f64ef4365af9c5962af10288430199c1ffad77e937d43,0x06f92c97089f247e88e1e8172d7be9d4e8be3be7,0x1cabf473d5ca898691b4644078afa5ffd007f945,2026-08-14T23:39:23,large_erc20_asset_flow;complex_trace;high_gas_used_context,0x051380bd,true
25754226,0xfe35fdf4cc31b94f31dbd044c4eded62f586315827eac62c6fd73dbad5f80e98,0x4d16ebd8a910425aa05d52385cf4ec3a05e1be30,0xa0f1c3ad83e07d97b5e7030e177718be175275ea,2026-08-14T23:39:23,large_erc20_asset_flow;complex_trace,0x12aa3caf,true
25754226,0x12806135a4dc6008c0a3153c802b958f741b25f9114fa2c813987e35462a5aa8,0x43370330be39d388f6219d8241dc1f76fb9df268,0x0000000071727de22e5e9d8baf0edac6f37da032,2026-08-14T23:39:24,privileged_execution_context;complex_trace,0x765e827f,false
25754226,0x1c392bd35189149b5aa0e749d5b83bfa537b0fc74c7868c22f8576969692ee79,0xdadb0d80178819f2319190d340ce9a924f783711,0xfeeeeee44046c3f61a8cc081e0918ef0de0a7ffc,2026-08-14T23:39:24,selfdestruct_context,0x6a7f369f,true
25754226,0x1fe15a376bc9fee70dea3e238d2a173e724a1341ce9b1cad82b38829178cbd04,0xe487832018fbd594c84f1db3dfac61cde98a5f36,0x91ff8bbd8ebb07893010d50a48a1609e5ebd8e34,2026-08-14T23:39:24,complex_trace;high_gas_used_context,0x069d1525,false
25754226,0x7d00e051c4775d47a7d4a19a7e7b875db58b2e62cfed1e930a6c7702678d3175,0xdadb0d80178819f2319190d340ce9a924f783711,0xfeeeeee44046c3f61a8cc081e0918ef0de0a7ffc,2026-08-14T23:39:24,selfdestruct_context,0x6a7f369f,true
25754226,0x8c5228105493f3af6ec2481d53b7bb44b3f67dcb21750e8d32f40972df4dfee6,0xdadb0d80178819f2319190d340ce9a924f783711,0xfeeeeee44046c3f61a8cc081e0918ef0de0a7ffc,2026-08-14T23:39:24,selfdestruct_context,0x6a7f369f,true
25754226,0x9c4c699fc21a9569088b97da438ae495954f1ca6d1e584352a0667a9b5c32fd8,0x150952108f28dcaf4e4542090e67cd2696563944,0x000000000000fb114709235f1ccbffb925f600e4,2026-08-14T23:39:24,dense_internal_fund_flow,0x5f3bd1c8,true
25754226,0x9c671ed86f48090df94f9011a0cb08c686764325a5c8569e49b2f88f6544fc82,0x933529c08bae2e634df52c63820fed4b70df1a91,0x0e643041a2edd94d8c2a3ca5c957b8a41bf4cd05,2026-08-14T23:39:24,complex_trace;high_gas_used_context,0x11ad0214,false
25754226,0xe1c15287a09d5893cbafed3524645c9a198b2d76e76a75ebec28370559a3c2f6,0xdadb0d80178819f2319190d340ce9a924f783711,0xfeeeeee44046c3f61a8cc081e0918ef0de0a7ffc,2026-08-14T23:39:24,selfdestruct_context,0x6a7f369f,true
25754227,0x101cff4f4459cb6bb803fcc166a6f892a2013f506f1f178866750a54ce74d8b8,0x4838b106fce9647bdf1e7877bf73ce8b0bad5f97,0xfeeeeee44046c3f61a8cc081e0918ef0de0a7ffc,2026-08-14T23:39:35,selfdestruct_context,0x6a7f36ab,true
25754227,0x323204a3b229fc838298a49f46931a9d3c0588b2922cbc7ab93bf467290daeb7,0xf41c1f8d4ca7f619286efcef3a5bf4925ef569f1,0x71d5dcd76fb9ca8fe92b4952f13eaad149a955e0,2026-08-14T23:39:35,complex_trace;high_gas_used_context;token_activity_burst,0x99000000,false
25754227,0x4ec0afee1aca5cc08cfef443d73ac9ac8ab4863b97630d8ef727530ab488d2b1,0xe487832018fbd594c84f1db3dfac61cde98a5f36,0x91ff8bbd8ebb07893010d50a48a1609e5ebd8e34,2026-08-14T23:39:35,complex_trace;high_gas_used_context,0x069d1525,false
25754227,0x509f87bb964dea469f3d8b6c3548d20c859e9caa492f76dd83747ab164f2e901,0x7b49bc3ebbdf7322f31c6449320382bbec3be1b6,0xad3b67bca8935cb510c8d18bd45f0b94f54a968f,2026-08-14T23:39:35,complex_trace;high_gas_used_context;token_activity_burst;approval_burst,0x146ee74d,false
25754227,0x9560d6e7c25f011b12a9ab7b84894fa456137d28997e0ee68e85157fa9560ddf,0x06f92c97089f247e88e1e8172d7be9d4e8be3be7,0x1cabf473d5ca898691b4644078afa5ffd007f945,2026-08-14T23:39:35,large_erc20_asset_flow;complex_trace;high_gas_used_context,0x051380bd,true
25754227,0x974c19561b5eddf7ca1f7148e7a603a52a3cda375d9850ae3cbcd9ca35e8cd9e,0xbd93ffd91c48c013e8907c0cdc74b3231e80654f,0x4867dc4e325c3ff0f676a6316d69180f15bcd463,2026-08-14T23:39:35,large_erc20_asset_flow;complex_trace,0x8b235713,true
25754227,0xa4ed3ba540bb44d9f7be511e653357100ebd9dc06685093422e91d14735ae097,0x21378e678a111691a60fa688c72d61439e124c8f,0xcb0151ac9479a6a0261622baa63ae843c9793d45,2026-08-14T23:39:35,complex_trace;high_gas_used_context;token_activity_burst;approval_burst,0x64cd187f,false
25754227,0xba51f36d3632d1ad28ca7f155f5dc7c387dd83f32f40c03cdbdf9e031ff6b93d,0xf2a14015eaa3f9cc987f2c3b62fc93eee41aa5d0,0x8992273ed68bac36d55f69054140ff4284faf627,2026-08-14T23:39:35,complex_trace;high_gas_used_context;token_activity_burst,0xaee25613,false
25754227,0x089b32fe3f2c142c3d881ba8a01a275717ff8ec5222197e589c49c961e9c7539,0x9fc3da866e7df3a1c57ade1a97c9f00a70f010c8,0xfeeeeee44046c3f61a8cc081e0918ef0de0a7ffc,2026-08-14T23:39:36,selfdestruct_context,0x6a7f36ab,true
25754227,0x5cbd03667c91b65fa55ddfd21cfc7eed6df96e6bd6c06c4f93700236aa85024c,0xe469ee44d92bb173b7edc576ebb09da55dbfe32e,0x0000000071727de22e5e9d8baf0edac6f37da032,2026-08-14T23:39:36,dense_internal_fund_flow;complex_trace,0x765e827f,true
25754227,0xcd09a7245598e34506fb76bbb2153716c70039a77ccbf91f6ef708ad58bc7238,0x59aab1bd0d26290274398c07b55955c15425e16b,0x00fe78205f5f0e63b8ad2b2ae5337f538a610e04,2026-08-14T23:39:36,complex_trace;high_gas_used_context,0x34fcd5be,false
25754228,0x10e945bbc33946dd845e912c2e8731e16f3f5d8cd8557867efecf3aebbd7d7c0,0x4838b106fce9647bdf1e7877bf73ce8b0bad5f97,0xfeeeeee44046c3f61a8cc081e0918ef0de0a7ffc,2026-08-14T23:39:41,selfdestruct_context,0x6a7f36b7,true
25754228,0x383d34713b80483f03d7283f0cf780e5dc9235ca3a3f755115939bb4ebd0d17b,0xc0f12799b8d3fa8810dfe1616095170c72117f8f,0xd90e2f925da726b50c4ed8d0fb90ad053324f31b,2026-08-14T23:39:41,dense_internal_fund_flow;complex_trace,0xb438689f,true
25754228,0x3973dff946212ea8bf4b0e9ec36eba22ccec9147be490f72306d91d6e781ebde,0x9c82b458fde221f200000069ce8122469fc9f1a3,0x71d5dcd76fb9ca8fe92b4952f13eaad149a955e0,2026-08-14T23:39:41,complex_trace;high_gas_used_context,0x99000000,false
25754228,0x584204d7d6bc1b5b861d45e1eca3ac0ae9ad2453648b9920db3df14064c1d1bc,0x9fe567ecbbea448074a34260d116b6e5411f8a9b,0x881d40237659c251811cec9c364ef91dc08d300c,2026-08-14T23:39:41,dense_internal_fund_flow;complex_trace,0x5f575529,true
25754228,0x73f666d639737d105e47b1fadb6ed8d0fb8a20d3b5601f32e945c6aea1510a8a,0x6d1ff977357b215cd1739660d49e794a676c3e03,0x4b47d7291664beb43e03588e2698e10ba2cd21b3,2026-08-14T23:39:41,complex_trace;high_gas_used_context,0x9eb723c7,false
25754228,0x775ccac5a895c7ba6c39f9fde83edb1f448f5c6ac69ba6158710ae8b0b44d8ec,0x1053ec0d66c4d1678099521b07f19a4532d33578,0x3057fe9ce0785055d546e974befa47b5e9f0cccc,2026-08-14T23:39:41,complex_trace;high_gas_used_context;token_activity_burst;approval_burst,0x07ed2379,false
25754228,0xa256b475d9310f2e91c10040c9ac1f151a97947aff99ecb5206e354cf45a15ef,0x6eb5074720000002327b363e9630ca4797c6d43b,0x0a8accba63f42e743a31f33c44b87be0c83fe230,2026-08-14T23:39:41,complex_trace;high_gas_used_context;token_activity_burst,0x99000000,false
25754229,0x386fa543c6ec523c4cbf52960acbe5597e2e2cc51f2731e83bb5ba843f225aac,0x9bd4cd8d1d341fef27128b60d7bc5dab04a8f6ce,0x000000000000fb114709235f1ccbffb925f600e4,2026-08-14T23:39:59,dense_internal_fund_flow,0x5f3bd1c8,true
25754229,0x41ba8bbe5281d0113467bbb848d34353850727fe768cedd655521ceeb6a41b0b,0xe487832018fbd594c84f1db3dfac61cde98a5f36,0x91ff8bbd8ebb07893010d50a48a1609e5ebd8e34,2026-08-14T23:39:59,complex_trace;high_gas_used_context,0x069d1525,false
25754229,0x479ec632255b111f8b6bb038bf9627d42606c9095f48d470a775c5c03ea14247,0x6e2c8549ecc8615f14351889066a4ef196a688cd,0xa0f1c3ad83e07d97b5e7030e177718be175275ea,2026-08-14T23:39:59,large_erc20_asset_flow;complex_trace,0x12aa3caf,true
25754229,0x56d4b86907b1ceb3883978fd697f100cee29f550565a21caa9446ee0e5bdf7e8,0xe487832018fbd594c84f1db3dfac61cde98a5f36,0x91ff8bbd8ebb07893010d50a48a1609e5ebd8e34,2026-08-14T23:39:59,complex_trace;high_gas_used_context,0x069d1525,false
25754229,0x5745aa2672cd24e7b945167cdd6e3cc89d1ae6aa79eeb013f3ce22ea473cbdde,0x06f92c97089f247e88e1e8172d7be9d4e8be3be7,0x1cabf473d5ca898691b4644078afa5ffd007f945,2026-08-14T23:39:59,large_erc20_asset_flow;complex_trace;high_gas_used_context,0x051380bd,true
25754229,0xaff2b0a22be956a2ed72bcedd35367fed6f9825f5e8ca287c0bc5d9cf1bb1b51,0xb99a2c4c1c4f1fc27150681b740396f6ce1cbcf5,0xc13e21b648a5ee794902342038ff3adab66be987,2026-08-14T23:39:59,large_mint_to_sender;complex_trace,0xa415bcad,true
25754229,0xb3c4afd44eee59d310e50483a6649b099550fef324b9000e425c401c308f216b,0x0bde59981fdeac219ce9e618d27f193438bff786,0x81463b0f960f247f704377661ec81c1fd65b5128,2026-08-14T23:39:59,dense_internal_fund_flow;complex_trace;high_gas_used_context;token_activity_burst,0x752c1720,true
25754229,0x5b33e899c11c719abd617db0a97d13ca86a160e7b58b476f1523f4345ea524ab,0x00cbab9ad333c5e4d912703f4d8348f09759f75e,0x000000000000fb114709235f1ccbffb925f600e4,2026-08-14T23:40:00,dense_internal_fund_flow,0x5f3bd1c8,true
25754229,0x75b56fdaf26dad612ed514837cc56004ca7f01631220a2277e443b3fbf78e630,0x1eda738c90fb3f80067a2e420a1e2f81b75ecaf5,0x4c175ee61c3c1da847e339e1158d61bbd2537046,2026-08-14T23:40:00,complex_trace;high_gas_used_context,0x380db829,false
25754229,0xcb354bc6bb0ae3e6899e7c65146bc8cf080686f57c9472b511f37111475f7ff2,0xb23360ccdd9ed1b15d45e5d3824bb409c8d7c460,0x09c30cdcdd971423cb3ba757a47d56c35d06d818,2026-08-14T23:40:00,dense_internal_fund_flow,0x318adb8b,true
25754229,0xd3e9b92539251f3a0b0322c69d2977c9a45d842e5c2462a3ff3c384e0bd53580,0x782c6c86833e571072a2e8d06a39296832019c0a,0x1231deb6f5749ef6ce6943a275a1d3e7486f4eae,2026-08-14T23:40:00,dense_internal_fund_flow;complex_trace,0xaf7060fd,true
25754229,0xd4d5f32216263e1cb7f19c825333431577ab985a760a13df5d202de3662d43cc,0x791b899633e6e5786f6919d78eac8b283f277475,0x5ff137d4b0fdcd49dca30c7cf57e578a026d2789,2026-08-14T23:40:01,complex_trace;high_gas_used_context,0x1fad948c,false
25754229,0xf435aca056a5797050db12827abf4e8ad9ef3c74e55889fbc9771ed98e71e8e3,0x59aab1bd0d26290274398c07b55955c15425e16b,0x00fe78205f5f0e63b8ad2b2ae5337f538a610e04,2026-08-14T23:40:01,repeated_internal_token_drain;dense_internal_fund_flow;complex_trace;high_gas_used_context;token_activity_burst;repeated_risky_internal_calls,0x34fcd5be,true
25754230,0x3016c0bd41eb642266ad9bf9f75b37e98930f83332f389b83f6c41b623dde6b7,0x87e1dde16325d73d17dd7e429bfe343bb98bb008,0x28b1dc1a5e3699a428bc51d234dfab7c9cb2a183,2026-08-14T23:40:04,complex_trace;high_gas_used_context,0xf2c42696,false
25754230,0x3da8b79edd5a595c40f3bf7aa46fa6795818b86f0a4c8e7aa57da0ee6b8c5226,0xe487832018fbd594c84f1db3dfac61cde98a5f36,0x91ff8bbd8ebb07893010d50a48a1609e5ebd8e34,2026-08-14T23:40:04,complex_trace;high_gas_used_context,0x069d1525,false
25754230,0x4f76e64b9fa6dbf3df27ca19fa26ee7444278833678774cf2717f31ca4946b6f,0x3eb5ba7f608609cdc9375c8f8f93861af0b69b1b,0x33b41fe18d3a39046ad672f8a0c8c415454f629c,2026-08-14T23:40:04,dense_internal_fund_flow;complex_trace,0xf5bc6d74,true
25754230,0x7972091a1ba14ee8c79f9fc35ed4c05e87e886f053cb00ec78e3fd92130570aa,0x4838b106fce9647bdf1e7877bf73ce8b0bad5f97,0xfeeeeee44046c3f61a8cc081e0918ef0de0a7ffc,2026-08-14T23:40:05,selfdestruct_context,0x6a7f36cf,true
25754231,0x0455c0ec6824bc5ee9fe060f14c9ba19e141a132ea554610ab9419101d65bb27,0xc6acbee42e9e323140c1ed060c2f6ea9cc3b4b75,0x7c5a71c9fefbc7691f9d4ac7baf70c743792f716,2026-08-14T23:40:21,selfdestruct_context,0xf3fef3a3,true
25754231,0xabc0a48d4d5d36e534032e02d87c8ef909308e6814752635269d3cef08636220,0x76ea4fef71a70c03a58bea0f47a8872441457312,0x03f34be1bf910116595db1b11e9d1b2ca5d59659,2026-08-14T23:40:21,dense_internal_fund_flow;complex_trace,0xe47d166c,true
25754231,0x68adaa16d96a0bec3090a05bec0fc2ede14bae80075fafb0ff977c9540038923,0x50bf934781f63028c5c8ef49c4affe19a86d99b6,0x8d04cc7e86e687854eb41d9d43512b655b93184b,2026-08-14T23:40:22,complex_trace;selfdestruct_context,0x4a1bf18a,false
25754231,0x6f2ba967a4a71a9d5eccc88cfc5262c7c51cb9d125b56c34d2f9156136ca977a,0xe487832018fbd594c84f1db3dfac61cde98a5f36,0x91ff8bbd8ebb07893010d50a48a1609e5ebd8e34,2026-08-14T23:40:22,complex_trace;high_gas_used_context,0x069d1525,false
25754231,0x9eebd1ee6c7b5230f69b35f097ddd62d64b7da7435774689577d0f0de81fb154,0x578fc7a5b72d62eadd1b3e97c9201d362cab63d7,0x000000000000fb114709235f1ccbffb925f600e4,2026-08-14T23:40:22,dense_internal_fund_flow,0x5f3bd1c8,true
25754231,0x09e737b97542bd59874777789420b7b81fb7ed55e4e8db539ab131e3e56cf812,0xd6434d157f254276d69ede3bd9fc805482206908,0x7ec8a30a34b86927dc77b302603d1d53e640bef7,2026-08-14T23:40:23,repeated_internal_token_drain;dense_internal_fund_flow;complex_trace;high_gas_used_context;token_activity_burst;repeated_risky_internal_calls,0xa9059cbb,true
25754231,0x1d03c97aed468e75624557443ffd29678c31bbdc4cd500ab684cf26584737d08,0xdadb0d80178819f2319190d340ce9a924f783711,0xfeeeeee44046c3f61a8cc081e0918ef0de0a7ffc,2026-08-14T23:40:23,selfdestruct_context,0x6a7f36db,true
25754231,0xbbb14e731c8f41e87fe9154e04d74e3ebd3b51b9f006b327953516aaba26c62d,0xdadb0d80178819f2319190d340ce9a924f783711,0xfeeeeee44046c3f61a8cc081e0918ef0de0a7ffc,2026-08-14T23:40:23,selfdestruct_context,0x6a7f36db,true
25754231,0xc82428ce96798344299a125ce1b90d50fc1bf46a94c97a4c62d39d0fbf5fe309,0xdadb0d80178819f2319190d340ce9a924f783711,0xfeeeeee44046c3f61a8cc081e0918ef0de0a7ffc,2026-08-14T23:40:23,selfdestruct_context,0x6a7f36db,true
25754232,0x1eaec7c216548a2d76482534ad7f0b1c216e83b00f197f1c6d6b62d02b7f2d29,0xbe0b407782a7599380fa726db315340126d62229,0x4d2fb5f8ec243fde4df1a9678b82238570c7e0e4,2026-08-14T23:40:30,repeated_internal_token_drain;dense_internal_fund_flow;complex_trace;high_gas_used_context;token_activity_burst;repeated_risky_internal_calls,0x6a761202,true
25754233,0x6c3220685e138a156cd2cade3203f106561e189720c06aee3e2a896337ff3781,0xd114230d13f61c3423cba67dd1d24ea9a6319a84,0x28b1dc1a5e3699a428bc51d234dfab7c9cb2a183,2026-08-14T23:40:47,dense_internal_fund_flow;complex_trace;high_gas_used_context;token_activity_burst,0x0c307f76,true
25754233,0xb59ce4b375440ab2132c7c92b05c3aafbaa0eab870863eec0da2a47626149ccb,0xe487832018fbd594c84f1db3dfac61cde98a5f36,0x91ff8bbd8ebb07893010d50a48a1609e5ebd8e34,2026-08-14T23:40:47,complex_trace;high_gas_used_context,0x069d1525,false
25754233,0x05506fa31639eea7de406536784cbb1697df9da830ebd7152e926f2e24778865,0xe487832018fbd594c84f1db3dfac61cde98a5f36,0x91ff8bbd8ebb07893010d50a48a1609e5ebd8e34,2026-08-14T23:40:48,complex_trace;high_gas_used_context,0x069d1525,false
25754233,0x2207f417eae8370ea505087be12b3bca7ad02def97188eff17b9a7f91fd67809,0x8ec85901f390dc55a848561ed1bbb062f64ebf78,0x5756a035f276a8095a922931f224f4ed06149608,2026-08-14T23:40:48,large_erc20_asset_flow,0xdd171e7c,true
25754233,0x7d9b4a37412f8ed43edb96c8c26433b6885cf9b37d47677a49478b9a7bd1e7b9,0x4838b106fce9647bdf1e7877bf73ce8b0bad5f97,0xfeeeeee44046c3f61a8cc081e0918ef0de0a7ffc,2026-08-14T23:40:48,selfdestruct_context,0x6a7f36f3,true
25754233,0x81e38348b7ee1181d0ccbe1c91be4237eb7d8b33e45c051c7ba10c449c2e84ed,0x16b57aec1f9bb7f63686a87378add160270c8f9d,0x1f153e4e683aae2a4c9f3e89ab77a54a77afef20,2026-08-14T23:40:48,privileged_execution_context,0xf2fde38b,false
25754233,0x8815c1540793b4580ec7816233e23a53072c7b6ba5bf1c01f4eaf4cbf215711b,0x5c8b9d190601abf248617cafdfe2385e6130515b,0x000000000000fb114709235f1ccbffb925f600e4,2026-08-14T23:40:48,dense_internal_fund_flow,0x5f3bd1c8,true
25754233,0xbbc013ab7d19c4b11d3e5b7fbd150c3d3194be7908496fb6fb04bc1ba11f4dbf,0x4838b106fce9647bdf1e7877bf73ce8b0bad5f97,0xfeeeeee44046c3f61a8cc081e0918ef0de0a7ffc,2026-08-14T23:40:49,selfdestruct_context,0x6a7f36f3,true
25754234,0xc988b8ee48f9d65596fba4029f210d1b41559cf085fd1915af9b43aaf8958780,0xc6acbee42e9e323140c1ed060c2f6ea9cc3b4b75,0x7c5a71c9fefbc7691f9d4ac7baf70c743792f716,2026-08-14T23:40:58,selfdestruct_context,0xf3fef3a3,true
25754234,0x4bb57d762d17f1df6ef26fbc097017759053fe301c54abedba19e3ed5440f520,0x16f5ef133d0d15b196a778d22bf1ec56f8f37c05,0x000000000000fb114709235f1ccbffb925f600e4,2026-08-14T23:40:59,dense_internal_fund_flow,0x5f3bd1c8,true
25754234,0xa4d32e98e55d7b0c670fe8783f353a6b73c992471228c7c636e3b97b9ac5db9f,0xe487832018fbd594c84f1db3dfac61cde98a5f36,0x91ff8bbd8ebb07893010d50a48a1609e5ebd8e34,2026-08-14T23:40:59,complex_trace;high_gas_used_context,0x069d1525,false
25754235,0x0cc1c0424f4624e6b56bd9ac3da8effa6fec2dc95e2a5019a17ce177f131b453,0x433702256b464248dcbe403c1334757be4ed9f26,0x0000000071727de22e5e9d8baf0edac6f37da032,2026-08-14T23:41:09,dense_internal_fund_flow;complex_trace,0x765e827f,true
25754235,0x1d7af3620cef6d2257b6819293f77355788a08136ab7a9167c333f5b4ca19857,0xdd9e62bc2968ec2b00ebb76d7b384056c4561a2e,0xf3cd1e9326d1965935b287b1ee75c7183359a88a,2026-08-14T23:41:09,privileged_execution_context,0x4317d65f,false
25754235,0x6a44531547c327560d9135d523f7a0f6f40eaf4a1d5650a11422a61b08d7d41a,0x4838b106fce9647bdf1e7877bf73ce8b0bad5f97,0xfeeeeee44046c3f61a8cc081e0918ef0de0a7ffc,2026-08-14T23:41:09,selfdestruct_context,0x6a7f370b,true
25754235,0x95cd62d1497484773841a246dbd80aeb092e2a1ccae034a93f6659fcc3ce52e0,0x70e59f9c304e4d5096bd408b571e2dcd99c3120b,0xad3b67bca8935cb510c8d18bd45f0b94f54a968f,2026-08-14T23:41:09,complex_trace;high_gas_used_context;token_activity_burst;approval_burst,0x146ee74d,false
25754235,0xb4de505337e4b7a2ee26f8dc9ae45a7a3121f8f6248f71118180707a49466a26,0xe487832018fbd594c84f1db3dfac61cde98a5f36,0x91ff8bbd8ebb07893010d50a48a1609e5ebd8e34,2026-08-14T23:41:09,complex_trace;high_gas_used_context,0x069d1525,false
25754235,0xea35bd7349dfeb534c7e3ee1d29fe22636e95f1d39c2f7e0a3cf9c23c53ecc80,0x16b57aec1f9bb7f63686a87378add160270c8f9d,,2026-08-14T23:41:09,privileged_execution_context;high_gas_used_context;contract_creation_context,0x61018060,false
25754235,0x64e501204431156aca3cbb16082a7425d9bb4c1b9abca4e384663d90802b4941,0x4838b106fce9647bdf1e7877bf73ce8b0bad5f97,0xfeeeeee44046c3f61a8cc081e0918ef0de0a7ffc,2026-08-14T23:41:40,selfdestruct_context,0x6a7f370b,true
25754236,0x5875209be297c62d848a79978084eaf9f2b98480204e446f7b6e8975ba55b6fa,0x7830c87c02e56aff27fa8ab1241711331fa86f43,0xa9d1e08c7793af67e9d92fe308d5697fb81d3e43,2026-08-14T23:41:45,dense_internal_fund_flow,0x1a1da075,true
25754236,0x0297b5b51b3543aacd9202ffe5456bbe00411a2e0105852b7b2a74c3f05b4363,0x4838b106fce9647bdf1e7877bf73ce8b0bad5f97,0xfeeeeee44046c3f61a8cc081e0918ef0de0a7ffc,2026-08-14T23:41:46,selfdestruct_context,0x6a7f3717,true
25754236,0x5d8c803152b73e7b1f141ccc62e179fc761a74ca7b476637c0915ad6757d70e7,0x16b57aec1f9bb7f63686a87378add160270c8f9d,,2026-08-14T23:41:46,privileged_execution_context;high_gas_used_context;contract_creation_context,0x6101a060,false
25754236,0x76493fafd5e9985e110e5a93d8b21ea0c6487455eeb2d1d576a28f1d495bcb8a,0xe0252ecd1f49112d957230b5b6f6a5ee7df36149,0x28b1dc1a5e3699a428bc51d234dfab7c9cb2a183,2026-08-14T23:41:46,complex_trace;high_gas_used_context;token_activity_burst,0x0c307f76,false
25754236,0x9c513f5f518493ae26b767979edd213f76d1ff406718581a7b09628ae08abbfd,0x0e0052a184fd59c6b7e1e99d739802ecb3aec0e4,0xd82461784eb72d4b67cbab077989eb215315e272,2026-08-14T23:41:46,complex_trace;approval_burst,0x805f7b65,false
25754236,0xbc4a8b9821d267af5d24a647e7859a0a9bc0e7e37d847ad3c30cbab819d84f71,0xe487832018fbd594c84f1db3dfac61cde98a5f36,0x91ff8bbd8ebb07893010d50a48a1609e5ebd8e34,2026-08-14T23:41:46,complex_trace;high_gas_used_context,0x069d1525,false
25754236,0xca5c8d17d8a59b625db161b42019df823045d53ea8f4bdb6b55f514e4da5723b,0x75484c9f5f3f5c3b6cf93edddaa751114eca4f32,0x000000000000fb114709235f1ccbffb925f600e4,2026-08-14T23:41:46,dense_internal_fund_flow,0x5f3bd1c8,true
25754237,0x219242889ad565af8d00e55862c113fb02b27bccbf4b757c74b144e50d30ba33,0xdadb0d80178819f2319190d340ce9a924f783711,0xfeeeeee44046c3f61a8cc081e0918ef0de0a7ffc,2026-08-14T23:41:54,selfdestruct_context,0x6a7f3723,true
25754237,0x5447b9abc343b1b5ef34d5e50af33cf39c5535826b1b4c65577d12406e9987e6,0xe487832018fbd594c84f1db3dfac61cde98a5f36,0x91ff8bbd8ebb07893010d50a48a1609e5ebd8e34,2026-08-14T23:41:54,complex_trace;high_gas_used_context,0x069d1525,false
25754237,0x9cd65faec35109fcd725cae08262900c769632bfec3bc95d6e8350a8d9238f20,0x09cfee647fa339133380191c8db6b44f24500c9d,0x77b85afbcd336993ac1c65057531c5a5b33b76b8,2026-08-14T23:41:54,repeated_internal_token_drain;dense_internal_fund_flow;complex_trace;high_gas_used_context;token_activity_burst;repeated_risky_internal_calls,0xa9059cbb,true
25754237,0xaa25019ee26b89baf629b0b405c3bf2762c4d4fb7acbfb9c3013c342a290dc8c,0xdadb0d80178819f2319190d340ce9a924f783711,0xfeeeeee44046c3f61a8cc081e0918ef0de0a7ffc,2026-08-14T23:41:54,selfdestruct_context,0x6a7f3723,true
25754238,0x7b2b735fe9b912aa64ef0c4c2bb8cd258b4a591752103fdf69db11cfe3f3506f,0x61dcc507e71cef30dad2ef616b7a463d35e032c4,0x111111125421ca6dc452d289314280a0f8842a65,2026-08-14T23:41:59,dense_internal_fund_flow;large_erc20_asset_flow;complex_trace,0x07ed2379,true
25754238,0xc1975a12ef92950bb260cb0f977d039831c77ac11d433b1d0dae29a7aa1d720d,0x0beea0e1f3d79cb55633530e291336dab9a7d82d,0xad3b67bca8935cb510c8d18bd45f0b94f54a968f,2026-08-14T23:41:59,complex_trace;high_gas_used_context;token_activity_burst;approval_burst,0x146ee74d,false
25754238,0x2ac6edbc2a94cbe19bb3213aa371354543751d731dd950957c6c8ee906dd1428,0x3cfdc212769c890907bce93d3d8c2c53de6a7a89,0x0000000071727de22e5e9d8baf0edac6f37da032,2026-08-14T23:42:00,privileged_execution_context;complex_trace,0x765e827f,false
25754238,0x571c59779a3bbffeedc8745c20762d8f2bd47515f389b99390d4fe4a74d60fcb,0x0e0052a184fd59c6b7e1e99d739802ecb3aec0e4,0xd82461784eb72d4b67cbab077989eb215315e272,2026-08-14T23:42:00,complex_trace;approval_burst,0xac9650d8,false
25754238,0xb135526ad128b688b69e2f0d001c46984b3191bc899a539861bf8ac5ed3fb596,0xc73019f991dcbcc899d6b76000fdccc99a208235,0xf4e147db314947fc1275a8cbb6cde48c510cd8cf,2026-08-14T23:42:00,privileged_execution_context,0x760d0f9d,false
25754239,0x1cb0120773875682d4facd22edb7c340bf71f29231b0f8c3a181ea458d141960,0xe2da046340e00264c4f0443243a0565007ae08ac,0x0939726264f2667429ef68e2b3734ecfbbad3abb,2026-08-14T23:42:05,complex_trace;high_gas_used_context,0x380db829,false
25754239,0x260f2b20fbf2b029a7718f04a50537cde9855e596c5e8f25c35db055b493d677,0x1ff1d5f46a34a38666054d0069f213c2ffd7427b,0xccc88a9d1b4ed6b0eaba998850414b24f1c315be,2026-08-14T23:42:05,complex_trace;high_gas_used_context,0xf9e4bab4,false
25754239,0xa46a7706d771cb6f9aa7a748cefe47ea4bb7d2cb3d2c95cdd61b0268a21ba791,0xe2da046340e00264c4f0443243a0565007ae08ac,0x595ca88510a9101bd40a244ae92d2a6fc860ea75,2026-08-14T23:42:05,complex_trace;high_gas_used_context,0x380db829,false
25754239,0xdd3c5040b6e01e4e45b66d71c148b8a96d5806d8d3e4bb3e26be077691cd91e9,0x17bb6b65b7b5bd3651782ccf2e01c2c9c34ea0fb,0x0000000000001ff3684f28c67538d4d072c22734,2026-08-14T23:42:05,dense_internal_fund_flow;complex_trace;token_activity_burst,0x2213bc0b,true
25754239,0x065c0cac4f48f64935b2bc7594cd6dc5569404ab9e01f09c9e88069517f252f5,0x0e0052a184fd59c6b7e1e99d739802ecb3aec0e4,0xd82461784eb72d4b67cbab077989eb215315e272,2026-08-14T23:42:06,complex_trace;approval_burst,0xac9650d8,false
25754239,0x728628784b6bba95b974e9d8617915c897f032ba890aac5047327b19a7de539b,0x4838b106fce9647bdf1e7877bf73ce8b0bad5f97,0xfeeeeee44046c3f61a8cc081e0918ef0de0a7ffc,2026-08-14T23:42:06,selfdestruct_context,0x6a7f373b,true
25754239,0xe6ddea75aa4def3417d8e5e4d3b96b7b81ec30e71de47283398e5a23923f995a,0xe20446cccbfd5f9038e747f1dea8016ecbd94ae5,0x442be06bb5d13711a22ccd3fa382b72a874c5135,2026-08-14T23:42:06,privileged_execution_context,0xf7b5c341,false
25754240,0x9d1f00267a16ec189583115d419278930051a5e42981ae5c75ac00aafd652708,0xab2ebc8e6938bf8c2d87623f2ea8cba33bce4886,0xb704fcb4c43bdc030de7ec5e0d5264b99aa3af36,2026-08-14T23:42:11,dense_internal_fund_flow,0x08c1284c,true
25754240,0x1f43cf8e03fa10e5773895de21d1cbe5ea2954bcd0d37dee0d9a512a59dc1861,0x50bf934781f63028c5c8ef49c4affe19a86d99b6,0x8d04cc7e86e687854eb41d9d43512b655b93184b,2026-08-14T23:42:12,complex_trace;selfdestruct_context,0x4a1bf18a,false
25754240,0xd747980f633a6f68784642fb970869c200809b21b3eaafc05f507dc441a94189,0xb82c61e4a4b4e5524376bc54013a154b2e55c5c8,0xf4e147db314947fc1275a8cbb6cde48c510cd8cf,2026-08-14T23:42:12,privileged_execution_context,0x760d0f9d,false
25754241,0x11990e06f27ab6196a833cb7dc0cdd4a3a08fb4fe62fc32cd7075758c2d1ca71,0x7830c87c02e56aff27fa8ab1241711331fa86f43,0xa9d1e08c7793af67e9d92fe308d5697fb81d3e43,2026-08-14T23:42:22,dense_internal_fund_flow,0x1a1da075,true
25754241,0x28e245a619fa72223dba11ebfc71ed6ee7441762f63c4d4582f7228fd967b7b0,0xe99bd1c2dd70cd58e5efd47887991700e7318ce2,0xad3b67bca8935cb510c8d18bd45f0b94f54a968f,2026-08-14T23:42:22,dense_internal_fund_flow;complex_trace;high_gas_used_context;token_activity_burst;approval_burst,0x146ee74d,true
25754241,0xc10f92352aa7eeb6e01e9e1bd73373be62102f29f342e36201aaddcf80197fb5,0x666c568fc0ae77ed624330bb5b54d5ca7426f486,0x144f3f78749ed76a6e16045109643c68f773154e,2026-08-14T23:42:22,complex_trace;high_gas_used_context,0x89d7cd93,false
25754241,0xc6204506653368bc3d723ee43287c40beb2cc55e26791ed4779623251281dcc5,0x4838b106fce9647bdf1e7877bf73ce8b0bad5f97,0xfeeeeee44046c3f61a8cc081e0918ef0de0a7ffc,2026-08-14T23:42:22,selfdestruct_context,0x6a7f3753,true
25754241,0x2ba238d115e342f2f2596a21dbbd90a0caf174cff0c9e93c5b591b030d0223c5,0x01873476a261b052b7d5020ba5a2f3481184be5f,0x1231deb6f5749ef6ce6943a275a1d3e7486f4eae,2026-08-14T23:42:23,dense_internal_fund_flow;complex_trace,0x80c65808,true
25754241,0x539ba94f62c67933692aa8129b2d3796f90e96fdbe03c0956724de71e1f9937c,0x4838b106fce9647bdf1e7877bf73ce8b0bad5f97,0xfeeeeee44046c3f61a8cc081e0918ef0de0a7ffc,2026-08-14T23:42:23,selfdestruct_context,0x6a7f3753,true
25754241,0x7a8a347a801e74beb543b24a1e89f7a8692bda39194eb55328b2e96caab94af8,0x5c206ce81915bfe385d7cbe0282542f830f40f69,0xd90e2f925da726b50c4ed8d0fb90ad053324f31b,2026-08-14T23:42:23,dense_internal_fund_flow,0xb438689f,true
25754241,0x98a65f878132c33e1747869b6b0b7fb979a97556f277bd8d5035730b89c5f7ee,0xf38b2019c94e45fde74f5e64867a9dba5231a887,,2026-08-14T23:42:23,privileged_execution_context;high_gas_used_context;contract_creation_context,0x61012060,false
25754241,0xd795f88292961fc094add34f7ae9a1aaa5582a1af460d325b48a0acb69a925c7,0x4838b106fce9647bdf1e7877bf73ce8b0bad5f97,0xfeeeeee44046c3f61a8cc081e0918ef0de0a7ffc,2026-08-14T23:42:23,selfdestruct_context,0x6a7f3753,true
25754242,0x20ad8e2fbaad67cf105b713d179d656092a7ec02eeeeade2840f4ef6bdaa5ec0,0xc5b1e9ff5d4f189f165c92ef41f84fa08239d042,,2026-08-14T23:42:33,privileged_execution_context;contract_creation_context,0x60a08060,false
25754242,0x86cde2b9bd1240b90b35dd73b1986d56f339ecb38fb966224ca70cc946f3bed5,0x46565eedb0bb948ae787dd105cce300f736da28e,0x00000000005ad9ce1f5035fd62ca96cef16adaaf,2026-08-14T23:42:33,privileged_execution_context;complex_trace,0x8f5c3522,false
25754242,0x9e8334769d5bfe390841d9f5800855218b597154b1fca168efa30a0d4fa713e7,0xc5b1e9ff5d4f189f165c92ef41f84fa08239d042,0x19e2d2a436d1651580a4d48a296bf820eb17b280,2026-08-14T23:42:33,privileged_execution_context,0xf2fde38b,false
25754242,0xbd405a41db82faef5a9e60d06e77420816ca11ae24aa12b1e0557f3c77b288c0,0xc5b1e9ff5d4f189f165c92ef41f84fa08239d042,,2026-08-14T23:42:33,privileged_execution_context;contract_creation_context,0x60a03461,false
25754242,0xf44946e0d0d68171701176746d63e92661de56ae39b8fff28f9a8a865ac34826,0xc5b1e9ff5d4f189f165c92ef41f84fa08239d042,,2026-08-14T23:42:33,privileged_execution_context;high_gas_used_context;contract_creation_context,0x61018034,false
25754242,0x16847d034d594d387909c5926aa374f1564aedd6b01fd52278eafa09422b4ba3,0x4838b106fce9647bdf1e7877bf73ce8b0bad5f97,0xfeeeeee44046c3f61a8cc081e0918ef0de0a7ffc,2026-08-14T23:42:34,selfdestruct_context,0x6a7f375f,true
25754242,0x82e9aee2be3412c9b83175bac024c2b92bef7484da68842352bb88af8eaf72a5,0xf7bac63fc7ceacf0589f25454ecf5c2ce904997c,0xca11bde05977b3631167028862be2a173976ca11,2026-08-14T23:42:34,complex_trace;high_gas_used_context;token_activity_burst,0x252dba42,false
25754243,0x3c5096c916bb35ac8ea8d0617f3d80f818cc8d61c7801c4e43699719ec2ac1c5,0xdadb0d80178819f2319190d340ce9a924f783711,0xfeeeeee44046c3f61a8cc081e0918ef0de0a7ffc,2026-08-14T23:42:44,selfdestruct_context,0x6a7f376b,true
25754243,0xc89b0d2a370753ffdb1fe9de7b721a6748f1a6ee45dcc3b787e9ff86d51b6387,0xdadb0d80178819f2319190d340ce9a924f783711,0xfeeeeee44046c3f61a8cc081e0918ef0de0a7ffc,2026-08-14T23:42:44,selfdestruct_context,0x6a7f376b,true
25754243,0xd51df88c31224a7228f42d04c8d2824a6c2c7d4a809dfbea1af72b5854b7c538,0x3431172c887cf150d9fdaba9876273d9db566367,0x64f5aad0e38e2ff9f50f2e51e813e49c05aca41a,2026-08-14T23:42:44,complex_trace;high_gas_used_context;token_activity_burst,0xa9059cbb,false
25754243,0xe2b7e46a26b0fa0942df3b037fe324b7331032040000fa486bd775145ae76db1,0xdadb0d80178819f2319190d340ce9a924f783711,0xfeeeeee44046c3f61a8cc081e0918ef0de0a7ffc,2026-08-14T23:42:44,selfdestruct_context,0x6a7f376b,true
25754244,0x6b7b0063b2083194a26233be467c9d1ba12f8802fcda1135e4d356dc1264261f,0x50bf934781f63028c5c8ef49c4affe19a86d99b6,0x8d04cc7e86e687854eb41d9d43512b655b93184b,2026-08-14T23:42:55,selfdestruct_context,0xb5291b32,false
25754244,0x9c84f4386249ec465a31160e9b4b637005824c6ef6d041249406525c96a4166b,0x0e0052a184fd59c6b7e1e99d739802ecb3aec0e4,0xd82461784eb72d4b67cbab077989eb215315e272,2026-08-14T23:42:55,complex_trace;high_gas_used_context;token_activity_burst;approval_burst,0xac9650d8,false
25754244,0xe3153add0c72b1aec57f053bef629a0df7ff965087c24876fc0c8783f7bc7d8e,0x9fc3da866e7df3a1c57ade1a97c9f00a70f010c8,0xfeeeeee44046c3f61a8cc081e0918ef0de0a7ffc,2026-08-14T23:42:56,selfdestruct_context,0x6a7f3777,true
25754245,0x9f1fbf6d83b2eb2a05ef95c460d80e964d518fd3e124275e1c2d9c518c05cf85,0x28d262ee24e7ffa7b0958962cad78ade8c39be28,0x000000000000fb114709235f1ccbffb925f600e4,2026-08-14T23:43:07,dense_internal_fund_flow,0x5f3bd1c8,true
25754245,0xffb8753bbf34ae537637156f905e035a07d390166cc5a948ab6bda46a092d6a7,0x50837288ba720044d07ab645ab1f2eba96ffc344,0x52b335fd4d229c4b4ffa6190526e4b5fb8e3fb09,2026-08-14T23:43:07,dense_internal_fund_flow;complex_trace,0x085c8c5e,true
25754245,0x3c2277ea3eccfa9ed9d978db2cf4850d0b1b54d758e45c93c32d9b3179c571ad,0x2b3fed49557bd88f78b898684f82fbb355305dbb,0x09c30cdcdd971423cb3ba757a47d56c35d06d818,2026-08-14T23:43:08,dense_internal_fund_flow,0x318adb8b,true
25754245,0x6de1e076705a5c1b790484709c0dff645c30177883f660a3b3ac4a486d979348,0x4838b106fce9647bdf1e7877bf73ce8b0bad5f97,0xfeeeeee44046c3f61a8cc081e0918ef0de0a7ffc,2026-08-14T23:43:08,selfdestruct_context,0x6a7f3783,true
25754245,0x803699b4ae5586f27456083bc91b7f2f59237908b0bd35e6d8924d4736bd403d,0x161643f280b09be8e0271eef8efc6c264d125003,0x6eb53247e1e278e4893bce9f3e060977bb000f64,2026-08-14T23:43:08,dense_internal_fund_flow;token_activity_burst,0xa9059cbb,true
25754245,0xe286cc7bca65283678c0bd6773d32ef5776ade726674c94dfdf421ecfff88c64,0x2da636f52036a9bb1731c043a0e14695adfe5ff4,0x3d90f66b534dd8482b181e24655a9e8265316be9,2026-08-14T23:43:08,dense_internal_fund_flow;complex_trace,0x47ee97ff,true
25754245,0xe87b0bada4b350c1c421c5597a2b024e1abee683fd1d62168a2af5265cd9e2b7,0xef7cc10badfe8789393114791b265340572fce29,0x888888888889758f76e7103c6cbf23abbf58f946,2026-08-14T23:43:08,complex_trace;high_gas_used_context;token_activity_burst,0x60fc8466,true
25754246,0x14f2b723b640049c47fe6c6c49be3bcc5d5ee5a336b3a59f15ed5004222bc48c,0x4838b106fce9647bdf1e7877bf73ce8b0bad5f97,0xfeeeeee44046c3f61a8cc081e0918ef0de0a7ffc,2026-08-14T23:43:19,selfdestruct_context,0x6a7f378f,true
25754246,0x2405e12124cc4257b72d8dd3db0b9707ce3ab8e45ff18b165227fcf4f19dfcd7,0x4838b106fce9647bdf1e7877bf73ce8b0bad5f97,0xfeeeeee44046c3f61a8cc081e0918ef0de0a7ffc,2026-08-14T23:43:19,selfdestruct_context,0x6a7f378f,true
25754246,0x6434bd33c5e4a30ee7c8d557ba87aac75b534093c6f719e188db3ea5cd2d2b9b,0x4838b106fce9647bdf1e7877bf73ce8b0bad5f97,0xfeeeeee44046c3f61a8cc081e0918ef0de0a7ffc,2026-08-14T23:43:19,selfdestruct_context,0x6a7f378f,true
25754246,0x77972e284f61f346f89d505e1aba5fde0305bcb76590cafd609ce7306501f050,0x4838b106fce9647bdf1e7877bf73ce8b0bad5f97,0xfeeeeee44046c3f61a8cc081e0918ef0de0a7ffc,2026-08-14T23:43:20,selfdestruct_context,0x6a7f378f,true
25754246,0xcbda6240aa95eb823d3485961330c98b8c11641d5f35f6f8abad1e76e1d43ae5,0x59aab1bd0d26290274398c07b55955c15425e16b,0x00fe78205f5f0e63b8ad2b2ae5337f538a610e04,2026-08-14T23:43:20,complex_trace;high_gas_used_context;token_activity_burst,0x34fcd5be,false
25754247,0x0987188a5a6e60f6b4843f1cbf6ee4450436daaf4b96b1c478823390f86f6dbf,0x8ec85901f390dc55a848561ed1bbb062f64ebf78,0x2fdd3c0a682e5774205f0f6d3ed3c9d1b9cb9413,2026-08-14T23:43:40,large_erc20_asset_flow;complex_trace;high_gas_used_context,0xd6bda0c0,true
25754247,0x48574a8883580f47620573b0e063c6376f9109c9e0d36d09779f859c49e1fefd,0xba9bc9a8aa87872f7b990031bde984a00b9ced49,0xf57f9e622bc12da707db20a9e21cd88f212effc1,2026-08-14T23:43:40,complex_trace;high_gas_used_context,0x82ad56cb,false
25754247,0x9fabdba4e23c32d0db8f5b5cadaa4b97e5a5d39d9305dd86b1fa3f40a6e40630,0x4838b106fce9647bdf1e7877bf73ce8b0bad5f97,0xfeeeeee44046c3f61a8cc081e0918ef0de0a7ffc,2026-08-14T23:43:40,selfdestruct_context,0x6a7f379b,true
25754247,0xe4f9454cf51a30af02ea8fc8da6b951f98352fa82058498e02a90f654e2ebff9,0x0e0052a184fd59c6b7e1e99d739802ecb3aec0e4,0xd82461784eb72d4b67cbab077989eb215315e272,2026-08-14T23:43:40,complex_trace;approval_burst,0xbad401db,false
25754248,0x2f745635cde31662f0273cf376ad1456b8e8338d6386c65f45f790da58df6f39,0x5e9806e5b671942ce99f146b2813917e248e0589,0x69460570c93f9de5e2edbc3052bf10125f0ca22d,2026-08-14T23:43:45,complex_trace;high_gas_used_context;token_activity_burst,0x14d08fca,false
25754248,0x232dee69f487e6b628cb55d4ca8072f54c4191fbb5a3ff1deefce3e022dcc1a8,0x1bfb399b9331cf6c04daca591bcd6d093aafc28b,0xe70fc8ffb97f6d539e5d50f657f4aae69f01b87d,2026-08-14T23:43:47,privileged_execution_context;complex_trace,0x6e553f65,false
25754248,0x4bef9134585187ee9588280dc35c463c874d924e43fd8730e5e32777ff2603d0,0x0beea0e1f3d79cb55633530e291336dab9a7d82d,0xad3b67bca8935cb510c8d18bd45f0b94f54a968f,2026-08-14T23:43:47,complex_trace;high_gas_used_context;token_activity_burst;approval_burst,0x146ee74d,false
25754248,0x923eb1f9d49dbabb92e54f134661a181942d3ed3b4ac9e667857387718b81897,0x6bee594a81e3fb6f575c2945092fdc658b3bbf2c,0x66a9893cc07d91d95644aedd05d03f95e1dba8af,2026-08-14T23:43:47,dense_internal_fund_flow;complex_trace,0x3593564c,true
25754248,0xb9eef3f52d5c746a4aac8a17d733c08b6ad3e38972d8309354199f2bb8cc1517,0x4838b106fce9647bdf1e7877bf73ce8b0bad5f97,0xfeeeeee44046c3f61a8cc081e0918ef0de0a7ffc,2026-08-14T23:43:47,selfdestruct_context,0x6a7f37a7,true
25754248,0xc84ba479886526efa2269557f46bdc13dfa0b718ba4b06dcea71e1df3f570b77,0xdaf763adba152ee5e42f05488ea1cdc4e58af987,0x8b884f80b3b839f52b6ce168f133e7a5d1f0a537,2026-08-14T23:43:47,complex_trace;high_gas_used_context,0x6a761202,false
25754248,0xdfedd327703f0b8706fd7fa314fe02c6527f967523d30b7bf478f64491425e59,0x80d04079ffc53eb14edbeeb37279d126f45552df,0x306ca76f8f482b0cc843c788078fbfe78b7d6855,2026-08-14T23:43:47,repeated_internal_token_drain;dense_internal_fund_flow;complex_trace;token_activity_burst;repeated_risky_internal_calls,0x8aaa8f3b,true
25754249,0xa58afa3acb96e3e56cb5dbe7f00c7e9ab13e10e98c5c27efbac69a9fc5801ae0,0x4838b106fce9647bdf1e7877bf73ce8b0bad5f97,0xfeeeeee44046c3f61a8cc081e0918ef0de0a7ffc,2026-08-14T23:43:56,selfdestruct_context,0x6a7f37b3,true
25754249,0xf91d078c7e61e76ab702310984be6256b02f2c520f26f6297c895cc15ed0e947,0x277174128a77e24437bc5dad82e40ba9d7997899,0x881d40237659c251811cec9c364ef91dc08d300c,2026-08-14T23:43:56,dense_internal_fund_flow;complex_trace;high_gas_used_context;token_activity_burst,0x5f575529,true
25754249,0x14216d2c2d74651ba8c478ac6abbd85e9bc4ada6d24116770643537fa566100a,0x4838b106fce9647bdf1e7877bf73ce8b0bad5f97,0xfeeeeee44046c3f61a8cc081e0918ef0de0a7ffc,2026-08-14T23:43:57,selfdestruct_context,0x6a7f37b3,true
25754249,0x84df0c385a2cc9e33b48076e8dc80c454d2fd5140de7e2190d5cceff2c6927ee,0x4838b106fce9647bdf1e7877bf73ce8b0bad5f97,0xfeeeeee44046c3f61a8cc081e0918ef0de0a7ffc,2026-08-14T23:43:57,selfdestruct_context,0x6a7f37b3,true
25754249,0xaa6201f261b09e5c0544f259d2d6c565424c53a3d465d58694df1fd9daba856a,0x578fc7a5b72d62eadd1b3e97c9201d362cab63d7,0x000000000000fb114709235f1ccbffb925f600e4,2026-08-14T23:43:57,dense_internal_fund_flow,0x5f3bd1c8,true
25754250,0x48bcd8418c415f50e804f20409f67e8cec8bd9a2ab3770eba187ffdb061acc21,0x36abd0a112b5215c062a7a7125ba8cc23986bbe0,0xb276f62db0ce8ca2ca5bc522695be604521eac1c,2026-08-14T23:44:08,dense_internal_fund_flow;high_gas_used_context,0xb840cf36,true
25754250,0x95108c0887a90ffbc591235cdbb35e7d0161fc0c79007ed55d63b860c4f3f76a,0xfc9928f6590d853752824b0b403a6ae36785e535,0xe2536231fc1512babc8c856ad7499830a936bdd9,2026-08-14T23:44:08,complex_trace;token_activity_burst,0x03fb13d5,false
25754250,0xb0175eeeeeaff2bb9cc5fd8146f38121c1eb749c5921ba836eb1cd16222c3fea,0xbe58106e727a853703ddf95047e2f2e41e5ec0d5,0x28b1dc1a5e3699a428bc51d234dfab7c9cb2a183,2026-08-14T23:44:08,complex_trace;high_gas_used_context;token_activity_burst,0xf2c42696,false
25754250,0xd1107c7e142d42205dffe39a8e8123dd7db5f2fc04b7238b610da40eafeefcdb,0x000000000062b66705d912df5940ffacbbec6a82,0x0000000000be226afde21672a5e4adc45692e69d,2026-08-14T23:44:09,complex_trace;high_gas_used_context,0x00060000,false
25754250,0xe506661c9078c2f4121c7ba1e041f71ace32fc36180a3d1308bb568b6e95a75f,0x4838b106fce9647bdf1e7877bf73ce8b0bad5f97,0xfeeeeee44046c3f61a8cc081e0918ef0de0a7ffc,2026-08-14T23:44:09,selfdestruct_context,0x6a7f37bf,true
25754251,0x29eafe498be576c925afa87c643b61ed8198366a652250eba8975fdc9963d549,0x7830c87c02e56aff27fa8ab1241711331fa86f43,0xa9d1e08c7793af67e9d92fe308d5697fb81d3e43,2026-08-14T23:44:24,dense_internal_fund_flow,0x1a1da075,true
25754251,0x97ebcdb4a1219b13a8e8456c5462f085e7011ff1c4ec8f3f5411274cc0641aec,0x5b43453fce04b92e190f391a83136bfbecedefd1,0xbdb3ba9ffe392549e1f8658dd2630c141fdf47b6,2026-08-14T23:44:24,complex_trace;token_activity_burst,0x000000c3,false
25754251,0x49e7be1b674145afa78b482579f63d352a7c2cf69610c408f5a59259e52ea1c7,0x4838b106fce9647bdf1e7877bf73ce8b0bad5f97,0xfeeeeee44046c3f61a8cc081e0918ef0de0a7ffc,2026-08-14T23:44:26,selfdestruct_context,0x6a7f37cb,true
25754251,0x7d23bea923a5d2afb6aa2648bb70464082acd7e292b84f993f700c9be0cd70a7,0x3cfdc212769c890907bce93d3d8c2c53de6a7a89,0x433709009b8330fda32311df1c2afa402ed8d009,2026-08-14T23:44:26,privileged_execution_context;complex_trace,0x765e827f,false
25754251,0xff2ef6b90c060ad42df5482f7845d01387951df55c5bdc634a722ccf04508cde,0x0e0052a184fd59c6b7e1e99d739802ecb3aec0e4,0xd82461784eb72d4b67cbab077989eb215315e272,2026-08-14T23:44:26,complex_trace;approval_burst,0xbad401db,false
25754252,0x00cc15c60b8e4fd48c1415718bc67db7e47a931dfe2d6b739ccc7829ab6540ce,0x43627ed313b783200d7fd4b0622aaf7117700fdc,0x6131b5fae19ea4f9d964eac0408e4408b66337b5,2026-08-14T23:44:35,dense_internal_fund_flow;complex_trace,0xe21fd0e9,true
25754252,0xb4367de4259cf47573673ea20e38185ccafae942867bb4ac4009ba285bac75bd,0xb09972f590a2490b6232ccbfe6f31a08f652c24f,0x86d043c1c5850ad1fba6d0ab58c99afdcc85301f,2026-08-14T23:44:36,privileged_execution_context;complex_trace,0xc6fe8747,false
25754252,0x413e6550eeca34f8056cc61c392aa1fa085808a524dbe0e8acc6b67cc6a608bb,0x9235910f410478b89f86e06be0e4535335af6dea,0x00000f91109c4d0007e90000d9facad5298a0cac,2026-08-14T23:44:40,large_erc20_asset_flow;complex_trace;high_gas_used_context;token_activity_burst;approval_burst,0x00000000,true
25754252,0x5453a84e8b1f43eb4cf703c95e13e2e89bcecdbf5a3ef28de378ee00cefc15bf,0x4838b106fce9647bdf1e7877bf73ce8b0bad5f97,0xfeeeeee44046c3f61a8cc081e0918ef0de0a7ffc,2026-08-14T23:44:40,selfdestruct_context,0x6a7f37d7,true
