block_num,tx_hash,from,to,detect_time,attack_signals,selector,has_asset_impact
25753693,0xa27c919c2ba3d887d16fb1cec88d7aed6dfd5961f644f272eb33498bef56d1a5,0x59aab1bd0d26290274398c07b55955c15425e16b,0x00fe78205f5f0e63b8ad2b2ae5337f538a610e04,2026-08-14T22:00:00,complex_trace;high_gas_used_context,0x34fcd5be,false
25753693,0xf6020cc93f68be3fc40cedd5ebd23eb8e75eab97841bf13b21df191c42b28154,0x5f7a4c11bde4f218f0025ef444c369d838ffa2ad,0x9948160c408f00c92cb154981314a14347169184,2026-08-14T22:00:00,privileged_execution_context,0xf2fde38b,false
25753694,0x5d0db3f1159ac668e2c90edb22c47ebff342fe2d263dbb4770284a1810a53ba6,0x6374d6a2f0148e908b53b557bb2e048d7ea440ec,,2026-08-14T22:00:09,privileged_execution_context;high_gas_used_context;contract_creation_context,0x60806040,false
25753694,0x1fe0fac90a1d9d1c3fefe6626ec059e6d166736aad60f907b86ea340beeb9944,0x49e1bf431e9bbbd8e57afcd21ccac3f30e7d98d3,0x28b1dc1a5e3699a428bc51d234dfab7c9cb2a183,2026-08-14T22:00:11,complex_trace;high_gas_used_context,0xf2c42696,true
25753694,0x870bf0c293489d037fd64668992addf338fdf5d3f86154f14564002e2d2d5c07,0x3ada7d6a47911057817146d81cb0b96c91a3d972,0xac9f360ae85469b27aeddeafc579ef2d052ad405,2026-08-14T22:00:11,complex_trace;high_gas_used_context,0x28223a77,false
25753694,0x9f33243b2a603885d6d2a1ce0e5c52bc61ee96308cf576b5d0c125b4e52febce,0x1584a8ee67789d1fe161065388657ad2f2a3c7dd,0x77eb52e44db06777bce478159f25c0d55a295314,2026-08-14T22:00:11,repeated_internal_token_drain;dense_internal_fund_flow;complex_trace;token_activity_burst;repeated_risky_internal_calls,0xa9059cbb,true
25753694,0xf8bb58b2b200fbcaeef19b4260449dfd36f78b8d31f4ffe13b423472fd9d2181,0xf8d9c54bb2d4c78a2afa7135160e01c84d356f49,0xf33de2670607adb4f2124cecd90dea248eba2a79,2026-08-14T22:00:11,large_erc20_asset_flow;complex_trace;high_gas_used_context,0x6e70629f,true
25753694,0xf9443eb5502fcdd2fc0668bd78fb495c55979b23b6c51c1fbfcb0416dba189f7,0xdda3b51e29f9d6fad865c5dd7070d5f7eb57663e,0x8d8210a0252a706cb5de0c6f8e46b6d3692afc19,2026-08-14T22:00:11,complex_trace;high_gas_used_context,0xffc3a769,false
25753695,0x114d04a04b8cfa73cb25709ba2856de0662571bad5cfef29c92451832d436a77,0x48ef71638af37a2b997e1198835c79bd054e201b,0x663dc15d3c1ac63ff12e45ab68fea3f0a883c251,2026-08-14T22:00:24,dense_internal_fund_flow;complex_trace;high_gas_used_context;token_activity_burst,0x258c16ee,true
25753695,0x9688a2cf69c0fd2921424568343fcf4363c43af3005e3fcf50d023495da4c74e,0x59aab1bd0d26290274398c07b55955c15425e16b,0x00fe78205f5f0e63b8ad2b2ae5337f538a610e04,2026-08-14T22:00:29,complex_trace;high_gas_used_context,0x34fcd5be,false
25753695,0x9b75a5db8647a380e6fcec3f57e5a339f4cf457e6920e4c94d097a6c0d2dcbe5,0x4838b106fce9647bdf1e7877bf73ce8b0bad5f97,0xfeeeeee44046c3f61a8cc081e0918ef0de0a7ffc,2026-08-14T22:00:29,selfdestruct_context,0x6a7f1daf,true
25753696,0xb696542faa161c2015bccc4e6cf0e1dff863234efe549faf12fd6883eaaba916,0xfb757d9b5decae8486f6720e7c0777287f3712f0,0x78469059143bcc275df767d0c1031411417b5c77,2026-08-14T22:00:40,dense_internal_fund_flow,0x4fc19975,true
25753696,0x8951eb078fef29fe9e7380a53c8f8b7273b97510725101a22a840bf7a6cfc2f9,0x062ce42cae04c51d04e77e3d64cc8953a2296ffe,0x8a25a24ede9482c4fc0738f99611be58f1c839ab,2026-08-14T22:00:41,large_erc20_asset_flow;complex_trace,0x6a761202,true
25753696,0xb749f2a3819923e911d84cc658703e670fe37852b0aea69d0713fcca3ba30602,0x4838b106fce9647bdf1e7877bf73ce8b0bad5f97,0xfeeeeee44046c3f61a8cc081e0918ef0de0a7ffc,2026-08-14T22:00:41,selfdestruct_context,0x6a7f1dbb,true
25753696,0xff407ce4021f9b0bc84f5c94da8aaca67f85838314f879d0e08c84aa99c39b3a,0x4293664628469891c4043780874bbfe4dc6223e2,0x0ef8fa4760db8f5cd4d993f3e3416f30f942d705,2026-08-14T22:00:41,dense_internal_fund_flow;complex_trace,0x2e03931e,true
25753696,0x0177a196120daddedf76a7c5d7262fcde37dbdda040031c45d14b2c422a337ab,0x09cfee647fa339133380191c8db6b44f24500c9d,0x77b85afbcd336993ac1c65057531c5a5b33b76b8,2026-08-14T22:00:42,repeated_internal_token_drain;dense_internal_fund_flow;complex_trace;high_gas_used_context;token_activity_burst;repeated_risky_internal_calls,0xa9059cbb,true
25753696,0x12e991afecc001dcdc3062cc88d33d2662c3d5f45f13123c4497fbefcee49dca,0x6667cfe4698500cec4ed2cf22a9d6dbf15aec81d,0x2c158bc456e027b2affccadf1bdbd9f5fc4c5c8c,2026-08-14T22:00:42,large_erc20_asset_flow;complex_trace,0x445df08b,true
25753696,0x98a56c46fdf6f2c6e5735c2afb50e206d7ad0e8ed84f1a65caaa1dac45859017,0x5f7a4c11bde4f218f0025ef444c369d838ffa2ad,0x3a17df3aa78bc2305a48a736b86927f5dc5172b0,2026-08-14T22:00:42,privileged_execution_context,0xf2fde38b,false
25753696,0xe4a129f64c74fdd610920374a1e2cb389f67823aa49e4e56baa27cd45b4243f5,0x0e0052a184fd59c6b7e1e99d739802ecb3aec0e4,0x0b8a49d816cc709b6eadb09498030ae3416b66dc,2026-08-14T22:00:42,complex_trace;token_activity_burst;approval_burst,0xf497df75,false
25753696,0x4f144084a4a5177b0702511336b970fbe3e0f2e3adea3b5477655cbf4f8c9910,0x4838b106fce9647bdf1e7877bf73ce8b0bad5f97,0xfeeeeee44046c3f61a8cc081e0918ef0de0a7ffc,2026-08-14T22:00:43,selfdestruct_context,0x6a7f1dbb,true
25753696,0xf9b95bb18808e597d25aaa56a172b0595fa48da7218d73d2be76cffbda5b30be,0x59aab1bd0d26290274398c07b55955c15425e16b,0x00fe78205f5f0e63b8ad2b2ae5337f538a610e04,2026-08-14T22:00:43,complex_trace;high_gas_used_context,0x34fcd5be,false
25753697,0x25e83b565e0bd847a44b0ff4ac76e6aa3bd9e6de638107c1306697727b1f506a,0x5f7a4c11bde4f218f0025ef444c369d838ffa2ad,0x9768d3956a850913fb74594ebf40dff9b5b576f3,2026-08-14T22:00:50,privileged_execution_context,0x7272f3ff,false
25753698,0x0773dc36d5e5401c9a61df6e56c20eb57723f9fba4040fa07391c5e663a4e3f1,0x50bf934781f63028c5c8ef49c4affe19a86d99b6,0x8d04cc7e86e687854eb41d9d43512b655b93184b,2026-08-14T22:01:14,selfdestruct_context,0xb5291b32,false
25753698,0x1d7f500ae16504423e465eee5ec77deff80778251affb1851c0ac9399e8cc69a,0x2b3fed49557bd88f78b898684f82fbb355305dbb,0x09c30cdcdd971423cb3ba757a47d56c35d06d818,2026-08-14T22:01:14,dense_internal_fund_flow,0x318adb8b,true
25753698,0x54390eb8c54ad343eda24c1bed9efbca9854804aa766f95710730b1b6d591cde,0xadbdfc1271970fabcbea9c7507c6a22e056d9b48,0x6566194141eefa99af43bb5aa71460ca2dc90245,2026-08-14T22:01:14,large_erc20_asset_flow;complex_trace,0x374f435d,true
25753698,0x62c32d536f1068d48d2bb9388b56ca8ce0887f238cd5b224e5ed81e290050075,0x1584a8ee67789d1fe161065388657ad2f2a3c7dd,0x77eb52e44db06777bce478159f25c0d55a295314,2026-08-14T22:01:14,repeated_internal_token_drain;dense_internal_fund_flow;complex_trace;token_activity_burst,0xa9059cbb,true
25753698,0x9f7a5082832ec59b214bcd9786ee8196280f36256e229adc42bceba8ef721c56,0x016b8816db87f0a0f8190e3f2ca88357809984a9,0x7f39c581f595b53c5cb19bd0b3f8da6c935e2ca0,2026-08-14T22:01:14,large_erc20_asset_flow,0xea598cb0,true
25753698,0xec644861a8239cd2d9868d692c326d873b972356c2421856d4fbdd5f30c10fcf,0x7f881d3ea884051dfa36dcf68fa879dc83a9fc85,0x00000f91109c4d0007e90000d9facad5298a0cac,2026-08-14T22:01:14,large_erc20_asset_flow;complex_trace,0x00000000,true
25753698,0x059e7cc17e065000e5fbd357500770efa401c5b63066c3f67f3e681ebaebeca3,0x4838b106fce9647bdf1e7877bf73ce8b0bad5f97,0xfeeeeee44046c3f61a8cc081e0918ef0de0a7ffc,2026-08-14T22:01:15,selfdestruct_context,0x6a7f1dd3,true
25753698,0x33a196420033f5c6331399663f0d9d7412d17059674a89a82ed75a7decd99ef3,0x4838b106fce9647bdf1e7877bf73ce8b0bad5f97,0xfeeeeee44046c3f61a8cc081e0918ef0de0a7ffc,2026-08-14T22:01:15,selfdestruct_context,0x6a7f1dd3,true
25753698,0x4b54ea7f4deb10c9dc6dc458dc8a75e88b8e64b6b5da9ab88ab86da8432acfe2,0x00000003d3a63cee299683f0609949d53824c6b9,0xd4c3e452a13fe2fd2b1fde65adf17d101eb42d25,2026-08-14T22:01:15,privileged_execution_context,0xf2fde38b,false
25753698,0x4f6b178249eed239c01defca30104b8e8e5a0fbcd7139abcc2687c6f2b7c9dec,0x59aab1bd0d26290274398c07b55955c15425e16b,0x00fe78205f5f0e63b8ad2b2ae5337f538a610e04,2026-08-14T22:01:15,complex_trace;high_gas_used_context,0x34fcd5be,false
25753699,0x0535bd63b2df81458946fb5fb2f6a28e3dbe92a980e633931c20c8d30008772a,0x5f7a4c11bde4f218f0025ef444c369d838ffa2ad,0x9768d3956a850913fb74594ebf40dff9b5b576f3,2026-08-14T22:01:29,privileged_execution_context,0x7272f3ff,false
25753699,0x533fb7ad7f00c3c3d7b37596ebc877d8060c6628776e84e09dafebfa6622e3fe,0xde992badd92adaf9146255e9bde6a70770973664,0x3d0f22bf11636cc9cb129e2b261eed35a487455c,2026-08-14T22:01:29,complex_trace;high_gas_used_context,0xa9059cbb,false
25753699,0x861121e0259006d36eb48f30fb2cbf1a6db214f0296e00eca2b70550276e2c54,0x7830c87c02e56aff27fa8ab1241711331fa86f43,0xa9d1e08c7793af67e9d92fe308d5697fb81d3e43,2026-08-14T22:01:29,large_erc20_asset_flow,0xca350aa6,true
25753699,0xf13938f91416d085bc54f439ed7ba5d8f57f0c5255e208c1e02e8022ce829571,0xde992badd92adaf9146255e9bde6a70770973664,0x3d0f22bf11636cc9cb129e2b261eed35a487455c,2026-08-14T22:01:29,complex_trace;high_gas_used_context,0xa9059cbb,false
25753700,0x3068c383fa9dbed9a62eec584f53643ab3b6d5c165df22e2ff3b32127f6de0e3,0x754dcfb2861547015b221e963b4133a71dbdc024,0x3e07be15370d8b12d80a159a7ef14b9e51869497,2026-08-14T22:02:04,dense_internal_fund_flow;complex_trace,0x21af54c6,true
25753700,0x322e26875fb5eab8831597c617e8da19ed558e7af25dce01adec7332baca07bf,0x7a1659b86d7009442f796504fa5633996db3645e,0x6131b5fae19ea4f9d964eac0408e4408b66337b5,2026-08-14T22:02:04,dense_internal_fund_flow;complex_trace,0xe21fd0e9,true
25753700,0x8fc5992a2e4ce1ba6eb4fd9a71e9cc197d0f216d1b58b959b69dd8b1585a5930,0xfaec284e854d963c5598aa6ba099bbf8f0b8f96d,0x6131b5fae19ea4f9d964eac0408e4408b66337b5,2026-08-14T22:02:05,complex_trace;high_gas_used_context,0xe21fd0e9,true
25753700,0xf1bd3d3950ee611d89eb27cf7b454871430d4557e8495ae817c7948dcf80c05b,0x6374d6a2f0148e908b53b557bb2e048d7ea440ec,0x26f90f57adc746be5b67ed51f185b8e13cb6306c,2026-08-14T22:02:06,dense_internal_fund_flow;high_gas_used_context,0xc9567bf9,true
25753700,0x2ec27d2a0cef5c0617cab1926324413b085d13d067be64e38c38867b02bd3779,0x6c45b0a56a451a86f67e65ffb090bcde940933cf,0x91ff8bbd8ebb07893010d50a48a1609e5ebd8e34,2026-08-14T22:02:38,complex_trace;high_gas_used_context,0x069d1525,false
25753700,0x2f2fc3197469583a9c551b309dd7e5ef4e9f6f34188d7122e80661c304b3e731,0xc513fb4b979f1cefc43682ca7ab4a19cee1cacc2,0x888888888889758f76e7103c6cbf23abbf58f946,2026-08-14T22:02:38,complex_trace;high_gas_used_context;token_activity_burst,0x60fc8466,true
25753700,0x685972aa64a3df0edaade9bb167f3deb60863127e436dec070501f372ab92882,0x59aab1bd0d26290274398c07b55955c15425e16b,0x00fe78205f5f0e63b8ad2b2ae5337f538a610e04,2026-08-14T22:02:38,complex_trace;high_gas_used_context;token_activity_burst,0x34fcd5be,false
25753700,0x943da93cd0f3c9ff8fc6d051823420bddddfc2cbc1f78a49591bdb5f0a7ed64e,0x48f07c16cbd5f12939e1ab24b8a23d161d6c3596,0x0000000071727de22e5e9d8baf0edac6f37da032,2026-08-14T22:02:38,dense_internal_fund_flow;complex_trace,0x765e827f,true
25753700,0x9ffda4b86b64a006ac391802f3b2050ecd9562c76f7a70d27423d961a90b9544,0xa0c85ffaff895c0cf5aed1993dc6e3195adf593b,0x9b6eda8460ac664287493038b23f25b03dfbbdb1,2026-08-14T22:02:38,large_erc20_asset_flow;complex_trace,0x469f504f,true
25753701,0x1b95fa115b71d21662455308c3c3c07a673ae2e594b8cc4ca073b09e27ab512a,0x617ccb6d070f08953c2fc481fb19674162e672f1,0x91ff8bbd8ebb07893010d50a48a1609e5ebd8e34,2026-08-14T22:02:51,complex_trace;high_gas_used_context,0x069d1525,false
25753702,0x01117da5606f7fb902cf6e9a094c84eab87cdbb7048b1b9af8e593b9eaf73d58,0xe99bd1c2dd70cd58e5efd47887991700e7318ce2,0xad3b67bca8935cb510c8d18bd45f0b94f54a968f,2026-08-14T22:03:00,repeated_internal_token_drain;dense_internal_fund_flow;very_complex_trace;high_gas_used_context;token_activity_burst;approval_burst,0x146ee74d,true
25753702,0x20b05950ee5c731595ffc1f86f44cc22bd2b774a13a29007e285ac9f8b153c31,0xce269e6ce7e1ba8bd5c1b11c3933c3ebe95742d9,0xcb0151ac9479a6a0261622baa63ae843c9793d45,2026-08-14T22:03:00,large_erc20_asset_flow;complex_trace;approval_burst,0x64cd187f,true
25753702,0xdb37f7f78c9dce65cb4646858172a7d7a1911e3f80b64cc8b96921c75ac4ea98,0x7830c87c02e56aff27fa8ab1241711331fa86f43,0xa9d1e08c7793af67e9d92fe308d5697fb81d3e43,2026-08-14T22:03:00,dense_internal_fund_flow,0x1a1da075,true
25753702,0x1be13e69600abdd91e9f3b467b04c659de2a9b1924a671c0363f30e2a008391b,0x5f7a4c11bde4f218f0025ef444c369d838ffa2ad,0x28b40fc9dde267a91ed739961042ca34d5a1db2a,2026-08-14T22:03:02,privileged_execution_context,0x1d5a80d5,true
25753702,0x23b74142e2503fd65fd3a5da09d5dabc1a81deb3e3452103cb4bafbcc5e2fd41,0xa127edc40fea07cdff89f8d812931f612ec13fa6,0xb222da0f9c22ad2addcb0b0d6b150f398e44157a,2026-08-14T22:03:02,large_erc20_asset_flow;complex_trace,0xef4d7b75,true
25753702,0x2b50149cc2b3cb9b06c803e6c1ab7480f252782620106556eff46cd7b65e9b1c,0x4337009be43c7ecc9bfbde0f1780553aa065187e,0x0000000071727de22e5e9d8baf0edac6f37da032,2026-08-14T22:03:02,privileged_execution_context;complex_trace,0x765e827f,false
25753702,0xb2a70f6bbe853073f51d3ffd00b902d3d0076b01132bb48932294b596934c369,0x6a4164a8cf9b814748ee1e2576e1372e9f15c898,0x0a252663dbcc0b073063d6420a40319e438cfa59,2026-08-14T22:03:02,dense_internal_fund_flow;large_mint_to_sender;very_complex_trace;high_gas_used_context;token_activity_burst;selfdestruct_context,0xf5878b9b,true
25753702,0xb486ce6dee0b979cce6200e35d0ba35dd832b31c71e90d12d89333cc58316087,0xb08b2c3099193bcf05f742ccb7f206635fe243b3,0x91ff8bbd8ebb07893010d50a48a1609e5ebd8e34,2026-08-14T22:03:02,complex_trace;high_gas_used_context,0x069d1525,false
25753702,0x9374f38f63036ebe0af51d699d7a6a0e2a746c5299238ed3eaf671f786b21194,0x59aab1bd0d26290274398c07b55955c15425e16b,0x00fe78205f5f0e63b8ad2b2ae5337f538a610e04,2026-08-14T22:03:03,complex_trace;high_gas_used_context,0x34fcd5be,false
25753702,0xd0aa86d5b0691c94111428dcf6413dd4ef4acdf7a3e769ba292c5497c82006f4,0x59aab1bd0d26290274398c07b55955c15425e16b,0x00fe78205f5f0e63b8ad2b2ae5337f538a610e04,2026-08-14T22:03:03,complex_trace;high_gas_used_context,0x34fcd5be,false
25753702,0xd55138cb54d448472c25ebb3e63dd9c1eaaf36644e57fbc8ec76fa599f3f8cc9,0xdda3b51e29f9d6fad865c5dd7070d5f7eb57663e,0x8d8210a0252a706cb5de0c6f8e46b6d3692afc19,2026-08-14T22:03:03,complex_trace;high_gas_used_context,0xffc3a769,false
25753702,0x32b947ea030997c0eb6779481e9cdc8e383d21f720f40fbf6c3639f92031c9d6,0x96c4af8a6634f1dd8d50d7e373a44852a511487b,0xe85e820f644e2bbde220ceed49ee27fd54464ae9,2026-08-14T22:03:04,privileged_execution_context;complex_trace,0xc6fe8747,false
25753702,0x5bf4947895caeaf4375250699ae39862eaa9b288f6f3f090716a271df6f512e2,0xdadb0d80178819f2319190d340ce9a924f783711,0xfeeeeee44046c3f61a8cc081e0918ef0de0a7ffc,2026-08-14T22:03:04,selfdestruct_context,0x6a7f1e03,true
25753702,0xb2dfc494a617aa9d863c9d6b75ffeead404fb3e0a792be883759829d84d0e1f2,0xdadb0d80178819f2319190d340ce9a924f783711,0xfeeeeee44046c3f61a8cc081e0918ef0de0a7ffc,2026-08-14T22:03:04,selfdestruct_context,0x6a7f1e03,true
25753702,0xda590d0b3d34891a16934fcb2ae47b072b01141a123cafaf97d60cc30378ee8e,0xdadb0d80178819f2319190d340ce9a924f783711,0xfeeeeee44046c3f61a8cc081e0918ef0de0a7ffc,2026-08-14T22:03:04,selfdestruct_context,0x6a7f1e03,true
25753702,0xf1ea5d1e4b321af6da7739e6a2f474dc37dc0b4785c46025742fb660a8cae6a4,0xdadb0d80178819f2319190d340ce9a924f783711,0xfeeeeee44046c3f61a8cc081e0918ef0de0a7ffc,2026-08-14T22:03:04,selfdestruct_context,0x6a7f1e03,true
25753703,0xb6f73df1cceb39f45a9b8b051294b2a1a60dc465ccf5b180836729c056d69ede,0xfdff0b569f14af593d446e51b3e42f502124ac85,0x111111125421ca6dc452d289314280a0f8842a65,2026-08-14T22:03:07,dense_internal_fund_flow;complex_trace;approval_burst,0x07ed2379,true
25753704,0xe7b92cf220714c91b19d116882a3b424574d59760dae9f4b33e3dbc3d33af65d,0x8e87caf1fc5a0d4aebe0e0c976b24a3a9e3672c4,0x0000000000001ff3684f28c67538d4d072c22734,2026-08-14T22:03:11,large_erc20_profit_to_sender;large_erc20_asset_flow;complex_trace,0x2213bc0b,true
25753704,0x1851d337da21aba4a2143228389c5da6f57687fed2d3ce8e243e30f6195531c1,0x5f7a4c11bde4f218f0025ef444c369d838ffa2ad,0x7cd7f3e537297b29f6674cc4905668a488a92108,2026-08-14T22:03:12,privileged_execution_context,0xf2fde38b,false
25753704,0x266611c0e4bec5beb8cd421cce9ddae3a5ea2aa85b66fd82110abbc669e88365,0xb1ff0b36580dfe3ed4f3fe3842dbc26ef33c0c01,0x61441f16575276b608cd1ddf1bd93d28237ad17c,2026-08-14T22:03:12,dense_internal_fund_flow,0x8a8c523c,true
25753704,0x51127781b145f5f1310316de604206b0adf9afa236d0e142e95dce73406231b5,0x70e59f9c304e4d5096bd408b571e2dcd99c3120b,0xad3b67bca8935cb510c8d18bd45f0b94f54a968f,2026-08-14T22:03:12,complex_trace;high_gas_used_context;token_activity_burst;approval_burst,0x146ee74d,false
25753704,0x78d18b77c704d6236672f5c99d6446b0c7f0c7ab08e0710d2ce794228a5b6ec3,0x0e0052a184fd59c6b7e1e99d739802ecb3aec0e4,0xd82461784eb72d4b67cbab077989eb215315e272,2026-08-14T22:03:12,complex_trace;approval_burst,0x805f7b65,false
25753704,0xf80ff6dbf7e6e664136506d9b977046baa89e36743faac7f00ac25681c9ffd41,0x0816cfde9980c2f2296213cf35a9e8c5f2c6b2d9,0x91ff8bbd8ebb07893010d50a48a1609e5ebd8e34,2026-08-14T22:03:12,complex_trace;high_gas_used_context,0x069d1525,false
25753705,0x28d180a8d1360abf5ef9d14cf9d92f56344dc7cabd061ad5bfb11009047f3cb8,0x7b49bc3ebbdf7322f31c6449320382bbec3be1b6,0xad3b67bca8935cb510c8d18bd45f0b94f54a968f,2026-08-14T22:03:30,complex_trace;high_gas_used_context;token_activity_burst;approval_burst,0x146ee74d,false
25753705,0x4bf54cbafcb8abe2c2df2a649525b0aa43a7b25c76cf81a8110bb76ddf9d81c1,0x8a3c1099b4f5269fd58817a51f69d3850b672010,0x3f099b22e81d6309eccf67e4d852c00eac6916b5,2026-08-14T22:03:30,privileged_execution_context;high_gas_used_context,0x2f2f2d56,false
25753705,0x34d9dc864cb050448844cb5423cd8c0688790689b15edf0a7fb0fa212f147d8d,0x00c501a744b3db320f1eb5675f9a606bd298d2b9,0x91ff8bbd8ebb07893010d50a48a1609e5ebd8e34,2026-08-14T22:03:31,complex_trace;high_gas_used_context,0x069d1525,false
25753705,0x458fdae07731a9bac297345dcd1d16565fb6e451dbf3665404a3777c6e688252,0x60d28f3b05f84aa7b01aa866b87f7414a4110000,0xd47d7b2ca130e58f175a83d9b4c53e06bd425489,2026-08-14T22:03:31,privileged_execution_context;high_gas_used_context,0x68130445,false
25753705,0x991eae6b846427bb5ff88f0703fcfb4467651f8141953963bb36d92d2b7f4e57,0xa5c7857bf8c8220403caf189066ce5bac4462705,0x91ff8bbd8ebb07893010d50a48a1609e5ebd8e34,2026-08-14T22:03:31,complex_trace;high_gas_used_context,0x069d1525,false
25753705,0x22c17d6824b4cffe695e8bf69474179eaa07df2c79183c7aa48612e1322cae9b,0xebb870a0aaaa7bc55ead925d03a4af4a8db79a03,0x888888888889758f76e7103c6cbf23abbf58f946,2026-08-14T22:03:33,large_erc20_asset_flow;complex_trace,0x47f1de22,true
25753705,0x34869422e787041faf7589ea0da522c4b8b3db91ede2244b3339b319e087be6d,0xd6434d157f254276d69ede3bd9fc805482206908,0x7ec8a30a34b86927dc77b302603d1d53e640bef7,2026-08-14T22:03:33,repeated_internal_token_drain;dense_internal_fund_flow;complex_trace;high_gas_used_context;token_activity_burst;repeated_risky_internal_calls,0xa9059cbb,true
25753705,0x8cc812ef93b734940626af5e4cc940a2dad39ffd3dcf8b6a3fac3f25538e8545,0x59aab1bd0d26290274398c07b55955c15425e16b,0x00fe78205f5f0e63b8ad2b2ae5337f538a610e04,2026-08-14T22:03:33,complex_trace;high_gas_used_context,0x34fcd5be,false
25753705,0xa32eaaa3685909c5231a8cc8751702ff73d12d7470de15f21ee50462540eb25f,0x59aab1bd0d26290274398c07b55955c15425e16b,0x00fe78205f5f0e63b8ad2b2ae5337f538a610e04,2026-08-14T22:03:33,complex_trace;high_gas_used_context,0x34fcd5be,false
25753705,0xe83c3f7706e60b4e9da37e0f6c9d3969f8bd738fd3cd1c7434ff054adf078324,0x1d53960165188ee0c74a5705ee6307fea517c613,0x0000000071727de22e5e9d8baf0edac6f37da032,2026-08-14T22:03:33,dense_internal_fund_flow;complex_trace,0x765e827f,true
25753705,0x536e8ebd1cc8d43918ec9cf938f298b119ebce458f8461f7c483379333c65752,0x3cfdc212769c890907bce93d3d8c2c53de6a7a89,0x0000000071727de22e5e9d8baf0edac6f37da032,2026-08-14T22:03:34,large_erc20_asset_flow;privileged_execution_context;complex_trace,0x765e827f,true
25753705,0xa6ff636710d7cd5c250cfcc77b13364b6fd8f5caf47d4f276396aed2e4a01b78,0x4838b106fce9647bdf1e7877bf73ce8b0bad5f97,0xfeeeeee44046c3f61a8cc081e0918ef0de0a7ffc,2026-08-14T22:03:34,selfdestruct_context,0x6a7f1e27,true
25753706,0xac55f1fab7ba49059bc9dc448a7540fc9c573d3f39c5cccae6145c3a244f5e5f,0x6a4164a8cf9b814748ee1e2576e1372e9f15c898,0x0a252663dbcc0b073063d6420a40319e438cfa59,2026-08-14T22:03:42,dense_internal_fund_flow;large_mint_to_sender;very_complex_trace;high_gas_used_context;token_activity_burst;selfdestruct_context,0xf5878b9b,true
25753706,0xbd7a0d85e6b75b40645db66c95c77c27e559550191bf604ec157fe3ec9bc1566,0x0e0052a184fd59c6b7e1e99d739802ecb3aec0e4,0xd82461784eb72d4b67cbab077989eb215315e272,2026-08-14T22:03:42,complex_trace;approval_burst,0x805f7b65,false
25753706,0xc4ae05d60b6515df04769eae7b70bd1653d85b5621b3fe3faf41d3ac06f1f9da,0x0aab5c3efa90511001e39da2bbeb3931ead0de29,0x0439e60f02a8900a951603950d8d4527f400c3f1,2026-08-14T22:03:42,dense_internal_fund_flow;complex_trace,0x3ce33bff,true
25753706,0xefc68847bbb74bccf1aea4b6a5d1125b0bc31969adf46d4aeb2fe19e30db2a7b,0x59aab1bd0d26290274398c07b55955c15425e16b,0x00fe78205f5f0e63b8ad2b2ae5337f538a610e04,2026-08-14T22:03:43,complex_trace;high_gas_used_context,0x34fcd5be,false
25753706,0xff7f2d7ae2d7457f8eca77368bb9faf9b6233d79594595baf33db32b4de62e94,0x4838b106fce9647bdf1e7877bf73ce8b0bad5f97,0xfeeeeee44046c3f61a8cc081e0918ef0de0a7ffc,2026-08-14T22:03:43,selfdestruct_context,0x6a7f1e33,true
25753707,0x4ab0cdbd176c0a0e7cfbfd7e85450e8d9e9b7ba1a0860323e6b08e95efc25e33,0x7830c87c02e56aff27fa8ab1241711331fa86f43,0xa9d1e08c7793af67e9d92fe308d5697fb81d3e43,2026-08-14T22:03:50,dense_internal_fund_flow,0x1a1da075,true
25753707,0xac98422d4aa5d6624c555dad436e5f1e53b3838b7e57238f8f352a4a825544d9,0x4838b106fce9647bdf1e7877bf73ce8b0bad5f97,0xfeeeeee44046c3f61a8cc081e0918ef0de0a7ffc,2026-08-14T22:03:50,selfdestruct_context,0x6a7f1e3f,true
25753707,0xe8a95cb66cd42548cf3c0a7081c3a148269be8f5363613a00b3aeb62a05090ea,0x7830c87c02e56aff27fa8ab1241711331fa86f43,0xa9d1e08c7793af67e9d92fe308d5697fb81d3e43,2026-08-14T22:03:50,large_erc20_asset_flow;token_activity_burst,0xca350aa6,true
25753707,0x0c893b5552364f0e7d8b0a3c20841644583f1d342cc0e182b036b25bdabd44b2,0x79725f00e373a467009cc745a4f20bf4ae29706e,0xb222da0f9c22ad2addcb0b0d6b150f398e44157a,2026-08-14T22:03:51,large_erc20_asset_flow;complex_trace,0xef4d7b75,true
25753707,0xeee583df2080bf0292754bcd1165a5de3fbeb4411db384d4f00079946b40b829,0x33f3203ce4cf2fba53ea30af196f9bdbcb1e1dbb,0x28b1dc1a5e3699a428bc51d234dfab7c9cb2a183,2026-08-14T22:03:51,large_erc20_asset_flow;complex_trace,0x0c307f76,true
25753707,0x17416e30762a19f10fe6a3dc48d85671bf999f4f57341e9f1d00219f30c344d0,0x161643f280b09be8e0271eef8efc6c264d125003,0x6eb53247e1e278e4893bce9f3e060977bb000f64,2026-08-14T22:03:53,dense_internal_fund_flow;token_activity_burst,0xa9059cbb,true
25753707,0xb6f4d856c2933eafa65977b8dbc21d3a1f7a17da7004204e5904edd2a1555333,0x59aab1bd0d26290274398c07b55955c15425e16b,0x00fe78205f5f0e63b8ad2b2ae5337f538a610e04,2026-08-14T22:03:53,complex_trace;high_gas_used_context;token_activity_burst,0x34fcd5be,false
25753707,0xfe8ad7d8a72b28144a87b33880f955d0d0f4dc005359b66a437f69057394ba9b,0x4838b106fce9647bdf1e7877bf73ce8b0bad5f97,0xfeeeeee44046c3f61a8cc081e0918ef0de0a7ffc,2026-08-14T22:03:53,selfdestruct_context,0x6a7f1e3f,true
25753708,0x26bbd065788eba75fcde8892c441c8e812c0a60723b1ee9c693bb98bd7639ef2,0xbe0b407782a7599380fa726db315340126d62229,0x4d2fb5f8ec243fde4df1a9678b82238570c7e0e4,2026-08-14T22:04:01,repeated_internal_token_drain;dense_internal_fund_flow;complex_trace;high_gas_used_context;token_activity_burst;repeated_risky_internal_calls,0x6a761202,true
25753708,0xc0d67fb6233d1e765ec7342d42f74fcc591a86f3357e9a8ebc974cb5c72249f8,0x6eb5074720000002327b363e9630ca4797c6d43b,0x0a8accba63f42e743a31f33c44b87be0c83fe230,2026-08-14T22:04:01,dense_internal_fund_flow;complex_trace,0x99000000,true
25753708,0x72383e2cbdc3adf006dbb79996696b853f58119fb112566a737be1764e3f6d80,0x60d28f3b05f84aa7b01aa866b87f7414a4110000,0x61a4e6e6cecfc04f44719c15f88d1d3eea270000,2026-08-14T22:04:02,complex_trace;high_gas_used_context,0x01f656ba,false
25753708,0x1e1ed43e039ea12e3dad4ac81f7ef5c997719d3518304f9ddb8e4c69d1e3f6f7,0xa572ef226bf0c6d5a34f3baed4bb69a46a843f27,0x4c82d1fbfe28c977cbb58d8c7ff8fcf9f70a2cca,2026-08-14T22:04:04,dense_internal_fund_flow;large_erc20_asset_flow;complex_trace,0x3593564c,true
25753708,0x7a049aa6d3285bdb1fdbc62f2a888b77f539ba79b6bc15954cd7547192d6e1e3,0x4337015333e7c8a3c5af4acd2c4aa4befb0d663c,0x0000000071727de22e5e9d8baf0edac6f37da032,2026-08-14T22:04:04,privileged_execution_context;complex_trace,0x765e827f,false
25753708,0xb6480adc37d5bf5c62f704c3e8f8c86ca955ce495d14ac6c6a182fc31963c02e,0xaeec4d3abc6d8f6faed8032f445a368bf5229002,0x0000000000001ff3684f28c67538d4d072c22734,2026-08-14T22:04:04,complex_trace;high_gas_used_context;token_activity_burst,0x2213bc0b,true
25753708,0xd83c8d652914992012da45e3771ea44caa4bb9d87179ff58fb334ef0b3251ca3,0x3cc86d5565b76334b5cee4b61ee8e6ad1f514c78,0xf75584ef6673ad213a685a1b58cc0330b8ea22cf,2026-08-14T22:04:04,complex_trace;high_gas_used_context,0xb94c3609,true
25753708,0x57939f41cd8c0ea4ccf89ed25324a53cea90a4264010e2d3a49974bef42fd58a,0x506d19d2e23f35b16e4ce02bccba5c40a6e0185c,0xfbfe6b9cee0e555bad7e2e7309effc75200cbe38,2026-08-14T22:04:05,large_erc20_asset_flow;complex_trace,0xccc143b8,true
25753708,0x8fd9612b63d84c93abb3aa9a74674bee8391ddb1fef9228bd46d86d1de9fe731,0x59aab1bd0d26290274398c07b55955c15425e16b,0x00fe78205f5f0e63b8ad2b2ae5337f538a610e04,2026-08-14T22:04:05,complex_trace;high_gas_used_context,0x34fcd5be,false
25753708,0xcd2c9e3a22167605827f731d9dd1e05baa2c9bf53278f3fed1968d5bedb08367,0x6374d6a2f0148e908b53b557bb2e048d7ea440ec,0x26f90f57adc746be5b67ed51f185b8e13cb6306c,2026-08-14T22:04:05,privileged_execution_context,0x715018a6,false
25753708,0x2dafa33a9fe89d05990f9f2bc116d619329dcb631c39fe704a70b3dc01a4de13,0x3333e56c3c6231399f45b81a371e0d47c5e69ebd,0xf4e147db314947fc1275a8cbb6cde48c510cd8cf,2026-08-14T22:04:06,privileged_execution_context,0x760d0f9d,false
25753709,0x54906065d54a0ceefffffb47ffdc07a8d15078fe695a8190f004d37caf8490b1,0x09cfee647fa339133380191c8db6b44f24500c9d,0x77b85afbcd336993ac1c65057531c5a5b33b76b8,2026-08-14T22:04:12,repeated_internal_token_drain;dense_internal_fund_flow;complex_trace;high_gas_used_context;token_activity_burst;repeated_risky_internal_calls,0xa9059cbb,true
25753709,0x80578b7067a089873352185a8b32fa86564c8461e506da0d402f8f8fdea46594,0x5f7a4c11bde4f218f0025ef444c369d838ffa2ad,0x0831ad7c6b403c97b2bc6eec0177f213a4c1f1c8,2026-08-14T22:04:12,privileged_execution_context,0xf2fde38b,false
25753709,0x1541cf90c41065f02e47525856ed664d522e166fb6c9ce27a4bc72d1d5abf66f,0x9d9e5233e399c84cfff5b080f0012987a25a045a,0x91ff8bbd8ebb07893010d50a48a1609e5ebd8e34,2026-08-14T22:04:13,complex_trace;high_gas_used_context,0x069d1525,false
25753709,0x7c07351d0982731321ee837faf5262747507b3fea89804ffc9bdf29e224e962f,0x50bf934781f63028c5c8ef49c4affe19a86d99b6,0x8d04cc7e86e687854eb41d9d43512b655b93184b,2026-08-14T22:04:13,selfdestruct_context,0xb5291b32,false
25753709,0xad2cc18305ccfbb6ea12e769fe65b03edb5612c35300ad94297a3014e0e8a4ce,0x4838b106fce9647bdf1e7877bf73ce8b0bad5f97,0xfeeeeee44046c3f61a8cc081e0918ef0de0a7ffc,2026-08-14T22:04:13,selfdestruct_context,0x6a7f1e57,true
25753710,0x1dfddf18e3df99787e5c00d01a206cb859900a027eb1fb1f3cd2e1265bc54a4d,0x5f7a4c11bde4f218f0025ef444c369d838ffa2ad,0xaa8170a1711614ffc3fa65e85cd8d9328df264be,2026-08-14T22:04:21,privileged_execution_context,0xf2fde38b,false
25753710,0x4808c507d84080ab68435d3dcf4f2ef44ab2f01d431ab78ea11b1efe18a5aadb,0x80d04079ffc53eb14edbeeb37279d126f45552df,0x19f0095225a277f6c5674083c17db0bcc33c212c,2026-08-14T22:04:21,repeated_internal_token_drain;dense_internal_fund_flow;complex_trace;token_activity_burst;repeated_risky_internal_calls,0x8aaa8f3b,true
25753710,0x4a252f54790daead71c75e8e7e0f955acbf86f5441de23e49e7185899ea9e729,0x70e59f9c304e4d5096bd408b571e2dcd99c3120b,0xad3b67bca8935cb510c8d18bd45f0b94f54a968f,2026-08-14T22:04:21,complex_trace;approval_burst,0x146ee74d,false
25753710,0x8d37e04babd9b296380568d455b9dc777ee6df3673f8182348786e86b1ec77f4,0x5f7a4c11bde4f218f0025ef444c369d838ffa2ad,0x28b40fc9dde267a91ed739961042ca34d5a1db2a,2026-08-14T22:04:21,privileged_execution_context,0x1d5a80d5,true
25753710,0x979886352af9c5aa9b1aa32450c13dd2aceedb8ce78e0be51557a7c356a08628,0x5a6e4495b89a0d04e6593889c4c9e90de6cc26ac,0x514b9e5467b9eb811519e316263c9099eae546ca,2026-08-14T22:04:21,complex_trace;high_gas_used_context;token_activity_burst,0xa9059cbb,false
25753710,0xac6f5e9bcf3c9833b39129e31ddff91f3db86b1c30b0d633a3d2b963ae57ed3f,0x7b49bc3ebbdf7322f31c6449320382bbec3be1b6,0xad3b67bca8935cb510c8d18bd45f0b94f54a968f,2026-08-14T22:04:21,complex_trace;token_activity_burst;approval_burst,0x146ee74d,false
25753710,0xea22bde86a6939818ceec12a1ee79d95d5a6bd6475350a8b07de49363c491f2d,0x4838b106fce9647bdf1e7877bf73ce8b0bad5f97,0xfeeeeee44046c3f61a8cc081e0918ef0de0a7ffc,2026-08-14T22:04:21,selfdestruct_context,0x6a7f1e63,true
25753711,0xdd5509fab7a245e4a78dfd348236be4f4a6848911964f27f8e4f9a3706e1d4b9,0x4838b106fce9647bdf1e7877bf73ce8b0bad5f97,0xfeeeeee44046c3f61a8cc081e0918ef0de0a7ffc,2026-08-14T22:04:28,selfdestruct_context,0x6a7f1e6f,true
25753711,0xf535363d7d811c3a76f838f0f749106f73a128d59713694db2868d86fde25fa5,0xae0cc0d6e76c2b13451ab90cd13a5fa71a5c59ba,0xd226997439ecfbeff8e110c8c78c8a7eefd19f89,2026-08-14T22:04:28,large_erc20_asset_flow;complex_trace,0x99999999,true
25753711,0x416372bcf27e31a7073a640304762a3c65e0a62fcbdace3ffcbdb5d83715eb6f,0xdaf66293745a95206f158d42fa7c151f1cbdac4f,0x6566194141eefa99af43bb5aa71460ca2dc90245,2026-08-14T22:04:29,large_erc20_asset_flow;complex_trace,0x374f435d,true
25753711,0x277261008866edeb945090dc3db9c5bb55f89f94fcc83951f609491606c6b870,0x062ce42cae04c51d04e77e3d64cc8953a2296ffe,0x8a25a24ede9482c4fc0738f99611be58f1c839ab,2026-08-14T22:04:30,large_erc20_asset_flow;complex_trace,0x6a761202,true
25753711,0x6bd6908ba9eff7d96048e16e3ad07cf05dfae5e47ea177de7bd8c68f7894f6b7,0x4838b106fce9647bdf1e7877bf73ce8b0bad5f97,0xfeeeeee44046c3f61a8cc081e0918ef0de0a7ffc,2026-08-14T22:04:30,selfdestruct_context,0x6a7f1e6f,true
25753711,0x7df06f44a00e9ba12c1957894bfe6a81fad9a80e870b442b69cd7d5da4883aef,0xa77ce92a601d504a6d64af843eb5a3994616969c,0xbd216513d74c8cf14cf4747e6aaa6420ff64ee9e,2026-08-14T22:04:30,complex_trace;high_gas_used_context,0xb88d4fde,true
25753711,0x894c44c65666ae851d03391b95542bd4e0b38c3d1e594711f41901958ca0063f,0x5e6e835ec4e69fdaf9cad50cedafc687976d6a22,0x91ff8bbd8ebb07893010d50a48a1609e5ebd8e34,2026-08-14T22:04:30,complex_trace;high_gas_used_context,0x069d1525,false
25753711,0xe4db576a0dcf7d4a47de3e8c1182f772fa9c9db5c84b60d434a97b4cda7d8bc0,0x5f7a4c11bde4f218f0025ef444c369d838ffa2ad,0xce7a2b5e53fa691be4591306ade451619fc09432,2026-08-14T22:04:30,privileged_execution_context,0xf2fde38b,false
25753712,0x0e1edc675d98c040a5d2e99f7bb94803b6cc182a668704e5ee359d24856b72c6,0xb876842bb8405f34e1cefe497d0d85d39f83badf,0x91ff8bbd8ebb07893010d50a48a1609e5ebd8e34,2026-08-14T22:04:33,complex_trace;high_gas_used_context,0x069d1525,false
25753712,0x2706185d0cd0cc987b0c01099863de7b697c95fb146c7cd544305845f3cadd4b,0x7830c87c02e56aff27fa8ab1241711331fa86f43,0xa9d1e08c7793af67e9d92fe308d5697fb81d3e43,2026-08-14T22:04:33,dense_internal_fund_flow,0x1a1da075,true
25753712,0xaf3a06ae0cdb3daf5da55c12568f03f6d5a877a184e4ace48d728af5e5e62a9a,0x7830c87c02e56aff27fa8ab1241711331fa86f43,0xa9d1e08c7793af67e9d92fe308d5697fb81d3e43,2026-08-14T22:04:33,large_erc20_asset_flow;token_activity_burst,0xca350aa6,true
25753713,0x082408f273ffdc9277bed915138a74b189441623180c9c4224f92fbfe8243cee,0x7a1659b86d7009442f796504fa5633996db3645e,0x6131b5fae19ea4f9d964eac0408e4408b66337b5,2026-08-14T22:04:38,dense_internal_fund_flow;large_erc20_asset_flow;complex_trace,0xe21fd0e9,true
25753713,0x72840ae82c7b1af90a9776e91b81a8997fc7523e06960a1192577e91db754eba,0x0bde59981fdeac219ce9e618d27f193438bff786,0x3a3afa84e98dc97fdc1e4894475a66bd7f3cea79,2026-08-14T22:04:38,large_erc20_asset_flow;complex_trace,0x7101910b,true
25753714,0x73168105399ec62c15d65141b8afeb4c84ebe379989c5d2c2cd94ff86f081949,0x3a8e8d6e7a70590957beab47bed332481055fadc,0xb300000b72deaeb607a12d5f54773d1c19c7028d,2026-08-14T22:04:52,complex_trace;approval_burst,0x810c705b,false
25753714,0x942c960adf6e3cf7f60f6fc6fab50f501aa1d50f7c4e78c5ab0aaaad2f00dc1a,0x0d4a29333a57222a48a5042bdb9a571f82f021f5,0x1921e0ff550c09066edd4df05d304151c45e77de,2026-08-14T22:04:52,large_erc20_asset_flow;complex_trace;high_gas_used_context,0x13d79a0b,true
25753714,0x94ff9e0caffbc72680a83958db2c8a4ddb5da9056df5dcf2752f16fbeb879d4b,0x0fd4e7b32b8f670c01a8c491cee0c11831598298,0xc36442b4a4522e871399cd717abdd847ab11fe88,2026-08-14T22:04:53,dense_internal_fund_flow;large_erc20_asset_flow,0xac9650d8,true
25753714,0xb457b22eddbba801f1bd833491adf9d1c3c402c6104c8e45fe7357e9339ff947,0xc65c762fc8a7e1618529c1e49ea3fe572dbdc40b,0xacddac6c77318b615f7f6fb9bb67c6833e9c05f1,2026-08-14T22:04:53,dense_internal_fund_flow;complex_trace,0x571d3dc7,true
25753714,0xd3e48e8ead30e155c3f3453f23f7c6c84e6afd87691fdd0eb58578dc65a0f7f2,0x69cfabbaf1756976c0dd056aa3b5a372e4f92171,0x111111125421ca6dc452d289314280a0f8842a65,2026-08-14T22:04:53,dense_internal_fund_flow;complex_trace,0x07ed2379,true
25753714,0xe0206fb29b7434382df4f92ddaa5086341fa988f07ee6cde98ad724b93d3d6b2,0x70e59f9c304e4d5096bd408b571e2dcd99c3120b,0xad3b67bca8935cb510c8d18bd45f0b94f54a968f,2026-08-14T22:04:53,dense_internal_fund_flow;complex_trace;high_gas_used_context;token_activity_burst;approval_burst,0x146ee74d,true
25753714,0x1d6afec515fbbe677036dee18558d49b4da2579a057c065456e4e88b4836723f,0xc6acbee42e9e323140c1ed060c2f6ea9cc3b4b75,0x7c5a71c9fefbc7691f9d4ac7baf70c743792f716,2026-08-14T22:04:54,selfdestruct_context,0xf3fef3a3,false
25753714,0x3358dc00a196c190dabd90d39bd351d96e8e008d8429d04ef7b3be94016db84a,0xd6434d157f254276d69ede3bd9fc805482206908,0x7ec8a30a34b86927dc77b302603d1d53e640bef7,2026-08-14T22:04:54,repeated_internal_token_drain;dense_internal_fund_flow;complex_trace;high_gas_used_context;token_activity_burst;repeated_risky_internal_calls,0xa9059cbb,true
25753714,0x42ce14c3225d837f554cabd51e71c80a04fea2ce67159d8f7a84e4ba9dd5e5b3,0x7f881d3ea884051dfa36dcf68fa879dc83a9fc85,0x00000f91109c4d0007e90000d9facad5298a0cac,2026-08-14T22:04:54,large_erc20_asset_flow;complex_trace;high_gas_used_context;token_activity_burst,0x00000000,true
25753714,0x92a81eb6b0d3cb42e6ab346eab2c549d78e19613e1e6691a7503d61a69bdb33d,0x5a4fc9dd7b390a0f9b2909a0c34ce55cedc42377,0xa308597678d831e3645d2ce9fb8d9bd924b0e754,2026-08-14T22:04:54,dense_internal_fund_flow;high_gas_used_context;token_activity_burst,0x983bc41b,true
25753714,0xa083703837f27d18b85303ac9835b6c8a51c2fea21b1a07cb1f0a4e67b1f4a5a,0x01d84ccfcdd02149a633afbca93049c9eca7d35d,0xd28602cda470431edfea3c2ddd5fa364166db707,2026-08-14T22:04:55,large_erc20_asset_flow;complex_trace,0x8c56c940,true
25753714,0x2392c772223403ddac12f9934cb5c8d63f1011a5cb5d127f443f4d7df641a273,0xdadb0d80178819f2319190d340ce9a924f783711,0xfeeeeee44046c3f61a8cc081e0918ef0de0a7ffc,2026-08-14T22:04:56,selfdestruct_context,0x6a7f1e93,true
25753714,0x46abf4ddea5f8d0786439388ac49f7cfc2df38d96d5be307b0f3c5627e8e43b2,0xdadb0d80178819f2319190d340ce9a924f783711,0xfeeeeee44046c3f61a8cc081e0918ef0de0a7ffc,2026-08-14T22:04:56,selfdestruct_context,0x6a7f1e93,true
25753714,0xbb345d20d912e9c224059f15c71a53fc249b294aa05fb8bd6a8842894743ccb0,0xdadb0d80178819f2319190d340ce9a924f783711,0xfeeeeee44046c3f61a8cc081e0918ef0de0a7ffc,2026-08-14T22:04:56,selfdestruct_context,0x6a7f1e93,true
25753715,0x03d65ffca16d30c97b93e502f4e6492e1463be40526e39a5f7535d519a2055bc,0xe487832018fbd594c84f1db3dfac61cde98a5f36,0x91ff8bbd8ebb07893010d50a48a1609e5ebd8e34,2026-08-14T22:05:03,complex_trace;high_gas_used_context,0x069d1525,false
25753715,0x250ad22536652caa55280bf00c292f99ac1b31b177daaa270c8e3d4a47625ccc,0x7b49bc3ebbdf7322f31c6449320382bbec3be1b6,0xad3b67bca8935cb510c8d18bd45f0b94f54a968f,2026-08-14T22:05:03,dense_internal_fund_flow;complex_trace,0x146ee74d,true
25753715,0xbfd473e540a3734b308d151f140ad67e9585f1fc81a059bef817ebd4d4f52325,0xc6acbee42e9e323140c1ed060c2f6ea9cc3b4b75,0x7c5a71c9fefbc7691f9d4ac7baf70c743792f716,2026-08-14T22:05:03,selfdestruct_context,0xf3fef3a3,false
25753715,0x04eb2f02ca1561a8ddc598a21954d1d6f102942615f8ef368141dc8557ec8474,0x4838b106fce9647bdf1e7877bf73ce8b0bad5f97,0xfeeeeee44046c3f61a8cc081e0918ef0de0a7ffc,2026-08-14T22:05:04,selfdestruct_context,0x6a7f1e9f,true
25753715,0x2ad04cdd2adccea2c525c6f3aa588f6e5cede62b695d801438b061bfbfcc3cca,0x151af833ceceb725698386ce168a12db10819951,0x889edc2edab5f40e902b864ad4d7ade8e412f9b1,2026-08-14T22:05:04,large_erc20_asset_flow,0xacf41e4d,true
25753715,0x40dfaffc08f7f145ae1838fad3d0c37654ce26df7fa71e0707473cbe03a71166,0x7734bdecbdde7ed1dbbedb31845a41169f6c3129,0x41c8800156f30b1f022a3a532ba5b2abb2be163b,2026-08-14T22:05:04,repeated_internal_token_drain;dense_internal_fund_flow;complex_trace;high_gas_used_context;token_activity_burst;repeated_risky_internal_calls,0xa9059cbb,true
25753716,0x013fe2740b9197cd4a5e46529b7d212cc0306c3caef6acf750b8bc41798dad34,0xfa87cd29b75e86461ad5330720d2fdd9a9b25baf,0x8f5835e9d756c9bd934bce527157a4b0ef3c5cb7,2026-08-14T22:05:11,large_erc20_asset_flow,0x4a7cf362,true
25753716,0x1b086dc2ce6b129d366c900bc16130a02c24437df7b5daaf9b69affb3b65d028,0xd0e53026057c76dcda6e6b5f9f8bafbd8892b5d5,0x28b1dc1a5e3699a428bc51d234dfab7c9cb2a183,2026-08-14T22:05:11,dense_internal_fund_flow;complex_trace,0x0c307f76,true
25753716,0x901b0a31e2f2120071f4b00325a71b4d08b68efad9893b79f403ad90a318359e,0x4337038429b76948ee97eb2d8115513277c3abf5,0x4337084d9e255ff0702461cf8895ce9e3b5ff108,2026-08-14T22:05:12,complex_trace;high_gas_used_context,0x765e827f,false
25753716,0x97f45e14b3a9092cba611afd5bf98e18438ea59b0c4befa1b2f504496240e35d,0xb2860e52a68c01a31aa03810208b069d72359563,0x91ff8bbd8ebb07893010d50a48a1609e5ebd8e34,2026-08-14T22:05:12,complex_trace;high_gas_used_context,0x069d1525,false
25753716,0x49bf6ce4305ee7300d66d533318cea70553c802617f5424e9b7f610f1250e8c3,0x743610fa124d714e8b9ea36cdfc23708758d4899,0x1231deb6f5749ef6ce6943a275a1d3e7486f4eae,2026-08-14T22:05:13,dense_internal_fund_flow;complex_trace,0x2c57e884,true
25753716,0x921e68878379d64b86b559a242c63b3809d928c9b9baccc4b703cf8411366996,0x5c096ef846447cb935c5d247e4ab2a867ecc33a9,0x00000f91109c4d0007e90000d9facad5298a0cac,2026-08-14T22:05:14,large_erc20_asset_flow;complex_trace;high_gas_used_context;token_activity_burst,0x00000000,true
25753716,0xf8b21b67726ef0e7e22c83871db17c0d7d404ceaa2a82c37bc0b645b545647b8,0x1584a8ee67789d1fe161065388657ad2f2a3c7dd,0x77eb52e44db06777bce478159f25c0d55a295314,2026-08-14T22:05:14,repeated_internal_token_drain;dense_internal_fund_flow;complex_trace;high_gas_used_context;token_activity_burst;repeated_risky_internal_calls,0xa9059cbb,true
25753716,0x57e73bd38da2331b1941c48ff819be24ecd9ecbd9a27cc88d5ff6355a045d52e,0xdadb0d80178819f2319190d340ce9a924f783711,0xfeeeeee44046c3f61a8cc081e0918ef0de0a7ffc,2026-08-14T22:05:15,selfdestruct_context,0x6a7f1eab,true
25753716,0x867ddf22234474b7e5352ca8d9256eed094d399eb3bfbd910ca06b70556f9e32,0xdadb0d80178819f2319190d340ce9a924f783711,0xfeeeeee44046c3f61a8cc081e0918ef0de0a7ffc,2026-08-14T22:05:15,selfdestruct_context,0x6a7f1eab,true
25753716,0xbae03a347f4a47a11d1e65d9fe8c0f59d502ce8e3c55f434d75005ce2048d566,0xdadb0d80178819f2319190d340ce9a924f783711,0xfeeeeee44046c3f61a8cc081e0918ef0de0a7ffc,2026-08-14T22:05:15,selfdestruct_context,0x6a7f1eab,true
25753716,0xbb83e2bac8710a8b67d57d1cde0e5ca66be605da672af66249da39f5123e1df5,0x35586649d67fb2173b937edc63f24e779c0f2ff7,,2026-08-14T22:05:15,large_mint_to_sender;contract_creation_context,0x60806040,true
25753717,0x052faa318014ee79c0ed3662306c45b97cbfee6e6973b461e5a2af84b001aac5,0xc6acbee42e9e323140c1ed060c2f6ea9cc3b4b75,0x7c5a71c9fefbc7691f9d4ac7baf70c743792f716,2026-08-14T22:05:27,selfdestruct_context,0xf3fef3a3,true
25753717,0x6e72bd24c3d28fe8d2614dab9950067fbea278de5116f39edc39eacebeb194cb,0xb3afb6db38a8e72905165c1fbb96772e63560790,0x9e0a538749a486bbf127f8848a6f2cf4e1e92dbd,2026-08-14T22:05:27,privileged_execution_context;complex_trace,0xd05c2c94,false
25753717,0x70db45efabd08c39d2cd1e68976edf9b66eb1e17b5017ce89f11334a5763a798,0x5c096ef846447cb935c5d247e4ab2a867ecc33a9,0x00000f91109c4d0007e90000d9facad5298a0cac,2026-08-14T22:05:27,large_erc20_asset_flow;complex_trace;high_gas_used_context;token_activity_burst,0x00000000,true
25753717,0x80d6a96609905cf8b52dc56254f8ff05e9f4fe074745b7935df93ccf8a73bfab,0x5f7a4c11bde4f218f0025ef444c369d838ffa2ad,0x28b40fc9dde267a91ed739961042ca34d5a1db2a,2026-08-14T22:05:27,privileged_execution_context,0x1d5a80d5,true
25753717,0x78f1f87f6862f3b5444860c77cc65fd6637abd14920291f1e3cdddf36e802ea3,0xdda3b51e29f9d6fad865c5dd7070d5f7eb57663e,0x8d8210a0252a706cb5de0c6f8e46b6d3692afc19,2026-08-14T22:05:28,complex_trace;high_gas_used_context,0xffc3a769,false
25753717,0xc22eaadcf1ae4f5d6a20ff701f4168cdedcec18273922c1fc05af568adc45277,0x5f7a4c11bde4f218f0025ef444c369d838ffa2ad,0x5cabfdbf044198c13f3f86e5711532cf71bb1945,2026-08-14T22:05:28,privileged_execution_context,0xf2fde38b,false
25753718,0x413707859f33886bca7c565198e165369ddb6cdaa41dc6b52573e4565339ff50,0x654fae4aa229d104cabead47e56703f58b174be4,0x000000000035b5e5ad9019092c665357240f594e,2026-08-14T22:05:39,large_erc20_asset_flow;complex_trace,0x00000004,true
25753718,0x4e6d1ab896f27a20406425b3d12c52119c60c7c85b434020e4c7bd2314dab475,0x4838b106fce9647bdf1e7877bf73ce8b0bad5f97,0xfeeeeee44046c3f61a8cc081e0918ef0de0a7ffc,2026-08-14T22:05:39,selfdestruct_context,0x6a7f1ec3,true
25753718,0xc8991e33817516fb804adc7b85d024d26a7a5ac01d91d80718ed92d8e025d569,0x654fae4aa229d104cabead47e56703f58b174be4,0x000000000035b5e5ad9019092c665357240f594e,2026-08-14T22:05:39,large_erc20_asset_flow;complex_trace,0x00000004,true
25753718,0xd096efaac891f11a278463b54ffb45318af7af712b3d548e8367015e9ffd9395,0x5f7a4c11bde4f218f0025ef444c369d838ffa2ad,0x28b40fc9dde267a91ed739961042ca34d5a1db2a,2026-08-14T22:05:39,privileged_execution_context,0x1d5a80d5,true
25753718,0xf6cc97772eb7ada231caa768f76c18659bf6b4de133d70a1aba240fcbaa74f1c,0x70e59f9c304e4d5096bd408b571e2dcd99c3120b,0xad3b67bca8935cb510c8d18bd45f0b94f54a968f,2026-08-14T22:05:39,complex_trace;high_gas_used_context;token_activity_burst;approval_burst,0x146ee74d,false
25753718,0xb5fece7559aacb0b238906212e6a049df792155b075c4c6b9a8bef109c4d3d62,0x50bf934781f63028c5c8ef49c4affe19a86d99b6,0x8d04cc7e86e687854eb41d9d43512b655b93184b,2026-08-14T22:05:40,complex_trace;selfdestruct_context,0x4a1bf18a,false
25753718,0xb9cff4196632ebcb0ef98fde485da151be1778fb98f848eaac6b7b4b524ed7ea,0x50bf934781f63028c5c8ef49c4affe19a86d99b6,0x8d04cc7e86e687854eb41d9d43512b655b93184b,2026-08-14T22:05:40,large_erc20_asset_flow;complex_trace;selfdestruct_context,0x8066179c,true
25753718,0x0fcfe9d980d822b8fef9660dc4f74a9b078d1ffd40b7a47fb9dca8e91ed0a507,0x4838b106fce9647bdf1e7877bf73ce8b0bad5f97,0xfeeeeee44046c3f61a8cc081e0918ef0de0a7ffc,2026-08-14T22:05:41,selfdestruct_context,0x6a7f1ec3,true
25753718,0x50e24cb32613bc6fe34e9704d2f0a68609d352783676b83b9562f6b030afdf50,0xde992badd92adaf9146255e9bde6a70770973664,0x3d0f22bf11636cc9cb129e2b261eed35a487455c,2026-08-14T22:05:41,complex_trace;high_gas_used_context,0xa9059cbb,false
25753718,0x842389664a488036b56f33038dc93960dd72c868c2bd24e1fd463c6a46cfb62a,0xc77820eef59629fc8d88154977bc8de8a1b2f4ae,0x50beabe4883981624aea01f737b040d1e3fe83fb,2026-08-14T22:05:41,dense_internal_fund_flow;complex_trace,0x49160658,true
25753718,0x863b8330fb1fdb1d7479c172cf744cf373c6d0d995421273556df9d1a0405cbb,0x1da3dd644dceab11e08e0b31b2eeafea59cddaa4,0xca11bde05977b3631167028862be2a173976ca11,2026-08-14T22:05:41,complex_trace;high_gas_used_context;token_activity_burst,0x252dba42,true
25753718,0x8e345709540fb1c216b9e1eaf9ad93148393a483349b2caa4689a368d969b271,0x09cfee647fa339133380191c8db6b44f24500c9d,0x77b85afbcd336993ac1c65057531c5a5b33b76b8,2026-08-14T22:05:41,repeated_internal_token_drain;dense_internal_fund_flow;complex_trace;high_gas_used_context;token_activity_burst;repeated_risky_internal_calls,0xa9059cbb,true
25753718,0x93c5405e593e2f4e1d639f52e0d487524bbdcbe892f2e7dbe84ba7f518dd9092,0x66bf88e42a01eff49a9f22cae6e46bb2412916cd,0xb4acbc082b5e7ded571c98ee4257778a9d784b36,2026-08-14T22:05:41,complex_trace;approval_burst,0x954543e6,true
25753718,0xd8b7369d226e75b2bf5027139201a68f2bca08ad3950e5fd25e099662fb8aef1,0x5f7a4c11bde4f218f0025ef444c369d838ffa2ad,0x28b40fc9dde267a91ed739961042ca34d5a1db2a,2026-08-14T22:05:41,privileged_execution_context,0x1d5a80d5,true
25753719,0x1f15d4e0e06f688877c2dc73c70ef5cc1afb2b944a547fc929ef7566215c655b,0x3431172c887cf150d9fdaba9876273d9db566367,0x64f5aad0e38e2ff9f50f2e51e813e49c05aca41a,2026-08-14T22:05:55,repeated_internal_token_drain;dense_internal_fund_flow;complex_trace;high_gas_used_context;token_activity_burst;repeated_risky_internal_calls,0xa9059cbb,true
25753719,0x418865f261b14292102956a9d0890ebc2759ddf31d7e1ed469ca3c6e02fde840,0x6f22ad44339925ee77ea0cf7c7a87ad6dfe98fbb,0xb300000b72deaeb607a12d5f54773d1c19c7028d,2026-08-14T22:05:56,large_erc20_profit_to_sender;large_erc20_asset_flow;complex_trace,0x810c705b,true
25753719,0x4500909955baeb044c1a7da438d1e5a44e26996c273ca4d57892bbcf51a0a371,0x7b49bc3ebbdf7322f31c6449320382bbec3be1b6,0xad3b67bca8935cb510c8d18bd45f0b94f54a968f,2026-08-14T22:05:56,complex_trace;high_gas_used_context;token_activity_burst;approval_burst,0x146ee74d,false
25753719,0xcb0fc2885e372249a6f60a91ecba4d2e17d61aedd9096a7312b78968b7223523,0x4838b106fce9647bdf1e7877bf73ce8b0bad5f97,0xfeeeeee44046c3f61a8cc081e0918ef0de0a7ffc,2026-08-14T22:05:56,selfdestruct_context,0x6a7f1ecf,true
25753719,0x713ff7ad29b142ea8cb14c63776ddaa61870509797ed1574843c1ebca3c5daca,0xc6acbee42e9e323140c1ed060c2f6ea9cc3b4b75,0x7c5a71c9fefbc7691f9d4ac7baf70c743792f716,2026-08-14T22:05:57,selfdestruct_context,0xf3fef3a3,true
25753719,0x91b71b78f1ab44af4c8aae50daf95aec515dec8e9abf09d20903009848392951,0xa33e1f748754d2d624638ab335100d92fcbe62a2,0x6566194141eefa99af43bb5aa71460ca2dc90245,2026-08-14T22:05:57,large_erc20_asset_flow,0x374f435d,true
25753719,0xf6162f9bc539e72b10877946a10dcf0dfeae3fbd564c8108691eae790aa46f7b,0x80d04079ffc53eb14edbeeb37279d126f45552df,0x19f0095225a277f6c5674083c17db0bcc33c212c,2026-08-14T22:05:57,repeated_internal_token_drain;dense_internal_fund_flow;complex_trace;token_activity_burst;repeated_risky_internal_calls,0x8aaa8f3b,true
25753719,0x3becc21f12b924178616f8d1b57effddbfcb722e0463a66cb34c330357a4fa37,0x4838b106fce9647bdf1e7877bf73ce8b0bad5f97,0xfeeeeee44046c3f61a8cc081e0918ef0de0a7ffc,2026-08-14T22:05:58,selfdestruct_context,0x6a7f1ecf,true
25753720,0xb465b82ac3e406a4822a2c45971e8ccd619e75231b43b03d9d334f8574c3279d,0x4838b106fce9647bdf1e7877bf73ce8b0bad5f97,0xfeeeeee44046c3f61a8cc081e0918ef0de0a7ffc,2026-08-14T22:06:04,selfdestruct_context,0x6a7f1edb,true
25753720,0xe570b9c41f8d2b9aa054f612df8f6b05b6976e292a20ebfe0dc7753eb1e6a046,0xd6ca95805412a325430c9406769bbb0cc7b1f9db,0x881d40237659c251811cec9c364ef91dc08d300c,2026-08-14T22:06:04,dense_internal_fund_flow;complex_trace,0x5f575529,true
25753720,0x1c8f9c0a9b7a9bab977251f36626d6f52d5d1538e9a012a3121adabcb1f1b759,0xc6acbee42e9e323140c1ed060c2f6ea9cc3b4b75,0x7c5a71c9fefbc7691f9d4ac7baf70c743792f716,2026-08-14T22:06:05,selfdestruct_context,0xf3fef3a3,false
25753720,0x0e40b526dd8c6868bad5b58d086381095eb45d2300f9761d5b1f2a2e23e0f3d4,0x54620b9a8a2c43aa8ed028450a7ce656a9c69feb,0x7cf7132a8be97d71852124dc96cd9e08621a49bb,2026-08-14T22:06:07,dense_internal_fund_flow,0x991230cd,true
25753720,0x2ad31fc72ad638a52cab5021798f0379ab5c04dc079591d8b78fab8ff66b98a5,0x90f927d4963c310c3b2893934fd93475eba0c851,0x0000000000000068f116a894984e2db1123eb395,2026-08-14T22:06:07,complex_trace;high_gas_used_context,0x87201b41,false
25753720,0x773ba0147d98fbbd05347bdec716c0cf528b841409dc5ec31f8edf34fd5af3a6,0x59aab1bd0d26290274398c07b55955c15425e16b,0x00fe78205f5f0e63b8ad2b2ae5337f538a610e04,2026-08-14T22:06:07,complex_trace;high_gas_used_context,0x34fcd5be,false
25753720,0xb974d0e232b9dfe2450e68cb3d63525311c5c33ffde27154dcc22bf01b7a5e88,0x1584a8ee67789d1fe161065388657ad2f2a3c7dd,0x77eb52e44db06777bce478159f25c0d55a295314,2026-08-14T22:06:07,repeated_internal_token_drain;dense_internal_fund_flow;complex_trace;token_activity_burst;repeated_risky_internal_calls,0xa9059cbb,true
25753720,0xc91edcf69f7e842fdc5fe4bcb0dfb8568b285c8a1392054511388fbf0598405d,0x4838b106fce9647bdf1e7877bf73ce8b0bad5f97,0xfeeeeee44046c3f61a8cc081e0918ef0de0a7ffc,2026-08-14T22:06:07,selfdestruct_context,0x6a7f1edb,true
25753721,0xcd0241f9352ffa62d66d3d8be95617a1a2d5d9994470648ab4c9ff2a5fff7c29,0x59aab1bd0d26290274398c07b55955c15425e16b,0x00fe78205f5f0e63b8ad2b2ae5337f538a610e04,2026-08-14T22:06:10,repeated_internal_token_drain;dense_internal_fund_flow;complex_trace;high_gas_used_context;token_activity_burst;repeated_risky_internal_calls,0x34fcd5be,true
25753722,0xb15873e7b13e4e6976bec8464289af6676a9f1d765fe6774caf5b2a5874bb277,0x7830c87c02e56aff27fa8ab1241711331fa86f43,0xa9d1e08c7793af67e9d92fe308d5697fb81d3e43,2026-08-14T22:06:13,dense_internal_fund_flow,0x1a1da075,true
25753722,0xb015776f2ba8ffa88a741c72e703a32b8445a5b080727df27cd8a6067daaba5e,0xde7a849216aa3884d53d84ecb02c19eb67e5dae2,0x7d9f4ca54131e588fc1fe577973b55fb11231e76,2026-08-14T22:06:14,repeated_internal_token_drain;dense_internal_fund_flow;complex_trace;high_gas_used_context;token_activity_burst;repeated_risky_internal_calls,0x6aac3a0b,true
25753722,0xe646c8fb55bc6228ef03ba1bd0a819562257d2bd357be468fab99e0eaf67b480,0x8845d7f2bbfe82249c3b95e378a6ed039dd953f5,0x2f91e3a8c5d6593bf4f8403fcfeccd62df59f6f6,2026-08-14T22:06:14,large_erc20_asset_flow;complex_trace,0xe1aa105d,true
25753723,0x632e97313a9fff32e679b5f69d6034ff2a3d38e447c6a98a982ae225e3d94621,0x5b43453fce04b92e190f391a83136bfbecedefd1,0xbdb3ba9ffe392549e1f8658dd2630c141fdf47b6,2026-08-14T22:06:20,dense_internal_fund_flow;complex_trace;high_gas_used_context;token_activity_burst,0x000000c3,true
25753723,0x62fcca84df64f4a9ca17362851d8845533408d2911498b89aa086775a3ab207c,0xe99bd1c2dd70cd58e5efd47887991700e7318ce2,0xad3b67bca8935cb510c8d18bd45f0b94f54a968f,2026-08-14T22:06:21,complex_trace;approval_burst,0x146ee74d,false
25753723,0x68d269f69903c291c959543112868fbaa5d8ad3d2ab2a7999803ef55805a2c09,0xc6acbee42e9e323140c1ed060c2f6ea9cc3b4b75,0x7c5a71c9fefbc7691f9d4ac7baf70c743792f716,2026-08-14T22:06:21,selfdestruct_context,0xf3fef3a3,false
25753723,0x7e63005ce1ac58d3266184cfb1b1126e560992f4c0c85096b5a11bc0a568fdcb,0xe487832018fbd594c84f1db3dfac61cde98a5f36,0x91ff8bbd8ebb07893010d50a48a1609e5ebd8e34,2026-08-14T22:06:21,complex_trace;high_gas_used_context,0x069d1525,false
25753723,0xd6167e0eb8eeec5b65ba7de4a7ad10b9f25a3b5c76e5eb92ae743a08e057eb18,0x370a7e2d300c14d79d4a7ee07aaca46c4b3012cf,0xb92fe925dc43a0ecde6c8b1a2709c170ec4fff4f,2026-08-14T22:06:21,dense_internal_fund_flow,0xcd6e13f7,true
25753723,0x82657d7b5b15b5a4b14111985c5fba117de0860270152b4bddd89c3abb21d8c8,0x4838b106fce9647bdf1e7877bf73ce8b0bad5f97,0xfeeeeee44046c3f61a8cc081e0918ef0de0a7ffc,2026-08-14T22:06:22,selfdestruct_context,0x6a7f1eff,true
25753723,0xa545e93e61bc4bcb0159d0745f9632efa7302e008d11b22491b47a312b756189,0x70e59f9c304e4d5096bd408b571e2dcd99c3120b,0xad3b67bca8935cb510c8d18bd45f0b94f54a968f,2026-08-14T22:06:22,complex_trace;token_activity_burst;approval_burst,0x146ee74d,false
25753724,0x213b0a20364ba4283e058d2ec73a2816d9332ca81e131f635bf8bbbdb21aef14,0x70e59f9c304e4d5096bd408b571e2dcd99c3120b,0xad3b67bca8935cb510c8d18bd45f0b94f54a968f,2026-08-14T22:06:37,complex_trace;high_gas_used_context;token_activity_burst;approval_burst,0x146ee74d,false
25753724,0x31c4123b3f23adc7cb7a8d29b3199a935d2ab210d0c4b612b70044415d00aed8,0x2504407012559909eb9ea18273d2617d0c658243,0x0000000000001ff3684f28c67538d4d072c22734,2026-08-14T22:06:38,dense_internal_fund_flow;complex_trace,0x2213bc0b,true
25753724,0xd6728bb5b983a7964c155fe7cda43163ae1c192536f14d494152806fef267f04,0x43370371e0bb085d04d02a815230aaf67b35ef25,0x5ff137d4b0fdcd49dca30c7cf57e578a026d2789,2026-08-14T22:06:38,large_erc20_asset_flow;privileged_execution_context;complex_trace,0x1fad948c,true
25753724,0x1b674f8d49de79c0e437546d68f2e9f1c116d2f334420e3b9ef8f77785e34a91,0x60e97ca8d75eb9195acbcf615390cdef241a00bc,0x78ace9b2ee9a31737fad748015266a59f32dc79a,2026-08-14T22:06:39,dense_internal_fund_flow;complex_trace;high_gas_used_context;token_activity_burst,0x9265bb9d,true
25753724,0x2ae5094105040448e8fdda978f1d37301894f19894ddfc193ce481599b1fc573,0xa3ab2b10bf2508a9e4455a35e2f4a9d0ced18464,0x91ff8bbd8ebb07893010d50a48a1609e5ebd8e34,2026-08-14T22:06:39,complex_trace;high_gas_used_context,0x069d1525,false
25753724,0x8c0e8ba7a7db7fdcd8b260f7f81684b925f98567b7a3e40bac74ac39af200872,0xe487832018fbd594c84f1db3dfac61cde98a5f36,0x91ff8bbd8ebb07893010d50a48a1609e5ebd8e34,2026-08-14T22:06:39,complex_trace;high_gas_used_context,0x069d1525,false
25753724,0xb456553e5ca727ac90ecea6df1f915351aae8d152e9706cfe117406e37154a96,0xd0d08887e8a5b16049534a7f3fc1de92848f5bea,0x6131b5fae19ea4f9d964eac0408e4408b66337b5,2026-08-14T22:06:39,complex_trace;high_gas_used_context,0xe21fd0e9,false
25753724,0xd6bbc49ff67cd0d796df4632b53f9b0720b89b48290e8ce34bbbef5f6413257e,0x48f07c16cbd5f12939e1ab24b8a23d161d6c3596,0x0000000071727de22e5e9d8baf0edac6f37da032,2026-08-14T22:06:39,dense_internal_fund_flow;complex_trace,0x765e827f,true
25753724,0xe5f1d3cfc6cee210ebf535330841e4877e668709759598d377c76872b460dfcb,0x5a9ce6113eb1a3d6cb3ee9739b438c6f0c8d32c7,0x91ff8bbd8ebb07893010d50a48a1609e5ebd8e34,2026-08-14T22:06:39,complex_trace;high_gas_used_context,0x069d1525,false
25753724,0x2cd6a270575553ae54b60028fa50dfc17293a50a3d77e1bc4aa87a0473765721,0x5f7a4c11bde4f218f0025ef444c369d838ffa2ad,0x28b40fc9dde267a91ed739961042ca34d5a1db2a,2026-08-14T22:06:40,privileged_execution_context,0x1d5a80d5,true
25753724,0x5979b97827b8dd3cc2025ab34d72800a5632bf3438aad0f7c78aeee3d0b8df37,0x5f7a4c11bde4f218f0025ef444c369d838ffa2ad,0x8f7060896bfa090cac626100006787bda59f8a81,2026-08-14T22:06:40,privileged_execution_context,0xf2fde38b,false
25753724,0xd14138e1b37ad3c337f7a10ed8038c6a129465a4185d1af698006970424515b3,0xde5ce22a56ed76bf7054121500b23a718399feb7,0x43de2d77bf8027e25dbd179b491e8d64f38398aa,2026-08-14T22:06:41,dense_internal_fund_flow;complex_trace,0xc280c905,true
25753725,0x1dfba6e3b49ed6dc970b43c18527fdaab21395a76ea7e05258fe7e5fb7974482,0x5f7a4c11bde4f218f0025ef444c369d838ffa2ad,0x15e99619aab20f4c4a231a6408fd343a6fb6d64d,2026-08-14T22:06:51,privileged_execution_context,0xf2fde38b,false
25753725,0x103e960ae4640804ab83d75ff241cdcf9f21480cc4328d842111ce33a5eb9d55,0x4838b106fce9647bdf1e7877bf73ce8b0bad5f97,0xfeeeeee44046c3f61a8cc081e0918ef0de0a7ffc,2026-08-14T22:06:52,selfdestruct_context,0x6a7f1f17,true
25753725,0x8ec9c3ee045f5d0a0aa0ec275d56d6b4125e6398f8fac6cb98c6a2c7b22fb8d3,0xdda3b51e29f9d6fad865c5dd7070d5f7eb57663e,0x8d8210a0252a706cb5de0c6f8e46b6d3692afc19,2026-08-14T22:06:52,complex_trace;high_gas_used_context,0xffc3a769,false
25753725,0xd75c0ca7249e452fb919b9fe317234907f21631863138310c885b079228335de,0x43370250bfc02c7f085cb105558da41e9cdb2d79,0x0000000071727de22e5e9d8baf0edac6f37da032,2026-08-14T22:06:52,dense_internal_fund_flow;large_erc20_asset_flow;complex_trace,0x765e827f,true
25753725,0x068e7cbf3a8e2ef1b01cd5aaddbbd5a4bff82394882e6580485d9dfeddad1f26,0x43370368dccceb147c89d1d78f14589225220290,0x0000000071727de22e5e9d8baf0edac6f37da032,2026-08-14T22:06:53,privileged_execution_context;complex_trace,0x765e827f,false
25753725,0x0d4f533f7f4bba5dbf3c6524fa6bbdb46f75a8146deae97ee457531f74435abd,0x0fd4e7b32b8f670c01a8c491cee0c11831598298,0x4c82d1fbfe28c977cbb58d8c7ff8fcf9f70a2cca,2026-08-14T22:06:53,dense_internal_fund_flow;large_erc20_asset_flow;complex_trace,0x3593564c,true
25753725,0x3909c77bfb4b97699866bd142196add3f7d7c4b8c6c9b8e77928df6538062fbd,0xe487832018fbd594c84f1db3dfac61cde98a5f36,0x91ff8bbd8ebb07893010d50a48a1609e5ebd8e34,2026-08-14T22:06:53,complex_trace;high_gas_used_context,0x069d1525,false
25753725,0x63a8706a8c0e3e6af77976deda95ad05f7fd57d8b31e783dec089b5288238be4,0x5f7a4c11bde4f218f0025ef444c369d838ffa2ad,0xcc5f1b161fe3a03e1947583cdc6c6e9c9a020006,2026-08-14T22:06:53,privileged_execution_context,0xf2fde38b,false
25753725,0x822263be4c06aaa6a40b4bc1e8ce6937fb5e8b89b7f58f1af33451cc8df748e7,0xbee12bd9a3b777b29fecf6097f18aec13db6e013,0xbee3211ab312a8d065c4fef0247448e17a8da000,2026-08-14T22:06:53,large_erc20_asset_flow;complex_trace,0x4cf3fe9c,true
25753725,0x98957dbdf1ef938847a7be9b733323a81d848b25b49edf18f14702c8c163854b,0x161643f280b09be8e0271eef8efc6c264d125003,0x6eb53247e1e278e4893bce9f3e060977bb000f64,2026-08-14T22:06:53,dense_internal_fund_flow;token_activity_burst,0xa9059cbb,true
25753725,0x069fd0fa32b8a8352dc1bb80bbe119729af9381f8538f73e309a8ad47d5580da,0xf53a423ef7d00f93fc67be33379933ec2d4f6254,0x7a250d5630b4cf539739df2c5dacb4c659f2488d,2026-08-14T22:06:54,dense_internal_fund_flow,0x02751cec,true
25753725,0xa49d85334fe54d9a19215e3954bd73494cad8939e9f00547a1435b3bd872eefb,0x4838b106fce9647bdf1e7877bf73ce8b0bad5f97,0xfeeeeee44046c3f61a8cc081e0918ef0de0a7ffc,2026-08-14T22:06:54,selfdestruct_context,0x6a7f1f17,true
25753725,0xcbe895f8426cb01e3044615ea8b6f80bd886c34937b4640712819f54773bf6b7,0x59aab1bd0d26290274398c07b55955c15425e16b,0x00fe78205f5f0e63b8ad2b2ae5337f538a610e04,2026-08-14T22:06:54,repeated_internal_token_drain;dense_internal_fund_flow;complex_trace;high_gas_used_context;token_activity_burst;repeated_risky_internal_calls,0x34fcd5be,true
25753725,0xf346c5c3a4d19410fcaa20c9e093fbea1bcdf6dcef8d88b83a6d2d791f2a33dd,0x1053ec0d66c4d1678099521b07f19a4532d33578,0x3057fe9ce0785055d546e974befa47b5e9f0cccc,2026-08-14T22:06:54,complex_trace;high_gas_used_context,0x07ed2379,false
25753725,0xf9033221fd5bbff3dbf837ed64e9653f352b2ac0d058402dbc8829dbb8f02515,0x59aab1bd0d26290274398c07b55955c15425e16b,0x00fe78205f5f0e63b8ad2b2ae5337f538a610e04,2026-08-14T22:06:54,complex_trace;high_gas_used_context;token_activity_burst,0x34fcd5be,false
25753726,0xa794fb6af21c430a76d9e9c31311a28446e7b8cdb952a965189aedc92f3868c2,0xae2fc483527b8ef99eb5d9b44875f005ba1fae13,0x1f2f10d1c40777ae1da742455c65828ff36df387,2026-08-14T22:07:09,large_erc20_asset_flow;complex_trace,0x2bd0a0b8,true
25753726,0xbdefac4a7ffb36f85b76fb53a0b2d17440550f58e1125dbf9cd575ee40753517,0x7b49bc3ebbdf7322f31c6449320382bbec3be1b6,0xad3b67bca8935cb510c8d18bd45f0b94f54a968f,2026-08-14T22:07:09,complex_trace;high_gas_used_context;token_activity_burst;approval_burst,0x146ee74d,false
25753726,0x01182a9ae3b97b839fe9245f3dfa4c6d7040a41cea94ffd1bc73ab6cd609a4b1,0xe487832018fbd594c84f1db3dfac61cde98a5f36,0x91ff8bbd8ebb07893010d50a48a1609e5ebd8e34,2026-08-14T22:07:11,complex_trace;high_gas_used_context,0x069d1525,false
25753726,0xb99a9796c0248988f6cc6a2ba9dc482ace1d7b4ac796fbf2735d190743732852,0x7f56302966ef91afb0d7baddc92b793efa8da7d9,0x91ff8bbd8ebb07893010d50a48a1609e5ebd8e34,2026-08-14T22:07:11,complex_trace;high_gas_used_context,0x069d1525,false
25753726,0xcce9de35d7a65ab9c85e950058179453c951dac477f8b2c44a37845f138504b3,0xdda3b51e29f9d6fad865c5dd7070d5f7eb57663e,0x8d8210a0252a706cb5de0c6f8e46b6d3692afc19,2026-08-14T22:07:11,complex_trace;high_gas_used_context,0xffc3a769,false
25753726,0xa1d7ff7842feb5bfbc0e0d1efc3c909bdd4a24c7c3ca4f9dc0c6c439afe61438,0x4838b106fce9647bdf1e7877bf73ce8b0bad5f97,0xfeeeeee44046c3f61a8cc081e0918ef0de0a7ffc,2026-08-14T22:07:13,selfdestruct_context,0x6a7f1f23,true
25753726,0xcf38c87ce01993c52a156ca5b9ef74f04b66dfc319d060ae40fe66928792260c,0x09cfee647fa339133380191c8db6b44f24500c9d,0x77b85afbcd336993ac1c65057531c5a5b33b76b8,2026-08-14T22:07:13,repeated_internal_token_drain;dense_internal_fund_flow;complex_trace;high_gas_used_context;token_activity_burst;repeated_risky_internal_calls,0xa9059cbb,true
25753726,0xd40c1581d55520ba604666615cb8683a4be1b34007dfb411c9569a1bb6b20cbc,0x5c096ef846447cb935c5d247e4ab2a867ecc33a9,0x00000f91109c4d0007e90000d9facad5298a0cac,2026-08-14T22:07:13,complex_trace;high_gas_used_context;token_activity_burst;approval_burst,0x00000000,false
25753727,0x163741b2bd88b09b1218828f25be9a8f7fa8a28e0f14175d2de19861b9b753c6,0x5b43453fce04b92e190f391a83136bfbecedefd1,0xbdb3ba9ffe392549e1f8658dd2630c141fdf47b6,2026-08-14T22:07:20,dense_internal_fund_flow;complex_trace;high_gas_used_context;token_activity_burst,0x000000c3,true
25753727,0x7e0595758e469a567d97d0776156e7514ef1c1954625709a5185cf7e48957d2f,0x7830c87c02e56aff27fa8ab1241711331fa86f43,0xa9d1e08c7793af67e9d92fe308d5697fb81d3e43,2026-08-14T22:07:20,large_erc20_asset_flow,0xca350aa6,true
25753727,0x109c114e740a9397d0d21a0134ee786e1b7038a37aa5785b65ce57a2f523a581,0xe9fce949e03ed55426471dbdb33847a248a83573,0x91ff8bbd8ebb07893010d50a48a1609e5ebd8e34,2026-08-14T22:07:21,complex_trace;high_gas_used_context,0x069d1525,false
25753727,0x3361ca04acad1c9cdc54a7972ffe4e10787c8318c9f16fe3264a93001374de8f,0x64b9edd67c96c76bc3f9472c5a9e83547cfd4380,0x91ff8bbd8ebb07893010d50a48a1609e5ebd8e34,2026-08-14T22:07:21,complex_trace;high_gas_used_context,0x069d1525,false
25753727,0x54ecf085c5faf414cf4c23ff502b6fa9141e7a8c92d15fd5f02374906425a783,0x41d209d275027e3dcf5ddc4d0c30cd6c6ece1ffd,0x91ff8bbd8ebb07893010d50a48a1609e5ebd8e34,2026-08-14T22:07:21,complex_trace;high_gas_used_context,0x069d1525,false
25753727,0x706754a724037491819d8cff8451732c92619db1c2de28735aa266172a6d1cc9,0x0f6d91fbafa15c3f20e72a4cbf16ed65dd96323d,0x91ff8bbd8ebb07893010d50a48a1609e5ebd8e34,2026-08-14T22:07:21,complex_trace;high_gas_used_context,0x069d1525,false
25753727,0x7ae101a568c48f0fb19794754d2203d49d0e69ea198ec7b1ffe56814df25ece1,0x61193d978c9ce5ba69293da96a56113be8de981c,0x91ff8bbd8ebb07893010d50a48a1609e5ebd8e34,2026-08-14T22:07:21,complex_trace;high_gas_used_context,0x069d1525,false
25753727,0x7ee22e7d740ecca891c13fe36f9915b4f3e48ba05b36e04decf6ec671f33b2ca,0x72663ec3f3dcf59beff5d20594fd5777e05d9c17,0x91ff8bbd8ebb07893010d50a48a1609e5ebd8e34,2026-08-14T22:07:21,complex_trace;high_gas_used_context,0x069d1525,false
25753727,0xaaf6c26279e79bb1cf5b37ff9c5b20f4cbb3a328d36925200123ea85932c488a,0x09150763e1fae6a8940ae75a20a88e5a23fefc21,0x337685fdab40d39bd02028545a4ffa7d287cc3e2,2026-08-14T22:07:21,dense_internal_fund_flow;complex_trace,0xfa74fd43,true
25753727,0xbcef93d685671cf360d8d6f5403b6c45f10c3bc505cd9a4b086dfd2dd7fab922,0x1e060fb7847ab8de0e05e898c16714c9dcc9de6d,0x91ff8bbd8ebb07893010d50a48a1609e5ebd8e34,2026-08-14T22:07:21,complex_trace;high_gas_used_context,0x069d1525,false
25753727,0xd05d3332fe433aac28a5e84e9dfcadb76a1dd00d473d03418369a11b7928773c,0x6572d9dbd1e4a1a1a81760dcc4310269b59950c7,0x91ff8bbd8ebb07893010d50a48a1609e5ebd8e34,2026-08-14T22:07:21,complex_trace;high_gas_used_context,0x069d1525,false
25753727,0x0510b498ee2e1b2e0c8052a505c1901b4cb0d0eb593991dd0b204ea2d0b073e6,0x59aab1bd0d26290274398c07b55955c15425e16b,0x00fe78205f5f0e63b8ad2b2ae5337f538a610e04,2026-08-14T22:07:23,complex_trace;high_gas_used_context,0x34fcd5be,false
25753727,0x784af7c8929adfbf96b39808af37a75f48c45bcd3bc5ea80d5790fe4ea6c3654,0x9fc3da866e7df3a1c57ade1a97c9f00a70f010c8,0xfeeeeee44046c3f61a8cc081e0918ef0de0a7ffc,2026-08-14T22:07:23,selfdestruct_context,0x6a7f1f2f,true
25753728,0x1deb07062ab0a35e679c6b3a8c869bcbe50ec9a7bc108e80b878f8c383524e0d,0x80c6a512b548229226c0676d6fdbaff81d325990,0x8bb4c975ff3c250e0ceea271728547f3802b36fd,2026-08-14T22:07:42,high_gas_used_context;approval_burst,0x4129fe4c,false
25753728,0x41aea4a23c60c75f3bfad11eb1b227a20a6b1d7ac14e781a4cb46bf17fdaa2bd,0x6780ac060fdcba20ae02a6197c84bdc70cf8716b,0x888888888889758f76e7103c6cbf23abbf58f946,2026-08-14T22:07:42,large_erc20_asset_flow;complex_trace,0x60fc8466,true
25753728,0xfc9c08863b04fb21d3463973194d808063e5644383e33e9084e5f325fd1aa0bb,0xbee0330ead7ec2a81da3a34c05a1ba86a0c95012,0xbee3211ab312a8d065c4fef0247448e17a8da000,2026-08-14T22:07:42,large_erc20_asset_flow;complex_trace,0x4cf3fe9c,true
25753728,0x0ea07832c42937ad3f5618b6e2f69ed19c384fc68e8bdd5c45380812f8714fa1,0x4337038429b76948ee97eb2d8115513277c3abf5,0x0000000071727de22e5e9d8baf0edac6f37da032,2026-08-14T22:07:43,large_erc20_asset_flow;complex_trace,0x765e827f,true
25753728,0x133cb8b59b2df2801fe01a9ae88656a083734ed2d1e5c564a58147de36aec2b9,0x4337034c17597470b36ce40a761f2e9f55a2df48,0x0000000071727de22e5e9d8baf0edac6f37da032,2026-08-14T22:07:43,large_erc20_asset_flow,0x765e827f,true
25753728,0x7112c1286f5282c94ae001473610b617adf6dd8cbf30cef8723f45f428dda39a,0x7b49bc3ebbdf7322f31c6449320382bbec3be1b6,0xad3b67bca8935cb510c8d18bd45f0b94f54a968f,2026-08-14T22:07:43,complex_trace;high_gas_used_context;token_activity_burst;approval_burst,0x146ee74d,false
25753728,0xae6b26496316c6cb603d72a6b3026c39ac7dd94456efe3eee1d132b3413776bf,0x2addfc34751d32bfa15bdda5cd7f15a1d863068a,0x50c4e75a512f2a14a7b304787adf79c4531a5909,2026-08-14T22:07:43,dense_internal_fund_flow;complex_trace,0x2213bc0b,true
25753728,0xd7c2467c672c41e64728e1804f6c1b2f97bf192437f6ba88a2b77db8d730a8f7,0x70e59f9c304e4d5096bd408b571e2dcd99c3120b,0xad3b67bca8935cb510c8d18bd45f0b94f54a968f,2026-08-14T22:07:43,complex_trace;high_gas_used_context;token_activity_burst;approval_burst,0x146ee74d,false
25753728,0x1fe52065023099351c76e7bb25f7400aa7ea14d9f67735fee5423dd2d178fd7a,0x4838b106fce9647bdf1e7877bf73ce8b0bad5f97,0xfeeeeee44046c3f61a8cc081e0918ef0de0a7ffc,2026-08-14T22:07:44,selfdestruct_context,0x6a7f1f3b,true
25753728,0xa2990c6cf1fb5165c92e1084dd5fb0b77111e038e79de54f1a41521d62c2332f,0xd6434d157f254276d69ede3bd9fc805482206908,0x7ec8a30a34b86927dc77b302603d1d53e640bef7,2026-08-14T22:07:44,repeated_internal_token_drain;dense_internal_fund_flow;complex_trace;high_gas_used_context;token_activity_burst;repeated_risky_internal_calls,0xa9059cbb,true
25753729,0x050a379e0a107713a7ee8ebec10e74aadde56ad689e02b77266672811d323a69,0xde992badd92adaf9146255e9bde6a70770973664,0x3d0f22bf11636cc9cb129e2b261eed35a487455c,2026-08-14T22:08:00,complex_trace;high_gas_used_context,0xa9059cbb,false
25753729,0x6117791b51e3f788adce43bc2d3deabf7070e4c75955730daf16a4442a446a92,0x25e230d3a350feee5829f4c5aff8ec9eb05fda06,0xbf7a7b6300efef494cfe81f6c06818673f7e09d0,2026-08-14T22:08:00,complex_trace;high_gas_used_context;token_activity_burst,0xb5cca618,false
25753729,0x8cf0e23b498e533b6b897727f93ced4b834bbc1846cc82c607195af496ac081e,0x7b49bc3ebbdf7322f31c6449320382bbec3be1b6,0xad3b67bca8935cb510c8d18bd45f0b94f54a968f,2026-08-14T22:08:00,complex_trace;approval_burst,0x146ee74d,false
25753729,0xba6b01a46b415f0bc8f0ce140ff289f6a36c3f940e68ab8028e7d267d37899df,0xd6434d157f254276d69ede3bd9fc805482206908,0x7ec8a30a34b86927dc77b302603d1d53e640bef7,2026-08-14T22:08:00,repeated_internal_token_drain;dense_internal_fund_flow;complex_trace;high_gas_used_context;token_activity_burst;repeated_risky_internal_calls,0xa9059cbb,true
25753729,0x53093dee4877889dfc2d7dda9d148312c4c142407a9b520e396c38be01b6bae9,0x59aab1bd0d26290274398c07b55955c15425e16b,0x00fe78205f5f0e63b8ad2b2ae5337f538a610e04,2026-08-14T22:08:01,complex_trace;high_gas_used_context;token_activity_burst,0x34fcd5be,false
25753729,0x5bc5d3c07ac9c8c14f527e92b6e10ea67fed7db6112206bebd561776d529699d,0xdda3b51e29f9d6fad865c5dd7070d5f7eb57663e,0x8d8210a0252a706cb5de0c6f8e46b6d3692afc19,2026-08-14T22:08:01,complex_trace;high_gas_used_context,0xffc3a769,false
25753729,0xaaa8ad698ee13512e4c209ffdb388d2affff224a0045afd2b5922b800a9e26a6,0xeb27b0a6dc383ee023f1203091134b4f759ee23e,0xb0f09ea9ae0515c3551080d4a745c8115aa30e37,2026-08-14T22:08:01,large_erc20_asset_flow;complex_trace,0xc7c7f5b3,true
25753729,0xc9384fb7872d09c5b765d0fc2eff32a463128b343281031466a5d868feeaa2e1,0x779c8e07b291aa1407858e5bd77083bad7cfe23a,0xf4e147db314947fc1275a8cbb6cde48c510cd8cf,2026-08-14T22:08:03,privileged_execution_context,0x760d0f9d,false
25753730,0x0d8821c6af707c267dd9a1e718b4f9766d99bf4773fe49ff6367604c6ea58ff5,0xd6434d157f254276d69ede3bd9fc805482206908,0x7ec8a30a34b86927dc77b302603d1d53e640bef7,2026-08-14T22:08:18,repeated_internal_token_drain;dense_internal_fund_flow;complex_trace;high_gas_used_context;token_activity_burst;repeated_risky_internal_calls,0xa9059cbb,true
25753730,0x146480285231651e2fb1bbe73de2963b07698528e3d8312c939dd89a68e720e9,0xa33e1f748754d2d624638ab335100d92fcbe62a2,0x6566194141eefa99af43bb5aa71460ca2dc90245,2026-08-14T22:08:18,large_erc20_profit_to_sender;large_erc20_asset_flow;complex_trace,0x374f435d,true
25753730,0x18c782a3458b15404c039c3b2dcdd801394f15fa99d36c9e2819770261b8ae32,0x4838b106fce9647bdf1e7877bf73ce8b0bad5f97,0xfeeeeee44046c3f61a8cc081e0918ef0de0a7ffc,2026-08-14T22:08:18,selfdestruct_context,0x6a7f1f53,true
25753730,0x2eeb4142cae7e643ed9a56d6017b85cd51d73a7f395cb850f20fd064d12f72be,0xc6acbee42e9e323140c1ed060c2f6ea9cc3b4b75,0x7c5a71c9fefbc7691f9d4ac7baf70c743792f716,2026-08-14T22:08:18,selfdestruct_context,0xf3fef3a3,false
25753730,0x587589a7ad3038cfacca1557c96747e9214350ef5e566fb27aa3ddcccb749c12,0x7b49bc3ebbdf7322f31c6449320382bbec3be1b6,0xad3b67bca8935cb510c8d18bd45f0b94f54a968f,2026-08-14T22:08:18,complex_trace;high_gas_used_context;token_activity_burst;approval_burst,0x146ee74d,false
25753730,0x6e56589dda7093f2227d9975afff84c79f1281e697fd178b27a153b35075b374,0xd4d08e811e9ef343fe68f4c75b5976e0d469f65e,0x881d40237659c251811cec9c364ef91dc08d300c,2026-08-14T22:08:18,dense_internal_fund_flow;complex_trace,0x5f575529,true
25753730,0xd9b2515afddc99ef40da7a78928411bac93cdb27b35ab5725dca44769b75dc29,0xdda3b51e29f9d6fad865c5dd7070d5f7eb57663e,0x8d8210a0252a706cb5de0c6f8e46b6d3692afc19,2026-08-14T22:08:18,complex_trace;high_gas_used_context,0xffc3a769,false
25753731,0x0095da696a7305b277d840145aa205fc0bf3280f286b33eb96c20d1c4c9bdee7,0xfb7c278df1c6143af9353649e4ebb02103bd464d,0xd01607c3c5ecaba394d8be377a08590149325722,2026-08-14T22:08:24,dense_internal_fund_flow;complex_trace,0x80500d20,true
25753731,0x1bf9834faf54f571487e30c3abf550196129c614491e6d4b24f58460ac1f95d1,0x5f7a4c11bde4f218f0025ef444c369d838ffa2ad,0x28b40fc9dde267a91ed739961042ca34d5a1db2a,2026-08-14T22:08:25,privileged_execution_context,0x1d5a80d5,true
25753731,0x273566b65078a7e1d5df602c32b0b95d230e9d4674d3e7e47aec9ba849089934,0x5f7a4c11bde4f218f0025ef444c369d838ffa2ad,0x03366a9ebbac5761bdadd3ff814b3ec390db0ea8,2026-08-14T22:08:25,privileged_execution_context,0xf2fde38b,false
25753731,0x534dc7737ed7addc863cae008ef88b1173dab3119a465000eb746de467b8bc71,0x5f7a4c11bde4f218f0025ef444c369d838ffa2ad,0x28b40fc9dde267a91ed739961042ca34d5a1db2a,2026-08-14T22:08:25,privileged_execution_context,0x1d5a80d5,true
25753731,0x772052465061286476901f2030ae11202a8b742e8c48fed7d852411e45d9ee34,0x5f7a4c11bde4f218f0025ef444c369d838ffa2ad,0x28b40fc9dde267a91ed739961042ca34d5a1db2a,2026-08-14T22:08:25,privileged_execution_context,0x1d5a80d5,true
25753732,0x0736e4f194c476c05b52cc12313d2c7c39b052dfa45a6fb39bb2d61d0eb9f73a,0xbddf4ce7739da23bc314370d3f5802f768f0da0c,0x03f34be1bf910116595db1b11e9d1b2ca5d59659,2026-08-14T22:08:36,dense_internal_fund_flow;complex_trace,0xa32fe0a1,true
25753732,0x1431c18775834169458c77b92803f1f37aae1c95095e4e25805da8ce26418337,0x7830c87c02e56aff27fa8ab1241711331fa86f43,0xa9d1e08c7793af67e9d92fe308d5697fb81d3e43,2026-08-14T22:08:36,dense_internal_fund_flow,0x1a1da075,true
25753732,0x7845518e732fe18b528dc44d4bae35d85bbf8f710260947dc2a951e189666dbe,0x7830c87c02e56aff27fa8ab1241711331fa86f43,0xa9d1e08c7793af67e9d92fe308d5697fb81d3e43,2026-08-14T22:08:36,large_erc20_asset_flow,0xca350aa6,true
25753732,0x7edec74f387c8872ee293dc63c85741e12e722aad56ff4856c97bfacc46ad62a,0x883a95fdf8df78e7128fced0e9d931a687ff542f,0x6f714629052538051c41d5965369bec0eea594e3,2026-08-14T22:08:36,complex_trace;high_gas_used_context,0x586146e0,false
25753732,0x2c8cc9b9dcad0dbda85358a76bc1a4d36906f168a65d6d52fd98ef9f56d2184c,0xbac009aeeb30656ea6fb64c685ccf822bbaead36,0xac4cc4da8759939de4d256295acbc425e7922bd4,2026-08-14T22:08:38,large_erc20_asset_flow;privileged_execution_context;complex_trace;high_gas_used_context,0x6a761202,true
25753732,0x75bde83377b136ab6347791cda0ea39a5a3b9a1296bb84d5a4c49b945676b708,0x4ae8f9294dcf802d22af1ccb1e05e8fc7ac26bb2,0x78ace9b2ee9a31737fad748015266a59f32dc79a,2026-08-14T22:08:40,complex_trace;high_gas_used_context,0x9265bb9d,false
25753732,0xbea4fc6c01a956ef506c8fb56f523833820c317aec83c04769e9ad6ab7f78615,0xe27d4cb1759bae0188126bd62d415a6fa528ffe5,0x78ace9b2ee9a31737fad748015266a59f32dc79a,2026-08-14T22:08:40,complex_trace;high_gas_used_context,0x9265bb9d,false
25753732,0x79de7a7cfcbcedc3bbce426fa56a5a1be7c72b1b5d0924c2e458f1cc6f32cc04,0x4a4d573404baa722d140a77b8529a1938f818f41,0x28b1dc1a5e3699a428bc51d234dfab7c9cb2a183,2026-08-14T22:08:43,dense_internal_fund_flow,0x0c307f76,true
25753732,0xee12aaf6a599f6847182a998986f7411e045d88e1658bfb23c4986a3b6e41ee4,0x4838b106fce9647bdf1e7877bf73ce8b0bad5f97,0xfeeeeee44046c3f61a8cc081e0918ef0de0a7ffc,2026-08-14T22:08:43,selfdestruct_context,0x6a7f1f6b,true
25753733,0x2f62cb6e4c16bcb4d47b06cbe887a7138cd18bc8aab054aaaaa6c2e64e900697,0xbe0b407782a7599380fa726db315340126d62229,0x4d2fb5f8ec243fde4df1a9678b82238570c7e0e4,2026-08-14T22:08:57,repeated_internal_token_drain;dense_internal_fund_flow;complex_trace;high_gas_used_context;token_activity_burst;repeated_risky_internal_calls,0x6a761202,true
25753733,0xac7da97322b5eddb2badf7f63a45208ea15a7d47e015df10d2ca3e94cbcb3132,0x70e59f9c304e4d5096bd408b571e2dcd99c3120b,0xad3b67bca8935cb510c8d18bd45f0b94f54a968f,2026-08-14T22:08:57,complex_trace;high_gas_used_context;token_activity_burst;approval_burst,0x146ee74d,false
25753733,0x2e9d1cd4f10ed578c5881b7cf6f807e13dcb81447e3b2acaa176aa217794c4f1,0xdadb0d80178819f2319190d340ce9a924f783711,0xfeeeeee44046c3f61a8cc081e0918ef0de0a7ffc,2026-08-14T22:08:58,selfdestruct_context,0x6a7f1f77,true
25753733,0xd3ee12d3a57e6ff7ddfe7924648c4e5fd5e0d81d092f48f5a43d23b5eeb58659,0xdadb0d80178819f2319190d340ce9a924f783711,0xfeeeeee44046c3f61a8cc081e0918ef0de0a7ffc,2026-08-14T22:08:58,selfdestruct_context,0x6a7f1f77,true
25753733,0xdd6ff9bc193480b9f1740da798b3fc8c195fca3693cfeabf7021aee06b9f4e2d,0xdadb0d80178819f2319190d340ce9a924f783711,0xfeeeeee44046c3f61a8cc081e0918ef0de0a7ffc,2026-08-14T22:08:58,selfdestruct_context,0x6a7f1f77,true
25753734,0x2e34c93aca6f55b293ba3cd74c676bc84f2913ae313710c5c9ee5f92ec52fd16,0xdadb0d80178819f2319190d340ce9a924f783711,0xfeeeeee44046c3f61a8cc081e0918ef0de0a7ffc,2026-08-14T22:09:38,selfdestruct_context,0x6a7f1f83,true
25753734,0x544a99a99d091925cc1a96c5d7e83a3719c4f44e8ec1b8647f45acb617eb46b7,0x374afff3d70668cca7ba6206113b58200bef173e,0x03761f2eec8b941bacbfd723f4dd98373afd5dde,2026-08-14T22:09:38,large_erc20_asset_flow;complex_trace;high_gas_used_context;token_activity_burst;approval_burst,0x601881f3,true
25753734,0x5be5619a594fd9dac0be45dea0edf674dcac24656b355d8d808b29d638de8743,0x43370240c309f6cc0815929a176609267971224f,0x0000000071727de22e5e9d8baf0edac6f37da032,2026-08-14T22:09:38,privileged_execution_context;complex_trace,0x765e827f,false
25753734,0x60b85a2a8cabc93b7ee3ecff6b00364f47c5c960998be9a2e64e2a4a30ba391f,0xc2d17664b6f038ffa2eba5e93b73529c596dd492,0x0000000071727de22e5e9d8baf0edac6f37da032,2026-08-14T22:09:38,large_erc20_asset_flow,0x765e827f,true
25753734,0xbe880802d951e44a08ea7c5488e1738aa30e0d1f16aa398eb92aa1047d275308,0x70e59f9c304e4d5096bd408b571e2dcd99c3120b,0xad3b67bca8935cb510c8d18bd45f0b94f54a968f,2026-08-14T22:09:38,complex_trace;approval_burst,0x146ee74d,false
25753734,0xdf4357bd51a71b7a3b8cb769d785ed9318747fb0003c5a04bed2a790e322ce51,0x59cadf9199248b50d40a6891c9e329ea13a88d31,0xfeeeeee44046c3f61a8cc081e0918ef0de0a7ffc,2026-08-14T22:09:38,selfdestruct_context,0x6a7f1f83,true
25753734,0xfb89879c5d31f4fea9d3f99f0648eb1dc244403f93b6d50d83361df671c56388,0xdadb0d80178819f2319190d340ce9a924f783711,0xfeeeeee44046c3f61a8cc081e0918ef0de0a7ffc,2026-08-14T22:09:38,selfdestruct_context,0x6a7f1f83,true
25753735,0x24c5089c59a17e68b0e2a11cf9c339cc1c228a2a744aea15e497165c824a65c0,0xbddf4ce7739da23bc314370d3f5802f768f0da0c,0x03f34be1bf910116595db1b11e9d1b2ca5d59659,2026-08-14T22:09:55,dense_internal_fund_flow;complex_trace,0xa32fe0a1,true
25753735,0xab8d6287974b5486dc772afcdfa76d7fea4d7ae113a77f8f3c81fdb565a2cd84,0xdda3b51e29f9d6fad865c5dd7070d5f7eb57663e,0x8d8210a0252a706cb5de0c6f8e46b6d3692afc19,2026-08-14T22:09:55,complex_trace;high_gas_used_context,0xffc3a769,false
25753736,0xf4ff860bebe9761b325d5a46a4071a66e21d76003f2b4de84dce3c47caca9dda,0x654fae4aa229d104cabead47e56703f58b174be4,0x000000000035b5e5ad9019092c665357240f594e,2026-08-14T22:10:08,large_erc20_asset_flow;complex_trace;high_gas_used_context,0x00000004,true
25753736,0x24c13c7e7737b330fba95059119aba46f4d2f98cb8e5bfff290cddb0ab77b1c8,0xc6acbee42e9e323140c1ed060c2f6ea9cc3b4b75,0x7c5a71c9fefbc7691f9d4ac7baf70c743792f716,2026-08-14T22:10:09,selfdestruct_context,0xf3fef3a3,false
25753736,0x93254aa8ad057b46b085ccff9ed77757bfec8c1ac0b8cdd33864248a22bec08c,0x5102009e110466f69c1e82d0c64ef969339648d4,0x28b1dc1a5e3699a428bc51d234dfab7c9cb2a183,2026-08-14T22:10:09,complex_trace;high_gas_used_context;token_activity_burst,0x0c307f76,true
25753736,0xd7380f4ca8691e38c69eb13308dcfe941931daa2f23e6836a394668c122ec52a,0x654fae4aa229d104cabead47e56703f58b174be4,0x000000000035b5e5ad9019092c665357240f594e,2026-08-14T22:10:09,large_erc20_asset_flow;complex_trace,0x00000004,true
25753736,0x0626ebf43f94eeb3812b3b84c25eb0f153f6a090717417c9ab960d6958bcb798,0x43370108f30ee5ed54a9565f37af3be8502903f5,0x0000000071727de22e5e9d8baf0edac6f37da032,2026-08-14T22:10:10,privileged_execution_context;complex_trace,0x765e827f,false
25753736,0x240f569e951130964ff73c8b27cb21f6d4fda15a44a2f2f71dce4ed8dfc503f4,0xdadb0d80178819f2319190d340ce9a924f783711,0xfeeeeee44046c3f61a8cc081e0918ef0de0a7ffc,2026-08-14T22:10:13,selfdestruct_context,0x6a7f1f9b,true
25753736,0x8c1983f9328abf4f713f7dfd36ac36f392d0aac46f00ffd91571eb3a846fbfe5,0xdadb0d80178819f2319190d340ce9a924f783711,0xfeeeeee44046c3f61a8cc081e0918ef0de0a7ffc,2026-08-14T22:10:13,selfdestruct_context,0x6a7f1f9b,true
25753736,0x922b730c66c3b5a587e6a308abe21589a87fcdef18881a7e88b854242e88ed8a,0xdadb0d80178819f2319190d340ce9a924f783711,0xfeeeeee44046c3f61a8cc081e0918ef0de0a7ffc,2026-08-14T22:10:13,selfdestruct_context,0x6a7f1f9b,true
25753736,0xc7d6c8a098843f9f79a2715eb1b0af230cb0bc0398b762b2cfc224fdb6dc1574,0x7a27f9586d0895f045b80b3fb1d9d6ef4d54e9bc,0x6566194141eefa99af43bb5aa71460ca2dc90245,2026-08-14T22:10:13,large_erc20_asset_flow,0x374f435d,true
25753736,0xd3eb08ff0f3f0ba347b04bd951d578c6292cc4ca1e472ceddc8324463a3ec165,0xdadb0d80178819f2319190d340ce9a924f783711,0xfeeeeee44046c3f61a8cc081e0918ef0de0a7ffc,2026-08-14T22:10:13,selfdestruct_context,0x6a7f1f9b,true
25753736,0xe1675d0a3ea6b0e6f4abb537f3b82674555ec6e851a5920064bde9d3c255b431,0xdadb0d80178819f2319190d340ce9a924f783711,0xfeeeeee44046c3f61a8cc081e0918ef0de0a7ffc,2026-08-14T22:10:13,selfdestruct_context,0x6a7f1f9b,true
25753736,0xe4d32ee89ee78eba865d5c2f4ea955a43324e555005a2ccab48288ea352966a8,0xdadb0d80178819f2319190d340ce9a924f783711,0xfeeeeee44046c3f61a8cc081e0918ef0de0a7ffc,2026-08-14T22:10:13,selfdestruct_context,0x6a7f1f9b,true
25753736,0xf83f1961e98277455fd317af667c777ce2c29ca34a8301635c2333e9ecb85d32,0xdadb0d80178819f2319190d340ce9a924f783711,0xfeeeeee44046c3f61a8cc081e0918ef0de0a7ffc,2026-08-14T22:10:13,selfdestruct_context,0x6a7f1f9b,true
25753737,0x32855334b9fee99c83379c2772fa0f434bb093539991bfa728aab66cac23ce3b,0x59aab1bd0d26290274398c07b55955c15425e16b,0x00fe78205f5f0e63b8ad2b2ae5337f538a610e04,2026-08-14T22:10:21,complex_trace;high_gas_used_context,0x34fcd5be,false
25753737,0x8ac10459a2a459ea66c16e3d34a272cb01ae2b04b609453a6926f259df63c91f,0x59aab1bd0d26290274398c07b55955c15425e16b,0x00fe78205f5f0e63b8ad2b2ae5337f538a610e04,2026-08-14T22:10:21,complex_trace;high_gas_used_context,0x34fcd5be,false
25753737,0xd4b7d52eff0866d9e4290120dc1ffd74f00d7c0bca4fc7fc76699605521ee7de,0xf46fa0ae63512a73a754098dfdb41a8357167c83,,2026-08-14T22:10:21,large_mint_to_sender;contract_creation_context,0x60806040,true
25753738,0x5328c485e965b9e1fcef0b1b099e2f3333a30c133acaad86ab8e3d360cb7be1a,0x5f7a4c11bde4f218f0025ef444c369d838ffa2ad,0x7f421508351dbf2daf7cda270e28e33c91e8c7f1,2026-08-14T22:10:35,privileged_execution_context,0xf2fde38b,false
25753738,0x7afc8286276a6d1c91f9632fba45e445b212a4e39ca7ec8c7af19f2579c3e234,0x5f7a4c11bde4f218f0025ef444c369d838ffa2ad,0xde596b0a2d5b726d62acb60b01bad653e0d2638b,2026-08-14T22:10:35,privileged_execution_context,0xf2fde38b,false
25753738,0x826b5c3d4c24963443698aeb09a23636d1b5cd0807271272c08640a439fde4ff,0x5f7a4c11bde4f218f0025ef444c369d838ffa2ad,0x860283b4044646c2431b591ec60dce8c4ec687cf,2026-08-14T22:10:35,privileged_execution_context,0xf2fde38b,false
25753738,0x847fbdbd34a8ce203b5bd578dfb8003b835ac824007ef7ee77e4a32f9411533a,0x5f7a4c11bde4f218f0025ef444c369d838ffa2ad,0x28b40fc9dde267a91ed739961042ca34d5a1db2a,2026-08-14T22:10:35,privileged_execution_context,0x1d5a80d5,true
25753738,0xeaf67f2cdab6050ea32008eebe8f0322ecabad071537c27620df4e859b2f3551,0x062ce42cae04c51d04e77e3d64cc8953a2296ffe,0x8a25a24ede9482c4fc0738f99611be58f1c839ab,2026-08-14T22:10:36,large_erc20_asset_flow;complex_trace,0x6a761202,true
25753738,0x08259aa290fc6f7dade9ec657ebc5e0b4ac32a3cf9f5780a4c7120454a8b45b5,0xb23360ccdd9ed1b15d45e5d3824bb409c8d7c460,0x09c30cdcdd971423cb3ba757a47d56c35d06d818,2026-08-14T22:10:39,dense_internal_fund_flow,0x318adb8b,true
25753738,0x09345aff63556c89c7b4390943037ee2b50f393b2793257dc8345ea96a83376e,0x6780ac060fdcba20ae02a6197c84bdc70cf8716b,0x888888888889758f76e7103c6cbf23abbf58f946,2026-08-14T22:10:39,complex_trace;high_gas_used_context;token_activity_burst,0x60fc8466,true
25753738,0x15c523182239d0d1836e73118f8c38a56746a38edfcfa38d726e77bd0dda4ff3,0x04e3378748337fd0da1786b5793b52181cd63152,0x91ff8bbd8ebb07893010d50a48a1609e5ebd8e34,2026-08-14T22:10:39,complex_trace;high_gas_used_context,0x069d1525,false
25753738,0x6c53c03db5882a30983003576e79585fdcda7ab29adca8f4fd7d6ccc6bfe95ee,0x48f07c16cbd5f12939e1ab24b8a23d161d6c3596,0x5ff137d4b0fdcd49dca30c7cf57e578a026d2789,2026-08-14T22:10:39,dense_internal_fund_flow;complex_trace,0x1fad948c,true
25753738,0x876b78594f176b538f9fe0b62f5abc5fb2a035aa02051d093929c8b3fcd51f0d,0x7a27f9586d0895f045b80b3fb1d9d6ef4d54e9bc,0x6566194141eefa99af43bb5aa71460ca2dc90245,2026-08-14T22:10:39,large_erc20_asset_flow;complex_trace,0x374f435d,true
25753738,0x905cc2c742fc31581c6f2b8d492ed43effcb9318f00130395bbf5c87a083e22b,0xdadb0d80178819f2319190d340ce9a924f783711,0xfeeeeee44046c3f61a8cc081e0918ef0de0a7ffc,2026-08-14T22:10:39,selfdestruct_context,0x6a7f1fb3,true
25753738,0xd5a5325a363518bffea01aead3e8c684aec41ca2be8c9aeebc9db73689d38613,0xdadb0d80178819f2319190d340ce9a924f783711,0xfeeeeee44046c3f61a8cc081e0918ef0de0a7ffc,2026-08-14T22:10:39,selfdestruct_context,0x6a7f1fb3,true
25753739,0x30f273b69758ffb144059530eea6d4369dafffe5bab941aa6a790a02a03299de,0x4838b106fce9647bdf1e7877bf73ce8b0bad5f97,0xfeeeeee44046c3f61a8cc081e0918ef0de0a7ffc,2026-08-14T22:11:05,selfdestruct_context,0x6a7f1fbf,true
25753739,0x60f1577e03efb1f83899007c60ffcb065afca780a6b0a678e4b879a65f49709f,0xc6acbee42e9e323140c1ed060c2f6ea9cc3b4b75,0x7c5a71c9fefbc7691f9d4ac7baf70c743792f716,2026-08-14T22:11:06,selfdestruct_context,0xf3fef3a3,false
25753739,0x5c4f50b9fba08a195027a73861676ebc5c2a1575df4a2bb991e66244ef82b2ff,0xabcc4b4227fc2bcf0fda9776bbe7ffce69e23d64,0x774b9655413c34809c1f1b16b654465a89ebe989,2026-08-14T22:11:07,large_erc20_profit_to_sender;large_erc20_asset_flow;complex_trace,0xd6bda0c0,true
25753739,0x58f4ea979f957d1083c5c90ac20bf7c8c6b3f7d08515162bc4402d90313f74db,0x327c062a42348561313da6e38da8b6d0da4e7279,0x91ff8bbd8ebb07893010d50a48a1609e5ebd8e34,2026-08-14T22:11:08,complex_trace;high_gas_used_context,0x069d1525,false
25753739,0x7a8b04bc6617e1cf9a50338458ab7adb48a03f2729654000c966b3b517dae5b0,0x0da9c6f1e7c62734b495d65f3e2ab7c02de53f44,0xc9482c957b439086cec652098336639aad4b0825,2026-08-14T22:11:08,privileged_execution_context;complex_trace,0xefd17e53,false
25753739,0xeab7d850c515a805310590af22dd6a40ff0a595635a52ff20460d05052f3aaae,0x9fc3da866e7df3a1c57ade1a97c9f00a70f010c8,0xfeeeeee44046c3f61a8cc081e0918ef0de0a7ffc,2026-08-14T22:11:09,selfdestruct_context,0x6a7f1fbf,true
25753740,0x080349b582c643e78dff233ae5c11967d15de45558691e5b899bcfeae5dfe32f,0x70e59f9c304e4d5096bd408b571e2dcd99c3120b,0xad3b67bca8935cb510c8d18bd45f0b94f54a968f,2026-08-14T22:11:15,complex_trace;token_activity_burst;approval_burst,0x146ee74d,false
25753740,0x47d7d7405ee1e6120f651057a61bfbbd79a0ca676f2471c9c3d8dba66205ab00,0xdadb0d80178819f2319190d340ce9a924f783711,0xfeeeeee44046c3f61a8cc081e0918ef0de0a7ffc,2026-08-14T22:11:16,selfdestruct_context,0x6a7f1fcb,true
25753740,0x5b3267648cff0c82ff46c27a040c35834ecb6bc0bd0a5092018b2991009afbf5,0xb08720c8998af8d4a43db3d0e36854d5375d9ddd,0x37f6387084f9654ab6099fc68eb1790e83d4bf28,2026-08-14T22:11:16,privileged_execution_context;complex_trace,0xefd17e53,false
25753740,0x6f60b36509b3daf9fbb513837167ad1ed5f5a71cc2449075e4954def140fd7f1,0xdadb0d80178819f2319190d340ce9a924f783711,0xfeeeeee44046c3f61a8cc081e0918ef0de0a7ffc,2026-08-14T22:11:16,selfdestruct_context,0x6a7f1fcb,true
25753740,0xd7404d2d97192dc1bfa80bde42a17e78d856dfbbe5bf3f569e67b6641ad24add,0xdadb0d80178819f2319190d340ce9a924f783711,0xfeeeeee44046c3f61a8cc081e0918ef0de0a7ffc,2026-08-14T22:11:16,selfdestruct_context,0x6a7f1fcb,true
25753741,0x7ac2ffa8ce4f12b6971ddf2cdcb7a9c5aa808621eb401ae664e8f5dc574f6307,0x47cda668b0da51dedb3bd0546efc8dc929d8c8fa,0x4313c378cc91ea583c91387b9216e2c03096b27f,2026-08-14T22:11:27,dense_internal_fund_flow;complex_trace,0xeffbec13,true
25753741,0xb18df74e58019975e1b8d02d9cb995eadf7925d6945706a963b8cea4b006e8f2,0xc6acbee42e9e323140c1ed060c2f6ea9cc3b4b75,0x7c5a71c9fefbc7691f9d4ac7baf70c743792f716,2026-08-14T22:11:27,selfdestruct_context,0xf3fef3a3,false
25753741,0xb460e187b261d6d7b9a34eb968166f65fa044ca60a4f46d04d429c03f21bc86e,0x7830c87c02e56aff27fa8ab1241711331fa86f43,0xa9d1e08c7793af67e9d92fe308d5697fb81d3e43,2026-08-14T22:11:29,large_erc20_asset_flow;token_activity_burst,0xca350aa6,true
25753741,0x178352368d8e73d469a11cb207bbc81851e5c4d4ff807c949740e6570fc8227d,0xdda3b51e29f9d6fad865c5dd7070d5f7eb57663e,0x8d8210a0252a706cb5de0c6f8e46b6d3692afc19,2026-08-14T22:11:30,complex_trace;high_gas_used_context,0xffc3a769,false
25753741,0xf5e75ca049b1c0384e7d676f6a3873b41cdba938d7faeb1508edab0ea0f98403,0x388a501588f2f1d6c6f61d99a7375409b130068b,0xb222da0f9c22ad2addcb0b0d6b150f398e44157a,2026-08-14T22:11:30,dense_internal_fund_flow;complex_trace;high_gas_used_context,0xef4d7b75,true
25753741,0x4b24b389bcb16c904d9fb77d92368ac28912e131f448b57ed25215c475e32f10,0x4838b106fce9647bdf1e7877bf73ce8b0bad5f97,0xfeeeeee44046c3f61a8cc081e0918ef0de0a7ffc,2026-08-14T22:11:31,selfdestruct_context,0x6a7f1fd7,true
25753741,0x983170336a718860850bc2499ce806608fd9b6447ed250c44100de563ba99426,0x8a8c3c1355d63bb2c48796c584253bae912b6a58,0x91ff8bbd8ebb07893010d50a48a1609e5ebd8e34,2026-08-14T22:11:31,complex_trace;high_gas_used_context,0x069d1525,false
25753741,0xa0f2665df51f3469e0569b9c7ee299adc0438a8c81e2ac022073a9f121b5baa9,0x7b49bc3ebbdf7322f31c6449320382bbec3be1b6,0xad3b67bca8935cb510c8d18bd45f0b94f54a968f,2026-08-14T22:11:31,complex_trace;high_gas_used_context;token_activity_burst;approval_burst,0x146ee74d,false
25753742,0x02caf82103bd781e8dc92b3fbadc1390f862d5f6ba759075291f24084546de5a,0x7830c87c02e56aff27fa8ab1241711331fa86f43,0xa9d1e08c7793af67e9d92fe308d5697fb81d3e43,2026-08-14T22:11:45,dense_internal_fund_flow,0x1a1da075,true
25753742,0x9908a6eb1d2bdcc62a793ad89b07e22cbdda84ed7679714532fccae4260ed9d4,0xc6acbee42e9e323140c1ed060c2f6ea9cc3b4b75,0x7c5a71c9fefbc7691f9d4ac7baf70c743792f716,2026-08-14T22:11:45,selfdestruct_context,0xf3fef3a3,false
25753742,0x97da3c880854706a906eeb4e40df7a87421beb3a754db07b6984f30a25b72c6c,0xcde89f2f6ee755ef007e0d5eb312fd9a6c2ce193,0x9640c8dd3b96fc35e08ddeba4d04637ba096c426,2026-08-14T22:11:46,dense_internal_fund_flow;complex_trace,0x00000000,true
25753742,0xc0f219dd1e0d3dc8fc6b124cdb436657028b9347ae940308cada24119be2431b,0xf70da97812cb96acdf810712aa562db8dfa3dbef,0xb92fe925dc43a0ecde6c8b1a2709c170ec4fff4f,2026-08-14T22:11:46,dense_internal_fund_flow;complex_trace,0xcd6e13f7,true
25753742,0xbb58efd17b7bb17a3d585565b13bedb0a2783bdae672cb1b0f27fb067dd58aad,0x5c39a36304f8197c09c957ec3673be7be251bca7,0x0ba6d224169bbfad4eb2d38c500d2c8e8ede696c,2026-08-14T22:11:48,complex_trace;high_gas_used_context,0x5742f567,false
25753742,0xd91852a0c5f338a4c5024fbacd03e34deef3ddfd80a90d156fbb3643d0295892,0xabcc4b4227fc2bcf0fda9776bbe7ffce69e23d64,0x774b9655413c34809c1f1b16b654465a89ebe989,2026-08-14T22:11:48,large_erc20_profit_to_sender;large_erc20_asset_flow;complex_trace,0xd6bda0c0,true
25753742,0xc4abb8ebe6fbc5821ad6984e77e705decbbd20c883cca3b1b151220999e101d9,0xd6434d157f254276d69ede3bd9fc805482206908,0x7ec8a30a34b86927dc77b302603d1d53e640bef7,2026-08-14T22:11:50,repeated_internal_token_drain;dense_internal_fund_flow;complex_trace;high_gas_used_context;token_activity_burst;repeated_risky_internal_calls,0xa9059cbb,true
25753742,0xa554caeee470821ce7fa54f8caba471a8afae5933231548d9b5e2f1d0121a627,0x161643f280b09be8e0271eef8efc6c264d125003,0x6eb53247e1e278e4893bce9f3e060977bb000f64,2026-08-14T22:11:57,dense_internal_fund_flow;token_activity_burst,0xa9059cbb,true
25753742,0xa70d6a96a5f02f84d4c5cf70b3f29dde3eedd1faffe83b080aceee3a911263f3,0x59aab1bd0d26290274398c07b55955c15425e16b,0x00fe78205f5f0e63b8ad2b2ae5337f538a610e04,2026-08-14T22:11:57,complex_trace;high_gas_used_context;token_activity_burst,0x34fcd5be,false
25753742,0xb0a96470b36cb81bd60336291cbe0b19e3a8db3b7ebdd52ea5e2b73f7768a0da,0x3431172c887cf150d9fdaba9876273d9db566367,0x64f5aad0e38e2ff9f50f2e51e813e49c05aca41a,2026-08-14T22:11:57,complex_trace;high_gas_used_context;token_activity_burst,0xa9059cbb,false
25753742,0xbea4f38a17268d225d5b6b8c0b592671e43b754e0101e14094ca0b2fa7367019,0xe9e1cd74e7f7daf4c8de41927d3790fe08966721,0xdd9bc35ae942ef0cfa76930954a156b3ff30a4e1,2026-08-14T22:11:57,large_erc20_asset_flow,0xa694fc3a,true
25753742,0xc52d7c1532ceda017131a078f304dbce337a3bcb51909645d889ef992102f3b0,0x1cda83fe97a2e0a8f94a9cf32da947c23b72ba02,0x5f829b1b473cba86838e1b7bb7e144dbde228e21,2026-08-14T22:11:57,large_erc20_asset_flow,0xac9650d8,true
25753742,0xd9fee89dc020ef6d34cc47626a99daf62a7f3020627e260bdab7e9375c638b3f,0x59aab1bd0d26290274398c07b55955c15425e16b,0x00fe78205f5f0e63b8ad2b2ae5337f538a610e04,2026-08-14T22:11:57,complex_trace;high_gas_used_context;token_activity_burst,0x34fcd5be,false
25753743,0x2073c1032d2dc3ff3cbddc435163719062261881d3edc5a932c0c02ac9908629,0x7b49bc3ebbdf7322f31c6449320382bbec3be1b6,0xad3b67bca8935cb510c8d18bd45f0b94f54a968f,2026-08-14T22:12:04,dense_internal_fund_flow;complex_trace;high_gas_used_context;token_activity_burst;approval_burst,0x146ee74d,true
25753743,0x1a5b79100c2f235a47dea5a0bd672a5e239ad9531cab41936839afdfa514b3da,0xf70da97812cb96acdf810712aa562db8dfa3dbef,0xb92fe925dc43a0ecde6c8b1a2709c170ec4fff4f,2026-08-14T22:12:05,dense_internal_fund_flow;complex_trace,0xcd6e13f7,true
25753743,0x9217070f5a5cd6f0fd9762ebd7011a364abd80f51050c8b068aa6b793f0dd23c,0x9123b39058c5bcd00d4b0b9142fe9f527ddb562f,0x093272c07700d3ca5301c3bf9b3a392624179e2f,2026-08-14T22:12:05,large_erc20_asset_flow,0xac9650d8,true
25753743,0x182f5e6422eefb822035453598acce700e3eaba502b0a2e479bd7c128527a804,0xdadb0d80178819f2319190d340ce9a924f783711,0xfeeeeee44046c3f61a8cc081e0918ef0de0a7ffc,2026-08-14T22:12:06,selfdestruct_context,0x6a7f1fef,true
25753743,0x41610ada2f1362144435dbf87a76f46c44f5b0c814c5d7b0645e158ac1a9ee77,0xdadb0d80178819f2319190d340ce9a924f783711,0xfeeeeee44046c3f61a8cc081e0918ef0de0a7ffc,2026-08-14T22:12:06,selfdestruct_context,0x6a7f1fef,true
25753743,0x51309629cd8cc40d87c21d90826e5b4988865db4b502f2ec90cf04067f44ad91,0xdadb0d80178819f2319190d340ce9a924f783711,0xfeeeeee44046c3f61a8cc081e0918ef0de0a7ffc,2026-08-14T22:12:06,selfdestruct_context,0x6a7f1fef,true
25753743,0xaa775f54ff95afcc442650b4286e7827f7de0956e632f7ea4943e4ba7f677d87,0x6a73204db71f8e054bf9a0680b02ae96f700b595,0x6131b5fae19ea4f9d964eac0408e4408b66337b5,2026-08-14T22:12:06,large_erc20_profit_to_sender;large_erc20_asset_flow;complex_trace,0xe21fd0e9,true
25753743,0xb864654eac65742e6200983ca1953ac03b7cf432d8e11254b7cf3ba1cac0c29e,0xdadb0d80178819f2319190d340ce9a924f783711,0xfeeeeee44046c3f61a8cc081e0918ef0de0a7ffc,2026-08-14T22:12:06,selfdestruct_context,0x6a7f1fef,true
25753743,0xc443765d14770630525f3d93600930599cdc38d7781b0296646173794e683d29,0x4337001fff419768e088ce247456c1b892888084,0x0000000071727de22e5e9d8baf0edac6f37da032,2026-08-14T22:12:06,privileged_execution_context;complex_trace,0x765e827f,false
25753744,0x075aeefb3acf68bdfd46c9559465c78d1f68a203c750877f4ef910693150fc05,0x5f7a4c11bde4f218f0025ef444c369d838ffa2ad,0x28b40fc9dde267a91ed739961042ca34d5a1db2a,2026-08-14T22:12:09,privileged_execution_context,0x1d5a80d5,true
25753744,0x330349556b67543ea6a5c6a1f898756bc154311bfe9d43e21d0e9ea44294c933,0x2c4aeff11a0c0e1973cae3809b145d35798c6521,0x91ff8bbd8ebb07893010d50a48a1609e5ebd8e34,2026-08-14T22:12:09,complex_trace;high_gas_used_context,0x069d1525,false
25753744,0x6d28f8eee253d0e6bd3ba21dec96c8e4f8fa5fa9188cfd850790377d9e7a91c0,0x5f7a4c11bde4f218f0025ef444c369d838ffa2ad,0x28b40fc9dde267a91ed739961042ca34d5a1db2a,2026-08-14T22:12:09,privileged_execution_context,0x1d5a80d5,true
25753744,0x9f5a9f8d90ba8986efc24876624ec19f6de20565617d6babda0a3be6f1fc3cea,0x5f7a4c11bde4f218f0025ef444c369d838ffa2ad,0x28b40fc9dde267a91ed739961042ca34d5a1db2a,2026-08-14T22:12:09,privileged_execution_context,0x1d5a80d5,true
25753744,0xe9878e13ec2aec6090ddbfcec21093811a7da213b3e426ae78afbbb2ac681ef3,0x5f7a4c11bde4f218f0025ef444c369d838ffa2ad,0xec41f66d7c94e52ac49110d286bcba500182ce42,2026-08-14T22:12:09,privileged_execution_context,0xf2fde38b,false
25753745,0x3125b937c2b4c92345e4d81930a300a726b4f7556c805ffa6a0e301f41c2a067,0x7b49bc3ebbdf7322f31c6449320382bbec3be1b6,0xad3b67bca8935cb510c8d18bd45f0b94f54a968f,2026-08-14T22:12:24,complex_trace;token_activity_burst;approval_burst,0x146ee74d,false
25753745,0x865a7d4bb76927698b395bd690112489c0b0f418235f8b202a226aaa3a296962,0xc6acbee42e9e323140c1ed060c2f6ea9cc3b4b75,0x7c5a71c9fefbc7691f9d4ac7baf70c743792f716,2026-08-14T22:12:25,selfdestruct_context,0xf3fef3a3,true
25753745,0xa7a71cfef433c2c0d30fdd967f000191730f9a7379dea43b075945d4dcf37ef4,0xe99bd1c2dd70cd58e5efd47887991700e7318ce2,0xad3b67bca8935cb510c8d18bd45f0b94f54a968f,2026-08-14T22:12:26,complex_trace;approval_burst,0x146ee74d,false
25753745,0x193c787210ed2dcc8362ec9e1e8967b3a3feed4f1e9e16c83840f11014717fb5,0x9082126715cad42793c89b5bd60691834cbb7900,0x774b9655413c34809c1f1b16b654465a89ebe989,2026-08-14T22:12:27,large_erc20_asset_flow;complex_trace,0xac9650d8,true
25753745,0x15dcb81a76b3267297ec4502e0fa568c3e3a9fb016b8d541de87a3e0d80df37c,0x59aab1bd0d26290274398c07b55955c15425e16b,0x00fe78205f5f0e63b8ad2b2ae5337f538a610e04,2026-08-14T22:12:28,complex_trace;high_gas_used_context;token_activity_burst,0x34fcd5be,false
25753745,0x3ff7ca1ba7e59ceb96aec7f0aa8377b083405879f1de04384d427fd787952f35,0xdda3b51e29f9d6fad865c5dd7070d5f7eb57663e,0x8d8210a0252a706cb5de0c6f8e46b6d3692afc19,2026-08-14T22:12:28,complex_trace;high_gas_used_context,0xffc3a769,false
25753745,0xfd26ab02d00a698c0554fe1486c812adf99c4a505656162bb475a74848055d88,0x59aab1bd0d26290274398c07b55955c15425e16b,0x00fe78205f5f0e63b8ad2b2ae5337f538a610e04,2026-08-14T22:12:28,complex_trace;high_gas_used_context,0x34fcd5be,false
25753745,0xffe623d9b63fd023e15681aa3c6269bc495e88c84ce1b340efb9f64bcc6bf35e,0x708704d33ace3dafbed28f150a56ce9d124b1ef8,0x214c19fbcdfb683f2c726b4bbaf24ab483bfadf3,2026-08-14T22:12:29,large_erc20_asset_flow;complex_trace,0x1b1062b8,true
25753745,0x49b1575a0b316f5ea2018881ed577acc1b236b06b1a9c9ef4a9367bf6abc3103,0x8099739ad8caafae5e619a2842f5b8c5fac58b2d,0xf3cd1e9326d1965935b287b1ee75c7183359a88a,2026-08-14T22:12:30,privileged_execution_context,0xb5e7a8b9,false
25753745,0x786f3b2122880da74c369ea63868219f57f3ef435ea4627f3bbf151574aed0bd,0x4838b106fce9647bdf1e7877bf73ce8b0bad5f97,0xfeeeeee44046c3f61a8cc081e0918ef0de0a7ffc,2026-08-14T22:12:30,selfdestruct_context,0x6a7f2007,true
25753746,0x0fceb61eb76641e12090ccc65a2d356745e7d0bdb8b870bdc5f630d78ee6f741,0x70e59f9c304e4d5096bd408b571e2dcd99c3120b,0xad3b67bca8935cb510c8d18bd45f0b94f54a968f,2026-08-14T22:12:39,large_erc20_asset_flow;complex_trace;high_gas_used_context;token_activity_burst;approval_burst,0x146ee74d,true
25753746,0x752b99a8b77bbbfd4e64debc33f73163330b3a98b7ecb825dfbadcd65830f2a7,0x4838b106fce9647bdf1e7877bf73ce8b0bad5f97,0xfeeeeee44046c3f61a8cc081e0918ef0de0a7ffc,2026-08-14T22:12:39,selfdestruct_context,0x6a7f2013,true
25753746,0xb25a7534a74caa73264b4cc83a8e790ef095e63f6bc78252a8e6c3c3ec91bc25,0x080ccea8654fd4ff80b81e46cff2278689d88fb0,0x774b9655413c34809c1f1b16b654465a89ebe989,2026-08-14T22:12:39,large_erc20_asset_flow;complex_trace,0xac9650d8,true
25753747,0x5d0d04b4cb15fd4733c45f7a11d5ed41fe7887578d9d7cdd0d001d63a069e0be,0xed71bf321adee8b8fed1effa2f3794a066668888,0x846f42188a9d3ff084a2cff7336b7ba4eadd9bff,2026-08-14T22:12:53,large_erc20_asset_flow;complex_trace;high_gas_used_context;token_activity_burst;approval_burst,0xe9678270,true
25753747,0xb2241521d410d2f0893b65eafb1a95ed01764fc6422b22c3734d2ed43525b19f,0x7830c87c02e56aff27fa8ab1241711331fa86f43,0xa9d1e08c7793af67e9d92fe308d5697fb81d3e43,2026-08-14T22:12:53,dense_internal_fund_flow,0x1a1da075,true
25753747,0x6a510b8a0067f228ff4603dc195240d39cffc8758ccec4de6c3b8a5b75633b0e,0x9082126715cad42793c89b5bd60691834cbb7900,0x774b9655413c34809c1f1b16b654465a89ebe989,2026-08-14T22:12:54,large_erc20_asset_flow;complex_trace,0xd6bda0c0,true
25753747,0x038e1b4b5ce23acc6db7169887aa2a068c81f964ba88004408678868cd90907a,0x80d04079ffc53eb14edbeeb37279d126f45552df,0x19f0095225a277f6c5674083c17db0bcc33c212c,2026-08-14T22:12:55,repeated_internal_token_drain;dense_internal_fund_flow;complex_trace;high_gas_used_context;token_activity_burst;repeated_risky_internal_calls,0x8aaa8f3b,true
25753747,0x20d01045f1760459e8c9855f3f183617587b495ddc89c72ed4e59b44806805ff,0x59aab1bd0d26290274398c07b55955c15425e16b,0x00fe78205f5f0e63b8ad2b2ae5337f538a610e04,2026-08-14T22:12:55,repeated_internal_token_drain;dense_internal_fund_flow;complex_trace;high_gas_used_context;token_activity_burst;repeated_risky_internal_calls,0x34fcd5be,true
25753747,0x7e35ff7f595c0aa35a169f09735d0d4655a3a37d3a51a2618f2adcb1e3f4c7ef,0x5609bb231ec547c727d65eb6811ccd0c731339de,0xf4e147db314947fc1275a8cbb6cde48c510cd8cf,2026-08-14T22:12:56,privileged_execution_context,0x760d0f9d,false
25753747,0xc7122740689225f483578dbd1ad4b3206fad19f4617f8e45d29f432db5eac266,0xddca3f160caaee6f352fb1bbae584b292c952454,,2026-08-14T22:12:56,large_mint_to_sender;contract_creation_context,0x60806040,true
25753748,0x347e69fbfc3a8cceccc796cffbbb7942cf1366a17c0ba1c2d38f5f8d4d9fde26,0xb88842d381592429cada3b3475efd61eaff2751d,0xec4fb7e7c35c241e1138a2d8cfbb09f3ad1ccb22,2026-08-14T22:13:05,large_erc20_asset_flow;complex_trace,0x349fc6bf,true
25753749,0xd5ca7f8b1ac57c2340ecba862477e046d78e8b5a048ba501ae0c51d908817b9d,0xbb975da3eb2e84328b54ca00bffd695626354128,0x91ff8bbd8ebb07893010d50a48a1609e5ebd8e34,2026-08-14T22:13:19,complex_trace;high_gas_used_context,0x069d1525,false
25753749,0x2f56b4cc8b884e50212507f5875b3295a7e0c199ce45cc6a01624bf7d9648f6e,0xb11510feac8ed167449312d5489e711ac16a7397,0xafc5a354a159dc900bb9ea1082d3e20a3cd65026,2026-08-14T22:13:20,very_complex_trace;high_gas_used_context,0x7a4d4b20,false
25753749,0x5e634fdd1c520151b6fbd86f1b0b6b20df98a3c304c7254abbf0ce7a35cd4325,0x080ccea8654fd4ff80b81e46cff2278689d88fb0,0x774b9655413c34809c1f1b16b654465a89ebe989,2026-08-14T22:13:20,large_erc20_asset_flow;complex_trace,0xd6bda0c0,true
25753749,0x51d5a2c83049ca8c3a432e6cef69e5a67bb5597e7fff0815522ee16984c6f000,0x9db83c71748ee9820311f0d277d0da5abd5bdc25,0x53e82abbb12638f09d9e624578ccb666217a765e,2026-08-14T22:13:21,large_erc20_asset_flow;complex_trace,0xf968a86b,true
25753749,0xb987d4a44c5a7a640e8f5121ab8aafe9229c8ee7b7d64ce0815581ae7b23cf55,0x67b94473d81d0cd00849d563c94d0432ac988b49,0x86e4dc95c7fbdbf52e33d563bbdb00823894c287,2026-08-14T22:13:21,complex_trace;high_gas_used_context,0x4e43e495,false
25753749,0xc7871919c4e7a6a1dd3c687fe4ad124e43ed718013b06370f0de9cdd6acfedd4,0x48f07c16cbd5f12939e1ab24b8a23d161d6c3596,0x0000000071727de22e5e9d8baf0edac6f37da032,2026-08-14T22:13:21,complex_trace;high_gas_used_context;token_activity_burst,0x765e827f,false
25753749,0x15c9552ecba8e472621166eb609e300c15a49f6b482e9a49fc94e1565963aa19,0x4838b106fce9647bdf1e7877bf73ce8b0bad5f97,0xfeeeeee44046c3f61a8cc081e0918ef0de0a7ffc,2026-08-14T22:13:22,selfdestruct_context,0x6a7f2037,true
25753750,0xb6e36e0a70f96c6059dc4681ed55a7429eef02d792f46b78827cd5d41984ab6a,0x5f7a4c11bde4f218f0025ef444c369d838ffa2ad,0x774892bf190784bf353ab4714fc09d2daa8bacc0,2026-08-14T22:13:29,privileged_execution_context,0xf2fde38b,false
25753750,0x4b3f17226f787304b9d812e3288152115991219fba375f62e5ff35c80257c955,0x54632df3db2f9203caeffe46dd9ae9360b1eb200,0x75d9ef48e30bcb0b658c1d387233fb52ebf9a4fe,2026-08-14T22:13:30,complex_trace;high_gas_used_context,0xf6dbcb18,false
25753750,0x5fc1b2c0a02ad506e94a6c774154f4465a92c6e279f09b3e583e1ec1e5efea43,0x70e59f9c304e4d5096bd408b571e2dcd99c3120b,0xad3b67bca8935cb510c8d18bd45f0b94f54a968f,2026-08-14T22:13:30,dense_internal_fund_flow;complex_trace;high_gas_used_context;token_activity_burst;approval_burst,0x146ee74d,true
25753750,0x86f740cb22dcac7f667d0c408d45ce778c425f56a6e6ad53b26646840418dba9,0x9729585607568dcbf1f5f3802afbf5b221702932,0x6ed60864fb8fb610a65af5d16cef272548bc64d6,2026-08-14T22:13:30,complex_trace;high_gas_used_context;token_activity_burst,0xe32bbc9e,false
25753750,0xa29a65753abb1b30c9b76fbdd04387c7b5dd309a30fc2f4fa8d2ae1d6b5b90af,0x5f7a4c11bde4f218f0025ef444c369d838ffa2ad,0x7e8c21ea0fd3e97e1600051ca51c2bca8656ea1a,2026-08-14T22:13:30,privileged_execution_context,0xf2fde38b,false
25753750,0xb8ff7f92332104bdf016aadb15341f690e5f99d202e185e676f8177acd7122bc,0x5f7a4c11bde4f218f0025ef444c369d838ffa2ad,0x069390893301725489f8105d6c79c20c6f70a74c,2026-08-14T22:13:30,privileged_execution_context,0xf2fde38b,false
25753750,0x6e31efc843ca2c919c80d1524bf0acb430ccd943c2b75bda723d300f08555dd6,0x4838b106fce9647bdf1e7877bf73ce8b0bad5f97,0xfeeeeee44046c3f61a8cc081e0918ef0de0a7ffc,2026-08-14T22:13:32,selfdestruct_context,0x6a7f2043,true
25753750,0x9851c7b1928ffdbd7e019d71f30d9edf1a7612072d90e1e1bbac1685e349ef82,0x4838b106fce9647bdf1e7877bf73ce8b0bad5f97,0xfeeeeee44046c3f61a8cc081e0918ef0de0a7ffc,2026-08-14T22:13:32,selfdestruct_context,0x6a7f2043,true
25753750,0xcb12fcca1783ca1a79d21d78c589e1c80dd354593d27a01a3a6a277700d23c7b,0x59aab1bd0d26290274398c07b55955c15425e16b,0x00fe78205f5f0e63b8ad2b2ae5337f538a610e04,2026-08-14T22:13:32,complex_trace;high_gas_used_context,0x34fcd5be,false
25753751,0x3139bde8d3ea030266e5db58cdf2e4c5a91cd6f83588449523cf59aa8633e6a6,0xac0e67aaaa15dc791153b64df4a9d121dce797e5,0x0000000000000068f116a894984e2db1123eb395,2026-08-14T22:13:39,complex_trace;high_gas_used_context;token_activity_burst,0x87201b41,true
25753751,0x5e6d7ff3635e39f1d8359bc085e008a27bef13236e13b9e797e3fe8a73d7cdaf,0xf5ff310982d58ddc813c541a64b8c4f3f5035e58,0x6131b5fae19ea4f9d964eac0408e4408b66337b5,2026-08-14T22:13:41,large_erc20_asset_flow;complex_trace,0xe21fd0e9,true
25753751,0x99370cf0657acbaf15cab4d2aa3f4225021af32f5c82ed8c5c9ba2f902036865,0xbd554f774bc3101201a380ea03cc2bef18135a07,0x4b47d7291664beb43e03588e2698e10ba2cd21b3,2026-08-14T22:13:41,complex_trace;high_gas_used_context,0x9eb723c7,false
25753751,0xb4bce3a881be35c55e2f7ecc18b8692f8918ff639a71fc969bfcfd46ef1ea6e9,0x7830c87c02e56aff27fa8ab1241711331fa86f43,0xa9d1e08c7793af67e9d92fe308d5697fb81d3e43,2026-08-14T22:13:41,large_erc20_asset_flow,0xca350aa6,true
25753751,0xd49bd1022297b445281250aaf0339ad9f9e77a2b1148da9f9c925f58321d1ffe,0xc6acbee42e9e323140c1ed060c2f6ea9cc3b4b75,0x7c5a71c9fefbc7691f9d4ac7baf70c743792f716,2026-08-14T22:13:41,selfdestruct_context,0xf3fef3a3,false
25753751,0xdba6e96cced9d848e3c6aead5bfb0252e4e04efeec65841d5a4a103129520b7d,0x5f7a4c11bde4f218f0025ef444c369d838ffa2ad,0x28b40fc9dde267a91ed739961042ca34d5a1db2a,2026-08-14T22:13:41,privileged_execution_context,0x1d5a80d5,true
25753751,0x0e14c6c1eefe031ed0eca271f18bb4ec14af9fdc611a38831e252a2ed6acb724,0xe469ee44d92bb173b7edc576ebb09da55dbfe32e,0x4337084d9e255ff0702461cf8895ce9e3b5ff108,2026-08-14T22:13:42,complex_trace;high_gas_used_context;token_activity_burst,0x765e827f,false
25753751,0x2487d4a06f31c83b83a0702c1221b32b41fffcc65a29901fa07ba99e30ac4a80,0x07ae8551be970cb1cca11dd7a11f47ae82e70e67,0x6c96de32cea08842dcc4058c14d3aaad7fa41dee,2026-08-14T22:13:42,large_erc20_asset_flow;complex_trace,0xc7c7f5b3,true
25753751,0x4bc05083cf8b2664b89b274508e26d61fb021e64981038201a1edcc806f06999,0x50bf934781f63028c5c8ef49c4affe19a86d99b6,0x8d04cc7e86e687854eb41d9d43512b655b93184b,2026-08-14T22:13:42,selfdestruct_context,0xb5291b32,false
25753752,0x9e36bb046fac055904b2e95ebe4d4757bfe86bc11fe90480de204c02f76a4792,0x7830c87c02e56aff27fa8ab1241711331fa86f43,0xa9d1e08c7793af67e9d92fe308d5697fb81d3e43,2026-08-14T22:13:52,dense_internal_fund_flow,0x1a1da075,true
25753752,0x9fe0b7c4cd0f13025401b0b58451754c941e406ff6ed5cdba4411fe2aa32117d,0x96c4af8a6634f1dd8d50d7e373a44852a511487b,0xbf53ee1460b9ae3d46ca46a5f2a00aa2d3b9c9ca,2026-08-14T22:13:55,privileged_execution_context,0xc6fe8747,false
25753752,0xaedae03ea6aa3d85619b646388ff9989e37ddbe004a868812a288145c3fc3370,0x29ebbc872ce1af08508a65053b725beadba43c48,0xf4e147db314947fc1275a8cbb6cde48c510cd8cf,2026-08-14T22:13:55,large_erc20_asset_flow;complex_trace,0x0bf5d35e,true
25753752,0xeca1860b6311c4ec1bf9226a45d16a21034cd7437559dfd6a0abf443b1a12708,0x4838b106fce9647bdf1e7877bf73ce8b0bad5f97,0xfeeeeee44046c3f61a8cc081e0918ef0de0a7ffc,2026-08-14T22:13:56,selfdestruct_context,0x6a7f205b,true
25753753,0x8ad0b4448a9b5397587f3ee63993dde18a4af1215a2bd54cb253328d28a91801,0x4337011463ef6bd863e47e7b5e743d2522261131,0x4337084d9e255ff0702461cf8895ce9e3b5ff108,2026-08-14T22:14:06,dense_internal_fund_flow;complex_trace,0x765e827f,true
25753753,0xaa4a2cb219a273f4fb2400a335e04141440bb38d92082d2e2e14d12e52b2e833,0x1feed341f68ae6812b30e139ab074182ea4e3830,0x9e9110cfd24cd851ea5bc73a27975b33e308f9e1,2026-08-14T22:14:06,large_erc20_asset_flow;complex_trace;high_gas_used_context,0xeb7499cf,true
25753753,0xed36569d8ee1a21258fdbd0e81557da17c12aa1b2f93f5e3c77f8266b37fdc30,0xb23360ccdd9ed1b15d45e5d3824bb409c8d7c460,0x09c30cdcdd971423cb3ba757a47d56c35d06d818,2026-08-14T22:14:06,dense_internal_fund_flow,0x318adb8b,true
25753753,0xfc45eec1b5930a4e6382f2bbde4265d0fcd5213bcceca01b72b95d0bb00fdd42,0x080ccea8654fd4ff80b81e46cff2278689d88fb0,0x774b9655413c34809c1f1b16b654465a89ebe989,2026-08-14T22:14:06,large_erc20_asset_flow;complex_trace,0xd6bda0c0,true
25753753,0x4b75d23dfd35c340ed0c08164c5f084af98c85f5fed26eb79bdf6f71af066e2d,0x1584a8ee67789d1fe161065388657ad2f2a3c7dd,0x77eb52e44db06777bce478159f25c0d55a295314,2026-08-14T22:14:07,repeated_internal_token_drain;dense_internal_fund_flow;complex_trace;high_gas_used_context;token_activity_burst;repeated_risky_internal_calls,0xa9059cbb,true
25753753,0xa05ad32e1c196ffbd3a11d0f002926900cebb356c4d6617b1e70dbcd4d85c4d3,0x96c4af8a6634f1dd8d50d7e373a44852a511487b,0xbf53ee1460b9ae3d46ca46a5f2a00aa2d3b9c9ca,2026-08-14T22:14:07,privileged_execution_context,0xc6fe8747,false
25753753,0xf992df371800f30bdd484d3267e0cea9bc3d648812997b5fb2065e2375eefec3,0x9fc3da866e7df3a1c57ade1a97c9f00a70f010c8,0xfeeeeee44046c3f61a8cc081e0918ef0de0a7ffc,2026-08-14T22:14:08,selfdestruct_context,0x6a7f2067,true
25753754,0x3f244b4d2a2ed7878ef07ef5f8a65400334bafd3878e8cb28d8d97415f8408e9,0xfe377d0171ad1617af848ebd20dd59e09af87bd9,0xb62093c8dd041c758b7062f755f4975189f3e0af,2026-08-14T22:14:16,dense_internal_fund_flow;complex_trace,0x0965d04b,true
25753754,0x73619025e521c3b1fa49563faaf95f21174de6b91be8c46664a51e38bc1411ab,0x50bf934781f63028c5c8ef49c4affe19a86d99b6,0x8d04cc7e86e687854eb41d9d43512b655b93184b,2026-08-14T22:14:16,dense_internal_fund_flow;complex_trace;selfdestruct_context,0x4a1bf18a,true
25753754,0x08570d3fdbade0ad78dfbbb855f7eef5191071d61ffee3832348c66c1b2bf0cf,0xffba56c4de95cd6ea5721f3b33639300a3a89f0f,0x6c96de32cea08842dcc4058c14d3aaad7fa41dee,2026-08-14T22:14:17,large_erc20_asset_flow;complex_trace,0xc7c7f5b3,true
25753754,0x80c1c351f2919d9c23fef4fe3d9e864cf57ec29595d0f9fb5cd7464e604cb635,0x4838b106fce9647bdf1e7877bf73ce8b0bad5f97,0xfeeeeee44046c3f61a8cc081e0918ef0de0a7ffc,2026-08-14T22:14:18,selfdestruct_context,0x6a7f2073,true
25753755,0x0532284c6a5f58e1cb8d7909643007abe0164259e117a9386df9365443c60616,0xdf8adfe10d4a4d9f0fc4d3e377a6e8d5730eb40c,0x06cff7088619c7178f5e14f0b119458d08d2f5ef,2026-08-14T22:14:26,large_erc20_asset_flow;complex_trace,0x99999999,true
25753755,0x3712edc46b8f7f2a332927b2e3f32a631dc7791bf58a22428ed378d59d89ece3,0xca7ded7e4f4ba8ab3b10009236ae6d1b95094589,0xb92fe925dc43a0ecde6c8b1a2709c170ec4fff4f,2026-08-14T22:14:26,complex_trace;high_gas_used_context,0xcd6e13f7,false
25753755,0xd78c385e33d15a657e391b3447b2d5745adf697e2a609883b27effb6685d5e19,0x767d978ca0c2dfce9d18b98bb553c98ddd55e1c1,0x0000000000001ff3684f28c67538d4d072c22734,2026-08-14T22:14:28,complex_trace;high_gas_used_context,0x2213bc0b,false
25753755,0xb7ea3df4aaf94611be774d9b24fe2bd025d950e20a1a97cf34c2f7f869a43add,0x50bf934781f63028c5c8ef49c4affe19a86d99b6,0x8d04cc7e86e687854eb41d9d43512b655b93184b,2026-08-14T22:14:29,selfdestruct_context,0xd20b83bb,false
25753756,0x2e1855c9501dd7ef7bfea2551665ff308b109391a078664fb3185e0ba3304f36,0x5f7a4c11bde4f218f0025ef444c369d838ffa2ad,0x28b40fc9dde267a91ed739961042ca34d5a1db2a,2026-08-14T22:14:34,privileged_execution_context,0x1d5a80d5,true
25753756,0x13b7bf0da096b42303df6d9b8a502e6dd70b6fca2246d7648683be78d796a3a0,0x4838b106fce9647bdf1e7877bf73ce8b0bad5f97,0xfeeeeee44046c3f61a8cc081e0918ef0de0a7ffc,2026-08-14T22:14:35,selfdestruct_context,0x6a7f208b,true
25753756,0xc456ccbff7a2062ab6b2c9658283bc5be9cd5d7e4b1a75926d1089f18cb17aa6,0x9fc3da866e7df3a1c57ade1a97c9f00a70f010c8,0xfeeeeee44046c3f61a8cc081e0918ef0de0a7ffc,2026-08-14T22:14:35,selfdestruct_context,0x6a7f208b,true
25753757,0x8792254c9873149e68ac6f147884dfe18eee44cea7800e28fc100efef877410d,0x7830c87c02e56aff27fa8ab1241711331fa86f43,0xa9d1e08c7793af67e9d92fe308d5697fb81d3e43,2026-08-14T22:14:44,dense_internal_fund_flow,0x1a1da075,true
25753757,0x9098daa9208415f90e2938cd82fb633e3b16ec098005d4ebaa0507b054034148,0x7830c87c02e56aff27fa8ab1241711331fa86f43,0xa9d1e08c7793af67e9d92fe308d5697fb81d3e43,2026-08-14T22:14:44,large_erc20_asset_flow,0xca350aa6,true
25753757,0xe062a563c3728afffe369e66da26d5315968b6e96aefc3d543708d11a7b4b2c6,0xca7ded7e4f4ba8ab3b10009236ae6d1b95094589,0xb92fe925dc43a0ecde6c8b1a2709c170ec4fff4f,2026-08-14T22:14:44,complex_trace;high_gas_used_context;token_activity_burst,0xcd6e13f7,false
25753757,0x53d0470951f96064ab891ce6d54bf6a8dee3f152962c6b338ac0b25854897454,0x1feed341f68ae6812b30e139ab074182ea4e3830,0x9e9110cfd24cd851ea5bc73a27975b33e308f9e1,2026-08-14T22:14:45,large_erc20_asset_flow,0xeb7499cf,true
25753757,0x6e1ff1f76dc3ebfc8c1e5537e72e88f1db37d2f2a28ad78737737439394a938f,0x5f7a4c11bde4f218f0025ef444c369d838ffa2ad,0x28b40fc9dde267a91ed739961042ca34d5a1db2a,2026-08-14T22:14:45,privileged_execution_context,0x1d5a80d5,true
25753757,0x8b5c1babf1e661e3f2962cd68f4881eacf3bc68f2d53df9c306744f14a24eaf1,0x4337003fcd2f56de3977ccb806383e9161628d0e,0x0000000071727de22e5e9d8baf0edac6f37da032,2026-08-14T22:14:45,privileged_execution_context;complex_trace,0x765e827f,false
25753757,0x92e94840bb163bc6d5e81080e975d83c19ba7493b9883b62ced404df124c72fe,0x5f7a4c11bde4f218f0025ef444c369d838ffa2ad,0x28b40fc9dde267a91ed739961042ca34d5a1db2a,2026-08-14T22:14:45,privileged_execution_context,0x1d5a80d5,true
25753757,0x6c61d201841c47f12472b1fb7e72b867b683d80713df9aeaf0a134609da5f121,0xddcd0d178587cf11529067ada8189abecd39cdd1,0x6566194141eefa99af43bb5aa71460ca2dc90245,2026-08-14T22:14:46,large_erc20_asset_flow,0x374f435d,true
25753757,0xd7fecaed6b6da49e5ba15cc7786bcf82d7f6c600d181a122863fb0967ee3179f,0x4838b106fce9647bdf1e7877bf73ce8b0bad5f97,0xfeeeeee44046c3f61a8cc081e0918ef0de0a7ffc,2026-08-14T22:14:48,selfdestruct_context,0x6a7f2097,true
25753758,0x2dc53bb13ebb3d5b83987e92eb06a39388da8814a85fbe756ffa9533cc7096fb,0xada5bb90d0de0bd1b6f3938708f49295a8d1f7cb,0xca11bde05977b3631167028862be2a173976ca11,2026-08-14T22:14:55,dense_internal_fund_flow;complex_trace,0x174dea71,true
25753758,0xc3cb1be894257defa7edc1a5605819d51db2f368b30eb144cabcb802b58929ab,0xbe0b407782a7599380fa726db315340126d62229,0x4d2fb5f8ec243fde4df1a9678b82238570c7e0e4,2026-08-14T22:14:55,repeated_internal_token_drain;dense_internal_fund_flow;complex_trace;high_gas_used_context;token_activity_burst;repeated_risky_internal_calls,0x6a761202,true
25753758,0x841ce3f4a40d1a10ce7421565ab642ea7ccd343e3dacd43fe59794403472b38b,0x5f7a4c11bde4f218f0025ef444c369d838ffa2ad,0x524ce531eb216d5921f257452cdd50140ce6814f,2026-08-14T22:14:57,privileged_execution_context,0xf2fde38b,false
25753758,0xd6c17ce6bcecb3915db09bea1f256131c6abc36fa95cf95800907ec0b9d41ab6,0x4838b106fce9647bdf1e7877bf73ce8b0bad5f97,0xfeeeeee44046c3f61a8cc081e0918ef0de0a7ffc,2026-08-14T22:14:58,selfdestruct_context,0x6a7f20a3,true
